gene,log2FC,p
Xkr4,0.0,1.0
Gm1992,0.0,1.0
Rp1,0.0,1.0
Sox17,0.0,1.0
Mrpl15,0.097526774,0.12193667
Lypla1,-0.029759072,0.55117357
Gm37988,0.0,1.0
Tcea1,-0.021015882,0.8071136
Rgs20,0.0,1.0
Gm16041,0.0,1.0
Atp6v1h,0.0056699365,0.8592294
Oprk1,0.0,1.0
Rb1cc1,-0.052109957,0.3438419
4732440D04Rik,0.016517017,0.5375946
St18,0.0037251064,0.7771617
Pcmtd1,0.012593985,0.9023123
Gm26901,0.008036207,0.5804858
Sntg1,0.0,1.0
Rrs1,0.038276333,0.14541376
Adhfe1,0.0,1.0
3110035E14Rik,0.008574358,0.5544577
Mybl1,-0.004567265,0.42264965
Vcpip1,0.09381432,0.2267479
1700034P13Rik,0.0,1.0
Sgk3,-0.011201199,0.82568747
Mcmdc2,0.0,1.0
Snhg6,-0.0370166,0.7706922
Tcf24,0.0,1.0
Ppp1r42,0.0,1.0
Cops5,0.059189007,0.30204204
Cspp1,0.03906831,0.52988446
Arfgef1,-0.014809608,0.85765487
Cpa6,0.0,1.0
Prex2,-0.018620297,0.24332665
A830018L16Rik,0.0,1.0
Sulf1,-0.011340265,0.42264977
Slco5a1,0.0,1.0
Ncoa2,0.039758667,0.5114507
Gm29570,0.0,1.0
Tram1,-0.13110277,0.2831328
Lactb2,0.0011425242,0.97840345
Xkr9,0.0,1.0
Eya1,0.01904732,0.4226497
Gm9947,0.0,1.0
Msc,0.0147500485,0.4226497
Kcnb2,-0.0126042375,0.42264977
Terf1,-0.033063374,0.702722
Sbspon,0.0,1.0
4930444P10Rik,0.006637106,0.4226497
Rpl7,-0.08606839,0.36686847
Rdh10,0.008908451,0.7177629
Stau2,0.018223897,0.57461435
Gm7568,0.0,1.0
Ube2w,0.042961493,0.28506172
Tceb1,0.05068004,0.21643893
D030040B21Rik,0.0,1.0
Tmem70,0.0071759447,0.77916825
Ly96,-0.052428342,0.40803865
Jph1,0.0,1.0
Gdap1,-0.005531991,0.4226497
Pi15,0.0,1.0
Gm16070,0.0,1.0
Crispld1,0.0,1.0
Tfap2b,0.0,1.0
Il17a,0.10615444,0.36010313
Il17f,0.02494138,0.4226497
Mcm3,0.013617218,0.77439004
6720483E21Rik,0.0,1.0
Paqr8,0.0026927143,0.85701
Efhc1,0.0,1.0
Tram2,0.012761597,0.09164532
Tmem14a,-0.0017481614,0.9463466
Gsta3,0.014985092,0.4226497
Gm28836,0.0,1.0
Kcnq5,-0.020801643,0.2033084
Rims1,0.0,1.0
Gm27028,0.0,1.0
Gm29107,-0.010484234,0.42264977
Ogfrl1,0.061149135,0.4190163
B3gat2,0.0,1.0
Smap1,0.104482144,0.31309044
Sdhaf4,-0.0011077821,0.9853213
Fam135a,0.011906404,0.5215415
Col9a1,0.0,1.0
Col19a1,0.0,1.0
Lmbrd1,-0.03434264,0.37052807
Adgrb3,0.0,1.0
Gm597,0.0,1.0
Phf3,0.052809894,0.74522996
Ptp4a1,-0.15275002,0.1604962
Khdrbs2,0.0,1.0
Gm5415,0.0,1.0
Gm37724,0.0,1.0
Prim2,0.019144239,0.64556444
Rab23,0.01171672,0.3956499
Bag2,-0.012360468,0.42264965
Zfp451,0.03749731,0.34600228
Bend6,0.00721761,0.4226497
Dst,0.022747815,0.6038364
Gm37233,0.00527434,0.42264965
Ccdc115,0.06760596,0.40360013
Gm28306,0.0,1.0
Imp4,0.039141744,0.1951323
Ptpn18,-0.10097182,0.31023303
4930568A12Rik,0.0,1.0
Prss39,0.0,1.0
Amer3,0.0,1.0
Arhgef4,0.042328894,0.01337347
Gm38336,0.0,1.0
Fam168b,-0.048565388,0.36887178
Plekhb2,-0.040750846,0.56502885
1110002O04Rik,0.0,1.0
Hs6st1,-0.05037406,0.118279964
Gm37335,0.0,1.0
Gm33280,0.0,1.0
Uggt1,0.051745474,0.21183024
Neurl3,-0.004619062,0.9775279
Arid5a,0.20031369,0.2312699
4930403P22Rik,0.010396402,0.38269374
Kansl3,0.091018364,0.083355725
Lman2l,0.05438166,0.31569666
Cnnm4,-0.04499829,0.46138087
Cnnm3,0.040162772,0.48050615
Gm38033,0.0,1.0
Ankrd23,0.0,1.0
Gm43543,0.0,1.0
Ankrd39,-0.041974492,0.064530775
Sema4c,0.0011027809,0.9571276
Fam178b,0.0,1.0
Cox5b,0.20710117,0.031000307
Actr1b,1.7285347e-06,0.99996614
4933424G06Rik,0.0,1.0
Zap70,0.07292971,0.49385402
Tmem131,-0.040583134,0.45319468
Vwa3b,-0.005959599,0.4226497
Inpp4a,0.06023206,0.07102006
Coa5,0.05645258,0.42227888
Unc50,0.014181942,0.8886219
Mgat4a,0.08664499,0.116768196
2010300C02Rik,0.039146177,0.4090022
4930556I23Rik,0.012069266,0.4226497
Tsga10,0.034786582,0.014082938
Lipt1,0.0,1.0
Mitd1,0.067523286,0.39322793
Mrpl30,0.2411539,0.09740635
Lyg2,0.0,1.0
Txndc9,0.0783734,0.29948172
Eif5b,0.033382863,0.7307306
Rev1,0.00088618323,0.978715
Aff3,-0.042466577,0.21087936
Gm16150,0.0,1.0
Gm16152,-0.019347463,0.37869397
Lonrf2,0.0,1.0
Chst10,0.039570488,0.3498821
Pdcl3,0.11177465,0.191162
Npas2,0.0,1.0
Rpl31,-0.18628252,0.19526571
Tbc1d8,0.018360153,0.46964723
Cnot11,-0.00052113086,0.98965883
Rnf149,0.0066585243,0.9584158
Creg2,0.004853252,0.42264965
D930019O06Rik,0.0,1.0
Rfx8,0.0,1.0
1700066B17Rik,0.0,1.0
Map4k4,0.010909677,0.91269004
Il1r2,-0.0055062226,0.42264965
Gm16894,0.0,1.0
Il1r1,-0.021158352,0.18543172
Il1rl2,0.0,1.0
Il1rl1,-0.051972397,0.42768008
Il18r1,0.0093179345,0.9573716
Il18rap,-0.059652932,0.447493
Slc9a4,0.0,1.0
Slc9a2,0.0,1.0
Mfsd9,-0.02703219,0.3219559
Tmem182,0.0,1.0
Gm29260,0.0,1.0
Gm9915,0.0,1.0
Pantr1,-0.02868638,0.18933506
Pou3f3,0.01619811,0.4956538
Dalir,0.0,1.0
Mrps9,0.017516568,0.6546435
Gpr45,0.0,1.0
Tgfbrap1,0.023387417,0.67945313
Gm28782,0.0,1.0
8430432A02Rik,0.0,1.0
AI597479,0.030677462,0.051847063
Fhl2,-0.007985165,0.7480606
Nck2,0.007951204,0.8768618
1500015O10Rik,0.0034515308,0.70840037
Gm29155,0.0,1.0
Gm29157,0.0,1.0
Gm29156,0.0,1.0
Uxs1,-0.036380284,0.50189614
Tpp2,0.110091865,0.27501106
Mettl21c,0.007412307,0.4226497
Gm8251,-0.0016233604,0.93675905
Tex30,0.015614063,0.8613206
Kdelc1,-0.0029181205,0.8403741
Bivm,-0.008389112,0.70008695
Ercc5,-0.010720506,0.8799379
Gulp1,0.0,1.0
Col3a1,0.0,1.0
Col5a2,0.0,1.0
Wdr75,0.06816227,0.3480726
Gm5269,0.0,1.0
Slc40a1,0.011906989,0.3570106
Dnah7b,0.0,1.0
Dnah7c,0.0,1.0
Slc39a10,-0.0049872436,0.8456194
Gm28151,0.0,1.0
Tmeff2,-0.0037360769,0.86275864
Gm28322,0.0,1.0
Gm29325,0.0,1.0
9330175M20Rik,0.0,1.0
Sdpr,0.0,1.0
1700072G22Rik,-0.011665254,0.4226497
Nabp1,-0.08808756,0.4670837
Myo1b,-0.0030485285,0.7940755
Stat4,-0.12501872,0.44447827
Stat1,0.17221463,0.55900145
Gls,-0.022851408,0.83838254
Nab1,0.01731956,0.8506719
Gm553,0.0,1.0
Tmem194b,-0.009582579,0.7464417
Mfsd6,-0.004346192,0.9138757
Inpp1,0.0031504184,0.9605516
Hibch,0.030481908,0.49715805
1700019D03Rik,-0.008332267,0.7413549
Mstn,0.0,1.0
1700019A02Rik,0.0,1.0
Pms1,-0.007970093,0.7880472
Ormdl1,-0.0005784035,0.9898668
Osgepl1,-0.0043616644,0.6629461
Gm28551,0.0,1.0
Asnsd1,0.10752979,0.050125666
Dnah7a,0.0,1.0
Stk17b,0.07518101,0.53651404
Hecw2,0.0,1.0
Ccdc150,0.0,1.0
Gtf3c3,-0.009997837,0.77449137
Pgap1,0.035673734,0.14340125
Ankrd44,-0.04811144,0.58088446
4930444A19Rik,-0.007229773,0.42264965
Sf3b1,0.199673,0.08450426
Coq10b,-0.12222725,0.23642275
Hspd1,0.10904622,0.47461516
Hspe1,-0.17799544,0.18736593
Mob4,-0.08106631,0.08618056
Rftn2,-0.02086021,0.26164457
Gm10561,0.0,1.0
Mars2,0.030520655,0.6242962
Boll,0.0,1.0
Plcl1,-0.006283495,0.65709054
Satb2,0.0,1.0
BC055402,0.0,1.0
4930558J18Rik,0.0,1.0
1700066M21Rik,0.007562861,0.6856713
Tyw5,-0.010772099,0.5163499
9430016H08Rik,0.015033454,0.6577213
Spats2l,0.0,1.0
Kctd18,-0.023606054,0.4605228
Sgol2a,0.0,1.0
Aox1,0.0,1.0
Aox3,0.0,1.0
Aox4,0.0,1.0
Bzw1,0.24716192,0.051586937
Clk1,0.09362495,0.44657376
Ppil3,0.014689282,0.8139301
Nif3l1,-0.010174798,0.29365948
Orc2,-0.011721365,0.82123834
Gm15834,0.005091832,0.4226497
Fam126b,-0.033641033,0.65854716
Ndufb3,-0.05175668,0.43181384
Als2cr12,0.0,1.0
Cflar,0.040742308,0.67632586
Casp8,-0.04361263,0.5138777
Trak2,0.0048015043,0.8569221
Stradb,0.029005958,0.11086217
Tmem237,0.004931392,0.836992
G730003C15Rik,0.018594569,0.42264977
Mpp4,0.0,1.0
Als2,0.009025029,0.66723126
Cdk15,0.0,1.0
Fzd7,0.012710571,0.4226497
Gm973,-0.012215766,0.42264965
Gm28411,0.0,1.0
Sumo1,0.03198695,0.86533225
Nop58,0.064133406,0.23880307
Bmpr2,-0.003582798,0.91878635
Fam117b,-0.039865866,0.48808986
Ica1l,0.0,1.0
Wdr12,-0.005380802,0.9352179
Carf,0.004724432,0.8626053
Nbeal1,-0.01666803,0.83060366
Cyp20a1,0.030695401,0.3378384
Abi2,-0.016241955,0.63567597
Raph1,-0.067213915,0.1327018
Cd28,0.37373328,0.041460205
Ctla4,0.068929225,0.50931305
Icos,0.056369126,0.59672827
Pard3b,0.013114042,0.24088964
Pard3bos1,0.0,1.0
Nrp2,-0.011886597,0.43468386
Gm29083,0.0,1.0
Ino80d,0.035052836,0.62292445
Ino80dos,0.0,1.0
Gm20342,0.0057498887,0.8858203
Ndufs1,-0.072323196,0.08465612
Eef1b2,-0.22747922,0.10932113
Gpr1,0.0,1.0
Zdbf2,0.014985092,0.4226497
Adam23,0.0,1.0
Dytn,0.0,1.0
Mdh1b,0.0,1.0
Fastkd2,0.03501615,0.22080381
4933402D24Rik,0.0,1.0
Klf7,0.10047727,0.12066762
Gm26649,0.0,1.0
Gm28981,0.0,1.0
Creb1,-0.07252149,0.3421031
Mettl21a,0.027214283,0.39648756
Ccnyl1,0.0038082413,0.92322105
Fzd5,-0.002526231,0.89056903
Plekhm3,0.03128836,0.2578927
D630023F18Rik,0.0,1.0
Idh1,0.0055958554,0.745715
Pikfyve,0.093246326,0.15567854
Map2,0.0,1.0
Gm10558,0.0,1.0
Unc80,0.0,1.0
Rpe,0.013809435,0.7675909
Kansl1l,0.0072131753,0.9048034
Acadl,0.042358994,0.48961923
Myl1,0.0,1.0
Lancl1,0.08109161,0.24346882
Erbb4,-0.005531991,0.4226497
Gm28497,0.0,1.0
Gm29113,0.0,1.0
Gm29114,0.0,1.0
Ikzf2,-0.010740116,0.9588811
Spag16,0.0,1.0
Vwc2l,0.0,1.0
Bard1,-0.016656999,0.42264977
Atic,-0.026483506,0.6379619
Fn1,0.00907643,0.42264965
Apol7d,0.0,1.0
4933417E11Rik,0.0,1.0
Mreg,-0.033946652,0.42264977
D230017M19Rik,0.00033591967,0.97878206
Pecr,0.06308029,0.0579093
Tmem169,0.0,1.0
Xrcc5,-0.051906355,0.32837546
March4,0.0,1.0
Smarcal1,-0.014402132,0.3907499
Rpl37a,-0.18246365,0.3106464
Igfbp2,-0.009117288,0.4226497
Igfbp5,0.0,1.0
6030407O03Rik,0.0,1.0
Tns1,0.018258214,0.24991965
Rufy4,0.0,1.0
Cxcr2,0.0,1.0
Cxcr1,0.0,1.0
Arpc2,0.15951002,0.32725614
Aamp,0.11114797,0.33632654
Pnkd,0.12156907,0.10745478
Tmbim1,0.02809934,0.21683668
Catip,0.00527434,0.42264965
Slc11a1,0.05232747,0.107741185
Ctdsp1,0.09011744,0.42940938
Vil1,0.0,1.0
Usp37,-0.033155918,0.48910335
Rqcd1,-0.0008657612,0.97581613
Plcd4,-0.0126196705,0.4226497
Zfp142,0.0472343,0.19188955
Bcs1l,0.017706335,0.7331076
Rnf25,-0.015217964,0.5500941
Stk36,0.0,1.0
Ttll4,0.036013663,0.35718468
Cyp27a1,0.022147253,0.013485391
Prkag3,0.0,1.0
Wnt6,0.0,1.0
Wnt10a,0.0,1.0
Cdk5r2,0.00721761,0.4226497
Ccdc108,-0.002483932,0.42264965
Ihh,0.0,1.0
Nhej1,-0.0412018,0.17096685
Slc23a3,0.0,1.0
Cnppd1,0.0036386251,0.9734626
Fam134a,0.03902349,0.73649186
Zfand2b,0.018627256,0.738906
Abcb6,0.022848224,0.24694324
Atg9a,0.005682558,0.89067245
Ankzf1,-0.04404312,0.15122102
Glb1l,-0.0005540205,0.96513236
Stk16,-0.10800417,0.030546984
Tuba4a,0.08768463,0.5380898
Dnajb2,-0.009351358,0.7627321
Ptprn,0.0,1.0
Resp18,0.0,1.0
Dnpep,-0.016454518,0.764086
Des,0.0,1.0
Speg,0.011556634,0.42264977
Gmppa,0.058774997,0.007081951
Asic4,0.0,1.0
Chpf,-0.014375079,0.6642875
Obsl1,-0.013735198,0.4226497
Tmem198,0.012028565,0.42264977
Inha,-0.0048835604,0.4226497
Stk11ip,0.032537624,0.20442069
Slc4a3,0.007975965,0.42264965
Gm17751,0.0,1.0
Gm816,0.0,1.0
Epha4,0.0052972576,0.7683573
Pax3,0.0,1.0
Sgpp2,0.0,1.0
Farsb,-0.0001219511,0.9972059
BC035947,0.0,1.0
Mogat1,0.0,1.0
Acsl3,-0.03273197,0.18951675
Utp14b,0.00527434,0.42264965
Kcne4,0.0,1.0
Scg2,0.0,1.0
Ap1s3,0.019780967,0.35780814
Wdfy1,0.028843798,0.66502565
Mrpl44,0.011568189,0.80272377
Serpine2,0.076950505,0.18670176
9830004L10Rik,0.016509656,0.4226497
Fam124b,0.007412307,0.4226497
2310015K22Rik,0.0,1.0
Cul3,0.17234242,0.27216136
Dock10,0.2586807,0.107976
Nyap2,-0.006462775,0.4226497
Irs1,0.0,1.0
Rhbdd1,-0.030334596,0.36226058
Gm28940,0.0,1.0
Col4a4,-0.008426569,0.4226497
Col4a3,0.0,1.0
Mff,-0.009423941,0.9157907
Agfg1,0.11101094,0.093503825
Slc19a3,0.0,1.0
Krtap28-13,0.0,1.0
Ccl20,0.0,1.0
Daw1,0.0,1.0
Sphkap,0.0,1.0
Pid1,0.009629542,0.61962837
Dner,-0.014945433,0.4226497
Trip12,0.006300688,0.92001337
Fbxo36,0.00821128,0.42264965
Slc16a14,0.0,1.0
C130026I21Rik,-0.066047885,0.3175351
A530032D15Rik,-0.008515983,0.42264977
A530040E14Rik,-0.05066825,0.21761928
G530012D18Rik,0.0,1.0
Sp110,0.2618987,0.18824892
Gm16094,0.0,1.0
Sp140,-0.008707359,0.91879493
Sp100,0.26654714,0.12986322
A630001G21Rik,-0.050517064,0.05858503
Cab39,0.031482995,0.5596091
Itm2c,0.15861943,0.21563248
4933407L21Rik,0.0,1.0
Gm28884,-0.014368669,0.4226497
Gpr55,-0.027404169,0.17218094
Spata3,0.0,1.0
2810459M11Rik,0.0,1.0
Psmd1,0.0759873,0.4274168
Htr2b,0.0,1.0
Gm21972,0.0,1.0
Armc9,0.020094972,0.26439688
B3gnt7,-0.014446004,0.6443736
Gm28626,0.0,1.0
Ncl,0.3517462,0.053781696
Ptma,0.022006273,0.8942989
Pde6d,0.056027867,0.12629841
Cops7b,0.029189654,0.4371085
Nppc,0.0,1.0
Dis3l2,-0.0023108274,0.93256867
Ecel1,-0.008320614,0.42264965
Chrng,0.0,1.0
Eif4e2,0.09585035,0.043717884
Efhd1,-0.017785305,0.19858088
Efhd1os,0.0,1.0
Gigyf2,0.07733627,0.5559732
Kcnj13,0.008701348,0.68333
3110079O15Rik,0.0,1.0
Ngef,0.0,1.0
Neu2,0.0,1.0
Inpp5d,0.17572996,0.17625107
Atg16l1,0.055585958,0.43023145
Sag,-0.011059152,0.5607427
Dgkd,0.056621224,0.4091327
Gm19582,0.0,1.0
Usp40,0.018813735,0.09267608
Ugt1a7c,0.0,1.0
Ugt1a6a,0.0,1.0
Ugt1a5,0.0,1.0
Ugt1a2,0.0,1.0
Dnajb3,0.0,1.0
Mroh2a,0.0,1.0
Hjurp,0.09252353,0.18369047
Gm29538,0.0,1.0
Glrp1,0.0,1.0
Gm29336,0.0,1.0
Arl4c,-0.08699125,0.62663466
Platr5,0.0,1.0
Sh3bp4,0.0,1.0
Agap1,0.004479943,0.90719324
Asb18,0.0,1.0
Iqca,0.0,1.0
4930434B07Rik,0.0,1.0
Ackr3,-0.007229773,0.42264965
Gm28723,0.0,1.0
Cops8,0.024453089,0.6168871
Col6a3,0.0,1.0
Mlph,0.019708656,0.2911097
Prlh,0.0,1.0
Gm28199,0.0,1.0
Lrrfip1,-0.032540917,0.6735731
Rbm44,0.00821128,0.42264965
Ramp1,0.13140085,0.046370514
Ube2f,0.031082511,0.3474282
Gm26683,0.0,1.0
Scly,-0.028420702,0.3951971
Klhl30,0.0,1.0
Fam132b,0.0,1.0
Ilkap,-0.15759403,0.09243062
Hes6,0.084959246,0.33099058
Per2,0.017929718,0.24497698
Traf3ip1,0.025875293,0.43881884
Asb1,-0.0051058754,0.7496613
Gm29100,0.0,1.0
Twist2,0.0,1.0
Hdac4,0.12869272,0.17113046
Gm26720,0.009601599,0.71164834
Ndufa10,0.010517836,0.92797506
Myeov2,-1.859665e-05,0.99990565
Otos,0.009697908,0.42264977
Gm29483,0.0,1.0
Gpc1,-0.007470265,0.73146874
Gm29480,0.0,1.0
Ankmy1,0.0,1.0
Dusp28,-0.0180948,0.65058964
5033417F24Rik,-0.0061805197,0.4226497
Rnpepl1,0.08726169,0.35431448
9430060I03Rik,-0.011292449,0.6511421
Capn10,0.026119675,0.42990744
Gpr35,-0.011150054,0.4226497
Kif1a,-0.03212725,0.3733238
Gm28086,0.0,1.0
2310007B03Rik,0.0,1.0
Crocc2,0.0,1.0
Sned1,0.020442022,0.42264977
Mterf4,0.04894174,0.14674664
Gm28535,0.0,1.0
Pask,0.0,1.0
Ppp1r7,0.1349879,0.20816064
Ano7,0.0,1.0
Hdlbp,-0.03782265,0.6021347
Sept2,-0.0043280125,0.94006675
Farp2,0.010772373,0.42264965
Stk25,0.045341514,0.46766394
Gm28536,0.0,1.0
Bok,0.0,1.0
Thap4,-0.01769264,0.6200615
Gm10550,0.0,1.0
Atg4b,0.04245591,0.51474303
Dtymk,-0.0074276626,0.8806828
Ing5,0.016383246,0.65575624
D2hgdh,0.004563177,0.827022
Neu4,-0.012758541,0.4226497
Pdcd1,0.19090998,0.51728153
Fam174a,-0.03552273,0.5918265
St8sia4,0.05806032,0.41180027
Slco4c1,0.0,1.0
Panct2,0.0,1.0
Gm28901,0.0,1.0
D1Ertd622e,-0.0068162084,0.9256062
Ppip5k2,-0.022757001,0.11080216
Gin1,0.02746898,0.30367756
Pam,-0.014695425,0.7375008
1810006J02Rik,0.020062111,0.24313362
Gm7967,-0.008148451,0.4226497
Cntnap5b,0.0,1.0
Gm28187,-0.036641058,0.4226497
Cdh20,0.0,1.0
Rnf152,0.0,1.0
Gm17634,0.0,1.0
Pign,-0.05779281,0.26970512
2310035C23Rik,0.027593851,0.4121714
Tnfrsf11a,-0.0048473272,0.8777623
Gm7160,0.0021060323,0.8478519
Zcchc2,0.030410267,0.6068001
Gm20753,0.0,1.0
Phlpp1,0.018160451,0.6308687
A530053M12Rik,0.0,1.0
Bcl2,0.1924808,0.4231274
D630008O14Rik,0.0,1.0
Kdsr,0.029378444,0.5508397
Vps4b,-0.023953587,0.7034693
Serpinb5,0.0,1.0
Serpinb12,0.0,1.0
Serpinb2,0.0,1.0
Serpinb10,0.0,1.0
Serpinb8,0.0,1.0
Cdh7,0.0,1.0
Cdh19,0.0,1.0
Dsel,-0.0034331195,0.4226497
9330185C12Rik,0.0,1.0
Cntnap5a,0.0,1.0
Tsn,-0.059545696,0.40929717
Nifk,0.028864577,0.7189125
Clasp1,0.15409486,0.035844073
2900060B14Rik,0.03551729,0.70846343
Tfcp2l1,0.0,1.0
Gli2,0.0,1.0
Gm26831,-0.015949847,0.42264977
Gm29455,0.0,1.0
Inhbb,0.0,1.0
Ralb,-0.007821966,0.817023
Gm27184,0.0,1.0
Tmem185b,0.065709494,0.06855732
Epb41l5,0.017335972,0.20655183
Ptpn4,-0.04720463,0.604235
Tmem177,0.0017108843,0.84021455
Cfap221,0.0,1.0
Sctr,0.0,1.0
Tmem37,0.03933263,0.02669509
Dbi,-0.0040566325,0.96744084
3110009E18Rik,0.07214244,0.163738
Steap3,0.0,1.0
C1ql2,0.0,1.0
En1,0.0,1.0
Celrr,0.0,1.0
Insig2,0.056510948,0.36926198
Ccdc93,0.012445034,0.5439301
Htr5b,0.0,1.0
Ddx18,0.038539022,0.6882435
Dpp10,0.0,1.0
Actr3,-0.21492207,0.18971194
Slc35f5,-0.0023827609,0.9234076
Gpr39,0.0,1.0
Lypd1,0.0,1.0
Nckap5,0.0,1.0
Mgat5,0.007457357,0.8639869
Tmem163,-0.0120688975,0.87651503
2900009J06Rik,0.0,1.0
Ccnt2,0.007114053,0.94863826
Map3k19,0.0,1.0
Rab3gap1,-0.04442948,0.62346953
Zranb3,0.0,1.0
Gm28800,0.0,1.0
R3hdm1,0.006067574,0.8702586
Ubxn4,0.018213987,0.84370714
Lct,0.0,1.0
Mcm6,0.061238408,0.074280605
Dars,-0.028379187,0.7338808
Cxcr4,0.032766104,0.6660164
Thsd7b,0.007051751,0.7408826
Cd55b,0.0,1.0
Gm15675,-0.015667524,0.42264965
Cd55,-0.07451786,0.15454547
Gm16083,-0.0075842906,0.4226497
Gm29427,0.0,1.0
Pfkfb2,0.0,1.0
Yod1,0.058386408,0.15495124
AA986860,0.004853252,0.42264965
Fcmr,0.008447087,0.6869385
Il10,0.0,1.0
Mapkapk2,0.090045005,0.33240828
Dyrk3,0.002872293,0.78628576
Eif2d,0.039967183,0.37023088
Rassf5,0.07830018,0.44854063
Ikbke,0.0065755174,0.7922905
Gm28913,-0.015113774,0.42264965
Srgap2,0.10399256,0.26918155
Fam72a,0.009758449,0.42264977
Ctse,-0.011059223,0.3456635
Rab7b,0.0,1.0
Slc26a9,0.0,1.0
Pm20d1,0.0,1.0
Slc41a1,-0.116223276,0.14714819
Rab29,0.0023947954,0.9094104
Nucks1,0.0987283,0.4632647
Slc45a3,0.0,1.0
Elk4,0.12741448,0.032721564
Mfsd4,-0.053065173,0.32532978
Gm26892,0.0,1.0
Cdk18,-0.00020410027,0.9897157
Gm29629,0.0,1.0
Lemd1,0.0,1.0
Klhdc8a,0.0,1.0
Nuak2,-0.014108369,0.7338968
Tmcc2,0.003792887,0.74715424
Dstyk,0.019797154,0.5438239
Rbbp5,0.0047102235,0.9223878
Tmem81,0.050505698,0.25620052
Cntn2,0.031762026,0.28001767
Nfasc,0.009633593,0.53920203
Gm10538,0.0074362312,0.42264977
Lrrn2,0.015339524,0.4226497
Mdm4,-0.08122668,0.3415169
Pik3c2b,0.038689278,0.34383458
Gm28609,0.0,1.0
Ppp1r15b,0.017226547,0.8513466
Plekha6,0.0,1.0
Gm19461,0.0,1.0
Ren1,0.0,1.0
Etnk2,0.0,1.0
Sox13,0.0,1.0
Snrpe,-0.11159861,0.26809034
Zc3h11a,0.103344336,0.19318578
Gm38394,-0.022800388,0.10486818
Lax1,0.08279331,0.1379848
Atp2b4,0.02634114,0.7519268
Optc,0.0,1.0
Gm15851,0.0,1.0
Prelp,0.0,1.0
Fmod,0.0,1.0
Btg2,0.37253916,0.12871239
Chil1,0.0,1.0
Mybph,0.0,1.0
Adora1,-0.009570364,0.4226497
Myog,0.0,1.0
Ppfia4,0.06788778,0.0657262
Tmem183a,0.048712417,0.09858875
Cyb5r1,-0.043810774,0.4651691
Adipor1,0.0708797,0.33543286
Platr1,0.0,1.0
Klhl12,-0.026777938,0.2650309
Rabif,0.034014355,0.25497347
Kdm5b,0.05175005,0.37891626
Syt2,0.0,1.0
Ppp1r12b,0.008200157,0.55114645
Gm28892,0.0,1.0
Ube2t,0.0066928677,0.82756907
Lgr6,0.0,1.0
Ptpn7,0.022778258,0.7528193
Arl8a,0.08695522,0.14959957
Gm15445,-0.004567265,0.42264965
Gpr37l1,-0.035525907,0.4060447
Gm26642,0.0,1.0
Elf3,0.0,1.0
Rnpep,0.0476802,0.5098724
Timm17a,0.062348828,0.5426567
Lmod1,0.0,1.0
Shisa4,-0.057953063,0.061659005
Ipo9,0.030544305,0.31418058
Nav1,0.027584761,0.45546496
Gm4793,0.0,1.0
Gm38399,0.003959677,0.4226497
Csrp1,-0.052778497,0.42633858
Phlda3,0.05039988,0.38177046
Tnni1,0.0058672456,0.6759276
Lad1,0.0,1.0
Tnnt2,0.0,1.0
Igfn1,0.0,1.0
Tmem9,0.035038017,0.2164252
Cacna1s,-0.020720417,0.18586598
Gm37759,0.0,1.0
Kif21b,0.016328394,0.7144707
Mroh3,0.0,1.0
5730559C18Rik,-0.010319145,0.4226497
Gm26568,0.0,1.0
Gm26781,0.0,1.0
Camsap2,0.00980771,0.8512803
Ddx59,0.030057855,0.32339126
Kif14,0.0,1.0
Platr23,0.0,1.0
Zfp281,0.04142584,0.45804158
Gm19705,0.028317388,0.14759298
Platr22,0.0,1.0
Nr5a2,0.0,1.0
A430106G13Rik,0.009095277,0.4226497
Ptprc,0.03821826,0.73102325
Nek7,0.17561683,0.0020583377
Lhx9,0.0,1.0
2310009B15Rik,0.0368021,0.29967225
Dennd1b,-0.019043371,0.7651453
Crb1,0.0,1.0
Zbtb41,0.041742727,0.61511725
Aspm,-0.0034331195,0.4226497
Cfhr2,0.0,1.0
Cfh,0.099214256,0.27832958
Kcnt2,0.0,1.0
Cdc73,0.07460253,0.2829737
B3galt2,-0.014801199,0.5238258
Glrx2,0.08288789,0.08383422
Trove2,0.019059092,0.56289077
Uchl5,0.103709415,0.2741508
Rgs2,0.35680848,0.023700165
Rgs1,0.13240945,0.6083537
Rgs18,0.0,1.0
Gm29514,0.0,1.0
Brinp3,0.0,1.0
Pla2g4a,0.025900945,0.21744186
Ptgs2,0.0,1.0
Ptgs2os2,0.0,1.0
Pdc,0.0,1.0
BC003331,-0.020661332,0.6389161
Tpr,0.10401815,0.2722478
Prg4,-0.0076771323,0.4226497
Hmcn1,0.0,1.0
Gm10138,-0.0023838524,0.9237431
Ivns1abp,-0.0057991445,0.96341413
Swt1,0.042715967,0.60327536
Trmt1l,0.17303741,0.2023939
Rnf2,-0.02327384,0.4350737
Fam129a,0.058621556,0.5590427
2810414N06Rik,0.0030281711,0.78352195
Edem3,-0.013673082,0.7538905
1700025G04Rik,0.0912929,0.40198478
Tsen15,-0.0008521676,0.9810802
Colgalt2,0.0,1.0
Rgl1,0.025771797,0.30059427
Arpc5,-0.0016287565,0.98737067
Ncf2,0.059363246,0.22819239
Smg7,0.010493323,0.8614114
Nmnat2,0.007858792,0.4226497
Lamc2,0.0,1.0
Lamc1,-0.0059342086,0.84775704
Shcbp1l,0.0,1.0
Dhx9,-0.058875933,0.49829146
Npl,0.022018246,0.05122465
Rgs8,0.0,1.0
C230024C17Rik,0.010800052,0.4226497
Rgs16,0.035565328,0.56430453
Gm28513,0.0091543645,0.4226497
Rnasel,-0.010569915,0.84065145
Rgsl1,0.0,1.0
Teddm2,0.0,1.0
Teddm1b,0.0,1.0
Teddm1a,0.0,1.0
Glul,0.17557424,0.2889601
Gm29290,0.0,1.0
Gm29291,0.0,1.0
Gm28286,0.0,1.0
A830008E24Rik,0.0074362312,0.42264977
Cacna1e,0.0,1.0
Gm9530,0.0,1.0
Ier5,0.108834386,0.67029774
Mr1,-0.010073908,0.8371876
Stx6,0.089534715,0.10999858
BC034090,-0.006146614,0.4226497
Xpr1,0.09694229,0.1762764
Gm5532,0.0,1.0
Acbd6,0.032164812,0.5743535
Qsox1,0.08320884,0.07351831
Cep350,-0.026034042,0.68769604
Tor1aip1,0.060748816,0.65413654
Tor1aip2,0.073995456,0.036411557
Fam163a,-0.0076133297,0.4226497
Tdrd5,0.0,1.0
Axdnd1,-0.0076771323,0.4226497
Gm2000,0.034249604,0.5716664
Soat1,0.1031703,0.16615064
Gm10031,0.0020015044,0.89626616
Abl2,0.00531853,0.908116
Tor3a,0.007154934,0.8881197
Fam20b,-0.013639532,0.7650236
Ralgps2,0.022627622,0.65160066
Angptl1,0.0,1.0
4930439D14Rik,0.0,1.0
Gm28694,0.0,1.0
Rasal2,0.010901508,0.31346864
BC026585,0.0138144195,0.49675772
Sec16b,0.0,1.0
Brinp2,0.0,1.0
Astn1,0.010772373,0.42264965
Gm37679,0.0,1.0
Pappa2,0.0,1.0
Rfwd2,0.09327104,0.20876202
Tnr,0.035627194,0.26181623
Gm38039,-0.013923246,0.4226497
4930523C07Rik,0.078493595,0.52147716
4930562F07Rik,0.0,1.0
Mrps14,0.12561804,0.293661
Cacybp,0.14639518,0.20793632
Rabgap1l,-0.013876468,0.82338023
Gm36975,0.0,1.0
Gm37083,0.0,1.0
Rc3h1,0.08831386,0.3591151
Serpinc1,0.0,1.0
Zbtb37,0.0050948374,0.89224136
Dars2,0.015703127,0.5460688
Gm37634,0.00520326,0.4226497
Cenpl,0.024640016,0.6270651
Klhl20,0.005181007,0.6992075
Ankrd45,0.0,1.0
4930469G21Rik,0.0,1.0
Prdx6,0.041814327,0.82195723
Tnfsf18,0.0,1.0
Fasl,0.31594434,0.14105219
Suco,-0.045798957,0.15037203
4930558K02Rik,0.0,1.0
Pigc,0.013191007,0.7004513
Gm38304,0.0,1.0
Dnm3,-0.005531991,0.4226497
2810442N19Rik,0.0,1.0
Dnm3os,0.0,1.0
Mettl13,0.080631964,0.01740321
Vamp4,-0.009755686,0.9065954
Myoc,0.0,1.0
Prrc2c,-0.04991758,0.7045825
Fmo4,0.0,1.0
Fmo1,0.0,1.0
Fmo2,0.0,1.0
Prrx1,0.0,1.0
Gm26523,0.0,1.0
Gorab,-0.017309463,0.52653
Mettl11b,0.0,1.0
Kifap3,-0.016197387,0.48602533
Scyl3,-0.041286685,0.11062868
BC055324,0.007366933,0.5724025
Mettl18,0.021684423,0.26344562
Sele,0.0,1.0
Sell,-0.042489067,0.51776564
Selp,0.0,1.0
Gm16587,0.0,1.0
Gm16548,0.0,1.0
F5,-0.0010400261,0.92340404
Slc19a2,-0.021302605,0.20390937
Ccdc181,0.028749403,0.13834155
Blzf1,0.009004265,0.75315064
Nme7,-0.0050087124,0.90147394
Atp1b1,-0.004614532,0.90561056
Gm26685,0.0,1.0
Xcl1,0.29550457,0.38821763
Tbx19,0.0,1.0
Sft2d2,0.006349489,0.9314479
Tiprl,0.11678171,0.35296258
Gpr161,0.0,1.0
Dcaf6,0.005685158,0.90176535
Mpc2,-0.0075715184,0.9518749
Adcy10,0.0,1.0
Mpzl1,-0.0033451049,0.4226497
Rcsd1,0.026546031,0.80922246
Creg1,0.10684204,0.25321242
Cd247,0.0912081,0.34891507
Pou2f1,-0.017083958,0.86003286
Dusp27,0.003959677,0.4226497
Gpa33,0.0,1.0
Mael,0.0,1.0
Ildr2,0.0077336477,0.7201893
Gm15853,0.00721761,0.4226497
Tada1,0.00205867,0.97358674
Gm15853-1,0.0,1.0
Pogk,0.041494295,0.48916546
Gm16701,0.0,1.0
Gm16701-1,0.0,1.0
Fam78b,0.009270712,0.512631
Uck2,0.048357464,0.26219377
Tmco1,0.08210382,0.011784157
Aldh9a1,0.0677338,0.027027037
Mgst3,0.022779677,0.12574434
Lrrc52,0.0,1.0
Rxrg,0.0,1.0
Lmx1a,0.0,1.0
Pbx1,-0.0022718925,0.8870907
Nuf2,-0.0056567793,0.42264977
Rgs5,0.0147500485,0.4226497
Rgs4,0.0,1.0
Ccdc190,0.013709693,0.4226497
Hsd17b7,-0.015244883,0.60401577
3110045C21Rik,0.003959677,0.4226497
Ddr2,0.0,1.0
Uap1,-0.010221995,0.80576783
Gm37748,0.0,1.0
Gm37502,0.0,1.0
Uhmk1,0.058719322,0.12639938
4930500M09Rik,0.014258735,0.25391805
Sh2d1b1,0.0,1.0
Gm7694,0.001048954,0.84229696
Nos1ap,-0.006530143,0.42264965
1700015E13Rik,0.0,1.0
Olfml2b,0.0,1.0
Atf6,0.056598086,0.1851742
Dusp12,0.005901523,0.858894
Gm26620,0.0,1.0
Fcrlb,0.0,1.0
Fcrla,0.0140286805,0.4226497
Fcgr2b,0.054507144,0.17034899
Gm10522,0.0,1.0
Fcgr4,0.00527434,0.42264965
Fcgr3,0.16847765,0.053913645
Cfap126,0.0,1.0
Sdhc,0.032858044,0.58497506
Mpz,0.0,1.0
Pcp4l1,0.0,1.0
Nr1i3,0.0,1.0
Tomm40l,0.0072597936,0.837466
Apoa2,-0.01124378,0.42264977
Fcer1g,0.16089739,0.26976496
Ndufs2,0.10365483,0.4122993
Adamts4,0.00527434,0.42264965
B4galt3,-0.0056073144,0.88163924
Ppox,0.016861666,0.6158727
Usp21,0.01140354,0.55019206
Ufc1,0.16915017,0.066325106
Gm20045,0.034560617,0.21878491
Dedd,0.043420807,0.09750636
Nit1,-0.06368608,0.11362737
Pfdn2,-0.017317414,0.76737076
Klhdc9,-0.015949847,0.42264977
Pvrl4,0.005971533,0.4226497
Arhgap30,0.16705415,0.023182418
Usf1,0.009725213,0.854217
Tstd1,0.0,1.0
Gm26641,0.0,1.0
F11r,0.061995417,0.17336495
B930036N10Rik,0.027156044,0.24881789
Alyref2,-0.016820904,0.6085676
Cd244,0.010999509,0.4713892
Ly9,-0.027297497,0.70897
Slamf7,0.019440949,0.8501671
Gm37787,0.005655481,0.42264977
Cd48,0.16308665,0.03057522
Slamf1,0.13107342,0.1399341
Cd84,0.0903272,0.437999
Gm10521,0.0,1.0
Gm37065,0.004078932,0.86855
Slamf6,-0.07788077,0.43753612
Vangl2,0.009572682,0.34798688
Nhlh1,0.0,1.0
Ncstn,0.072030984,0.21391146
Copa,-0.076410696,0.1490038
Gm37756,0.0,1.0
Pex19,0.057131015,0.17737986
Dcaf8,-0.030879095,0.72945887
Pea15a,0.036838576,0.6109314
Casq1,0.0,1.0
Gm17224,0.0,1.0
Atp1a4,0.0,1.0
Igsf8,0.049216397,0.32082254
Atp1a2,0.04203017,0.20888932
Kcnj9,0.0,1.0
Kcnj10,0.04076969,0.31514284
Pigm,-0.011027757,0.6646145
Slamf9,0.00993121,0.1997586
Igsf9,0.001048954,0.84229696
Tagln2,-0.10402584,0.24909838
Cfap45,0.012978698,0.42264965
Vsig8,0.0,1.0
Slamf8,0.009393361,0.4226497
Fcrl6,0.0,1.0
Dusp23,0.063067235,0.001544689
Ackr1,0.0,1.0
Cadm3,0.0,1.0
Aim2,0.05041653,0.3548389
Gm4955,-0.036868483,0.7063191
BC094916,-0.016733065,0.8583259
Pydc4,0.08442053,0.17262933
Pyhin1,-0.024927914,0.72380024
Pydc3,0.02434878,0.7657546
AI607873,0.005971533,0.4226497
Ifi204,0.015364896,0.20302805
Mndal,0.17613703,0.38303682
Mnda,-0.00054292707,0.9626974
Ifi203,-0.22471803,0.23350623
Ifi205,0.0,1.0
Spta1,0.0,1.0
Fmn2,-0.005237306,0.42264977
Grem2,0.0,1.0
Rgs7,0.008208561,0.5413535
Fh1,0.027231954,0.7306636
Kmo,0.025219724,0.18862325
Opn3,0.0,1.0
Chml,0.00520326,0.4226497
Exo1,0.0,1.0
Pld5,0.0,1.0
Rbm8a2,0.00748412,0.4226497
Gm38101,0.0,1.0
Cep170,0.045742553,0.40409058
Sdccag8,-0.011774309,0.74591315
Akt3,0.07144959,0.10322032
Gm26801,0.0,1.0
Zbtb18,-0.011054456,0.70845234
Gm37306,0.0,1.0
1700016C15Rik,0.0,1.0
Adss,-0.09622882,0.06900006
Gm16432,0.00527434,0.42264965
Desi2,0.022128657,0.79497164
B230369F24Rik,-0.024131736,0.22277835
Cox20,0.09545934,0.15850246
Gm16586,-0.019022971,0.83440965
Hnrnpu,0.1780977,0.24150659
Efcab2,-0.016314082,0.4226497
Kif26b,0.0,1.0
Smyd3,0.01277189,0.8435636
Tfb2m,0.016600534,0.55876696
Cnst,0.026913349,0.3818878
Sccpdh,0.034961846,0.51974034
Gm1305,0.0,1.0
Ahctf1,-0.0025072396,0.95787483
Cdc42bpa,-0.0010117851,0.9191926
Adck3,0.01909817,0.6109056
Gm37336,0.0,1.0
Psen2,-0.09549354,0.42454547
Gm31728,0.0,1.0
Itpkb,0.09150493,0.5579318
6330403A02Rik,0.0,1.0
Parp1,0.06745198,0.48597023
Lin9,0.03983563,0.22981314
Acbd3,-0.07049691,0.49371994
Gm37768,0.0,1.0
Gm38293,0.0,1.0
H3f3a,0.06425595,0.707669
Gm17275,-0.014786988,0.42264965
H3f3aos,0.0,1.0
Sde2,-0.032108918,0.7545175
Pycr2,0.032900885,0.57827115
Lefty1,0.034179613,0.3013929
Tmem63a,0.027756348,0.40037015
2210411M09Rik,-0.0012582401,0.8999579
Ephx1,0.024224065,0.5472973
Nvl,0.02045153,0.5864297
Cnih4,-0.02531667,0.6528256
Wdr26,-0.010811001,0.71441096
A430110L20Rik,-0.013078362,0.4226497
Cnih3,0.0,1.0
Ccdc121,-0.010625713,0.4226497
Dnah14,0.0,1.0
Lbr,0.09584838,0.498232
Enah,0.0020889286,0.93341655
Srp9,0.05708623,0.69996774
Degs1,0.13007645,0.19757259
1700047M11Rik,0.027625527,0.009184179
Fbxo28,-0.029226206,0.34699863
Trp53bp2,0.037426632,0.31001952
Capn2,-0.042356856,0.42113733
Gm37885,0.0,1.0
Capn8,0.0,1.0
Susd4,0.002709148,0.7995489
Tlr5,0.0,1.0
Gm38079,0.0,1.0
Disp1,-0.013869863,0.36062756
Brox,0.030942596,0.53964627
Aida,0.058507264,0.26972544
Mia3,0.052974224,0.052693553
Taf1a,0.020240465,0.08396018
Gm37986,0.0,1.0
Hhipl2,0.0,1.0
Gm33973,0.0,1.0
Dusp10,0.09434505,0.461644
1700056E22Rik,0.0073188394,0.76633304
Gm37800,0.0,1.0
Hlx,-0.012363627,0.44936368
Gm34342,0.0,1.0
Marc1,0.0,1.0
Marc2,0.2235544,0.04731761
C130074G19Rik,0.0,1.0
Mark1,0.0,1.0
Rab3gap2,0.05285637,0.34679133
Iars2,0.040418178,0.5543034
Bpnt1,-0.01810813,0.6954882
4930532G15Rik,-0.0005478561,0.986794
Eprs,0.07263279,0.40759555
9630028B13Rik,0.0,1.0
Gm2061,0.0,1.0
Slc30a10,0.011119284,0.4226497
Lyplal1,0.0,1.0
Tgfb2,0.0,1.0
Rrp15,0.043057084,0.5148681
A430105J06Rik,-0.00803482,0.4185954
Spata17,0.0,1.0
Gpatch2,-0.010373376,0.84085345
Gm38155,0.0,1.0
Esrrg,0.0,1.0
Gm36388,0.0,1.0
Kctd3,0.017507782,0.58997625
Kcnk2,0.0,1.0
A430027H14Rik,0.0,1.0
Cenpf,-0.0034331195,0.4226497
Ptpn14,0.0,1.0
Gm37422,-0.017771482,0.4226497
Smyd2,0.015284125,0.65069914
Prox1,-0.013076231,0.51620346
Gm28172,0.0,1.0
Prox1os,-0.008851327,0.4226497
Rps6kc1,-0.008253801,0.42264977
Angel2,0.026714012,0.56193095
Vash2,0.0,1.0
Mfsd7b,-0.07183565,0.40171555
A230020J21Rik,0.004853252,0.42264965
Spata45,0.0,1.0
Tatdn3,0.012979813,0.41240537
Nsl1,0.0,1.0
Batf3,0.0012590634,0.93660706
Fam71a,0.0,1.0
Atf3,0.11051352,0.34259823
D730003I15Rik,0.028732587,0.07304994
Gm37168,0.0,1.0
Nenf,0.021450832,0.14137597
Tmem206,-0.0046235193,0.7880369
Ppp2r5a,0.03535843,0.6197077
Gm32200,0.0,1.0
Dtl,-0.0023241462,0.8871796
Ints7,0.024387743,0.40657234
Lpgat1,0.09953068,0.18570922
Gm38037,0.0,1.0
Nek2,0.0,1.0
1700034H15Rik,0.0135309845,0.4226497
Slc30a1,0.027015325,0.20401174
Rd3,0.0,1.0
Gm26670,-0.003960776,0.4226497
Traf5,0.04832814,0.33844128
Gm26879,-0.01902357,0.23120882
Rcor3,0.02110174,0.46808085
Gm10516,0.0,1.0
Kcnh1,0.0,1.0
Hhat,0.0,1.0
Sertad4,0.0,1.0
Gm15867,0.0,1.0
Syt14,0.0,1.0
Gm31406,0.0,1.0
Diexf,-0.017396867,0.7105065
Irf6,0.010255249,0.4226497
A130010J15Rik,0.05024702,0.24084756
Traf3ip3,0.064227104,0.69157827
4930570N18Rik,-0.014009053,0.44789866
Lamb3,0.036199987,0.56647027
Hsd11b1,-0.00045603514,0.99351656
G0s2,0.0,1.0
Camk1g,0.0,1.0
Plxna2,0.0,1.0
Cd34,0.016618367,0.27768397
Gm16897,0.009393361,0.4226497
Gm32250,0.015296378,0.4226497
Gm37027,0.0,1.0
Cd46,0.0,1.0
Cr1l,0.23071408,0.1476871
Cr2,0.005655493,0.68206674
Fam171a1,0.0,1.0
Nmt2,0.016345128,0.7367567
Rpp38,0.047315,0.008812547
Acbd7,0.0,1.0
Olah,0.0,1.0
Meig1,0.0,1.0
Dclre1c,0.030684246,0.22982971
Suv39h2,-0.042523477,0.17391433
Hspa14,-0.03957346,0.55880594
Cdnf,0.0,1.0
Fam107b,-0.0748983,0.7105373
Frmd4a,0.09991729,0.052751046
1700080N15Rik,0.0,1.0
Gm13179,0.0,1.0
Prpf18,0.04403861,0.5861181
Bend7,0.0,1.0
Sephs1,0.008196093,0.8900049
Phyh,0.045740753,0.47230372
Ucma,0.0,1.0
Mcm10,0.0,1.0
Optn,-0.008320614,0.42264965
4930551O13Rik,0.0,1.0
Gm26776,0.0,1.0
Ccdc3,0.0,1.0
Camk1d,-0.0043609515,0.94161147
Cdc123,-0.040923283,0.59825224
Nudt5,-0.015705347,0.7389837
Gm13199,0.0,1.0
Sec61a2,-0.021722324,0.44354898
Dhtkd1,0.0,1.0
Upf2,0.049314573,0.5384398
Proser2,0.0,1.0
Echdc3,0.0,1.0
Gm13383,0.0,1.0
Usp6nl,0.0030154195,0.90508807
Gm13391,0.008457402,0.4226497
Celf2,0.23349893,0.21463436
Gm26565,0.0,1.0
Gata3,0.057293504,0.6048065
9230102O04Rik,0.0,1.0
Taf3,0.037410587,0.371251
Atp5c1,-0.05629015,0.55745834
Kin,-0.020575747,0.73720235
Itih2,0.0,1.0
Itih5,0.020756355,0.42264965
Sfmbt2,0.00821128,0.42264965
Prkcq,-0.011284888,0.9237118
8030442B05Rik,0.0,1.0
Gm13293,-0.0033451049,0.4226497
Pfkfb3,0.0047974885,0.9125501
Gm10851,0.0,1.0
Rbm17,-0.014510363,0.8348075
Il2ra,-0.077303335,0.3503196
Il15ra,0.0748822,0.06411454
Fbxo18,0.063025326,0.2846779
Ankrd16,0.035483252,0.4575093
Itga8,0.0,1.0
E030013I19Rik,0.0,1.0
Fam188a,-0.14592335,0.07215396
Pter,0.0,1.0
C1ql3,0.034632064,0.018043501
Rsu1,0.03907536,0.6668777
Cubn,0.0,1.0
Trdmt1,0.06538821,0.18283741
Vim,0.25459862,0.16723306
St8sia6,0.028673925,0.27008706
Hacd1,0.0,1.0
Stam,-0.01593189,0.6693922
Tmem236,0.0,1.0
Mrc1,0.0,1.0
Slc39a12,0.0074362312,0.42264977
Cacnb2,0.00721761,0.4226497
Gm10848,0.009393361,0.4226497
Gm13269,0.0,1.0
Nsun6,-0.012838095,0.77866834
Arl5b,-0.033201575,0.66146827
Plxdc2,0.07429642,0.13667029
Gm13322,0.0,1.0
Nebl,-0.0043776482,0.75547284
A930004D18Rik,0.0,1.0
Skida1,0.0,1.0
Mllt10,0.056839958,0.54180634
Dnajc1,0.03157431,0.4257531
Commd3,0.15530622,0.25875586
Bmi1,0.04968779,0.13312966
Spag6,0.0,1.0
Carlr,0.0,1.0
Pip4k2a,-0.008018196,0.9372017
4930426L09Rik,-0.0046704467,0.4226497
Armc3,0.035128333,0.3968693
4930447M23Rik,0.0,1.0
Msrb2,-0.03349928,0.27772984
Otud1,0.0927816,0.4352671
Etl4,0.0,1.0
Arhgap21,-0.00921528,0.7075532
Gm13375,0.0,1.0
Gm13376,0.0,1.0
Enkur,-0.014971244,0.18987854
Thnsl1,-0.0072179083,0.58865637
Gpr158,0.0,1.0
Gad2,0.0,1.0
Apbb1ip,0.04459709,0.55147
Pdss1,-0.009665763,0.40763742
Abi1,0.02450943,0.60912997
Acbd5,-0.036602303,0.65210867
Mastl,-0.012914232,0.42264965
Yme1l1,0.008019209,0.9262616
4931423N10Rik,0.0,1.0
Spopl,0.08782614,0.115269594
Hnmt,-0.0053430777,0.4226497
Il1f9,0.0,1.0
Il1rn,0.0,1.0
Psd4,0.030658096,0.5228191
Pax8,0.0,1.0
Cacna1b,0.0,1.0
Ehmt1,-0.014400676,0.80369145
Arrdc1,-0.013527676,0.7327929
Zmynd19,0.05110876,0.61728036
Dph7,0.00420548,0.89339995
Mrpl41,0.060367256,0.34284267
Pnpla7,-0.017413199,0.71369135
Nsmf,-0.028108219,0.16113327
Gm13387,0.0,1.0
Nrarp,0.010851609,0.76197165
Gm38287,-0.012758541,0.4226497
Tor4a,0.011529627,0.50472605
Nelfb,0.084538236,0.17507531
Fam166a,0.0,1.0
Tubb4b,0.029433608,0.78303075
Slc34a3,0.0,1.0
Cysrt1,0.0,1.0
Rnf208,0.020728292,0.42264977
Ndor1,0.07027557,0.06449396
Tmem203,0.012819719,0.8170147
Tprn,-0.01175058,0.54755896
Ssna1,0.049649432,0.45210752
Anapc2,0.05357214,0.34147197
Tmem210,0.0,1.0
Lrrc26,0.0,1.0
Grin1,0.0,1.0
AA543186,0.0,1.0
Man1b1,-0.030760176,0.32133266
Dpp7,0.025668703,0.5307425
Uap1l1,-0.014394846,0.65327954
Sapcd2,0.0,1.0
Entpd2,0.009017797,0.6143905
Npdc1,-0.011569347,0.24767017
Fut7,0.016003313,0.42264977
Abca2,-0.039408743,0.52631766
BC029214,0.06470858,0.47263607
Clic3,0.0,1.0
Ptgds,0.14710683,0.40354112
C8g,0.015078469,0.26241714
Fbxw5,0.06953514,0.16279337
Traf2,0.01258938,0.7586497
Edf1,-0.072797835,0.6354516
Mamdc4,0.0,1.0
Phpt1,-0.037267856,0.5201601
Gm996,0.0,1.0
Gm26702,0.0,1.0
Rabl6,0.03560958,0.36467966
Fcnaos,0.0,1.0
Ccdc183,0.0,1.0
Tmem141,-0.0014436878,0.9491504
Fcna,0.0,1.0
A230005M16Rik,0.0,1.0
Bmyc,-0.074033916,0.29408482
Lcn11,0.0,1.0
Kcnt1,-0.0074064885,0.4226497
Camsap1,0.14930178,0.034013968
Ubac1,0.056118,0.27381626
Nacc2,0.010242166,0.6217208
Gm13554,0.0,1.0
C330006A16Rik,-0.0066107213,0.8379273
1810012K08Rik,0.0,1.0
Qsox2,0.0072732884,0.4226497
Ccdc187,0.0,1.0
Gpsm1,-0.008149087,0.7217015
Dnlz,-0.0020921826,0.9074906
Card9,-0.0071903765,0.59413624
Snapc4,-0.059876636,0.26718694
Gm13563,0.0,1.0
Sdccag3,0.014313132,0.8405742
Pmpca,0.046896156,0.416885
Inpp5e,0.04790967,0.34377068
Sec16a,0.0067075156,0.8714906
Notch1,0.030382052,0.5114393
Egfl7,0.0036064303,0.86131054
Agpat2,-0.029931165,0.25225046
Fam69b,0.054662153,0.10578625
Snhg7os,0.0,1.0
Lcn4,-0.035523925,0.50201964
Surf6,0.04435634,0.3605299
Med22,0.019217331,0.2701078
Rpl7a,-0.09629488,0.37427124
Surf1,0.17670768,0.10424469
Surf2,0.09216385,0.14791037
Surf4,0.017351046,0.78642356
Stkld1,0.0,1.0
Rexo4,0.040760092,0.53549933
Adamts13,-0.01785221,0.4226497
Cacfd1,0.0022467654,0.92459005
Slc2a6,-0.013811805,0.52103347
Gm13398,0.0,1.0
Tmem8c,0.01392025,0.29739627
Adamtsl2,0.0,1.0
Fam163b,0.0,1.0
Sardh,0.00748412,0.4226497
Vav2,0.011607928,0.57899565
AA645442,0.0,1.0
Brd3,0.021707155,0.6684302
Wdr5,0.004419405,0.91325
Rxra,-0.010746761,0.4226497
Col5a1,0.0,1.0
Fcnb,0.0,1.0
F730016J06Rik,0.0,1.0
Olfm1,0.0005640462,0.9791246
Gm13373,0.0,1.0
Ppp1r26,-0.02595757,0.4226497
1700007K13Rik,0.0,1.0
Mrps2,-0.012281379,0.60314256
Gbgt1,0.0,1.0
Ralgds,-0.015667904,0.52585715
Cel,0.0,1.0
Gm13381,0.0,1.0
Gtf3c5,-0.023218723,0.3468427
Gfi1b,0.0,1.0
Tsc1,0.009966724,0.8333506
1700026L06Rik,-0.008152556,0.4226497
Ak8,0.0,1.0
Gtf3c4,-0.028448712,0.38259163
Ddx31,0.004305538,0.8842628
Barhl1,0.0,1.0
Cfap77,0.014999765,0.4226497
Ttf1,0.049176022,0.045110554
Setx,-0.08124575,0.39165586
Ntng2,0.00907643,0.42264965
Med27,0.025346994,0.3825431
Rapgef1,0.013592005,0.6762666
Trub2,-0.0061441064,0.9275955
Coq4,0.009671332,0.64587337
Slc27a4,-0.0122135,0.5299478
Urm1,0.072531104,0.39056334
2600006K01Rik,-0.0021321485,0.82727945
Cercam,0.0029711863,0.8047115
Odf2,-0.048724726,0.4562114
Gle1,-0.012506269,0.8519955
Sptan1,0.047973335,0.6659127
Wdr34,0.014090579,0.4226497
Set,0.16506028,0.33092782
Pkn3,-0.007750027,0.4226497
Zdhhc12,0.05669472,0.04972738
Zer1,0.09517579,0.11950716
Tbc1d13,-0.020743422,0.60858804
Endog,0.05950091,0.4466179
D2Wsu81e,0.048331358,0.26963973
Ccbl1,0.01650932,0.4807566
1700084E18Rik,-0.005237306,0.42264977
Lrrc8a,0.026071724,0.5957827
Gm28035,0.0,1.0
Phyhd1,-0.0034331195,0.4226497
Dolk,-0.00057727285,0.97639114
Nup188,-0.0033077747,0.89688176
Sh3glb2,0.028575018,0.5763625
Fam73b,-0.00645259,0.4226497
Dolpp1,0.018937781,0.6059433
Crat,0.007004913,0.87666065
Ppp2r4,0.010210946,0.8954306
Ier5l,0.23955506,0.40389314
Gm14487,0.0,1.0
Cstad,-0.01124378,0.42264977
9330198N18Rik,0.0,1.0
Gm14486,0.0,1.0
1700001O22Rik,0.006381331,0.4226497
Ntmt1,-0.010712914,0.7182431
Asb6,0.0761396,0.17660895
Prrx2,0.0,1.0
Ptges,0.0,1.0
Tor1b,-0.0077114105,0.8503566
Tor1a,0.13615058,0.05564556
BC005624,0.05370328,0.5607721
Usp20,0.06980486,0.04739189
Fnbp1,-0.15211177,0.379313
Gpr107,0.023350015,0.32628563
Gm13405,0.0,1.0
Ncs1,0.0,1.0
Hmcn2,0.0,1.0
Ass1,0.102178454,0.038074374
Fubp3,0.021008216,0.76119083
Exosc2,0.056692265,0.092553645
Gm13427,0.0,1.0
Abl1,0.046074223,0.28873035
Qrfp,-0.013370208,0.54241407
Fibcd1,0.0,1.0
Lamc3,0.0,1.0
Aif1l,0.014985092,0.4226497
Nup214,-0.039283857,0.624032
Fam78a,-0.011386514,0.88599086
Plpp7,0.0,1.0
Prrc2b,0.024720132,0.7621816
Gm13610,0.0,1.0
Pomt1,-0.0016479567,0.95016533
Uck1,0.02081833,0.74638146
Swi5,0.08527553,0.5372696
Golga2,0.051950425,0.073878966
Dnm1,0.007858792,0.4226497
Ciz1,0.015085682,0.76929
1110008P14Rik,0.10298319,0.041762486
Lcn2,-0.010625713,0.4226497
Ptges2,0.062475495,0.042091224
Slc25a25,-0.028937653,0.64763355
Naif1,-0.0029107232,0.42264977
Fam102a,0.04016459,0.72766465
Dpm2,0.06390402,0.3414232
9430097D07Rik,0.0,1.0
Pip5kl1,0.0,1.0
St6galnac4,0.07786444,0.23708937
St6galnac6,-0.0163544,0.36164448
Ak1,-0.0029107232,0.42264977
Eng,-0.0015688278,0.9026918
Fpgs,0.0018554181,0.91964537
Cdk9,0.10539402,0.52669597
Sh2d3c,0.067431636,0.24764542
6330409D20Rik,0.0,1.0
Ttc16,0.015339524,0.4226497
Tor2a,0.12005311,0.16367477
Ptrh1,0.010653409,0.66970944
Cfap157,0.0,1.0
Stxbp1,0.010154055,0.54571176
Gm13524,0.0,1.0
Gm13523,0.0,1.0
Fam129b,0.015996395,0.18551134
Lrsam1,0.00527434,0.42264965
Rpl12,0.0056533813,0.9637994
Slc2a8,-0.018212736,0.3884124
Garnl3,-0.021144662,0.41458252
Ralgps1,0.04114339,0.18583058
Angptl2,0.00069994293,0.968191
Zbtb34,0.004225594,0.85525167
Gm13536,0.0,1.0
Zbtb43,0.015519304,0.5272661
Gm13530,0.0,1.0
Lmx1b,0.0,1.0
C130021I20Rik,0.0,1.0
Mvb12b,0.057856403,0.29202795
Nron,0.0,1.0
Gm13403,0.0,1.0
Gm13404,0.0,1.0
Pbx3,0.082815744,0.17672078
Mapkap1,0.033200316,0.6430778
Gapvd1,-0.015134737,0.85264295
Hspa5,-0.0335387,0.7470238
Rabepk,-0.06363596,0.49264306
Fbxw2,0.037910134,0.72703654
Psmd5,0.015579365,0.7945262
Cutal,0.0,1.0
Phf19,-0.013594183,0.19026217
Traf1,0.073262215,0.39713103
Hc,0.0,1.0
Gm13449,0.0,1.0
AI182371,0.0,1.0
Cntrl,0.13806367,0.19772644
Rab14,0.15630472,0.07430802
Gsn,0.06607015,0.25204968
Stom,0.0,1.0
4930402F06Rik,0.0,1.0
Ggta1,-0.04256125,0.33207855
Dab2ip,0.005091832,0.4226497
Ttll11,0.016509656,0.4226497
Ndufa8,0.080744684,0.1908159
Morn5,0.0,1.0
Lhx6,0.0,1.0
Rbm18,0.03236439,0.52604634
Mrrf,-0.006448675,0.4804151
Gm13431,-0.0029107232,0.42264977
Ptgs1,0.07212535,0.42249805
Pdcl,0.0104463175,0.68057823
Rc3h2,0.12389131,0.04450157
Zbtb6,0.031998605,0.33108738
Zbtb26,0.027261728,0.057970338
Rabgap1,-0.0027515516,0.9526958
Strbp,-0.02230914,0.690185
Gpr21,-0.0056724427,0.7299178
Crb2,0.0,1.0
Dennd1a,0.020550944,0.7100845
Lhx2,-0.0126196705,0.4226497
Gm27197,0.0,1.0
Gm13589,0.0,1.0
Nek6,0.011098709,0.73085266
Psmb7,-0.0012354255,0.9873038
Nr6a1,-0.009126243,0.42264977
Nr6a1os,0.0,1.0
Olfml2a,0.0,1.0
Gm13496,0.0,1.0
Wdr38,0.0,1.0
Rpl35,-0.40275264,0.21092589
Arpc5l,0.15805858,0.16609588
Golga1,-0.030330382,0.26287583
Scai,-0.018710203,0.5439597
Ppp6c,-0.04558614,0.39507386
Lrp1b,-0.007159594,0.42264965
Kynu,0.017433232,0.4226497
Arhgap15,-0.23136735,0.05093758
Gtdc1,0.023940101,0.48359182
Zeb2,0.18786927,0.027520569
Zeb2os,0.048275627,0.29027802
Gm13479,0.0,1.0
Gm13470,0.0,1.0
Gm13481,0.0,1.0
Acvr2a,0.050689645,0.22809663
Orc4,0.049861893,0.54965603
Mbd5,0.0738537,0.2653258
Epc2,-0.011220813,0.8618637
Kif5c,0.061344996,0.13270974
Lypd6b,0.01487242,0.5126005
Gm13480,0.0,1.0
Lypd6,0.0,1.0
Mmadhc,-0.026601866,0.15952374
Rnd3,0.009095277,0.4226497
Rbm43,0.047664322,0.315573
Nmi,0.14211184,0.22570807
Tnfaip6,0.005316332,0.7539205
Rif1,0.16159227,0.12536693
Neb,-0.0010142624,0.93240035
Arl5a,0.052415706,0.33471736
Cacnb4,0.01698416,0.24950093
Stam2,-0.029593647,0.48608342
Fmnl2,0.0013572434,0.9238176
Gm26603,0.0,1.0
Prpf40a,0.20568487,0.11638123
Arl6ip6,0.020648643,0.3374737
Rprm,0.0,1.0
Galnt13,0.0,1.0
Gm14033,0.0,1.0
Gm26794,0.0,1.0
Kcnj3,-0.014154504,0.29638314
Nr4a2,0.40343803,0.14449644
Gpd2,-0.06666861,0.20888288
Galnt5,0.0,1.0
Ermn,0.040145412,0.27400258
Cytip,-0.047481656,0.64759064
Gm13546,-0.040669795,0.42264977
Acvr1c,0.0,1.0
Acvr1,0.035095867,0.29637396
Upp2,-0.0012194104,0.9490321
Ccdc148,0.0,1.0
Pkp4,-0.028036434,0.41893062
Dapl1,-0.07755392,0.088701904
Tanc1,0.080033354,0.046410676
Wdsub1,0.005378831,0.8614597
Baz2b,0.031037584,0.74848086
Gm13572,0.0,1.0
Gm13620,0.0,1.0
March7,0.10772771,0.29245648
Cd302,0.0389146,0.24135996
Ly75,-0.021708045,0.5026385
Gm13571,0.0,1.0
Pla2r1,0.0,1.0
Itgb6,0.0,1.0
Rbms1,0.07914448,0.6789793
Tank,-0.042296752,0.57588524
Psmd14,0.0043372214,0.9177927
Tbr1,0.0,1.0
Slc4a10,0.02211033,0.42264977
Dpp4,-0.0033991337,0.9563447
Gm13561,0.0,1.0
Fap,0.0,1.0
Ifih1,-7.709116e-05,0.99850744
Gca,0.00065060146,0.9720722
Kcnh7,-0.0068645435,0.42264965
Fign,0.0,1.0
Grb14,-0.026582714,0.534571
Cobll1,0.031566158,0.41443104
Gm13594,0.0071848137,0.6593945
Slc38a11,0.0,1.0
Scn3a,0.0,1.0
Gm13595,0.0,1.0
Scn2a1,0.0,1.0
Csrnp3,0.0,1.0
Gm13619,0.0,1.0
Galnt3,0.020120526,0.40016624
Ttc21b,-0.010532069,0.48846605
Scn1a,0.0,1.0
Gm13629,0.0,1.0
Scn9a,0.0,1.0
Scn7a,0.0,1.0
B3galt1,0.0,1.0
Stk39,0.018591158,0.68746907
Gm13596,0.0,1.0
Cers6,0.009576147,0.70026696
Nostrin,-0.011150054,0.4226497
Spc25,-0.0056567793,0.42264977
Dhrs9,0.0,1.0
Lrp2,0.0,1.0
Bbs5,0.0,1.0
Klhl41,0.0,1.0
Fastkd1,0.020897686,0.18555549
Ppig,0.17549667,0.114440754
Ccdc173,0.015208151,0.4226497
Phospho2,-0.022869505,0.6007649
Klhl23,0.0,1.0
Ssb,-0.0025698543,0.97940975
Mettl5,0.037113667,0.48796138
Mettl5os,-0.005531991,0.4226497
Ubr3,-0.029140517,0.5565078
Myo3b,0.049066503,0.07290692
Sp5,0.0,1.0
Gad1os,0.0,1.0
Erich2os,0.0,1.0
Erich2,0.0,1.0
Gad1,0.0,1.0
Gm26558,0.0,1.0
Gorasp2,-4.7661364e-05,0.99942267
Tlk1,0.004994184,0.9277852
Mettl8,0.017672557,0.33038196
Dcaf17,0.033646792,0.4204283
Cybrd1,0.0,1.0
Dync1i2,0.17505082,0.12647305
Slc25a12,-0.026437838,0.59699136
Hat1,0.012748361,0.7635875
Metap1d,0.020045156,0.6450763
Dlx1as,0.0,1.0
Dlx1,0.0,1.0
Dlx2,0.0,1.0
Itga6,0.08594768,0.028704436
Gm17250,0.0,1.0
Pdk1,0.03236889,0.7307878
Rapgef4,0.03245858,0.4650394
Rapgef4os2,0.0,1.0
Rapgef4os3,0.0,1.0
Zak,-0.0029107232,0.42264977
Cdca7,-0.068567246,0.18727198
6430710C18Rik,0.0,1.0
Sp3,0.06741552,0.42370236
Sp3os,0.006913811,0.8947772
Ola1,0.06427124,0.25718233
Sp9,0.0,1.0
Cir1,0.08025731,0.4860463
Scrn3,0.039591163,0.3123651
Gpr155,0.03276276,0.48702654
Gm13703,0.0,1.0
Gm13709,0.0,1.0
Gm13707,0.0,1.0
Wipf1,0.010957003,0.86671066
Chrna1,0.0,1.0
Chrna1os,0.007858792,0.4226497
Chn1os3,0.0,1.0
Chn1,-0.011709609,0.42264977
Atf2,-0.0007120967,0.99030167
Gm10822,0.0,1.0
Atp5g3,0.18881607,0.0994529
Lnp,-0.0058071017,0.9132132
Hoxd8,0.0,1.0
Hoxd4,0.0,1.0
Haglr,0.0,1.0
Gm14424,0.0,1.0
Hoxd1,0.0,1.0
Mtx2,-0.008679628,0.7233158
2600014E21Rik,0.0,1.0
Hnrnpa3,0.0353781,0.6436803
Nfe2l2,-0.022810638,0.60663325
Agps,-0.048960246,0.10170389
Ttc30b,-0.009512648,0.5950662
Ttc30a2,0.0,1.0
Ttc30a1,0.0,1.0
Pde11a,0.014128498,0.6666649
Cyct,0.0,1.0
Rbm45,-0.001202656,0.9325806
Osbpl6,0.0,1.0
Prkra,0.038573958,0.11673358
Dfnb59,0.0,1.0
Fkbp7,0.023646433,0.50091636
Plekha3,0.07214262,0.06258913
Ttn,0.0,1.0
Ccdc141,0.0040031117,0.66053694
Sestd1,-0.0104322275,0.6261724
Zfp385b,0.0,1.0
Cwc22,-0.03547083,0.10042302
Ube2e3,0.0331596,0.48200917
Itga4,0.08616811,0.3890183
Cerkl,-0.006146614,0.4226497
Neurod1,0.0,1.0
Ssfa2,0.03637536,0.3207332
Pde1a,0.0,1.0
Dnajc10,0.024110928,0.63392925
Frzb,0.0,1.0
Nckap1,-0.008335158,0.8106953
Dusp19,-0.01630035,0.7799055
Nup35,0.025654163,0.28166598
Zfp804a,0.0,1.0
Gm28675,0.0,1.0
Zc3h15,0.02619043,0.6309056
Itgav,0.06466085,0.50030875
Fam171b,0.012309442,0.42264965
Calcrl,0.019315574,0.45926413
Tfpi,-0.006561104,0.8618645
Gm13710,0.0,1.0
Ctnnd1,-0.032706343,0.4372815
Btbd18,0.0,1.0
2700094K13Rik,0.13655114,0.029160254
Tmx2,0.06348161,0.13722003
Med19,-0.017388035,0.678723
Zdhhc5,0.095737696,0.31729954
Clp1,0.021905258,0.76479536
Ypel4,0.0,1.0
Gm19426,0.0,1.0
Serping1,0.0,1.0
Ube2l6,-0.013814319,0.671154
Timm10,0.0062826946,0.8238054
Slc43a1,-0.008320614,0.42264965
Slc43a3,-0.0034331195,0.4226497
P2rx3,0.0,1.0
Ssrp1,0.1348522,0.0909646
Tnks1bp1,0.0066452622,0.7231567
Aplnr,0.0,1.0
Gm13713,0.0,1.0
Lrrc55,0.0,1.0
Olfr1033,0.0,1.0
Ptprj,0.057333313,0.3630243
4933423P22Rik,0.0,1.0
Nup160,-0.014408071,0.63755405
Fnbp4,0.11388417,0.09684911
Agbl2,0.0,1.0
Mtch2,0.10091597,0.03835989
C1qtnf4,-0.010333799,0.89531994
Ndufs3,-8.869171e-05,0.999323
Kbtbd4,0.014830127,0.31223366
Celf1,-0.05590102,0.4140089
Rapsn,0.07091452,0.1530316
Psmc3,0.20217395,0.16581002
Slc39a13,0.055804342,0.024009166
Spi1,-0.003963046,0.93265486
Mybpc3,0.0060473867,0.5764476
Madd,-0.048792303,0.4695875
Nr1h3,0.0,1.0
Acp2,0.013478365,0.7155925
Ddb2,0.047751106,0.16867433
A330069E16Rik,0.02047028,0.18462586
Gm17281,0.0,1.0
Pacsin3,0.002168836,0.8960828
Arfgap2,0.048214987,0.55223477
1110051M20Rik,0.010297658,0.36087805
Lrp4,-0.0033451049,0.4226497
Ckap5,0.05886331,0.26318964
F2,0.0,1.0
Zfp408,0.0046984926,0.59347105
Arhgap1,-0.01963555,0.682693
Atg13,-0.011196502,0.88152593
Harbi1,0.0497787,0.02969474
Ambra1,0.045851372,0.3868653
Mdk,-0.0016577039,0.91386545
Dgkz,-0.04891321,0.12906243
Gm9821,-0.012634593,0.21313778
Creb3l1,0.021110162,0.18356869
2900072N19Rik,0.0,1.0
Phf21a,0.062158063,0.15018299
Gyltl1b,0.0,1.0
Pex16,0.041156992,0.60685706
1700029I15Rik,0.0,1.0
Mapk8ip1,0.028951252,0.16054612
Cry2,0.02413578,0.24165459
Slc35c1,0.07231952,0.13718247
Gm13814,0.0,1.0
Chst1,0.010611725,0.6036414
Syt13,0.006637106,0.4226497
Prdm11,0.039706595,0.48236364
Trp53i11,0.08458255,0.35988447
Tspan18,0.016394341,0.42264965
Cd82,0.123060346,0.35516685
Alx4,0.0,1.0
Ext2,-0.024229787,0.7593276
Accs,-0.045987803,0.26716748
Accsl,0.0,1.0
Gm13889,0.005534404,0.79530925
Alkbh3,-0.01703937,0.7117551
Hsd17b12,0.010020971,0.9111874
E530001K10Rik,0.0,1.0
Ttc17,-0.029489573,0.36394337
Api5,-0.029728025,0.73830146
Lrrc4c,-0.0033451049,0.4226497
4930445B16Rik,0.0,1.0
Gm10800,0.009227014,0.42264965
B230118H07Rik,0.013339188,0.5508454
Rag1,0.0,1.0
Traf6,-0.014895619,0.42405125
Prr5l,-0.018049238,0.6973876
Gm13905,0.0,1.0
Commd9,-0.02399984,0.57527506
Ldlrad3,0.0,1.0
Gm13919,0.0,1.0
Gm13920,0.0,1.0
Trim44,0.008569881,0.89146346
Fjx1,0.0,1.0
Pamr1,0.0,1.0
Slc1a2,-0.022993572,0.29866758
Gm13872,0.0,1.0
Cd44,0.014119893,0.92829716
Pdhx,0.020285841,0.20162025
Apip,0.10715022,0.02455861
Gm13869,0.0,1.0
Ehf,0.0,1.0
BC016548,0.0,1.0
Elf5,0.0,1.0
Cat,-0.018509485,0.706866
Abtb2,0.0152014205,0.55852866
Nat10,0.05685926,0.36553398
Caprin1,-0.027777076,0.6857088
Lmo2,0.10496337,0.12704046
4931422A03Rik,0.0,1.0
Fbxo3,-0.05812832,0.41055202
Cd59b,0.0,1.0
Cd59a,0.0,1.0
A930018P22Rik,0.0,1.0
D430041D05Rik,0.0,1.0
Gm13883,0.0,1.0
Hipk3,0.0043335855,0.64040244
Cstf3,-0.083408184,0.18911165
Tcp11l1,0.016335014,0.4226497
Depdc7,0.0,1.0
Qser1,0.0035892138,0.85034806
Prrg4,-0.015215599,0.30031756
Ccdc73,-0.03902942,0.4409602
Eif3m,0.10678792,0.20023513
Them7,0.0091543645,0.4226497
Rcn1,0.028714225,0.47960582
Pax6os1,0.0,1.0
Paupar,0.0,1.0
Pax6,0.0,1.0
Elp4,0.018706061,0.57169014
Immp1l,0.16836706,0.10532334
Dnajc24,0.03945341,0.15314344
Mpped2,0.0,1.0
Arl14ep,0.01641807,0.7056853
Kcna4,0.0,1.0
Mettl15,-0.0125346035,0.72664726
Kif18a,-0.010710088,0.49585214
Bdnf,0.0,1.0
Lin7c,0.07601261,0.045764368
Lgr4,0.011119284,0.4226497
Ccdc34,-0.0585142,0.2859789
Gm13936,0.0,1.0
Bbox1,0.0,1.0
Fibin,0.0,1.0
Ano3,0.0,1.0
Lpcat4,0.03521057,0.4197402
Nop10,0.16048038,0.3443565
Slc12a6,0.06787326,0.28630674
Emc4,-0.018328026,0.8211108
Katnbl1,-0.0058059953,0.80834126
Emc7,0.12858367,0.41161576
Chrm5,0.0,1.0
Aven,0.00081761926,0.98676705
Ryr3,-0.005037628,0.4226497
Fmn1,0.0,1.0
Gm13963,0.0,1.0
Gm13964,0.0,1.0
Grem1,0.0,1.0
Scg5,0.0032253526,0.90308535
Arhgap11a,0.0072861733,0.667071
Gjd2,0.0,1.0
C130080G10Rik,0.0,1.0
Aqr,0.046680763,0.55964935
Zfp770,0.036059853,0.24690324
Dph6,-0.02130773,0.011640058
BC052040,0.008108927,0.71802455
Meis2,0.0113992365,0.42264977
2700033N17Rik,0.0,1.0
G630016G05Rik,0.0,1.0
Tmco5,0.0,1.0
D330050G23Rik,0.0,1.0
Gm29340,0.0,1.0
Spred1,-0.0028244443,0.8926211
Fam98b,-0.04328534,0.07127207
Rasgrp1,0.080872655,0.4165143
Thbs1,0.006637106,0.4226497
Fsip1,0.0,1.0
Gpr176,0.0,1.0
Eif2ak4,-0.01468204,0.5963567
Srp14,0.04276061,0.6918358
Bmf,0.024527049,0.033338018
Bub1b,-0.0074064885,0.4226497
Pak6,0.01662761,0.59447974
Ankrd63,0.0,1.0
Plcb2,0.038091965,0.43142474
Inafm2,-0.0070373416,0.88431674
A430105I19Rik,0.0,1.0
Disp2,0.0,1.0
Knstrn,-0.027759258,0.45217472
Gm14091,0.0,1.0
Ivd,-0.041270215,0.25458732
Bahd1,0.026564345,0.63157403
Chst14,0.00721761,0.4226497
Ccdc32,-0.010986909,0.8285218
Rpusd2,0.0019006832,0.848341
Casc5,-0.029070163,0.35112748
Rad51,-0.0044979267,0.70973647
Rmdn3,-0.022182908,0.68820184
Gchfr,0.0,1.0
Dnajc17,-0.027755648,0.07399952
Zfyve19,0.057964638,0.13995469
Ppp1r14d,0.0,1.0
Spint1,0.0329439,0.0046767127
Rhov,0.0,1.0
Vps18,0.055464424,0.20755033
Dll4,0.009095277,0.4226497
Chac1,0.0,1.0
Ino80,0.054400623,0.37391353
Exd1,0.0,1.0
Chp1,0.020381376,0.5659716
1700020I14Rik,0.049542785,0.5494264
Oip5,-0.0034331195,0.4226497
Nusap1,-0.002451323,0.79566723
Ndufaf1,-0.026450302,0.43455485
Rtf1,0.031182349,0.789248
Itpka,0.0,1.0
Ltk,0.013709693,0.4226497
Rpap1,-0.0010388829,0.9700492
Tyro3,0.011978901,0.32146922
Mga,0.10335818,0.2502916
Mapkbp1,-0.00054612197,0.9891432
Jmjd7,-0.009006318,0.6585281
Gm28042,0.0,1.0
Pla2g4b,0.0,1.0
Sptbn5,0.0,1.0
Ehd4,0.05979607,0.11478377
Pla2g4e,0.0,1.0
Pla2g4f,0.0,1.0
Vps39,-0.012530148,0.77870184
Tmem87a,-0.06688909,0.32419637
Ganc,-0.018647954,0.65833825
Capn3,-0.007489655,0.83199364
Zfp106,0.01848758,0.7748681
Gm26899,0.0,1.0
Snap23,0.009917125,0.7727726
Lrrc57,-0.050576977,0.15239267
Haus2,0.023259733,0.5797121
Stard9,0.013732169,0.6083156
Cdan1,-0.0130008925,0.69571805
Ttbk2,-0.0031882022,0.9138293
Ubr1,0.015759252,0.6029336
Tmem62,-0.022324063,0.5496063
Ccndbp1,-0.010825545,0.929165
Epb42,0.0,1.0
Lcmt2,-0.009558499,0.8265997
Adal,0.004731939,0.77954936
Zscan29,-0.077404134,0.0065085907
Tubgcp4,-0.08286887,0.28526348
Trp53bp1,0.05719214,0.30213836
Map1a,0.013195134,0.6917268
Ppip5k1,0.04730014,0.13091245
Ckmt1,0.0,1.0
Strc,0.0,1.0
Catsper2,0.009332068,0.5287041
Pdia3,0.09748232,0.30655068
Ell3,0.0,1.0
Serinc4,-0.002574796,0.42264965
Serf2,-0.056160927,0.72424614
Hypk,0.121101975,0.1118045
Mfap1b,0.04914227,0.35303968
Mfap1a,0.076566994,0.2807686
Wdr76,-0.0069339834,0.7563701
Frmd5,-0.0033451049,0.4226497
Gm14019,0.0,1.0
Casc4,0.009620467,0.60191476
Mageb3,0.0,1.0
Ctdspl2,0.06292262,0.22768056
Eif3j1,0.116678745,0.2586496
Spg11,-0.013158207,0.5733059
Patl2,0.0,1.0
B2m,-0.008861303,0.8871794
Trim69,0.0,1.0
Sord,0.006637106,0.4226497
Duoxa1,0.0,1.0
Shf,0.005649439,0.5852247
Slc28a2,0.04963865,0.3451008
Gatm,-0.019369602,0.54738027
AA467197,0.046754643,0.69553053
Slc30a4,0.0052613784,0.6559543
Bloc1s6os,0.005745491,0.75062513
Bloc1s6,0.08398172,0.20006582
Sqrdl,-0.009679007,0.6639363
Sema6d,-0.0065006427,0.71416795
4930517E11Rik,0.0,1.0
4930583P06Rik,0.0,1.0
Slc24a5,0.015755206,0.7465483
Myef2,0.051675595,0.26480064
Ctxn2,0.0,1.0
Slc12a1,0.0,1.0
Gm14002,0.0,1.0
Dut,-0.087138206,0.2046829
Fbn1,0.0,1.0
Gm9913,0.0,1.0
Cep152,0.04111126,0.19692835
Shc4,0.0,1.0
Eid1,-0.027444988,0.74102014
Secisbp2l,-0.021287896,0.65780747
Cops2,0.07210897,0.18718779
Galk2,0.06639036,0.1805029
Fam227b,0.0,1.0
Fgf7,0.0,1.0
Dtwd1,0.019990578,0.3052676
Gm17555,0.0,1.0
Atp8b4,0.070425004,0.3752153
Slc27a2,0.0,1.0
Hdc,0.0,1.0
Gabpb1,0.052070946,0.15295064
Gm27003,-0.0048835604,0.4226497
Usp8,-0.017270952,0.8333075
Usp50,0.036068954,0.5586988
Trpm7,0.051476486,0.35919914
Sppl2a,0.11843549,0.23754537
Ap4e1,0.028432691,0.06568619
Blvra,-0.017047003,0.6553068
Ncaph,0.01158446,0.30423808
Itpripl1,-0.0021725185,0.9392786
1810024B03Rik,-0.009580495,0.6176825
Snrnp200,-0.046323627,0.69144595
Ciao1,0.021411441,0.60192215
Tmem127,0.14423592,0.011663336
Stard7,-0.042104334,0.3934663
Dusp2,0.26028538,0.39671478
Astl,0.0,1.0
Gpat2,0.012044433,0.4226497
Fahd2a,-0.013124317,0.7740834
Kcnip3,-0.0405356,0.25838396
Prom2,0.0,1.0
Zfp661,0.0,1.0
Mrps5,-0.031439453,0.3745917
Mal,0.023956701,0.820387
Mall,0.0,1.0
Nphp1,0.022435995,0.42264977
1500011K16Rik,-0.006456241,0.78923863
Bub1,-0.0034331195,0.4226497
Acoxl,-0.0019492302,0.9126956
Bcl2l11,-0.07259101,0.5591695
Anapc1,0.052777685,0.38345742
Mertk,0.087171756,0.11803094
Gm14011,0.0,1.0
Tmem87b,-0.023073737,0.5014403
Fbln7,0.0,1.0
Zc3h8,0.007343903,0.86111444
4933427J07Rik,0.0,1.0
Gm10762,0.0,1.0
Zc3h6,-0.0065771416,0.8486559
Ttl,-0.04757602,0.081666924
Polr1b,0.018299729,0.44725886
Chchd5,-0.008660674,0.907667
AI847159,-0.017959991,0.24634138
Gm14029,0.12279831,0.018183243
Slc20a1,0.038540304,0.6360722
A730036I17Rik,0.0,1.0
Ckap2l,-0.0056567793,0.42264977
Il1a,0.037896916,0.61122465
Il1b,0.02879906,0.19810997
Il1bos,0.0,1.0
Sirpa,0.06593075,0.39219496
Pdyn,0.004853252,0.42264965
Stk35,-0.011572944,0.349995
Tgm3,0.0,1.0
Snrpb,-0.05390358,0.62828684
Nop56,0.13837722,0.18916798
Idh3b,0.015020877,0.85273594
Ebf4,0.0,1.0
Cpxm1,0.0,1.0
Pced1a,-0.021063328,0.20378484
Vps16,0.11037874,0.13394992
Ptpra,0.1711511,0.07554057
Mrps26,0.015458316,0.8376673
Oxt,0.0,1.0
Ubox5,0.006251747,0.70741135
Fastkd5,0.03532453,0.25314862
Lzts3,0.00527434,0.42264965
Ddrgk1,0.16502032,0.20923422
Itpa,0.0011880696,0.9640627
Slc4a11,0.0,1.0
4930402H24Rik,-0.038425926,0.33313403
Atrn,0.013251003,0.80826396
Gfra4,0.026888935,0.42264965
Adam33,0.0,1.0
Siglec1,0.0021779225,0.84443057
Hspa12b,0.0,1.0
1700037H04Rik,0.0012075007,0.9726638
Spef1,-0.002574796,0.42264965
Cenpb,0.12228124,0.3371034
Cdc25b,-0.049277384,0.15346974
Ap5s1,0.0116990805,0.65228784
Mavs,-0.043536622,0.35927278
Pank2,0.104638234,0.20037727
Rnf24,0.013166897,0.55238837
Smox,0.02990602,0.4355595
Gm14285,0.0,1.0
Gm14280,0.0,1.0
Erv3,0.0,1.0
Prnp,-0.0084440075,0.887037
Rassf2,-0.026473522,0.45043677
Slc23a2,-0.053457003,0.23365581
Gm14051,0.0,1.0
Tmem230,-0.115635976,0.31742612
Pcna,-0.032381147,0.7900731
AV099323,0.022224935,0.40600255
Cds2,-0.075702235,0.36480993
Prokr2,0.0,1.0
1700026D11Rik,0.026268104,0.20920382
Gpcpd1,-0.014826283,0.8468564
AU019990,0.0,1.0
1110034G24Rik,0.026044637,0.533094
Gm14097,0.0,1.0
Chgb,0.0,1.0
Trmt6,0.060568884,0.4069054
Mcm8,0.0,1.0
Crls1,-0.032326754,0.015143648
Lrrn4,0.0,1.0
Bmp2,-0.005524528,0.7683523
Tmx4,0.011832878,0.8603707
Plcb1,0.012774141,0.64762896
4930545L23Rik,0.0,1.0
9630028H03Rik,0.0,1.0
Plcb4,0.045709353,0.3677462
Lamp5,0.0,1.0
Pak7,-0.0039923578,0.4226497
Ankef1,0.0,1.0
Snap25,0.0083245365,0.4226497
Mkks,-0.04091297,0.59226155
Slx4ip,0.01286527,0.6069002
Jag1,-0.016257728,0.39556408
Btbd3,-0.013488526,0.6231053
Sptlc3,0.0,1.0
Ism1,0.0,1.0
Tasp1,0.033627845,0.5403893
Esf1,0.038356707,0.3769103
Ndufaf5,-0.05994939,0.037504226
Macrod2,-0.0033451049,0.4226497
Flrt3,-0.010383803,0.7821668
Macrod2os2,0.0,1.0
Kif16b,-0.022441875,0.52470255
Kif16bos,0.0,1.0
Snrpb2,0.020647258,0.7800746
Otor,0.0,1.0
Pcsk2os1,0.0,1.0
Pcsk2,-0.0057322513,0.4226497
Bfsp1,0.011224959,0.4226497
Dstn,0.01561296,0.8553897
Rrbp1,0.102868706,0.33746466
Banf2os,0.0,1.0
Gm5535,0.0,1.0
Snx5,0.005927503,0.96713454
Mgme1,0.022100031,0.111055814
Ovol2,0.0,1.0
Csrp2bp,0.01019715,0.54488987
Dzank1,-0.0071821255,0.42264977
Polr3f,0.024355818,0.4415403
Rbbp9,-0.007390336,0.60896045
Sec23b,0.1851972,0.06082442
Gm561,0.0724705,0.4890287
Dtd1,-0.052957207,0.46925107
Slc24a3,0.006637106,0.4226497
Rin2,0.022526272,0.16190325
Naa20,-0.07161434,0.03205315
Crnkl1,-0.019263342,0.54243356
Cfap61,0.0,1.0
Insm1,0.0,1.0
Ralgapa2,0.09516502,0.14092365
A930019D19Rik,0.0,1.0
Kiz,0.0017738193,0.956358
Xrn2,0.15893966,0.20035772
Nkx2-2,0.017376212,0.42264965
Nkx2-2os,0.0,1.0
6430503K07Rik,0.0,1.0
Pax1,0.0,1.0
Sstr4,0.0,1.0
Thbd,0.0,1.0
Cd93,-0.03677998,0.4147649
Gm14120,0.0,1.0
Nxt1,-0.04020133,0.5956889
Gzf1,-0.012692124,0.4226497
Napb,0.0032676542,0.82266665
Cst3,0.27385008,0.3086589
Gm14133,0.0,1.0
Syndig1,0.0,1.0
Zfp120,0.072715774,0.014000794
Gm14139,0.0,1.0
Zfp937,0.007504288,0.8330784
Gm21994,0.045380566,0.18527302
Gm14124,0.0,1.0
3300002I08Rik,-0.005987111,0.4226497
Zfp442,0.043601412,0.26550534
Zfp345,0.0027386588,0.79047334
Cst7,-0.00838697,0.93847555
Apmap,0.013307046,0.8418756
Acss1,0.05291242,0.47192875
Vsx1,0.0,1.0
Platr15,0.0,1.0
Entpd6,-0.0011655241,0.9707158
Pygb,-0.005580142,0.8074025
Abhd12,0.11391724,0.039548326
Gins1,0.0,1.0
Ninl,0.0,1.0
Nanp,0.0,1.0
Gm14149,0.0,1.0
Nsfl1c,0.11022808,0.07267034
Gm14167,0.0,1.0
Fkbp1a,-0.046236336,0.5712167
Sdcbp2,-0.050504275,0.50237983
Snph,0.0,1.0
Rad21l,0.0,1.0
Tmem74bos,0.0,1.0
Tmem74b,0.0,1.0
Psmf1,0.037076987,0.5625676
Angpt4,0.0,1.0
Gm14154,0.0,1.0
Fam110a,0.0415125,0.16770658
Slc52a3,-0.028898122,0.29918647
AA387200,0.0,1.0
Scrt2,0.0,1.0
Srxn1,-0.0065588155,0.58266985
Tcf15,0.0,1.0
Csnk2a1,-0.03589776,0.37167197
Tbc1d20,-0.03433363,0.6140959
Rbck1,0.14431891,0.28441587
Trib3,0.0,1.0
Nrsn2,0.0,1.0
Sox12,0.0147500485,0.4226497
Zcchc3,0.0,1.0
6820408C15Rik,0.0,1.0
Defb20,0.0,1.0
Defb25,0.0,1.0
Rem1,0.0,1.0
H13,0.19563222,0.06643108
Mcts2,0.0,1.0
Gm26841,0.0,1.0
Id1,0.00527434,0.42264965
Cox4i2,-0.0067972695,0.4226497
Bcl2l1,0.0158277,0.62712055
Tpx2,0.0032039867,0.6970237
Foxs1,0.019959934,0.4226497
Dusp15,0.019312246,0.42264965
Ttll9,0.0,1.0
Pdrg1,0.008715868,0.9080792
Xkr7,0.0,1.0
Ccm2l,0.0,1.0
Hck,0.07113836,0.034440666
Tm9sf4,0.07397892,0.2835398
Tspyl3,0.037826166,0.105864525
Plagl2,-0.050876573,0.4413472
Pofut1,-0.0037186071,0.9149366
Kif3b,-0.0030839331,0.8749838
Asxl1,0.018316157,0.63666075
Nol4l,0.014574392,0.32518637
Commd7,0.114558905,0.08851944
Dnmt3bos,0.0,1.0
Dnmt3b,0.0,1.0
Mapre1,-0.019306839,0.8500345
Bpifb4,0.0,1.0
Bpifa5,0.0,1.0
Bpifb5,0.0,1.0
Cdk5rap1,-0.0022132844,0.97135997
Snta1,0.037750155,0.3304216
Cbfa2t2,0.0389578,0.32729676
Necab3,0.0,1.0
1700003F12Rik,-0.0034331195,0.4226497
Actl10,0.0,1.0
E2f1,0.0029137842,0.902804
Pxmp4,0.019311994,0.550646
4930519P11Rik,0.0,1.0
Zfp341,0.021269742,0.0940946
Gm14198,0.0,1.0
Chmp4b,-0.007265568,0.9566311
Raly,-0.09270859,0.5446615
Eif2s2,-0.0010867119,0.9858584
Ahcy,0.03201521,0.43296006
2310005A03Rik,0.0,1.0
Itch,0.015123859,0.8873899
Dynlrb1,-0.23509738,0.06974314
Map1lc3a,0.0639115,0.26716876
Pigu,-0.0001250282,0.9970415
Trp53inp2,0.028161038,0.45645925
Ncoa6,-0.072254196,0.023289155
Ggt7,-0.015398163,0.32399264
Acss2,0.049287617,0.59141845
Gss,0.026658332,0.64254457
Gssos2,0.0,1.0
Myh7b,0.0,1.0
Trpc4ap,-0.10638729,0.06720197
Edem2,0.07418297,0.13880481
Procr,0.0,1.0
Mmp24,0.0,1.0
BC029722,0.029741414,0.743976
Eif6,0.06241125,0.53802294
Gm16098,0.0,1.0
Uqcc1,0.035750125,0.33270526
Gdf5,0.0,1.0
Cep250,0.019017145,0.6970037
6430550D23Rik,0.0,1.0
Ergic3,0.0041486323,0.9039199
Spag4,0.019723773,0.19324706
Cpne1,0.0,1.0
Gm28036,0.0,1.0
Rbm12,0.008884802,0.793261
Nfs1,0.103561506,0.19082657
Romo1,0.09523749,0.46820566
Rbm39,0.1001991,0.50984854
Phf20,0.1504057,0.027245507
Scand1,-0.007036209,0.9496466
Cnbd2,-0.0048835604,0.4226497
Epb41l1,-0.02000138,0.18884297
Aar2,0.035698257,0.3362822
Gm14168,-0.0076771323,0.4226497
Dlgap4,0.03435923,0.63661647
Myl9,0.017673234,0.4226497
Tgif2,0.014393985,0.8253132
4930518I15Rik,0.013307203,0.20510757
1110008F13Rik,0.04289484,0.66707313
Sla2,0.006180957,0.93592495
Ndrg3,-0.0048463196,0.9696428
Dsn1,-0.044217553,0.13537392
Soga1,0.012917787,0.23852162
Samhd1,-0.026960015,0.8348281
Rbl1,-0.016046062,0.67986333
Mroh8,0.0,1.0
Rpn2,0.2345281,0.098831296
Ghrh,0.0,1.0
Manbal,0.0198467,0.69081616
Src,0.03356828,0.4226497
Gm14286,0.0,1.0
Blcap,-0.00052041933,0.9836975
Nnat,-0.004696736,0.77415115
Platr27,0.0,1.0
Ctnnbl1,-0.02640675,0.6352875
Vstm2l,0.014090579,0.4226497
Tti1,0.0359688,0.34984624
Rprd1b,0.027272522,0.62162876
Tgm2,0.011395909,0.21903639
D630003M21Rik,0.0,1.0
1700060C20Rik,0.0,1.0
Lbp,0.0036586132,0.8768409
Snhg11,0.012692455,0.73415023
Ralgapb,-0.033537135,0.37803304
Adig,0.0,1.0
Slc32a1,0.0,1.0
Actr5,-0.046756856,0.405792
Ppp1r16b,0.027409554,0.8056188
Fam83d,-0.0034331195,0.4226497
Dhx35,-0.029436737,0.4226497
Gm826,0.0,1.0
Mafb,0.10886596,0.0066455044
Top1,0.16931224,0.25112665
Plcg1,0.045967855,0.4353227
Gm27206,0.0,1.0
Zhx3,-0.011662523,0.5339723
Gm16751,-0.002483932,0.42264965
Lpin3,0.0,1.0
Chd6,0.018369943,0.7930874
Ptprt,0.0,1.0
Srsf6,0.006579399,0.960008
L3mbtl1,0.0,1.0
Sgk2,-0.0033451049,0.4226497
Ift52,0.018969074,0.53625923
Mybl2,-0.010884732,0.4226497
Gtsf1l,0.0,1.0
Tox2,0.0,1.0
Jph2,0.0,1.0
Oser1,0.004591197,0.9341239
2900093K20Rik,-0.04534815,0.053719465
Gdap1l1,0.0,1.0
Fitm2,-0.0056454088,0.6744302
2310001K24Rik,0.0,1.0
Ttpal,0.11873708,0.032563373
Serinc3,0.091376424,0.58305335
0610039K10Rik,0.0,1.0
Pkig,0.008635055,0.7471493
Gm16316,0.0,1.0
Ada,-0.049195766,0.31993905
Wisp2,0.0,1.0
Rims4,0.0,1.0
Ywhab,0.15145004,0.07476091
Pabpc1l,-0.010824176,0.49408555
Tomm34,-0.039123118,0.576267
Stk4,-0.022372484,0.87114704
Kcns1,0.009393361,0.4226497
A730032A03Rik,0.0,1.0
Wfdc12,0.0,1.0
Slpi,0.021226184,0.19172734
Matn4,0.0,1.0
Rbpjl,0.0,1.0
Sdc4,0.06899534,0.017061375
Sys1,0.054020286,0.67297965
Gm14302,0.0057489253,0.7235863
Dbndd2,0.015156867,0.67513734
Pigt,0.080553174,0.16100161
Wfdc2,0.0,1.0
Wfdc6a,0.0,1.0
Wfdc3,0.0,1.0
Dnttip1,0.0027960837,0.96991855
Gm11457,0.0,1.0
Ube2c,-0.0034331195,0.4226497
Snx21,0.012072726,0.41412145
Acot8,0.022678576,0.7241626
Zswim3,-0.01529371,0.4372366
Zswim1,-0.0015575569,0.9293609
Spata25,0.0,1.0
Neurl2,0.003959677,0.4226497
Ctsa,0.15777372,0.078740016
Pltp,-0.01961743,0.33893034
Pcif1,-0.05203843,0.5049738
Zfp335,0.0057819616,0.76238996
Zfp335os,-0.012722686,0.4226497
Mmp9,0.0,1.0
Slc12a5,0.0,1.0
Ncoa5,-0.01700442,0.7092088
Cd40,0.0,1.0
Cdh22,0.0,1.0
Slc35c2,0.055721186,0.32958984
Elmo2,0.022338111,0.58454067
Zfp663,0.0,1.0
Zfp334,0.0,1.0
Ocstamp,0.0,1.0
Slc13a3,0.0,1.0
Trp53rka,0.05616698,0.17595379
Slc2a10,0.0,1.0
Eya2,0.030588876,0.49151298
Zmynd8,-0.09901965,0.27243665
Platr29,0.0,1.0
Gm11464,0.0,1.0
Ncoa3,0.01505287,0.8732455
Sulf2,0.01747138,0.32923698
5031425F14Rik,0.0029814588,0.7805724
Prex1,0.13951495,0.28016987
Trp53rkb,-0.003391346,0.8105124
Arfgef2,0.030429572,0.35761783
Cse1l,-0.0022542104,0.968931
Gm17096,0.0,1.0
Stau1,0.12473696,0.2156996
Ddx27,-0.0634834,0.5473653
Znfx1,0.06310268,0.115896955
Zfos1,-0.085939944,0.4160628
Kcnb1,0.0,1.0
Ptgis,0.0,1.0
B4galt5,0.056008786,0.49171734
Slc9a8,-0.013753528,0.612298
Spata2,0.0015990436,0.96168536
Rnf114,0.04763587,0.51512164
Snai1,0.0,1.0
Ube2v1,0.052541696,0.23797932
Tmem189,0.07508461,0.05853571
Gm14320,0.0,1.0
Cebpb,0.030650914,0.82906044
A530013C23Rik,0.00721761,0.4226497
Gm14321,0.0,1.0
9230111E07Rik,0.0,1.0
1200007C13Rik,-0.0053430777,0.4226497
Ptpn1,0.22787234,0.0690583
Fam65c,0.011118792,0.4226497
Pard6b,-0.006555653,0.66134125
Gm14235,0.0,1.0
E130018N17Rik,0.0,1.0
Gm20716,0.0,1.0
Adnp,0.045129318,0.3427503
Dpm1,0.013367236,0.89221346
Mocs3,0.009389514,0.68052596
Kcng1,0.0,1.0
Nfatc2,0.07293424,0.24788684
Atp9a,0.017409246,0.39363584
Sall4,0.0,1.0
Zfp64,-0.008119307,0.71602935
1700017J07Rik,0.0,1.0
Gm9873,-0.004221112,0.42264977
Tshz2,0.038008217,0.42264977
Gm26883,0.0,1.0
Zfp217,0.0023360848,0.9552902
Gm17619,0.0,1.0
Bcas1,0.03559328,0.039761223
Bcas1os2,0.0,1.0
Bcas1os1,0.0,1.0
Pfdn4,-0.019682035,0.644691
Gm16796,0.0,1.0
Gm14264,0.0,1.0
Dok5,0.0,1.0
Cbln4,0.0,1.0
Mc3r,0.0,1.0
Gm14275,0.0,1.0
Fam210b,0.018806994,0.3432926
Aurka,-0.014744717,0.2047514
Cstf1,-0.030955963,0.29011732
Cass4,0.033324335,0.2899779
Rtfdc1,-0.050124973,0.5002945
Fam209,0.0,1.0
Tfap2c,0.0,1.0
Bmp7,-0.015891958,0.5052798
Spo11,0.009493543,0.6012946
Rae1,-0.08675893,0.07416452
Rbm38,-0.073976725,0.26081142
Gm14453,0.0,1.0
Zbp1,0.042455673,0.6210159
Pmepa1,0.26650968,0.13917407
Pmepa1os,0.0,1.0
Rab22a,0.011946306,0.6698241
Vapb,-0.06672631,0.31214866
Stx16,0.09532848,0.3808779
Npepl1,0.1066138,0.06309526
Gm10714,-0.0075842906,0.4226497
Nespas,0.0,1.0
Gnas,0.14619446,0.4368705
Gm20721,-0.009570364,0.4226497
Nelfcd,-0.016341403,0.7251848
Ctsz,0.10089433,0.11847398
Tubb1,0.0,1.0
Atp5e,-0.0764761,0.66977155
Slmo2,0.11709374,0.21971819
Zfp831,-0.03752803,0.46434453
Edn3,0.0,1.0
Gm14393,0.0,1.0
Gm14399,0.0,1.0
Gm14443,0.0,1.0
Gm14391,0.011119284,0.4226497
Gm4631,0.0031579547,0.8713439
Gm4723,-0.005535548,0.42264965
Gm4724,-0.00091191754,0.95289433
Gm8923,0.0,1.0
Gm14288,0.0,1.0
Gm6710,0.008824978,0.84745795
Gm8898,0.009709584,0.5143745
Gm2026,0.0,1.0
Gm11008,0.0,1.0
Gm14435,0.0,1.0
Gm14434,0.0,1.0
Gm14308,0.0,1.0
Gm14306,0.0,1.0
Gm14305,-0.010452919,0.8496197
Gm14295,0.015936466,0.39526227
Gm14296,0.012547568,0.36072105
Gm14419,-0.0033451049,0.4226497
Gm14401,0.004853252,0.42264965
Gm14410,-0.008079053,0.60194224
Gm14412,0.0,1.0
Gm14418,-0.018920913,0.19763435
Gm14420,0.0,1.0
Gm14403,-0.0029107232,0.42264977
Gm14322,0.0,1.0
Gm14325,0.005250545,0.8323668
Gm14327,0.009499611,0.46892402
C330013J21Rik,-0.005237306,0.42264977
Gm14326,0.040525902,0.21780327
Etohi1,0.023912463,0.48392883
Gm26869,0.0,1.0
Zfp931,-0.07190941,0.2991801
Phactr3,0.009168638,0.54432714
Sycp2,0.0,1.0
Ppp1r3d,0.009743239,0.42264965
Fam217b,0.012491949,0.19320706
Cdh26,0.0,1.0
Cdh4,0.0,1.0
Taf4a,-0.024218928,0.65498555
Lsm14b,-0.02121691,0.32603368
Psma7,0.07725406,0.4259846
Ss18l1,0.009620967,0.4226497
Mtg2,0.01455877,0.8242328
Hrh3,0.0,1.0
Osbpl2,0.06565599,0.026798321
Adrm1,0.080215156,0.17552556
Lama5,0.0,1.0
Rps21,-0.18025827,0.41396898
Cables2,0.0031812526,0.8914059
B230312C02Rik,0.0,1.0
Slco4a1,0.00885146,0.4124911
Ntsr1,0.0,1.0
Mrgbp,0.01589793,0.72924566
Ogfr,0.0027924925,0.9763407
Col9a3,-0.0057322513,0.4226497
Tcfl5,0.0,1.0
Dido1,0.020871349,0.59433454
Gid8,-0.0067082644,0.90967965
Slc17a9,-0.11689277,0.08042158
Gm27032,0.0,1.0
Ythdf1,0.08692791,0.1920289
Birc7,0.0,1.0
Nkain4,0.0,1.0
Gm14341,0.0,1.0
Arfgap1,0.0009891428,0.9812817
Col20a1,-0.0076771323,0.4226497
Chrna4,0.0,1.0
Kcnq2,-1.5578233e-05,0.9986183
Eef1a2,-0.005241832,0.42264977
Ppdpf,0.15270263,0.2068447
Ptk6,0.0,1.0
Srms,-0.00645259,0.4226497
BC051628,0.0,1.0
Helz2,0.06507276,0.26618305
Gmeb2,-0.0013638884,0.9792942
Stmn3,0.009620967,0.4226497
Rtel1,-0.01906484,0.30638337
Arfrp1,0.019431189,0.74314636
Zgpat,0.0057002306,0.9052669
Lime1,-0.009210234,0.4226497
Zbtb46,0.0,1.0
Tpd52l2,-0.05925791,0.4343912
Dnajc5,-0.028673768,0.65769875
Uckl1,0.04063283,0.18554747
Uckl1os,-0.0061093383,0.4226497
Zfp512b,0.020021383,0.52703005
Prpf6,-0.019289866,0.73492837
Samd10,0.0038814805,0.9271151
Sox18,0.0,1.0
Tcea2,0.01700651,0.33784193
Rgs19,0.11548129,0.02071489
Oprl1,0.0,1.0
Myt1,0.0,1.0
Pcmtd2,0.005195044,0.9052613
Polr3k,0.07257362,0.25818405
Nudt11,0.0,1.0
AU022751,0.0,1.0
Nudt10,0.0,1.0
Bmp15,0.0,1.0
Shroom4,0.0,1.0
Dgkk,0.0,1.0
Clcn5,-0.010105347,0.7385065
Usp27x,0.0,1.0
Ppp1r3f,-0.022826355,0.5546401
Ppp1r3fos,-0.005237306,0.42264977
Foxp3,-0.005413984,0.7375876
Ccdc22,-0.020141058,0.61606765
Cacna1f,0.0,1.0
Syp,-0.020752648,0.19631796
Gm14703,0.0,1.0
Prickle3,0.059904322,0.0135517
Plp2,0.11891806,0.19978271
Magix,0.0,1.0
Gpkow,-0.017387297,0.49019173
Wdr45,0.02373543,0.5332058
Praf2,-0.020951297,0.42704824
Ccdc120,0.0,1.0
Tfe3,0.07069847,0.24838063
Gripap1,0.048232153,0.44515395
Kcnd1,0.0,1.0
Otud5,0.08565995,0.1748988
Pim2,-0.08064823,0.34439817
Slc35a2,0.02202059,0.7031652
Pqbp1,0.0007956028,0.98702794
Timm17b,0.08847566,0.36023122
Gm10490,0.0,1.0
Pcsk1n,0.015971877,0.79773504
Hdac6,0.00561212,0.7214741
Glod5,0.0,1.0
Gm14820,0.0,1.0
Suv39h1,0.010916411,0.42339107
Was,0.11240193,0.31492198
Wdr13,0.021683965,0.4261541
Rbm3,0.370301,0.21697544
Rbm3os,0.011119284,0.4226497
Tbc1d25,0.027309272,0.5092613
Ebp,-0.076174766,0.36208636
Porcn,-0.0034331195,0.4226497
Ftsj1,0.059281223,0.18875399
Slc38a5,0.0,1.0
B630019K06Rik,-0.009853423,0.5090075
Lancl3,-0.010929395,0.23875968
Gm14862,0.0,1.0
Xk,0.0,1.0
1700012L04Rik,0.0,1.0
Cybb,0.031780146,0.3370736
Dynlt3,0.03834389,0.41011766
Hypm,0.0,1.0
Sytl5,0.0,1.0
Srpx,0.0,1.0
Rpgr,0.0118235145,0.62674814
Otc,0.0,1.0
Tspan7,0.0026925728,0.9257718
Gm10489,0.0,1.0
Mid1ip1,0.026218534,0.70424193
Gm14493,0.0,1.0
Gm14483,0.0,1.0
Bcor,0.057650417,0.37895396
Atp6ap2,-0.056668,0.4461832
1810030O07Rik,0.026755907,0.5763908
Med14,0.0024870336,0.96330714
Usp9x,0.10583331,0.29262447
2010308F09Rik,0.0,1.0
Ddx3x,0.09278631,0.52265364
Nyx,0.0,1.0
Cask,0.0062399106,0.7153239
Gpr34,0.14237656,0.10384541
Gpr82,0.0,1.0
Gm14505,0.0,1.0
Maoa,-0.028737698,0.39272645
Maob,0.0,1.0
Ndp,-0.013195922,0.26766688
Efhc2,0.0,1.0
Fundc1,0.04063724,0.11764035
Kdm6a,-0.045421764,0.5071941
4930578C19Rik,0.0,1.0
Gm26652,-0.0034331195,0.4226497
Chst7,0.021356482,0.21718365
Slc9a7,-0.033498347,0.1863215
Rp2,-0.013965236,0.60415787
Jade3,-0.008042091,0.6291445
Rgn,0.0,1.0
Ndufb11,0.033930182,0.82624507
Rbm10,-0.07252667,0.3997977
Uba1,0.06984404,0.3548341
Cdk16,-0.049452245,0.3506477
Usp11,0.04322245,0.20808303
Araf,0.110871166,0.22642733
Syn1,0.0,1.0
Timp1,0.0,1.0
Cfp,-0.016616983,0.42264965
Elk1,-0.013437477,0.25755364
Uxt,0.030489694,0.27503303
Zfp182,-0.030796751,0.2777646
Spaca5,0.0,1.0
Zfp300,-0.00037827902,0.97835904
Gm6938,0.0,1.0
Klhl13,0.0,1.0
Wdr44,-0.0082243085,0.9044558
Dock11,0.13511465,0.15914612
Il13ra1,0.021933462,0.34701002
Zcchc12,0.0,1.0
Lonrf3,0.004733678,0.58764154
Gm14569,0.0,1.0
Pgrmc1,-0.09817721,0.21956095
Akap17b,0.00520326,0.4226497
Slc25a43,0.0,1.0
Slc25a5,-0.09082818,0.47273543
2310010G23Rik,0.0,1.0
C330007P06Rik,0.009015627,0.78046924
Ube2a,0.050364733,0.54455715
Nkrf,0.023210436,0.121002376
Sept6,-0.04806912,0.4565259
Rpl39,-0.21085358,0.37341055
Upf3b,-0.041737676,0.6675186
Nkap,0.11671517,0.10094666
Akap14,0.0,1.0
Ndufa1,-0.102323055,0.49885067
Rnf113a1,0.007977789,0.6084453
Rhox5,0.0,1.0
Rhox8,-0.018784385,0.23138234
Zbtb33,0.040134612,0.044062037
Tmem255a,0.036077976,0.24264285
Atp1b4,0.0,1.0
Lamp2,0.14322853,0.18931098
Gm7598,0.0,1.0
Cul4b,-0.032686282,0.49539936
Mcts1,0.111327544,0.17451265
C1galt1c1,-0.04604379,0.48856944
Gria3,0.009095277,0.4226497
Thoc2,0.05697179,0.28458375
Xiap,-0.052688077,0.24814716
Stag2,-0.011376947,0.9236282
Sh2d1a,0.06547549,0.6627225
Tenm1,0.0,1.0
Dcaf12l2,0.0,1.0
Dcaf12l1,0.0083245365,0.4226497
Prr32,0.0,1.0
Smarca1,0.0,1.0
Ocrl,-0.012093466,0.73097587
Apln,0.005687984,0.6500244
Xpnpep2,0.0,1.0
Sash3,0.04017806,0.49119544
Zdhhc9,-0.003958013,0.7504111
Utp14a,0.02473855,0.68087995
9530027J09Rik,0.0,1.0
Bcorl1,0.0533373,0.30525136
Elf4,0.07632306,0.15521851
Aifm1,0.06995638,0.24767262
Rab33a,0.007412307,0.4226497
Zfp280c,0.03151274,0.24003917
Slc25a14,-0.014071916,0.47189847
Rbmx2,-0.004014984,0.9015699
Enox2,0.009299762,0.58149874
Arhgap36,0.0,1.0
Igsf1,0.0,1.0
Stk26,0.027814567,0.7314746
Frmd7,0.0,1.0
Rap2c,0.034531437,0.53542876
Mbnl3,-0.03587733,0.53116405
Hs6st2,0.0,1.0
Usp26,0.0,1.0
Gpc4,0.0,1.0
Gpc3,0.0,1.0
Ccdc160,0.0,1.0
Phf6,0.00066787004,0.99506503
Hprt,0.043174386,0.46098724
Gm28730,0.0,1.0
Fam122b,-0.017909292,0.640453
Mospd1,-0.03250002,0.66421795
Etd,0.0,1.0
Cxx1c,0.0,1.0
Cxx1a,-0.016053185,0.80063343
Cxx1b,-0.0056489967,0.89782226
4930502E18Rik,0.0,1.0
1700013H16Rik,0.0,1.0
Zfp36l3,0.0,1.0
Xlr,0.03776105,0.1359398
3830403N18Rik,-0.005563151,0.4226497
Zfp449,-0.0126196705,0.4226497
Smim10l2a,0.0,1.0
Ddx26b,0.0060117394,0.66395134
Gm648,0.0,1.0
Mmgt1,-0.016021136,0.39319414
Slc9a6,0.031361412,0.392638
Fhl1,0.009266468,0.5432123
Mtap7d3,0.00520326,0.4226497
Brs3,0.0,1.0
Htatsf1,0.058904685,0.51057297
Gm14718,-0.043329343,0.10599103
Cd40lg,0.05430858,0.6246731
Arhgef6,0.049568623,0.6351838
Rbmx,0.12290475,0.24427538
Gpr101,0.0,1.0
Zic3,0.0,1.0
Fgf13,-0.0027405266,0.9202291
F9,0.0,1.0
Mcf2,0.0,1.0
Atp11c,0.015560444,0.43890297
Sox3,0.0,1.0
Gm14662,0.0,1.0
Gm14664,0.0,1.0
Cdr1,0.0,1.0
Ldoc1,0.0,1.0
Slitrk4,0.0111772865,0.4226497
4930447F04Rik,0.0,1.0
Slitrk2,0.0,1.0
Fmr1os,0.0,1.0
Fmr1,-0.018720806,0.8518462
Fmr1nb,0.0,1.0
Gm14698,0.08776728,0.19274151
Aff2,0.0,1.0
Ids,0.045456477,0.24267438
1110012L19Rik,0.011840105,0.917572
BC023829,0.04103127,0.24178754
Mamld1,0.0,1.0
Mtm1,0.0147191435,0.49075285
Mtmr1,0.016427547,0.86474293
Cd99l2,0.02324891,0.083257295
Hmgb3,-0.011657547,0.7271686
Gpr50,0.0,1.0
Vma21,-0.012024745,0.8891148
Gm1141,0.0,1.0
Prrg3,0.0,1.0
Fate1,0.0,1.0
Cnga2,0.0,1.0
Gabre,0.00520326,0.4226497
Gabra3,0.0,1.0
Gabrq,0.0,1.0
Cetn2,0.023037076,0.6927256
Nsdhl,-0.0077682547,0.7107318
Zfp185,0.0,1.0
Pnma3,0.0,1.0
Xlr4a,-0.007758975,0.9505194
Xlr3a,0.010800052,0.4226497
Xlr5a,0.0,1.0
DXBay18,0.0,1.0
Xlr3b,-0.00027260836,0.9878748
Xlr4b,-0.030277655,0.780058
F8a,0.030986227,0.49414298
Xlr4c,-0.017078754,0.48421532
Zfp275,-0.04285822,0.012445764
Zfp92,0.0,1.0
Haus7,-0.052126735,0.30317065
Bgn,-0.0058948942,0.4226497
Atp2b3,0.0,1.0
Dusp9,0.0,1.0
Pnck,0.0,1.0
Slc6a8,0.00721761,0.4226497
Bcap31,0.071646094,0.50672054
Abcd1,-0.0057485625,0.6794575
Plxnb3,0.0031876322,0.8691577
Srpk3,0.0,1.0
Idh3g,-0.006757438,0.954214
Ssr4,0.080420375,0.51363236
Pdzd4,0.0,1.0
L1cam,-0.013869785,0.5976333
Arhgap4,0.049920425,0.4587271
Avpr2,-0.008778044,0.42264965
Naa10,-0.06532326,0.48667234
Renbp,0.005071752,0.8698931
Hcfc1,0.046296902,0.35405293
Irak1,0.061823815,0.25685385
Mecp2,0.10803817,0.14319934
Opn1mw,0.0,1.0
Tktl1,-9.8094344e-05,0.99702454
Flna,-0.10327464,0.14988731
Emd,-0.012283176,0.8702238
Rpl10,-0.040574074,0.69266087
Dnase1l1,-0.036602333,0.3290454
Taz,0.07432945,0.2201412
Atp6ap1,0.039595112,0.5881218
Gdi1,0.0028184354,0.93757796
Fam50a,0.19108605,0.028117662
Plxna3,-0.010166095,0.30316302
Lage3,0.036443703,0.43365318
Ubl4a,0.04782629,0.69629776
Slc10a3,0.07565291,0.25954247
Fam3a,0.044683218,0.07250237
Ikbkg,0.01963003,0.66622925
G6pdx,-0.05093165,0.21189396
Gm6880,0.0,1.0
Gab3,0.055287935,0.4181172
Dkc1,0.11045976,0.24294731
Mpp1,0.0045717806,0.91911757
F8,0.0,1.0
Fundc2,-0.044222355,0.62182516
Cmc4,0.026101522,0.70185894
Mtcp1,0.027496528,0.3555801
Brcc3,0.07347443,0.26677486
Vbp1,0.08528733,0.59649813
Rab39b,0.0,1.0
Gm15063,0.0,1.0
Pls3,-0.0076771323,0.4226497
Tbl1x,0.07349816,0.366485
Prkx,-0.016349532,0.45818353
Prrg1,0.019542297,0.2242324
Gm7173,0.0,1.0
Mageb16,0.0,1.0
Gm26775,0.0,1.0
Tmem47,0.0,1.0
Dmd,0.0,1.0
Tab3,-0.027049724,0.19675072
Gk,-0.076044604,0.40746716
Gm14764,0.0,1.0
Gm14762,0.0,1.0
5430427O19Rik,0.07688199,0.31183293
Il1rapl1,0.0,1.0
Arx,0.0,1.0
Pola1,-0.023119278,0.48066837
Pcyt1b,-0.0034331195,0.4226497
Pdk3,0.022627424,0.45451957
Gm14798,0.0,1.0
Zfx,0.1393115,0.019632583
Eif2s3x,-0.094683126,0.057667334
Klhl15,-0.020226305,0.51546276
Apoo,0.05254215,0.2387512
Gm14827,-0.002483932,0.42264965
Maged1,0.008685598,0.6972335
Gspt2,0.0,1.0
Zxdb,-0.028764285,0.4341726
RP23-9K14.6,0.0,1.0
Gm26617,0.011118792,0.4226497
Spin4,-0.0033451049,0.4226497
Arhgef9,-0.0033451049,0.4226497
Amer1,0.016458217,0.2378789
Zc4h2,0.00721761,0.4226497
Zc3h12b,0.0,1.0
Las1l,-0.02704893,0.71564966
Msn,0.05181074,0.6946696
F630028O10Rik,0.0,1.0
Vsig4,0.0,1.0
Hsf3,0.0,1.0
Heph,0.0,1.0
Gpr165,0.0,1.0
Eda2r,0.0,1.0
Ar,-0.025221527,0.478736
Ophn1,0.024212252,0.022932513
Yipf6,0.052880667,0.16044365
Stard8,0.00721761,0.4226497
Efnb1,0.025673851,0.31899244
Gm14808,0.0,1.0
Pja1,-0.058292337,0.21915686
Tmem28,0.0,1.0
Eda,0.0,1.0
Awat2,0.002972667,0.844982
Igbp1,0.010072261,0.8871108
Dgat2l6,0.0,1.0
Pdzd11,0.012346655,0.5634343
Kif4,-0.0034331195,0.4226497
Gdpd2,0.0,1.0
Gm14902,0.0,1.0
Dlg3,-0.0045492025,0.82652915
Tex11,0.0,1.0
Slc7a3,0.0,1.0
Snx12,0.05877892,0.095470406
Foxo4,0.04525461,0.13191478
Gm614,-0.004748835,0.82186127
Il2rg,0.18094176,0.24609585
Med12,-0.01037319,0.77971494
Nlgn3,0.018578133,0.26320127
Gjb1,0.008177702,0.623587
Zmym3,0.006553542,0.85742474
Nono,0.18746632,0.087063715
Itgb1bp2,0.0,1.0
Taf1,0.03304185,0.7174682
Ogt,0.01966548,0.7660376
Cxcr3,0.15708601,0.2980244
Gm4779,0.005655481,0.42264977
8030474K03Rik,0.0,1.0
Nhsl2,0.0080507025,0.57923454
Rgag4,0.0,1.0
Pin4,-0.1679364,0.2784563
Ercc6l,0.022061713,0.13954371
Rps4x,-0.058791637,0.564066
Cited1,0.0,1.0
Hdac8,-0.06449101,0.25128102
Phka1,0.0,1.0
Dmrtc1a,0.0,1.0
Nap1l2,0.0074362312,0.42264977
Chic1,0.030515242,0.3389403
Tsx,0.0,1.0
Tsix,-0.004221112,0.42264977
Xist,0.0,1.0
Jpx,0.01224003,0.7820499
Ftx,0.021662958,0.31550336
Slc16a2,-0.0061093383,0.4226497
Rlim,0.20847811,0.013883456
C77370,0.0,1.0
Abcb7,-0.016344124,0.3796025
Uprt,-0.029642487,0.4226497
Zdhhc15,0.009378005,0.8108571
Magee2,0.0,1.0
Pbdc1,-0.02380538,0.59713155
Magee1,0.03451079,0.18924302
5330434G04Rik,-0.0033451049,0.4226497
Atrx,-0.09874195,0.5412948
Magt1,-0.01650691,0.776521
Cox7b,0.0077695847,0.91602874
Atp7a,0.001305595,0.9755089
Tlr13,-0.0060582217,0.65729773
Pgk1,-0.09444472,0.5613081
Taf9b,0.0366075,0.06583713
Fndc3c1,0.0,1.0
Cysltr1,0.033814244,0.5016399
Gm5127,-0.009014205,0.5652062
Zcchc5,0.0,1.0
Lpar4,0.0,1.0
P2ry10,-0.20552617,0.08013435
A630033H20Rik,0.07993022,0.23109056
Gpr174,-0.019007966,0.7060294
Itm2a,0.11268268,0.028443627
2610002M06Rik,0.042846136,0.573122
Fam46d,0.0,1.0
Brwd3,0.0028883964,0.91403896
Hmgn5,-0.090394124,0.11761497
Sh3bgrl,-0.023263276,0.64953196
Gm6377,4.0987507e-05,0.9980541
RP23-240M8.2,0.0,1.0
Pou3f4,0.0,1.0
Rps6ka6,0.0,1.0
Hdx,0.0,1.0
Apool,-0.023503631,0.5730684
Zfp711,0.0,1.0
Chm,0.03222248,0.39935088
Dach2,0.0,1.0
Klhl4,0.008457402,0.4226497
Pabpc5,0.0,1.0
Pcdh11x,0.013414539,0.2032878
Nap1l3,0.083234906,0.13139631
Cldn34c1,0.0,1.0
Cldn34c3,0.0,1.0
Diaph2,0.019978657,0.81271243
Pcdh19,0.013950323,0.42264977
Gm26851,0.0,1.0
Tspan6,0.020037986,0.55860347
Srpx2,0.0,1.0
Sytl4,0.0,1.0
Cstf2,-0.0062957406,0.73270893
Nox1,0.0,1.0
Xkrx,0.0,1.0
Trmt2b,0.010349557,0.84391224
Tmem35,0.0,1.0
Cenpi,-0.007304575,0.42264965
Drp2,0.0,1.0
Timm8a1,-0.09962909,0.009668929
Btk,0.024872515,0.06316234
Rpl36a,-0.20852709,0.2787643
Gla,0.025698435,0.45364204
Hnrnph2,0.08088927,0.25050488
Armcx4,-0.020392338,0.3356655
Armcx1,0.00721761,0.4226497
Armcx6,-0.005563151,0.4226497
Armcx3,-0.00039367378,0.9903761
Armcx2,-0.022429096,0.24362478
Nxf2,0.0,1.0
Zmat1,0.0007172264,0.98684144
Tceal6,0.0,1.0
Armcx5,0.012192912,0.80134726
Gprasp1,0.06399204,0.08690149
Bhlhb9,-0.01412319,0.70624
Gprasp2,0.041489974,0.4686745
Arxes2,0.012611573,0.42264977
Arxes1,0.0,1.0
Bex2,0.0016136616,0.9707628
Nxf3,0.0,1.0
Bex4,-0.0061805197,0.4226497
Tceal8,-0.0023063174,0.8570137
Tceal5,0.0,1.0
Bex1,0.0,1.0
Wbp5,-0.008726239,0.928508
Ngfrap1,-0.010145664,0.9144249
Tceal3,0.0,1.0
Tceal1,0.0144607825,0.4226497
Morf4l2,0.029153675,0.61796224
Glra4,0.0,1.0
Plp1,0.17247963,0.59068966
Rab9b,0.0,1.0
Tmsb15l,-0.046153523,0.42949593
Tmsb15b2,0.0,1.0
Tmsb15b1,0.021740422,0.4815836
Slc25a53,-0.0012443922,0.9621363
Zcchc18,0.018688925,0.74735963
Fam199x,-0.010746587,0.5771975
Nrk,0.0,1.0
Mum1l1,0.0,1.0
D330045A20Rik,-0.0054623517,0.42264965
Rnf128,0.02482031,0.6818621
Tbc1d8b,0.021016156,0.3146719
Cldn2,0.0,1.0
Morc4,0.0,1.0
Rbm41,-0.0150014,0.60962343
Nup62cl,0.0,1.0
Pih1h3b,0.0,1.0
Frmpd3,0.0,1.0
Prps1,0.056152448,0.464893
Tsc22d3,0.06830013,0.7815846
Mid2,0.0,1.0
Vsig1,0.0,1.0
Psmd10,0.07880647,0.10391073
Atg4a,0.0048648044,0.917886
Col4a6,0.0,1.0
Col4a5,0.0,1.0
Irs4,0.0,1.0
Gm15298,0.0,1.0
Gucy2f,0.0,1.0
Nxt2,-0.0144507885,0.5383435
Kcne1l,0.0,1.0
Acsl4,-0.010650471,0.75563663
Tmem164,0.046300106,0.013412327
Ammecr1,-0.024897957,0.07823078
Rgag1,0.0,1.0
Chrdl1,0.0,1.0
Pak3,0.0,1.0
Capn6,0.0,1.0
Dcx,-0.008320614,0.42264965
Alg13,0.008400211,0.79023296
Trpc5,0.0,1.0
Zcchc16,0.0,1.0
Amot,0.0,1.0
Htr2c,0.0,1.0
Lrch2,-0.0033451049,0.4226497
Gm15097,0.0,1.0
Tmem29,-0.029654635,0.35507762
Apex2,-0.009850817,0.42264965
Alas2,0.0,1.0
Pfkfb1,0.0,1.0
Tro,0.0,1.0
Maged2,0.0026105512,0.8750844
Gnl3l,-0.16433293,0.10004203
Fgd1,-0.016317708,0.18874638
Tsr2,0.030414872,0.3641121
Gm15138,0.0,1.0
Wnk3,0.0,1.0
A230072E10Rik,0.022716913,0.30908287
Fam120c,0.018144364,0.23897418
Phf8,-0.09825103,0.20051657
Huwe1,-0.10171205,0.011520317
Hsd17b10,-0.03966388,0.6241272
Ribc1,0.00527434,0.42264965
Smc1a,0.04017988,0.59076554
Iqsec2,0.005971533,0.4226497
Kdm5c,0.054069944,0.17647134
Kantr,-0.018945169,0.29427826
Tspyl2,0.021329172,0.753993
Gpr173,0.0,1.0
Shroom2,0.009453101,0.60254747
Gpr143,0.0,1.0
Usp51,0.0,1.0
Mageh1,0.0056179743,0.70999527
Foxr2,0.0,1.0
Rragb,0.0082437,0.66174126
Klf8,0.0,1.0
Ubqln2,0.029473998,0.57853013
Kctd12b,0.0,1.0
RP23-106P7.5,0.009393361,0.4226497
2210013O21Rik,0.038581863,0.44151333
Spin2c,0.023321955,0.39008325
Cldn34b2,0.0,1.0
Sat1,0.14430636,0.32211795
Acot9,-0.034302816,0.5915364
Prdx4,-0.042345595,0.41055503
Ptchd1,0.0,1.0
Phex,0.0,1.0
Sms,0.0034675598,0.97206235
Mbtps2,0.069563076,0.054928686
Gm15169,0.0,1.0
Klhl34,0.0,1.0
Cnksr2,0.013047755,0.4226497
Rps6ka3,0.11996505,0.23416057
Eif1ax,0.08703217,0.3586863
Map7d2,0.002626428,0.72568315
A830080D01Rik,0.03950366,0.30194202
Sh3kbp1,0.078816175,0.116650224
Map3k15,0.0074362312,0.42264977
Pdha1,0.060548604,0.5937819
Adgrg2,0.0,1.0
Phka2,0.04780604,0.17289044
Rs1,0.0,1.0
Cdkl5,0.020442022,0.42264977
Gja6,0.0,1.0
Scml2,0.010558768,0.42264965
Rai2,0.0,1.0
Nhs,0.0,1.0
Reps2,0.007117682,0.57345253
Rbbp7,0.14228544,0.05714602
Txlng,-0.019641481,0.6866444
Syap1,-0.06661842,0.25115258
Ctps2,0.043425858,0.5276737
S100g,0.0,1.0
Rnf138rt1,0.0,1.0
Ap1s2,0.10731815,0.08707443
Zrsr2,0.16580266,0.12696378
Car5b,-0.03738564,0.06355181
Siah1b,-0.01541916,0.32043305
Tmem27,0.0,1.0
Ace2,0.0,1.0
Bmx,0.0,1.0
Pir,0.0,1.0
Figf,0.0,1.0
Piga,0.0016354844,0.94611716
Asb11,0.0,1.0
Mospd2,0.005804334,0.89864933
Fancb,0.00527434,0.42264965
Glra2,0.0,1.0
Gemin8,0.0033912547,0.78497845
Gpm6b,-0.021681257,0.8543574
Ofd1,-0.045090254,0.24136077
Trappc2,0.015090097,0.72685
Rab9,-0.016422868,0.6754855
Tceanc,0.062890865,0.19129711
Egfl6,0.0,1.0
Gm8817,0.020224,0.50703466
Gm15232,-0.017186362,0.27171752
Gm15228,0.0,1.0
Tmsb4x,-0.04145956,0.75685793
Tlr8,0.0,1.0
Tlr7,0.025528057,0.29578647
Prps2,0.089421354,0.23363912
Frmpd4,0.0,1.0
Msl3,0.0012301803,0.9775701
Arhgap6,0.008917249,0.67802435
Gm15261,0.0,1.0
Hccs,0.048243582,0.17187777
Mid1,0.04011087,0.073270075
Gm15726,-0.0126042375,0.42264977
Gm15247,0.0,1.0
Gm21887,0.014968024,0.4778763
1110015O18Rik,0.0,1.0
Gm17308,0.0,1.0
2700069I18Rik,0.0,1.0
Zfhx4,0.0,1.0
Pex2,-0.02124989,0.686411
Gm8797,0.0270902,0.6493751
Pkia,-0.0054623517,0.42264965
Zc2hc1a,0.02740036,0.08830418
Il7,0.0,1.0
Gm16685,0.0,1.0
Stmn2,0.0,1.0
Hey1,-0.011307535,0.42264977
Mrps28,0.05935666,0.37736267
Tpd52,0.119061776,0.21896407
Zbtb10,-0.019674849,0.4128125
C030034L19Rik,-0.0123034585,0.66460234
Zfp704,-0.00089301076,0.9266208
Pag1,0.1361446,0.11250217
Gm16337,0.0049562985,0.7097
Fabp5,0.032557547,0.58783126
Gm38335,0.0,1.0
Gm9833,0.0,1.0
Fabp4,0.0,1.0
Fabp12,0.0,1.0
Impa1,0.019854054,0.72807354
Zfand1,0.08347607,0.37117
Chmp4c,0.005091832,0.4226497
Snx16,-0.013176817,0.6641026
Gm2464,0.0,1.0
Gm38112,-0.0033451049,0.4226497
Gm2464-1,0.0,1.0
Ralyl,0.0,1.0
Lrrcc1,0.071437985,0.06944801
E2f5,0.06261288,0.2279301
1810022K09Rik,0.02653575,0.6572981
Car13,0.008551011,0.4226497
Car1,0.0,1.0
Car3,0.0,1.0
Car2,0.04027006,0.70159036
A930001A20Rik,0.0,1.0
Gm33819,0.0,1.0
Gm9733,0.0,1.0
Sirpb1a,0.0,1.0
Sirpb1b,0.0,1.0
Sirpb1c,0.0,1.0
Gm5150,0.0,1.0
Ythdf3,-0.011087671,0.8885361
Gm30340,0.0,1.0
Mir124-2hg,0.0,1.0
Bhlhe22,0.0,1.0
Cyp7b1,0.0,1.0
Armc1,0.1085563,0.009145087
Mtfr1,0.049266696,0.31513774
Pde7a,0.20544207,0.19617726
Dnajc5b,0.0,1.0
1700064H15Rik,0.005091832,0.4226497
Crh,0.0,1.0
4632415L05Rik,0.03309964,0.23775743
Cp,0.015736843,0.1848718
Hps3,0.059276886,0.032942075
Hltf,-0.008626297,0.8949295
Gyg,0.006600231,0.9045044
Cpa3,0.0,1.0
Cpb1,0.0,1.0
Agtr1b,0.0,1.0
Gm43674,0.0,1.0
Gm43672,0.052089617,0.24119093
Tbl1xr1,-0.055713296,0.500027
Naaladl2,0.0,1.0
Nlgn1,-0.0033451049,0.4226497
A830092H15Rik,0.0,1.0
Ect2,0.0,1.0
1700125G22Rik,0.0,1.0
Nceh1,0.022203512,0.7435663
Tnfsf10,-0.010974929,0.9191748
Fndc3b,0.04584336,0.2593697
Tmem212,-0.0001529092,0.9917041
Pld1,0.017821118,0.33639544
Tnik,-0.010377511,0.63285744
Slc2a2,0.0,1.0
1700112D23Rik,0.00929911,0.42264977
Eif5a2,0.0147500485,0.4226497
Gm32950,0.0,1.0
Rpl22l1,-0.14203286,0.37961358
Egfem1,0.0,1.0
Mannr,0.0,1.0
Mecom,0.0,1.0
Mecomos,0.0,1.0
Actrt3,0.0,1.0
Mynn,0.10897122,0.11039962
Lrrc34,0.0,1.0
Gm15462,0.0,1.0
4933429H19Rik,-0.006277126,0.6948178
Sec62,-0.014675379,0.9314515
Gpr160,0.0671726,0.3038077
Phc3,0.046711862,0.50223327
Prkci,0.020911772,0.032508716
Skil,0.22151595,0.085904576
Cldn11,-0.026005588,0.5675832
Slc7a14,0.010299058,0.4226497
Gm38025,0.0,1.0
Kcnmb2,0.0,1.0
Zmat3,0.037730627,0.5542904
Pik3ca,-0.070113495,0.35367128
Zfp639,0.038465515,0.37510988
Mfn1,-0.040626496,0.18517826
Gnb4,0.013920538,0.59444195
Gm37640,0.0,1.0
Actl6a,0.07291889,0.50115526
Mrpl47,-0.015491977,0.55149174
Ndufb5,0.08202243,0.45789012
Usp13,0.0,1.0
Gm37459,0.0,1.0
Pex5l,0.03046555,0.3158251
4930419G24Rik,0.0,1.0
Gm43666,0.0,1.0
Ttc14,0.086236596,0.52203244
Ccdc39,0.0,1.0
Gm43140,0.009393361,0.4226497
Gm43077,0.0,1.0
Fxr1,0.080449834,0.06454001
Dnajc19,-0.0008238554,0.98491645
Gm20515,-0.0033451049,0.4226497
Gm29135,0.0,1.0
Gm42695,0.0,1.0
Gm43207,0.0,1.0
Sox2,-0.007265522,0.68521523
Gm43003,-0.0126196705,0.4226497
Atp11b,0.004394412,0.9795372
Dcun1d1,0.061922193,0.28040522
Gm15952,2.3204833e-05,0.9990379
Mccc1,0.014905792,0.53247166
Mccc1os,0.0,1.0
Acad9,0.010971382,0.8745581
D3Ertd254e,0.007189477,0.74477875
Qrfpr,0.0,1.0
Anxa5,0.09786165,0.41801447
1810062G17Rik,0.007412307,0.4226497
Gm11549,0.0,1.0
Exosc9,0.016649604,0.666104
Ccna2,0.0,1.0
Bbs7,0.0,1.0
Trpc3,0.0,1.0
4932438A13Rik,0.034367412,0.7749239
Il2,-0.029105362,0.38454512
Gm12532,0.0,1.0
Il21,0.0,1.0
Cetn4,0.007028081,0.52521545
Bbs12,-0.009154806,0.75660217
Fgf2os,0.0,1.0
Fgf2,0.0,1.0
Nudt6,0.056646075,0.27643704
Spata5,-0.056833245,0.05030714
Spry1,-0.067385435,0.6098359
Gm5148,-0.005919901,0.4226497
Gm42921,-0.00018898584,0.99213964
Gm43821,0.0,1.0
Gm43536,0.0,1.0
Ankrd50,0.02016379,0.68693787
Fat4,0.0,1.0
Intu,-0.00018444099,0.9909977
Slc25a31,0.0,1.0
Hspa4l,0.119594745,0.05507519
Plk4,0.0043601803,0.87464166
Mfsd8,0.02701229,0.2943916
Abhd18,0.017389396,0.65805215
1700034I23Rik,0.0,1.0
Larp1b,-0.020740733,0.8235605
Pgrmc2,-0.020529002,0.8257332
Jade1,0.13448435,0.14890933
Sclt1,-0.016463071,0.7817912
D3Ertd751e,0.012446929,0.69307977
Pcdh10,0.0,1.0
Pabpc4l,0.0,1.0
Pcdh18,0.014985092,0.4226497
Slc7a11,-0.026175378,0.42264965
Gm29230,0.0,1.0
Gm38246,0.0,1.0
Noct,-0.017003018,0.6135971
Elf2,0.047797382,0.5396048
Gm5103,0.0,1.0
Mgarp,-0.008320614,0.42264965
Ndufc1,0.11193618,0.52087295
Naa15,0.062536195,0.49416715
Rab33b,0.044624195,0.11716173
Setd7,0.008276708,0.87301266
Mgst2,0.009637132,0.82905155
Maml3,-0.011367907,0.42264977
Gm37229,0.0,1.0
Gm20089,0.0,1.0
Gm30074,0.0,1.0
Gm37170,0.008219755,0.4226497
Foxo1,0.0059118867,0.9461886
Gm20402,0.0,1.0
Gm30173,0.0,1.0
Gm2447,0.0,1.0
Cog6,-0.019473515,0.6910358
Gm42901,0.0,1.0
Lhfp,0.0,1.0
Gm43803,0.0,1.0
Nhlrc3,0.052967183,0.23137733
Proser1,0.01743573,0.7046784
Stoml3,0.0,1.0
Frem2,0.0,1.0
Ufm1,0.10041134,0.2179955
Trpc4,0.0,1.0
Postn,0.0,1.0
Supt20,0.05531162,0.57986593
Exosc8,0.09534258,0.23177345
Alg5,-0.05018772,0.5521777
Smad9,0.0,1.0
Rfxap,-0.013607651,0.5311748
Sertm1,0.0,1.0
Ccna1,0.0,1.0
Spg20,0.036833864,0.34919006
Ccdc169,0.0,1.0
Dclk1,-0.0023150267,0.90516543
Gm43549,0.0,1.0
Nbea,-0.0045366436,0.8092034
Mab21l1,0.0,1.0
Gm43376,0.0,1.0
Tm4sf1,0.002402668,0.8692471
Tm4sf4,0.0,1.0
Wwtr1,0.009393361,0.4226497
Gm26671,0.0,1.0
Commd2,-0.03953117,0.05986402
Ankub1,-0.0033451049,0.4226497
Rnf13,0.07809658,0.28675902
Pfn2,-0.01224583,0.6983641
4921539H07Rik,0.0,1.0
Tsc22d2,0.34241918,0.107722
Serp1,0.11030489,0.50764304
Eif2a,0.015110686,0.8218225
Selt,-0.11602864,0.055299327
Erich6,0.0,1.0
Siah2,0.032168582,0.16112201
4930593A02Rik,0.0,1.0
Clrn1,0.0,1.0
Gm43570,0.0,1.0
Med12l,0.029025326,0.23404361
Gpr171,0.13229626,0.14903931
P2ry14,0.006640923,0.7984225
Gpr87,0.0,1.0
P2ry13,0.06489318,0.2551961
P2ry12,0.20415457,0.12484087
Igsf10,0.0,1.0
Gm38186,0.0,1.0
Mbnl1,0.24929559,0.07481501
Gm37035,0.0,1.0
P2ry1,0.0,1.0
Gm37696,0.0,1.0
Rap2b,-0.041062444,0.5016624
B430305J03Rik,0.0,1.0
9330121J05Rik,0.0,1.0
Arhgef26,-0.008515983,0.42264977
Dhx36,0.19085313,0.07915639
Gpr149,0.0,1.0
Mme,0.0,1.0
Plch1,0.0,1.0
E130311K13Rik,0.0044486034,0.64215404
Slc33a1,0.0012741014,0.9469445
Gm26850,0.0,1.0
Gmps,0.16182351,0.060450293
Vmn2r1,0.0,1.0
Kcnab1,0.004544245,0.77911735
A330015K06Rik,0.014999765,0.4226497
A730090N16Rik,0.0,1.0
Ssr3,-0.033593222,0.52979934
Tiparp,0.0011202097,0.99458736
Lekr1,-0.0054623517,0.42264965
Ccnl1,0.020019054,0.88928044
Gm37305,0.005226198,0.6929019
Veph1,0.0,1.0
Ptx3,0.0,1.0
Rsrc1,-0.11647566,0.27765983
Mlf1,-0.012914232,0.42264965
Gfm1,0.0141969025,0.45834213
Lxn,-0.065504625,0.05636465
Rarres1,0.0,1.0
Mfsd1,-0.0332959,0.4537943
Iqcj,0.0,1.0
Schip1-1,0.0,1.0
Il12a,0.0140286805,0.4226497
1110032F04Rik,0.009706646,0.4226497
Ift80,0.039451927,0.21698105
Smc4,0.1443539,0.004895352
Trim59,0.09734659,0.13277861
Kpna4,-0.04631293,0.19974734
Gm1647,0.0,1.0
Ppm1l,0.016909089,0.22798666
B3galnt1,0.017838657,0.18363
Nmd3,-0.038248688,0.3959432
Sptssb,0.0,1.0
Sis,0.0,1.0
Slitrk3,0.0,1.0
Gm20754,0.0,1.0
Bche,0.00721761,0.4226497
Zbbx,0.0,1.0
Serpini2,0.0,1.0
Wdr49,0.0,1.0
Pdcd10,0.09812644,0.49655938
Serpini1,-0.007112071,0.6372655
Golim4,0.02813296,0.53522176
Fstl5,0.0,1.0
Rapgef2,-0.062137417,0.15974933
6430573P05Rik,0.011119284,0.4226497
Gm17359,0.0,1.0
Fnip2,-0.01372485,0.30754942
4930589L23Rik,0.0074362312,0.42264977
Ppid,-0.084133804,0.42358556
Etfdh,0.059621714,0.2971192
4930579G24Rik,0.005960242,0.6003298
Rxfp1,0.00721761,0.4226497
Tmem144,-0.008442714,0.42264977
Fam198b,0.0,1.0
Gria2,0.014814349,0.75514215
Glrb,0.00519624,0.6162414
Pdgfc,0.009095277,0.4226497
Ctso,0.12581165,0.021275003
Tdo2,0.0,1.0
Asic5,0.0,1.0
Gucy1b3,0.0,1.0
Gucy1a3,0.0,1.0
Map9,-0.013263843,0.42264965
Npy2r,0.0,1.0
Rbm46,0.0,1.0
Lrat,0.0,1.0
Plrg1,0.038078204,0.3247492
Gm10710,0.0,1.0
Dchs2,0.0,1.0
Sfrp2,-0.013203817,0.42264965
Gm26771,0.024158709,0.22598009
Tlr2,0.06994806,0.12459755
D930015E06Rik,-0.019907683,0.77970856
Mnd1,0.0,1.0
Trim2,0.021787679,0.4397853
Gm6525,0.0,1.0
Fhdc1,-0.0053430777,0.4226497
Arfip1,0.06409058,0.32877943
Gm37240,0.0,1.0
Tigd4,0.0,1.0
Tmem154,-0.013767444,0.7388359
Fbxw7,0.024627402,0.67473036
Gm42812,0.0,1.0
Gatb,-0.014540009,0.71454376
Fam160a1,0.0,1.0
Glt28d2,0.0,1.0
Sh3d19,-0.0022007078,0.92145383
Rps3a1,-0.07186842,0.36556044
Gm37933,0.008215371,0.42264977
Lrba,0.018472731,0.7986064
Mab21l2,0.0,1.0
Gm37876,0.0,1.0
Dclk2,0.004287925,0.745096
Cd1d1,0.0808361,0.25527647
Kirrel,0.0,1.0
Fcrls,0.11479363,0.08465219
Cd5l,0.0,1.0
Fcrl1,0.011191041,0.42264977
Fcrl5,0.0,1.0
Etv3,-0.011854321,0.878441
Arhgef11,0.025688322,0.3277061
Lrrc71,0.0,1.0
Pear1,-0.0019069836,0.9376549
Sh2d2a,0.11845124,0.19712952
Prcc,0.020484852,0.4527452
Hdgf,0.015933245,0.9141796
Mrpl24,-0.009060204,0.93936616
Rrnad1,0.12091546,0.25115287
Isg20l2,0.008548502,0.68660617
Crabp2,0.0,1.0
Nes,0.0,1.0
Bcan,-0.01558187,0.61331767
Hapln2,-0.013879344,0.76813054
Gpatch4,0.022833072,0.2703925
Apoa1bp,0.094276085,0.18604301
Iqgap3,0.0,1.0
Mef2d,0.095914185,0.5590295
1700113A16Rik,0.023401361,0.24271265
AI849053,0.0,1.0
Gm3764,0.009288475,0.81577516
Rhbg,0.0,1.0
Gm38392,0.0,1.0
Tsacc,0.018303826,0.28685135
Cct3,-0.08069664,0.3973251
Glmp,-0.061357155,0.35615978
Tmem79,0.0,1.0
Smg5,0.038254738,0.21255326
Paqr6,0.015737126,0.22456104
Bglap3,0.0,1.0
Bglap2,0.0,1.0
Bglap,0.0,1.0
Pmf1,-0.02850787,0.4513352
Slc25a44,0.024855945,0.23325136
Sema4a,0.2499021,0.08280291
Lmna,-0.047520075,0.3205242
Gm37584,0.02197653,0.20273617
Mex3a,0.00610169,0.8038514
Rab25,0.0,1.0
Lamtor2,0.08294022,0.23339571
Ubqln4,-0.0013984218,0.97505575
Ssr2,0.1267758,0.31795844
Arhgef2,0.02580437,0.7509028
Gm20652,0.0,1.0
Gm43714,0.0,1.0
2810403A07Rik,0.09438376,0.10178681
Rit1,-0.014490299,0.6086756
Gm17146,0.0,1.0
Syt11,-0.115007564,0.09431137
Gon4l,0.07271658,0.1088581
Gm43713,0.00721761,0.4226497
Msto1,0.0447211,0.08609376
Dap3,0.013131112,0.8290912
Ash1l,0.055149287,0.37071252
Gm43738,0.0,1.0
Rusc1,0.04132025,0.49896315
Fdps,0.08335572,0.23392785
Pklr,0.0,1.0
Hcn3,0.0,1.0
Clk2,0.0148638785,0.5369953
Scamp3,0.18781844,0.013912093
Gm16069,-0.0057771145,0.4226497
Fam189b,-0.08649495,0.46970162
Gba,0.017234255,0.6131561
Mtx1,0.074246675,0.0034660674
Thbs3,-0.0033451049,0.4226497
Muc1,-0.013979395,0.18381266
Trim46,-0.015521588,0.34733212
Krtcap2,0.014389038,0.89582944
Dpm3,0.028431118,0.8301636
Slc50a1,0.06886208,0.5813821
Efna1,0.0,1.0
Efna3,0.0,1.0
Gm15998,0.0,1.0
Efna4,0.0,1.0
4731419I09Rik,0.0,1.0
Adam15,0.026365068,0.25918198
Dcst1,0.007412307,0.4226497
Dcst2,0.0,1.0
Zbtb7b,0.011029173,0.6069735
Gm15417,0.027024185,0.067859545
Lenep,0.0,1.0
Flad1,-0.007888339,0.85632366
Cks1b,-0.021727672,0.23901092
Shc1,0.0027035177,0.9602051
Pygo2,0.030750953,0.32942942
Pbxip1,0.02886185,0.49602675
Pmvk,-0.06306586,0.36393312
Kcnn3,0.0,1.0
Adar,0.0069213137,0.8934629
Chrnb2,-0.0076771323,0.4226497
4632404H12Rik,0.0012575947,0.93471795
Ube2q1,0.064982,0.49313286
She,0.019493332,0.42264965
Il6ra,-0.0044462085,0.8845287
Gm42809,-0.008067328,0.4226497
Atp8b2,0.030869743,0.45974028
Hax1,-0.017861843,0.5762645
Gm19710,0.0,1.0
Ubap2l,-0.072194636,0.47610265
4933434E20Rik,0.10835317,0.45883715
Tpm3,0.12392008,0.2422623
Nup210l,0.0,1.0
Rps27,-0.14440298,0.50066274
Rab13,0.0019384683,0.8699715
Jtb,-0.046226293,0.20147839
Creb3l4,0.0,1.0
Slc39a1,0.0642847,0.153974
Crtc2,-0.02962362,0.37546414
Dennd4b,-0.06179064,0.2600971
4930537H20Rik,0.0,1.0
Gatad2b,-0.050376534,0.55891395
Slc27a3,-0.019217381,0.19381018
Ints3,0.009938229,0.7763257
Npr1,-0.017771482,0.4226497
Ilf2,-0.00946933,0.8446651
Snapin,0.045238875,0.51138
Chtop,0.12735838,0.059024453
S100a1,0.025954679,0.5565795
S100a13,-0.21606427,0.1333045
S100a14,0.0,1.0
S100a16,-0.0013678335,0.9668789
S100a3,0.0,1.0
S100a2,0.0,1.0
S100a4,-0.026924372,0.8740674
S100a6,0.16031504,0.49866036
S100a7a,0.0,1.0
S100a8,-0.04058897,0.5286706
S100a9,0.01695583,0.73768216
Lor,0.0,1.0
Gm43740,0.0,1.0
Gm9774,0.00727473,0.5482198
Tchh,0.0,1.0
S100a11,0.063150406,0.673614
S100a10,-0.013611555,0.90141547
Them4,-0.03477809,0.05896082
Them5,0.0,1.0
C2cd4d,0.0,1.0
Rorc,-0.01124378,0.42264977
Lingo4,0.010147593,0.7215342
1700040D17Rik,0.0,1.0
Tdrkh,0.051289055,0.45795333
Oaz3,0.0,1.0
Mrpl9,-0.01533699,0.8585743
Riiad1,0.0,1.0
Celf3,0.0,1.0
Snx27,-0.039000772,0.50555706
Tuft1,0.011118792,0.4226497
Gm15234,0.0,1.0
Cgn,0.0,1.0
Pogz,-0.023035333,0.5553743
Psmb4,0.12618643,0.19958508
Selenbp1,-0.004297428,0.7631635
Rfx5,0.022710625,0.43727243
B230398E01Rik,-0.009784264,0.4226497
Pi4kb,-0.012468835,0.6143304
A730011C13Rik,-0.0015466744,0.9126057
Gm15265,0.006381331,0.4226497
Zfp687,0.00018779933,0.99560565
Psmd4,-0.01707524,0.7664188
Pip5k1a,-0.08592372,0.1885051
Vps72,0.05476518,0.46682343
Tmod4,0.0,1.0
Scnm1,-0.00014037639,0.996214
Lysmd1,0.017899085,0.5369163
Tnfaip8l2,0.02365756,0.8367704
Sema6c,0.0,1.0
Gabpb2,0.04802227,0.44469962
Gm16740,-0.022989344,0.567171
Mllt11,0.035547957,0.38167354
Cdc42se1,-0.076818675,0.44768947
Gm128,-0.0076771323,0.4226497
Bnipl,0.0,1.0
Prune,-0.02157109,0.2785724
Fam63a,0.009422487,0.7909104
Anxa9,0.0,1.0
6330562C20Rik,0.0,1.0
Cers2,0.018017232,0.09028493
Setdb1,0.038958885,0.46318364
Gm4349,0.0,1.0
Arnt,0.021716781,0.52473015
Ctsk,0.0,1.0
Ctss,0.2962036,0.043925334
Hormad1,0.0,1.0
Golph3l,-0.0004563108,0.9924003
Ensa,-0.028269738,0.8059794
Mcl1,0.16511405,0.41294083
Adamtsl4,0.0,1.0
Ecm1,0.03352604,0.30111572
Tars2,0.00053036213,0.9888518
Rprd2,0.009532303,0.90351224
Prpf3,-0.010202132,0.65525734
Gm26594,0.0,1.0
Mrps21,0.034525096,0.7238101
C920021L13Rik,0.002540858,0.8324852
Ciart,0.013111645,0.6157267
BC028528,0.015364896,0.20302805
Aph1a,-0.013102174,0.66568756
Car14,-0.008416946,0.4226497
Anp32e,0.08682385,0.25823775
Plekho1,0.016137213,0.7592208
Vps45,0.03435945,0.40088525
Otud7b,0.013337433,0.62119585
Mtmr11,0.0,1.0
Gm17690,-0.002483932,0.42264965
Sf3b4,-0.055567145,0.15921028
Sv2a,-0.005101869,0.7797641
Bola1,-0.010217205,0.79923975
Gm15444,-0.008224242,0.42264977
Hist2h2ab,0.0,1.0
Hist2h2ac,0.008124326,0.5483978
Hist2h2be,-0.0043225233,0.79916096
Hist2h3c2,0.0,1.0
Gm20632,0.0,1.0
Hist2h2aa2,0.0,1.0
Gm20633,-0.0051752306,0.4226497
Hist2h2aa1,0.044521302,0.24020791
Hist2h3c1,-0.0126196705,0.4226497
Hist2h4,0.009521335,0.7764433
Gm20628,0.0,1.0
Hist2h3b,-0.014740654,0.42264977
Hist2h2bb,0.0,1.0
Hist2h2bb-1,0.0110438485,0.34297007
Fcgr1,0.058683936,0.011918046
BC107364,0.0,1.0
Gm10685,0.0,1.0
Gm15441,0.015129078,0.4226497
Txnip,-0.061818004,0.7348521
Gm16253,0.0,1.0
Polr3gl,0.12314949,0.23459803
Ankrd34a,0.0,1.0
Lix1l,0.008735738,0.42264965
Rbm8a,0.075689495,0.5725496
Pex11b,0.03686384,0.26307023
Gm42957,0.0,1.0
Itga10,0.0,1.0
Ankrd35,-0.013263843,0.42264965
Pias3,0.005574025,0.92697775
Nudt17,0.0,1.0
Polr3c,0.009435959,0.88194543
Rnf115,0.1453318,0.12585373
Cd160,0.14112364,0.21058144
Pdzk1,-0.005563151,0.4226497
Gpr89,0.0016321354,0.9485773
Gja5,-0.0068500307,0.4226497
Gm43734,0.0,1.0
Acp6,-0.0045815185,0.88993746
Bcl9,0.0074996725,0.735513
Chd1l,-0.021317393,0.48209682
Fmo5,0.03240715,0.5578335
Prkab2,0.004320845,0.92340416
Pde4dip,0.061843045,0.18996456
Gm43076,-0.014786988,0.42264965
Sec22b,-0.045265317,0.05585373
Gm5544,0.008457402,0.4226497
Notch2,-0.0101276785,0.92340946
Adam30,0.006365665,0.6270552
Hmgcs2,0.0,1.0
Phgdh,0.08570537,0.37629396
Zfp697,0.009743239,0.42264965
Hsd3b2,0.0,1.0
Hsd3b3,0.0,1.0
Wars2,0.04771346,0.20395063
Tbx15,0.0,1.0
Spag17,0.0,1.0
Wdr3,0.08370867,0.012804744
Gdap2,-0.033499938,0.3928702
Fam46c,-0.05556257,0.567172
Gm12474,0.0,1.0
Man1a2,0.090282604,0.18757963
Gm43464,0.0,1.0
Trim45,-0.005237306,0.42264977
Ttf2,0.015273547,0.41164377
Cd101,0.012266859,0.701773
Ptgfrn,-0.013327318,0.4226497
Cd2,0.103004694,0.11884337
Igsf3,0.0,1.0
Atp1a1,-0.022289425,0.80874467
Mab21l3,0.0,1.0
Slc22a15,0.06646895,0.18208209
Nhlh2,0.0,1.0
Casq2,0.0,1.0
Vangl1,0.009095277,0.4226497
Gm16160,0.0,1.0
Gm43241,0.0,1.0
A230001M10Rik,0.0,1.0
Gm43242,0.0,1.0
Ngf,0.0,1.0
Gm42682,0.0,1.0
Tspan2os,0.0,1.0
Tspan2,-0.012930313,0.7146892
Tshb,0.0,1.0
Gm42681,0.0,1.0
Sike1,-0.05034791,0.6754174
Csde1,0.15995353,0.1972043
Nras,0.034355238,0.6018515
Gm43062,0.0,1.0
Ampd1,0.0,1.0
Dennd2c,0.012710571,0.4226497
Bcas2,0.10915002,0.19672126
Trim33,0.027274549,0.67299634
Syt6,-0.019502167,0.56020975
Atg4a-ps,0.0,1.0
Olfml3,0.14373803,0.026084283
Hipk1,-0.087052286,0.46760654
Gm15886,0.0,1.0
Dclre1b,0.02480525,0.38215697
Ap4b1,-0.010251209,0.75781095
Gm43064,0.0,1.0
Bcl2l15,0.015165899,0.6085609
Ptpn22,0.13294494,0.3519818
Rsbn1,0.09699258,0.2175597
Phtf1os,0.0,1.0
Phtf1,0.018044721,0.5493007
Magi3,0.0065102805,0.68646747
Lrig2,0.021887142,0.41557497
Gm43257,0.0,1.0
Slc16a1,-0.057040818,0.37622514
Gm29561,0.0,1.0
Fam19a3,-0.024787325,0.3704362
Ppm1j,0.0014563128,0.98170257
Rhoc,0.019735742,0.25001407
Mov10,-0.00019194186,0.9965587
Capza1,0.024454176,0.71958774
St7l,0.021328539,0.6507019
Wnt2b,0.0,1.0
Gm42956,0.0,1.0
Cttnbp2nl,0.030048165,0.48336026
Kcnd3os,0.0,1.0
Kcnd3,0.0,1.0
Ddx20,0.0079461485,0.8368488
Fam212b,-0.008515983,0.42264977
Gm43848,-0.023945924,0.41077664
Rap1a,0.15788531,0.34729186
Gm5547,0.009219319,0.7875614
Adora3,0.02115685,0.2913305
Tmigd3,0.009095277,0.4226497
I830077J02Rik,0.012213208,0.3149762
Atp5f1,0.102516174,0.5119638
Wdr77,0.007745035,0.77992594
Ovgp1,-0.00060758786,0.92486435
Pifo,0.0,1.0
Gm42722,0.0044677854,0.95296985
Chil5,-0.013078362,0.4226497
Chia1,0.0,1.0
Chil3,0.0,1.0
Dennd2d,0.014701024,0.6631506
Cept1,0.09801908,0.35405838
Dram2,-0.0063982457,0.74987394
Lrif1,0.008297622,0.90137744
Cd53,-0.029400706,0.8471777
Olfr266,0.0,1.0
Gm35507,0.0,1.0
Gm27008,0.0,1.0
Kcna3,0.0,1.0
AI504432,0.04152362,0.47989422
Kcna2,-0.015949847,0.42264977
Lamtor5,-0.048988342,0.5511269
Slc16a4,0.0,1.0
Rbm15,0.02226805,0.6056857
Kcnc4,0.0,1.0
Slc6a17,0.00527434,0.42264965
Alx3,0.0,1.0
Strip1,-0.0408986,0.265852
Ahcyl1,-0.0929871,0.1038476
Csf1,-0.034668066,0.40582892
Eps8l3,0.0,1.0
4933431E20Rik,-0.0046498263,0.7622142
Gstm5,-0.04127819,0.39410204
Gstm7,-0.010877049,0.28562516
Gstm6,0.0,1.0
Gstm3,0.0,1.0
Gstm2,0.0,1.0
Gstm1,-0.022395022,0.70530105
Gstm4,0.002596092,0.83481824
Ampd2,-0.053354584,0.35054207
Gm12500,0.0,1.0
Gnat2,0.0,1.0
Gnai3,-0.13130644,0.15277998
Gpr61,0.0,1.0
Gm12524,0.0,1.0
Amigo1,-0.0064412556,0.69054526
Cyb561d1,-0.0033358429,0.88470274
Atxn7l2,-0.0073655634,0.58273816
Sypl2,0.0,1.0
Gm42754,0.0,1.0
Psma5,0.18572864,0.042670377
Gm12523,0.0,1.0
Sort1,-0.013260424,0.60069406
Gm12525,0.0,1.0
Mybphl,0.0,1.0
Psrc1,0.0,1.0
Celsr2,0.0,1.0
Sars,0.015821695,0.91704
5330417C22Rik,0.0,1.0
1700013F07Rik,0.0,1.0
Tmem167b,-0.042977907,0.16016169
Taf13,0.10675492,0.08015982
Wdr47,-0.011881214,0.7860377
Clcc1,-0.05189377,0.48620686
Gpsm2,0.02724772,0.4226497
Stxbp3,0.1623149,0.015807994
Fndc7,0.0,1.0
Prpf38b,0.05653259,0.505014
Henmt1,0.0,1.0
Fam102b,0.048351064,0.4362851
Gm43221,0.019229775,0.42264965
Slc25a54,0.0,1.0
Slc25a24,0.010706104,0.7816529
Vav3,-0.036670342,0.4806398
Ntng1,0.0,1.0
Prmt6,0.024404453,0.31642976
C130013H08Rik,0.0,1.0
Amy1,0.0,1.0
Rnpc3,-0.012612633,0.7850463
Col11a1,0.0,1.0
Olfm3,0.0,1.0
S1pr1,-0.13303676,0.29899743
Gm9889,0.014199965,0.42264965
Dph5,0.11987929,0.20483764
Slc30a7,0.026151937,0.25246602
Extl2,0.0020079697,0.8885416
Vcam1,0.009158543,0.5304803
Gpr88,0.0,1.0
Cdc14a,-0.048284136,0.12568079
Rtca,-0.038629267,0.42827344
Gm26530,0.0,1.0
Dbt,0.04298222,0.097296014
Lrrc39,0.0,1.0
Trmt13,-0.043402597,0.483533
Sass6,0.008228701,0.80276173
Gm42893,0.0,1.0
Hiat1,0.025890633,0.68626374
Gm42457,0.0,1.0
4930512P04Rik,0.0,1.0
Slc35a3,0.03772033,0.41805753
Agl,0.028411014,0.38854617
Frrs1,0.011168443,0.7372139
Palmd,0.0,1.0
Plppr4,0.0,1.0
Plppr5,0.0,1.0
Snx7,0.0,1.0
Gm9916,0.0,1.0
Dpyd,-0.0033451049,0.4226497
Ptbp2,0.004370153,0.9148882
6530403H02Rik,0.0,1.0
Rwdd3,-0.0053430777,0.4226497
Tmem56,0.0,1.0
Alg14,0.053197533,0.06865065
Cnn3,-0.021062383,0.19910054
Slc44a3,0.0,1.0
A730020M07Rik,0.0,1.0
F3,-0.01755919,0.33321476
Abcd3,-0.017357232,0.49605396
Arhgap29,0.009393361,0.4226497
Abca4,-0.005987111,0.4226497
Gclm,0.15408571,0.1840693
Dnttip2,0.20026027,0.11613186
Bcar3,0.0,1.0
Fnbp1l,-0.002022496,0.87188935
Gm43569,0.0,1.0
Gm43568,-0.0055062226,0.42264965
Pde5a,0.010338967,0.42264977
4933405D12Rik,0.0,1.0
1810037I17Rik,0.045469582,0.6678093
Usp53,-0.07150184,0.031094637
Myoz2,0.0,1.0
Synpo2,0.0,1.0
Sec24d,0.014558507,0.50250024
Mettl14,0.032366928,0.35270223
Gm43591,-0.002574796,0.42264965
Prss12,-0.020611137,0.38028157
Ndst3,0.0,1.0
Tram1l1,0.0,1.0
Ndst4,0.0,1.0
Ugt8a,-0.024427017,0.18432483
Arsj,0.0,1.0
Gm17225,0.0,1.0
Camk2d,-0.016517043,0.8765257
Gm15551,0.0,1.0
Ank2,-0.018653687,0.48561552
Gm16958,0.0,1.0
Larp7,-0.000829339,0.98930293
Zgrf1,0.011191041,0.42264977
Neurog2,0.0,1.0
Alpk1,0.0,1.0
Tifa,0.08391052,0.17535126
Ap1ar,-0.05094579,0.44245425
Gm43653,0.0,1.0
5730508B09Rik,-0.09270981,0.52164567
Enpep,0.0,1.0
Gm35986,0.0,1.0
Elovl6,0.058388527,0.220672
Egf,-0.00645259,0.4226497
Gm42697,0.0,1.0
Rrh,0.012069266,0.4226497
Gar1,-0.0042444915,0.9609786
Pla2g12a,0.029985942,0.12865229
Casp6,0.041383564,0.36310735
Ccdc109b,-0.02181954,0.50693417
Sec24b,-0.0087702125,0.83517796
Col25a1,0.0,1.0
Etnppl,-0.0126196705,0.4226497
Ostc,0.165544,0.39900854
Rpl34,-0.11324501,0.40753314
Gm42997,-0.005241832,0.42264977
Gm43351,0.0,1.0
Gm43352,-0.0055062226,0.42264965
Lef1,-0.047659278,0.5283568
Hadh,0.0813922,0.2700871
Cyp2u1,0.0045136875,0.6374739
4930534D22Rik,0.0,1.0
Sgms2,0.0,1.0
Papss1,0.02645506,0.5861566
Gm29865,0.0,1.0
Dkk2,0.0,1.0
Aimp1,0.0067924857,0.8895433
Tbck,0.012532502,0.83227825
Gm29811,0.0,1.0
Npnt,0.0,1.0
Gstcd,-0.011541588,0.64870465
Ints12,-0.021804037,0.39121497
Gm43254,-0.014492577,0.5176617
Ppa2,0.1389366,0.11797776
Tet2,-0.013606094,0.779925
Gm42567,0.0,1.0
Gm26691,0.0,1.0
Gm43194,0.0,1.0
Cxxc4,0.0,1.0
Tacr3,0.0,1.0
Cenpe,0.008852477,0.42264977
Bdh2,0.0,1.0
Slc9b2,0.0,1.0
Slc9b1,0.0,1.0
Cisd2,-0.029616773,0.7916253
4930539J05Rik,0.0,1.0
Ube2d3,0.29297113,0.13124499
Manba,-0.010745246,0.6771645
Nfkb1,-0.02555728,0.8619335
Slc39a8,0.084136024,0.25775197
Gm43603,-0.008515983,0.42264977
Bank1,0.018024422,0.43466732
Ppp3ca,0.078644365,0.35250807
Emcn,0.010772373,0.42264965
Ddit4l,0.0,1.0
Gm21962,0.00520326,0.4226497
Gm43403,-0.003686212,0.73904324
H2afz,0.03810084,0.8228597
Dnajb14,0.025062315,0.5811146
Gm43087,0.0,1.0
Gm43689,0.0,1.0
Lamtor3,-0.06015019,0.40877444
Dapp1,0.052896664,0.46235514
Gm19708,0.0,1.0
Gm5105,0.0,1.0
1110002E22Rik,0.0,1.0
Mttp,-0.0067546004,0.69745576
Trmt10a,0.002967298,0.93415326
Adh7,0.0,1.0
Adh1,0.0,1.0
Adh5,0.20150557,0.031531185
Metap1,0.026862353,0.3692043
Eif4e,-0.025364935,0.6205409
4930425O10Rik,0.0,1.0
Tspan5,-0.013711244,0.38100132
Rap1gds1,0.080995664,0.3691086
Stpg2,0.0,1.0
Gm15688,0.0,1.0
Unc5c,0.0,1.0
Gm15689,0.0,1.0
Bmpr1b,0.010421612,0.42264977
Pdlim5,-0.04616981,0.1993105
Gbp5,0.015681941,0.700337
Gbp7,0.07071179,0.41034532
Gbp3,0.016083367,0.67824435
Gbp2b,0.0,1.0
Gbp2,0.07356936,0.43037343
Ccbl2,-0.014984393,0.42264977
Gtf2b,-0.04346037,0.4814647
Pkn2,0.06528698,0.04068629
9530052C20Rik,0.0,1.0
Gm33651,0.0,1.0
Lmo4,0.18434697,0.14599124
Hs2st1,-0.0030831546,0.9236849
Sep15,-0.03789687,0.80629563
Sh3glb1,0.08787781,0.5069438
Clca3a1,0.0,1.0
Gm34866,0.0,1.0
Clca4b,0.0,1.0
Gm16233,0.0,1.0
Clca4a,0.0,1.0
Odf2l,0.015002996,0.7247756
Col24a1,0.0,1.0
Znhit6,0.0019135252,0.92930174
Cyr61,0.0,1.0
Gm17501,0.0,1.0
Ddah1,0.0,1.0
Bcl10,0.087976456,0.47497857
2410004B18Rik,0.015827164,0.8098876
Syde2,0.0,1.0
Wdr63,0.0,1.0
Mcoln3,-0.0063308007,0.69919664
Mcoln2,0.017290782,0.64604604
Lpar3,-0.012844364,0.4226497
Gm10636,0.0,1.0
Ssx2ip,0.04632473,0.06211394
Ctbs,0.017946132,0.3221439
Spata1,-0.028083777,0.16770296
Gng5,0.0091995,0.93803674
Rpf1,0.06773129,0.27877524
Uox,0.0,1.0
Samd13,0.00721761,0.4226497
Prkacb,-0.18889725,0.24201195
Ttll7,-0.004437547,0.9441553
Adgrl2,0.0,1.0
Gm43573,0.0,1.0
Gm30382,0.0,1.0
4930555A03Rik,0.0,1.0
Adgrl4,0.0,1.0
Ifi44,0.027017293,0.22387433
Ptgfr,0.0,1.0
Gipc2,0.0,1.0
Dnajb4,-0.023324415,0.6878775
Fubp1,0.01382345,0.8782549
Nexn,0.0,1.0
Fam73a,0.026987873,0.24716474
Usp33,0.049577247,0.14105569
Zzz3,0.069044486,0.17638151
Ak5,0.0,1.0
Pigk,-0.033814132,0.40709123
St6galnac5,0.011118792,0.4226497
Gm16213,0.0,1.0
Gm43832,0.0,1.0
St6galnac3,-0.009128362,0.8092784
Msh4,0.0,1.0
Rabggtb,0.038341463,0.54471505
Gm43400,0.0,1.0
Acadm,-0.08381511,0.28365982
Slc44a5,0.0,1.0
Tyw3,-0.009118685,0.5638339
Cryz,0.01727447,0.42443618
Erich3,0.0,1.0
Tnni3k,0.0,1.0
Fpgt,0.028014522,0.5049435
Lrriq3,0.0,1.0
4930570G19Rik,0.0,1.0
Negr1,-0.0033451049,0.4226497
Gm15577,0.0,1.0
Gm43159,0.0,1.0
Zranb2,0.040881813,0.5102919
Ptger3,0.023011103,0.18795584
Cth,0.0,1.0
1810013D15Rik,0.0,1.0
Ankrd13c,-0.0047798157,0.94734925
Srsf11,0.17716819,0.18012255
Lrrc40,-0.017067105,0.21937333
B230334C09Rik,-0.0033451049,0.4226497
Lrrc7,0.0,1.0
Depdc1a,0.0,1.0
Rpe65,0.0,1.0
Wls,0.054309048,0.27737212
AI838599,0.0,1.0
Tmem68,-0.0034014322,0.9276994
Tgs1,0.0700017,0.3490739
2210414B05Rik,0.0,1.0
Lyn,0.048278734,0.48640063
Gm26857,0.00527434,0.42264965
Rps20,-0.2972865,0.07222706
Mos,0.0,1.0
Plag1,0.0065636,0.4226497
Chchd7,0.06252615,0.46566218
Gm11808,0.14767551,0.6225695
Penk,0.0,1.0
Impad1,0.0006012097,0.99073744
Fam110b,0.0,1.0
Ubxn2b,0.0013891459,0.9680794
4930430E12Rik,0.0,1.0
Sdcbp,0.038137674,0.7603219
Nsmaf,0.03421995,0.7225376
Tox,-0.009828955,0.8743783
Car8,0.0,1.0
Rab2a,-0.025695235,0.80795556
Chd7,0.13328212,0.24492563
Clvs1,0.0,1.0
Asph,0.053598836,0.3723994
2610301B20Rik,-0.012805912,0.42264965
Plekhf2,0.0043457523,0.45562002
Ndufaf6,-0.00056910515,0.9878329
Gm11827,0.0,1.0
Trp53inp1,-0.102838054,0.4177955
Ccne2,-0.015507597,0.21181989
Ints8,0.041383177,0.44604844
Dpy19l4,0.061885953,0.15371133
Gm26663,0.0,1.0
Esrp1,0.0,1.0
1110037F02Rik,-0.03573844,0.6725801
Rad54b,0.0,1.0
Fsbp,-0.0034331195,0.4226497
Gem,0.043671757,0.44155487
Pdp1,-0.0063122846,0.8210529
Gm10604,0.0,1.0
Gm26895,0.0,1.0
Tmem67,0.00527169,0.7274224
Rbm12b2,-0.04165052,0.055329137
Rbm12b1,-0.017453969,0.47152737
Fam92a,0.04118496,0.6847349
Triqk,0.0,1.0
Runx1t1,-0.010484234,0.42264977
Slc26a7,0.0,1.0
Lrrc69,0.0,1.0
Otud6b,0.0063053183,0.9185564
Tmem55a,0.056763303,0.1065818
Gm11837,0.0,1.0
Necab1,0.0,1.0
Tmem64,-0.06210284,0.5435785
Calb1,0.0,1.0
Decr1,0.012265723,0.71010655
Nbn,-0.0146473665,0.41151303
Osgin2,-0.00676357,0.92030567
Ripk2,0.064736046,0.33181167
Gm11851,0.0,1.0
Mmp16,0.0,1.0
Cpne3,0.08950205,0.4492233
Rmdn1,-0.06522437,0.2034224
Gm12353,0.0,1.0
Wwp1,0.041692622,0.5825001
Slc7a13,0.0,1.0
Atp6v0d2,0.0,1.0
Ttpa,0.0,1.0
Ggh,0.009828076,0.89832443
Nkain3,0.0,1.0
Ccnc,-0.003928207,0.92555106
Tstd3,0.04114843,0.15822577
Usp45,-0.033198606,0.40245605
Pnisr,0.12346667,0.39544034
Coq3,0.029058684,0.03643073
Faxc,0.0,1.0
Fbxl4,0.015895668,0.48795703
Pou3f2,0.0,1.0
Gm30731,0.0,1.0
Gm28448,0.0,1.0
Gm27243,0.0,1.0
Mms22l,-0.010226011,0.7363462
Klhl32,0.010800052,0.4226497
Gm11899,0.0,1.0
Ndufaf4,0.013704851,0.82769597
Gpr63,-0.005037628,0.4226497
Fhl5,0.0,1.0
Ufl1,0.0700923,0.26498067
Fut9,-0.012215766,0.42264965
Manea,-0.025941264,0.54552144
Epha7,0.0,1.0
Gm11924,0.0,1.0
Map3k7,0.00786642,0.6283631
Bach2,0.012112312,0.51116186
Bach2os,0.010421612,0.42264977
Casp8ap2,0.109533556,0.16272469
Mdn1,-0.00023630261,0.9949616
Lyrm2,-0.07554777,0.21084763
Ankrd6,0.0,1.0
Rragd,0.0152047165,0.53838617
Ube2j1,-0.04019417,0.6020124
Gabrr2,0.0,1.0
Gabrr1,0.0,1.0
Pm20d2,0.0,1.0
Srsf12,0.01797567,0.4226497
Pnrc1,0.20491505,0.2179881
Rngtt,0.0052583814,0.8681833
Cnr1,0.0,1.0
Spaca1,0.0,1.0
Akirin2,0.07094681,0.20826438
Orc3,-0.022189818,0.46402448
Rars2,-0.023097627,0.38953567
Slc35a1,-0.0047323518,0.90021443
Cfap206,0.0,1.0
Smim8,0.015149593,0.793124
Zfp292,0.1040543,0.23032439
Mob3b,0.02428393,0.4226497
3110043O21Rik,-0.0036741793,0.93471384
Lingo2,0.0,1.0
Gm12371,0.0,1.0
Aco1,-0.014606394,0.7437167
Ddx58,0.048080616,0.508984
Topors,-0.004492253,0.94238824
Toporsos,-0.04071498,0.6646488
Ndufb6,0.19558112,0.004980062
Tmem215,0.0,1.0
Aptx,0.031895373,0.29372498
Gm6297,0.01566944,0.4226497
Dnaja1,0.22797668,0.19632012
Smu1,-0.015488192,0.68542457
B4galt1,0.0178065,0.8863468
Spink4,0.0,1.0
Bag1,0.076655865,0.3663735
Chmp5,0.022854447,0.85061413
Nfx1,0.04657709,0.25191328
Aqp7,0.0,1.0
Aqp3,-0.037484095,0.5791261
Nol6,-0.03820722,0.19636491
Ube2r2,0.049419463,0.6288161
Ubap2,-0.07045762,0.13650517
Dcaf12,0.066249676,0.20606321
Ubap1,-0.023704141,0.6093961
Kif24,0.0,1.0
Nudt2,0.019537471,0.70612043
AI464131,-0.011965019,0.42264977
1110017D15Rik,-0.008224242,0.42264977
Fam219aos,0.0,1.0
Fam219a,0.026243143,0.17192417
Dnaic1,0.0,1.0
Enho,-0.010669716,0.4710833
Gm12406,0.0,1.0
Gm12405,0.0,1.0
Cntfr,-0.025534049,0.25194612
Il11ra1,0.02256915,0.6081009
Rpp25l,0.056944713,0.28292862
Dctn3,0.053790033,0.5669647
Sigmar1,0.033392288,0.27526775
Galt,0.049643476,0.19021745
Ccl27a,0.03572925,0.40283346
Gm13307,0.0,1.0
Gm20878,-0.005535548,0.42264965
Gm13306,0.0,1.0
Gm13305,0.0,1.0
Gm10600,0.0,1.0
Gm2163,0.0,1.0
Gm2564,0.0,1.0
4930578G10Rik,0.0,1.0
Ccl19,0.0,1.0
Gm12394,0.0,1.0
Fam205a1,0.0,1.0
Phf24,0.0,1.0
Dnajb5,0.015089375,0.2819677
1700022I11Rik,0.0,1.0
Vcp,0.19403061,0.03673808
Fancg,-0.014256213,0.4226497
Pigo,0.038336568,0.07459087
Stoml2,0.057688892,0.30618292
Gm26643,0.0,1.0
Fam214b,0.07421191,0.1837767
Gm26881,0.0,1.0
Unc13b,-0.013735198,0.4226497
Atp8b5,0.0,1.0
Rusc2,0.0083245365,0.4226497
Fam166b,0.0,1.0
Tesk1,-0.0025087222,0.92839
Cd72,0.008398585,0.89098555
Sit1,0.13294126,0.12326753
Ccdc107,0.06106332,0.5970362
Arhgef39,-0.016119452,0.24036081
Gm12454,0.01953171,0.04116523
Car9,0.0,1.0
Tpm2,0.012978698,0.42264965
Tln1,0.00772506,0.91616124
Creb3,0.08266594,0.32437903
Gba2,0.023271907,0.5871668
Rgp1,0.02071583,0.4535418
Msmp,0.0,1.0
Npr2,0.0,1.0
Spag8,0.0,1.0
Hint2,-0.008930057,0.8620204
Fam221b,0.014420774,0.4226497
Tmem8b,-0.025636917,0.42264965
Hrct1,0.0,1.0
5430416O09Rik,0.0,1.0
A630077J23Rik,0.0,1.0
Reck,-0.046937566,0.2508252
Glipr2,-0.09988886,0.4976907
Clta,0.0848254,0.5835916
Gne,0.009168729,0.78024226
Rnf38,0.134985,0.11432411
Melk,-0.0034331195,0.4226497
Pax5,0.0,1.0
Zcchc7,-0.04041344,0.5329526
Grhpr,0.06180692,0.245182
Zbtb5,-0.01163825,0.67725956
1700055D18Rik,0.0,1.0
Polr1e,0.018747736,0.4915739
Fbxo10,0.0,1.0
Tomm5,-0.038777083,0.71901757
Frmpd1,0.0,1.0
Frmpd1os,0.0,1.0
Trmt10b,-0.03311283,0.5334128
Exosc3,0.02728036,0.78128237
Dcaf10,-0.039255593,0.2219285
Slc25a51,0.02295658,0.8169311
Shb,0.005971533,0.4226497
Aldh1b1,-0.00801948,0.4226497
Igfbpl1,0.0,1.0
Stra6l,0.0,1.0
Ccdc180,0.0,1.0
Tdrd7,0.015675656,0.37150314
Tmod1,-0.004205097,0.77851504
Tstd2,-0.019506916,0.50295204
Ncbp1,-0.024543762,0.58311534
Xpa,0.07603808,0.18668677
Trmo,0.038212392,0.5197716
Hemgn,0.0,1.0
Anp32b,0.030385494,0.5701985
Nans,0.008908525,0.64845794
Trim14,0.043759476,0.008679543
Coro2a,0.016917542,0.8727836
Tbc1d2,-0.019138556,0.4226497
Gabbr2,0.0,1.0
Gm568,0.0,1.0
Anks6,0.0,1.0
Galnt12,0.0014823452,0.9693747
Col15a1,-0.0011497112,0.89691055
Tgfbr1,0.123281136,0.24598987
Alg2,-0.034525618,0.2586708
Sec61b,-0.24144483,0.028784754
Nr4a3,0.11586213,0.5599937
Stx17,-0.033929624,0.21621212
Erp44,0.062045008,0.6924214
Invs,0.043630723,0.39332488
Tex10,-0.03191007,0.58915067
Msantd3,0.014985092,0.4226497
Tmeff1,-0.0033451049,0.4226497
Murc,0.0,1.0
Plppr1,0.0,1.0
Acnat1,0.0,1.0
Baat,0.0,1.0
Mrpl50,0.0040572137,0.91045207
Zfp189,-0.005178521,0.7092078
Aldob,0.0,1.0
Tmem246,-0.006146614,0.4226497
Rnf20,0.04525332,0.27277866
Grin3a,0.0,1.0
Ppp3r2,0.0,1.0
Smc2os,0.0,1.0
Smc2,0.03876673,0.2393224
Nipsnap3b,0.02019091,0.5369278
Abca1,0.07028667,0.038744118
AI427809,0.0,1.0
Gm12496,0.0,1.0
Slc44a1,-0.019602519,0.60331845
1700060J05Rik,0.0,1.0
Fsd1l,0.005205906,0.61596906
Fktn,-0.04564643,0.13868374
Tal2,0.0,1.0
Tmem38b,0.020288046,0.42965758
Zfp462,0.0,1.0
Rad23b,0.037475273,0.628649
Klf4,0.051770747,0.27062488
2310081O03Rik,0.0,1.0
Ikbkap,0.00948596,0.74854404
Fam206a,0.05230197,0.18526481
Ctnnal1,-0.0065446743,0.42264977
Tmem245,-0.042729214,0.32050616
Frrs1l,0.0,1.0
Epb41l4b,-0.010648412,0.5756211
Gm12530,0.0,1.0
Ptpn3,0.015362128,0.21049455
Palm2,-0.0033451049,0.4226497
Pakap,0.0,1.0
Akap2,0.0,1.0
D630039A03Rik,0.018342994,0.39663923
Txn1,-0.12012696,0.5523518
Svep1,0.0,1.0
Musk,0.0,1.0
Lpar1,0.011837281,0.78785133
AI314180,0.06883463,0.40948236
Zkscan16,0.0,1.0
Ptgr1,-0.0001338888,0.99428725
Dnajc25,0.043939386,0.45465782
Gng10,-0.007577818,0.65901256
Ugcg,0.088854134,0.58850014
Susd1,-0.010447268,0.5071634
Ptbp3,0.18476927,0.18236771
Hsdl2,0.018183023,0.7316997
E130308A19Rik,0.023598127,0.44187537
Inip,-0.05465995,0.043686096
Snx30,-0.009598978,0.85870236
Slc46a2,-0.03250931,0.2528972
Zfp37,0.0,1.0
Slc31a2,0.018593518,0.4552922
Fkbp15,0.044868883,0.22717631
Slc31a1,0.03305808,0.16463828
Cdc26,0.020991653,0.7874247
Prpf4,-0.02292867,0.7706207
Rnf183,0.0,1.0
Wdr31,-0.005037628,0.4226497
Bspry,0.027526956,0.51558447
Hdhd3,-0.020885164,0.20057166
Alad,0.023866393,0.12125884
Pole3,0.03183151,0.59805036
4933430I17Rik,0.0,1.0
Rgs3,0.124460444,0.15614113
Gm11210,0.0,1.0
Zfp618,0.0,1.0
Ambp,0.0,1.0
Kif12,0.0,1.0
Col27a1,0.028333444,0.21724805
Orm1,0.0,1.0
Orm3,-0.013735198,0.4226497
Orm2,0.0,1.0
Akna,0.16665122,0.03152703
Aknaos,0.0,1.0
Whrn,0.0068730167,0.42264965
Atp6v1g1,0.028157234,0.68406326
6330416G13Rik,0.036030028,0.08883873
Tnfsf15,0.0,1.0
Tnfsf8,0.117499486,0.17072082
Tnc,0.0,1.0
Pappa,0.0,1.0
Astn2,0.0,1.0
Trim32,0.005988648,0.78581387
Tlr4,0.021885311,0.22706118
Brinp1,0.0,1.0
Cdk5rap2,-0.036401145,0.096144244
Megf9,-0.011661517,0.504806
Tle1,0.004887864,0.9161542
Rasef,0.0,1.0
Frmd3,0.0,1.0
Kdm4c,0.049630877,0.014779719
A230083N12Rik,-0.0017727115,0.8466275
Tmem261,-0.053429216,0.62636584
Ptprd,-0.020102764,0.4599575
Gm11261,0.0,1.0
Tyrp1,0.0,1.0
Lurap1l,0.0,1.0
Mpdz,0.0,1.0
Gm11412,0.0,1.0
Gm5860,0.0,1.0
Nfib,0.009131634,0.42264965
Gm11266,0.0,1.0
Zdhhc21,-0.011717223,0.75889707
Frem1,0.0,1.0
Ttc39b,0.023184538,0.6479992
Gm11413,0.0,1.0
Snapc3,0.039491825,0.20263574
Psip1,-0.010324955,0.9184228
Ccdc171,0.011289662,0.6492717
Bnc2,0.0,1.0
Cntln,0.013847348,0.3812925
Sh3gl2,0.0038726623,0.78028756
Adamtsl1,-0.0033451049,0.4226497
Rraga,0.025423512,0.49855015
Haus6,-0.012933286,0.7027643
Plin2,-0.026057802,0.5183536
Dennd4c,-0.032547936,0.64686614
Rps6,-0.1381154,0.16831717
Acer2,0.0045139943,0.73237365
Slc24a2,-0.0317343,0.039048873
Mllt3,0.101722956,0.12871642
Focad,0.050877392,0.15021886
Hacd4,0.021290949,0.0011268925
Ifnb1,0.0,1.0
Klhl9,0.002772808,0.9522183
Gm26566,0.005655481,0.42264977
Gm13283,0.0,1.0
Gm13272,0.0,1.0
Ifnz,0.0,1.0
Gm26525,0.0,1.0
Gm26867,-0.014343509,0.56673235
Gm13285,0.0,1.0
Gm13287,0.0,1.0
Gm13288,0.0,1.0
Mtap,0.062233858,0.16566841
Cdkn2a,0.011157205,0.51965827
Cdkn2b,0.0114127565,0.77170503
Dmrta1,0.03759674,0.31995454
Elavl2,-0.0033962317,0.85372627
Gm12666,0.0,1.0
Tusc1,0.025039926,0.4366468
Caap1,0.01633364,0.78893006
Gm10306,0.0,1.0
Plaa,0.008314632,0.8680251
Ift74,0.00721761,0.4226497
Lrrc19,0.0,1.0
Tek,0.010772373,0.42264965
Eqtn,0.0,1.0
Mysm1,-0.044465825,0.31066173
Jun,0.51278204,0.016292859
Junos,-0.011134966,0.26310426
Gm12708,0.0,1.0
Gm29064,0.0,1.0
Fggy,0.0,1.0
Hook1,0.046429038,0.3465945
Cyp2j12,0.0,1.0
Cyp2j8,0.0,1.0
Cyp2j6,0.019531935,0.4840074
Cyp2j9,0.0,1.0
Gm12695,0.0,1.0
E130114P18Rik,0.014420774,0.4226497
Nfia,0.015907086,0.24468528
0610025J13Rik,0.0,1.0
Tm2d1,0.17082052,0.21847168
Inadl,0.018584479,0.27437958
Kank4,0.0,1.0
Usp1,0.01342348,0.49809542
Dock7,-0.004019481,0.6831278
Angptl3,0.0,1.0
Atg4c,0.032701626,0.4226497
Gm12689,-0.011150054,0.4226497
Alg6,0.0009854138,0.9282063
Itgb3bp,0.0071466565,0.86097175
Efcab7,0.007858792,0.4226497
Pgm2,0.026316166,0.5714882
Ror1,0.0,1.0
Ube2u,0.0,1.0
Cachd1,0.0,1.0
Raver2,-0.01934334,0.42264977
Jak1,0.05115497,0.36596406
E130102H24Rik,-0.038531624,0.43882123
0610043K17Rik,-0.011709609,0.42264977
Ak4,0.0,1.0
Dnajc6,0.010255249,0.4226497
Leprot,0.06646271,0.3434815
Lepr,0.0,1.0
Pde4b,0.1353204,0.3632274
Sgip1,0.027635813,0.33532318
Tctex1d1,0.0,1.0
Insl5,0.0,1.0
Wdr78,-0.005516799,0.7453112
Mier1,0.22372651,0.20777239
Slc35d1,0.08223089,0.10790168
Gm44037,-0.0011061416,0.92150956
Oma1,0.07143366,0.03276607
Dab1,0.0,1.0
1700024P16Rik,0.0,1.0
Prkaa2,0.0091543645,0.4226497
Plpp3,0.030654065,0.5438732
Usp24,-0.027332567,0.6377012
Pcsk9,0.0,1.0
Dhcr24,-0.008926662,0.6133174
Ttc22,0.0,1.0
Pars2,-0.00685286,0.50457054
Ttc4,-0.0037113354,0.95296377
Mroh7,0.0,1.0
Fam151a,0.0,1.0
Acot11,-0.00047131907,0.95318824
Ssbp3,0.038634643,0.40862307
Mrpl37,0.015768325,0.6516189
Cyb5rl,-0.005403064,0.8496623
Gm12802,-0.0051752306,0.4226497
Tceanc2,-0.033903167,0.7286511
Tmem59,0.22740436,0.11695439
Lrrc42,0.0011042133,0.9641144
Hspb11,-0.07429184,0.042480364
Dio1,0.0,1.0
Yipf1,0.078553006,0.070539534
Ndc1,-0.02323898,0.17693932
Glis1,0.0,1.0
Dmrtb1,0.0,1.0
4933424M12Rik,0.00721761,0.4226497
Lrp8,0.0075351186,0.77444625
Lrp8os1,0.0,1.0
Magoh,-0.0901773,0.22297008
0610037L13Rik,0.028051503,0.759098
Cpt2,-0.010685211,0.527892
4930407G08Rik,0.0,1.0
Slc1a7,0.0,1.0
Podn,0.0,1.0
Scp2,-0.10163146,0.38345322
Echdc2,0.00705788,0.6069066
Zyg11b,-0.00013196468,0.9984445
Coa7,0.03689405,0.39978558
Fam159a,0.0,1.0
Gpx7,0.009620967,0.4226497
Zcchc11,0.062040806,0.6297958
Prpf38a,0.05763237,0.5483285
Orc1,0.0,1.0
Cc2d1b,0.050863963,0.14492714
Gm17354,0.0,1.0
Zfyve9,0.0,1.0
3110021N24Rik,0.0,1.0
Btf3l4,0.09545424,0.056517977
Txndc12,-0.010100197,0.7968722
A730015C16Rik,0.004544245,0.77911735
Kti12,0.08825076,0.28870282
Rab3b,0.0,1.0
Nrd1,0.0560437,0.42945233
Osbpl9,0.086403504,0.50212693
Calr4,0.0,1.0
Eps15,0.0751213,0.2033655
Ttc39a,0.0,1.0
Rnf11,0.098294854,0.23928317
Cdkn2c,0.019869365,0.6628713
Faf1,0.054424517,0.24891376
Dmrta2os,0.0,1.0
Dmrta2,-0.0033451049,0.4226497
Elavl4,0.0,1.0
Agbl4,-0.0061805197,0.4226497
Bend5,-0.022431329,0.4382898
Spata6,-0.030598395,0.19823827
Skint3,0.0,1.0
Trabd2b,0.0,1.0
9130410C08Rik,0.0,1.0
Gm12830,0.0,1.0
Foxd2,-0.0054623517,0.42264965
Cmpk1,-0.016352743,0.6183027
Stil,0.0,1.0
Tal1,-0.0049051316,0.4226497
Pdzk1ip1,0.0,1.0
Cyp4x1,0.0,1.0
Cyp4x1os,0.0,1.0
Cyp4b1,0.0,1.0
Efcab14,0.05722575,0.38292825
Tex38,0.0,1.0
Atpaf1,0.005733408,0.9132456
Mob3c,0.075341284,0.13183843
Mknk1,0.10870624,0.045145124
Gm29434,0.0,1.0
Kncn,0.0,1.0
6430628N08Rik,0.0,1.0
Faah,-0.006511092,0.82873166
Nsun4,0.033639763,0.43008488
Uqcrh,-0.061412573,0.66162163
Lrrc41,-0.0048604608,0.86205196
Rad54l,-0.0034331195,0.4226497
Pomgnt1,0.03643863,0.2574292
Lurap1,0.0,1.0
Tspan1,0.0,1.0
Pik3r3,0.015333638,0.5405435
Mast2,0.018440638,0.61514443
Ipp,-0.0012560864,0.88028634
Tmem69,-0.005881412,0.77016926
Gm12953,0.0,1.0
Gpbp1l1,0.029905349,0.54932094
Ccdc17,-0.010884732,0.4226497
Nasp,-0.07803327,0.54799545
Akr1a1,0.06005639,0.355473
Prdx1,0.067507386,0.5824248
Mmachc,-0.010069309,0.6364337
Ccdc163,-0.024976319,0.36609325
Tesk2,-0.011733608,0.3429235
Toe1,0.012936633,0.7315939
Mutyh,0.0010657348,0.9423665
Hpdl,0.0,1.0
Gm12996,0.0,1.0
Zswim5,0.0,1.0
Urod,-0.105823144,0.011383232
Hectd3,-0.02810112,0.54849404
Eif2b3,0.025355645,0.5443817
Ptch2,0.0,1.0
Btbd19,-0.041632023,0.49734616
Tctex1d4,-0.03168982,0.31173494
Plk3,0.10596605,0.42634988
Rps8,-0.07408714,0.3080896
Kif2c,0.0,1.0
Gm1661,0.0,1.0
Tmem53,0.0,1.0
Rnf220,0.050562084,0.4920364
Gm12843,0.0,1.0
Gm12827,0.0,1.0
Eri3,0.006031908,0.85204285
Dmap1,0.0045983717,0.8342076
Gm12840,-0.03515792,0.8417288
Slc6a9,0.01805536,0.46752468
Ccdc24,0.0,1.0
B4galt2,0.0,1.0
Gm12841,0.0,1.0
Atp6v0b,0.027363598,0.72224694
Dph2,-0.01308475,0.42264965
Ipo13,-0.015508538,0.45321137
Artn,0.0,1.0
St3gal3,-0.0044758692,0.8458076
9530034E10Rik,-0.016778206,0.19562237
Kdm4a,-0.05003049,0.23187456
Ptprf,0.019350527,0.42264965
Szt2,-0.009905281,0.65893793
Med8,0.0012560487,0.96657765
Elovl1,0.064130306,0.3824016
Cdc20,0.00527434,0.42264965
Mpl,0.0,1.0
Tie1,0.0,1.0
2610528J11Rik,0.0,1.0
Tmem125,0.023543831,0.47413045
Cfap57,0.0,1.0
Ebna1bp2,0.049991846,0.35681814
Gm12863,0.0,1.0
Lao1,0.0,1.0
Gm12862,0.0,1.0
Gm12866,0.0,1.0
Slc2a1,0.111084625,0.17457211
Gm12867,0.0,1.0
Gm12868,0.0,1.0
Zfp691,-0.01293399,0.55652875
Ermap,0.0,1.0
Svbp,0.074431926,0.35151908
AU022252,-0.01646344,0.39407474
4930538K18Rik,0.0,1.0
P3h1,0.050405655,0.13622743
Gm12927,0.0,1.0
Cldn19,0.0,1.0
Ybx1,0.085731864,0.1659541
Ppih,0.038844213,0.35026118
Ccdc30,-0.02240743,0.23787606
Ppcs,0.074820176,0.018448463
Zmynd12,-0.0126196705,0.4226497
Rimkla,0.0,1.0
AA415398,0.016252488,0.24262702
Foxj3,0.032806255,0.21473765
Hivep3,0.11937431,0.010844506
Foxo6,0.0,1.0
Foxo6os,0.0,1.0
Scmh1,0.009631513,0.44868144
Slfnl1,0.0,1.0
Ctps,-0.019195244,0.69823843
Cited4,0.019285606,0.32699752
Kcnq4,0.0,1.0
Nfyc,-0.007502489,0.8557637
Rims3,0.0,1.0
Exo5,0.001538218,0.91099185
Zfp69,0.010364588,0.5319556
Smap2,-0.03542638,0.6863468
Col9a2,0.0,1.0
Zmpste24,-0.032692194,0.38381705
Rlf,0.059949547,0.2857976
Ppt1,0.076115474,0.17396373
Cap1,-0.081135124,0.41777208
Mfsd2a,-0.044324055,0.31769276
Mycl,0.0,1.0
Trit1,-0.011863511,0.7878741
Bmp8b,0.0,1.0
Ppie,0.00400649,0.9355656
Hpcal4,0.0,1.0
Nt5c1a,0.0,1.0
Heyl,0.0,1.0
Pabpc4,0.046798296,0.5350707
Bmp8a,0.0,1.0
Macf1,-0.0493747,0.56179947
Gm12925,0.0,1.0
Ndufs5,0.06305581,0.30898553
Akirin1,-0.12885882,0.12314665
Rhbdl2,0.0,1.0
Gm26606,-0.0029107232,0.42264977
Mycbp,-0.038875055,0.21666647
Gm12905,0.0,1.0
Rragc,-0.04094304,0.37331614
1700057H15Rik,0.0,1.0
Gm27247,0.0,1.0
4933407E24Rik,0.0,1.0
3100002H09Rik,0.0,1.0
Pou3f1,-0.00692739,0.42264977
Utp11l,-0.086908385,0.13929585
Fhl3,-0.002442386,0.8679025
Sf3a3,0.103811204,0.25968271
Inpp5b,0.035198614,0.48457202
Mtf1,0.044960804,0.4378266
1110065P20Rik,0.04782736,0.26465717
Yrdc,-0.01223734,0.8250422
Maneal,0.0,1.0
Epha10,0.0,1.0
Cdca8,-0.023627201,0.21787085
Rspo1,0.012710571,0.4226497
Gnl2,0.05201324,0.18683061
Dnali1,-0.009087936,0.4226497
Snip1,0.013677716,0.7256335
Gm12932,0.0,1.0
Meaf6,-0.008072197,0.780737
Zc3h12a,0.0708316,0.44295374
Grik3,0.0,1.0
2610028E06Rik,0.0,1.0
Csf3r,0.049595848,0.16393611
Mrps15,0.08055952,0.39879072
Oscp1,-0.0126196705,0.4226497
Lsm10,0.01874388,0.7018998
Stk40,0.059162587,0.32670116
Eva1b,0.031230897,0.64117956
Sh3d21,0.0,1.0
Thrap3,0.13491416,0.18320797
Map7d1,0.04110168,0.5038934
Trappc3,0.024779439,0.5120248
Col8a2,0.0,1.0
Adprhl2,-0.06246654,0.13115261
Tekt2,0.0,1.0
Ago3,0.10559048,0.016026272
Ago1,0.026048645,0.6722463
Ago4,0.008215371,0.42264977
Clspn,-0.014031732,0.6048238
5730409E04Rik,0.017324664,0.22025682
Psmb2,-0.03268051,0.73547024
Ncdn,-0.027046278,0.3510305
AU040320,-0.0451392,0.47052768
Zmym4,0.05623923,0.43462345
Sfpq,-0.041855693,0.75412893
Zmym1,-0.04245477,0.35068777
Zmym6,-0.024616502,0.41198906
Gm12942,-0.030906338,0.20317113
Dlgap3,0.0,1.0
Smim12,0.05063525,0.17242043
Gja4,0.0,1.0
Gjb4,0.0,1.0
CK137956,0.0,1.0
Csmd2,0.0,1.0
Hmgb4,0.0,1.0
Zscan20,0.017383717,0.47440708
Tlr12,-0.0036671222,0.7947878
Phc2,0.1062047,0.4472637
A3galt2,-0.0071903765,0.59413624
Zfp362,0.044415485,0.27043
Gm12968,0.0,1.0
Trim62,0.00992951,0.70415914
Azin2,0.0,1.0
Ak2,-0.051555336,0.40280715
1700086P04Rik,0.0,1.0
Rnf19b,0.21273135,0.19919012
Tmem54,0.0,1.0
Hpca,0.004853252,0.42264965
Fndc5,0.0065636,0.4226497
S100pbp,0.023215774,0.48316386
Yars,0.0040492117,0.9478918
C77080,0.0,1.0
Gm12976,0.0,1.0
Sync,0.0,1.0
Rbbp4,0.045033455,0.6880557
Gm26722,-0.022172606,0.18852688
Zbtb8os,-0.04917136,0.64641345
Zbtb8a,0.020707421,0.4530129
Zbtb8b,0.0,1.0
Bsdc1,0.007476054,0.8669449
Tssk3,0.0,1.0
Fam229a,0.0,1.0
Marcksl1,0.14001352,0.06569946
Hdac1,0.22948469,0.101850376
Lck,0.21271324,0.33994007
Fam167b,-0.0029107232,0.42264977
Eif3i,-0.05279416,0.5814176
Tmem234,0.00428015,0.96755064
Dcdc2b,-0.015353986,0.42264977
Iqcc,-0.017006814,0.17346658
Ccdc28b,0.007975965,0.42264965
Txlna,0.06974179,0.1879337
Kpna6,0.007456422,0.89150435
Tmem39b,-0.005426392,0.8627585
Khdrbs1,0.11274606,0.11533845
Ptp4a2,0.11668277,0.20936258
E330017L17Rik,0.0,1.0
Spocd1,0.0,1.0
1700003M07Rik,0.0,1.0
Adgrb2,0.035505604,0.23509632
Col16a1,0.012069266,0.4226497
Pef1,0.019808955,0.49708414
Hcrtr1,0.0,1.0
Tinagl1,0.005091832,0.4226497
Gm853,0.0,1.0
Serinc2,-0.0126042375,0.42264977
Fabp3,0.0,1.0
Zcchc17,0.049013197,0.26924053
Snrnp40,0.029337391,0.5770677
Nkain1,0.0,1.0
Pum1,0.018903852,0.7514024
Gm26516,0.0,1.0
Sdc3,-0.020682206,0.3369227
Gm26716,0.0,1.0
Laptm5,0.28311777,0.051580593
Matn1,0.0,1.0
Ptpru,0.0,1.0
Mecr,-0.0034309737,0.9299809
Srsf4,0.04324734,0.18933572
Tmem200b,0.0,1.0
Epb41,0.032165557,0.7709429
Gm13063,0.0,1.0
Gm10300,0.0,1.0
Oprd1,-0.0039923578,0.4226497
Ythdf2,-0.02672036,0.7134223
Gmeb1,0.082960755,0.16990335
Gm28874,0.017667793,0.59917915
Taf12,0.064324245,0.51380813
Rab42,0.0,1.0
Snhg12,0.13516355,0.1715763
Trnau1ap,0.057197317,0.5849763
Rcc1,0.0048877858,0.7606619
Gm17300,-0.021448066,0.20249583
Phactr4,-0.03693248,0.58271796
Med18,-0.026252968,0.42264965
Sesn2,-0.029016178,0.09580329
Gm12981,0.0,1.0
Atpif1,-0.054412127,0.56799126
Gm12999,-0.008426569,0.4226497
Dnajc8,0.06796682,0.49051538
Ptafr,0.0179996,0.7908548
Eya3,-0.052761972,0.3408991
Xkr8,0.025906181,0.19866335
Smpdl3b,-0.0027117273,0.8618125
Rpa2,-0.038643137,0.7085977
Themis2,0.022348925,0.15635026
Ppp1r8,-0.025196448,0.031700097
Stx12,0.031430222,0.6836812
Fam76a,0.014509171,0.84089506
Fgr,0.0057524014,0.7796565
Ahdc1,0.017357867,0.67584825
Gm26615,0.0,1.0
Wasf2,-0.093496576,0.20198949
Gpr3,0.0,1.0
Cd164l2,0.0,1.0
Map3k6,0.0,1.0
Sytl1,0.0108991265,0.84348273
Tmem222,-0.030674756,0.67339677
Wdtc1,-0.041007534,0.36291918
Slc9a1,0.075109884,0.08014143
Fam46b,0.0,1.0
Trnp1,-0.008515983,0.42264977
Kdf1,0.0,1.0
Nudc,0.2638681,0.004608656
Nr0b2,0.0,1.0
Gpatch3,0.011802485,0.7552288
Gpn2,-0.008235544,0.83208907
Sfn,0.016375132,0.6919549
Zdhhc18,0.12851414,0.18847416
Pigv,0.032427665,0.49341205
Arid1a,0.015833795,0.8758393
Gm12974,0.0,1.0
Rps6ka1,0.10420436,0.27210203
Hmgn2,-0.0801976,0.44282353
Dhdds,0.015835073,0.30467948
Lin28a,0.0,1.0
Zfp683,0.0088880705,0.52195513
Aim1l,-0.010944776,0.5856085
Cd52,0.17599034,0.4480446
Ubxn11,-0.059515037,0.1065389
Sh3bgrl3,0.044965744,0.7737281
Cep85,0.0674527,0.14564723
Cnksr1,0.0,1.0
Zfp593,0.03667967,0.58892727
E130218I03Rik,0.0,1.0
RP23-354H24.9,0.0,1.0
Grrp1,0.0,1.0
Pdik1l,-0.013023768,0.4691417
Slc30a2,0.0,1.0
Extl1,0.0,1.0
Pafah2,0.0,1.0
1700021N21Rik,0.0,1.0
Stmn1,-0.047822863,0.47779906
Paqr7,0.054717317,0.13039297
Aunip,0.0,1.0
Mtfr1l,0.1379474,0.21387391
Sepn1,0.08591844,0.12674703
Man1c1,0.009677906,0.72129637
Ldlrap1,0.024210408,0.6200292
Tmem57,-0.020111449,0.7354851
Rhd,0.0,1.0
Tmem50a,0.037918806,0.7947893
Rsrp1,-0.036682844,0.9125919
Syf2,0.1436379,0.02065822
Runx3,0.27240688,0.016827065
Clic4,0.0695436,0.44319913
Srrm1,0.111331254,0.38362464
Ncmap,0.012284379,0.4226497
Rcan3,-0.049226634,0.36335462
Nipal3,0.008877695,0.8839596
Stpg1,0.0,1.0
Grhl3,0.0,1.0
Ifnlr1,0.0,1.0
Myom3,0.0,1.0
Srsf10,0.046719342,0.77186495
Pnrc2,0.08272448,0.2948025
Cnr2,0.0,1.0
Fuca1,-0.04260266,0.76898694
Hmgcl,0.04380399,0.3076591
Gale,-0.0073630325,0.26163545
Lypla2,-0.050434753,0.44235003
Pithd1,0.07389958,0.2443498
Tceb3,0.03775666,0.2196794
Gm13008,0.0,1.0
Gm24362,0.045005497,0.30593145
Rpl11,-0.04075408,0.528281
Id3,-0.089161225,0.08749617
E2f2,0.020219691,0.4674769
Asap3,-0.00807873,0.590313
Tcea3,0.0,1.0
Zfp46,-0.00016334327,0.98659915
Hnrnpr,0.24204548,0.004757009
Gm27022,0.0,1.0
6030445D17Rik,0.0,1.0
Luzp1,0.03551719,0.49254462
Kdm1a,0.07703218,0.2993244
Ephb2,0.009095277,0.4226497
C1qb,0.3534796,0.10943663
C1qc,0.23232485,0.114282824
C1qa,0.31726617,0.06583138
Epha8,0.0,1.0
Zbtb40,0.013384832,0.30611005
Wnt4,0.0,1.0
Cdc42,0.19905198,0.13261239
2810405F17Rik,0.023900919,0.5364382
Hspg2,0.0,1.0
Ldlrad2,0.0,1.0
Usp48,0.034393534,0.6513643
Rap1gap,0.012579243,0.49745658
Alpl,0.0,1.0
Ece1,-0.034712177,0.4819966
Gm13012,0.009960702,0.4988279
Eif4g3,-0.06766094,0.17829281
2310026L22Rik,0.0,1.0
Hp1bp3,0.062876135,0.6575202
Sh2d5,0.0140286805,0.4226497
Kif17,0.0,1.0
Ddost,0.16837853,0.024305345
Pink1,0.06937851,0.47507837
Cda,0.0,1.0
Fam43b,0.0,1.0
AB041806,0.0,1.0
Mul1,-0.0066719763,0.84349424
Camk2n1,0.33184832,0.051225755
Vwa5b1,0.0,1.0
Ubxn10,0.0,1.0
Pla2g2c,0.0,1.0
Pla2g2d,0.0,1.0
Pla2g5,0.0,1.0
Otud3,0.0,1.0
Tmco4,-0.00691468,0.6383286
Htr6,0.0,1.0
Nbl1,0.00527434,0.42264965
Minos1,0.060946584,0.5449146
Gm16287,-0.0053430777,0.4226497
Capzb,0.09066534,0.56121856
Pqlc2,-0.013031157,0.6929983
Akr7a5,0.0639899,0.43929598
Mrto4,0.010777965,0.78109336
Emc1,0.004386604,0.90566516
Ubr4,-0.07093781,0.3608066
2700016F22Rik,-0.038716216,0.24062712
Iffo2,-0.0028424673,0.88478863
Aldh4a1,0.00048150122,0.98923004
Gm1667,0.0,1.0
4933427I22Rik,0.0,1.0
Klhdc7a,0.0,1.0
Igsf21,0.0,1.0
Arhgef10l,0.0017039799,0.86535484
Rcc2,0.055399835,0.6140332
Padi4,0.0,1.0
Padi3,0.0,1.0
Padi1,0.0,1.0
Padi2,0.17679064,0.007934953
Gm13031,0.013848441,0.34699944
Sdhb,0.118650675,0.18235058
Atp13a2,0.016718484,0.6610602
Mfap2,0.0,1.0
Crocc,-0.0029754955,0.77340746
Necap2,0.07475127,0.09077856
Spata21,0.0,1.0
Szrd1,-0.035958305,0.5167055
4921514A10Rik,-0.0126196705,0.4226497
Fbxo42,-0.0316048,0.60096705
Rsg1,-0.008067328,0.4226497
Arhgef19,-0.009117288,0.4226497
Gm13056,0.0,1.0
Epha2,0.023764364,0.42264977
Fam131c,0.0,1.0
Clcnka,0.0,1.0
Gm13075,-0.013078362,0.4226497
Hspb7,0.0,1.0
Gm694,0.0,1.0
Zbtb17,0.03761751,0.25209925
Spen,-0.049533702,0.2410337
Fblim1,0.0,1.0
Tmem82,0.0,1.0
Slc25a34,0.0,1.0
Plekhm2,0.05668746,0.106992
Ddi2,0.10282923,0.014609014
Agmat,0.0,1.0
Dnajc16,0.015921544,0.4700948
Casp9,0.024688073,0.4181204
Efhd2,0.13091874,0.14427228
Gm29367,0.0,1.0
Fhad1os2,0.0,1.0
Fhad1,0.0,1.0
4930455G09Rik,0.0,1.0
Tmem51,0.020469332,0.42264977
Tmem51os1,0.0,1.0
Kazn,-0.0033451049,0.4226497
Gm13062,0.0,1.0
Gm13052,0.0,1.0
Prdm2,0.012005992,0.82569134
Pdpn,0.0,1.0
Lrrc38,0.0,1.0
Pramef8,-0.017342482,0.76735276
1700012P22Rik,0.0,1.0
Dhrs3,0.024758678,0.105550796
Vps13d,-0.044236705,0.6116694
Tnfrsf1b,-0.007002473,0.80540556
Tnfrsf8,0.0,1.0
Gm13212,-0.017270148,0.47056788
Gm13166,-0.0027795099,0.89132506
Gm13251,0.013704941,0.57747483
Gm13247,0.0,1.0
Gm26880,0.0,1.0
Gm13248,0.0,1.0
4933438K21Rik,0.0,1.0
Gm13139,0.008623369,0.48445624
Gm26624,0.0,1.0
Gm13152,0.00907643,0.42264965
Gm16503,0.0,1.0
Gm13154,-0.004022507,0.78194416
2610305D13Rik,0.0,1.0
Gm16211,0.0,1.0
Gm13157,0.08034417,0.028873526
Gm20707,0.0063325427,0.7517246
Zfp933,0.027480239,0.22307727
Miip,-0.034162425,0.65094084
Fv1,0.00520326,0.4226497
Mfn2,0.013914,0.66476476
Plod1,0.04097726,0.28512692
2510039O18Rik,0.10670327,0.26120302
Nppa,0.0,1.0
Gm13054,0.0,1.0
Clcn6,-0.0092362445,0.40887555
Mthfr,0.028642243,0.26854149
Agtrap,0.021292787,0.73357326
Draxin,0.0,1.0
Mad2l2,-0.0027293712,0.9133224
Fbxo6,-0.043016694,0.2466594
Fbxo44,-0.021005824,0.17420779
Fbxo2,-0.021380305,0.48479062
Ptchd2,0.0,1.0
Ubiad1,-0.011802303,0.6990214
Mtor,0.028996881,0.14013228
Angptl7,0.0074362312,0.42264977
Exosc10,0.022361845,0.6097135
Gm13209,0.0,1.0
Srm,0.049119547,0.46900362
Masp2,0.0,1.0
Tardbp,0.051031947,0.14943507
Gm572,0.0,1.0
Gm13203,0.0,1.0
Casz1,0.038050488,0.32012862
Gm13205,0.009758449,0.42264977
Gm17029,0.0,1.0
Pex14,0.06320858,0.044773243
Dffa,0.031632677,0.34987968
Cort,0.0,1.0
Apitd1,0.0097703645,0.54041564
Pgd,0.0021806508,0.97032017
Kif1b,0.039654225,0.74160475
Ube4b,0.040426224,0.34266755
Ube4bos1,0.0,1.0
Rbp7,0.0,1.0
Nmnat1,0.021708198,0.32790065
Lzic,0.01495903,0.68707496
Ctnnbip1,0.041651983,0.23115765
Gm13066,0.0,1.0
Clstn1,-0.027452163,0.12851937
Pik3cd,0.11947909,0.08718379
Tmem201,0.024612464,0.38706097
Slc25a33,-0.054430686,0.15095001
Gm16188,0.0,1.0
Gm13073,0.0,1.0
Spsb1,0.07411376,0.089966565
H6pd,0.035193115,0.5202141
Gpr157,0.012491949,0.19320706
Slc2a5,0.070089124,0.13110109
Car6,0.0,1.0
Eno1,0.20066643,0.17394727
Rere,-0.017798007,0.6967659
Gm13091,0.0,1.0
Slc45a1,0.0,1.0
Errfi1,-0.054773703,0.21513952
Park7,0.00076162815,0.99122065
Tnfrsf9,-0.0039030854,0.88342124
Camta1,0.02071876,0.39266056
Per3,0.059704218,0.2207872
Vamp3,0.012037113,0.9066937
4930589P08Rik,0.0,1.0
Dnajc11,0.03576588,0.42780042
Thap3,-0.08932166,0.09294397
Phf13,-0.017292757,0.78681314
Klhl21,0.025465153,0.38889
Zbtb48,0.0037837978,0.8093979
Nol9,0.054184653,0.13081813
Plekhg5,-0.0068993364,0.8152711
Tnfrsf25,0.0012861714,0.9685696
Espn,-0.0021081846,0.8975015
Acot7,0.05500319,0.2899837
Gpr153,-0.013078362,0.4226497
Icmt,0.01147817,0.6036276
Rnf207,0.0,1.0
Rpl22,-0.15145302,0.15828529
Chd5,0.0,1.0
Kcnab2,-6.5520406e-05,0.9992514
Nphp4,0.0,1.0
Ajap1,0.0,1.0
A430005L14Rik,-0.044855982,0.27452832
Dffb,-0.0011946065,0.92884725
Cep104,0.032143086,0.5308925
Lrrc47,0.020112284,0.52729404
Smim1,0.017056754,0.5585934
Trp73,0.0,1.0
Wrap73,0.0013825893,0.9741025
Tprgl,0.032989085,0.76082045
Megf6,0.0,1.0
Arhgef16,0.0,1.0
Prdm16,0.014282773,0.42264965
B230104I21Rik,0.0,1.0
Gm13133,0.0,1.0
Gm13134,0.0,1.0
Gm13111,0.0,1.0
Ttc34,0.0,1.0
Gm13112,0.0,1.0
Fam213b,0.031808883,0.34550825
Tnfrsf14,-0.0010206904,0.9239378
Hes5,-0.0126196705,0.4226497
Pank4,-0.008003002,0.73833513
Plch2,0.0,1.0
Pex10,-0.014439482,0.58123827
Rer1,-0.09567624,0.42828554
Morn1,0.0,1.0
Ski,0.14003576,0.37716594
Faap20,0.027852416,0.4788314
Prkcz,0.03701563,0.53223544
Gm27200,-0.015113774,0.42264965
Gabrd,0.012978698,0.42264965
Cfap74,0.036729943,0.20510964
Tmem52,-0.00692739,0.42264977
Gnb1,-0.06353277,0.4829474
Nadk,0.109410405,0.037552834
Slc35e2,-0.002268821,0.88267475
Cdk11b,0.014953256,0.89113903
Mmp23,0.0,1.0
Mib2,0.012933768,0.7578677
B930041F14Rik,-0.043247208,0.16806343
Ssu72,0.06600034,0.2794633
1500002C15Rik,-0.0020672334,0.8404918
Tmem240,0.008235738,0.7294433
Atad3a,0.056218967,0.13669132
Atad3aos,-0.013299495,0.44547513
Vwa1,0.0,1.0
Gm26840,0.0,1.0
Tmem88b,0.025446309,0.5806269
Ankrd65,0.0,1.0
Mrpl20,0.013222545,0.89461535
Ccnl2,-0.008294135,0.9131601
Aurkaip1,0.0058317482,0.9109706
Mxra8,0.010772373,0.42264965
Dvl1,0.018585633,0.60914034
Tas1r3,0.0,1.0
Cptp,0.007843296,0.6050001
Cpsf3l,0.066277586,0.34477618
Pusl1,-0.050461188,0.16900499
Acap3,-0.041825015,0.11174148
Ube2j2,-0.0981583,0.2421469
Fam132a,-0.015359681,0.70073175
B3galt6,0.048547372,0.17769653
Sdf4,0.06925124,0.3348992
Tnfrsf4,-0.13334522,0.5062992
Gm16008,0.0,1.0
Tnfrsf18,0.03755316,0.75372833
Ttll10,0.0,1.0
9430015G10Rik,0.017281469,0.2777749
Agrn,0.0040335543,0.8819437
Isg15,-0.03732738,0.75221527
AW011738,-0.00810108,0.87839323
Perm1,0.0,1.0
Plekhn1,0.0,1.0
Klhl17,0.020862557,0.30072805
Noc2l,0.12754104,0.26992017
Samd11,0.0,1.0
Cdk6,0.30436486,0.0332458
Gm17590,-0.014367075,0.33234048
Gm42435,0.0,1.0
Fam133b,0.096383944,0.24123415
1700109H08Rik,-0.018759336,0.20671533
Rbm48,0.018249273,0.8015428
2510017J16Rik,-0.0053430777,0.4226497
Pex1,-0.0033342857,0.8921603
Gm43825,0.0,1.0
4833413G10Rik,0.0018581552,0.78126925
Gatad1,0.1534777,0.1043559
Ankib1,0.00276047,0.96035945
Krit1,0.12584642,0.22493154
Lrrd1,0.0,1.0
Mterf1a,-0.037784796,0.5680655
Akap9,0.10692492,0.19241802
Cyp51,0.011840843,0.4812655
Mterf1b,-0.004421519,0.8317833
Fzd1,0.0,1.0
Cdk14,-0.0039263777,0.87607527
1700015F17Rik,0.010772373,0.42264965
Cldn12,0.007948019,0.54472524
Gtpbp10,0.079009816,0.14744826
Gm8773,0.0,1.0
Cfap69,0.0,1.0
Steap2,0.0,1.0
Steap1,-0.011235893,0.42264977
Gm26825,-0.005323942,0.6818214
Steap4,0.0,1.0
Sri,-0.19501722,0.109419316
Adam22,0.0,1.0
Dbf4,0.04128547,0.67327225
Slc25a40,0.02117075,0.6302921
Rundc3b,-0.005689472,0.84299237
Abcb1a,0.08666578,0.10407756
Gm5106,0.0,1.0
Abcb1b,-0.00738585,0.9363383
Abcb4,0.031322982,0.0809304
Crot,0.09158258,0.1726108
Gm15611,0.0,1.0
Tmem243,0.09148309,0.21232592
Dmtf1,0.035529867,0.40931857
Gm15734,0.0,1.0
9330182L06Rik,0.012611573,0.42264977
Grm3,0.0,1.0
Sema3d,0.007412307,0.4226497
Sema3a,0.0,1.0
Sema3e,0.0,1.0
Pclo,0.0,1.0
Gm43391,0.0,1.0
Gm21149,0.0,1.0
Gm3510,0.0,1.0
Cacna2d1,0.0,1.0
Gm43000,0.0,1.0
Hgf,0.0,1.0
Sema3c,0.0,1.0
Cd36,-0.022497604,0.4226497
Gnai1,-0.020703487,0.42225167
4921504A21Rik,0.008541345,0.42264977
Magi2,-0.020736033,0.59978026
Phtf2,-0.034657888,0.25706834
Tmem60,-0.03328508,0.33050692
Rsbn1l,0.08501208,0.08326415
A630072M18Rik,0.08060282,0.33707765
Ptpn12,0.043943685,0.24950908
Gsap,-0.0012686104,0.97739226
Ccdc146,0.010772373,0.42264965
Fgl2,0.06821382,0.6768003
Fam185a,-0.0068504494,0.56474537
Fbxl13,0.009095277,0.4226497
Lrrc17,-0.009850817,0.42264965
Armc10,0.025882147,0.55436635
Napepld,0.010800052,0.4226497
Pmpcb,-0.013325289,0.7896438
Dnajc2,-0.02478373,0.7933023
Psmc2,0.108151525,0.35204336
Reln,0.0,1.0
Gm10475,0.0,1.0
Orc5,-0.0027766712,0.9183211
6030443J06Rik,0.0,1.0
A930003O13Rik,0.0,1.0
Lhfpl3,0.008054132,0.55862707
5031425E22Rik,0.06716043,0.34466636
4930580E04Rik,0.0,1.0
Kmt2e,0.15241808,0.26778752
Srpk2,0.050171703,0.6447717
Pus7,0.022020314,0.5966188
Rint1,0.0522819,0.16181445
Tomm7,0.039992332,0.8058142
2700038G22Rik,-0.015909467,0.6796739
Fam126a,0.000553444,0.98597884
Klhl7,0.03648194,0.26199308
Nupl2,0.010973183,0.39194304
Kcnh2,-0.011150054,0.4226497
Nos3,-0.0029107232,0.42264977
Gm15587,0.0,1.0
Atg9b,0.0,1.0
Abcb8,-0.00030059926,0.9851534
Asic3,0.0,1.0
Cdk5,-0.045948036,0.30932978
Slc4a2,-0.0023556128,0.9336517
Fastk,-0.014932409,0.79064494
Tmub1,0.07657316,0.07149898
2310074N15Rik,0.0,1.0
Agap3,0.016454794,0.66937524
Asb10,0.0,1.0
Abcf2,0.045415863,0.01711699
Chpf2,-0.0018762052,0.9284151
Smarcd3,-0.0033451049,0.4226497
Nub1,0.065403745,0.4169103
Gm26648,0.006381331,0.4226497
Wdr86,0.0,1.0
Crygn,0.0,1.0
Rheb,0.12983936,0.5290266
Prkag2,0.018879252,0.56273323
1500035N22Rik,-0.0022054166,0.8805283
Galnt11,-0.04364331,0.5990696
Kmt2c,-0.03176111,0.6621629
4831440E17Rik,0.03015033,0.27485922
1700096K18Rik,0.016810691,0.53705996
Gm10062,0.0,1.0
Gm43972,0.0,1.0
Xrcc2,0.034894817,0.45892692
Actr3b,0.021197155,0.55483884
Gm21663,0.0,1.0
Gm21671,0.0,1.0
Gm21680,0.0,1.0
Gm21698,0.0,1.0
Gm1979,0.0,1.0
Gm5862,0.0,1.0
Speer4a,0.0,1.0
Gm7347,0.0,1.0
Gm10471,0.0,1.0
Gm10220,0.0,1.0
Gm7361,0.0,1.0
Dpp6,-0.0126042375,0.42264977
Speer4b,0.0,1.0
Gm16058,0.0,1.0
Paxip1,0.00263983,0.93103266
Htr5a,0.0,1.0
Gm26608,0.0,1.0
Insig1,-0.013433963,0.69292706
En2,0.0,1.0
Cnpy1,0.0,1.0
Rbm33,-0.02140382,0.8556706
Shh,0.0,1.0
9530036O11Rik,0.0,1.0
Gm26894,0.0,1.0
Rnf32,-0.021302605,0.20390937
Lmbr1,-0.020419568,0.12308174
4632411P08Rik,0.0,1.0
Nom1,-0.019200496,0.7237349
Ube3c,0.0669897,0.19481702
Gm5129,0.012611573,0.42264977
Dnajb6,0.11291194,0.083928116
Gm42450,0.0,1.0
Gm42806,0.0,1.0
Il6,-0.011150054,0.4226497
Tyms,-0.05622629,0.2591197
Gm4961,0.0,1.0
3110082J24Rik,-0.0126196705,0.4226497
Gareml,0.0,1.0
Hadha,0.10693103,0.08197076
Hadhb,0.018500477,0.71937275
Ept1,-0.047282327,0.071611054
Drc1,-0.005919901,0.4226497
Otof,0.0,1.0
1700001C02Rik,0.014090579,0.4226497
Kcnk3,0.0,1.0
Slc35f6,0.023025695,0.52260095
Cenpa,-0.13908736,0.104108654
Dpysl5,-0.0033451049,0.4226497
Mapre3,0.032202832,0.29733157
Tmem214,0.015599515,0.7085255
Agbl5,0.02667994,0.400967
Ost4,0.030942261,0.7265844
Emilin1,0.0,1.0
Khk,0.04764565,0.033497095
Cgref1,0.0,1.0
Preb,0.0027212054,0.9536691
Tcf23,0.0,1.0
Slc5a6,0.024125716,0.24233817
Atraid,0.057715297,0.48151314
Cad,0.08382209,0.051635873
Slc30a3,0.0,1.0
Ucn,0.0,1.0
Mpv17,-0.020623475,0.541403
Gm29609,0.0147500485,0.4226497
Gtf3c2,0.018374994,0.7925713
Eif2b4,-0.022113323,0.6730638
Snx17,0.12738736,0.109848276
Zfp513,0.021210492,0.56357837
Ppm1g,0.10251659,0.1986142
Gm9970,-0.0029107232,0.42264977
Nrbp1,-0.12083331,0.17010011
Krtcap3,-0.012934979,0.20617622
Ift172,-0.0073369434,0.74380887
Fndc4,-0.006530143,0.42264965
Gckr,0.0,1.0
Zfp512,0.11777313,0.2997288
4930548H24Rik,0.0,1.0
Gpn1,-0.008520931,0.8341111
Supt7l,-0.004660405,0.7537104
Slc4a1ap,0.016041838,0.68668175
Gm43660,0.003959677,0.4226497
AI839979,0.0,1.0
Mrpl33,0.002542317,0.9866698
Rbks,0.03165065,0.06733445
Bre,-0.053973764,0.22437747
Gm17130,0.0,1.0
Fosl2,-0.09504259,0.6537351
Plb1,0.0,1.0
Ppp1cb,0.013838232,0.91911554
Gm15614,-0.006146614,0.4226497
Yes1,-0.1316315,0.01935419
Pisd,0.12919554,0.051478453
Prr14l,0.053456675,0.1540907
Depdc5,-0.03140521,0.45950708
Ywhah,0.12985432,0.13639802
Slc5a1,0.0,1.0
Spon2,0.0,1.0
Ctbp1,-0.044318795,0.6511774
Maea,0.07477842,0.23212318
Uvssa,0.038136337,0.45029765
Fam53a,0.00503695,0.92842
Gm9903,0.0,1.0
Slbp,0.22267833,0.061635222
Tmem129,-0.020416435,0.526468
Tacc3,0.013252073,0.3238451
Fgfr3,-0.00020102272,0.9858127
Letm1,0.043150693,0.51295966
Whsc1,0.0461417,0.40751854
Nelfa,-0.013260223,0.61461526
Gm42849,0.0,1.0
Gm42851,0.0,1.0
Gm1673,0.0067230277,0.8449036
Nat8l,0.0,1.0
Poln,0.008215371,0.42264977
Haus3,0.045869373,0.19855344
Mxd4,0.16280106,0.18985583
Gm42846,0.0,1.0
Zfyve28,-0.012060387,0.5283278
Cfap99,0.0,1.0
Rnf4,0.13231058,0.0376803
Fam193a,-0.040954784,0.6147367
Tnip2,0.002331471,0.9175292
Sh3bp2,0.052704368,0.12312373
Add1,0.04018414,0.46237415
Mfsd10,0.06353414,0.25307527
Nop14,0.14033662,0.021830816
Grk4,-0.027037064,0.24950342
Htt,0.02763629,0.7127515
Msantd1,0.0,1.0
Rgs12,-0.00817199,0.5552951
Gm43791,0.0,1.0
Hgfac,-0.0068500307,0.4226497
Dok7,0.0,1.0
Lrpap1,0.12272998,0.10100226
Adra2c,0.0,1.0
Cpz,0.0,1.0
Trmt44,0.013724881,0.42264965
4931431C16Rik,0.0,1.0
Acox3,0.034290817,0.17537002
Htra3,0.009095277,0.4226497
Sh3tc1,-0.002464374,0.7634735
Ablim2,-0.019197462,0.42264977
Afap1,-0.00393044,0.8256902
Sorcs2,0.0,1.0
Psapl1,0.0,1.0
2210406O10Rik,-0.013454246,0.19152547
Grpel1,-0.03799972,0.19034521
Tada2b,0.028212164,0.5069419
Ccdc96,0.0,1.0
Tbc1d14,0.073267676,0.36851722
D5Ertd579e,0.016550228,0.7726758
Bloc1s4,-0.018929332,0.7496307
Gm43701,0.0,1.0
Mrfap1,0.13487792,0.13068813
Man2b2,3.619492e-05,0.99948305
Ppp2r2c,0.021297684,0.57252216
Ppp2r2cos,0.0,1.0
Wfs1,0.028479274,0.098653324
Jakmip1,0.06106317,0.6388424
Gm1043,0.0,1.0
Crmp1,-0.033279322,0.35583714
Evc,-0.0054623517,0.42264965
Evc2,0.0,1.0
Stk32b,0.0,1.0
Cytl1,0.0,1.0
Msx1,0.0,1.0
Gm20052,0.0,1.0
Stx18,0.01740674,0.6941531
Nsg1,-0.0126196705,0.4226497
Zbtb49,0.0132505875,0.4520258
Lyar,-0.017035171,0.7678341
Tmem128,0.065693855,0.33525392
Drd5,0.0,1.0
Slc2a9,0.013868131,0.37129512
Wdr1,0.19899634,0.021654911
Zfp518b,-0.0033451049,0.4226497
Clnk,-0.016586857,0.23073113
4930513D17Rik,0.0,1.0
Hs3st1,-0.026101887,0.7083921
Rab28,0.0039445013,0.94289494
Bod1l,0.08108482,0.37516958
Gm16223,0.0,1.0
Gm7854,0.0,1.0
Cpeb2,0.015797421,0.73517334
Gm43699,0.0,1.0
C1qtnf7,0.0,1.0
Cc2d2a,0.009095277,0.4226497
Fbxl5,0.059881642,0.2592615
Gm42555,-0.012439701,0.18407442
Bst1,-0.013263843,0.42264965
Cd38,0.099783614,0.034332406
Gm7879,0.0,1.0
Fgfbp1,0.0,1.0
Prom1,0.0,1.0
Gm16401,0.0,1.0
Tapt1,-0.045752488,0.47105524
Gm42984,0.0,1.0
Ldb2,0.0,1.0
D5Ertd615e,0.0,1.0
Qdpr,0.08306484,0.31440833
Gm42413,-0.0033451049,0.4226497
Clrn2,0.0,1.0
Lap3,0.07661842,0.30248272
Med28,0.17586797,0.13865113
Fam184b,0.0,1.0
9630001P10Rik,0.0,1.0
Ncapg,0.0014201324,0.82416284
Lcorl,0.006876886,0.8866577
Slit2,0.0,1.0
Pacrgl,0.042013105,0.32302794
Kcnip4,0.0,1.0
Adgra3,0.003959677,0.4226497
Ppargc1a,0.0,1.0
Dhx15,-0.06990585,0.32468882
Sod3,0.0,1.0
Ccdc149,0.0,1.0
Lgi2,0.0,1.0
8030423F21Rik,0.0,1.0
Sepsecs,-0.0020804554,0.9025988
Pi4k2b,0.007747356,0.8622659
Zcchc4,0.028174585,0.4259653
Anapc4,0.09576252,0.116061136
Slc34a2,0.0,1.0
Sel1l3,0.0,1.0
Smim20,0.041563526,0.35981503
Smim20-1,0.0,1.0
Rbpj,0.07187523,0.43326557
Gm10441,0.0,1.0
Tbc1d19,0.007327278,0.46553198
Stim2,0.0039129704,0.92937636
Gm10440,0.0,1.0
Pcdh7,-0.005237306,0.42264977
Gm43042,0.012284379,0.4226497
Arap2,-0.05904621,0.44621262
Dthd1,0.0,1.0
Nwd2,0.0,1.0
0610040J01Rik,0.00527434,0.42264965
Rell1,0.0259526,0.66613084
5830416I19Rik,0.025811495,0.49786967
Pgm1,-0.016450882,0.30903038
Tbc1d1,-0.05074939,0.4676382
Gm43837,0.0,1.0
Gm31363,0.0,1.0
C030018K13Rik,0.0,1.0
Gm3716,0.0,1.0
Klf3,-0.19656314,0.025794009
Tlr1,0.018275082,0.38937214
Tlr6,0.00527434,0.42264965
Fam114a1,-0.003917154,0.88962984
Tmem156,0.018984754,0.38846824
Klhl5,0.03885561,0.15822047
Wdr19,0.010341008,0.20501111
Rfc1,-0.015206143,0.8379337
Klb,0.0,1.0
Rpl9,-0.043032646,0.6819521
Lias,0.016130388,0.78198636
Ugdh,0.058418095,0.40631765
Smim14,0.19504938,0.29417145
Ube2k,-0.082990706,0.4450516
Gm42726,-0.008515983,0.42264977
Pds5a,-0.064465046,0.40003216
N4bp2,0.0008186959,0.98199916
Rhoh,0.05805075,0.5884689
Chrna9,0.0,1.0
9130230L23Rik,0.0,1.0
Rbm47,-0.003220372,0.9125848
Gm26725,0.0,1.0
Nsun7,-0.0057592336,0.7394673
Apbb2,0.030329138,0.37295148
Uchl1,-0.009850817,0.42264965
Limch1,-0.016259337,0.29632464
Gm42670,-0.018568302,0.27536997
Tmem33,0.0077492446,0.932932
Slc30a9,0.03770574,0.6094931
Bend4,0.09814514,0.09797964
Gm26756,0.00041364878,0.9598058
Shisa3,0.0,1.0
Atp8a1,0.089075655,0.28396836
Gm15478,-0.0071821255,0.42264977
Gm15477,0.0,1.0
4930425K10Rik,0.0,1.0
Kctd8,0.0,1.0
Yipf7,0.0,1.0
Guf1,0.07052759,0.083671905
Gnpda2,0.032256827,0.67371815
Gabrg1,0.008541345,0.42264977
Gabra2,0.012978698,0.42264965
Cox7b2,0.0,1.0
Gabra4,0.0,1.0
Gabrb1,0.0,1.0
Gm43477,0.0,1.0
Commd8,0.10779804,0.32545844
Corin,0.0,1.0
Nfxl1,0.03750043,0.39042056
Nipal1,0.0044061514,0.74857134
Txk,-0.041027606,0.7251091
Tec,-0.015009847,0.50176966
Slain2,0.0050488114,0.90157187
Gm10135,0.0,1.0
Fryl,0.019205868,0.68796027
Ociad1,-0.11947748,0.15799657
Ociad2,0.0,1.0
Cwh43,0.0,1.0
Dcun1d4,0.043986253,0.23690563
Sgcb,0.059671417,0.21787174
Spata18,0.0,1.0
Usp46,0.015136544,0.32703242
Dancr,-0.008369705,0.4226497
Dancr-1,0.0,1.0
Rasl11b,0.029228427,0.49163383
Scfd2,0.03297456,0.23547077
Fip1l1,-0.002770424,0.9472507
Lnx1,0.0,1.0
Chic2,-0.03986323,0.73636794
Gsx2,0.0,1.0
Pdgfra,0.010501105,0.4226497
Gm42802,0.0,1.0
Kit,-0.0101929195,0.4226497
Gm19590,0.0,1.0
Kdr,0.0,1.0
Srd5a3,0.07682906,0.19429931
Tmem165,0.047769934,0.48289174
Clock,-0.0127801,0.65075535
Gm7467,0.00907643,0.42264965
Nmu,0.0,1.0
Exoc1,-0.01880641,0.594192
Cep135,-0.027674941,0.4382822
C530008M17Rik,0.0,1.0
Aasdh,0.028405834,0.5496249
Ppat,-0.0731372,0.02926882
2310040G07Rik,0.0,1.0
Paics,0.044419974,0.44845197
Srp72,0.06284794,0.09232801
Arl9,0.0,1.0
Thegl,0.0,1.0
Hopx,-0.13147116,0.29794532
Hopxos,-0.051315904,0.25246623
Spink2,0.0,1.0
Rest,-0.0007864237,0.98869556
Noa1,0.046830963,0.40737024
Polr2b,0.03415999,0.60643137
Igfbp7,0.012051887,0.49552035
Adgrl3,0.011119284,0.4226497
Gm16054,0.0,1.0
Tecrl,0.0,1.0
Epha5,0.0,1.0
Gm43532,0.0,1.0
Gm43567,0.0,1.0
Cenpc1,0.030415649,0.3286655
Stap1,0.0032790601,0.97151893
Uba6,0.02345033,0.5968923
Tmprss11a,0.0,1.0
Ythdc1,0.016720206,0.77451646
Ugt2b5,0.0,1.0
Jchain,0.0,1.0
Utp3,0.022791252,0.85498023
Rufy3,0.048369937,0.0832728
Grsf1,0.0009822845,0.98211956
Mob1b,-0.034232125,0.58826005
Dck,-0.032379728,0.41803467
Slc4a4,-0.0020313086,0.929941
Adamts3,0.0,1.0
Cox18,0.024789691,0.47257316
Ankrd17,0.12722787,0.12632088
Gm9958,0.007975965,0.42264965
Alb,0.0,1.0
Afp,0.0,1.0
Afm,0.0,1.0
5830473C10Rik,0.0,1.0
Rassf6,0.0,1.0
Cxcl5,0.0,1.0
Ppbp,0.032786403,0.42264965
Pf4,0.037513096,0.42264965
Cxcl3,0.0,1.0
Cxcl1,0.0,1.0
Cxcl2,-0.009208364,0.5847267
Mthfd2l,0.012973638,0.6162308
Epgn,0.0,1.0
Ereg,0.0,1.0
Areg,-0.033424564,0.059044383
Gm19619,0.0,1.0
Btc,0.0,1.0
Parm1,0.0047232583,0.7117919
Rchy1,0.07478583,0.31324708
Cdkl2,0.02951686,0.2580983
Gm26582,0.0,1.0
G3bp2,0.1683197,0.04556901
Uso1,-0.03439261,0.6493818
Ppef2,0.0,1.0
Naaa,0.025380746,0.6120551
Sdad1,0.028942265,0.5457658
Cxcl9,0.0,1.0
Art3,-0.008515983,0.42264977
Cxcl10,0.015058763,0.74438524
Nup54,-0.017968759,0.78918594
Scarb2,0.035604566,0.53150576
Fam47e,0.0,1.0
Stbd1,-0.011150054,0.4226497
Ccdc158,0.0,1.0
Shroom3,0.0,1.0
4932430I15Rik,0.0,1.0
Sowahb,0.0,1.0
Sept11,-0.049010694,0.66966754
Ccni,0.16450435,0.031778347
2010109A12Rik,0.005410175,0.8062595
Ccng2,0.023261279,0.7997124
Cxcl13,0.0,1.0
Cnot6l,-0.15360153,0.2444307
Mrpl1,0.02281458,0.40812597
Fras1,0.0,1.0
Gm33050,0.0,1.0
Anxa3,0.07960436,0.2202204
1700016F12Rik,0.0,1.0
Gm42601,0.0,1.0
Gm33370,0.0,1.0
Gm8013,0.0,1.0
Gm9484,0.00974546,0.4256483
Bmp2k,0.1260338,0.036653962
Paqr3,0.0035938807,0.8681483
Gm43146,0.0,1.0
Gm2861,0.0,1.0
Antxr2,0.001434356,0.9741698
Prdm8,0.0,1.0
A730035I17Rik,0.0,1.0
Fgf5,0.0,1.0
1700007G11Rik,0.0,1.0
Bmp3,0.0,1.0
Prkg2,0.0,1.0
Rasgef1b,-0.0094224615,0.43907088
Gm43252,0.0,1.0
A930011G23Rik,-0.015096968,0.4657646
Gm43248,0.0,1.0
Gm35911,0.0,1.0
Gm42691,0.0,1.0
Hnrnpd,0.14899155,0.4747874
Gm17092,0.008457402,0.4226497
4930524J08Rik,-0.005237306,0.42264977
Hnrnpdl,-0.09950149,0.4741097
Enoph1,0.0077685993,0.7349678
Tmem150c,0.0,1.0
2310034O05Rik,0.0,1.0
Sec31a,-0.04675793,0.37408912
5430416N02Rik,0.002258882,0.9707092
Lin54,0.109484024,0.038311183
Cops4,0.068527296,0.03146189
Plac8,0.11091238,0.7122039
Coq2,-0.054065816,0.259108
Gm15777,0.0,1.0
Hpse,0.021400444,0.5416914
Helq,0.011580985,0.33595
Mrps18c,0.02348882,0.6751187
Fam175a,0.021268113,0.5059183
4930458D05Rik,0.0,1.0
Agpat9,0.0,1.0
Nkx6-1,0.0,1.0
Gm43270,0.0,1.0
Cds1,0.0012451299,0.94126964
Wdfy3,-0.0023140525,0.8483768
Gm20548,0.0,1.0
Gm29707,0.0,1.0
1700013M08Rik,0.0,1.0
Arhgap24,0.020490153,0.18696181
Mapk10,-0.04311135,0.29505807
5430427N15Rik,0.0,1.0
Ptpn13,0.0041643158,0.9512467
Slc10a6,0.0,1.0
Aff1,-0.012194261,0.65330404
Klhl8,-0.022239562,0.5523186
Hsd17b13,0.0,1.0
Hsd17b11,-0.030607633,0.21475299
Nudt9,-0.015192971,0.7902379
Gm17660,0.0,1.0
Sparcl1,0.012075655,0.84690744
Gm26703,0.0,1.0
Dmp1,-0.002574796,0.42264965
Ibsp,0.0,1.0
Spp1,0.011119284,0.4226497
Pkd2,-0.005800989,0.49085823
BC005561,0.054302707,0.5956165
D930016D06Rik,0.018081656,0.55473006
Zfp951,0.0,1.0
Abcg3,-0.0167892,0.18358874
Gbp8,0.04342778,0.49474162
Gbp9,0.011860244,0.8821816
Gbp4,0.050832957,0.6957076
Gbp6-1,0.009287044,0.8815466
Gm26519,0.0,1.0
Gm42749,0.0,1.0
Lrrc8b,-0.021206975,0.4226497
Lrrc8c,0.06612654,0.48863366
Lrrc8d,0.028958365,0.7021083
Lrrc8dos,0.0,1.0
Zfp326,-0.043676183,0.5064024
Barhl2,0.0,1.0
Gm28050,0.0,1.0
Zfp644,0.0812681,0.14660627
Hfm1,0.0,1.0
Cdc7,0.0136011755,0.43816033
Tgfbr3,0.019505277,0.15953822
Brdt,0.0,1.0
Gm42902,0.0,1.0
Ephx4,0.009706646,0.4226497
Btbd8,-0.0033451049,0.4226497
A830010M20Rik,0.0033523291,0.8818173
Gm42669,0.0,1.0
1700028K03Rik,0.0,1.0
Glmn,-0.029243924,0.5743489
Rpap2,-0.007323742,0.8436936
A930041C12Rik,-0.0015943991,0.904532
Gm26692,0.022828618,0.4226497
Gfi1,-0.020606369,0.6042584
Evi5,0.0062968833,0.7216861
Rpl5,-0.0021438599,0.9688153
Fam69a,0.051224783,0.06258439
Mtf2,-0.008230805,0.9208962
Tmed5,0.027482688,0.7094048
Ccdc18,-0.009117288,0.4226497
Dr1,0.020322606,0.7468119
Pigg,0.0171611,0.42264965
Gm43082,0.0,1.0
Gm42518,0.0,1.0
Gm42517,0.0,1.0
Gm10419,-0.014984393,0.42264977
Atp5k,-0.10702717,0.4677109
Mfsd7a,0.0,1.0
Pcgf3,0.050791446,0.22200125
Cplx1,-0.0054623517,0.42264965
Gak,0.008274645,0.7946655
Tmem175,0.011775415,0.6265299
Dgkq,0.024391657,0.2086759
Idua,0.026856663,0.3775049
Slc26a1,0.0,1.0
Fgfrl1,-0.010294367,0.5938109
Crlf2,0.09811136,0.1764473
5430403G16Rik,0.033517018,0.25211284
4930522L14Rik,0.036522202,0.24667986
A430073D23Rik,0.0,1.0
Gm26779,0.0,1.0
Gm26808,-0.0126196705,0.4226497
Gm15446,-0.006803924,0.76269823
1010001B22Rik,0.0,1.0
Zfp932,-0.003831949,0.87053657
Gm17655,0.0,1.0
Plcxd1,-0.010884732,0.4226497
Gtpbp6,0.013080224,0.69306695
Zfp605,0.009697908,0.42264977
Chfr,0.05453956,0.4270187
Gm43136,0.0,1.0
Golga3,0.038744,0.11914808
Gm43137,0.0,1.0
Ankle2,-0.004194945,0.8530892
Pgam5,0.01677128,0.7318782
Gm26718,0.0,1.0
Pxmp2,-0.0045029176,0.8470564
Pole,-0.011057336,0.6310491
P2rx2,0.0,1.0
Fbrsl1,-0.0011319071,0.9657504
Gm26711,0.0,1.0
Gm42596,0.0,1.0
A630023P12Rik,-0.03065113,0.26207802
Galnt9,-0.008842089,0.5698793
Noc4l,0.043176413,0.15237091
Ddx51,-0.012406705,0.62626356
Gm42595,0.0,1.0
Ep400,0.0001821816,0.99576896
Gm15559,0.0,1.0
Pus1,0.00942754,0.7669862
Gm26515,0.0,1.0
Ulk1,-0.03067508,0.16669217
Hscb,-0.03425154,0.6708948
Chek2,0.01313275,0.59883064
Ttc28,-0.031886455,0.3124048
Pitpnb,-0.038528286,0.41600436
Gm43118,0.0,1.0
Mn1,0.0,1.0
C130026L21Rik,0.0,1.0
E130006D01Rik,0.0,1.0
Miat,0.0,1.0
Cryba4,0.035210162,0.07790067
Crybb1,0.04702855,0.2515093
Tpst2,0.1612935,0.26868263
Tfip11,-0.026972435,0.47458935
Srrd,0.08111794,0.07437999
Hps4,0.00048319995,0.9909562
Gm6583,0.0,1.0
Gm20636,0.0,1.0
Asphd2,-0.012495164,0.6049191
Sez6l,0.0,1.0
Gm6588,0.0,1.0
Gm42864,0.0,1.0
Myo18b,-0.0029107232,0.42264977
Adrbk2,0.010091707,0.72245497
Crybb3,0.014090579,0.4226497
2900026A02Rik,0.022642013,0.041414432
Sgsm1,0.0,1.0
Aym1,0.0,1.0
Wscd2,-0.0074349437,0.7712917
Cmklr1,0.02010941,0.047822066
Gm15736,0.0,1.0
Ficd,-0.0013756827,0.95385647
Sart3,-0.009414665,0.6344488
Iscu,0.16167362,0.03349695
Tmem119,0.0754087,0.04114599
Selplg,0.15258181,0.25100896
Coro1c,-0.016873255,0.7959034
Gm17122,0.0,1.0
Ssh1,0.032554403,0.098734654
Dao,0.0,1.0
Svop,0.0,1.0
Usp30,0.035331756,0.25698555
Alkbh2,-0.0016788282,0.9477981
Ung,-0.018827032,0.34303793
Acacb,0.0,1.0
Myo1h,0.0,1.0
Kctd10,-0.029257774,0.4680479
Ube3b,0.008375797,0.56534076
Mmab,-0.020330729,0.32430738
Mvk,-0.011024123,0.42136818
Fam222a,-0.012839189,0.30668238
Trpv4,0.00929911,0.42264977
Gltp,-0.07360697,0.26770103
Tchp,0.040240146,0.017145712
Git2,0.17736533,0.17915554
4930515G01Rik,-0.00089301076,0.9266208
Ankrd13a,-0.054898947,0.6128588
1500011B03Rik,0.03273849,0.15340663
2610524H06Rik,-0.049434684,0.2233585
Gm9936,0.0,1.0
Oasl2,0.01138459,0.796028
Gm13822,-0.011805852,0.4226497
Oasl1,0.01829412,0.2897647
2210016L21Rik,0.13372876,0.004736965
Sppl3,0.13930766,0.09198414
Gm10401,0.0,1.0
Acads,-0.028432623,0.52089643
Unc119b,0.0059859306,0.90728015
Mlec,0.0075279176,0.8982511
Cabp1,0.0,1.0
Pop5,-0.06541863,0.5806903
Rnf10,0.018934831,0.87560743
Coq5,0.058090873,0.33973977
Dynll1,0.10916442,0.52852035
Gm13830,0.003959677,0.4226497
Srsf9,0.052606583,0.414039
Gatc,-0.022727018,0.33043447
Triap1,-0.0007753745,0.9883991
Cox6a1,0.019209802,0.8651349
Gm42903,0.0,1.0
Msi1,0.004853252,0.42264965
Sirt4,-0.013893081,0.3859099
Pxn,0.03946477,0.49570268
Rplp0,-0.0952158,0.34833124
Gcn1l1,0.0044230074,0.94287765
1110006O24Rik,-0.0073912386,0.4226497
Rab35,0.09585129,0.17390509
Ccdc64,-0.045512382,0.41213903
Cit,-0.006619759,0.68929213
Gm14508,0.011619404,0.53733414
Prkab1,0.047027886,0.45189175
Gm13842,-0.01034438,0.42264965
C330018A13Rik,0.0,1.0
Ccdc60,0.0,1.0
B230112J18Rik,0.0,1.0
Hspb8,-0.0126196705,0.4226497
Srrm4os,0.0,1.0
Srrm4,0.0,1.0
Suds3,0.07086825,0.6009028
9530046B11Rik,0.005971533,0.4226497
Taok3,0.10467975,0.22901298
Pebp1,0.07047987,0.52643895
BC051077,0.012857896,0.50208414
Gm10399,0.0,1.0
Vsig10,-0.0034331195,0.4226497
Wsb2,0.06741367,0.25569704
Rfc5,0.010152651,0.8158548
Gm15728,0.0,1.0
Ksr2,0.003959677,0.4226497
Nos1,0.0,1.0
Fbxo21,-0.015156388,0.7365999
Tesc,0.12790318,0.12724958
Fbxw8,-0.021481218,0.3856571
Gm9754,0.0,1.0
Hrk,0.0,1.0
Rnft2,0.0,1.0
2410131K14Rik,0.020960115,0.2917971
Med13l,0.08744812,0.12469672
Tbx3os1,0.0,1.0
Tbx3,0.008457402,0.4226497
Rbm19,-0.019741703,0.2707861
Gm42654,0.0,1.0
Gm27199,0.0,1.0
Lhx5,0.0,1.0
Sdsl,0.010255249,0.4226497
Sds,0.0,1.0
Gm15690,0.0,1.0
Plbd2,0.091743305,0.25313392
Slc8b1,0.015505398,0.64905965
Tpcn1,0.019999564,0.5297758
Iqcd,0.0,1.0
Rita1,0.0,1.0
Ddx54,0.06173463,0.29546544
Gm43579,0.0,1.0
Cfap73,0.0,1.0
Rasal1,-0.0033451049,0.4226497
Dtx1,0.029682834,0.603307
Oas2,0.0,1.0
Oas3,0.07157114,0.47679576
Oas1c,0.024541901,0.33066532
Oas1g,0.0,1.0
Oas1a,-0.03226132,0.60153157
Rph3a,0.0,1.0
Ptpn11,-0.071409956,0.26724678
Rpl6,0.041302443,0.6382715
Gm15800,-0.037888557,0.050112836
Trafd1,0.044023275,0.67685485
Gm42917,0.0,1.0
Gm42918,0.0,1.0
Naa25,0.037230838,0.45050794
Erp29,0.08227804,0.3218691
Tmem116,0.0,1.0
Adam1a,0.0,1.0
Gm42878,0.0,1.0
Mapkapk5,-0.025138186,0.21460956
Aldh2,0.022997774,0.27117097
Acad12,0.021770556,0.46445248
Acad10,0.024745975,0.2780047
Brap,-0.070152916,0.54022634
Atxn2,0.031253748,0.48185754
Gm16552,-0.0029107232,0.42264977
Sh2b3,0.046092585,0.49586675
1700008B11Rik,0.0,1.0
Fam109a,0.003959677,0.4226497
Cux2,0.0,1.0
Gm15637,0.0,1.0
Myl2,0.0,1.0
Ccdc63,0.0,1.0
Ppp1cc,0.048421144,0.62616277
Hvcn1,0.026628882,0.74656737
Tctn1,0.017517133,0.24132979
Pptc7,-0.05687201,0.3243493
Rad9b,0.014804767,0.39204526
Vps29,-0.07542515,0.2953773
Fam216a,-0.04525862,0.49989697
Gpn3,-0.1597869,0.090348
Arpc3,0.014863491,0.85441476
Anapc7,-0.044835944,0.4544496
Atp2a2,0.011155099,0.8843271
Ift81,0.007412307,0.4226497
P2rx7,-0.031738408,0.67170376
P2rx4,0.114153996,0.094203874
Camkk2,0.0027559772,0.94416404
Anapc5,0.28938013,0.035666056
Rnf34,0.04671178,0.64686525
Kdm2b,0.04626362,0.31615695
A930024E05Rik,-0.013497271,0.7816774
Gm2479,0.0065636,0.4226497
Orai1,-0.023950279,0.8215047
Morn3,0.0,1.0
Gm26745,0.0,1.0
Tmem120b,0.0,1.0
Rhof,-0.08346298,0.13334984
AI480526,-0.008256361,0.88792175
Gm38102,-0.008067328,0.4226497
4932422M17Rik,-0.01707908,0.42264977
Setd1b,-0.07735966,0.06847607
Psmd9,0.083987676,0.08684926
Gm43409,0.0,1.0
Wdr66,0.02042956,0.18852681
Gm15860,0.03560787,0.081704564
Bcl7a,-0.014843561,0.69253194
Gm15747,-0.0025853002,0.7948891
Mlxip,0.03855921,0.340634
Lrrc43,0.0,1.0
Diablo,-0.012228966,0.80433524
B3gnt4,0.0,1.0
Vps33a,0.048379548,0.3134737
Clip1,0.108376995,0.14065443
Zcchc8,0.019052334,0.6359786
Rsrc2,0.10617256,0.06827065
Kntc1,-0.0034331195,0.4226497
Hcar2,0.01985615,0.18468505
Hcar1,0.0,1.0
Denr,0.01856643,0.87325734
Gm43518,0.0,1.0
Ccdc62,0.016908104,0.4226497
Hip1r,0.07813315,0.27643573
Vps37b,-0.013346672,0.9309472
Gm43661,0.0,1.0
Abcb9,0.006368492,0.89043933
Gm16001,0.00520326,0.4226497
Ogfod2,0.040508803,0.3899671
Arl6ip4,0.042857274,0.6867647
Pitpnm2,-0.039995033,0.28486043
Pitpnm2os2,0.0,1.0
Mphosph9,0.0060800426,0.8639896
2810006K23Rik,0.0049663633,0.85546374
Cdk2ap1,0.08451927,0.38179216
Sbno1,0.07541576,0.39894187
Setd8,-0.017515719,0.64861226
Rilpl2,0.0206272,0.8130779
Snrnp35,-0.054287627,0.14186709
Rilpl1,0.029335361,0.07679836
Tmed2,0.32212132,0.004711505
Ddx55,0.092230044,0.16151474
Eif2b1,0.027544808,0.38657117
Gtf2h3,-0.0010958686,0.98547137
Atp6v0a2,0.13773236,0.097059935
4930404A12Rik,0.0,1.0
Dnah10,0.0,1.0
Ccdc92,-0.044544086,0.2910155
Zfp664,0.025065824,0.58519745
Fam101a,0.0,1.0
Ncor2,-0.005223021,0.93599904
Scarb1,-0.023103667,0.21375448
Ubc,0.18064976,0.24614781
Gm10382,0.0059354543,0.66527116
Dhx37,0.0007141968,0.95210344
Bri3bp,0.09853213,0.04305271
Aacs,0.03758145,0.12475933
Tmem132b,0.004056378,0.7834419
Tmem132c,0.0,1.0
Slc15a4,0.066392414,0.20218995
Glt1d1,0.0,1.0
Tmem132d,-0.009850817,0.42264965
Gm42817,0.0,1.0
Gm42495,0.0,1.0
Gm42500,-0.00012449641,0.9940955
5930412G12Rik,0.0,1.0
Fzd10,0.0,1.0
Rimbp2,0.0,1.0
Stx2,0.018854717,0.21074677
Ran,-0.0341177,0.76644146
Adgrd1,0.00929911,0.42264977
Sfswap,0.03816659,0.39274305
Mmp17,-0.0032674875,0.76204735
Zfp11,0.014909905,0.21837834
Mrps17,-0.017309368,0.78375745
Gbas,0.13123937,0.25977948
Psph,0.054483294,0.55052906
Sumf2,-0.038243677,0.22427134
Phkg1,-0.0033451049,0.4226497
Chchd2,-0.020787954,0.89021146
Zbed5,0.0,1.0
Nupr1l,0.0,1.0
Vkorc1l1,0.04049147,0.40203556
Gusb,0.13542694,0.07335314
Asl,-0.0035786778,0.94844925
Crcp,0.0011545345,0.9780411
Tpst1,-0.013254705,0.4226497
Kctd7,0.021400422,0.22359137
Rabgef1,0.008548591,0.82427436
Tmem248,0.04632926,0.21702726
Gm42469,0.0010769833,0.915172
Sbds,0.057451397,0.6280019
Tyw1,-0.029733576,0.7046464
Caln1,0.0,1.0
Wbscr17,0.0,1.0
Auts2,0.011275817,0.59428746
Gm15627,0.0,1.0
Gatsl2,0.005334083,0.8687756
Wbscr16,-0.019938568,0.18565954
Gtf2ird2,0.02799804,0.39249137
Ncf1,0.056310784,0.31250638
Gtf2i,-0.066256106,0.6797746
Gtf2ird1,0.009124051,0.71883935
Clip2,0.0011792965,0.9349166
Gm42884,0.0,1.0
Rfc2,0.08595283,0.51316446
Lat2,-0.023238959,0.47903612
Eif4h,-0.11616114,0.1358169
Limk1,0.01691699,0.7242384
Gm10369,0.0,1.0
Eln,0.0,1.0
Gm43278,0.0,1.0
Wbscr27,-0.013779845,0.53110075
Cldn3,0.0,1.0
Wbscr25,0.0,1.0
Abhd11,-0.01494395,0.71108836
Abhd11os,0.0,1.0
Stx1a,0.042347576,0.29929325
Wbscr22,-0.03368202,0.34221697
Dnajc30,0.05504831,0.3487455
Vps37d,0.0,1.0
Mlxipl,0.015824933,0.53954786
Tbl2,0.032720383,0.35520157
Bcl7b,-0.025737524,0.53380495
Baz1b,0.026701212,0.7198024
Fzd9,0.0,1.0
Fkbp6,0.0,1.0
Nsun5,0.0318788,0.45902607
Pom121,0.041094914,0.30421555
Hip1,0.06204621,0.3481374
Ccl24,-0.0061093383,0.4226497
Rhbdd2,0.06481193,0.06283698
Gm43091,0.0,1.0
Por,0.06939866,0.23428829
Tmem120a,-0.0038221292,0.8513336
Styxl1,0.0,1.0
Mdh2,-0.045286715,0.17934342
Srrm3,0.0,1.0
Hspb1,0.013663867,0.51494735
Ywhag,0.08558254,0.31908122
Ssc4d,0.0,1.0
Zp3,0.0,1.0
Dtx2,0.018684957,0.3439028
Upk3bl,0.0,1.0
Rasa4,0.06770274,0.26311582
Polr2j,-0.034622014,0.6293201
Gm43604,0.0,1.0
Lrwd1,-0.0016266406,0.9738396
Alkbh4,0.004002407,0.9031779
Orai2,0.056877166,0.14330523
Prkrip1,0.06954624,0.2972361
Sh2b2,0.01897883,0.2326914
Cux1,0.058440864,0.434304
Gm16599,0.0,1.0
Col26a1,0.0,1.0
Ift22,-0.01767629,0.5861253
4933404O12Rik,0.01991278,0.21162845
Fis1,0.1017192,0.262351
Cldn15,0.0,1.0
Znhit1,0.0686455,0.31389916
Plod3,0.028952574,0.35192773
Vgf,0.0,1.0
Ap1s1,-0.029105023,0.60407656
Serpine1,0.02459493,0.5810179
Trim56,0.024602972,0.75105673
Muc3a,0.0,1.0
Ache,0.02647868,0.25218692
Ufsp1,0.0,1.0
Srrt,0.07510619,0.31471342
Trip6,0.017090326,0.21819237
Slc12a9,0.052862883,0.16544099
Ephb4,0.0,1.0
Zan,0.0,1.0
Pop7,-0.059321754,0.34044188
9130604C24Rik,0.012655378,0.42264977
Gm8066,0.0,1.0
Gigyf1,0.07736863,0.19612205
Gnb2,0.20793456,0.070149295
Actl6b,0.0,1.0
Tfr2,0.0,1.0
Mospd3,-0.00798912,0.63538945
Pcolce,0.0,1.0
Fbxo24,0.0,1.0
Gm36266,0.017546114,0.07027314
Lrch4,0.060066074,0.4863181
Gm20605,0.015680442,0.19728217
Sap25,-0.011235893,0.42264977
Irs3,0.0,1.0
Agfg2,0.0055481717,0.9191689
Nyap1,0.010772373,0.42264965
Tsc22d4,0.15290123,0.20815958
Ppp1r35,0.02294217,0.757578
Mepce,-0.011603802,0.86639154
Zcwpw1,0.0064034685,0.7837937
Pilra,0.013189142,0.18712325
Pilrb1,0.004972178,0.72074693
Pilrb2,0.010772373,0.42264965
Cyp3a13,0.0,1.0
Gjc3,-0.0034617689,0.764766
Azgp1,0.0,1.0
Zkscan1,0.045098573,0.1275928
Zscan21,-0.0211029,0.5677355
Zfp113,0.018972136,0.27582654
Cops6,-0.02069375,0.6614932
Mcm7,-0.04339344,0.5233809
Ap4m1,0.011538478,0.55215985
Taf6,-0.005683534,0.8185869
Cnpy4,-0.019989813,0.46113187
Mblac1,0.0,1.0
Nxpe5,-0.008320614,0.42264965
Lamtor4,0.15794644,0.19683461
BC037034,-0.035546497,0.7203098
6330418K02Rik,-0.012238005,0.5651873
Gal3st4,-0.0029107232,0.42264977
Gm43720,0.0,1.0
Gpc2,0.0,1.0
Stag3,0.0,1.0
Gm10874,0.0,1.0
Zfp157,-0.003412038,0.70147645
Zfp68,-0.049013183,0.01604436
A430033K04Rik,0.01273907,0.3342586
Fam20c,0.0,1.0
Gm5294,0.0,1.0
Pdgfa,0.04589478,0.16174968
6330403L08Rik,0.0,1.0
Prkar1b,0.0,1.0
Dnaaf5,0.012855584,0.6996641
Sun1,-0.04535413,0.2102828
Get4,0.02218531,0.5161425
Adap1,0.019644791,0.33185643
Cox19,-0.03773482,0.23714043
3110082I17Rik,-0.015113774,0.42264965
Gpr146,0.08927781,0.11906589
C130050O18Rik,0.0,1.0
Gper1,0.0,1.0
Zfand2a,-0.026071718,0.31320524
Micall2,0.0,1.0
Ints1,0.04931137,0.1902626
Mafk,0.09589801,0.076722816
Tmem184a,0.0,1.0
Psmg3,0.013095666,0.62528324
Elfn1,0.0,1.0
Mad1l1,0.015341694,0.28603655
Gm16121,0.0,1.0
Nudt1,-0.035675503,0.2332865
Ftsj2,0.004853252,0.42264965
Snx8,0.010434539,0.42264977
Eif3b,0.23389645,0.03343695
Chst12,0.06965436,0.16320197
Grifin,0.0,1.0
Gm43703,0.0048903553,0.73177546
Lfng,0.066051096,0.46914303
Ttyh3,-0.024199292,0.69567496
Iqce,0.020388447,0.20457794
Brat1,0.024567459,0.10692557
Amz1,0.0464303,0.14721414
Gna12,0.05332147,0.18444104
Card11,0.06816217,0.36618015
Sdk1,0.0,1.0
Foxk1,-0.023598962,0.34533185
Ap5z1,0.030303668,0.37774214
Radil,0.0,1.0
Papolb,0.0,1.0
Mmd2,-0.0126196705,0.4226497
Wipi2,-0.042328957,0.55566835
Slc29a4,0.0,1.0
Tnrc18,-0.0019261986,0.96500176
Fbxl18,0.021487515,0.5300852
Actb,0.014498711,0.89932454
Fscn1,0.029497724,0.603441
Rnf216,0.057246756,0.48245236
Rbakdn,0.0,1.0
Rbak,0.017175134,0.469043
Zfp12,0.04245747,0.012375445
Zfp316,0.007564276,0.58841366
BC030343,0.0,1.0
Zfp853,0.0,1.0
E130309D02Rik,-0.021008499,0.3303985
Zdhhc4,-0.0026735216,0.93275905
0610040B10Rik,0.0009250194,0.9779624
Grid2ip,0.0,1.0
Gm20635,0.0,1.0
Gm42504,0.0,1.0
Kdelr2,-0.011452258,0.92226475
Daglb,-0.0060000606,0.75411433
Rac1,-0.033471227,0.7525131
Fam220a,-0.021348365,0.5224298
Cyth3,0.010334961,0.71698207
Usp42,-0.0032507144,0.9355054
D130017N08Rik,-0.011709609,0.42264977
Eif2ak1,0.038262624,0.4727475
Ankrd61,0.0,1.0
Aimp2,0.06111724,0.38124204
Pms2,-0.010519311,0.73129094
Gm17135,0.0,1.0
Gm42421,0.0,1.0
Rsph10b,-0.019747201,0.3161311
Ccz1,0.018451348,0.66847444
Lmtk2,0.012060786,0.72532904
Bhlha15,0.0,1.0
Tecpr1,-0.02193892,0.85777575
2900089D17Rik,0.0108561795,0.5451665
Bri3,0.20162615,0.13761231
Baiap2l1,0.0,1.0
Nptx2,0.0,1.0
Tmem130,0.0,1.0
Trrap,-0.1094588,0.075540945
Smurf1,-0.011226431,0.723139
Arpc1a,0.098450795,0.07348479
Arpc1b,0.1773901,0.047249656
Pdap1,0.13815942,0.15159762
Bud31,-0.0075707138,0.92887515
Ptcd1,0.024073249,0.35931575
Cpsf4,-0.015983079,0.67928654
Atp5j2,-0.034561515,0.7936244
Zkscan14,0.027888965,0.44989222
Zkscan5,0.020265426,0.2981115
Zfp655,0.050434817,0.15708558
Zscan25,0.007858792,0.4226497
1700001J03Rik,0.0,1.0
B230303O12Rik,0.0,1.0
Gm43625,-0.010264036,0.4226497
Rnf6,0.012739778,0.9148448
Cdk8,0.0503406,0.11548617
Wasf3,-0.0011036759,0.9269129
Gpr12,0.0,1.0
Usp12,0.031966154,0.5362067
Gm43741,0.0,1.0
Rpl21,-0.07201004,0.60120237
Rasl11a,-0.0067972695,0.4226497
Gtf3a,0.016321898,0.74722815
Mtif3,-0.012975579,0.67791545
Lnx2,0.024737693,0.5265938
Polr1d,0.075222135,0.22232214
Gsx1,0.0,1.0
Flt3,-0.011150054,0.4226497
D5Ertd605e,0.0,1.0
Pan3,0.070046425,0.30604884
Flt1,0.001508147,0.81218493
Pomp,0.075181246,0.1935395
Slc46a3,0.032862607,0.20025164
Gm15721,0.0,1.0
Mtus2,-0.007182014,0.79892874
Slc7a1,0.03995028,0.5662682
Ubl3,-0.05838716,0.58915335
2210417A02Rik,0.02292816,0.48450378
Katnal1,-0.005609652,0.75776666
Gm15410,0.0,1.0
Gm15406,0.0,1.0
8430423G03Rik,0.0,1.0
Gm15409,0.0,1.0
5930430L01Rik,0.007858792,0.4226497
Gm15408,0.0,1.0
Hmgb1,0.119825125,0.4285015
5730422E09Rik,-0.010884732,0.4226497
Gm42788,0.0,1.0
Gm43332,0.0,1.0
Uspl1,0.06223467,0.34945524
2310047D07Rik,0.005131681,0.71114874
Gm29264,0.00895811,0.4226497
Alox5ap,0.07812262,0.11484392
Medag,0.0,1.0
Tex26,0.0,1.0
Wdr95,0.03487109,0.34415433
Hsph1,0.036014467,0.75785106
B3glct,0.024578257,0.44013798
Rxfp2,0.0,1.0
Fry,0.0043959618,0.9442683
Gm5,0.0,1.0
Zar1l,0.0,1.0
Brca2,0.024919873,0.5419056
Gm42529,0.0,1.0
Gm43690,0.0,1.0
N4bp2l1,0.014380723,0.8695285
Gm43598,0.0,1.0
Gm43597,0.006637106,0.4226497
N4bp2l2,0.146371,0.20865573
Pds5b,-0.0010270476,0.984233
Kl,0.0,1.0
Stard13,0.0,1.0
D730045B01Rik,-0.006336147,0.66587466
Rfc3,0.09276713,0.10253608
Samd9l,0.05415684,0.34339532
Hepacam2,0.0,1.0
Vps50,-0.034140766,0.43751678
Tfpi2,0.0,1.0
Gng11,0.014115008,0.59957784
Bet1,-0.051511392,0.23195122
Col1a2,0.0,1.0
Casd1,-0.00089500844,0.98512435
Sgce,0.012812808,0.6531089
Peg10,0.0,1.0
Ppp1r9a,0.012978698,0.42264965
Pon1,0.0,1.0
Pon3,0.008578492,0.65580916
Pon2,0.15930153,0.07070237
Asb4,0.0147500485,0.4226497
Pdk4,0.0,1.0
Dync1i1,-0.014984393,0.42264977
1700019G24Rik,0.0,1.0
Slc25a13,-0.022619793,0.26025754
Shfm1,-0.019229174,0.8450637
Dlx6os1,0.0,1.0
Dlx6,0.0,1.0
Dlx5,0.015339524,0.4226497
Gm26774,0.0,1.0
Sdhaf3,0.056876265,0.05675044
Tac1,0.0,1.0
Asns,0.044364326,0.28448305
C1galt1,0.0014644116,0.9829829
Mios,0.015008114,0.6850303
Rpa3,0.011364877,0.8738975
Umad1,0.037785653,0.32502434
Gm16055,0.0,1.0
Glcci1,-0.016213436,0.6512156
Ica1,0.0,1.0
Nxph1,0.0,1.0
Ndufa4,-0.11057758,0.4493003
Phf14,0.03259009,0.742119
Thsd7a,0.0,1.0
Tmem106b,-0.085289896,0.27445617
Tmem168,0.003201224,0.92887527
B630005N14Rik,0.104206435,0.012214665
Gpr85,0.0,1.0
2610001J05Rik,-0.065421104,0.36046526
1110019D14Rik,0.0,1.0
Foxp2,0.0,1.0
Mdfic,0.11838475,0.07864758
Tfec,0.0,1.0
Gm15473,0.00907643,0.42264965
Gm4876,0.0041415,0.8111185
Tes,0.025004238,0.7561901
D830026I12Rik,0.0,1.0
Cav2,0.009620967,0.4226497
Cav1,-0.042097945,0.20483832
Met,0.0,1.0
Capza2,0.116045,0.05148589
St7,-0.012977909,0.5128076
Wnt2,0.0,1.0
Cftr,0.0,1.0
Cttnbp2,0.0,1.0
Gm15594,0.0,1.0
Gm26809,-0.026280109,0.57613266
Gm20186,0.07887167,0.1485113
Lsm8,-0.0019370317,0.9864851
Ankrd7,0.011191041,0.42264977
Kcnd2,0.0,1.0
Tspan12,0.0,1.0
Ing3,-0.015670642,0.70071197
Gm26719,0.0,1.0
Cped1,0.0,1.0
Wnt16,0.0,1.0
Fam3c,0.117721416,0.15379621
Ptprz1,-0.0050223805,0.86765695
Aass,0.0147500485,0.4226497
Cadps2,0.0,1.0
Slc13a1,0.0,1.0
Iqub,0.0,1.0
Ndufa5,-0.028046012,0.83334476
Wasl,-0.00093126297,0.991708
Tmem229a,0.01161945,0.53192747
Gpr37,0.060901485,0.28018367
Pot1a,0.0529787,0.16019614
Grm8,0.0,1.0
6530409C15Rik,0.0,1.0
Zfp800,0.12448634,0.1391712
Gcc1,-0.020813141,0.3392529
Arf5,0.14297485,0.5060806
Snd1,0.066234045,0.37368307
Lrrc4,-0.014786988,0.42264965
Gm3294,0.0,1.0
Rbm28,-0.036383003,0.7003265
Prrt4,0.0,1.0
Impdh1,-0.07698691,0.26875606
Hilpda,-0.19215944,0.075949
Fam71f2,0.0,1.0
Calu,0.018472955,0.6412024
Opn1sw,0.0,1.0
Ccdc136,0.042368054,0.116093025
Flnc,0.0,1.0
Atp6v1f,0.2272641,0.18169108
Gm9047,0.0,1.0
Kcp,0.0,1.0
Gm26627,0.0,1.0
Irf5,0.017663613,0.7961339
Tnpo3,0.1501566,0.12778692
Tspan33,0.00527434,0.42264965
Smo,-0.019197462,0.42264977
Ahcyl2,0.08824475,0.44284102
Strip2,-0.026175378,0.42264965
Smkr-ps,0.0,1.0
Nrf1,0.07391995,0.28990257
Ube2h,-0.012064457,0.917152
1700095J07Rik,0.0,1.0
Zc3hc1,0.062480666,0.23875915
Klhdc10,0.030433629,0.14395525
1700012C14Rik,0.0,1.0
Tmem209,-0.017401267,0.5118525
Ssmem1,0.0,1.0
Cpa2,0.0,1.0
Cpa4,0.0,1.0
Cpa5,0.0,1.0
Cep41,-0.032653563,0.0950319
Mest,-0.025154954,0.42264965
Gm44296,0.0,1.0
Copg2,-0.036831364,0.53756106
Tsga13,0.0,1.0
Gm27019,-0.012722686,0.4226497
Lncpint,0.15320435,0.27247772
Mkln1os,0.0,1.0
Mkln1,0.024719566,0.65173554
Podxl,0.0020015044,0.89626616
Gm43154,0.0,1.0
Plxna4,0.014510404,0.57541853
Plxna4os2,0.0,1.0
Plxna4os1,0.005971533,0.4226497
Chchd3,0.024052769,0.80694336
Gm14540,0.00929911,0.42264977
Exoc4,0.019642264,0.69816965
Gm13853,0.0,1.0
Lrguk,0.0,1.0
Slc35b4,-0.019153496,0.4554543
Akr1b3,0.22005191,0.07421034
Akr1b8,0.004853252,0.42264965
Akr1b10,0.0029594004,0.90606236
Bpgm,0.024885796,0.6597361
Cald1,-0.0069939615,0.63807017
Gm13861,0.0,1.0
Agbl3,0.043566503,0.22966804
Tmem140,0.0031744465,0.92600447
3110062M04Rik,-0.028333608,0.11531994
Wdr91,0.013782021,0.67265016
Stra8,0.0,1.0
2010107G12Rik,0.0,1.0
Cnot4,0.025418997,0.8134319
Nup205,0.09021682,0.17877151
1810058I24Rik,0.018653572,0.8083999
Slc13a4,0.0,1.0
Fam180a,0.0,1.0
Mtpn,-0.048226714,0.5768779
Chrm2,0.0,1.0
Ptn,-0.0075816326,0.8553419
Dgki,0.0,1.0
Creb3l2,0.0008939095,0.9621802
Trim24,0.029839583,0.18948065
Svopl,0.0,1.0
Atp6v0a4,0.0,1.0
D630045J12Rik,0.0,1.0
Zc3hav1l,-0.0360899,0.013023948
Zc3hav1,0.05598414,0.48813948
Ttc26,0.0,1.0
Ubn2,0.13243794,0.15575075
1110001J03Rik,-0.045294225,0.59172004
Luc7l2,0.12114972,0.38725883
Gm26699,-0.029119313,0.41411257
Klrg2,0.0,1.0
Clec2l,0.0,1.0
Hipk2,-0.015300423,0.6634209
Tbxas1,0.029365027,0.012487066
Gm42962,0.0,1.0
1700025N23Rik,0.0,1.0
Parp12,0.009853298,0.67766315
4930599N23Rik,-0.0056567793,0.42264977
Kdm7a,0.08629817,0.12536126
Slc37a3,0.061159026,0.3981085
Rab19,0.003645569,0.90028876
Mkrn1,0.16053662,0.08450839
Gm10244,0.010772373,0.42264965
Dennd2a,-0.007948351,0.42264977
Adck2,-0.0037831403,0.8929327
Ndufb2,0.12953609,0.2573673
Braf,0.019337162,0.7799238
Mrps33,9.313226e-05,0.9993323
Gm26833,0.0,1.0
Tmem178b,0.0,1.0
Gm26807,0.0,1.0
Agk,-0.025222622,0.5511992
E330009J07Rik,0.041046854,0.332249
Ssbp1,0.02621311,0.75406486
Tas2r108,0.0,1.0
Clec5a,0.02940389,0.26801324
Mgam,0.0,1.0
Ephb6,0.0014322624,0.91750634
Trpv6,0.0,1.0
Gstk1,0.01636124,0.34282687
Tmem139,0.0,1.0
Casp2,0.03265692,0.36220536
Clcn1,0.0,1.0
Fam131b,0.0198279,0.18462677
Zyx,0.01879263,0.8245702
Epha1,0.0,1.0
2010310C07Rik,0.014090579,0.4226497
Tas2r143,0.0,1.0
Tcaf2,0.0,1.0
Tcaf1,0.003872505,0.66169626
Arhgef5,0.02113911,0.4226497
Tpk1,-0.013583899,0.74956393
9430018G01Rik,0.0,1.0
Cntnap2,0.0,1.0
Cul1,0.040883258,0.65580523
Ezh2,0.006260179,0.8417944
Gm26625,0.0,1.0
Pdia4,-0.002258882,0.9573984
Zfp786,0.0,1.0
Zfp398,0.04835257,0.33056924
Zfp282,-0.012852091,0.7389935
Zfp212,0.05180684,0.10872076
Zfp956,0.0071810605,0.75809234
Zfp777,0.058769964,0.23150654
Zfp746,0.03055273,0.33052713
Gm16630,0.0,1.0
RP23-205F19.4,0.017704332,0.53226393
Krba1,-0.030700263,0.44697282
Zfp467,-0.013972752,0.8433584
Sspo,0.0,1.0
1700026J14Rik,0.0,1.0
Atp6v0e2,-0.0033572675,0.80772376
Lrrc61,0.0067344606,0.81061256
Rarres2,-0.013892693,0.47728923
Gm5111,0.0,1.0
Repin1,0.0057377582,0.7261747
Zfp775,-0.0207844,0.5683786
AI854703,-0.016149905,0.55895513
Gimap8,-0.06041044,0.19550386
Gimap9,0.10866791,0.27883276
Gimap4,-0.12095153,0.31940663
Gimap6,-0.017702699,0.71844625
Gm28053,0.0016587125,0.80221695
Gimap7,-0.05691749,0.7947215
Gimap1,0.13815558,0.34722278
Gimap5,-0.15164489,0.37783062
Gm44226,0.012223682,0.28064942
4833403J16Rik,0.027459666,0.6629213
Gimap3,-0.05889821,0.5695012
Tmem176b,0.1322144,0.45771262
Tmem176a,0.11049205,0.44158646
Gm7932,0.0,1.0
Aoc1,0.0,1.0
Gpnmb,0.008457402,0.4226497
Malsu1,0.011978924,0.83653396
Igf2bp3,-0.01169803,0.8023606
Tra2a,0.11824697,0.2837357
Ccdc126,0.025774514,0.33444396
Fam221a,-0.01273408,0.47057748
Npy,0.0,1.0
Mpp6,0.07897034,0.20975162
Dfna5,-0.057218485,0.38389498
Osbpl3,0.19586487,0.022346877
Cycs,-0.049635112,0.63702583
5430402O13Rik,0.009236618,0.42264977
4921507P07Rik,0.0,1.0
C530044C16Rik,0.0,1.0
Gm44109,0.0,1.0
Nfe2l3,0.0,1.0
Hnrnpa2b1,0.124857426,0.36632684
Cbx3,-0.052838802,0.64276534
Snx10,0.05390037,0.079543635
Skap2,-0.03201568,0.29054022
Hotairm1,0.0,1.0
Gm15050,0.012130909,0.42264977
Hoxaas3,0.0,1.0
Hoxa7,0.0,1.0
Hibadh,0.012611449,0.896991
Tax1bp1,0.06977314,0.3717399
Jazf1,0.0065636,0.4226497
Creb5,0.003872505,0.66169626
Tril,0.0,1.0
Gm43938,0.0,1.0
Gm16499,0.0,1.0
Cpvl,0.0,1.0
Chn2,0.08335984,0.24441928
9530036M11Rik,0.0,1.0
Prr15,-0.013045062,0.4226497
Wipf3,0.0,1.0
Scrn1,0.005205906,0.61596906
Fkbp14,-0.0013737977,0.9276082
Plekha8,0.029816499,0.2797534
Mturn,-0.017589614,0.65830743
Znrf2,0.15015283,0.22479092
Nod1,0.03137901,0.5973903
Ggct,0.067137904,0.28931698
Gars,-0.0033290386,0.96374243
Crhr2,0.0,1.0
Inmt,0.0,1.0
Fam188b,0.0,1.0
Aqp1,0.0,1.0
6430584L05Rik,0.0,1.0
Adcyap1r1,0.005091832,0.4226497
Neurod6,0.0,1.0
Ccdc129,0.0,1.0
Ppp1r17,-0.0033451049,0.4226497
Pde1c,0.0018034307,0.92846066
Lsm5,-0.029973924,0.8540973
Avl9,0.13306254,0.075003706
Kbtbd2,0.10859299,0.22997767
Fkbp9,-0.007094083,0.4226497
Nt5c3,-0.04312636,0.23837358
Vmn1r4,0.0,1.0
Ppm1k,0.080672555,0.23002027
Herc6,0.060337067,0.4776615
Pyurf,0.09314652,0.13333027
Lancl2,0.0072568515,0.7629029
Vopp1,0.00705643,0.82625604
Abcg2,0.04104715,0.033054065
Herc3,0.006120205,0.8978554
Nap1l5,-0.0065605026,0.7615091
Fam13a,0.015296378,0.4226497
RP24-492L15.6,0.0,1.0
BB365896,0.0,1.0
Tigd2,-0.10657355,0.1344125
Gprin3,-0.003713563,0.9458772
Snca,0.018036343,0.21055657
Mmrn1,0.0,1.0
Ccser1,0.0,1.0
Grid2,0.00519624,0.6162414
Smarcad1,0.006797582,0.85608685
Hpgds,0.20855919,0.021584073
C130060K24Rik,0.0,1.0
Tnip3,-0.016985893,0.66254556
Ndnf,0.021100428,0.52414906
Gm16838,0.0,1.0
Prdm5,0.00520326,0.4226497
Gm44029,0.0,1.0
Mad2l1,-0.013928629,0.7037505
Gng12,0.009266973,0.78868014
Gadd45a,0.020698585,0.6168851
Serbp1,0.20208931,0.28971517
Il12rb2,0.06362471,0.29877084
Tacstd2,0.0147500485,0.4226497
Gm43291,0.0,1.0
Rpia,-0.04052539,0.48002982
Eif2ak3,-0.0058867186,0.8960316
Thnsl2,0.018214324,0.42264977
Smyd1,-0.015263358,0.679967
Krcc1,0.116811305,0.12797552
Gm1070,0.0,1.0
Cd8b1,0.12900984,0.7484995
Gm44175,0.03184761,0.6016362
Cd8a,0.23836946,0.5026147
Rmnd5a,-0.0048813373,0.95240366
Rnf103,0.072376944,0.35163373
Gm44195,0.0,1.0
Chmp3,-0.025318205,0.7480401
Kdm3a,-0.0059548244,0.8682226
Reep1,0.0,1.0
Mrpl35,0.06934588,0.43150336
Immt,0.03635557,0.67038673
Ptcd3,-0.025827698,0.7075735
Polr1a,-0.019485068,0.56947035
St3gal5,0.025801515,0.19476917
RP24-416M6.5,0.0,1.0
Atoh8,0.0,1.0
Usp39,0.016449906,0.7279188
RP23-60P18.10,0.016835958,0.031413186
0610030E20Rik,-0.015840888,0.81429553
Tmem150a,0.002626428,0.72568315
Rnf181,-0.053104445,0.108083606
Vamp5,0.08155658,0.06403604
Vamp8,0.094992876,0.4634468
Ggcx,-0.012826291,0.42264977
Mat2a,0.2896222,0.058275186
Sh2d6,0.0,1.0
Capg,0.09505254,0.5375871
Elmod3,-0.019238953,0.20163427
Retsat,0.030098163,0.0020652385
Tgoln1,0.10288885,0.35899508
Tcf7l1,0.0,1.0
Gm15402,0.0,1.0
Kcmf1,-0.044691622,0.67297435
Gm26640,-0.005919901,0.4226497
Tmsb10,-0.16937852,0.5381664
Dnah6,0.0,1.0
Suclg1,0.06376302,0.47256
Gm9008,0.016509656,0.4226497
Ctnna2,-0.0033451049,0.4226497
Lrrtm1,0.0,1.0
Reg3b,0.0,1.0
Gm20594,0.0,1.0
Gm4409,0.0,1.0
Lrrtm4,0.0,1.0
Gcfc2,0.010557562,0.71006554
Mrpl19,-0.07501741,0.06038522
Gm20383,0.0,1.0
Gm44202,0.0,1.0
Eva1a,0.009393361,0.4226497
Tacr1,0.0,1.0
Pole4,-0.2022903,0.20398468
Hk2,0.09148354,0.14042601
Gm17034,0.0,1.0
RP23-81F19.2,-0.002574796,0.42264965
Gm43878,0.01135313,0.42264965
Sema4f,0.010796207,0.6099727
M1ap,0.00721761,0.4226497
Dok1,-0.020792127,0.73845565
Loxl3,0.012284379,0.4226497
Htra2,-0.022867836,0.7336307
Aup1,0.28108895,0.063358344
Dqx1,0.01576862,0.42264977
Tlx2,0.0,1.0
Pcgf1,0.06446679,0.055681966
Lbx2,-6.873766e-05,0.9931336
Ccdc142,0.0,1.0
Ccdc142-1,-0.016314082,0.4226497
Ccdc142os,-0.009907753,0.42264965
Mrpl53,-0.019683413,0.24654873
Mogs,0.044299737,0.17960145
Wbp1,0.02681844,0.7197234
Ino80b,0.08901572,0.3687965
Rtkn,0.016359664,0.53652996
Wdr54,0.003983607,0.6859602
1700003E16Rik,0.0,1.0
Dctn1,0.0522125,0.46812734
Gm15624,0.0,1.0
Slc4a5,0.0,1.0
Mthfd2,0.027143374,0.5247644
Mob1a,0.15956879,0.16401628
Bola3,0.074257046,0.06625088
Tet3,-0.043347865,0.5086758
Dguok,0.15764874,0.0788468
Stambp,0.07997912,0.24552786
RP23-361O12.3,0.0,1.0
1700124L16Rik,0.0,1.0
Tex261,0.3528192,0.004442942
Nagk,0.014297113,0.7316753
Paip2b,0.1056306,0.08108368
Zfp638,0.12473504,0.24766353
Dysf,0.0,1.0
Cyp26b1,0.0,1.0
Exoc6b,-0.036976233,0.62391734
Spr,0.04366176,0.5726386
Emx1,0.0,1.0
Sfxn5,-0.009424827,0.4226497
Rab11fip5,0.000805554,0.95019305
Smyd5,0.004192408,0.8404625
Pradc1,0.0027489774,0.9194326
Cct7,0.2740839,0.16250646
Fbxo41,0.0,1.0
Egr4,0.0,1.0
Alms1,0.005091832,0.4226497
Gm4477,0.0,1.0
Cml3,0.0,1.0
Gm11128,0.0,1.0
Cml5,0.0,1.0
Nat8,0.0,1.0
Cml2,0.0,1.0
1700019G17Rik,-0.026229596,0.23182553
Cml1,-0.0051105246,0.8060342
Tprkb,0.022585496,0.15914145
Dusp11,-0.120188236,0.18081117
Gm19265,-0.0058948942,0.4226497
4930553P18Rik,0.0,1.0
Add2,0.0,1.0
Tgfa,0.031238241,0.23415527
Fam136a,0.049917556,0.123932816
Snrpg,-0.35734105,0.31008694
Pcyox1,0.058553644,0.069975086
Tia1,0.014377311,0.7019199
C87436,0.0537989,0.4717788
A430078I02Rik,-0.013257176,0.5522296
2310040G24Rik,0.0074362312,0.42264977
Gm43936,0.0,1.0
Gm44386,0.024131306,0.1909791
Pcbp1,-0.019812405,0.786633
1600020E01Rik,0.02497498,0.5621933
Asprv1,0.0,1.0
Mxd1,0.009465426,0.9151453
Snrnp27,0.09815268,0.26322404
Gm44214,0.0,1.0
Gmcl1,-0.017494626,0.74713403
Gm44036,0.0,1.0
Anxa4,-0.020562526,0.36038175
Aak1,0.15396467,0.058551803
Nfu1,-0.057770923,0.2782852
Gfpt1,0.013680764,0.7565175
D6Ertd527e,0.0,1.0
Antxr1,0.0,1.0
Gkn3,0.0,1.0
Arhgap25,-0.07340638,0.3763731
Prokr1,0.0,1.0
Aplf,0.0010490641,0.9506636
1810020O05Rik,0.0,1.0
Gm44210,0.0,1.0
Efcc1,0.0,1.0
Gm43904,0.0,1.0
Gp9,0.020036848,0.32965612
Rab43,0.03539737,0.22198413
RP23-4F16.12,0.0,1.0
Isy1,0.066467434,0.3613978
Cnbp,0.12599266,0.36612085
Copg1,-0.05933164,0.42071253
Gm26636,0.0,1.0
Hmces,0.057910547,0.26120263
H1fx,0.0,1.0
Gm5577,0.0,1.0
Rab7,0.17837226,0.091093466
Rpn1,-0.012538567,0.59531826
Gata2,0.0,1.0
Eefsec,0.03664631,0.26372078
Gm44264,-0.002312377,0.8982995
Ruvbl1,0.17470817,0.10374464
Sec61a1,0.079090804,0.52027315
Gm44170,0.009758449,0.42264977
Kbtbd12,0.0,1.0
Gm26588,0.0,1.0
Mgll,0.024370233,0.3188537
Abtb1,-0.036211967,0.29702568
Podxl2,0.00993121,0.1997586
Gm15612,0.0,1.0
Mcm2,0.011686906,0.6670126
Tpra1,0.042011555,0.18766545
Gm44204,0.0,1.0
Gm44205,0.0,1.0
Gm26811,0.0,1.0
Plxna1,-0.00667803,0.7206043
Chchd6,0.0049052034,0.879813
Txnrd3,0.0,1.0
Chst13,0.0,1.0
Zxdc,0.013668414,0.3830387
Cfap100,0.0,1.0
Gm44117,0.0,1.0
Klf15,-0.0029434036,0.7347045
Gm44421,-0.0033451049,0.4226497
RP24-457L7.3,0.0,1.0
Aldh1l1,-0.0126196705,0.4226497
Slc41a3,0.0040314645,0.8801519
Iqsec1,0.045347996,0.4362102
Gm44123,0.0,1.0
Nup210,0.029474854,0.6920963
Hdac11,0.06351998,0.34690508
Fbln2,0.0,1.0
Wnt7a,0.0,1.0
4930471M09Rik,0.0,1.0
1810044D09Rik,-0.018027741,0.4321765
Chchd4,-0.01670593,0.6705281
Tmem43,-0.0116964765,0.69934225
Xpc,0.0675329,0.08789209
Lsm3,0.042842984,0.5683767
RP23-292C5.4,0.0,1.0
Slc6a6,0.10209654,0.15049323
Grip2,0.0,1.0
Ccdc174,0.008912519,0.88893664
4930590J08Rik,-0.013078362,0.4226497
Fgd5,0.0,1.0
Nr2c2,0.0073335916,0.9149855
Mrps25,-0.022129387,0.6331013
Rbsn,0.009469639,0.4102752
Trh,0.0,1.0
Prickle2,0.0,1.0
Adamts9,0.0,1.0
A730049H05Rik,0.0,1.0
9530026P05Rik,0.0,1.0
Magi1,0.011602349,0.42238426
Slc25a26,-0.007370944,0.64608026
Lrig1,-0.0036448203,0.8885719
Kbtbd8,0.009991797,0.49545953
Suclg2,0.049392566,0.20461304
Fam19a1,0.0,1.0
Fam19a4,0.0,1.0
Eogt,0.0048229876,0.7357625
Tmf1,0.020374894,0.8211382
Uba3,0.033641376,0.4630408
Arl6ip5,-0.078020334,0.69552815
Frmd4b,0.08349028,0.33202845
Mitf,-0.026942836,0.3649929
Gm765,0.0,1.0
Foxp1,0.022228003,0.87572473
Gm20696,0.0015324503,0.97292227
Eif4e3,0.06425342,0.52754134
Gpr27,0.0,1.0
Prok2,0.0,1.0
Gm26748,0.0,1.0
Rybp,0.012311101,0.82521665
Shq1,0.008796864,0.7002934
Gxylt2,0.0,1.0
Ppp4r2,0.034286648,0.67867386
Pdzrn3,0.0,1.0
Gm26911,0.0,1.0
Cntn3,0.0,1.0
Chl1,0.0,1.0
Cntn6,0.0,1.0
Gm15631,0.0,1.0
Cntn4,-0.008958322,0.42264965
Il5ra,0.0,1.0
Trnt1,0.087331176,0.07179076
Crbn,0.07801941,0.20311256
Lrrn1,0.005819104,0.71996224
Setmar,0.005971533,0.4226497
Sumf1,0.006935004,0.62228507
Itpr1,-0.0686913,0.2666575
0610040F04Rik,0.0,1.0
Bhlhe40,0.22742885,0.016968992
Arl8b,0.100502096,0.18289542
Edem1,-0.03776592,0.73230135
Gm20387,0.0,1.0
Grm7,0.0,1.0
Lmcd1,0.0,1.0
5031434C07Rik,0.0,1.0
Cav3,0.0,1.0
Oxtr,0.0,1.0
Rad18,0.02523883,0.26372242
Gm26799,-0.026313344,0.23165146
Srgap3,0.020220911,0.2686472
Thumpd3,-0.06719156,0.32117534
Gt(ROSA)26Sor,0.010839537,0.6840632
Setd5,0.07923345,0.3394977
Lhfpl4,0.00520326,0.4226497
Mtmr14,-0.01659001,0.6606923
Cpne9,-0.0029107232,0.42264977
Brpf1,-0.01238852,0.7285459
Gm15492,0.0,1.0
Ogg1,0.052110203,0.19026838
Camk1,0.06440133,0.060740232
Tada3,0.06456365,0.0697177
Arpc4,-0.12554312,0.16441931
Ttll3,-0.033765327,0.20841612
Rpusd3,0.006030757,0.7686726
Cidec,0.0,1.0
Jagn1,0.087176815,0.04592685
Il17re,0.028818592,0.1835349
Il17rc,0.0,1.0
Creld1,0.0102914795,0.60638213
Prrt3,0.0,1.0
Emc3,0.048062846,0.27799603
Fancd2,0.0,1.0
Fancd2os,0.0,1.0
Brk1,-0.015914202,0.8999116
Gm44199,0.0,1.0
Vhl,0.016818598,0.8271922
Irak2,-0.015551332,0.646325
Gm43964,0.0,1.0
Tatdn2,0.062482923,0.3002423
Gm26982,-0.036451105,0.024720367
Ghrl,0.0,1.0
Gm44053,0.0,1.0
Sec13,0.041000366,0.41691688
Atp2b2,0.0,1.0
Gm15083,0.0,1.0
Slc6a11,0.00065028854,0.9661496
Slc6a1,0.017157903,0.42264965
Hrh1,0.012007478,0.42264965
Atg7,-0.02941189,0.26998222
Vgll4,0.26463205,0.10551521
Tamm41,0.022123044,0.46019125
Syn2,0.0147500485,0.4226497
Timp4,0.012655378,0.42264977
Pparg,-0.011078058,0.47248897
Tsen2,0.003651984,0.81220174
Mkrn2os,0.0,1.0
Mkrn2,0.009025216,0.89398396
Raf1,-0.05420254,0.41146418
Tmem40,0.0,1.0
Cand2,-0.001725913,0.9120454
Rpl32,-0.092672825,0.31826773
Efcab12,0.0,1.0
Mbd4,-0.005019692,0.736501
Ift122,0.009227014,0.42264965
Rho,0.0,1.0
Plxnd1,-0.028136421,0.5557887
Tmcc1,0.0079190135,0.9084137
Gm20404,0.0,1.0
Fam21,-0.029169127,0.23606607
Zfand4,0.0,1.0
Zfand4-1,0.0,1.0
March8,-0.01001114,0.40664965
Alox5,-0.0005182158,0.9857325
Olfr212,0.0,1.0
Zfp422,0.018907133,0.79229313
Rassf4,0.044499077,0.33307758
8430408G22Rik,0.0,1.0
Tmem72,0.0,1.0
Cxcl12,-0.0029107232,0.42264977
Gm9946,0.0,1.0
Zfp637,0.05492222,0.20863137
Zfp239,0.008546272,0.53160244
Hnrnpf,0.1826843,0.22057875
Fxyd4,0.01586195,0.3547123
Rasgef1a,0.039169505,0.22633035
Csgalnact2,0.03144996,0.17525433
Ret,0.003299316,0.7769841
Bms1,-0.03358519,0.65661716
Zfp248,0.022696028,0.1848786
Zfp9,0.0,1.0
Ankrd26,-0.0010409579,0.9807809
Cacna1c,0.0,1.0
Dcp1b,0.03787291,0.008080349
Cacna2d4,-0.0077055767,0.5848796
Lrtm2,0.00929911,0.42264977
Adipor2,-0.06371482,0.56980467
Wnt5b,0.0,1.0
Fbxl14,0.14649914,0.10335413
Erc1,0.0007667206,0.9761474
Gm44317,0.0,1.0
4930540M05Rik,0.0,1.0
Rad52,0.004255727,0.89883286
Wnk1,0.40226978,0.022863634
Ninj2,0.0032184953,0.69197303
D330020A13Rik,0.0,1.0
Ccdc77,0.013645604,0.66052824
Kdm5a,0.0010096133,0.9909684
Il17ra,0.12710258,0.2236874
Cecr6,0.009620967,0.4226497
Cecr5,0.013832748,0.65251553
Gm20692,-0.011307535,0.42264977
Cecr2,0.0,1.0
Slc25a18,-0.0034880368,0.8348041
Atp6v1e1,-0.06692228,0.59045243
Bcl2l13,0.06522396,0.11168217
Bid,0.033583984,0.18044539
Mical3,0.0041210586,0.7196183
Gm43915,0.0,1.0
Pex26,-0.024900187,0.066727564
Tuba8,0.0,1.0
Gm15856,0.0,1.0
Usp18,0.010834552,0.7805163
Gm44148,-0.010747786,0.42264965
Slc6a13,0.0091543645,0.4226497
Slc6a12,0.0,1.0
Iqsec3,0.0,1.0
A2m,-0.005237306,0.42264977
Klrg1,0.007182725,0.8323279
M6pr,0.016579717,0.8381455
Phc1,0.008005947,0.6076934
1700063H04Rik,0.0,1.0
Rimklb,0.0,1.0
Mfap5,0.0,1.0
Apobec1,0.0065047387,0.57543296
Dppa3,0.0,1.0
Nanog,0.0,1.0
Slc2a3,-0.047929794,0.21143006
Gm26826,0.008751294,0.7270115
Foxj2,-0.022074267,0.5687088
C3ar1,0.05042292,0.04625417
Necap1,0.029172368,0.5502908
Clec4a1,0.0,1.0
Clec4a3,0.012710571,0.4226497
Clec4a4,0.0,1.0
Clec4b1,0.0,1.0
Clec4a2,0.015734103,0.34569314
Clec4n,0.0,1.0
Clec4d,0.0,1.0
Clec4e,0.0,1.0
Cd163,0.0,1.0
Pex5,0.03858261,0.20282745
Clstn3,0.0,1.0
C1rl,0.009743239,0.42264965
C1ra,0.0,1.0
C1s1,0.0,1.0
C1s2,0.0,1.0
Lpcat3,0.00209257,0.9636516
Emg1,0.11936355,0.31722566
Phb2,0.15030512,0.34116206
Ptpn6,0.028093219,0.36302823
Gm20531,0.0,1.0
Grcc10,-0.0066477656,0.9617446
Atn1-1,0.027847841,0.41832194
Eno2,-0.014368669,0.4226497
Lrrc23,0.0,1.0
Spsb2,0.012012642,0.6458989
Tpi1,-0.06387317,0.4023003
Usp5,0.004856877,0.81584084
Cdca3,0.0,1.0
Gnb3,0.0,1.0
P3h3,0.0,1.0
Gpr162,0.0,1.0
Cd4,-0.017640516,0.8179139
Lag3,0.07546998,0.06561162
Ptms,0.04232353,0.4372163
A230083G16Rik,0.0,1.0
Mlf2,0.03451222,0.6531461
Cops7a,0.05379641,0.2117051
Pianp,0.022239432,0.40928203
Zfp384,-0.0161703,0.6249071
Ing4,0.004775226,0.9364353
Acrbp,-0.01828757,0.4569673
Lpar5,0.0,1.0
Chd4,0.2497091,0.020590289
Nop2,0.05546941,0.19524302
Iffo1,0.08915653,0.082729116
Gapdh,0.1201278,0.34736323
Ncapd2,0.0053116214,0.84242135
Mrpl51,-0.054773003,0.559496
Vamp1,0.028048307,0.53945446
Tapbpl,0.08243388,0.3818525
Cd27,0.11530769,0.44991678
Ltbr,-0.00093482714,0.95921385
Scnn1a,0.0,1.0
Tnfrsf1a,0.0550386,0.42789644
Plekhg6,0.0,1.0
Cd9,-0.045802727,0.6091198
Gm28809,0.0,1.0
Vwf,0.020024389,0.26196533
Ano2,0.0,1.0
Ntf3,0.0,1.0
Kcna5,0.0,1.0
Kcna1,0.003959198,0.7819609
Kcna6,-0.008456495,0.4226497
Gm26673,0.0,1.0
Ndufa9,-0.041928917,0.5616016
Akap3,0.0,1.0
Dyrk4,0.003959677,0.4226497
Rad51ap1,0.00821128,0.42264965
D6Wsu163e,0.01500104,0.6958326
Tigar,-0.023134677,0.23548636
Platr31,0.0,1.0
Gm43126,-0.025922725,0.1835367
Ccnd2,0.22780561,0.17898999
9330179D12Rik,-0.014984393,0.42264977
Parp11,-0.012142606,0.75464606
Cracr2a,0.0,1.0
Prmt8,0.0,1.0
Gm42738,0.0,1.0
Tspan11,0.0,1.0
Tspan9,0.018943053,0.38357428
9330102E08Rik,0.0,1.0
Gm10010,-0.003960776,0.4226497
Tead4,0.0,1.0
Tulp3,-0.015340982,0.43412858
Gm26770,0.0,1.0
Rhno1,0.09951149,0.12806664
Foxm1,0.0,1.0
4933413G19Rik,0.0,1.0
Gm15862,0.0,1.0
Nrip2,0.0,1.0
Itfg2,0.005153969,0.9321054
Fkbp4,0.15827447,0.10239453
Gm10069,0.0,1.0
Pzp,0.0,1.0
BC048546,0.0,1.0
Klrb1a,-0.018419435,0.55204856
Klrb1c,-0.022270303,0.65425885
Klrb1b,-0.037116088,0.4253718
Gm44066,-0.012962113,0.45915687
Gm44067,0.015040861,0.35309914
Gm26656,0.0,1.0
BC035044,0.032157086,0.3642558
Clec2i,0.17220181,0.12280629
Gm15987,-0.0067972094,0.85532635
Klrb1f,0.004371821,0.79159766
Gm44000,0.0,1.0
Clec2d,-0.13212311,0.5688392
2310001H17Rik,0.013929129,0.82303804
Cd69,0.21802664,0.27543285
Clec12a,0.03350746,0.3096713
Clec12b,0.0,1.0
Clec1b,0.019249225,0.42264977
Clec9a,0.0,1.0
Clec1a,0.003959677,0.4226497
Olr1,0.0,1.0
Gabarapl1,0.013083473,0.8120224
Klre1,5.1513314e-05,0.9995287
Klrd1,0.079342306,0.4049666
Klrk1,0.08780405,0.28102455
Klrc2,0.146285,0.07473804
Klrc1,0.1455133,0.35073692
Klra17,0.0,1.0
Klra6,-0.00014866143,0.99246
Klra8,-0.02232457,0.65970737
Klra9,0.03473092,0.5448723
Klra7,-0.0054387487,0.91921306
Klra2,0.0,1.0
Magohb,0.005943686,0.930015
Styk1,0.0,1.0
Ybx3,0.1895819,0.08919338
Smim10l1,0.10370128,0.42939898
Etv6,0.0009158179,0.96315295
Gm17088,0.0,1.0
Gm17089,0.0,1.0
Bcl2l14,-0.017771482,0.4226497
Lrp6,0.08339881,0.18278195
Gm43949,0.0,1.0
Mansc1,0.0020930823,0.8837754
Borcs5,0.053474467,0.26798606
Dusp16,0.021013284,0.5062062
Gm44025,0.0,1.0
Crebl2,-0.059412908,0.0862763
Gpr19,-0.02137664,0.11623798
2810454H06Rik,0.020749502,0.5497706
Cdkn1b,-0.28208306,0.09214545
Gm44238,0.0,1.0
Lockd,-0.027339906,0.6218085
Apold1,0.0,1.0
Ddx47,0.097598284,0.23588644
Gprc5a,0.0,1.0
Gprc5d,0.0,1.0
Hebp1,0.020150498,0.47472245
Gm19434,0.0,1.0
Fam234b,0.024176145,0.15197499
Gsg1,0.0,1.0
Gm44276,0.0,1.0
Emp1,-0.02308585,0.37219238
Grin2b,0.0,1.0
Gm26653,0.0,1.0
Atf7ip,0.05467093,0.63139683
Plbd1,0.0,1.0
Gucy2c,0.0147500485,0.4226497
Hist4h4,0.063080475,0.101895876
H2afj,0.112118244,0.21621217
Wbp11,0.072048366,0.513904
BC049715,0.07914884,0.14889076
Smco3,-0.0033451049,0.4226497
Mgp,0.0,1.0
Erp27,0.0,1.0
Arhgdib,0.230003,0.038025785
Pde6h,0.0,1.0
Rerg,0.0,1.0
Ptpro,0.019048052,0.0078108
Eps8,-0.0062157027,0.6531999
Strap,-0.061518192,0.5640602
Dera,0.010356106,0.8692231
Mgst1,0.0,1.0
Lmo3,-0.0026497478,0.85236704
A830011K09Rik,0.0,1.0
4922502N22Rik,0.0,1.0
Pik3c2g,0.0,1.0
Plekha5,-8.665025e-05,0.99815804
Aebp2,0.02992475,0.7177509
Gm30524,0.0,1.0
Gm28523,0.0,1.0
Pde3a,0.0,1.0
Slco1c1,0.014090579,0.4226497
Slco1b2,0.0,1.0
Slco1a4,0.0,1.0
Gm6614,0.0,1.0
Slco1a5,0.0,1.0
Pyroxd1,0.012491304,0.5071836
Recql,0.016191877,0.74156445
Golt1b,-0.005080417,0.89246905
Spx,0.0,1.0
Ldhb,0.04707405,0.48864853
Kcnj8,0.0874321,0.29074278
Abcc9,0.0,1.0
Cmas,-0.022699818,0.7605697
Gm766,0.0,1.0
St8sia1,0.00983059,0.8342677
C2cd5,0.049791906,0.08506706
Gm31108,0.0,1.0
Etnk1,0.012327284,0.70525926
1700126G02Rik,0.0,1.0
Sox5,0.0,1.0
Sox5os3,0.0,1.0
Bcat1,0.00721761,0.4226497
Gm15687,0.0,1.0
Lrmp,0.00056988746,0.99095905
Casc1,-0.002574796,0.42264965
Lyrm5,0.02419873,0.3975293
Kras,-0.036898017,0.74082136
Gm15706,0.0102339685,0.64390737
2010013B24Rik,0.0,1.0
Lmntd1,0.0,1.0
Gm15704,0.0,1.0
Rassf8,0.0043068863,0.62344474
Bhlhe41,-0.0035500359,0.8259103
Sspn,-0.005531991,0.4226497
Sspnos,0.0,1.0
Itpr2,0.050134733,0.5525761
Asun,-0.004416529,0.90952843
Fgfr1op2,0.037575155,0.6021038
Tm7sf3,0.020408846,0.7371474
Med21,-0.05854121,0.41756663
4930479D17Rik,0.0,1.0
Stk38l,-0.032627136,0.2229427
Arntl2,0.0,1.0
Ppfibp1,0.008999505,0.48391825
1700034J05Rik,0.0,1.0
Rep15,0.008541345,0.42264977
Mrps35,0.014540955,0.79383284
Mansc4,0.0,1.0
Klhl42,-0.00018347427,0.9960907
Pthlh,0.0147500485,0.4226497
Gm6288,0.0,1.0
Ccdc91,-0.03111947,0.33447975
Far2os2,0.0,1.0
Far2,0.0,1.0
Far2os1,0.0,1.0
Ergic2,0.030759662,0.58038783
Gm17216,0.0,1.0
Tmtc1,0.0,1.0
Ipo8,0.075825565,0.040897656
Caprin2,-0.03440416,0.18122768
Gm43913,0.0,1.0
Fam60a,0.016973883,0.8287863
3010003L21Rik,0.028266136,0.4023548
Dennd5b,-0.0036732648,0.83335304
Gm26540,0.0,1.0
Mettl20,-0.03162346,0.3870504
Amn1,0.015135288,0.7191122
2810474O19Rik,0.026096404,0.81465936
Bicd1,0.058134153,0.011357931
Gm21814,-0.02937632,0.4226497
Speer9-ps1,0.0,1.0
Nlrp12,0.0,1.0
Myadm,-0.014538109,0.67472726
Prkcg,0.0,1.0
Cacng7,0.0,1.0
Gm44257,0.0,1.0
Cacng8,-0.0048835604,0.4226497
Cacng6,0.012028565,0.42264977
Tarm1,0.0,1.0
Oscar,0.0,1.0
Ndufa3,0.04228592,0.8559271
Tfpt,0.012134645,0.7933485
Prpf31,0.11013471,0.16047752
Cnot3,0.10643712,0.18934955
Leng1,-0.035040066,0.5009664
Tmc4,0.0042020525,0.73481727
Gm15929,0.0,1.0
Mboat7,0.043452695,0.3124374
Tsen34,0.015421458,0.7184648
Rps9,0.091220856,0.33060217
Pirb,0.002607069,0.85353476
Gm15448,0.0,1.0
Pira2,0.0,1.0
Gm14548,0.0,1.0
Lilra6,0.0,1.0
RP23-292B24.1,0.0,1.0
Lair1,0.10632051,0.33459336
9430041J12Rik,0.0,1.0
Ttyh1,0.04804372,0.3303526
D030047H15Rik,0.0,1.0
Leng8,-0.103307754,0.13082768
Leng9,0.028660402,0.34697437
Cdc42ep5,0.0,1.0
Lilra5,-0.0029107232,0.42264977
Gp6,0.015815552,0.4226497
Rdh13,0.056484997,0.04258904
Eps8l1,-0.0032416428,0.7654654
Ppp1r12c,0.04461719,0.5683551
Tnnt1,-0.0117865065,0.4226497
Tnni3,0.0,1.0
Dnaaf3,0.0,1.0
Gm15873,0.0,1.0
Syt5,0.0,1.0
Ptprh,0.0,1.0
Tmem86b,-0.01584802,0.2760467
Ppp6r1,0.017270058,0.87805015
Hspbp1,0.077215016,0.14387839
Brsk1,-0.011307535,0.42264977
Tmem150b,0.0,1.0
Suv420h2,-0.036866788,0.013039844
Cox6b2,0.018100856,0.42264977
Il11,0.0,1.0
Tmem238,0.0088053495,0.9154197
Rpl28,-0.2553091,0.00077123893
Ube2s,0.24391729,0.07664404
Shisa7,-0.003570925,0.7697931
Isoc2b,0.037662715,0.40576693
Isoc2a,0.01824245,0.28939113
Zfp628,-0.005681604,0.7442987
Nat14,-0.016505528,0.38343215
Ssc5d,0.0,1.0
Sbk2,0.0,1.0
Sbk3,0.0,1.0
Zfp579,0.023670532,0.46248892
Fiz1,-0.055558596,0.44302082
Zfp524,0.04765135,0.26520154
Zfp865,0.011714786,0.6047011
Ccdc106,0.011371984,0.21871832
Zfp784,0.015790613,0.4226497
Gm15510,0.0,1.0
Zfp580,-0.003983085,0.8162849
U2af2,0.13004145,0.18377256
Epn1,-0.031762764,0.769119
Rasl2-9,0.00721761,0.4226497
Nlrp4c,0.0,1.0
Zfp787,0.054200925,0.42199707
Zfp444,0.02352196,0.7130718
Gm6792,0.0,1.0
RP24-445D7.2,0.0,1.0
Zfp667,0.017544802,0.489671
Zfp583,0.0,1.0
RP23-143D11.1,0.0,1.0
Zfp78,0.007858792,0.4226497
Zfp28,0.023061201,0.295206
Smim17,0.0,1.0
Gm20715,0.0,1.0
Zim1,0.0,1.0
Peg3,0.0,1.0
Usp29,0.0,1.0
Aurkc,0.0,1.0
Zfp954,0.028809167,0.59059155
Zfp773,-0.007108272,0.68938744
Zfp418,0.009620967,0.4226497
Zfp772,0.0,1.0
Vmn2r29,0.0,1.0
Clcn4,0.03415838,0.54809725
Vmn2r30,0.0,1.0
Vmn2r35,0.0,1.0
Vmn2r42,0.0,1.0
Vmn2r43,0.0,1.0
Zik1,0.02063911,0.3089198
Zfp551,-0.0077227145,0.4226497
Zfp606,-0.0051752306,0.4226497
Zscan18,-0.009623617,0.4226497
Zfp329,0.022843398,0.60746473
Zfp110,0.04234598,0.18961571
Zfp128,0.009227014,0.42264965
Zscan22,0.021641131,0.5344564
Rps5,-0.009192944,0.93451154
Rnf225,-0.001850687,0.9205876
1810019N24Rik,0.0,1.0
Zfp324,0.011848469,0.2579154
Zfp446,-0.0008727126,0.9801427
Slc27a5,0.0,1.0
Zbtb45,0.021272158,0.41621783
Trim28,0.19297875,0.004654603
Chmp2a,0.14555791,0.18913081
Ube2m,0.11692101,0.27756155
Mzf1,-0.004221112,0.42264977
6330408A02Rik,0.008560162,0.4226497
Lig1,-0.012294754,0.72385925
Pla2g4c,0.0,1.0
Vmn1r90,0.0,1.0
Sepw1,0.15247917,0.24979796
Gltscr2,-0.052274704,0.6881215
Ehd2,0.0,1.0
Gltscr1,0.005197233,0.6868656
Zfp541,0.0,1.0
Napa,0.10129124,0.3982814
Kptn,0.051989675,0.2774529
Slc8a2,0.0,1.0
Meis3,0.015097976,0.38451812
Dhx34,0.035469472,0.21827863
C5ar2,0.00721761,0.4226497
C5ar1,0.053990778,0.07441995
Inafm1,-0.017540526,0.6191264
Ccdc9,-0.025094569,0.7921143
Bbc3,0.09784685,0.16185264
Sae1,0.0026085377,0.950637
Zc3h4,0.019157603,0.7255691
Tmem160,0.077419996,0.044179957
Npas1,0.0,1.0
Arhgap35,0.025637386,0.13137951
Ap2s1,0.021757305,0.58016086
Slc1a5,-0.029814541,0.69223976
Fkrp,-0.10098819,0.09187511
Strn4,0.056338087,0.46131903
Prkd2,0.051176324,0.5725172
9330104G04Rik,0.01904732,0.4226497
Dact3,-0.0033451049,0.4226497
Gng8,0.0,1.0
Ptgir,0.010772373,0.42264965
Calm3,0.15745845,0.27238506
Pnmal2,0.0,1.0
Pnmal1,0.0,1.0
Ccdc8,0.0,1.0
Ppp5c,-0.0013720989,0.9856602
Hif3a,0.0,1.0
Psg16,-0.0076133297,0.4226497
RP24-549B12.3,-0.005665646,0.8167312
RP24-549B12.4,-0.01146047,0.62491506
Mill2,0.0,1.0
Pglyrp1,-0.060873896,0.35882258
Ccdc61,-0.0028217472,0.92942977
Nova2,0.0,1.0
Gm26821,0.0,1.0
Nanos2,0.0,1.0
Mypop,-0.020671565,0.4226497
Mypopos,0.056678474,0.07980996
Irf2bp1,-0.015580021,0.84452087
Sympk,-0.0023193061,0.96750844
Dmwd,0.009095277,0.4226497
Dmpk,-0.002483932,0.42264965
Six5,0.0,1.0
Gm4969,0.0,1.0
Fbxo46,0.025756776,0.6840692
Qpctl,0.040338397,0.3602294
Snrpd2,0.08550036,0.34127295
Gipr,0.0,1.0
Eml2,0.0048502497,0.87195104
Gpr4,-0.003960776,0.4226497
Opa3,-0.06963385,0.26671755
Vasp,0.11660713,0.26069826
1700058P15Rik,0.0,1.0
Ppm1n,0.017414471,0.56138486
Rtn2,0.0091543645,0.4226497
Gm26802,0.004853252,0.42264965
Fosb,0.015494108,0.912368
RP23-85B15.7,0.0,1.0
RP23-85B15.8,0.0,1.0
Ercc1,0.047453523,0.46480417
Cd3eap,0.0913729,0.00829304
Ppp1r13l,0.0,1.0
Ercc2,0.004556438,0.8930579
Gm26852,-0.0068500307,0.4226497
Klc3,0.025651665,0.21599403
Ckm,0.008457402,0.4226497
A930016O22Rik,0.009776372,0.5986398
Mark4,0.029402565,0.5748377
Exoc3l2,0.0,1.0
Bloc1s3,-0.021308286,0.09723232
Trappc6a,0.008122116,0.9304714
Nkpd1,0.0,1.0
Ppp1r37,-0.01682044,0.14185432
Gemin7,0.04879731,0.62589186
Zfp296,-0.008320614,0.42264965
Clasrp,0.029447768,0.59984463
Gm26890,-0.011569347,0.24767017
Relb,-0.03248193,0.7071674
Clptm1,-0.018337794,0.5720064
Apoc2,0.0,1.0
Apoc4,0.0,1.0
Apoc1,0.0,1.0
Apoe,0.1387783,0.4828456
Tomm40,0.170321,0.11864847
Gm20512,0.0,1.0
Pvrl2,0.015364896,0.20302805
Bcam,-0.015740244,0.42264965
Cblc,0.0,1.0
Bcl3,0.0504008,0.27105543
Gm16174,0.030008953,0.3258614
RP23-191I16.3,0.0,1.0
Gm19345,0.0,1.0
Ceacam16,0.0,1.0
Pvr,0.07293792,0.17856535
Gm16251,0.0,1.0
Igsf23,-0.013241977,0.18379268
Nlrp5,0.0,1.0
Zfp180,0.047467515,0.3643253
Zfp112,-0.011150054,0.4226497
Zfp235,-0.0043161353,0.7993789
Zfp114,0.0,1.0
Zfp111,0.0,1.0
Zfp109,-0.002483932,0.42264965
Zfp108,0.009697908,0.42264977
Zfp93,0.00721761,0.4226497
Zfp61,0.007395804,0.8136749
Zfp94,-0.009423128,0.4226497
Tescl,0.0,1.0
Kcnn4,-0.0049093068,0.95218945
Smg9,0.14458226,0.006290914
Irgc1,0.0,1.0
RP23-26A14.4,0.0,1.0
Plaur,-0.0030866116,0.90049523
Cadm4,-0.011294521,0.41006374
Zfp428,-0.018757537,0.31539425
Irgq,0.0038421731,0.8127581
Xrcc1,0.015690543,0.81390333
Zfp575,0.0074560763,0.36093578
Ethe1,-0.036288895,0.3492646
Phldb3,-0.0036349408,0.7921154
RP23-26A14.14,0.0,1.0
Cd177,0.0,1.0
Ceacam10,0.0,1.0
Gm9844,-0.011058994,0.78565484
Rps19,-0.19952369,0.23061611
Cd79a,-0.0011272505,0.9821015
Arhgef1,0.17260027,0.27708715
Rabac1,0.18954277,0.06105773
Atp1a3,0.017433232,0.4226497
Grik5,0.005205906,0.61596906
Zfp574,0.052834228,0.015098481
Pou2f2,0.055776015,0.3383663
D930028M14Rik,0.0,1.0
Dedd2,0.048690327,0.4733529
Zfp526,0.0,1.0
Gsk3a,0.13065824,0.15665671
9130221H12Rik,-0.011758195,0.60797745
Erf,0.062172137,0.3939377
Cic,0.057652377,0.42946935
Pafah1b3,-0.07682033,0.5526689
Prr19,0.0,1.0
Tmem145,0.0,1.0
Megf8,0.0343437,0.42264965
4732471J01Rik,0.00527434,0.42264965
Lipe,0.0060824323,0.7468191
Cxcl17,0.0,1.0
Ceacam1,0.01682217,0.2306143
Ceacam2,0.0,1.0
Erich4,0.0,1.0
Atp5sl,-0.0038080812,0.9478169
B3gnt8,0.0,1.0
Bckdha,0.052854285,0.26629004
Exosc5,0.018522978,0.8129479
Tmem91,0.010386016,0.39717236
B9d2,0.08040808,0.2960987
Tgfb1,0.27600864,0.016027745
Ccdc97,-0.05289823,0.30551192
Hnrnpul1,-0.054318562,0.3411742
Axl,0.021158807,0.63292307
Cyp2s1,0.00821128,0.42264965
Gm26707,0.0,1.0
Cyp2f2,0.0,1.0
Egln2,0.06463111,0.3414394
Rab4b,0.03862229,0.26930103
Mia,0.004853252,0.42264965
Snrpa,0.053662047,0.13870047
BC024978,0.016152024,0.31620216
Itpkc,0.07186264,0.04621048
Adck4,-0.021034706,0.6664604
Gm15567,0.0,1.0
Numbl,0.021598766,0.20064367
Ltbp4,0.0,1.0
Shkbp1,-0.063045286,0.18793657
Sptbn4,-0.0029107232,0.42264977
Blvrb,-0.019309744,0.71810085
Sertad3,0.053820275,0.20457476
Sertad1,0.036657184,0.7701662
Prx,0.004853252,0.42264965
Gm15541,0.0,1.0
Hipk4,0.0,1.0
Pld3,0.08594799,0.5651512
2310022A10Rik,0.06635539,0.075015634
Akt2,0.03703233,0.57834405
Ttc9b,0.0,1.0
Map3k10,-0.00680656,0.84322
C030039L03Rik,0.0074362312,0.42264977
Zfp60,0.043870494,0.44759995
Zfp626,0.02001775,0.36703408
Zfp59,-0.0057322513,0.4226497
Zfp607,0.023191242,0.25323585
1700049G17Rik,0.01135313,0.42264965
Gm26891,0.0,1.0
Zfp780b,-0.0026233196,0.93308556
Zfp850,-0.003960776,0.4226497
Psmc4,-0.0072931647,0.9436425
Fcgbp,0.0,1.0
9530053A07Rik,0.0,1.0
Fbl,0.15181571,0.28422922
Dyrk1b,0.0060574124,0.5571635
Eid2,-0.00073548406,0.9819044
Eid2b,-0.004059498,0.80278695
BC089491,0.0,1.0
Dll3,0.0,1.0
Timm50,0.04076366,0.5884606
Supt5,-0.009431541,0.89350325
RP23-89A16.3,0.0,1.0
Rps16,-0.110897064,0.2294637
Plekhg2,-0.051346045,0.27791393
Zfp36,0.24680543,0.19167276
Med29,0.048361562,0.3834119
Paf1,-0.018811122,0.77276343
Samd4b,-0.100705005,0.049886465
Gmfg,0.09100354,0.34844106
Lrfn1,0.0,1.0
Nccrp1,0.0,1.0
Pak4,-0.009976434,0.55977255
Fbxo27,0.035299458,0.1904092
Fbxo17,-0.0001736288,0.98739594
Mrps12,0.03138718,0.7489893
Sars2,0.0,1.0
Ccer2,0.0,1.0
Nfkbib,0.068845525,0.45487574
Sirt2,0.09765537,0.087543495
Rinl,0.11020213,0.4592674
Hnrnpl,0.08424795,0.6035881
RP23-36D15.6,0.0,1.0
Ech1,0.1047982,0.2497877
Lgals4,-0.013373559,0.36875287
RP23-36D15.8,0.0,1.0
Lgals7,7.920526e-05,0.9969085
Capn12,0.0,1.0
RP23-36D15.9,0.0,1.0
Actn4,-0.023201376,0.7108131
Eif3k,0.109717846,0.35403797
Map4k1,0.059135772,0.23265222
Ryr1,0.0,1.0
RP24-484I1.3,-0.007891483,0.72971106
Gm26604,0.0,1.0
Rasgrp4,0.0056185042,0.8026729
Fam98c,0.019387469,0.50986415
1110035H17Rik,-0.011214538,0.43950692
Spred3,0.0,1.0
Ggn,0.0,1.0
Psmd8,0.09012693,0.3173015
Catsperg1,0.0,1.0
Kcnk6,0.008073507,0.73568726
Yif1b,0.023337796,0.6425297
2200002D01Rik,0.0,1.0
Spint2,0.075612724,0.2695271
Ppp1r14a,-0.004490845,0.9230111
Dpf1,0.0,1.0
Sipa1l3,0.042732194,0.04791682
A330087D11Rik,0.0,1.0
Catsperg2,0.0,1.0
Zfp84,0.039151922,0.16533126
Zfp30,-0.0033451049,0.4226497
Zfp790,0.0,1.0
Zfp940,0.004430903,0.8190307
Zfp420,0.02881207,0.49110517
Zfp27,0.0,1.0
Zfp383,0.00522537,0.58836305
Zfp74,0.00097299926,0.9777359
Zfp568,0.020584403,0.4226497
Zfp14,0.017283758,0.4226497
Zfp82,0.0,1.0
Zfp566,0.009248563,0.7505424
Zfp260,-0.041787975,0.20941798
Zfp382,0.035156302,0.30266073
Zfp146,0.028254732,0.4000712
Gm5113,-0.016100274,0.18486711
Cox7a1,0.025235828,0.3169162
Capns1,0.11753255,0.23302217
Gm26810,-0.019399032,0.49487206
Tbcb,0.0658724,0.54166555
Polr2i,0.058647037,0.5320563
Wdr62,-0.00645259,0.4226497
Thap8,-0.0033451049,0.4226497
Clip3,0.011538413,0.72654927
Alkbh6,0.040811304,0.15979256
Syne4,0.0,1.0
Sdhaf1,0.0018638521,0.9550895
E130208F15Rik,0.0,1.0
Lrfn3,0.0,1.0
Tyrobp,0.17442583,0.2054307
Hcst,0.0074243546,0.9610268
Nfkbid,0.08383745,0.69708383
Aplp1,0.04940951,0.6830442
Kirrel2,0.0,1.0
Nphs1,0.0,1.0
Nphs1os,0.0,1.0
Arhgap33os,0.0,1.0
Arhgap33,0.0040031117,0.66053694
Proser3,0.0105443625,0.7099801
Hspb6,0.0007022582,0.9643095
Lin37,0.14991996,0.07753718
Psenen,0.047413528,0.6648446
U2af1l4,0.01415566,0.33537662
U2af1l4-1,0.02435086,0.4741105
Igflr1,0.006991986,0.86772156
Kmt2b,0.058369458,0.15723366
Zbtb32,-0.001795873,0.8989861
Upk1a,0.0,1.0
Cox6b1,-0.06068611,0.4856488
Rbm42,0.20170394,0.014877366
Gm26610,-0.0039923578,0.4226497
Haus5,0.033206243,0.25266656
Atp4a,0.0,1.0
Tmem147,0.07279512,0.36588696
Tmem147os,0.00520326,0.4226497
Gm26935,0.00387712,0.6957487
Sbsn,0.010733574,0.61027527
Dmkn,0.0,1.0
Ffar2,-0.023515156,0.42264965
Ffar1,0.0,1.0
Cd22,-0.0036850004,0.8312909
Gm29440,0.0,1.0
Mag,0.09136992,0.31703514
RP24-63G4.13,0.0,1.0
Hamp2,0.0,1.0
Hamp,0.0,1.0
Usf2,-0.032668263,0.48797485
Gm17077,0.0,1.0
Gm4673,0.042000726,0.37008786
Lsr,0.015597825,0.18535155
Fam187b,0.0,1.0
Fxyd5,0.05818951,0.6430262
Fxyd7,0.0,1.0
Fxyd1,0.009131634,0.42264965
Lgi4,0.003959677,0.4226497
Fxyd3,0.0,1.0
Hpn,-0.0069971364,0.5978741
Scn1b,-0.0072743744,0.70344037
Gramd1a,0.039319396,0.7302671
G630030J09Rik,0.008215371,0.42264977
Gm10640,0.0,1.0
Wtip,0.0,1.0
Uba2,-0.01855883,0.8592452
Pdcd2l,-0.0099052,0.8461922
Gpi1,0.07475543,0.6603388
Gm26762,0.0,1.0
Gm12762,0.0,1.0
Gm12758,-0.002574796,0.42264965
4931406P16Rik,0.039144427,0.42379758
Lsm14a,0.012239546,0.93387544
Gm12764,-0.015113774,0.42264965
Gm12784,0.0,1.0
RP23-324J22.6,0.0,1.0
Kctd15,0.0,1.0
Chst8,0.001048954,0.84229696
Pepd,0.010493897,0.8583191
Cebpg,0.03587079,0.6719924
RP23-338G5.1,0.0,1.0
RP23-435E16.1,0.0,1.0
RP23-435E16.3,0.0,1.0
Cebpa,0.08037965,0.029875325
Slc7a10,0.0,1.0
Lrp3,0.0,1.0
Gpatch1,0.034491394,0.17481416
Rhpn2,-0.0033451049,0.4226497
Faap24,0.023811638,0.575917
Cep89,0.0021159835,0.8728265
Tdrd12,0.0,1.0
Nudt19,0.083606444,0.05045979
B230322F03Rik,0.013438729,0.5193593
Rgs9bp,0.0,1.0
Ankrd27,-0.0066943783,0.80692077
Pdcd5,0.1341554,0.3153083
Dpy19l3,0.005146662,0.85285753
Zfp507,0.08211007,0.14254351
Gm26790,-0.01308475,0.42264965
Tshz3,-0.0053430777,0.4226497
RP23-291B1.2,-0.006255828,0.4226497
Zfp536,0.0,1.0
4930505M18Rik,0.0,1.0
Uri1,0.0086633265,0.90131885
Ccne1,0.019380057,0.5662466
RP23-89C10.2,0.0,1.0
1600014C10Rik,0.078512214,0.4101906
Plekhf1,0.008064024,0.57692415
Pop4,0.068175875,0.10677375
Zfp619,0.009227014,0.42264965
Gm37494,0.04334758,0.3685566
Gm26526,-0.01170164,0.72372454
A230077H06Rik,0.0,1.0
Gm28307,0.0,1.0
Vstm2b,0.0,1.0
AI987944,0.043979935,0.46888173
Gm17102,0.0,1.0
Gm20449,0.0,1.0
Vmn2r57,0.0,1.0
AW146154,-0.02438002,0.51480407
2610021A01Rik,0.007237885,0.7996363
Zfp788,-0.051688526,0.53488886
Zfp141,-0.023042046,0.5640416
Gm7221,0.0,1.0
9830147E19Rik,-0.014786988,0.42264965
Gm5595,0.022279566,0.21676864
Zfp715,0.034396287,0.49851936
Siglecf,0.0,1.0
Siglecg,-0.008515983,0.42264977
Nkg7,0.18558598,0.57831234
Etfb,0.123738974,0.3028873
Vsig10l,0.0023693198,0.693406
Iglon5,0.0,1.0
4931406B18Rik,0.0,1.0
RP23-74K24.8,0.0,1.0
Cd33,0.054858897,0.3007764
Zfp658,0.01902811,0.46999335
Zfp719,-0.0034331195,0.4226497
Zfp819,0.0,1.0
Siglece,0.015017579,0.2174183
Ctu1,-0.014435821,0.532227
Klk13,0.0,1.0
Klk10,0.0,1.0
Klk9,0.010462787,0.4226497
Klk8,-0.025198758,0.65026873
Klk7,0.0,1.0
Klk6,0.0,1.0
1700028J19Rik,0.0,1.0
2410002F23Rik,0.11257865,0.0044314913
Clec11a,-0.002483932,0.42264965
Shank1,0.0,1.0
1700008O03Rik,0.0,1.0
Syt3,0.0,1.0
Lrrc4b,0.019312246,0.42264965
Aspdh,0.0,1.0
Josd2,0.095157094,0.37772235
RP23-455C13.7,-0.0107916435,0.3292226
Emc10,-0.0777747,0.1818892
Fam71e1,-0.0033451049,0.4226497
Mybpc2,0.0,1.0
Spib,0.0140286805,0.4226497
Pold1,0.054247238,0.15598625
Nr1h2,0.14138415,0.014595982
Napsa,0.05142113,0.27156577
Gm15396,0.0,1.0
Kcnc3,0.0360222,0.42264965
RP24-325H17.1,0.0,1.0
Myh14,0.0,1.0
2310016G11Rik,0.0,1.0
Zfp473,0.010434539,0.42264977
Vrk3,-0.09075372,0.37110427
Atf5,0.02180936,0.54623497
Nup62,-0.011831619,0.77427995
Il4i1,-0.0065804413,0.7724351
Tbc1d17,0.089541964,0.11610848
Akt1s1,0.045506142,0.24781568
Pnkp,0.038508207,0.63462794
Ptov1,0.018637992,0.6950682
Med25,-0.03970039,0.64028424
Fuz,0.014785111,0.65169835
Ap2a1,-0.004954912,0.90811086
Tsks,0.0,1.0
Cpt1c,0.0,1.0
RP24-308M10.2,0.0,1.0
Prmt1,0.0045817494,0.9617132
Gm15545,0.014864209,0.2154163
Bcl2l12,0.0043363124,0.84684855
Irf3,0.054263756,0.5288886
Scaf1,0.037114706,0.33815828
Rras,-0.028734244,0.6673106
Prr12,0.10609825,0.0706522
Prrg2,0.013375143,0.551124
Nosip,0.048352942,0.23077944
Rcn3,0.018844016,0.7249913
Fcgrt,0.008518692,0.80325615
Rps11,-0.0076634884,0.8762389
Rpl13a,-0.019060135,0.8034599
Flt3l,0.096556395,0.44934547
Aldh16a1,-0.01706037,0.42240828
Pih1d1,0.05651361,0.23573887
Slc17a7,0.0,1.0
Ccdc155,0.0,1.0
Dkkl1,0.002690971,0.9526681
Tead2,0.01068855,0.42264965
Cd37,0.006198168,0.943688
Cd37-1,0.0,1.0
Trpm4,-0.005298085,0.74165744
Hrc,0.0,1.0
Ppfia3,0.0,1.0
Lin7b,0.0,1.0
Snrnp70,0.109749585,0.36231768
Kcna7,0.0074362312,0.42264977
Ntf5,0.0,1.0
Lhb,0.0,1.0
Ruvbl2,0.10200424,0.11732951
Gys1,0.021457642,0.30945915
Ftl1,0.14768958,0.3006135
Bax,-0.0097151995,0.914261
Dhdh,0.0,1.0
Nucb1,-0.0045138597,0.9311423
Tulp2,0.0,1.0
Ppp1r15a,-0.021847427,0.73038745
Plekha4,0.0,1.0
Hsd17b14,0.006637106,0.4226497
Bcat2,-0.029332839,0.27571088
Izumo1,0.0,1.0
Rasip1,-0.011150054,0.4226497
Mamstr,0.0,1.0
Fut2,0.0,1.0
Sec1,0.0,1.0
Ntn5,0.0,1.0
Car11,0.0,1.0
Dbp,0.023751117,0.5220297
Sphk2,-0.024003863,0.4071746
Rpl18,-0.02701974,0.8472855
Fam83e,0.0,1.0
Sult2b1,0.014576867,0.56656766
Lmtk3,0.0017286036,0.91185164
Cyth2,-0.010968283,0.8852659
Kcnj14,0.0,1.0
Grwd1,0.054274052,0.28102264
Grin2d,0.0,1.0
Kdelr1,0.22656456,0.018977989
Syngr4,0.0,1.0
Tmem143,0.030555705,0.13297455
Emp3,0.03916979,0.8181981
Ccdc114,0.0,1.0
Abcc6,0.0,1.0
Nomo1,-0.027778018,0.37827745
Abcc8,0.0,1.0
Ush1c,0.0,1.0
Kcnc1,-0.01991148,0.31644523
Sergef,0.001945775,0.954345
Tph1,0.0,1.0
Saal1,-0.028117381,0.6741331
Saa3,0.0,1.0
Saa1,0.0,1.0
Saa2,0.0,1.0
Hps5,0.09586088,0.07187906
Gtf2h1,0.050950862,0.21982835
Ldha,-0.06519294,0.74780804
Ldhc,0.0,1.0
Tsg101,0.084965646,0.15968904
Uevld,-0.02310199,0.25829652
Gm9999,0.0,1.0
Spty2d1,0.0058968067,0.96828777
RP23-218K15.3,0.004692385,0.88402355
Tmem86a,0.053996313,0.30286905
Ptpn5,0.018524995,0.18358491
RP24-444C13.27,0.0,1.0
Mrgpra2a,0.0,1.0
Mrgpra2b,0.0,1.0
Zdhhc13,-0.028647304,0.08493479
Csrp3,0.0,1.0
E2f8,0.0,1.0
Gm2788,0.0,1.0
Nav2,0.002086252,0.9628304
RP23-378D16.4,0.01862738,0.29212934
RP23-378D16.5,0.0,1.0
Htatip2,0.014997885,0.705211
Prmt3,0.08826331,0.0999234
Slc6a5,0.0,1.0
Nell1,0.0,1.0
Ano5,0.0,1.0
Slc17a6,0.0,1.0
Fancf,0.03161945,0.5539869
Gas2,-0.006087634,0.6645844
Svip,-0.012813249,0.52402556
Luzp2,0.029984988,0.46356487
Siglech,0.16925369,0.10677753
Tubgcp5,0.09001232,0.10329417
Cyfip1,0.06947427,0.10474004
Nipa2,0.025920793,0.7595058
Nipa1,0.020654157,0.3462944
Herc2,-0.032509312,0.21739103
Oca2,0.0,1.0
Gabrg3,0.0,1.0
Gm9962,0.0,1.0
Gabra5,0.0,1.0
Gabrb3,0.0,1.0
Atp10a,-0.023453254,0.43226224
Ube3a,0.15420052,0.07542123
Gm38393,-0.0075842906,0.4226497
Snrpn,-0.007932898,0.49065658
RP24-236C17.2,0.0,1.0
RP24-236C17.3,0.0,1.0
A230006K03Rik,0.0,1.0
RP23-407N2.2,0.0,1.0
RP24-274B19.1,0.00520326,0.4226497
RP24-274B19.2,0.0,1.0
RP23-54G8.4,0.0,1.0
Gm9801,0.0,1.0
Ndn,0.0147500485,0.4226497
Magel2,0.0,1.0
Mkrn3,0.0,1.0
Peg12,0.0,1.0
Chrna7,0.0,1.0
Otud7a,0.0,1.0
RP23-212H18.4,0.0,1.0
Klf13,0.12785476,0.27050886
E030018B13Rik,0.0,1.0
RP23-402A4.1,0.0,1.0
Trpm1,0.00821128,0.42264965
Mtmr10,0.022396056,0.4687136
Gm20457,0.0074362312,0.42264977
Fan1,0.012750603,0.4226497
Mphosph10,0.011188388,0.7710151
Mcee,0.07829258,0.020383332
Apba2,-0.0034331195,0.4226497
Fam189a1,0.0,1.0
Ndnl2,0.050784618,0.30328256
Tjp1,0.022765167,0.46602884
BC046251,0.0,1.0
Tarsl2,0.01944931,0.27398878
Tm2d3,0.036932394,0.53903663
1810008I18Rik,0.0,1.0
Pcsk6,0.008215371,0.42264977
Snrpa1,0.110501066,0.058462452
RP24-172H24.1,0.0,1.0
Vimp,0.09169465,0.12526475
Chsy1,-0.03521204,0.702198
Lrrk1,0.054148614,0.22009368
RP23-49I18.5,0.008524204,0.37262207
Aldh1a3,0.0,1.0
Asb7,0.0060125496,0.67356926
Lins1,-0.002574796,0.42264965
Cers3,0.0,1.0
Adamts17,0.0,1.0
1700112J16Rik,-0.011665254,0.4226497
Lysmd4,0.016030502,0.3392006
Mef2a,0.05601871,0.70298195
RP23-152B12.3,0.0,1.0
Lrrc28,0.014542252,0.63020307
Ttc23,0.0,1.0
Synm,0.0049691144,0.7033669
4833412C05Rik,0.0,1.0
Igf1r,-0.020109229,0.71928716
Pgpep1l,-0.0076771323,0.4226497
Gm16157,0.006381331,0.4226497
Fam169b,-0.0730204,0.50839794
Arrdc4,0.02331423,0.61447674
RP23-474J16.2,0.0,1.0
RP24-286L23.3,0.0,1.0
Nr2f2,0.0,1.0
RP23-449M8.6,0.0,1.0
RP23-449M8.5,0.0,1.0
Mctp2,-0.012914807,0.84797657
RP24-136L4.5,-0.0126196705,0.4226497
RP24-136L4.6,0.0,1.0
A730056A06Rik,0.0,1.0
Rgma,0.020442022,0.42264977
Chd2,0.057627976,0.6859965
RP23-32A8.5,0.0,1.0
RP23-32A8.10,0.0,1.0
Fam174b,0.016871031,0.5548538
RP23-235M8.7,0.0,1.0
St8sia2,0.0,1.0
Slco3a1,0.009487122,0.9085654
Gm7580,0.0,1.0
RP23-268E17.1,0.0,1.0
Sv2b,0.009095277,0.4226497
Akap13,0.20293355,0.09634117
AU020206,0.17757204,0.23699164
Klhl25,0.03221038,0.51619035
Agbl1,0.0,1.0
Ntrk3,0.0141620375,0.6460765
Gm9885,0.0,1.0
Mrpl46,-0.048901416,0.35363728
Mrps11,0.02741585,0.21661437
RP23-92E8.2,0.0,1.0
Det1,-0.029030386,0.20564236
RP23-53O7.2,0.0,1.0
Aen,0.030100703,0.58971214
Isg20,0.20966017,0.20539908
Gm26633,0.0,1.0
Acan,0.0,1.0
Hapln3,0.0,1.0
Mfge8,-0.00056643784,0.9776446
Abhd2,-0.09583868,0.10503386
Rlbp1,0.0,1.0
Fanci,0.009236618,0.42264977
Polg,0.024721839,0.51843894
AI854517,0.0,1.0
RP23-207N5.2,0.0,1.0
RP23-207N5.5,0.0,1.0
RP23-207N5.4,0.008457402,0.4226497
Rhcg,0.0,1.0
Ticrr,0.0,1.0
Kif7,0.0,1.0
9330171B17Rik,0.0,1.0
Plin1,0.008219755,0.4226497
Pex11a,0.0,1.0
Wdr93,0.0,1.0
Mesp2,0.0,1.0
Anpep,0.0,1.0
Ap3s2,-0.014948536,0.70909965
Gm26646,0.0,1.0
Arpin,0.0,1.0
Zfp710,0.054024093,0.42994472
RP24-174G2.4,0.0,1.0
RP24-259P13.2,0.0,1.0
Idh2,0.01655002,0.61799103
Sema4b,0.007836513,0.9090318
Cib1,0.031392425,0.65100026
Gdpgp1,0.06714299,0.116104275
Ttll13,0.0,1.0
Ngrn,-0.029552437,0.566065
Vps33b,-0.027380172,0.38504028
Rccd1,-0.08058212,0.2135471
Prc1,-0.008677569,0.5738171
6330403N20Rik,0.0,1.0
Unc45a,0.09229416,0.19190145
Hddc3,0.013598933,0.498102
Man2a2,-0.08784451,0.14380668
Fes,-0.0053506494,0.765754
Furin,-0.014614046,0.85532916
RP23-137A24.6,-0.006462775,0.4226497
Blm,0.01714428,0.621134
Crtc3,-0.020914584,0.8119192
Gm15880,0.0,1.0
Iqgap1,-0.42784446,0.026603239
Zscan2,-0.0621019,0.1198909
Wdr73,0.0109421685,0.4366573
Nmb,0.05718536,0.105753
Sec11a,0.09723276,0.32931992
RP24-120F8.4,0.0,1.0
Zfp592,0.06546956,0.23192705
Alpk3,0.0,1.0
Pde8a,0.020173438,0.55857295
Rps17,-0.28619063,0.26347587
Cpeb1,-0.006255828,0.4226497
Ap3b2,-0.011235893,0.42264977
2900076A07Rik,-0.008433823,0.8217806
Fsd2,0.0,1.0
Whamm,-0.062318534,0.29820982
Homer2,-0.006462775,0.4226497
Fam103a1,0.0934836,0.20416585
3110040N11Rik,-0.084756844,0.21103029
Btbd1,-0.04503566,0.5062611
Tm6sf1,0.035024256,0.677994
RP23-423B21.7,0.0,1.0
Hdgfrp3,0.0073396266,0.5808959
Sh3gl3,0.0,1.0
Adamtsl3,0.01135313,0.42264965
Saxo2,0.004853252,0.42264965
Eftud1,-0.03202965,0.49880818
4933406J10Rik,0.0,1.0
RP23-272F2.2,0.0,1.0
Mex3b,0.0015127994,0.96579903
RP23-332G12.1,0.0,1.0
Tmc3,0.0,1.0
Gm16638,0.01764442,0.25481826
Stard5,0.02533834,0.25825146
Il16,0.11579524,0.14912342
Cfap161,0.0,1.0
Mesdc1,0.0517938,0.31069013
Mesdc2,-0.056185074,0.2891031
Cemip,0.0,1.0
Abhd17c,0.011272877,0.76115775
Arnt2,-0.03903178,0.3884778
RP24-118K20.1,0.0,1.0
Gm2115,0.0,1.0
Fah,0.0,1.0
Zfand6,0.028895795,0.75227356
2610206C17Rik,0.0,1.0
Folh1,0.0,1.0
Nox4,0.0,1.0
Grm5,0.021731809,0.4226497
Ctsc,0.09527072,0.24395671
Gm26522,0.10273659,0.022793712
RP24-330M21.1,0.019894468,0.18476617
Rab38,0.0,1.0
Tmem135,0.04604952,0.30787328
Fzd4,-0.01910813,0.4226497
Prss23,0.0,1.0
A230065N10Rik,0.0,1.0
Me3,0.00929911,0.42264977
Ccdc81,-0.008426569,0.4226497
l7Rn6,0.00028946996,0.99468815
Eed,0.020537466,0.6672148
Picalm,0.047525704,0.6126525
Ccdc83,0.0,1.0
Sytl2,-0.00548397,0.8866909
Ccdc89,0.00929911,0.42264977
Crebzf,0.033714563,0.70786935
Tmem126a,-0.09798823,0.27467933
Tmem126b,-0.03184189,0.143139
RP24-267C3.3,0.0,1.0
Dlg2,0.03687944,0.18505108
RP23-344G21.5,0.0,1.0
Ccdc90b,0.032477744,0.3603368
Ankrd42,0.0,1.0
Gm26944,0.0,1.0
Pcf11,-0.006134689,0.8467831
Gm26981,-0.0029107232,0.42264977
Rab30,0.018136006,0.5306989
Ddias,0.020442022,0.42264977
Prcp,-0.045590624,0.19684441
Gm9934,0.0,1.0
Fam181b,-0.011709609,0.42264977
Tenm4,0.0,1.0
RP23-8M3.5,0.0,1.0
Nars2,-0.018005697,0.4088086
Gab2,0.01600411,0.27121586
Usp35,0.009393361,0.4226497
Kctd21,0.00090196356,0.96072745
Alg8,0.029498477,0.38338998
Ndufc2,0.027852952,0.7095138
Thrsp,0.0027432814,0.8701888
Kctd14,0.0,1.0
Ints4,0.03145373,0.14109185
Aamdc,-0.036637366,0.47161126
Rsf1,0.10756627,0.20772219
Rsf1os1,0.00418947,0.8369479
Rsf1os2,0.0,1.0
Clns1a,0.074211985,0.48237947
Aqp11,0.0,1.0
Pak1,0.07199877,0.16729519
Myo7a,0.005091832,0.4226497
Capn5,0.0,1.0
Omp,0.0,1.0
B3gnt6,0.0,1.0
Acer3,0.03230004,0.3387877
Tsku,0.0,1.0
Lrrc32,-0.022182368,0.54279804
Emsy,0.0073432475,0.9155365
Prkrir,0.019843794,0.6541163
RP23-331A21.6,0.0,1.0
Wnt11,0.0,1.0
Uvrag,0.04257445,0.4044661
RP23-16L19.5,0.0,1.0
RP23-16L19.4,-0.008426569,0.4226497
Dgat2,-0.008426569,0.4226497
Mogat2,0.0,1.0
Gm26705,0.0,1.0
Map6,-0.0126196705,0.4226497
Serpinh1,0.009095277,0.4226497
Gdpd5,0.0021575317,0.94747764
Klhl35,0.0,1.0
Rps3,-0.1291573,0.39429504
Arrb1,-0.011334661,0.6525287
Tpbgl,-0.009143731,0.5007936
Gm10605,0.0,1.0
Slco2b1,0.03653252,0.36377463
Gm15635,0.0,1.0
RP23-152P5.3,0.0,1.0
F730035P03Rik,0.0,1.0
Neu3,-0.00853754,0.6625141
Spcs2,0.20976478,0.19549562
Xrra1,0.0,1.0
RP23-428N8.3,0.010079602,0.5716937
Rnf169,-0.04553696,0.3718331
Chrdl2,0.0,1.0
Pold3,-0.028049864,0.7005471
Lipt2,0.0,1.0
Kcne3,0.0,1.0
Pgm2l1,0.00060123205,0.99032557
P4ha3,0.0,1.0
Ppme1,-0.023330562,0.49547392
C2cd3,-0.014135659,0.78478426
Gm10603,-0.016314082,0.4226497
Ucp3,0.0,1.0
Ucp2,0.035226107,0.789383
Dnajb13,0.023428313,0.20182383
Coa4,0.011580288,0.4105639
Mrpl48,0.035810873,0.40486225
Rab6a,0.023520648,0.79903704
Plekhb1,0.012605973,0.5209171
RP23-299D2.2,0.0,1.0
Fam168a,-0.01232966,0.8156999
Relt,0.039887372,0.23093094
Arhgef17,-0.0126196705,0.4226497
P2ry6,0.043238763,0.1606474
P2ry2,0.0,1.0
Fchsd2,-0.03024666,0.57217973
Atg16l2,-0.004210517,0.9090843
Stard10,-0.009029545,0.6414652
Arap1,0.0032250248,0.9003272
Pde2a,-0.083305106,0.43290415
Clpb,0.056581385,0.11282337
Phox2a,0.0,1.0
Inppl1,0.011013575,0.48192975
Folr2,0.0,1.0
Folr1,-0.003960776,0.4226497
Anapc15,0.02836141,0.6359539
Tomt,0.0,1.0
Lamtor1,0.035848558,0.54845047
Lrrc51,0.0018518791,0.8985609
Numa1,0.0039107203,0.96229446
Il18bp,-0.034113593,0.30965152
Rnf121,0.0632184,0.09015563
Xndc1,0.013683047,0.41314858
Xntrpc,0.0,1.0
Art1,0.0,1.0
Chrna10,0.0,1.0
Nup98,0.05813311,0.10269387
Pgap2,0.054197993,0.0153453015
Rhog,0.19001031,0.23510936
Stim1,0.02912008,0.65391135
Rrm1,-0.024016097,0.6715115
Trim21,0.00092851743,0.9485836
Trim68,0.032249287,0.23450641
Olfr558,0.0,1.0
Olfr570,0.0,1.0
Olfr574,0.0,1.0
Hbb-bt,-0.0012074802,0.9656023
Hbb-bs,0.07456795,0.41977084
Hbb-y,0.0,1.0
Olfm5,0.0,1.0
Trim6,0.0,1.0
Trim34a,-0.015377842,0.6977796
Trim5,0.06462992,0.23605411
Trim12a,0.071641624,0.54536146
Trim34b,0.0,1.0
Gm15133,-0.014329769,0.21141373
Trim12c,0.18936092,0.013140468
Trim30b,0.0,1.0
Trim30c,-0.027132092,0.42264965
Trim30a,0.03663957,0.7074162
Trim30d,0.0022699088,0.9713365
Olfr658,0.0,1.0
Gm5900,0.0,1.0
Fam160a2,0.02316926,0.4415813
Cnga4,0.0,1.0
Cckbr,0.0,1.0
Prkcdbp,-0.015964774,0.29399303
Smpd1,0.09844083,0.16720586
Apbb1,-0.0036815312,0.82909524
Hpx,0.0,1.0
Trim3,-0.0336869,0.28157303
Arfip2,-0.01887704,0.2993101
Timm10b,0.12062991,0.17069627
Dnhd1,0.010462787,0.4226497
Rrp8,0.040568672,0.1693023
Ilk,0.0050803423,0.9537964
Taf10,0.043105006,0.68756795
Tpp1,-0.0046869665,0.9165935
Dchs1,0.0065636,0.4226497
Mrpl17,0.09021075,0.3735389
Gm4070,-0.03219156,0.05149546
Gvin1,0.05486692,0.29480687
Syt9,0.015296378,0.4226497
Olfml1,-0.0033451049,0.4226497
RP23-170L10.2,0.0,1.0
Ppfibp2,0.005613005,0.6051156
5330417H12Rik,0.0,1.0
Cyb5r2,0.0,1.0
Nlrp10,0.0,1.0
Eif3f,0.27812862,0.18970491
Tub,0.007858792,0.4226497
Gm26599,0.0,1.0
Ric3,-0.0006205542,0.94128054
Lmo1,-0.0010346062,0.96848786
Stk33,0.0,1.0
1700095J03Rik,0.0,1.0
Trim66,0.0,1.0
Rpl27a,-0.070525646,0.15905425
St5,-0.005084739,0.77084565
Akip1,0.006926261,0.9084567
BC051019,0.0,1.0
Ascl3,0.0,1.0
Tmem9b,0.08083722,0.46658394
Nrip3,-0.003960776,0.4226497
Scube2,0.0,1.0
Dennd5a,0.06608708,0.20734724
Tmem41b,0.054339297,0.50190306
1600010M07Rik,0.0,1.0
Ipo7,0.023086533,0.64004534
AA474408,-0.042660132,0.26369715
Zfp143,0.049003884,0.09868329
Wee1,0.01904245,0.4226497
Swap70,-0.031844117,0.4656589
Sbf2,-0.002533568,0.9193779
Adm,0.0,1.0
Ampd3,0.012007478,0.42264965
Rnf141,0.040505875,0.2955399
Lyve1,0.0,1.0
Mrvi1,0.006637106,0.4226497
Ctr9,0.009177178,0.9064026
Eif4g2,0.30483216,0.104180746
Galnt18,0.0,1.0
Usp47,0.056829117,0.41508588
Dkk3,0.015296378,0.4226497
Mical2,0.01707907,0.24189542
Micalcl,0.0,1.0
Parva,-0.007094083,0.4226497
Parvaos,0.0,1.0
Tead1,0.0,1.0
Rassf10,0.0,1.0
Arntl,-0.050180435,0.48602197
Btbd10,0.050592683,0.13343477
Far1,-0.07765114,0.32159227
Far1os,0.0,1.0
Spon1,-0.01930273,0.47550666
Rras2,0.055924565,0.21782042
Copb1,0.03310722,0.5721383
Psma1,0.15826291,0.23867394
4933406I18Rik,0.012710571,0.4226497
Pde3b,0.11111817,0.40207574
Cyp2r1,0.0,1.0
Calca,-0.017050013,0.81968164
Insc,-0.0033451049,0.4226497
RP23-477O13.1,0.0,1.0
Sox6,-0.004567265,0.42264965
Sox6os,0.0,1.0
1110004F10Rik,0.17142135,0.11990963
Gm4353,0.0,1.0
Plekha7,-0.018417513,0.30829385
Rps13,-0.10073018,0.17297071
RP23-335G1.1,-0.00072082505,0.9839343
Pik3c2a,0.03390889,0.6045992
Nucb2,-0.0035136808,0.8759787
RP24-143K11.1,0.0,1.0
RP24-143K11.2,0.0,1.0
Xylt1,0.009271456,0.7619754
Rps15a,-0.09266281,0.47506425
Arl6ip1,0.1849581,0.11463776
Smg1,-0.10113761,0.45024174
RP23-213H1.2,0.006381331,0.4226497
Syt17,0.0,1.0
Itpripl2,0.03954874,0.14527796
Coq7,-0.03472116,0.2620453
Tmc7,0.005971533,0.4226497
RP24-185P7.1,0.0,1.0
Tmc5,0.0,1.0
Gde1,0.0851122,0.37228608
Ccp110,-0.010088997,0.6922133
9030624J02Rik,0.044549715,0.30972135
Knop1,0.03725578,0.31853554
Iqck,0.007975965,0.42264965
RP23-446E13.1,0.0,1.0
Gprc5b,0.015427645,0.520876
Gpr139,0.0,1.0
Gp2,0.0,1.0
Acsm5,0.0,1.0
Thumpd1,-0.027654089,0.698419
RP24-263G24.2,0.0,1.0
Acsm3,0.0,1.0
Eri2,-0.0033512497,0.85675514
2610020H08Rik,0.10527553,0.12550947
Dcun1d3,0.0028087236,0.9416204
Lyrm1,-0.04684326,0.27898663
Dnah3,0.0,1.0
Tmem159,0.005891748,0.8755163
Crym,0.0,1.0
Abca14,0.0,1.0
Uqcrc2,0.038475573,0.805852
Pdzd9,0.0,1.0
9030407P20Rik,0.0,1.0
BC030336,-0.05137953,0.37952977
Vwa3a,0.0,1.0
Eef2k,0.04258702,0.245462
Polr3e,-0.012814986,0.4656254
Cdr2,0.044413976,0.51736486
4933427G17Rik,0.0,1.0
Mettl9,0.06805284,0.43544006
Igsf6,0.009743239,0.42264965
Otoa,0.0,1.0
Hs3st2,0.0,1.0
RP23-2D23.2,0.0,1.0
Usp31,0.00034034252,0.99513245
1700069B07Rik,0.0,1.0
Scnn1g,0.0,1.0
Scnn1b,0.0,1.0
Cog7,0.06696584,0.020054597
RP23-133N24.2,0.0,1.0
Gga2,-0.018513275,0.6771779
Ears2,0.046594944,0.2883811
Ubfd1,0.08732508,0.062713206
Ndufab1,-0.1462323,0.083075985
Palb2,0.002006845,0.87291205
Dctn5,-0.06896428,0.4659504
Gm15489,0.0033960775,0.81570256
Plk1,-0.0074064885,0.4226497
Chp2,0.0,1.0
Prkcb,0.0680058,0.28262484
Cacng3,0.0,1.0
Rbbp6,0.045693427,0.5963529
Tnrc6a,0.20950198,0.025662242
Slc5a11,0.0,1.0
Arhgap17,0.04169719,0.7070386
Lcmt1,0.05016148,0.18685374
Zkscan2,0.0,1.0
Gm27040,0.0,1.0
Hs3st4,0.0,1.0
3100003L05Rik,0.0,1.0
RP24-63N24.1,0.0,1.0
Kdm8,-0.0057322513,0.4226497
Nsmce1,-0.021894157,0.7643494
Il4ra,0.024079055,0.6640146
Il21r,0.29881257,0.058027547
Gtf3c1,-0.095195316,0.11728485
D430042O09Rik,-0.00043559447,0.99092096
Gsg1l,0.0,1.0
Xpo6,-0.03564422,0.45691985
Sbk1,-0.027596675,0.4226497
RP23-407J24.3,0.0,1.0
Lat,0.10489297,0.5760177
Spns1,-0.077388346,0.04014537
Nfatc2ip,0.0077704974,0.82303774
Cd19,-0.008515983,0.42264977
Rabep2,-0.033417277,0.37841237
Atp2a1,0.0,1.0
Sh2b1,0.0474917,0.3627916
Tufm,0.032107696,0.20172623
Atxn2l,-0.11037722,0.13478494
Eif3c,-0.06759101,0.60360783
Cln3,0.014791958,0.8168164
Apobr,0.020790506,0.30432194
Il27,0.0074362312,0.42264977
Nupr1,0.02264178,0.10408807
2510046G10Rik,-0.025874792,0.26685885
Sgf29,-0.026499555,0.7654294
Sult1a1,0.01714882,0.2187085
Slx1b,0.06765598,0.36016312
Bola2,-0.16182917,0.39841777
Coro1a,-0.09651399,0.59457695
RP23-421P23.4,0.0,1.0
Mapk3,0.037650943,0.55977505
Gdpd3,0.0147500485,0.4226497
Ypel3,0.3394239,0.1525208
Tbx6,0.022743896,0.185887
Ppp4c,0.2221567,0.11536389
Aldoa,0.007920027,0.96811545
Fam57b,0.0,1.0
Doc2a,0.0,1.0
Ino80e,0.05147946,0.22273527
Hirip3,0.019762546,0.71228355
Taok2,0.0020669103,0.97770554
Tmem219,0.042472452,0.63648194
Kctd13,0.023272336,0.780957
Asphd1,0.0,1.0
Sez6l2,0.010643117,0.3937268
D830044I16Rik,-0.010956814,0.42264977
Cdipt,0.046288654,0.68450874
Mvp,0.051442027,0.57788056
Pagr1a,-0.0034331195,0.4226497
Gm42742,0.0,1.0
Prrt2,0.0,1.0
Maz,0.11230543,0.177031
Kif22,0.0,1.0
RP23-142A14.9,-0.0053430777,0.4226497
AI467606,-0.05666837,0.6588444
Qprt,-0.013994202,0.5463369
Spn,-0.06463486,0.32438332
Cd2bp2,0.0064703673,0.8411487
Tbc1d10b,0.040223353,0.48835525
Mylpf,0.0042316783,0.7691086
Sept1,0.1157794,0.39939532
Zfp553,0.008356575,0.6844591
Zfp771,0.087445885,0.116561554
Dctpp1,0.117700025,0.108033925
Sephs2,0.011396587,0.8294717
Itgal,-0.060789585,0.68734556
Zfp768,0.0023636168,0.7201116
Zfp747,0.015558803,0.41725942
9130019O22Rik,-0.006159086,0.6961182
E430018J23Rik,-0.0074254773,0.42264965
Zfp764,-0.00021746196,0.9919883
Zfp688,0.0026819017,0.92368937
RP23-4H17.3,0.00721761,0.4226497
Zfp689,0.0,1.0
Prr14,0.069481485,0.40592074
Fbrs,0.01643207,0.7999205
1700008J07Rik,-0.007742803,0.60755795
Srcap,0.06629847,0.1197482
Gm42715,0.037710555,0.4226497
Gm28198,0.0,1.0
Phkg2,0.0383451,0.37447983
Ccdc189,-0.012156724,0.49612737
Rnf40,0.049562696,0.37059805
RP24-159C12.10,0.0,1.0
1700120K04Rik,0.0,1.0
Zfp629,0.0,1.0
Bcl7c,0.097140774,0.43117082
RP23-430B14.2,0.0,1.0
Ctf1,0.0,1.0
Ctf2,0.0,1.0
Fbxl19,0.00721761,0.4226497
Orai3,0.05497425,0.15941676
Setd1a,0.002162367,0.965554
Hsd3b7,0.0,1.0
Stx1b,0.0,1.0
Stx4a,0.0914122,0.13416089
Zfp668,0.042085588,0.11461283
Zfp646,0.020388529,0.5790911
Prss53,0.003959677,0.4226497
Vkorc1,0.051862694,0.18305025
Bckdk,0.050963707,0.34978497
Kat8,-0.005550422,0.8800368
Prss8,0.0,1.0
Prss36,0.0016947049,0.81952065
Fus,0.38967466,0.030941287
Gm26690,0.007077016,0.6915726
Pycard,0.048097968,0.6877082
Trim72,0.0,1.0
Itgam,0.05230512,0.4778315
Itgam-1,0.00721761,0.4226497
Itgax,0.0010764226,0.98139554
Itgad,-0.0033451049,0.4226497
Cox6a2,0.036869694,0.42264965
RP23-144N15.10,0.0,1.0
9130023H24Rik,0.0,1.0
Armc5,-0.035657555,0.2565813
Tgfb1i1,0.0,1.0
Slc5a2,0.0,1.0
BC017158,0.0,1.0
Rgs10,0.24218684,0.08634526
Tial1,0.10740039,0.39123666
Bag3,-0.020030778,0.67376864
RP24-143L4.3,0.0,1.0
Inpp5f,-0.019378154,0.44415596
Mcmbp,0.026135236,0.8234942
RP23-172P1.2,0.0,1.0
RP23-172P1.4,0.0,1.0
Sec23ip,0.047646027,0.3887012
Plpp4,0.0,1.0
RP23-223O9.2,0.0,1.0
Wdr11,0.0263863,0.0867778
Fgfr2,0.015162345,0.6912099
Ate1,0.028665714,0.6414692
RP23-182F18.2,0.0,1.0
Gm4275,0.0,1.0
Nsmce4a,0.024290174,0.83515245
Tacc2,-0.012028944,0.7112821
Btbd16,0.0,1.0
Gm5602,0.0,1.0
Plekha1,0.05087624,0.30225876
Htra1,0.037988044,0.25471094
Cuzd1,0.0,1.0
1700007K09Rik,0.0,1.0
2310057M21Rik,0.014728863,0.63525677
Pstk,-0.018161044,0.7534737
RP23-78N8.4,-0.0033451049,0.4226497
Ikzf5,-0.0023057982,0.9679449
Acadsb,0.016785156,0.68799716
Bub3,0.09026188,0.3698511
Gpr26,0.0,1.0
Cpxm2,0.0,1.0
Gm15677,0.0,1.0
Chst15,0.0068730167,0.42264965
RP23-218E6.2,0.0,1.0
RP23-152P20.3,0.0,1.0
Oat,0.06861167,0.45906568
Lhpp,-0.010085382,0.4226497
Gm15582,0.0,1.0
Fam53b,0.13160093,0.20181249
Mettl10,-0.010807909,0.8167231
Fam175b,0.014841102,0.71031445
1500002F19Rik,0.0,1.0
Zranb1,0.08317889,0.39909184
Gm15718,0.0,1.0
Ctbp2,0.02208994,0.54852134
Edrf1,0.020568563,0.39843547
Uros,0.036937024,0.38945544
Bccip,0.04270631,0.2057426
Dhx32,0.03939722,0.3159257
Fank1,0.0,1.0
Adam12,0.0,1.0
D7Ertd443e,-0.0045317383,0.8150198
RP23-44H21.1,0.0,1.0
Dock1,0.005786529,0.60083306
Fam196a,0.0,1.0
Nps,0.0,1.0
Ptpre,0.051460296,0.5053025
5830432E09Rik,-0.025723448,0.32585013
Mki67,-0.00598453,0.72106504
Mgmt,-0.0060105748,0.575502
Ebf3,0.0,1.0
9430038I01Rik,0.11124149,0.051018156
Glrx3,0.14997771,0.2935429
Tcerg1l,0.0,1.0
Mapk1ip1,0.052850522,0.03928281
Ppp2r2d,0.1009823,0.14039597
Bnip3,0.058676586,0.23850402
Jakmip3,0.0,1.0
Dpysl4,0.0,1.0
Stk32c,0.012325391,0.7293551
Lrrc27,0.018535728,0.18350805
Pwwp2b,0.003959677,0.4226497
Inpp5a,0.013692743,0.49145037
Nkx6-2,0.02562521,0.5280835
Cfap46,0.0,1.0
Adgra1,0.0,1.0
Kndc1,0.020004211,0.19207421
Utf1,-0.011150054,0.4226497
Gm2044,0.011462866,0.42264965
6430531B16Rik,0.0,1.0
Adam8,-0.044615038,0.4465292
Tubgcp2,0.06648885,0.13656104
Zfp511,0.017561853,0.88098675
Msx3,0.0,1.0
Caly,0.0,1.0
Prap1,0.0,1.0
Fuom,0.055228002,0.10041272
Echs1,0.064321235,0.32081935
Paox,0.06054398,0.03911244
Mtg1,-0.008948237,0.8266028
Sprn,0.0,1.0
Cd163l1,-0.09983944,0.35415545
Cyp2e1,-0.0039923578,0.4226497
Syce1,0.0,1.0
Zfp941,0.0,1.0
Urah,0.0,1.0
Scgb1c1,0.0,1.0
Odf3,0.0,1.0
Bet1l,0.022084475,0.58994615
Ric8,0.06998246,0.14916728
Sirt3,0.055181116,0.14267077
Psmd13,-0.06884369,0.48578033
Cox8b,0.0,1.0
Athl1,0.005725408,0.83202094
Ifitm5,0.0,1.0
Ifitm2,0.031299025,0.7954427
Ifitm1,0.061030455,0.624402
Ifitm3,0.12965709,0.13405965
Ifitm6,0.0,1.0
B4galnt4,0.0004423475,0.9694612
Pkp3,0.09662598,0.43061525
Sigirr,0.02877754,0.46169814
Ptdss2,-0.017023332,0.53946
Rnh1,0.10674584,0.27228826
Hras,-0.010493442,0.82489645
Lrrc56,-0.014088497,0.19060086
Lmntd2,-0.012844364,0.4226497
Rassf7,-0.021214485,0.6135136
Phrf1,0.09752694,0.10941791
Irf7,0.06766567,0.53100353
Sct,0.0,1.0
Deaf1,-0.003756255,0.88652575
Tmem80,0.019804388,0.7365166
Eps8l2,0.0,1.0
Taldo1,-0.0041660666,0.9362426
Pddc1,0.0067205876,0.9619705
Cend1,0.0,1.0
Slc25a22,0.011537313,0.675814
Pidd1,0.0,1.0
Rplp2,-0.1902299,0.12985046
Pnpla2,-0.008421555,0.8645388
Cracr2b,-0.005535548,0.42264965
Cd151,0.014938369,0.4713517
Polr2l,0.07804412,0.62535405
Tspan4,0.011115752,0.64258957
Chid1,0.02131961,0.5219113
Ap2a2,0.04864283,0.66424686
Gm16982,-0.0033451049,0.4226497
Tollip,-0.060884044,0.0679631
Brsk2,0.00721761,0.4226497
Mob2,0.0057451576,0.87366766
Dusp8,0.071957566,0.32774952
Ifitm10,0.19074671,0.13322133
Ctsd,0.15703583,0.16179194
Syt8,0.0,1.0
Tnni2,0.00527434,0.42264965
Lsp1,0.2757336,0.010432508
Tnnt3,0.0,1.0
Mrpl23,0.14622164,0.22941159
Igf2,-0.014817891,0.42264977
Igf2os,0.0,1.0
Ins2,0.0,1.0
Gm6471,0.0,1.0
Th,0.0,1.0
Ascl2,0.0,1.0
Tspan32os,0.0,1.0
Tspan32,-0.034041658,0.657449
Cd81,0.19484079,0.22868457
Trpm5,0.0,1.0
Tssc4,-0.040690616,0.5843094
Kcnq1,0.0,1.0
Kcnq1ot1,0.06846529,0.5507591
4933417O13Rik,0.0,1.0
Cdkn1c,0.026090465,0.38122076
RP23-124B2.7,0.0,1.0
Slc22a18,0.0,1.0
Phlda2,0.0,1.0
Nap1l4,-0.0034249425,0.95436007
Cars,0.053191863,0.41467527
Gm15579,0.0,1.0
Tnfrsf26,-0.053687777,0.2629845
RP23-6I17.1,0.111524,0.21354623
Tnfrsf22,0.019318875,0.4226497
Tnfrsf23,-6.660633e-05,0.9982563
Osbpl5,0.023784894,0.4991025
Mrgpre,0.0,1.0
Nadsyn1,-0.019540092,0.28235707
Dhcr7,-0.013764497,0.65681803
Shank2,-0.011307535,0.42264977
Gm14372,0.0,1.0
Cttn,0.0111772865,0.4226497
Ppfia1,0.012075216,0.6474606
Fadd,0.02027007,0.02965308
Ano1,0.0,1.0
Fgf3,0.0,1.0
Gm26793,0.0,1.0
Fgf15,0.0,1.0
Oraov1,0.02204857,0.35995027
Ccnd1,0.029616693,0.48434988
Tpcn2,0.013062052,0.19987123
Mrgprf,0.0,1.0
Ppp1r14c,-0.01625755,0.4226497
Iyd,0.0,1.0
Plekhg1,-0.0033451049,0.4226497
Mthfd1l,-0.06739072,0.16717564
Akap12,0.008588394,0.75488496
Zbtb2,-0.009551179,0.6851292
Gm21781,0.034484744,0.33359838
Rmnd1,0.038267173,0.30917227
Armt1,-0.026822556,0.52438074
Ccdc170,0.0,1.0
Esr1,0.00721761,0.4226497
Syne1,-0.07987271,0.26880148
Gm10097,0.0,1.0
Myct1,0.0,1.0
Vip,0.0,1.0
Fbxo5,-0.013892962,0.5485794
Mtrf1l,0.052437074,0.27868277
Rgs17,0.0,1.0
Oprm1,0.0,1.0
Ipcef1,-0.07718852,0.4289109
Cnksr3,-0.0053430777,0.4226497
Ulbp1,-0.0034651002,0.8270981
Lrp11,-0.0126196705,0.4226497
Pcmt1,0.12751564,0.20998971
Nup43,0.0066583343,0.7972455
Lats1,0.05204819,0.014880422
Katna1,0.051321447,0.49125916
Ginm1,0.03592527,0.51484966
B430219N15Rik,-0.00692739,0.42264977
Ppil4,-0.058052033,0.653681
Zc3h12d,-0.03120983,0.6509726
Tab2,-0.04556191,0.1952342
Ust,-0.006679262,0.6538508
Sash1,-0.011133221,0.42264977
Gm26674,0.0,1.0
Gm9930,0.0,1.0
Samd5,0.0,1.0
Stxbp5,0.01674693,0.71777576
Adgb,0.0083245365,0.4226497
Rab32,-0.017806882,0.36807752
Grm1,-0.0046704467,0.4226497
Shprh,-0.045602895,0.38160926
4930432B10Rik,0.0,1.0
Fbxo30,-0.030823883,0.37196177
Epm2a,0.007343445,0.5695977
Gm9797,0.0,1.0
Utrn,-0.004341364,0.9647153
B230208H11Rik,0.0,1.0
Stx11,0.04108807,0.28608596
Sf3b5,0.15945375,0.31837142
Plagl1,-0.0033451049,0.4226497
Ltv1,-0.072102636,0.21421565
Phactr2,0.03887432,0.11654712
Fuca2,0.062374964,0.1420182
Pex3,0.12385035,0.13468789
Adat2,-0.005327129,0.71189237
Aig1,-0.014730878,0.670449
Hivep2,0.05685292,0.3904726
Gm26835,0.0,1.0
Adgrg6,0.0,1.0
Vta1,-0.008591786,0.8665485
Nmbr,0.0,1.0
Cited2,0.097075164,0.4989812
Gm20655,0.0,1.0
Txlnb,0.0,1.0
Heca,-0.040096104,0.67843574
Abracl,0.08244896,0.4005681
Reps1,-0.010503337,0.62583494
Ect2l,0.0,1.0
Ccdc28a,0.037587687,0.361481
Gm10827,-0.03606042,0.33401474
Nhsl1,-0.016140377,0.4226497
Hebp2,0.0,1.0
Arfgef3,0.0,1.0
Perp,0.005641753,0.8068112
Tnfaip3,0.0465734,0.8268384
Ifngr1,-0.03762853,0.8983138
Il22ra2,0.008215371,0.42264977
Slc35d3,-0.008426569,0.4226497
Pex7,0.0600696,0.37773386
Map3k5,0.0068803634,0.75015676
Map7,0.015823862,0.64086914
4933406P04Rik,0.0006524753,0.9687817
Bclaf1,0.0180583,0.84383196
Mtfr2,0.0,1.0
Pde7b,-0.0071821255,0.42264977
Ahi1,0.019249152,0.6949182
Myb,0.014108695,0.54625547
Gm26577,0.0,1.0
Hbs1l,0.043477703,0.091923445
Aldh8a1,0.0,1.0
1700020N01Rik,0.0,1.0
Gm5420,0.0,1.0
Platr6,0.0,1.0
Sgk1,0.032049537,0.6029275
E030030I06Rik,-0.08981503,0.17328608
Raet1e,0.0,1.0
H60b,0.0,1.0
Gm26740,0.012146831,0.8902926
Gm26581,0.0,1.0
Raet1d,0.0,1.0
Gm10825,0.0,1.0
Slc2a12,-0.0073298495,0.8261999
Tbpl1,0.15042011,0.14554746
Eya4,0.0,1.0
Rps12,-0.088746786,0.48464933
Slc18b1,0.003959677,0.4226497
Vnn3,0.0,1.0
Vnn1,0.0,1.0
Stx7,0.0614568,0.3538062
Moxd1,0.0,1.0
Ctgf,0.0,1.0
Enpp1,0.103011854,0.074184895
Enpp3,0.0,1.0
Med23,0.09037968,0.0042166035
Akap7,0.009697908,0.42264977
Epb41l2,-0.0048589036,0.8970348
Smlr1,0.0,1.0
Gm29571,0.0,1.0
Tmem200a,0.0,1.0
Gm9767,0.0,1.0
Samd3,-0.061338805,0.46376103
L3mbtl3,0.003963694,0.8666063
Arhgap18,-0.062081184,0.25226268
Lama2,-0.013263843,0.42264965
Ptprk,0.027013658,0.18835007
Themis,0.16803452,0.20411152
Gm9996,0.0,1.0
Soga3,0.0,1.0
9330159F19Rik,-0.0033451049,0.4226497
Echdc1,0.02435187,0.4544641
Rnf146,0.06051442,0.03337677
Rspo3,0.0,1.0
Cenpw,-0.022302143,0.67675555
Trmt11,0.0072769597,0.7473789
Hint3,0.0325578,0.65393573
Ncoa7,0.031656124,0.6608315
Hey2,0.0,1.0
Gm5422,0.0,1.0
Hddc2,0.039467506,0.46658683
Tpd52l1,0.010299058,0.4226497
Rnf217,0.0,1.0
Nkain2,-0.015923165,0.5310678
Clvs2,0.0,1.0
Rsph4a,0.0,1.0
Zufsp,0.038015265,0.46146387
Rwdd1,-0.021373391,0.7327264
Fam26e,0.0,1.0
Fam26f,0.021313086,0.89792013
Dse,0.042071305,0.19140732
Tspyl1,-0.02724336,0.6070111
Nt5dc1,0.06604477,0.122263744
Gm26564,0.02413628,0.48998117
Tspyl4,-0.027798273,0.29503733
Frk,0.0,1.0
Amd2,0.0,1.0
Hs3st5,0.0,1.0
Hdac2,-0.054650337,0.20839214
Marcks,0.16987255,0.13557059
Lama4,0.0,1.0
Fam229b,-0.005987111,0.4226497
Tube1,-0.007979158,0.4226497
Wisp3,0.0,1.0
Fyn,-0.017388582,0.91513056
Gm16364,0.0,1.0
Gm16365,0.0,1.0
Traf3ip2,0.023406759,0.12817387
Rev3l,-0.10561324,0.08099617
Gm26824,0.0,1.0
AA474331,-0.021740606,0.32409048
4930547M16Rik,0.0,1.0
G630090E17Rik,0.0,1.0
BC021785,0.0,1.0
AI317395,0.0,1.0
Slc16a10,0.016398346,0.33348054
Rpf2,0.07826907,0.070936725
Gtf3c6,-0.09288585,0.33439428
Amd1,0.23708197,0.039188437
Cdk19os,0.0,1.0
Cdk19,-0.054279163,0.47705388
Ddo,0.0,1.0
Mettl24,0.0,1.0
Cdc40,0.04047765,0.46161935
Wasf1,0.0,1.0
Fig4,-0.007238418,0.72333986
Ak9,0.00520326,0.4226497
Zbtb24,-0.00015015528,0.99619395
Mical1,0.023074806,0.8273792
Smpd2,-0.0099175945,0.7815452
Ppil6,0.00721761,0.4226497
Cd164,0.18341506,0.16659033
Ccdc162,0.007284036,0.54102975
Gm17196,0.0,1.0
Gm29095,0.0,1.0
Gm29096,0.0,1.0
Gm6976,0.0,1.0
Cep57l1,0.041314404,0.33205736
Sesn1,-0.014046699,0.6585606
Armc2,0.019987443,0.19965339
Foxo3,0.006152272,0.9288592
Lace1,0.0,1.0
Snx3,0.07432324,0.5559328
Nr2e1,0.0016844366,0.9107837
Ostm1,0.046360217,0.4011132
Sec63,0.09931451,0.15678342
Gm26860,-0.0034331195,0.4226497
Scml4,-0.05885565,0.0357641
Sobp,0.0,1.0
9030612E09Rik,0.0,1.0
Pdss2,0.0029505342,0.937519
Bend3,0.005091832,0.4226497
Gm9803,0.0,1.0
1700021F05Rik,-0.003963813,0.9076158
Cd24a,0.00986444,0.54289585
F930017D23Rik,0.0,1.0
Qrsl1,0.03865216,0.24002545
Rtn4ip1,-0.012300323,0.54491085
Aim1,0.07269247,0.18121037
Atg5,0.052674115,0.5312782
Prdm1,-0.018092953,0.6980445
Prep,-0.012709968,0.6284265
Bves,0.0,1.0
Hace1,-0.0075647794,0.8212374
Grik2,0.0147500485,0.4226497
Gm26543,0.0,1.0
Ascc3,-0.06894149,0.30981037
Lilr4b,-0.024551556,0.7174864
Lilrb4a,0.04664068,0.44596145
Dcbld1,0.0,1.0
Gopc,-0.0049133673,0.8807776
Nus1,-0.017373562,0.7532745
Slc35f1,0.0,1.0
Cep85l,0.01212774,0.5530498
Pln,0.0,1.0
Mcm9,-0.005125707,0.90088636
Asf1a,0.005910322,0.89439875
Fam184a,0.0,1.0
Man1a,-0.0006414354,0.9943484
Gm16998,0.0,1.0
Tbc1d32,-0.025928907,0.34428674
Msl3l2,0.03407562,0.18886068
Gja1,-0.0012057815,0.9654746
Gm9956,0.0,1.0
Hsf2,0.033446357,0.34271097
Serinc1,0.032631487,0.7451033
Pkib,-0.084704876,0.28326392
Fabp7,-0.016602699,0.364724
Smpdl3a,0.015619874,0.8506519
Gcc2,0.032226518,0.66235405
Lims1,0.08169305,0.34752026
Ranbp2,0.0028974712,0.92807984
Ccdc138,0.009095277,0.4226497
Edar,0.0,1.0
Sh3rf3,0.0,1.0
Sept10,-0.038683772,0.31527516
Sowahc,0.025176555,0.4963471
P4ha1,-0.011094883,0.8369607
Gm10273,0.03147549,0.4226497
Oit3,0.0,1.0
Mcu,0.0029025003,0.9012046
Micu1,0.031177144,0.4563484
Dnajb12,0.018864729,0.5685349
Ddit4,-0.036681928,0.1814762
Anapc16,0.028930455,0.5855559
Ascc1,0.099655546,0.2332428
Spock2,0.01675507,0.36233702
Chst3,-0.014124806,0.4226497
Psap,0.3195936,0.02272632
Cdh23,0.0045014066,0.7108343
Vsir,0.20383728,0.076246634
Gm17455,0.0,1.0
Slc29a3,0.08578953,0.014954626
Unc5b,0.003959677,0.4226497
Gm26947,0.0,1.0
Pcbd1,0.00527434,0.42264965
Sgpl1,-0.04368956,0.28017277
Tbata,0.0,1.0
Adamts14,0.0,1.0
Prf1,-0.007950284,0.8628323
Pald1,0.036937647,0.13143438
Nodal,0.0,1.0
Eif4ebp2,0.047186248,0.57925063
D830039M14Rik,0.0,1.0
Lrrc20,0.009697908,0.42264977
Npffr1,0.0,1.0
Ppa1,0.036571503,0.6904735
Sar1a,0.19384995,0.10112171
Tysnd1,-0.033134498,0.54137146
Aifm2,0.045735348,0.255001
H2afy2,0.0,1.0
Col13a1,0.0,1.0
Gm5424,0.0,1.0
2010107G23Rik,-0.017803041,0.4226497
Neurog3,0.0,1.0
Tspan15,0.0,1.0
Tacr2,0.0,1.0
Hk1,0.06235732,0.34717888
Hk1os,0.01628995,0.45963702
Hkdc1,0.0,1.0
Supv3l1,0.033159334,0.052481394
4930507D05Rik,0.013709693,0.4226497
Vps26a,0.015618809,0.7215961
Srgn,0.14410686,0.4650886
Kif1bp,-0.0055835545,0.9111243
4933428P19Rik,0.0,1.0
Ddx21,0.10813558,0.5228739
Ddx50,0.016144872,0.82541573
Stox1,0.0,1.0
Ccar1,0.023418456,0.47470984
Tet1,-0.011861089,0.25153616
Slc25a16,0.054310285,0.077747166
Dna2,0.0,1.0
Rufy2,0.03263665,0.3826386
Hnrnph3,0.089359984,0.39959836
Pbld2,0.010250842,0.76945835
Gm16143,0.0,1.0
Mypn,0.0,1.0
1700120B22Rik,0.0,1.0
Herc4,0.035592705,0.514926
Gm26789,0.0,1.0
Sirt1,0.0025609732,0.96501076
Dnajc12,0.011928003,0.60554105
Ctnna3,0.0,1.0
Gm10118,0.0,1.0
Lrrtm3,0.0,1.0
1110002J07Rik,0.0,1.0
Gm26576,0.0,1.0
Reep3,0.12142156,0.27902117
Jmjd1c,0.091538146,0.07813214
Nrbf2,0.021769546,0.8318702
Egr2,0.07780002,0.23975089
Ado,0.037065245,0.6101393
Zfp365,0.0018803161,0.84958565
Rtkn2,0.0,1.0
Gm16212,0.0,1.0
Arid5b,0.046646878,0.45969906
1700040L02Rik,0.0,1.0
Tmem26,0.0,1.0
Rhobtb1,0.020097978,0.42264977
A930033H14Rik,0.018661192,0.19982842
Cdk1,0.0012512282,0.9346604
Ank3,0.0052891374,0.9105309
Ccdc6,-0.055656865,0.25958553
Slc16a9,0.0,1.0
Fam13c,0.0074362312,0.42264977
Phyhipl,0.00975649,0.5629027
Bicc1,0.0,1.0
Tfam,0.06053555,0.18053375
Ube2d1,0.061052576,0.13337824
Cisd1,0.016189761,0.8258077
Ipmk,0.09212688,0.0741067
Gm9923,0.005091832,0.4226497
Zwint,-0.050502613,0.10971791
Pcdh15,0.016509656,0.4226497
Rsph14,0.0,1.0
Gnaz,-0.005535548,0.42264965
Rab36,0.017138211,0.2034967
Bcr,0.007015329,0.80242884
Specc1l,0.00901344,0.8154803
Adora2a,-0.04782378,0.29013896
Gucd1,-0.004095682,0.82968336
Upb1,0.014187109,0.4226497
Snrpd3,0.14472467,0.06447596
Lrrc75b,0.010996934,0.4220465
Ggt1,-0.002321586,0.87845707
Ggt5,0.0106860455,0.41779995
Susd2,0.0,1.0
Cabin1,0.09523008,0.10588872
Ddt,0.0022729635,0.97349685
Gstt3,0.0,1.0
Gstt1,0.0,1.0
Gstt4,0.0,1.0
Gstt2,0.015023325,0.41673443
Mif,0.0025430918,0.98681176
Derl3,-0.0034331195,0.4226497
Smarcb1,0.06854947,0.33697924
Mmp11,0.017788082,0.24373601
Chchd10,-0.0077842027,0.9333214
Gm867,-0.015740244,0.42264965
Vpreb3,0.0,1.0
Gm5134,0.0,1.0
Zfp280b,0.014891383,0.5047867
Gm16222,0.0,1.0
Prmt2,0.09142889,0.12002111
S100b,0.02695834,0.22963226
Dip2a,0.00995688,0.21867585
Gm16240,0.0,1.0
Pcnt,-0.011543699,0.82508206
2610028H24Rik,0.0,1.0
Ybey,0.005960242,0.6003298
Mcm3ap,-0.035905037,0.46097496
Lss,-0.011928013,0.6115676
Spatc1l,0.0,1.0
Col6a2,0.0,1.0
Col6a1,0.0,1.0
Pcbp3,-0.0034331195,0.4226497
Slc19a1,0.08686824,0.19646472
Col18a1,0.0,1.0
Gm10941,0.0,1.0
Pofut2,0.033907562,0.63274753
Adarb1,0.022471922,0.42264977
Fam207a,-0.034111522,0.28925824
2810425M01Rik,0.0,1.0
Itgb2,0.058700383,0.764498
Pttg1ip,-0.035482615,0.47408023
Sumo3,0.007814765,0.92679167
Ube2g2,-0.030656531,0.60975295
Tspear,0.0,1.0
1700009J07Rik,0.0,1.0
Lrrc3,0.012146765,0.30722472
Trpm2,0.009234018,0.19165473
1810043G02Rik,0.007108276,0.5662033
Pfkl,0.071745165,0.4552372
Aire,0.0,1.0
Dnmt3l,0.0,1.0
Icosl,0.042787712,0.23622519
D10Jhu81e,0.08245982,0.14927226
Pwp2,-0.026442768,0.33462766
Trappc10,0.031095564,0.5713968
Agpat3,0.12279169,0.1724048
Gm10146,0.0072732884,0.4226497
Rrp1,0.10745767,0.4965287
Cstb,-0.0076824427,0.9163201
Pdxk,0.03291966,0.38417086
Gm9978,0.0,1.0
Ilvbl,0.0023361593,0.98173726
Syde1,-0.0033451049,0.4226497
Ccdc105,0.0,1.0
Slc1a6,0.0,1.0
2610008E11Rik,-0.0067950003,0.81055677
Plpp2,0.0059831096,0.6570147
Mier2,0.044526313,0.041958332
C2cd4c,0.0,1.0
Shc2,0.0,1.0
Odf3l2,0.0,1.0
Madcam1,0.0,1.0
Tpgs1,0.027673326,0.5284234
Cdc34,0.073363245,0.276563
Gzmm,0.02929927,0.3610997
Bsg,0.07004851,0.55403185
Hcn2,0.005750172,0.6017147
Polrmt,-0.026942281,0.24993908
Fgf22,0.0,1.0
Rnf126,0.0701659,0.16193095
Fstl3,0.009095277,0.4226497
Prss57,0.0,1.0
Palm,-0.0035787635,0.80054986
Misp,0.0,1.0
Ptbp1,0.0007702708,0.99408054
Plppr3,0.0,1.0
Prtn3,0.0,1.0
Elane,0.0,1.0
Med16,0.03206926,0.3969608
R3hdm4,0.13644716,0.07124678
Gm26602,0.0,1.0
Kiss1r,0.0,1.0
Arid3a,0.01890167,0.4835966
Wdr18,0.085540555,0.35154414
Grin3b,0.0,1.0
Tmem259,0.11216164,0.124448486
Cnn2,0.1693598,0.24171941
Abca7,-0.00377696,0.93944055
Hmha1,0.15171087,0.48771426
Polr2e,0.10206109,0.055003468
Gpx4,0.17846715,0.028120093
Sbno2,-0.016887799,0.28540683
Stk11,0.0972756,0.14518158
Cbarp,0.018379822,0.51602197
Atp5d,0.20295686,0.110222004
Midn,0.0021400005,0.9769892
Cirbp,0.06260988,0.57247597
1600002K03Rik,0.034377307,0.583387
Efna2,0.0,1.0
Mum1,0.025151134,0.7847288
Ndufs7,0.10870981,0.03427988
Gamt,-0.000508897,0.9690785
Dazap1,0.021249235,0.63919467
Rps15,0.0042715073,0.95881873
Apc2,0.012978698,0.42264965
2310011J03Rik,-0.05166158,0.19953758
Pcsk4,-0.019797899,0.28114322
Reep6,0.0,1.0
Adamtsl5,0.0,1.0
Plk5,0.004853252,0.42264965
Gm15124,0.0,1.0
Mex3d,-0.013744682,0.7194091
Mbd3,0.051389158,0.65016717
Uqcr11,0.17218494,0.25927004
Tcf3,0.06361933,0.42816815
Atp8b3,0.0,1.0
Rexo1,0.07223444,0.33980027
Klf16,0.012825023,0.7542844
Gm26710,0.0,1.0
Abhd17a,0.06331688,0.22418135
Adat3,-0.009087936,0.4226497
Scamp4,0.0,1.0
Csnk1g2,-0.09991637,0.3968363
Btbd2,0.031107761,0.56251764
Mknk2,-0.046067804,0.5687308
Gm26541,0.017126398,0.29996282
Mob3a,0.0020712912,0.9800577
Izumo4,0.15746762,0.103929356
Ap3d1,0.03286747,0.6525872
Dot1l,0.12745348,0.24809398
Plekhj1,0.10588136,0.46760607
Sf3a2,0.015199751,0.75152326
Amh,0.009858832,0.4226497
Jsrp1,0.0,1.0
Oaz1,0.20782638,0.12916307
Lingo3,0.0,1.0
Lsm7,0.04179211,0.65090317
Sppl2b,0.012373419,0.57382876
Tmprss9,0.0,1.0
Timm13,-0.016377985,0.65165263
Lmnb2,-0.021895457,0.22923763
Gadd45b,0.2598831,0.38064772
Gng7,-0.0033451049,0.4226497
Diras1,0.0,1.0
Gm16099,0.0,1.0
Slc39a3,0.03474109,0.11808366
Sgta,-0.05589983,0.29057932
Thop1,0.007087142,0.6504737
Creb3l3,0.0,1.0
Map2k2,0.102003366,0.37720567
Zbtb7a,0.25582165,0.026560126
Pias4,-0.03580771,0.3175309
Eef2,0.3388188,0.25016809
Dapk3,0.030922055,0.68357694
Atcayos,0.0027089762,0.8575444
Nmrk2,-0.008515983,0.42264977
Atcay,0.00520326,0.4226497
Zfr2,0.07757357,0.034461007
Matk,0.08826565,0.197606
Mrpl54,0.11838938,0.19724903
Apba3,0.03999339,0.23938152
Tjp3,0.0043232515,0.78463715
Pip5k1c,0.04580523,0.23145594
Gm16315,0.0,1.0
Cactin,0.008352514,0.8155035
Tbxa2r,-0.012067914,0.7931017
Gipc3,0.0,1.0
Hmg20b,0.02719906,0.5826963
Mfsd12,0.031970453,0.077727586
4930404N11Rik,0.0142895095,0.42264977
Fzr1,0.07213701,0.04128957
Dohh,0.016150564,0.83326346
Smim24,0.01668969,0.515442
Nfic,0.050176192,0.2897056
Gm16104,0.0,1.0
Celf5,0.021161841,0.19082464
Gm16105,0.0,1.0
Ncln,0.082994886,0.08015807
S1pr4,0.035092592,0.5525629
Gna15,-0.08083516,0.4183883
Gna11,0.058997773,0.22309965
Aes,0.12132335,0.28261092
Tle2,-0.01800882,0.4999897
Tle6,0.0,1.0
BC025920,-0.0063681183,0.6994489
Sirt6,0.015077863,0.20095591
Ankrd24,0.00721761,0.4226497
Gm10778,0.0,1.0
Zfp433,-0.029896215,0.013113912
Zfp873,-0.025465624,0.42264977
AU041133,-0.0078081116,0.8579363
Gm15608,0.0,1.0
Zfp938,-0.05354333,0.11566176
Gm4924,-0.030959906,0.2427121
1190007I07Rik,0.030772537,0.51746285
Tdg,0.0023209006,0.9504391
Glt8d2,0.0,1.0
Hcfc2,-0.017301325,0.62149274
Nfyb,0.08642219,0.37340897
Txnrd1,-0.03738679,0.5027998
Gm4799,0.0,1.0
Chst11,-0.077944845,0.21498773
1700025N21Rik,0.0,1.0
Slc41a2,0.016252488,0.24262702
D10Wsu102e,0.035832442,0.1477892
Aldh1l2,0.0,1.0
A230046K03Rik,0.065360956,0.09473001
Appl2,0.051307067,0.24987009
1500009L16Rik,-0.053635895,0.24002711
Nuak1,0.039568055,0.38520825
4930463O16Rik,0.0,1.0
Ckap4,0.0074362312,0.42264977
Platr7,0.0,1.0
Tcp11l2,-0.057973504,0.24522208
Gm17249,-0.019758534,0.45129958
Polr3b,-0.0124614835,0.6378778
Rfx4,0.0,1.0
Ric8b,0.028126996,0.34035665
Fhl4,0.0,1.0
Tmem263,0.02448807,0.60409504
Mterf2,0.022125503,0.18378454
Cry1,0.07294386,0.015816478
Gm8394,0.0,1.0
Btbd11,0.013034698,0.7738928
Pwp1,0.068415105,0.16204698
Prdm4,0.017133443,0.13960373
Ascl4,0.0,1.0
Rtcb,0.024508834,0.7548279
Bpifc,0.0,1.0
A230060F14Rik,-0.010884732,0.4226497
Fbxo7,-0.019511573,0.70425117
Syn3,0.0,1.0
Timp3,-0.0023815772,0.8929123
1810014B01Rik,-0.017364409,0.33244413
Hsp90b1,-0.014610529,0.85045874
Ttc41,0.0,1.0
Fabp3-ps1,0.009095277,0.4226497
Nt5dc3,-0.043180864,0.5119679
Stab2,0.0,1.0
Ascl1,0.0,1.0
Igf1,0.0,1.0
Pmch,0.003959677,0.4226497
Parpbp,0.0,1.0
Nup37,0.068957455,0.12974055
Ccdc53,0.04158531,0.4620815
Dram1,0.014985092,0.4226497
Gnptab,0.011012606,0.49930915
Gm26546,0.0,1.0
Chpt1,0.0093246475,0.64076924
Sycp3,0.0,1.0
Mybpc1,0.0,1.0
Spic,0.0,1.0
Arl1,-0.037007898,0.6361679
Utp20,-0.015305821,0.73959285
Slc5a8,0.0,1.0
Ano4,0.007272196,0.70277894
Gas2l3,0.0,1.0
Slc17a8,0.0,1.0
Scyl2,0.05474651,0.3007866
1500026H17Rik,0.010255249,0.4226497
Actr6,-0.003704805,0.93191695
Uhrf1bp1l,0.015118822,0.7639452
Anks1b,0.0023534098,0.8469654
Apaf1,-0.018408574,0.6524157
Ikbip,0.0097219385,0.73309535
Slc25a3,0.19697332,0.10997189
Tmpo,-0.11898026,0.40811664
Gm26765,0.0,1.0
Rmst,0.0,1.0
Gm26700,0.0,1.0
Nedd1,0.011713505,0.8285815
Cfap54,0.009393361,0.4226497
Cdk17,0.07107368,0.33163357
Elk3,-0.028973356,0.6696284
Lta4h,0.07799189,0.39166424
Hal,-0.010996184,0.42264965
Amdhd1,-0.01672095,0.59455836
Ccdc38,0.019104691,0.2496643
Snrpf,-0.02521944,0.86044616
4933408J17Rik,0.0,1.0
Ntn4,0.0,1.0
Gm15915,0.0,1.0
Metap2,0.12395078,0.14432402
Vezt,-0.0038154973,0.78357804
Fgd6,0.016210625,0.23468594
Nr2c1,-0.017341344,0.34829822
Ndufa12,0.11005002,0.10711624
Gm4792,0.0,1.0
Tmcc3,0.026962884,0.64736485
Tmcc3os,0.0,1.0
Cep83os,-0.003932444,0.7842372
Cep83,-0.047650013,0.11967111
Plxnc1,0.023151528,0.20974492
Cradd,0.042009912,0.027832797
Socs2,0.02796048,0.5936779
5730420D15Rik,0.0,1.0
Mrpl42,0.06498757,0.2417739
Ube2n,0.21038516,0.073823616
Nudt4,-0.014029399,0.7960671
4732465J04Rik,0.0,1.0
Eea1,-0.055997677,0.143098
Btg1,0.011866331,0.89216715
Dcn,0.0,1.0
Lum,0.0,1.0
C030005K15Rik,0.0,1.0
Atp2b1,-0.0033646822,0.9814307
Poc1b,-0.0070914607,0.81272286
Galnt4,0.02173132,0.30731517
Phxr2,0.004853252,0.42264965
Gm16239,0.0,1.0
Dusp6,0.119358346,0.13313363
Gad1-ps,0.0,1.0
Kitl,0.0,1.0
Tmtc3,0.02397884,0.49242306
Cep290,0.042005207,0.11689956
4930430F08Rik,-0.013871456,0.67769647
Mgat4c,0.0,1.0
Nts,0.0,1.0
Rassf9,0.0,1.0
Alx1,0.0,1.0
Lrriq1,0.0,1.0
Slc6a15,0.0,1.0
Tmtc2,0.024154324,0.41753927
Mettl25,0.005575291,0.7916655
Ccdc59,0.08232859,0.12933406
C230021G24Rik,0.0,1.0
Ppfia2,0.0,1.0
Acss3,0.0,1.0
Lin7a,0.0,1.0
Ptprq,0.0,1.0
Otogl,0.0,1.0
Ppp1r12a,0.06666416,0.39156535
Pawr,0.012069266,0.4226497
Syt1,0.0,1.0
Nav3,0.04092298,0.48447216
E2f7,-0.0056567793,0.42264977
Csrp2,0.003788527,0.9106248
Zdhhc17,-0.0025555193,0.9086344
Rpl6l,0.013060443,0.6691896
Osbpl8,-0.052130543,0.33819836
Bbs10,-0.015353986,0.42264977
Nap1l1,0.14219356,0.33074972
Phlda1,-0.018815473,0.5893744
Gm28592,0.0,1.0
Krr1,-0.0955624,0.08059886
Glipr1,0.06875324,0.34976038
Glipr1l1,0.0,1.0
Caps2,0.0,1.0
Kcnc2,0.0,1.0
Atxn7l3b,0.16295192,0.1689076
Gm26596,0.0,1.0
Trhde,0.0,1.0
Tph2,0.0,1.0
Tbc1d15,-0.015154555,0.83492345
Rab21,0.10498825,0.38958555
Tmem19,0.019827746,0.53285164
Thap2,-0.02860117,0.5921104
Zfc3h1,0.056374654,0.2876733
Lgr5,0.0,1.0
A930009A15Rik,0.0,1.0
Tspan8,0.0,1.0
Ptprr,0.0,1.0
Ptprb,0.009095277,0.4226497
Kcnmb4,0.017148064,0.59443074
Kcnmb4os2,0.015339524,0.4226497
Cnot2,-0.019165725,0.6696495
Myrfl,0.0,1.0
Rab3ip,-0.04389519,0.37367347
D630029K05Rik,0.0,1.0
Best3,0.0,1.0
Cct2,-0.0099310875,0.9135735
Frs2,0.0027622804,0.81072634
Yeats4,-0.0038920045,0.94232124
Lyz2,0.1312222,0.15348502
Lyz1,0.0,1.0
Cpsf6,-0.024318099,0.7659092
Cpm,-0.013106007,0.5235569
Mdm2,0.08567524,0.110975504
Slc35e3,-0.012933072,0.45778432
Nup107,-0.03616884,0.46566463
Rap1b,0.089639425,0.21935114
Mdm1,0.0,1.0
Ifng,0.20225173,0.55784994
Dyrk2,0.06637882,0.32440063
Cand1,0.026981182,0.5616963
Grip1,0.0,1.0
Helb,-0.0929928,0.053451225
Irak3,0.014841095,0.45394152
Tmbim4,0.26449978,0.10840705
Llph,0.21115825,0.1997821
Hmga2,0.0,1.0
Msrb3,0.0,1.0
Lemd3,0.014296383,0.7805744
Tbc1d30,0.0036149258,0.8206186
Gns,0.14477175,0.02067849
Rassf3,-0.02206308,0.6811935
Tbk1,0.026800737,0.61891246
Xpot,-0.047592267,0.21153638
D930020B18Rik,0.0,1.0
BC048403,0.0,1.0
Srgap1,-0.014984393,0.42264977
Tmem5,0.036882237,0.2332137
Ppm1h,0.13910714,0.15237269
Mon2,0.024993293,0.58147705
Usp15,-0.012864754,0.8431451
Fam19a2,0.0,1.0
Slc16a7,0.018863184,0.42264965
Lrig3,0.014985092,0.4226497
Xrcc6bp1,0.035124432,0.18556157
Ctdsp2,0.03606108,0.5693454
Avil,0.0,1.0
Tsfm,-0.055947907,0.43803757
Mettl21b,0.0,1.0
Mettl1,0.038125187,0.45370206
March9,0.058645345,0.116300344
Cdk4,0.107687205,0.3954178
Tspan31,0.019590557,0.78041905
Agap2,0.01879974,0.5106948
Os9,0.08440858,0.29066887
B4galnt1,0.21213144,0.28033727
Slc26a10,0.0,1.0
Arhgef25,0.0,1.0
Dtx3,-0.026110142,0.7596495
F420014N23Rik,0.0,1.0
Pip4k2c,-0.013529085,0.79775053
Kif5a,0.08797146,0.22529651
Dctn2,0.024074197,0.54485184
Mbd6,-0.01097345,0.5723228
Ddit3,0.119087026,0.18743464
Mars,0.035669714,0.58148587
Arhgap9,0.09284851,0.044163425
Gli1,0.0,1.0
R3hdm2,0.10538871,0.25704753
Stac3,-0.003960776,0.4226497
Ndufa4l2,0.0,1.0
Shmt2,0.040639184,0.5343155
Nxph4,0.0,1.0
Lrp1,0.027902886,0.44476387
Gm16217,0.0,1.0
Stat6,0.08781184,0.041485477
Nab2,-0.054975115,0.13797238
Gm16229,0.0,1.0
Tmem194,0.030550055,0.2702404
Gm16230,0.0,1.0
Myo1a,0.0,1.0
Tac2,0.0,1.0
Zbtb39,0.019737722,0.18517382
Gpr182,0.0,1.0
Rdh1,0.0,1.0
Rdh9,0.0,1.0
Rdh16,0.0,1.0
Prim1,0.025585346,0.38929462
Naca,-0.07822895,0.29326144
Ptges3,-0.12866831,0.33149153
Atp5b,0.06019318,0.5455558
Baz2a,0.12972434,0.050741594
Rbms2,-0.037358165,0.53652173
Gls2,0.0,1.0
Spryd4,0.019634029,0.12103867
Gm26847,-0.005237306,0.42264977
Timeless,-0.034096025,0.029671792
Apof,0.0,1.0
Stat2,0.032080956,0.14156452
Il23a,0.0,1.0
Pan2,0.0043375194,0.9141667
Cnpy2,-0.025837049,0.77634925
Cs,0.013468653,0.87149924
Coq10a,-0.038039126,0.19902381
Ankrd52,-0.01326347,0.67016697
Gm17201,0.0,1.0
Slc39a5,-0.005563151,0.4226497
Nabp2,0.11584723,0.14017768
Rnf41,0.0055414625,0.8686939
Smarcc2,0.0009755045,0.9871808
Myl6,-0.1263994,0.3753689
Myl6b,0.004353524,0.6683023
A430046D13Rik,-0.0046156943,0.86280113
Esyt1,0.1340976,0.20931643
Gm29585,0.0,1.0
Zc3h10,-0.003706921,0.89770985
Rpl41,-0.1499052,0.57077247
Pa2g4,0.020102173,0.82890946
Erbb3,0.01776705,0.110415265
Rps26,-0.20479226,0.30809307
Ikzf4,0.038098343,0.34094927
Gm26876,0.0,1.0
Suox,0.009337945,0.7886537
Rab5b,-0.08497713,0.24650109
Cdk2,-0.02455537,0.26639447
Pmel,0.0,1.0
Dgka,-0.05264911,0.717276
Pym1,-0.013261914,0.82433546
Mmp19,0.0,1.0
Tmem198b,0.00907643,0.42264965
Dnajc14,0.0062984675,0.7817553
Ormdl2,0.17489165,0.13362415
Sarnp,0.06511772,0.5433872
Gdf11,-0.018280793,0.6689472
Cd63,0.0034039915,0.93476146
Rdh5,0.01051506,0.6995475
Bloc1s1,0.01965776,0.76054484
Itga7,-0.010746761,0.4226497
Neurod4,0.0,1.0
Tespa1,-0.010554045,0.9277671
Vmn2r84,0.0,1.0
Vmn2r85,0.0,1.0
Vmn2r87,0.0,1.0
Insr,0.052192826,0.18632539
A430078G23Rik,-0.08264647,0.33015478
Arhgef18,-0.039477035,0.66946363
Pex11g,0.0018396005,0.95979124
1700019B03Rik,0.0,1.0
Zfp358,0.02540927,0.13204923
Mcoln1,-0.0016481504,0.96628195
Pnpla6,-0.0041942615,0.7795528
C330021F23Rik,0.0,1.0
Camsap3,0.019312246,0.42264965
Xab2,0.02160035,0.781985
Pet100,-0.12825376,0.46122372
Stxbp2,-0.037732735,0.6091388
Retn,0.0,1.0
Mcemp1,-0.017771482,0.4226497
Fcor,0.0,1.0
RP23-316J6.4,0.0,1.0
RP23-316J6.5,0.0,1.0
Trappc5,-0.039422408,0.5991788
Fcer2a,0.0,1.0
Clec4g,0.0,1.0
Cd209a,0.0,1.0
Cd209e,0.0,1.0
Cd209d,0.0,1.0
Cd209b,0.0,1.0
Cd209c,0.0,1.0
Cd209f,0.0,1.0
Cd209g,0.0,1.0
4932443L11Rik,0.0,1.0
Evi5l,-0.024327012,0.16918759
Prr36,0.0,1.0
Lrrc8e,0.0,1.0
Map2k7,0.035482682,0.3987678
Tgfbr3l,0.0,1.0
Snapc2,-0.005134251,0.72777957
Ctxn1,0.012697029,0.53545344
Timm44,-0.033012263,0.49540636
Elavl1,0.12872991,0.010144669
Ccl25,-0.008781964,0.82781774
Cers4,0.19533202,0.102139756
Zfp958,-0.051597238,0.33540162
Gm6410,0.0,1.0
Shcbp1,-0.0034331195,0.4226497
RP23-216D14.4,0.0,1.0
RP23-216D14.1,0.0,1.0
Efnb2,0.0010291548,0.9294528
Arglu1,-0.19091123,0.24361396
RP23-156J8.1,0.0,1.0
Fam155a,0.018280404,0.42264977
Lig4,-0.01658331,0.18380207
Abhd13,-0.0031589642,0.86873436
Tnfsf13b,0.02662331,0.269476
Myo16,0.0,1.0
RP24-294M17.5,0.0,1.0
RP23-366O14.2,0.0,1.0
RP23-366O14.4,0.0,1.0
RP23-366O14.5,0.0,1.0
3930402G23Rik,0.0,1.0
Irs2,0.028823987,0.56614935
9530052E02Rik,0.0,1.0
RP23-343H23.2,0.0,1.0
Gm15418,0.0,1.0
Col4a1,0.0,1.0
Col4a2,0.0,1.0
Rab20,0.057441503,0.54025877
E230013L22Rik,0.0,1.0
Carkd,0.05590839,0.40594047
Cars2,0.011192393,0.7217686
Ing1,0.010240167,0.92533726
Ankrd10,0.07699327,0.4502594
1700016D06Rik,0.0,1.0
Arhgef7,-0.017315261,0.61899453
Tex29,0.0,1.0
Sox1,0.0,1.0
Tubgcp3,0.021304943,0.4908685
Gm15348,0.0,1.0
Atp11a,-0.03225647,0.31972328
Mcf2l,0.009131634,0.42264965
Gm15351,0.0,1.0
F7,0.0,1.0
F10,0.0,1.0
Pcid2,-0.036851615,0.58305275
Cul4a,0.047468983,0.3702905
Lamp1,0.050713122,0.5003262
Grtp1,0.0,1.0
2810030D12Rik,0.0,1.0
Adprhl1,0.0,1.0
Dcun1d2,-0.039278995,0.38020557
Tmco3,0.021388646,0.4832905
Tfdp1,-0.01956216,0.2831261
Grk1,0.0,1.0
Tmem255b,0.0,1.0
Gas6,0.011412199,0.46182767
Rasa3,-0.027537271,0.74318117
4932443I19Rik,0.0,1.0
Cdc16,0.009492464,0.868066
Upf3a,0.0110248625,0.874289
Champ1,-0.024774142,0.4226497
Coprs,-0.005037628,0.4226497
Fbxo25,-0.011905916,0.78649634
Tdrp,-0.024944425,0.46825626
Erich1,0.09163742,0.06821325
Gm10699,0.0,1.0
Dlgap2,0.0,1.0
Cln8,-0.003541939,0.9280863
Arhgef10,0.0028061904,0.86380315
Gm16350,0.0,1.0
Kbtbd11,-0.19010073,0.14566594
5830468F06Rik,-0.03973372,0.28634048
Csmd1,0.0,1.0
Mcph1,-0.050658163,0.023150127
Angpt2,-0.0044483864,0.42264965
Agpat5,0.039183006,0.65105134
Xkr5,0.0,1.0
Gm6483,-0.024854474,0.41006333
Gm26853,0.0284179,0.3751101
Gm26804,0.0,1.0
Gm15319,0.0,1.0
Gm21092,-0.008950084,0.9148944
Gm21119,0.0,1.0
Gm15056,0.0,1.0
Defb10,0.0,1.0
Defb9,0.0,1.0
Defb11,0.0,1.0
Atp7b,0.0,1.0
Alg11,0.036436066,0.46165276
Nek5,0.0,1.0
Nek3,-0.011518593,0.49942157
Ckap2,0.0,1.0
Vps36,-0.051667467,0.38585758
Thsd1,0.0,1.0
Tpte,0.0,1.0
Slc25a15,0.027481873,0.2293693
1810012K16Rik,0.0,1.0
Mrps31,0.031108186,0.26104972
Smim19,0.035106666,0.56630045
Slc20a2,-0.011073487,0.5435762
Gm17491,-0.033927176,0.44698238
Vdac3,0.017205596,0.79664457
Dkk4,0.0,1.0
Polb,-0.013331987,0.7594216
Gm26909,-0.008550472,0.5815348
Ikbkb,-0.13275102,0.4620386
Plat,-0.025840556,0.4226497
Ap3m2,0.03990162,0.20743102
1700041G16Rik,0.017539646,0.18837756
Kat6a,-0.009824216,0.8333099
Ank1,0.0,1.0
Gm15816,0.0,1.0
Gpat4,0.05389732,0.17008674
Gins4,-0.020598218,0.7390956
Golga7,-0.0074925125,0.93734837
Sfrp1,-0.0051752306,0.4226497
Zmat4,0.0,1.0
RP23-183J18.1,0.0,1.0
Gm26714,0.0,1.0
1810011O10Rik,0.009393361,0.4226497
Ido2,0.0,1.0
Ido1,0.014430274,0.21350695
Adam18,0.0,1.0
Adam3,0.0,1.0
Adam5,0.0,1.0
Adam32,0.0,1.0
Adam9,0.02953646,0.27847868
Tm2d2,0.01813896,0.8429443
Plekha2,0.057967916,0.329681
Tacc1,0.1705599,0.13255414
Fgfr1,0.020687604,0.21302474
Letm2,0.019743659,0.56421494
Whsc1l1,0.052463293,0.6188595
Plpp5,0.010712577,0.7769719
Ddhd2,0.019776665,0.7144096
Gm17484,0.0,1.0
Bag4,0.060973734,0.18645318
Lsm1,0.0010874271,0.9862143
Star,0.0,1.0
Ash2l,-0.03643194,0.6876438
Kcnu1,0.0,1.0
Hgsnat,-0.0038913079,0.9065358
Pomk,0.032163274,0.32231513
Fnta,0.003058672,0.9715915
Hook3,0.061991602,0.30629763
Rnf170,0.008198179,0.8707416
Thap1,0.034828976,0.12883282
2310008N11Rik,0.0,1.0
Zfp703,0.09959387,0.015735148
Erlin2,0.03621968,0.07202534
Proscos,0.0,1.0
Prosc,0.08447827,0.17837194
Adgra2,0.00929911,0.42264977
Brf2,0.020067686,0.21002103
Rab11fip1,-0.02164622,0.6815131
Got1l1,0.0,1.0
Adrb3,0.0,1.0
Eif4ebp1,0.0116068125,0.88848233
Gm1698,0.0,1.0
Unc5d,0.0,1.0
Dusp26,0.019364918,0.25689146
Rnf122,-0.018430889,0.18818581
Tti2,0.018685756,0.58560795
Mak16,0.045915663,0.19053566
Fut10,0.009131634,0.42264965
Gm5117,0.0,1.0
Nrg1,-0.0058948942,0.4226497
Gm26578,0.0,1.0
Wrn,-0.021814123,0.7546752
Purg,0.0013867393,0.9151794
5930422O12Rik,0.0,1.0
Tex15,0.0,1.0
Ppp2cb,-0.025036573,0.5920382
Ubxn8,0.07876305,0.06366104
Gsr,0.067106925,0.44702587
1700104B16Rik,0.0,1.0
Gtf2e2,0.007086247,0.8559988
Smim18,0.0,1.0
Rbpms,-0.02289858,0.42513013
Gm26632,0.0,1.0
Dctn6,0.027650684,0.5127736
Gm26768,0.0,1.0
Mboat4,0.0,1.0
Leprotl1,-0.009510875,0.8897992
Saraf,0.06792498,0.69389117
Gm29243,0.027227499,0.7917588
Gm4889,0.0,1.0
Dusp4,0.022141863,0.41273475
Tnks,0.026619643,0.13280648
Ppp1r3b,0.009933133,0.66547185
Eri1,0.026898168,0.58776486
Gm16793,0.0,1.0
Mfhas1,-0.0512456,0.22712582
RP24-134N2.1,0.0,1.0
Cldn23,0.0,1.0
D8Ertd82e,-0.019709773,0.6117095
Lonrf1,0.02356649,0.07818373
6430573F11Rik,0.0,1.0
Dlc1,0.0,1.0
AI429214,0.0,1.0
Sgcz,0.0,1.0
Tusc3,0.020785637,0.6708262
Msr1,0.0,1.0
Micu3,0.06487763,0.06134641
Zdhhc2,-0.045635432,0.16604061
Cnot7,0.12725392,0.27032864
Vps37a,0.07462672,0.28445435
Mtmr7,-0.011706336,0.42264965
Slc7a2,0.0,1.0
Pdgfrl,0.0,1.0
Mtus1,0.029337117,0.27235717
Gm16192,0.0,1.0
Fgl1,0.0,1.0
Pcm1,-0.15311962,0.01907016
Asah1,0.07727931,0.41591918
Frg1,0.011379987,0.8769626
Fat1,-0.0033451049,0.4226497
Gm2366,0.0,1.0
Klkb1,0.0,1.0
Cyp4v3,0.04082422,0.56744236
Fam149a,0.0,1.0
Tlr3,0.009393361,0.4226497
Sorbs2,0.0,1.0
Sorbs2os,0.0,1.0
Pdlim3,0.0,1.0
1700029J07Rik,-0.019424798,0.24448217
Ufsp2,-0.033606935,0.5710214
Ankrd37,-0.019718984,0.27075663
Lrp2bp,0.0,1.0
Snx25,0.02697536,0.39979813
Cfap97,0.016296253,0.3199523
Gm15634,0.010772373,0.42264965
Slc25a4,-0.0069361925,0.95644885
Helt,0.0,1.0
Acsl1,0.051510543,0.067760974
Cenpu,0.008551011,0.4226497
Primpol,-0.024252659,0.4449101
Casp3,0.013421593,0.53038
Irf2,0.2636566,0.05818661
Enpp6,0.0,1.0
4930579M01Rik,0.0,1.0
Stox2,0.005112297,0.6186383
4930448N21Rik,0.0,1.0
Gm10083,0.0,1.0
Trappc11,-0.01499331,0.78808
Rwdd4a,-0.0011798218,0.98595595
Ing2,0.094843805,0.16837466
AA386476,0.026735311,0.14401335
Cdkn2aip,-0.04869324,0.42130578
E030037K01Rik,0.0,1.0
Cldn22,0.0,1.0
Wwc2,0.021541962,0.24677582
Dctd,-0.00019918382,0.99285686
Tenm3,0.013709693,0.4226497
Aga,0.026677053,0.59675723
Neil3,0.0,1.0
Vegfc,0.0,1.0
Spcs3,-0.03990349,0.6439489
Asb5,0.0,1.0
Spata4,0.0,1.0
Wdr17,0.0,1.0
Gm15758,0.0,1.0
Gpm6a,-0.011162743,0.46938136
Glra3,0.0,1.0
Hpgd,0.08651391,0.06790152
Cep44,-0.030378982,0.4633783
Fbxo8,0.057136886,0.40023854
Scrg1,0.0,1.0
Sap30,0.03872165,0.48940328
2500002B13Rik,-0.0057322513,0.4226497
Hmgb2,-0.12651873,0.16514595
Galnt7,-0.0026625395,0.93510735
Galntl6,0.0,1.0
Gm26905,0.0,1.0
BC030500,0.0,1.0
Aadat,0.0,1.0
Mfap3l,0.0,1.0
2700029M09Rik,-0.08362581,0.31012228
Clcn3,-0.049322657,0.18736444
B230317F23Rik,0.0,1.0
Nek1,-0.060102213,0.14494947
Sh3rf1,-0.0003009434,0.97624296
Cbr4,0.017797727,0.3257766
Palld,-0.017771482,0.4226497
Ddx60,-0.041489646,0.44174367
Spock3,0.014867128,0.65602434
Tll1,0.0,1.0
Cpe,0.026597157,0.82086545
Msmo1,0.00070207566,0.9848518
Klhl2,-0.048805423,0.49344376
Tmem192,0.06439174,0.12536554
Apela,0.0,1.0
March1,-0.01053237,0.66583896
Gm15354,0.0,1.0
Gm15356,0.0,1.0
Tma16,0.0076048225,0.8258477
Tktl2,0.0,1.0
Npy5r,0.0,1.0
Npy1r,0.0,1.0
Naf1,0.077157795,0.035844624
Nat1,0.0,1.0
Nat2,0.005971533,0.4226497
Gm9755,0.0,1.0
Psd3,0.0147500485,0.4226497
Gm15991,0.0,1.0
Gm21807,0.0,1.0
Sh2d4a,0.0,1.0
Csgalnact1,-0.021094598,0.4226497
1700125H03Rik,0.0,1.0
Ints10,0.036818564,0.21614847
Lpl,0.0142798945,0.28630114
Slc18a1,0.0,1.0
Atp6v1b2,0.054313645,0.39176562
Gm15717,0.0,1.0
Lzts1,0.0140286805,0.4226497
Zfp930,0.014578422,0.18522628
D130040H23Rik,-0.008755316,0.4226497
Gm10033,0.0,1.0
Gm10311,-0.014550288,0.20772862
Gm9495,0.0,1.0
Gm43263,0.0,1.0
Zfp868,0.02239943,0.45095968
Zfp964,0.008457402,0.4226497
Zfp869,-0.024913425,0.184968
Zfp963,0.007533063,0.6287106
Zfp866,-0.00029173773,0.98295265
Atp13a1,0.06092968,0.17214875
Gmip,0.11380008,0.029517895
Lpar2,0.017366996,0.25295022
Pbx4,-0.054841664,0.115895465
Cilp2,0.0,1.0
Yjefn3,0.028347585,0.25596607
Ndufa13,0.040314317,0.7889589
Tssk6,0.0,1.0
Gatad2a,-0.019425556,0.803707
Mau2,0.12343602,0.1412263
Sugp1,0.010285281,0.7365031
Tm6sf2,0.0,1.0
Hapln4,0.0,1.0
Ncan,-0.047831807,0.33437294
Rfxank,-0.06840112,0.126741
Nr2c2ap,0.006221533,0.8816307
Borcs8,-0.042020053,0.66342366
Tmem161a,-0.045639843,0.4465839
Slc25a42,0.02734498,0.073697895
Armc6,-0.034160558,0.094798446
Sugp2,-0.022500686,0.605036
Homer3,-0.008515983,0.42264977
Ddx49,-0.0006272048,0.9895408
Cope,0.22039106,0.041613556
Cers1,0.0,1.0
Upf1,-0.03342007,0.23938553
Comp,0.0,1.0
Crtc1,-0.019734759,0.4360735
Klhl26,0.05580725,0.0032111546
Tmem59l,-0.011493333,0.4226497
Crlf1,0.0,1.0
2810428I15Rik,0.11250639,0.27171847
Uba52,-0.36476278,0.37412614
Kxd1,0.13728458,0.074085854
Fkbp8,0.12302467,0.13372834
Ell,0.02477748,0.4205955
Isyna1,0.0055557042,0.9241226
Ssbp4,0.22431287,0.008091623
Lrrc25,0.0077554006,0.68819815
Gdf15,0.0,1.0
Pgpep1,-0.015069255,0.41658095
Lsm4,0.1939432,0.102297164
Jund,0.34291244,0.085395396
Gm11175,0.0,1.0
Gm3336,0.0,1.0
Pde4c,0.0,1.0
Rab3a,0.007268803,0.6878575
Mpv17l2,0.027819678,0.38489783
Ifi30,0.008628562,0.91837513
Pik3r2,0.010037068,0.6922568
2010320M18Rik,-0.009570364,0.4226497
Mast3,0.005094707,0.9418617
Il12rb1,-0.06880841,0.1586895
Arrdc2,-0.017545208,0.49548838
Kcnn1,0.0,1.0
A230052G05Rik,0.0,1.0
Ccdc124,0.0017426461,0.9679338
Slc5a5,0.0,1.0
Rpl18a,0.01684475,0.8093617
Map1s,0.008110054,0.8194078
Gm10654,0.0,1.0
Haus8,0.03126806,0.11939473
Myo9b,0.023584083,0.76731646
Use1,-0.07276839,0.24424846
Ocel1,0.05742521,0.32159615
Nr2f6,-0.03442637,0.58532417
Ushbp1,-0.006146614,0.4226497
Babam1,0.09395383,0.1566447
Ankle1,-0.0034331195,0.4226497
Abhd8,0.043631762,0.6831191
Mrpl34,-0.01850085,0.6975038
Dda1,-0.009382635,0.9218459
Ano8,-0.0029107232,0.42264977
Gtpbp3,-0.011863064,0.5820325
Plvap,0.0,1.0
RP23-457J22.1,0.0,1.0
Bst2,0.11596531,0.083879024
Mvb12a,0.050147682,0.5301421
Tmem221,0.0,1.0
Nxnl1,0.0,1.0
Slc27a1,0.03064153,0.51583225
Pgls,-0.0034490228,0.83229816
Fam129c,0.018380497,0.5146502
Colgalt1,0.08317064,0.33687767
Unc13a,0.00721761,0.4226497
Jak3,0.036141925,0.70485234
Insl3,0.0,1.0
B3gnt3,0.0,1.0
Fcho1,-0.00010114908,0.99804735
Zfp709,0.01904732,0.4226497
Zfp882,0.012273514,0.48484856
Zfp617,0.0056750905,0.6880461
Zfp961,0.032951705,0.13402842
Cyp4f18,0.0,1.0
Tpm4,0.052030057,0.760452
Gm26586,-0.014299061,0.4226497
Rab8a,0.03982234,0.6900008
Hsh2d,-0.013319442,0.37505192
Cib3,0.0,1.0
Fam32a,-0.01565212,0.8349091
Ap1m1,-0.10114467,0.009264258
Gm10282,-0.009570364,0.4226497
Klf2,-0.13796437,0.43605766
Eps15l1,0.0545287,0.15848105
Calr3,0.0,1.0
1700030K09Rik,-0.008287506,0.64851916
Cherp,0.02492576,0.51489747
Slc35e1,0.0020218492,0.93282366
Gm17435,0.0,1.0
Med26,-0.0098750945,0.72158736
Smim7,0.03166622,0.6524083
Tmem38a,0.0,1.0
Nwd1,0.0,1.0
Sin3b,0.062242746,0.5613349
F2rl3,0.009131634,0.42264965
Large,-0.014424881,0.5814077
Hmgxb4,-0.0038786381,0.9362873
Tom1,-0.03905324,0.4284841
Hmox1,0.041924283,0.12455955
Mcm5,0.033786226,0.23577493
Rasd2,0.0,1.0
Nr3c2,0.018198464,0.46320686
Arhgap10,-0.08081812,0.15946732
0610038B21Rik,-0.008047082,0.42264977
Prmt10,0.011424195,0.6871999
Tmem184c,0.007623533,0.7250666
Ednra,0.0,1.0
Ttc29,0.0,1.0
Rbmxl1,0.093124345,0.2636832
Slc10a7,-0.020590443,0.37361717
Lsm6,-0.09743667,0.12299126
Zfp827,-0.031992275,0.1911642
Mmaa,0.0311348,0.4226497
Gm4890,0.0041193757,0.8759837
Smad1,0.012679815,0.5310525
Otud4,-0.0078572035,0.89921373
Abce1,0.03340192,0.65831906
Anapc10,-0.006901145,0.91256785
Hhip,0.0,1.0
Gypa,0.0,1.0
Smarca5,-0.1550749,0.0969771
Gab1,-0.014068386,0.6107871
Usp38,-0.008232541,0.8363917
Gm9725,0.0,1.0
Inpp4b,0.14691114,0.3265119
Il15,0.05503463,0.19938025
Zfp330,0.036607414,0.5747647
Rnf150,0.0,1.0
Gm10645,0.0,1.0
Tbc1d9,0.0024317503,0.8538943
Ucp1,0.0,1.0
Elmod2,0.029367313,0.347768
Clgn,-0.0006205542,0.94128054
Scoc,0.16549736,0.025171211
Ndufb7,0.21587318,0.062254626
Tecr,0.041145563,0.23897421
Dnajb1,0.013748527,0.93856466
Gipc1,-0.033355467,0.45470223
Ptger1,0.0,1.0
Pkn1,0.07637712,0.6078551
Ddx39,0.15620793,0.15756968
Adgre5,-0.07174069,0.6801075
Gm26721,0.0,1.0
Adgrl1,0.020347927,0.42799583
Gm10644,-0.003960776,0.4226497
Asf1b,0.034247696,0.09146727
Prkaca,-0.042370968,0.4377748
Samd1,0.016289987,0.7838183
1700067K01Rik,0.0,1.0
2210011C24Rik,0.0,1.0
Palm3,0.0,1.0
Il27ra,-0.07969846,0.44409746
Gm10643,0.010800052,0.4226497
C330011M18Rik,-0.028416926,0.18956743
Rfx1,-0.060674205,0.32970992
Dcaf15,0.054893687,0.055640124
Podnl1,-0.02607746,0.44661543
Cc2d1a,-0.006883301,0.7030148
4930432K21Rik,0.01740948,0.20560588
Nanos3,0.006637106,0.4226497
Gm26887,0.0,1.0
Gm26532,0.3983003,0.055026785
Zswim4,0.02870492,0.44968978
D8Ertd738e,-0.09824395,0.4300494
Mri1,0.16345741,0.053863462
Ccdc130,0.029929377,0.44237503
Cacna1a,-0.022547044,0.41901198
Gm16183,0.0074362312,0.42264977
Ier2,0.019309402,0.78910184
Gm26664,-0.002483932,0.42264965
Nacc1,0.042969704,0.264198
Trmt1,0.11585541,0.16760099
Nfix,-0.08327408,0.105331995
Lyl1,0.035612002,0.45017663
G430095P16Rik,-0.002013728,0.95876044
Dand5,0.0033100452,0.9114457
Gadd45gip1,0.03604284,0.60998833
Rad23a,0.0342879,0.52493536
Calr,0.0471493,0.27673304
Farsa,0.08413811,0.25374597
Syce2,-0.0068677627,0.7490341
Gcdh,0.031116907,0.48282835
Klf1,0.0,1.0
Dnase2a,0.02647547,0.35371807
Mast1,-0.0076133297,0.4226497
Rtbdn,0.0,1.0
Rnaseh2a,0.033788785,0.5888647
Prdx2,0.0454669,0.62047863
Junb,0.306206,0.20964779
Hook2,0.035729963,0.42264977
Best2,0.0,1.0
Asna1,0.04050061,0.10937428
2310036O22Rik,-0.07344854,0.33668214
Tnpo2,-0.00048322976,0.9896329
Fbxw9,0.0037268084,0.816382
Gm5741,0.0,1.0
Dhps,0.03072235,0.69364965
Wdr83,0.052395873,0.3157541
Wdr83os,0.08714548,0.26259777
Man2b1,0.06531124,0.18576299
Zfp791,0.0,1.0
Cks1brt,0.0,1.0
Vps35,0.021018952,0.71188253
Orc6,0.05319603,0.48884058
Mylk3,0.0,1.0
4921524J17Rik,-0.074931905,0.5849633
Gpt2,-9.160768e-05,0.9952674
Dnaja2,0.13324767,0.33254316
Neto2,-0.0058179703,0.7587673
Itfg1,0.024950724,0.5899998
Phkb,0.02338383,0.34896773
Abcc12,0.0,1.0
Lonp2,0.06412253,0.3695586
Siah1a,-0.065610275,0.46781418
Gm10638,-0.029642487,0.4226497
N4bp1,0.1046692,0.08883352
2010110E17Rik,0.0,1.0
Gm27167,0.0,1.0
Gm27168,0.0,1.0
Cbln1,0.0,1.0
Gm2694,0.0,1.0
Zfp423,0.0,1.0
Gm2716,0.0,1.0
Cnep1r1,-0.0209825,0.6842076
Heatr3,-0.015994594,0.4523518
9430002A10Rik,0.0,1.0
Papd5,0.07822708,0.19861537
Adcy7,-0.07534674,0.68301415
Brd7,0.066709995,0.0094691785
Nkd1,0.003959677,0.4226497
Snx20,0.05877927,0.44821304
Nod2,0.000983641,0.9253152
Cyld,0.1301265,0.1274337
Sall1,0.05049465,0.14307763
Tox3,0.0,1.0
Chd9,-0.010405861,0.88621485
Gm6658,0.0,1.0
Rbl2,0.069582105,0.036495455
Aktip,0.00029459596,0.9934588
Rpgrip1l,0.003961237,0.79984653
Fto,-0.00047573447,0.99211955
Gm3235,0.0,1.0
Irx3,0.0,1.0
Irx3os,0.0,1.0
Gm28516,0.0,1.0
Crnde,0.007975965,0.42264965
Gm21817,0.0,1.0
Irx5,-0.008778044,0.42264965
Irx6,0.0,1.0
Mmp2,0.0,1.0
Lpcat2,0.08660364,0.3250389
Capns2,0.0,1.0
Ces1d,0.0,1.0
Ces5a,0.0,1.0
Gm26843,0.0,1.0
Gnao1,-0.016542248,0.65644825
Amfr,0.03976971,0.6700454
Nudt21,-0.040436268,0.19986771
Ogfod1,0.027696183,0.22445577
Bbs2,0.003369649,0.8447463
Mt3,-0.02456104,0.80403703
Mt2,2.6665628e-05,0.9989961
Mt1,0.033825964,0.786299
Nup93,0.02577775,0.3566143
Slc12a3,-0.0035733175,0.7362746
Gm15889,0.0,1.0
Gm15890,0.0,1.0
Herpud1,0.082062036,0.5194
9330175E14Rik,0.008905653,0.83915305
Nlrc5,-0.01928775,0.6796307
Cpne2,-0.038937405,0.4291258
Fam192a,0.02121742,0.46646404
Rspry1,0.12572013,0.17774804
Arl2bp,0.11151385,0.33238024
Pllp,-0.0057395753,0.90411365
Ccl22,-0.011150054,0.4226497
Cx3cl1,0.0,1.0
Ccl17,0.0,1.0
Ciapin1,-0.072763495,0.2916863
Coq9,-0.03158846,0.50762945
Polr2c,0.068090886,0.17056558
Dok4,0.00527434,0.42264965
Ccdc102a,-0.010477118,0.6753622
Adgrg5,0.024903595,0.5384737
Adgrg1,0.0915441,0.20004684
Adgrg3,0.05391144,0.12540616
Drc7,0.0,1.0
Katnb1,-0.06490764,0.32738507
Kifc3,0.019364918,0.25689146
Cngb1,0.0,1.0
Tepp,0.0,1.0
Zfp319,-0.00943731,0.6039711
Usb1,0.012887843,0.8459669
Mmp15,0.0,1.0
Cfap20,0.06842707,0.14829385
Csnk2a2,-0.021241993,0.70817804
Ccdc113,0.0,1.0
Gins3,0.0,1.0
Ndrg4,-0.011802959,0.42264965
Setd6,-0.029126916,0.23245554
Cnot1,-0.002924651,0.92867815
Gm10094,-0.0050019585,0.8702323
Slc38a7,0.03092461,0.23244761
Got2,0.029611476,0.49017265
Cdh8,0.0,1.0
A330008L17Rik,0.0,1.0
Cdh11,0.014420774,0.4226497
Gm8730,-0.06426342,0.02392565
Cdh5,0.0,1.0
Bean1,0.0,1.0
Tk2,0.04450722,0.47507778
Cklf,0.016583264,0.5653679
Cmtm2a,0.0,1.0
Cmtm3,0.059511557,0.19619085
Cmtm4,0.012873057,0.39099362
Dync1li2,0.04806731,0.44657576
Ccdc79,0.0,1.0
Nae1,0.0275459,0.74136275
Car7,0.0,1.0
Pdp2,0.025515117,0.1387854
Rrad,0.16909239,0.23129301
Fam96b,0.11491111,0.23508224
Ces2g,0.0,1.0
Gm3830,0.0,1.0
Cbfb,-0.0730921,0.3811257
D230025D16Rik,0.03183531,0.18879552
B3gnt9,0.005891513,0.5983338
Tradd,0.052337818,0.1409126
Fbxl8,0.022624072,0.29248923
Hsf4,0.006637106,0.4226497
Nol3,0.013709693,0.4226497
4931428F04Rik,-0.0034331195,0.4226497
Exoc3l,0.0,1.0
E2f4,0.06790073,0.4013021
Elmo3,-0.0068500307,0.4226497
Lrrc29,0.005625651,0.80560416
Tmem208,0.06445938,0.44731322
Fhod1,0.011579938,0.7430493
Slc9a5,-0.012150866,0.42264977
Plekhg4,0.0,1.0
Lrrc36,0.0,1.0
Tppp3,0.0052381046,0.8768254
Zdhhc1,-0.00023279153,0.9903013
Hsd11b2,0.0,1.0
Atp6v0d1,-0.007875219,0.8847918
Gm38250,0.0,1.0
Agrp,-0.014368669,0.4226497
Fam65a,0.039445646,0.24362253
Gm5914,-0.027894422,0.34893158
Ctcf,-0.09342596,0.45226866
Rltpr,0.02499701,0.56529063
Acd,0.019342497,0.7619099
Pard6a,-0.029465765,0.6466523
Enkd1,-0.009850817,0.42264965
4933405L10Rik,0.0,1.0
Gfod2,0.020584442,0.4218529
Ranbp10,0.011294708,0.70252174
Tsnaxip1,0.0,1.0
Cenpt,0.011046568,0.62907773
Thap11,0.028714865,0.33522704
Nutf2,0.05891114,0.16840096
Edc4,0.023475736,0.6071602
Nrn1l,-0.0011225501,0.9096438
Pskh1,0.044291697,0.33830523
Ctrl,-0.004297302,0.774645
Psmb10,0.28857923,0.08906303
Lcat,3.5027973e-05,0.9978231
Slc12a4,-0.0068951556,0.6854894
Dpep3,0.0,1.0
Dpep2,0.0,1.0
Dus2,-0.0071476474,0.7226746
Ddx28,0.015038285,0.6779502
Nfatc3,0.1010596,0.3420143
Esrp2,0.0,1.0
Pla2g15,0.04804001,0.09993794
Slc7a6,0.036267843,0.41101876
Slc7a6os,0.0005887151,0.99059516
Prmt7,-0.034832403,0.70172876
Gm26786,0.0,1.0
Smpd3,-0.0033451049,0.4226497
Gm10629,0.0,1.0
Zfp90,0.041466884,0.15457636
Cdh3,0.0,1.0
Gm10073,-0.19999075,0.37639374
Cdh1,0.12119313,0.21371587
Tango6,0.02763198,0.39938805
Has3,0.0,1.0
Chtf8,-0.029842585,0.46489397
Cirh1a,0.002028063,0.9514177
Sntb2,0.049727432,0.284015
Gm16208,0.0,1.0
Vps4a,-0.029263716,0.595136
Pdf,-0.0061805197,0.4226497
Cog8,0.019146048,0.5578629
Nip7,0.012146756,0.8623236
Terf2,-0.0067875087,0.91526854
Cyb5b,-0.028592274,0.70795983
Rps18-ps3,0.0051123537,0.8070639
Nfat5,0.12258829,0.13805299
Nqo1,0.00520326,0.4226497
Nob1,-0.047300547,0.37837312
Wwp2,-0.046209846,0.26183268
Rps26-ps1,-0.002014365,0.9634286
Psmd7,-0.0042752624,0.95659137
Zfhx3,0.06244556,0.24455969
Gm20686,0.0,1.0
D030068K23Rik,0.0,1.0
Dhx38,0.0014235899,0.97275203
Txnl4b,0.015053693,0.2931224
Hp,0.0,1.0
Dhodh,0.013137253,0.42896548
Pkd1l3,-0.012803078,0.30356735
Ist1,0.07705018,0.016567333
Zfp821,0.02585407,0.603829
Atxn1l,0.055738777,0.03182381
Ap1g1,-0.013327368,0.7324371
Gm17344,0.0,1.0
Phlpp2,0.0287092,0.37645555
Marveld3,0.0,1.0
Tat,0.0,1.0
Zfp612,0.0,1.0
Calb2,0.0,1.0
Cmtr2,-0.003684692,0.86446446
Hydin,0.0,1.0
Vac14,0.07102308,0.08215196
Mtss1l,0.0069565065,0.7764659
Il34,0.0,1.0
Sf3b3,0.07546714,0.29902345
Cog4,-0.026596308,0.6295556
Gm26816,0.0,1.0
Fuk,0.0,1.0
St3gal2,0.0333438,0.18735474
Ddx19a,0.050330423,0.32978648
Ddx19b,-0.025779033,0.3281031
Aars,-0.0359267,0.40091318
Clec18a,0.0,1.0
Pdpr,0.015272505,0.37646607
Glg1,0.05583918,0.50507605
Rfwd3,-0.011375867,0.7140696
Mlkl,0.0091543645,0.4226497
Fa2h,0.013735857,0.710537
Wdr59,0.011886645,0.5194117
Znrf1,-0.046826005,0.67139155
Ldhd,-0.015745776,0.21210837
Zfp1,0.13996841,0.045458145
Bcar1,-0.0033451049,0.4226497
Cfdp1,0.14065611,0.10578606
Tmem170,0.005091832,0.4226497
Chst5,-0.010625713,0.4226497
Tmem231,0.0,1.0
Gabarapl2,0.07693195,0.5846753
Adat1,0.034426186,0.30432308
Kars,0.07126123,0.45194003
Terf2ip,-0.0899321,0.032244783
Gm6793,-0.023676688,0.26905945
Cntnap4,-0.004567265,0.42264965
Mon1b,-0.01195455,0.77973783
Syce1l,0.0,1.0
Adamts18,0.0,1.0
Nudt7,-0.02836165,0.24648558
Vat1l,0.0,1.0
Wwox,-0.0052053332,0.8480491
Gm16116,0.0,1.0
Gm16118,0.003959677,0.4226497
Maf,0.23859856,0.120024204
Gm15655,0.0,1.0
Dynlrb2,0.015048843,0.4226497
Cdyl2,0.02328178,0.5711465
Cmc2,0.028048918,0.80307806
Cenpn,-0.0034331195,0.4226497
Atmin,0.030907022,0.21283168
1700030J22Rik,0.0,1.0
Gcsh,-0.03154988,0.19627514
Gan,-0.018340997,0.6840795
Cmip,0.32583088,0.0533795
Plcg2,0.06663375,0.030814512
Sdr42e1,0.01722425,0.23266852
Hsd17b2,0.0,1.0
Mphosph6,-0.0066120625,0.89666367
Cdh13,0.0,1.0
Hsbp1,0.041030496,0.50106204
Mlycd,0.021741249,0.5344349
Osgin1,0.030584645,0.23059677
Necab2,0.0,1.0
Mbtps1,-0.043523718,0.29412115
Hsdl1,0.012575358,0.82713354
Dnaaf1,0.0,1.0
Taf1c,0.026021782,0.54025257
Kcng4,0.0,1.0
Wfdc1,0.0,1.0
Atp2c2,0.0,1.0
Tldc1,0.0,1.0
Cotl1,0.036152482,0.8446252
Klhl36,0.0014752802,0.95203745
Usp10,-0.073334426,0.12498807
Crispld2,0.0,1.0
Zdhhc7,0.06441815,0.11554849
A130014A01Rik,0.014269445,0.67881864
6430548M08Rik,-0.029642487,0.4226497
Fam92b,0.0,1.0
A330074K22Rik,0.0,1.0
Gse1,0.08385572,0.24237792
Gins2,-0.0053545684,0.8957384
Gm10614,0.0,1.0
Gm26739,0.0,1.0
1190005I06Rik,-0.009736018,0.46582893
Emc8,-0.05442781,0.08883816
Cox4i1,-0.039823413,0.66233045
Irf8,0.07024985,0.45099366
Fendrr,0.0,1.0
Foxf1,0.0,1.0
Mthfsd,0.030417169,0.38829777
Foxc2,-0.014368669,0.4226497
Foxl1,0.0,1.0
5033426O07Rik,-0.0048835604,0.4226497
Gm26747,0.0,1.0
Gm26784,0.0,1.0
Fbxo31,0.022369873,0.4249608
Map1lc3b,-0.1137591,0.3445512
Zcchc14,-0.017649181,0.5930466
Gm27030,0.0,1.0
Jph3,0.0,1.0
Klhdc4,0.05210188,0.38336775
Gm20406,0.0,1.0
Gm26812,-0.013735198,0.4226497
Slc7a5,-0.018202415,0.66133285
BC048644,0.0,1.0
Car5a,0.0,1.0
Gm27011,-0.009117288,0.4226497
Banp,0.050747685,0.41870758
Gm22,0.0,1.0
Zfpm1,-0.00418067,0.91927993
Zc3h18,0.03618773,0.4446749
Cyba,0.29783034,0.17449409
Mvd,-0.036633164,0.46269104
Snai3,0.017040413,0.6664362
Rnf166,0.06976572,0.6091296
Ctu2,-0.022526432,0.36755046
Piezo1,0.009267174,0.81463367
Cdt1,0.055434614,0.5371845
Aprt,0.05395347,0.6247615
Galns,-0.010676515,0.67703646
Trappc2l,0.09174466,0.15838295
Pabpn1l,0.0,1.0
Cbfa2t3,0.013171607,0.6584455
Acsf3,0.00717714,0.64160347
Cdh15,0.0,1.0
Ankrd11,0.18505889,0.040922135
Spg7,-0.015829474,0.6987859
Rpl13,-0.0419178,0.5125546
Cpne7,-0.01510336,0.42264977
Sult5a1,0.0,1.0
Chmp1a,0.0043072104,0.9628771
Spata33,-0.029642487,0.4226497
Cdk10,0.050129827,0.34340832
Spata2l,-0.017089374,0.18358141
4933417D19Rik,0.0,1.0
Vps9d1,0.01633102,0.23017791
Zfp276,-0.0020746551,0.9181009
Fanca,0.0,1.0
Spire2,0.0,1.0
Tcf25,-0.09560937,0.1734101
Mc1r,0.0,1.0
Tubb3,0.005091832,0.4226497
Def8,0.007678371,0.67284536
Afg3l1,0.03980604,0.5039568
Dbndd1,0.0,1.0
Gas8,0.015800698,0.2672451
Rhou,0.005091832,0.4226497
4732419C18Rik,0.0,1.0
Rab4a,0.025944568,0.55472696
2810455O05Rik,-0.0055062226,0.42264965
Ccsap,0.03940186,0.196244
Acta1,0.0,1.0
Nup133,-0.031631127,0.37271857
Abcb10,-0.0015707673,0.8970575
Taf5l,0.053898543,0.31671935
Urb2,0.0005747704,0.974609
Galnt2,0.0,1.0
Gm15775,0.0,1.0
Pgbd5,-0.005237306,0.42264977
Cog2,0.026920095,0.38507706
Agt,-0.005535548,0.42264965
Capn9,0.009095277,0.4226497
2310022B05Rik,0.015838442,0.2750892
Ttc13,0.023173861,0.37108827
Arv1,0.0001825341,0.98677975
Fam89a,-0.012075837,0.446247
Trim67,0.0,1.0
2810004N23Rik,0.0028683841,0.9575039
Gnpat,0.008631676,0.79628634
Exoc8,-0.03362009,0.40352136
Sprtn,0.0,1.0
Egln1,0.06341192,0.19000636
Tsnax,0.020767152,0.8021496
Disc1,0.032731332,0.07448018
Gm16237,0.00721761,0.4226497
Sipa1l2,0.01689469,0.3784341
Map10,-0.002574796,0.42264965
Ntpcr,0.12578335,0.1167679
Pcnxl2,0.0,1.0
A730098A19Rik,0.0,1.0
BC021891,0.0,1.0
Kcnk1,-0.022398315,0.20597477
Slc35f3,0.0,1.0
Coa6,0.018221706,0.8472843
Gm17296,0.010403902,0.5088134
Gm26759,0.010170694,0.5614129
Irf2bp2,0.10001564,0.33583
Tomm20,-0.055370092,0.5946969
Rbm34,0.024973355,0.65224487
Pard3,-0.01997276,0.424249
Nrp1,0.058102176,0.41109335
Itgb1,0.17919439,0.099645
2610044O15Rik8,-0.0033432767,0.87397826
Gm2897,0.0,1.0
Gm5795,0.0,1.0
D830030K20Rik,0.0,1.0
1700110I01Rik,0.0,1.0
Gm2956,0.0,1.0
Gm3005,0.0,1.0
Gm3002,0.0,1.0
Gm2916,0.0,1.0
Gm2974,0.0,1.0
2610042L04Rik,0.0,1.0
Gm3164,0.0,1.0
Gm8159,0.0,1.0
Gm3252,0.0,1.0
Gm3264,0.0,1.0
Gm3278,0.0,1.0
Gm8281,0.0,1.0
Gm3526,0.0,1.0
Gm3488,0.016451627,0.2314767
Gm3383,0.0,1.0
Gm8237,0.0,1.0
Gm3248,0.0074362312,0.42264977
Gm3453,0.0,1.0
Gm8206,0.0,1.0
Gm3468,0.021983802,0.501038
Gm3411,0.0,1.0
Gm21103,0.0,1.0
Gm3591,0.0,1.0
Gm3594,0.0,1.0
Gm3629,0.0,1.0
Gm3460,0.0,1.0
Gm10251,0.0,1.0
Gm8050,0.0,1.0
Gm3636,0.0,1.0
Gm8362,0.0,1.0
Gm3667,-0.0056267544,0.7268592
Gm10406,0.0,1.0
Gm3696,0.0,1.0
Gm3512,0.0,1.0
Gm3739,0.00527434,0.42264965
Gm10339,0.0,1.0
Gm3752,0.0,1.0
Gm3558,0.0,1.0
Flnb,-0.0134393,0.57341576
Dnase1l3,0.0,1.0
Abhd6,0.03272691,0.44850805
Rpp14,0.023657832,0.46256903
Pxk,0.02022431,0.36608252
Pdhb,0.036023512,0.5898737
Kctd6,0.033758562,0.3903741
Acox2,0.0,1.0
Fam107a,-0.011076147,0.54001474
4930452B06Rik,0.0,1.0
Fhit,-0.019551657,0.27940235
Gm3839,0.0034643505,0.8806582
Ptprg,-0.0058948942,0.4226497
3830406C13Rik,0.025844261,0.734278
Fezf2,0.0,1.0
Cadps,0.0,1.0
Gm5087,0.0,1.0
Synpr,0.0,1.0
Sntn,0.0,1.0
Gm11100,0.015296378,0.4226497
Thoc7,0.0032588542,0.9512425
Atxn7,-0.02816572,0.401946
Psmd6,-0.12434718,0.07442178
Il3ra,0.04234323,0.3570982
Slc4a7,0.07054394,0.19904217
Nek10,0.0,1.0
Lrrc3b,0.0,1.0
Oxsm,-0.0005209949,0.96337605
Ngly1,0.08102116,0.24107906
Top2b,-0.05089754,0.6489888
Rarb,0.0,1.0
Thrb,0.0041034245,0.6902682
Nr1d2,-0.03866955,0.16818334
Rpl15,-0.13676262,0.10983656
Nkiras1,-0.049336877,0.083279595
Ube2e1,0.167577,0.019353066
Ube2e2,0.02059732,0.51272064
Gm21738,-0.0057771145,0.4226497
Gm2244,0.0,1.0
Gm2237,0.0,1.0
Gm5458,0.0,1.0
Nid2,0.005971533,0.4226497
2700060E02Rik,0.053985775,0.6262159
Gng2,0.021739364,0.8031695
Saysd1,0.025907181,0.49895003
Kcnk5,0.034011967,0.26037478
Nudt13,-0.004966107,0.81337124
Ecd,-0.06331454,0.11252254
Fam149b,-0.036424745,0.4403577
Dnajc9,0.17828897,0.10430722
Mrps16,0.011949539,0.9171266
Cfap70,0.0,1.0
Anxa7,0.1362399,0.10272349
Mss51,0.006829259,0.7650794
Ppp3cb,0.09215453,0.2922019
1810062O18Rik,-0.0051576104,0.64296365
Usp54,0.018796463,0.26541868
2810402E24Rik,0.050597128,0.29447305
Myoz1,0.0,1.0
Sec24c,0.04632073,0.37600026
6230400D17Rik,-0.012852363,0.19854747
Fut11,0.008501211,0.7122562
Chchd1,-0.10870767,0.38949978
Zswim8,0.020658769,0.4357976
Ndst2,0.0050498396,0.80785304
Camk2g,0.09965058,0.16272518
Plau,0.011395909,0.21903639
Vcl,-0.017771482,0.4226497
Ap3m1,0.03057867,0.3510848
Adk,0.036927305,0.5652533
Kat6b,-0.058374673,0.17364389
Dupd1,0.0,1.0
Dusp13,0.0,1.0
Samd8,-0.009590946,0.85194236
Vdac2,0.057579875,0.40496728
Comtd1,-0.062126055,0.46167475
Zfp503,0.0,1.0
1700112E06Rik,0.0,1.0
Gm10248,0.0,1.0
Kcnma1,-0.0048835604,0.4226497
A830039N20Rik,0.0,1.0
Dlg5,0.019733436,0.3795207
E330034G19Rik,0.0,1.0
Polr3a,0.03206331,0.33029613
Rps24,-0.13835144,0.29208425
Gm26660,0.007978855,0.52852595
Zmiz1os1,-0.013078362,0.4226497
Zmiz1,0.09538232,0.40359503
Gm26772,0.0,1.0
Ppif,0.035271578,0.5103017
Zcchc24,0.0020854212,0.9235979
Anxa11,-0.068858564,0.30572125
Plac9a,0.0,1.0
Duxbl1,0.0,1.0
Gm9780,0.0,1.0
Tmem254c,0.0,1.0
Plac9b,0.0,1.0
Duxbl3,0.0,1.0
4933413J09Rik,0.0,1.0
Slmap,0.01843872,0.6456787
Dennd6a,-0.027370911,0.24729063
Arf4os,0.0,1.0
Arf4,0.12718886,0.27187908
Pde12,0.061323702,0.0797613
9930004E17Rik,0.0,1.0
Dnah12,0.0,1.0
Asb14,0.0,1.0
Appl1,-0.08200681,0.34026936
Hesx1,0.0,1.0
Il17rd,0.014961642,0.1886474
Arhgef3,-0.034143433,0.7386136
Fam208a,-0.012905642,0.89377433
Ccdc66,0.041186392,0.015078202
Erc2,0.0,1.0
Wnt5a,0.0,1.0
Cacna2d3,0.0,1.0
Lrtm1,0.0,1.0
Selk,0.012455702,0.935491
Actr8,-0.017308105,0.5732118
Il17rb,0.0,1.0
Chdh,-0.0033451049,0.4226497
Cacna1d,-0.010465903,0.5823356
Dcp1a,0.03853708,0.36395082
Tkt,0.159177,0.065150484
Prkcd,0.098772205,0.03960141
Rft1,0.00096928887,0.94176793
Sfmbt1,0.050435506,0.13602151
Tmem110,0.009818833,0.60005397
Mustn1,0.0,1.0
Itih4,0.0,1.0
Itih3,0.0,1.0
Nek4,0.0,1.0
Spcs1,0.051589698,0.6142614
Glt8d1,0.042819865,0.25047758
Gnl3,0.04732822,0.5276206
Pbrm1,0.19124451,0.055218715
Smim4,0.10910675,0.39087003
Nt5dc2,0.0059704343,0.41959286
Stab1,-0.011957179,0.5146005
Nisch,0.08019552,0.4482306
Tnnc1,0.0,1.0
Sema3g,0.0,1.0
Phf7,0.0010748673,0.9352223
Bap1,0.035647698,0.36617985
Dnah1,0.0,1.0
Capn7,-0.06342575,0.34204355
Sh3bp5,-0.090976134,0.29851374
Mettl6,0.027056318,0.46684915
Eaf1,0.0358063,0.27169812
Colq,0.0,1.0
Hacl1,0.014223764,0.59687877
Btd,0.040082335,0.23483579
Ankrd28,0.0004475126,0.97837067
Galnt15,0.0,1.0
Dph3,-0.07526639,0.018699775
Oxnad1,-0.033004716,0.36364308
Ncoa4,0.05401184,0.42202973
Timm23,-0.058433924,0.1179198
Parg,-0.030070152,0.07468527
Gm17210,0.0,1.0
Ogdhl,0.0,1.0
1700024G13Rik,0.0,1.0
Ercc6,0.0040496867,0.7164204
Prrxl1,0.0,1.0
3425401B19Rik,0.0,1.0
1810011H11Rik,0.0637303,0.2959138
Fam170b,0.0,1.0
Vstm4,0.0,1.0
Wdfy4,0.005971533,0.4226497
Lrrc18,0.0,1.0
Arhgap22,0.018463483,0.008421423
Gm15512,0.0,1.0
Mapk8,0.03940025,0.41065937
FRMPD2,0.0,1.0
Ptpn20,0.0,1.0
Gdf10,0.0,1.0
Zfp488,0.0,1.0
Anxa8,0.0,1.0
Rpl23a-ps3,-0.14032969,0.3599729
Syt15,0.0,1.0
Fam35a,0.032599837,0.07928833
Glud1,0.010299861,0.9167705
Fam25c,0.0,1.0
Sncg,0.0,1.0
Mmrn2,0.0,1.0
Bmpr1a,0.0033389516,0.8984546
Gm17110,0.0,1.0
Ldb3,-0.0033451049,0.4226497
Opn4,0.0,1.0
Wapl,-0.040610313,0.65825194
A930038B10Rik,0.0,1.0
Grid1,0.0,1.0
Ccser2,0.010887802,0.8064503
Cdhr1,0.0,1.0
2610528A11Rik,0.0,1.0
Ghitm,-0.047433943,0.46142063
Nrg3,0.0,1.0
Gm20642,0.0,1.0
Sh2d4b,0.0,1.0
Tspan14,-0.041436434,0.69224066
Fam213a,-0.024168208,0.518362
Dydc2,0.0,1.0
Dydc1,0.0,1.0
Mat1a,0.0,1.0
Gm8113,0.0,1.0
Ear2,0.0,1.0
Ptgdr,0.0,1.0
Ptger2,0.0010590609,0.9384637
Txndc16,-0.032024126,0.3506931
Gpr137c,0.0,1.0
Ero1l,0.013101548,0.8350365
Psmc6,-0.013877898,0.86006767
Styx,-0.01707072,0.27923983
Gnpnat1,0.057714902,0.32589602
Fermt2,-0.02143712,0.3820507
Gm15601,0.011118792,0.4226497
Ddhd1,0.004442692,0.8773695
A530076I17Rik,0.0,1.0
Bmp4,0.0,1.0
Gm15222,0.0,1.0
Cdkn3,0.0,1.0
Cnih1,0.10072154,0.14726922
Gmfb,0.0040988773,0.9633734
Gm10101,0.01822691,0.4226497
Cgrrf1,0.00955423,0.58800924
Samd4,0.0,1.0
Gm10371,0.0,1.0
Gch1,-0.023260415,0.5997987
Wdhd1,0.024488162,0.64377147
Socs4,-0.055326317,0.3406255
Mapk1ip1l,-0.008179545,0.92488706
Lgals3,0.09251523,0.76006883
Dlgap5,-0.013991133,0.43649083
Fbxo34,0.058107622,0.20928009
Atg14,0.035711017,0.27746108
Ktn1,-0.03712079,0.74619
Peli2,0.027795117,0.22785993
Tmem260,0.0131373,0.7166907
Otx2,0.0,1.0
Otx2os1,0.0,1.0
Exoc5,0.022732496,0.5631425
Ap5m1,-0.010540355,0.48238313
Naa30,0.022719525,0.76903534
Slc35f4,0.0,1.0
3632451O06Rik,0.0,1.0
Tlr11,0.0,1.0
Olfr738,0.0,1.0
Ttc5,0.039301068,0.65537584
Parp2,0.05436024,0.020114781
Tep1,0.008975271,0.7024597
Gm26782,0.029748693,0.12315028
A930018M24Rik,0.0,1.0
Osgep,0.0075802207,0.9235523
Apex1,0.0770055,0.07514641
Tmem55b,0.0454562,0.5578439
Pnp,0.17493415,0.18504311
Pnp2,0.0,1.0
Rnase10,0.0,1.0
Rnase12,0.0,1.0
Rnase4,0.06598215,0.05713255
Ang,0.055174626,0.3153028
Rnase6,0.0276735,0.36790586
Rnase1,0.0,1.0
Mettl17,0.025564581,0.36445644
Slc39a2,-0.005037628,0.4226497
Ndrg2,-0.045294315,0.24617147
Tppp2,0.0,1.0
Arhgef40,0.037995953,0.017027628
Gm16617,0.0,1.0
Zfp219,0.02549534,0.2899821
Tmem253,0.0,1.0
Hnrnpc,0.037358224,0.7825976
Rpgrip1,-0.018631622,0.7360564
Supt16,0.082193375,0.20177259
Gm26590,0.0,1.0
Chd8,0.041851938,0.5776636
Rab2b,0.052452974,0.25691277
Tox4,-0.0062832236,0.9529855
Mettl3,0.07093112,0.1272177
Sall2,-0.007337609,0.63277537
Olfr1508,0.0,1.0
Olfr1507,0.0,1.0
Dad1,0.01522994,0.74860096
Abhd4,0.022919135,0.443594
5330426L24Rik,-0.0136864055,0.66611165
Oxa1l,0.08731203,0.40019315
Slc7a7,0.028376088,0.27380112
Mrpl52,0.08643776,0.49993697
Mmp14,-0.01124378,0.42264977
Lrp10,-0.0028194487,0.97387373
Rem2,0.0,1.0
Prmt5,0.016456854,0.6995661
Haus4,0.01184085,0.694135
Ajuba,0.0,1.0
4931414P19Rik,0.0,1.0
Psmb5,0.026949286,0.8423259
Cdh24,-0.0034331195,0.4226497
Gm20726,0.0,1.0
Acin1,0.017322361,0.84487087
4930579G18Rik,0.0,1.0
1700123O20Rik,0.11607678,0.06498485
Cebpe,0.0,1.0
Slc7a8,0.029934114,0.34397605
Homez,-0.021190979,0.2536754
Ppp1r3e,0.018867103,0.2894636
Bcl2l2,0.011982489,0.3244991
Pabpn1,0.11475727,0.19549176
Slc22a17,0.04309036,0.12613066
Efs,-0.016155805,0.2921736
Il25,0.0,1.0
Cmtm5,0.018009119,0.30192432
Myh6,0.0,1.0
Myh7,0.0,1.0
Ngdn,0.006004125,0.9627676
Gm20687,0.0,1.0
Thtpa,-0.011099154,0.6757482
Zfhx2,-0.02368413,0.6515646
Zfhx2os,0.0,1.0
Ap1g2,0.097504,0.020015646
Jph4,0.0,1.0
Dhrs4,-0.059566617,0.2096266
Lrrc16b,0.0,1.0
Cpne6,0.0,1.0
Pck2,0.01822815,0.6047945
A730061H03Rik,0.0,1.0
Dcaf11,0.00097075105,0.9826885
Gm15932,0.0,1.0
Fitm1,0.0,1.0
Psme1,0.15238786,0.1398246
Emc9,0.036572944,0.24043074
Psme2,0.30159634,0.010754682
Rnf31,0.037216257,0.43895587
Irf9,0.19266573,0.017908933
Rec8,0.0,1.0
Ipo4,-0.023909476,0.25102606
Tm9sf1,-0.008224242,0.42264977
Tssk4,0.0,1.0
Mdp1,-0.2239838,0.08411678
Nedd8,0.05100417,0.42502007
Gmpr2,0.057203367,0.0731666
Tinf2,-0.053663325,0.08208511
Tgm1,0.0,1.0
Rabggta,-0.042990662,0.48449016
Dhrs1,-0.0103139505,0.6134382
Nop9,0.063550964,0.11028657
Cideb,0.0,1.0
Ltb4r2,0.0,1.0
Ltb4r1,-0.022347119,0.64478827
Adcy4,0.0,1.0
Ripk3,-0.012328997,0.59972125
Nfatc4,0.0,1.0
Nynrin,0.0,1.0
Gm26751,0.0,1.0
Cbln3,0.0,1.0
Khnyn,0.039533846,0.14604296
Sdr39u1,0.012136355,0.6491364
Mcpt8,0.0,1.0
Ctsg,0.0,1.0
Gzmc,0.003184881,0.8706373
Gzmb,0.06256446,0.6577893
Rnf17,0.009393361,0.4226497
Cenpj,-0.008337766,0.8635892
Parp4,0.055498317,0.41915736
Mphosph8,0.04977858,0.43408373
Gm16973,0.0,1.0
Pspc1,-0.023147538,0.41515025
Zmym5,0.08242572,0.1848448
2410022M11Rik,0.025364907,0.36753303
Zmym2,0.012367599,0.5100313
Gjb2,0.0,1.0
Gm4491,0.0,1.0
Gjb6,0.00030199438,0.9781706
Cryl1,0.006637106,0.4226497
Ift88,0.0,1.0
Il17d,0.0,1.0
N6amt2,0.045519337,0.3393766
1700039M10Rik,-0.002483932,0.42264965
Xpo4,0.012196444,0.6662906
Lats2,-0.07751344,0.18849492
Sap18,-0.11867899,0.21224433
Ska3,-0.0034331195,0.4226497
Mrpl57,0.05071965,0.46202084
Zdhhc20,-0.10202518,0.34076837
Micu2,0.013051808,0.8578099
3110083C13Rik,0.012310612,0.42436624
Fgf9,0.0,1.0
Rpl13-ps3,-0.029420117,0.45298737
Rcbtb1,-0.023366295,0.6598575
Gm6904,0.009131634,0.42264965
Phf11a,-0.0046021603,0.8477655
Phf11b,-0.02625662,0.6011852
Phf11d,0.021373756,0.23737678
Phf11c,0.021391615,0.7362424
Setdb2,-0.0046071485,0.9221616
Cab39l,-0.004917465,0.92490476
Cdadc1,0.027557524,0.45140076
Shisa2,0.0,1.0
Atp8a2,0.077455044,0.19210027
Nupl1,-0.018746523,0.43018475
Mtmr6,0.008135647,0.75440633
Amer2,-0.0069971364,0.5978741
Gm29266,0.0,1.0
Spata13,0.023582697,0.6154005
C1qtnf9,0.0,1.0
Mipep,0.0102139255,0.6200752
Tnfrsf19,0.0,1.0
Sacs,-0.039532095,0.2817249
Sgcg,0.0,1.0
1700109G14Rik,0.0,1.0
Arl11,0.034467593,0.0726985
Ebpl,0.028173089,0.7792393
Kpna3,-0.032313406,0.32909903
Spryd7,0.03601499,0.32947707
Trim13,-0.071439445,0.28504372
Kcnrg,0.0,1.0
Gm27010,0.0057045054,0.7591651
Gm26916,0.0,1.0
Gm27017,0.0,1.0
Dleu7,0.010665758,0.6072532
Rnaseh2b,0.022565633,0.5444063
Gucy1b2,0.0,1.0
Fam124a,0.0,1.0
Ints6,0.021902177,0.4715194
4931440J10Rik,0.0,1.0
Gm26536,0.0,1.0
Wdfy2,0.0,1.0
Defb47,0.0,1.0
Defb30,0.0,1.0
Defb42,0.0,1.0
Ctsb,0.18424949,0.06416244
Fdft1,-0.0059109274,0.89337236
Neil2,0.0,1.0
Blk,-0.04345031,0.4226497
Fam167a,0.0,1.0
Tdh,0.0,1.0
Mtmr9,-0.007012506,0.63766044
Xkr6,0.00474179,0.76831305
Pinx1,0.07944112,0.011941329
Sox7,0.0,1.0
Gm17116,0.0,1.0
Msra,-0.0042014346,0.8875772
Mir124a-1hg,0.004728951,0.7239347
Kif13b,-0.0060389414,0.81617326
Hmbox1,0.094750024,0.13810028
Ints9,-0.056466166,0.18728606
Extl3,-0.030393884,0.61984795
Fzd3,0.0,1.0
Fbxo16,0.0,1.0
Zfp395,0.0441672,0.49622408
Pnoc,0.0,1.0
Elp3,0.0056945235,0.9338497
Scara5,0.0,1.0
Pbk,0.0,1.0
Esco2,-0.013263843,0.42264965
Ccdc25,-0.044150986,0.45433137
Scara3,0.0,1.0
Clu,0.006136775,0.88098377
Ephx2,0.0,1.0
Ptk2b,0.049724936,0.6599608
Trim35,0.026878484,0.56514734
Stmn4,0.007670179,0.9083688
Adra1a,0.0,1.0
Gm10032,0.0,1.0
Dpysl2,0.051497802,0.42457926
Gm5464,-0.005237306,0.42264977
Pnma2,0.0,1.0
Bnip3l,0.27375978,0.0018069834
Ppp2r2a,0.03441274,0.6267209
Ebf2,0.0,1.0
Cdca2,-0.008231498,0.6035992
Kctd9,-0.014239836,0.6732258
Gnrh1,-0.0076771323,0.4226497
Dock5,-0.0033880547,0.85737365
Nefm,0.0,1.0
Nefl,-0.008067328,0.4226497
Adam7,0.0,1.0
Adamdec1,0.0,1.0
Adam28,0.0,1.0
Stc1,0.0,1.0
Slc25a37,-0.05069806,0.14434908
Gm16867,0.007894336,0.7376873
Loxl2,0.009095277,0.4226497
R3hcc1,0.05053408,0.05891306
Chmp7,0.10933728,0.113359846
4930480K23Rik,0.006448837,0.6339265
Tnfrsf10b,-0.030968856,0.34602183
Rhobtb2,0.027238429,0.29041708
Pebp4,0.0,1.0
Egr3,0.0,1.0
Bin3,0.025327377,0.5828621
Ccar2,0.023238223,0.34440222
9930012K11Rik,0.0037277555,0.85745376
Pdlim2,0.09446031,0.20767936
Sorbs3,0.0037247567,0.8171736
Gm26908,-0.0051752306,0.4226497
Ppp3cc,0.22183508,0.027542656
Slc39a14,0.05308573,0.17742157
Piwil2,0.0,1.0
Polr3d,0.07016805,0.26640722
Phyhip,0.0,1.0
Bmp1,-0.0034331195,0.4226497
Sftpc,0.0,1.0
Lgi3,0.005320374,0.86559236
Reep4,-0.0068755522,0.8820667
Hr,-0.0033451049,0.4226497
Nudt18,0.09163761,0.053564273
Fam160b2,0.029023591,0.47936764
Dmtn,0.0,1.0
Fgf17,0.0,1.0
Npm2,0.0,1.0
Xpo7,0.01505927,0.75184625
Dok2,-0.00754112,0.9185625
Gfra2,0.0010509132,0.9300912
Fndc3a,0.059655003,0.36458823
Gm16549,0.0,1.0
Cysltr2,-0.021426655,0.7130762
Rcbtb2,-0.040355504,0.785285
Rb1,0.010833055,0.8408547
Lpar6,0.118478626,0.062743925
Itm2b,0.10980463,0.46349016
Med4,0.026623815,0.393624
Nudt15,0.0,1.0
Sucla2,0.011514291,0.8732257
Htr2a,0.0,1.0
Esd,0.10986504,0.19576539
Lrch1,0.01248233,0.5046587
5031414D18Rik,0.014537347,0.50836897
Lrrc63,0.0,1.0
Lcp1,0.16354728,0.026344657
Gm15629,0.0,1.0
Zc3h13,0.044547677,0.5775882
Siah3,0.0,1.0
Cog3,0.0017283112,0.9799223
Slc25a30,-0.011150054,0.4226497
Gm4285,0.0,1.0
Tpt1,-0.036994457,0.687737
Gtf2f2,0.015593804,0.7068047
Kctd4,-0.0076133297,0.4226497
Gpalpp1,0.03276562,0.55564725
Nufip1,-0.007992715,0.91863334
Rps2-ps6,0.0016660895,0.93158424
Tsc22d1,0.08130537,0.068426736
4930444M15Rik,0.0,1.0
Serp2,-0.01629039,0.6583009
Lacc1,0.0048152655,0.81297034
Ccdc122,0.003959677,0.4226497
Enox1,-0.0033451049,0.4226497
Gm6994,0.0,1.0
Dnajc15,-0.14020717,0.26848382
Epsti1,-0.015492499,0.9505608
Fam216b,0.0,1.0
Tnfsf11,0.0075953454,0.8459387
Akap11,0.03314925,0.5016698
Dgkh,0.0,1.0
Vwa8,0.00073750503,0.97269785
Rgcc,0.14572167,0.13258426
Naa16,0.026791092,0.5446089
Mtrf1,0.02695575,0.265352
Kbtbd7,0.004509568,0.8314085
Kbtbd6,0.0,1.0
Wbp4,0.1489229,0.01671861
Elf1,-0.13220185,0.16883875
Sugt1,-0.06350815,0.7532661
Lect1,0.0,1.0
Pcdh8,0.0,1.0
Gm9748,0.0,1.0
Olfm4,0.0,1.0
Pcdh17,-0.0033451049,0.4226497
Diaph3,-0.018051445,0.47122929
Tdrd3,-0.00093030743,0.9729905
Pcdh20,0.0,1.0
Gm10110,0.0,1.0
Pcdh9,0.015709724,0.32177782
Klhl1,0.0,1.0
Dach1,0.0,1.0
Mzt1,0.020346746,0.79359406
Bora,-0.004127387,0.810965
Dis3,-0.017504988,0.67325497
Pibf1,-0.023283273,0.64456
Klf5,0.010357274,0.6205381
Klf12,0.0,1.0
Tbc1d4,-0.06337957,0.12218801
Commd6,-0.09012021,0.24287811
Uchl3,0.0010738671,0.99364763
Gm9922,0.0,1.0
Lmo7,0.0,1.0
Kctd12,0.24527648,0.24786064
Gm26778,0.0457006,0.1803262
Irg1,0.0,1.0
Cln5,0.067343995,0.23379898
Fbxl3,0.0030154288,0.96392995
Mycbp2,0.13162923,0.48862755
Scel,0.0,1.0
Slain1,0.026628673,0.75194466
Slain1os,-0.015353986,0.42264977
Ednrb,0.0,1.0
Pou4f1,0.0,1.0
Rnf219,-0.0033838819,0.7116407
Rbm26,0.07038367,0.152507
Ndfip2,0.08642569,0.573979
Gm10076,-0.35047275,0.00432013
Spry2,0.008127779,0.9051071
Slitrk1,0.0,1.0
Slitrk6,0.0,1.0
Slitrk5,0.0,1.0
Tpm3-rs7,0.005971533,0.4226497
Mir17hg,-0.033659667,0.58620864
Gpc5,0.0,1.0
Gpc6,0.0,1.0
Dct,0.0,1.0
Tgds,0.014533535,0.55525255
Gpr180,0.014204204,0.7259132
Sox21,0.0,1.0
Abcc4,-0.041846853,0.048285984
Gm27198,0.0,1.0
Cldn10,-0.016941853,0.4902797
Dzip1,0.00042803586,0.99276567
Dnajc3,0.05262944,0.6207894
Uggt2,-0.008515983,0.42264977
Hs6st3,0.0,1.0
Oxgr1,0.0,1.0
Mbnl2,-0.11259863,0.24929707
Gm26679,0.0,1.0
Rap2a,0.026944235,0.54469156
Ipo5,0.03265526,0.64804465
Farp1,0.001048954,0.84229696
Stk24,-0.039281726,0.78643554
Slc15a1,0.0,1.0
Dock9,0.014961652,0.6654849
1810041H14Rik,0.03202527,0.3833371
Ubac2,0.015314966,0.8869478
Gpr18,0.11272377,0.22135258
Gpr183,0.2075159,0.30408424
Tm9sf2,-0.106553555,0.029263567
Clybl,0.009605076,0.7596856
1700108J01Rik,0.0,1.0
Gm5089,0.0,1.0
Zic5,0.0,1.0
Zic2,0.0,1.0
Gm10837,0.0,1.0
Pcca,0.02038721,0.7556674
Ggact,0.043750614,0.43869552
Tmtc4,-0.009109028,0.69550204
Gm15735,-0.011665254,0.4226497
Nalcn,0.003959677,0.4226497
Itgbl1,0.0,1.0
Fgf14,0.0,1.0
Gm17615,0.0,1.0
Gm26870,-0.013810335,0.66799223
Gm11168,0.0,1.0
Gm10719,-0.0029107232,0.42264977
Gm10718,0.0,1.0
Gm10717,0.0,1.0
Alkbh8,-0.015043312,0.42231658
Cwf19l2,0.051899806,0.3290101
Gucy1a2,0.0,1.0
Aasdhppt,0.031919695,0.53735065
Kbtbd3,-0.048911598,0.29180467
Msantd4,0.011987882,0.6959807
Gria4,0.00907643,0.42264965
Casp1,0.07934365,0.4707138
Casp4,0.10758664,0.38604155
Casp12,0.0,1.0
Pdgfd,0.0,1.0
Dync2h1,0.012070862,0.42264977
Dcun1d5,0.14517155,0.35065603
Mmp13,0.0,1.0
Mmp12,0.0,1.0
Mmp8,0.0,1.0
Gm10709,0.0,1.0
Tmem123,-0.017786324,0.87369865
Birc2,-0.097973645,0.6241811
Birc3,-0.051802695,0.49369028
Yap1,-0.011179448,0.42637032
9230110C19Rik,0.0,1.0
Cep126,0.0,1.0
Trpc6,0.0,1.0
Pgr,0.0,1.0
Gm16485,0.0,1.0
Arhgap42,0.036406446,0.42264977
Cntn5,0.0,1.0
Jrkl,-0.016467212,0.34303463
Ccdc82,-0.016111523,0.74191594
Phxr4,0.059434265,0.27780345
Maml2,0.04985904,0.16031069
Mtmr2,-0.0068634227,0.8612073
Cep57,0.022032022,0.7321738
Fam76b,-0.024705663,0.59508276
Sesn3,-0.015623063,0.80981445
Endod1,0.057594173,0.2006814
Kdm4d,-0.004221112,0.42264977
Cwc15,-0.0008840561,0.99275804
Amotl1,0.009393361,0.4226497
Piwil4,0.0,1.0
Fut4,0.0,1.0
1700012B09Rik,0.0,1.0
Ankrd49,0.008894371,0.61411965
Mre11a,-0.00027772784,0.99432534
Gm16302,0.0,1.0
Gpr83,0.0,1.0
Izumo1r,-0.00779818,0.90176743
Panx1,0.056964174,0.2461912
Vstm5,0.0,1.0
Med17,0.06812924,0.17244819
4931406C07Rik,0.021415358,0.3019799
Taf1d,-0.059861124,0.60575336
Cep295,-0.010851245,0.6459529
Smco4,-0.03875214,0.56563056
Ccdc67,0.0,1.0
Slc36a4,0.016636651,0.5284537
Fat3,0.0,1.0
Chordc1,0.00097094476,0.99223554
Naalad2,0.0083254175,0.64567715
Zfp558,0.0,1.0
Zfp317,0.015968047,0.66419655
Gm7808,0.0,1.0
Zfp560,0.022877082,0.34314826
Gm26733,0.0015174011,0.9099604
Zfp26,0.028732216,0.35632944
Zfp426,-0.003007859,0.96231586
Zfp266,-0.0020722449,0.932283
Zfp846,0.014282773,0.42264965
Fbxl12os,0.0,1.0
Gm26521,0.0,1.0
Fbxl12,0.03236246,0.73017126
Ubl5,0.0005309582,0.99503905
Pin1,-0.019511938,0.8273649
Olfm2,0.0,1.0
Col5a3,0.010592924,0.33585227
A230050P20Rik,-0.033121765,0.31728068
Angptl6,0.0073748995,0.5361345
Ppan,-0.04158932,0.4223111
Eif3g,0.15346399,0.18328798
Dnmt1,0.032201044,0.6230967
S1pr2,0.022101624,0.42264965
Mrpl4,0.053914085,0.1292814
Icam1,0.10078089,0.08347793
Icam4,0.00443107,0.7180845
Icam5,-0.012844364,0.4226497
Gm26592,0.0,1.0
Zglp1,0.0,1.0
Fdx1l,-0.08079277,0.58999515
Raver1,0.073633,0.17311138
1700084C06Rik,0.0,1.0
Tyk2,0.001976937,0.9584806
Cdc37,-0.066251785,0.6339899
Pde4a,0.014241961,0.6285015
Keap1,0.10467057,0.17576724
S1pr5,-0.0234012,0.4226726
Atg4d,0.08192348,0.09145869
Kri1,0.03128709,0.66459626
Cdkn2d,0.06698501,0.6019655
Slc44a2,0.0168702,0.8629481
Ilf3,-0.0047959983,0.951114
Gm16853,0.011118792,0.4226497
Qtrt1,-0.0036095567,0.9169865
Dnm2,-0.007081911,0.81929904
Tmed1,-0.007558398,0.7386968
AB124611,0.026602626,0.5260332
Carm1,0.004989691,0.92288953
Yipf2,0.034002908,0.28696206
1810026J23Rik,-0.0046672225,0.6117261
Smarca4,0.1384053,0.03782236
Gm26511,0.0,1.0
Ldlr,0.0014404953,0.88406986
Spc24,0.006009612,0.84406
Kank2,0.009095277,0.4226497
Dock6,0.028970048,0.22970681
Rab3d,0.015630532,0.36860648
Tmem205,0.03451248,0.15557347
Ccdc159,0.0,1.0
Plppr2,0.0,1.0
Swsap1,0.006623776,0.6264578
Epor,0.0,1.0
Rgl3,0.0,1.0
Ccdc151,0.0,1.0
Prkcsh,-0.020187214,0.7056947
Elavl3,-0.017720696,0.60793996
Zfp653,0.013274379,0.67078954
Gm16845,0.0063386103,0.66912025
Ecsit,0.0109913945,0.6804093
Cnn1,0.0,1.0
Elof1,-0.113813624,0.05689928
Acp5,0.014605463,0.9371931
Pigyl,-0.05665078,0.4837238
Zfp872,-0.011150054,0.4226497
Zfp809,0.017368745,0.7007391
Zfp599,0.0,1.0
Zfp810,0.029608928,0.028132917
Anln,0.01041225,0.69550973
9530077C05Rik,-0.013263843,0.42264965
Rp9,0.09244132,0.24776722
Bbs9,0.028102405,0.16212104
Bmper,0.0,1.0
Npsr1,0.0,1.0
Gm10701,0.0,1.0
Dpy19l1,0.010887101,0.73758715
Dpy19l2,0.0,1.0
Herpud2,0.08719216,0.40732676
Gm29642,0.0,1.0
Gm29375,-0.0068500307,0.4226497
Sept7,0.028913558,0.8070537
Eepd1,0.017839968,0.28473818
B3gat1,0.0,1.0
Glb1l2,0.0,1.0
Glb1l3,0.0,1.0
Gm1110,0.0,1.0
Acad8,-0.0009753071,0.9761852
Thyn1,0.03936369,0.5340941
Vps26b,-0.014138244,0.6789657
Ncapd3,-0.05165054,0.13768746
Jam3,-0.02400939,0.037377164
Igsf9b,0.0,1.0
Spata19,0.0,1.0
Opcml,0.0,1.0
Ntm,0.010421612,0.42264977
Gm15520,0.0,1.0
Snx19,0.022175912,0.5654008
Adamts15,0.0,1.0
Adamts8,0.0,1.0
Zbtb44,-0.018330589,0.74541
St14,0.0014505424,0.9537154
Aplp2,0.06992851,0.34994844
Prdm10,-0.018472735,0.3842059
Nfrkb,0.039157886,0.4466629
Tmem45b,0.0,1.0
Barx2,0.0,1.0
Arhgap32,0.0147082815,0.23982719
Kcnj5,0.0,1.0
Fli1,-0.031440884,0.8060314
Gm27201,0.0,1.0
Ets1,-0.17006421,0.24806868
Gm3331,0.0,1.0
Gm27164,0.0,1.0
7630403G23Rik,0.0,1.0
Kirrel3,0.012069266,0.4226497
Gm26662,0.0,1.0
Kirrel3os,0.0,1.0
St3gal4,-0.020787127,0.7526301
Dcps,0.04303795,0.45561072
Tirap,0.014090579,0.4226497
Srpr,0.07035929,0.33785537
Foxred1,0.028926851,0.41200584
Fam118b,-0.030858522,0.365408
Rpusd4,0.050620582,0.13218936
Cdon,0.009245145,0.5926986
Ddx25,0.0,1.0
Pus3,0.07704626,0.2506688
Hyls1,0.002527846,0.8815091
Pate2,0.0,1.0
Gm17252,0.0,1.0
9230113P08Rik,0.0,1.0
Chek1,-0.0056567793,0.42264977
Stt3a,0.005884409,0.9313142
Gm26787,0.0,1.0
Ei24,0.040603727,0.34897
Fez1,-0.009625178,0.835229
Pknox2,0.0,1.0
Gm3896,0.0,1.0
Tmem218,-0.0048368517,0.8815062
Slc37a2,0.00515713,0.68521774
Ccdc15,0.04253939,0.07303815
Hepacam,-0.02521571,0.17045774
Robo4,0.0,1.0
Robo3,0.017433232,0.4226497
Msantd2,-0.020306654,0.36841354
Esam,0.017099893,0.20320104
Vsig2,0.0,1.0
Nrgn,0.02911018,0.51255137
Spa17,-0.005959599,0.4226497
Siae,0.018319096,0.5553212
Tbrg1,-0.15373874,0.41960666
Vwa5a,0.026908316,0.07680698
Olfr920,0.0,1.0
AW551984,0.0,1.0
Zfp202,-0.010107391,0.4226497
Scn3b,0.0,1.0
Gramd1b,0.14180884,0.21767762
Clmp,0.0,1.0
Hspa8,-0.07946062,0.78588116
4931429I11Rik,0.0,1.0
Crtam,0.05998586,0.474362
Ubash3b,0.1247324,0.051283043
1700063D05Rik,0.0,1.0
Sorl1,0.116309345,0.1230397
Sc5d,0.02705118,0.59875685
Tecta,0.0,1.0
Tbcel,0.011325687,0.754313
Grik4,-0.0033451049,0.4226497
Arhgef12,-0.023091428,0.65854025
Tmem136,0.0,1.0
Pou2f3,0.0,1.0
Oaf,0.0111772865,0.4226497
D630033O11Rik,0.0,1.0
Trim29,0.0,1.0
Pvrl1,-0.021116586,0.32581508
Thy1,0.35416043,0.11329424
Rnf26,0.009244094,0.7314463
Usp2,0.070556946,0.1169037
Mfrp,0.0,1.0
Gm26737,0.003959677,0.4226497
Gm10687,0.0,1.0
Mcam,0.021027377,0.19229643
Cbl,0.04763019,0.45485637
Ccdc153,-0.0235044,0.4226497
Pdzd3,0.0,1.0
Nlrx1,0.017437158,0.20582256
Abcg4,0.0,1.0
Hinfp,0.0,1.0
C2cd2l,0.021638993,0.12543915
Dpagt1,-0.007416457,0.76453483
H2afx,0.06712632,0.24093577
Hmbs,0.04339905,0.526905
Vps11,0.06806065,0.26962134
Hyou1,-0.040184468,0.335552
Slc37a4,0.04209046,0.16428402
Trappc4,-0.054107994,0.5343856
Rps25,-0.15214181,0.3838409
Ccdc84,-0.007869016,0.8363352
Foxr1,0.0,1.0
Upk2,0.0,1.0
Gm9830,0.0,1.0
C030014I23Rik,0.0,1.0
Bcl9l,-0.0032306686,0.8828511
Cxcr5,-0.01473995,0.3174842
Ddx6,-0.15113357,0.2897974
Phldb1,0.01666288,0.6498431
Arcn1,0.16474605,0.060672987
Ift46,0.044078827,0.051540013
Tmem25,0.0,1.0
Ttc36,-0.011150054,0.4226497
Kmt2a,-0.005788684,0.9291022
Atp5l,-0.16146803,0.03521719
Ube4a,0.014868833,0.69679266
Cd3g,0.25893903,0.06449728
Cd3d,0.12764919,0.40785798
Cd3e,0.41770315,0.17495483
Mpzl2,0.0,1.0
Mpzl3,-0.013700366,0.44350883
Amica1,0.14588448,0.33085448
Scn2b,0.0,1.0
Scn4b,0.0,1.0
Tmprss4,0.0,1.0
BC049352,-0.009303854,0.42264977
Il10ra,0.016911805,0.7988566
Fxyd6,0.0,1.0
Fxyd2,0.003959677,0.4226497
Dscaml1,0.008724161,0.54966015
Cep164,0.08961815,0.30666366
Bace1,-0.02528534,0.5336671
Gm16536,-0.0028464943,0.9016863
Rnf214,0.023516333,0.4615354
Pcsk7,-0.014199849,0.71880007
Tagln,0.0,1.0
Sidt2,0.11545414,0.48668873
Pafah1b2,0.117280506,0.16264297
Sik3,0.054251015,0.42316282
Apoa1,0.0,1.0
Apoc3,0.0,1.0
Zpr1,-0.013178468,0.9005765
Bud13,-0.033834867,0.24136761
4931429L15Rik,0.0,1.0
2900052N01Rik,-0.015530393,0.30766144
Cadm1,0.012954712,0.56872785
Nxpe2,0.0,1.0
Nxpe4,0.0,1.0
Gm5616,0.0,1.0
Rexo2,0.01907298,0.8180021
Rbm7,0.009989917,0.88796115
Gm5617,-0.05714641,0.15273847
Nnmt,0.0,1.0
Zbtb16,-0.0053430777,0.4226497
Htr3a,0.0,1.0
Usp28,0.009420834,0.55011
Zw10,-0.022422414,0.53488356
Tmprss5,0.0,1.0
Ankk1,0.0,1.0
Ttc12,0.0,1.0
Ncam1,-0.040800735,0.3676127
Gm11149,0.0,1.0
Rpl10-ps3,0.016143069,0.8078364
Plet1os,0.0,1.0
Plet1,0.0,1.0
Pts,0.012919709,0.91136783
Bco2,0.020625375,0.004373805
Tex12,0.0,1.0
Il18,0.009117406,0.6230862
Sdhd,-0.024780512,0.77445906
Timm8b,0.069515884,0.26679558
AU019823,0.0031159446,0.94548774
Pih1d2,-0.0034331195,0.4226497
Dlat,0.007826351,0.81877625
Dixdc1,0.015953653,0.18554041
2310030G06Rik,0.0,1.0
Hspb2,0.0,1.0
Cryab,-0.047127374,0.43055663
1110032A03Rik,-0.090620555,0.073925234
Fdxacb1,-0.01875608,0.43911442
Alg9,-0.0398055,0.20663975
Ppp2r1b,0.08344276,0.22411752
Sik2,0.016007677,0.6448761
Layn,0.0,1.0
4833427G06Rik,0.0,1.0
Pou2af1,-0.0013508387,0.9594537
Gm684,0.0,1.0
2010007H06Rik,0.0,1.0
Gm7293,0.0,1.0
Arhgap20,0.0,1.0
Fdx1,0.006866589,0.90003717
Rdx,0.19612637,0.14779183
Zc3h12c,-0.011150054,0.4226497
AI593442,-0.005987111,0.4226497
Ddx10,0.08336185,0.15137808
Exph5,0.0,1.0
Kdelc2,-0.006871499,0.4226497
4930550C14Rik,0.025869332,0.4226497
Atm,0.09325132,0.06394094
Npat,-0.0047042295,0.9311804
Acat1,0.12115131,0.06341728
Cul5,-0.019438744,0.41029245
Gm16124,0.029010516,0.3514996
Rab39,0.020639235,0.24756569
Slc35f2,-0.020427179,0.31372437
Sln,0.0,1.0
Elmod1,0.0,1.0
Tnfaip8l3,0.0,1.0
Gldn,0.0,1.0
Dmxl2,0.011119284,0.4226497
Cib2,0.036891814,0.43226933
Idh3a,-0.117302135,0.45483613
Acsbg1,-0.016029917,0.72816
Dnaja4,0.04566355,0.21908356
Wdr61,0.004079461,0.9557541
Crabp1,0.0,1.0
Ireb2,-0.016992725,0.71220076
Hykk,0.008560162,0.4226497
AY074887,0.0,1.0
Psma4,0.12885162,0.2113895
Chrnb4,0.0,1.0
Ube2q2,0.055434175,0.18615173
Fbxo22,-0.0012134612,0.97988707
Nrg4,0.003959677,0.4226497
Tmem266,0.008551011,0.4226497
Etfa,-0.07916875,0.17592767
Scaper,0.061473027,0.23287499
4930563M21Rik,0.0,1.0
Rcn2,0.00863716,0.9213273
Pstpip1,0.15827546,0.23064657
Tspan3,0.02790612,0.7986383
Peak1,0.034395605,0.6269784
Peak1os,0.0,1.0
Hmg20a,-0.052407198,0.5337037
Gm26868,0.0,1.0
Lingo1,0.0,1.0
Odf3l1,0.0,1.0
Cspg4,0.009131634,0.42264965
Snx33,-0.015409125,0.37113628
Imp3,0.10471654,0.30952594
Snupn,-0.093889266,0.19493352
Ptpn9,0.052083872,0.34074387
Sin3a,-0.040223718,0.6024078
2700012I20Rik,0.011224959,0.4226497
Man2c1os,0.0052065165,0.71310997
Man2c1,0.044705402,0.124684624
Neil1,-0.013702713,0.72934633
Commd4,0.019227698,0.77159595
1700017B05Rik,0.07326545,0.08911033
Ppcdc,0.11359466,0.0055422783
Scamp5,-0.038587287,0.3462003
Rpp25,0.0,1.0
Cox5a,-0.06555605,0.47011417
Gm26631,0.015721645,0.40752912
Fam219b,-0.08445372,0.028346252
Mpi,0.038370106,0.19020833
Scamp2,0.15579627,0.04918592
Ulk3,0.00060142577,0.98290324
Cplx3,0.007149654,0.42264977
Lman1l,0.0,1.0
Csk,-0.15435693,0.061147593
Edc3,0.0143503845,0.80456555
Clk3,0.08378978,0.063478075
Gm17231,0.0,1.0
Arid3b,-0.0057835653,0.90060973
Ubl7,-0.01265195,0.73968786
Sema7a,-0.0132670915,0.42264965
Gm17322,0.0,1.0
Cyp11a1,0.0,1.0
Ccdc33,0.0,1.0
Stra6,0.0,1.0
Islr,0.0,1.0
Islr2,0.0,1.0
Pml,-0.051720403,0.01258352
Stoml1,-0.0013823509,0.979713
Loxl1,0.0,1.0
4930461G14Rik,0.0,1.0
6030419C18Rik,0.0,1.0
Cd276,0.0,1.0
Nptn,0.15644619,0.16173965
Rec114,-0.0126196705,0.4226497
Hcn4,0.0,1.0
Neo1,0.003448043,0.88776094
Adpgk,-0.0073589273,0.8722479
Bbs4,0.029953303,0.3162194
Arih1,0.10788195,0.24671534
Tmem202,0.0,1.0
Hexa,0.1375211,0.26600653
Celf6,0.0,1.0
Parp6,-0.026033176,0.32582736
Pkm,0.0057114363,0.95440865
Gramd2,0.0,1.0
Senp8,0.015439482,0.3062538
Myo9a,0.04503111,0.10568701
Thsd4,0.0,1.0
Lrrc49,-0.023410961,0.21376719
B930082K07Rik,0.007975965,0.42264965
Larp6,-0.0073298975,0.63293624
1700036A12Rik,0.0,1.0
Uaca,0.0,1.0
Gm10655,0.015940066,0.2792183
Tle3,0.086625844,0.019319095
Rplp1,-0.12512064,0.29483998
Kif23,0.0073473267,0.66733277
Paqr5,0.009095277,0.4226497
Glce,-0.013343503,0.44904634
Anp32a,0.025220692,0.83048123
Coro2b,-0.00382555,0.8374173
Itga11,0.0,1.0
Fem1b,-0.04215391,0.05594674
Gm26609,-0.0054147374,0.8242229
Cln6,-0.016104313,0.58126396
Calml4,0.0,1.0
Pias1,0.04027894,0.30226424
Map2k5,0.00034992024,0.99079144
2300009A05Rik,-0.020656466,0.8283062
Iqch,0.0,1.0
Aagab,0.006844178,0.8669843
Smad3,-0.018074095,0.66859317
Smad6,0.0,1.0
Lctl,0.0,1.0
Zwilch,0.0,1.0
Rpl4,0.00694561,0.93115866
Snapc5,0.094953015,0.18722968
Map2k1,0.12411281,0.13529669
Uchl4,0.021636872,0.23840848
Tipin,0.06578047,0.2735127
Dis3l,-0.0056252126,0.7813936
Megf11,0.00527434,0.42264965
Rab11a,0.19879112,0.045752972
Dennd4a,0.08602744,0.324328
Slc24a1,-0.009087936,0.4226497
Vwa9,0.08387316,0.047126673
Hacd3,0.035572067,0.3036986
Dpp8,-0.009044882,0.8353963
Igdcc4,0.0,1.0
Igdcc3,0.0,1.0
Parp16,-0.01192351,0.45578277
Cilp,0.0,1.0
Clpx,0.046879966,0.1692578
Pdcd7,0.05312138,0.42421883
Kbtbd13,0.0,1.0
Rasl12,0.0,1.0
Mtfmt,0.022010412,0.4033219
Spg21,0.058893472,0.730614
Plekho2,0.050462246,0.37215358
Pif1,0.0,1.0
Rbpms2,-0.011307535,0.42264977
Oaz2,0.02848965,0.44062784
Zfp609,-0.00500983,0.8818421
Trip4,0.05716808,0.444417
2810417H13Rik,-0.018003257,0.42264965
Csnk1g1,-0.10124385,0.44566852
Ppib,-0.03452301,0.8327832
Snx22,0.0083245365,0.4226497
Snx1,0.01730293,0.7213472
Fam96a,0.091163725,0.49707916
Dapk2,0.02234304,0.59845454
Herc1,0.10119173,0.44583037
Gm28379,0.0,1.0
Fbxl22,-0.011665254,0.4226497
Usp3,0.08662517,0.4410681
Car12,-0.008113051,0.59950733
Aph1b,-0.004442608,0.7369769
Gm10647,0.0,1.0
BC050972,0.0,1.0
Aph1c,-0.0071903765,0.59413624
Gm17098,0.0,1.0
Rab8b,-0.063649505,0.18077862
Rps27l,-0.11856353,0.43948343
Lactb,-0.030738622,0.53049654
Tpm1,0.06424369,0.09473701
Tln2,0.01661097,0.19041869
M5C1000I18Rik,0.0,1.0
C2cd4b,0.0,1.0
Vps13c,0.04047341,0.086467266
Rora,-0.040652543,0.5947321
Ice2,0.032653745,0.041989338
Anxa2,0.048490375,0.6526739
Foxb1,0.0,1.0
B230323A14Rik,0.0,1.0
Gm28731,0.011473163,0.1886121
Bnip2,0.15245922,0.11167784
Gtf2a2,0.17138115,0.15698606
Fam81a,0.0,1.0
Myo1e,0.027563166,0.34211093
Ccnb2,0.0,1.0
Rnf111,0.012836605,0.6741141
Sltm,0.08417806,0.37885988
Fam63b,0.0139859915,0.8044002
Gm10642,-0.0013458654,0.949939
Adam10,-0.030603051,0.6101
Lipc,0.0,1.0
Aqp9,0.0012141839,0.95935404
Aldh1a2,0.0,1.0
Polr2m,0.17033061,0.0010550249
Myzap,0.0,1.0
Cgnl1,0.0,1.0
Tcf12,0.06428486,0.5369495
Gm27253,0.014109588,0.5960843
Zfp280d,-0.041159138,0.45407268
BC065403,0.0,1.0
Mns1,0.008753054,0.7559411
Tex9,-0.015756395,0.6145793
4930509E16Rik,0.0,1.0
Rfx7,0.04971026,0.4839183
Gm27241,0.0,1.0
Nedd4,0.09825252,0.19770963
Prtg,0.010772373,0.42264965
Pygo1,-0.012150866,0.42264977
Dyx1c1,0.0,1.0
Ccpg1os,-0.0009598639,0.9626548
Ccpg1,0.08614459,0.09034954
Pigb,-0.003363289,0.83550566
Rab27a,-0.012584761,0.882676
Khdc3,0.0,1.0
Rsl24d1,-0.08943364,0.5632819
Unc13c,0.0,1.0
Wdr72,0.0,1.0
Onecut1,0.0,1.0
Fam214a,-0.011028495,0.63551664
Arpp19,-0.07237738,0.61290276
Myo5a,0.030173074,0.036774095
Myo5c,0.0,1.0
Gnb5,0.0,1.0
Mapk6,0.0120950565,0.4829345
4933433G15Rik,0.0,1.0
A130057D12Rik,-0.005987111,0.4226497
Leo1,0.0069388673,0.9045666
Tmod3,-0.09149365,0.38486528
Tmod2,-0.014070624,0.44387162
Lysmd2,0.09650399,0.088956
Scg3,-0.005531991,0.4226497
Bmp5,0.014999765,0.4226497
Gm26903,0.0,1.0
Hmgcll1,0.023327196,0.20062572
Hcrtr2,0.0,1.0
Fam83b,0.0,1.0
Mlip,0.0,1.0
5730403I07Rik,0.0,1.0
Lrrc1,-0.010685055,0.78313506
Klhl31,0.00907643,0.42264965
Gclc,0.00035214424,0.99349236
Elovl5,0.026322082,0.7229034
Fbxo9,0.04829628,0.4726728
Ick,-0.049924646,0.42264977
C920006O11Rik,0.016365593,0.7145287
Gsta4,-0.0075278385,0.62357104
Gsta1,0.0,1.0
Gsta2,0.013553083,0.42264977
Dppa5a,0.0,1.0
Ooep,-0.002483932,0.42264965
4930542C12Rik,-0.0058948942,0.4226497
Ddx43,-0.012975173,0.6653664
Mb21d1,0.021413673,0.66185147
Gm17324,0.0,1.0
Mto1,-0.0046752524,0.7982381
Eef1a1,0.034887314,0.81461245
Slc17a5,0.06641567,0.2808571
Cd109,0.0,1.0
Col12a1,0.0,1.0
Cox7a2,0.037459612,0.734545
Tmem30a,-0.0741899,0.5171965
Filip1,-0.013735198,0.4226497
Senp6,0.13048911,0.32183996
Gm17477,-0.054038756,0.17916307
Myo6,-0.018486328,0.5406926
Htr1b,-0.0053430777,0.4226497
D430036J16Rik,0.0,1.0
Mei4,0.0,1.0
Irak1bp1,0.0,1.0
Phip,0.2547829,0.045122072
Hmgn3,-0.014236324,0.78173935
Lca5,-0.014203121,0.4378736
Sh3bgrl2,0.0,1.0
Gm2109,0.0,1.0
Elovl4,0.021740757,0.4226497
Ttk,0.0,1.0
Bckdhb,-0.024308655,0.38083512
Fam46a,0.15940373,0.02846047
Ibtk,-0.02781469,0.30139115
Tpbg,-0.01517658,0.4226497
Ube2cbp,0.006763435,0.70304674
Dopey1,-0.06917656,0.41367912
Pgm3,-0.003463842,0.8975126
Rwdd2a,0.03067365,0.10214515
Me1,-0.009240106,0.4226497
A330041J22Rik,0.0,1.0
Prss35,0.0,1.0
Snap91,0.0,1.0
Ripply2,0.0,1.0
Cyb5r4,-0.081860006,0.23730363
Mrap2,0.0,1.0
Cep162,-0.020233572,0.33202177
Tbx18,0.0,1.0
Nt5e,-0.049663484,0.5174715
Snx14,0.0015557557,0.9705083
Gm20537,0.0,1.0
Syncrip,0.06292948,0.7633596
Zfp949,0.04636649,0.15309693
Trim43a,0.0,1.0
9430037G07Rik,0.01909691,0.42264965
Gm29415,0.0,1.0
Mthfsl,-0.0035447925,0.87596965
Gm10634,0.0,1.0
Bcl2a1d,-0.2003634,0.20489587
Gm29562,0.00907643,0.42264965
Trim43c,0.0,1.0
Bcl2a1a,-0.003191024,0.9487725
4930579C12Rik,0.0,1.0
Bcl2a1b,-0.092271805,0.62426054
Gm29094,0.0,1.0
Mthfs,0.041898727,0.5404588
AF529169,0.0,1.0
Tmed3,0.08444603,0.11723538
Ankrd34c,0.0,1.0
Rasgrf1,0.0,1.0
Ctsh,0.09458279,0.17555438
Morf4l1,0.1696384,0.080395065
Gm26882,-0.0422347,0.28612122
Adamts7,0.0,1.0
Tbc1d2b,0.013484061,0.68807554
Gm28703,0.0,1.0
Gm28652,0.0,1.0
Zic1,0.014282773,0.42264965
Zic4,0.008541345,0.42264977
Gm29478,0.0,1.0
Plscr1,-0.07950659,0.33426037
Plscr2,0.0,1.0
1700057G04Rik,0.0,1.0
Plscr4,0.011648621,0.79566026
Plod2,-0.051387567,0.4058789
1190002N15Rik,-0.013537489,0.84131557
Gm29395,0.0,1.0
Slc9a9,0.04632339,0.1474983
Chst2,-0.0048762336,0.9001527
U2surp,0.078251064,0.060676727
Gm28424,0.0,1.0
Paqr9,0.0,1.0
Pcolce2,0.0,1.0
Trpc1,0.03333287,0.10505899
Pls1,-0.0033451049,0.4226497
1700065D16Rik,0.0,1.0
Atr,0.031315364,0.41675755
Gm16794,0.0,1.0
Xrn1,-0.016893208,0.8307245
Gk5,-0.006941426,0.6413491
Tfdp2,0.016031735,0.58379817
Atp1b3,-0.20281464,0.098530866
BC043934,0.0050870897,0.849732
Rnf7,0.050589025,0.6518775
Gm28729,0.0,1.0
Rasa2,0.024004102,0.644503
Zbtb38,0.17121337,0.055772144
A930006L05Rik,0.0,1.0
Pxylp1,0.021360097,0.36154336
Spsb4,0.008457402,0.4226497
Gm19325,-0.0036515035,0.8287372
Gm26767,0.011935305,0.3425404
Slc25a36,0.08466211,0.29743353
Gm16185,-0.010746761,0.4226497
Clstn2,0.0,1.0
Nmnat3,0.042034604,0.31481582
Rbp1,0.005655481,0.42264977
Rbp2,-0.008320614,0.42264965
Copb2,0.020268306,0.72452456
Mrps22,0.009504024,0.81786895
Gm37637,0.0,1.0
Foxl2,0.0,1.0
Faim,0.007486224,0.9260917
Gm1123,0.013514273,0.19414331
Pik3cb,0.014738265,0.5901688
Cep70,0.003863167,0.9583293
Esyt3,0.0,1.0
Mras,-0.0021533393,0.8649441
Armc8,-0.0136615485,0.8063813
Dbr1,0.033006575,0.38141787
Dzip1l,0.0,1.0
Il20rb,0.022481188,0.2606967
Nck1,-0.0042615235,0.9573963
Slc35g2,0.0,1.0
Stag1,-0.048896685,0.537371
Pccb,0.017370548,0.49920306
Msl2,0.010395676,0.890465
Ppp2r3a,0.0023268014,0.8218826
Ephb1,-0.0073374626,0.4226497
9630041A04Rik,0.0,1.0
Gm26846,0.0,1.0
Ky,0.0,1.0
Cep63,0.0051256195,0.92384136
Anapc13,0.08894801,0.26843008
Amotl2,-0.008085954,0.42264965
Ryk,0.056074016,0.55174994
Slco2a1,0.0,1.0
Rab6b,0.0013708547,0.9740444
Srprb,0.021840148,0.706081
Trf,0.19442108,0.30144915
1300017J02Rik,0.0,1.0
Topbp1,0.015262067,0.68805015
Cdv3,0.09684339,0.3618419
Bfsp2,-0.0033451049,0.4226497
Tmem108,-0.018144755,0.5515043
4932413F04Rik,0.0,1.0
Nphp3,-0.015367299,0.4226497
Uba5,-0.020011857,0.7161374
Acad11,0.0011045467,0.970218
Ackr4,0.0,1.0
Dnajc13,0.01957795,0.7008975
Acpp,-0.00083583593,0.9534574
Cpne4,0.0,1.0
Mrpl3,0.051519014,0.17757602
Nudt16,-0.07911708,0.26272783
Nek11,0.0,1.0
Aste1,-0.018746352,0.611623
Atp2c1,0.007956967,0.82252294
Gm19667,0.0,1.0
Pik3r4,-0.01914658,0.57781494
Col6a6,0.0,1.0
Col6a5,0.0,1.0
Col6a4,0.0,1.0
D030055H07Rik,0.0,1.0
Glyctk,0.0091543645,0.4226497
Wdr82,0.11872937,0.2256361
Ppm1m,0.015597545,0.8467129
Twf2,-0.007198781,0.93436795
Tlr9,0.0,1.0
Alas1,0.047884576,0.26473966
4930500F10Rik,0.0,1.0
Poc1a,0.018289628,0.2771754
Dusp7,-0.003992483,0.762874
Rpl29,0.05490017,0.7786285
Acy1,0.005169953,0.7330701
Abhd14a,-0.061431855,0.11267279
Abhd14b,-0.035350062,0.3505072
Gm28959,0.0,1.0
Pcbp4,0.027035795,0.5636208
Gpr62,-0.005531991,0.4226497
Parp3,-0.00658492,0.8155857
Rrp9,0.0251567,0.67785144
Iqcf3,0.0,1.0
Grm2,0.0,1.0
Tex264,0.059031203,0.338783
Rad54l2,-0.0038988143,0.88829654
Vprbp,-7.855892e-05,0.9975906
Manf,-0.03526646,0.75633293
Rbm15b,0.008774061,0.8552826
4930524O07Rik,0.020442022,0.42264977
Dock3,0.0,1.0
Mapkapk3,0.10310306,0.4212093
Cish,0.19456929,0.35541707
Hemk1,0.044189177,0.25311068
6430571L13Rik,-0.007570949,0.4724741
4930429P21Rik,0.0,1.0
Cacna2d2,0.003959677,0.4226497
Tmem115,0.036659822,0.22596373
Cyb561d2,0.0120536685,0.7180708
Nprl2,0.0010325685,0.9819053
Zmynd10,0.014985092,0.4226497
Rassf1,0.004916966,0.9574196
Gm9917,0.026894346,0.4226497
Tusc2,-0.019955754,0.7982968
Hyal2,-0.01831709,0.18771918
Hyal1,0.011175074,0.73540604
Nat6,-0.019269407,0.22429402
Hyal3,0.0074362312,0.42264977
Ifrd2,-0.034779355,0.3277651
Gm38150,0.0,1.0
Sema3b,0.0,1.0
Gnai2,0.18948603,0.2862916
Slc38a3,0.01384397,0.40857226
Gnat1,0.0,1.0
Sema3f,-0.008778044,0.42264965
Rbm5,0.049942285,0.7220887
Gm37850,-0.008320614,0.42264965
Rbm6,0.094800696,0.27374008
Mon1a,0.073042005,0.052191447
Mst1r,0.0,1.0
Gm37974,0.0,1.0
Camkv,0.0,1.0
Traip,0.0,1.0
Uba7,0.0063925907,0.89573604
Gm20661,0.0,1.0
Fam212a,0.054559913,0.31317607
4921523L03Rik,0.0,1.0
Cdhr4,0.0,1.0
Ip6k1,0.010908291,0.8466448
Gm38134,0.01135313,0.42264965
Gmppb,-0.0031337738,0.841278
Rnf123,-0.02662094,0.72674507
Amigo3,0.0,1.0
Mst1,0.0071614455,0.53438383
Apeh,0.10767791,0.013465781
Bsn,-0.008730129,0.6079747
Dag1,-0.0035763849,0.8899233
Nicn1,-0.011117204,0.6466094
Amt,0.0,1.0
Tcta,0.019836068,0.6645272
Rhoa,0.10167718,0.4480407
Gm37401,-0.006462775,0.4226497
Gpx1,0.13826549,0.17757726
Usp4,-0.03304229,0.28220236
1700102P08Rik,-0.008897834,0.42264965
Ccdc36,0.0,1.0
Klhdc8b,0.013158373,0.5444217
Ccdc71,0.059793994,0.27927408
Lamb2,0.028123751,0.23043759
Usp19,-0.15522069,0.07279176
Qars,0.058047846,0.6025071
Qrich1,0.18482998,0.021656064
Impdh2,0.030886173,0.7822024
Ndufaf3,-0.034342244,0.46741548
4833445I07Rik,-0.002967713,0.73335207
Dalrd3,-0.017235756,0.507565
Wdr6,-0.010161996,0.80908644
P4htm,-0.0053823013,0.8680666
Arih2,0.08148538,0.31328142
Slc25a20,0.044067465,0.016072515
Prkar2a,0.06706587,0.019195419
Ip6k2,0.03256131,0.29826885
Nckipsd,0.021270528,0.4668769
Celsr3,0.0,1.0
Slc26a6,0.010255249,0.4226497
Tmem89,0.0,1.0
Uqcrc1,0.006703466,0.94809943
Col7a1,0.0,1.0
Gm38004,-0.0061093383,0.4226497
Pfkfb4,-0.013144566,0.34402695
Shisa5,0.32144678,0.24062493
Gm42641,0.0091543645,0.4226497
Atrip,0.0,1.0
Tma7,0.07464731,0.4610342
Ccdc51,-0.003953822,0.88291854
Gm7628,0.0,1.0
Plxnb1,0.00519624,0.6162414
Gm42756,0.0,1.0
Fbxw15,0.0,1.0
Fbxw27,0.0,1.0
Spink8,0.0,1.0
Nme6,-0.0130749475,0.5796963
Camp,0.0,1.0
Cdc25a,0.0056693256,0.8195882
Map4,0.10099903,0.18018478
Dhx30,-0.0025902614,0.8597488
Smarcc1,-0.010055944,0.7728774
Cspg5,0.002888471,0.96198535
Elp6,0.056479394,0.110841036
Scap,-0.01760821,0.7828446
Ptpn23,-0.010898959,0.62857455
Ngp,-0.017457642,0.4226497
Klhl18,0.073170915,0.23641863
Kif9,0.0,1.0
Setd2,0.101534724,0.35205188
Nradd,-0.018207306,0.30185574
Nbeal2,-0.0040224493,0.9384948
Ccdc12,0.070055366,0.27981842
Gm42762,0.0,1.0
Pth1r,0.0,1.0
Prss43,0.0,1.0
Prss45,0.0,1.0
Prss50,0.0,1.0
Tmie,-0.028564468,0.19071478
Als2cl,-0.08635615,0.099285506
Tdgf1,0.0,1.0
Lrrc2,0.0,1.0
Rtp3,0.0,1.0
Ltf,-0.017481616,0.42264965
Ccrl2,0.051344573,0.49483445
Lrrfip2,0.014421672,0.5311591
Mlh1,0.01074459,0.711831
Epm2aip1,-0.06431059,0.27726
Trank1,0.0,1.0
Dclk3,0.0,1.0
Stac,0.0,1.0
Arpp21,0.0,1.0
2900079G21Rik,0.0,1.0
Pdcd6ip,-0.16101727,0.19773573
Clasp2,-0.0622524,0.3283321
Ubp1,0.0652512,0.44692883
Fbxl2,-0.0022032284,0.8209618
Susd5,0.004853252,0.42264965
Bcl2a1c,0.0,1.0
Crtap,0.043784194,0.26287293
Glb1,0.041926116,0.16587807
Tmppe,0.05677629,0.40116194
Trim71,0.0,1.0
Cnot10,-0.051737964,0.42828882
Dync1li1,0.009102136,0.82769555
Cmtm6,0.105085745,0.3809272
Cmtm7,0.1301057,0.25963682
Gm9888,0.0,1.0
Cmtm8,0.009393361,0.4226497
Gpd1l,0.062206358,0.0046917787
Osbpl10,0.0,1.0
Rps27rt,-0.12244284,0.5461478
Stt3b,0.09063217,0.31219473
Gadl1,0.0,1.0
Tgfbr2,0.12124398,0.2990418
Rbms3,0.0,1.0
Gm26614,0.003965035,0.8521223
Azi2,0.16864268,0.169246
Cmc1,0.16850314,0.10426758
Gm17399,0.0,1.0
Eomes,0.015468538,0.88656783
Golga4,0.033837914,0.45862597
Itga9,0.01284455,0.18550695
Gm2415,-0.0033451049,0.4226497
Ctdspl,-0.010956814,0.42264977
Vill,-0.009850817,0.42264965
Plcd1,-0.0053498754,0.84588194
Dlec1,0.0,1.0
Acaa1b,0.0,1.0
Gm10608,0.0,1.0
Slc22a14,0.0,1.0
Slc22a13,0.004853252,0.42264965
Oxsr1,0.02263435,0.760772
Myd88,0.01161813,0.8375179
Acaa1a,0.07186256,0.22099291
Xylb,0.0,1.0
Acvr2b,0.007975965,0.42264965
4930516B21Rik,0.0,1.0
Exog,-0.002483932,0.42264965
Scn5a,0.0,1.0
Scn11a,0.0,1.0
Gm2449,0.0,1.0
Wdr48,-0.034326237,0.40298742
Cx3cr1,0.13513434,0.25414184
Gorasp1,0.0074008806,0.45859018
Ttc21a,0.0,1.0
Csrnp1,-0.09393889,0.43823156
Xirp1,0.0,1.0
Ccr8,-0.010856254,0.8092905
Slc25a38,-0.02571373,0.49244028
Rpsa,-0.06841898,0.57771236
Mobp,0.091578685,0.39834484
Myrip,0.0,1.0
Eif1b,0.030949235,0.8044732
Entpd3,0.0,1.0
Rpl14,0.055767298,0.681014
5830454E08Rik,-0.03509565,0.32579753
4930593C16Rik,0.0,1.0
Ctnnb1,0.026330084,0.8044956
Ulk4,-0.016309995,0.3261574
Trak1,0.010779209,0.79354334
Cck,-0.008273217,0.42264965
Lyzl4,0.0,1.0
Vipr1,-0.005551045,0.83658063
Sec22c,-0.00034518167,0.9915608
Deb1,0.0010093749,0.9457567
Nktr,0.06910354,0.5818981
Zfp651,0.0019292352,0.77545834
Klhl40,0.0,1.0
Hhatl,0.009706646,0.4226497
Ccdc13,0.009131634,0.42264965
Gm17163,0.0,1.0
Higd1a,-0.032637477,0.5740331
1700048O20Rik,-0.002483932,0.42264965
Fam198a,0.0,1.0
Pomgnt2,-0.0089130355,0.42264977
Snrk,0.056517854,0.35960078
Ano10,-0.015471691,0.5655539
Gm26797,0.0,1.0
Abhd5,-0.0041169114,0.872611
9530059O14Rik,-0.011150054,0.4226497
Tcaim,-0.027650833,0.23059411
Zfp445,0.01068855,0.42264965
A530083I20Rik,0.019894475,0.19153826
Zkscan7,0.0,1.0
Zfp105,0.0,1.0
1110059G10Rik,-0.0024713352,0.96428055
Kif15,-0.029870111,0.069543995
Tmem42,0.023401469,0.4891028
Tgm4,0.0,1.0
Zdhhc3,0.05127646,0.23372976
Exosc7,0.018538758,0.7900264
Clec3b,0.0,1.0
Tmem158,0.020341348,0.3492091
Lars2,-0.27991182,0.18918216
Limd1,0.112375036,0.11441805
Sacm1l,0.1115457,0.1523879
Slc6a20b,0.0156142,0.49998897
Slc6a20a,0.0,1.0
Ccr9,0.0031353924,0.9326244
Lztfl1,0.026508927,0.81219023
Fyco1,0.06693077,0.08967608
Cxcr6,0.32252896,0.23501086
Xcr1,0.007858792,0.4226497
Ccr1,0.0147500485,0.4226497
Ccr3,-0.007551951,0.6283919
Ccr2,-0.14611375,0.20472129
Ccr5,0.15944356,0.09741774
2010315B03Rik,0.036189154,0.32063738
Ppp2r3d,0.04995054,0.06946038
Sfi1,0.023659617,0.19318019
Drg1,0.0316123,0.6094028
Eif4enif1,0.030077182,0.67697537
Patz1,-0.017924733,0.5932856
Pik3ip1,0.00063622,0.9928505
Limk2,-0.008719817,0.8624589
Rnf185,-0.014393108,0.60802144
Pla2g3,0.010462787,0.4226497
Inpp5j,0.0,1.0
Selm,0.053116627,0.2253207
Smtn,0.0,1.0
Morc2a,0.04096642,0.20465118
Osbp2,0.0,1.0
4921536K21Rik,0.0,1.0
Dusp18,0.009519592,0.4226497
Slc35e4,0.044455558,0.185355
Tcn2,0.018079937,0.5068514
4930556J24Rik,0.0,1.0
Pes1,0.052429724,0.35331103
Gal3st1,0.015592663,0.592062
Sec14l4,0.0,1.0
Mtfp1,-0.011709609,0.42264977
Sec14l2,-0.008426569,0.4226497
Rnf215,0.067788,0.02668061
Ccdc157,-0.0049051316,0.4226497
Sf3a1,0.03015253,0.4171071
Tbc1d10a,-0.018975109,0.6987164
Gatsl3,0.06842433,0.28287673
Osm,0.063682675,0.18893453
Lif,0.014289146,0.4276481
Hormad2,0.0,1.0
Mtmr3,-0.03756216,0.7175858
Ascc2,-0.04196687,0.38724118
Uqcr10,-0.065142155,0.5583282
Zmat5,0.022926629,0.68035644
Cabp7,0.0,1.0
Nf2,-0.06447056,0.068925634
Nipsnap1,0.005211573,0.89180833
Thoc5,-0.021662515,0.4469968
Nefh,0.035653587,0.5168513
Ap1b1,0.05252597,0.42290708
Gas2l1,0.024781428,0.056207053
Rasl10a,0.0,1.0
Ewsr1,-0.017017365,0.8468647
Rhbdd3,0.029974833,0.4396242
Emid1,0.014327309,0.23961072
Kremen1,0.0007960759,0.97624224
Znrf3,-0.00074870884,0.9896162
Gm11963,0.0,1.0
Xbp1,0.040443987,0.6388869
Ccdc117,-0.03494416,0.4246309
Mrps24,0.018245816,0.856683
Urgcp,-0.02627708,0.35618404
Dbnl,0.17913175,0.096877344
Pgam2,0.0,1.0
Polm,-0.029809758,0.24887562
Aebp1,-0.0033451049,0.4226497
Pold2,0.027000368,0.40835217
Myl7,0.0,1.0
Gck,0.0,1.0
Ykt6,0.056264453,0.23241392
Camk2b,0.052895673,0.09169569
Nudcd3,-0.098098814,0.3222536
A730071L15Rik,0.010772373,0.42264965
Npc1l1,0.0,1.0
Ddx56,0.0018362403,0.9574855
Tmed4,-0.05757437,0.40498373
Ogdh,0.050159663,0.51160365
Zmiz2,0.0770009,0.2682977
Ppia,-0.06609845,0.53018844
H2afv,0.0542382,0.46185273
Purb,0.0051807165,0.9488789
Gm11973,0.0091543645,0.4226497
Myo1g,-0.059002355,0.526712
Ccm2,-0.040148348,0.664332
Nacad,0.0,1.0
Tbrg4,0.0043321215,0.87726676
Ramp3,-0.03908682,0.27947262
Adcy1,-0.005241832,0.42264977
Igfbp3,0.0,1.0
Tns3,0.025412207,0.37910643
Pkd1l1,0.0,1.0
Hus1,0.005533278,0.879696
Sun3,0.0,1.0
Gm11992,0.0,1.0
Upp1,0.0,1.0
Abca13,0.0,1.0
Vwc2,0.0,1.0
Zpbp,-0.008515983,0.42264977
4930415F15Rik,-0.0034331195,0.4226497
Gm11998,-0.00692739,0.42264977
Ikzf1,-0.08257866,0.44165576
Fignl1,-0.028333507,0.2581375
Ddc,-0.0023729214,0.7977601
1700042O10Rik,0.0,1.0
Grb10,0.0,1.0
Cobl,0.007412307,0.4226497
Gm12002,0.0,1.0
Vstm2a,0.012655378,0.42264977
Sec61g,-0.060958505,0.47278297
Egfr,-0.007229773,0.42264965
Egfros,0.0,1.0
Fbxo48,0.00520326,0.4226497
Plek,0.23198205,0.05764474
Cnrip1,-0.01570803,0.7459937
Ppp3r1,0.09577282,0.12022201
Wdr92,0.026615363,0.31394467
Pno1,0.10806417,0.16653167
C1d,0.079055205,0.19197887
Etaa1,0.023007177,0.71377134
Etaa1os,-0.014368669,0.4226497
Meis1,-0.0093145445,0.4698043
Gm16141,0.0,1.0
Gm12027,0.0,1.0
Spred2,0.03908123,0.05143482
Actr2,-0.15749025,0.13285093
Rab1a,0.100398496,0.22205846
Cep68,-0.022538036,0.37840593
Slc1a4,0.008541345,0.42264977
Sertad2,-0.04488288,0.40628472
Aftph,-0.014426947,0.7426302
Lgalsl,-0.010643559,0.6593608
Peli1,0.055710614,0.835217
Vps54,0.073166534,0.07221289
Ugp2,0.003851086,0.82293737
Mdh1,0.1142627,0.2747546
Wdpcp,0.0074362312,0.42264977
Otx1,0.0,1.0
Ehbp1,0.003959677,0.4226497
Gm12050,0.0,1.0
Tmem17,0.008560162,0.4226497
Gm26829,0.0,1.0
Gm12052,0.0,1.0
Gm12057,0.0,1.0
Gm28048,-0.0017055995,0.86980283
B3gnt2,0.0017704861,0.8926341
Commd1,0.08686284,0.22833434
Zrsr1,0.022984091,0.65972143
Cct4,0.16587847,0.050122228
Fam161a,0.00067051314,0.96231925
Xpo1,0.095473975,0.34398806
Usp34,0.04828152,0.5226268
Ahsa2,-0.07222982,0.47129354
1700093K21Rik,0.0,1.0
0610010F05Rik,0.03072381,0.19343443
Pex13,0.085002534,0.11548662
Pus10,0.0049412325,0.9166572
Rel,-0.09252283,0.36029974
Papolg,0.017177306,0.7501407
Bcl11a,0.04254039,0.18973443
4930538E20Rik,0.0,1.0
4933430M04Rik,0.0,1.0
5730522E02Rik,0.0,1.0
Fancl,-0.038574584,0.23863302
Vrk2,0.07926368,0.17505752
Gm6899,0.0,1.0
Ccdc85a,0.0,1.0
Efemp1,0.0,1.0
Pnpt1,0.07847959,0.0888903
Smek2,0.06815609,0.5073793
Cfap36,0.037241124,0.36474684
Ccdc88a,0.03611771,0.14706427
Prorsd1,0.018933117,0.8149131
Gm12089,0.0,1.0
Mtif2,0.048749663,0.39499682
Rps27a,-0.096396685,0.037741914
Clhc1,0.0,1.0
Gm12088,0.0,1.0
Gm12092,0.0,1.0
Rtn4,0.05781269,0.67536354
Eml6,-0.0002221847,0.98702985
4931440F15Rik,0.021265093,0.5163955
Sptbn1,-0.012804076,0.8845497
Gm29237,0.0,1.0
4930505A04Rik,0.0,1.0
Acyp2,-0.0033451049,0.4226497
Psme4,-0.0600563,0.12778373
Gpr75,0.0113992365,0.42264977
Asb3,0.0034265667,0.95719177
Erlec1,0.008727267,0.8895601
Chac2,0.0060859295,0.7452421
Stc2,0.059881974,0.02228465
Bod1,-0.06017336,0.23532112
D630024D03Rik,0.0,1.0
Cpeb4,0.08155151,0.27275264
Nsg2,-0.041845925,0.57987124
Gm12108,0.0,1.0
Il9r,-0.0042063864,0.7681785
Snrnp25,0.0308621,0.6546247
Rhbdf1,0.006383314,0.5552908
Nprl3,0.0035118423,0.9035339
Mpg,-0.015563615,0.70354766
Hba-a1,0.01787643,0.19822371
Hbq1b,0.0,1.0
Hba-a2,0.03356067,0.2552731
Sh3pxd2b,-0.011150054,0.4226497
Ubtd2,0.0,1.0
Efcab9,0.0,1.0
Stk10,0.019998312,0.8423019
Fbxw11,-0.016555708,0.6396898
Gm12111,0.0,1.0
Fgf18,0.0,1.0
Npm1,0.06563282,0.647557
Tlx3,0.0,1.0
Gm12116,0.0,1.0
Ranbp17,0.0,1.0
Kcnip1,0.006637106,0.4226497
Gm12120,0.0,1.0
Kcnmb1,0.0,1.0
Lcp2,0.05319202,0.6706326
Dock2,0.091970444,0.46066833
4930403D09Rik,0.0,1.0
Fam196b,-0.019197462,0.42264977
Spdl1,-0.015113774,0.42264965
Slit3,0.0,1.0
Pank3,-0.04231441,0.33089873
Fbll1,0.0,1.0
Rars,0.03383743,0.5001484
Wwc1,0.008762226,0.42264965
Tenm2,0.0,1.0
Gm12128,0.0,1.0
Mat2b,-0.027339935,0.72004634
Hmmr,0.0,1.0
Nudcd2,0.07924298,0.082048215
Ccng1,0.051797077,0.48886225
Gabrg2,0.0,1.0
Gabra1,-0.015113774,0.42264965
Gabrb2,0.0,1.0
Gm9972,0.0,1.0
Atp10b,0.0,1.0
Gm12146,0.0,1.0
Gm12144,0.0,1.0
Gm12148,0.0,1.0
Pttg1,-0.18668625,0.26974842
Slu7,0.019810468,0.5447454
C1qtnf2,0.0,1.0
Ccnjl,0.0,1.0
4933415A04Rik,0.0,1.0
Fabp6,0.0,1.0
Pwwp2a,0.055778436,0.34129748
Ttc1,0.044947833,0.53168035
Adra1b,0.0,1.0
Il12b,0.0,1.0
Ublcp1,-0.042451553,0.20963846
Rnf145,-0.041450486,0.5044086
Ebf1,0.009725283,0.7472277
Gm12158,0.0,1.0
Clint1,0.06405842,0.58619976
Lsm11,0.009749901,0.5892992
Thg1l,0.026612572,0.33224696
Sox30,0.0,1.0
Gm12166,0.005352144,0.664094
Adam19,0.23362765,0.032637585
Gm16033,0.026084064,0.2705257
Nipal4,-0.017481616,0.42264965
Cyfip2,-0.01848045,0.7598467
Fndc9,0.0,1.0
Itk,-0.008508861,0.92217624
Fam71b,0.024851454,0.49929228
Med7,0.08232112,0.36639807
2310031A07Rik,-0.012555797,0.4226497
Havcr2,0.022990806,0.55351174
Timd4,0.0,1.0
Sgcd,0.0,1.0
Gnb2l1,-0.054433107,0.48943332
Trim41,0.032043744,0.44894734
Gm12184,0.0,1.0
Trim7,0.0028382642,0.9040887
Irgm1,0.040530786,0.59013903
Gm5431,0.0,1.0
Gm12185,0.018819723,0.2890936
Psme2b,0.050227262,0.5773255
9930111J21Rik1,0.008417629,0.5766005
Olfr56,0.0,1.0
Tgtp1,-0.0039708987,0.9169241
9930111J21Rik2,0.04488468,0.57093996
Tgtp2,-0.003703639,0.9400119
Ifi47,0.14523071,0.4978899
Btnl9,0.0,1.0
Zfp62,0.088990964,0.11912153
Mgat1,-0.0046963096,0.8890583
Olfr1393,0.0,1.0
Flt4,0.0,1.0
Scgb3a1,0.0,1.0
Cnot6,0.006485477,0.8250487
Gfpt2,0.0,1.0
Mapk9,0.042205438,0.26832032
Rasgef1c,0.008762226,0.42264965
Rnf130,0.037629664,0.7807074
Tbc1d9b,-0.0008716956,0.98402697
Gm12195,-0.009439339,0.42264977
3010026O09Rik,0.0,1.0
Sqstm1,-0.004214883,0.96783316
Mgat4b,-0.02029927,0.46983597
Ltc4s,0.0509683,0.27170315
Gm26542,0.0032872837,0.86983997
Maml1,0.0313688,0.61116314
Canx,-0.02590707,0.8503961
Cby3,0.0,1.0
Hnrnph1,-0.16051638,0.27691093
Rufy1,-0.0104717035,0.6626545
Adamts2,0.012069266,0.4226497
Zfp354c,0.0,1.0
Zfp879,0.0,1.0
Zfp454,0.0,1.0
Zfp2,-0.005987111,0.4226497
Zfp354b,0.0,1.0
Zfp354a,0.0,1.0
BC049762,0.011118792,0.4226497
Clk4,0.22291714,0.027091097
Col23a1,-0.005959599,0.4226497
Phykpl,-0.005909212,0.79540324
Hnrnpab,0.19695663,0.22761479
Nhp2,0.119681686,0.2363917
Rmnd5b,0.08600087,0.18635304
N4bp3,0.01000589,0.5053811
D930048N14Rik,-0.010319145,0.4226497
0610009B22Rik,-0.011686603,0.57842374
Sec24a,-0.00899528,0.74092525
Sar1b,0.013251483,0.89148575
Jade2,-0.001287669,0.9672665
Gm26551,-0.080477886,0.09989035
Cdkn2aipnl,0.015673295,0.70851135
Ube2b,-0.21597826,0.15461694
Gm12204,0.0,1.0
Cdkl3,-0.010315001,0.749627
Ppp2ca,0.21883732,0.030401168
9430098F02Rik,0.0,1.0
Skp1a,0.06776127,0.4485979
Gm12207,0.0,1.0
Tcf7,-0.04475665,0.8341667
A630014C17Rik,0.010338967,0.42264977
Vdac1,0.1372503,0.3284071
9530068E07Rik,0.09252014,0.23962677
Fstl4,0.0,1.0
Hspa4,0.104095325,0.33019927
Zcchc10,-0.07003061,0.37249035
Aff4,-0.046541825,0.42711973
Leap2,0.0,1.0
Uqcrq,0.059507847,0.38587847
Gdf9,0.0,1.0
Gm10447,0.0,1.0
Shroom1,0.0,1.0
Gm9837,0.0,1.0
Sowaha,0.0103058405,0.4226497
Gm9945,0.0,1.0
Sept8,-0.0026602931,0.9647828
Kif3a,-0.031656902,0.09489953
Il4,-0.009614811,0.42264965
Il13,-0.002149676,0.90467936
Rad50,0.06292373,0.44081843
Irf1,-0.10744494,0.12627232
Gm17334,0.011651131,0.7287105
Gm12216,0.11133881,0.023455925
Slc22a5,-0.009540163,0.63440305
Slc22a21,0.030166112,0.4226497
Slc22a4,0.0,1.0
Pdlim4,0.030833,0.41523767
P4ha2,-0.0053430777,0.4226497
Csf2,-0.050620917,0.24265236
Acsl6,0.0,1.0
Gm12224,0.0,1.0
Fnip1,0.047881678,0.4346608
Rapgef6,-0.086581826,0.5710491
Cdc42se2,0.12585652,0.32562396
Gm12227,0.0,1.0
Lyrm7,0.013164551,0.5109009
Hint1,0.08150399,0.47882232
Gpx3,0.0,1.0
Tnip1,0.047391653,0.31952408
Anxa6,0.24081314,0.09995433
Ccdc69,-0.018435605,0.7036553
Gm2a,0.0044169426,0.95223933
Slc36a3,-0.003960776,0.4226497
Slc36a3os,0.0030055991,0.74876124
Slc36a2,0.0,1.0
Slc36a1,0.03958451,0.11043762
Fat2,0.0,1.0
Sparc,0.23684679,0.05006389
Atox1,-0.1654711,0.33848953
G3bp1,0.076259255,0.3517746
Glra1,0.0,1.0
Gria1,-0.0049981563,0.7462932
Fam114a2,0.025476962,0.45707548
Mfap3,0.055860903,0.3060465
Galnt10,0.0045635775,0.89213806
Sap30l,0.12806481,0.005915965
Larp1,0.075513065,0.26333535
Cnot8,0.033662304,0.66955477
Gemin5,-0.028253164,0.5489193
Mrpl22,0.07757808,0.05274738
Igtp,-0.068971515,0.48373225
Irgm2,0.0074286796,0.7624191
4930438A08Rik,0.0,1.0
Zfp692,-0.013568491,0.66913277
Zfp672,0.08386312,0.06347256
Sh3bp5l,0.028114123,0.49455473
Fam183b,0.0,1.0
Gm12258,0.0,1.0
2810021J22Rik,0.005971533,0.4226497
Zfp39,-0.0060258447,0.42264965
Rnf187,0.13777232,0.32713702
Hist3h2ba,0.0036973879,0.9606224
Trim17,0.0,1.0
Hist3h2a,0.00035774708,0.99489456
Trim11,0.03595095,0.39881653
Obscn,0.0,1.0
Iba57,-0.008476667,0.64604783
Gjc2,0.015631884,0.28826806
Guk1,0.072239995,0.516819
Mrpl55,-0.03946369,0.28509337
2310033P09Rik,-0.047602713,0.44836307
Arf1,0.14152306,0.10038842
Wnt9a,0.0,1.0
Prss38,0.0,1.0
Snap47,-0.028106835,0.7091423
Jmjd4,-0.0020305216,0.91531205
Zfp867,-0.021242402,0.45486176
Zkscan17,-0.005696729,0.86035675
Nlrp3,0.05547383,0.03493196
Mprip,0.0598102,0.28833413
Gm12264,0.0,1.0
Pld6,0.0113992365,0.42264977
Flcn,0.029266883,0.38767627
Gm16062,-0.008891559,0.42264965
Cops3,0.16898419,0.11146737
Nt5m,0.0015883371,0.9728266
1810063I02Rik,0.0,1.0
Med9os,0.0,1.0
Med9,-0.03371792,0.60870886
Rasd1,-0.0061996216,0.74991053
Pemt,-0.008224242,0.42264977
Rai1,0.07547635,0.021792848
4930412M03Rik,0.010501105,0.4226497
Srebf1,0.015764177,0.58502614
Tom1l2,0.0016747974,0.9656742
Lrrc48,-0.0034331195,0.4226497
Atpaf2,0.015369654,0.58277965
Gid4,-0.09709118,0.18305002
Drg2,0.012574732,0.68284124
Myo15,0.0,1.0
Alkbh5,0.04402098,0.39149323
Llgl1,0.030033384,0.19213568
Flii,0.081402756,0.20906942
Mief2,0.0026461165,0.9101259
Top3a,0.03914301,0.39857078
Smcr8,0.025247864,0.27238035
Shmt1,0.0,1.0
Dhrs7b,0.026058797,0.32887006
Tmem11,-0.06673858,0.20440292
Gm26534,0.0,1.0
Natd1,0.009549538,0.7281007
Map2k3os,0.00527434,0.42264965
Map2k3,0.084018394,0.30380744
Kcnj12,0.003959677,0.4226497
Tnfrsf13b,0.0417865,0.38114065
Usp22,0.0309904,0.74166614
Aldh3a1,0.0,1.0
Aldh3a2,-0.008913949,0.8735429
Slc47a1,0.0,1.0
Rnf112,0.0,1.0
Mfap4,0.0,1.0
Mapk7,-0.0008798763,0.9522129
B9d1os,0.0,1.0
B9d1,-0.014690573,0.20250645
Epn2,0.0042809527,0.8770656
Grap,0.08019954,0.26588002
Slc5a10,0.0,1.0
Fam83g,0.009236618,0.42264977
Prpsap2,0.034338973,0.5702439
Ulk2,0.07476236,0.14753246
A530017D24Rik,-0.005264299,0.77145857
Gm26964,0.0,1.0
Akap10,0.054566864,0.34617493
Specc1,0.024694249,0.24473703
Adora2b,0.0,1.0
Zswim7,0.00454019,0.8314668
Ttc19,0.08508529,0.40643686
Ncor1,0.06942749,0.6760399
Pigl,-0.010447562,0.4226497
Gm12278,0.012611573,0.42264977
Cenpv,-0.03442992,0.38533512
Gm12279,0.0,1.0
Ubb,0.07146311,0.45250076
Gm12280,0.0,1.0
Trpv2,0.061516374,0.56003356
Lrrc75a,0.0074362312,0.42264977
Lrrc75aos2,-0.0029107232,0.42264977
Mmgt2,0.035819665,0.67860717
Zfp287,0.016625779,0.7175748
Zfp286,0.0,1.0
Trim16,0.0,1.0
Fbxw10,0.0,1.0
Tvp23b,0.098836884,0.14171527
Tvp23bos,0.0,1.0
Cdrt4,0.0,1.0
Tekt3,0.0,1.0
Pmp22,0.07271409,0.1256475
B430319H21Rik,0.0,1.0
B130011K05Rik,0.0,1.0
Hs3st3b1,0.038830433,0.5882527
Cox10,0.007189095,0.7644869
Gm12289,0.0,1.0
2810001G20Rik,0.015992157,0.57136106
F930015N05Rik,0.0,1.0
Hs3st3a1,0.0,1.0
Elac2,-0.01699647,0.42638764
Arhgap44,0.0,1.0
1700086D15Rik,0.0,1.0
Myocd,0.0,1.0
Map2k4,0.113970995,0.042763226
Zkscan6,0.03626129,0.076201
Dnah9,0.0,1.0
Shisa6,0.0,1.0
Pirt,0.0,1.0
Tmem220,0.002160219,0.79370844
Adprm,0.10563874,0.0048235133
Sco1,-0.026851714,0.28492814
Myh3,0.0,1.0
Myh8,0.0,1.0
Gas7,0.024530452,0.544875
Glp2r,0.0,1.0
Rcvrn,0.0,1.0
Usp43,0.0,1.0
Cfap52,0.0,1.0
Stx8,-0.0120859295,0.8541593
C78197,0.0,1.0
Ntn1,0.0,1.0
Pik3r5,-0.12515232,0.24787144
Pik3r6,-0.015279993,0.57408464
Mfsd6l,0.0,1.0
Myh10,0.0,1.0
Ndel1,0.08001791,0.22158517
Rnf222,0.0,1.0
Rpl26,-0.15116215,0.029174117
Arhgef15,-0.008067328,0.4226497
Slc25a35,0.012501023,0.4226497
Rangrf,-0.0047973692,0.93272
Pfas,0.009334542,0.666395
Ctc1,0.038655628,0.11729939
Aurkb,-0.0034331195,0.4226497
9330160F10Rik,-0.005525321,0.85054815
Borcs6,0.10601226,0.2192734
Tmem107,0.00586118,0.72436035
Vamp2,0.07277095,0.15311404
Per1,0.00045850873,0.9904917
9130213A22Rik,0.00520326,0.4226497
Hes7,-0.009433001,0.64243555
Aloxe3,0.0074362312,0.42264977
Alox8,0.0058678044,0.7581206
Gucy2e,0.0,1.0
Cntrob,0.022380207,0.2305252
Trappc1,0.12106351,0.017411342
Kcnab3,0.0,1.0
Kcnab3os,0.0,1.0
Chd3os,0.021692196,0.2214057
Chd3,0.050944924,0.6587277
Gm17305,0.0,1.0
Cyb5d1,0.0051335846,0.74770784
Naa38,0.0067088306,0.93994254
Tmem88,-0.024985593,0.39165407
Kdm6b,0.08859295,0.48321357
Kdm6bos,-0.028312162,0.19589457
Dnah2,-0.029186489,0.4226497
Dnah2os,0.0,1.0
Efnb3,0.011976641,0.5713045
Wrap53,0.0033908486,0.8713536
Trp53,0.037531465,0.74562573
Atp1b2,-0.0228564,0.4226497
Shbg,0.0,1.0
Sat2,0.0,1.0
Fxr2,0.011095218,0.87857836
Sox15,0.0,1.0
Mpdu1,0.048619308,0.12991777
Cd68,0.10179812,0.061359193
Eif4a1,0.094139576,0.409401
Senp3,0.043016758,0.26469946
Tnfsf13os,0.0,1.0
Tnfsfm13,-0.019197462,0.42264977
Tnfsf13,0.0,1.0
Tnfsf12,-0.011325704,0.6669525
Polr2a,-0.038265824,0.5367603
Slc35g3,0.0,1.0
Zbtb4,0.17564142,0.059836216
Chrnb1,0.0140286805,0.4226497
Fgf11,0.0,1.0
Tmem102,0.0,1.0
Spem1,0.0,1.0
Nlgn2,-0.01634735,0.2936984
Tmem256,-0.05399835,0.53062934
Plscr3,0.003215827,0.8847584
Tnk1,0.0,1.0
Tmem95,0.0,1.0
Kctd11,0.018682105,0.23194538
Acap1,0.09364492,0.10446758
2810408A11Rik,0.0,1.0
Neurl4,-0.02902031,0.52293223
Gps2,0.073981315,0.36251682
Eif5a,-0.06647539,0.6658963
Ybx2,0.0,1.0
Slc2a4,0.0,1.0
Cldn7,0.0,1.0
Elp5,0.002811782,0.96913964
Ctdnep1,0.09069462,0.34515747
Gabarap,0.016945362,0.83083165
Phf23,0.051943697,0.24846123
Dvl2,0.017636217,0.5092558
Acadvl,0.03406027,0.5267621
Dlg4,0.012271568,0.6419986
Asgr1,0.0,1.0
Asgr2,0.0,1.0
Mgl2,0.0,1.0
Clec10a,0.0,1.0
Slc16a11,0.0083245365,0.4226497
Slc16a13,-0.009117288,0.4226497
Bcl6b,0.0,1.0
0610010K14Rik,0.11703639,0.17506585
Gm21988,0.00033097342,0.9949101
Rnasek,-0.03169009,0.18352127
Alox12,0.017673234,0.4226497
Alox12e,0.0,1.0
Alox15,0.0,1.0
Pelp1,0.005890399,0.8410301
Arrb2,0.15531212,0.36290437
Med11,-0.059580192,0.269502
Cxcl16,-0.003081344,0.95998055
Zmynd15,-0.029186489,0.4226497
Tm4sf5,-0.035411835,0.4226497
Vmo1,0.0,1.0
Gltpd2,0.0,1.0
Psmb6,0.10465434,0.4638414
Pld2,0.021873904,0.05906339
Mink1,0.111440755,0.28940126
Gm12316,0.0,1.0
Chrne,-0.022931527,0.37753052
Gp1ba,0.0,1.0
Slc25a11,0.21274213,0.015084309
Rnf167,0.2203356,0.056224186
Pfn1,0.31410956,0.02993598
Gm12319,0.0,1.0
Eno3,0.011118796,0.7012811
Spag7,-0.032631934,0.59823495
Camta2,0.029249646,0.29384437
Inca1,0.0,1.0
Kif1c,0.025171105,0.35988212
Gm12320,0.0,1.0
Zfp3,-0.05004733,0.440358
Scimp,0.0,1.0
Rabep1,-0.021954432,0.56135267
Nup88,0.0432311,0.48240706
Rpain,-0.04434421,0.5976669
C1qbp,0.10704285,0.10836801
Dhx33,0.05450465,0.10367338
Derl2,-0.026720047,0.73311573
Mis12,0.016174188,0.59800565
6330403K07Rik,0.008662373,0.5504378
Nlrp1a,0.0,1.0
Nlrp1b,0.0,1.0
Gm12324,0.0,1.0
Gm12326,0.01657125,0.27621445
Wscd1,-0.0006844271,0.9717483
Fam64a,0.0,1.0
Pitpnm3,0.0,1.0
4933427D14Rik,-0.028451165,0.09805435
Gm43951,0.0,1.0
Txndc17,0.076185405,0.081591755
Med31,-0.017660536,0.84944886
Slc13a5,0.0,1.0
Xaf1,0.07720142,0.14172745
Tekt1,0.004853252,0.42264965
Smtnl2,0.0,1.0
Ggt6,0.0,1.0
Mybbp1a,0.011681318,0.8717758
Spns2,0.007773687,0.5627596
Spns3,-0.0027085561,0.9246518
Ube2g1,0.040296957,0.4366306
Ankfy1,0.035812266,0.637111
Cyb5d2,0.0020208005,0.9297976
Zzef1,0.03106898,0.6742462
Atp2a3,-0.07065907,0.522545
P2rx1,0.006637106,0.4226497
4732414G09Rik,0.0147500485,0.4226497
Camkk1,-0.011904668,0.37640238
Ncbp3,-0.005790904,0.88983786
Itgae,0.10198982,0.4509979
Gsg2,0.012110606,0.73018956
P2rx5,-0.011150054,0.4226497
Emc6,0.0046141148,0.9387973
Tax1bp3,-0.001979027,0.9639394
Ctns,-0.02770805,0.11658177
Shpk,0.0,1.0
Trpv1,0.0,1.0
Trpv3,0.0,1.0
Aspa,0.010910056,0.7357642
Rap1gap2,-0.0061295945,0.744781
E130309D14Rik,0.0,1.0
Cluh,0.033848055,0.31443825
Pafah1b1,0.0023351312,0.9828729
Mettl16,0.041184664,0.65201116
Mnt,-0.03689179,0.15454642
Sgsm2,0.009040726,0.7766144
Tsr1,-0.018985946,0.6790058
Srr,0.029493956,0.22876687
Smg6,0.09044543,0.24940825
Gm12333,0.0,1.0
Hic1,0.032378644,0.0875499
Ovca2,0.01973365,0.1848516
Dph1,0.005091832,0.4226497
Rtn4rl1,0.040513825,0.22804482
Rpa1,0.079788,0.3776404
Smyd4,-0.025288217,0.35722524
Serpinf1,0.014793519,0.5978418
Serpinf2,0.0,1.0
Wdr81,0.0057209767,0.85015893
Tlcd2,0.01747976,0.18762109
Prpf8,0.12746865,0.27375504
Rilp,0.0,1.0
Scarf1,0.0,1.0
Slc43a2,0.008372728,0.86926234
Pitpna,0.11853671,0.39002618
Inpp5k,0.13131118,0.037578393
Myo1c,0.010697603,0.7558351
Crk,0.064180076,0.41322187
Ywhae,-0.0074389577,0.9013313
Gm26836,0.01079897,0.5157321
Doc2b,0.0,1.0
Rph3al,0.020237923,0.39375415
Gm16075,0.0,1.0
1700016K19Rik,0.00821128,0.42264965
Fam101b,0.02168633,0.40387335
Vps53,0.019184291,0.7526188
Glod4,-0.01995647,0.6736787
Fam57a,-0.021504931,0.2019606
Gemin4,0.01068855,0.42264965
Dbil5,0.0,1.0
Rnmtl1,-0.0010289475,0.9562386
Nxn,0.0397578,0.4213195
Timm22,0.034129374,0.70870024
Abr,0.019224003,0.7547342
Gm26780,0.0,1.0
Bhlha9,0.0,1.0
Tusc5,0.0,1.0
Gosr1,0.041439757,0.15869889
Cpd,0.0042992905,0.90541816
Tmigd1,0.025045255,0.4226497
Blmh,-0.105792955,0.40421075
Slc6a4,0.0,1.0
Nsrp1,0.075731754,0.1815506
Efcab5,0.0,1.0
Ssh2,0.0062615275,0.9543446
Coro6,0.0,1.0
Ankrd13b,-0.0055837203,0.74547523
2210008F06Rik,0.0,1.0
Git1,-0.043745708,0.4688193
Trp53i13,-0.038516775,0.69262654
Abhd15,0.015125898,0.4226497
Gm10392,-0.02853734,0.3042265
Taok1,-0.10376041,0.23458593
Nufip2,0.028272152,0.80810106
Cryba1,0.0,1.0
Myo18a,0.01790813,0.49148712
Gm10277,0.0,1.0
Pipox,0.0,1.0
Sez6,0.0,1.0
Phf12,-0.0552873,0.257522
Dhrs13os,-0.003960776,0.4226497
Dhrs13,0.014004605,0.35725456
Flot2,-0.021604765,0.6114979
Eral1,-0.019472681,0.39035016
Fam222b,-0.06461917,0.07943096
Traf4,-0.022581056,0.75483704
Nek8,0.009677142,0.68008894
Tlcd1,-0.016330156,0.51543427
Rpl23a,-0.15627289,0.068332255
Rab34,0.005613005,0.6051156
Proca1,0.0,1.0
Supt6,-0.015435204,0.8464368
Sdf2,0.040694088,0.70622164
2610507B11Rik,-0.08342017,0.2182946
BC030499,0.0074362312,0.42264977
Spag5,-0.018087378,0.25822166
Aldoc,-0.0076140463,0.8878314
Pigs,0.005163938,0.87143546
Unc119,0.06068921,0.20342886
Slc13a2,0.0,1.0
Slc46a1,0.028936615,0.27003738
Sarm1,0.0,1.0
Vtn,0.012611573,0.42264977
Sebox,0.0,1.0
Tmem199,0.0006355271,0.988296
Poldip2,0.04598331,0.3520578
Tnfaip1,-0.03502614,0.13882555
Ift20,0.03233385,0.59396046
Tmem97,-0.00066568144,0.9738852
Nlk,-0.004502043,0.88133174
Fam58b,-0.006190777,0.91426986
Lyrm9,0.023514047,0.73671573
Nos2,0.0,1.0
Lgals9,0.117980644,0.12614551
Ksr1,-0.0036320426,0.9080416
Wsb1,0.2130302,0.050824616
Nf1,0.0339576,0.3065421
AU040972,0.0,1.0
Omg,-0.005531991,0.4226497
Gm21975,0.053852215,0.024407996
Evi2b,0.004853252,0.42264965
Evi2a,-0.05853647,0.33451352
Rab11fip4,0.042685144,0.43329433
Rab11fip4os1,0.0,1.0
Gm11205,0.010501105,0.4226497
Utp6,-0.0030414835,0.9452143
Suz12,0.0195411,0.7975492
Gm26563,-0.011235893,0.42264977
Crlf3,-0.13029796,0.29517952
Atad5,-0.009877891,0.4226497
Tefm,0.0061767166,0.69308025
Adap2,0.050378192,0.1821492
Adap2os,0.04641677,0.014654479
Rnf135,0.006926531,0.7543808
Rhot1,0.04588625,0.33311087
Rhbdl3,0.011372181,0.6613904
5730455P16Rik,0.036294896,0.051252794
Zfp207,-0.079098076,0.119114935
Psmd11,0.06080693,0.38506907
Cdk5r1,0.02308983,0.6417474
Myo1d,0.0015420355,0.9280064
Tmem98,-0.0033451049,0.4226497
Asic2,0.0,1.0
5530401A14Rik,0.0,1.0
Ccl2,0.030458275,0.35732618
Ccl7,0.03306179,0.03365859
Ccl11,0.0,1.0
Ccl12,0.013781982,0.62459123
Ccl8,0.0,1.0
Ccl1,-0.056448333,0.47727862
Tmem132e,0.0,1.0
Cct6b,-0.0010556071,0.928109
Zfp830,0.021714374,0.559568
Gm11423,0.011694083,0.5306645
Lig3,0.023895537,0.6476872
Rffl,0.022802498,0.20464794
Rad51d,0.005663395,0.71500057
Nle1,-0.0023878291,0.93506217
Unc45b,0.0,1.0
Slfn5,0.009736557,0.7882243
Slfn9,0.0026005595,0.78772265
Slfn8,0.09143678,0.058742445
Slfn2,0.07108128,0.47911224
Slfn1,-0.024020731,0.8034144
Slfn4,-0.0057322513,0.4226497
Slfn3,0.0,1.0
AI662270,-0.0061170757,0.90751916
Pex12,-0.008096293,0.7189874
Ap2b1,0.0450795,0.67555046
Rasl10b,0.0,1.0
Gas2l2,0.0,1.0
1700020L24Rik,-0.03923641,0.4223413
Mmp28,0.0,1.0
Taf15,0.1803745,0.034201268
Ccl5,0.066512585,0.875308
Ccl9,-0.018562488,0.6208375
Ccl6,0.00857781,0.52257985
Rpl9-ps1,0.0,1.0
Ccl3,0.22103533,0.07052554
Ccl4,0.33059728,0.44262818
Wfdc17,0.022268843,0.34767202
Wfdc18,0.0,1.0
Wfdc21,0.0,1.0
Heatr6,0.046013072,0.384198
Hnf1b,0.0,1.0
Ddx52,0.038300022,0.460659
Synrg,-0.060503453,0.03954311
Dusp14,-0.015606651,0.59359246
Tada2a,0.007795399,0.7862592
Acaca,-0.029868314,0.5336897
Aatf,0.0095911175,0.9091248
Lhx1,0.0,1.0
Lhx1os,0.0,1.0
Mrm1,0.02630468,0.1556869
Dhrs11,0.028031422,0.41876516
Ggnbp2,0.08747044,0.26071146
Pigw,0.009620967,0.4226497
Myo19,0.013709693,0.4226497
Znhit3,-0.057580985,0.28690675
Car4,0.0,1.0
Usp32,-0.041881494,0.3534449
1700125H20Rik,0.0,1.0
Appbp2,0.02095604,0.69723195
Appbp2os,-0.014368669,0.4226497
Ppm1d,0.08396377,0.36253208
Bcas3,-0.011029024,0.7910745
Bcas3os1,0.0,1.0
Tbx2,0.004853252,0.42264965
Gm11444,0.0,1.0
Tbx4,0.0,1.0
Brip1,0.004782251,0.63257915
Brip1os,0.04139915,0.41150734
Ints2,-0.072434835,0.20985451
Med13,0.024649054,0.83404416
Rnft1,-0.061178595,0.39747894
Rps6kb1,0.077404216,0.38202435
Tubd1,0.010015416,0.59138024
Vmp1,0.14374435,0.2678954
Ptrh2,0.01749447,0.8110427
Cltc,-0.025196701,0.72463757
Dhx40,-0.056420878,0.35051718
Ypel2,0.020693619,0.59974957
Gdpd1,0.0017504208,0.8238251
Smg8,0.031883143,0.52969235
Prr11,0.0,1.0
Ska2,0.0038772784,0.911507
Gm11491,0.0,1.0
Trim37,0.022516679,0.22154745
Ppm1e,0.0,1.0
Rad51c,-0.013078362,0.4226497
Tex14,-0.014368669,0.4226497
Sept4,0.121105604,0.26930177
Mtmr4,-0.026942372,0.20470713
Hsf5,0.0,1.0
Rnf43,0.0694174,0.37637308
Supt4a,-0.101986766,0.59407115
Mir142hg,0.13439196,0.0731334
Bzrap1,-0.022764469,0.1838409
Mpo,0.0,1.0
Lpo,0.0,1.0
Mks1,-0.009326981,0.7566284
Epx,0.0,1.0
Dynll2,0.02690041,0.5651551
Gm11508,0.0,1.0
2010015M23Rik,-0.001892006,0.9214474
Srsf1,0.0029066205,0.97596467
Gm15892,0.0,1.0
Vezf1,-0.01680614,0.8308622
Cuedc1,-0.037783243,0.09224515
Mrps23,-0.03147143,0.62187195
RP24-402O2.2,0.0,1.0
Msi2,-0.04091063,0.6789112
Gm15893,0.0,1.0
C030037D09Rik,0.0033181622,0.7760993
Gm11493,0.0,1.0
Akap1,-0.0030986536,0.8255441
Scpep1os,0.0,1.0
Scpep1,0.040896222,0.18932122
Coil,0.039763685,0.34889695
Trim25,0.020158663,0.7539058
Dgke,0.00096266717,0.9781605
Dgkeos,0.0,1.0
Nog,0.0,1.0
Ankfn1,0.0,1.0
Pctp,0.015880436,0.36365855
Tmem100,0.00527434,0.42264965
Mmd,-0.02419269,0.5634902
Hlf,0.046887767,0.27984795
Stxbp4,0.022402367,0.42264965
Cox11,-0.013194416,0.71188444
Tom1l1,0.009393361,0.4226497
4930405D11Rik,0.0,1.0
Car10,0.0,1.0
Utp18,0.07781132,0.08547886
Mbtd1,0.04331757,0.47049153
Nme2,0.050770164,0.29239106
Gm20390,0.0,1.0
Nme1,0.025318146,0.91475815
Spag9,-0.007075876,0.92149395
Tob1,0.12745224,0.33742374
Wfikkn2,0.0,1.0
Luc7l3,0.12194967,0.33061314
Ankrd40,0.02911105,0.6055476
Abcc3,0.027498836,0.1867809
Cacna1g,0.0,1.0
Spata20,0.0,1.0
Epn3,0.0,1.0
Mycbpap,0.0,1.0
Rsad1,-0.008400967,0.6053539
Acsf2,-0.012101967,0.55643284
Chad,0.0,1.0
Lrrc59,0.0211379,0.57995087
Eme1,0.0,1.0
Mrpl27,0.07425883,0.21702377
Xylt2,0.03179164,0.22473516
Col1a1,0.0,1.0
Sgca,0.0,1.0
Ppp1r9b,0.07765238,0.25098777
Samd14,0.0,1.0
Pdk2,0.014855537,0.24174085
Gm11513,0.0,1.0
Itga3,0.018045662,0.19843295
Dlx3,0.0,1.0
Dlx4,0.0,1.0
Dlx4os,0.0,1.0
Gm11515,0.0,1.0
Kat7,-0.0032983571,0.96843904
Gm11520,0.0,1.0
Gm11521,0.0,1.0
Fam117a,0.12810251,0.010279016
Slc35b1,0.014156699,0.5999966
Spop,-0.025376648,0.7832081
Nxph3,0.0,1.0
Ngfr,0.0,1.0
Phb,0.13538113,0.4382
Gm26830,-0.002483932,0.42264965
Gm9796,0.009393361,0.4226497
Zfp652os,0.00527434,0.42264965
Zfp652,0.016066521,0.80003667
B130006D01Rik,0.017162694,0.42264965
Phospho1,0.0,1.0
Abi3,0.21917978,0.029081076
Gngt2,0.053583056,0.65271115
Gm11527,0.0,1.0
Snf8,0.07227802,0.4832241
Ube2z,0.04314103,0.36348927
Atp5g1,-0.0018949509,0.9874383
Calcoco2,0.0,1.0
Ttll6,0.0,1.0
Hoxb4,-0.025253205,0.20242785
Hoxb3,0.0,1.0
Hoxb2,0.0,1.0
Skap1,0.13615036,0.111803494
Snx11,0.05059134,0.41992375
Cbx1,-0.03629297,0.40038228
Nfe2l1,-0.026426345,0.773764
Copz2,0.011371984,0.21871832
Cdk5rap3,0.06955564,0.47459874
Gm11525,0.0,1.0
Prr15l,0.0,1.0
Pnpo,-0.037612252,0.2757966
Sp2,-0.006573051,0.89482963
Sp6,-0.006462775,0.4226497
Scrn2,0.014409976,0.63557035
Lrrc46,0.0,1.0
Mrpl10,-0.033517174,0.23862612
Osbpl7,0.028278498,0.21890573
Tbx21,0.088086635,0.3838832
Tbkbp1,0.012168981,0.65776956
Kpnb1,0.009197369,0.9096738
Gm11583,0.0,1.0
Npepps,0.007973552,0.8364854
Gm11592,0.0,1.0
Mrpl45,-0.028758712,0.5820744
Gpr179,0.0,1.0
Socs7,0.036014438,0.41817936
Arhgap23,0.01195937,0.8078919
4933428G20Rik,0.0,1.0
Srcin1,-0.00012589991,0.9934923
E130012A19Rik,0.022127723,0.502844
Mllt6,0.048191354,0.54120773
Cisd3,0.028574154,0.35505843
Pcgf2,-0.011330254,0.74322546
Psmb3,0.1433506,0.49061808
Pip4k2b,-0.01982674,0.8185985
Cwc25,-0.0683668,0.25414306
1700001P01Rik,0.0,1.0
Rpl23,-0.17819595,0.2614712
Lasp1,0.20456393,0.08403221
B230217C12Rik,0.014474218,0.22449164
Fbxo47,0.0,1.0
Gm11630,0.0,1.0
Plxdc1,0.022995297,0.25324845
Arl5c,-0.014487095,0.7811381
Cacnb1,-0.005346234,0.73965085
Rpl19,-0.053795338,0.29658064
Stac2,-0.010058791,0.42264965
Fbxl20,0.007686749,0.884576
Med1,0.01052697,0.9051604
Cdk12,0.079972535,0.39708373
Neurod2,0.0,1.0
Ppp1r1b,0.0058092596,0.60028636
Stard3,0.079844154,0.20448828
Tcap,0.0,1.0
Pgap3,0.031205673,0.30320507
Erbb2,0.0,1.0
Mien1,0.06164512,0.5267288
Grb7,-0.0016218834,0.9302737
Ikzf3,-0.00855124,0.9089609
Zpbp2,0.0,1.0
Ormdl3,-0.026302084,0.13219142
Gm12355,0.0099618435,0.5354994
Psmd3,0.029778406,0.7504345
Csf3,0.0,1.0
Med24,-0.0077749174,0.7579255
Thra,0.049243562,0.31132203
Nr1d1,-0.012847142,0.73785496
Msl1,0.06946544,0.25254357
Gm12359,0.006381331,0.4226497
Casc3,0.022497699,0.6584822
Rapgefl1,0.0,1.0
Wipf2,-0.034331016,0.3426441
Cdc6,0.0,1.0
Rara,-0.005287349,0.90047073
Top2a,0.052641887,0.3668635
Igfbp4,0.09224857,0.12416819
Tns4,-0.02915278,0.20329142
Ccr7,-0.20705557,0.1605365
Smarce1,0.040187657,0.59562325
Krt222,0.0,1.0
Krt24,0.0,1.0
Krt28,0.0,1.0
Krt10,0.054550085,0.17495461
Gm11940,0.0,1.0
Krt12,0.0,1.0
A830036E02Rik,0.0,1.0
Krt23,0.0,1.0
Krt15,0.0,1.0
Krt19,0.0,1.0
Krt9,0.0,1.0
Eif1,0.030327082,0.7804628
Gast,0.0,1.0
Hap1,0.010741602,0.691764
Jup,0.031896167,0.2778399
P3h4,0.007917746,0.7661506
Fkbp10,0.0,1.0
Nt5c3b,-0.06266436,0.26423523
Klhl10,0.00520326,0.4226497
Klhl11,-0.022585705,0.18908133
Acly,0.05741024,0.27413714
Ttc25,0.0,1.0
Cnp,0.00686422,0.9448386
Dnajc7,0.11290449,0.050138704
Nkiras2,0.0422642,0.12657449
Zfp385c,0.0,1.0
Dhx58os,0.0,1.0
Dhx58,0.024174977,0.18976378
Kat2a,0.0010979772,0.9835391
Hspb9,0.0,1.0
Rab5c,0.1473293,0.053767603
Kcnh4,0.0,1.0
Hcrt,0.0,1.0
Ghdc,0.037762083,0.2872906
Stat5b,0.03244964,0.49328595
Stat5a,0.016704723,0.75602555
Stat3,0.16174015,0.11157413
Ptrf,-0.0126196705,0.4226497
Atp6v0a1,0.0335613,0.042736724
Naglu,-0.015253682,0.27062738
Hsd17b1,0.0,1.0
Coasy,0.0005392283,0.9905277
Mlx,0.056118608,0.44995955
Psmc3ip,-0.0070675286,0.38557595
Fam134c,0.051403902,0.3875128
Tubg1,-0.020532256,0.517567
Tubg2,0.0,1.0
Plekhh3,0.015339524,0.4226497
Cntnap1,-0.0013224166,0.9619049
Ccr10,0.0,1.0
Ezh1,-0.030865766,0.6057663
Ramp2,0.02414341,0.20288712
Vps25,0.0029985271,0.91485614
Wnk4,0.0,1.0
Coa3,-0.036914527,0.6483033
Cntd1,0.0,1.0
Becn1,-0.023857936,0.74157685
Psme3,0.0020036548,0.9693372
Aoc2,-0.00692739,0.42264977
Aoc3,0.0,1.0
Gm27029,0.010479445,0.43966758
Aarsd1,-0.01960226,0.20202605
Ptges3l,-0.0278057,0.1938773
Rundc1,0.021339927,0.41384068
Rpl27,-0.15759325,0.38150895
Ifi35,0.09113611,0.38452592
Vat1,-0.012506925,0.71680266
Rnd2,0.0025922852,0.8117521
Brca1,-0.0056567793,0.42264977
Nbr1,0.033721045,0.40009508
Tmem106a,-0.007519979,0.70988333
Rdm1,0.042797476,0.707636
Arl4d,0.08174036,0.06481648
Dhx8,-0.0117627755,0.88199586
Etv4,0.0,1.0
Meox1,0.0,1.0
Sost,0.0,1.0
Dusp3,0.02674302,0.49033472
Gm20659,0.0,1.0
Mpp3,-0.011150054,0.4226497
E130111B04Rik,0.0,1.0
Cd300lg,0.0,1.0
Mpp2,0.0091543645,0.4226497
Nags,0.0,1.0
Tmem101,-0.06242115,0.030987494
Lsm12,0.071225256,0.24344298
G6pc3,-0.06264217,0.21390149
Hdac5,-0.068492845,0.12967277
BC030867,-0.0034331195,0.4226497
Asb16,0.0,1.0
Tmub2,0.045476362,0.44236174
Atxn7l3,0.012030549,0.80311865
Ubtf,0.04262963,0.5298814
Slc4a1,0.0,1.0
Rundc3a,-3.8923696e-05,0.9980225
Slc25a39,0.024766937,0.5109493
Grn,0.14903933,0.02618752
Fam171a2,0.009095277,0.4226497
Itga2b,0.019249225,0.42264977
Gpatch8,0.04456657,0.5263935
Gm11627,0.0,1.0
Fzd2,0.0,1.0
2810433D01Rik,0.0,1.0
Ccdc43,0.009590136,0.6756645
Adam11,0.0,1.0
Gjc1,0.0,1.0
Higd1b,0.0,1.0
Eftud2,0.06123752,0.3813277
Gm26668,0.0059338403,0.64336306
Ccdc103,0.0,1.0
Fam187a,0.0,1.0
Gfap,0.0,1.0
Kif18b,0.0,1.0
C1ql1,0.015078469,0.26241714
2410004I01Rik,0.0,1.0
Dcakd,0.05277445,0.13701536
Nmt1,0.1382103,0.3524464
Plcd3,0.0,1.0
Acbd4,-0.03238384,0.5266044
Hexim1,0.061559424,0.4117829
Hexim2,0.036194537,0.14040321
Fmnl1,-0.033809274,0.8477521
1700023F06Rik,-0.011150054,0.4226497
Spata32,0.0,1.0
Map3k14,-0.0049134493,0.90152323
Arhgap27,0.07180843,0.10005568
Arhgap27os3,-0.029831398,0.0866801
Arhgap27os2,0.05179294,0.27352017
Arhgap27os1,0.008762226,0.42264965
Plekhm1,0.062806346,0.054467227
Rprml,0.0,1.0
Gosr2,-0.017726243,0.7133831
Wnt3,0.0,1.0
Nsf,0.10228958,0.2866156
Arf2,-0.026929643,0.5601145
Crhr1,0.0,1.0
Mapt,0.008022975,0.70917004
Kansl1,-0.0022354126,0.9897628
Cdc27,0.05235835,0.20229311
Myl4,-0.008426569,0.4226497
Itgb3,-0.038957935,0.34758282
Mettl2,-0.01358114,0.54603076
1700052K11Rik,0.025370818,0.50525194
Tlk2,-0.01013729,0.7997744
Mrc2,-0.011150264,0.45905766
March10,0.0,1.0
Tanc2,0.037529245,0.17973392
Cyb561,-0.0147664165,0.18380605
Gm11651,0.0,1.0
Ace,0.0,1.0
Kcnh6,0.0,1.0
Dcaf7,0.17048368,0.02221848
Gm11646,0.0,1.0
Taco1os,0.0,1.0
Taco1,-0.014026926,0.19256802
Map3k3,-0.029121123,0.45781422
Gm11672,0.0,1.0
Limd2,0.14960599,0.4009213
Gm10840,0.0,1.0
Strada,0.017848935,0.6596055
Ccdc47,0.10623382,0.054345436
Ddx42,0.05614157,0.2981487
Ftsj3,0.012178436,0.598823
Psmc5,0.007965237,0.94867563
Smarcd2,0.019868761,0.65811425
Tcam1,0.0,1.0
Cd79b,-0.02777665,0.3494076
Scn4a,0.0,1.0
Prr29,0.010255249,0.4226497
Icam2,-0.07173094,0.18280715
Ern1,-0.034793902,0.30437067
Tex2,-0.0044472404,0.88460374
Pecam1,0.042487763,0.10519919
Milr1,0.04532568,0.05985976
Polg2,-0.046916597,0.44367227
Ddx5,0.16800499,0.2747135
Cep95,0.016549384,0.46165788
Smurf2,0.022173405,0.62596786
Gm11707,-0.061649643,0.12030151
Kpna2,0.023546815,0.23268755
1810010H24Rik,0.00527434,0.42264965
Bptf,0.1141389,0.06722741
Nol11,0.0072844625,0.83314425
Pitpnc1,-0.09720072,0.24045339
Gm11716,0.0,1.0
Gm11712,0.0,1.0
Gm11713,0.064769596,0.5042976
Psmd12,0.05317375,0.5759241
Helz,0.009073287,0.78959703
Cacng1,0.0,1.0
Cacng4,0.010255249,0.4226497
Cacng5,0.0,1.0
Prkca,-0.00076520443,0.99464613
Apoh,0.0,1.0
Cep112,0.0,1.0
Cep112os1,0.0,1.0
Axin2,0.054112334,0.39907557
E030025P04Rik,0.0,1.0
Rgs9,0.01135313,0.42264965
1700096J18Rik,0.0,1.0
Gm11696,-0.0017979587,0.8871223
Gna13,0.047593653,0.72710234
9930022D16Rik,-0.0048835604,0.4226497
Amz2,-0.07075062,0.26602936
Slc16a6,0.11074817,0.077930175
Arsg,-0.018722434,0.46916187
Wipi1,0.0024626646,0.912517
Prkar1a,0.024216294,0.7984461
Fam20a,-0.005209351,0.84758705
Abca8b,0.0070765074,0.5741771
Abca8a,0.029439226,0.5212071
Abca9,0.013407764,0.18833227
Abca6,0.006637106,0.4226497
Abca5,0.011913354,0.5425954
Map2k6,-0.02227142,0.5868425
Kcnj16,-0.009859729,0.42264977
Kcnj2,0.004853252,0.42264965
Sox9,-0.0054020607,0.7335778
Gm11681,0.0,1.0
4933434M16Rik,0.0,1.0
2610035D17Rik,0.024300758,0.2368405
Slc39a11,0.0065548383,0.86021787
Sstr2,0.0,1.0
Cog1,0.001292266,0.9621023
Fam104a,0.105091035,0.26282507
D11Wsu47e,0.026664052,0.25932124
Cpsf4l,0.0,1.0
Cdc42ep4,0.0077255666,0.5795517
Sdk2,0.0,1.0
Gm11690,0.0,1.0
4932435O22Rik,0.0,1.0
Rpl38,-0.08494735,0.71080625
Ttyh2,0.0008799024,0.9304453
Dnaic2,0.0,1.0
Kif19a,0.013189142,0.18712325
Btbd17,0.0,1.0
Gprc5c,0.0,1.0
Cd300a,0.041925974,0.24725346
Cd300lb,0.0,1.0
Cd300c,0.0,1.0
Cd300ld,0.0,1.0
AF251705,0.12929031,0.12421764
Cd300lh,0.0,1.0
Cd300e,0.0,1.0
Rab37,0.025596038,0.6924278
Cd300lf,-0.025637046,0.4226497
Slc9a3r1,0.027277857,0.8445718
Nat9,-0.033956975,0.26694575
Tmem104,0.026671752,0.22873469
Grin2c,0.0,1.0
Fdxr,-0.008625209,0.6846399
Fads6,0.026482906,0.46620452
Otop2,0.0,1.0
Ush1g,0.0,1.0
Otop3,-0.005563151,0.4226497
Hid1,0.067133546,0.2541146
Cdr2l,-0.011067819,0.4226497
Ict1,0.092046976,0.18304682
Ict1os,0.0,1.0
Atp5h,-0.018842936,0.8588404
Kctd2,0.08463823,0.0541337
Armc7,-0.016200848,0.8395693
Nt5c,0.0029653609,0.977227
Hn1,0.17623359,0.1466298
Sumo2,0.11072075,0.20226908
Nup85,0.03496541,0.26695216
Gga3,0.007087417,0.79931825
Mrps7,0.014804579,0.4598533
Mif4gd,0.05679898,0.42712224
Slc25a19,0.04180111,0.4747297
Gm26613,0.0,1.0
Grb2,0.17715183,0.35143298
Tmem94,0.008600373,0.8803697
Caskin2,0.0017467272,0.79068655
Tsen54,-0.027532998,0.4451995
Llgl2,0.013833934,0.33538917
Myo15b,0.0,1.0
Recql5,0.023851994,0.49515152
Smim5,0.009095277,0.4226497
Smim6,0.009095277,0.4226497
Sap30bp,-0.032962948,0.3736789
Sap30bpos,-0.0075842906,0.4226497
Itgb4,0.0023636168,0.7201116
B230344G16Rik,0.0,1.0
Galk1,0.007803984,0.8421706
H3f3b,0.017465115,0.9388177
Unk,-0.006966388,0.7847203
Unc13d,0.09151353,0.32200524
Wbp2,0.109690756,0.09458243
Trim47,0.03559927,0.07061917
Trim65,-0.020263083,0.6634385
Mrpl38,-0.002615407,0.9586373
Fbf1,0.012513743,0.42264977
Acox1,0.037834715,0.19880572
Ten1,0.035254434,0.6588161
Evpl,-0.0034331195,0.4226497
Srp68,0.04668504,0.3448356
Galr2,0.0,1.0
Exoc7,0.06827931,0.111446
Gm26730,0.0,1.0
Foxj1,-0.008958322,0.42264965
Rnf157,0.09539987,0.48673075
Ubald2,-0.03606707,0.78023696
Qrich2,0.0,1.0
Prpsap1,0.028307348,0.63829786
Sphk1,0.0,1.0
Ube2o,0.028218824,0.563644
Aanat,0.015754392,0.42264965
Rhbdf2,0.027602643,0.1633704
Cygb,0.0,1.0
Gm11744,0.0,1.0
1810032O08Rik,0.04363988,0.030702265
St6galnac2,0.0036338563,0.76744974
BC018473,0.0,1.0
Mxra7,0.0,1.0
Jmjd6,0.04752095,0.758969
Mettl23,0.03000182,0.76584345
Srsf2,-0.105032146,0.28171232
Mfsd11,0.03805242,0.053062636
Mgat5b,-0.0024234974,0.8546722
Snhg20,0.0010314584,0.98803777
Gm11730,0.0,1.0
Sec14l1,0.053959783,0.16086636
Sept9,0.14391986,0.012162645
Tnrc6c,0.09723067,0.30736297
Tmc6,-0.0032304227,0.9527655
Tmc8,0.012701597,0.693657
6030468B19Rik,0.0,1.0
Syngr2,0.059706002,0.6175985
Tk1,-0.025221175,0.28500372
Afmid,-0.0143815605,0.42264965
Birc5,-0.007304575,0.42264965
Tha1,0.015910964,0.728863
Gm11725,0.0,1.0
Socs3,0.01491639,0.9251691
Pgs1,0.07006298,0.44152516
Dnah17,0.0,1.0
Cyth1,0.10929482,0.05975715
Usp36,0.039550856,0.5384449
Timp2,0.045555048,0.4362825
BC100451,0.0074362312,0.42264977
Lgals3bp,0.026861146,0.6756181
Cant1,-0.025059119,0.6690719
C1qtnf1,0.0,1.0
Gm11747,0.0,1.0
Engase,0.004406333,0.8506619
Rbfox3,0.0,1.0
Cbx2,0.012554282,0.49519077
Cbx8,-0.009001434,0.8280316
Cbx4,0.09146264,0.54572594
Gm26508,0.0,1.0
Tbc1d16,0.017471299,0.29860094
Gm26888,-0.0069971364,0.5978741
Ccdc40,0.014090579,0.4226497
Gaa,0.07876711,0.012562723
Eif4a3,0.11949879,0.21047948
Card14,0.0,1.0
Sgsh,-0.029379882,0.5721817
Slc26a11,-0.050445013,0.16347936
Rnf213,0.052728593,0.6315274
Endov,0.007092826,0.72081715
Nptx1,-0.0074064885,0.4226497
Rptor,0.011823885,0.7916426
Rptoros,0.0,1.0
Chmp6,0.026755262,0.5477626
Gm11767,0.014985092,0.4226497
Gm11766,0.0,1.0
Baiap2,-0.023191769,0.23293285
Aatk,0.03305357,0.12352316
Cep131,0.02337805,0.20289157
Enthd2,0.021049872,0.18513376
1810043H04Rik,0.13644168,0.11441038
Slc38a10,0.03765206,0.3834186
Gm11770,0.0,1.0
Bahcc1,-0.0033451049,0.4226497
Gm11772,-0.013078362,0.4226497
Actg1,0.22543669,0.25222728
0610009L18Rik,-0.024534365,0.59367716
Fscn2,0.0,1.0
Faap100,-0.013533574,0.20328683
Nploc4,0.017550878,0.58674884
Tspan10,0.0,1.0
Pde6g,0.004853252,0.42264965
Oxld1,-0.047452718,0.12038353
Ccdc137,-0.0060705133,0.8483888
Arl16,0.038702674,0.24290682
Hgs,0.019773938,0.7295525
Mrpl12,0.06708115,0.35267007
Gm16755,0.0,1.0
Slc25a10,0.042029586,0.12775661
Gm11789,0.0,1.0
Gcgr,0.0,1.0
Fam195b,-0.09671046,0.3009108
Ppp1r27,0.0,1.0
P4hb,0.039273605,0.6618449
Arhgdia,0.09507775,0.36392057
Alyref,-0.004037231,0.94078314
Anapc11,0.10969633,0.25814694
Npb,-0.0035910523,0.8309679
Pcyt2,-0.05669777,0.17611015
Sirt7,-0.09507373,0.3898192
Mafg,0.06104821,0.48604318
Gm17586,0.012655378,0.42264977
Pycr1,0.003959677,0.4226497
Myadml2,0.0,1.0
Myadml2os,0.0,1.0
Notum,0.0,1.0
Notumos,0.0,1.0
Aspscr1,0.08429755,0.27269217
Stra13,0.13136217,0.10569687
Lrrc45,0.026529584,0.41023356
Rac3,0.023769468,0.32438028
Dcxr,0.0132878255,0.59601486
Cbr2,0.0,1.0
Hmga1-rs1,0.04449606,0.31891018
Rfng,-0.007973011,0.6909173
Gps1,-0.0072036237,0.8230212
Dus1l,0.08580679,0.032099176
Fasn,0.03890922,0.50119376
Ccdc57,0.0,1.0
Slc16a3,0.011282846,0.6800544
Csnk1d,-0.0044504404,0.937454
Gm28192,0.0,1.0
Cd7,0.095211655,0.61060333
Ogfod3,0.024823917,0.29446924
Hexdc,0.015659994,0.53133315
BC017643,0.026611224,0.73945963
Narf,-0.025767267,0.39636025
Foxk2,-0.024624549,0.4512069
Wdr45b,-0.069024116,0.116288766
Rab40b,0.0,1.0
Fn3krp,0.0,1.0
Fn3k,0.0072732884,0.4226497
Tbcd,-0.0044996683,0.8614525
Zfp750,0.0,1.0
B3gntl1,0.019732386,0.19076672
Metrnl,0.07281551,0.5235049
Gm12589,0.0,1.0
2810429I04Rik,0.0,1.0
Gdi2,0.09986991,0.22522493
Fam208b,0.04941906,0.06954412
Asb13,0.02218546,0.6645043
Net1,-0.007865518,0.79254764
Akr1c14,0.0,1.0
Akr1c13,0.056902725,0.18083592
Akr1c19,0.0,1.0
Akr1c12,-0.013843811,0.4956991
Akr1e1,-0.021106368,0.5920858
1700016G22Rik,0.0,1.0
Klf6,0.4164741,0.079277374
Pitrm1,0.022391966,0.26657912
Pfkp,0.06804317,0.40260792
Gm9742,0.0,1.0
Adarb2,0.0,1.0
Wdr37,-0.008357637,0.83891827
Idi1,0.0001540333,0.9968057
Idi2,0.0,1.0
Gtpbp4,0.08855224,0.3523018
Larp4b,0.033872083,0.54487586
Dip2c,0.009620967,0.4226497
Gm26601,0.0,1.0
Zmynd11,0.092271894,0.3624426
Chrm3,0.0,1.0
Ryr2,0.0,1.0
Mtr,0.0033114552,0.90518177
Actn2,0.059827164,0.48534492
Heatr1,-0.0065223463,0.87767315
Lgals8,-0.010097384,0.8778833
Edaradd,-0.012836952,0.70603406
Ero1lb,-0.017300121,0.5536041
Gpr137b-ps,-0.011150054,0.4226497
Gpr137b,-0.001733087,0.94907236
Nid1,0.0,1.0
Lyst,-0.02243372,0.21796018
Gng4,-0.0071821255,0.42264977
B3galnt2,0.039514665,0.55704397
Tbce,-0.04004061,0.21322405
Ggps1,-0.05403842,0.3000094
Arid4b,0.14344332,0.08520738
Hecw1,0.0,1.0
Mrpl32,-0.053380072,0.36997923
Psma2,0.005215943,0.97265774
AW209491,-0.007899952,0.55712825
Gm26645,0.0,1.0
Gli3,-0.0126196705,0.4226497
Inhba,0.0,1.0
Sugct,0.0,1.0
Mplkip,0.0064310133,0.95061076
Cdk13,0.117716536,0.09367941
Rala,0.041938543,0.67020416
Yae1d1,0.0009584278,0.979832
Vdac3-ps1,0.0,1.0
Pou6f2,0.0,1.0
Vps41,0.019354776,0.29587606
Amph,0.016082436,0.25604272
Stard3nl,0.04656808,0.30587596
Epdr1,0.020726264,0.46798095
Sfrp4,0.0,1.0
Nme8,0.0,1.0
Gpr141,0.0,1.0
Elmo1,0.09533754,0.18455163
Aoah,0.02626493,0.25553054
Trim27,0.122366145,0.17800383
Zscan12,0.016099125,0.00367196
Zkscan3,0.047818854,0.35312995
Pgbd1,0.007858792,0.4226497
Zscan26,0.020017087,0.8204613
Nkapl,0.0,1.0
Zkscan4,0.0,1.0
AK157302,0.0,1.0
Gm11273,0.0,1.0
Zkscan8,-0.0064038364,0.7948773
Hist1h2bl,0.009227014,0.42264965
Hist1h2ai,-0.0034331195,0.4226497
Hist1h3h,0.0,1.0
Hist1h2bm,0.0,1.0
Hist1h4j,-0.0036913883,0.83106107
Hist1h4k,0.0,1.0
Hist1h2ak,-0.0054041697,0.74095815
Hist1h2bn,0.011462866,0.42264965
Gm11274,0.0,1.0
Hist1h1b,0.00520326,0.4226497
Hist1h3i,-0.0051752306,0.4226497
Hist1h2an,0.0,1.0
Hist1h2bp,0.0,1.0
Hist1h2ao,0.003959677,0.4226497
Hist1h4m,0.0,1.0
Hist1h4n,-0.00055847224,0.9660094
Hist1h2ap,-0.0033779442,0.9691759
Zfp184,0.00721761,0.4226497
Prss16,0.009466065,0.46391845
Hist1h2bk,0.0,1.0
Hist1h4i,0.0055444986,0.905645
Hist1h2ag,0.0,1.0
Hist1h2bj,-0.030345954,0.36906552
Zfp322a,-0.019746473,0.27279308
Abt1,-0.061273962,0.54876226
C230035I16Rik,-0.020342385,0.20618019
Hist1h4h,0.028456222,0.33720273
Hist1h2af,0.0,1.0
Hist1h3g,0.0,1.0
Hist1h2bh,0.0,1.0
Hist1h3f,0.0,1.0
Hist1h4f,0.0,1.0
Hist1h1d,-0.010751098,0.5716372
Hist1h3e,0.025416708,0.25193462
Hist1h2ae,-0.0040769083,0.83981407
Hist1h2bg,-0.0012155534,0.86168766
Hist1h2bf,-0.0057322513,0.4226497
Hist1h2ad,0.0074362312,0.42264977
Hist1h3d,0.0,1.0
Hist1h4d,0.02474605,0.648622
Hist1h2be,-0.029733391,0.37719464
Hist1h1e,-0.09159039,0.2946108
Hist1h2ac,0.0,1.0
Hist1h2bc,-0.10007877,0.27567086
Hist1h1t,0.0,1.0
Hist1h4c,0.0016677864,0.95228016
Hfe,0.002623286,0.73862064
Hist1h1c,-0.012240499,0.8071972
Hist1h3c,0.0,1.0
Hist1h2bb,0.0,1.0
Hist1h2ab,-0.0034331195,0.4226497
Hist1h3b,0.0,1.0
Hist1h4b,-0.025106147,0.3322005
Hist1h4a,-0.014666145,0.4951097
Hist1h3a,-0.0062573813,0.86581314
Hist1h1a,0.018381175,0.3918279
Lrrc16a,0.027698627,0.22773589
Cmah,-0.06718324,0.22551501
Gm11342,0.0,1.0
Fam65b,0.09149876,0.32664764
C530050E15Rik,0.00087103434,0.94681305
1700016G14Rik,0.0,1.0
Gmnn,0.031758837,0.6489164
BC005537,-0.010228425,0.93969965
Acot13,0.061689496,0.477393
Tdp2,0.017033264,0.7844928
D130043K22Rik,0.0,1.0
4932702P03Rik,0.0,1.0
Aldh5a1,-0.021841923,0.18539305
Gpld1,-0.0015723137,0.8296784
Mrs2,-0.027549848,0.54340667
Dcdc2a,0.013709693,0.4226497
Nrsn1,-0.0029107232,0.42264977
Gm26735,0.0074362312,0.42264977
Sox4,0.015191509,0.30404547
A330102I10Rik,0.0,1.0
Cdkal1,-0.008544244,0.8416456
E2f3,0.006067523,0.7205513
Gm11368,0.0,1.0
Mboat1,0.038175233,0.33105612
Agtr1a,0.0,1.0
Uqcrfs1,0.06511447,0.3903144
Dusp22,0.0003462024,0.957636
Irf4,0.07847977,0.35859087
Exoc2,0.00663656,0.84235513
Hus1b,0.0,1.0
Gm5447,0.0,1.0
G630018N14Rik,0.0,1.0
Gm11375,0.0,1.0
A530084C06Rik,0.0,1.0
Foxq1,0.011627014,0.1838049
1700018A04Rik,0.0,1.0
Foxf2,0.0,1.0
Foxc1,-0.011709609,0.42264977
Gmds,0.014922004,0.7732296
Mylk4,0.0,1.0
Wrnip1,0.13149692,0.21825421
Serpinb1a,-0.0600921,0.23250514
Serpinb6b,-0.122616574,0.34806913
Serpinb9,0.022080451,0.7973891
Serpinb1b,-0.011150054,0.4226497
Serpinb6c,0.0,1.0
Serpinb6a,-0.02676016,0.67329067
1110046J04Rik,0.011928866,0.38036364
Nqo2,-0.007016711,0.62105453
Ripk1,0.078102924,0.21752279
Bphl,0.052784916,0.2259113
Tubb2a,0.07266112,0.46780974
Tubb2b,0.023509104,0.640473
Psmg4,0.12128022,0.30828398
Slc22a23,-0.011150054,0.4226497
Pxdc1,0.07072783,0.38644344
Fam50b,0.0,1.0
Prpf4b,0.10459557,0.55628955
Fam217a,0.0,1.0
Eci3,0.0,1.0
Gm16984,0.0,1.0
Eci2,0.021152556,0.7214868
Cdyl,-0.01777384,0.7938834
Rpp40,0.03365168,0.23150639
Ppp1r3g,0.0,1.0
Lyrm4,0.041150663,0.14655319
Fars2,0.032972727,0.37914857
Nrn1,-0.014090439,0.7653678
F13a1,0.0,1.0
Ly86,0.11807752,0.20662865
Gm4035,0.0,1.0
Rreb1,0.042255163,0.3825726
Ssr1,0.036534607,0.4172892
Cage1,0.003959677,0.4226497
Riok1,0.013959542,0.83552605
Dsp,-0.012844364,0.4226497
Snrnp48,0.11668271,0.1421347
Bmp6,0.0,1.0
Txndc5,-0.031543307,0.40850696
Bloc1s5,0.045758314,0.22932528
Eef1e1,0.09699017,0.11294412
Slc35b3,-0.11810445,0.026223492
Gm26514,0.0,1.0
5033403F01Rik,0.0,1.0
Tfap2a,0.0,1.0
Gcnt2,-0.016576944,0.5823125
Pak1ip1,0.147867,0.2455035
Tmem14c,0.08540928,0.6444967
Mak,0.0,1.0
Gcm2,0.012011479,0.42264965
Sycp2l,0.0,1.0
Elovl2,0.0,1.0
Smim13,0.02964384,0.36127207
Nedd9,0.034839362,0.44999036
Gm26877,0.0,1.0
Tmem170b,0.041469365,0.3892404
Adtrp,0.0,1.0
1700061E18Rik,0.0,1.0
Gm28707,0.013406962,0.72598845
Hivep1,-0.010159418,0.84903336
Edn1,0.003959677,0.4226497
Phactr1,0.00721761,0.4226497
Tbc1d7,-0.027033284,0.4228831
Gfod1,0.033886276,0.4438051
Sirt5,0.03995053,0.26855966
Nol7,0.026073158,0.8190679
Ranbp9,0.036049426,0.22340688
Mcur1,0.04540553,0.3910392
Rnf182,-0.011150054,0.4226497
Cd83,0.17765537,0.11739278
Gm5083,0.0,1.0
Jarid2,0.0038700104,0.9296166
Dtnbp1,-0.005006194,0.9265482
Gm9817,0.0,1.0
Mylip,0.18552354,0.010308439
Gmpr,0.014938431,0.5328925
Atxn1,0.018610194,0.48605925
5033430I15Rik,0.00013567507,0.9921811
Stmnd1,0.0,1.0
Rbm24,0.018845793,0.37683055
Cap2,-0.0126042375,0.42264977
Fam8a1,0.012524791,0.8134503
Nup153,-0.085053794,0.27923244
Kif13a,-0.046599507,0.42940256
Nhlrc1,0.0,1.0
Tpmt,0.0,1.0
Kdm1b,0.00655926,0.8664539
Dek,0.23048729,0.2319481
Rnf144b,0.014665644,0.42264965
4931429P17Rik,0.0,1.0
A330033J07Rik,0.0,1.0
Id4,0.0,1.0
A330048O09Rik,0.0,1.0
Zfp169,-0.028078645,0.3705502
A830005F24Rik,-0.010746761,0.4226497
6720427I07Rik,0.06872004,0.14187689
Ptpdc1,-0.0033451049,0.4226497
Phf2,-0.0409903,0.39100492
Phf2os1,0.0,1.0
Fam120a,-0.06838955,0.28094292
Fam120aos,-0.010430555,0.5043688
Wnk2,0.009095277,0.4226497
Ninj1,0.07193842,0.13387766
Card19,0.15740255,0.07049643
Susd3,0.08811478,0.1632292
Fgd3,0.052702393,0.18236873
Bicd2,0.071433075,0.17179735
Ippk,0.025123823,0.5066685
Cenpp,0.0,1.0
Ecm2,0.0,1.0
Aspn,0.0,1.0
Omd,0.0,1.0
Ogn,0.0,1.0
Nol8,0.037650935,0.22636193
Iars,0.060636193,0.3963099
Fbxw17,-0.015942343,0.31140807
Gm904,0.0,1.0
Spin1,0.03796549,0.40347174
Nxnl2,0.0,1.0
Hist1h2al,0.0,1.0
S1pr3,0.0,1.0
Shc3,0.0,1.0
Cks2,-0.11204615,0.12029117
Secisbp2,0.0086298585,0.88496727
Gm15440,-0.020827718,0.48524606
Sema4d,0.06810239,0.52217674
Gadd45g,0.056042958,0.37048852
Diras2,0.007858792,0.4226497
Syk,0.049019955,0.22357246
Auh,0.10967688,0.14596903
Nfil3,-0.017772362,0.8357535
Ror2,0.0,1.0
Sptlc1,-0.037455197,0.2293765
Gm2762,0.0,1.0
Msx2,0.0,1.0
Drd1,0.0,1.0
Sfxn1,0.112591416,0.152809
Hrh2,0.0067277737,0.60339
Gm16578,0.0,1.0
Cplx2,0.036464483,0.27584654
Thoc3,0.036401406,0.18903261
Simc1,0.027227324,0.2674719
4833439L19Rik,0.048660174,0.297228
Arl10,0.028171636,0.2634065
Nop16,-0.0011300594,0.9825483
Higd2a,-0.023428828,0.85953224
Cltb,0.067059174,0.3322144
Faf2,-0.016326591,0.8023156
Rnf44,-0.0146216005,0.8429931
Cdhr2,0.0,1.0
Gprin1,0.0,1.0
Sncb,0.0,1.0
Tspan17,-0.041627288,0.21240775
Gm29431,0.0,1.0
5330429C05Rik,0.0,1.0
Unc5a,-0.05996642,0.28857875
Hk3,0.013407764,0.18833227
Uimc1,0.09816609,0.20681444
Zfp346,-0.012205267,0.6648681
Fgfr4,0.0,1.0
Nsd1,-0.07716775,0.40732047
Rab24,0.15006833,0.008622105
Prelid1,0.08750999,0.27726233
Mxd3,0.0,1.0
Lman2,0.050421685,0.6207237
Rgs14,0.10832843,0.08166566
F12,0.0,1.0
Grk6,-0.042137086,0.623046
Prr7,-0.013717219,0.88354254
Dbn1,0.0,1.0
Pdlim7,0.037122924,0.011926414
Dok3,0.024722503,0.099667095
Ddx41,0.05380544,0.19536553
Fam193b,0.020899702,0.2474627
Tmed9,0.2220211,0.16231541
B4galt7,0.007851265,0.80494577
Caml,-0.0072939955,0.9306353
Ddx46,0.094591215,0.13102573
B230219D22Rik,0.0044112206,0.9762933
Txndc15,-0.048669696,0.5200132
Pcbd2,0.047293246,0.18561727
Catsper3,0.0,1.0
H2afy,0.12066066,0.10035587
Tifab,0.028463412,0.2775844
Neurog1,0.0,1.0
Cxcl14,0.06745472,0.3045628
Slc25a48,0.0,1.0
Fbxl21,0.017291801,0.18451384
Tgfbi,0.021885311,0.22706118
Smad5,0.0333649,0.5331527
Trpc7,0.0,1.0
Spock1,-0.007159594,0.42264965
Klhl3,-0.018420454,0.24246804
Hnrnpa0,0.15190828,0.4084579
1700066J03Rik,0.0,1.0
Idnk,0.032506943,0.8262158
Ubqln1,0.032958694,0.5038471
Gkap1,0.043905895,0.3068352
Gm26555,0.0,1.0
Kif27,0.0,1.0
2210016F16Rik,0.07329229,0.11279119
Hnrnpk,0.18737078,0.39835262
Rmi1,0.04840123,0.2233584
Slc28a3,0.0,1.0
Ntrk2,-0.007729862,0.7354707
Agtpbp1,-0.006372411,0.86379457
Naa35,0.11036386,0.10125503
Golm1,-0.00034946203,0.9962035
4930528D03Rik,0.0,1.0
1700014D04Rik,0.0,1.0
Isca1,0.021459937,0.6394022
Zcchc6,0.018065035,0.7993289
Gas1,-0.0058948942,0.4226497
Dapk1,-0.0029107232,0.42264977
4930486L24Rik,0.04502581,0.23446159
Ctla2b,-0.04075887,0.5314525
Ctla2a,0.10328376,0.46346006
Zfp808,0.0,1.0
Gm3604,-0.008513616,0.6634874
Zfp935,-0.00011679903,0.9936905
Zfp934,0.0,1.0
6720489N17Rik,-0.0126196705,0.4226497
Platr25,0.0,1.0
Gm5141,0.010874206,0.6693988
Fbp1,0.0,1.0
2010111I01Rik,0.021685287,0.7431785
Gm16907,0.0,1.0
Fancc,-0.00066767074,0.9722526
Gm16133,0.0,1.0
Ptch1,0.023393128,0.48859483
Ercc6l2,-0.10126618,0.41696352
Slc35d2,0.041963317,0.18407772
Zfp367,0.01878121,0.5772949
Habp4,0.028721282,0.102112904
Cdc14b,-0.0004483275,0.976013
1810034E14Rik,0.0144460015,0.698819
Aaed1,-0.0069333743,0.8160446
Ctsl,0.18456429,0.05534527
Cdk20,-0.0057771145,0.4226497
Hiatl1,-0.07235764,0.4418525
Gm10775,0.0,1.0
Zfp369,-0.015676863,0.18894875
Uqcrb,-0.015285134,0.93416077
Gm10767,0.0,1.0
Mterf3,0.035130315,0.4312102
Ptdss1,-0.043715645,0.38323605
Zfp712,-0.0055062226,0.42264965
Zfp708,0.0,1.0
Gm28557,0.005729801,0.71177876
Rslcan18,0.0,1.0
Zfp759,0.005971533,0.4226497
Rsl1,-0.025180915,0.18357615
Zfp455,0.013724881,0.42264965
Zfp458,0.0,1.0
Zfp457,0.0,1.0
Zfp595,-0.057353504,0.29246575
Gm28044,-0.005037628,0.4226497
Zfp953,-0.003805101,0.79453164
Gm28041,0.006381331,0.4226497
Gm17039,0.0,1.0
Zfp456,-0.0055906046,0.7742867
Zfp429,0.040864788,0.22619633
Zfp459,0.014282773,0.42264965
Zfp874a,-0.021718487,0.36908114
Zfp874b,0.011969404,0.7559084
Zfp58,0.01906636,0.6012012
Zfp87,-0.037319116,0.42581362
Zfp748,0.00054532476,0.9842567
9430065F17Rik,0.0018666266,0.8622305
Zfp729b,-0.0120338695,0.54231155
Gm37276,0.0,1.0
Zfp729a,0.005396911,0.6742826
Zfp738,-0.04056051,0.60166425
Zfp65,0.024677027,0.09958024
Zfp85os,0.003632925,0.75283694
Zfp85,-0.026981171,0.28444687
Zfp493,0.012611573,0.42264977
4930525G20Rik,0.0,1.0
Zfp273,-0.005058728,0.4226497
Gm10037,0.0,1.0
Mtrr,-0.032281395,0.12800586
Fastkd3,-0.021083044,0.32565677
1700001L19Rik,0.0,1.0
Adcy2,0.0,1.0
Papd7,-0.028902203,0.62237734
Nsun2,0.05933717,0.53595394
A530095I07Rik,0.0,1.0
Srd5a1,-0.010929395,0.23875968
Ube2ql1,0.0,1.0
Med10,0.20214602,0.078521274
Gm26819,0.0,1.0
Ice1,0.018472958,0.5801254
Adamts16,0.0,1.0
8030423J24Rik,0.0,1.0
Irx1,0.0,1.0
Irx2,0.0,1.0
Gm10263,-0.011235893,0.42264977
Ndufs6,0.06809759,0.53764844
Mrpl36,0.03701824,0.5608021
Lpcat1,-0.0014997199,0.9616894
Slc6a3,0.0,1.0
Clptm1l,0.111827984,0.055572398
Slc6a19,-0.014124806,0.4226497
Slc12a7,0.012438439,0.773732
Nkd2,-0.014368669,0.4226497
Trip13,-0.0034331195,0.4226497
Brd9,0.027222812,0.61831564
Gm15912,0.017159615,0.59299946
Tppp,0.0075341724,0.660643
Cep72,0.012611573,0.42264977
Exoc3,0.11100155,0.1779222
Ahrr,-0.011150054,0.4226497
Pdcd6,0.04431647,0.41168067
Sdha,0.07213959,0.38299528
Ccdc127,0.07784349,0.04280228
Lrrc14b,0.0,1.0
Zfp72,0.0,1.0
Gm10116,0.0,1.0
Zfp825,0.02231136,0.55558836
Erap1,0.02979213,0.09315177
Cast,0.0221363,0.6820516
Pcsk1,0.0,1.0
Ell2,0.008840088,0.77793884
Glrx,0.21343608,0.045650605
Rhobtb3,-0.0016758563,0.8988912
Spata9,0.0,1.0
Rfesd,-0.019817524,0.59809756
Gpr150,0.0,1.0
Arsk,0.015660942,0.5875842
Ttc37,0.013432844,0.73734075
Fam81b,0.0,1.0
Mctp1,-0.014459759,0.6440319
Slf1,-0.00623063,0.90522736
2210408I21Rik,-0.011709609,0.42264977
Fam172a,0.10510268,0.17514671
Pou5f2,-0.0008382425,0.98195976
Nr2f1,0.005091832,0.4226497
A830082K12Rik,0.0,1.0
Arrdc3,0.06387377,0.42125863
Gm4211,0.0,1.0
9330111N05Rik,0.0,1.0
Adgrv1,0.0060482565,0.5947241
Lysmd3,0.012022078,0.83732426
Polr3g,0.056239273,0.26031828
Mblac2,0.029803837,0.021500804
Gm17259,-0.022590661,0.06664211
Cetn3,0.05978,0.6130207
Mef2c,0.12094049,0.14935653
C130071C03Rik,0.0,1.0
Gm26803,0.0,1.0
2810049E08Rik,0.0,1.0
Gm17750,0.026888935,0.42264965
A230107N01Rik,0.0,1.0
Tmem161b,-0.007042419,0.8778872
Ccnh,0.08120477,0.096786946
Rasa1,-0.015945971,0.84433115
Cox7c,-0.024093866,0.8704044
Edil3,-0.031187333,0.33826858
Hapln1,-0.004221112,0.42264977
Vcan,0.014985092,0.4226497
Xrcc4,-4.0508807e-05,0.9993838
Tmem167,0.17075405,0.06433687
Atp6ap1l,0.0,1.0
Rps23,-0.12208462,0.06191456
Atg10,0.065100774,0.06989624
A830009L08Rik,-0.016314082,0.4226497
Ssbp2,0.17643195,0.27494234
4833422C13Rik,0.020442022,0.42264977
Acot12,0.0,1.0
Zcchc9,0.12425579,0.0147054475
Ckmt2,0.0,1.0
Rasgrf2,0.0,1.0
Msh3,-0.032588735,0.6728649
Gm20379,0.0,1.0
Dhfr,0.0069547934,0.652065
C030017D09Rik,0.0,1.0
Ankrd34b,0.0,1.0
Fam151b,0.017017942,0.25860357
Zfyve16,0.011750728,0.7426213
Serinc5,-0.0368332,0.15708865
Thbs4,0.0,1.0
Mtx3,0.020636894,0.051114272
Cmya5,0.00721761,0.4226497
Papd4,0.0025415942,0.96202356
Homer1,-0.03223651,0.21066551
Jmy,0.018344015,0.569349
Bhmt,0.0,1.0
Bhmt2,0.0,1.0
Dmgdh,0.0,1.0
AW495222,0.0,1.0
Arsb,-0.04210794,0.28584942
Gm26527,0.0,1.0
Lhfpl2,0.02176477,0.14354818
Gm15907,0.0,1.0
Scamp1,0.0040911264,0.65290046
Gm9776,0.007858792,0.4226497
Ap3b1,0.031816334,0.6612909
Tbca,-0.0869813,0.46552774
Wdr41,0.027316019,0.4226497
Pde8b,-0.008224242,0.42264977
Zbed3,-8.152984e-05,0.9976018
Aggf1,0.0293357,0.5241618
Crhbp,0.0,1.0
F2rl1,0.018284008,0.72870797
F2r,-0.004552901,0.96675885
Iqgap2,-0.012495518,0.8705566
F2rl2,0.018553656,0.46692502
Sv2c,0.041411016,0.13935602
Gm29543,0.0,1.0
Poc5,0.048260726,0.03999963
Ankdd1b,0.0,1.0
Polk,0.025305368,0.5421322
Col4a3bp,-0.005406812,0.87224185
Hmgcr,-0.047872037,0.3972029
Gcnt4,0.012284379,0.4226497
Fam169a,0.0,1.0
Gm6169,0.0,1.0
Nsa2,0.15328074,0.11281666
Gfm2,0.04797408,0.18472539
Hexb,0.3015155,0.09105805
Enc1,0.07647837,0.13018312
Lncenc1,0.0,1.0
5330416C01Rik,0.0,1.0
Gm26619,-0.0033451049,0.4226497
Gm10260,-0.013735198,0.4226497
Arhgef28,0.0,1.0
Utp15,0.0045133047,0.9202819
Ankra2,0.046689272,0.57323986
Btf3,0.02843976,0.7401208
Gm9828,-0.02229223,0.35744327
Foxd1,0.0,1.0
Gm10320,0.0,1.0
Tmem171,0.031952035,0.03411462
Fcho2,0.08466937,0.33199245
Tnpo1,-0.054136008,0.6577942
Gm807,0.0,1.0
Zfp366,0.0,1.0
Ptcd2,-0.01871834,0.63252074
Mrps27,0.021819433,0.21847045
6430562O15Rik,0.0,1.0
Map1b,0.01631975,0.5470652
Gm26559,0.0,1.0
Cartpt,0.0,1.0
Mccc2,-0.034996346,0.271432
Bdp1,-0.031482235,0.6767907
BC001981,0.0,1.0
Serf1,0.006601233,0.67288643
Smn1,0.009271525,0.701492
Naip2,0.024754878,0.32810438
Naip5,-0.003942549,0.7835159
Naip6,0.023643352,0.5374323
Naip1,0.0,1.0
Gtf2h2,0.08772853,0.20286845
Ocln,0.0,1.0
Marveld2,0.015354689,0.4226497
Rad17,-0.019160807,0.7565208
Ak6,-0.0102932155,0.6388314
Taf9,0.01904732,0.4226497
Ccdc125,0.044406533,0.1286521
Cdk7,0.02896759,0.6376881
Mrps36,-0.046302766,0.41116244
Cenph,-0.0076542315,0.4226497
Ccnb1,0.0051270425,0.62206405
Slc30a5,-0.005551502,0.8855327
Gm29502,0.0,1.0
Pik3r1,-0.060329318,0.5571203
Cd180,0.025268879,0.16284615
Mast4,0.021501593,0.53783983
1700099I09Rik,0.0,1.0
Gm17160,0.0,1.0
Srek1,0.023676857,0.6162903
Erbb2ip,-0.12717873,0.09969444
Nln,0.013709693,0.4226497
Sgtb,0.010772373,0.42264965
Trappc13,-0.0009638667,0.98840904
Trim23,-0.024544217,0.3401606
Ppwd1,0.08217045,0.06638919
Cenpk,-0.01827413,0.23489784
Adamts6,0.011453915,0.35321313
Cwc27,0.0044347867,0.9105484
2610204G07Rik,-0.0029107232,0.42264977
Srek1ip1,0.02580814,0.44549176
Fam159b,0.0,1.0
Rgs7bp,0.014187109,0.4226497
Rnf180,0.0,1.0
Htr1a,0.0,1.0
Gm28989,0.0,1.0
Ipo11,0.07344383,0.1004043
Gm28988,0.0,1.0
Dimt1,0.15408818,0.015924081
Kif2a,-0.011641383,0.6964852
3830408C21Rik,0.0,1.0
Apoo-ps,0.0,1.0
Zswim6,0.028645001,0.65255946
Smim15,0.043972984,0.48423442
Ndufaf2,0.13391054,0.011622255
Ercc8,-0.0045303702,0.63525766
Elovl7,-0.0023647351,0.84336233
Depdc1b,0.0,1.0
Pde4d,0.006827891,0.95142776
Rab3c,0.029479273,0.18543158
Gapt,0.006283178,0.77905667
Plk2,0.046072964,0.15707228
Actbl2,0.0,1.0
Gpbp1,-0.06126201,0.5724331
Mier3,0.027240682,0.45203552
Map3k1,0.051545113,0.5664669
Gm15326,0.018488638,0.18360956
Ankrd55,0.0,1.0
Il6st,-0.1011773,0.21111432
Il31ra,0.0,1.0
Ddx4,0.0,1.0
Slc38a9,0.023559198,0.47947636
Plpp1,0.009393361,0.4226497
Skiv2l2,0.012152463,0.7225902
Dhx29,0.0013670549,0.9625739
Ccno,-0.0033465084,0.87247664
Gm10735,0.0,1.0
Gpx8,0.0,1.0
Gzma,0.012578666,0.9560636
Gzmk,0.030860066,0.8049606
Esm1,0.0036428804,0.88658416
BC067074,0.0,1.0
Snx18,0.062013954,0.37515497
Hspb3,0.009393361,0.4226497
Arl15,-0.0032666065,0.9184271
Ndufs4,0.058240086,0.46976215
Fst,0.0,1.0
Mocs2,0.058568634,0.4888934
Itga2,-0.0060258447,0.42264965
Itga1,-0.046437524,0.33763254
Pelo,0.09146163,0.28765768
Parp8,0.03836056,0.33605456
Gm17509,0.014090579,0.4226497
Emb,-0.1568951,0.5283659
Hcn1,0.0,1.0
Mrps30,0.022332296,0.4958044
B430218F22Rik,0.0,1.0
Fgf10,0.0,1.0
Nnt,0.10092679,0.16043897
Paip1,0.008837402,0.8725749
4833420G17Rik,0.006674066,0.949351
3110070M22Rik,0.0,1.0
Gm7120,0.010772373,0.42264965
Gm21967,0.031263556,0.2768637
Ccl28,0.0,1.0
Hmgcs1,0.039224304,0.30194545
Nim1k,-0.0029107232,0.42264977
Zfp131,-0.011818491,0.78281313
BC147527,-0.016301274,0.7162743
Rab10os,-0.032781318,0.56089556
Rab10,0.09802729,0.34002143
Gm26520,0.012249826,0.49443275
Kif3c,0.016416792,0.49475572
1110002L01Rik,0.045267597,0.13882552
Asxl2,0.044648796,0.63774204
Dtnb,0.059732184,0.28163987
Dtnbos,0.008541345,0.42264977
Dnmt3a,0.04642577,0.2454923
Dnmt3aos,0.0,1.0
Pomc,0.011119284,0.4226497
Efr3b,0.010299058,0.4226497
Dnajc27,0.0016435683,0.90996677
Adcy3,0.00806801,0.75792897
Cenpo,0.0035222229,0.8619591
Ptrhd1,-0.041255713,0.45838082
Ncoa1,0.05363425,0.3060989
Itsn2,0.038029306,0.46347535
Gm17541,0.0,1.0
Fam228a,0.0,1.0
Fam228b,0.0,1.0
Pfn4,0.00527434,0.42264965
Sf3b6,-0.029561877,0.83195555
Fkbp1b,-0.0017725741,0.8131928
BC068281,0.00993121,0.1997586
Mfsd2b,0.006637106,0.4226497
Ubxn2a,-0.07808751,0.27825212
Atad2b,-0.0024512038,0.9378372
Klhl29,0.0,1.0
2810032G03Rik,0.0,1.0
Apob,0.0,1.0
Ldah,0.07441539,0.15859687
Hs1bp3,0.018593755,0.77119565
Rhob,0.170756,0.24112123
Slc7a15,0.0,1.0
Pum2,-0.039726496,0.62633437
Gm4755,0.0,1.0
Sdc1,0.0,1.0
Laptm4a,0.16777426,0.28071535
Wdr35,0.0,1.0
Ttc32,0.026254259,0.5241839
Osr1,0.0,1.0
Rdh14,0.10298966,0.07111716
Pgk1-rs7,0.0,1.0
Kcns3,0.0,1.0
Gen1,0.013312883,0.4226497
Smc6,-0.025287986,0.76603156
Vsnl1,0.0,1.0
Rad51ap2,0.0,1.0
Fam49a,0.016752377,0.47809306
Rpl36-ps3,-0.0032855654,0.7165335
Mycn,-0.012525204,0.42264965
Ddx1,-0.040673114,0.49802512
Nbas,-0.0041577164,0.83674437
Fam84a,0.006712084,0.61913615
Trib2,0.08402073,0.25240684
Gm5432,0.0,1.0
Lpin1,-0.0434317,0.36039922
Ntsr2,0.006323986,0.62947476
Greb1,0.0,1.0
E2f6,-0.01776781,0.5689482
Rock2,0.015347555,0.81342316
Pqlc3,0.09272232,0.33062205
2410004P03Rik,0.0,1.0
Kcnf1,0.0,1.0
Pdia6,0.04896322,0.45467806
Atp6v1c2,0.0,1.0
Nol10,0.09939538,0.073152386
Odc1,0.07647562,0.41264477
Hpcal1,-0.013014704,0.91362333
B430203G13Rik,0.0,1.0
5730507C01Rik,0.008560162,0.4226497
Gm5784,-0.002574796,0.42264965
Gm10479,0.0,1.0
Asap2,-0.034796376,0.14585164
Itgb1bp1,0.093409166,0.21750633
Cpsf3,0.0056782514,0.871725
Iah1,-0.043905914,0.37685534
Adam17,-0.0015257597,0.96547264
Ywhaq,-0.16099411,0.17435583
Gm4419,0.010800052,0.4226497
2410018L13Rik,0.0,1.0
Gm10330,0.0,1.0
9030624G23Rik,0.0113992365,0.42264977
Gm16372,0.0,1.0
Taf1b,0.009108685,0.81739944
Grhl1,-0.0055062226,0.42264965
Klf11,-0.04312434,0.31262508
Cys1,0.0,1.0
Rrm2,0.006412487,0.6650899
Mboat2,-0.0033451049,0.4226497
Kidins220,-0.040516093,0.5204808
Id2,0.2877438,0.12361695
Rnf144a,-0.064669415,0.15807837
Rsad2,0.05310539,0.4169137
Cmpk2,-0.016662024,0.7871211
Gm9866,0.0,1.0
Sox11,0.0,1.0
Dcdc2c,-0.017380036,0.5805071
Colec11,0.0,1.0
Rps7,-0.09671259,0.17495693
Rnaseh1,0.0014931187,0.9830473
Adi1,-0.0072133094,0.8911442
Trappc12,-0.032405075,0.16474386
Tssc1,0.021602184,0.64914703
Myt1l,0.0,1.0
Pxdn,0.0,1.0
Tpo,0.0,1.0
Sntg2,0.0,1.0
Tmem18,-0.0006045867,0.98460454
Acp1,-0.09189266,0.2619908
Sh3yl1,-0.01942327,0.19231464
Lamb1,-0.025637046,0.4226497
Dld,0.0370121,0.63913393
Slc26a3,0.0,1.0
Cbll1,0.006034337,0.935707
Gm29542,0.0,1.0
Slc26a4,0.0,1.0
Bcap29,0.057659052,0.25164294
Dus4l,0.004823086,0.68765455
Cog5,2.1401793e-06,0.9998874
Gpr22,0.0,1.0
Hbp1,0.08511798,0.31991178
Prkar2b,-0.011457402,0.6855797
Pik3cg,0.011259265,0.73681396
Ccdc71l,0.0121148005,0.7938511
Nampt,0.02142737,0.7385699
Gdap10,0.015936265,0.6550019
4933406C10Rik,0.0,1.0
Sypl,0.09394678,0.16564095
Cdhr3,0.0,1.0
Gm16267,0.0,1.0
Atxn7l1,0.037498847,0.38513976
Atxn7l1os1,0.0,1.0
Efcab10,0.0,1.0
Twistnb,0.03559205,0.6921186
Twist1,0.0,1.0
Gm18025,0.0,1.0
Hdac9,0.0,1.0
4921508M14Rik,0.0,1.0
Prps1l1,0.0,1.0
Snx13,-0.049951628,0.21691132
Ahr,0.0279852,0.5213387
Tspan13,0.09290159,0.54068875
Bzw2,0.11221965,0.021430662
Ankmy2,-0.035455238,0.27337882
Lrrc72,0.0,1.0
Sostdc1,0.0,1.0
D630036H23Rik,0.0,1.0
Ispd,0.0,1.0
Agmo,0.034731787,0.20716435
Dgkb,0.0,1.0
Etv1,-0.0033451049,0.4226497
Arl4a,0.021026969,0.88362795
Arl4aos,0.0,1.0
Scin,-0.011150054,0.4226497
Lsmem1,0.0,1.0
Gm17056,-0.010023989,0.8185788
Ifrd1,-0.10088843,0.23129407
Gm17024,0.0,1.0
Gm7008,0.0,1.0
Zfp277,0.015878633,0.6861601
Dock4,0.013407764,0.18833227
Immp2l,-0.009900436,0.7768195
Lrrn3,0.025693655,0.19862995
Dnajb9,0.044392213,0.65615886
Pnpla8,0.030381456,0.41232795
Nrcam,0.0,1.0
Stxbp6,-0.03277674,0.32202694
Nova1,0.004704998,0.7248328
Gm1818,0.0,1.0
Foxg1,-0.011709609,0.42264977
3110039M20Rik,0.0,1.0
3110039M20Rik-1,0.0,1.0
Gm9804,0.0,1.0
Prkd1,0.0,1.0
G2e3,-0.014629621,0.35087642
Scfd1,0.03526704,0.56025475
Coch,0.0,1.0
Strn3,-0.02113457,0.5045396
Ap4s1,0.07584696,0.16727155
Hectd1,0.07873517,0.48998752
Heatr5a,0.0075623766,0.7526773
Gm26517,-0.009546928,0.83772033
Dtd2,0.05398651,0.32772106
Nubpl,0.034401875,0.35117233
Arhgap5,0.037694186,0.74895823
1700031P21Rik,0.0,1.0
Akap6,-0.0033451049,0.4226497
Npas3,0.0,1.0
Egln3,0.010111424,0.48437515
Sptssa,0.1159454,0.31634334
Eapp,0.02234584,0.7328818
Snx6,0.004939005,0.9489905
Cfl2,-0.015722513,0.8286922
Baz1a,0.009980381,0.77971274
2700097O09Rik,0.018301856,0.57262063
Fam177a,0.13139845,0.14113356
Srp54b,-0.15517059,0.08823104
1700047I17Rik2,-0.0004690066,0.9866901
Ppp2r3c,0.02169361,0.63574535
1110008L16Rik,0.02784394,0.06159159
Psma6,-0.06556782,0.4654622
Nfkbia,-0.05658424,0.7205349
Insm2,0.0,1.0
Ralgapa1,0.038130537,0.38181713
Brms1l,-0.007427902,0.7709569
Mbip,0.07072486,0.19913092
Nkx2-1,0.0,1.0
Nkx2-9,0.0,1.0
Slc25a21,0.0,1.0
Prps1l3,-0.025714044,0.09035781
Mipol1,0.035864383,0.3832811
Foxa1,0.0,1.0
4921506M07Rik,0.0,1.0
Sstr1,0.0,1.0
Clec14a,0.0,1.0
Gm17529,0.0,1.0
Sec23a,0.006202638,0.8785669
Gemin2,0.008215837,0.59390634
Trappc6b,0.0297544,0.69534814
Pnn,0.024617732,0.82474166
Gm5786,0.0,1.0
Ctage5,0.06547034,0.5167371
Fbxo33,0.044070095,0.5282498
Lrfn5,0.0,1.0
Gm527,0.0023458032,0.8726009
Klhl28,0.015433573,0.4395569
Fam179b,-0.01133959,0.8077818
Prpf39,-0.04449202,0.55430406
Fkbp3,0.030150175,0.8322552
Fancm,-0.009076176,0.4226497
Mis18bp1,0.0,1.0
Wdr20rt,0.0,1.0
Mdga2,0.015354358,0.4226497
Rps29,-0.32842493,0.14504121
Lrr1,0.0,1.0
Rpl36al,0.0012357235,0.9880381
Mgat2,0.13603206,0.039220747
Dnaaf2,-0.025281668,0.12387019
9330151L19Rik,-0.068189755,0.18887064
Pole2,-0.01471455,0.66549355
Klhdc1,-0.024775501,0.2972056
Klhdc2,-0.00071819127,0.99234706
Nemf,0.02278392,0.6624167
Gm9887,0.0,1.0
Arf6,0.0917446,0.4406571
Vcpkmt,0.13703884,0.0225526
Sos2,-0.019004233,0.7087656
L2hgdh,-0.0043394137,0.80973786
Atp5s,0.014349164,0.31784475
Cdkl1,0.0,1.0
4930512B01Rik,0.0,1.0
Map4k5,0.0029664338,0.9250072
4931403G20Rik,0.0,1.0
Atl1,0.013091311,0.4226497
Gm3086,-0.0039923578,0.4226497
Sav1,-0.056774374,0.034691103
Nin,-0.14098507,0.09448258
Pygl,0.0265356,0.61549026
F730035M05Rik,0.0,1.0
Trim9,0.0,1.0
Tmx1,0.061826542,0.33567402
Frmd6,0.0020455448,0.9214785
Actr10,0.011600643,0.84826005
Psma3,0.07538742,0.43069085
3110056K07Rik,0.021992445,0.6890657
Arid4a,-0.02352339,0.8066282
Tomm20l,0.0,1.0
Timm9,0.05281415,0.18202697
2700049A03Rik,-0.024656637,0.2498577
Dact1,0.0,1.0
Daam1,0.012507817,0.6924203
Gpr135,0.0147500485,0.4226497
L3hypdh,0.00520326,0.4226497
Jkamp,0.11040117,0.3336551
Rtn1,0.034444597,0.1844453
Lrrc9,-0.0049051316,0.4226497
Pcnxl4,0.033202235,0.17552868
RP23-300E17.1,0.0,1.0
Dhrs7,0.034376383,0.55753267
Ppm1a,0.044600323,0.45366362
4930447C04Rik,0.0,1.0
Six1,0.0,1.0
Six4,0.0,1.0
Mnat1,0.050985407,0.1539561
Trmt5,-0.0092885075,0.5376908
Slc38a6,0.00527434,0.42264965
Tmem30b,0.0,1.0
Prkch,0.05867064,0.583458
Hif1a,0.01655382,0.9433468
Snapc1,0.0170023,0.76484036
Syt16,0.0,1.0
1700086L19Rik,0.0,1.0
Dbpht2,0.0,1.0
Kcnh5,0.0,1.0
Rhoj,0.0,1.0
Ppp2r5e,-0.016417041,0.74216324
Wdr89,0.06282425,0.6886047
Sgpp1,-0.056418985,0.57395434
Syne2,0.036168747,0.6006311
Esr2,0.0,1.0
Mthfd1,0.053610697,0.119598195
Akap5,0.0,1.0
Zbtb25,0.045417592,0.51759017
Zbtb1,0.08247344,0.04608589
4930426I24Rik,0.00520326,0.4226497
Hspa2,0.01224573,0.6891567
Ppp1r36,0.0,1.0
Gm10451,0.0,1.0
Plekhg3,0.0068782326,0.8194857
Sptb,0.0,1.0
Churc1,0.15363213,0.40588707
Fntb,0.026335754,0.48522565
Rab15,0.0,1.0
Max,-0.0012872219,0.9725567
Fut8,-0.002962973,0.94139904
Gphn,0.011820897,0.71773195
Fam71d,0.0,1.0
Mpp5,0.0402106,0.332846
Atp6v1d,0.030161723,0.47675675
Eif2s1,0.0069642663,0.9452013
Plek2,0.0,1.0
Tmem229b,0.05077398,0.36545387
Plekhh1,0.01904732,0.4226497
Pigh,-0.026746942,0.3555831
Arg2,0.0,1.0
Vti1b,0.02427496,0.5872798
Rdh11,0.002666019,0.91091603
Rdh12,0.010712917,0.59215254
Zfyve26,-0.03199043,0.3592174
Rad51b,0.0,1.0
Zfp36l1,0.1213212,0.25118387
Gm26669,-0.028413534,0.7406537
2310015A10Rik,-0.009590007,0.68992746
Actn1,-0.036222473,0.27803543
Dcaf5,-0.010432497,0.69798917
Exd2,-0.027640495,0.18429026
Gm26777,0.0,1.0
Galnt16,0.0,1.0
Erh,0.04802215,0.65997845
Slc39a9,-0.0038125329,0.88633275
Plekhd1,0.0,1.0
Ccdc177,0.0,1.0
Susd6,0.025331572,0.7537358
Gm26545,-0.008515983,0.42264977
Srsf5,-0.034224153,0.83636004
Slc10a1,0.0,1.0
Smoc1,0.0083245365,0.4226497
Slc8a3,0.0,1.0
Gm3693,0.0,1.0
Gm20498,-0.010878625,0.42264965
Cox16,-0.094127566,0.49254414
Gm4787,0.005091832,0.4226497
Adam4,0.0,1.0
Synj2bp,0.15890737,0.19367646
Adam21,0.0,1.0
Med6,0.049552605,0.40509912
Ttc9,0.005971533,0.4226497
Map3k9,0.019449884,0.4226497
Pcnx,-0.020692222,0.42119223
Sipa1l1,0.029790297,0.27016184
Rgs6,0.0,1.0
Dpf3,0.0,1.0
Dcaf4,-0.019647166,0.49063507
Zfyve1,-0.009859729,0.42264977
Rbm25,0.18533534,0.22188395
Gm29361,0.011224959,0.4226497
Psen1,0.02427224,0.39886397
Papln,0.0,1.0
Numb,0.029542997,0.33810246
2410016O06Rik,0.07367695,0.31285405
Acot2,0.017020084,0.6409032
Acot1,-0.021225212,0.42264965
Acot4,0.0,1.0
4732463B04Rik,0.0,1.0
Acot3,0.0,1.0
Acot5,0.0,1.0
Acot6,-0.0057771145,0.4226497
Dnal1,0.0,1.0
Pnma1,0.0,1.0
Elmsan1,-0.020886809,0.8428861
Ptgr2,0.03670417,0.25355208
Zfp410,-0.037094884,0.22365282
Fam161b,0.01904732,0.4226497
Coq6,0.025954895,0.34799808
Entpd5,0.063124485,0.22944325
Bbof1,-0.019294953,0.31643572
Rnf113a2,0.024953157,0.7508794
Aldh6a1,-0.00506662,0.7716744
Lin52,-0.022866067,0.4266277
Abcd4,0.010367915,0.64975435
Syndig1l,0.0,1.0
Npc2,-0.10403395,0.60028565
Isca2,0.0827095,0.17356712
D030025P21Rik,0.0,1.0
Arel1,-0.02945489,0.5915101
Fcf1,-0.0051910877,0.9380313
Ylpm1,-0.09176397,0.12665288
Prox2os,-0.002574796,0.42264965
Prox2,0.02807792,0.19691181
Dlst,0.09989802,0.008465064
Rps6kl1,0.0,1.0
Pgf,0.0,1.0
Eif2b2,0.047997706,0.59564626
Mlh3,0.0120798815,0.544135
Acyp1,-0.0966364,0.24318746
Zc2hc1c,0.0,1.0
Nek9,-0.03721017,0.33578447
Tmed10,0.18587577,0.20964389
Fos,0.48895705,0.10895514
Jdp2,0.01836101,0.81675816
Batf,-0.05180496,0.46992007
Mfsd7c,0.0,1.0
0610007P14Rik,0.23879024,0.024041727
Ttll5,0.039252475,0.36687666
Gm26531,0.0,1.0
Tgfb3,-0.004567265,0.42264965
Ift43,0.011951273,0.5189422
Gpatch2l,-0.009424362,0.61679953
4732487G21Rik,0.0,1.0
Esrrb,0.0,1.0
Vash1,-0.011235893,0.42264977
Angel1,-0.0011456339,0.94666654
Irf2bpl,0.13329032,0.22614399
Gm26698,0.040430192,0.24187803
Cipc,0.0912438,0.022412233
Zdhhc22,0.0,1.0
Tmem63c,0.0,1.0
Ngb,0.0,1.0
Pomt2,-0.03365365,0.035817694
Gstz1,-0.0029107232,0.42264977
Tmed8,0.016021382,0.6918194
Samd15,0.0,1.0
Noxred1,0.0,1.0
Vipas39,0.023796549,0.45399678
Ahsa1,-0.04258403,0.8227156
Ism2,0.0,1.0
Sptlc2,-0.025679171,0.28610978
Gm26764,0.044538192,0.40260816
Alkbh1,0.05351755,0.36412397
Slirp,-0.08416146,0.35642505
Snw1,0.20731196,0.015025344
Adck1,-0.0032494664,0.93006116
Nrxn3,-0.014740654,0.42264977
Dio2,0.0,1.0
Gm26512,0.0,1.0
Cep128,-0.024328306,0.19022925
Tshr,0.0,1.0
Gtf2a1,-0.014172658,0.62438077
Ston2,-0.014541675,0.1847752
Sel1l,0.02650752,0.5411465
Flrt2,0.012611573,0.42264977
Galc,-0.05202593,0.26770338
Gpr65,0.1916647,0.34533352
Kcnk10,0.0,1.0
Spata7,0.013135162,0.049342312
Ptpn21,-0.002483932,0.42264965
Zc3h14,0.07546297,0.35159397
Eml5,0.03984265,0.30596805
Ttc8,0.00520326,0.4226497
Gm28933,0.0,1.0
Foxn3,0.036452904,0.20039125
3300002A11Rik,0.0,1.0
Gm26839,0.0,1.0
1700064M15Rik,0.0,1.0
Efcab11,0.0,1.0
Tdp1,0.018093668,0.39342698
Kcnk13,0.005057919,0.80246323
Psmc1,-0.04892364,0.08455505
Nrde2,0.032344766,0.5312511
Calm1,-0.112740636,0.38593334
Gm26723,0.0,1.0
Ttc7b,-0.035505436,0.35240886
Rps6ka5,0.026316494,0.119162306
9030617O03Rik,0.012491949,0.19320706
Gpr68,-0.004494101,0.9566158
Ccdc88c,-0.01294313,0.7485153
Smek1,-0.044032678,0.35139596
D130020L05Rik,-0.0068645435,0.42264965
Tc2n,0.0,1.0
Fbln5,0.0,1.0
Trip11,0.09845705,0.23389788
Atxn3,-0.07019217,0.21799082
Cpsf2,0.029899642,0.2548419
Gm16339,0.0,1.0
Slc24a4,0.0,1.0
Rin3,0.08243406,0.26804665
Lgmn,0.24027193,0.043715958
Golga5,-0.008060299,0.82499915
Chga,0.0,1.0
Itpk1,0.038209923,0.4048773
Gm20069,-0.053050455,0.20578672
Gm28051,0.0,1.0
Gm20604,0.03445828,0.25185683
Moap1,0.0,1.0
Tmem251,0.0057047606,0.9104682
AK010878,0.02825141,0.5296493
Ubr7,0.014763936,0.7097999
Btbd7,0.030746471,0.4334861
Unc79,0.00721761,0.4226497
Prima1,0.0,1.0
Fam181a,0.0,1.0
Gm29508,0.0,1.0
Asb2,0.051542997,0.14093024
Gm15523,0.0,1.0
Otub2,-0.0054623517,0.42264965
9330161L09Rik,0.0,1.0
Ddx24,0.1549882,0.09348484
Ifi27,0.14092207,0.40999934
Ifi27l2a,0.16657346,0.40861765
Ppp4r4,0.0,1.0
Serpina1d,0.0,1.0
Serpina1a,0.0,1.0
Serpina9,0.0,1.0
Serpina3f,0.11512402,0.11168596
Serpina3g,0.15219754,0.22728138
Serpina3n,-0.0033451049,0.4226497
Gsc,0.0,1.0
Gm10000,0.0,1.0
Dicer1,0.04946702,0.5669346
Clmn,0.021100737,0.5134338
4930408O17Rik,0.0,1.0
Gm28875,0.07544932,0.21017113
Syne3,-0.0031109564,0.9112533
Glrx5,0.0637005,0.27245554
Tunar,0.0,1.0
D430019H16Rik,-0.008426569,0.4226497
Bdkrb2,0.0,1.0
Bdkrb1,0.0,1.0
Atg2b,0.07350047,0.19749592
Gskip,0.0491769,0.4221202
Ak7,0.0,1.0
Papola,-0.033117622,0.7751433
Vrk1,-0.0013281554,0.9826298
Gm16087,0.0,1.0
Bcl11b,0.30460453,0.027027924
Setd3,0.026421756,0.21338959
Ccnk,0.016738415,0.7676272
Ccdc85c,0.0,1.0
Hhipl1,0.0,1.0
Cyp46a1,0.0,1.0
Eml1,0.01192976,0.5190979
Gm16596,0.0,1.0
Evl,0.10033381,0.21073996
Degs2,0.011296651,0.6658387
Yy1,0.19778425,0.17318767
Slc25a29,0.00016754866,0.98961526
Slc25a47,0.0,1.0
Wars,0.047305014,0.2954917
Wdr25,0.0014757451,0.77081484
Begain,0.009095277,0.4226497
Gm28498,0.0,1.0
Dlk1,0.0,1.0
Meg3,0.020685216,0.53300446
Gm26906,0.0,1.0
Gm26945,0.0,1.0
B830012L14Rik,0.0,1.0
Mirg,0.0,1.0
Ppp2r5c,-0.009833723,0.89730567
Dync1h1,-0.006314099,0.91966665
Gm17111,0.0,1.0
Hsp90aa1,0.28429163,0.16115773
Wdr20,0.094957486,0.07805995
Mok,0.0,1.0
4921507G05Rik,0.0,1.0
Gm26912,0.0,1.0
Zfp839,-0.032275826,0.4226497
Cinp,-0.001258254,0.9695931
Tecpr2,-0.020807061,0.08012876
Ankrd9,0.036093194,0.611349
Rcor1,0.15550113,0.07099517
4930595D18Rik,0.0,1.0
Traf3,0.025065377,0.46270558
Amn,0.0,1.0
A230087F16Rik,0.0,1.0
Cdc42bpb,0.01107898,0.34589258
A230065H16Rik,0.0,1.0
Exoc3l4,0.0,1.0
Gm10425,0.0,1.0
Tnfaip2,0.018214474,0.35423517
Gm266,0.0,1.0
Eif5,0.31567293,0.06405151
2810029C07Rik,0.0,1.0
Mark3,-0.042585455,0.56384975
Ckb,0.1726304,0.18554577
Trmt61a,0.022475697,0.6720086
Bag5,0.03842161,0.5638922
Apopt1,0.048302844,0.40694848
Klc1,0.06213256,0.25799072
Xrcc3,0.0,1.0
Zfyve21,0.020931834,0.54980695
Ppp1r13b,0.049032584,0.43707258
2010107E04Rik,-0.10042161,0.6503621
Tdrd9,-0.028861789,0.42264965
Rd3l,0.0,1.0
Aspg,0.0,1.0
Kif26a,0.0,1.0
A730018C14Rik,0.0,1.0
A530016L24Rik,0.0,1.0
Tmem179,0.0,1.0
Inf2,-0.006119918,0.90616614
Adssl1,0.0069282223,0.825251
Siva1,0.13276117,0.11716494
Akt1,0.020484492,0.73792624
Zbtb42,-0.02425666,0.23713578
Cep170b,0.06068254,0.23855692
Pld4,0.106701925,0.11284562
Ahnak2,0.0,1.0
BC022687,0.0,1.0
Cdca4,0.024394482,0.6457742
Gpr132,-0.13948736,0.22151186
Jag2,0.0,1.0
Nudt14,-0.015553907,0.44367838
Gm26583,-0.00024986453,0.98538554
Brf1,-0.03436535,0.18954298
Btbd6,-0.044285398,0.11108245
9230104M06Rik,0.0,1.0
Pacs2,0.012466423,0.8098626
Tex22,0.0,1.0
Mta1,-0.08439116,0.12558119
Crip2,-0.006803617,0.7207553
Crip1,-0.22242606,0.25440922
4930427A07Rik,0.0022370764,0.818102
Tmem121,-0.0024047391,0.90034556
Zfp386,0.056632884,0.1762971
Vipr2,0.0,1.0
Wdr60,0.0,1.0
Gm11027,0.007975965,0.42264965
Esyt2,0.027379155,0.7952985
Ncapg2,0.007920011,0.5636252
Ptprn2,0.0,1.0
Gm5441,0.0,1.0
Rapgef5,0.012605588,0.50353783
Cdca7l,0.07033474,0.015978236
Dnah11,0.0,1.0
Sp4,0.096976236,0.11637322
Sp8,0.0,1.0
Itgb8,0.032701444,0.2936765
Gm6768,0.0,1.0
Macc1,0.0,1.0
Tmem196,0.0,1.0
Sepp1,0.06714995,0.66427016
Ghr,0.0,1.0
Fbxo4,-0.093093805,0.011517291
AW549877,0.0030180812,0.95655584
Gm2093,0.0074362312,0.42264977
Oxct1,-0.016103119,0.58172196
Gm15632,0.0,1.0
Plcxd3,0.0,1.0
Card6,0.122327745,0.29352692
Rpl37,-0.17215776,0.3656189
Gm10250,0.002626428,0.72568315
Prkaa1,0.05953904,0.24067463
Gm15938,0.0,1.0
Ttc33,0.03291499,0.24922115
Ptger4,0.11581683,0.34915403
Dab2,0.0,1.0
C9,0.0,1.0
Fyb,0.21707368,0.2561276
Gm2245,-0.040965393,0.18578033
Rictor,0.0048674345,0.94702905
Osmr,0.0,1.0
Lifr,0.01993065,0.5737511
Egflam,0.0,1.0
Gdnf,0.0,1.0
Wdr70,-0.03630001,0.3692653
Nup155,0.0037417524,0.9034965
2410089E03Rik,-0.08604837,0.09456783
Nipbl,0.0025531352,0.95943964
Slc1a3,0.07286753,0.050763395
Ranbp3l,0.0,1.0
Nadk2,0.024437122,0.58003145
Skp2,-0.02213221,0.23865932
Lmbrd2,0.008710612,0.5763879
Capsl,0.0007431456,0.9430876
Il7r,-0.22207594,0.43996325
Spef2,-0.035035025,0.34343803
Prlr,-0.003989473,0.81606036
Dnajc21,0.037678495,0.500665
Brix1,0.09068271,0.15505502
Rad1,-0.010588184,0.8162422
Rai14,0.0,1.0
4930556M19Rik,0.0,1.0
4930556M19Rik-1,0.0,1.0
C1qtnf3,0.0,1.0
Amacr,0.017745372,0.42828378
Slc45a2,0.0,1.0
Adamts12,0.0,1.0
Tars,0.05478652,0.30683866
Npr3,0.0,1.0
Sub1,-0.033121586,0.79690015
Zfr,0.11535989,0.17665845
Mtmr12,-0.027452758,0.23075902
1810049J17Rik,0.0,1.0
Golph3,0.050393358,0.033210747
Pdzd2,0.0,1.0
6030458C11Rik,0.009339953,0.75650495
Drosha,0.05027797,0.101625964
Cdh6,0.0,1.0
Cdh9,0.0,1.0
Cdh10,-0.011307535,0.42264977
Acot10,0.0,1.0
Cdh12,0.0,1.0
Cdh18,0.0,1.0
Gm2824,0.0,1.0
Basp1,0.06330011,0.5761136
Gm5468,0.0,1.0
Myo10,0.013366407,0.36541438
Fam134b,0.127243,0.18129316
Zfp622,-0.0964829,0.28652468
March11,0.0,1.0
Gm6576,0.0,1.0
Ank,0.01013539,0.84626204
Otulin,0.0379619,0.7440045
Fam105a,0.19030544,0.13240592
Trio,-0.015222501,0.7751137
Dnah5,0.0,1.0
Ctnnd2,0.00901974,0.6237766
Dap,0.13002431,0.28266746
Ankrd33b,-0.011150054,0.4226497
Ropn1l,-0.0029107232,0.42264977
March6,0.016478121,0.5858655
Cmbl,-0.0033451049,0.4226497
Cct5,0.19837195,0.07168796
Fam173b,0.0062396154,0.845089
Snhg18,0.0,1.0
Sema5a,0.0,1.0
Sdc2,-0.0076133297,0.4226497
Cpq,-0.0017353538,0.95953405
Tspyl5,0.0,1.0
Mtdh,0.28439707,0.001691286
Laptm4b,-0.0015064552,0.8828954
Matn2,0.0,1.0
9430069I07Rik,0.0,1.0
Rpl30,-0.15407562,0.14412577
Hrsp12,0.03407348,0.13629602
Pop1,-0.014735678,0.5066546
Nipal2,0.0,1.0
Kcns2,0.0,1.0
Stk3,0.04472814,0.03464011
Osr2,0.0,1.0
Vps13b,-0.061947264,0.23641068
Cox6c,0.062157154,0.6388433
Rgs22,0.0,1.0
Fbxo43,0.0,1.0
Polr2k,0.14705566,0.22260804
Spag1,-0.006530143,0.42264965
Rnf19a,-0.052442722,0.43296072
Rpl7a-ps3,0.0,1.0
Ankrd46,-0.0552231,0.13636479
Pabpc1,0.21245158,0.25282183
Ywhaz,-0.012641668,0.94852036
Gm10384,0.0074362312,0.42264977
Zfp706,0.12717032,0.15610044
Gm26766,0.0,1.0
Gm16136,0.0,1.0
Grhl2,0.0,1.0
Ncald,0.011981167,0.7959995
Gm28221,0.0,1.0
Rrm2b,0.019855663,0.60543984
Ubr5,0.012813114,0.77657986
Gm8705,0.0,1.0
Klf10,-0.045798887,0.20905407
Gm26863,0.0,1.0
Azin1,0.0247643,0.7716984
2310043O21Rik,0.0,1.0
Atp6v1c1,0.08557233,0.32460815
Gm26704,0.0,1.0
Baalc,0.0,1.0
Fzd6,0.0,1.0
Cthrc1,0.0,1.0
Slc25a32,0.027123637,0.3039045
Dcaf13,0.006875366,0.9105485
Rims2,0.0,1.0
Dcstamp,0.0,1.0
Dpys,0.0,1.0
Lrp12,0.0,1.0
Gm16294,0.0,1.0
Zfpm2,0.0,1.0
Oxr1,-0.052915677,0.41785845
Gm26854,0.0,1.0
Abra,0.0,1.0
Angpt1,0.0,1.0
Gm17473,0.0,1.0
Rspo2,0.0,1.0
Eif3e,-0.047802687,0.7116447
Gm10373,0.0,1.0
Emc2,0.07975119,0.52761877
Tmem74,0.0,1.0
Trhr,0.0,1.0
Nudcd1,-0.0026208702,0.9009295
Eny2,0.09650689,0.52480686
Pkhd1l1,0.0,1.0
Ebag9,0.027779967,0.638982
Sybu,-0.0033451049,0.4226497
2310069G16Rik,-0.0033451049,0.4226497
Kcnv1,0.0,1.0
Csmd3,0.023558166,0.1400882
Trps1,0.015114963,0.87597936
Eif3h,-0.0081954,0.9517148
Utp23,0.01715238,0.47333887
Rad21,0.015302986,0.83558387
Aard,0.0,1.0
Gm10020,-4.3153763e-05,0.99937695
Med30,0.27892455,0.12030949
Ext1,0.054307014,0.15208073
Samd12,0.0,1.0
Tnfrsf11b,0.0,1.0
Mal2,0.0,1.0
Nov,0.0,1.0
Enpp2,-0.049604222,0.4515878
Gm26684,0.0,1.0
Taf2,-0.01448945,0.86574554
Dscc1,0.0018412205,0.78664315
Gm9920,0.018950231,0.23418087
Deptor,-0.008688183,0.42264977
Col14a1,0.0,1.0
Mrpl13,0.11031997,0.045971442
Mtbp,0.024015063,0.31707492
Sntb1,-0.012783628,0.7869291
Has2,0.0,1.0
Zhx2,-0.027228728,0.27838168
Gm16006,0.0,1.0
Derl1,0.041715086,0.21905324
Tbc1d31,0.016775846,0.40178972
Fam83a,0.0,1.0
9130401M01Rik,0.0004395023,0.9957711
Gm29394,-0.0005662376,0.9719612
Zhx1,0.052163444,0.3339283
Atad2,-0.03991629,0.569144
Wdyhv1,0.009646311,0.52860016
Fbxo32,-0.035594173,0.38458502
Klhl38,0.0,1.0
D15Ertd621e,0.06285443,0.20031828
Tmem65,0.09221007,0.07899268
Trmt12,0.014675528,0.3396196
Rnf139,-0.012584388,0.72728217
Tatdn1,0.028263759,0.38272268
Ndufb9,0.13801628,0.32009745
Mtss1,0.00895811,0.4226497
Sqle,0.014463728,0.5799286
E430025E21Rik,0.03477399,0.1185581
Nsmce2,-0.024566285,0.75326717
Trib1,0.060571723,0.1760422
Fam84b,0.053210422,0.228197
A1bg,0.0,1.0
Myc,-0.040948153,0.80099183
Pvt1,0.021776892,0.68128777
Gsdmc4,0.0,1.0
Fam49b,0.11627293,0.29387617
Asap1,-0.08495339,0.030159015
Adcy8,0.0,1.0
Efr3a,0.00035572052,0.99741435
Oc90,0.0,1.0
Kcnq3,0.00520326,0.4226497
Gm27242,0.0,1.0
Lrrc6,-0.02261827,0.4226497
Tmem71,-0.1259863,0.1977543
Phf20l1,-0.072343305,0.4918763
Tg,0.0,1.0
Sla,0.05810082,0.5725699
Wisp1,-0.012844364,0.4226497
Ndrg1,0.06780859,0.25626498
Gm17035,0.0,1.0
St3gal1,-0.017186634,0.6969213
Zfat,-0.03562966,0.18638527
Gm20732,0.0,1.0
Khdrbs3,0.0077105104,0.66748494
Fam135b,0.0,1.0
Col22a1,0.0,1.0
Trappc9,0.012986653,0.70278394
Chrac1,0.09144682,0.51347977
Ago2,0.19732027,0.0582663
Ptk2,-0.005512681,0.82630396
Dennd3,0.005091832,0.4226497
Slc45a4,0.023556447,0.48202246
Gpr20,0.0,1.0
Ptp4a3,0.08760376,0.33228463
Mroh5,0.0,1.0
Gm6569,0.0,1.0
Adgrb1,0.019534484,0.27777097
Arc,0.031214923,0.4226497
Jrk,0.005750172,0.6017147
4933427E11Rik,0.0,1.0
Them6,0.06532395,0.23730133
Lypd2,0.0,1.0
Lynx1,0.006048628,0.74132216
Ly6d,0.04324328,0.4014033
Ly6k,-0.0013278872,0.9369213
2010109I03Rik,0.01647113,0.42264977
Ly6e,0.21441805,0.2369587
Ly6i,0.0,1.0
Ly6a,0.17246497,0.55528545
Gm28068,0.023899684,0.21449396
Ly6c1,-0.013956234,0.6861384
Ly6c2,-0.09180564,0.73971874
Ly6g,0.0,1.0
Ly6h,-0.0065446743,0.42264977
Zfp41,-0.0033451049,0.4226497
Top1mt,0.001476828,0.9540622
Gm15945,0.0,1.0
Rhpn1,0.0,1.0
Mafa,0.0,1.0
Zc3h3,0.040354084,0.41103554
Gsdmd,0.05407679,0.16657531
Naprt,-0.011665254,0.4226497
Eef1d,0.1212492,0.23188531
Tigd5,0.010421612,0.42264977
Pycrl,0.03514707,0.12202843
Tsta3,0.026017621,0.79931736
Zfp623,-0.014575977,0.30004948
Zfp707,0.0035310388,0.87483376
Ccdc166,-0.0005870946,0.9831737
Mapk15,0.0113992365,0.42264977
Fam83h,0.0,1.0
K230010J24Rik,0.0,1.0
Scrib,-0.00032745302,0.9943542
Puf60,0.11738902,0.13017406
Nrbp2,0.004173396,0.86026525
BC024139,0.008457402,0.4226497
Plec,0.030360967,0.40402597
Parp10,0.053561807,0.15610674
Grina,0.14158377,0.19148013
Smpd5,0.010706797,0.8296563
Oplah,-0.00902658,0.5908944
Exosc4,0.017612316,0.6783638
Gpaa1,-0.032064646,0.44421053
Cyc1,0.1111545,0.31425342
Sharpin,0.04767452,0.4099136
Maf1,0.09154636,0.2537316
WDR97,0.0,1.0
Hgh1,-0.0062940735,0.7448563
Mroh1,-0.028154582,0.5284854
Bop1,0.03767652,0.50570387
Scx,0.0,1.0
Hsf1,0.018524364,0.6119176
Dgat1,-0.09340114,0.44121164
Scrt1,0.0,1.0
Fbxl6,-0.012392752,0.7482307
Slc52a2,0.012003101,0.37799537
Adck5,-0.05297083,0.22530238
Cpsf1,-0.008715926,0.8467303
Slc39a4,0.018219717,0.5892786
Tonsl,0.25775373,0.034010597
Cyhr1,0.10197024,0.08791705
Kifc2,0.025816856,0.3015734
Ppp1r16a,0.0028404426,0.884517
Gpt,-0.02651324,0.28748846
Mfsd3,0.0021169842,0.86630666
Recql4,-0.0034331195,0.4226497
Lrrc14,0.0075270236,0.740708
Lrrc24,-0.04796441,0.04897939
Arhgap39,0.0067627616,0.84877384
Zfp251,0.04955581,0.08074369
Zfp7,0.010637375,0.73960406
Commd5,0.04709725,0.33303094
Rpl8,-0.17212081,0.1957025
Zfp647,0.0,1.0
1110038F14Rik,0.034212083,0.77463824
Mb,0.0,1.0
Rbfox2,-0.025416093,0.2882807
1700109K24Rik,0.0,1.0
Apol9a,0.008231744,0.6613203
Apol10b,0.032692682,0.28826383
Apol11b,-0.006451682,0.69195795
Apol7e,-0.04717313,0.28404695
Apol9b,-0.008493323,0.8705635
Apol8,0.0,1.0
Myh9,0.04092598,0.7914895
Txn2,0.072259635,0.4781226
Foxred2,0.036646117,0.26824737
Eif3d,-0.010339975,0.9119093
Gm17638,0.020442022,0.42264977
Cacng2,0.0,1.0
Ift27,0.038633503,0.50097066
Pvalb,0.0,1.0
Ncf4,-0.002858609,0.9650929
Csf2rb2,-0.017771482,0.4226497
Csf2rb,-0.040619675,0.38787928
Tex33,0.0,1.0
Tst,0.01486343,0.7018228
Mpst,0.063973166,0.34238142
Kctd17,0.008541345,0.42264977
Tmprss6,0.0,1.0
Il2rb,0.097762644,0.60943544
C1qtnf6,0.00788416,0.68916917
Sstr3,0.0,1.0
Rac2,0.12403953,0.45142946
Cyth4,0.16647956,0.14634828
Elfn2,0.0,1.0
Mfng,0.06935088,0.3808855
Card10,0.0,1.0
Cdc42ep1,0.017719649,0.24653046
Lgals2,-0.005531991,0.4226497
Gm26634,0.0,1.0
Gga1,0.026277795,0.49142742
Sh3bp1,0.054541767,0.4191118
1700027A07Rik,0.0,1.0
Lgals1,0.15765142,0.22956733
Nol12,0.0058491603,0.8584338
Triobp,0.032820977,0.5761919
H1f0,0.0014990382,0.9486336
Gcat,-0.03743236,0.21302864
Ankrd54,-0.07088417,0.36221465
Eif3l,0.01797627,0.7174455
Micall1,0.02524509,0.5937142
1700088E04Rik,0.0,1.0
Polr2f,0.19159153,0.0072683776
Sox10,0.033718005,0.120908715
Gm10863,0.0,1.0
Pick1,-0.0073157884,0.81170404
Slc16a8,0.0,1.0
Baiap2l2,0.0,1.0
Pla2g6,-0.011424203,0.48705536
Maff,0.037145577,0.46730405
Tmem184b,-0.030079532,0.2340524
Csnk1e,0.088126056,0.1380042
Gm16059,0.0,1.0
Kcnj4,0.0,1.0
Kdelr3,0.0,1.0
Ddx17,0.058845,0.24038182
Dmc1,0.0,1.0
Fam227a,0.0,1.0
Cby1,-0.0017687092,0.9086868
Tomm22,0.069954395,0.5338684
Josd1,0.023951579,0.61057043
Gm26884,-0.014786988,0.42264965
Gtpbp1,0.0034736395,0.8500124
Sun2,0.14390239,0.20172442
Gm16576,-0.0062203845,0.64135414
Dnal4,-0.0081747435,0.777158
Nptxr,-0.012391441,0.4226497
Cbx6,0.06675505,0.17844673
Apobec3,0.12652063,0.26406083
Cbx7,-0.0083322525,0.92702633
Pdgfb,0.045498908,0.13625537
Rpl3,-0.045230865,0.5821887
Syngr1,0.030278422,0.54429144
Tab1,-0.021475498,0.5183759
Mgat3,-0.015185197,0.63076335
Mief1,0.00016698986,0.99640924
Atf4,-0.06804901,0.6679034
Rps19bp1,-0.10056577,0.187245
Cacna1i,0.0,1.0
Grap2,-0.05823785,0.39841703
Fam83f,0.0,1.0
Tnrc6b,0.037513494,0.7128897
Adsl,-0.11222845,0.1811763
Sgsm3,0.0087619405,0.25900954
Mkl1,-0.018600069,0.6064056
Mchr1,0.0,1.0
Slc25a17,-0.023753725,0.46869704
St13,-0.16573408,0.11763162
Xpnpep3,0.01468521,0.3007195
Dnajb7,0.0,1.0
Gm17025,0.0,1.0
Rbx1,0.07709873,0.625286
Ep300,-0.005119711,0.9530849
L3mbtl2,0.051052496,0.2235355
Chadl,0.005091832,0.4226497
Rangap1,0.08310051,0.22253893
Zc3h7b,0.020188853,0.51844954
Gm17597,0.0,1.0
Tef,0.09465331,0.025569022
Gm8444,-0.005987111,0.4226497
Tob2,0.084317446,0.63756686
Phf5a,-0.009098649,0.82043874
Aco2,0.046961248,0.5826608
Polr3h,-0.012138268,0.33348116
Csdc2,0.0,1.0
Pmm1,-0.09568837,0.2362443
Xrcc6,0.048980415,0.47227997
Desi1,0.06318954,0.48211008
Nhp2l1,-0.062397838,0.62619996
Ccdc134,0.018773943,0.59702367
Srebf2,-0.036946476,0.60171115
Shisa8,0.0,1.0
Tnfrsf13c,0.0,1.0
Cenpm,0.00092032924,0.95132434
1500009C09Rik,0.0,1.0
Sept3,0.0,1.0
Naga,-0.02058144,0.4654692
Fam109b,0.014428705,0.21151458
Smdt1,0.15947223,0.17408371
Ndufa6,0.043988347,0.65695864
Cyp2d22,0.0139884185,0.58856297
Cyp2d26,0.0,1.0
Tcf20,-0.012068421,0.8316914
Gm20324,-0.016718134,0.45267707
Gm29019,0.0,1.0
AW121686,0.0,1.0
Nfam1,0.015799,0.48832867
Serhl,0.004467331,0.9635673
Rrp7a,0.076734856,0.054754075
Poldip3,0.102806255,0.270259
Cyb5r3,-0.031529263,0.17096913
A4galt,0.0,1.0
Arfgap3,0.014029343,0.65681994
1700001L05Rik,0.0,1.0
Pacsin2,0.07314974,0.18324655
Ttll1,0.04848565,0.22931121
Bik,0.022197999,0.656407
Mcat,0.009379273,0.5712338
Tspo,0.19415879,0.19065252
Ttll12,-0.0033221692,0.9172635
Scube1,0.0,1.0
Mpped1,0.0,1.0
Efcab6,0.0,1.0
Sult4a1,0.0,1.0
Pnpla3,0.0,1.0
Samm50,0.05326858,0.5996424
Parvb,0.0,1.0
Parvg,0.07032115,0.20800306
1810041L15Rik,0.0,1.0
Ldoc1l,0.00721761,0.4226497
Prr5,-9.612553e-05,0.9963786
Arhgap8,0.0,1.0
Phf21b,-0.0046704467,0.4226497
Gm29666,-0.017673872,0.50133324
Nup50,0.011774287,0.86924505
5031439G07Rik,0.021150488,0.50737655
Upk3a,0.0,1.0
Fam118a,0.035093687,0.37371346
Smc1b,0.0,1.0
Ribc2,0.0,1.0
Fbln1,0.0,1.0
Atxn10,0.07874374,0.124453835
Wnt7b,0.0,1.0
AU022754,0.0,1.0
D130051D11Rik,0.0,1.0
Ppara,0.0,1.0
Cdpf1,0.016824052,0.802201
Pkdrej,0.0,1.0
Ttc38,-0.010816471,0.62044406
Gtse1,0.0064741294,0.66354287
Trmu,0.042774893,0.36268574
Celsr1,0.108439445,0.17561798
Gramd4,-0.05104349,0.14800191
Cerk,-0.010337837,0.81799793
Gm15569,0.0,1.0
Tbc1d22a,0.027823512,0.59206396
Fam19a5,-0.0033451049,0.4226497
Brd1,-0.030801415,0.613143
Zbed4,-0.0017055995,0.86980283
Alg12,-0.0067632943,0.74834913
Creld2,0.05061278,0.36067396
Pim3,-0.082150355,0.18325426
Ttll8,0.0,1.0
Mlc1,0.018372953,0.5717339
Panx2,0.0,1.0
Trabd,0.02104932,0.52721524
Selo,-0.020427689,0.72320473
Tubgcp6,0.013378824,0.55066
Hdac10,0.005067203,0.8747929
Mapk12,0.014401365,0.5809818
Mapk11,-0.031455476,0.30639213
Plxnb2,0.04655151,0.002623666
Dennd6b,0.0045339065,0.80651885
Gm26798,-0.0057322513,0.4226497
Ppp6r2,-0.025637046,0.4226497
Sbf1,-0.0448277,0.69297713
Lmf2,0.0007141642,0.9713115
Ncaph2,0.02525729,0.73888886
Sco2,0.017483555,0.4075624
Tymp,0.0,1.0
Odf3b,0.0,1.0
Cpt1b,0.0,1.0
Chkb,0.06067539,0.47682095
C730034F03Rik,0.04846353,0.12023262
Mapk8ip2,-0.008369705,0.4226497
Arsa,0.034753777,0.104168594
C230037L18Rik,-0.019577624,0.19810374
Shank3,0.015129078,0.4226497
Acr,0.0,1.0
Rabl2,-0.017856976,0.24544297
Syt10,0.0,1.0
Alg10b,-0.034015026,0.11804836
Cpne8,-0.004221112,0.42264977
Kif21a,-0.011120371,0.42264965
Abcd2,0.027376214,0.42264977
CN725425,0.0,1.0
Slc2a13,-0.0077227145,0.4226497
Lrrk2,0.0,1.0
Cntn1,-0.017372455,0.38736713
Gm26760,0.017283758,0.4226497
Pdzrn4,0.0,1.0
Gxylt1,-0.073307715,0.16120918
Yaf2,-0.00514099,0.9406094
Zcrb1,0.060365826,0.40468982
Pphln1,-0.036461696,0.38365543
Prickle1,0.0,1.0
Adamts20,0.0,1.0
Pus7l,-0.004810797,0.81669587
Irak4,0.07960843,0.15158144
Twf1,0.041504115,0.39453483
Tmem117,0.0,1.0
Nell2,0.0,1.0
Dbx2,0.012284379,0.4226497
A130051J06Rik,0.007940129,0.49254054
Ano6,-0.033468075,0.59478146
Gm17546,0.0,1.0
2610037D02Rik,0.04236549,0.43901184
Arid2,0.094443314,0.17443565
Scaf11,0.12306306,0.333845
Slc38a1,0.058949023,0.2504727
Slc38a2,-0.006286204,0.9502635
Amigo2,0.015625624,0.42264965
Pced1b,0.091880485,0.08191063
Rpap3,0.014298011,0.66967344
Endou,0.014282773,0.42264965
Rapgef3,-0.02423799,0.18419932
Rapgef3os1,0.0,1.0
Rapgef3os2,0.0,1.0
Slc48a1,0.061827525,0.2687777
Hdac7,0.039533496,0.37109873
Vdr,-0.01124378,0.42264977
Tmem106c,0.009909205,0.85889935
Col2a1,0.0,1.0
Senp1,0.040005326,0.48249334
Pfkm,0.0013386942,0.9479587
Gm26513,0.009706646,0.4226497
Asb8,0.009027857,0.8704258
Ccdc184,-0.01585869,0.6006305
Olfr288,0.0,1.0
Olfr287,0.0,1.0
Zfp641,0.0,1.0
Lalba,0.0,1.0
Kansl2,0.08487575,0.2925747
Ccnt1,0.062102824,0.40759748
9330020H09Rik,0.020553343,0.68363786
4930415O20Rik,0.0,1.0
Adcy6,0.0015407633,0.9560194
Cacnb3,-0.011150054,0.4226497
Ddx23,-0.05095988,0.34091237
Rnd1,0.0,1.0
Ccdc65,0.0,1.0
Fkbp11,0.00527434,0.42264965
Arf3,0.09746638,0.16936092
Wnt10b,0.0,1.0
Ddn,0.0,1.0
B130046B21Rik,0.0031098668,0.8218362
Prkag1,0.014700204,0.88010615
Kmt2d,0.012047008,0.7554842
Rhebl1,-0.0154638095,0.5892225
Dhh,0.0,1.0
Lmbr1l,-0.008041978,0.8334397
Tuba1b,0.14005911,0.43803236
Tuba1a,-0.0064736605,0.92103386
4930578M01Rik,0.0,1.0
Tuba1c,0.108719386,0.17926522
Prph,0.0,1.0
Troap,0.0,1.0
Dnajc22,0.0,1.0
Spats2,-0.0017814972,0.9162325
Kcnh3,0.0,1.0
Mcrs1,0.02935499,0.46542734
Fam186b,0.0,1.0
Prpf40b,0.02764517,0.39577064
Fmnl3,0.030924125,0.5328066
Tmbim6,0.03465092,0.80846566
Nckap5l,0.036794614,0.20095178
Nckap5los,0.009393361,0.4226497
Bcdin3d,0.010187712,0.6075541
Faim2,-0.011665718,0.24896093
Aqp2,0.0,1.0
Aqp5,0.0,1.0
Racgap1,0.02275896,0.73727477
Asic1,-0.0076771323,0.4226497
Gm17349,0.0,1.0
Smarcd1,-0.06866438,0.06526741
Gm16537,0.0,1.0
Gpd1,0.014405973,0.21128689
Cox14,-0.04636976,0.52117157
Cers5,-0.03454855,0.39391577
Gm17058,-0.014786988,0.42264965
Lima1,-0.03254248,0.6038998
Gm17057,0.0,1.0
Fam186a,0.0,1.0
Gm21917,0.0,1.0
Larp4,0.042436562,0.5731247
2310068J16Rik,-0.009085613,0.6025181
Dip2b,0.048112035,0.7024379
Atf1,-0.072384566,0.543555
Mettl7a1,0.06699419,0.019712681
Mettl7a3,0.0,1.0
Mettl7a2,0.0,1.0
Slc11a2,-0.005530007,0.85621566
Gm5475,0.0,1.0
5330439K02Rik,-0.0055062226,0.42264965
Letmd1,0.06494999,0.18442357
Csrnp2,-0.020877985,0.27262363
Tfcp2,-0.010304619,0.4226497
Pou6f1,-0.029943332,0.5809606
Gm20680,0.0,1.0
Gm27209,-0.013735198,0.4226497
C330013E15Rik,0.0,1.0
Dazap2,0.11983627,0.25106993
Smagp,0.02250978,0.3851432
Bin2,0.09454343,0.34942907
Cela1,0.006637106,0.4226497
Galnt6,-0.018888116,0.6927318
Slc4a8,-0.026175378,0.42264965
Scn8a,0.0,1.0
Fignl2,0.0,1.0
Acvrl1,0.01862738,0.29212934
Acvr1b,-0.0064433366,0.86506975
A330009N23Rik,0.0,1.0
Grasp,-0.069404855,0.20264396
Nr4a1,0.14484191,0.42947066
Atg101,0.1392795,0.23700567
6030408B16Rik,0.0,1.0
Krt80,0.0,1.0
Krt7,0.0,1.0
Krt86,0.0,1.0
5430421N21Rik,0.070399985,0.17226572
Krt73,0.0,1.0
Krt2,0.0,1.0
Krt1,0.0,1.0
Krt77,0.0,1.0
Krt79,0.0,1.0
Krt78,0.0,1.0
Krt8,0.0,1.0
Krt18,0.0,1.0
Eif4b,0.021739423,0.84056735
Tns2,0.0,1.0
Spryd3,0.03321389,0.6749735
Igfbp6,0.033858392,0.20053324
Soat2,0.038604144,0.32026306
Csad,0.008671077,0.26343477
Zfp740,-0.038140543,0.2520198
Itgb7,0.06935221,0.697343
Rarg,0.02557721,0.44442523
Gm9918,0.0,1.0
Mfsd5,0.023649707,0.5244309
Espl1,0.012710571,0.4226497
Pfdn5,0.11394644,0.32556474
Myg1,-0.023941822,0.6320345
Aaas,-0.06330772,0.3481786
Sp7,0.0,1.0
Sp1,0.11765862,0.23023133
Amhr2,0.0,1.0
Gm26518,-0.034030296,0.58237374
Prr13,-0.03506291,0.7862729
Pcbp2,0.009805679,0.9041384
Map3k12,0.0072177434,0.70617896
Tarbp2,0.067106284,0.13501701
Npff,0.009236618,0.42264977
Gm28047,0.0,1.0
Atf7,0.008919895,0.8797625
Atp5g2,0.06892741,0.48873132
Calcoco1,0.052271217,0.39610195
Smug1,-0.035751823,0.31799182
Cbx5,0.05170609,0.3721503
Hnrnpa1,-0.014152825,0.92106366
Nfe2,-0.004221112,0.42264977
Copz1,0.07420562,0.24583031
Gpr84,0.09612133,0.0012871253
Zfp385a,0.00812878,0.64954406
Itga5,0.0,1.0
Gtsf1,0.0,1.0
Nckap1l,0.0150633305,0.84533983
Pde1b,0.00929911,0.42264977
Ppp1r1a,0.0,1.0
Glycam1,0.0,1.0
Mucl2,0.0,1.0
Mefv,0.0,1.0
Zfp263,0.04025239,0.49824336
Zfp174,0.0,1.0
Zfp597,-0.017656233,0.1843467
Gm26675,0.0,1.0
Naa60,-0.06742221,0.2636503
1700037C18Rik,-0.01219837,0.5760977
Cluap1,-0.027858518,0.6379037
Gm15537,-0.0044483864,0.42264965
Nlrc3,0.11432764,0.069333225
Slx4,-0.012259481,0.5018411
Gm15879,0.0,1.0
Dnase1,0.0,1.0
Trap1,0.025850229,0.52651185
Crebbp,0.0034219623,0.9380375
Adcy9,0.045202818,0.45021373
Srl,0.0074362312,0.42264977
Tfap4,0.044805728,0.11319852
Glis2,0.0,1.0
Pam16,-0.023866653,0.77420235
Coro7,-0.030415528,0.44256338
Vasn,0.0,1.0
Dnaja3,0.03279802,0.37238464
Nmral1,0.021525528,0.32625905
Hmox2,0.084907055,0.12216376
Gm15859,0.0022473782,0.8676568
Cdip1,0.015312482,0.73260564
4930562C15Rik,0.0,1.0
Ubald1,0.052666813,0.50342244
Mgrn1,0.026647251,0.6060236
Gm16861,0.0074362312,0.42264977
Nudt16l1,-0.033575132,0.53540117
Anks3,0.054699633,0.4046791
4930451G09Rik,0.0,1.0
Smim22,0.0,1.0
Rogdi,-0.035951205,0.28669658
Glyr1,0.03103882,0.300807
Ubn1,0.031341016,0.66643476
Ppl,0.0,1.0
Sec14l5,0.0,1.0
Nagpa,0.087210715,0.34290728
AU021092,0.0,1.0
Alg1,0.014451429,0.81019825
Eef2kmt,-0.037107445,0.5271793
Rbfox1,0.0,1.0
Mettl22,0.014293959,0.65349036
Abat,-0.008618932,0.530419
Tmem186,0.011013608,0.41071787
Pmm2,0.035495363,0.28467196
Carhsp1,0.075367935,0.11716927
Gm43786,0.0,1.0
Usp7,0.114588544,0.33905536
1810013L24Rik,-0.08326899,0.104288116
Grin2a,0.0,1.0
Rpl39l,0.014665644,0.42264965
Atf7ip2,0.0,1.0
Emp2,0.014282773,0.42264965
Tekt5,0.0,1.0
Nubp1,-0.029158592,0.44650337
Tvp23a,0.0,1.0
Ciita,0.008457402,0.4226497
Dexi,0.060078733,0.18585527
Clec16a,0.020498995,0.26754168
Socs1,0.308663,0.057828046
Gm26822,0.0,1.0
Rmi2,-0.007778771,0.7136452
Gm21859,0.0091543645,0.4226497
Litaf,0.21459779,0.16173549
Gm4262,0.0,1.0
Snn,0.04722974,0.18471116
Txndc11,-0.06210874,0.45596832
Zc3h7a,-0.010376573,0.9153008
4930509G22Rik,0.0,1.0
Rsl1d1,-0.050796777,0.724922
2610020C07Rik,0.008762226,0.42264965
Gspt1,0.091453865,0.03360779
Tnfrsf17,0.0074362312,0.42264977
Snx29,0.012882775,0.5018773
Gm4279,0.0,1.0
Cpped1,0.016419476,0.64002633
Shisa9,0.0,1.0
Ercc4,-0.011008292,0.69742656
Mkl2,-0.0560616,0.040352494
Parn,0.021257095,0.30358
Bfar,0.12435964,0.019030806
3110001I22Rik,0.008670624,0.425592
Rrn3,0.003720753,0.88884467
Ntan1,0.046995252,0.69666725
Pdxdc1,0.05022084,0.43952107
Mpv17l,0.01870199,0.26712722
Ifitm7,0.0,1.0
2900011O08Rik,0.014090579,0.4226497
Marf1,0.034968138,0.7923104
Nde1,0.083718844,0.106142074
Myh11,0.0,1.0
Fopnl,0.02137509,0.7887445
Abcc1,-0.018711641,0.72194356
Snai2,0.0,1.0
Efcab1,0.0,1.0
Gm21897,0.0,1.0
Ube2v2,0.1007456,0.1117177
Mcm4,-0.037530057,0.44624302
Prkdc,-0.029612899,0.35059315
Mzt2,0.0397942,0.39397094
Spidr,-0.025461506,0.38077432
Pkp2,0.0,1.0
Yars2,0.02877824,0.23881747
Dnm1l,-0.09834318,0.082068406
Fgd4,0.01709931,0.4226497
Spag6l,0.014999765,0.4226497
Igll1,0.0,1.0
Vpreb1,-0.017837917,0.33785614
Top3b,0.049428545,0.44669157
Ppm1f,0.011009444,0.59336716
Mapk1,0.06133285,0.6221936
1700056N10Rik,0.032659687,0.2221487
Ypel1,-0.008060855,0.72308666
Ppil2,0.08095786,0.34005383
2610318N02Rik,0.017682884,0.20932227
Sdf2l1,0.0049029887,0.9489655
Ccdc116,0.0,1.0
Ydjc,0.036467377,0.15731119
Ube2l3,0.035098433,0.81580925
Gm15648,-0.013805509,0.5837552
Rimbp3,0.0,1.0
Hic2,0.0033086315,0.89358413
Gm26635,0.0,1.0
Tmem191c,0.06881111,0.2132094
Pi4ka,-0.01619272,0.715862
Serpind1,0.0,1.0
Snap29,-0.018270295,0.7316628
Crkl,0.011696623,0.51161337
Aifm3,-0.007979158,0.4226497
Lztr1,0.012611669,0.7194704
Thap7,0.012625754,0.8365544
Lrrc74b,0.0,1.0
P2rx6,0.0,1.0
Slc7a4,0.0,1.0
Smpd4,-0.0394868,0.39413232
Ccdc74a,0.0,1.0
Med15,0.047983028,0.3656956
Klhl22,0.034430366,0.009340231
Scarf2,0.00527434,0.42264965
Car15,0.0,1.0
Gm20518,0.0,1.0
Dgcr2,-0.052262057,0.034789097
Tssk1,0.0,1.0
Dgcr14,-0.010675132,0.72979134
Slc25a1,0.078474656,0.2845275
Dgcr6,-0.0064733997,0.9017787
Prodh,0.006649444,0.73564893
Rtn4r,0.0,1.0
Zdhhc8,0.0063418373,0.9151187
Ranbp1,0.10248071,0.32849842
Trmt2a,0.013577588,0.8889089
Dgcr8,0.016964171,0.754291
Tango2,0.06579153,0.0806951
Arvcf,0.013407764,0.18833227
Comt,0.12629007,0.057473868
Txnrd2,-0.033945795,0.49162182
Gnb1l,-0.008662805,0.4226497
Gm16314,0.0,1.0
Tbx1,0.0,1.0
Gp1bb,0.017673234,0.4226497
Sept5,0.0,1.0
Cldn5,-0.0057322513,0.4226497
Cdc45,0.0,1.0
Ufd1l,0.19156262,0.0062555615
2510002D24Rik,-0.062376425,0.21839957
Mrpl40,-0.0057745427,0.87727
Hira,-0.011467487,0.8107405
Lamp3,0.0,1.0
B3gnt5,-0.069122955,0.24849293
A930003A15Rik,0.0,1.0
Klhl6,-0.019219875,0.7289827
Klhl24,-0.010554552,0.8936162
Yeats2,-0.060348358,0.22612657
Map6d1,0.007707103,0.7034987
Parl,0.0058912486,0.9447993
Cyp2ab1,0.0,1.0
Abcc5,-0.0426258,0.2522125
Eif2b5,0.064782366,0.14688222
Dvl3,0.0075534005,0.59806365
Ap2m1,0.027641773,0.7417782
Abcf3,-0.047958873,0.22763291
Vwa5b2,0.0,1.0
Alg3,-0.012860509,0.66357845
Ece2,-0.022882147,0.5013623
Camk2n2,0.0058178324,0.37633678
Psmd2,0.10687864,0.15930149
Eif4g1,0.045710146,0.18815091
Fam131a,0.02252492,0.12195186
Clcn2,0.0,1.0
Polr2h,0.045912027,0.06822697
Thpo,0.0,1.0
Chrd,0.0,1.0
Ephb3,0.0,1.0
Vps8,-0.0017219037,0.9150762
2510009E07Rik,0.019506494,0.22783943
Ehhadh,0.01311656,0.41894227
1300002E11Rik,0.10847314,0.10490289
Map3k13,0.0,1.0
Tmem41a,-0.017115483,0.39995265
Liph,0.0,1.0
Senp2,0.07374369,0.36623186
Igf2bp2,-0.00022816006,0.9854764
Tra2b,0.042824745,0.75667584
Etv5,-0.009476753,0.78599596
Dgkg,0.0,1.0
9230117E06Rik,0.0,1.0
Tbccd1,0.017024664,0.38667697
Dnajb11,0.026052058,0.7307222
Fetub,0.0,1.0
Kng2,0.0,1.0
Eif4a2,0.04095006,0.76340204
Rfc4,0.05925066,0.2948701
BC106179,0.0,1.0
St6gal1,-0.028893162,0.1556055
Rtp1,0.0,1.0
Masp1,0.0,1.0
Rtp4,0.1309785,0.2713244
Sst,0.0,1.0
Bcl6,-0.005093336,0.93482435
Lppos,0.008725278,0.87667084
Lpp,0.0960215,0.174874
A230028O05Rik,0.0,1.0
Tprg,0.0,1.0
Trp63,0.0,1.0
Gm4524,0.0,1.0
P3h2,0.018618986,0.4789807
Cldn1,0.0,1.0
Il1rap,0.072574295,0.14577633
Gmnc,0.0,1.0
Ostn,0.0,1.0
Ccdc50,0.15685949,0.18846464
Fgf12,0.0,1.0
Mb21d2,0.0,1.0
Hrasls,0.0,1.0
Atp13a5,0.0,1.0
Atp13a4,0.0,1.0
Opa1,0.01855991,0.77427995
Gm26834,0.0,1.0
Gm26569,0.0,1.0
4632428C04Rik,0.0,1.0
Hes1,-0.0054469705,0.91479903
Gm26562,0.0,1.0
Gp5,0.006637106,0.4226497
Atp13a3,0.105517134,0.56819993
Tmem44,0.011245873,0.185068
Lsg1,-0.00014780462,0.9971242
Fam43a,0.04552072,0.25556353
Xxylt1,0.008735738,0.42264965
Acap2,0.047772802,0.049306966
Ppp1r2,0.061501354,0.5267513
Apod,0.12740725,0.24387424
Bdh1,0.04071738,0.55168796
Gm15743,-0.005987111,0.4226497
Dlg1,-0.07787596,0.070298746
Mfi2,0.0,1.0
Pigz,-0.0077162487,0.54183453
0610012G03Rik,-0.004764527,0.93862075
Ncbp2,0.07229485,0.19365154
Senp5,0.058947343,0.25290906
Pak2,0.17853951,0.09214424
Pigx,-0.03218198,0.31051478
Cep19,0.019738525,0.34837297
Nrros,-0.04913137,0.37016112
Bex6,0.0,1.0
Fbxo45,0.009406928,0.7052006
Wdr53,-0.006506349,0.64938325
Smco1,0.0,1.0
Rnf168,-0.012429602,0.72753036
Ubxn7,0.030753419,0.72235304
Tctex1d2,-0.018004743,0.58279264
Pcyt1a,0.03375089,0.37269095
Slc51a,0.0,1.0
Zdhhc19,0.0,1.0
Tfrc,-0.00846719,0.88703555
Tnk2,0.035109848,0.43043798
Muc4,0.0,1.0
Rubcn,0.089050025,0.025019428
Fyttd1,0.032106653,0.49388433
Lrch3,0.057236142,0.14393917
Iqcg,-0.0076771323,0.4226497
Rpl35a,-0.27088833,0.04957874
Lmln,0.0,1.0
Osbpl11,-0.07345986,0.28338873
Snx4,0.047786318,0.4748188
1700007L15Rik,0.012165589,0.7723366
Zfp148,0.0534302,0.55438477
Slc12a8,-0.005535548,0.42264965
Heg1,0.091774344,0.16624035
Muc13,0.0,1.0
Itgb5,0.13433968,0.099115215
Umps,0.043209776,0.27953008
Gm15829,0.0,1.0
Kalrn,0.0052839965,0.5780098
Ccdc14,0.009999656,0.63432217
Mylk,0.0,1.0
Hacd2,0.0659376,0.63659775
Adcy5,-0.0033451049,0.4226497
Sec22a,0.046861295,0.08901459
Pdia5,0.013189142,0.18712325
Sema5b,0.0,1.0
Dirc2,-0.041111402,0.06838604
Hspbap1,0.0063651633,0.7384015
Parp14,-0.005406946,0.96522564
Dtx3l,0.020302415,0.79624015
Parp9,0.0040138885,0.92912203
Gm15564,0.0,1.0
Kpna1,0.027122319,0.7124682
Wdr5b,0.0,1.0
Fam162a,0.039140448,0.40375113
Ccdc58,0.055143654,0.44096994
Stfa2l1,0.0,1.0
Gm5483,0.0,1.0
Gm5416,0.0,1.0
2010005H15Rik,-0.01176745,0.4226497
Stfa1,0.0,1.0
BC100530,0.0,1.0
Stfa2,0.0,1.0
Stfa3,0.0,1.0
Cd86,-0.018684588,0.47313112
Ildr1,0.025855001,0.6764702
Slc15a2,0.0014653616,0.93548197
Eaf2,-0.0076771323,0.4226497
Iqcb1,-0.027844159,0.5111748
Golgb1,0.043966576,0.6519853
4930565N06Rik,0.0,1.0
Hcls1,0.22127372,0.04617981
Fbxo40,0.009393361,0.4226497
Polq,0.0,1.0
Stxbp5l,-0.0067972695,0.4226497
Gtf2e1,-0.0151492655,0.5472816
Rabl3,0.032370046,0.12517719
Hgd,0.0,1.0
Ndufb4,-0.08120191,0.63647974
Fstl1,-0.0076133297,0.4226497
RP23-198F11.3,0.0,1.0
Lrrc58,-0.029820114,0.5979359
Gpr156,0.0,1.0
Gsk3b,-0.054669917,0.36564454
Nr1i2,0.0,1.0
Maats1,0.0,1.0
Cox17,0.063618004,0.7337549
Popdc2,0.0,1.0
Pla1a,0.0,1.0
Adprh,0.07729612,0.24736562
D930030I03Rik,-0.0077227145,0.4226497
Cd80,0.023834527,0.2544743
Timmdc1,0.015391288,0.6698809
Poglut1,-0.008739442,0.6953731
Tmem39a,-0.06489024,0.23899896
Gm17103,0.0,1.0
Arhgap31,0.06932929,0.69241226
B4galt4,0.028332215,0.17498592
Upk1b,0.035669588,0.016349828
Igsf11,-0.026283382,0.13032238
Lsamp,-0.008320614,0.42264965
Gap43,0.0,1.0
Zbtb20,0.16935793,0.103854686
Gm9968,0.0,1.0
Gm15713,0.0,1.0
Tigit,-0.005356162,0.8467454
Qtrtd1,-0.007844258,0.8219174
Ccdc191,0.057915527,0.21601114
Zdhhc23,0.0,1.0
Gramd1c,0.006436322,0.7249988
Atp6v1a,0.09243966,0.39083406
Naa50,-0.002977118,0.975203
Usf3,-0.012416607,0.67097974
Sidt1,-0.095035985,0.2304214
Gm26732,0.0,1.0
Spice1,0.0032980293,0.89834064
Cfap44,0.0,1.0
Boc,0.0,1.0
Nepro,0.02623841,0.33052707
Gtpbp8,-0.031301554,0.42597175
Cd200r1,0.024238117,0.622498
Cd200r4,-0.0061537847,0.8567486
Cd200r3,0.0,1.0
Ccdc80,-0.00645259,0.4226497
Slc35a5,0.057164326,0.08715566
Atg3,0.06511626,0.44832793
Btla,0.00043413043,0.9921668
Cd200,0.0215582,0.29962435
Gm609,0.0,1.0
BC016579,0.0,1.0
Tmprss7,0.0,1.0
Tagln3,-0.021366619,0.19980395
Abhd10,0.017633751,0.74336493
Phldb2,0.0,1.0
Gm15640,0.0,1.0
Gm15638,-0.009104098,0.6714921
Plcxd2,0.06659588,0.6891029
Cd96,0.12788601,0.08624972
Pvrl3,-0.0034331195,0.4226497
Dppa2,0.0,1.0
Morc1,0.019496575,0.5278495
Trat1,-0.02918237,0.302914
Retnlg,0.0,1.0
Dzip3,-0.0008690804,0.98448753
C330027C09Rik,0.020418055,0.18725477
Myh15,0.0,1.0
Ift57,-0.011495642,0.75134873
Cd47,-0.02238655,0.71864545
Bbx,0.006628275,0.85680175
G730013B05Rik,0.0,1.0
Dubr,0.053760126,0.033384625
1700116B05Rik,0.0,1.0
Cblb,-0.047324702,0.68256223
Alcam,0.018132912,0.34765744
Nfkbiz,0.08813986,0.3325881
Nxpe3,0.026972339,0.68497735
Cep97,0.024265416,0.5540608
Rpl24,-0.072071314,0.42145103
Zbtb11os1,-0.005150348,0.87525016
Zbtb11,0.008031249,0.90347123
Pcnp,0.00017338991,0.9986179
Trmt10c,-0.0045125484,0.89997876
Senp7,0.1621791,0.23838314
Impg2,0.0,1.0
Abi3bp,-0.035583187,0.4226497
Tfg,0.05655904,0.52907526
Tmem45a,0.0,1.0
Tomm70a,0.049954735,0.271596
Nit2,-0.038299095,0.2434553
Gm16892,0.0,1.0
Tbc1d23,0.0081112385,0.8701359
Tmem30c,0.0,1.0
Cmss1,-0.027214034,0.50351286
Filip1l,0.01839991,0.4947499
Col8a1,0.0,1.0
Dcbld2,-0.010527202,0.42264977
St3gal6,0.0043963194,0.96507186
Gm813,0.0,1.0
Cpox,0.028961271,0.5330248
Cldnd1,0.07488379,0.577843
Mina,0.09851493,0.1514174
Crybg3,-0.015609632,0.5159251
Arl6,-0.004898945,0.89030796
Epha6,0.0,1.0
Nsun3,0.003831545,0.8241544
Arl13b,0.0052238405,0.84675395
Stx19,0.0,1.0
Pros1,0.091055185,0.29351097
Epha3,-0.003997823,0.7589308
4930453N24Rik,0.05449587,0.12755643
Zfp654,-0.0059783757,0.892314
Cggbp1,0.04940471,0.3178045
Htr1f,0.0,1.0
Pou1f1,0.0,1.0
Chmp2b,0.06915358,0.3607109
Vgll3,0.0,1.0
Cadm2,0.0018581552,0.78126925
Gbe1,0.00523711,0.8794597
Robo1,0.0,1.0
Robo2,0.0,1.0
Rbm11,0.012655378,0.42264977
Hspa13,-0.008434042,0.8118911
Samsn1,-0.037813306,0.5701139
Nrip1,-0.03494379,0.5519335
Gm9843,0.045149326,0.70755243
Usp25,0.03683743,0.75794923
Cxadr,-0.039544597,0.26186427
Btg3,-0.091907084,0.38703975
D16Ertd472e,-0.0439862,0.6500815
Chodl,0.0,1.0
Ncam2,0.0,1.0
Gm21833,0.0103058405,0.4226497
Mir155hg,0.06366184,0.25645697
Mrpl39,0.02769252,0.672515
Jam2,0.012768744,0.67878777
Atp5j,-0.03274834,0.55611104
Gabpa,-0.013702154,0.8003636
App,0.03820156,0.567331
Cyyr1,-0.01124378,0.42264977
Adamts1,0.04786133,0.4954051
Adamts5,0.0,1.0
N6amt1,0.13385355,0.008969451
Ltn1,-0.008636154,0.8675048
Rwdd2b,0.028287087,0.33302593
Usp16,0.10093686,0.27431065
Cct8,0.20704925,0.038181536
Map3k7cl,0.0,1.0
Bach1,0.020123467,0.64236873
2810407A14Rik,0.0,1.0
Grik1,0.0,1.0
Cldn8,0.0,1.0
Krtap8-1,0.0,1.0
Krtap7-1,0.0,1.0
Tiam1,-0.008405975,0.6933508
Sod1,-0.06686187,0.60156685
Scaf4,0.013548978,0.6506549
Hunk,0.0,1.0
Mis18a,0.06362655,0.42813691
Gm17518,-0.0039923578,0.4226497
Mrap,-0.008778044,0.42264965
Urb1,-0.020494241,0.34417388
Eva1c,0.0,1.0
1110004E09Rik,0.044412926,0.34743482
Synj1,0.07430834,0.57553285
Gm15965,0.0,1.0
Paxbp1,-0.0858988,0.19148754
4932438H23Rik,0.009620967,0.4226497
Gm9881,0.0,1.0
Olig2,-0.025491774,0.18982883
Olig1,-0.0014263093,0.97965926
Ifnar2,0.030786753,0.7525506
Il10rb,-0.0070991516,0.9281708
Ifnar1,0.11591369,0.09914936
Ifngr2,0.07779251,0.49791566
Tmem50b,0.0052587837,0.86007416
Dnajc28,0.007975965,0.42264965
Gart,0.08120699,0.089784615
Son,0.020580411,0.79400307
Donson,0.032429144,0.49109232
Atp5o,0.113067806,0.42488202
Cryzl1,-0.023823347,0.11884288
Itsn1,-0.00029337406,0.99215704
Mrps6,0.020592518,0.62516165
Slc5a3,0.041494336,0.18216448
Kcne2,0.0,1.0
Smim11,0.08342385,0.4306317
Rcan1,0.03423293,0.18422458
Clic6,-0.0051752306,0.4226497
Runx1,-0.012121119,0.85224676
Gm26626,0.0,1.0
Setd4,-0.051224913,0.2720154
Cbr1,-0.07585113,0.52528805
Cbr3,0.0,1.0
Dopey2,0.029689439,0.5578411
2310043M15Rik,0.0,1.0
Morc3,0.1834435,0.082591556
Chaf1b,-0.030910822,0.1099953
Cldn14,0.0,1.0
Hlcs,-0.01763215,0.68738204
Ripply3,-0.0034331195,0.4226497
Pigp,0.056669295,0.2812695
Ttc3,0.08662602,0.18200843
Dscr3,0.08623752,0.039248753
Dyrk1a,0.063389294,0.33376738
Kcnj6,0.0,1.0
Kcnj15,0.0,1.0
Erg,0.0,1.0
Ets2,0.03800596,0.4175571
Psmg1,0.01091817,0.8614375
Brwd1,-0.011545181,0.89516366
Hmgn1,0.124275655,0.10015823
Wrb,-0.018933885,0.6381846
Lca5l,0.0,1.0
Sh3bgr,0.009095277,0.4226497
B3galt5,-0.026538242,0.21857952
Igsf5,-0.0053430777,0.4226497
Itgb2l,0.0,1.0
Pcp4,0.0,1.0
Dscam,0.0,1.0
Bace2,0.0,1.0
Mx1,-0.034965895,0.38594317
Gm9242,0.0,1.0
Tmprss2,0.0,1.0
Ripk4,0.0,1.0
Prdm15,0.01884067,0.47296634
C2cd2,9.095855e-05,0.99710333
Zbtb21,0.030562501,0.38206944
C030010L15Rik,-0.0068645435,0.42264965
B230307C23Rik,-0.031002484,0.5321708
Scaf8,0.03937292,0.53891236
Tiam2,-0.002483932,0.42264965
Tfb1m,-0.002333128,0.8876984
Cldn20,0.0,1.0
Arid1b,-0.013751298,0.7162761
Tmem242,-0.036790084,0.4601953
Ldhal6b,0.0,1.0
Zdhhc14,0.018488638,0.18360956
3300005D01Rik,0.0,1.0
Snx9,0.006381331,0.4226497
Synj2,0.023704516,0.30639136
Serac1,0.0,1.0
Gtf2h5,0.11119068,0.38135695
Tulp4,0.010521501,0.87788117
Tmem181a,0.00088107586,0.9839006
Dynlt1a,0.0010637455,0.97128147
Gm26848,0.0,1.0
Dynlt1b,0.012044433,0.4226497
Dynlt1c,-0.008962065,0.84400696
Dynlt1f,0.009245299,0.7951028
Sytl3,0.17313851,0.011417531
Ezr,-0.03747493,0.5904412
Gm2885,0.0,1.0
Rsph3b,0.015975632,0.22900707
Tagap1,0.024541017,0.24464786
Rnaset2b,0.10794824,0.34074888
Rps6ka2,0.0,1.0
Fndc1,0.0,1.0
E430024P14Rik,-0.025144164,0.31158587
Tagap,0.1893313,0.20759611
Rsph3a,0.0053769834,0.7878716
Gm1604a,0.0,1.0
Rnaset2a,0.1570679,0.21534483
Fgfr1op,0.027949814,0.5067602
Ccr6,0.014535819,0.42264977
Mpc1,-0.040683866,0.5734622
Sft2d1,0.033211023,0.6555573
Prr18,-0.022623688,0.1839016
Gm16702,-0.040153515,0.1999369
T,0.0,1.0
Pde10a,0.0,1.0
1700010I14Rik,0.023259742,0.28577176
6530411M01Rik,0.0,1.0
Pabpc6,0.0,1.0
Qk,0.07852098,0.6786711
1700110C19Rik,0.0,1.0
Pacrg,0.0,1.0
A230009B12Rik,0.0048661754,0.6259969
Gm16168,-0.0033451049,0.4226497
Park2,-0.004923499,0.77930224
Gm28505,0.0,1.0
Agpat4,0.020816594,0.5698601
Map3k4,0.03620562,0.5881444
4732491K20Rik,0.0,1.0
Slc22a3,0.0,1.0
Slc22a2,0.0,1.0
Igf2r,0.096719295,0.35363534
Airn,0.02933041,0.19784456
Mas1,0.0,1.0
Pnldc1,0.0,1.0
Mrpl18,-0.14056313,0.27219182
Tcp1,0.18161362,0.16065787
Acat3,0.0,1.0
Acat2,-0.082260035,0.028476622
Wtap,0.10496999,0.15004963
Sod2,0.12746045,0.31076926
Gpr31b,0.0,1.0
Tcp10b,0.0,1.0
Unc93a,0.0,1.0
Tcte2,0.0,1.0
Gm16052,0.0,1.0
Gm16049,0.0,1.0
Mllt4,-0.051621832,0.39435226
Dact2,0.0,1.0
Smoc2,0.0,1.0
Thbs2,0.0,1.0
Wdr27,0.0,1.0
1600012H06Rik,0.029140789,0.046052195
Phf10,0.050559193,0.24798578
Gm3448,-0.0048064413,0.7777435
Ermard,0.0078118443,0.87720364
Tcte3,0.007858792,0.4226497
Gm28873,0.0,1.0
Dll1,0.0,1.0
A930024N18Rik,0.0,1.0
Fam120b,0.033392187,0.21749933
Psmb1,0.14719105,0.25871935
Tbp,0.04849469,0.47539663
Pdcd2,0.048487544,0.40700024
Prdm9,0.00527434,0.42264965
Chd1,-0.025322497,0.8953526
Rgmb,0.03938137,0.25831354
BC002059,0.010007475,0.3001024
Zfp960,-0.014786988,0.42264965
Zfp97,-0.041461334,0.08728979
Gm6712,0.00821128,0.42264965
Gm26873,0.0,1.0
Lix1,0.0,1.0
Lnpep,0.019931339,0.6411864
Spaca6,0.010501105,0.4226497
Has1,0.0,1.0
Fpr1,0.0,1.0
Fpr2,0.0,1.0
Gm7535,0.0,1.0
Ppp2r1a,0.0008893609,0.99337935
Zfp160,0.010550851,0.60427094
Zfp677,0.013369314,0.82725847
Zfp54,0.0,1.0
Zfp51,8.128583e-06,0.9998629
Gm26753,0.0,1.0
Zfp53,0.015011191,0.75170434
9330136K24Rik,0.0,1.0
Zfp52,0.017023556,0.3971602
Zfp948,0.0,1.0
3110052M02Rik,0.00721761,0.4226497
Gm10509,0.0,1.0
Gm10226,0.0,1.0
Zfp760,0.0356398,0.24381621
Zfp229,0.0,1.0
Zfp820,0.0,1.0
2210404O09Rik,-0.008645311,0.63131124
Zfp942,-0.060458526,0.12774797
Zfp943,-0.0027232058,0.9245059
Zfp947,0.0,1.0
Gm4944,-0.0033388436,0.85533506
Zfp944,0.03795833,0.45797482
Zfp758,-0.024561558,0.23852408
Zfp946,0.0058037955,0.80075777
Gm5493,0.0,1.0
Gm16386,0.0,1.0
Zfp945,0.12833008,0.111545466
Zfp40,0.007302044,0.641188
Zfp213,0.008035425,0.49257416
Zfp13,-0.0051752306,0.4226497
Zscan10,0.0,1.0
Mmp25,-0.015085297,0.57907337
Ccdc64b,0.0,1.0
Thoc6,-0.058640238,0.27184626
Hcfc1r1,0.007369727,0.9001021
Tnfrsf12a,-0.007380642,0.68850654
Cldn6,0.0,1.0
Cldn9,0.0,1.0
1520401A03Rik,0.0,1.0
Pkmyt1,-0.025300004,0.64539707
Paqr4,-0.0044744737,0.7640949
Kremen2,0.006381331,0.4226497
9530082P21Rik,0.00527434,0.42264965
Flywch1,0.023500811,0.46227506
Gm16275,0.0,1.0
Flywch2,-0.010262154,0.58032465
D930048G16Rik,-0.012844364,0.4226497
Srrm2,0.12696266,0.31452122
Tceb2,0.014709234,0.90606505
Prss33,0.0,1.0
Prss41,-0.008369705,0.4226497
Dcpp1,0.0,1.0
Sbp,0.0,1.0
Sbpl,0.0,1.0
Prss30,0.013047755,0.4226497
Prss27,0.0,1.0
Kctd5,-0.017701361,0.63781565
Pdpk1,-0.018453896,0.82854086
Amdhd2,0.03240226,0.42774197
Gm43796,0.0075360592,0.6741019
Atp6v0c,-0.012281389,0.23054901
Tbc1d24,0.032977737,0.16884401
1600002H07Rik,0.012977801,0.6411883
Ccnf,0.0,1.0
Abca17,0.0,1.0
Abca3,0.09303381,0.11292564
Rnps1,0.029009894,0.6835206
Eci1,0.0021687746,0.981361
Dnase1l2,0.0,1.0
E4f1,0.012675583,0.88971347
Pgp,0.111600734,0.12040165
Mlst8,0.0023411624,0.8638952
Bricd5,0.0,1.0
Caskin1,-0.0126196705,0.4226497
Traf7,0.09189999,0.06297746
Rab26,0.02082593,0.18537532
Rab26os,-0.050979055,0.1975067
Pkd1,-0.03867987,0.43934983
Tsc2,0.01448375,0.6955071
Nthl1,0.016923925,0.3318009
Slc9a3r2,-0.004018283,0.78092366
Npw,0.0,1.0
Zfp598,-0.08474371,0.00404093
Syngr3,0.0,1.0
Gfer,0.047688767,0.5658315
Noxo1,0.0,1.0
Tbl3,0.03187769,0.5814876
Rnf151,0.0,1.0
Rps2,-0.011559248,0.8972516
Snhg9,0.17523158,0.08981311
Ndufb10,0.06549156,0.39156255
Rpl3l,0.0,1.0
Msrb1,-0.043262415,0.23177901
Hs3st6,0.0,1.0
Hagh,0.09054203,0.40695605
Fahd1,0.010408123,0.5924184
Igfals,0.0,1.0
Nubp2,-0.020219345,0.3430414
Spsb3,-0.04627645,0.28604698
Eme2,0.054698188,0.11121145
Mapk8ip3,0.050463982,0.20310923
Mrps34,0.029197246,0.743299
Nme3,0.0018859021,0.944667
Hn1l,-0.01248007,0.40642858
Cramp1l,-0.01811194,0.5475979
Ift140,0.008994065,0.6560206
Tmem204,0.0,1.0
Telo2,0.05030019,0.08753018
Ptx4,0.0,1.0
Clcn7,0.036552783,0.05191618
Ccdc154,0.0,1.0
BC003965,0.09628354,0.16881345
Unkl,0.033225916,0.6368062
Gnptg,0.14225997,0.13244364
Tsr3,-0.020543054,0.5266969
Baiap3,-0.07072099,0.39510506
Ube2i,-0.031004786,0.77213746
Prss34,0.0,1.0
Cacna1h,0.0,1.0
Tekt4,0.0,1.0
Sox8,0.010379776,0.5318144
Lmf1,0.029952608,0.5787003
Gng13,0.025604934,0.4226497
Chtf18,-0.0043231044,0.7591706
Rpusd1,0.010345285,0.27276066
Mslnl,0.0,1.0
Msln,0.0,1.0
Narfl,-0.050868742,0.42727366
Haghl,0.0035813525,0.9433206
Ccdc78,0.0,1.0
Fam173a,0.20678386,0.027447978
Metrn,0.0994561,0.1604531
Gm26694,0.0,1.0
Fbxl16,0.0,1.0
Wdr24,0.007418819,0.75114214
Jmjd8,0.023598067,0.3779329
Stub1,-0.0024767816,0.98252374
Rhbdl1,0.0,1.0
Rhot2,0.007884547,0.8224214
Wdr90,-0.0104549285,0.4913797
Fam195a,0.014020177,0.54005307
0610011F06Rik,0.056620717,0.21995331
Wfikkn1,0.0,1.0
Rab40c,0.006927617,0.84728056
Pigq,-0.03673216,0.26070747
Nhlrc4,0.0,1.0
A930017K11Rik,0.0113992365,0.42264977
D630044L22Rik,0.0,1.0
Capn15,0.016273512,0.4371879
1700022N22Rik,-0.0031259065,0.7579975
Rab11fip3,0.047456637,0.11166546
Decr2,-0.02404643,0.18573636
Nme4,-0.0129910605,0.21394251
Gm8186,-0.18888997,0.022204392
Tmem8,0.022072416,0.652176
Mrpl28,0.045556307,0.48865926
Axin1,-0.042579114,0.48507053
Pdia2,0.0,1.0
Arhgdig,0.0,1.0
Rgs11,-0.019205345,0.4226497
Fam234a,0.019283546,0.26379824
Luc7l,0.06625976,0.49121583
Neurl1b,-0.005037628,0.4226497
Dusp1,0.3813628,0.032179095
Gm8225,0.0,1.0
Ergic1,-0.027663399,0.49034822
Atp6v0e,0.0946393,0.5608578
Crebrf,0.16328874,0.09549141
Bnip1,-0.0054512005,0.8310146
Gm17382,0.0,1.0
Kifc5b,-3.2680575e-05,0.99564105
Phf1,-0.021111652,0.7870971
Cuta,-0.024055421,0.8295627
Syngap1,-0.0033451049,0.4226497
Zbtb9,0.0,1.0
Ggnbp1,0.012130909,0.42264977
Bak1,0.03931856,0.41582447
Itpr3,-0.04788486,0.37672898
Uqcc2,-0.0771071,0.4716317
Ip6k3,0.0,1.0
Lemd2,0.032143347,0.52883214
Gm26724,0.007829625,0.8440025
Gm10505,-0.003960776,0.4226497
Grm4,0.0,1.0
Hmga1,0.12883604,0.04416686
AI413582,0.069607496,0.32471052
Nudt3,-0.047987387,0.4204529
Rps10,-0.08289504,0.26102695
Gm15420,0.0,1.0
Pacsin1,0.019026361,0.6635537
Spdef,0.0,1.0
D17Wsu92e,0.072157815,0.291321
Snrpc,0.049657673,0.64473456
Uhrf1bp1,0.0068730167,0.42264965
Taf11,0.060776487,0.43588072
Anks1,0.0077188257,0.75934774
Gm15598,0.0,1.0
Tcp11,0.009858832,0.4226497
Scube3,0.0,1.0
Zfp523,-0.0124715995,0.6730155
Def6,-0.012581944,0.8204811
Ppard,0.03124392,0.29328626
Fance,0.033482477,0.2864943
Rpl10a,-0.09691334,0.4080019
Tead3,-0.0073912386,0.4226497
Tulp1,0.0,1.0
Fkbp5,0.0335813,0.67721075
Gm20109,-0.0023527541,0.85464644
E230001N04Rik,0.0018750206,0.95886546
Lhfpl5,0.0,1.0
Srpk1,0.04733193,0.53753424
Slc26a8,0.0,1.0
Mapk14,0.031943277,0.571603
Mapk13,0.0,1.0
Brpf3,0.016575612,0.24210244
Pnpla1,0.0,1.0
4930539E08Rik,0.0,1.0
Kctd20,-0.01366885,0.7689475
Stk38,-0.095564604,0.3771719
Gm16196,0.0,1.0
Srsf3,0.16570169,0.27847284
Trp53cor1,0.0,1.0
Cdkn1a,0.13861334,0.046693005
Rab44,0.0,1.0
Cpne5,0.0,1.0
Ppil1,-0.046579804,0.29750994
BC004004,0.031880513,0.48144585
Pi16,0.0,1.0
Mtch1,0.0094754845,0.75036395
Fgd2,0.064767435,0.17523685
Gm26885,0.0,1.0
Pim1,-0.03725958,0.7421489
Tmem217,0.0,1.0
Tbc1d22b,-0.037456192,0.30779
Tbc1d22bos,0.0,1.0
Rnf8,0.053150255,0.33141515
Gm28043,0.008457402,0.4226497
Cmtr1,-0.019608803,0.64669865
Ccdc167,-0.033808406,0.53881407
Mdga1,0.016509656,0.4226497
Zfand3,0.05086556,0.30788973
Btbd9,-0.0023909807,0.9754879
Glo1,-0.058449656,0.5668365
1700097N02Rik,0.0165946,0.47349283
Dnah8,0.077325106,0.014305808
Umodl1,0.0,1.0
Abcg1,0.090654,0.22955263
Ubash3a,0.01796189,0.6560187
Rsph1,0.011462866,0.42264965
Slc37a1,-0.0061572604,0.8337828
Pde9a,0.0,1.0
Wdr4,-0.02152836,0.37672332
Ndufv3,-0.123698354,0.41456124
4833413E03Rik,0.0,1.0
Pknox1,-0.005759597,0.89354634
Cbs,0.008551011,0.4226497
U2af1,0.0068275332,0.9452769
Cryaa,0.0,1.0
Sik1,0.0017133951,0.960946
Hsf2bp,0.0,1.0
Rrp1b,0.14014803,0.18582198
Gm17276,0.0,1.0
Notch3,-4.085712e-05,0.99761814
Ephx3,0.0,1.0
Brd4,0.1112175,0.16715524
Gm26549,0.0,1.0
Akap8,0.07559551,0.32814282
Akap8l,0.122835755,0.19665648
Wiz,0.03291464,0.50221294
Gm26858,0.0,1.0
Rasal3,-0.013702124,0.91698754
Pglyrp2,0.05185184,0.43277717
Cyp4f17,0.0,1.0
Cyp4f16,0.04528077,0.16053848
Cyp4f15,-0.0034331195,0.4226497
Zfp871,0.050900638,0.06645077
Gm17115,-0.0089130355,0.42264977
Zfp811,-0.003960776,0.4226497
Gm26693,0.0,1.0
Zfp799,-0.019640649,0.5154225
Zfp870,0.0,1.0
Cyp4f14,0.0,1.0
Cyp4f13,0.02187538,0.5740962
Zfp472,0.043763284,0.32914388
Zfp952,0.008595731,0.81860125
Zfp763,-0.028355092,0.29551706
Zfp563,0.014420774,0.4226497
Morc2b,0.0,1.0
Zfp955a,-0.014368669,0.4226497
Zfp955b,-0.013543889,0.18931542
Zfp81,-0.044393603,0.13156393
Zfp101,-0.07649727,0.28327176
Actl9,0.0,1.0
Adamts10,0.06810245,0.13583618
Myo1f,-0.051231757,0.6173935
Zfp414,-0.037009384,0.2995779
Pram1,-0.011307535,0.42264977
Hnrnpm,0.13137978,0.03292615
March2,0.077331975,0.4337224
Rab11b,0.07198933,0.51290375
Angptl4,0.0,1.0
Kank3,-0.015052541,0.60342276
Rps28,-0.18808651,0.59869456
Ndufa7,0.09889054,0.13403803
Cd320,0.048388824,0.19130532
Kifc1,-0.0054623517,0.42264965
Platr17,-0.015378233,0.5539077
BC051226,0.012094475,0.550949
Daxx,-0.021319374,0.5998064
Tapbp,0.09100044,0.60794944
Zbtb22,0.05346144,0.1847853
Gm19412,0.0,1.0
Rgl2,0.035965428,0.42263126
Pfdn6,0.05522868,0.6283908
Wdr46,0.030733868,0.27073464
B3galt4,-0.03679302,0.37535203
Rps18,-0.19866538,0.07166713
Vps52,0.0007791035,0.9787755
H2-K1,0.034244537,0.7677177
Ring1,0.009536937,0.8309906
H2-Ke6,0.05668643,0.22844858
Slc39a7,0.0065068156,0.9447163
Rxrb,0.07573432,0.092121206
Col11a2,0.0029878449,0.75124526
BC051537,0.0,1.0
H2-Oa,-0.0069452934,0.81177634
Brd2,0.18014559,0.19462708
H2-DMa,0.035761535,0.63886756
H2-DMb2,0.008447087,0.6869385
H2-DMb1,0.017268404,0.5075534
Psmb9,0.004906535,0.9259266
Tap1,0.1371246,0.13484393
Psmb8,0.11830938,0.28672668
Tap2,0.09285256,0.29925808
Gm15821,0.0,1.0
H2-Ob,0.036013294,0.107912056
Gm20506,-0.010723247,0.42264965
H2-Ab1,-0.048468996,0.46917036
H2-Aa,-0.08962664,0.41202176
H2-Eb1,-0.06423369,0.5636996
H2-Eb2,0.011191041,0.42264977
Btnl2,0.0,1.0
BC051142,-0.0029107232,0.42264977
Notch4,0.0,1.0
Gpsm3,0.014724374,0.80322
Pbx2,0.028027546,0.46285027
Ager,0.0,1.0
Rnf5,0.08491258,0.18851773
Gm20463,0.0,1.0
Agpat1,-2.1241605e-05,0.99959326
Egfl8,-0.009320215,0.5535445
Ppt2,-0.009934813,0.8742286
Prrt1,0.014141083,0.6054988
Fkbpl,-0.02022295,0.30615133
Atf6b,0.009073436,0.7440813
Tnxb,0.0,1.0
C4b,0.02177973,0.13221604
Cyp21a1,0.0,1.0
Stk19,0.024840537,0.6533459
Dxo,0.002188243,0.98075753
Skiv2l,0.080785856,0.04013532
Nelfe,0.007784091,0.90666115
Cfb,0.0,1.0
C2,-0.0044483864,0.42264965
Zbtb12,-0.013725168,0.5460983
Ehmt2,-0.0036836267,0.92343205
Slc44a4,0.0,1.0
Neu1,0.0913645,0.20487452
Hspa1b,0.061951373,0.5565876
Hspa1a,0.019106388,0.8056939
Gm20481,0.0,1.0
Hspa1l,0.0,1.0
Gm10501,0.0103058405,0.4226497
Lsm2,0.03765972,0.52443373
Vars,0.033537418,0.6400774
Vwa7,-0.011307535,0.42264977
Sapcd1,-0.004359427,0.8149274
Msh5,0.009095277,0.4226497
Clic1,0.08828378,0.48499337
Ddah2,0.0057356614,0.61684793
G6b,0.0,1.0
Ly6g6c,0.0,1.0
Ly6g6d,0.003959677,0.4226497
Ly6g6e,0.0,1.0
Ly6g6f,0.0,1.0
Abhd16a,-0.035039768,0.72385156
Ly6g5b,-0.042737268,0.3527629
Csnk2b,0.11343372,0.24149394
Gpank1,-0.039142787,0.678595
Gm20522,0.0,1.0
D17H6S53E,0.0052984282,0.7884868
Apom,0.0,1.0
Bag6,0.07203603,0.23822078
Prrc2a,0.12169877,0.32131684
Gm17705,0.0,1.0
Aif1,0.10237117,0.09770874
Lst1,-0.009807449,0.70524
Ltb,0.083889246,0.6274834
Tnf,0.032140195,0.7758189
Lta,0.057857346,0.27970833
Nfkbil1,-0.020319507,0.56099236
Gm16181,0.0,1.0
Atp6v1g2,-0.00934313,0.68353707
Ddx39b,-0.09502727,0.42510727
H2-D1,-0.031534433,0.6396482
H2-Q1,0.0,1.0
H2-Q2,0.0,1.0
Gm11131,0.050957613,0.37266824
H2-Q4,0.32903683,0.012430404
H2-Q6,0.16391873,0.2925217
H2-Q7,-0.12191033,0.20933557
H2-Q10,-0.024392068,0.68995553
Pou5f1,0.017962838,0.21157241
Tcf19,0.014443621,0.6305887
Cchcr1,0.00899568,0.62986207
Psors1c2,0.0,1.0
Sfta2,0.0,1.0
Vars2,-0.002460353,0.8594131
Gtf2h4,0.04606203,0.14131278
Ddr1,-0.005254044,0.6839971
Gm4577,0.0,1.0
Gm20443,0.0,1.0
Gm20442,0.0,1.0
Ier3,0.16968966,0.1675496
Flot1,0.09581578,0.25521114
Tubb5,0.12756252,0.37865078
Mdc1,-0.04074394,0.53086615
Ppp1r18os,0.008551011,0.4226497
Nrm,-0.025757141,0.4927676
Ppp1r18,0.23106968,0.05854156
Dhx16,0.0102176815,0.74391115
2310061I04Rik,-0.039708443,0.37819985
Gm16279,0.0,1.0
Atat1,-1.8485822e-05,0.9992954
Mrps18b,0.010377139,0.83056056
Ppp1r10,0.14277929,0.24091767
Abcf1,0.19418369,0.047001995
Prr3,0.02850731,0.49390826
Gnl1,-0.009768456,0.4900163
Gm20508,0.0,1.0
A930015D03Rik,0.00527434,0.42264965
H2-T24,0.006351034,0.73914105
H2-T23,0.022176981,0.8766891
H2-T22,0.07698214,0.36413842
Gm11127,0.0,1.0
BC023719,0.0,1.0
Gm19684,0.0,1.0
Gm20478,0.0,1.0
Rpp21,-0.103857934,0.20927906
Trim39,-0.013359062,0.66031337
Trim26,-0.09275907,0.48827422
Trim10,0.0,1.0
Rnf39,0.0,1.0
Ppp1r11,0.02550733,0.79112387
Znrd1,-0.021106392,0.82311594
Znrd1as,-0.026219904,0.4226497
2410137M14Rik,0.0,1.0
H2-M5,0.0,1.0
Zfp57,0.0,1.0
Mog,-0.031352043,0.20679772
Gabbr1,-0.025639579,0.77065706
H2-M3,0.065383434,0.44387934
H2-M2,-0.017771482,0.4226497
Olfr111,0.0,1.0
Gm26917,0.3271454,0.27531302
Gm42418,-0.6803136,0.35832936
AY036118,-0.73719,0.22983992
9130008F23Rik,0.03551192,0.4226497
Cenpq,-0.023744866,0.7061489
Mut,0.09610216,0.114228226
Ptchd4,0.0,1.0
Adgrf4,-0.0057322513,0.4226497
Adgrf2,0.0,1.0
Cd2ap,0.060885653,0.561552
Tnfrsf21,0.017897375,0.083801374
Adgrf5,0.027130673,0.4226497
Mep1a,0.0,1.0
Ankrd66,0.0,1.0
Pla2g7,-0.0014709793,0.9717835
1700071M16Rik,0.0,1.0
Tdrd6,0.0,1.0
Slc25a27,-0.0065569794,0.67958075
Cyp39a1,0.0,1.0
Rcan2,-0.041422307,0.2963162
Enpp5,-0.037270937,0.3839111
Enpp4,0.0067352243,0.7767679
Clic5,-0.0061805197,0.4226497
Runx2,0.100553066,0.03531089
Runx2os2,0.0,1.0
Runx2os1,-0.014183775,0.38658354
Supt3,-0.028138138,0.53390026
Cdc5l,0.19358093,0.21388198
B230354K17Rik,0.01196361,0.66283816
Spats1,0.0,1.0
Aars2,-0.0012558028,0.8886205
Tcte1,0.0,1.0
Tmem151b,0.0,1.0
Nfkbie,0.057637595,0.48796362
Slc35b2,-0.030306496,0.69066566
Hsp90ab1,0.12257743,0.4804874
Slc29a1,0.10823318,0.1348861
Gm17080,0.0,1.0
Capn11,0.0,1.0
Tmem63b,0.041498948,0.39427456
Mrpl14,0.024430215,0.82695967
1600014C23Rik,0.0,1.0
F630040K05Rik,0.0,1.0
Vegfa,-0.010731612,0.58756536
Mrps18a,0.16728324,0.19093865
Rsph9,0.0,1.0
Mad2l1bp,-0.02729199,0.7033519
Gtpbp2,0.07167485,0.42439038
Polh,-0.00645259,0.4226497
Xpo5,0.008558324,0.6597935
Polr1c,0.0685445,0.34770188
Yipf3,0.011522546,0.8666128
Lrrc73,-0.01124378,0.42264977
Tjap1,-0.010197312,0.80068606
Gm26785,0.0,1.0
Dlk2,0.0,1.0
Abcc10,-0.0250651,0.1838818
Zfp318,-0.021304227,0.50399894
Crip3,0.008551011,0.4226497
Slc22a7,0.0,1.0
Gm5093,0.0,1.0
Ttbk1,0.0,1.0
Gm26904,0.0,1.0
Dnph1,-0.015740244,0.42264965
Cul9,-0.016320108,0.059024714
Srf,0.020380236,0.5985097
Ptk7,0.0,1.0
Klc4,-0.0060472675,0.89095193
Mrpl2,0.025905013,0.69302154
Cul7,0.0067803953,0.7233737
Rrp36,-0.0022676252,0.9371706
Klhdc3,-0.04516438,0.2880717
Mea1,0.07145395,0.17914231
Ppp2r5d,0.02439329,0.6800026
Pex6,-0.014787197,0.4730158
Gnmt,0.0,1.0
Cnpy3,0.04893592,0.5012092
Ptcra,0.0074362312,0.42264977
2310039H08Rik,0.019839436,0.7138715
Rpl7l1,0.04452613,0.743029
Gltscr1l,-0.006001562,0.8721509
A330017A19Rik,0.0044928044,0.85726327
Tbcc,0.03673468,0.48426858
Ubr2,-0.00126414,0.9898157
Mrps10,0.06869293,0.2677512
Guca1b,0.0,1.0
Guca1a,-0.012150866,0.42264977
1700001C19Rik,0.006637106,0.4226497
AI661453,0.0,1.0
Taf8,0.011032412,0.6101158
Ccnd3,-0.0033919215,0.98437274
Bysl,0.0048788786,0.8813407
Med20,0.020276546,0.63558674
Gm20517,0.009131634,0.42264965
Usp49,0.0,1.0
Tomm6,0.08431567,0.18671215
Gm21981,0.0,1.0
Tomm6os,0.0,1.0
Prickle4,0.0,1.0
Frs3,-0.0033451049,0.4226497
Pgc,0.0,1.0
Tfeb,0.009470545,0.6125797
Mdfi,0.00527434,0.42264965
Foxp4,0.0079003945,0.81776303
Gm15556,0.0,1.0
9830107B12Rik,0.0,1.0
A530064D06Rik,0.0,1.0
Trem1,0.0,1.0
Trem3,0.0,1.0
Treml4,0.0,1.0
Treml2,-0.028260665,0.51898575
B430306N03Rik,0.013407764,0.18833227
Trem2,0.15823007,0.09831537
Treml1,0.013553083,0.42264977
Nfya,0.03621929,0.52499306
Oard1,-0.0019943714,0.98043704
Apobec2,0.0053404383,0.8259193
Tspo2,0.0,1.0
Unc5cl,-0.032471728,0.22298707
Lrfn2,0.0,1.0
Mocs1,0.011600144,0.55508226
Daam2,0.019329406,0.4147253
Kif6,0.0,1.0
Gm16555,0.0,1.0
Rftn1,0.031129003,0.3586666
Dazl,0.0,1.0
Plcl2,-0.089358225,0.37262625
Gm7334,0.015530676,0.393053
Tbc1d5,0.002760373,0.9337895
Satb1,0.17569345,0.53702265
Gm19585,0.0482433,0.5902398
Gm27217,0.0,1.0
Kcnh8,0.0,1.0
Efhb,0.0,1.0
Rab5a,0.09967531,0.28789172
Pp2d1,0.0,1.0
Kat2b,-0.027317248,0.6559425
Sgol1,-0.0034331195,0.4226497
Sult1c2,0.0,1.0
Sult1c1,0.0,1.0
Slc5a7,0.0,1.0
St6gal2,0.0,1.0
Gm26547,0.0,1.0
Pot1b,-0.010787621,0.62177426
Adgre4,0.0,1.0
Zfp119a,0.03120029,0.18388048
Zfp959,0.07040948,0.14990321
Zfp119b,0.03177952,0.2304531
Ebi3,0.013894946,0.49662083
Gm16712,0.0,1.0
Ccdc94,-0.034973662,0.19607246
Shd,0.0,1.0
Fsd1,-0.0033451049,0.4226497
Stap2,0.0,1.0
Mpnd,0.10139969,0.1694229
Sh3gl1,0.062143117,0.5014765
Chaf1a,-0.009895895,0.42264965
Ubxn6,0.032976404,0.5917363
Hdgfrp2,0.07550332,0.256408
Plin4,0.015339524,0.4226497
Plin5,0.0,1.0
Lrg1,0.0,1.0
Sema6b,0.012611573,0.42264977
Tnfaip8l1,0.0065636,0.4226497
Mydgf,0.051224053,0.46950048
Dpp9,0.088092715,0.12885319
Fem1a,0.044243637,0.09054295
Ticam1,0.009559991,0.716103
Plin3,-0.05667118,0.27933723
Uhrf1,-0.007304575,0.42264965
Kdm4b,-0.011433024,0.7212161
Ptprs,-0.030492613,0.5215602
Safb2,-0.044727847,0.39593187
Safb,0.12370275,0.2918578
2410015M20Rik,0.053851783,0.49456188
Rpl36,0.015576839,0.89782494
Lonp1,-0.021905906,0.37484556
Catsperd,0.0,1.0
Ranbp3,0.07239929,0.14791018
Vmac,-0.0039959475,0.9117684
Ndufa11,0.08368996,0.26513
Nrtn,0.0,1.0
Dus3l,0.02827613,0.39703614
Prr22,0.0,1.0
Rfx2,0.0073900926,0.49952835
Acsbg2,0.0,1.0
1700061G19Rik,0.0,1.0
Mllt1,-0.008593023,0.80406564
Clpp,0.043328635,0.34120145
Alkbh7,-0.0147958845,0.5362671
Pspn,0.0,1.0
Gtf2f1,4.4584274e-05,0.9994058
Khsrp,0.015946433,0.84312946
Slc25a23,-0.0035036504,0.9261444
Crb3,-0.010319145,0.4226497
Dennd1c,0.06534575,0.56797415
Tubb4a,0.095933154,0.38128766
Gm11110,-0.00950608,0.802457
Tnfsf9,0.00037568435,0.9927698
Cd70,0.0,1.0
Tnfsf14,0.014196236,0.6216791
C3,0.0,1.0
Gpr108,0.052779265,0.47623527
Trip10,0.039944157,0.111074425
Vav1,0.14296417,0.10544371
Adgre1,0.05822717,0.26857823
Cntnap5c,0.0,1.0
Rpl7a-ps5,0.008219755,0.4226497
Pdzph1,0.0,1.0
Nudt12,-0.0034331195,0.4226497
Efna5,0.0,1.0
Fbxl17,0.03938391,0.51854473
Fer,-0.013190442,0.63134974
Pja2,0.03175266,0.7611396
Man2a1,0.032427356,0.5659768
Gm17133,0.0,1.0
Tmem232,0.0,1.0
Vapa,0.011821687,0.8379032
Txndc2,0.0,1.0
Rab31,0.0037020268,0.6390886
Ppp4r1,0.07752126,0.11155914
Ralbp1,0.11074838,0.265127
Twsg1,0.03668295,0.16867796
Ankrd12,0.285891,0.07117769
Ndufv2,0.11280444,0.087264135
Wash1,7.661432e-05,0.9977231
Ddx11,0.010699768,0.50753975
Mtcl1,-0.01124378,0.42264977
Rab12,0.039359555,0.16180152
Ptprm,0.0,1.0
Lama1,0.0,1.0
Arhgap28,0.0,1.0
Tmem200c,0.0,1.0
Epb41l3,-0.0012072027,0.92870635
2410021H03Rik,0.0,1.0
Zbtb14,0.07257131,0.2375786
A930029G22Rik,-0.029929053,0.5065851
C030034I22Rik,0.03439543,0.09909725
A330050F15Rik,0.0,1.0
Dlgap1,0.028947627,0.020845374
5031415H12Rik,0.0,1.0
Gm20703,0.0,1.0
Tgif1,-0.0073786974,0.95878875
Gm28727,0.0,1.0
Gm26510,0.0,1.0
Gm26561,0.0,1.0
Myl12b,0.10393393,0.2841924
Myl12a,0.09589207,0.5190224
Myom1,-0.017771482,0.4226497
Lpin2,0.15650675,0.11639713
Emilin2,-0.0033451049,0.4226497
Smchd1,0.04820174,0.826508
Gm4707,0.0648222,0.30267084
Ndc80,-0.018417513,0.30829385
Spdya,-0.0033451049,0.4226497
Wdr43,0.03861119,0.679679
Fam179a,0.0,1.0
Clip4,0.0,1.0
Alk,0.0,1.0
Ypel5,0.006585896,0.8942279
Lbh,-0.18008888,0.12223377
Lclat1,0.015274921,0.23556748
Galnt14,0.0,1.0
Ehd3,-0.02851291,0.7002408
Xdh,-0.012914232,0.42264965
Memo1,0.015779383,0.45298153
Dpy30,-0.07903814,0.37627834
Spast,-0.05437805,0.1325123
Slc30a6,-0.0064884275,0.67572874
Nlrc4,0.0,1.0
Yipf4,0.06826246,0.64911693
Birc6,-0.0071137846,0.9605815
Gm26749,-0.023107601,0.21371
Ttc27,-0.014122762,0.7007048
Ltbp1,0.0,1.0
Rasgrp3,0.057341903,0.27875292
Fam98a,0.051879488,0.08271534
Crim1,0.002349101,0.9635696
Fez2,0.05123792,0.4388402
Gm10093,0.0,1.0
Vit,0.0,1.0
Strn,-0.037920572,0.4652462
Heatr5b,0.0022640452,0.91856116
Gpatch11,0.00520736,0.8809319
Eif2ak2,-0.00028818473,0.9941997
Gm26637,0.0,1.0
Sult6b1,0.0,1.0
Cebpzos,0.031259418,0.7734718
Cebpz,0.14264351,0.16252959
Ndufaf7,0.023292746,0.4727532
Prkd3,0.103862554,0.17604612
Qpct,0.046323776,0.77472997
Cdc42ep3,-0.066491574,0.3424631
Gm17315,0.009131634,0.42264965
Rmdn2,0.0,1.0
4921513D11Rik,0.0,1.0
Cyp1b1,0.0,1.0
Atl2,-0.0884707,0.03537182
Hnrnpll,0.06859155,0.2808357
Galm,0.03495842,0.24094616
Srsf7,0.103627056,0.28685442
Ttc39d,0.0,1.0
Gemin6,0.03210471,0.15745682
Dhx57,0.012718653,0.4834405
Morn2,-0.0091250725,0.5637507
Arhgef33,0.0,1.0
Sos1,0.10037178,0.4316789
Cdkl4,0.0,1.0
Map4k3,0.0097759245,0.52441496
Tmem178,-0.002574796,0.42264965
Thumpd2,-0.039980967,0.4526066
Slc8a1,0.0,1.0
Pkdcc,0.0,1.0
Eml4,0.051831022,0.49009022
Cox7a2l,0.123796344,0.080378555
Mta3,0.0069316924,0.8404427
Haao,-0.009621136,0.39480036
C430042M11Rik,0.0,1.0
Zfp36l2,0.17455995,0.49145105
Thada,-0.030552126,0.64163226
Plekhh2,0.003959677,0.4226497
Dync2li1,-0.02898474,0.18873192
Abcg5,0.0,1.0
Lrpprc,0.0067156404,0.8857631
1110020A21Rik,0.0,1.0
Ppm1b,-0.0018739849,0.9782432
Slc3a1,0.0,1.0
Prepl,-0.029057529,0.21951495
Camkmt,-0.020240022,0.19357032
Six3,0.007430569,0.6481156
Gm28528,0.0,1.0
Six2,0.0,1.0
Srbd1,0.006539315,0.8748454
Prkce,0.03312262,0.23869267
Gm10309,0.0,1.0
Epas1,-0.0019783452,0.94641143
Atp6v1e2,0.0,1.0
Rhoq,0.036536682,0.4858217
Pigf,-0.020350605,0.48901734
Cript,-0.1686531,0.03966412
Socs5,-0.006888275,0.6239798
Mcfd2,-0.050966963,0.2949685
4833418N02Rik,0.0,1.0
Ttc7,-0.06008452,0.30452904
Gm15978,0.0,1.0
0610012D04Rik,0.0,1.0
1700011E24Rik,0.0,1.0
Calm2,0.35429573,0.011407175
Epcam,0.03836753,0.3343207
Msh2,-0.016364068,0.657997
Kcnk12,0.011245873,0.185068
Msh6,-0.0009682998,0.9720488
Fbxo11,-0.03419955,0.6774443
Foxn2,-0.023296535,0.47414684
Ppp1r21,0.054374464,0.22185087
Ston1,0.0,1.0
Gtf2a1l,0.0,1.0
Lhcgr,0.0,1.0
Gm10184,0.0,1.0
Nrxn1,0.022941953,0.4226497
Gm10308,0.0,1.0
Gm6741,0.0,1.0
Adcyap1,0.0,1.0
Mettl4,0.016672773,0.18358946
Gm1976,0.0,1.0
Gm26734,0.0113992365,0.42264977
Gm20939,0.0,1.0
Zfy1,0.0,1.0
Uba1y,0.0,1.0
Kdm5d,0.032133654,0.63653994
Eif2s3y,0.010688096,0.8967284
Gm29650,0.010772373,0.42264965
Uty,0.065323174,0.05808713
Ddx3y,0.088261396,0.4343622
Gm29554,0.0,1.0
Gm29343,0.0,1.0
Erdr1,0.097477436,0.590471
Crem,-0.12902805,0.32437298
Gm6225,0.0,1.0
Cul2,0.030716844,0.3368402
G430049J08Rik,0.0,1.0
Bambi,-0.054693647,0.4325624
Map3k8,-0.10859536,0.26552266
Gm26865,0.0,1.0
Mtpap,0.017113924,0.67247933
9430020K01Rik,0.010255249,0.4226497
Svil,0.15952384,0.24236405
Gm26682,0.0,1.0
Zfp438,0.0,1.0
Zeb1,-0.10142313,0.19142786
Arhgap12,0.027894944,0.5715358
Kif5b,0.10809082,0.17974776
Rpl27-ps3,-0.12714426,0.2282559
Epc1,-0.0062939674,0.9363277
Gm28529,0.0,1.0
Rab18,0.15712392,0.069827996
Mkx,0.0,1.0
Armc4,0.0,1.0
Mpp7,-0.047590055,0.112244055
Wac,0.007110834,0.96040875
Fzd8,0.0,1.0
Ccny,-0.11843067,0.009561001
Colec12,0.0,1.0
Thoc1,-0.041159473,0.21790956
Usp14,0.048562527,0.27942163
Rock1,-0.047791958,0.735761
Greb1l,0.0,1.0
Esco1,0.091279134,0.32496092
Snrpd1,0.077302516,0.54737294
Abhd3,0.012115187,0.5552153
4930563E18Rik,0.0,1.0
Mib1,0.012548745,0.7514104
Gata6,0.0,1.0
Rbbp8,-0.017273482,0.5348877
Gm6277,0.0,1.0
Cables1,0.023232004,0.6036427
Tmem241,-0.029722437,0.253445
Riok3,-0.03394538,0.7249216
3110002H16Rik,-0.051431194,0.41725144
Npc1,0.049315766,0.5776043
Gm15956,0.0,1.0
Ankrd29,-0.006856357,0.6304297
Lama3,0.0,1.0
Ttc39c,-0.08811857,0.0053942846
Cabyr,0.0,1.0
Osbpl1a,-0.006706548,0.6518178
Impact,-0.06499784,0.49413675
Zfp521,0.0,1.0
Ss18,-0.008068681,0.94236034
Psma8,0.0,1.0
Taf4b,-0.016490495,0.50623983
Kctd1,-0.0063280724,0.7463553
Aqp4,-0.013735198,0.4226497
Gm10036,-0.006146614,0.4226497
Cdh2,-0.01465264,0.4226497
Gm15485,0.0,1.0
Gm15328,0.0,1.0
Dsc3,0.0,1.0
Dsc2,0.0,1.0
Dsg2,-0.005987111,0.4226497
Gm16090,0.0,1.0
Ttr,-1.5102005,0.008721072
Gm10269,-0.011582303,0.42264965
B4galt6,0.009325498,0.5955618
Trappc8,0.016209945,0.7006066
Rnf125,-0.095728815,0.3902886
Rnf138,-0.14342436,0.44790852
Garem,0.0,1.0
Klhl14,0.0,1.0
4930426D05Rik,0.0,1.0
Asxl3,0.0,1.0
Nol4,0.0,1.0
Dtna,-0.0065446743,0.42264977
Gm15972,0.0,1.0
Mapre2,0.017061874,0.8084706
Zfp397,0.03406862,0.39833552
Zscan30,0.00527434,0.42264965
Zfp35,-0.012445476,0.84603035
Zfp24,-0.009641089,0.80274624
Ino80c,0.0058845356,0.9051291
Galnt1,0.051639616,0.7038672
2700062C07Rik,0.008805104,0.83708483
Rprd1a,0.022576574,0.0561562
Slc39a6,0.080129616,0.3689725
Elp2,0.031288058,0.40078968
Mocos,-0.015949847,0.42264977
Fhod3,0.0,1.0
Tpgs2,0.0019751638,0.9789911
AW554918,0.00060715526,0.98869514
Celf4,-0.0006729951,0.95320463
Pik3c3,0.0478248,0.34217334
Rit2,0.007412307,0.4226497
Syt4,-0.005237306,0.42264977
Slc25a46,-0.02983933,0.5661908
B930094E09Rik,0.0,1.0
Sap130,0.022248454,0.35007396
Ammecr1l,0.012342177,0.77238625
Gm26533,0.0,1.0
Polr2d,-0.0047114566,0.9137964
Wdr33,0.027639948,0.65580136
Gm26823,0.0,1.0
Sft2d3,0.034928016,0.43793505
Lims2,0.012114918,0.69825864
Gpr17,-0.018337863,0.20363878
Myo7b,0.0,1.0
Iws1,0.015399002,0.57631534
Proc,0.0,1.0
Map3k2,-0.0038767084,0.95340854
Ercc3,-0.04147605,0.33537602
A830052D11Rik,0.0,1.0
Bin1,0.22387074,0.09320409
Gypc,0.033100106,0.38082856
4930455D15Rik,0.010772373,0.42264965
Tslp,0.0,1.0
Wdr36,-0.01805874,0.4546644
Camk4,-0.055560283,0.08908627
Stard4,-0.024417952,0.59538215
Nrep,0.00527434,0.42264965
Gm10549,0.0,1.0
Epb41l4aos,-0.080179125,0.35615525
Epb41l4a,-0.008426569,0.4226497
Apc,0.08545155,0.35001138
Srp19,0.07006937,0.17534208
Reep5,0.27288955,0.10257152
Pkd2l2,0.0,1.0
Fam13b,0.01325617,0.3266509
Nme5,0.012130909,0.42264977
4933408B17Rik,0.003959677,0.4226497
Brd8,-0.054580837,0.34604636
Kif20a,0.0,1.0
Cdc23,0.021629348,0.27646968
Cdc25c,0.0,1.0
Gm3550,-0.014984393,0.42264977
2010110K18Rik,0.0,1.0
Fam53c,0.024477296,0.65358484
Kdm3b,0.05660577,0.2515189
Gm26538,0.0,1.0
Reep2,0.0,1.0
Egr1,0.4342777,0.051073547
Etf1,0.033734888,0.7966488
Hspa9,0.20341119,0.10439594
Ctnna1,-0.10767311,0.1613374
Lrrtm2,-0.019197462,0.42264977
Sil1,0.00088241696,0.98683536
Gm5239,0.0,1.0
Gm28285,0.0,1.0
Matr3,0.089131236,0.32916254
Paip2,-0.08128643,0.41787004
Slc23a1,-0.006146614,0.4226497
Mzb1,0.036630902,0.23904572
Prob1,0.0,1.0
Spata24,0.019883377,0.4084078
Dnajc18,0.0028841868,0.8937089
1700066B19Rik,0.024563184,0.011243178
Ecscr,0.051711325,0.01370914
Tmem173,0.044292614,0.6640573
Ube2d2a,0.10936409,0.14328021
Cxxc5,0.018121978,0.535722
Gm29417,0.0,1.0
Psd2,-0.002483932,0.42264965
Nrg2,-0.015911087,0.53682053
Pura,0.25483865,0.12667274
Cystm1,-0.07454262,0.1357613
Pfdn1,-0.015163496,0.8661827
Hbegf,-0.009179773,0.4226497
Ankhd1,0.038830996,0.49004397
Sra1,0.03082949,0.51636696
Slc35a4,-0.021064043,0.5563961
Cd14,0.12415791,0.019781578
Tmco6,-0.004096903,0.9322131
Ndufa2,0.055636108,0.73602706
Ik,-0.09017438,0.1426502
Wdr55,0.0139203835,0.5951266
Dnd1,0.0,1.0
Hars,-0.022302806,0.68025327
Hars2,0.01767825,0.57291216
Zmat2,0.06318411,0.25972757
Pcdha1,0.0,1.0
Pcdha2,0.0,1.0
Pcdha3,0.0,1.0
Pcdha4,0.0,1.0
Pcdha5,0.0,1.0
Pcdha6,0.0,1.0
Pcdha7,0.0,1.0
Pcdha8,0.0,1.0
Pcdha9,0.0,1.0
Pcdha11,0.0,1.0
Gm10545,0.0,1.0
Pcdha11-1,0.0,1.0
Pcdha12,0.0,1.0
Pcdhac1,0.0,1.0
Pcdhac2,0.0,1.0
Pcdhb2,0.0,1.0
Pcdhb3,0.0,1.0
Pcdhb4,0.0,1.0
Pcdhb5,0.0,1.0
Pcdhb6,0.0,1.0
Pcdhb7,0.0,1.0
Pcdhb8,0.0,1.0
Pcdhb9,-0.005531991,0.4226497
Pcdhb10,-0.009087936,0.4226497
Pcdhb11,0.0,1.0
Pcdhb12,0.0,1.0
Pcdhb13,0.0,1.0
Pcdhb14,0.0,1.0
Pcdhb15,0.0,1.0
Pcdhb16,0.0062051076,0.63641715
Pcdhb17,0.0,1.0
Pcdhb18,0.0,1.0
Pcdhb19,0.010772373,0.42264965
Pcdhb20,0.0,1.0
Pcdhb21,0.0,1.0
Pcdhb22,0.0,1.0
Slc25a2,0.006381331,0.4226497
Taf7,0.01485391,0.89472735
3222401L13Rik,0.00721761,0.4226497
Pcdhga1,0.0,1.0
Gm37118,0.0,1.0
Pcdhga2,0.0,1.0
Pcdhga3,0.0,1.0
Pcdhgb1,0.0,1.0
Pcdhga4,0.0,1.0
Pcdhgb2,0.0,1.0
Pcdhga5,0.0,1.0
Pcdhga6,0.0,1.0
Gm37165,0.0,1.0
Pcdhga7,0.0,1.0
Pcdhgb4,0.0,1.0
Pcdhga8,0.0,1.0
Pcdhgb5,0.0,1.0
Pcdhga9,0.0,1.0
Pcdhgb6,-0.008067328,0.4226497
Pcdhga10,0.0,1.0
Pcdhgb7,-0.002574796,0.42264965
Pcdhga11,0.0,1.0
Pcdhgb8,0.0,1.0
Pcdhga12,0.007858792,0.4226497
BC037039,0.0,1.0
Pcdhgc3,0.0,1.0
Pcdhga8-1,0.0017552581,0.85635066
Pcdhgc5,0.0,1.0
Gm29994,0.00520326,0.4226497
Diaph1,0.010641456,0.91767305
Hdac3,-0.048062973,0.21949568
Rell2,-0.01846676,0.031067362
Fchsd1,0.012207575,0.58579606
Arap3,0.034798574,0.3538234
Pcdh1,0.0,1.0
1700086O06Rik,0.0,1.0
0610009O20Rik,0.02308203,0.25025326
Pcdh12,0.0,1.0
Rnf14,0.0345881,0.5656292
Gnpda1,0.059207384,0.40996826
Ndfip1,0.1231294,0.27855754
Spry4,0.0,1.0
Arhgap26,0.0035010874,0.9528293
Fgf1,0.023593774,0.42264965
Gm15337,0.0,1.0
Nr3c1,0.121852994,0.14450145
Yipf5,-0.04154809,0.4608055
2900055J20Rik,0.0,1.0
Kctd16,0.0,1.0
Prelid2,0.01031217,0.91846997
Sh3rf2,0.0,1.0
Lars,0.113996394,0.21364169
Rbm27,-0.0048478097,0.93899655
Tcerg1,0.036542594,0.48963767
Ppp2r2b,-0.012758541,0.4226497
Stk32a,0.0,1.0
Dpysl3,0.008735738,0.42264965
Eif3j2,-0.002982865,0.88546133
Jakmip2,0.0,1.0
Scgb3a2,0.0,1.0
Dcp2,-0.0017931014,0.9632841
Mcc,0.0,1.0
A930012L18Rik,0.0,1.0
Ythdc2,-0.023656867,0.25325838
Kcnn2,0.0,1.0
A330093E20Rik,0.0,1.0
Trim36,0.0057000928,0.91217923
Pggt1b,-0.0053386604,0.73678005
Ccdc112,0.0,1.0
Fem1c,0.0029530227,0.96030813
Ticam2,0.005971533,0.4226497
Tmed7,0.08342259,0.23367043
Eif1a,-0.031079635,0.78781384
Cdo1,0.0,1.0
Atg12,0.100009896,0.024957994
Ap3s1,-0.07169038,0.53713226
Commd10,0.029077403,0.47321942
Sema6a,-0.010273132,0.7028205
Eno1b,0.0,1.0
Dtwd2,-0.0074514356,0.7535675
Dmxl1,0.00912863,0.8532996
Tnfaip8,0.1427089,0.1296496
Hsd17b4,-0.06206605,0.23964323
Prr16,0.0,1.0
Gm4950,0.0,1.0
Srfbp1,-0.016133815,0.43707824
Lox,0.0,1.0
Zfp474,0.0,1.0
1700034E13Rik,0.0,1.0
Sncaip,0.022101874,0.42264977
Snx2,0.05419743,0.5560601
Snx24,0.011705839,0.31453288
Ppic,-0.020610873,0.3867883
Prdm6,0.0,1.0
Cep120,-0.027738877,0.7832494
Csnk1g3,0.049063817,0.38237384
Redrum,0.0,1.0
Zfp608,0.028114192,0.29223344
Gm26742,0.0,1.0
Gm4221,0.0,1.0
Gramd3,-0.22061586,0.34669495
Aldh7a1,-0.014021803,0.6059249
Phax,0.062908486,0.4776902
Tex43,0.0,1.0
Lmnb1,0.04106845,0.5528618
March3,-0.02124175,0.56890064
Gm15345,0.0,1.0
C330018D20Rik,0.0051871054,0.7985962
Megf10,0.003872505,0.66169626
Prrc1,0.09725632,0.1173701
Ctxn3,0.0,1.0
1700011I03Rik,0.0,1.0
Slc12a2,-0.042087615,0.15152337
Fbn2,0.0,1.0
Slc27a6,0.0,1.0
Isoc1,-0.038815,0.4031305
Adamts19,0.0,1.0
A730017C20Rik,0.0,1.0
Chsy3,0.0,1.0
Gm4951,0.0,1.0
Gm4841,0.024009675,0.27729884
F830016B08Rik,-0.003960776,0.4226497
Iigp1,0.01923076,0.7269187
Smim3,0.08298168,0.063731305
Dctn4,-0.0045225993,0.90791976
Rbm22,0.088658586,0.0467269
Synpo,0.0,1.0
Ndst1,0.04086753,0.14388852
Rps14,0.021386385,0.74581814
Cd74,-0.06219905,0.64815205
Tcof1,0.008555919,0.931076
Arsi,0.0,1.0
Camk2a,0.007149654,0.42264977
Slc6a7,0.0,1.0
Pdgfrb,0.0,1.0
Csf1r,0.20888186,0.07487066
Hmgxb3,-0.021175057,0.54675764
Slc26a2,0.034995716,0.42853335
Pde6a,0.0,1.0
Ppargc1b,0.016163256,0.501918
Arhgef37,0.0,1.0
Csnk1a1,0.0028128028,0.96458036
Bvht,0.0,1.0
Mir143hg,0.0,1.0
Il17b,0.0,1.0
Gm38165,0.012978698,0.42264965
Pcyox1l,-0.0077227145,0.4226497
Grpel2,-0.048401594,0.35235623
1500015A07Rik,0.040859256,0.47265148
Afap1l1,0.016222004,0.40099066
Ablim3,-0.01124378,0.42264977
Sh3tc2,0.0,1.0
Adrb2,0.033797234,0.46464252
Gm9949,0.007412307,0.4226497
Htr4,0.0,1.0
Fbxo38,0.0073467717,0.80143994
Spink10,0.012575951,0.19788723
2700046A07Rik,-0.0065446743,0.42264977
Apcdd1,0.0,1.0
Napg,0.07995923,0.20687652
Piezo2,0.0,1.0
Txnl1,0.005666852,0.9526378
Wdr7,0.009762576,0.27365395
St8sia3os,0.0,1.0
St8sia3,0.010501105,0.4226497
Onecut2,-0.0033451049,0.4226497
Fech,0.025301166,0.47445276
Nars,0.09938349,0.37004903
Atp8b1,0.0,1.0
Nedd4l,-0.029217664,0.5382341
Alpk2,0.008215371,0.42264977
Malt1,-0.1372403,0.11081363
Zfp532,-0.0029107232,0.42264977
Oacyl,0.0,1.0
Sec11c,0.043141425,0.5056008
Grp,0.0,1.0
Rax,0.0,1.0
Cplx4,0.0,1.0
Lman1,0.014651686,0.8578845
Ccbe1,0.0,1.0
Pmaip1,0.015830636,0.8403242
Mc4r,0.0,1.0
Gnal,0.0100565115,0.18399748
Mppe1,-0.0070749493,0.609313
Impa2,-0.026895992,0.6175364
Cidea,0.0,1.0
Tubb6,0.00742385,0.75876456
Afg3l2,0.04192294,0.1149458
Slmo1,-0.005531991,0.4226497
Spire1,-0.008652272,0.5701672
Gm17669,0.0,1.0
Cep76,-0.02066499,0.5608596
Psmg2,-0.0031754076,0.96860975
Ptpn2,0.08115199,0.058108848
Gm26910,0.010462787,0.4226497
Seh1l,-0.021872342,0.6858589
Cep192,-0.01595508,0.5378806
Ldlrad4,0.007105589,0.9275715
Fam210a,0.0020554364,0.9545838
Rnmt,0.16043973,0.032337133
Tcf4,0.049710527,0.49660817
Ccdc68,0.0,1.0
Rab27b,0.0077933595,0.8779254
4930503L19Rik,0.0036658943,0.9213659
Stard6,0.0,1.0
Poli,0.01719248,0.3750885
Mbd2,0.1074841,0.61229336
Dcc,0.0,1.0
Mex3c,0.10252938,0.18048695
Smad4,0.032877892,0.683049
Elac1,0.010380637,0.75491256
Me2,0.11867662,0.25728795
Mro,0.0,1.0
Mapk4,0.0,1.0
D730045A05Rik,0.0,1.0
Gm9925,0.0,1.0
Ska1,-0.0034331195,0.4226497
Cxxc1,-0.043523647,0.4499547
Mbd1,0.046041373,0.12327383
Cfap53,0.0,1.0
Myo5b,0.0,1.0
Acaa2,-1.6361475e-05,0.999752
Lipg,0.0,1.0
Rpl17,0.012378216,0.9134052
BC031181,-0.048600197,0.53204787
Dym,0.039365847,0.23861767
Smad7,0.11239904,0.5219811
Ctif,-0.014786988,0.42264965
Gm10532,0.0,1.0
Zbtb7c,-0.01124378,0.42264977
Smad2,0.009900823,0.7711422
Ier3ip1,0.07205945,0.45602873
Hdhd2,0.056970194,0.090327896
Katnal2,0.0,1.0
Pias2,0.009475984,0.86273015
Gm7276,0.0,1.0
St8sia5,0.0,1.0
Rnf165,0.0061998162,0.7180843
8030462N17Rik,0.025633216,0.15406537
A330094K24Rik,0.0,1.0
Haus1,0.046115045,0.11871692
Atp5a1,0.06774914,0.5536368
Pstpip2,0.0,1.0
Epg5,0.021904722,0.57985204
Slc14a1,-0.0062129498,0.68578666
Slc14a2,0.0,1.0
Gm6133,-0.002483932,0.42264965
Setbp1,-0.01042025,0.72789913
Pard6g,-0.006462775,0.4226497
Adnp2,0.016956847,0.5889291
Rbfa,0.015958786,0.803763
Gm16286,-0.016457409,0.86717826
Txnl4a,0.061441243,0.45235094
Hsbp1l1,0.0,1.0
Pqlc1,0.002628114,0.91555756
Kcng2,0.0,1.0
Gm26676,0.0,1.0
Ctdp1,-0.06884426,0.2458826
Nfatc1,-0.03586161,0.3369957
Atp9b,0.037642173,0.5284591
Sall3,0.037203602,0.17092599
Gm27239,0.0,1.0
Galr1,0.0,1.0
Mbp,0.12558693,0.6745677
Zfp236,-0.016489798,0.6018349
4930445N18Rik,0.0,1.0
Zfp516,-0.015243611,0.39710844
Tshz1,0.017686829,0.80304193
Zadh2,-0.04719925,0.019925848
Zfp407,0.0056471005,0.9294588
Cndp1,0.0,1.0
Cndp2,0.023255564,0.5246354
Fam69c,0.0,1.0
Cyb5a,-0.09082547,0.51947916
Fbxo15,0.0,1.0
Timm21,0.085410774,0.25104862
Neto1,0.0,1.0
Cbln2,0.0,1.0
Socs6,0.059149373,0.39515483
Rttn,0.010306817,0.7735514
Cd226,0.038234323,0.8061002
Dok6,0.012611573,0.42264977
Tmx3,0.10898967,0.28281912
Ighmbp2,0.009767877,0.70014906
Mrpl21,-0.013415515,0.91176593
Cpt1a,0.012926033,0.60205615
Mtl5,0.0,1.0
Ppp6r3,0.03223259,0.4427187
Lrp5,0.009717758,0.55082065
1810055G02Rik,0.030466411,0.29850197
Suv420h1,0.08894902,0.21442416
Chka,0.09414743,0.2503757
Tcirg1,0.066714615,0.16059196
Ndufs8,0.081549406,0.1940447
Aldh3b1,0.018883307,0.33512697
Unc93b1,0.23332192,0.016853286
Aldh3b2,0.0,1.0
Acy3,0.0,1.0
Nudt8,0.024227664,0.65256
Doc2g,-0.005794432,0.74998814
Ndufv1,0.020143852,0.83582985
Gstp1,-0.12069219,0.3444954
Gstp2,0.0,1.0
BC021614,0.09666152,0.39821717
Cabp2,0.0,1.0
Cdk2ap2,0.048630774,0.7668545
Pitpnm1,0.021182694,0.76592976
Aip,0.07767454,0.38915643
Cabp4,0.0,1.0
Gpr152,0.0,1.0
Coro1b,0.0736967,0.24495697
Ptprcap,0.19926727,0.1730933
Rps6kb2,0.00019332394,0.9941183
Carns1,0.0448689,0.16658191
Gm17552,0.009236618,0.42264977
Tbc1d10c,0.042024642,0.8209259
Ppp1ca,0.123958945,0.546281
Rad9a,0.03024267,0.17694429
Clcf1,-0.0040786266,0.94606334
Pold4,0.07530987,0.15130065
Ssh3,-0.009907753,0.42264965
Ankrd13d,0.0,1.0
Adrbk1,-0.08827019,0.47664478
Kdm2a,-0.08402273,0.54559666
Rhod,0.0,1.0
Syt12,0.009131634,0.42264965
Pcx,-0.00034464896,0.9775802
Lrfn4,0.0,1.0
Rce1,0.06231232,0.23100625
Gm960,0.0,1.0
Sptbn2,0.012655378,0.42264977
Gm21992,-0.02497141,0.22350739
Rbm4b,0.10355963,0.2608199
Rbm4,-0.018337497,0.3896143
Rbm14,0.016028851,0.56251854
Ccs,6.979704e-05,0.9985838
Ccdc87,0.0,1.0
Ctsf,0.002298981,0.91966516
Actn3,0.0,1.0
Zdhhc24,-0.019400716,0.18952215
Bbs1,0.0,1.0
Dpp3,0.048577476,0.21734151
Peli3,0.0,1.0
Mrpl11,-0.03897959,0.6429442
Npas4,0.0,1.0
Slc29a2,0.0,1.0
B4gat1,-0.0023305789,0.907749
Brms1,0.012518764,0.79692525
Rin1,0.0,1.0
Cd248,0.0,1.0
Tmem151a,-0.034081526,0.3939816
Yif1a,0.13357401,0.18143192
Cnih2,0.0,1.0
Rab1b,-0.0055981576,0.9104153
Klc2,-0.0026222542,0.8902058
Pacs1,0.10164486,0.11860609
Sf3b2,0.19388855,0.19065946
Gal3st3,0.0,1.0
Cst6,0.0,1.0
Banf1,0.09649706,0.35031438
Eif1ad,0.0057466775,0.9116892
Sart1,-0.036099054,0.51816934
Tsga10ip,0.0,1.0
4930481A15Rik,-0.012462392,0.4226497
Drap1,-0.00062155724,0.9946452
AI837181,0.059267126,0.35321587
Fosl1,0.0091543645,0.4226497
Ccdc85b,-0.02089487,0.83968693
Fibp,0.083101586,0.19317712
Ctsw,0.14932573,0.4803637
Efemp2,0.029605532,0.2576794
Mus81,0.021737838,0.5690581
Cfl1,0.105511665,0.078278735
Snx32,0.016768716,0.58402133
1700020D05Rik,0.0,1.0
Ovol1,0.0,1.0
Ap5b1,0.0010727476,0.9360388
Rnaseh2c,0.009927213,0.797306
Kat5,-0.017385483,0.7940119
Rela,0.074526966,0.16432652
Sipa1,0.12745547,0.17558862
Pcnxl3,0.032105982,0.4218272
Map3k11,0.03080945,0.460981
Kcnk7,-0.0105792545,0.6365288
Ehbp1l1,-0.011798266,0.8226448
Fam89b,0.017748658,0.5825252
Sssca1,0.07932691,0.1952539
Ltbp3,-0.014005467,0.19661829
Scyl1,0.06863642,0.07873216
Malat1,0.28132915,0.03457575
Neat1,0.16739601,0.53425866
Frmd8os,0.0,1.0
Frmd8,0.091937244,0.46050906
Slc25a45,-0.04730147,0.3765371
Tigd3,0.0,1.0
Dpf2,-0.0090483725,0.8608959
Cdc42ep2,0.0,1.0
Pola2,0.0039296933,0.90267444
Slc22a20,0.0,1.0
Capn1,-0.002398312,0.9631525
Gm10814,0.0,1.0
Syvn1,0.04782288,0.33710733
Mrpl49,-0.018272296,0.4464691
Fau,-0.011295795,0.9080968
Znhit2,-0.0015564188,0.9647968
Tm7sf2,-0.0010886877,0.8986545
Vps51,-0.014276549,0.8059348
Zfpl1,0.018023964,0.57497805
Cdca5,-0.0034331195,0.4226497
Naaladl1,0.0,1.0
Sac3d1,0.031555288,0.16196492
Snx15,0.031252757,0.58341765
Arl2,0.081418335,0.1696628
Batf2,0.006637106,0.4226497
1700123I01Rik,0.0,1.0
Gpha2,0.0,1.0
Ppp2r5b,0.02702927,0.35865587
Atg2a,0.01771772,0.8276471
Ehd1,0.07757066,0.23050906
Cdc42bpg,0.014007616,0.21947008
Men1,0.027728528,0.5180013
Map4k2,0.022968903,0.7521432
Gm14966,0.012635933,0.35922506
Sf1,0.18534988,0.14423841
Pygm,-0.0068645435,0.42264965
Rasgrp2,-0.019159004,0.64038575
Nrxn2,-0.0018689055,0.8670255
Gm14964,0.005081703,0.7161269
Slc22a12,0.0,1.0
Rps6ka4,-0.00999802,0.76868784
Ccdc88b,0.037892982,0.56671524
Prdx5,0.16870058,0.07686506
Trmt112,0.02460885,0.80286664
Esrra,0.06504794,0.012989295
Tex40,0.0,1.0
Kcnk4,0.0,1.0
Gpr137,0.0147179635,0.57608616
Bad,-0.037360348,0.5249506
Plcb3,-0.026280584,0.52647823
Ppp1r14b,0.07579261,0.6123352
Fkbp2,0.14741865,0.05051192
Vegfb,-0.041244347,0.2363152
Dnajc4,0.0472083,0.13334772
Nudt22,0.06672527,0.23094906
Trpt1,0.013709693,0.4226497
Fermt3,0.1473845,0.11413945
Stip1,0.02671647,0.80012643
Macrod1,0.04585471,0.27345252
Flrt1,0.0,1.0
Otub1,0.029853925,0.70104975
Cox8a,-0.19555557,0.19456416
Naa40,-0.04336676,0.503432
Rcor2,0.0,1.0
Mark2,0.07167491,0.13868229
Gm17227,-0.022423489,0.18430723
AI846148,0.030471949,0.13346913
1700105P06Rik,0.0,1.0
2700081O15Rik,0.019410796,0.19290444
Rtn3,0.035015583,0.59305686
Atl3,-0.0010835528,0.9883082
Pla2g16,-0.052816153,0.7324118
Lgals12,0.0,1.0
Hrasls5,0.0,1.0
Slc22a19,0.0,1.0
Slc22a29,0.0,1.0
Slc22a8,0.0,1.0
Slc22a6,0.0,1.0
Chrm1,0.0,1.0
Slc3a2,0.21896255,0.336491
Wdr74,0.012701452,0.85019356
1700092M07Rik,0.0,1.0
Stx5a,0.06712812,0.48805654
Nxf1,0.05045986,0.6407075
Taf6l,-0.07961166,0.40869793
Polr2g,-0.03647411,0.5797303
Zbtb3,-0.013795455,0.29309747
Ttc9c,0.051342122,0.5412607
Hnrnpul2,0.108052105,0.11739653
Gng3,0.006015556,0.8008605
Bscl2,0.108800456,0.37622634
Lrrn4cl,0.0,1.0
Ubxn1,-0.00041639805,0.99680614
Uqcc3,0.1882884,0.030983033
Lbhd1,0.025153624,0.2441998
1810009A15Rik,-0.046337966,0.18455625
Ints5,0.021670274,0.37869146
Ganab,-0.10482884,0.15437181
B3gat3,-0.062911764,0.18146534
Rom1,0.020976866,0.3292547
Eml3,0.070123,0.044984058
Mta2,-0.023748085,0.5942643
Tut1,-0.027632877,0.34473976
Eef1g,-0.05581546,0.24389395
Ahnak,0.16807413,0.38381165
Asrgl1,-0.13987342,0.28639472
Pcna-ps2,0.0,1.0
Incenp,0.02691878,0.5732526
Fth1,0.21711636,0.16595615
Best1,0.0,1.0
Rab3il1,0.053835917,0.2352416
Fads3,0.0,1.0
Fads2,-0.0068500307,0.4226497
Fads1,0.053688955,0.06690568
Fen1,-0.011451267,0.18045844
Tmem258,0.02503854,0.89579624
Myrf,-0.013078198,0.6996682
Dagla,0.0140906265,0.42264965
Syt7,-0.015483008,0.42264977
Lrrc10b,0.0,1.0
Ppp1r32,0.0,1.0
Sdhaf2,0.06935981,0.096717656
Cpsf7,-0.019370094,0.5743612
Tmem216,-0.0004152991,0.98953885
Tmem138,-0.013823422,0.38593072
Cyb561a3,0.0,1.0
Tkfc,-1.3091601e-05,0.9992481
Ddb1,0.055040598,0.30879802
Vwce,0.0,1.0
Vps37c,0.03048236,0.37019047
Cd5,-0.06760454,0.32494473
Cd6,0.10806036,0.19314393
Slc15a3,0.030609904,0.15607372
Tmem132a,0.010421612,0.42264977
Tmem109,0.012031078,0.906022
Prpf19,0.058824003,0.31819767
Zp1,0.0,1.0
Ptgdr2,0.0,1.0
Ccdc86,-0.022619378,0.5453466
AW112010,0.14076447,0.5551868
Ms4a8a,0.0,1.0
4930526L06Rik,0.0,1.0
Ms4a1,-0.008515983,0.42264977
Ms4a14,0.0,1.0
Ms4a7,0.0,1.0
Gm28935,0.071687706,0.009510127
Ms4a4a,0.016509656,0.4226497
Ms4a4c,-0.0278529,0.70557684
Ms4a4b,-0.03362441,0.7650578
Gm37387,0.033711366,0.43453875
Ms4a6c,-0.041983917,0.46682474
Gm8369,-0.43604732,0.11604299
Gm19261,0.034197867,0.44552562
Ms4a6b,-0.042410374,0.789064
Ms4a6d,0.0536323,0.045519955
Ms4a2,0.0,1.0
Ms4a3,0.0,1.0
Mrpl16,-0.03739424,0.73432475
Stx3,-0.00980788,0.42264965
Patl1,0.055282507,0.35045868
Osbp,-0.070979714,0.30747354
Mpeg1,0.06245312,0.11332339
Dtx4,0.037865926,0.6244299
Fam111a,-0.049871653,0.63601196
Zfp91,-0.023009658,0.80393404
Lpxn,0.091691434,0.32802168
Olfr1444,0.010299058,0.4226497
Tle4,0.10632002,0.33977014
Psat1,-0.025777206,0.5890143
Cep78,0.007278597,0.7580274
C130060C02Rik,0.0,1.0
Gnaq,0.06571191,0.019509582
Gna14,0.0,1.0
Vps13a,0.018963337,0.66111314
Prune2,0.0,1.0
Gcnt1,0.021888848,0.22264057
Rfk,-0.06651748,0.025567874
Pcsk5,0.0,1.0
Ostf1,-0.10512906,0.27504644
Nmrk1,0.083546594,0.64552957
Carnmt1,0.21246718,0.0877541
D030056L22Rik,0.048241824,0.4718358
Trpm6,0.0,1.0
Rorb,0.008541345,0.42264977
Anxa1,0.065316305,0.090954125
1500015L24Rik,-0.0033451049,0.4226497
Aldh1a1,0.01065882,0.42264977
Aldh1a7,0.0,1.0
Zfand5,0.1439487,0.37095085
Gda,0.0,1.0
1110059E24Rik,0.07448309,0.18810175
Abhd17b,0.014769144,0.84676933
Tmem2,0.012794748,0.68716747
Trpm3,0.0,1.0
Gm27151,0.0,1.0
2410080I02Rik,-0.002574796,0.42264965
Klf9,0.114935055,0.19115281
Smc5,0.027488954,0.81082135
Mamdc2,0.0,1.0
1700028P14Rik,0.0,1.0
Gm9493,-0.004366763,0.8194323
Gm6563,0.005206463,0.79195344
Ptar1,0.02515076,0.24418192
Gm9938,0.007975965,0.42264965
Apba1,0.008735738,0.42264965
Fam189a2,-0.0034331195,0.4226497
Tjp2,0.006437801,0.7570054
Fxn,0.0010582022,0.94859356
Pip5k1b,0.013351236,0.5988479
Fam122a,0.07908887,0.28476757
Tmem252,0.0,1.0
Pgm5,0.0,1.0
Gm10053,0.0,1.0
Cbwd1,0.020606969,0.36060297
Dock8,-0.05398491,0.40225747
Kank1,0.0,1.0
Dmrt1,0.0,1.0
Dmrt3,0.0,1.0
Dmrt2,0.0,1.0
Smarca2,-0.04802148,0.50318664
Vldlr,-0.015494247,0.42264977
Kcnv2,0.0,1.0
Pum3,-0.0021385103,0.96318805
Rfx3,0.012074519,0.7222655
Glis3,0.00907643,0.42264965
D930032P07Rik,0.0,1.0
Slc1a1,0.0,1.0
4430402I18Rik,0.019312246,0.42264965
Plpp6,-0.037997033,0.56293154
Cdc37l1,0.1117838,0.07533247
Ak3,0.041519362,0.5567861
1700018L02Rik,0.011191041,0.42264977
Rcl1,-0.0093676895,0.88395673
Jak2,-0.021835387,0.5738119
Insl6,0.09242891,0.1398703
Rln1,0.0,1.0
Plgrkt,0.16211975,0.10731417
Cd274,-0.008002356,0.91693765
Pdcd1lg2,0.026303738,0.64577043
A930007I19Rik,0.0,1.0
Ric1,-0.12509064,0.02449757
Ermp1,0.05794769,0.16607575
Mlana,0.0,1.0
9930021J03Rik,0.098708004,0.24237275
Ranbp6,0.048107423,0.27228454
Il33,0.012638416,0.44062632
Uhrf2,-0.018538386,0.8901085
Gldc,0.0,1.0
Prkg1,0.0,1.0
Cstf2t,-0.02619202,0.332671
Asah2,-0.019043287,0.42264965
Sgms1,0.008092262,0.8627849
2700046G09Rik,0.0,1.0
Rpl9-ps6,0.043538798,0.09424671
Minpp1,-0.012548804,0.64402443
Papss2,-0.014583173,0.27831715
Atad1,0.08402718,0.14599337
Pten,-0.0044345856,0.94908476
Rnls,0.003959677,0.4226497
Lipo1,-0.0018604193,0.9023777
Lipo2,0.0,1.0
Ankrd22,0.0,1.0
Stambpl1,0.07202843,0.07166285
Acta2,-0.015113774,0.42264965
Fas,-0.0016406998,0.9011715
Ch25h,-0.00038405415,0.95969814
Gm26902,0.0,1.0
Lipa,0.025734171,0.5631246
Ifit2,0.015379678,0.36175764
Ifit3,0.05128067,0.5745027
Ifit1bl1,0.035937756,0.48919663
Ifit3b,0.025676476,0.4940345
Ifit1bl2,0.0,1.0
Ifit1,0.07881926,0.18512982
Slc16a12,0.0,1.0
Pank1,-0.016860392,0.34133184
Kif20b,0.013517706,0.5658967
A830019P07Rik,-0.0126196705,0.4226497
Htr7,0.0,1.0
Rpp30,-0.030340046,0.35273013
Pcgf5,0.026124984,0.6667443
Hectd2,-0.0037145372,0.8546888
Ppp1r3c,0.0,1.0
Tnks2,-0.1081748,0.35062125
Fgfbp3,-0.039574318,0.16471386
Btaf1,-0.030520469,0.48113015
Cpeb3,0.013551925,0.33422574
A330032B11Rik,0.0,1.0
March5,0.022349954,0.5495755
Ide,0.035882354,0.45848742
Kif11,-0.011706336,0.42264965
Hhex,0.09521361,0.21579044
Exoc6,-0.017082304,0.804679
Cyp26a1,0.0,1.0
Myof,0.0,1.0
I830134H01Rik,0.0,1.0
Cep55,0.0,1.0
Ffar4,0.0,1.0
Rbp4,0.0,1.0
Fra10ac1,0.059869714,0.17917223
Lgi1,0.0,1.0
Slc35g1,0.06565973,0.309727
Plce1,0.0,1.0
Noc3l,0.003826972,0.92141014
Tbc1d12,-0.018335195,0.4898599
Hells,-0.027587807,0.382746
Pdlim1,-0.045262888,0.5320683
Sorbs1,0.0,1.0
Aldh18a1,-0.039412096,0.05173858
Gm27042,0.0,1.0
Tctn3,0.032359034,0.2061835
Entpd1,0.10554304,0.091950364
Cc2d2b,0.0,1.0
Ccnj,0.0,1.0
E030044B06Rik,0.0,1.0
Zfp518a,-0.06228805,0.18335298
Blnk,0.043477893,0.049863283
Dntt,0.0140286805,0.4226497
Opalin,-0.03238209,0.4226497
Tll2,0.0,1.0
Tm9sf3,0.026240855,0.8636277
Pik3ap1,-0.014439796,0.321854
Lcor,-0.007989578,0.57269907
Gm340,0.009706646,0.4226497
AI606181,0.0034552217,0.8667611
Slit1,0.0,1.0
Arhgap19,-0.0029048664,0.73686886
Frat2,0.08815877,0.299673
Rrp12,-0.042284586,0.3241043
Pgam1,-0.028606951,0.7258593
Exosc1,-0.022377081,0.6483094
Zdhhc16,-0.026735224,0.43716052
Mms19,0.063661136,0.23258978
Ubtd1,-0.013341617,0.451294
Ankrd2,0.0,1.0
Hoga1,0.0,1.0
Morn4,-0.020103766,0.4226497
Pi4k2a,-0.1201518,0.28214523
Avpi1,-0.05578748,0.44945762
Marveld1,-0.034862507,0.4709231
Zfyve27,0.10078502,0.15882307
Sfrp5,0.0,1.0
Golga7b,0.0,1.0
Crtac1,-0.0048835604,0.4226497
R3hcc1l,-0.056675814,0.41426957
Gm16541,0.0,1.0
Loxl4,0.0,1.0
Pyroxd2,0.0,1.0
Hps1,0.059420086,0.18357961
Cnnm1,-0.036680575,0.020246275
Got1,-0.06297052,0.5517947
Slc25a28,0.037025042,0.5342747
Entpd7,-0.019614583,0.24600194
Cox15,0.06150931,0.3110046
Cutc,0.07200189,0.02279961
Abcc2,0.0,1.0
Dnmbp,0.009393361,0.4226497
Cpn1,0.0,1.0
Cyp2c44,0.0,1.0
Erlin1,-0.0020664595,0.9649734
Chuk,0.016536862,0.86116576
Cwf19l1,0.017825391,0.2614212
Bloc1s2,0.09443405,0.09731704
Pkd2l1,0.0,1.0
Scd3,0.0,1.0
Scd2,0.047483444,0.60535514
Scd4,0.0,1.0
Scd1,-0.008515983,0.42264977
Wnt8b,0.0,1.0
Sec31b,0.014999765,0.4226497
Ndufb8,0.06784356,0.46740344
Hif1an,0.00983553,0.83475024
Gm26644,0.0,1.0
Fam178a,0.04896144,0.32151905
Sema4g,0.009393361,0.4226497
Mrpl43,0.15776454,0.0433717
Peo1,0.011469599,0.6918788
Lzts2,0.013961452,0.24471474
Pdzd7,0.0,1.0
Sfxn3,-0.003957227,0.91158175
Kazald1,0.0,1.0
Lbx1,0.0,1.0
Gm29595,0.0,1.0
Gm29593,0.0,1.0
Gm28578,0.0,1.0
Btrc,0.023764934,0.18682326
Poll,-0.013673691,0.26757276
Dpcd,0.07260904,0.22423474
Fbxw4,-0.050022475,0.24601385
Fgf8,0.0,1.0
Npm3,0.23214698,0.3032133
Gm15491,0.0,1.0
Mgea5,-0.0070533454,0.91803515
Kcnip2,0.014954592,0.20671017
9130011E15Rik,0.009706646,0.4226497
4930505N22Rik,0.0,1.0
Hps6,0.016854513,0.011903008
Ldb1,0.07221536,0.26847517
Pprc1,0.03190157,0.10311013
Nolc1,0.11117266,0.44561023
Gbf1,0.0061802417,0.885188
Nfkb2,-0.019883297,0.7961773
Psd,-0.0089380145,0.749665
Fbxl15,0.015982278,0.6451052
Cuedc2,0.07527715,0.44291195
Gm26792,0.0,1.0
Tmem180,-0.011235893,0.42264977
Actr1a,0.07957023,0.08831539
Sufu,0.051428802,0.32480606
Trim8,0.009557307,0.8213944
Arl3,0.004591793,0.93618643
Sfxn2,0.0038469024,0.80835116
Wbp1l,0.11313188,0.0017447984
Borcs7,-0.0033894219,0.9538197
As3mt,-0.0015130416,0.8830372
Cnnm2,0.0066113444,0.547454
Nt5c2,0.037658524,0.32340056
Ina,0.0,1.0
Pcgf6,0.03925647,0.53410006
Taf5,0.006436415,0.85756695
Usmg5,0.0655064,0.65898514
Pdcd11,0.06896009,0.21184288
Calhm2,0.02645341,0.48849818
Neurl1a,0.011395909,0.21903639
Sh3pxd2a,0.0078629255,0.60701686
Obfc1,0.0319479,0.08020244
Gm19557,-0.0072549814,0.69882643
Slk,0.15311924,0.027468862
Gm16068,0.0,1.0
Col17a1,0.0,1.0
Sfr1,0.10167074,0.44812253
Cfap43,0.010866614,0.40942585
Gsto1,-0.042177215,0.54610634
Gsto2,0.01904732,0.4226497
Cfap58,0.0,1.0
Sorcs3,0.0,1.0
Rpl13a-ps1,0.0,1.0
Sorcs1,0.0,1.0
Xpnpep1,0.023205206,0.02670654
Add3,0.021828234,0.55495155
Mxi1,-0.0349892,0.27658838
Smndc1,0.053169176,0.61114466
Mirt1,0.0304375,0.7388482
4833407H14Rik,-0.03214052,0.14539628
Dusp5,-0.072981596,0.4744356
Nutf2-ps1,0.015129078,0.4226497
Smc3,0.11427441,0.07242747
Rbm20,0.0,1.0
Gm16299,0.0,1.0
Pdcd4,-0.014754653,0.94345236
Bbip1,0.053959817,0.22945851
Shoc2,0.07689455,0.23734397
Adra2a,0.0,1.0
Gpam,0.0,1.0
Tectb,0.0,1.0
Gucy2g,0.0,1.0
Acsl5,-0.0115175545,0.778458
Zdhhc6,-0.037898835,0.32737696
Vti1a,0.06935192,0.15445589
4930552P12Rik,0.0,1.0
Tcf7l2,0.016830973,0.23505321
Nrap,0.0,1.0
Casp7,-0.022654638,0.72483987
Dclre1a,0.02249234,0.14890997
Nhlrc2,-0.019787628,0.26104727
Adrb1,0.010424469,0.7050578
Ccdc186,0.018350892,0.637001
Tdrd1,0.0,1.0
Afap1l2,0.0,1.0
Ablim1,0.23233128,0.17778917
B230217O12Rik,-0.003960776,0.4226497
Fam160b1,0.029036783,0.68671787
Trub1,-0.0045036003,0.9364366
Atrnl1,-0.018920913,0.19763435
Gfra1,-0.0033451049,0.4226497
Pnlip,0.0,1.0
Hspa12a,0.0,1.0
Eno4,0.0,1.0
Shtn1,-0.01465264,0.4226497
Vax1,0.0,1.0
Kcnk18,0.0,1.0
Slc18a2,0.0,1.0
Pdzd8,0.042202458,0.50434303
Rps12-ps3,0.09016584,0.06503233
Emx2os,0.0,1.0
Emx2,0.0,1.0
Gm17203,0.0,1.0
Rab11fip2,0.035777487,0.41118827
E330013P04Rik,0.0,1.0
Fam204a,0.15417075,0.23014094
Cacul1,-0.0004567951,0.9916227
Nanos1,-0.014590561,0.7650104
Eif3a,0.13607788,0.38853955
Fam45a,0.00592036,0.73089683
Sfxn4,-0.0017725741,0.8131928
Prdx3,-0.045235395,0.53741866
Grk5,0.0031278813,0.85775906
Zfp950,-0.06809619,0.2382108
Csf2ra,-0.0020025298,0.96781135
mt-Nd1,0.055342197,0.71781754
mt-Nd2,0.086172104,0.56662226
mt-Co1,0.066945076,0.42135113
mt-Co2,-0.015375137,0.8958477
mt-Atp8,0.14394248,0.5789199
mt-Atp6,-0.023668766,0.8502446
mt-Co3,0.043704987,0.60225374
mt-Nd3,-0.12363601,0.7699153
mt-Nd4l,-0.08102709,0.75251734
mt-Nd4,0.25202966,0.026145246
mt-Nd5,0.13157678,0.5908626
mt-Nd6,0.084316924,0.28117034
mt-Cytb,0.19086051,0.13316159
Vamp7,0.019246325,0.5937173
Spry3,0.0,1.0
Tmlhe,0.017718716,0.4226497
CR974586.5,0.0,1.0
Csprs,-0.042618524,0.08065556
AC132444.6,0.0,1.0
Gm10931,0.0,1.0
AC125149.3,-0.036445953,0.48715037
AC168977.2,0.011055004,0.4608073
AC168977.1,0.0,1.0
PISD,0.017063737,0.91505945
DHRSX,-0.04689412,0.5889709
CAAA01147332.1,-0.035668332,0.31920797
