gene,log2FC,p
Xkr4,0.0,1.0
Gm1992,-0.0009151524,0.2707658
Rp1,0.00714071,0.42345592
Sox17,0.0005777022,0.8019284
Mrpl15,0.012628168,0.58735937
Lypla1,-0.020187214,0.6656008
Gm37988,-0.003965846,0.19533624
Tcea1,0.0022473633,0.9436386
Rgs20,0.0025208532,0.52718997
Gm16041,0.0,1.0
Atp6v1h,-0.085748985,0.025272299
Oprk1,0.0,1.0
Rb1cc1,0.030247122,0.45035568
4732440D04Rik,0.045362994,0.20486626
St18,0.01623703,0.014122529
Pcmtd1,-0.037810177,0.36423928
Gm26901,0.0,1.0
Sntg1,0.0018270188,0.4226497
Rrs1,0.08018045,0.13433003
Adhfe1,0.049333274,0.121060476
3110035E14Rik,-1.3598241e-05,0.99685556
Mybl1,0.0024126577,0.6635805
Vcpip1,0.027678035,0.015104792
1700034P13Rik,-0.0021639504,0.099153265
Sgk3,-0.07010925,0.07433635
Mcmdc2,0.005837362,0.44378254
Snhg6,-0.022491373,0.3841005
Tcf24,0.0024493062,0.47736102
Ppp1r42,0.011665046,0.48366013
Cops5,-0.014719307,0.762279
Cspp1,0.1893142,0.1513826
Arfgef1,-0.007414192,0.8297648
Cpa6,-0.00016399303,0.42264965
Prex2,0.027390886,0.4803568
A830018L16Rik,-0.027094085,0.24157026
Sulf1,-0.47301644,0.044411287
Slco5a1,0.0007841624,0.42264965
Ncoa2,0.09081984,0.19502932
Gm29570,0.0,1.0
Tram1,0.0022081137,0.9699248
Lactb2,0.03177733,0.14011924
Xkr9,0.0,1.0
Eya1,0.0128022265,0.3440703
Gm9947,0.00033391162,0.89054346
Msc,0.0052040485,0.0073851086
Kcnb2,0.009535257,0.023444688
Terf1,0.04565417,0.10412421
Sbspon,-0.044398624,0.10355131
4930444P10Rik,0.023110356,0.40906256
Rpl7,0.24904108,0.08910185
Rdh10,0.057704017,0.43113568
Stau2,0.0030744746,0.8342925
Gm7568,0.0,1.0
Ube2w,0.0125475675,0.6254865
Tceb1,-0.0973053,0.07654911
D030040B21Rik,0.00051447767,0.42264965
Tmem70,-0.014004454,0.5883203
Ly96,-0.0055643655,0.7481046
Jph1,-0.014566243,0.23437905
Gdap1,0.00023966469,0.94495374
Pi15,0.033362336,0.20024079
Gm16070,-0.00039532495,0.69605714
Crispld1,0.010935378,0.08410688
Tfap2b,0.013149664,0.4226497
Il17a,0.00040344775,0.42264965
Il17f,0.0,1.0
Mcm3,0.037120212,0.18094565
6720483E21Rik,-0.0004988047,0.42264965
Paqr8,0.024678905,0.20816998
Efhc1,0.07104278,0.12554735
Tram2,0.005635567,0.6864893
Tmem14a,-0.015139915,0.40882796
Gsta3,0.0056186095,0.63753194
Gm28836,0.0,1.0
Kcnq5,-4.715036e-05,0.9670611
Rims1,-0.0016541581,0.76289916
Gm27028,0.0,1.0
Gm29107,0.00719164,0.23355284
Ogfrl1,0.1237918,0.24206223
B3gat2,0.0024513646,0.60011584
Smap1,0.048863977,0.27164492
Sdhaf4,-0.13474756,0.052053597
Fam135a,-0.0053093433,0.74868864
Col9a1,0.0025169202,0.5946082
Col19a1,0.0,1.0
Lmbrd1,-0.07811451,0.36591497
Adgrb3,0.014734406,0.055480875
Gm597,0.0004706003,0.42264965
Phf3,0.10533625,0.31500244
Ptp4a1,0.10554227,0.25377446
Khdrbs2,0.0048106904,0.4554323
Gm5415,0.0,1.0
Gm37724,0.0,1.0
Prim2,0.04922207,0.26914412
Rab23,0.036184024,0.2196755
Bag2,0.072581984,0.024019139
Zfp451,0.012725286,0.37232417
Bend6,-2.2772234e-05,0.99299604
Dst,0.18367083,0.08550381
Gm37233,0.010838887,0.22646677
Ccdc115,0.043459617,0.0574079
Gm28306,0.0,1.0
Imp4,-0.04519715,0.121223375
Ptpn18,0.16478571,0.060911007
4930568A12Rik,0.0,1.0
Prss39,0.0,1.0
Amer3,0.0,1.0
Arhgef4,0.07076528,0.06455238
Gm38336,-0.00072658627,0.4226497
Fam168b,0.11636962,0.13998216
Plekhb2,-0.054385483,0.24344382
1110002O04Rik,-0.0020492931,0.4226497
Hs6st1,0.008199245,0.5630041
Gm37335,0.0,1.0
Gm33280,0.0,1.0
Uggt1,-0.017107062,0.30233654
Neurl3,0.06612513,0.27077764
Arid5a,0.02196667,0.38994277
4930403P22Rik,0.00432745,0.39082232
Kansl3,0.04521586,0.43782723
Lman2l,0.02103708,0.1494629
Cnnm4,0.00712654,0.3048188
Cnnm3,-0.001713179,0.89490235
Gm38033,0.0,1.0
Ankrd23,0.0,1.0
Gm43543,-0.000271002,0.4226497
Ankrd39,0.0022154413,0.825878
Sema4c,0.0038415245,0.08177318
Fam178b,-0.00065345084,0.55126804
Cox5b,-0.27858055,0.13198698
Actr1b,0.02757737,0.39756912
4933424G06Rik,0.00075871294,0.42264977
Zap70,0.01305472,0.3429077
Tmem131,0.09892842,0.27613884
Vwa3b,0.026901847,0.20830777
Inpp4a,0.028373934,0.33506405
Coa5,0.023575403,0.36601958
Unc50,-0.036020637,0.34117827
Mgat4a,0.014835201,0.5105456
2010300C02Rik,0.05527824,0.17260544
4930556I23Rik,0.0,1.0
Tsga10,0.12032054,0.08828584
Lipt1,-0.0014108364,0.79548115
Mitd1,0.06272888,0.03547269
Mrpl30,0.10708904,0.2417154
Lyg2,0.040377095,0.067565314
Txndc9,0.05260068,0.18136904
Eif5b,0.011988223,0.7014764
Rev1,0.028228238,0.2960175
Aff3,0.018403953,0.26508322
Gm16150,-0.022027787,0.06321614
Gm16152,0.0,1.0
Lonrf2,0.0044688582,0.471307
Chst10,0.002442454,0.690336
Pdcl3,0.004401207,0.7824636
Npas2,-0.005153236,0.48069435
Rpl31,-0.032618165,0.5908231
Tbc1d8,0.046195127,0.033432726
Cnot11,-0.0010930598,0.9569003
Rnf149,0.21065661,0.28479162
Creg2,0.099967375,0.07735964
D930019O06Rik,0.0007841624,0.42264965
Rfx8,-0.0010821493,0.34371114
1700066B17Rik,0.0,1.0
Map4k4,0.14279771,0.14915165
Il1r2,-0.04501693,0.78703165
Gm16894,0.0,1.0
Il1r1,-0.019818438,0.34587312
Il1rl2,0.0015288049,0.7066672
Il1rl1,-0.002972294,0.47146648
Il18r1,-0.004555068,0.50737655
Il18rap,-0.008651273,0.7725208
Slc9a4,-0.00036095027,0.42264977
Slc9a2,0.006537625,0.029419623
Mfsd9,0.006570326,0.14403969
Tmem182,0.0023762495,0.41961312
Gm29260,0.0,1.0
Gm9915,0.0,1.0
Pantr1,0.0710522,0.121630214
Pou3f3,0.08995204,0.091116585
Dalir,0.0029866546,0.20413227
Mrps9,0.026396602,0.49971628
Gpr45,-0.0017307112,0.4226497
Tgfbrap1,0.026726227,0.36758164
Gm28782,0.0020164603,0.42264965
8430432A02Rik,0.007081624,0.41200572
AI597479,0.029744925,0.04918613
Fhl2,0.014483038,0.12716955
Nck2,0.037882157,0.39836425
1500015O10Rik,-1.0297556,0.07613406
Gm29155,-0.00061492436,0.21674295
Gm29157,-0.0072219446,0.5002642
Gm29156,0.0,1.0
Uxs1,-0.06390678,0.08410192
Tpp2,0.048679233,0.16119826
Mettl21c,0.004036174,0.497857
Gm8251,0.0043670367,0.4226497
Tex30,0.014337979,0.59640074
Kdelc1,0.012275109,0.40641722
Bivm,0.018078635,0.4756257
Ercc5,0.024011217,0.3073807
Gulp1,-0.01741995,0.4909812
Col3a1,-0.000918732,0.81358516
Col5a2,0.041159235,0.079927035
Wdr75,0.009292264,0.15363261
Gm5269,0.0,1.0
Slc40a1,0.059503637,0.4917384
Dnah7b,0.079921946,0.06511102
Dnah7c,0.048742097,0.19669585
Slc39a10,-0.001634147,0.88692427
Gm28151,0.021824133,0.20889647
Tmeff2,0.032090917,0.114755936
Gm28322,-0.0015052472,0.18439913
Gm29325,-0.0008164589,0.42264977
9330175M20Rik,0.00042113394,0.4226497
Sdpr,-0.034042835,0.24280816
1700072G22Rik,0.0010320542,0.66475105
Nabp1,0.06992687,0.38521305
Myo1b,0.016389009,0.23291312
Stat4,0.0118066445,0.3650665
Stat1,0.086397216,0.11686729
Gls,0.00086671114,0.9904071
Nab1,0.15869279,0.040057093
Gm553,0.0012973374,0.494339
Tmem194b,0.011741274,0.03563071
Mfsd6,0.007823989,0.72996294
Inpp1,-0.006350942,0.51359004
Hibch,-0.03789912,0.2932588
1700019D03Rik,0.029617956,0.00021349914
Mstn,0.0,1.0
1700019A02Rik,0.0,1.0
Pms1,0.010053181,0.008150015
Ormdl1,-0.042309254,0.05769582
Osgepl1,-0.009911731,0.30407652
Gm28551,0.0007798503,0.6082966
Asnsd1,0.036964178,0.5171825
Dnah7a,0.047207773,0.2791292
Stk17b,0.17797935,0.37865534
Hecw2,0.0038590338,0.51823884
Ccdc150,0.01118506,0.08129782
Gtf3c3,0.023415457,0.3091067
Pgap1,0.03468679,0.35411832
Ankrd44,0.2584387,0.09285018
4930444A19Rik,0.0,1.0
Sf3b1,0.1869204,0.252921
Coq10b,0.12992477,0.15900837
Hspd1,0.0072885156,0.88662416
Hspe1,0.055294514,0.3870481
Mob4,-0.05175641,0.087500334
Rftn2,0.045682278,0.08207207
Gm10561,0.018356822,0.44006735
Mars2,0.0029350012,0.66748345
Boll,0.0,1.0
Plcl1,-0.0104229,0.80400217
Satb2,0.00016621978,0.9293963
BC055402,0.0,1.0
4930558J18Rik,0.0,1.0
1700066M21Rik,0.0063222386,0.69293714
Tyw5,-0.011088755,0.068744004
9430016H08Rik,-0.008603722,0.60656846
Spats2l,0.0099469125,0.79070425
Kctd18,0.025046876,0.17721158
Sgol2a,-0.006485033,0.3420135
Aox1,-0.010448441,0.58342206
Aox3,0.018098664,0.29783344
Aox4,0.0,1.0
Bzw1,0.03045547,0.60859025
Clk1,0.2258366,0.09842948
Ppil3,0.075427376,0.0019676653
Nif3l1,0.014174247,0.399019
Orc2,0.026637107,0.22177392
Gm15834,0.0022520097,0.6320575
Fam126b,0.054082483,0.17513148
Ndufb3,-0.17731541,0.12709588
Als2cr12,0.032597348,0.11800128
Cflar,0.11992814,0.19232084
Casp8,0.038627118,0.086791195
Trak2,0.00014106557,0.99421364
Stradb,0.01213821,0.49511436
Tmem237,-0.43648514,0.09271492
G730003C15Rik,0.015202204,0.0072724
Mpp4,-0.0024212277,0.34089604
Als2,-0.005766289,0.14389321
Cdk15,-8.2856044e-05,0.9867542
Fzd7,-0.009261597,0.5800599
Gm973,0.19727682,0.12440339
Gm28411,0.00065441744,0.7112093
Sumo1,-0.09853959,0.18749936
Nop58,0.037289396,0.005243724
Bmpr2,0.05920679,0.34405428
Fam117b,0.040741637,0.1891922
Ica1l,0.012015196,0.15698205
Wdr12,0.022600956,0.053627748
Carf,0.005417941,0.57108635
Nbeal1,0.089468986,0.25500026
Cyp20a1,0.01889278,0.26898178
Abi2,0.022000559,0.55588526
Raph1,0.032086458,0.22469789
Cd28,0.0066187703,0.4376997
Ctla4,0.0,1.0
Icos,-0.0008705648,0.4226497
Pard3b,0.020032994,0.38917956
Pard3bos1,0.0,1.0
Nrp2,0.047640316,0.15286954
Gm29083,0.0051806574,0.17678148
Ino80d,0.067901924,0.33699492
Ino80dos,0.00769982,0.45508224
Gm20342,0.060303748,0.12912217
Ndufs1,-0.058819473,0.33747578
Eef1b2,0.045194387,0.55854076
Gpr1,0.0,1.0
Zdbf2,-0.013511034,0.32907218
Adam23,0.003029333,0.47737762
Dytn,0.0044400566,0.23425426
Mdh1b,0.08046078,0.23480806
Fastkd2,-0.0028521605,0.8930946
4933402D24Rik,0.0038266885,0.43295136
Klf7,0.076817825,0.19976084
Gm26649,-0.00081810314,0.42264977
Gm28981,-0.0026716786,0.4226497
Creb1,0.0035389885,0.94021624
Mettl21a,0.028130963,0.22903831
Ccnyl1,0.0013962369,0.81890595
Fzd5,0.0069526583,0.36926448
Plekhm3,0.058817882,0.2173869
D630023F18Rik,-0.0010398505,0.62864417
Idh1,-0.08249441,0.124307744
Pikfyve,0.006648548,0.5837632
Map2,0.1349679,0.10632763
Gm10558,0.0009621987,0.5448795
Unc80,0.04532552,0.15597755
Rpe,-0.035487235,0.2454541
Kansl1l,0.03438951,0.35053807
Acadl,-0.009436399,0.8742033
Myl1,0.00070045434,0.75963026
Lancl1,0.04829768,0.09947385
Erbb4,-0.014536962,0.3506917
Gm28497,0.0027216475,0.47447488
Gm29113,0.0,1.0
Gm29114,0.003925601,0.42264977
Ikzf2,0.05956297,0.12626667
Spag16,0.10786615,0.081862435
Vwc2l,-0.00030983493,0.64009625
Bard1,0.0104121305,0.4851955
Atic,0.09149753,0.074235454
Fn1,0.019058637,0.75072736
Apol7d,0.00042113394,0.4226497
4933417E11Rik,0.0,1.0
Mreg,0.0007232721,0.8740663
D230017M19Rik,0.015280373,0.28721237
Pecr,0.024581082,0.19141357
Tmem169,0.0,1.0
Xrcc5,0.017227322,0.54186493
March4,0.046029363,0.1441265
Smarcal1,0.011629369,0.37514558
Rpl37a,0.13012004,0.36313385
Igfbp2,-0.95038337,0.094448395
Igfbp5,0.12147878,0.054300625
6030407O03Rik,-0.0013899852,0.3339819
Tns1,-0.051729962,0.23720655
Rufy4,0.008522179,0.4551597
Cxcr2,0.027791828,0.83765024
Cxcr1,0.0037736185,0.89854
Arpc2,0.1976642,0.33629742
Aamp,0.05763048,0.20499663
Pnkd,-0.007978946,0.91410345
Tmbim1,0.053643152,0.1980603
Catip,0.17294128,0.10742235
Slc11a1,0.12684286,0.08100457
Ctdsp1,0.0075023174,0.568345
Vil1,0.0,1.0
Usp37,0.036774594,0.13824555
Rqcd1,0.02608011,0.12972052
Plcd4,0.094563045,0.01963164
Zfp142,0.006018799,0.45161563
Bcs1l,-0.005251646,0.7931105
Rnf25,0.026536867,0.16765794
Stk36,0.045388956,0.077043846
Ttll4,0.015421722,0.5416619
Cyp27a1,0.040360615,0.1414518
Prkag3,0.0,1.0
Wnt6,0.019060675,0.34112355
Wnt10a,0.0,1.0
Cdk5r2,0.0014840242,0.27429956
Ccdc108,0.10007092,0.121216185
Ihh,0.0,1.0
Nhej1,-0.013404638,0.06041076
Slc23a3,-0.00012475015,0.42264965
Cnppd1,0.055606008,0.10267352
Fam134a,0.015873402,0.73640794
Zfand2b,0.0036742315,0.91965914
Abcb6,0.028209183,0.14760515
Atg9a,0.012795743,0.6478583
Ankzf1,0.017751284,0.3786925
Glb1l,-0.010196492,0.7318534
Stk16,0.015327066,0.738205
Tuba4a,0.051535696,0.6826284
Dnajb2,0.14820617,0.023085766
Ptprn,0.011498726,0.15448554
Resp18,0.0,1.0
Dnpep,0.027355239,0.15539224
Des,-0.0007919108,0.4226497
Speg,-0.07143572,0.07931644
Gmppa,0.015620034,0.40536144
Asic4,-0.0018588392,0.4226497
Chpf,-0.02342406,0.3502182
Obsl1,-0.01964416,0.15368465
Tmem198,-0.00033404212,0.8315918
Inha,0.0008988574,0.5942885
Stk11ip,0.0062678605,0.73258376
Slc4a3,0.004967507,0.70490956
Gm17751,0.0,1.0
Gm816,-0.00025113483,0.42264977
Epha4,-0.024065925,0.22614653
Pax3,-0.0008360502,0.42264977
Sgpp2,0.012157554,0.29988483
Farsb,0.0018911809,0.9627917
BC035947,0.0,1.0
Mogat1,-0.0058429735,0.40254483
Acsl3,0.10347973,0.03617279
Utp14b,5.877018e-05,0.99708766
Kcne4,0.0035058334,0.34564397
Scg2,-0.0006551782,0.4226497
Ap1s3,0.0064587775,0.12254197
Wdfy1,0.05406052,0.45558348
Mrpl44,0.03787166,0.009641321
Serpine2,0.38225758,0.10246788
9830004L10Rik,0.0,1.0
Fam124b,0.0,1.0
2310015K22Rik,-0.0008353321,0.20552197
Cul3,0.042452812,0.19539258
Dock10,0.09689366,0.20874503
Nyap2,-0.0072243535,0.1798395
Irs1,-0.03127996,0.2205099
Rhbdd1,0.03120178,0.12899986
Gm28940,0.0,1.0
Col4a4,-0.016816523,0.2612565
Col4a3,-0.018625893,0.15201125
Mff,-0.013112545,0.6643421
Agfg1,0.029172756,0.38217753
Slc19a3,-0.00082977704,0.28359988
Krtap28-13,0.0,1.0
Ccl20,-0.0010957202,0.4226497
Daw1,0.06570378,0.14576095
Sphkap,0.0071260217,0.29632118
Pid1,0.094800994,0.024334632
Dner,-0.009687826,0.29545778
Trip12,-0.024485394,0.61019725
Fbxo36,0.041407228,0.58722496
Slc16a14,-0.0013809827,0.42264965
C130026I21Rik,-0.0010035299,0.94542974
A530032D15Rik,0.0035115462,0.81036276
A530040E14Rik,0.0126564875,0.05278402
G530012D18Rik,0.0,1.0
Sp110,0.058601942,0.17584395
Gm16094,0.0,1.0
Sp140,0.03495674,0.6116501
Sp100,0.12673753,0.1212265
A630001G21Rik,0.025487933,0.28430256
Cab39,0.053266585,0.44847775
Itm2c,0.33214933,0.079784244
4933407L21Rik,0.06505555,0.21731089
Gm28884,0.0015525667,0.6557088
Gpr55,0.007552536,0.2666955
Spata3,0.006300647,0.2703971
2810459M11Rik,0.046073154,0.029514624
Psmd1,0.044139355,0.3436668
Htr2b,0.0,1.0
Gm21972,0.0,1.0
Armc9,0.03280417,0.26209128
B3gnt7,0.0034374455,0.4226497
Gm28626,0.0,1.0
Ncl,0.11096215,0.15599422
Ptma,0.59416604,0.05404081
Pde6d,0.03369522,0.678502
Cops7b,0.025239915,0.10781616
Nppc,0.044687428,0.013917829
Dis3l2,0.055920586,0.2562916
Ecel1,0.0,1.0
Chrng,0.0,1.0
Eif4e2,0.04478036,0.36483872
Efhd1,0.037880864,0.01650003
Efhd1os,0.0,1.0
Gigyf2,0.03670132,0.30179307
Kcnj13,-0.7628491,0.071079604
3110079O15Rik,-0.00047833295,0.42264965
Ngef,0.08266333,0.13547692
Neu2,0.017434767,0.22944257
Inpp5d,0.12728861,0.02952329
Atg16l1,-0.0042016953,0.65104055
Sag,0.0027221376,0.73220325
Dgkd,0.038233224,0.16800413
Gm19582,-0.0007618948,0.42264977
Usp40,0.025246412,0.1574198
Ugt1a7c,-0.00040110992,0.92508197
Ugt1a6a,-0.00085662026,0.8276446
Ugt1a5,-0.00017233288,0.42264977
Ugt1a2,0.0053350334,0.42264977
Dnajb3,0.0033135843,0.30784878
Mroh2a,-0.0043607545,0.18883584
Hjurp,0.035884693,0.49965978
Gm29538,-0.16286765,0.029766941
Glrp1,0.0032673776,0.4764228
Gm29336,0.00025545526,0.87411267
Arl4c,0.08379693,0.23189473
Platr5,0.0009251004,0.42264965
Sh3bp4,0.017653234,0.10004743
Agap1,0.026874945,0.2383688
Asb18,0.0,1.0
Iqca,0.21738124,0.073226
4930434B07Rik,0.003714666,0.4457883
Ackr3,0.019066274,0.5073984
Gm28723,0.0044090585,0.23994932
Cops8,0.05741939,0.40482715
Col6a3,0.01340759,0.16707513
Mlph,0.0024818196,0.68110526
Prlh,0.0,1.0
Gm28199,0.0,1.0
Lrrfip1,0.12717709,0.28409702
Rbm44,0.0,1.0
Ramp1,0.31849432,0.19801626
Ube2f,-0.043584153,0.30970064
Gm26683,-0.0006281847,0.27781013
Scly,-0.0020021833,0.94361585
Klhl30,-0.0013797872,0.36774385
Fam132b,0.0020663084,0.42264977
Ilkap,0.07021983,0.042465653
Hes6,-0.09709109,0.10216178
Per2,0.04167871,0.17428201
Traf3ip1,0.027023226,0.15070732
Asb1,-0.010962723,0.27334458
Gm29100,0.0,1.0
Twist2,0.001396626,0.37234154
Hdac4,0.049074277,0.30539927
Gm26720,0.0037631767,0.4993288
Ndufa10,-0.051143974,0.42197624
Myeov2,-0.20767003,0.20815867
Otos,-0.0007975157,0.42264965
Gm29483,-0.0005608702,0.4226497
Gpc1,-0.016734919,0.08909661
Gm29480,-0.00024548505,0.42264965
Ankmy1,-0.0009150272,0.27840444
Dusp28,0.010313854,0.44668505
5033417F24Rik,-0.0052602733,0.45439368
Rnpepl1,0.06505644,0.04546456
9430060I03Rik,0.007247543,0.632129
Capn10,0.026448026,0.27179247
Gpr35,0.060539138,0.057612583
Kif1a,0.0334965,0.41508463
Gm28086,0.0,1.0
2310007B03Rik,-0.0030178216,0.51238203
Crocc2,0.041707925,0.31955984
Sned1,0.019179028,0.16812253
Mterf4,0.072250925,0.08370337
Gm28535,0.0002370635,0.97852665
Pask,-0.0020227777,0.8123511
Ppp1r7,0.007895231,0.4940574
Ano7,0.001435318,0.42264977
Hdlbp,-0.022821516,0.78214645
Sept2,0.14118598,0.0013550952
Farp2,-0.012109143,0.18874645
Stk25,0.033615083,0.34253886
Gm28536,0.0,1.0
Bok,0.18570575,0.15392844
Thap4,-0.07139933,0.17609091
Gm10550,-0.00046674686,0.4226497
Atg4b,0.009882912,0.53808075
Dtymk,0.038683683,0.47981346
Ing5,0.058678236,0.08475949
D2hgdh,0.0069670416,0.7196204
Neu4,0.0026720003,0.5174745
Pdcd1,-0.00048620813,0.8789856
Fam174a,-0.04995075,0.46073267
St8sia4,0.05753659,0.2106793
Slco4c1,0.005456331,0.70564383
Panct2,-0.0023411026,0.42264965
Gm28901,-0.0017342026,0.18350378
D1Ertd622e,0.052156255,0.41648418
Ppip5k2,0.038984172,0.13236779
Gin1,-0.014830768,0.54227155
Pam,0.0030664206,0.81724626
1810006J02Rik,-0.0004080725,0.4226497
Gm7967,0.008383012,0.45334706
Cntnap5b,0.0,1.0
Gm28187,-0.00033627424,0.42264965
Cdh20,0.008857125,0.21508883
Rnf152,-0.058928415,0.12585771
Gm17634,-0.045161895,0.08933684
Pign,0.018431298,0.3446213
2310035C23Rik,0.03759107,0.06720595
Tnfrsf11a,0.0077523477,0.42426553
Gm7160,0.0046447217,0.7300371
Zcchc2,0.013845898,0.38705003
Gm20753,-0.0012071795,0.27673575
Phlpp1,0.03754489,0.17037459
A530053M12Rik,0.0,1.0
Bcl2,0.12703285,0.10368884
D630008O14Rik,0.0,1.0
Kdsr,0.0004594326,0.9810812
Vps4b,0.057992697,0.2543028
Serpinb5,0.0,1.0
Serpinb12,0.0,1.0
Serpinb2,0.016194802,0.3991183
Serpinb10,0.0046106726,0.7241401
Serpinb8,-0.009631893,0.35903764
Cdh7,0.033066828,0.28497538
Cdh19,0.016932262,0.17839396
Dsel,0.015651874,0.36021432
9330185C12Rik,-0.024507597,0.08836811
Cntnap5a,0.0,1.0
Tsn,0.1470421,0.036732964
Nifk,-0.00503207,0.79482347
Clasp1,0.015461788,0.6360589
2900060B14Rik,0.03087632,0.32088503
Tfcp2l1,0.0012155054,0.77377886
Gli2,0.0035475576,0.47643828
Gm26831,-0.0003705479,0.42264977
Gm29455,0.0,1.0
Inhbb,0.026971033,0.113553666
Ralb,0.05315204,0.1923832
Gm27184,-0.0011114432,0.81646585
Tmem185b,0.027540226,0.10956227
Epb41l5,0.05299358,0.22639574
Ptpn4,0.021897417,0.46974725
Tmem177,-0.0042570196,0.7074288
Cfap221,0.040162057,0.14921723
Sctr,0.01688422,0.33233657
Tmem37,-0.01677294,0.73928064
Dbi,0.06548214,0.73696804
3110009E18Rik,0.0007134415,0.96559453
Steap3,0.015965633,0.27114785
C1ql2,0.004498923,0.47361422
En1,0.0,1.0
Celrr,-0.0026476618,0.42264977
Insig2,-0.06956996,0.22501864
Ccdc93,0.009314492,0.75755674
Htr5b,0.033574596,0.019239295
Ddx18,0.06674859,0.032872364
Dpp10,-0.000319447,0.42264977
Actr3,0.0025548935,0.98329854
Slc35f5,0.029606394,0.43061155
Gpr39,-0.00028985107,0.42264977
Lypd1,-0.0033780336,0.3902092
Nckap5,0.031770505,0.28582266
Mgat5,0.0790142,0.022174837
Tmem163,0.0054823747,0.5863774
2900009J06Rik,0.008345862,0.551577
Ccnt2,0.08819618,0.08716481
Map3k19,0.03250773,0.11831419
Rab3gap1,-0.031735465,0.36679617
Zranb3,0.031889703,0.21488264
Gm28800,0.00022069667,0.706186
R3hdm1,0.090302885,0.087438144
Ubxn4,0.01872167,0.7501247
Lct,0.00071559293,0.42264977
Mcm6,0.059379894,0.11318523
Dars,0.033782214,0.227293
Cxcr4,0.27149162,0.076565444
Thsd7b,-0.0059644757,0.3367107
Cd55b,0.0034478193,0.14998254
Gm15675,0.002152525,0.7742863
Cd55,-0.0386135,0.23606123
Gm16083,0.037194684,0.06562583
Gm29427,0.0030949456,0.5680674
Pfkfb2,0.0169172,0.09018436
Yod1,0.01680161,0.6073706
AA986860,0.0060721477,0.011901742
Fcmr,-0.0092379,0.17541896
Il10,0.007829022,0.3657965
Mapkapk2,0.059838712,0.5308617
Dyrk3,0.06225642,0.07821267
Eif2d,0.026452795,0.22319795
Rassf5,0.114956915,0.20625049
Ikbke,0.023625543,0.25817674
Gm28913,-0.00067292247,0.18383013
Srgap2,0.13987193,0.0824024
Fam72a,0.026965842,0.18512395
Ctse,0.016825728,0.4109033
Rab7b,0.008883307,0.57168645
Slc26a9,0.00036690308,0.519785
Pm20d1,-0.00031279773,0.96561897
Slc41a1,0.084996834,0.18256992
Rab29,0.024504658,0.3852772
Nucks1,0.054370522,0.49484813
Slc45a3,0.0019390979,0.481663
Elk4,0.05178046,0.23802072
Mfsd4,-0.010217898,0.26228762
Gm26892,0.0,1.0
Cdk18,0.0073178154,0.23487672
Gm29629,0.0,1.0
Lemd1,0.0,1.0
Klhdc8a,0.0007841624,0.42264965
Nuak2,0.10482169,0.2047506
Tmcc2,0.050704572,0.09802769
Dstyk,0.060088202,0.20612785
Rbbp5,0.038808934,0.06822827
Tmem81,0.007434492,0.48634258
Cntn2,0.03090717,0.098962694
Nfasc,-0.052502796,0.16695304
Gm10538,0.0,1.0
Lrrn2,-0.05990439,0.0022692843
Mdm4,0.10096305,0.054493953
Pik3c2b,0.033749703,0.020285645
Gm28609,0.0,1.0
Ppp1r15b,0.083291695,0.2894336
Plekha6,0.068480484,0.15466873
Gm19461,0.0006068442,0.9342974
Ren1,0.0016129091,0.89157003
Etnk2,0.00879691,0.5037613
Sox13,0.0132876765,0.23920166
Snrpe,0.077448666,0.05057928
Zc3h11a,0.0031371117,0.8053718
Gm38394,0.0039218715,0.49397516
Lax1,-0.0007618948,0.42264977
Atp2b4,0.05261317,0.19646734
Optc,0.005232528,0.51603156
Gm15851,-0.00093810144,0.8005541
Prelp,0.058903217,0.593315
Fmod,0.00025144033,0.9814715
Btg2,0.42412263,0.13183004
Chil1,-0.009375259,0.92744535
Mybph,0.0018552402,0.76443875
Adora1,0.025583675,0.21303579
Myog,0.005026499,0.4657874
Ppfia4,0.08664481,0.097190194
Tmem183a,-0.08278732,0.056960005
Cyb5r1,-0.016348094,0.44231078
Adipor1,-0.032132655,0.7057975
Platr1,-0.0018088571,0.27938998
Klhl12,0.00014704466,0.99489844
Rabif,0.0026251972,0.8903608
Kdm5b,0.031289123,0.28872383
Syt2,0.0,1.0
Ppp1r12b,0.014426233,0.07991642
Gm28892,0.0,1.0
Ube2t,0.024650171,0.28593332
Lgr6,0.008384144,0.046051297
Ptpn7,0.00743029,0.27449724
Arl8a,0.10010415,0.041553263
Gm15445,0.0045462856,0.34345993
Gpr37l1,0.3512199,0.0080586495
Gm26642,0.0,1.0
Elf3,0.00065274537,0.72432464
Rnpep,0.10202491,0.10162394
Timm17a,-0.16635355,0.122448124
Lmod1,0.0013935668,0.62497497
Shisa4,-0.04626058,0.32882735
Ipo9,-0.00037321448,0.9855839
Nav1,0.019949196,0.30229568
Gm4793,0.0,1.0
Gm38399,-0.00057692453,0.4226497
Csrp1,0.17022318,0.08490751
Phlda3,0.084365726,0.07734054
Tnni1,0.009227618,0.16566469
Lad1,0.0,1.0
Tnnt2,0.005240302,0.55129224
Igfn1,-0.03915891,0.066636465
Tmem9,-0.12854724,0.12855093
Cacna1s,0.06596471,0.21735188
Gm37759,0.0013261097,0.4226497
Kif21b,0.05332247,0.28730938
Mroh3,0.008125428,0.36964107
5730559C18Rik,0.00799468,0.45391005
Gm26568,0.0,1.0
Gm26781,0.0018267337,0.25423384
Camsap2,0.008866757,0.6628015
Ddx59,-0.00034793094,0.981375
Kif14,0.0021847936,0.403847
Platr23,0.0017821137,0.4226497
Zfp281,0.06355719,0.17308351
Gm19705,-0.026112475,0.0018280165
Platr22,-0.009818384,0.13658242
Nr5a2,0.0,1.0
A430106G13Rik,-0.002648537,0.124189354
Ptprc,0.27625692,0.23303919
Nek7,-0.01656808,0.73099804
Lhx9,-0.0011301932,0.5768685
2310009B15Rik,-0.048607513,0.15058409
Dennd1b,0.014639746,0.24968661
Crb1,0.0,1.0
Zbtb41,0.034814782,0.09667125
Aspm,-0.003401449,0.709684
Cfhr2,-0.0005059851,0.71665347
Cfh,0.10653379,0.1839634
Kcnt2,-0.0012213811,0.4226497
Cdc73,0.016388878,0.61849016
B3galt2,0.002500185,0.2335401
Glrx2,0.00053334236,0.9879918
Trove2,0.08679114,0.21925925
Uchl5,-0.029136837,0.52332425
Rgs2,0.21213211,0.078588635
Rgs1,0.05089938,0.32095784
Rgs18,0.006860025,0.8915063
Gm29514,0.0,1.0
Brinp3,-0.0016908082,0.3680615
Pla2g4a,0.037323963,0.1587965
Ptgs2,-0.006476309,0.860661
Ptgs2os2,-0.005925906,0.27558428
Pdc,0.0030551334,0.72476697
BC003331,0.025093868,0.6581888
Tpr,0.19251809,0.140523
Prg4,0.04500082,0.06290962
Hmcn1,0.014132218,0.044195466
Gm10138,0.08128995,0.25305396
Ivns1abp,0.33968547,0.13658126
Swt1,0.11443393,0.08883743
Trmt1l,0.07251644,0.02729653
Rnf2,0.040495694,0.043611
Fam129a,0.024007171,0.6560111
2810414N06Rik,0.01223688,0.1240756
Edem3,0.0068802815,0.72759634
1700025G04Rik,0.015110201,0.28657922
Tsen15,0.02570974,0.46078613
Colgalt2,0.005591477,0.37923908
Rgl1,0.045608796,0.15536568
Arpc5,0.13367093,0.44751835
Ncf2,0.14115015,0.38293773
Smg7,0.027583688,0.46021262
Nmnat2,0.01712232,0.5453286
Lamc2,0.006549332,0.2047586
Lamc1,0.042051572,0.095353276
Shcbp1l,-0.0004909311,0.4226497
Dhx9,0.059082016,0.37743405
Npl,0.037177145,0.13870005
Rgs8,0.0,1.0
C230024C17Rik,0.0,1.0
Rgs16,0.01613106,0.24371229
Gm28513,0.0,1.0
Rnasel,0.016010288,0.72309387
Rgsl1,-0.00024340443,0.42264977
Teddm2,0.0029234216,0.49022695
Teddm1b,0.0,1.0
Teddm1a,0.0,1.0
Glul,0.0926795,0.33218786
Gm29290,0.0,1.0
Gm29291,0.0,1.0
Gm28286,0.0,1.0
A830008E24Rik,0.00043189677,0.83684695
Cacna1e,0.0038617454,0.515959
Gm9530,-5.5200304e-05,0.9794019
Ier5,0.3386052,0.13182428
Mr1,0.0052792206,0.8063159
Stx6,0.047608055,0.06102875
BC034090,-0.0008814335,0.96380013
Xpr1,0.010898158,0.6815588
Gm5532,0.0,1.0
Acbd6,0.076621205,0.05389181
Qsox1,-0.0535494,0.29442465
Cep350,0.04222559,0.55035126
Tor1aip1,0.17479393,0.03082567
Tor1aip2,0.026481792,0.17381403
Fam163a,-0.0040576444,0.42264965
Tdrd5,0.0,1.0
Axdnd1,-0.00014715915,0.90895647
Gm2000,0.0058579817,0.50552154
Soat1,0.039227694,0.55545956
Gm10031,0.0057428083,0.53552806
Abl2,0.025334276,0.13690504
Tor3a,-0.024994344,0.4561022
Fam20b,-0.031455465,0.18541911
Ralgps2,0.08369263,0.10735156
Angptl1,-0.0020760717,0.59263223
4930439D14Rik,0.0036004551,0.15965812
Gm28694,0.04588206,0.2360313
Rasal2,0.021233529,0.59055805
BC026585,0.097694814,0.2667569
Sec16b,0.004080578,0.30110177
Brinp2,0.0,1.0
Astn1,-8.218922e-07,0.9998177
Gm37679,0.0,1.0
Pappa2,0.0,1.0
Rfwd2,0.08347103,0.21521334
Tnr,0.014884409,0.49222514
Gm38039,-0.00072886096,0.4226497
4930523C07Rik,0.07417627,0.29963386
4930562F07Rik,0.01270099,0.42679614
Mrps14,-0.12757516,0.011813665
Cacybp,-0.09511602,0.51296324
Rabgap1l,-0.060201854,0.101565436
Gm36975,0.0,1.0
Gm37083,0.0,1.0
Rc3h1,0.019970655,0.30947804
Serpinc1,0.0013734975,0.7296441
Zbtb37,0.042178478,0.0988136
Dars2,-0.01599768,0.13951305
Gm37634,0.0013446702,0.42264977
Cenpl,0.0035495665,0.74666756
Klhl20,0.015788894,0.18533331
Ankrd45,0.058364287,0.21130659
4930469G21Rik,0.00052761735,0.7132758
Prdx6,0.38368535,0.07352312
Tnfsf18,-0.00040037875,0.42264977
Fasl,0.0,1.0
Suco,0.06399445,0.10895997
4930558K02Rik,0.001435318,0.42264977
Pigc,0.03228773,0.038425513
Gm38304,0.0,1.0
Dnm3,0.021471767,0.06967189
2810442N19Rik,0.0013449581,0.4477466
Dnm3os,0.0,1.0
Mettl13,0.02003454,0.11401939
Vamp4,0.033153683,0.68080676
Myoc,0.0,1.0
Prrc2c,0.11503363,0.33554274
Fmo4,-0.00015372351,0.42264965
Fmo1,0.027162299,0.44529516
Fmo2,5.912743e-05,0.91704637
Prrx1,0.022785043,0.38541764
Gm26523,0.0018549361,0.57719284
Gorab,0.022829417,0.097488955
Mettl11b,-0.004451993,0.40413818
Kifap3,0.10426518,0.14449854
Scyl3,0.009173777,0.42743295
BC055324,0.0077893734,0.5909234
Mettl18,-0.038329486,0.02721965
Sele,0.0,1.0
Sell,-0.0072252005,0.9421074
Selp,-0.001468143,0.755465
Gm16587,0.00016635214,0.92954475
Gm16548,0.025816334,0.23985402
F5,-0.41419062,0.09895707
Slc19a2,-0.028625466,0.024171744
Ccdc181,0.04352635,0.21040562
Blzf1,0.027064834,0.04513775
Nme7,0.052264184,0.4217668
Atp1b1,-0.5845356,0.097919494
Gm26685,0.0014596405,0.69039947
Xcl1,-0.0021753649,0.011340894
Tbx19,0.0,1.0
Sft2d2,0.028026655,0.27476227
Tiprl,-0.016817689,0.4581656
Gpr161,0.013099164,0.18813798
Dcaf6,-0.0139208175,0.330811
Mpc2,-0.26242602,0.031167459
Adcy10,-0.0017825925,0.22787476
Mpzl1,0.03406026,0.19183071
Rcsd1,0.04546439,0.4524315
Creg1,0.2706767,0.09071416
Cd247,-0.0007618948,0.42264977
Pou2f1,0.024473377,0.27767068
Dusp27,0.0,1.0
Gpa33,0.0,1.0
Mael,0.0058458704,0.4226497
Ildr2,0.107355416,0.25635713
Gm15853,0.011408677,0.049090464
Tada1,0.024644107,0.27033475
Gm15853-1,0.0,1.0
Pogk,0.046118572,0.13537729
Gm16701,-0.0014973021,0.28788862
Gm16701-1,0.0035185756,0.1331068
Fam78b,0.008100586,0.5029866
Uck2,-0.0033284146,0.72967935
Tmco1,0.062278688,0.48274085
Aldh9a1,0.06913695,0.053247593
Mgst3,-0.025699928,0.5268323
Lrrc52,0.0040778546,0.6725182
Rxrg,0.0012688903,0.6544388
Lmx1a,-0.03390936,0.038128942
Pbx1,0.08824429,0.23033448
Nuf2,0.2494439,0.05673176
Rgs5,0.0076878746,0.35618848
Rgs4,0.04064833,0.23849884
Ccdc190,0.09550528,0.13778995
Hsd17b7,-0.0025667027,0.8319142
3110045C21Rik,-0.0051613827,0.05215551
Ddr2,0.048286412,0.047253687
Uap1,0.058578454,0.19340822
Gm37748,0.0033238512,0.21566613
Gm37502,0.0,1.0
Uhmk1,-0.05242674,0.13184886
4930500M09Rik,0.0,1.0
Sh2d1b1,0.059016906,0.32740387
Gm7694,0.0061207507,0.7892682
Nos1ap,0.017111769,0.3410917
1700015E13Rik,-0.0012138594,0.42264965
Olfml2b,0.011791776,0.20477684
Atf6,0.039707534,0.42808184
Dusp12,0.0132892765,0.2104914
Gm26620,0.0013871534,0.6435094
Fcrlb,0.0,1.0
Fcrla,-0.00075842073,0.4226497
Fcgr2b,0.056673713,0.42035905
Gm10522,0.0,1.0
Fcgr4,0.11970197,0.17116599
Fcgr3,0.10038465,0.5513171
Cfap126,0.22729862,0.16724455
Sdhc,-0.15828818,0.24178796
Mpz,0.00162271,0.62155277
Pcp4l1,-0.19037265,0.21572626
Nr1i3,-0.0014665421,0.42264977
Tomm40l,0.009073034,0.686629
Apoa2,-0.041409653,0.099802196
Fcer1g,0.37860602,0.2780008
Ndufs2,-0.12133992,0.12409778
Adamts4,0.01852064,0.26122475
B4galt3,0.07412459,0.1361303
Ppox,0.028218873,0.34651622
Usp21,0.03405569,0.114981286
Ufc1,-0.083139956,0.2392331
Gm20045,0.0071731415,0.6430749
Dedd,0.06420863,0.035768066
Nit1,0.035761476,0.22050834
Pfdn2,0.23149136,0.007126708
Klhdc9,0.07279731,0.08399441
Pvrl4,0.027874753,0.15370917
Arhgap30,0.12516016,0.16560213
Usf1,0.07594314,0.16172202
Tstd1,-0.0021076223,0.42226225
Gm26641,-0.0025949336,0.4110648
F11r,-0.12987453,0.10638494
B930036N10Rik,0.023081008,0.22402897
Alyref2,0.03110346,0.08552591
Cd244,0.045122825,0.3867502
Ly9,0.010319043,0.14710033
Slamf7,0.0018858644,0.7972852
Gm37787,0.003642302,0.4226497
Cd48,0.11270442,0.20661569
Slamf1,0.0065096593,0.010881682
Cd84,0.06059484,0.50649863
Gm10521,0.0026881588,0.5650118
Gm37065,-0.0046539735,0.34806177
Slamf6,0.009985606,0.087416194
Vangl2,0.03233198,0.17046933
Nhlh1,0.0,1.0
Ncstn,0.00055396557,0.9898164
Copa,0.042081684,0.46120808
Gm37756,-0.00037285118,0.4226497
Pex19,0.01651264,0.56907094
Dcaf8,0.05523157,0.31771538
Pea15a,0.10508856,0.037495445
Casq1,0.003547207,0.5230448
Gm17224,0.0,1.0
Atp1a4,0.0037678818,0.3577795
Igsf8,0.06451022,0.18416624
Atp1a2,0.019887805,0.79832953
Kcnj9,-0.00014060123,0.4226497
Kcnj10,0.14948252,0.15615092
Pigm,0.058538843,0.003323684
Slamf9,0.0012292862,0.90951246
Igsf9,0.008723785,0.2749075
Tagln2,0.4345661,0.07068469
Cfap45,0.08605443,0.29967973
Vsig8,0.00094674155,0.84802985
Slamf8,0.011848962,0.3230966
Fcrl6,0.0,1.0
Dusp23,0.02454871,0.46591443
Ackr1,-0.0009085226,0.4226497
Cadm3,0.012956063,0.12065166
Aim2,0.07779006,0.22394767
Gm4955,0.012223354,0.4452206
BC094916,0.0008790305,0.42264977
Pydc4,0.012430839,0.27772075
Pyhin1,0.048429903,0.06329744
Pydc3,0.0021127684,0.4226497
AI607873,0.04000969,0.22440815
Ifi204,0.06649049,0.16876173
Mndal,0.029662147,0.1875297
Mnda,0.020572046,0.35506943
Ifi203,0.0009624064,0.9589116
Ifi205,0.018023165,0.44885266
Spta1,-0.0008223963,0.4226497
Fmn2,0.11015547,0.016465394
Grem2,0.0,1.0
Rgs7,-0.00035929863,0.4226497
Fh1,-0.08036174,0.080535695
Kmo,-0.0014293354,0.67823917
Opn3,-0.008376052,0.15857665
Chml,-0.00051592663,0.9255282
Exo1,0.0067359586,0.45785403
Pld5,-0.015565641,0.485457
Rbm8a2,3.8780272e-05,0.9929246
Gm38101,0.0,1.0
Cep170,0.07005734,0.16832364
Sdccag8,0.10962461,0.14180565
Akt3,0.036975943,0.39569426
Gm26801,-0.00013142789,0.9463804
Zbtb18,0.014586128,0.651792
Gm37306,0.0,1.0
1700016C15Rik,0.00019257143,0.9887386
Adss,0.16014709,0.10682869
Gm16432,-0.009583002,0.15919864
Desi2,0.019687697,0.5141478
B230369F24Rik,0.004790214,0.5919467
Cox20,-0.32097632,0.07005634
Gm16586,0.067488626,0.22139692
Hnrnpu,0.09947887,0.12159414
Efcab2,0.116217226,0.14609507
Kif26b,0.018126722,0.21173218
Smyd3,0.05532131,0.17878622
Tfb2m,0.0011840463,0.9426645
Cnst,-0.031878635,0.2989209
Sccpdh,0.038081795,0.52242434
Gm1305,0.0018214481,0.5521758
Ahctf1,0.0007232055,0.9792679
Cdc42bpa,0.113045946,0.12453665
Adck3,0.010974079,0.47949117
Gm37336,0.0,1.0
Psen2,-0.012570307,0.28577304
Gm31728,-0.00077568577,0.4226497
Itpkb,0.16996232,0.20310971
6330403A02Rik,-0.00030008645,0.4226497
Parp1,0.047611743,0.20822994
Lin9,0.005315218,0.12859583
Acbd3,0.029985294,0.004743573
Gm37768,2.5890768e-06,0.9990668
Gm38293,0.0,1.0
H3f3a,0.043087006,0.83505255
Gm17275,-0.0030602708,0.521203
H3f3aos,0.0017965357,0.75136435
Sde2,0.009042323,0.8589052
Pycr2,0.08935084,0.005379827
Lefty1,-0.0020282129,0.8073926
Tmem63a,0.061096143,0.12552866
2210411M09Rik,0.0,1.0
Ephx1,-0.21186405,0.0656493
Nvl,0.06236696,0.101413466
Cnih4,0.0106579065,0.88840127
Wdr26,0.15924111,0.14061457
A430110L20Rik,-0.0036641806,0.10047647
Cnih3,0.0020153988,0.49830708
Ccdc121,0.16807725,0.11406293
Dnah14,0.012156971,0.38792112
Lbr,0.08035584,0.46576428
Enah,0.13445538,0.15513353
Srp9,-0.13655174,0.08220056
Degs1,0.0038872361,0.9470031
1700047M11Rik,0.023853282,0.08151282
Fbxo28,0.05531726,0.3267566
Trp53bp2,0.108655944,0.38300213
Capn2,0.08951968,0.0103079425
Gm37885,-0.00097191863,0.42264965
Capn8,-0.00051660574,0.42264965
Susd4,0.0100314915,0.22006568
Tlr5,0.0011430765,0.6092442
Gm38079,0.002931339,0.25534642
Disp1,0.014097827,0.34469804
Brox,0.0034107342,0.7118498
Aida,0.022659749,0.38166326
Mia3,0.016884506,0.7357939
Taf1a,0.025497276,0.13136226
Gm37986,-0.00221443,0.2391329
Hhipl2,-0.00109362,0.4226497
Gm33973,-0.0011386349,0.4226497
Dusp10,0.044231914,0.28376573
1700056E22Rik,0.0009308383,0.7330174
Gm37800,0.0071826195,0.27007952
Hlx,0.0432226,0.14144999
Gm34342,0.00022830046,0.94392073
Marc1,0.108531624,0.10927069
Marc2,-0.21419412,0.09903896
C130074G19Rik,0.008283867,0.14328247
Mark1,0.033656176,0.010912245
Rab3gap2,-0.013288669,0.4852471
Iars2,0.01947572,0.5623291
Bpnt1,-0.11181177,0.11453832
4930532G15Rik,0.0075959098,0.31784904
Eprs,0.05538383,0.10443096
9630028B13Rik,-0.0024539623,0.4226497
Gm2061,-0.0012962259,0.48540068
Slc30a10,0.024251401,0.24815936
Lyplal1,-0.015591335,0.4271766
Tgfb2,-0.18987224,0.16010988
Rrp15,0.02205912,0.20509298
A430105J06Rik,0.00050506555,0.9402668
Spata17,0.049757887,0.29328343
Gpatch2,0.00930053,0.37318644
Gm38155,0.0,1.0
Esrrg,-0.0039127395,0.6748936
Gm36388,0.0,1.0
Kctd3,0.03367448,0.19301285
Kcnk2,0.11475114,0.18076287
A430027H14Rik,0.011407294,0.1640463
Cenpf,-0.001787845,0.80958617
Ptpn14,-0.00030001998,0.9703967
Gm37422,-0.00058097177,0.42264965
Smyd2,0.010104969,0.24198733
Prox1,0.022870831,0.16406901
Gm28172,0.0011240892,0.42264977
Prox1os,0.01576978,0.4001293
Rps6kc1,0.02417727,0.24791528
Angel2,0.07176252,0.018178085
Vash2,0.008162713,0.39859
Mfsd7b,0.1255984,0.09185164
A230020J21Rik,-0.0011400206,0.5291369
Spata45,0.02952721,0.34266013
Tatdn3,-0.012264002,0.332987
Nsl1,0.007082,0.458876
Batf3,0.015994824,0.20306836
Fam71a,0.0017473409,0.7273422
Atf3,0.1717366,0.44689387
D730003I15Rik,0.06894865,0.020122629
Gm37168,0.0038361773,0.19412631
Nenf,-0.24601775,0.06506704
Tmem206,-0.004050348,0.6622677
Ppp2r5a,0.14323723,0.16530664
Gm32200,1.2900215e-05,0.98503524
Dtl,0.0057265135,0.55543315
Ints7,-0.006312184,0.5002368
Lpgat1,-0.013175681,0.70880073
Gm38037,0.011191539,0.35857064
Nek2,-0.0068481746,0.28726897
1700034H15Rik,0.0046879416,0.5037012
Slc30a1,0.024132822,0.21814965
Rd3,0.024738684,0.57672197
Gm26670,0.022374358,0.44447723
Traf5,0.01739405,0.30634427
Gm26879,0.008569648,0.30907512
Rcor3,0.041107405,0.18907309
Gm10516,0.008851377,0.081267506
Kcnh1,-0.051540393,0.152089
Hhat,-0.002356058,0.47134817
Sertad4,-0.008027003,0.30693007
Gm15867,-0.00038188323,0.90659213
Syt14,0.0046726903,0.78465265
Gm31406,0.0,1.0
Diexf,0.011210001,0.26316735
Irf6,-0.0061456286,0.009800389
A130010J15Rik,0.026344707,0.24354197
Traf3ip3,0.039210055,0.2659699
4930570N18Rik,-0.00038198943,0.4226497
Lamb3,0.010634689,0.33624363
Hsd11b1,0.042783987,0.43229452
G0s2,0.196553,0.3615628
Camk1g,0.0011228352,0.60977083
Plxna2,0.0070846304,0.61590457
Cd34,0.023098446,0.0428038
Gm16897,0.0048827007,0.21099493
Gm32250,0.0050883675,0.5948118
Gm37027,0.00014669285,0.95060676
Cd46,0.0012674117,0.87287426
Cr1l,0.005987659,0.8415636
Cr2,0.008272757,0.21306112
Fam171a1,0.007878352,0.48677933
Nmt2,0.03130036,0.09923239
Rpp38,0.028871972,0.16462395
Acbd7,0.031002361,0.16628392
Olah,0.009129148,0.18932909
Meig1,0.4095181,0.12462489
Dclre1c,-0.008412123,0.70023376
Suv39h2,0.00805118,0.15106918
Hspa14,0.041187644,0.17160022
Cdnf,0.0031606846,0.4629753
Fam107b,0.121547565,0.04859562
Frmd4a,0.07507232,0.050270975
1700080N15Rik,0.0,1.0
Gm13179,0.0076086647,0.20335054
Prpf18,0.034527346,0.5418038
Bend7,0.013583748,0.27166995
Sephs1,0.018292174,0.4867653
Phyh,0.04426813,0.35336316
Ucma,0.15540391,0.124206655
Mcm10,0.008283437,0.29741767
Optn,-0.030426428,0.020157982
4930551O13Rik,-0.0021793211,0.31967133
Gm26776,0.00035493774,0.8552808
Ccdc3,0.1730515,0.036989607
Camk1d,0.068645194,0.2272546
Cdc123,0.013365924,0.5854649
Nudt5,-0.03398353,0.32333192
Gm13199,0.0023080923,0.67976475
Sec61a2,0.026725467,0.10494968
Dhtkd1,0.023852386,0.15433457
Upf2,0.032032356,0.18888903
Proser2,0.009026681,0.1311464
Echdc3,-0.011718463,0.68953335
Gm13383,-0.000319447,0.42264977
Usp6nl,-0.037120916,0.25600308
Gm13391,-0.0003527189,0.42264977
Celf2,0.25919625,0.12937178
Gm26565,0.0,1.0
Gata3,0.002088437,0.42264977
9230102O04Rik,-0.0026395023,0.3145676
Taf3,0.05769227,0.0064519835
Atp5c1,-0.15552473,0.038182817
Kin,0.0029653013,0.8640894
Itih2,0.034362793,0.31146803
Itih5,0.13154867,0.07593117
Sfmbt2,0.0025255885,0.6325063
Prkcq,-0.09917184,0.049784575
8030442B05Rik,0.0,1.0
Gm13293,0.0005016885,0.7557725
Pfkfb3,0.039479643,0.06420985
Gm10851,-0.0006337189,0.4226497
Rbm17,0.08590929,0.05983663
Il2ra,0.0,1.0
Il15ra,0.0072329435,0.61557937
Fbxo18,0.0025213584,0.92234224
Ankrd16,0.028944295,0.12096639
Itga8,-0.001512895,0.22958449
E030013I19Rik,-0.0005040994,0.4226497
Fam188a,-0.0074820817,0.731107
Pter,-0.013617031,0.35698402
C1ql3,-0.0031827064,0.10570672
Rsu1,0.06279114,0.31959
Cubn,0.0057830247,0.26338586
Trdmt1,0.021900985,0.18085504
Vim,0.63850486,0.20350954
St8sia6,0.001454318,0.88766235
Hacd1,0.014966421,0.66375077
Stam,0.017844394,0.58636343
Tmem236,0.0,1.0
Mrc1,0.0050572567,0.6551859
Slc39a12,-0.12947942,0.17504288
Cacnb2,0.011237459,0.43456304
Gm10848,0.0005717166,0.8227714
Gm13269,0.00074640504,0.63499033
Nsun6,0.0055721737,0.68746614
Arl5b,0.04023543,0.2800313
Plxdc2,0.06506265,0.32215855
Gm13322,0.0,1.0
Nebl,0.10575522,0.13214009
A930004D18Rik,0.01742566,0.00972847
Skida1,0.012871808,0.23234892
Mllt10,0.10191954,0.086843066
Dnajc1,0.077421874,0.011387628
Commd3,-0.038437247,0.49111104
Bmi1,0.021220744,0.010034608
Spag6,0.0,1.0
Carlr,0.0,1.0
Pip4k2a,0.1822787,0.02963269
4930426L09Rik,0.001258151,0.3271386
Armc3,0.11563043,0.18183815
4930447M23Rik,0.0015686452,0.5716504
Msrb2,-0.03726825,0.3890516
Otud1,0.077341594,0.14445345
Etl4,-0.020105965,0.17052893
Arhgap21,0.11027452,0.07272525
Gm13375,-0.000753507,0.8937418
Gm13376,0.0,1.0
Enkur,0.32614934,0.15451542
Thnsl1,0.02409361,0.35894418
Gpr158,0.0020492736,0.4391433
Gad2,-0.00058429857,0.42264977
Apbb1ip,0.22194502,0.054063257
Pdss1,0.000166215,0.97202796
Abi1,0.11805819,0.3105885
Acbd5,-0.008684963,0.85497737
Mastl,0.012349652,0.40884718
Yme1l1,-0.012032539,0.82298666
4931423N10Rik,0.00031743673,0.53312683
Spopl,0.035502125,0.16917233
Hnmt,-0.02093988,0.25314683
Il1f9,-0.011970222,0.85734546
Il1rn,0.036534935,0.13821357
Psd4,0.0045957267,0.62912816
Pax8,-0.0019952785,0.19945265
Cacna1b,0.00040165766,0.839973
Ehmt1,0.039685,0.09690283
Arrdc1,0.023522358,0.2653572
Zmynd19,0.018356187,0.029620005
Dph7,0.031947114,0.03260515
Mrpl41,-0.059742063,0.37996292
Pnpla7,0.054705124,0.057217125
Nsmf,0.057304222,0.17669886
Gm13387,0.0,1.0
Nrarp,0.036724634,0.4203782
Gm38287,-0.00072658627,0.4226497
Tor4a,0.0038027745,0.38557172
Nelfb,0.041845158,0.2733695
Fam166a,0.0,1.0
Tubb4b,0.047237277,0.58503646
Slc34a3,-0.00072399323,0.26522514
Cysrt1,0.0,1.0
Rnf208,0.036712803,0.03688409
Ndor1,0.015462825,0.3390748
Tmem203,-0.016158469,0.5633777
Tprn,-0.001780659,0.88722813
Ssna1,0.035483256,0.39486054
Anapc2,0.06109231,0.14907606
Tmem210,0.0,1.0
Lrrc26,0.0,1.0
Grin1,0.0011800254,0.62503105
AA543186,0.006033741,0.42643586
Man1b1,0.01864507,0.55185294
Dpp7,-0.18831581,0.062337123
Uap1l1,-0.02453494,0.61708665
Sapcd2,-0.005469789,0.15737222
Entpd2,0.056593254,0.08009388
Npdc1,-0.024256438,0.66287553
Fut7,0.0051718974,0.1911474
Abca2,-0.1094061,0.32431465
BC029214,0.026356965,0.6449948
Clic3,-0.02552671,0.56016403
Ptgds,-0.42733562,0.3637135
C8g,0.040275037,0.05410857
Fbxw5,-0.0270847,0.2611225
Traf2,0.038435493,0.07776276
Edf1,-0.20195627,0.07040754
Mamdc4,-0.0007536309,0.19255733
Phpt1,-0.030546427,0.45536467
Gm996,0.0002662451,0.960539
Gm26702,-0.0010419838,0.42264965
Rabl6,0.0141887665,0.2688205
Fcnaos,0.0014001646,0.6504456
Ccdc183,0.002302558,0.42264977
Tmem141,-0.013196647,0.6366706
Fcna,0.012779887,0.3252873
A230005M16Rik,0.0,1.0
Bmyc,0.08468163,0.0058206725
Lcn11,0.0,1.0
Kcnt1,0.007859647,0.11074465
Camsap1,0.015859626,0.37494183
Ubac1,-0.0038959756,0.8449846
Nacc2,0.034748882,0.42489007
Gm13554,0.0,1.0
C330006A16Rik,0.043467253,0.087101206
1810012K08Rik,0.0,1.0
Qsox2,0.0022439659,0.9134916
Ccdc187,0.0035619405,0.29325518
Gpsm1,0.0067742774,0.25897473
Dnlz,-0.010866538,0.7232179
Card9,0.011816915,0.31750932
Snapc4,0.0064490056,0.4226352
Gm13563,0.0012698831,0.42264977
Sdccag3,0.0128555745,0.50180733
Pmpca,0.013140276,0.4205356
Inpp5e,0.0053937547,0.5780167
Sec16a,0.019395426,0.0985925
Notch1,0.032010593,0.48002174
Egfl7,-0.032701097,0.13109986
Agpat2,-0.004273437,0.91589946
Fam69b,-0.092999704,0.081593506
Snhg7os,-0.042327587,0.04457371
Lcn4,0.0,1.0
Surf6,-0.0070026293,0.3970607
Med22,0.01962163,0.29632026
Rpl7a,0.056608915,0.54564613
Surf1,0.058753744,0.06690423
Surf2,0.017696947,0.33311886
Surf4,-0.09272647,0.05373367
Stkld1,0.018151972,0.3611259
Rexo4,0.016564645,0.38772506
Adamts13,0.0,1.0
Cacfd1,0.008060813,0.79103255
Slc2a6,0.01898047,0.48584214
Gm13398,-0.0005060945,0.42264965
Tmem8c,0.0037327074,0.20944065
Adamtsl2,-0.00074825436,0.18483779
Fam163b,-0.000814564,0.42264965
Sardh,-0.0008318648,0.86334735
Vav2,0.029941779,0.047087073
AA645442,0.0017413641,0.59165263
Brd3,0.09433907,0.07491117
Wdr5,0.032083306,0.1627649
Rxra,0.004235469,0.7691349
Col5a1,0.007916697,0.42596593
Fcnb,0.011140976,0.47848287
F730016J06Rik,-0.0012525726,0.42264965
Olfm1,-0.042110994,0.18678507
Gm13373,-0.0017837646,0.18792935
Ppp1r26,0.007542749,0.4736779
1700007K13Rik,0.12441149,0.17238618
Mrps2,-0.023399573,0.389002
Gbgt1,0.0,1.0
Ralgds,0.025049657,0.23412228
Cel,0.0,1.0
Gm13381,0.0,1.0
Gtf3c5,-0.0016614236,0.73664427
Gfi1b,0.0001771407,0.88285375
Tsc1,-0.0007377304,0.9515814
1700026L06Rik,0.13174996,0.20307177
Ak8,0.023545705,0.037149608
Gtf3c4,-0.003583409,0.79606587
Ddx31,0.020565659,0.11340311
Barhl1,0.0004048585,0.9035659
Cfap77,0.20778182,0.106175825
Ttf1,0.0869088,0.10940362
Setx,0.023811854,0.39596355
Ntng2,-0.0040677357,0.05377405
Med27,0.043254256,0.009450581
Rapgef1,0.029911347,0.20285527
Trub2,0.037260897,0.032256942
Coq4,0.013820887,0.6985945
Slc27a4,-0.012096018,0.5997947
Urm1,0.014500558,0.40595388
2600006K01Rik,0.0015892354,0.52191573
Cercam,0.014672373,0.23855355
Odf2,0.07617959,0.2631584
Gle1,0.011201829,0.7430542
Sptan1,0.19731477,0.18971112
Wdr34,0.06063305,0.23939027
Set,0.06433636,0.5000554
Pkn3,-0.0018566321,0.35740784
Zdhhc12,-0.07394849,0.046173196
Zer1,0.041809205,0.031252842
Tbc1d13,0.028535776,0.28531736
Endog,0.11631672,0.20455256
D2Wsu81e,0.016810961,0.483896
Ccbl1,0.008264905,0.5218912
1700084E18Rik,-0.0026905392,0.66885495
Lrrc8a,-0.0013446286,0.9449096
Gm28035,0.0015500301,0.4226497
Phyhd1,0.002026895,0.868516
Dolk,-0.034895837,0.05543759
Nup188,-0.0032952558,0.578453
Sh3glb2,0.04180877,0.19401546
Fam73b,-0.0023920052,0.8797039
Dolpp1,-0.006168301,0.16224769
Crat,0.018904287,0.19021137
Ppp2r4,-0.039978147,0.157879
Ier5l,0.039866786,0.1219802
Gm14487,0.0025576402,0.44040304
Cstad,0.00862157,0.3119758
9330198N18Rik,-0.00017233288,0.42264977
Gm14486,-0.0010383036,0.20236564
1700001O22Rik,0.0041972855,0.6767082
Ntmt1,0.04701101,0.13879652
Asb6,-0.003632661,0.7450339
Prrx2,0.008623746,0.25051993
Ptges,0.014151911,0.22362626
Tor1b,0.017885573,0.4122611
Tor1a,0.08098586,0.18175372
BC005624,0.22065926,0.20398287
Usp20,0.013558436,0.42108536
Fnbp1,0.16762048,0.12897106
Gpr107,0.061951824,0.15566365
Gm13405,0.0,1.0
Ncs1,0.028836213,0.24427406
Hmcn2,0.0016889421,0.41320053
Ass1,0.08158913,0.059495695
Fubp3,0.024216518,0.5078733
Exosc2,0.022850344,0.43924475
Gm13427,0.0,1.0
Abl1,0.03116694,0.4241949
Qrfp,-0.0003527189,0.42264977
Fibcd1,-0.0013702712,0.4226497
Lamc3,0.012811971,0.41979578
Aif1l,0.0406985,0.121632576
Nup214,0.0025167838,0.85926944
Fam78a,0.0041881576,0.4480573
Plpp7,0.011188161,0.40983677
Prrc2b,0.012568727,0.33845305
Gm13610,-0.0002856769,0.4226497
Pomt1,0.014493659,0.196363
Uck1,0.021463364,0.5866155
Swi5,-0.022438288,0.76100725
Golga2,-0.0076282993,0.7824795
Dnm1,0.0041631563,0.7399016
Ciz1,0.028402273,0.05072091
1110008P14Rik,-0.060324907,0.36251536
Lcn2,0.07525805,0.8652179
Ptges2,-0.007292807,0.7512892
Slc25a25,0.054354925,0.29287186
Naif1,0.0054780194,0.45424494
Fam102a,0.07677583,0.090766765
Dpm2,0.0324893,0.43990895
9430097D07Rik,0.0,1.0
Pip5kl1,0.0,1.0
St6galnac4,0.022175,0.63477135
St6galnac6,0.00749892,0.8214795
Ak1,0.023557395,0.5633494
Eng,0.027522666,0.2769192
Fpgs,0.0049693044,0.6627221
Cdk9,0.13723639,0.027557975
Sh2d3c,-0.0038857907,0.8361656
6330409D20Rik,0.0,1.0
Ttc16,0.04017369,0.34375042
Tor2a,-0.0029777437,0.9288406
Ptrh1,-0.007589223,0.5755287
Cfap157,0.0804072,0.12844327
Stxbp1,0.0020312965,0.8025258
Gm13524,0.0,1.0
Gm13523,-0.0023576438,0.4226497
Fam129b,-0.04163511,0.0586351
Lrsam1,-0.005104957,0.5710955
Rpl12,0.25144064,0.2235186
Slc2a8,-0.006753534,0.79071206
Garnl3,0.0072623612,0.61122763
Ralgps1,0.043491594,0.41674757
Angptl2,-0.12215492,0.067312315
Zbtb34,0.013702663,0.22631446
Gm13536,0.0,1.0
Zbtb43,0.028991908,0.023740077
Gm13530,0.0013032295,0.4226497
Lmx1b,0.009533342,0.15060268
C130021I20Rik,-0.00019870704,0.85477614
Mvb12b,-0.016118571,0.48351067
Nron,0.0,1.0
Gm13403,0.0,1.0
Gm13404,-0.00070601044,0.42264965
Pbx3,0.03446452,0.36248142
Mapkap1,0.009294987,0.81622493
Gapvd1,0.022994682,0.5582738
Hspa5,-0.3687452,0.10357805
Rabepk,0.045931377,0.32518318
Fbxw2,0.09154183,0.003022795
Psmd5,0.05328238,0.019168815
Cutal,-0.0018788148,0.8824442
Phf19,0.0029934854,0.696402
Traf1,0.15090904,0.17542447
Hc,0.06840412,0.18790999
Gm13449,0.0070851496,0.3565737
AI182371,-0.0011686025,0.42264965
Cntrl,0.0856146,0.14836292
Rab14,0.10682106,0.20330459
Gsn,0.1102702,0.14584503
Stom,0.064386986,0.06573681
4930402F06Rik,0.0048417007,0.46525955
Ggta1,0.09906007,0.22516504
Dab2ip,-0.020260781,0.07834781
Ttll11,0.013957404,0.2724307
Ndufa8,-0.2589836,0.008169274
Morn5,0.18778463,0.13970822
Lhx6,0.0,1.0
Rbm18,0.00858511,0.4952101
Mrrf,0.03913161,0.13977851
Gm13431,0.001351277,0.6722772
Ptgs1,0.030793916,0.15355547
Pdcl,-0.015242495,0.5009463
Rc3h2,0.041311324,0.34273142
Zbtb6,-0.008537877,0.3493456
Zbtb26,0.021849087,0.30945712
Rabgap1,0.009150147,0.748996
Strbp,0.16598755,0.13759258
Gpr21,-0.0013827222,0.30568212
Crb2,0.04901527,0.1851821
Dennd1a,-0.0007230267,0.95152295
Lhx2,0.08647026,0.04478468
Gm27197,-0.0009767935,0.4226497
Gm13589,0.004677213,0.7099
Nek6,-0.039315082,0.23141107
Psmb7,0.0014364719,0.9416904
Nr6a1,0.0012148153,0.73449194
Nr6a1os,-0.00040534802,0.4226497
Olfml2a,0.016276289,0.26710504
Gm13496,0.0029674284,0.28457862
Wdr38,0.02480736,0.2915896
Rpl35,-0.15062857,0.34484577
Arpc5l,0.024415374,0.34959117
Golga1,-0.0046288036,0.66257304
Scai,0.06805866,0.2013019
Ppp6c,-0.0017258525,0.95438635
Lrp1b,0.030271005,0.17707707
Kynu,0.0002711427,0.92685544
Arhgap15,0.06620088,0.2640791
Gtdc1,0.0008362271,0.91603255
Zeb2,0.3084581,0.120614655
Zeb2os,0.09663524,0.19060643
Gm13479,-0.0032775786,0.3024699
Gm13470,-0.0006854571,0.42264965
Gm13481,0.024776816,0.06743047
Acvr2a,0.010219445,0.21637632
Orc4,-0.0214125,0.4543302
Mbd5,0.0198512,0.41916898
Epc2,0.06092661,0.22777332
Kif5c,0.032648083,0.36798814
Lypd6b,0.0020111606,0.5702064
Gm13480,-0.00033627424,0.42264965
Lypd6,-0.00627266,0.21030056
Mmadhc,-0.0018137842,0.9271081
Rnd3,0.069755204,0.07099841
Rbm43,0.01954373,0.2980804
Nmi,0.07240987,0.17316568
Tnfaip6,0.02766547,0.099688515
Rif1,0.076462604,0.21422018
Neb,-0.0018256721,0.34487045
Arl5a,0.051552504,0.31013748
Cacnb4,0.041534573,0.091914795
Stam2,0.010033764,0.6261736
Fmnl2,-0.031695005,0.091828525
Gm26603,0.0,1.0
Prpf40a,0.14465535,0.038246144
Arl6ip6,-0.028069906,0.54588526
Rprm,0.051135205,0.10265852
Galnt13,0.0074373567,0.009410794
Gm14033,0.0,1.0
Gm26794,0.0,1.0
Kcnj3,-0.00065114914,0.42264977
Nr4a2,0.03978889,0.13611645
Gpd2,0.075390056,0.20777853
Galnt5,0.0,1.0
Ermn,0.07078422,0.10186234
Cytip,0.19754817,0.25463986
Gm13546,0.006714637,0.48453078
Acvr1c,0.0,1.0
Acvr1,0.029089529,0.2904439
Upp2,0.06909453,0.03240192
Ccdc148,0.10068794,0.18220983
Pkp4,0.04486409,0.16201347
Dapl1,0.0032264357,0.60618603
Tanc1,0.036641493,0.13216671
Wdsub1,0.008616529,0.7622375
Baz2b,0.13043362,0.14102179
Gm13572,0.0,1.0
Gm13620,0.0029936181,0.72971404
March7,0.15918916,0.21757683
Cd302,0.031587973,0.76477915
Ly75,-0.0017896628,0.77549565
Gm13571,0.0,1.0
Pla2r1,0.0045701712,0.53004324
Itgb6,-0.017108722,0.12275015
Rbms1,0.15147987,0.16725418
Tank,0.01812902,0.7053826
Psmd14,-0.03253956,0.386511
Tbr1,-0.0007615926,0.42264977
Slc4a10,-0.3741156,0.0799894
Dpp4,0.004536801,0.41292852
Gm13561,0.0,1.0
Fap,-0.11184895,0.03532935
Ifih1,0.046199154,0.22950251
Gca,-0.002212353,0.90415215
Kcnh7,0.010818999,0.43129265
Fign,0.004908369,0.15788306
Grb14,-0.007896736,0.77395654
Cobll1,-0.03509576,0.2167966
Gm13594,-0.008016411,0.4611164
Slc38a11,-0.000525993,0.42264977
Scn3a,0.0,1.0
Gm13595,0.0,1.0
Scn2a1,-0.0007978893,0.74725646
Csrnp3,0.00776817,0.37482673
Gm13619,0.0,1.0
Galnt3,-1.7451122e-05,0.99651825
Ttc21b,0.018239597,0.3137805
Scn1a,0.0,1.0
Gm13629,0.0,1.0
Scn9a,-0.0010097398,0.42264965
Scn7a,0.16507295,0.08569603
B3galt1,0.01786974,0.36962113
Stk39,-0.3951216,0.093056254
Gm13596,-0.004883775,0.44592586
Cers6,0.061046153,0.26221403
Nostrin,0.020285076,0.36738926
Spc25,-0.012044144,0.1178474
Dhrs9,-0.0030556992,0.93494505
Lrp2,0.05149787,0.0637893
Bbs5,-0.00015474856,0.9920653
Klhl41,0.0017802367,0.5813728
Fastkd1,0.010453645,0.61541736
Ppig,0.10477173,0.26140088
Ccdc173,0.092295125,0.16218223
Phospho2,0.010782823,0.6717872
Klhl23,0.0049602985,0.6639082
Ssb,0.15733868,0.21110481
Mettl5,0.0087402165,0.6108202
Mettl5os,0.026932124,0.13313551
Ubr3,-0.008078888,0.87352955
Myo3b,0.0,1.0
Sp5,0.0017546011,0.38701475
Gad1os,-0.0025758592,0.32235762
Erich2os,0.009514343,0.46153188
Erich2,0.13060528,0.18202794
Gad1,-0.00062350737,0.42264965
Gm26558,-0.0005291837,0.6563872
Gorasp2,0.008810848,0.6253979
Tlk1,0.04561515,0.40709656
Mettl8,0.032590378,0.13036187
Dcaf17,0.08001048,0.21496367
Cybrd1,0.041900728,0.17134942
Dync1i2,0.15760598,0.11282673
Slc25a12,-0.010889769,0.646267
Hat1,-0.017334372,0.6230767
Metap1d,0.015337132,0.40706685
Dlx1as,-0.00048617457,0.42264965
Dlx1,-0.00056412193,0.22401081
Dlx2,0.0031035168,0.51149774
Itga6,0.028806563,0.06036812
Gm17250,0.0057212543,0.24182568
Pdk1,0.021695666,0.35739917
Rapgef4,0.008591056,0.72695535
Rapgef4os2,-0.00075836363,0.6108988
Rapgef4os3,0.0031592234,0.2500191
Zak,0.008901954,0.30638817
Cdca7,0.015074109,0.1530449
6430710C18Rik,-0.0018905186,0.24819872
Sp3,0.06735253,0.09706819
Sp3os,-0.0016677827,0.97429395
Ola1,0.0033288002,0.87751716
Sp9,-0.0010449252,0.23461264
Cir1,0.038466915,0.4791785
Scrn3,0.009341367,0.50446075
Gpr155,0.019575711,0.427752
Gm13703,0.0060096197,0.13634501
Gm13709,0.0063107726,0.18466316
Gm13707,0.0,1.0
Wipf1,0.062888555,0.31653133
Chrna1,0.0,1.0
Chrna1os,-0.0051870868,0.69632536
Chn1os3,0.0,1.0
Chn1,-0.0024163593,0.84532917
Atf2,-0.023280434,0.28407726
Gm10822,0.00040344775,0.42264965
Atp5g3,-0.29741538,0.12215017
Lnp,0.0021110326,0.90764797
Hoxd8,0.0,1.0
Hoxd4,0.0,1.0
Haglr,0.0068082362,0.4226497
Gm14424,0.0,1.0
Hoxd1,0.0,1.0
Mtx2,-0.07724422,0.35230228
2600014E21Rik,0.00059198594,0.53128994
Hnrnpa3,0.1716662,0.25360873
Nfe2l2,0.10401437,0.23704152
Agps,0.040888973,0.5032089
Ttc30b,0.1412241,0.24611294
Ttc30a2,-0.0010674532,0.22895733
Ttc30a1,0.020189453,0.2616654
Pde11a,0.0023763748,0.4226497
Cyct,0.0017986362,0.42264965
Rbm45,0.007609986,0.49257082
Osbpl6,0.06466161,0.1684935
Prkra,-0.027701437,0.33820456
Dfnb59,0.001059662,0.42264977
Fkbp7,0.028348874,0.012834417
Plekha3,-0.014519975,0.2733359
Ttn,-0.00040990734,0.42264977
Ccdc141,-0.038681246,0.44410634
Sestd1,0.013090864,0.49803975
Zfp385b,-0.023585081,0.49557555
Cwc22,0.009366889,0.51820827
Ube2e3,0.013162315,0.85502654
Itga4,0.17795852,0.19982821
Cerkl,0.00973565,0.16451746
Neurod1,0.0,1.0
Ssfa2,-0.04990807,0.2669464
Pde1a,0.008841276,0.4509735
Dnajc10,0.055601865,0.23703076
Frzb,0.013929352,0.42842
Nckap1,-0.0011719763,0.98259944
Dusp19,0.018685732,0.19534476
Nup35,0.00798133,0.65179116
Zfp804a,0.0,1.0
Gm28675,0.0,1.0
Zc3h15,0.020584553,0.40181154
Itgav,0.029017583,0.6465647
Fam171b,-0.034076132,0.16015945
Calcrl,0.024088372,0.33399138
Tfpi,0.033756502,0.19307482
Gm13710,-0.00040294122,0.42264965
Ctnnd1,0.04783614,0.20683476
Btbd18,0.0,1.0
2700094K13Rik,0.13751598,0.0057605957
Tmx2,-0.06591824,0.21695432
Med19,0.086171076,0.024507577
Zdhhc5,0.011449531,0.66291124
Clp1,0.014319252,0.18967547
Ypel4,-0.0009229566,0.7563714
Gm19426,-0.024820754,0.029822668
Serping1,0.0702481,0.13491975
Ube2l6,0.055734456,0.20217077
Timm10,0.054743618,0.2228856
Slc43a1,0.0010399761,0.7521699
Slc43a3,0.052667987,0.008037404
P2rx3,-0.0011037342,0.4226497
Ssrp1,0.13403788,0.10220789
Tnks1bp1,0.005557958,0.689825
Aplnr,0.0,1.0
Gm13713,0.0,1.0
Lrrc55,0.0,1.0
Olfr1033,0.0,1.0
Ptprj,0.12953284,0.092434846
4933423P22Rik,0.0,1.0
Nup160,0.01918886,0.48308787
Fnbp4,0.047007564,0.07776537
Agbl2,0.01913299,0.53265905
Mtch2,-0.059434354,0.33598775
C1qtnf4,0.10298021,0.0037827292
Ndufs3,-0.1303165,0.18950559
Kbtbd4,7.450581e-09,0.9999996
Celf1,0.11338644,0.29183567
Rapsn,0.0008146502,0.94362015
Psmc3,0.03380543,0.6877953
Slc39a13,-0.08170942,0.17708097
Spi1,0.28569034,0.21799938
Mybpc3,-0.0019827897,0.612783
Madd,0.05924345,0.007849181
Nr1h3,0.05145651,0.25952265
Acp2,0.02859401,0.24669874
Ddb2,-0.002998244,0.4740696
A330069E16Rik,0.003916079,0.40332285
Gm17281,0.0,1.0
Pacsin3,0.012065552,0.6652622
Arfgap2,0.04213059,0.034515943
1110051M20Rik,-0.011348441,0.47918954
Lrp4,0.010305825,0.49884212
Ckap5,0.16145998,0.1351739
F2,0.0,1.0
Zfp408,0.0055690636,0.14853114
Arhgap1,0.048107266,0.08621902
Atg13,0.035754707,0.16220573
Harbi1,0.016204743,0.20983319
Ambra1,0.032676566,0.129498
Mdk,-0.021395802,0.71194965
Dgkz,0.023707189,0.25667223
Gm9821,0.0,1.0
Creb3l1,0.00948485,0.75079656
2900072N19Rik,-0.00055068376,0.42264965
Phf21a,0.061971925,0.10020831
Gyltl1b,-0.030800449,0.054644916
Pex16,-0.004479319,0.6722563
1700029I15Rik,0.003603443,0.2875784
Mapk8ip1,0.039124355,0.29331714
Cry2,0.097045876,0.19856706
Slc35c1,0.03195256,0.029166613
Gm13814,-0.0013480978,0.19710375
Chst1,0.00329402,0.6003505
Syt13,-0.003648477,0.35860312
Prdm11,0.001201164,0.8410312
Trp53i11,0.012047147,0.5351873
Tspan18,0.033100158,0.02952212
Cd82,-0.11004189,0.16539276
Alx4,0.0010313754,0.19689167
Ext2,0.028750837,0.13017508
Accs,0.012102821,0.4111645
Accsl,0.0,1.0
Gm13889,-0.011503373,0.40459314
Alkbh3,-0.007329218,0.5568091
Hsd17b12,-0.12650687,0.102312796
E530001K10Rik,0.0014256742,0.77241987
Ttc17,0.027800415,0.36409017
Api5,0.048782647,0.46694925
Lrrc4c,0.0035812142,0.5995701
4930445B16Rik,0.0,1.0
Gm10800,0.0,1.0
B230118H07Rik,-0.026668549,0.28559643
Rag1,0.0004706003,0.42264965
Traf6,-0.0014963094,0.83619165
Prr5l,0.05049263,0.2284974
Gm13905,0.0,1.0
Commd9,-0.045946166,0.16405645
Ldlrad3,0.095286086,0.16178535
Gm13919,0.0,1.0
Gm13920,0.0,1.0
Trim44,0.07250179,0.2783175
Fjx1,0.18458492,0.06411383
Pamr1,0.1289756,0.02521537
Slc1a2,0.1752399,0.014984225
Gm13872,0.0,1.0
Cd44,0.19141051,0.33068287
Pdhx,-0.013505667,0.5381157
Apip,-0.021599159,0.5733818
Gm13869,-0.0011958287,0.3473583
Ehf,-0.008928292,0.029972969
BC016548,0.010883441,0.27819198
Elf5,0.0011366182,0.5959805
Cat,-0.07168421,0.1316012
Abtb2,-0.00778073,0.5328147
Nat10,0.025095453,0.017018178
Caprin1,0.0009737313,0.95770085
Lmo2,0.03043954,0.1816595
4931422A03Rik,0.0,1.0
Fbxo3,0.04108596,0.20196095
Cd59b,0.0059121847,0.87356746
Cd59a,-0.3971954,0.075690426
A930018P22Rik,0.0032012411,0.4936725
D430041D05Rik,0.030736018,0.14048086
Gm13883,0.0,1.0
Hipk3,-0.00029149652,0.99558794
Cstf3,0.040444158,0.46164384
Tcp11l1,0.00038507022,0.9773043
Depdc7,-0.031277515,0.047982078
Qser1,0.03222111,0.07464077
Prrg4,0.05756887,0.081591204
Ccdc73,0.03804332,0.32822704
Eif3m,0.04230827,0.09126935
Them7,0.0,1.0
Rcn1,-0.017118186,0.45984077
Pax6os1,0.0010628277,0.52527255
Paupar,-0.001507308,0.18350396
Pax6,0.05916202,0.05415672
Elp4,0.024122324,0.53334695
Immp1l,0.008388668,0.88723135
Dnajc24,0.05582788,0.0022551815
Mpped2,0.008364956,0.26779348
Arl14ep,-0.0053639263,0.8143115
Kcna4,0.0,1.0
Mettl15,0.01685069,0.23234698
Kif18a,0.0022431407,0.840559
Bdnf,0.0,1.0
Lin7c,-0.058460623,0.061500408
Lgr4,-0.0024959184,0.9089775
Ccdc34,0.22757024,0.14771412
Gm13936,-0.0006031502,0.42264977
Bbox1,0.16120528,0.12017116
Fibin,0.02631694,0.0145814605
Ano3,0.0045173336,0.30220377
Lpcat4,0.031576097,0.22114992
Nop10,0.001098156,0.97864693
Slc12a6,0.07744106,0.17803332
Emc4,-0.17134461,0.037177265
Katnbl1,0.0011201352,0.9593541
Emc7,-0.17859554,0.06550992
Chrm5,0.0017812838,0.4226497
Aven,-0.001897186,0.9144026
Ryr3,0.0019475482,0.4226497
Fmn1,0.0009897314,0.91758215
Gm13963,-0.00030403543,0.4226497
Gm13964,-0.0040779472,0.16043398
Grem1,-0.00025197436,0.4226497
Scg5,-0.052540302,0.13262452
Arhgap11a,0.03424891,0.19440582
Gjd2,0.0,1.0
C130080G10Rik,0.0020946825,0.48343587
Aqr,0.06608764,0.2667729
Zfp770,0.01733907,0.5900995
Dph6,0.023779973,0.46903098
BC052040,-0.005548964,0.27360806
Meis2,0.06709299,0.17198457
2700033N17Rik,0.035927877,0.19353405
G630016G05Rik,0.010653691,0.2885427
Tmco5,0.0,1.0
D330050G23Rik,0.0032772045,0.56427544
Gm29340,0.00045213127,0.82032466
Spred1,0.067228705,0.3294018
Fam98b,0.03287764,0.5231669
Rasgrp1,0.028181605,0.27372727
Thbs1,-0.043216243,0.48933235
Fsip1,0.0650497,0.22748516
Gpr176,-0.0010122306,0.5578752
Eif2ak4,-0.0017267596,0.8789264
Srp14,-0.041813135,0.5328065
Bmf,-0.0025716443,0.66477764
Bub1b,-0.012522652,0.124606304
Pak6,0.022384081,0.34093666
Ankrd63,0.0,1.0
Plcb2,0.013301748,0.11944852
Inafm2,0.057363834,0.16408096
A430105I19Rik,0.0009598695,0.8014106
Disp2,-0.0014729188,0.22134046
Knstrn,0.013412469,0.3960857
Gm14091,0.01076383,0.09592291
Ivd,-0.0013833493,0.96674734
Bahd1,0.028535457,0.25647092
Chst14,0.007056507,0.27781713
Ccdc32,0.033297792,0.24310815
Rpusd2,0.0012384311,0.44019407
Casc5,0.023223193,0.39233536
Rad51,0.015286367,0.02881144
Rmdn3,-0.03852662,0.1319638
Gchfr,0.021051481,0.1527846
Dnajc17,0.060761914,0.11580796
Zfyve19,0.011663541,0.5976541
Ppp1r14d,0.00166176,0.5281313
Spint1,0.013706613,0.28544104
Rhov,0.011721825,0.6424153
Vps18,0.01676542,0.29997307
Dll4,-0.0008868229,0.3102058
Chac1,0.0013956861,0.5106488
Ino80,0.0007475838,0.8465817
Exd1,0.010264471,0.35979268
Chp1,-0.03294897,0.5961489
1700020I14Rik,0.08598347,0.36266345
Oip5,0.0055268193,0.46307573
Nusap1,-0.019826952,0.27541134
Ndufaf1,-0.017053023,0.33557558
Rtf1,0.15494551,0.05413237
Itpka,0.016902046,0.22935101
Ltk,0.0015636426,0.7504544
Rpap1,-0.0063629746,0.74232477
Tyro3,-0.019374441,0.31136954
Mga,0.08017878,0.285487
Mapkbp1,0.038412143,0.05041789
Jmjd7,-0.0038373638,0.7492006
Gm28042,0.0,1.0
Pla2g4b,0.0,1.0
Sptbn5,-0.00058960955,0.22377986
Ehd4,0.0769986,0.15592617
Pla2g4e,0.0,1.0
Pla2g4f,0.0,1.0
Vps39,0.01900747,0.28636697
Tmem87a,0.007471647,0.70594233
Ganc,0.050984308,0.11829354
Capn3,0.019951712,0.20863597
Zfp106,-0.08091235,0.28797796
Gm26899,0.0011873282,0.849002
Snap23,-0.02260819,0.667936
Lrrc57,-0.007133402,0.73574066
Haus2,0.022542235,0.22367074
Stard9,0.011891454,0.4394173
Cdan1,-4.5076013e-06,0.9997136
Ttbk2,0.015000865,0.38426366
Ubr1,0.02943746,0.40033576
Tmem62,-0.0012491271,0.9197461
Ccndbp1,0.0030619502,0.9327908
Epb42,-0.0018263175,0.4226497
Lcmt2,0.016898539,0.40788805
Adal,0.0047694435,0.4696955
Zscan29,0.034083236,0.41609854
Tubgcp4,0.03198381,0.06175459
Trp53bp1,0.03461508,0.34113646
Map1a,0.0702291,0.053002454
Ppip5k1,-0.0005612783,0.90268475
Ckmt1,-0.023658186,0.39573276
Strc,-0.00078790635,0.42264977
Catsper2,-0.0071050874,0.009408083
Pdia3,-0.18292552,0.17711775
Ell3,-0.0020859742,0.2085672
Serinc4,0.001814173,0.42264965
Serf2,-0.18709052,0.10047015
Hypk,-0.053827852,0.17403802
Mfap1b,0.105137676,0.035579007
Mfap1a,0.049425818,0.054797515
Wdr76,0.026134316,0.021278871
Frmd5,0.047067553,0.12225224
Gm14019,0.0033813578,0.30126122
Casc4,-0.019080356,0.7003479
Mageb3,-0.0011906171,0.42264977
Ctdspl2,-0.007820446,0.6833528
Eif3j1,0.022834629,0.6447181
Spg11,0.025218759,0.008391903
Patl2,0.0,1.0
B2m,0.23763925,0.14260632
Trim69,0.0,1.0
Sord,-0.055660464,0.09702705
Duoxa1,0.0,1.0
Shf,0.0048164427,0.3865968
Slc28a2,0.010104086,0.8338895
Gatm,0.13393955,0.013124432
AA467197,-0.035895254,0.6557193
Slc30a4,-0.04293841,0.054966103
Bloc1s6os,0.01537467,0.28282842
Bloc1s6,-0.014390841,0.6748748
Sqrdl,-0.03791696,0.534732
Sema6d,0.12970272,0.092557095
4930517E11Rik,0.0,1.0
4930583P06Rik,0.0,1.0
Slc24a5,-0.14614736,0.13626054
Myef2,-0.051372945,0.035091087
Ctxn2,-0.0066287094,0.1902566
Slc12a1,-0.00068608345,0.1835813
Gm14002,0.0,1.0
Dut,-0.01165548,0.855716
Fbn1,-0.03143025,0.2767493
Gm9913,-0.00060526386,0.4226497
Cep152,0.010093174,0.21453293
Shc4,0.0020901526,0.5127091
Eid1,0.026367307,0.4971198
Secisbp2l,0.019963086,0.37485975
Cops2,-0.022634864,0.6787685
Galk2,0.1320843,0.034523327
Fam227b,0.0,1.0
Fgf7,0.048413083,0.049562782
Dtwd1,0.013455763,0.18899918
Gm17555,0.0,1.0
Atp8b4,0.026217053,0.4164444
Slc27a2,-0.0024699264,0.42264977
Hdc,0.1944834,0.39759943
Gabpb1,0.009005725,0.6359985
Gm27003,0.0048497403,0.4903726
Usp8,0.0773032,0.30212978
Usp50,-0.07077585,0.38739052
Trpm7,0.039460048,0.51856524
Sppl2a,0.039510936,0.41572398
Ap4e1,0.013236217,0.20709056
Blvra,-0.01382333,0.48639134
Ncaph,0.0048729116,0.41709188
Itpripl1,-0.08454803,0.12229778
1810024B03Rik,-0.0028270036,0.90565455
Snrnp200,-0.017633408,0.67967355
Ciao1,0.022821695,0.45766765
Tmem127,0.026442602,0.37392613
Stard7,0.008603677,0.80136764
Dusp2,0.07007708,0.14700957
Astl,0.0012357078,0.42264965
Gpat2,0.0018945837,0.3172579
Fahd2a,0.015838623,0.65520006
Kcnip3,0.03992931,0.19603136
Prom2,-0.002816859,0.5066714
Zfp661,0.004786099,0.52464145
Mrps5,0.039375514,0.2763683
Mal,0.14391564,0.15609537
Mall,0.020351974,0.13291512
Nphp1,-0.011046052,0.735041
1500011K16Rik,-0.007344961,0.8987608
Bub1,-0.006940633,0.5931306
Acoxl,-0.0001375092,0.4226497
Bcl2l11,0.013471972,0.77991956
Anapc1,0.10317178,0.187803
Mertk,0.0048492476,0.79828686
Gm14011,0.0,1.0
Tmem87b,0.048039213,0.29083765
Fbln7,0.17215854,0.09153063
Zc3h8,0.025888082,0.20383391
4933427J07Rik,0.0026054473,0.44476676
Gm10762,-0.007769227,0.037531525
Zc3h6,0.03297798,0.26875567
Ttl,0.044073895,0.2568736
Polr1b,0.010745577,0.39687702
Chchd5,0.036307,0.24551363
AI847159,0.004511937,0.42264965
Gm14029,0.0070054936,0.43277672
Slc20a1,0.04481651,0.35639694
A730036I17Rik,0.0,1.0
Ckap2l,-0.012627284,0.2376642
Il1a,-0.0015213415,0.96952873
Il1b,0.24221289,0.30290347
Il1bos,-0.00044877967,0.88993394
Sirpa,0.20472594,0.14554235
Pdyn,-0.000319447,0.42264977
Stk35,0.01541407,0.1099026
Tgm3,0.01221291,0.3195161
Snrpb,0.1490202,0.28130448
Nop56,0.07987629,0.013506289
Idh3b,0.015446842,0.7238836
Ebf4,0.011843778,0.49147815
Cpxm1,0.0038898527,0.6057798
Pced1a,-0.004402809,0.70202273
Vps16,0.07714307,0.15426566
Ptpra,0.097968966,0.32719454
Mrps26,0.023646176,0.7253785
Oxt,0.0039743534,0.54427564
Ubox5,-0.0019581544,0.5977149
Fastkd5,-0.0040399227,0.75915325
Lzts3,0.0037682094,0.7025716
Ddrgk1,-0.11042857,0.13870859
Itpa,-2.43932e-05,0.9993361
Slc4a11,-0.010801345,0.24168366
4930402H24Rik,0.12638363,0.06508451
Atrn,0.0034370795,0.8737719
Gfra4,-0.0042631077,0.6264126
Adam33,0.000648079,0.6181267
Siglec1,0.008249173,0.26538166
Hspa12b,0.0059662275,0.22445665
1700037H04Rik,0.0021261834,0.8576284
Spef1,0.11163552,0.26009434
Cenpb,-0.026993275,0.38159332
Cdc25b,-0.0014608204,0.93185526
Ap5s1,0.025104556,0.098791085
Mavs,0.028087437,0.370165
Pank2,0.016079202,0.7188584
Rnf24,-0.002037663,0.89897406
Smox,0.064261995,0.11132453
Gm14285,0.0,1.0
Gm14280,-0.0013350373,0.31083995
Erv3,0.0,1.0
Prnp,0.15750486,0.055096786
Rassf2,0.09306194,0.19881906
Slc23a2,-0.1303749,0.17993718
Gm14051,-0.016910069,0.5396797
Tmem230,-0.08793099,0.049781762
Pcna,0.020257488,0.61998534
AV099323,0.00750097,0.46225917
Cds2,-0.018395528,0.64238214
Prokr2,-0.0015701177,0.4226497
1700026D11Rik,0.0,1.0
Gpcpd1,0.13656376,0.28221375
AU019990,0.0021248378,0.42264977
1110034G24Rik,0.032683287,0.053245556
Gm14097,0.0,1.0
Chgb,-4.6839006e-05,0.95392114
Trmt6,0.06931665,0.18955871
Mcm8,0.00014206953,0.96569264
Crls1,-0.012370482,0.72730994
Lrrn4,0.0,1.0
Bmp2,-0.0011055609,0.67485464
Tmx4,0.025642589,0.5491987
Plcb1,0.038786136,0.15832391
4930545L23Rik,0.0015103737,0.45968008
9630028H03Rik,-0.0007780988,0.42264977
Plcb4,0.05354309,0.35092828
Lamp5,0.0,1.0
Pak7,0.01387188,0.21273197
Ankef1,0.028671106,0.1528425
Snap25,0.0053948727,0.51191616
Mkks,-0.040921614,0.20515658
Slx4ip,0.003782658,0.5521168
Jag1,0.010635858,0.6812342
Btbd3,0.002271492,0.91097605
Sptlc3,0.023436781,0.2926188
Ism1,0.0027862103,0.5347899
Tasp1,-0.027865447,0.13808084
Esf1,0.041710496,0.40971366
Ndufaf5,-0.023356296,0.3849323
Macrod2,-0.00023278221,0.98102176
Flrt3,-0.020554418,0.15996295
Macrod2os2,0.0,1.0
Kif16b,0.0025447235,0.89521706
Kif16bos,0.0,1.0
Snrpb2,0.07518184,0.19825755
Otor,0.0,1.0
Pcsk2os1,-0.064455315,0.011558846
Pcsk2,-0.030127034,0.27017465
Bfsp1,0.0045360075,0.6094125
Dstn,-0.25300145,0.12486388
Rrbp1,0.25747648,0.119086236
Banf2os,-0.00019112614,0.90168905
Gm5535,0.0,1.0
Snx5,0.18192604,0.0003064782
Mgme1,0.008144993,0.77539015
Ovol2,0.0,1.0
Csrp2bp,-0.030747287,0.24554111
Dzank1,0.06647723,0.14479661
Polr3f,0.037652414,0.22469382
Rbbp9,0.025916852,0.0109917205
Sec23b,0.042463258,0.101757385
Gm561,-0.14547402,0.0909535
Dtd1,-0.04570669,0.3129578
Slc24a3,0.01860962,0.030445073
Rin2,0.09911196,0.19612144
Naa20,-0.07422957,0.31844652
Crnkl1,0.041036874,0.14131853
Cfap61,0.046904795,0.39718738
Insm1,0.00094047753,0.42264977
Ralgapa2,0.0033322424,0.68184084
A930019D19Rik,-0.00132056,0.4226497
Kiz,-0.0066495687,0.7772308
Xrn2,0.048850447,0.28188896
Nkx2-2,0.0040551713,0.5060338
Nkx2-2os,0.0,1.0
6430503K07Rik,0.0011052643,0.44770014
Pax1,0.0,1.0
Sstr4,0.0,1.0
Thbd,0.08854344,0.07099516
Cd93,-0.0044175293,0.842914
Gm14120,0.0,1.0
Nxt1,0.030727156,0.2455118
Gzf1,0.034395672,0.33598933
Napb,0.025693417,0.00328821
Cst3,-0.12607455,0.5730016
Gm14133,0.0,1.0
Syndig1,0.0,1.0
Zfp120,0.044482403,0.31380013
Gm14139,0.0036176436,0.1835924
Zfp937,-0.0010599717,0.7599315
Gm21994,0.00041030452,0.88348925
Gm14124,0.0,1.0
3300002I08Rik,-0.004952492,0.58321786
Zfp442,0.0077220206,0.15104055
Zfp345,0.0,1.0
Cst7,0.01677752,0.30514178
Apmap,-0.10977304,0.029573007
Acss1,0.034715585,0.43200344
Vsx1,0.009417049,0.059197225
Platr15,0.003689137,0.24708594
Entpd6,0.029731054,0.104521
Pygb,0.12583795,0.03914737
Abhd12,0.036338627,0.31524396
Gins1,0.02160311,0.15431264
Ninl,0.008952877,0.10652469
Nanp,0.0004757773,0.9629543
Gm14149,0.00040344775,0.42264965
Nsfl1c,0.059141666,0.22858626
Gm14167,0.010516153,0.47406754
Fkbp1a,-0.108726144,0.20037591
Sdcbp2,0.013949717,0.3443133
Snph,0.03566909,0.07906249
Rad21l,0.0014528916,0.58789057
Tmem74bos,0.0,1.0
Tmem74b,0.0035774554,0.05726526
Psmf1,0.0076785535,0.5337643
Angpt4,0.0,1.0
Gm14154,-0.001169036,0.3959147
Fam110a,0.025273278,0.19074027
Slc52a3,0.004259568,0.025021644
AA387200,0.0,1.0
Scrt2,0.0079058595,0.444466
Srxn1,0.017829385,0.0058754045
Tcf15,-0.00022712605,0.4226497
Csnk2a1,0.047058076,0.24441756
Tbc1d20,0.0121703,0.71152216
Rbck1,0.023539752,0.3993181
Trib3,-0.0011046128,0.6930595
Nrsn2,0.0,1.0
Sox12,0.0051774597,0.029349394
Zcchc3,0.038048066,0.04450786
6820408C15Rik,0.11543496,0.3165786
Defb20,0.0028153881,0.46841758
Defb25,0.02494747,0.09420588
Rem1,0.0057365503,0.31257772
H13,-0.08985016,0.05132931
Mcts2,-0.000460729,0.9608668
Gm26841,-0.00033560334,0.42264965
Id1,-0.114070654,0.12645663
Cox4i2,-0.0021507628,0.1707882
Bcl2l1,-0.011376858,0.48235497
Tpx2,0.048488326,0.09086609
Foxs1,0.0,1.0
Dusp15,-0.017743025,0.09885688
Ttll9,0.0778192,0.14659774
Pdrg1,0.05301571,0.08497292
Xkr7,0.0,1.0
Ccm2l,-0.0005404902,0.59461355
Hck,0.1378475,0.29564077
Tm9sf4,0.07537578,0.37665826
Tspyl3,0.009262765,0.17329216
Plagl2,0.105489254,0.09758728
Pofut1,0.031897426,0.16008998
Kif3b,-0.016758636,0.36483154
Asxl1,0.020862639,0.29935724
Nol4l,0.009373851,0.50199616
Commd7,0.024371833,0.21993034
Dnmt3bos,-0.0005168836,0.42264965
Dnmt3b,-0.0017140204,0.4419995
Mapre1,-0.033617675,0.64955306
Bpifb4,0.0034795776,0.13408785
Bpifa5,0.0036068622,0.5029239
Bpifb5,-0.00020935497,0.4226497
Cdk5rap1,0.010365382,0.38994026
Snta1,-0.06313369,0.4831391
Cbfa2t2,0.017347988,0.25500312
Necab3,0.026089385,0.40716824
1700003F12Rik,-0.0034496072,0.40729415
Actl10,-2.9664137e-05,0.9703057
E2f1,0.047127742,0.12244111
Pxmp4,0.0049735904,0.8748096
4930519P11Rik,0.0,1.0
Zfp341,0.013628928,0.31488615
Gm14198,0.0,1.0
Chmp4b,0.010404766,0.8999812
Raly,0.043179214,0.47232068
Eif2s2,0.08235711,0.36610875
Ahcy,-0.01200798,0.03834017
2310005A03Rik,0.0,1.0
Itch,0.11460997,0.21241634
Dynlrb1,-0.088951886,0.12215184
Map1lc3a,-0.36349797,0.13449346
Pigu,-0.008531317,0.29928502
Trp53inp2,-0.10148884,0.1659187
Ncoa6,0.052523132,0.13109986
Ggt7,-0.003452925,0.82361114
Acss2,-0.0408149,0.090612784
Gss,0.015810959,0.6113948
Gssos2,0.0014062515,0.4226497
Myh7b,0.0001088054,0.846549
Trpc4ap,0.017992273,0.65531945
Edem2,0.08068281,0.036783945
Procr,-0.0005257714,0.8894003
Mmp24,0.0004011573,0.6947864
BC029722,0.02648896,0.5228916
Eif6,0.09948273,0.11264699
Gm16098,0.004743699,0.19347982
Uqcc1,-0.006463051,0.77064735
Gdf5,-0.005741841,0.32217824
Cep250,0.03007355,0.006953215
6430550D23Rik,-0.00038153166,0.92633784
Ergic3,-0.08162403,0.42636937
Spag4,-0.001543697,0.83325225
Cpne1,-0.00087114953,0.4226497
Gm28036,-0.00089727476,0.42264965
Rbm12,0.030171443,0.1830015
Nfs1,-0.048010275,0.0066550043
Romo1,-0.24293101,0.23338008
Rbm39,0.24635774,0.17624614
Phf20,0.08742617,0.084246494
Scand1,0.03943658,0.7127407
Cnbd2,0.034668114,0.13517603
Epb41l1,0.024075968,0.12973125
Aar2,-0.04958395,0.29680088
Gm14168,-0.0019640643,0.4193891
Dlgap4,0.019173741,0.26078355
Myl9,0.110295,0.19683497
Tgif2,0.031058554,0.16864605
4930518I15Rik,0.027116911,0.043212824
1110008F13Rik,0.06550813,0.5185193
Sla2,-0.00097287196,0.31769216
Ndrg3,0.040082663,0.17004704
Dsn1,0.010668881,0.23319559
Soga1,0.029546937,0.08809927
Samhd1,0.23394522,0.19782078
Rbl1,0.011220638,0.5414675
Mroh8,0.00092365954,0.74297106
Rpn2,0.071258485,0.4042966
Ghrh,0.002476574,0.7562745
Manbal,0.022424638,0.50443107
Src,0.008845404,0.73188555
Gm14286,0.0062576807,0.60865253
Blcap,0.030549705,0.4872069
Nnat,0.7093817,0.07806448
Platr27,0.0,1.0
Ctnnbl1,-0.0056701303,0.7477161
Vstm2l,-9.375473e-05,0.9654282
Tti1,0.008382814,0.27314663
Rprd1b,0.07216278,0.091020375
Tgm2,0.09996237,0.2440369
D630003M21Rik,0.013742125,0.40861562
1700060C20Rik,0.0,1.0
Lbp,-0.28697652,0.13279498
Snhg11,0.08114974,0.08635191
Ralgapb,0.04620468,0.17107673
Adig,0.0,1.0
Slc32a1,-0.0041553588,0.27125412
Actr5,0.037740313,0.2743454
Ppp1r16b,0.023345172,0.269738
Fam83d,-0.0071073817,0.06138468
Dhx35,0.0030454546,0.6925277
Gm826,0.0025972042,0.42264965
Mafb,0.11417726,0.058030043
Top1,-0.023161113,0.68396056
Plcg1,0.029095048,0.08950311
Gm27206,0.0,1.0
Zhx3,-0.004907107,0.5352283
Gm16751,-0.0015107016,0.2002327
Lpin3,-0.011288156,0.10060972
Chd6,0.085984565,0.23127332
Ptprt,0.0049298014,0.67420584
Srsf6,0.13804829,0.0708694
L3mbtl1,0.0005647848,0.5498553
Sgk2,0.006251602,0.29807684
Ift52,0.016274244,0.64683557
Mybl2,0.021510677,0.18676858
Gtsf1l,0.018919535,0.4733729
Tox2,0.052012205,0.32112834
Jph2,0.0031494088,0.20152265
Oser1,0.056468226,0.1232361
2900093K20Rik,0.053785395,0.32645848
Gdap1l1,0.0020818133,0.79252285
Fitm2,-0.0106980875,0.44142935
2310001K24Rik,0.00020953035,0.87461287
Ttpal,0.03769791,0.10780623
Serinc3,0.33029723,0.13654062
0610039K10Rik,0.0025675192,0.42264965
Pkig,0.133174,0.08240305
Gm16316,0.0020006117,0.58804226
Ada,0.018936872,0.46816558
Wisp2,0.01725086,0.35556057
Rims4,-0.0008918361,0.4226497
Ywhab,-0.024626493,0.593486
Pabpc1l,-0.016468205,0.33529326
Tomm34,0.15060611,0.014641228
Stk4,0.03599345,0.3904453
Kcns1,0.0156229865,0.25792962
A730032A03Rik,0.0028646516,0.37053895
Wfdc12,0.0,1.0
Slpi,-0.0220647,0.92645264
Matn4,-0.00030902028,0.962494
Rbpjl,0.0075903884,0.46708673
Sdc4,0.1691086,0.0159466
Sys1,-0.04747963,0.20405862
Gm14302,0.0009049054,0.72290194
Dbndd2,0.060388558,0.2031767
Pigt,-0.037963063,0.2764566
Wfdc2,-0.6784265,0.062437847
Wfdc6a,-0.022187443,0.0012150046
Wfdc3,0.030331898,0.35141978
Dnttip1,0.07941918,0.038999252
Gm11457,0.0029920775,0.42264965
Ube2c,0.006523438,0.8926565
Snx21,0.058049656,0.15507655
Acot8,0.018814921,0.33188245
Zswim3,0.012401373,0.27094015
Zswim1,-0.0050189644,0.695857
Spata25,-0.00015372351,0.42264965
Neurl2,0.0148841925,0.25380683
Ctsa,-0.033232868,0.5176634
Pltp,0.1361978,0.5066961
Pcif1,-0.0064394176,0.88973266
Zfp335,0.014267098,0.10612614
Zfp335os,0.005538988,0.39992574
Mmp9,0.0017048568,0.9933372
Slc12a5,0.00050747115,0.9174277
Ncoa5,-0.013084229,0.19792528
Cd40,0.0077206595,0.11965304
Cdh22,0.011753653,0.2527924
Slc35c2,0.042556442,0.36494672
Elmo2,0.028029636,0.20227897
Zfp663,-9.052854e-05,0.4226497
Zfp334,0.014444942,0.17612706
Ocstamp,0.0049600517,0.3754883
Slc13a3,0.0031028031,0.19394481
Trp53rka,-0.001042068,0.84059
Slc2a10,0.0026333958,0.18171667
Eya2,0.04391306,0.059757054
Zmynd8,0.06320582,0.22640951
Platr29,0.0,1.0
Gm11464,0.0,1.0
Ncoa3,0.12073051,0.15218014
Sulf2,0.07676316,0.29575375
5031425F14Rik,0.0033543045,0.53478134
Prex1,0.102829754,0.1595283
Trp53rkb,0.014602978,0.3284107
Arfgef2,-0.06982419,0.165366
Cse1l,0.047968425,0.20233707
Gm17096,-0.00033627424,0.42264965
Stau1,-0.00035283715,0.9870944
Ddx27,-0.0111479275,0.6515159
Znfx1,0.021031864,0.261596
Zfos1,0.051427796,0.1816842
Kcnb1,0.05140602,0.087585606
Ptgis,-0.017749194,0.34418407
B4galt5,0.08649391,0.16988033
Slc9a8,0.009892648,0.45803905
Spata2,0.034815587,0.20839216
Rnf114,0.032676347,0.116371535
Snai1,-0.007266268,0.75034386
Ube2v1,0.014861606,0.2895805
Tmem189,0.04976447,0.19591631
Gm14320,0.0014462871,0.5403642
Cebpb,0.58897525,0.21303102
A530013C23Rik,0.00037264195,0.9149505
Gm14321,0.0,1.0
9230111E07Rik,-0.0038281318,0.34325975
1200007C13Rik,-0.00027783148,0.42264977
Ptpn1,0.18398643,0.20126663
Fam65c,-0.0015865284,0.69088835
Pard6b,0.00415295,0.6828623
Gm14235,0.00013113447,0.9196318
E130018N17Rik,-0.0014773732,0.42264965
Gm20716,0.0,1.0
Adnp,-0.006394985,0.65992016
Dpm1,0.12919012,0.09238678
Mocs3,0.011966974,0.09885837
Kcng1,-0.00045087736,0.4226497
Nfatc2,0.042349923,0.13372838
Atp9a,0.04535809,0.10554268
Sall4,-0.0019492143,0.20217031
Zfp64,0.025444485,0.15060973
1700017J07Rik,0.00433477,0.30138087
Gm9873,0.0020760056,0.46669906
Tshz2,0.05031925,0.05059032
Gm26883,0.0007817639,0.3893134
Zfp217,0.0603769,0.16683121
Gm17619,-0.0039470885,0.89451087
Bcas1,0.048653785,0.28368068
Bcas1os2,0.0023401622,0.06852664
Bcas1os1,-0.004775128,0.3502199
Pfdn4,0.031253025,0.38380903
Gm16796,-0.0009288777,0.42264977
Gm14264,0.0015087217,0.52680486
Dok5,0.008780925,0.20078005
Cbln4,0.0,1.0
Mc3r,-0.015245643,0.018863495
Gm14275,-0.00095588976,0.4226497
Fam210b,-0.053382173,0.12401008
Aurka,-0.00604023,0.4463846
Cstf1,0.016042411,0.25242347
Cass4,0.0097506065,0.7133401
Rtfdc1,0.0985405,0.14539137
Fam209,0.0,1.0
Tfap2c,-0.00012475015,0.42264965
Bmp7,-0.051188342,0.31375623
Spo11,0.004497622,0.4430894
Rae1,0.055103526,0.16179723
Rbm38,-0.02494562,0.55587494
Gm14453,-0.00028829527,0.4226497
Zbp1,0.1071208,0.1549181
Pmepa1,0.063738644,0.15138364
Pmepa1os,0.0034304913,0.43266657
Rab22a,0.044196665,0.44630218
Vapb,-0.035814553,0.115801714
Stx16,0.047104903,0.18942931
Npepl1,0.001613751,0.9559049
Gm10714,0.19897446,0.20788482
Nespas,0.0,1.0
Gnas,-0.35866237,0.19694069
Gm20721,-0.0036421157,0.8461341
Nelfcd,0.0044191927,0.7680136
Ctsz,-0.0646081,0.51161546
Tubb1,0.0,1.0
Atp5e,-0.5735296,0.06703872
Slmo2,-0.032837108,0.41882738
Zfp831,-0.0016643917,0.4226497
Edn3,-0.0042815804,0.78050184
Gm14393,-0.0015565626,0.42264965
Gm14399,-0.00011616526,0.9836667
Gm14443,0.0047719367,0.4780861
Gm14391,0.003128475,0.6022264
Gm4631,0.02192549,0.21227898
Gm4723,0.014276324,0.30787286
Gm4724,0.011400163,0.030245693
Gm8923,0.0013260224,0.74445957
Gm14288,-0.00044030245,0.4226497
Gm6710,-0.008080747,0.71051794
Gm8898,0.0036434734,0.4858441
Gm2026,-0.0027687114,0.26634338
Gm11008,0.0,1.0
Gm14435,-0.0008705648,0.4226497
Gm14434,0.0,1.0
Gm14308,2.1690968e-05,0.9954869
Gm14306,-2.1062326e-05,0.98501515
Gm14305,0.028217092,0.20763195
Gm14295,-0.004751371,0.78966737
Gm14296,0.020139197,0.024873102
Gm14419,0.0005478468,0.8464092
Gm14401,0.0,1.0
Gm14410,0.0020326101,0.7699333
Gm14412,-0.0022861564,0.080429405
Gm14418,-0.022131968,0.26814115
Gm14420,0.008048122,0.5701588
Gm14403,-0.0026180828,0.6338396
Gm14322,-0.010082342,0.21547538
Gm14325,-0.008061871,0.083050735
Gm14327,-0.0067885667,0.77022696
C330013J21Rik,-0.0050870674,0.23027094
Gm14326,-0.0013094414,0.8450188
Etohi1,0.00021760538,0.977183
Gm26869,-0.0002665871,0.4226497
Zfp931,0.021274444,0.41828853
Phactr3,0.0061150314,0.6194986
Sycp2,0.004209246,0.56139535
Ppp1r3d,-0.0011500325,0.95478106
Fam217b,0.023296649,0.25032014
Cdh26,0.033401158,0.26101676
Cdh4,0.0013169462,0.7316075
Taf4a,0.050776277,0.13604033
Lsm14b,0.1398,0.20148936
Psma7,0.24834049,0.12038883
Ss18l1,-0.0007558251,0.9230048
Mtg2,0.028028205,0.051222306
Hrh3,0.0020660607,0.2828977
Osbpl2,0.016584538,0.5312238
Adrm1,0.03920032,0.45622742
Lama5,0.0031236112,0.85603017
Rps21,0.14829159,0.4529067
Cables2,-0.004972443,0.6136716
B230312C02Rik,-0.0018981812,0.34166026
Slco4a1,0.023314014,0.19773394
Ntsr1,0.0,1.0
Mrgbp,0.054284804,0.3291988
Ogfr,0.11350586,0.037675034
Col9a3,-0.5809251,0.06258468
Tcfl5,-0.00061195146,0.27409038
Dido1,0.092183046,0.19645493
Gid8,0.035568587,0.18828742
Slc17a9,0.004645794,0.515677
Gm27032,0.0017441165,0.4226497
Ythdf1,0.037278503,0.19854185
Birc7,0.0,1.0
Nkain4,0.19191183,0.07065447
Gm14341,0.0039375694,0.3714827
Arfgap1,0.024416525,0.33033636
Col20a1,0.0057168254,0.1272411
Chrna4,-0.008971632,0.06569986
Kcnq2,-0.0012926525,0.40881008
Eef1a2,0.00893259,0.24199307
Ppdpf,0.16763085,0.03433177
Ptk6,0.0,1.0
Srms,0.002798124,0.42264965
BC051628,-0.004281777,0.09286805
Helz2,0.03120353,0.014425228
Gmeb2,0.012349164,0.52018917
Stmn3,0.004154168,0.70407665
Rtel1,0.010772026,0.3862742
Arfrp1,-0.0020320117,0.9301406
Zgpat,-0.016119696,0.4134665
Lime1,0.0,1.0
Zbtb46,-0.0019940194,0.51826435
Tpd52l2,0.056324363,0.020592326
Dnajc5,0.055256233,0.2772257
Uckl1,0.01503773,0.44283023
Uckl1os,0.04831762,0.060411368
Zfp512b,0.019798283,0.11749641
Prpf6,-0.023221463,0.21857959
Samd10,0.011802707,0.20746271
Sox18,0.0011475824,0.6071498
Tcea2,0.010160491,0.3685235
Rgs19,0.050107576,0.41011027
Oprl1,-0.00063791056,0.43868655
Myt1,-0.00068507553,0.7901585
Pcmtd2,-0.026402935,0.30803692
Polr3k,0.014671624,0.77630615
Nudt11,0.052467443,0.117230095
AU022751,0.00087404804,0.42264965
Nudt10,0.034204677,0.17724693
Bmp15,0.0,1.0
Shroom4,0.0005787737,0.91213256
Dgkk,0.0,1.0
Clcn5,-0.0019811615,0.8965241
Usp27x,0.006928362,0.1438161
Ppp1r3f,0.0063806865,0.58791155
Ppp1r3fos,-0.0029486846,0.1837843
Foxp3,0.0,1.0
Ccdc22,0.051785488,0.023009498
Cacna1f,-0.002450677,0.33042842
Syp,0.007188325,0.6257764
Gm14703,-0.0030079756,0.017782182
Prickle3,0.0004062131,0.9632846
Plp2,-0.02595073,0.8425303
Magix,-0.012918642,0.059753276
Gpkow,0.008577619,0.5938687
Wdr45,0.01810636,0.49461713
Praf2,-0.022889122,0.15064809
Ccdc120,0.0023393407,0.52819645
Tfe3,0.07589819,0.25767556
Gripap1,0.029556662,0.346543
Kcnd1,-0.0036250858,0.251364
Otud5,0.06124992,0.34221038
Pim2,-0.015909463,0.42536983
Slc35a2,0.08500609,0.25794038
Pqbp1,0.048544064,0.11377536
Timm17b,-0.037114844,0.36577684
Gm10490,-0.00051960576,0.42264977
Pcsk1n,0.25037235,0.018872509
Hdac6,-0.0071234945,0.40748233
Glod5,0.0,1.0
Gm14820,0.0,1.0
Suv39h1,0.021772264,0.14713389
Was,0.052353818,0.28105503
Wdr13,0.059358887,0.2799937
Rbm3,0.26633912,0.18041079
Rbm3os,0.00040344775,0.42264965
Tbc1d25,-0.007115423,0.07304941
Ebp,0.026724428,0.6787546
Porcn,0.0036390796,0.71599346
Ftsj1,0.048038553,0.089683406
Slc38a5,0.0013406246,0.6142855
B630019K06Rik,-0.015425325,0.106210716
Lancl3,0.0,1.0
Gm14862,0.0,1.0
Xk,-0.0060127536,0.10282621
1700012L04Rik,-0.0005020938,0.4226497
Cybb,0.23415734,0.23868488
Dynlt3,-0.19721022,0.102196254
Hypm,0.0,1.0
Sytl5,0.0007486692,0.6303018
Srpx,0.0042469497,0.42264977
Rpgr,0.06632293,0.13723382
Otc,0.0025972042,0.42264965
Tspan7,0.06823254,0.015461591
Gm10489,0.0009504826,0.6235749
Mid1ip1,0.25292736,0.061942574
Gm14493,-0.00033627424,0.42264965
Gm14483,-0.0025356456,0.18424204
Bcor,0.0034514032,0.700266
Atp6ap2,-0.46855074,0.0874752
1810030O07Rik,0.04830927,0.08748617
Med14,-0.009125825,0.74031067
Usp9x,-0.048743486,0.4227434
2010308F09Rik,0.00056700513,0.8109971
Ddx3x,0.14779857,0.16642886
Nyx,0.0012907304,0.4226497
Cask,0.039977938,0.50711876
Gpr34,0.07175142,0.28300524
Gpr82,0.0,1.0
Gm14505,0.002797953,0.2525036
Maoa,-0.014552526,0.34186378
Maob,-0.080263495,0.033012636
Ndp,0.00453181,0.3628741
Efhc2,-0.011602493,0.46305215
Fundc1,0.07490924,0.09165616
Kdm6a,0.020732258,0.5682105
4930578C19Rik,0.0,1.0
Gm26652,-0.0023541003,0.27149412
Chst7,0.018660452,0.19097227
Slc9a7,-0.0045883874,0.08867465
Rp2,-0.021844372,0.5021859
Jade3,-0.0019691898,0.751512
Rgn,-0.0044231885,0.17567778
Ndufb11,-0.40219355,0.06069768
Rbm10,0.03241677,0.11212619
Uba1,0.04698214,0.09500178
Cdk16,0.033387356,0.093871474
Usp11,0.019212086,0.41478208
Araf,-0.03295639,0.49762788
Syn1,0.004109425,0.7342648
Timp1,0.009149726,0.38525268
Cfp,0.02123443,0.7730275
Elk1,0.015308614,0.1808809
Uxt,-0.014522389,0.3813575
Zfp182,0.012567299,0.45244345
Spaca5,0.0,1.0
Zfp300,0.01144843,0.11670695
Gm6938,-0.003696923,0.0026575874
Klhl13,0.069479704,0.22118135
Wdr44,0.015164407,0.3442403
Dock11,0.075488284,0.16631164
Il13ra1,0.014504336,0.8200199
Zcchc12,0.014480863,0.0070464527
Lonrf3,0.009664254,0.3201085
Gm14569,0.0,1.0
Pgrmc1,-0.4352246,0.056725875
Akap17b,-0.049093418,0.014965935
Slc25a43,0.0019624368,0.26473483
Slc25a5,-0.08527565,0.5228538
2310010G23Rik,0.00380228,0.29410413
C330007P06Rik,0.015733153,0.28413683
Ube2a,0.05775678,0.23324408
Nkrf,0.0029695882,0.6418515
Sept6,0.032144543,0.4057004
Rpl39,-0.06053257,0.6685836
Upf3b,0.069846064,0.3744151
Nkap,0.10858949,0.05609713
Akap14,0.11349332,0.15027224
Ndufa1,-0.8306278,0.037872616
Rnf113a1,0.009616295,0.52578
Rhox5,-0.00032836912,0.42264977
Rhox8,0.0016777499,0.52131027
Zbtb33,0.02821891,0.17749195
Tmem255a,0.0009659813,0.86233795
Atp1b4,0.0,1.0
Lamp2,-0.4655422,0.01132829
Gm7598,8.8167086e-05,0.93031484
Cul4b,-0.26773724,0.079515904
Mcts1,-0.047501236,0.21538676
C1galt1c1,-0.21595457,0.015179285
Gria3,0.012115521,0.5826956
Thoc2,0.12618896,0.10929898
Xiap,0.12682708,0.2628196
Stag2,0.048827663,0.42825273
Sh2d1a,-0.0011853876,0.4226497
Tenm1,-0.00032694067,0.4226497
Dcaf12l2,-0.0021342079,0.4237069
Dcaf12l1,-0.1353281,0.1885259
Prr32,-0.30432087,0.08677857
Smarca1,-0.008624903,0.32863575
Ocrl,0.0023319721,0.77801764
Apln,0.0060525853,0.36257365
Xpnpep2,0.0,1.0
Sash3,0.09192063,0.16325028
Zdhhc9,0.014976487,0.37981364
Utp14a,-0.0074808076,0.57067007
9530027J09Rik,0.0,1.0
Bcorl1,0.007065095,0.49491233
Elf4,0.066835895,0.19174577
Aifm1,-0.101265416,0.13723496
Rab33a,7.1131624e-05,0.97954106
Zfp280c,0.019183073,0.33990756
Slc25a14,-0.03666623,0.11624858
Rbmx2,0.011094164,0.2755398
Enox2,0.016431883,0.07574806
Arhgap36,0.0,1.0
Igsf1,-0.02712002,0.16779274
Stk26,0.009936973,0.28194484
Frmd7,0.0,1.0
Rap2c,0.030965537,0.32884613
Mbnl3,-0.004272089,0.4025002
Hs6st2,-0.12119397,0.11544934
Usp26,0.0,1.0
Gpc4,-0.026948012,0.43302354
Gpc3,0.013891026,0.0035686179
Ccdc160,-0.0029919092,0.80332047
Phf6,-0.0076421946,0.48532036
Hprt,-0.23282439,0.011056102
Gm28730,0.0,1.0
Fam122b,-0.02245216,0.18644632
Mospd1,-0.11639613,0.18951166
Etd,-0.0037398215,0.23467457
Cxx1c,0.0,1.0
Cxx1a,-0.022577897,0.37924695
Cxx1b,-0.0042225122,0.88718575
4930502E18Rik,-0.00016399303,0.42264965
1700013H16Rik,0.0,1.0
Zfp36l3,0.0,1.0
Xlr,0.0234374,0.19496983
3830403N18Rik,0.0007359334,0.89336437
Zfp449,-0.005925782,0.34890026
Smim10l2a,0.0059087016,0.17359723
Ddx26b,0.07480033,0.114210814
Gm648,0.0,1.0
Mmgt1,0.016604234,0.26827335
Slc9a6,0.0051539987,0.7972915
Fhl1,0.29592845,0.053947035
Mtap7d3,-0.0022456697,0.20930065
Brs3,0.0,1.0
Htatsf1,0.028249443,0.2311404
Gm14718,0.0,1.0
Cd40lg,0.0,1.0
Arhgef6,0.04961266,0.048593175
Rbmx,0.09240552,0.19937865
Gpr101,0.0,1.0
Zic3,0.013136484,0.6611645
Fgf13,0.011300898,0.19327722
F9,-0.0004644496,0.4226497
Mcf2,0.0,1.0
Atp11c,-0.07953496,0.22598697
Sox3,0.0101369405,0.24104132
Gm14662,0.0,1.0
Gm14664,0.0,1.0
Cdr1,0.026764108,0.29551333
Ldoc1,0.0,1.0
Slitrk4,-0.0007501601,0.4226497
4930447F04Rik,0.0,1.0
Slitrk2,0.018191071,0.34219337
Fmr1os,0.00040344775,0.42264965
Fmr1,0.05558999,0.23469444
Fmr1nb,0.0027187474,0.42264965
Gm14698,0.055618625,0.160026
Aff2,0.0032303277,0.8505048
Ids,-0.06951803,0.46147248
1110012L19Rik,0.020103574,0.6620989
BC023829,-0.0043051913,0.7481668
Mamld1,-0.04232827,0.06092626
Mtm1,0.045037925,0.24087031
Mtmr1,-0.026920285,0.13794345
Cd99l2,0.008140221,0.81536883
Hmgb3,0.055333935,0.19087255
Gpr50,0.006408764,0.4495424
Vma21,-0.009796768,0.759785
Gm1141,0.0,1.0
Prrg3,0.0025078037,0.38663793
Fate1,0.0,1.0
Cnga2,0.0,1.0
Gabre,0.0015052091,0.8035301
Gabra3,0.0009356116,0.42264977
Gabrq,0.0,1.0
Cetn2,0.02199918,0.83228946
Nsdhl,-0.052725848,0.15417857
Zfp185,-0.026537359,0.31613725
Pnma3,0.0050987657,0.27925795
Xlr4a,0.012286836,0.45849565
Xlr3a,-0.009012555,0.26858646
Xlr5a,-0.00091847265,0.4226497
DXBay18,-2.0694628e-05,0.97349644
Xlr3b,-0.00048491172,0.95430934
Xlr4b,-0.00031005987,0.93559206
F8a,-0.014896102,0.025977168
Xlr4c,-0.0003610556,0.93161905
Zfp275,0.0091426,0.50725335
Zfp92,0.009562137,0.08944441
Haus7,5.7965517e-05,0.9979405
Bgn,0.06546372,0.16149579
Atp2b3,-0.1809749,0.10694082
Dusp9,0.0,1.0
Pnck,0.03548652,0.07845751
Slc6a8,-0.015905447,0.59294015
Bcap31,0.01239711,0.86805385
Abcd1,0.037602294,0.11685077
Plxnb3,0.04393252,0.1420114
Srpk3,0.01778662,0.10309338
Idh3g,0.021879196,0.6050485
Ssr4,-0.07163435,0.1458059
Pdzd4,0.0075537963,0.09802563
L1cam,0.03364997,0.31711274
Arhgap4,0.024430508,0.15200803
Avpr2,0.00071559293,0.42264977
Naa10,0.055005655,0.30635813
Renbp,0.0017738193,0.9537404
Hcfc1,0.041709878,0.07224019
Irak1,0.069429725,0.27160043
Mecp2,0.04371679,0.49249515
Opn1mw,-0.005386193,0.12177292
Tktl1,0.0,1.0
Flna,0.29356167,0.12954096
Emd,0.111616,0.13401636
Rpl10,0.10437679,0.4457617
Dnase1l1,0.021898802,0.11726737
Taz,0.043091208,0.15771252
Atp6ap1,-0.034376502,0.52294457
Gdi1,0.09739086,0.12171788
Fam50a,0.050448626,0.22432873
Plxna3,0.0047323075,0.38164535
Lage3,-0.019458354,0.3939537
Ubl4a,0.007710412,0.7722039
Slc10a3,0.0011261497,0.9165968
Fam3a,0.007221341,0.789399
Ikbkg,0.0076765493,0.67047
G6pdx,0.030753084,0.6226878
Gm6880,-0.0005374101,0.42264965
Gab3,-0.0024537635,0.5969334
Dkc1,0.022689141,0.14184636
Mpp1,0.14265639,0.08043455
F8,0.011442421,0.3598292
Fundc2,-0.062033236,0.32134408
Cmc4,0.0060809553,0.7208253
Mtcp1,-0.007301161,0.04428135
Brcc3,-0.005220428,0.8728424
Vbp1,0.019274592,0.6924477
Rab39b,-0.0005916655,0.93859726
Gm15063,-0.00017073184,0.4226497
Pls3,-0.09724628,0.1123463
Tbl1x,0.058517605,0.4367776
Prkx,0.020177625,0.41479644
Prrg1,0.0047032833,0.6671329
Gm7173,0.06753431,0.20623648
Mageb16,0.00063652295,0.67353666
Gm26775,-0.0021477658,0.44145215
Tmem47,0.107408404,0.5223195
Dmd,0.16638646,0.08966343
Tab3,0.008209603,0.06257092
Gk,0.04430098,0.56356764
Gm14764,0.0027801758,0.60839796
Gm14762,0.0,1.0
5430427O19Rik,0.050671764,0.13943763
Il1rapl1,0.015888868,0.25279373
Arx,0.040169973,0.22562823
Pola1,0.03969661,0.27555257
Pcyt1b,0.0081413165,0.501945
Pdk3,-0.009317994,0.8016867
Gm14798,-0.0021916884,0.4602659
Zfx,0.021307312,0.63048214
Eif2s3x,-0.02925171,0.49145985
Klhl15,-0.0023062974,0.8902201
Apoo,-0.35640344,0.046602923
Gm14827,0.0042741485,0.047421545
Maged1,-0.03304398,0.684559
Gspt2,-0.0034475047,0.6924306
Zxdb,0.013401315,0.48047572
RP23-9K14.6,0.001653588,0.44320974
Gm26617,4.2666215e-06,0.9986169
Spin4,0.0071326513,0.07905795
Arhgef9,0.00074005127,0.9424587
Amer1,0.00331758,0.45355555
Zc4h2,-0.007525227,0.09736539
Zc3h12b,0.020601425,0.23284823
Las1l,0.06123559,0.14072165
Msn,0.40520582,0.105246715
F630028O10Rik,0.055812143,0.4492265
Vsig4,0.0,1.0
Hsf3,0.00858009,0.085850164
Heph,0.0035384074,0.3659048
Gpr165,0.0,1.0
Eda2r,-0.0007600384,0.82744735
Ar,0.0051709306,0.4364166
Ophn1,0.07114588,0.20708168
Yipf6,-0.029262401,0.08832623
Stard8,0.0689888,0.0034256533
Efnb1,0.021240275,0.19959396
Gm14808,-0.0005054316,0.42264977
Pja1,-0.024710119,0.6065759
Tmem28,0.010396201,0.1118729
Eda,0.009008614,0.47883826
Awat2,-0.0019700304,0.50671893
Igbp1,0.10481742,0.033312805
Dgat2l6,0.0,1.0
Pdzd11,-0.052644193,0.38419136
Kif4,-0.003459986,0.14460467
Gdpd2,0.009357395,0.6043314
Gm14902,-0.00075780944,0.4226497
Dlg3,-0.07119636,0.15044712
Tex11,0.001784428,0.79346216
Slc7a3,0.0002975348,0.6349633
Snx12,0.07210298,0.18547143
Foxo4,0.0012496747,0.81645584
Gm614,0.0,1.0
Il2rg,0.06535292,0.16842858
Med12,0.037118714,0.09179477
Nlgn3,0.00716604,0.06851247
Gjb1,0.04493011,0.21136604
Zmym3,0.06523163,0.1041718
Nono,0.049769223,0.2895716
Itgb1bp2,0.0,1.0
Taf1,0.07212715,0.20618883
Ogt,0.23795198,0.122513525
Cxcr3,0.0,1.0
Gm4779,0.0,1.0
8030474K03Rik,0.0,1.0
Nhsl2,-0.02558133,0.10813165
Rgag4,0.021239607,0.28163233
Pin4,-0.05028674,0.08916474
Ercc6l,0.008557852,0.36366642
Rps4x,0.3543526,0.041973837
Cited1,0.005494539,0.40155038
Hdac8,0.02579077,0.34909683
Phka1,-0.0019385479,0.71759397
Dmrtc1a,0.012308039,0.10420505
Nap1l2,0.012132246,0.6145856
Chic1,-0.057323,0.11406306
Tsx,-0.0018199746,0.3738496
Tsix,0.009141466,0.23424023
Xist,0.0066111465,0.39376417
Jpx,0.0077120606,0.5578601
Ftx,0.015927693,0.14678383
Slc16a2,-0.36071485,0.12118246
Rlim,0.057721354,0.12091817
C77370,0.00077830127,0.66115314
Abcb7,0.0357979,0.099498756
Uprt,0.0010009462,0.76473135
Zdhhc15,0.0017223877,0.5865062
Magee2,-0.0103867,0.23636365
Pbdc1,-0.010049,0.8567791
Magee1,6.8772584e-05,0.9974688
5330434G04Rik,-0.0013356926,0.74698615
Atrx,0.14792797,0.08706405
Magt1,0.0031178296,0.9476909
Cox7b,-0.5456718,0.0418792
Atp7a,-0.01762452,0.62456757
Tlr13,0.04173888,0.14053465
Pgk1,-0.3414822,5.03195e-06
Taf9b,-0.008341879,0.734854
Fndc3c1,0.0012357498,0.44989595
Cysltr1,0.02049806,0.099158265
Gm5127,0.0025753488,0.42264965
Zcchc5,-0.0008164589,0.42264977
Lpar4,0.022273172,0.22489919
P2ry10,-0.00070283515,0.8776464
A630033H20Rik,0.04476708,0.14870228
Gpr174,0.0,1.0
Itm2a,0.0070684776,0.8445577
2610002M06Rik,-0.040114537,0.07108727
Fam46d,-0.0025912635,0.34185842
Brwd3,-0.021689266,0.43069115
Hmgn5,0.06369719,0.011874654
Sh3bgrl,-0.1225279,0.1961222
Gm6377,0.063148215,0.27887946
RP23-240M8.2,0.0021546301,0.447046
Pou3f4,0.019116046,0.34932733
Rps6ka6,0.0056642666,0.47942945
Hdx,-0.00046106474,0.4226497
Apool,-0.0032035708,0.80735624
Zfp711,0.004169494,0.5130083
Chm,0.015213139,0.7150279
Dach2,-0.008489342,0.13156132
Klhl4,0.0095200995,0.50389266
Pabpc5,0.0003552438,0.7438025
Pcdh11x,0.021125853,0.13475923
Nap1l3,0.020469818,0.025152061
Cldn34c1,0.0025558947,0.44512492
Cldn34c3,0.0,1.0
Diaph2,0.05168075,0.25029364
Pcdh19,0.00051447767,0.42264965
Gm26851,0.0,1.0
Tspan6,0.09137568,0.27158275
Srpx2,0.0073168236,0.22609565
Sytl4,0.003376875,0.107378505
Cstf2,0.012200367,0.35686228
Nox1,0.0,1.0
Xkrx,-0.0019053923,0.4464158
Trmt2b,0.0012402833,0.9503647
Tmem35,-0.03329701,0.14706427
Cenpi,0.015371273,0.44948998
Drp2,0.0086365845,0.39728644
Timm8a1,-0.04952555,0.12547374
Btk,0.04674989,0.13255018
Rpl36a,-0.058282018,0.68292385
Gla,-0.049633518,0.011549198
Hnrnph2,0.024330467,0.67862934
Armcx4,-0.0043496853,0.36856082
Armcx1,-0.018628743,0.12451181
Armcx6,-0.006098561,0.35867685
Armcx3,-0.0064692944,0.8575837
Armcx2,-0.048542302,0.20514777
Nxf2,0.0,1.0
Zmat1,0.047490507,0.0076056947
Tceal6,0.0,1.0
Armcx5,0.03599491,0.2795105
Gprasp1,0.07297437,0.17387167
Bhlhb9,0.012349784,0.3975613
Gprasp2,0.07536767,0.106799714
Arxes2,0.012914585,0.5156454
Arxes1,0.0024412405,0.47790903
Bex2,-0.008983836,0.8448538
Nxf3,0.0,1.0
Bex4,-0.015036197,0.5260276
Tceal8,-0.09652746,0.051789943
Tceal5,-0.012492545,0.56389904
Bex1,0.021128992,0.18576048
Wbp5,-0.1000191,0.27363098
Ngfrap1,-0.08672351,0.18535951
Tceal3,0.0837534,0.07570149
Tceal1,0.031014055,0.5422845
Morf4l2,0.09350371,0.047742292
Glra4,0.0,1.0
Plp1,0.20392495,0.4496871
Rab9b,0.0,1.0
Tmsb15l,-0.012203105,0.5505044
Tmsb15b2,-0.013715792,0.025588438
Tmsb15b1,-0.015598021,0.25980115
Slc25a53,0.010192268,0.16358744
Zcchc18,0.20936814,0.06914348
Fam199x,0.007227294,0.69462883
Nrk,0.00061024143,0.4226497
Mum1l1,-0.024042793,0.066791736
D330045A20Rik,-0.0002621254,0.93318474
Rnf128,0.054597713,0.14519972
Tbc1d8b,-0.020638617,0.2142246
Cldn2,-0.17208037,0.054826748
Morc4,-0.005484014,0.57567585
Rbm41,0.0037749563,0.535221
Nup62cl,0.009955879,0.38628572
Pih1h3b,0.015584618,0.3365874
Frmpd3,0.0013944339,0.87996644
Prps1,-0.013907999,0.778828
Tsc22d3,0.1727159,0.23044395
Mid2,0.024726978,0.26738253
Vsig1,0.0064641135,0.20499638
Psmd10,0.018961027,0.5592049
Atg4a,-0.01990676,0.12715173
Col4a6,-0.0062480685,0.026906976
Col4a5,-0.0010133609,0.9825232
Irs4,-0.0007647132,0.4226497
Gm15298,0.0,1.0
Gucy2f,-0.00025113483,0.42264977
Nxt2,0.016795926,0.5090274
Kcne1l,0.0073474795,0.21538197
Acsl4,-0.020829767,0.3511583
Tmem164,0.04719104,0.34085274
Ammecr1,-0.006274976,0.6927538
Rgag1,0.0,1.0
Chrdl1,0.013563483,0.024574222
Pak3,0.0032754545,0.36497194
Capn6,-0.032915767,0.04992751
Dcx,-9.035995e-05,0.42264977
Alg13,-0.0039214063,0.3705493
Trpc5,-0.0008164589,0.42264977
Zcchc16,-0.0022195654,0.42264977
Amot,-0.0023264159,0.8464385
Htr2c,-0.48149514,0.04922222
Lrch2,0.009347085,0.5605446
Gm15097,0.0,1.0
Tmem29,0.08299898,0.090088956
Apex2,0.022460133,0.04391371
Alas2,-0.0017621163,0.42264977
Pfkfb1,0.0042035743,0.3148354
Tro,0.005715715,0.66190517
Maged2,-0.020867825,0.41919398
Gnl3l,-0.043427527,0.097102575
Fgd1,0.004145732,0.56242144
Tsr2,0.005695991,0.8552233
Gm15138,0.0,1.0
Wnk3,-0.003202652,0.5573004
A230072E10Rik,0.0092397295,0.3064883
Fam120c,-0.0011221087,0.5886887
Phf8,0.060364675,0.33775267
Huwe1,0.023979247,0.7616401
Hsd17b10,-0.0818108,0.16127686
Ribc1,-0.0037571117,0.76274294
Smc1a,0.1413968,0.044843975
Iqsec2,0.029425576,0.12616923
Kdm5c,0.019809343,0.24649867
Kantr,0.0042234464,0.40312684
Tspyl2,0.026114661,0.36068594
Gpr173,0.004046196,0.7147293
Shroom2,-0.010332296,0.3051183
Gpr143,-0.0010717968,0.4226497
Usp51,0.0,1.0
Mageh1,0.03909696,0.4166589
Foxr2,0.0022838258,0.42264965
Rragb,0.004103582,0.20180115
Klf8,-7.641129e-05,0.97335017
Ubqln2,0.06863704,0.07356856
Kctd12b,-0.013681226,0.2456394
RP23-106P7.5,0.0030643109,0.22119108
2210013O21Rik,-0.044800326,0.4140351
Spin2c,-0.003835408,0.090329826
Cldn34b2,0.0,1.0
Sat1,0.5204289,0.08771053
Acot9,0.060671315,0.07242109
Prdx4,0.061026752,0.53661495
Ptchd1,0.0020243668,0.4226497
Phex,0.00079830876,0.8270013
Sms,-0.057084784,0.08298675
Mbtps2,0.009150792,0.6937523
Gm15169,0.0053647836,0.2951337
Klhl34,0.0,1.0
Cnksr2,0.04491582,0.19375744
Rps6ka3,0.024741843,0.41071242
Eif1ax,0.07861221,0.35513654
Map7d2,0.022928108,0.114574976
A830080D01Rik,-0.002430968,0.78312814
Sh3kbp1,0.04878903,0.2528336
Map3k15,-0.01886637,0.38964817
Pdha1,-0.0009435415,0.98888373
Adgrg2,0.0013572559,0.6228822
Phka2,0.05186199,0.041849274
Rs1,-0.0036366172,0.55229026
Cdkl5,0.0121795535,0.21839082
Gja6,0.0014582128,0.45436165
Scml2,0.00010049227,0.9751152
Rai2,0.012523394,0.64340615
Nhs,-0.0007577799,0.81753784
Reps2,0.020120604,0.039480686
Rbbp7,0.03949645,0.5308391
Txlng,0.062069666,0.16628546
Syap1,-0.07416414,0.14196898
Ctps2,-0.017983273,0.2667555
S100g,-0.00014069406,0.8464202
Rnf138rt1,0.1161372,0.21160132
Ap1s2,-0.15523183,0.11295612
Zrsr2,-0.048233688,0.32432818
Car5b,-0.01730202,0.012459607
Siah1b,-0.00094086863,0.9078961
Tmem27,-0.06836227,0.27255577
Ace2,-0.000330099,0.42264965
Bmx,-0.016168129,0.53168386
Pir,0.10069527,0.15258628
Figf,0.025161602,0.14313672
Piga,0.010405794,0.20019938
Asb11,0.0,1.0
Mospd2,0.015616849,0.07214994
Fancb,0.0013114624,0.57407916
Glra2,0.006257478,0.4226497
Gemin8,0.026256781,0.43161374
Gpm6b,0.3660705,0.0047255605
Ofd1,0.008499701,0.34198222
Trappc2,0.014735043,0.62264025
Rab9,0.049809188,0.10732915
Tceanc,0.017505884,0.18583035
Egfl6,0.0,1.0
Gm8817,0.0,1.0
Gm15232,0.0038327787,0.042580858
Gm15228,-0.0004644496,0.4226497
Tmsb4x,1.2535871,0.09788852
Tlr8,0.0016277172,0.84189224
Tlr7,0.051415004,0.011261807
Prps2,-0.08844468,0.3212264
Frmpd4,-0.06758953,0.13210274
Msl3,0.046984613,0.23519123
Arhgap6,0.007734703,0.46594378
Gm15261,0.0017480245,0.8048971
Hccs,0.021857321,0.34434378
Mid1,0.037203476,0.07172987
Gm15726,0.0,1.0
Gm15247,0.005541707,0.5305675
Gm21887,0.0032096067,0.55745053
1110015O18Rik,0.0,1.0
Gm17308,0.0,1.0
2700069I18Rik,7.263024e-05,0.896651
Zfhx4,0.02283978,0.38321906
Pex2,-0.033820733,0.06427824
Gm8797,-0.047123082,0.107459486
Pkia,0.012801293,0.6401461
Zc2hc1a,0.06958567,0.2521862
Il7,-0.0011433753,0.33064562
Gm16685,9.4731455e-05,0.9685854
Stmn2,0.0064926753,0.51435417
Hey1,0.10842002,0.045017686
Mrps28,-0.042100996,0.41269425
Tpd52,0.097455114,0.5901058
Zbtb10,0.008145003,0.49212512
C030034L19Rik,0.0,1.0
Zfp704,0.09200652,0.16747944
Pag1,0.079072714,0.2821795
Gm16337,-0.00024484008,0.42264977
Fabp5,0.2782071,0.21121626
Gm38335,0.0,1.0
Gm9833,-0.0042883325,0.20344312
Fabp4,0.13328291,0.321233
Fabp12,0.00343633,0.5971559
Impa1,0.0070157647,0.8311821
Zfand1,-0.010301061,0.77230704
Chmp4c,-0.0025231205,0.24911137
Snx16,0.01039679,0.5685416
Gm2464,0.015697107,0.54165447
Gm38112,0.011379517,0.3094948
Gm2464-1,-0.00034660127,0.4226497
Ralyl,0.012858213,0.38219067
Lrrcc1,8.867681e-05,0.98999417
E2f5,0.009714402,0.4084317
1810022K09Rik,-0.020231068,0.68608034
Car13,0.001697111,0.6920857
Car1,0.015701566,0.25786653
Car3,0.039489415,0.21273433
Car2,-0.43398052,0.13726962
A930001A20Rik,0.0,1.0
Gm33819,0.0,1.0
Gm9733,-0.018964011,0.7218987
Sirpb1a,0.032470856,0.065476954
Sirpb1b,0.062047027,0.27013814
Sirpb1c,0.082817644,0.36294287
Gm5150,0.040513404,0.42967552
Ythdf3,0.04676892,0.24933514
Gm30340,0.0,1.0
Mir124-2hg,0.03223492,0.06972123
Bhlhe22,0.0,1.0
Cyp7b1,-0.011375619,0.33451402
Armc1,0.04859273,0.066311635
Mtfr1,-0.08232273,0.077663094
Pde7a,0.04197654,0.28234798
Dnajc5b,0.0075789327,0.09313727
1700064H15Rik,0.001325206,0.4226497
Crh,0.0,1.0
4632415L05Rik,0.0058269687,0.4915449
Cp,0.11907367,0.16068755
Hps3,0.075898185,0.04615379
Hltf,0.054919794,0.24307866
Gyg,-0.00510107,0.9645115
Cpa3,-0.0032210269,0.4226497
Cpb1,0.0054363916,0.20709735
Agtr1b,-0.00010393851,0.9351681
Gm43674,0.0,1.0
Gm43672,0.040500328,0.023734963
Tbl1xr1,0.06675579,0.38501465
Naaladl2,-0.03651405,0.032266166
Nlgn1,0.010626729,0.31677154
A830092H15Rik,0.0027895835,0.48652652
Ect2,-0.0049987924,0.2874415
1700125G22Rik,-0.001803187,0.72923994
Nceh1,0.058212526,0.26059714
Tnfsf10,0.0049040443,0.26296595
Fndc3b,-0.029754356,0.5279131
Tmem212,0.5951121,0.09217597
Pld1,0.004442241,0.8112292
Tnik,0.033011585,0.08428959
Slc2a2,-0.00020935497,0.4226497
1700112D23Rik,0.007466127,0.07667368
Eif5a2,0.0064374153,0.6968865
Gm32950,0.002181557,0.74559206
Rpl22l1,0.06093347,0.6623671
Egfem1,-0.00032694067,0.4226497
Mannr,0.0,1.0
Mecom,0.036662783,0.15358275
Mecomos,-0.0012755963,0.3318872
Actrt3,0.0,1.0
Mynn,0.008424304,0.51068544
Lrrc34,0.0069464,0.82823694
Gm15462,0.0007224906,0.6408999
4933429H19Rik,-0.0006299715,0.894505
Sec62,-0.10443747,0.5187888
Gpr160,0.006303165,0.4570142
Phc3,0.060380608,0.19126514
Prkci,0.013487846,0.43518347
Skil,0.06352727,0.30601177
Cldn11,0.15393192,0.04160438
Slc7a14,-0.00018803698,0.42264965
Gm38025,0.004748241,0.2847947
Kcnmb2,0.007689944,0.2254547
Zmat3,0.015232787,0.2636286
Pik3ca,0.04976292,0.3443643
Zfp639,0.03823398,0.2162555
Mfn1,0.00021085143,0.9956911
Gnb4,0.013556379,0.18293773
Gm37640,0.0,1.0
Actl6a,0.002880752,0.8874687
Mrpl47,0.023536608,0.31283867
Ndufb5,-0.12331784,0.38837993
Usp13,0.0012034848,0.746677
Gm37459,0.0,1.0
Pex5l,0.055558816,0.013494791
4930419G24Rik,0.0,1.0
Gm43666,0.0011589518,0.6239456
Ttc14,0.13235971,0.082584344
Ccdc39,0.1351841,0.199566
Gm43140,-0.0008659696,0.42264965
Gm43077,0.00094047753,0.42264977
Fxr1,0.046851873,0.35347092
Dnajc19,0.06361002,0.3603231
Gm20515,0.010477073,0.33616203
Gm29135,0.0,1.0
Gm42695,0.0,1.0
Gm43207,-0.00018658322,0.42264977
Sox2,0.24781373,0.0631308
Gm43003,0.0097621195,0.6427612
Atp11b,0.043240964,0.62511593
Dcun1d1,-0.017654821,0.6105275
Gm15952,-0.0066220714,0.026397947
Mccc1,-0.101369485,0.24554889
Mccc1os,-0.0039298534,0.19616795
Acad9,0.0015401393,0.91339785
D3Ertd254e,0.00648766,0.62307733
Qrfpr,0.0,1.0
Anxa5,0.48732227,0.0747845
1810062G17Rik,0.0051121386,0.6335116
Gm11549,0.0,1.0
Exosc9,0.022348545,0.014387583
Ccna2,-0.013035712,0.30903968
Bbs7,0.03539706,0.2749143
Trpc3,-0.0038481557,0.25778452
4932438A13Rik,0.04732623,0.20659949
Il2,0.008616107,0.5767489
Gm12532,-0.0006361997,0.42264977
Il21,0.0036508131,0.46878785
Cetn4,0.12228978,0.36816087
Bbs12,0.0051260423,0.6175023
Fgf2os,-0.0019294098,0.2094442
Fgf2,0.025775006,0.2807973
Nudt6,-0.008552678,0.24965225
Spata5,0.0011853613,0.88969845
Spry1,0.002105996,0.86877656
Gm5148,-0.021908753,0.023023877
Gm42921,0.0,1.0
Gm43821,-0.00034625342,0.42264977
Gm43536,0.0,1.0
Ankrd50,0.021965839,0.33634067
Fat4,0.03693986,0.078269236
Intu,-0.016586795,0.18923353
Slc25a31,-0.0004119794,0.8940719
Hspa4l,0.17473865,0.09470362
Plk4,0.015290713,0.5226763
Mfsd8,-0.002164442,0.70799893
Abhd18,0.0020195954,0.8473739
1700034I23Rik,0.0,1.0
Larp1b,-0.106408805,0.12083056
Pgrmc2,-0.028744623,0.5040068
Jade1,0.07667141,0.3016412
Sclt1,0.051581495,0.15871127
D3Ertd751e,0.027307667,0.375484
Pcdh10,0.057973433,0.04935176
Pabpc4l,0.0115465475,0.026163034
Pcdh18,0.0016889018,0.5783904
Slc7a11,0.09083119,0.18749623
Gm29230,-0.0009244988,0.4226497
Gm38246,0.0002554902,0.65757716
Noct,0.0205018,0.6172226
Elf2,0.104656234,0.18443872
Gm5103,-0.00068531354,0.6085131
Mgarp,0.0,1.0
Ndufc1,-0.44390762,0.061552946
Naa15,0.048127204,0.23173395
Rab33b,0.02449501,0.31283337
Setd7,0.048022278,0.2640919
Mgst2,0.025612243,0.46226987
Maml3,0.010671338,0.38183907
Gm37229,0.0,1.0
Gm20089,0.0,1.0
Gm30074,0.0,1.0
Gm37170,-0.00030469667,0.4226497
Foxo1,0.14430785,0.01067421
Gm20402,0.0,1.0
Gm30173,0.0,1.0
Gm2447,-0.0005526859,0.42264977
Cog6,-0.010976307,0.19666724
Gm42901,-0.001133326,0.20080079
Lhfp,0.033805385,0.3145652
Gm43803,0.0,1.0
Nhlrc3,0.011954743,0.22850123
Proser1,0.047193836,0.073484026
Stoml3,0.27824447,0.037291296
Frem2,0.019908557,0.017619114
Ufm1,-0.09754443,0.08776199
Trpc4,0.0,1.0
Postn,-0.008074183,0.3942958
Supt20,0.15157244,0.15011072
Exosc8,0.07177042,0.343379
Alg5,-0.02636914,0.37899053
Smad9,0.013098105,0.23546168
Rfxap,-0.018314525,0.7122123
Sertm1,0.0,1.0
Ccna1,0.0,1.0
Spg20,0.062415794,0.17459665
Ccdc169,0.0017812838,0.4226497
Dclk1,-0.04281345,0.17473908
Gm43549,0.0012256302,0.5828939
Nbea,0.00918752,0.6059824
Mab21l1,0.0,1.0
Gm43376,0.0,1.0
Tm4sf1,0.4670519,0.057868566
Tm4sf4,0.0028238313,0.26906255
Wwtr1,0.08450411,0.0694601
Gm26671,0.00242039,0.34452733
Commd2,0.048502296,0.12877536
Ankub1,0.122223176,0.029320473
Rnf13,0.10005912,0.018359844
Pfn2,-0.013489187,0.74160254
4921539H07Rik,0.0010313754,0.19689167
Tsc22d2,0.10005007,0.28912127
Serp1,0.02679038,0.7426378
Eif2a,0.04555385,0.19372436
Selt,0.101961285,0.1311024
Erich6,0.0004706003,0.42264965
Siah2,0.047961034,0.014998323
4930593A02Rik,0.0010224617,0.4226497
Clrn1,0.0,1.0
Gm43570,0.0020952593,0.3714563
Med12l,0.020999935,0.41240302
Gpr171,-0.0029606367,0.5331952
P2ry14,0.015798813,0.048737556
Gpr87,0.0018677572,0.23171838
P2ry13,0.038682144,0.41212106
P2ry12,0.105427876,0.18106183
Igsf10,0.014557028,0.15759851
Gm38186,0.006241459,0.47137582
Mbnl1,0.18283182,0.2371643
Gm37035,0.0019976352,0.4226497
P2ry1,0.0369993,0.19367841
Gm37696,0.0,1.0
Rap2b,0.05157688,0.096768074
B430305J03Rik,0.0007274502,0.4226497
9330121J05Rik,0.0332571,0.081850424
Arhgef26,0.08148803,0.118917316
Dhx36,0.030422062,0.3716145
Gpr149,0.0,1.0
Mme,0.0109552685,0.5290366
Plch1,0.023552168,0.3691336
E130311K13Rik,0.0027024075,0.79096466
Slc33a1,-0.08133446,0.093860224
Gm26850,0.0018761707,0.35687652
Gmps,0.0014580786,0.9692449
Vmn2r1,0.0,1.0
Kcnab1,0.0011821762,0.8884727
A330015K06Rik,-0.0033253022,0.049427774
A730090N16Rik,0.0,1.0
Ssr3,0.13632816,0.24431902
Tiparp,0.046052277,0.4264233
Lekr1,0.085238196,0.111629434
Ccnl1,0.19857262,0.174608
Gm37305,0.0043293536,0.42515042
Veph1,0.0009334425,0.63001746
Ptx3,-0.00042193235,0.42264977
Rsrc1,0.050429583,0.3682183
Mlf1,0.119273126,0.3778337
Gfm1,-0.0030447468,0.90190077
Lxn,0.06740062,0.09734691
Rarres1,0.0058281557,0.10401145
Mfsd1,0.03933776,0.33673704
Iqcj,0.0,1.0
Schip1-1,0.019650362,0.105229326
Il12a,-0.00192572,0.10565674
1110032F04Rik,-0.00038387234,0.4226497
Ift80,0.056818843,0.36104056
Smc4,0.07947782,0.22000867
Trim59,0.056285277,0.020721423
Kpna4,0.13894562,0.15116435
Gm1647,0.0,1.0
Ppm1l,0.06418195,0.028523708
B3galnt1,0.022713892,0.1993765
Nmd3,0.008322686,0.6651986
Sptssb,0.0,1.0
Sis,0.0,1.0
Slitrk3,-0.00078186626,0.4226497
Gm20754,0.0,1.0
Bche,0.035168655,0.044155642
Zbbx,0.07095134,0.2456004
Serpini2,0.00042495606,0.625022
Wdr49,0.060304947,0.17917615
Pdcd10,0.051153094,0.25347865
Serpini1,-0.011478242,0.10445077
Golim4,0.013478305,0.6203522
Fstl5,0.0,1.0
Rapgef2,0.011000447,0.64778954
6430573P05Rik,0.010126764,0.36869475
Gm17359,0.0016944689,0.5417489
Fnip2,0.03376575,0.13513279
4930589L23Rik,0.0022838907,0.4973349
Ppid,0.06311354,0.18547915
Etfdh,-0.012532368,0.67128694
4930579G24Rik,0.0016367454,0.89826196
Rxfp1,0.00040344775,0.42264965
Tmem144,0.009108839,0.37427363
Fam198b,0.0043294746,0.49305573
Gria2,-0.009137303,0.63664913
Glrb,0.036423385,0.04450686
Pdgfc,-0.0147453435,0.53243554
Ctso,0.058366463,0.39857587
Tdo2,-0.00031614507,0.81873715
Asic5,0.0,1.0
Gucy1b3,-0.006222017,0.39223504
Gucy1a3,-0.013770502,0.41467038
Map9,0.0309427,0.21036437
Npy2r,0.04558579,0.1450166
Rbm46,-0.00016827672,0.95814013
Lrat,-0.0008059776,0.62506527
Plrg1,0.040320948,0.07806218
Gm10710,0.0022439626,0.6283087
Dchs2,0.0007724343,0.9071212
Sfrp2,0.0,1.0
Gm26771,-0.00023532519,0.42264977
Tlr2,0.02376172,0.77288735
D930015E06Rik,0.036195807,0.21152668
Mnd1,-0.007878451,0.5856038
Trim2,0.09412559,0.0020334532
Gm6525,0.0,1.0
Fhdc1,0.019838136,0.16459261
Arfip1,0.01790101,0.59020317
Gm37240,-0.0029530772,0.54285604
Tigd4,0.01323662,0.24186233
Tmem154,-0.0019760951,0.9631004
Fbxw7,0.02046375,0.28145573
Gm42812,0.0,1.0
Gatb,0.047776043,0.11739442
Fam160a1,-0.033563606,0.21326494
Glt28d2,0.012285333,0.22056419
Sh3d19,-0.066818,0.3044524
Rps3a1,0.30236888,0.15813372
Gm37933,-0.0012433507,0.37930602
Lrba,-0.0056739748,0.8386036
Mab21l2,-0.0003916327,0.4226497
Gm37876,0.0012698831,0.42264977
Dclk2,0.0038660988,0.54409343
Cd1d1,0.006985996,0.5784499
Kirrel,0.028171465,0.21899113
Fcrls,0.10833841,0.06458609
Cd5l,0.0,1.0
Fcrl1,0.016992543,0.08320099
Fcrl5,0.0,1.0
Etv3,0.043602962,0.10622038
Arhgef11,0.010756914,0.68720835
Lrrc71,0.063894965,0.13420805
Pear1,0.0073148576,0.18840379
Sh2d2a,-0.0006608887,0.42264977
Prcc,0.0032385401,0.81462544
Hdgf,0.07983768,0.16393994
Mrpl24,0.1021606,0.0837303
Rrnad1,0.033082258,0.06379289
Isg20l2,0.014945125,0.15006661
Crabp2,0.0028732559,0.7677759
Nes,0.110399425,0.03351998
Bcan,0.124091074,0.014291882
Hapln2,0.049387284,0.13690475
Gpatch4,0.0076684244,0.4221465
Apoa1bp,0.026343256,0.6642882
Iqgap3,-0.0019965726,0.6031429
Mef2d,0.09568082,0.22853197
1700113A16Rik,0.0010665208,0.9692997
AI849053,-0.0004628151,0.74879074
Gm3764,0.014762908,0.16061555
Rhbg,-0.0006164145,0.82329243
Gm38392,0.0,1.0
Tsacc,0.0024853647,0.7163414
Cct3,0.12400055,0.19407022
Glmp,-0.11551055,0.17088896
Tmem79,0.0028070435,0.45624784
Smg5,0.008640625,0.5544339
Paqr6,0.03355762,0.1089035
Bglap3,0.0,1.0
Bglap2,0.0,1.0
Bglap,0.0016056261,0.42264965
Pmf1,0.020714357,0.18071078
Slc25a44,0.010923799,0.76001966
Sema4a,0.0011558533,0.9855595
Lmna,0.0359239,0.3568292
Gm37584,0.0035227984,0.49542564
Mex3a,0.009009857,0.29007137
Rab25,0.00051447767,0.42264965
Lamtor2,-0.025015652,0.70492256
Ubqln4,0.008236576,0.58832127
Ssr2,0.007475108,0.4298378
Arhgef2,0.09872644,0.07907234
Gm20652,-0.00050671084,0.6734591
Gm43714,-0.000939262,0.67692846
2810403A07Rik,0.06358138,0.1775447
Rit1,0.040823206,0.08950623
Gm17146,0.0027704937,0.4226497
Syt11,0.12186223,0.10713093
Gon4l,0.008841753,0.5492823
Gm43713,0.0,1.0
Msto1,0.019337807,0.5486526
Dap3,0.05481866,0.17057036
Ash1l,0.10603376,0.31841415
Gm43738,-0.0003443244,0.4226497
Rusc1,0.03964608,0.19706771
Fdps,-0.05866328,0.38282776
Pklr,0.010781984,0.3191803
Hcn3,-0.00087225455,0.4226497
Clk2,0.004847938,0.4362331
Scamp3,-0.030076206,0.23019138
Gm16069,-0.00056757475,0.4226497
Fam189b,0.001188226,0.89807206
Gba,0.028569244,0.25190273
Mtx1,-0.01386261,0.38852853
Thbs3,-0.013425898,0.41381955
Muc1,0.0020140258,0.037626155
Trim46,0.002747956,0.30161858
Krtcap2,-0.10454434,0.04539932
Dpm3,-0.12609535,0.12368816
Slc50a1,0.041438445,0.3450897
Efna1,0.024567623,0.11302797
Efna3,-0.00013589964,0.91055954
Gm15998,0.003275346,0.4441851
Efna4,0.0049961824,0.5815126
4731419I09Rik,0.0044047246,0.42264977
Adam15,0.070434906,0.1402296
Dcst1,0.0,1.0
Dcst2,0.0,1.0
Zbtb7b,0.03183637,0.21714276
Gm15417,-0.024062373,0.43089727
Lenep,0.00061024143,0.4226497
Flad1,0.02859307,0.14747539
Cks1b,0.03392993,0.19766527
Shc1,-0.009403653,0.49097985
Pygo2,0.03859665,0.4175873
Pbxip1,0.17746514,0.2553572
Pmvk,-0.1203043,0.037125234
Kcnn3,0.028314559,0.049467117
Adar,0.048569944,0.007668875
Chrnb2,0.0027511502,0.56162584
4632404H12Rik,-0.006223169,0.34442535
Ube2q1,0.040595442,0.43259162
She,0.00081188534,0.56153655
Il6ra,0.1836316,0.07592713
Gm42809,-0.003863223,0.1614329
Atp8b2,0.011077393,0.16239771
Hax1,0.009628773,0.8747099
Gm19710,-5.7372265e-05,0.983833
Ubap2l,0.06867126,0.3988277
4933434E20Rik,0.26317662,0.2863878
Tpm3,0.3579355,0.08899442
Nup210l,0.001557975,0.5173098
Rps27,0.103090525,0.7429244
Rab13,0.032077476,0.22733977
Jtb,-0.05808401,0.26377282
Creb3l4,0.0028236709,0.11907679
Slc39a1,0.02855219,0.24873987
Crtc2,0.0094528645,0.44838473
Dennd4b,0.025685025,0.16478191
4930537H20Rik,0.000497089,0.6581513
Gatad2b,0.13221739,0.031506978
Slc27a3,-0.002613278,0.8348719
Ints3,-0.025206856,0.14737394
Npr1,-0.03545376,0.06271279
Ilf2,0.11272761,0.0072219674
Snapin,0.08301349,0.16657682
Chtop,0.030942738,0.5376137
S100a1,-0.28844142,0.26798242
S100a13,-0.03232366,0.7831303
S100a14,0.0,1.0
S100a16,0.091673434,0.2317611
S100a3,0.012953283,0.28137824
S100a2,0.001534502,0.60538983
S100a4,0.19041096,0.2118809
S100a6,0.2818752,0.5820194
S100a7a,0.0015129012,0.5446017
S100a8,0.28652376,0.73441774
S100a9,0.260329,0.7476095
Lor,-0.0017126105,0.78979814
Gm43740,0.0,1.0
Gm9774,0.009596961,0.50159776
Tchh,0.031003375,0.32171366
S100a11,0.30248952,0.49246725
S100a10,0.23008367,0.106257334
Them4,0.0088377,0.80853224
Them5,-0.000118068885,0.96700287
C2cd4d,0.023759058,0.10768106
Rorc,0.018210452,0.5452612
Lingo4,-0.0002631495,0.86146325
1700040D17Rik,0.003630404,0.45903665
Tdrkh,-0.003124766,0.8852607
Oaz3,0.0041434458,0.31094423
Mrpl9,-0.012363672,0.63988096
Riiad1,0.19623664,0.27750733
Celf3,0.0010876807,0.57494205
Snx27,0.04190117,0.337634
Tuft1,-0.0039001368,0.78135604
Gm15234,-0.0010543752,0.38134545
Cgn,-0.018179528,0.13252826
Pogz,0.061327565,0.09448229
Psmb4,0.055963635,0.58461237
Selenbp1,0.1623758,0.10005099
Rfx5,0.010006059,0.3185337
B230398E01Rik,0.0008523953,0.8608651
Pi4kb,0.023655262,0.17868245
A730011C13Rik,0.0064892694,0.2783677
Gm15265,-0.0012693832,0.42264965
Zfp687,-0.00017311051,0.97863036
Psmd4,-0.016789854,0.77347994
Pip5k1a,-0.011853814,0.79454285
Vps72,0.062261403,0.17981327
Tmod4,-0.008905176,0.24372914
Scnm1,0.0027968735,0.9170926
Lysmd1,-0.0041665137,0.68952876
Tnfaip8l2,0.043541864,0.5230291
Sema6c,0.0029920775,0.42264965
Gabpb2,0.065501064,0.21999823
Gm16740,0.019496527,0.1598434
Mllt11,-0.0016241409,0.9316758
Cdc42se1,0.19696517,0.121107675
Gm128,0.0049703624,0.34962255
Bnipl,0.0,1.0
Prune,0.003339298,0.7812718
Fam63a,0.034975745,0.29595178
Anxa9,-4.9043447e-06,0.9975067
6330562C20Rik,-0.0008782428,0.8277845
Cers2,-0.05244127,0.32137308
Setdb1,0.008180909,0.45731074
Gm4349,-0.00046859635,0.85906947
Arnt,0.026480943,0.3574808
Ctsk,0.013919238,0.5030595
Ctss,0.39875564,0.018212503
Hormad1,0.0,1.0
Golph3l,0.019445077,0.19873138
Ensa,0.107270464,0.14203666
Mcl1,0.2533729,0.36549416
Adamtsl4,0.013224307,0.42239007
Ecm1,0.060821142,0.1542792
Tars2,-0.019420452,0.017229045
Rprd2,0.08195341,0.2529021
Prpf3,0.005438108,0.7837224
Gm26594,0.0,1.0
Mrps21,-0.3158335,0.027839724
C920021L13Rik,0.009733025,0.2733179
Ciart,0.053048145,0.18310556
BC028528,0.07736495,0.1152659
Aph1a,-0.008226797,0.8758435
Car14,-0.34111148,0.04514046
Anp32e,-0.0035964847,0.9493627
Plekho1,0.06696394,0.08403878
Vps45,0.04404092,0.17291752
Otud7b,0.06453751,0.21848875
Mtmr11,0.0011918787,0.68354166
Gm17690,0.00146598,0.8433656
Sf3b4,0.023671165,0.22404031
Sv2a,-0.014724314,0.5561861
Bola1,0.08198094,0.11918095
Gm15444,-0.00035364332,0.4226497
Hist2h2ab,-0.0003570198,0.7064353
Hist2h2ac,-0.0055159093,0.23741333
Hist2h2be,0.016752893,0.067278296
Hist2h3c2,-0.041667942,0.06543762
Gm20632,0.004148285,0.41532153
Hist2h2aa2,0.00502107,0.3716451
Gm20633,0.0055713872,0.39244452
Hist2h2aa1,-0.12963459,0.1923866
Hist2h3c1,-0.024281435,0.06708942
Hist2h4,0.008456606,0.13269053
Gm20628,-0.00043171423,0.4226497
Hist2h3b,-0.0041164323,0.30468398
Hist2h2bb,-0.00025197436,0.4226497
Hist2h2bb-1,-0.003498969,0.07274814
Fcgr1,0.041506782,0.19841188
BC107364,-0.0006764734,0.34126478
Gm10685,0.0,1.0
Gm15441,0.021666411,0.18390188
Txnip,0.390799,0.12946294
Gm16253,0.037994042,0.24368212
Polr3gl,-0.018228836,0.4737693
Ankrd34a,0.0,1.0
Lix1l,0.015012473,0.33455735
Rbm8a,0.11185685,0.12901025
Pex11b,0.048742667,0.2743792
Gm42957,0.000847705,0.28913754
Itga10,-0.0020856885,0.4533252
Ankrd35,0.004101136,0.26997718
Pias3,0.0005007908,0.9667326
Nudt17,0.004622846,0.53598976
Polr3c,0.016542066,0.49322265
Rnf115,0.053432167,0.3518931
Cd160,0.0,1.0
Pdzk1,0.0,1.0
Gpr89,-0.022758156,0.05206944
Gja5,0.0012687858,0.42264977
Gm43734,0.0014200424,0.50805074
Acp6,0.021135963,0.34379056
Bcl9,0.106369644,0.062461797
Chd1l,0.060076773,0.030278286
Fmo5,0.0347825,0.33562717
Prkab2,0.029768115,0.058755312
Pde4dip,-0.018004201,0.5994699
Gm43076,0.0,1.0
Sec22b,0.0053542554,0.74699014
Gm5544,0.00061024143,0.4226497
Notch2,-0.059213758,0.2524605
Adam30,-0.0035486277,0.12373855
Hmgcs2,0.03773654,0.43604717
Phgdh,0.0023713112,0.9795068
Zfp697,0.010268789,0.0057122437
Hsd3b2,0.0074536027,0.4587581
Hsd3b3,0.0,1.0
Wars2,0.01651697,0.27996916
Tbx15,0.0074332957,0.00486533
Spag17,0.18681318,0.067222476
Wdr3,0.040980205,0.051754795
Gdap2,0.020243872,0.14090039
Fam46c,-0.047816858,0.12605442
Gm12474,0.003969929,0.49641877
Man1a2,0.049466684,0.23411733
Gm43464,0.0,1.0
Trim45,0.005018793,0.6665816
Ttf2,-0.003292162,0.7897261
Cd101,0.01145671,0.48309416
Ptgfrn,0.026060425,0.28568286
Cd2,0.0016141578,0.54703134
Igsf3,0.04150012,0.19427729
Atp1a1,-0.17604113,0.38389558
Mab21l3,-0.00010369721,0.4226497
Slc22a15,0.022953749,0.58188486
Nhlh2,-0.001594135,0.28949544
Casq2,0.017277798,0.23824446
Vangl1,0.056461148,0.26492974
Gm16160,0.061458204,0.32815436
Gm43241,0.0,1.0
A230001M10Rik,0.0023699792,0.28656816
Gm43242,0.0015358573,0.5778683
Ngf,0.0,1.0
Gm42682,0.0,1.0
Tspan2os,0.0013451227,0.44852287
Tspan2,0.0479353,0.2570691
Tshb,0.0,1.0
Gm42681,0.0,1.0
Sike1,0.016300082,0.67456424
Csde1,-0.07240152,0.5626308
Nras,0.05074185,0.25853285
Gm43062,0.0021130084,0.44112545
Ampd1,0.0,1.0
Dennd2c,0.006175364,0.17193237
Bcas2,0.117010176,0.12381839
Trim33,0.08361708,0.32185197
Syt6,-0.0023794847,0.42264977
Atg4a-ps,0.0,1.0
Olfml3,0.08924756,0.11720107
Hipk1,0.23585507,0.28037864
Gm15886,0.00014382217,0.7825342
Dclre1b,0.0070534665,0.69208527
Ap4b1,-0.0001360923,0.98631936
Gm43064,0.0,1.0
Bcl2l15,0.0035037654,0.4055003
Ptpn22,0.015511605,0.40543458
Rsbn1,0.08426521,0.088754416
Phtf1os,-0.0020632995,0.6813789
Phtf1,0.04884696,0.3395612
Magi3,0.028401393,0.40997687
Lrig2,0.0010970887,0.7560303
Gm43257,0.0,1.0
Slc16a1,0.084131345,0.16865976
Gm29561,0.0,1.0
Fam19a3,-0.0009792295,0.42264977
Ppm1j,-0.00024741713,0.80289584
Rhoc,-0.07762234,0.31286994
Mov10,-0.0032175295,0.858142
Capza1,0.05398813,0.5480367
St7l,0.018682376,0.35761666
Wnt2b,0.0,1.0
Gm42956,0.0,1.0
Cttnbp2nl,0.027744249,0.0013376178
Kcnd3os,0.0022267702,0.30517045
Kcnd3,0.005273899,0.31385836
Ddx20,0.022449054,0.5136351
Fam212b,-0.0023779357,0.7093734
Gm43848,0.021529501,0.47979045
Rap1a,0.17622876,0.29412824
Gm5547,0.051184498,0.016498012
Adora3,0.015353736,0.065594316
Tmigd3,0.002003412,0.4226497
I830077J02Rik,0.052139398,0.20135055
Atp5f1,-0.3164842,0.028995419
Wdr77,-0.012527481,0.19092673
Ovgp1,0.0101548955,0.37402847
Pifo,0.13701612,0.16962086
Gm42722,0.07163858,0.062154483
Chil5,-0.0063280514,0.6510893
Chia1,-0.009554505,0.6588732
Chil3,0.020857453,0.94132483
Dennd2d,0.0029932237,0.6827876
Cept1,0.055722,0.34844947
Dram2,0.02904512,0.6506371
Lrif1,0.04333453,0.1685669
Cd53,0.16291666,0.35518858
Olfr266,0.0,1.0
Gm35507,0.0,1.0
Gm27008,-0.0009106537,0.42264965
Kcna3,-0.0011085757,0.22030418
AI504432,0.0018260907,0.8669158
Kcna2,-0.0024698828,0.6701697
Lamtor5,-0.0010480285,0.9880075
Slc16a4,-0.09233624,0.11915102
Rbm15,0.039009534,0.40062004
Kcnc4,0.0009067829,0.6992721
Slc6a17,-0.022938054,0.3302081
Alx3,0.00056942063,0.6334789
Strip1,0.054002494,0.002296692
Ahcyl1,0.02056694,0.58664614
Csf1,0.08187615,0.16362135
Eps8l3,0.0,1.0
4933431E20Rik,0.027410543,0.05967572
Gstm5,-0.008705139,0.9368761
Gstm7,0.053435706,0.054262754
Gstm6,0.0010036267,0.9110503
Gstm3,0.0,1.0
Gstm2,-0.03739406,0.29565415
Gstm1,0.6797556,0.014399881
Gstm4,0.062846564,0.12403096
Ampd2,-0.017391488,0.31685734
Gm12500,0.004422621,0.45243475
Gnat2,-0.009242002,0.0014877153
Gnai3,0.054241806,0.47551015
Gpr61,0.0013850222,0.5339602
Gm12524,0.0,1.0
Amigo1,0.023400873,0.06761322
Cyb561d1,0.0035099667,0.7702541
Atxn7l2,0.0053714463,0.35073876
Sypl2,-0.0019184417,0.21117945
Gm42754,0.0,1.0
Psma5,0.032759935,0.4680585
Gm12523,0.0,1.0
Sort1,0.0824828,0.13828273
Gm12525,-0.0028061718,0.4226497
Mybphl,0.0,1.0
Psrc1,0.00060741,0.8821829
Celsr2,-0.0030886307,0.90835774
Sars,0.017262846,0.55636215
5330417C22Rik,-0.0018228805,0.4498579
1700013F07Rik,0.05025159,0.17572957
Tmem167b,-0.02203609,0.5148809
Taf13,0.026304096,0.45340154
Wdr47,0.004246846,0.80768913
Clcc1,0.09965813,0.11915105
Gpsm2,0.0026317164,0.8196982
Stxbp3,-0.013985515,0.6645437
Fndc7,0.0043136682,0.59505934
Prpf38b,0.13018727,0.11296225
Henmt1,-0.0014961786,0.6648487
Fam102b,0.06418811,0.1928613
Gm43221,-0.00081941596,0.4226497
Slc25a54,0.0,1.0
Slc25a24,-0.00027705356,0.985223
Vav3,0.03700462,0.2989357
Ntng1,0.0005597636,0.75101495
Prmt6,0.0033205114,0.66023415
C130013H08Rik,0.0024799167,0.405669
Amy1,0.010795511,0.2768627
Rnpc3,0.015259426,0.35431737
Col11a1,0.008370012,0.21669221
Olfm3,0.00161426,0.4226497
S1pr1,0.026120152,0.049514476
Gm9889,0.0015549109,0.62335664
Dph5,-0.009616654,0.60076535
Slc30a7,0.009634927,0.47827083
Extl2,0.0061294436,0.71291924
Vcam1,-0.33267066,0.05963503
Gpr88,0.0038984935,0.54863805
Cdc14a,0.065438636,0.35572037
Rtca,0.0046145767,0.8789492
Gm26530,0.0,1.0
Dbt,-0.010373794,0.77898425
Lrrc39,0.0,1.0
Trmt13,0.031942867,0.09462361
Sass6,0.017028505,0.2519522
Gm42893,0.0026974562,0.46937782
Hiat1,-0.12598556,0.007978846
Gm42457,0.0,1.0
4930512P04Rik,0.0,1.0
Slc35a3,-0.0014094412,0.86454666
Agl,0.019540682,0.49774036
Frrs1,-0.0039571524,0.8873925
Palmd,-0.14705299,0.09744444
Plppr4,-0.10624854,0.061101668
Plppr5,-0.0011466384,0.1840317
Snx7,-0.030891348,0.074081704
Gm9916,0.0,1.0
Dpyd,-0.01171791,0.45934567
Ptbp2,0.043600246,0.18287426
6530403H02Rik,0.008434406,0.020536467
Rwdd3,0.031903256,0.081057444
Tmem56,-0.0053856485,0.62854
Alg14,-0.040782794,0.19023392
Cnn3,0.24945015,0.05818919
Slc44a3,-0.0022564977,0.85136676
A730020M07Rik,0.00061024143,0.4226497
F3,0.06744163,0.06427793
Abcd3,-0.07540457,0.044381652
Arhgap29,0.034958467,0.28698626
Abca4,-0.18570805,0.10166859
Gclm,0.08351797,0.40620685
Dnttip2,0.07065885,0.10420506
Bcar3,0.001153551,0.95934564
Fnbp1l,-0.07308684,0.086280756
Gm43569,0.0,1.0
Gm43568,-0.00013122242,0.9826224
Pde5a,-0.05105404,0.045150325
4933405D12Rik,0.009664955,0.26411086
1810037I17Rik,0.06229353,0.47642896
Usp53,0.02848221,0.38149202
Myoz2,0.045089506,0.04899622
Synpo2,0.07604663,0.15580136
Sec24d,0.016089179,0.3730572
Mettl14,0.03168471,0.3220635
Gm43591,0.0,1.0
Prss12,0.0070015993,0.4226497
Ndst3,0.024290891,0.087671176
Tram1l1,0.005144021,0.38637376
Ndst4,-0.002832495,0.42264977
Ugt8a,0.03395565,0.18027925
Arsj,0.0,1.0
Gm17225,-0.0044314694,0.32410097
Camk2d,0.122204974,0.07003273
Gm15551,-0.0024987522,0.39821634
Ank2,0.08530403,0.018593498
Gm16958,0.0014384512,0.6062463
Larp7,0.0374202,0.13014433
Zgrf1,0.005590369,0.46859318
Neurog2,0.0,1.0
Alpk1,-0.0048829615,0.52164674
Tifa,0.06386793,0.0027300252
Ap1ar,0.018105336,0.55498475
Gm43653,0.0010502314,0.72910017
5730508B09Rik,-0.0058332384,0.8189313
Enpep,0.0014048014,0.190442
Gm35986,-0.00031714668,0.42264965
Elovl6,-0.044029757,0.016652806
Egf,0.002331689,0.49071532
Gm42697,-0.0047347355,0.41709542
Rrh,-0.04930141,0.001228897
Gar1,0.07797017,0.010746256
Pla2g12a,-0.17210132,0.019633481
Casp6,-0.020227954,0.65361005
Ccdc109b,0.02956713,0.21462305
Sec24b,0.021516785,0.4970197
Col25a1,0.009374016,0.028473549
Etnppl,0.068907,0.06888548
Ostc,-0.13386038,0.06721651
Rpl34,0.12936115,0.353833
Gm42997,-0.00017073184,0.4226497
Gm43351,0.0,1.0
Gm43352,-0.0039838413,0.35169387
Lef1,0.0039142706,0.80487615
Hadh,-0.0037669837,0.9393511
Cyp2u1,-0.042124145,0.29757527
4930534D22Rik,-0.00095480104,0.42264977
Sgms2,-0.048751265,0.44141454
Papss1,0.0937821,0.07907251
Gm29865,0.0,1.0
Dkk2,0.0,1.0
Aimp1,0.09383148,0.0033439582
Tbck,0.04403784,0.19783571
Gm29811,-0.0005608702,0.4226497
Npnt,0.053180307,0.086324096
Gstcd,-0.0132137425,0.39915624
Ints12,0.021421663,0.393044
Gm43254,0.009354691,0.02835291
Ppa2,-0.007950008,0.83282024
Tet2,0.03387423,0.6522577
Gm42567,0.0029210094,0.2852526
Gm26691,0.0014629911,0.46912625
Gm43194,0.00061024143,0.4226497
Cxxc4,-0.0015241075,0.85895455
Tacr3,0.0,1.0
Cenpe,-0.0014648484,0.7451071
Bdh2,0.11800699,0.012841147
Slc9b2,0.013031701,0.32389125
Slc9b1,0.0022024177,0.30530277
Cisd2,-0.035737813,0.58608633
4930539J05Rik,0.017567135,0.021648737
Ube2d3,0.034331203,0.7595962
Manba,-0.013176214,0.37167227
Nfkb1,0.13548975,0.13387014
Slc39a8,0.008685973,0.13958515
Gm43603,0.017035302,0.40252545
Bank1,0.027667314,0.0029307627
Ppp3ca,0.15432218,0.08894671
Emcn,-0.00045972993,0.8953302
Ddit4l,0.06518653,0.099929705
Gm21962,0.0,1.0
Gm43403,0.0046270755,0.17465693
H2afz,0.023172379,0.78246605
Dnajb14,-0.006863162,0.8758804
Gm43087,0.0007274502,0.4226497
Gm43689,0.0033157263,0.49880564
Lamtor3,-0.021352232,0.30109528
Dapp1,0.09999586,0.16147098
Gm19708,0.0,1.0
Gm5105,0.0,1.0
1110002E22Rik,-0.0015057833,0.6220045
Mttp,0.054247342,0.27037603
Trmt10a,0.035056297,0.09541624
Adh7,-0.0008984985,0.4226497
Adh1,0.0,1.0
Adh5,0.08847278,0.08334436
Metap1,0.044464365,0.16282219
Eif4e,0.027567744,0.13920465
4930425O10Rik,0.0,1.0
Tspan5,-0.0041177347,0.8776738
Rap1gds1,0.050382152,0.09433269
Stpg2,-0.0008050375,0.23524074
Gm15688,-0.0014416738,0.21089354
Unc5c,0.023550475,0.17690907
Gm15689,0.011357464,0.46904218
Bmpr1b,-0.002846373,0.014901388
Pdlim5,0.045942143,0.28959492
Gbp5,-0.011377231,0.13478507
Gbp7,0.0351204,0.15479147
Gbp3,0.024519976,0.62335837
Gbp2b,0.0,1.0
Gbp2,0.06984778,0.1653711
Ccbl2,0.026489586,0.16090842
Gtf2b,0.052259296,0.40971568
Pkn2,0.055490658,0.19871287
9530052C20Rik,-0.00071123155,0.5801769
Gm33651,0.0028126591,0.15836017
Lmo4,0.45415375,0.039686978
Hs2st1,-0.012178421,0.5421139
Sep15,-0.20535827,0.10436272
Sh3glb1,0.18188572,0.2533674
Clca3a1,-0.0010648,0.5483662
Gm34866,-0.00070207147,0.4226497
Clca4b,0.0,1.0
Gm16233,0.0040835277,0.3585883
Clca4a,0.0,1.0
Odf2l,0.040837124,0.10684362
Col24a1,0.0,1.0
Znhit6,0.036402866,0.31149748
Cyr61,0.100973874,0.18449302
Gm17501,-0.00065939524,0.8561543
Ddah1,0.001200465,0.8622618
Bcl10,0.04001285,0.69630194
2410004B18Rik,-0.016615853,0.42142153
Syde2,0.007973002,0.36195737
Wdr63,0.11535418,0.20711388
Mcoln3,-0.007796323,0.19117315
Mcoln2,0.0,1.0
Lpar3,0.03448059,0.20591792
Gm10636,0.0062987413,0.26755735
Ssx2ip,0.046545565,0.446653
Ctbs,0.040781632,0.026835142
Spata1,0.005769592,0.45829105
Gng5,0.07464218,0.62786627
Rpf1,0.0008339286,0.9765642
Uox,0.083133735,0.19578859
Samd13,0.010143156,0.013816775
Prkacb,0.021168664,0.70061433
Ttll7,-0.0016018525,0.94472086
Adgrl2,0.043116078,0.016525432
Gm43573,0.0,1.0
Gm30382,0.0,1.0
4930555A03Rik,0.0,1.0
Adgrl4,0.010022321,0.46327242
Ifi44,0.014550372,0.20861374
Ptgfr,-0.0010964674,0.42264977
Gipc2,0.0024341533,0.2692947
Dnajb4,0.093791515,0.06995456
Fubp1,0.07725757,0.4348563
Nexn,0.033225983,0.017903287
Fam73a,-0.14144287,0.009524589
Usp33,-0.0011116117,0.9774634
Zzz3,0.044020824,0.013088565
Ak5,-0.0021974056,0.38276932
Pigk,-0.00019879639,0.99626493
St6galnac5,0.0045766477,0.5745072
Gm16213,0.0,1.0
Gm43832,0.0,1.0
St6galnac3,0.054051064,0.0031650562
Msh4,0.0,1.0
Rabggtb,-0.051770687,0.14567013
Gm43400,0.0,1.0
Acadm,-0.10674089,0.14791377
Slc44a5,0.00042875204,0.9154464
Tyw3,-0.014792591,0.019281128
Cryz,-0.05062432,0.20048428
Erich3,0.096632876,0.012363965
Tnni3k,-0.00094297034,0.25439537
Fpgt,-0.007182859,0.6190973
Lrriq3,0.009679432,0.26600966
4930570G19Rik,0.008812865,0.14607587
Negr1,0.021274392,0.20345925
Gm15577,0.0,1.0
Gm43159,-0.00017845444,0.9735124
Zranb2,0.049848765,0.12283776
Ptger3,0.0013991881,0.80446124
Cth,-0.019899152,0.1781767
1810013D15Rik,0.0069759316,0.35490328
Ankrd13c,-0.015163973,0.7186871
Srsf11,0.17165902,0.04757992
Lrrc40,-0.0043614097,0.69821644
B230334C09Rik,-0.0014037017,0.6547727
Lrrc7,0.0,1.0
Depdc1a,-0.00019263336,0.948654
Rpe65,0.0,1.0
Wls,-0.049426347,0.5964394
AI838599,-0.001003582,0.8291159
Tmem68,0.0033453852,0.84399194
Tgs1,0.07473757,0.13806681
2210414B05Rik,0.006004017,0.4226497
Lyn,0.13313523,0.3010457
Gm26857,-0.000559194,0.9210093
Rps20,0.09493017,0.40690476
Mos,0.0,1.0
Plag1,-0.00018617453,0.4226497
Chchd7,-0.07715371,0.101832464
Gm11808,0.030003369,0.7955636
Penk,0.006903826,0.23668194
Impad1,-0.020992413,0.6520565
Fam110b,-0.009226903,0.7366246
Ubxn2b,-0.008857936,0.72470146
4930430E12Rik,-0.0007389635,0.4226497
Sdcbp,-0.021238863,0.7264049
Nsmaf,0.033869147,0.22121777
Tox,0.0028187614,0.82277226
Car8,-0.0042073093,0.2752497
Rab2a,-0.09098452,0.12315909
Chd7,0.054846577,0.41140172
Clvs1,-0.00037673506,0.7747489
Asph,0.095949546,0.14149272
2610301B20Rik,0.14389962,0.072211735
Plekhf2,0.032520935,0.3947273
Ndufaf6,-0.063359596,0.11233255
Gm11827,0.0033020447,0.74062294
Trp53inp1,0.11218159,0.19368483
Ccne2,-0.0042663757,0.74540126
Ints8,0.008464217,0.34790406
Dpy19l4,0.04412272,0.2878682
Gm26663,-0.0013101874,0.18863131
Esrp1,-0.0005426791,0.19060175
1110037F02Rik,0.021996982,0.41562176
Rad54b,0.012285484,0.17252809
Fsbp,-3.1558797e-05,0.98741436
Gem,0.05936392,0.25192916
Pdp1,0.029633367,0.03888791
Gm10604,-0.00034660127,0.4226497
Gm26895,0.0005978741,0.42264965
Tmem67,0.061149232,0.13302884
Rbm12b2,-0.009862773,0.3202541
Rbm12b1,0.03678674,0.08687437
Fam92a,-0.07856828,0.16010006
Triqk,-0.006088294,0.7369803
Runx1t1,0.0022983085,0.6044173
Slc26a7,0.014514321,0.10616971
Lrrc69,0.0,1.0
Otud6b,-0.052076325,0.2479206
Tmem55a,-0.050706223,0.45851743
Gm11837,0.060885005,0.08203913
Necab1,0.0071287868,0.23408459
Tmem64,0.01341024,0.75752455
Calb1,0.20485514,0.04644538
Decr1,-0.03388059,0.27049625
Nbn,0.036945373,0.32846287
Osgin2,0.08247057,0.21941979
Ripk2,0.08131378,0.2879055
Gm11851,0.0,1.0
Mmp16,0.0071239527,0.16439186
Cpne3,0.046604514,0.5486444
Rmdn1,0.053461693,0.18127888
Gm12353,-0.0011251316,0.18787754
Wwp1,-0.050885543,0.2299004
Slc7a13,0.0,1.0
Atp6v0d2,0.0,1.0
Ttpa,0.0044082906,0.4507434
Ggh,-0.35084805,0.035297595
Nkain3,-0.0004627621,0.6637569
Ccnc,0.005538389,0.8620561
Tstd3,0.008527711,0.5154807
Usp45,0.009669054,0.7732206
Pnisr,0.2955801,0.08014072
Coq3,-0.0062420517,0.35094646
Faxc,-0.00022137957,0.9765104
Fbxl4,-0.045498665,0.061763316
Pou3f2,0.06277585,0.1435352
Gm30731,0.014779331,0.31374204
Gm28448,0.0,1.0
Gm27243,0.0,1.0
Mms22l,0.022796897,0.30631277
Klhl32,-0.014017962,0.19332537
Gm11899,0.0,1.0
Ndufaf4,0.043745115,0.27413055
Gpr63,5.1231676e-05,0.9287376
Fhl5,0.0,1.0
Ufl1,0.0450712,0.30058706
Fut9,0.027437082,0.23505647
Manea,0.025666453,0.25346127
Epha7,0.007506336,0.3447669
Gm11924,0.0,1.0
Map3k7,0.022331208,0.3875157
Bach2,0.0039410945,0.7841668
Bach2os,-0.0016372927,0.4226497
Casp8ap2,0.041726053,0.12334889
Mdn1,0.013627673,0.38343364
Lyrm2,0.015430644,0.5794961
Ankrd6,0.047162104,0.17435212
Rragd,-0.025400534,0.7531544
Ube2j1,-0.0070997626,0.80766904
Gabrr2,0.006157914,0.3489257
Gabrr1,-0.00034801709,0.4226497
Pm20d2,0.0011053637,0.6788541
Srsf12,0.005918999,0.50037843
Pnrc1,0.0889214,0.33615834
Rngtt,0.014647253,0.07365132
Cnr1,0.0,1.0
Spaca1,-0.0023678907,0.14999779
Akirin2,0.05154857,0.22087172
Orc3,-0.012888111,0.51546305
Rars2,0.017526235,0.44274566
Slc35a1,-0.104842186,0.02510755
Cfap206,0.22947831,0.06568799
Smim8,-0.002439022,0.96289873
Zfp292,0.09107596,0.16609597
Mob3b,0.114962,0.17556098
3110043O21Rik,0.026253484,0.26145396
Lingo2,0.0,1.0
Gm12371,0.0,1.0
Aco1,-0.023854066,0.2249292
Ddx58,0.033887234,0.2303802
Topors,0.07318414,0.16242279
Toporsos,-0.061648667,0.14695172
Ndufb6,-0.27516264,0.09369753
Tmem215,0.0,1.0
Aptx,0.006268155,0.7999746
Gm6297,0.019907605,0.33754268
Dnaja1,0.034539938,0.7831309
Smu1,0.039773896,0.025605202
B4galt1,-0.0222736,0.2917096
Spink4,-0.004460005,0.1854033
Bag1,0.072283864,0.1583619
Chmp5,-0.06410682,0.1011331
Nfx1,0.058902822,0.18697406
Aqp7,0.008192425,0.06803221
Aqp3,-0.0007242354,0.42264977
Nol6,0.0066448003,0.52420914
Ube2r2,0.037935376,0.41780695
Ubap2,-0.043100506,0.011226783
Dcaf12,0.05098301,0.21115565
Ubap1,-0.021145247,0.49070334
Kif24,0.0036118617,0.10149879
Nudt2,0.049674913,0.12359624
AI464131,-0.00489779,0.716316
1110017D15Rik,0.26460004,0.27040213
Fam219aos,0.0,1.0
Fam219a,0.012404017,0.41392112
Dnaic1,0.08002759,0.18442994
Enho,-0.0066541433,0.90778244
Gm12406,0.0003011778,0.5383431
Gm12405,-0.00056360074,0.59692895
Cntfr,0.032278664,0.12504591
Il11ra1,-0.18378043,0.065924756
Rpp25l,0.055113867,0.11936617
Dctn3,-0.074098825,0.16554475
Sigmar1,-0.023696795,0.33009297
Galt,0.016424775,0.51557815
Ccl27a,-0.018073872,0.5757542
Gm13307,0.0,1.0
Gm20878,0.00011492893,0.9693288
Gm13306,-0.0031547889,0.42264965
Gm13305,-0.0006974226,0.5348925
Gm10600,0.00023921463,0.9248842
Gm2163,0.00069396774,0.42264965
Gm2564,0.0030867313,0.27834797
4930578G10Rik,0.0020692046,0.48274732
Ccl19,0.0,1.0
Gm12394,0.0,1.0
Fam205a1,0.0,1.0
Phf24,0.0007879409,0.708773
Dnajb5,0.014131463,0.34139413
1700022I11Rik,0.0,1.0
Vcp,0.10462403,0.13215335
Fancg,0.009535922,0.13774234
Pigo,0.007286843,0.55550706
Stoml2,-0.029169738,0.38471574
Gm26643,0.0,1.0
Fam214b,0.05140621,0.014452482
Gm26881,0.0026693838,0.58931994
Unc13b,-0.028209701,0.1932275
Atp8b5,0.009909909,0.5013868
Rusc2,-7.6414086e-05,0.98935574
Fam166b,0.22752832,0.07345293
Tesk1,0.043036424,0.031242533
Cd72,-0.0071459105,0.40828946
Sit1,0.0,1.0
Ccdc107,-0.17460638,0.023305863
Arhgef39,0.00044235494,0.8500591
Gm12454,-0.0028688968,0.4408205
Car9,0.10664974,0.13725677
Tpm2,0.004996255,0.5158675
Tln1,0.2019549,0.1370991
Creb3,0.057638317,0.28285477
Gba2,0.038511768,0.1819828
Rgp1,0.014341826,0.36215863
Msmp,-0.00028270506,0.87713265
Npr2,0.013998449,0.5086148
Spag8,0.11709155,0.06920712
Hint2,-0.13934064,0.34202725
Fam221b,-0.0015040645,0.72385615
Tmem8b,0.0059268493,0.39754587
Hrct1,0.0021764166,0.70339084
5430416O09Rik,0.0,1.0
A630077J23Rik,-0.00048617457,0.42264965
Reck,-0.019875659,0.032933265
Glipr2,0.0006445497,0.99577546
Clta,-0.14530206,0.02532501
Gne,0.017776422,0.073291235
Rnf38,0.045978643,0.10617163
Melk,-0.003367966,0.6608008
Pax5,0.0,1.0
Zcchc7,0.106616594,0.040831156
Grhpr,0.027724564,0.25880688
Zbtb5,0.0034535658,0.57116836
1700055D18Rik,-8.803792e-05,0.99055463
Polr1e,0.021714175,0.11812539
Fbxo10,0.014821824,0.1102869
Tomm5,0.011064887,0.831725
Frmpd1,-0.00086320564,0.9278621
Frmpd1os,-0.18961033,0.108899556
Trmt10b,0.019427512,0.22790444
Exosc3,0.015103221,0.50476325
Dcaf10,-0.00013479963,0.98870724
Slc25a51,-0.038346775,0.034842964
Shb,-0.00856006,0.43365535
Aldh1b1,0.011158171,0.56901187
Igfbpl1,0.0047690663,0.52937096
Stra6l,0.00016504922,0.9564956
Ccdc180,0.17588341,0.069965005
Tdrd7,0.017268747,0.5459541
Tmod1,0.007392779,0.7866414
Tstd2,0.011527136,0.7406982
Ncbp1,-0.010541663,0.6503145
Xpa,0.02655454,0.29955193
Trmo,0.00407881,0.53953
Hemgn,-0.000840445,0.6725575
Anp32b,0.17163607,0.11175417
Nans,0.02795175,0.061813533
Trim14,0.0034449394,0.57324797
Coro2a,0.03214594,0.16150965
Tbc1d2,-0.05100002,0.016851926
Gabbr2,0.0005163977,0.45972627
Gm568,0.0036486082,0.62302953
Anks6,-0.008941352,0.2877767
Galnt12,-0.027348246,0.15785016
Col15a1,0.009275968,0.3098268
Tgfbr1,0.058153577,0.19884388
Alg2,-0.0077532977,0.785783
Sec61b,0.06527376,0.30622056
Nr4a3,0.04238563,0.2318545
Stx17,0.017754674,0.6922067
Erp44,0.067266464,0.36425045
Invs,0.02110066,0.25359857
Tex10,0.023296509,0.27437568
Msantd3,0.0060775764,0.5507146
Tmeff1,0.022223739,0.30953386
Murc,-0.0010788278,0.24746975
Plppr1,-0.00040638863,0.42264965
Acnat1,-0.0021121707,0.39373872
Baat,0.0017821137,0.4226497
Mrpl50,-0.036014527,0.076893196
Zfp189,-0.0055525275,0.117313996
Aldob,0.0019448312,0.42264977
Tmem246,0.03237468,0.3528719
Rnf20,0.042017065,0.13430785
Grin3a,-0.0016837467,0.6135924
Ppp3r2,0.0,1.0
Smc2os,0.0022449302,0.6769068
Smc2,0.06003758,0.12120765
Nipsnap3b,0.03663011,0.33095652
Abca1,0.1261768,0.17999044
AI427809,-0.0017275083,0.4226497
Gm12496,0.0,1.0
Slc44a1,0.030813195,0.37501583
1700060J05Rik,0.0,1.0
Fsd1l,0.044721752,0.37285015
Fktn,-0.019667856,0.59215283
Tal2,-0.0024081992,0.006732434
Tmem38b,-0.06305505,0.11399756
Zfp462,0.10057043,0.06627186
Rad23b,0.032704264,0.44995266
Klf4,0.35662806,0.15759519
2310081O03Rik,0.012363061,0.2390596
Ikbkap,0.02351956,0.70395654
Fam206a,0.00934485,0.2040303
Ctnnal1,-0.11663829,0.13819219
Tmem245,0.033049196,0.28186545
Frrs1l,0.0027962672,0.85198796
Epb41l4b,0.016743436,0.4165415
Gm12530,0.0027591707,0.4226497
Ptpn3,-0.005600184,0.4571986
Palm2,0.002704925,0.49798506
Pakap,0.0010530725,0.6547155
Akap2,0.011758691,0.019886442
D630039A03Rik,0.0022727102,0.8672356
Txn1,0.3805642,0.25236064
Svep1,-0.0014289105,0.19727625
Musk,0.0643538,0.19105574
Lpar1,0.11412276,0.08038275
AI314180,0.016225576,0.6239426
Zkscan16,0.0036464639,0.536056
Ptgr1,0.04563935,0.24992946
Dnajc25,0.004024394,0.8916652
Gng10,0.023250364,0.29720125
Ugcg,-0.0042786226,0.8816917
Susd1,-0.00078732264,0.840059
Ptbp3,0.22026835,0.13069072
Hsdl2,-0.07424548,0.1448633
E130308A19Rik,0.0070189796,0.58532995
Inip,0.03097629,0.015983008
Snx30,0.015391845,0.048618056
Slc46a2,-0.00041065738,0.912954
Zfp37,0.0045158956,0.5761311
Slc31a2,-0.02445779,0.22750051
Fkbp15,0.019693397,0.04546163
Slc31a1,-0.49592862,0.037510134
Cdc26,0.10798991,0.018082239
Prpf4,0.06059802,0.06979803
Rnf183,0.00047312398,0.5139036
Wdr31,0.06260478,0.12389832
Bspry,-0.008699295,0.29134518
Hdhd3,-0.03016831,0.22865249
Alad,-0.048150003,0.3282618
Pole3,0.007648334,0.79954624
4933430I17Rik,-0.0011345226,0.42264965
Rgs3,0.037549645,0.17201804
Gm11210,0.0,1.0
Zfp618,0.0019100495,0.8953176
Ambp,-0.0027158977,0.4226497
Kif12,-0.000780862,0.4226497
Col27a1,0.053421274,0.1888771
Orm1,-0.009051295,0.5251475
Orm3,0.00014737924,0.88343436
Orm2,0.0009498398,0.67089105
Akna,0.09797089,0.2597822
Aknaos,-0.00060063554,0.4226497
Whrn,-0.050617173,0.18370451
Atp6v1g1,-0.06805706,0.38004366
6330416G13Rik,-0.008592349,0.5269687
Tnfsf15,0.0053098775,0.47022882
Tnfsf8,0.0010564886,0.781576
Tnc,0.0,1.0
Pappa,0.0005332061,0.42264965
Astn2,0.00066650845,0.90729135
Trim32,-0.0052150786,0.6237175
Tlr4,0.0026636887,0.8450684
Brinp1,-0.013506506,0.12861842
Cdk5rap2,0.05486148,0.06913993
Megf9,0.07584141,0.33564007
Tle1,-0.06063938,0.275378
Rasef,-0.0002990524,0.81542146
Frmd3,0.007366725,0.41979644
Kdm4c,0.0018716194,0.9141948
A230083N12Rik,0.006226076,0.2751128
Tmem261,0.000518173,0.9843992
Ptprd,0.062332906,0.10403599
Gm11261,0.0,1.0
Tyrp1,-0.0009059681,0.20862897
Lurap1l,-0.028304234,0.30509236
Mpdz,0.054548472,0.13403964
Gm11412,0.0,1.0
Gm5860,-0.00040352857,0.9291392
Nfib,0.14064613,0.18745323
Gm11266,0.019629234,0.2846267
Zdhhc21,0.058236912,0.23043837
Frem1,-0.056099333,0.07413625
Ttc39b,0.017732825,0.44797692
Gm11413,-0.0011130167,0.18635862
Snapc3,0.025696509,0.19418281
Psip1,0.1908434,0.099264145
Ccdc171,0.031046033,0.02526365
Bnc2,0.006361433,0.044858065
Cntln,0.06769772,0.05803029
Sh3gl2,-0.006122549,0.095941015
Adamtsl1,-0.007991198,0.3540259
Rraga,-0.02990985,0.6007434
Haus6,0.0022435468,0.36422414
Plin2,0.16429397,0.12938629
Dennd4c,-0.00018058717,0.9925879
Rps6,0.14593458,0.2702631
Acer2,0.0016389819,0.4646732
Slc24a2,0.019494558,0.00918476
Mllt3,0.071238875,0.028920485
Focad,0.011656493,0.46553195
Hacd4,-0.010220133,0.8823042
Ifnb1,0.0,1.0
Klhl9,0.041578367,0.48355758
Gm26566,-0.00062722457,0.4226497
Gm13283,0.0,1.0
Gm13272,0.0,1.0
Ifnz,0.0,1.0
Gm26525,0.0016056261,0.42264965
Gm26867,0.0010333362,0.46570224
Gm13285,0.0,1.0
Gm13287,0.0,1.0
Gm13288,0.0,1.0
Mtap,-0.009519845,0.6104088
Cdkn2a,0.0039125304,0.45545474
Cdkn2b,0.0006403122,0.9026958
Dmrta1,0.00079456,0.42264977
Elavl2,0.003089239,0.48659945
Gm12666,0.0,1.0
Tusc1,0.010913014,0.36197835
Caap1,0.034386877,0.10649895
Gm10306,0.0023861765,0.21994893
Plaa,0.01793541,0.34185413
Ift74,0.026727855,0.52396035
Lrrc19,0.0,1.0
Tek,0.0006828135,0.7354617
Eqtn,0.00285749,0.45478997
Mysm1,0.020565689,0.3625733
Jun,0.65429074,0.08511003
Junos,0.02118627,0.19981956
Gm12708,0.0,1.0
Gm29064,0.0014990983,0.3528836
Fggy,0.010892972,0.59671295
Hook1,-0.013944611,0.5801039
Cyp2j12,0.0044983895,0.50421834
Cyp2j8,0.0,1.0
Cyp2j6,-0.051330082,0.24429604
Cyp2j9,0.0054183165,0.6378856
Gm12695,0.009352469,0.19410859
E130114P18Rik,0.029990729,0.41120774
Nfia,0.082372665,0.52435327
0610025J13Rik,0.0016806172,0.613665
Tm2d1,-0.102598846,0.039769597
Inadl,0.0037783124,0.8434068
Kank4,0.009048952,0.089355566
Usp1,0.060887292,0.1512593
Dock7,0.024124086,0.5469359
Angptl3,-0.0005040994,0.4226497
Atg4c,0.03393194,0.22446916
Gm12689,0.0025658363,0.5285094
Alg6,0.02197402,0.1312935
Itgb3bp,0.0014108047,0.93552524
Efcab7,0.01867766,0.575378
Pgm2,-0.013333671,0.6634203
Ror1,-0.0042733205,0.4226733
Ube2u,0.010734657,0.57793915
Cachd1,0.015113786,0.7984426
Raver2,0.012028692,0.093499415
Jak1,0.05024481,0.61244565
E130102H24Rik,0.027803183,0.3647179
0610043K17Rik,0.0010893553,0.73352695
Ak4,0.023009948,0.048505086
Dnajc6,0.08883599,0.09060932
Leprot,0.054605156,0.056055065
Lepr,-0.06602862,0.08505495
Pde4b,0.09125403,0.21229757
Sgip1,0.015419265,0.33191168
Tctex1d1,0.09307162,0.22073351
Insl5,-0.0006351853,0.797114
Wdr78,0.10561167,0.18122683
Mier1,0.12223433,0.29947037
Slc35d1,0.072866954,0.17788145
Gm44037,0.0070578754,0.44035032
Oma1,0.014082272,0.3318454
Dab1,0.019781385,0.13332735
1700024P16Rik,0.0,1.0
Prkaa2,-0.056485653,0.0073135835
Plpp3,0.2083786,0.078432195
Usp24,0.095370606,0.17730567
Pcsk9,-0.00050494866,0.4226497
Dhcr24,-0.05217433,0.117598996
Ttc22,-0.0036234856,0.16468099
Pars2,0.005297005,0.65149534
Ttc4,0.038110062,0.14284705
Mroh7,-0.0006040754,0.94380426
Fam151a,0.0012162982,0.4226497
Acot11,-0.02193468,0.2509639
Ssbp3,0.11843872,0.06380755
Mrpl37,0.0147083625,0.4031843
Cyb5rl,0.0058156326,0.6528396
Gm12802,0.0010973774,0.87524486
Tceanc2,0.025311206,0.25115293
Tmem59,-0.45357645,0.034920488
Lrrc42,0.049123056,0.20165306
Hspb11,-0.004102215,0.9410762
Dio1,0.0,1.0
Yipf1,-0.102786034,0.042185564
Ndc1,0.0019196384,0.68709403
Glis1,0.0038923197,0.032947727
Dmrtb1,-0.0005530632,0.42264965
4933424M12Rik,-0.0047631864,0.29616958
Lrp8,0.046932533,0.33527538
Lrp8os1,0.0010341627,0.7559808
Magoh,0.016204357,0.7408184
0610037L13Rik,0.022970617,0.22516562
Cpt2,-0.071616605,0.15039496
4930407G08Rik,0.0,1.0
Slc1a7,0.0,1.0
Podn,0.018862503,0.4100107
Scp2,-0.08894396,0.38322115
Echdc2,-0.012647163,0.40432805
Zyg11b,0.028965943,0.4173227
Coa7,0.021037292,0.09044372
Fam159a,0.019593015,0.39675528
Gpx7,0.018770542,0.4071501
Zcchc11,0.03480521,0.30775788
Prpf38a,0.039687574,0.025151737
Orc1,0.007002538,0.20573545
Cc2d1b,-0.007515449,0.49567044
Gm17354,0.00075431727,0.9582612
Zfyve9,0.024480052,0.5974734
3110021N24Rik,0.04828369,0.25850305
Btf3l4,0.062202543,0.2048143
Txndc12,0.042513184,0.17723675
A730015C16Rik,-0.0032476268,0.085193805
Kti12,0.041665327,0.08134858
Rab3b,0.0014880296,0.51558554
Nrd1,-0.03452836,0.37839192
Osbpl9,0.03363645,0.63430417
Calr4,-0.0006095315,0.22481734
Eps15,0.112638935,0.13549657
Ttc39a,0.006733019,0.30850044
Rnf11,-0.009572774,0.89995617
Cdkn2c,-0.021349102,0.43860602
Faf1,0.0072623193,0.7980793
Dmrta2os,0.003929786,0.58551717
Dmrta2,-0.038358256,0.2648299
Elavl4,-0.0003701374,0.93705356
Agbl4,0.0034616198,0.5588027
Bend5,0.019440271,0.11791218
Spata6,-0.020802945,0.73098224
Skint3,0.058882717,0.2508407
Trabd2b,0.008730015,0.1698203
9130410C08Rik,-8.2965475e-05,0.9057675
Gm12830,0.0019350173,0.5026344
Foxd2,0.0027298825,0.20521472
Cmpk1,-0.07972929,0.12916514
Stil,0.010353779,0.19150718
Tal1,0.0017926279,0.8314294
Pdzk1ip1,-0.023000564,0.02585209
Cyp4x1,0.0,1.0
Cyp4x1os,0.0,1.0
Cyp4b1,0.0,1.0
Efcab14,-0.01440686,0.61461365
Tex38,-0.00054589455,0.42264965
Atpaf1,0.019518346,0.22524601
Mob3c,0.030619767,0.32634604
Mknk1,0.022226717,0.336215
Gm29434,0.0,1.0
Kncn,0.0,1.0
6430628N08Rik,0.0,1.0
Faah,0.043599587,0.16159086
Nsun4,-0.011185039,0.07253273
Uqcrh,-0.43305457,0.021320818
Lrrc41,0.046305068,0.20308343
Rad54l,0.0041973162,0.32455754
Pomgnt1,-0.23222433,0.06321785
Lurap1,0.0035015456,0.7922097
Tspan1,-0.007675998,0.035794515
Pik3r3,-0.014918085,0.29751685
Mast2,0.02324285,0.30229777
Ipp,-0.010483736,0.34952393
Tmem69,-0.004456496,0.4014714
Gm12953,0.0,1.0
Gpbp1l1,0.06545528,0.24773861
Ccdc17,0.013037128,0.27746934
Nasp,0.11860756,0.11098383
Akr1a1,-0.24220127,0.08096032
Prdx1,-0.02261138,0.8950616
Mmachc,-0.009637548,0.3642674
Ccdc163,0.033090513,0.10971244
Tesk2,0.010425276,0.2665809
Toe1,0.015374005,0.7000626
Mutyh,0.010255257,0.14710048
Hpdl,0.00040344775,0.42264965
Gm12996,0.007429542,0.14967091
Zswim5,-0.0046992362,0.061323743
Urod,0.015177935,0.7687143
Hectd3,0.0063495524,0.71531355
Eif2b3,0.038788214,0.027514197
Ptch2,-0.0016196502,0.4226497
Btbd19,0.0079566045,0.27187765
Tctex1d4,0.21500257,0.14197296
Plk3,0.033573113,0.41113058
Rps8,0.27880955,0.0026550624
Kif2c,0.0029433607,0.3325879
Gm1661,0.07592466,0.045405637
Tmem53,-0.045293435,0.27033505
Rnf220,0.018701583,0.68638504
Gm12843,-0.000956981,0.75462145
Gm12827,0.0,1.0
Eri3,0.047966883,0.20895746
Dmap1,0.040015038,0.25538152
Gm12840,0.030358462,0.24654403
Slc6a9,0.06288831,0.090428755
Ccdc24,0.002411686,0.8926126
B4galt2,0.032734603,0.23761842
Gm12841,-0.0014590191,0.199844
Atp6v0b,-0.3025549,0.04101716
Dph2,0.0063558957,0.5241661
Ipo13,-0.0047328174,0.76520336
Artn,-0.00015049503,0.9079482
St3gal3,-0.020478098,0.07453182
9530034E10Rik,-0.00025743764,0.8023197
Kdm4a,0.041167125,0.17288586
Ptprf,-0.01006642,0.87131107
Szt2,0.015802085,0.4143569
Med8,0.057341427,0.22195393
Elovl1,0.048968047,0.26539078
Cdc20,-0.013542261,0.3880001
Mpl,0.0039143506,0.24990827
Tie1,-0.00034574757,0.4226497
2610528J11Rik,0.0027807285,0.25331217
Tmem125,0.0075846305,0.49569124
Cfap57,0.061091647,0.17986651
Ebna1bp2,0.053467095,0.24824327
Gm12863,0.0,1.0
Lao1,0.0,1.0
Gm12862,-0.00016258746,0.42264977
Gm12866,-0.00048250236,0.42264965
Slc2a1,0.14759794,0.23254724
Gm12867,0.0,1.0
Gm12868,-0.00047525286,0.4226497
Zfp691,0.0057521947,0.45269176
Ermap,-0.0013362017,0.4226497
Svbp,0.0055630207,0.78540754
AU022252,-0.009074576,0.6022232
4930538K18Rik,0.0,1.0
P3h1,0.0052926373,0.82132864
Gm12927,0.0014942163,0.4226497
Cldn19,0.00094047753,0.42264977
Ybx1,0.03796363,0.75045675
Ppih,0.024297595,0.2705228
Ccdc30,0.098286465,0.23249523
Ppcs,-0.049525194,0.047771238
Zmynd12,0.107530154,0.2560298
Rimkla,-0.0011926554,0.8278013
AA415398,0.0072706277,0.31855264
Foxj3,-0.008184191,0.32735553
Hivep3,0.03855533,0.036373485
Foxo6,-0.0020381706,0.4226497
Foxo6os,0.0,1.0
Scmh1,0.04823659,0.13907191
Slfnl1,0.0,1.0
Ctps,-0.005866999,0.6972708
Cited4,0.0128758615,0.2262879
Kcnq4,0.0086633405,0.07494629
Nfyc,0.007835157,0.16688856
Rims3,0.00041788165,0.95978624
Exo5,0.011264398,0.10770954
Zfp69,0.00036803947,0.7376576
Smap2,0.04816504,0.4027679
Col9a2,0.003603377,0.53339493
Zmpste24,0.011656329,0.692881
Rlf,0.03551814,0.3502026
Ppt1,-0.004432589,0.9600637
Cap1,0.118050754,0.26361328
Mfsd2a,-0.0062784133,0.5038429
Mycl,0.015415428,0.012620018
Trit1,0.027292404,0.33739197
Bmp8b,0.0028769982,0.3443024
Ppie,0.042710453,0.025222005
Hpcal4,0.009997785,0.43721622
Nt5c1a,0.0,1.0
Heyl,0.0015270534,0.48240453
Pabpc4,0.02723584,0.21369596
Bmp8a,-0.00012050657,0.4226497
Macf1,0.41086885,0.11319428
Gm12925,0.015386242,0.24192174
Ndufs5,-0.4199041,0.045066983
Akirin1,0.009908497,0.8809157
Rhbdl2,0.00625413,0.54628
Gm26606,-0.00048567564,0.78776175
Mycbp,-0.06275341,0.12454234
Gm12905,0.0011851588,0.42264977
Rragc,0.033440307,0.16906977
1700057H15Rik,0.0,1.0
Gm27247,0.0,1.0
4933407E24Rik,0.0,1.0
3100002H09Rik,0.0,1.0
Pou3f1,0.007262958,0.6064142
Utp11l,0.100727394,0.19080952
Fhl3,-0.0024175711,0.43507007
Sf3a3,0.05058054,0.12323888
Inpp5b,0.033021208,0.07513277
Mtf1,0.037921943,0.20842281
1110065P20Rik,-0.14777045,0.110761605
Yrdc,-0.015350059,0.60913026
Maneal,0.0036342226,0.21108612
Epha10,0.0,1.0
Cdca8,3.6507845e-05,0.9951636
Rspo1,0.013636687,0.0056496197
Gnl2,0.042780973,0.3712689
Dnali1,0.19281016,0.13971394
Snip1,0.017918412,0.62805825
Gm12932,0.0028849773,0.44327563
Meaf6,0.11442963,0.18330273
Zc3h12a,0.03799881,0.40067822
Grik3,0.0013397179,0.42264977
2610028E06Rik,0.0,1.0
Csf3r,0.084369436,0.54844475
Mrps15,0.014321834,0.63904047
Oscp1,0.12595703,0.22730452
Lsm10,0.0733801,0.34237573
Stk40,0.021675013,0.50525266
Eva1b,0.012161631,0.5150723
Sh3d21,0.0038024457,0.62925506
Thrap3,0.123343274,0.2251035
Map7d1,0.09469834,0.05644318
Trappc3,-0.03757581,0.30914974
Col8a2,-0.054050595,0.3717872
Adprhl2,0.033333324,0.04893399
Tekt2,0.025415508,0.09034258
Ago3,0.044363208,0.31381866
Ago1,0.0031596422,0.9000192
Ago4,-0.018470347,0.05631761
Clspn,-0.0007280512,0.92532337
5730409E04Rik,0.025005989,0.028338742
Psmb2,0.099040926,0.24187179
Ncdn,0.016212441,0.5212719
AU040320,-0.01580311,0.5021143
Zmym4,0.018567588,0.50680506
Sfpq,0.12704921,0.068955615
Zmym1,-0.0034547988,0.80930334
Zmym6,-0.00049846806,0.9630523
Gm12942,0.01428413,0.4750515
Dlgap3,0.0,1.0
Smim12,-0.044547617,0.090283304
Gja4,-0.0055088424,0.18831825
Gjb4,0.0,1.0
CK137956,0.0077214073,0.2797963
Csmd2,0.0017582556,0.3689268
Hmgb4,0.0,1.0
Zscan20,0.016842118,0.0795788
Tlr12,0.005901244,0.5214716
Phc2,0.03511721,0.15789565
A3galt2,0.0,1.0
Zfp362,0.032733206,0.15304516
Gm12968,0.0,1.0
Trim62,0.00020181062,0.94925857
Azin2,0.011691511,0.5791338
Ak2,0.012701914,0.8032952
1700086P04Rik,0.016427632,0.3796803
Rnf19b,0.08483763,0.30051383
Tmem54,0.0,1.0
Hpca,0.0009770617,0.9064224
Fndc5,0.0015233706,0.6046225
S100pbp,0.030039467,0.5027868
Yars,0.026167344,0.117757164
C77080,0.005299568,0.67021316
Gm12976,-0.0011258406,0.2418174
Sync,0.0015055997,0.48484382
Rbbp4,0.10968742,0.012569943
Gm26722,-0.006137774,0.22649041
Zbtb8os,0.035693124,0.26897952
Zbtb8a,0.005534373,0.31842497
Zbtb8b,-0.00034801709,0.4226497
Bsdc1,0.027088404,0.4237138
Tssk3,0.0,1.0
Fam229a,-0.012502665,0.18543774
Marcksl1,0.20058586,0.028553588
Hdac1,0.0751244,0.13734375
Lck,0.009903344,0.24630329
Fam167b,0.0003655702,0.95411336
Eif3i,-0.016225696,0.80533016
Tmem234,-0.023008823,0.67238986
Dcdc2b,0.007144956,0.52587724
Iqcc,0.064824626,0.10172383
Ccdc28b,-0.011236273,0.3661001
Txlna,0.042720065,0.1998996
Kpna6,0.0004943758,0.9896024
Tmem39b,0.020419182,0.40822873
Khdrbs1,0.09506467,0.21885106
Ptp4a2,0.121546686,0.27735084
E330017L17Rik,-0.00018803698,0.42264965
Spocd1,0.0,1.0
1700003M07Rik,0.00039700523,0.8544768
Adgrb2,0.021588895,0.037286263
Col16a1,0.014221311,0.38767332
Pef1,-0.018984318,0.43646663
Hcrtr1,0.0,1.0
Tinagl1,-0.1499322,0.05351752
Gm853,-0.0057156775,0.13245346
Serinc2,-0.100893036,0.060365763
Fabp3,-0.11671132,0.02210367
Zcchc17,0.019479185,0.38341114
Snrnp40,0.06463569,0.2494027
Nkain1,0.00025508413,0.86747473
Pum1,0.05433847,0.1301698
Gm26516,0.0,1.0
Sdc3,0.053626448,0.00444419
Gm26716,0.0,1.0
Laptm5,0.2934909,0.09130703
Matn1,0.0,1.0
Ptpru,0.039635807,0.21971059
Mecr,8.871406e-05,0.9969028
Srsf4,0.014395341,0.44812027
Tmem200b,0.0,1.0
Epb41,0.0019395351,0.9307534
Gm13063,0.0,1.0
Gm10300,-0.00017233288,0.42264977
Oprd1,0.0018355298,0.42264977
Ythdf2,0.05001858,0.07828919
Gmeb1,0.013055261,0.6362379
Gm28874,0.0027277325,0.32567012
Taf12,0.042320073,0.3362569
Rab42,0.003992907,0.15161037
Snhg12,0.020795777,0.3686335
Trnau1ap,0.046347946,0.22631994
Rcc1,0.0061326046,0.6390395
Gm17300,0.0011576329,0.4226497
Phactr4,0.04639905,0.14751819
Med18,0.008240628,0.4579823
Sesn2,-0.015437461,0.45976764
Gm12981,-0.0009306546,0.7779593
Atpif1,-0.15916264,0.12656906
Gm12999,0.0024350581,0.4226497
Dnajc8,0.11064687,0.24958977
Ptafr,0.024851061,0.7000557
Eya3,0.023898195,0.12916668
Xkr8,0.0035081608,0.36631814
Smpdl3b,0.13756233,0.25480592
Rpa2,0.028050005,0.019507064
Themis2,0.07395794,0.27118406
Ppp1r8,0.031963866,0.06351505
Stx12,0.022000104,0.5221416
Fam76a,0.14086202,0.094176784
Fgr,0.17040962,0.13300341
Ahdc1,0.060272295,0.041360557
Gm26615,0.0074194493,0.39706704
Wasf2,0.109492004,0.03179306
Gpr3,0.0018355298,0.42264977
Cd164l2,-0.002243371,0.22389282
Map3k6,-0.0033217412,0.60451233
Sytl1,0.0037115645,0.63008267
Tmem222,-0.005681336,0.7800554
Wdtc1,-0.03233538,0.15541483
Slc9a1,0.023870919,0.3075921
Fam46b,-0.00062563457,0.8612022
Trnp1,0.0027724653,0.85381377
Kdf1,0.0029996838,0.848719
Nudc,0.13651931,0.2368563
Nr0b2,-0.00014210922,0.42264965
Gpatch3,-0.0031726677,0.16347076
Gpn2,0.035558507,0.0331627
Sfn,-0.04841823,0.1361819
Zdhhc18,0.00738585,0.8689189
Pigv,0.018510897,0.33172417
Arid1a,0.14490637,0.07832964
Gm12974,0.0017864691,0.46701133
Rps6ka1,0.11823597,0.015252456
Hmgn2,0.22392648,0.2246356
Dhdds,0.071892105,0.11294308
Lin28a,-0.0013362044,0.8808793
Zfp683,0.0,1.0
Aim1l,0.004895352,0.3172556
Cd52,0.17559224,0.6219462
Ubxn11,0.04346119,0.18705505
Sh3bgrl3,0.20756036,0.42649323
Cep85,0.011121687,0.33627093
Cnksr1,0.0011758218,0.5852232
Zfp593,0.05601808,0.07013684
E130218I03Rik,0.0008137328,0.4226497
RP23-354H24.9,0.03421481,0.21195744
Grrp1,0.021894274,0.11460651
Pdik1l,0.03710177,0.14302634
Slc30a2,-0.0013196428,0.2185699
Extl1,0.005008538,0.42264965
Pafah2,-0.020037882,0.13891944
1700021N21Rik,-0.0007411064,0.42264965
Stmn1,0.2433748,0.029955806
Paqr7,0.068667755,0.083808735
Aunip,0.021064457,0.28896624
Mtfr1l,-0.042598933,0.5078331
Sepn1,0.031360827,0.18262574
Man1c1,0.036587868,0.02486333
Ldlrap1,0.023799617,0.01916056
Tmem57,0.013082698,0.6616935
Rhd,-0.0020892275,0.4226497
Tmem50a,0.19701612,0.07087179
Rsrp1,0.37676144,0.097448714
Syf2,0.14862284,0.107562326
Runx3,0.012833102,0.6104313
Clic4,0.20641233,0.028661076
Srrm1,0.08301297,0.116886534
Ncmap,0.0020245705,0.3171087
Rcan3,0.04691284,0.009243223
Nipal3,0.06341671,0.11183509
Stpg1,0.059534095,0.2852558
Grhl3,-0.002939295,0.43681103
Ifnlr1,0.008206596,0.1355382
Myom3,-0.0003960201,0.42264965
Srsf10,0.07704297,0.12457823
Pnrc2,0.0872148,0.31908882
Cnr2,0.0129823135,0.12687361
Fuca1,-0.22210163,0.07875116
Hmgcl,0.031810023,0.5929172
Gale,0.009697374,0.5633458
Lypla2,0.091821894,0.07308127
Pithd1,0.056156904,0.12724777
Tceb3,0.03711465,0.2834695
Gm13008,0.0,1.0
Gm24362,0.006177172,0.14136222
Rpl11,0.32799292,0.011660582
Id3,-0.07219121,0.059901245
E2f2,0.054322705,0.20876467
Asap3,0.004079764,0.47935063
Tcea3,0.021207869,0.56299007
Zfp46,-0.006805095,0.40276703
Hnrnpr,0.08310652,0.46045816
Gm27022,0.0,1.0
6030445D17Rik,0.0,1.0
Luzp1,0.020927489,0.57371885
Kdm1a,0.02618657,0.23661493
Ephb2,0.004072874,0.11459103
C1qb,0.21487817,0.067541026
C1qc,0.2271897,0.07174704
C1qa,0.25260958,0.05843312
Epha8,0.0,1.0
Zbtb40,0.014803474,0.15371187
Wnt4,0.19625828,0.10407925
Cdc42,0.038402915,0.7362892
2810405F17Rik,0.003388166,0.5652716
Hspg2,-0.03211897,0.08329651
Ldlrad2,0.0067990613,0.35375398
Usp48,0.0023900568,0.8858644
Rap1gap,0.027033713,0.25611937
Alpl,0.011156623,0.050497673
Ece1,0.052227784,0.2530681
Gm13012,0.0016952204,0.6747823
Eif4g3,0.15485203,0.1724833
2310026L22Rik,-0.024473054,0.11918132
Hp1bp3,0.073040426,0.34432393
Sh2d5,0.0028367736,0.39869198
Kif17,0.0069484683,0.25265607
Ddost,0.017597556,0.8186222
Pink1,0.074365854,0.40926084
Cda,0.0047275503,0.25840682
Fam43b,0.0012698831,0.42264977
AB041806,0.0,1.0
Mul1,0.02627416,0.2256683
Camk2n1,-0.08832276,0.10833537
Vwa5b1,0.04815416,0.28212875
Ubxn10,0.056675732,0.30730355
Pla2g2c,0.006248433,0.5131584
Pla2g2d,0.0,1.0
Pla2g5,-0.12365131,0.08543424
Otud3,0.016111396,0.29289988
Tmco4,-0.012806309,0.34912
Htr6,0.0,1.0
Nbl1,0.17404816,0.06379517
Minos1,-0.22327906,0.03521114
Gm16287,0.009003041,0.24085857
Capzb,0.25984383,0.052538134
Pqlc2,0.006506713,0.5415112
Akr7a5,0.014380485,0.62753534
Mrto4,0.05787176,0.15796381
Emc1,-0.0070271343,0.7492374
Ubr4,0.10595752,0.11285288
2700016F22Rik,-0.0073695844,0.46135733
Iffo2,0.038368143,0.10488029
Aldh4a1,0.038265057,0.09785098
Gm1667,0.009050313,0.22446615
4933427I22Rik,0.0011576329,0.4226497
Klhdc7a,-0.007717617,0.8127932
Igsf21,0.0019698113,0.42264965
Arhgef10l,0.084369496,0.31449622
Rcc2,0.081985906,0.3591538
Padi4,-0.0069373623,0.9138033
Padi3,-0.0010388156,0.4226497
Padi1,0.00070145354,0.93254566
Padi2,0.057289373,0.22853722
Gm13031,0.0019416166,0.318075
Sdhb,-0.02158016,0.74471444
Atp13a2,0.017623924,0.63586664
Mfap2,0.009195918,0.11249223
Crocc,0.09087056,0.22605634
Necap2,0.015733376,0.3440392
Spata21,0.0005978741,0.42264965
Szrd1,0.029971927,0.3167626
4921514A10Rik,-0.0009810979,0.19425263
Fbxo42,0.016011365,0.38441944
Rsg1,-0.00019970248,0.79866046
Arhgef19,-0.001820825,0.89360064
Gm13056,0.0,1.0
Epha2,0.005278917,0.34792745
Fam131c,0.0021061215,0.6030925
Clcnka,-0.0038324927,0.09777302
Gm13075,0.0029542851,0.3154628
Hspb7,0.0010706653,0.42264965
Gm694,0.00034918648,0.83571076
Zbtb17,-0.0026795417,0.76747686
Spen,0.095039554,0.012801432
Fblim1,0.0027194275,0.43532294
Tmem82,-0.000319447,0.42264977
Slc25a34,0.0021887764,0.189529
Plekhm2,0.020645559,0.17427364
Ddi2,0.061214186,0.27874056
Agmat,0.0,1.0
Dnajc16,0.007571835,0.527597
Casp9,0.017535968,0.095882446
Efhd2,0.13052738,0.17336707
Gm29367,-0.00094395975,0.42264977
Fhad1os2,0.0,1.0
Fhad1,-0.012472391,0.8149356
4930455G09Rik,0.013608204,0.25715315
Tmem51,0.06512209,0.23329647
Tmem51os1,-0.0005130782,0.7510591
Kazn,0.114039786,0.21594289
Gm13062,0.0,1.0
Gm13052,0.0006786874,0.42264977
Prdm2,0.07126936,0.2936272
Pdpn,-0.11811745,0.044221457
Lrrc38,-0.021555576,0.032531817
Pramef8,0.015309837,0.40095723
1700012P22Rik,0.0017128196,0.7042889
Dhrs3,-0.03843178,0.41909167
Vps13d,0.014946561,0.45385668
Tnfrsf1b,0.1526826,0.08288497
Tnfrsf8,-0.0005911979,0.42264977
Gm13212,0.0047039576,0.42173335
Gm13166,0.00355519,0.60561126
Gm13251,0.017062083,0.5058709
Gm13247,-0.0006412403,0.20628144
Gm26880,-0.001615405,0.20959128
Gm13248,0.0011002864,0.88830507
4933438K21Rik,-0.00025197436,0.4226497
Gm13139,0.023086797,0.16392592
Gm26624,0.0075099235,0.25544202
Gm13152,0.0012022182,0.9315537
Gm16503,0.00046147685,0.82870376
Gm13154,-0.0040545687,0.37335542
2610305D13Rik,-0.012608893,0.1408488
Gm16211,0.0,1.0
Gm13157,0.023733463,0.02830482
Gm20707,0.0042698504,0.75953925
Zfp933,0.01572702,0.31978822
Miip,0.05140523,0.023648297
Fv1,0.001278167,0.42264965
Mfn2,-0.019981645,0.59654593
Plod1,0.05449365,0.012943215
2510039O18Rik,0.025333054,0.2152129
Nppa,0.0,1.0
Gm13054,0.0,1.0
Clcn6,0.014652604,0.21880688
Mthfr,0.04269832,0.06971505
Agtrap,0.010021135,0.76850003
Draxin,0.0030260475,0.4226497
Mad2l2,0.0014636964,0.95628804
Fbxo6,0.029790513,0.26336125
Fbxo44,-0.053929657,0.36937645
Fbxo2,0.06881796,0.00043094892
Ptchd2,0.005899485,0.45720616
Ubiad1,0.0033086054,0.33774164
Mtor,-0.020169169,0.3719772
Angptl7,0.0019117331,0.7416861
Exosc10,0.04937933,0.1348031
Gm13209,0.0,1.0
Srm,0.08927176,0.01664435
Masp2,-0.0005530632,0.42264965
Tardbp,0.057821333,0.23622012
Gm572,0.0,1.0
Gm13203,-0.0013495937,0.42388687
Casz1,0.007814078,0.4753226
Gm13205,0.0020296671,0.6250389
Gm17029,-0.00035271185,0.42264965
Pex14,0.023853362,0.28119224
Dffa,0.0105661545,0.6114348
Cort,0.0,1.0
Apitd1,-0.0011858335,0.83181953
Pgd,0.025504202,0.8248731
Kif1b,0.16790968,0.073806114
Ube4b,0.004131764,0.81559867
Ube4bos1,0.0,1.0
Rbp7,-0.0003202279,0.42264977
Nmnat1,-0.018098472,0.14571969
Lzic,0.00041166693,0.98086566
Ctnnbip1,-0.029056236,0.36631212
Gm13066,-0.0008820307,0.4226497
Clstn1,0.07316926,0.38120028
Pik3cd,0.10166528,0.10398124
Tmem201,-0.0005952306,0.9780112
Slc25a33,-0.063240916,0.27848697
Gm16188,-0.0016684552,0.35083568
Gm13073,0.0,1.0
Spsb1,0.05573595,0.15173726
H6pd,0.0068001207,0.6109353
Gpr157,0.0057129157,0.42530334
Slc2a5,0.02273815,0.1773141
Car6,-0.00044812993,0.42264965
Eno1,-0.2734269,0.080561735
Rere,0.007023707,0.8331275
Gm13091,0.0012366121,0.63827777
Slc45a1,-0.002143632,0.31791645
Errfi1,0.0567814,0.14140554
Park7,-0.0059702396,0.93907106
Tnfrsf9,-0.00015372351,0.42264965
Camta1,0.04979135,0.3890352
Per3,0.16949546,0.21806504
Vamp3,0.05086437,0.18537533
4930589P08Rik,-0.0003432708,0.4226497
Dnajc11,0.018353935,0.23028225
Thap3,0.0568669,0.25166965
Phf13,0.022275608,0.21803585
Klhl21,0.023361508,0.5347115
Zbtb48,0.004396134,0.50631857
Nol9,0.0044532847,0.6813049
Plekhg5,0.0026143491,0.53958255
Tnfrsf25,0.002209946,0.40874165
Espn,0.023419963,0.009592015
Acot7,0.045564517,0.47506425
Gpr153,0.0,1.0
Icmt,-0.028926365,0.048757985
Rnf207,-0.00072992704,0.42264965
Rpl22,0.19059443,0.10316314
Chd5,0.030355144,0.20115292
Kcnab2,0.0034805052,0.8211485
Nphp4,0.0106829405,0.38648376
Ajap1,0.0072167856,0.47385144
A430005L14Rik,0.018392958,0.33322972
Dffb,0.010149285,0.06797804
Cep104,0.039769046,0.23398942
Lrrc47,-0.00049137324,0.9189598
Smim1,-0.053124547,0.57231325
Trp73,0.00793685,0.7179025
Wrap73,-0.014626235,0.6222815
Tprgl,0.030294567,0.6138283
Megf6,0.033838145,0.077273875
Arhgef16,-0.007966369,0.10598789
Prdm16,-0.038507394,0.33867398
B230104I21Rik,0.0012126483,0.58009136
Gm13133,0.0,1.0
Gm13134,-0.0007527767,0.4226497
Gm13111,-0.08156048,0.064972796
Ttc34,0.026256965,0.09763289
Gm13112,0.0014283196,0.6008916
Fam213b,-0.009676769,0.7677092
Tnfrsf14,0.0,1.0
Hes5,-0.0016690884,0.659647
Pank4,-0.011771854,0.2305133
Plch2,0.0029920775,0.42264965
Pex10,-0.0038647912,0.34151316
Rer1,-0.089108706,0.3103903
Morn1,0.048568927,0.3175016
Ski,0.087506175,0.14523031
Faap20,-0.009474531,0.59396625
Prkcz,0.034579843,0.2174814
Gm27200,-0.00049380586,0.53973764
Gabrd,0.0,1.0
Cfap74,0.048898555,0.38160726
Tmem52,0.031750754,0.22633758
Gnb1,0.08559936,0.23823838
Nadk,0.19766256,0.07994072
Slc35e2,0.0019134469,0.8984677
Cdk11b,-0.009902164,0.7738991
Mmp23,0.002376243,0.62929475
Mib2,0.07820136,0.053743407
B930041F14Rik,0.01869952,0.10757376
Ssu72,-0.044089675,0.47299552
1500002C15Rik,-0.0012983796,0.752827
Tmem240,0.01647189,0.09122633
Atad3a,0.009170383,0.56526196
Atad3aos,0.0132997865,0.4175297
Vwa1,0.061436467,0.33070183
Gm26840,-0.00049977074,0.7462133
Tmem88b,0.055515714,0.21120496
Ankrd65,-0.0129250735,0.120715655
Mrpl20,-0.09940612,0.1590917
Ccnl2,0.1038599,0.23168406
Aurkaip1,-0.02920121,0.70955986
Mxra8,0.0758421,0.17390725
Dvl1,-0.0075342134,0.6619301
Tas1r3,-0.00047837675,0.19222371
Cptp,-0.01013669,0.20116979
Cpsf3l,0.015707172,0.3590831
Pusl1,0.020640144,0.1498926
Acap3,0.02216835,0.15379632
Ube2j2,0.063751474,0.40846035
Fam132a,-0.23676483,0.04180806
B3galt6,0.004644405,0.69333947
Sdf4,0.054043055,0.2031814
Tnfrsf4,0.0010628131,0.56580096
Gm16008,-0.001528114,0.40539578
Tnfrsf18,0.017633323,0.35743016
Ttll10,0.034954675,0.3442851
9430015G10Rik,0.00032637268,0.9455874
Agrn,0.022661796,0.27263403
Isg15,0.1606428,0.25386107
AW011738,0.021906422,0.213984
Perm1,-0.0008383752,0.4226497
Plekhn1,-0.0015234236,0.18370558
Klhl17,-0.0024664216,0.8244505
Noc2l,0.052649125,0.00021166891
Samd11,-0.00042258637,0.4226497
Cdk6,0.049111623,0.29107857
Gm17590,0.00080296834,0.4840032
Gm42435,-0.0015411461,0.22888902
Fam133b,0.02921769,0.5875936
1700109H08Rik,0.0045311553,0.5266442
Rbm48,0.051791996,0.1011171
2510017J16Rik,0.00066043204,0.79965156
Pex1,0.0022995714,0.87036705
Gm43825,-0.0011515353,0.42264977
4833413G10Rik,-0.001373678,0.74449897
Gatad1,-0.004555166,0.8972816
Ankib1,0.008084632,0.15041916
Krit1,0.08917908,0.20705727
Lrrd1,0.0053220624,0.00569204
Mterf1a,0.029263243,0.031482972
Akap9,0.1192199,0.23170227
Cyp51,0.017943647,0.058718942
Mterf1b,0.0006319885,0.817841
Fzd1,0.039885685,0.08061372
Cdk14,0.12851328,0.26127055
1700015F17Rik,0.0,1.0
Cldn12,-0.014585018,0.22277796
Gtpbp10,-0.01767648,0.3134822
Gm8773,0.0,1.0
Cfap69,0.071664855,0.23849335
Steap2,-0.17771736,0.066522315
Steap1,-0.3902874,0.07531512
Gm26825,-0.0061497027,0.22978026
Steap4,-0.0069693774,0.8899563
Sri,0.11388597,0.52168864
Adam22,0.06541565,0.16026397
Dbf4,0.0065052193,0.55565596
Slc25a40,0.0055863857,0.38359606
Rundc3b,0.005136496,0.4857984
Abcb1a,0.033139545,0.08163761
Gm5106,0.0,1.0
Abcb1b,0.014274888,0.49980652
Abcb4,0.015172493,0.17950106
Crot,0.018757828,0.5374368
Gm15611,-0.0005875301,0.6918645
Tmem243,0.063556045,0.29712382
Dmtf1,0.031539135,0.47569978
Gm15734,0.0,1.0
9330182L06Rik,0.00751705,0.42060018
Grm3,0.008119499,0.36705533
Sema3d,0.025390858,0.15389588
Sema3a,0.000945034,0.7636909
Sema3e,0.017459083,0.23630525
Pclo,0.015662365,0.12889472
Gm43391,0.0,1.0
Gm21149,0.018966697,0.44875458
Gm3510,0.0,1.0
Cacna2d1,-0.013139731,0.061072424
Gm43000,0.0,1.0
Hgf,0.005557006,0.4451133
Sema3c,-0.0066551305,0.46653265
Cd36,0.081233956,0.2991297
Gnai1,-0.059064887,0.12557302
4921504A21Rik,-0.011752361,0.23924889
Magi2,0.11675423,0.08525756
Phtf2,0.010806002,0.5982081
Tmem60,-0.10025568,0.051495574
Rsbn1l,0.10642363,0.053403247
A630072M18Rik,0.01869446,0.37095392
Ptpn12,0.036335304,0.33573392
Gsap,0.08808772,0.24158326
Ccdc146,0.14812545,0.17145324
Fgl2,0.05884359,0.4303811
Fam185a,-3.644824e-05,0.9967828
Fbxl13,0.0385455,0.18077987
Lrrc17,0.0030267735,0.2649041
Armc10,0.008760903,0.4990179
Napepld,-0.0015514866,0.85903513
Pmpcb,-0.07541174,0.06861848
Dnajc2,0.10800421,0.05060946
Psmc2,-0.043256104,0.4362303
Reln,0.024692703,0.21666577
Gm10475,0.0,1.0
Orc5,0.01565988,0.46000564
6030443J06Rik,0.00904625,0.24184482
A930003O13Rik,0.0,1.0
Lhfpl3,0.0045360937,0.5894487
5031425E22Rik,0.14847721,0.19623196
4930580E04Rik,-0.0006031502,0.42264977
Kmt2e,0.2074965,0.053898778
Srpk2,0.12042262,0.16374189
Pus7,0.051623557,0.14425209
Rint1,-0.013819791,0.09711882
Tomm7,-0.3584962,0.21122548
2700038G22Rik,0.012657421,0.24600282
Fam126a,0.0918572,0.12380119
Klhl7,-0.0012533218,0.96578145
Nupl2,0.0070352405,0.3385628
Kcnh2,-0.082297,0.108105734
Nos3,0.00023534894,0.98421746
Gm15587,0.06465941,0.03456322
Atg9b,3.1308737e-06,0.99793726
Abcb8,-0.013622791,0.54176897
Asic3,0.0,1.0
Cdk5,0.007437393,0.8061411
Slc4a2,-0.34315434,0.15991646
Fastk,0.009099796,0.79768866
Tmub1,0.034629773,0.019569758
2310074N15Rik,0.006099727,0.1363432
Agap3,-0.022083506,0.15407312
Asb10,0.0038132807,0.54784876
Abcf2,0.012964077,0.6247491
Chpf2,0.03282831,0.07645172
Smarcd3,0.025443383,0.12329976
Nub1,0.033397228,0.5672565
Gm26648,-0.002951172,0.29566532
Wdr86,-0.15135954,0.058743857
Crygn,0.2609914,0.119593024
Rheb,-0.049081683,0.52243644
Prkag2,0.04522157,0.15330724
1500035N22Rik,-0.017993703,0.12093081
Galnt11,-0.023372546,0.29698738
Kmt2c,0.07108246,0.2247771
4831440E17Rik,0.006813093,0.25839168
1700096K18Rik,0.015628638,0.20962092
Gm10062,0.0,1.0
Gm43972,0.0,1.0
Xrcc2,0.002912729,0.81759787
Actr3b,-0.005351357,0.23911525
Gm21663,0.0,1.0
Gm21671,0.0,1.0
Gm21680,0.0,1.0
Gm21698,0.0,1.0
Gm1979,-0.0005391238,0.4226497
Gm5862,0.0,1.0
Speer4a,0.0,1.0
Gm7347,0.0,1.0
Gm10471,0.0,1.0
Gm10220,0.0,1.0
Gm7361,0.0,1.0
Dpp6,0.011781903,0.24272574
Speer4b,0.0,1.0
Gm16058,0.0,1.0
Paxip1,0.012574017,0.81521523
Htr5a,0.0,1.0
Gm26608,0.0,1.0
Insig1,-0.030406408,0.4164897
En2,0.008222309,0.09693392
Cnpy1,0.008020427,0.06425186
Rbm33,0.053150646,0.26200554
Shh,0.0,1.0
9530036O11Rik,0.0,1.0
Gm26894,0.0,1.0
Rnf32,0.008237369,0.7722065
Lmbr1,0.005894944,0.52970225
4632411P08Rik,0.0044548023,0.055844553
Nom1,0.018851455,0.57948995
Ube3c,0.008500531,0.6437753
Gm5129,0.0,1.0
Dnajb6,0.12200874,0.14336412
Gm42450,0.0030399063,0.61649525
Gm42806,-0.0010886649,0.40273368
Il6,0.0046276525,0.6582271
Tyms,0.031179074,0.4826935
Gm4961,0.0,1.0
3110082J24Rik,0.008768787,0.4600611
Gareml,0.013593509,0.28066415
Hadha,-0.036019206,0.49055102
Hadhb,-0.1285016,0.024634337
Ept1,-0.002501689,0.9367523
Drc1,0.12905341,0.13539279
Otof,0.00035532587,0.80919087
1700001C02Rik,0.30313557,0.032786485
Kcnk3,0.0035669133,0.46925154
Slc35f6,0.010233432,0.61581904
Cenpa,-0.017610203,0.5177439
Dpysl5,0.016962612,0.44114497
Mapre3,0.0049915165,0.9003608
Tmem214,0.028224163,0.32116577
Agbl5,0.02326486,0.18082817
Ost4,-0.08274585,0.45391566
Emilin1,0.04374092,0.034948252
Khk,0.14313485,0.21280104
Cgref1,-7.846247e-05,0.94709957
Preb,0.07634424,0.15064184
Tcf23,0.0,1.0
Slc5a6,-0.0965579,0.10987185
Atraid,-0.06582838,0.48071098
Cad,0.0036085248,0.63502777
Slc30a3,-0.00021694288,0.42264977
Ucn,0.0,1.0
Mpv17,-0.00464496,0.8541858
Gm29609,-0.0020227102,0.3466059
Gtf3c2,0.052324876,0.10257528
Eif2b4,0.04990887,0.23123
Snx17,0.065036654,0.025005426
Zfp513,0.062271725,0.15621817
Ppm1g,0.019956604,0.5663311
Gm9970,0.0006097851,0.5354393
Nrbp1,0.046378553,0.26420486
Krtcap3,-0.037670255,0.037240196
Ift172,0.0578575,0.12024688
Fndc4,0.008573171,0.66264725
Gckr,0.00053251,0.572931
Zfp512,0.04770567,0.013528396
4930548H24Rik,0.0,1.0
Gpn1,0.02326484,0.21938737
Supt7l,-0.005082339,0.452042
Slc4a1ap,0.019916795,0.12076919
Gm43660,-0.00025060913,0.9412065
AI839979,0.006226402,0.8612756
Mrpl33,0.041206717,0.8182641
Rbks,-0.014665764,0.2251569
Bre,0.08774993,0.0054288367
Gm17130,0.0,1.0
Fosl2,0.09716435,0.35965425
Plb1,0.024544677,0.12400855
Ppp1cb,0.11816484,0.38113776
Gm15614,-0.0033872752,0.47747326
Yes1,0.028688248,0.41180924
Pisd,0.15013906,0.018034764
Prr14l,0.048750684,0.086106
Depdc5,0.01175355,0.036643345
Ywhah,0.13511586,0.18688412
Slc5a1,-0.003369867,0.027231677
Spon2,0.010851782,0.4226497
Ctbp1,0.053854644,0.29640573
Maea,-0.04503058,0.059349123
Uvssa,0.083716735,0.10443821
Fam53a,0.0064053982,0.76063377
Gm9903,0.0006731921,0.7682923
Slbp,0.086878195,0.25344655
Tmem129,0.0023346245,0.8561467
Tacc3,-0.0020162556,0.90606016
Fgfr3,0.072019875,0.072319575
Letm1,-0.088956326,0.16807103
Whsc1,0.038711235,0.49055943
Nelfa,0.05842819,0.11395812
Gm42849,8.672796e-05,0.8936116
Gm42851,-0.0005131665,0.6756379
Gm1673,-0.056372404,0.53989744
Nat8l,0.043694403,0.25066504
Poln,0.04378344,0.07069355
Haus3,0.03425442,0.06589402
Mxd4,0.031821758,0.3993712
Gm42846,0.0,1.0
Zfyve28,0.0028341287,0.70656425
Cfap99,0.012269396,0.35460073
Rnf4,0.05533091,0.103024244
Fam193a,0.06894683,0.046936434
Tnip2,0.03073057,0.10472732
Sh3bp2,0.016646609,0.29727185
Add1,0.07096341,0.109133385
Mfsd10,0.053080097,0.10322603
Nop14,0.009884261,0.52316564
Grk4,0.05579365,0.15873939
Htt,0.025043964,0.23139688
Msantd1,-0.004979273,0.0860246
Rgs12,0.05068197,0.25247484
Gm43791,0.0024344865,0.5017546
Hgfac,0.00042671306,0.6038156
Dok7,-0.002298247,0.6817744
Lrpap1,-0.25398535,0.15425716
Adra2c,0.0046207737,0.53599095
Cpz,-0.003711039,0.44162244
Trmt44,0.0035532778,0.6256136
4931431C16Rik,0.0,1.0
Acox3,0.076193534,0.14268243
Htra3,0.02691548,0.106650524
Sh3tc1,0.025082067,0.14288814
Ablim2,-0.0018802602,0.7938935
Afap1,0.041539542,0.13101068
Sorcs2,0.046651464,0.14106199
Psapl1,0.0,1.0
2210406O10Rik,0.0071020736,0.5101928
Grpel1,-0.07071483,0.01848462
Tada2b,-0.008546423,0.5952564
Ccdc96,0.06538816,0.25134766
Tbc1d14,-0.005820513,0.8839196
D5Ertd579e,0.07009094,0.24935949
Bloc1s4,-0.006305039,0.73159087
Gm43701,0.00077625277,0.42264977
Mrfap1,0.073830605,0.50253636
Man2b2,-0.01564084,0.74666977
Ppp2r2c,0.0013484657,0.9707913
Ppp2r2cos,-0.00024788422,0.42264977
Wfs1,-0.004061248,0.7157366
Jakmip1,0.022586368,0.08133587
Gm1043,0.0,1.0
Crmp1,0.0020824987,0.38330102
Evc,0.018174423,0.49945924
Evc2,0.0063246563,0.13447084
Stk32b,0.0,1.0
Cytl1,0.0,1.0
Msx1,-0.19828135,0.15944438
Gm20052,0.00031575607,0.9237909
Stx18,-0.0058087707,0.77807474
Nsg1,-0.012373215,0.6095886
Zbtb49,0.0073234695,0.14504679
Lyar,0.10601568,0.18085615
Tmem128,-0.012334883,0.8349605
Drd5,0.0,1.0
Slc2a9,0.0040719504,0.59626895
Wdr1,0.08860713,0.11742502
Zfp518b,-0.019118825,0.08014716
Clnk,-0.001244037,0.41728178
4930513D17Rik,0.0,1.0
Hs3st1,0.0052592233,0.84603006
Rab28,0.05021152,0.45047784
Bod1l,0.121559575,0.10236193
Gm16223,0.0,1.0
Gm7854,-0.00336885,0.009147824
Cpeb2,0.01889401,0.40092567
Gm43699,0.0009263389,0.5938297
C1qtnf7,0.0015635533,0.2585903
Cc2d2a,0.07504397,0.0785415
Fbxl5,-0.026720166,0.80580866
Gm42555,0.0,1.0
Bst1,0.024018079,0.7772214
Cd38,0.00036615878,0.9907544
Gm7879,-0.0010991528,0.1923449
Fgfbp1,0.053639133,0.050185546
Prom1,0.018878719,0.18618312
Gm16401,0.0,1.0
Tapt1,0.0420643,0.30408576
Gm42984,0.012397815,0.05857707
Ldb2,0.048312232,0.17767353
D5Ertd615e,0.0004706003,0.42264965
Qdpr,0.13565858,0.04791897
Gm42413,-0.00045632498,0.42264965
Clrn2,0.0,1.0
Lap3,0.052116364,0.09541744
Med28,0.13449824,0.029996976
Fam184b,-0.0016043963,0.42264965
9630001P10Rik,0.0,1.0
Ncapg,-0.011294864,0.23765871
Lcorl,0.0026524886,0.824292
Slit2,0.00930699,0.8396573
Pacrgl,0.04732831,0.29104602
Kcnip4,0.022331787,0.28625137
Adgra3,-0.02740834,0.3852051
Ppargc1a,0.045752615,0.117222875
Dhx15,0.019794792,0.70296615
Sod3,-0.09052868,0.09355303
Ccdc149,0.00087675266,0.93480194
Lgi2,-0.0007927255,0.58928496
8030423F21Rik,-0.00084676873,0.4226497
Sepsecs,0.0017871708,0.90011907
Pi4k2b,-0.00996618,0.31376874
Zcchc4,0.016093552,0.06718638
Anapc4,-0.013384193,0.52574974
Slc34a2,0.0040456974,0.1281395
Sel1l3,0.018769968,0.06528546
Smim20,-0.00041098893,0.9842437
Smim20-1,-0.0032231584,0.8798613
Rbpj,0.054286927,0.11242616
Gm10441,0.0,1.0
Tbc1d19,0.00932458,0.74796236
Stim2,-0.1316859,0.049241245
Gm10440,0.0070537636,0.2324082
Pcdh7,-0.051652778,0.09441489
Gm43042,-0.00014841909,0.4226497
Arap2,0.05948936,0.02645245
Dthd1,0.07896945,0.11666396
Nwd2,0.0,1.0
0610040J01Rik,0.011082191,0.33662838
Rell1,0.07528264,0.08912335
5830416I19Rik,0.0056295753,0.29005373
Pgm1,0.017422259,0.6696332
Tbc1d1,0.04503794,0.23953648
Gm43837,0.0,1.0
Gm31363,0.0,1.0
C030018K13Rik,-0.0005374101,0.42264965
Gm3716,0.005419558,0.47810182
Klf3,0.15101561,0.21017699
Tlr1,0.004018875,0.7008201
Tlr6,0.014157038,0.25408337
Fam114a1,-0.008014593,0.6908021
Tmem156,0.014686162,0.40973768
Klhl5,0.05482226,0.23378223
Wdr19,0.081304215,0.2890163
Rfc1,0.057811916,0.16199915
Klb,0.0015491642,0.3979737
Rpl9,0.2818849,0.088840865
Lias,0.03682994,0.226386
Ugdh,0.00029945374,0.992767
Smim14,-0.14581496,0.0596339
Ube2k,-0.06408611,0.35426635
Gm42726,-0.0008459666,0.7714179
Pds5a,0.042064473,0.24738887
N4bp2,0.09094393,0.17594571
Rhoh,0.034203336,0.030740118
Chrna9,0.0,1.0
9130230L23Rik,-0.001332934,0.27367476
Rbm47,-0.19374125,0.02744183
Gm26725,-0.013060826,0.30634743
Nsun7,0.0062588844,0.13093401
Apbb2,0.15509711,0.04638112
Uchl1,0.1036761,0.16219541
Limch1,0.04877562,0.2016409
Gm42670,-0.0076117655,0.3020803
Tmem33,-0.083560586,0.17379236
Slc30a9,-0.042661414,0.3226158
Bend4,-0.0073263124,0.52096224
Gm26756,-0.00068895705,0.8572414
Shisa3,0.0042247237,0.23111388
Atp8a1,0.09202821,0.15045458
Gm15478,0.0705928,0.1446111
Gm15477,0.0,1.0
4930425K10Rik,0.0,1.0
Kctd8,0.0140647665,0.36755484
Yipf7,-0.0002793148,0.42264977
Guf1,0.060682192,0.167491
Gnpda2,-0.01795268,0.31900853
Gabrg1,0.0055026533,0.5464934
Gabra2,-0.0013286142,0.5341456
Cox7b2,-0.0004555909,0.4226497
Gabra4,-0.012697799,0.45587382
Gabrb1,0.07208527,0.02408804
Gm43477,0.0053166184,0.09790767
Commd8,0.06522313,0.06672458
Corin,-0.00032869962,0.42264977
Nfxl1,0.008247875,0.5046756
Nipal1,-0.00017233288,0.42264977
Txk,-0.0033887818,0.2448217
Tec,0.02253225,0.34047133
Slain2,-0.014133841,0.20208558
Gm10135,-0.0012518102,0.4226497
Fryl,0.06443617,0.36360243
Ociad1,0.02105236,0.723863
Ociad2,-0.31904885,0.05380346
Cwh43,0.0030914552,0.46752745
Dcun1d4,-0.018903233,0.12602493
Sgcb,-0.073682204,0.104647815
Spata18,-0.0029101335,0.87279767
Usp46,-0.06744456,0.08995862
Dancr,-0.0005755122,0.27150324
Dancr-1,-0.0014928654,0.6610248
Rasl11b,0.046235636,0.1430734
Scfd2,0.014366466,0.09085487
Fip1l1,0.0647082,0.123060495
Lnx1,0.0029947634,0.55599695
Chic2,0.060438633,0.40080497
Gsx2,0.0,1.0
Pdgfra,-0.013490066,0.68300074
Gm42802,0.0,1.0
Kit,-0.014990576,0.32393515
Gm19590,0.0,1.0
Kdr,0.00695025,0.48719278
Srd5a3,0.006669931,0.76803863
Tmem165,-0.014859244,0.59423614
Clock,-0.032700896,0.21667302
Gm7467,0.029431963,0.32692268
Nmu,-0.0017587077,0.041157275
Exoc1,0.14407688,0.045286965
Cep135,0.018383818,0.1618402
C530008M17Rik,0.0026048766,0.44460726
Aasdh,0.008361457,0.4166173
Ppat,-0.004907422,0.81617415
2310040G07Rik,0.00946258,0.20484944
Paics,-0.01793462,0.65332043
Srp72,0.002116114,0.9254942
Arl9,-0.00010369721,0.4226497
Thegl,0.013989595,0.43640938
Hopx,-0.113530636,0.06430604
Hopxos,-0.001741781,0.23334597
Spink2,-0.0025143675,0.5388713
Rest,0.027752936,0.53735405
Noa1,0.0059220716,0.78323495
Polr2b,0.052545108,0.2566722
Igfbp7,-0.25265747,0.097067684
Adgrl3,0.03810285,0.12689655
Gm16054,0.0,1.0
Tecrl,-0.00018803698,0.42264965
Epha5,-0.00053959107,0.8679392
Gm43532,0.0,1.0
Gm43567,-0.00018658322,0.42264977
Cenpc1,0.002613537,0.8978989
Stap1,0.1656887,0.31980002
Uba6,0.046265244,0.30483833
Tmprss11a,-0.032059744,0.006977911
Ythdc1,0.101731494,0.23356836
Ugt2b5,-0.0053480067,0.37940162
Jchain,-0.0019288991,0.18490756
Utp3,0.096703574,0.078683496
Rufy3,0.0542685,0.031711984
Grsf1,-0.048381537,0.016284471
Mob1b,-0.00701645,0.9034586
Dck,0.018473692,0.61369467
Slc4a4,0.049269855,0.187793
Adamts3,0.0,1.0
Cox18,-0.027239412,0.041949462
Ankrd17,0.06998739,0.43464547
Gm9958,0.011648126,0.35004345
Alb,0.0038457632,0.46095455
Afp,-0.0015361285,0.42264965
Afm,0.0,1.0
5830473C10Rik,-0.00063271984,0.4226497
Rassf6,-0.0005709441,0.42264977
Cxcl5,-0.0005443254,0.42264977
Ppbp,-0.0003432708,0.4226497
Pf4,0.0036626982,0.3688647
Cxcl3,-0.00042519066,0.90911734
Cxcl1,0.013552416,0.503784
Cxcl2,-0.059498973,0.7099921
Mthfd2l,0.071987525,0.22013998
Epgn,0.0,1.0
Ereg,-0.00036480502,0.42264977
Areg,-0.004204966,0.64913785
Gm19619,0.0,1.0
Btc,0.0021346516,0.5548159
Parm1,0.007839581,0.42399383
Rchy1,0.03080067,0.3307465
Cdkl2,0.04179377,0.33126718
Gm26582,0.00025854073,0.9664405
G3bp2,0.050497323,0.5963901
Uso1,-0.020614326,0.5536528
Ppef2,0.009563785,0.320664
Naaa,0.16506302,0.3955828
Sdad1,0.035554845,0.20088105
Cxcl9,0.0,1.0
Art3,0.030350313,0.059019215
Cxcl10,0.041136213,0.6108708
Nup54,-0.022674344,0.18762004
Scarb2,0.12515667,0.25340798
Fam47e,0.05607152,0.47497624
Stbd1,0.017147293,0.21469738
Ccdc158,0.021072708,0.18950571
Shroom3,0.06791053,0.340214
4932430I15Rik,0.0020009482,0.42264965
Sowahb,-0.0011251998,0.42264965
Sept11,0.0144293085,0.5152421
Ccni,0.018251032,0.67191404
2010109A12Rik,0.018110797,0.15845147
Ccng2,0.013408706,0.717124
Cxcl13,-0.0027352076,0.65719736
Cnot6l,0.06891419,0.332919
Mrpl1,0.0024520531,0.8799441
Fras1,-0.037645597,0.15484387
Gm33050,0.007975373,0.7996896
Anxa3,0.05825048,0.3038008
1700016F12Rik,-0.0008164589,0.42264977
Gm42601,0.0,1.0
Gm33370,-0.003146651,0.31153697
Gm8013,-0.006141417,0.031167375
Gm9484,0.008941222,0.4287606
Bmp2k,0.04700689,0.4385721
Paqr3,0.032748938,0.10426647
Gm43146,0.0,1.0
Gm2861,0.0,1.0
Antxr2,0.03409085,0.21875514
Prdm8,0.033384953,0.060004
A730035I17Rik,0.011889097,0.2736691
Fgf5,0.0,1.0
1700007G11Rik,0.18551357,0.19133654
Bmp3,-0.00085442676,0.63179433
Prkg2,0.00061024143,0.4226497
Rasgef1b,-0.0035964586,0.36528364
Gm43252,0.0,1.0
A930011G23Rik,-0.0024539623,0.4226497
Gm43248,0.0,1.0
Gm35911,-0.00070977537,0.6935109
Gm42691,0.002465312,0.507748
Hnrnpd,0.14008343,0.27330762
Gm17092,0.0098086735,0.6115484
4930524J08Rik,0.020498274,0.32506275
Hnrnpdl,0.28759617,0.1718199
Enoph1,0.007853456,0.41514194
Tmem150c,-0.0029287077,0.10223917
2310034O05Rik,0.0,1.0
Sec31a,-0.00067332387,0.9810529
5430416N02Rik,0.025271479,0.005707152
Lin54,0.032930776,0.032654062
Cops4,-0.054746807,0.4038594
Plac8,0.333043,0.21088237
Coq2,0.00600785,0.76216674
Gm15777,0.0036167414,0.48356798
Hpse,0.029489212,0.06308757
Helq,-0.0006207321,0.88492775
Mrps18c,0.061980158,0.24929523
Fam175a,0.015138591,0.3339848
4930458D05Rik,0.025512103,0.14167348
Agpat9,0.013790224,0.6132483
Nkx6-1,0.0,1.0
Gm43270,0.00060175883,0.5793075
Cds1,0.004683763,0.93749046
Wdfy3,0.039190285,0.3916699
Gm20548,0.0036388908,0.21926075
Gm29707,-0.0007310787,0.54639184
1700013M08Rik,0.0,1.0
Arhgap24,0.0019896757,0.91664267
Mapk10,0.10205747,0.14765207
5430427N15Rik,-0.0005525154,0.82156056
Ptpn13,0.02542156,0.3101429
Slc10a6,0.0,1.0
Aff1,0.073398694,0.07514344
Klhl8,0.010089578,0.46031916
Hsd17b13,0.0,1.0
Hsd17b11,0.13328321,0.07018097
Nudt9,0.061049983,0.16733284
Gm17660,-0.010192378,0.09196671
Sparcl1,0.39442846,0.018401446
Gm26703,0.0046446696,0.39473107
Dmp1,0.0023887642,0.009479221
Ibsp,-0.0007646382,0.4226497
Spp1,0.061037913,0.21482399
Pkd2,0.08060999,0.2435004
BC005561,0.042707935,0.13435215
D930016D06Rik,0.004852673,0.5456549
Zfp951,0.0052201264,0.44843078
Abcg3,0.044860594,0.17797688
Gbp8,0.009208903,0.4700012
Gbp9,0.023359079,0.15350795
Gbp4,0.0005698106,0.9167969
Gbp6-1,0.0077361083,0.30668166
Gm26519,-0.0005801577,0.42264965
Gm42749,-0.0001690246,0.8427219
Lrrc8b,0.032380886,0.3579538
Lrrc8c,0.04438577,0.4705741
Lrrc8d,0.06299624,0.38825437
Lrrc8dos,0.0,1.0
Zfp326,0.0780325,0.15682773
Barhl2,-0.004102142,0.14603885
Gm28050,-0.0012696255,0.67015666
Zfp644,0.057187483,0.07353147
Hfm1,-0.00015372351,0.42264965
Cdc7,0.004769616,0.58044946
Tgfbr3,-0.014188588,0.80251545
Brdt,0.003587298,0.56982374
Gm42902,0.0029169577,0.4400942
Ephx4,0.06561896,0.009074025
Btbd8,0.009655035,0.019053822
A830010M20Rik,0.011571843,0.6517211
Gm42669,-0.0005782159,0.23045902
1700028K03Rik,0.00047007273,0.8616582
Glmn,-0.000751026,0.9055167
Rpap2,-0.0032049045,0.65529615
A930041C12Rik,-0.0002606423,0.42264977
Gm26692,0.0,1.0
Gfi1,0.02229148,0.42981705
Evi5,0.050310194,0.42106602
Rpl5,0.14581132,0.16626874
Fam69a,-0.004488066,0.8784651
Mtf2,0.036892064,0.2451343
Tmed5,0.067124784,0.48628893
Ccdc18,-0.0011407812,0.59107524
Dr1,-0.02454979,0.08553619
Pigg,-0.008114137,0.6934996
Gm43082,0.0,1.0
Gm42518,0.0050643566,0.5151885
Gm42517,0.011028064,0.4792884
Gm10419,0.059731554,0.124401234
Atp5k,-0.37031448,0.24617137
Mfsd7a,0.002228063,0.7164391
Pcgf3,0.04923976,0.08781842
Cplx1,0.0034832503,0.5952349
Gak,-0.016545713,0.44632208
Tmem175,0.0075749084,0.68839
Dgkq,0.0033169426,0.52404046
Idua,0.01957342,0.5207074
Slc26a1,-0.000835785,0.3692738
Fgfrl1,-0.029778142,0.2401586
Crlf2,-0.06024748,0.12730946
5430403G16Rik,0.052159734,0.0009500205
4930522L14Rik,0.01725427,0.65812194
A430073D23Rik,0.001967898,0.7567356
Gm26779,0.00022488984,0.7002529
Gm26808,0.0015443861,0.818737
Gm15446,-0.009230847,0.26634032
1010001B22Rik,0.007157133,0.5778482
Zfp932,0.031269535,0.017098982
Gm17655,-0.0011295878,0.22605975
Plcxd1,-0.009010285,0.20388055
Gtpbp6,0.0031464472,0.87918246
Zfp605,-0.0046123797,0.6517766
Chfr,0.02935781,0.30777058
Gm43136,-0.00010369721,0.4226497
Golga3,0.029993542,0.21649133
Gm43137,0.005705207,0.26359504
Ankle2,0.031187061,0.23698579
Pgam5,0.001116816,0.9063605
Gm26718,0.0,1.0
Pxmp2,0.045042824,0.06379382
Pole,-0.00014319643,0.97152877
P2rx2,-0.0005690356,0.42264965
Fbrsl1,0.012674503,0.4781193
Gm26711,0.007183789,0.24412051
Gm42596,0.0,1.0
A630023P12Rik,0.0,1.0
Galnt9,-0.0024925114,0.419541
Noc4l,0.037523214,0.12728941
Ddx51,-0.004234584,0.6143782
Gm42595,0.0044932687,0.47150418
Ep400,0.14172055,0.016029228
Gm15559,-4.468218e-05,0.9445242
Pus1,-0.011015546,0.45339903
Gm26515,0.0005471639,0.743971
Ulk1,-0.003165029,0.8717612
Hscb,0.042404152,0.1804973
Chek2,0.20407654,0.058755565
Ttc28,0.10038882,0.10057063
Pitpnb,0.061280414,0.059830077
Gm43118,-0.0017491947,0.1913005
Mn1,0.01976265,0.15590177
C130026L21Rik,0.05655357,0.13841142
E130006D01Rik,0.01199367,0.18867852
Miat,0.009969676,0.34375128
Cryba4,0.021889947,0.15389849
Crybb1,0.00816302,0.6652138
Tpst2,0.0809911,0.0064015547
Tfip11,0.0017353185,0.9300802
Srrd,0.02709366,0.035147797
Hps4,0.021469053,0.3644305
Gm6583,-0.00045349522,0.42264977
Gm20636,0.0,1.0
Asphd2,0.020806514,0.31442317
Sez6l,0.0066792336,0.22982302
Gm6588,0.0,1.0
Gm42864,0.0,1.0
Myo18b,0.0064039924,0.20798576
Adrbk2,0.15674494,0.2429988
Crybb3,0.000114550116,0.9503684
2900026A02Rik,0.0595166,0.20955059
Sgsm1,0.022380115,0.15380825
Aym1,0.0,1.0
Wscd2,0.0040440448,0.2364465
Cmklr1,0.029273193,0.05773272
Gm15736,0.0,1.0
Ficd,0.008109573,0.4220018
Sart3,0.024022289,0.2396029
Iscu,0.001547873,0.96003085
Tmem119,0.08856484,0.02797193
Selplg,0.19035354,0.2789767
Coro1c,0.04203867,0.23517723
Gm17122,0.0,1.0
Ssh1,0.0050409846,0.82926315
Dao,0.006155687,0.21278754
Svop,0.0,1.0
Usp30,0.023943458,0.2079158
Alkbh2,0.0067910925,0.5013761
Ung,0.00655879,0.5931926
Acacb,-0.02674939,0.1463114
Myo1h,-0.000689948,0.4226497
Kctd10,0.039259225,0.3484954
Ube3b,-0.003027603,0.7571447
Mmab,0.015201006,0.41521442
Mvk,0.029000193,0.097504884
Fam222a,-0.03656674,0.06826258
Trpv4,-0.18009749,0.09780075
Gltp,0.090127096,0.10512175
Tchp,0.06610286,0.017801847
Git2,0.118863255,0.15913616
4930515G01Rik,-0.0002802075,0.9144904
Ankrd13a,0.10689024,0.029335119
1500011B03Rik,-0.07706742,0.26152655
2610524H06Rik,-0.007323548,0.8019642
Gm9936,0.0,1.0
Oasl2,0.14929605,0.08262069
Gm13822,0.007078965,0.68214244
Oasl1,0.029839162,0.12910233
2210016L21Rik,0.046397075,0.07568055
Sppl3,0.08039602,0.2125975
Gm10401,0.00031344045,0.7972077
Acads,0.009641409,0.82564014
Unc119b,0.043031953,0.27524686
Mlec,-0.016243711,0.15669866
Cabp1,-0.0012788855,0.1960335
Pop5,-0.05298248,0.09583425
Rnf10,0.03189063,0.3506166
Coq5,0.09715165,0.015009313
Dynll1,0.21246779,0.14604355
Gm13830,0.07493014,0.020383699
Srsf9,0.0155976415,0.54357463
Gatc,0.02966139,0.085370794
Triap1,0.05046966,0.06705612
Cox6a1,-0.3131963,0.06873709
Gm42903,-0.0013055034,0.18374227
Msi1,0.0041430295,0.8833227
Sirt4,0.015134841,0.109596714
Pxn,0.04691045,0.46587017
Rplp0,0.2727009,0.05563244
Gcn1l1,0.04698179,0.16480619
1110006O24Rik,0.014837881,0.35442683
Rab35,0.047577128,0.35370556
Ccdc64,0.009369314,0.8179586
Cit,0.03591077,0.11746292
Gm14508,-0.0019515693,0.6241556
Prkab1,0.03476708,0.2716762
Gm13842,-0.00042258637,0.4226497
C330018A13Rik,-0.0003955425,0.42264977
Ccdc60,0.020599648,0.47141796
B230112J18Rik,-0.001703381,0.42264965
Hspb8,-0.111947015,0.2342246
Srrm4os,0.0015765153,0.5353651
Srrm4,1.5672413e-06,0.9989529
Suds3,0.101768464,0.11116148
9530046B11Rik,-0.0026716786,0.4226497
Taok3,0.09165917,0.088174604
Pebp1,-0.1793015,0.36977085
BC051077,0.0018244956,0.43372223
Gm10399,0.0079239365,0.37882313
Vsig10,0.014038752,0.3905849
Wsb2,-0.021476686,0.27437487
Rfc5,-0.00296727,0.86106586
Gm15728,0.044186156,0.2269102
Ksr2,0.0029030638,0.688075
Nos1,0.0014171642,0.6768311
Fbxo21,0.0040610135,0.8876172
Tesc,-0.030314922,0.32771808
Fbxw8,-0.015586551,0.098114915
Gm9754,0.0,1.0
Hrk,0.04114188,0.19017215
Rnft2,-0.008354733,0.031323664
2410131K14Rik,0.010166373,0.6005493
Med13l,0.08503666,0.2644077
Tbx3os1,0.0016459498,0.42264977
Tbx3,0.0,1.0
Rbm19,0.003362907,0.80181944
Gm42654,0.0,1.0
Gm27199,0.0,1.0
Lhx5,0.0,1.0
Sdsl,-0.03300244,0.17550449
Sds,-0.00067886425,0.42264965
Gm15690,0.0005409036,0.5680386
Plbd2,-0.054623574,0.2891268
Slc8b1,0.06928872,0.104494095
Tpcn1,0.013290845,0.63162446
Iqcd,0.036005713,0.4458813
Rita1,0.02528543,0.3395269
Ddx54,0.016896985,0.59507686
Gm43579,0.06822625,0.10104492
Cfap73,0.017910227,0.20496719
Rasal1,0.0031527353,0.23179127
Dtx1,0.05675402,0.13405383
Oas2,0.023485344,0.3325307
Oas3,0.057030536,0.18768874
Oas1c,-0.0020634495,0.7908266
Oas1g,0.015048591,0.3271253
Oas1a,0.0673904,0.32965267
Rph3a,0.0070611183,0.32825825
Ptpn11,0.029628426,0.53304386
Rpl6,0.1947689,0.12708557
Gm15800,-0.009682933,0.16785286
Trafd1,0.088183366,0.11333839
Gm42917,0.0,1.0
Gm42918,0.014106391,0.11065811
Naa25,0.02820092,0.20089367
Erp29,0.0496282,0.5978664
Tmem116,-0.042273432,0.106936015
Adam1a,0.0,1.0
Gm42878,0.0030056655,0.20115569
Mapkapk5,-0.022031792,0.075988315
Aldh2,-0.31185108,0.06711605
Acad12,0.021513758,0.13268264
Acad10,0.007363176,0.5262417
Brap,0.01588735,0.3250339
Atxn2,0.016406134,0.76806045
Gm16552,-0.0014332082,0.42264977
Sh2b3,0.06916688,0.007485733
1700008B11Rik,0.0,1.0
Fam109a,0.0015750229,0.8472428
Cux2,-0.03958441,0.043957982
Gm15637,-0.0005374101,0.42264965
Myl2,-0.012700783,0.009700431
Ccdc63,-0.0015104741,0.8262728
Ppp1cc,0.10499641,0.1472442
Hvcn1,0.017357832,0.11783792
Tctn1,0.00095331296,0.9490498
Pptc7,0.04293432,0.018145869
Rad9b,0.00886241,0.41780066
Vps29,-0.07500771,0.25334194
Fam216a,0.04437104,0.3804167
Gpn3,0.03746005,0.04592166
Arpc3,0.085513175,0.68430614
Anapc7,0.00049968064,0.9811043
Atp2a2,0.044780254,0.6726293
Ift81,0.073806,0.2794314
P2rx7,0.062879875,0.21189232
P2rx4,0.06154575,0.06493111
Camkk2,0.088090256,0.22057772
Anapc5,-0.015967011,0.76591176
Rnf34,0.011549234,0.81687737
Kdm2b,0.07777363,0.051450424
A930024E05Rik,-0.0016731136,0.7536271
Gm2479,0.0,1.0
Orai1,0.014644265,0.66932356
Morn3,0.1025046,0.2305781
Gm26745,0.00069396774,0.42264965
Tmem120b,-1.4349818e-05,0.99750745
Rhof,0.002323337,0.82204735
AI480526,0.039896484,0.114959866
Gm38102,0.0,1.0
4932422M17Rik,0.018876327,0.14517671
Setd1b,0.07394403,0.22120392
Psmd9,0.053838372,0.15187381
Gm43409,0.0,1.0
Wdr66,0.12639982,0.2037399
Gm15860,0.017422214,0.25361916
Bcl7a,0.04972141,0.073674835
Gm15747,0.003523836,0.5090714
Mlxip,0.028821226,0.2934554
Lrrc43,0.09173931,0.1630691
Diablo,0.03533584,0.24181134
B3gnt4,0.043708585,0.14648888
Vps33a,0.013462558,0.47101587
Clip1,0.13895607,0.084871545
Zcchc8,0.025134012,0.5879682
Rsrc2,0.23675698,0.105720796
Kntc1,0.002747517,0.28207037
Hcar2,0.0001526773,0.9948327
Hcar1,0.0045758034,0.37269545
Denr,-0.087221324,0.20069963
Gm43518,0.0,1.0
Ccdc62,0.026511723,0.11935019
Hip1r,-0.006538354,0.8196674
Vps37b,0.039240934,0.19985673
Gm43661,0.0,1.0
Abcb9,-0.048066627,0.10873505
Gm16001,0.0,1.0
Ogfod2,0.011190027,0.5245714
Arl6ip4,-0.0041734427,0.89950067
Pitpnm2,0.027640767,0.4921379
Pitpnm2os2,0.0,1.0
Mphosph9,0.017975606,0.06444149
2810006K23Rik,0.020659667,0.3145891
Cdk2ap1,0.15997115,0.09068985
Sbno1,0.022413254,0.6737856
Setd8,0.08711107,0.1673211
Rilpl2,0.0008786619,0.9919143
Snrnp35,-0.013404492,0.2743462
Rilpl1,-0.018149063,0.35590494
Tmed2,-0.019047737,0.8955892
Ddx55,0.022246819,0.46171227
Eif2b1,0.01899635,0.6096779
Gtf2h3,0.004686959,0.52058786
Atp6v0a2,-0.04440444,0.19569062
4930404A12Rik,0.0018413472,0.4226497
Dnah10,0.12736976,0.12794022
Ccdc92,-0.0033822283,0.88866305
Zfp664,0.0055096895,0.7436502
Fam101a,-0.004744736,0.41119045
Ncor2,0.037234418,0.27659518
Scarb1,0.11373646,0.11278481
Ubc,0.5585115,0.0727619
Gm10382,0.023712957,0.4176354
Dhx37,0.03419468,0.17293754
Bri3bp,0.04243973,0.3552269
Aacs,0.00277552,0.8867822
Tmem132b,0.13820419,0.10951507
Tmem132c,0.0005950241,0.6491296
Slc15a4,0.07524793,0.09703883
Glt1d1,0.0062895776,0.26182342
Tmem132d,-0.00024892754,0.42264977
Gm42817,0.0,1.0
Gm42495,0.0,1.0
Gm42500,-0.00031232854,0.4226497
5930412G12Rik,0.03626646,0.0900291
Fzd10,0.012925884,0.29752633
Rimbp2,0.006163968,0.32716563
Stx2,0.027538847,0.3207807
Ran,0.050047576,0.5536363
Adgrd1,0.0,1.0
Sfswap,0.03399595,0.24688044
Mmp17,0.00061111175,0.7726653
Zfp11,0.0025206185,0.65492594
Mrps17,0.062306464,0.25329039
Gbas,-0.10704175,0.047089815
Psph,0.20989636,0.09228616
Sumf2,-0.012667026,0.37746537
Phkg1,0.14147371,0.06138778
Chchd2,0.010193825,0.92953396
Zbed5,0.027306681,0.16278715
Nupr1l,-0.0070641786,0.65422225
Vkorc1l1,-0.0048712045,0.8429232
Gusb,0.046699613,0.2504268
Asl,0.01845897,0.32788184
Crcp,-0.020697363,0.11118853
Tpst1,-0.030213833,0.4160811
Kctd7,0.0010314239,0.90593886
Rabgef1,0.005045384,0.8309425
Tmem248,-0.0061532557,0.86439174
Gm42469,0.00481058,0.65906674
Sbds,0.009243965,0.8778362
Tyw1,0.009405952,0.4558492
Caln1,-0.0007357702,0.4226497
Wbscr17,0.0,1.0
Auts2,0.05030766,0.058224168
Gm15627,0.009196663,0.47104597
Gatsl2,0.014597774,0.25376442
Wbscr16,0.015332203,0.18666716
Gtf2ird2,-0.010826447,0.2108786
Ncf1,0.06565489,0.64285725
Gtf2i,-0.012208283,0.8506773
Gtf2ird1,-0.0044426396,0.8978226
Clip2,0.01115543,0.55679333
Gm42884,0.001543866,0.54762644
Rfc2,0.14254738,0.056005348
Lat2,0.040720694,0.1793382
Eif4h,0.13737601,0.08001592
Limk1,0.008762313,0.40108287
Gm10369,0.0,1.0
Eln,-0.007702948,0.46284404
Gm43278,0.0009359411,0.5147159
Wbscr27,-0.032098126,0.15171385
Cldn3,-0.10782719,0.029205736
Wbscr25,-0.0014746248,0.29890501
Abhd11,-0.026174933,0.21512249
Abhd11os,0.0053974213,0.14194529
Stx1a,-0.00214799,0.26752874
Wbscr22,0.0108834505,0.5695354
Dnajc30,0.028257236,0.14173901
Vps37d,-0.012918225,0.25601608
Mlxipl,0.020189578,0.26791036
Tbl2,0.03148182,0.20986812
Bcl7b,-0.0007542372,0.9776767
Baz1b,0.062297225,0.2046392
Fzd9,0.020538755,0.18776871
Fkbp6,-0.00040304937,0.42264965
Nsun5,0.0027575847,0.8462336
Pom121,0.013008058,0.6157468
Hip1,0.110896364,0.19731748
Ccl24,0.002913101,0.30267948
Rhbdd2,0.028330356,0.62508404
Gm43091,0.0,1.0
Por,0.10052058,0.18171419
Tmem120a,-0.011697359,0.67711383
Styxl1,0.064207196,0.20895597
Mdh2,-0.029135108,0.7921606
Srrm3,-0.0005152712,0.4226497
Hspb1,0.097239554,0.24304852
Ywhag,0.01420629,0.803585
Ssc4d,0.003433532,0.7243036
Zp3,0.08093936,0.30463937
Dtx2,0.0052176565,0.76189697
Upk3bl,-0.000727138,0.922554
Rasa4,0.13390587,0.024668701
Polr2j,0.054059446,0.370334
Gm43604,0.00017516286,0.9071234
Lrwd1,0.0648026,0.16620935
Alkbh4,0.0114708785,0.5966562
Orai2,0.022045873,0.56465095
Prkrip1,0.033892393,0.22923496
Sh2b2,0.0220556,0.5015885
Cux1,-0.005996108,0.93135494
Gm16599,0.0,1.0
Col26a1,0.047778487,0.05897707
Ift22,0.13240609,0.12598406
4933404O12Rik,0.015441017,0.33720174
Fis1,0.02505505,0.7805727
Cldn15,0.01434106,0.54906297
Znhit1,0.10600391,0.17900944
Plod3,0.0895379,0.122973435
Vgf,0.00051447767,0.42264965
Ap1s1,0.09335051,0.04385502
Serpine1,0.030886162,0.29405183
Trim56,0.056406654,0.20596364
Muc3a,-0.0007434639,0.4226497
Ache,-0.0017550148,0.6615932
Ufsp1,0.024364904,0.41978043
Srrt,0.08796769,0.0058085434
Trip6,0.024870284,0.17386538
Slc12a9,0.0074834153,0.7559215
Ephb4,-0.0012144325,0.90031713
Zan,0.001814173,0.42264965
Pop7,-0.0009280145,0.94933206
9130604C24Rik,0.004615733,0.35487962
Gm8066,0.0,1.0
Gigyf1,0.05777161,0.2981595
Gnb2,0.28986055,0.14942472
Actl6b,-0.00070884475,0.856646
Tfr2,0.01790401,0.2997917
Mospd3,0.018023,0.10632424
Pcolce,-0.35256094,0.11007446
Fbxo24,-0.0006917827,0.74500996
Gm36266,0.010416217,0.18233025
Lrch4,0.048616562,0.05010864
Gm20605,0.0066122366,0.3494981
Sap25,-9.682201e-05,0.8519254
Irs3,0.0047270204,0.24088237
Agfg2,-0.008280806,0.7657929
Nyap1,0.0046340525,0.64160424
Tsc22d4,0.36335465,0.11543817
Ppp1r35,0.052027732,0.16392294
Mepce,0.081213504,0.019624475
Zcwpw1,0.004321345,0.70980924
Pilra,0.097598955,0.4322089
Pilrb1,0.07772681,0.06799253
Pilrb2,0.11181097,0.11755228
Cyp3a13,-0.0009766067,0.4226497
Gjc3,0.037927076,0.068072766
Azgp1,-0.0005900054,0.94261456
Zkscan1,0.004436508,0.77903205
Zscan21,0.00772427,0.61818916
Zfp113,0.011461571,0.48637867
Cops6,0.041954517,0.32450873
Mcm7,0.06389949,0.14206475
Ap4m1,0.031965673,0.12029515
Taf6,0.0050953105,0.8479875
Cnpy4,0.012972452,0.6562165
Mblac1,-0.0014393879,0.83638096
Nxpe5,0.00083621,0.8140487
Lamtor4,0.010979474,0.7907022
BC037034,0.055881422,0.16301107
6330418K02Rik,0.0010307953,0.9124989
Gal3st4,0.017571768,0.11149106
Gm43720,0.0,1.0
Gpc2,0.0,1.0
Stag3,0.0013594623,0.5375599
Gm10874,-0.0018058838,0.12229171
Zfp157,0.012805013,0.19707768
Zfp68,0.03320872,0.41286445
A430033K04Rik,0.032310322,0.07866675
Fam20c,0.053176835,0.053551685
Gm5294,-0.00076438277,0.4226497
Pdgfa,0.05233784,0.28846034
6330403L08Rik,0.028081061,0.16629767
Prkar1b,0.003538996,0.3526595
Dnaaf5,0.028522003,0.21182202
Sun1,0.030250855,0.54667556
Get4,0.03595832,0.3014432
Adap1,0.07318413,0.015736703
Cox19,-0.0642719,0.0975921
3110082I17Rik,0.046672862,0.21114565
Gpr146,0.0011828244,0.9592405
C130050O18Rik,0.05303552,0.048213728
Gper1,-0.00052812253,0.8271181
Zfand2a,-0.012339544,0.21204111
Micall2,0.0039956914,0.7063271
Ints1,-0.024784539,0.09400035
Mafk,0.026932675,0.20258012
Tmem184a,-0.037416287,0.14333557
Psmg3,0.021275312,0.35296512
Elfn1,-0.011509413,0.23651418
Mad1l1,0.0026636478,0.77838093
Gm16121,0.0,1.0
Nudt1,-0.028454661,0.06123077
Ftsj2,-0.012052145,0.43195802
Snx8,0.0041540936,0.5921061
Eif3b,0.026081279,0.6024819
Chst12,0.04925118,0.07456343
Grifin,-0.00078047375,0.42264977
Gm43703,0.00630974,0.24174869
Lfng,0.14084437,0.15242575
Ttyh3,0.090107605,0.043145113
Iqce,0.04873094,0.13724452
Brat1,0.007858882,0.17425255
Amz1,0.002749403,0.5719391
Gna12,0.059447974,0.29072937
Card11,-0.0005530632,0.42264965
Sdk1,-0.008542762,0.07347642
Foxk1,0.052993372,0.28221434
Ap5z1,0.0064236894,0.46234107
Radil,0.001563305,0.8342886
Papolb,0.0,1.0
Mmd2,0.040417887,0.229749
Wipi2,-0.035815366,0.21026945
Slc29a4,-0.31771633,0.092553824
Tnrc18,0.08408317,0.18915011
Fbxl18,0.004960224,0.66402555
Actb,0.37995434,0.16991064
Fscn1,0.051635735,0.21992363
Rnf216,0.06683449,0.03715167
Rbakdn,-0.0008816206,0.42264965
Rbak,0.025794642,0.2891304
Zfp12,-0.0012694038,0.8514375
Zfp316,0.01140371,0.31387126
BC030343,0.01481696,0.25910643
Zfp853,0.0012698831,0.42264977
E130309D02Rik,0.032334533,0.09454528
Zdhhc4,0.03348732,0.20911828
0610040B10Rik,0.033940665,0.15070455
Grid2ip,0.0,1.0
Gm20635,0.0008367803,0.46787512
Gm42504,0.00077625277,0.42264977
Kdelr2,0.0042919815,0.9257962
Daglb,0.08936781,0.026892299
Rac1,0.010481,0.84917265
Fam220a,0.03165263,0.5633923
Cyth3,0.13182482,0.22853807
Usp42,0.031678833,0.3553131
D130017N08Rik,0.019190399,0.114111915
Eif2ak1,0.036396243,0.1935765
Ankrd61,-0.00036575206,0.4226497
Aimp2,0.05238633,0.17589475
Pms2,0.023207815,0.18585305
Gm17135,-0.0013101399,0.9304334
Gm42421,-0.00091689796,0.29672763
Rsph10b,-0.011700779,0.8228702
Ccz1,0.044709593,0.21223834
Lmtk2,-0.01843748,0.1340815
Bhlha15,0.0038350297,0.19574562
Tecpr1,0.025356289,0.36332983
2900089D17Rik,-0.0035181511,0.75881195
Bri3,0.07821381,0.28609112
Baiap2l1,-0.06296494,0.19080925
Nptx2,-0.001046245,0.4226497
Tmem130,0.0,1.0
Trrap,0.048757583,0.36063966
Smurf1,0.012821574,0.4474328
Arpc1a,0.06655872,0.16089663
Arpc1b,0.22383893,0.3333436
Pdap1,-0.00093725324,0.9826372
Bud31,0.01582466,0.59437144
Ptcd1,0.013869127,0.35729194
Cpsf4,0.031269066,0.12818113
Atp5j2,-0.500036,0.11522397
Zkscan14,0.021270707,0.26597184
Zkscan5,0.02113078,0.40907276
Zfp655,0.04116977,0.1455253
Zscan25,-0.00025735243,0.83093655
1700001J03Rik,0.00096180325,0.57932335
B230303O12Rik,0.028035212,0.1064707
Gm43625,0.010627624,0.1251301
Rnf6,0.031747878,0.51579857
Cdk8,0.02175919,0.03521781
Wasf3,0.030787513,0.30397847
Gpr12,-0.0013336339,0.4226497
Usp12,0.027968138,0.1874156
Gm43741,-0.000468035,0.4226497
Rpl21,0.23981476,0.023381617
Rasl11a,-0.003773808,0.2199445
Gtf3a,0.06987296,0.25574765
Mtif3,-0.0047759414,0.6113795
Lnx2,0.0038255136,0.7839174
Polr1d,-0.14003366,0.1340454
Gsx1,-0.0006608887,0.42264977
Flt3,-0.0064186538,0.31666526
D5Ertd605e,-0.00085926184,0.5054372
Pan3,0.06494196,0.32726076
Flt1,0.013722108,0.31367785
Pomp,0.079083085,0.3705599
Slc46a3,0.01931499,0.40855998
Gm15721,0.010134946,0.25696006
Mtus2,0.019424342,0.03811572
Slc7a1,0.0017423499,0.88441026
Ubl3,0.22005641,0.19578356
2210417A02Rik,-0.0016227758,0.60732186
Katnal1,0.027192261,0.33483332
Gm15410,0.015111052,0.3179465
Gm15406,0.006636525,0.40017918
8430423G03Rik,-0.00040558376,0.4226497
Gm15409,0.002405823,0.4226497
5930430L01Rik,0.07816188,0.14392832
Gm15408,0.004726349,0.2610653
Hmgb1,0.5080652,0.034885034
5730422E09Rik,-0.0076718135,0.3695178
Gm42788,0.001315472,0.62881655
Gm43332,0.0015600302,0.42264977
Uspl1,0.009879731,0.11365294
2310047D07Rik,-0.0015377717,0.6959642
Gm29264,-0.013567237,0.5074072
Alox5ap,0.13548464,0.70393693
Medag,0.014837438,0.19312991
Tex26,0.0055167023,0.45553407
Wdr95,0.01268072,0.38343987
Hsph1,0.11727098,0.26071995
B3glct,0.014272818,0.29727554
Rxfp2,0.008847125,0.3727404
Fry,0.063747674,0.067666315
Gm5,0.0,1.0
Zar1l,0.0,1.0
Brca2,0.006593451,0.7330752
Gm42529,0.0,1.0
Gm43690,0.0,1.0
N4bp2l1,0.025871687,0.58114076
Gm43598,0.008232453,0.20937164
Gm43597,0.00040028244,0.9025076
N4bp2l2,0.07751669,0.27642655
Pds5b,0.007129632,0.7301331
Kl,-0.92886496,0.0740096
Stard13,-0.0023690984,0.8922219
D730045B01Rik,-0.0034715284,0.50713354
Rfc3,0.026408236,0.14592251
Samd9l,0.006516151,0.9016676
Hepacam2,0.0042234287,0.48708913
Vps50,0.074334726,0.13754165
Tfpi2,-0.0005040994,0.4226497
Gng11,-0.0072852597,0.8999546
Bet1,-0.035868913,0.46334064
Col1a2,-0.01645989,0.71638376
Casd1,0.044785812,0.5757034
Sgce,0.06531151,0.06459507
Peg10,0.022742033,0.1264476
Ppp1r9a,0.05180805,0.13207737
Pon1,-0.03170974,0.4752583
Pon3,-0.0481615,0.11161024
Pon2,-0.22068626,0.03473247
Asb4,-0.0016080913,0.22684583
Pdk4,-0.019730242,0.11692857
Dync1i1,-0.020466805,0.58040977
1700019G24Rik,0.13532925,0.23435052
Slc25a13,-0.017348617,0.50152135
Shfm1,-0.0045200586,0.9821764
Dlx6os1,0.0,1.0
Dlx6,0.0054282574,0.4401456
Dlx5,0.0,1.0
Gm26774,0.0,1.0
Sdhaf3,0.0022123605,0.86617094
Tac1,0.000404875,0.42264965
Asns,0.005173847,0.80080473
C1galt1,0.013573766,0.6573431
Mios,0.0014034025,0.89401245
Rpa3,0.08512831,0.21884513
Umad1,0.027028993,0.22176099
Gm16055,0.0,1.0
Glcci1,0.0039518885,0.42628515
Ica1,0.0010064002,0.8126958
Nxph1,-0.0008041417,0.42264977
Ndufa4,-0.75793207,0.06854737
Phf14,0.054459035,0.39913738
Thsd7a,-0.0106075,0.20384352
Tmem106b,-0.11476736,0.1315957
Tmem168,0.040712327,0.268759
B630005N14Rik,0.051883794,0.12003452
Gpr85,0.017865498,0.22642337
2610001J05Rik,0.07147549,0.15002693
1110019D14Rik,0.01568734,0.24322048
Foxp2,0.016323358,0.12787384
Mdfic,-0.09929973,0.13323487
Tfec,0.00519465,0.5634633
Gm15473,0.0,1.0
Gm4876,0.02024144,0.39949661
Tes,0.019556932,0.36843574
D830026I12Rik,-0.00014287082,0.88875353
Cav2,0.063417055,0.21552774
Cav1,0.0040729926,0.6100817
Met,-0.005666033,0.366847
Capza2,0.13456368,0.24239081
St7,0.02728578,0.36807394
Wnt2,0.0,1.0
Cftr,0.0024058446,0.3282363
Cttnbp2,0.0095550995,0.25796515
Gm15594,0.0,1.0
Gm26809,0.0046764677,0.45161343
Gm20186,0.028377196,0.14926122
Lsm8,0.10752086,0.21201761
Ankrd7,0.0,1.0
Kcnd2,-0.00022114126,0.8425193
Tspan12,0.026723886,0.033329275
Ing3,0.014297083,0.65280724
Gm26719,0.00040344775,0.42264965
Cped1,0.030188698,0.18803838
Wnt16,0.00053596374,0.770183
Fam3c,0.031136509,0.06823047
Ptprz1,0.19898729,0.16502866
Aass,-0.030535288,0.04513006
Cadps2,0.030540394,0.19754317
Slc13a1,0.0,1.0
Iqub,0.0032482743,0.7978929
Ndufa5,-0.24820983,0.16751386
Wasl,-0.030436337,0.4307502
Tmem229a,0.054359995,0.025068436
Gpr37,0.053666066,0.07981418
Pot1a,0.02942479,0.14038824
Grm8,-0.0072090356,0.44047704
6530409C15Rik,0.0035849286,0.13955511
Zfp800,0.035187393,0.080279976
Gcc1,-0.02054995,0.031968556
Arf5,0.17768908,0.09663415
Snd1,0.020991005,0.33475578
Lrrc4,0.0112869255,0.28657672
Gm3294,0.014004895,0.3684904
Rbm28,0.09940952,0.24157152
Prrt4,-0.00042953272,0.7690986
Impdh1,0.04511959,0.035672676
Hilpda,0.022297818,0.31618083
Fam71f2,0.0019448312,0.42264977
Calu,-0.010186806,0.8848611
Opn1sw,0.0013274946,0.7467258
Ccdc136,-0.048463956,0.046014644
Flnc,0.035405368,0.1315868
Atp6v1f,-0.09220159,0.24431366
Gm9047,0.0,1.0
Kcp,0.0036222022,0.6904267
Gm26627,0.0,1.0
Irf5,0.12223671,0.03697393
Tnpo3,0.09397231,0.079970665
Tspan33,-0.40037185,0.0784973
Smo,-0.015329659,0.367255
Ahcyl2,-0.38396773,0.06444469
Strip2,-0.1929298,0.06265749
Smkr-ps,0.09397976,0.16456816
Nrf1,0.025991064,0.22818102
Ube2h,-0.012498125,0.7812835
1700095J07Rik,0.0,1.0
Zc3hc1,0.013321795,0.18523622
Klhdc10,-0.0019139275,0.9657661
1700012C14Rik,0.0013523074,0.69992036
Tmem209,0.02360981,0.1113082
Ssmem1,0.00132729,0.529928
Cpa2,0.0012752528,0.5441277
Cpa4,0.0,1.0
Cpa5,0.0,1.0
Cep41,0.030890219,0.43367106
Mest,-0.21815354,0.021137891
Gm44296,0.0,1.0
Copg2,0.004578069,0.876792
Tsga13,0.0,1.0
Gm27019,0.0005603685,0.78536534
Lncpint,0.02623502,0.27086306
Mkln1os,0.015327793,0.110666126
Mkln1,0.16023275,0.055439997
Podxl,0.016850544,0.07692558
Gm43154,-0.0007808145,0.23587726
Plxna4,0.049575172,0.013318569
Plxna4os2,0.0,1.0
Plxna4os1,0.023157833,0.15114193
Chchd3,-0.037788182,0.35309827
Gm14540,0.0,1.0
Exoc4,0.023270056,0.6904432
Gm13853,0.0,1.0
Lrguk,0.109081075,0.06771793
Slc35b4,0.018320467,0.2900074
Akr1b3,0.047810614,0.08346708
Akr1b8,0.0016071014,0.89242166
Akr1b10,0.112197764,0.007284759
Bpgm,0.013269246,0.6825183
Cald1,0.28376576,0.076680355
Gm13861,0.0,1.0
Agbl3,0.1033949,0.14386849
Tmem140,0.0379985,0.14318079
3110062M04Rik,0.021013658,0.33190024
Wdr91,0.03751097,0.056253903
Stra8,0.0,1.0
2010107G12Rik,-0.0008333634,0.74221575
Cnot4,0.067306906,0.083944306
Nup205,-0.006930314,0.7140448
1810058I24Rik,-0.10638833,0.115458444
Slc13a4,-0.21825626,0.1329938
Fam180a,0.015184873,0.3766496
Mtpn,0.14333877,0.24989757
Chrm2,0.0,1.0
Ptn,0.1886132,0.051746726
Dgki,-0.0008576955,0.58904415
Creb3l2,0.008178744,0.5675976
Trim24,-0.010803089,0.62427706
Svopl,-0.0011860523,0.2807436
Atp6v0a4,-0.0012059623,0.42264965
D630045J12Rik,0.016779851,0.15619355
Zc3hav1l,-0.0012271148,0.75627345
Zc3hav1,0.12492332,0.046191134
Ttc26,0.058626104,0.13476518
Ubn2,0.107994154,0.16678022
1110001J03Rik,-0.049202114,0.5179207
Luc7l2,0.25782484,0.18560126
Gm26699,0.040700678,0.14095992
Klrg2,0.00017177965,0.9753356
Clec2l,0.0029667062,0.59323674
Hipk2,0.05887539,0.20960534
Tbxas1,0.033175692,0.13094072
Gm42962,0.0,1.0
1700025N23Rik,0.0,1.0
Parp12,0.061576813,0.07419684
4930599N23Rik,-0.0026432034,0.366426
Kdm7a,0.1273038,0.2560693
Slc37a3,0.01891169,0.46647558
Rab19,0.030443968,0.27466282
Mkrn1,0.10822046,0.3686882
Gm10244,0.0017854725,0.66531694
Dennd2a,0.049583305,0.12641276
Adck2,0.005972583,0.7259222
Ndufb2,-0.33279002,0.100509375
Braf,0.036466837,0.2954846
Mrps33,-0.12905115,0.16651326
Gm26833,0.0,1.0
Tmem178b,0.011523916,0.09234244
Gm26807,0.0,1.0
Agk,0.016753923,0.29203188
E330009J07Rik,0.013998622,0.31829593
Ssbp1,0.025680125,0.38804722
Tas2r108,-0.00010369721,0.4226497
Clec5a,0.03045648,0.3378336
Mgam,0.0017581051,0.8812228
Ephb6,0.01222058,0.20552295
Trpv6,0.0,1.0
Gstk1,-0.008056596,0.63641375
Tmem139,-0.0046184966,0.22170971
Casp2,0.026576834,0.33462858
Clcn1,0.0,1.0
Fam131b,-0.003495213,0.30605945
Zyx,0.13654867,0.41465864
Epha1,-0.005350627,0.12513216
2010310C07Rik,0.0026134048,0.49558184
Tas2r143,0.00040344775,0.42264965
Tcaf2,-0.0067347465,0.5421413
Tcaf1,0.008481532,0.76913923
Arhgef5,-0.03825379,0.07342943
Tpk1,-0.0122120995,0.04299327
9430018G01Rik,-0.00016604335,0.4226497
Cntnap2,-0.045005962,0.32086512
Cul1,0.023096636,0.5019597
Ezh2,0.0251601,0.54802746
Gm26625,-0.0004644496,0.4226497
Pdia4,0.016243935,0.8060574
Zfp786,0.004748308,0.12461809
Zfp398,0.042664852,0.066115044
Zfp282,0.021201234,0.21496111
Zfp212,-0.0033225268,0.7752501
Zfp956,0.035404563,0.13523573
Zfp777,0.03202414,0.13051489
Zfp746,0.060017068,0.20830114
Gm16630,0.0010868044,0.5232524
RP23-205F19.4,0.0005531919,0.47036162
Krba1,0.021291759,0.45827773
Zfp467,0.10487211,0.1623595
Sspo,0.011411227,0.082445845
1700026J14Rik,0.024529595,0.15904693
Atp6v0e2,0.14703146,0.043687712
Lrrc61,0.018197719,0.13129145
Rarres2,0.7683345,0.0990215
Gm5111,0.00040557445,0.76980096
Repin1,0.04319354,0.30359823
Zfp775,0.020626739,0.25842986
AI854703,0.0009734668,0.7946533
Gimap8,0.0020414267,0.49003848
Gimap9,0.021941332,0.14451236
Gimap4,-0.00029861607,0.7424371
Gimap6,-0.0003278111,0.9505953
Gm28053,0.0,1.0
Gimap7,-0.00060770387,0.4226497
Gimap1,0.0017686747,0.66512614
Gimap5,0.0010007439,0.74633306
Gm44226,0.0,1.0
4833403J16Rik,-0.0003073539,0.4226497
Gimap3,-0.0027450789,0.345216
Tmem176b,-0.20032138,0.10635713
Tmem176a,-0.11273727,0.030029956
Gm7932,0.0062959604,0.2953788
Aoc1,0.057591893,0.17139694
Gpnmb,0.005155932,0.55982167
Malsu1,0.036627725,0.35027397
Igf2bp3,0.013312489,0.33089447
Tra2a,0.30012766,0.09401691
Ccdc126,-0.058007177,0.029547889
Fam221a,0.0030904636,0.8139627
Npy,0.07788166,0.16664252
Mpp6,0.06471647,0.05887148
Dfna5,-0.006390456,0.88752764
Osbpl3,0.073133215,0.20015912
Cycs,-0.17210305,0.36921468
5430402O13Rik,0.011800166,0.46780768
4921507P07Rik,-0.0008396906,0.58141416
C530044C16Rik,-0.0001468606,0.8909549
Gm44109,0.069282085,0.063987404
Nfe2l3,0.008527602,0.49389392
Hnrnpa2b1,0.19461542,0.21603149
Cbx3,0.12664473,0.19774462
Snx10,0.06874424,0.20450515
Skap2,0.019385412,0.8622826
Hotairm1,0.0036878763,0.5292335
Gm15050,-0.00044856334,0.4226497
Hoxaas3,0.0,1.0
Hoxa7,-0.0007779612,0.4226497
Hibadh,0.014567792,0.7628316
Tax1bp1,0.07988894,0.26896486
Jazf1,0.00035994034,0.87224126
Creb5,0.06165826,0.18843605
Tril,0.052674275,0.05101981
Gm43938,0.08181326,0.041439775
Gm16499,0.010871677,0.4953847
Cpvl,-0.0017328891,0.29943144
Chn2,0.034880288,0.27002084
9530036M11Rik,0.0,1.0
Prr15,0.02053817,0.08983983
Wipf3,-0.05368907,0.006815626
Scrn1,0.11897504,0.09802923
Fkbp14,0.035591364,0.024608124
Plekha8,0.022623649,0.0267926
Mturn,0.030119058,0.099314705
Znrf2,-0.007881284,0.85317165
Nod1,0.07695261,0.16410796
Ggct,0.024990946,0.36035618
Gars,-0.037120104,0.42526639
Crhr2,-0.041958906,0.14224494
Inmt,0.01911717,0.49294367
Fam188b,-0.013400886,0.14292322
Aqp1,-0.21664107,0.10203037
6430584L05Rik,-0.0008824454,0.5576593
Adcyap1r1,0.007329344,0.38534886
Neurod6,0.0,1.0
Ccdc129,0.0,1.0
Ppp1r17,0.0,1.0
Pde1c,-0.00022815261,0.96354157
Lsm5,0.106841534,0.13251771
Avl9,0.073406585,0.022437716
Kbtbd2,0.028943956,0.03672982
Fkbp9,-0.097339645,0.22160009
Nt5c3,-0.04462211,0.15133423
Vmn1r4,0.009449205,0.16306089
Ppm1k,0.027215868,0.12215163
Herc6,0.008764282,0.73642975
Pyurf,-0.007460654,0.8563738
Lancl2,0.019620065,0.28366697
Vopp1,0.013460932,0.30098101
Abcg2,-0.015423864,0.44333047
Herc3,-0.00948311,0.487492
Nap1l5,0.08020095,0.13314906
Fam13a,0.039149523,0.08879109
RP24-492L15.6,0.022608127,0.4257377
BB365896,-0.0025706831,0.20046933
Tigd2,0.1299486,0.08378758
Gprin3,-0.002799127,0.14905328
Snca,0.007874296,0.48830512
Mmrn1,0.0,1.0
Ccser1,0.0024080537,0.7678027
Grid2,0.004905698,0.31101918
Smarcad1,0.01628784,0.230915
Hpgds,0.02768188,0.41107917
C130060K24Rik,0.0006786874,0.42264977
Tnip3,0.004993839,0.8032699
Ndnf,0.00379093,0.6971781
Gm16838,0.0,1.0
Prdm5,0.0006876886,0.8757351
Gm44029,0.0,1.0
Mad2l1,0.0065123253,0.6878429
Gng12,0.042120397,0.6420698
Gadd45a,0.07003698,0.34269506
Serbp1,0.16713566,0.18939221
Il12rb2,0.01922727,0.26441795
Tacstd2,-0.0076981,0.8914854
Gm43291,0.0,1.0
Rpia,-0.0011034906,0.9595688
Eif2ak3,0.016131299,0.4222616
Thnsl2,0.013324741,0.55609375
Smyd1,-0.00043721413,0.69777185
Krcc1,0.04068619,0.5570926
Gm1070,-0.0003916327,0.4226497
Cd8b1,0.0,1.0
Gm44175,0.0,1.0
Cd8a,-0.00038387234,0.4226497
Rmnd5a,-0.0076873824,0.6741361
Rnf103,0.061101586,0.38595062
Gm44195,0.0007841624,0.42264965
Chmp3,0.06147942,0.095158055
Kdm3a,0.03103692,0.29094556
Reep1,-0.034821223,0.047719818
Mrpl35,0.024321735,0.15430106
Immt,-0.06755817,0.33573583
Ptcd3,0.014225811,0.24872608
Polr1a,-0.011303432,0.7131733
St3gal5,-0.09405032,0.02268632
RP24-416M6.5,-0.0020509807,0.24519537
Atoh8,-0.008422935,0.50678253
Usp39,0.019952528,0.5421384
RP23-60P18.10,0.01152467,0.52619326
0610030E20Rik,0.052265048,0.19438422
Tmem150a,0.014081825,0.41339582
Rnf181,0.026413336,0.54700166
Vamp5,0.016808003,0.66292685
Vamp8,-0.2722242,0.092300706
Ggcx,-0.011663301,0.36806002
Mat2a,0.29170886,0.045052994
Sh2d6,0.020802114,0.18368213
Capg,0.12797914,0.34521556
Elmod3,0.058905087,0.18112507
Retsat,0.029632002,0.18912807
Tgoln1,-0.03879699,0.6295208
Tcf7l1,0.027499756,0.35394192
Gm15402,0.0033495203,0.524456
Kcmf1,0.015690923,0.71792245
Gm26640,-0.0005654991,0.42264977
Tmsb10,0.0022070408,0.97471243
Dnah6,0.19643688,0.14988756
Suclg1,-0.054199338,0.49514183
Gm9008,0.0039895666,0.45212415
Ctnna2,0.012242583,0.37110335
Lrrtm1,-0.00025197436,0.4226497
Reg3b,0.0,1.0
Gm20594,0.0,1.0
Gm4409,0.0,1.0
Lrrtm4,0.0,1.0
Gcfc2,0.010020189,0.48732793
Mrpl19,0.041982874,0.310305
Gm20383,0.064774364,0.10280781
Gm44202,-0.00070196664,0.4226497
Eva1a,0.043232176,0.2648709
Tacr1,0.0,1.0
Pole4,-0.04383287,0.5106777
Hk2,0.058008794,0.10351867
Gm17034,0.0,1.0
RP23-81F19.2,-0.009220384,0.23149677
Gm43878,0.0,1.0
Sema4f,-0.0013217841,0.30310735
M1ap,-0.0013269503,0.7145204
Dok1,0.04212879,0.091158055
Loxl3,-0.0020646602,0.92659515
Htra2,0.07641369,0.26333502
Aup1,0.06730269,0.14288872
Dqx1,0.0075301286,0.17314807
Tlx2,-0.04717132,0.09558501
Pcgf1,-0.005355373,0.71399856
Lbx2,-0.0057047848,0.5283786
Ccdc142,-0.0008164589,0.42264977
Ccdc142-1,0.0,1.0
Ccdc142os,0.027097058,0.073451124
Mrpl53,-0.0081155095,0.22247879
Mogs,-0.004636988,0.8160946
Wbp1,-0.015140027,0.6991152
Ino80b,0.21820529,0.08448114
Rtkn,0.01012117,0.53564
Wdr54,0.039591126,0.29258317
1700003E16Rik,0.08296112,0.11175332
Dctn1,0.018793702,0.4516201
Gm15624,0.0,1.0
Slc4a5,-0.24089587,0.12617703
Mthfd2,0.049668606,0.2839981
Mob1a,0.13913354,0.2006809
Bola3,-0.08685511,0.18899377
Tet3,0.056849085,0.038289376
Dguok,0.05096463,0.20641704
Stambp,0.015951075,0.4135491
RP23-361O12.3,0.0,1.0
1700124L16Rik,-0.000561026,0.42264965
Tex261,-0.056590736,0.24208315
Nagk,0.023855105,0.53850126
Paip2b,-0.009574305,0.6445347
Zfp638,0.13227455,0.145988
Dysf,0.0009088423,0.81191677
Cyp26b1,0.016864644,0.42264965
Exoc6b,0.031547084,0.13758367
Spr,0.00077846646,0.99054784
Emx1,0.013514705,0.5589861
Sfxn5,0.04196842,0.44332683
Rab11fip5,0.022706617,0.21739167
Smyd5,-0.00052025914,0.8727204
Pradc1,-0.01746267,0.34253448
Cct7,0.049171686,0.15427437
Fbxo41,-0.00040143798,0.89087164
Egr4,-0.0009864272,0.42264977
Alms1,0.030358229,0.44067743
Gm4477,0.0,1.0
Cml3,0.0030989852,0.2753941
Gm11128,0.0076924674,0.42985463
Cml5,0.0034398464,0.7565704
Nat8,0.005900122,0.6697072
Cml2,0.0020421902,0.38855487
1700019G17Rik,0.013306182,0.5064971
Cml1,-0.01077494,0.7126566
Tprkb,0.08879393,0.16325237
Dusp11,0.09925482,0.12736878
Gm19265,0.00083545176,0.67243105
4930553P18Rik,0.0038427394,0.3060243
Add2,0.0007492603,0.83219564
Tgfa,-0.040707886,0.143361
Fam136a,0.03779331,0.105669916
Snrpg,0.32883477,0.07608103
Pcyox1,-0.003180623,0.9305363
Tia1,0.15582004,0.17153442
C87436,0.044246584,0.27820602
A430078I02Rik,0.003448186,0.23601906
2310040G24Rik,-0.00762083,0.42238274
Gm43936,0.0017121774,0.82262456
Gm44386,0.068952404,0.20673665
Pcbp1,0.08797014,0.18127978
1600020E01Rik,0.033369515,0.4559639
Asprv1,-0.10829726,0.49529898
Mxd1,0.06285609,0.7437756
Snrnp27,0.113545924,0.013053478
Gm44214,-0.00016604335,0.4226497
Gmcl1,-0.0017950088,0.8929001
Gm44036,0.0,1.0
Anxa4,0.026385859,0.3157928
Aak1,0.015768752,0.5954785
Nfu1,-0.029200405,0.55293506
Gfpt1,0.005363658,0.87313384
D6Ertd527e,0.006124148,0.27650273
Antxr1,0.008855134,0.8280781
Gkn3,-0.00077257585,0.4226497
Arhgap25,0.018997777,0.32761866
Prokr1,0.0,1.0
Aplf,0.01731699,0.065109536
1810020O05Rik,0.027035635,0.14024384
Gm44210,0.0072058877,0.31003076
Efcc1,0.030784925,0.096482486
Gm43904,0.0,1.0
Gp9,0.0053277835,0.5263305
Rab43,0.010233367,0.4503958
RP23-4F16.12,0.0,1.0
Isy1,0.06704975,0.16450174
Cnbp,0.2419706,0.12304064
Copg1,0.022071064,0.4290423
Gm26636,0.0,1.0
Hmces,0.0054151528,0.6225732
H1fx,0.02382373,0.049294174
Gm5577,-0.0009899288,0.8356464
Rab7,0.07422441,0.29572225
Rpn1,-0.12619454,0.20293385
Gata2,-0.0011539822,0.88873047
Eefsec,0.0058541596,0.60044193
Gm44264,0.0025379753,0.49541828
Ruvbl1,0.09041248,0.18869372
Sec61a1,0.033752292,0.28690127
Gm44170,0.0,1.0
Kbtbd12,-0.0023615218,0.6205673
Gm26588,0.006798778,0.5996473
Mgll,0.021344125,0.4429492
Abtb1,0.025582358,0.6990005
Podxl2,0.051759552,0.024732813
Gm15612,0.0032065245,0.44644544
Mcm2,0.0064995456,0.4720055
Tpra1,-0.006561443,0.812222
Gm44204,0.0,1.0
Gm44205,0.0034132628,0.4226497
Gm26811,0.0,1.0
Plxna1,-0.006563223,0.5419183
Chchd6,0.012311697,0.7092953
Txnrd3,-0.00485084,0.5484451
Chst13,0.0008039721,0.77630514
Zxdc,0.023816388,0.14734773
Cfap100,0.11318451,0.15834908
Gm44117,-3.0663796e-05,0.9908529
Klf15,0.00826104,0.7388333
Gm44421,-0.0027477741,0.57000834
RP24-457L7.3,-0.00012050657,0.4226497
Aldh1l1,-0.044162236,0.04032425
Slc41a3,0.017386405,0.23595296
Iqsec1,-0.031181514,0.5011933
Gm44123,-0.00060150627,0.20692275
Nup210,0.045753084,0.122083455
Hdac11,0.00024231523,0.9948042
Fbln2,0.018676003,0.40021443
Wnt7a,-0.00029717793,0.85459715
4930471M09Rik,0.003437858,0.30145782
1810044D09Rik,0.049386673,0.012605139
Chchd4,0.0403167,0.32007128
Tmem43,0.029614374,0.3681487
Xpc,0.11047612,0.23136157
Lsm3,0.14732908,0.12710285
RP23-292C5.4,0.0,1.0
Slc6a6,0.12804326,0.13851237
Grip2,0.0,1.0
Ccdc174,0.111312896,0.067920566
4930590J08Rik,0.008479262,0.04069055
Fgd5,-0.0006008427,0.4226497
Nr2c2,0.07521549,0.22859439
Mrps25,-0.11546844,0.0847529
Rbsn,0.027315745,0.056937292
Trh,0.0,1.0
Prickle2,0.016571276,0.2223085
Adamts9,0.0115631195,0.31986973
A730049H05Rik,0.0,1.0
9530026P05Rik,0.03458322,0.04950831
Magi1,0.020797774,0.48931748
Slc25a26,-0.0035135504,0.76527226
Lrig1,0.0321677,0.14064458
Kbtbd8,0.006438094,0.4595265
Suclg2,0.04852204,0.20965971
Fam19a1,0.0047470266,0.5351475
Fam19a4,0.00042113394,0.4226497
Eogt,-0.011778336,0.10840619
Tmf1,0.0009265542,0.979273
Uba3,-0.02358511,0.28455946
Arl6ip5,0.0116147995,0.8659069
Frmd4b,0.011468142,0.31340113
Mitf,-0.080258265,0.09227885
Gm765,0.0016809067,0.21251133
Foxp1,0.25600055,0.08168644
Gm20696,0.025080698,0.019101318
Eif4e3,0.03903175,0.17528386
Gpr27,0.0037584081,0.80647874
Prok2,-0.067808844,0.56850004
Gm26748,0.0016106487,0.609968
Rybp,0.017184347,0.29840434
Shq1,0.019739727,0.21597186
Gxylt2,0.02562902,0.2672576
Ppp4r2,-0.037346214,0.06466281
Pdzrn3,-0.009008877,0.5709919
Gm26911,0.008330418,0.10170623
Cntn3,-0.0010237367,0.61877525
Chl1,0.0016721124,0.7990636
Cntn6,-9.0935035e-05,0.97408414
Gm15631,0.0,1.0
Cntn4,0.0,1.0
Il5ra,0.0056042667,0.34011972
Trnt1,0.084818535,0.20376019
Crbn,0.019976698,0.3960155
Lrrn1,0.002101548,0.82698303
Setmar,0.008091074,0.13358602
Sumf1,0.0013483018,0.9563417
Itpr1,-0.15757869,0.23440225
0610040F04Rik,0.0036192425,0.7404085
Bhlhe40,0.12752055,0.28439388
Arl8b,0.097094715,0.04302602
Edem1,0.07533067,0.13953014
Gm20387,0.0039350307,0.47239098
Grm7,-0.0014066162,0.42264977
Lmcd1,0.0030495017,0.24598716
5031434C07Rik,0.0,1.0
Cav3,-0.002710902,0.13958128
Oxtr,0.0,1.0
Rad18,0.011187862,0.36691114
Gm26799,0.0,1.0
Srgap3,0.08704683,0.21634819
Thumpd3,-0.14976597,0.050007496
Gt(ROSA)26Sor,-0.014008731,0.6565453
Setd5,0.035427697,0.4134698
Lhfpl4,0.049541898,0.060376238
Mtmr14,0.018175468,0.23085436
Cpne9,0.0001972185,0.9000786
Brpf1,0.049717877,0.34077927
Gm15492,0.008870105,0.3609295
Ogg1,0.10864661,0.025254313
Camk1,0.106690824,0.14629625
Tada3,0.003804557,0.8109801
Arpc4,0.19396853,0.15432173
Ttll3,0.16791396,0.087086596
Rpusd3,0.012246758,0.39189193
Cidec,0.0007259333,0.5436852
Jagn1,-0.030452967,0.210596
Il17re,-0.025116324,0.26163206
Il17rc,0.007171437,0.8083018
Creld1,-0.03848055,0.026278604
Prrt3,0.0009687855,0.6460957
Emc3,0.029070243,0.27658188
Fancd2,-0.005648624,0.35887277
Fancd2os,0.013343304,0.4090924
Brk1,0.16602278,0.07380837
Gm44199,0.0,1.0
Vhl,0.03645321,0.23155065
Irak2,0.07207018,0.1717097
Gm43964,0.0,1.0
Tatdn2,0.0726761,0.17975372
Gm26982,0.0012699713,0.7071542
Ghrl,0.0,1.0
Gm44053,0.0007730466,0.6320554
Sec13,0.03964576,0.4978476
Atp2b2,-0.15933707,0.06803379
Gm15083,-0.0029959816,0.41744584
Slc6a11,0.039841518,0.019558894
Slc6a1,0.07799022,0.0025139963
Hrh1,0.0015600302,0.42264977
Atg7,0.019974135,0.66399205
Vgll4,0.083709136,0.11496274
Tamm41,-0.0034707356,0.57244337
Syn2,0.01599858,0.2352388
Timp4,0.11373237,0.069161355
Pparg,0.020177674,0.07150914
Tsen2,-0.000378713,0.9557048
Mkrn2os,0.0037096823,0.25509238
Mkrn2,-0.003596127,0.8509619
Raf1,0.07508847,0.15052383
Tmem40,0.0008481052,0.97044444
Cand2,0.008678691,0.2930176
Rpl32,0.16862988,0.3044521
Efcab12,0.09960283,0.08432637
Mbd4,0.054260425,0.20330206
Ift122,0.05116883,0.32189643
Rho,-0.0029800553,0.2506883
Plxnd1,0.00023799203,0.9837098
Tmcc1,0.17709227,0.20532829
Gm20404,0.0,1.0
Fam21,0.053063184,0.2748674
Zfand4,0.055687442,0.30331933
Zfand4-1,0.002878128,0.5855469
March8,-0.023612648,0.37078917
Alox5,-0.009349499,0.7863315
Olfr212,-0.00078722276,0.73262763
Zfp422,0.056953035,0.16791424
Rassf4,0.109830484,0.070436135
8430408G22Rik,-0.0004815687,0.4226497
Tmem72,-0.24242774,0.040255196
Cxcl12,0.0618276,0.06957381
Gm9946,-0.00018803698,0.42264965
Zfp637,0.052690938,0.12143075
Zfp239,0.008927811,0.07102669
Hnrnpf,0.29990917,0.14529164
Fxyd4,0.01582494,0.29708412
Rasgef1a,0.0011383856,0.6810505
Csgalnact2,0.030239724,0.3683488
Ret,0.0,1.0
Bms1,0.060941305,0.15116926
Zfp248,8.446723e-05,0.988067
Zfp9,-0.0004050925,0.9088507
Ankrd26,0.047395855,0.06403041
Cacna1c,0.011841732,0.41745257
Dcp1b,0.011661153,0.46993104
Cacna2d4,0.0064939964,0.37528265
Lrtm2,0.0061752857,0.12332477
Adipor2,0.14898734,0.04478817
Wnt5b,-0.011774975,0.10129398
Fbxl14,0.023534141,0.26479426
Erc1,0.0050581675,0.71983755
Gm44317,0.0,1.0
4930540M05Rik,-0.00059307326,0.42264965
Rad52,0.013091746,0.4430449
Wnk1,0.19326478,0.24702322
Ninj2,0.00518577,0.56637985
D330020A13Rik,-0.0013036135,0.42264965
Ccdc77,0.016566606,0.1906468
Kdm5a,0.08467221,0.20848207
Il17ra,0.10996915,0.15997998
Cecr6,0.0028620479,0.6286692
Cecr5,0.0026357137,0.59655184
Gm20692,-0.0015292969,0.4226497
Cecr2,0.02142977,0.41832048
Slc25a18,0.13992389,0.21034232
Atp6v1e1,-0.27286643,0.0057567726
Bcl2l13,0.001014471,0.9221305
Bid,0.014998967,0.37304598
Mical3,0.047697376,0.06796323
Gm43915,0.000132669,0.87282735
Pex26,0.0070295185,0.4860617
Tuba8,0.005327777,0.3423212
Gm15856,0.0040111635,0.5120267
Usp18,0.0745344,0.26720706
Gm44148,-0.0024379655,0.37855986
Slc6a13,0.03383506,0.3464828
Slc6a12,0.009278773,0.20264582
Iqsec3,0.0022838258,0.42264965
A2m,-0.03612204,0.712217
Klrg1,-0.0014801644,0.42264965
M6pr,0.09515834,0.1383005
Phc1,0.007460393,0.66135365
1700063H04Rik,-0.00012364844,0.95474815
Rimklb,0.043677974,0.2945497
Mfap5,0.0013625794,0.8765496
Apobec1,0.08422046,0.11795285
Dppa3,0.0,1.0
Nanog,0.010312861,0.46178773
Slc2a3,0.019124128,0.78161705
Gm26826,-0.0044942386,0.14828205
Foxj2,0.050555296,0.21391876
C3ar1,0.03159468,0.24504548
Necap1,0.020599313,0.5377728
Clec4a1,0.16906694,0.23013185
Clec4a3,0.1795344,0.15756005
Clec4a4,0.0045133387,0.42264965
Clec4b1,-0.00058653206,0.97262263
Clec4a2,0.03487666,0.6706142
Clec4n,0.016055124,0.27548364
Clec4d,-0.015625112,0.87320286
Clec4e,0.009823814,0.9603785
Cd163,0.0018906734,0.5139081
Pex5,-0.024344623,0.17712216
Clstn3,-0.024841245,0.10256241
C1rl,-0.0030539017,0.47197995
C1ra,-0.014418223,0.43318906
C1s1,0.0019788388,0.920097
C1s2,0.010135754,0.42264977
Lpcat3,0.032272153,0.34616652
Emg1,0.07508245,0.138947
Phb2,0.03931573,0.41341868
Ptpn6,0.20550959,0.1541468
Gm20531,0.0,1.0
Grcc10,-0.14975828,0.25791517
Atn1-1,0.07717843,0.29194325
Eno2,-0.03205701,0.12845242
Lrrc23,0.19832723,0.14378783
Spsb2,0.0545881,0.26532578
Tpi1,-0.13797957,0.039083995
Usp5,-0.011105716,0.7870284
Cdca3,-0.0013658833,0.9585631
Gnb3,0.0014866325,0.7286521
P3h3,-0.027232032,0.15986498
Gpr162,-0.0170192,0.07780526
Cd4,0.0,1.0
Lag3,0.03437033,0.006252165
Ptms,-0.051786423,0.5686977
A230083G16Rik,0.0024480505,0.42264965
Mlf2,-0.02682048,0.733917
Cops7a,0.02433145,0.6203838
Pianp,-0.0005874917,0.23173566
Zfp384,0.032723833,0.27013594
Ing4,0.094280064,0.026591
Acrbp,0.0052186567,0.4321967
Lpar5,-0.0009085226,0.4226497
Chd4,0.117556304,0.24077551
Nop2,0.012968808,0.30896398
Iffo1,0.02944012,0.052773662
Gapdh,-0.16597223,0.46075562
Ncapd2,0.008398588,0.42405277
Mrpl51,-0.10669762,0.2919309
Vamp1,0.016223114,0.03811308
Tapbpl,0.008728731,0.5031798
Cd27,0.04217901,0.096031375
Ltbr,0.02649083,0.1741554
Scnn1a,0.12731391,0.22876237
Tnfrsf1a,0.105544806,0.3199329
Plekhg6,0.0012272091,0.7281307
Cd9,-0.11584234,0.52335316
Gm28809,0.0073493607,0.45806968
Vwf,0.015575489,0.2317508
Ano2,-0.00047525286,0.4226497
Ntf3,0.0,1.0
Kcna5,0.010747477,0.4178106
Kcna1,0.038287222,0.14321364
Kcna6,0.011938628,0.08721426
Gm26673,0.0,1.0
Ndufa9,-0.1308974,0.09678786
Akap3,0.0,1.0
Dyrk4,-0.0011855874,0.63118273
Rad51ap1,0.0074973693,0.4022561
D6Wsu163e,-0.003134722,0.65810895
Tigar,-0.007845968,0.20510891
Platr31,-0.0006487566,0.4226497
Gm43126,0.0,1.0
Ccnd2,-0.119524896,0.18508647
9330179D12Rik,-0.0064715105,0.14567424
Parp11,0.0038647223,0.59438455
Cracr2a,0.0,1.0
Prmt8,0.009526239,0.033892814
Gm42738,0.00042113394,0.4226497
Tspan11,0.01585714,0.014001756
Tspan9,-0.0060342774,0.4621006
9330102E08Rik,-0.0018069552,0.18439648
Gm10010,-0.0072738035,0.2520526
Tead4,0.0,1.0
Tulp3,0.07375918,0.04070285
Gm26770,0.0,1.0
Rhno1,0.03636622,0.2555649
Foxm1,-0.0017311154,0.41563964
4933413G19Rik,0.0019120431,0.60120046
Gm15862,0.0,1.0
Nrip2,0.000404875,0.42264965
Itfg2,0.008757189,0.5952577
Fkbp4,0.0092512965,0.8971325
Gm10069,0.018184355,0.16978332
Pzp,0.0,1.0
BC048546,0.007680619,0.30245003
Klrb1a,0.0,1.0
Klrb1c,-0.0007618948,0.42264977
Klrb1b,-0.0006855093,0.90398544
Gm44066,-0.0007017427,0.8769081
Gm44067,0.008041934,0.29654118
Gm26656,-0.00072658627,0.4226497
BC035044,0.0054772533,0.81635106
Clec2i,0.020741202,0.23844855
Gm15987,0.03782834,0.35810977
Klrb1f,0.027633576,0.17497844
Gm44000,0.006203308,0.6013052
Clec2d,0.11295731,0.13717325
2310001H17Rik,0.022554904,0.68880165
Cd69,0.0031925756,0.75329226
Clec12a,0.076437384,0.30764708
Clec12b,0.017371489,0.10954791
Clec1b,0.062031657,0.22723848
Clec9a,0.0015550422,0.5197551
Clec1a,0.008270232,0.62339514
Olr1,0.016035428,0.14827597
Gabarapl1,0.09079006,0.078050695
Klre1,-0.00052608456,0.8817482
Klrd1,-0.00042613037,0.94515806
Klrk1,-0.0016255965,0.661931
Klrc2,-0.0011853876,0.4226497
Klrc1,0.0,1.0
Klra17,-0.011316352,0.5000357
Klra6,0.0,1.0
Klra8,-0.0011853876,0.4226497
Klra9,0.0,1.0
Klra7,-0.0007618948,0.42264977
Klra2,0.03126429,0.5830084
Magohb,0.00094908476,0.9602155
Styk1,-0.0028534431,0.017071879
Ybx3,0.08457568,0.13032848
Smim10l1,-0.09921834,0.15972337
Etv6,0.048145026,0.092254855
Gm17088,0.0,1.0
Gm17089,0.0,1.0
Bcl2l14,-0.0001375092,0.4226497
Lrp6,0.006076291,0.8931333
Gm43949,-0.004479466,0.564845
Mansc1,-0.03518079,0.083990924
Borcs5,-0.013386339,0.62691844
Dusp16,0.15363622,0.19282515
Gm44025,0.0,1.0
Crebl2,0.0057613626,0.79595745
Gpr19,0.006288711,0.6023754
2810454H06Rik,0.019701522,0.31290916
Cdkn1b,0.07028869,0.4200076
Gm44238,0.0,1.0
Lockd,-0.0057423115,0.7142696
Apold1,-0.0069853514,0.045282193
Ddx47,0.040154353,0.31071985
Gprc5a,0.013840065,0.4539603
Gprc5d,0.0,1.0
Hebp1,0.04368328,0.10887682
Gm19434,0.0,1.0
Fam234b,0.019286564,0.2480891
Gsg1,0.0003148811,0.87746876
Gm44276,0.00044912088,0.77487856
Emp1,0.031343073,0.07454754
Grin2b,-0.00031232854,0.4226497
Gm26653,0.0,1.0
Atf7ip,0.11277227,0.19111763
Plbd1,0.06524697,0.34421608
Gucy2c,0.00524758,0.288998
Hist4h4,0.015643924,0.27387324
H2afj,0.06520575,0.5148111
Wbp11,0.15762955,0.05064621
BC049715,0.043243438,0.19396885
Smco3,0.010947671,0.35137632
Mgp,0.052956462,0.28114578
Erp27,0.0022344557,0.307007
Arhgdib,0.22670159,0.37982923
Pde6h,0.013393064,0.062970564
Rerg,0.0,1.0
Ptpro,0.07075511,0.0844489
Eps8,0.13030028,0.10409568
Strap,-0.10172808,0.03740087
Dera,0.033085376,0.075364
Mgst1,0.15145075,0.47026926
Lmo3,0.03197851,0.13037945
A830011K09Rik,0.0041416935,0.12891077
4922502N22Rik,0.0,1.0
Pik3c2g,0.004964788,0.4685398
Plekha5,0.044803504,0.20175517
Aebp2,0.008668229,0.73248833
Gm30524,-0.0017769343,0.4226497
Gm28523,0.0,1.0
Pde3a,0.0049435725,0.4785015
Slco1c1,-0.5081846,0.105397135
Slco1b2,-0.0010676017,0.42264977
Slco1a4,-0.11933367,0.08544304
Gm6614,0.0,1.0
Slco1a5,-0.058705255,0.13497822
Pyroxd1,0.015051119,0.5173792
Recql,0.023783127,0.46552417
Golt1b,-0.03098517,0.17564866
Spx,-0.006457791,0.2265199
Ldhb,-0.60048485,0.11831848
Kcnj8,-0.0033366196,0.19478264
Abcc9,0.0033550384,0.4226497
Cmas,-9.016693e-05,0.99737966
Gm766,-0.0016072989,0.4226497
St8sia1,0.04272472,0.233196
C2cd5,0.040935155,0.101263136
Gm31108,0.0065618753,0.42264977
Etnk1,0.07990515,0.27505615
1700126G02Rik,0.0,1.0
Sox5,0.018574197,0.33153126
Sox5os3,0.0,1.0
Bcat1,0.0061654053,0.49396527
Gm15687,0.00077625277,0.42264977
Lrmp,0.0613442,0.107721075
Casc1,0.09195913,0.16351406
Lyrm5,-0.0019178838,0.9474231
Kras,0.10796265,0.3679195
Gm15706,0.036678404,0.22925237
2010013B24Rik,-0.003046563,0.4374243
Lmntd1,0.019622372,0.062405664
Gm15704,-0.00023532519,0.42264977
Rassf8,-0.012422532,0.5328115
Bhlhe41,0.21373521,0.19105338
Sspn,0.017468939,0.054905638
Sspnos,0.0,1.0
Itpr2,0.058710724,0.021168763
Asun,0.028683435,0.25015238
Fgfr1op2,-0.019782364,0.59068274
Tm7sf3,0.036503732,0.204066
Med21,0.06901181,0.19232582
4930479D17Rik,0.0,1.0
Stk38l,0.0114413425,0.40581074
Arntl2,0.0013887391,0.56611395
Ppfibp1,-0.020928051,0.19849487
1700034J05Rik,0.0,1.0
Rep15,0.0018207331,0.5899404
Mrps35,-0.0047664195,0.91661835
Mansc4,-0.014490962,0.08998017
Klhl42,-0.013566105,0.26507372
Pthlh,0.000925865,0.86548674
Gm6288,0.0007248813,0.6486598
Ccdc91,-0.008684479,0.71118885
Far2os2,0.0,1.0
Far2,0.0016138938,0.579279
Far2os1,-0.0005391238,0.4226497
Ergic2,-0.059474513,0.0787393
Gm17216,-0.00010369721,0.4226497
Tmtc1,-0.0632754,0.12296823
Ipo8,0.013565533,0.44504222
Caprin2,0.018867837,0.03626406
Gm43913,0.0,1.0
Fam60a,0.021998018,0.6085922
3010003L21Rik,0.012053253,0.3360736
Dennd5b,0.054338116,0.05500883
Gm26540,0.0,1.0
Mettl20,0.027762152,0.06506782
Amn1,0.028896905,0.3701156
2810474O19Rik,0.17699717,0.1427662
Bicd1,0.006442733,0.545805
Gm21814,0.0017556977,0.8912617
Speer9-ps1,-0.0018042782,0.23064137
Nlrp12,0.020266553,0.38294482
Myadm,0.059194013,0.6297257
Prkcg,-0.002075246,0.61719686
Cacng7,0.004771187,0.5113506
Gm44257,0.0,1.0
Cacng8,-0.00041091768,0.87523246
Cacng6,0.0,1.0
Tarm1,-0.009730168,0.8678648
Oscar,0.0,1.0
Ndufa3,-0.36106908,0.19121481
Tfpt,0.016909398,0.5591714
Prpf31,0.05374773,0.014160354
Cnot3,0.1238091,0.14528395
Leng1,0.043015137,0.18441857
Tmc4,0.06293601,0.2255661
Gm15929,0.0,1.0
Mboat7,0.052647814,0.3075369
Tsen34,0.017896056,0.46165955
Rps9,0.24513698,0.19138469
Pirb,0.0741214,0.70211786
Gm15448,0.0013663508,0.58898365
Pira2,0.009182386,0.9016763
Gm14548,0.001229126,0.9662664
Lilra6,0.02077788,0.5687125
RP23-292B24.1,0.0,1.0
Lair1,0.18076468,0.16908497
9430041J12Rik,0.002871731,0.45968017
Ttyh1,0.20509411,0.0024954742
D030047H15Rik,0.0,1.0
Leng8,0.16327856,0.24683289
Leng9,0.036040906,0.165225
Cdc42ep5,-0.0107494,0.556946
Lilra5,0.022505084,0.44870374
Gp6,0.0,1.0
Rdh13,-0.008988842,0.5342213
Eps8l1,0.01908392,0.14191683
Ppp1r12c,0.05768326,0.21931526
Tnnt1,0.0076863,0.4358024
Tnni3,0.014538413,0.24788731
Dnaaf3,0.03923899,0.3347163
Gm15873,-0.00038198943,0.4226497
Syt5,0.038588054,0.29966342
Ptprh,0.0,1.0
Tmem86b,0.007960333,0.29798815
Ppp6r1,0.026409864,0.66124725
Hspbp1,0.024085283,0.42774847
Brsk1,0.014437905,0.27451268
Tmem150b,0.007891031,0.508575
Suv420h2,-0.0052277967,0.60542935
Cox6b2,-0.29937753,0.1113921
Il11,0.0038201846,0.45938945
Tmem238,-0.11772139,0.16595921
Rpl28,0.12222767,0.33516744
Ube2s,0.04120028,0.5007815
Shisa7,0.009339094,0.3589222
Isoc2b,0.022238165,0.18907535
Isoc2a,-0.013968874,0.36757535
Zfp628,0.0091285035,0.32025033
Nat14,0.038640052,0.19449608
Ssc5d,0.0024201395,0.44897097
Sbk2,-0.0024458487,0.2665235
Sbk3,0.000404875,0.42264965
Zfp579,-0.0138640255,0.74971235
Fiz1,0.018951837,0.27444667
Zfp524,0.032401867,0.10540546
Zfp865,0.025989462,0.20759375
Ccdc106,-0.007967267,0.23946676
Zfp784,0.011275143,0.17117345
Gm15510,0.006950644,0.25828537
Zfp580,-0.0025220755,0.8322572
U2af2,0.1473295,0.018365191
Epn1,-0.002947837,0.9316559
Rasl2-9,-0.0035626525,0.5009098
Nlrp4c,0.0,1.0
Zfp787,-0.0018785819,0.8912208
Zfp444,0.05368218,0.06695238
Gm6792,0.0048237536,0.19753033
RP24-445D7.2,0.005967014,0.5630334
Zfp667,0.027931832,0.30681992
Zfp583,-0.0026971288,0.7730685
RP23-143D11.1,0.00803142,0.30009517
Zfp78,0.0015867352,0.7383575
Zfp28,0.015038725,0.10214273
Smim17,0.0,1.0
Gm20715,0.0,1.0
Zim1,0.0004706003,0.42264965
Peg3,-0.115171954,0.1660275
Usp29,0.01566574,0.4355382
Aurkc,0.0,1.0
Zfp954,0.020606676,0.22541134
Zfp773,-0.0006875363,0.8788922
Zfp418,0.0015533358,0.69919825
Zfp772,0.009387543,0.12065609
Vmn2r29,-0.001957966,0.25073212
Clcn4,0.16930209,0.19987392
Vmn2r30,0.014291093,0.13387482
Vmn2r35,0.0006674569,0.6730621
Vmn2r42,0.0028482934,0.49611795
Vmn2r43,-0.0031440067,0.5410159
Zik1,0.025572775,0.113646425
Zfp551,-0.0040950743,0.38625717
Zfp606,0.014908455,0.57221127
Zscan18,0.034490217,0.09918093
Zfp329,0.032613885,0.41820887
Zfp110,0.034075916,0.16299486
Zfp128,-0.000873534,0.9099513
Zscan22,0.02395961,0.06712363
Rps5,0.34463894,0.1094282
Rnf225,0.004919888,0.42264965
1810019N24Rik,0.0016084511,0.56644917
Zfp324,0.011114966,0.014300885
Zfp446,0.011772823,0.64329845
Slc27a5,-0.00067886425,0.42264965
Zbtb45,0.031395014,0.2715365
Trim28,0.07381222,0.11076821
Chmp2a,0.16804457,0.10190973
Ube2m,-0.09381461,0.2923862
Mzf1,0.025835492,0.24822882
6330408A02Rik,0.0053599086,0.4016665
Lig1,0.044685256,0.013634576
Pla2g4c,0.00406447,0.433908
Vmn1r90,0.0,1.0
Sepw1,0.15278447,0.101074204
Gltscr2,0.044677854,0.25682557
Ehd2,0.015798943,0.12240736
Gltscr1,0.008473426,0.25268945
Zfp541,0.0,1.0
Napa,0.056833833,0.48960918
Kptn,0.016426286,0.08515778
Slc8a2,-0.00024625397,0.82529926
Meis3,-0.00033690594,0.96690166
Dhx34,0.008987309,0.22343142
C5ar2,0.0021521747,0.87335926
C5ar1,0.0706518,0.64597446
Inafm1,0.016487986,0.58697027
Ccdc9,0.031747952,0.26212656
Bbc3,0.036771167,0.37622914
Sae1,0.046185076,0.08471629
Zc3h4,0.016346563,0.44978517
Tmem160,-0.13224047,0.11650184
Npas1,0.0,1.0
Arhgap35,-0.006828785,0.84739494
Ap2s1,-0.034448892,0.66000396
Slc1a5,0.028577387,0.0818232
Fkrp,-0.037296116,0.24607973
Strn4,0.00049129874,0.98252106
Prkd2,0.008418849,0.59010786
9330104G04Rik,0.0061642723,0.21557803
Dact3,0.045003347,0.27170455
Gng8,0.0036325743,0.6576882
Ptgir,0.02689879,0.1783448
Calm3,-0.059117198,0.40088308
Pnmal2,0.05287555,0.08280052
Pnmal1,0.00042982143,0.8371701
Ccdc8,0.021426927,0.029780675
Ppp5c,0.013034999,0.8391535
Hif3a,-0.00069551193,0.6073757
Psg16,0.0001405013,0.82024616
RP24-549B12.3,0.0,1.0
RP24-549B12.4,0.0,1.0
Mill2,-0.0016724532,0.4226497
Pglyrp1,0.20314357,0.43324935
Ccdc61,0.0005318038,0.96871424
Nova2,0.059090123,0.016691232
Gm26821,-0.00087090116,0.4226497
Nanos2,0.0,1.0
Mypop,0.021093916,0.25112137
Mypopos,0.001278167,0.42264965
Irf2bp1,0.05615086,0.06888194
Sympk,0.042393453,0.16336323
Dmwd,0.07499796,0.08793768
Dmpk,-0.036117457,0.16749683
Six5,0.0017720312,0.83609426
Gm4969,0.0,1.0
Fbxo46,-0.0059743263,0.47825897
Qpctl,0.009254377,0.73618186
Snrpd2,0.015156746,0.7332684
Gipr,-0.000259626,0.68792206
Eml2,0.08766501,0.1275958
Gpr4,6.7725778e-06,0.9992369
Opa3,-0.014628351,0.4397726
Vasp,0.05826661,0.7109565
1700058P15Rik,-0.0033203848,0.19452143
Ppm1n,-0.00016399303,0.42264965
Rtn2,-0.0010914672,0.90321225
Gm26802,0.003931149,0.58813584
Fosb,0.20871313,0.2866237
RP23-85B15.7,0.0,1.0
RP23-85B15.8,0.0014839432,0.5225257
Ercc1,-0.0017924756,0.9280406
Cd3eap,0.045172498,0.055517808
Ppp1r13l,0.0072834194,0.6087677
Ercc2,0.025026416,0.13043723
Gm26852,-0.00024325876,0.4226497
Klc3,-0.017708085,0.4822276
Ckm,0.0,1.0
A930016O22Rik,0.0,1.0
Mark4,0.04937366,0.17068087
Exoc3l2,0.007764761,0.4395591
Bloc1s3,-0.03846084,0.067679
Trappc6a,-0.07996249,0.18230976
Nkpd1,0.0,1.0
Ppp1r37,-0.027240455,0.48801184
Gemin7,-0.031761482,0.54048306
Zfp296,-0.00064164377,0.8495676
Clasrp,0.021955073,0.30368415
Gm26890,0.015632883,0.091331095
Relb,0.050272692,0.12240043
Clptm1,-0.07840967,0.4033973
Apoc2,0.0060120844,0.28274155
Apoc4,-0.0011686025,0.42264965
Apoc1,-0.02151151,0.62667716
Apoe,0.049842596,0.8392532
Tomm40,-0.0015397072,0.97095
Gm20512,0.0050032362,0.5510762
Pvrl2,-0.005605368,0.08850448
Bcam,-0.110117435,0.05803721
Cblc,0.005322443,0.5440121
Bcl3,0.0027682483,0.954512
Gm16174,-0.0015450763,0.8517989
RP23-191I16.3,0.0,1.0
Gm19345,-0.0017192339,0.332837
Ceacam16,-0.010767242,0.3355495
Pvr,-0.00805453,0.3069741
Gm16251,0.004845662,0.3557444
Igsf23,-0.0013020622,0.2545167
Nlrp5,0.0,1.0
Zfp180,0.008878518,0.31630358
Zfp112,-0.00055534206,0.9289095
Zfp235,-0.0013825493,0.7342647
Zfp114,0.001719153,0.4547657
Zfp111,0.0014753882,0.84171444
Zfp109,-0.003106685,0.19212513
Zfp108,0.0009041598,0.68031156
Zfp93,0.006147438,0.077079445
Zfp61,-0.0080199195,0.25752842
Zfp94,0.014235069,0.10817509
Tescl,-0.00077649695,0.4226497
Kcnn4,0.021234717,0.48988977
Smg9,0.012500595,0.38462096
Irgc1,-0.0010964967,0.18461803
RP23-26A14.4,0.002977876,0.5853267
Plaur,0.02978906,0.85680157
Cadm4,0.0027792081,0.9129263
Zfp428,0.011747181,0.50457597
Irgq,0.008111432,0.4487366
Xrcc1,0.0050197393,0.52960587
Zfp575,0.0019685242,0.25773332
Ethe1,0.056568436,0.2510284
Phldb3,0.0011836546,0.75720817
RP23-26A14.14,0.0,1.0
Cd177,-0.055777736,0.6506479
Ceacam10,-0.04507346,0.50468653
Gm9844,-0.0025072475,0.3190721
Rps19,0.19320083,0.14839447
Cd79a,0.000626285,0.8081803
Arhgef1,0.15626737,0.12003983
Rabac1,-0.24522197,0.02893209
Atp1a3,0.07091728,0.1350933
Grik5,0.0036624074,0.6335668
Zfp574,0.0067758225,0.55949795
Pou2f2,0.23670125,0.15819202
D930028M14Rik,0.00031689546,0.72850156
Dedd2,0.06613899,0.21689421
Zfp526,0.000629134,0.87337416
Gsk3a,0.0772073,0.055773724
9130221H12Rik,0.01072988,0.3090159
Erf,0.045686565,0.17416337
Cic,0.028191157,0.18937436
Pafah1b3,-0.06714259,0.0064128526
Prr19,0.0,1.0
Tmem145,-0.00034598183,0.42264977
Megf8,0.0052828565,0.7787974
4732471J01Rik,-0.027907532,0.11631674
Lipe,0.007796012,0.75983495
Cxcl17,0.0,1.0
Ceacam1,0.17430663,0.15217914
Ceacam2,-0.005347645,0.22946271
Erich4,0.0,1.0
Atp5sl,0.055495497,0.071892254
B3gnt8,0.0065004337,0.35554826
Bckdha,0.009869978,0.6494284
Exosc5,0.026297659,0.48670244
Tmem91,-0.00036789954,0.8539481
B9d2,0.058355972,0.113398306
Tgfb1,0.1597358,0.039844394
Ccdc97,0.046135824,0.2923356
Hnrnpul1,0.07177198,0.40037885
Axl,0.018339353,0.0806634
Cyp2s1,0.0034803972,0.6683526
Gm26707,0.0027113804,0.53050303
Cyp2f2,0.010891108,0.1671672
Egln2,0.035712734,0.40934494
Rab4b,0.015395615,0.63466287
Mia,0.13052726,0.4167525
Snrpa,0.047203243,0.40208718
BC024978,0.0013319924,0.8148752
Itpkc,-0.007525567,0.5934128
Adck4,0.034844786,0.5058158
Gm15567,0.0,1.0
Numbl,0.027404495,0.15201959
Ltbp4,0.021125624,0.26605213
Shkbp1,0.02398935,0.19311702
Sptbn4,0.012605178,0.10894514
Blvrb,0.019593269,0.56428117
Sertad3,0.059190407,0.21131128
Sertad1,0.14337584,0.059036206
Prx,0.001876041,0.23241203
Gm15541,-0.0010621981,0.6435366
Hipk4,0.003995782,0.42264965
Pld3,-0.1358017,0.06791919
2310022A10Rik,0.026674764,0.0066912244
Akt2,-0.02737698,0.50809586
Ttc9b,-0.0045977333,0.3946498
Map3k10,-0.0010906942,0.9291988
C030039L03Rik,0.0090462,0.2604587
Zfp60,-0.00750478,0.32566184
Zfp626,0.016177824,0.093303815
Zfp59,-0.00050722447,0.80694455
Zfp607,0.0076439423,0.32928535
1700049G17Rik,0.010211173,0.4956945
Gm26891,0.0,1.0
Zfp780b,0.035482433,0.19917187
Zfp850,-0.002644849,0.23823307
Psmc4,-0.012678921,0.60478723
Fcgbp,0.0,1.0
9530053A07Rik,0.004741827,0.70066833
Fbl,0.10974868,0.20121045
Dyrk1b,-0.0032542795,0.8705662
Eid2,-0.0040129423,0.91328853
Eid2b,0.014288984,0.15948269
BC089491,0.0,1.0
Dll3,-9.035995e-05,0.42264977
Timm50,0.014453843,0.4290131
Supt5,0.09010264,0.05946104
RP23-89A16.3,-0.00033088625,0.42264977
Rps16,0.23299265,0.011553514
Plekhg2,0.0146247875,0.3620236
Zfp36,0.37506032,0.15827315
Med29,-0.0466242,0.120155886
Paf1,0.071333125,0.23177409
Samd4b,0.07235521,0.39854527
Gmfg,0.10975894,0.5776333
Lrfn1,0.002088938,0.6989636
Nccrp1,0.0032699036,0.42264977
Pak4,0.0069492273,0.616499
Fbxo27,-0.0007605953,0.86522084
Fbxo17,0.021267992,0.25946283
Mrps12,-0.046012282,0.5206355
Sars2,0.0025807284,0.84822553
Ccer2,-0.0005368646,0.4226497
Nfkbib,0.04854267,0.18246704
Sirt2,0.13671833,0.02729361
Rinl,0.027038686,0.34156954
Hnrnpl,0.12347388,0.1606826
RP23-36D15.6,0.004061674,0.052087303
Ech1,0.019408345,0.77473783
Lgals4,0.025159175,0.25629827
RP23-36D15.8,0.0,1.0
Lgals7,-0.0005798379,0.42264965
Capn12,-0.0011566768,0.4226497
RP23-36D15.9,-0.0010030445,0.42264977
Actn4,0.0055835545,0.9512862
Eif3k,0.14287186,0.096328795
Map4k1,0.0089059565,0.51437646
Ryr1,0.034281358,0.24221987
RP24-484I1.3,-0.00016399303,0.42264965
Gm26604,0.0,1.0
Rasgrp4,0.017721899,0.68750316
Fam98c,0.08167183,0.029696958
1110035H17Rik,0.012566373,0.18401691
Spred3,-0.009917658,0.20601153
Ggn,-0.0012773414,0.18511553
Psmd8,-0.04859692,0.35913068
Catsperg1,0.0004285248,0.77908254
Kcnk6,0.031936504,0.27666056
Yif1b,-0.118928224,0.15221567
2200002D01Rik,-0.021015411,0.053085953
Spint2,-0.5323527,0.07804567
Ppp1r14a,0.05522304,0.018720105
Dpf1,0.0034225564,0.7165683
Sipa1l3,0.020832293,0.5865283
A330087D11Rik,0.0,1.0
Catsperg2,0.0027868343,0.32027832
Zfp84,-0.005201809,0.7472775
Zfp30,0.04246405,0.14882477
Zfp790,0.0008313861,0.91789407
Zfp940,-0.0014720447,0.51674294
Zfp420,0.0017400291,0.8325564
Zfp27,-0.0011373302,0.88864815
Zfp383,0.018285908,0.108450994
Zfp74,0.025475254,0.28114548
Zfp568,-0.009981683,0.3345709
Zfp14,0.015102458,0.0077794846
Zfp82,-0.0047152825,0.15821625
Zfp566,0.0029435633,0.63663995
Zfp260,0.024359882,0.4785634
Zfp382,-0.0005520792,0.8381093
Zfp146,0.02557952,0.23852713
Gm5113,-0.0027803853,0.6047118
Cox7a1,-0.16406126,0.10309879
Capns1,0.18838298,0.044148136
Gm26810,0.0149318315,0.37809852
Tbcb,0.05547309,0.3924241
Polr2i,0.16025898,0.073180504
Wdr62,0.006819317,0.49011505
Thap8,-0.0017468819,0.39206022
Clip3,0.038121186,0.20116022
Alkbh6,-0.033946052,0.45421273
Syne4,0.0018141344,0.8725036
Sdhaf1,0.02859813,0.15589128
E130208F15Rik,-0.0006085756,0.42264977
Lrfn3,0.009069687,0.4242094
Tyrobp,0.34213752,0.3477204
Hcst,0.01424478,0.8987021
Nfkbid,0.107461445,0.16363236
Aplp1,-0.32029054,0.14289522
Kirrel2,0.0074021867,0.4226497
Nphs1,-0.00044767497,0.42264965
Nphs1os,0.0,1.0
Arhgap33os,0.0,1.0
Arhgap33,-0.0021244255,0.6074942
Proser3,0.015244486,0.22112066
Hspb6,-0.04331603,0.18055439
Lin37,0.04836347,0.072413936
Psenen,-0.0023372173,0.9654974
U2af1l4,0.007941546,0.12999934
U2af1l4-1,0.004191993,0.19478287
Igflr1,-0.00032869962,0.42264977
Kmt2b,0.040704843,0.17451781
Zbtb32,-0.0019073287,0.18406226
Upk1a,0.0,1.0
Cox6b1,-0.24077237,0.085497215
Rbm42,0.08285731,0.23030514
Gm26610,-0.0027085424,0.07599296
Haus5,0.0024411306,0.8204699
Atp4a,0.0,1.0
Tmem147,-0.38076127,0.08831847
Tmem147os,-0.0007186433,0.7785571
Gm26935,0.012871636,0.040845554
Sbsn,0.015947685,0.49300694
Dmkn,0.25070518,0.07468802
Ffar2,-0.0021405981,0.7364812
Ffar1,0.0,1.0
Cd22,0.015379839,0.46031225
Gm29440,0.0,1.0
Mag,0.16646418,0.038674194
RP24-63G4.13,0.0,1.0
Hamp2,0.0,1.0
Hamp,0.0,1.0
Usf2,0.108257055,0.018102385
Gm17077,0.0,1.0
Gm4673,0.014615269,0.2661745
Lsr,-0.038237173,0.007601408
Fam187b,-0.013846543,0.59534883
Fxyd5,0.1987006,0.41854867
Fxyd7,0.013850718,0.13933381
Fxyd1,-0.7944703,0.041839663
Lgi4,-0.0077717584,0.23713721
Fxyd3,0.0016242486,0.45122427
Hpn,-0.0069681234,0.12996219
Scn1b,0.034706764,0.07483406
Gramd1a,0.03443626,0.14420702
G630030J09Rik,0.0009348792,0.56350625
Gm10640,-0.000319447,0.42264977
Wtip,-0.01240854,0.65529424
Uba2,0.0911196,0.22484247
Pdcd2l,0.0006733835,0.97837317
Gpi1,-0.09940064,0.56719095
Gm26762,0.0048887483,0.42264965
Gm12762,0.0,1.0
Gm12758,0.0024813619,0.7077615
4931406P16Rik,0.04170611,0.22500844
Lsm14a,0.009733543,0.8529258
Gm12764,-0.0020254788,0.1917241
Gm12784,0.0,1.0
RP23-324J22.6,0.00046751136,0.8053835
Kctd15,0.017388161,0.2471924
Chst8,-0.0028881864,0.67562985
Pepd,-0.0058297664,0.8595233
Cebpg,0.061343253,0.30928674
RP23-338G5.1,0.0,1.0
RP23-435E16.1,0.030999685,0.29395685
RP23-435E16.3,0.0,1.0
Cebpa,0.06379234,0.03214943
Slc7a10,-0.28869593,0.11876563
Lrp3,0.025088439,0.030663626
Gpatch1,0.02494628,0.13060293
Rhpn2,-0.00018170476,0.9886111
Faap24,0.010699714,0.30170876
Cep89,0.023373254,0.29575378
Tdrd12,0.0,1.0
Nudt19,0.02772361,0.30562443
B230322F03Rik,0.006974117,0.22858167
Rgs9bp,-0.0007986389,0.4226497
Ankrd27,-0.008901715,0.15852672
Pdcd5,-0.063179374,0.48385337
Dpy19l3,0.013637729,0.5286837
Zfp507,0.0106650945,0.21222343
Gm26790,0.0,1.0
Tshz3,0.0071216756,0.2810637
RP23-291B1.2,0.018136607,0.07480919
Zfp536,-0.010142673,0.6743751
4930505M18Rik,0.0,1.0
Uri1,0.01710634,0.48455215
Ccne1,0.0010744147,0.9131032
RP23-89C10.2,0.0,1.0
1600014C10Rik,-0.0038035288,0.9271186
Plekhf1,0.015131475,0.030267123
Pop4,0.035207726,0.3025162
Zfp619,-0.0018725747,0.53198236
Gm37494,0.045571823,0.16404483
Gm26526,-0.013772648,0.6353213
A230077H06Rik,0.0017812838,0.4226497
Gm28307,0.0,1.0
Vstm2b,0.010856749,0.3546453
AI987944,-0.0018461943,0.93644285
Gm17102,-0.0025132026,0.22961798
Gm20449,0.0,1.0
Vmn2r57,0.0,1.0
AW146154,-0.0060000783,0.413303
2610021A01Rik,0.003221294,0.76500183
Zfp788,-0.01238847,0.087592386
Zfp141,-0.0066351155,0.51460814
Gm7221,-0.00071820937,0.42264965
9830147E19Rik,0.008285033,0.57655185
Gm5595,-0.0012905528,0.3014885
Zfp715,0.0033276118,0.6900206
Siglecf,0.01762995,0.060636256
Siglecg,0.0036971518,0.4840593
Nkg7,0.034888025,0.4410415
Etfb,-0.32628614,0.07908816
Vsig10l,-0.0012470963,0.8390088
Iglon5,-0.005889749,0.34610605
4931406B18Rik,0.0,1.0
RP23-74K24.8,0.0029923683,0.51347023
Cd33,-0.0035574585,0.9722691
Zfp658,0.016102847,0.25112852
Zfp719,-0.013552319,0.46170145
Zfp819,0.009728348,0.1302021
Siglece,0.0039331764,0.9536719
Ctu1,0.013118762,0.49991125
Klk13,0.0,1.0
Klk10,0.0,1.0
Klk9,0.0,1.0
Klk8,0.0110216625,0.37776446
Klk7,0.0,1.0
Klk6,-0.00030383875,0.91842264
1700028J19Rik,0.002683984,0.24653046
2410002F23Rik,0.025543995,0.2419386
Clec11a,0.040131584,0.17315279
Shank1,0.016321626,0.040622886
1700008O03Rik,0.0037277238,0.6791818
Syt3,-0.0046697003,0.487032
Lrrc4b,0.039664064,0.046194825
Aspdh,0.0,1.0
Josd2,0.028294474,0.50003755
RP23-455C13.7,-0.00023024766,0.42264965
Emc10,0.041706175,0.38746813
Fam71e1,0.024946243,0.105717316
Mybpc2,0.004151314,0.42470482
Spib,-0.0009085226,0.4226497
Pold1,0.017117871,0.062847465
Nr1h2,0.025025368,0.5664591
Napsa,0.14520873,0.32102573
Gm15396,-0.00046213088,0.4226497
Kcnc3,-0.018109553,0.04486844
RP24-325H17.1,-0.0015325871,0.42264965
Myh14,-0.020702094,0.42228192
2310016G11Rik,0.006320635,0.1619281
Zfp473,-0.0011999048,0.30226004
Vrk3,0.010728091,0.5832401
Atf5,0.014987007,0.6964199
Nup62,0.020697597,0.3968049
Il4i1,-0.0004599453,0.4226497
Tbc1d17,0.03872233,0.054729614
Akt1s1,-0.012131959,0.6976037
Pnkp,0.012934148,0.8698641
Ptov1,0.09864169,0.17051294
Med25,0.009582177,0.7798201
Fuz,-0.00034320354,0.979844
Ap2a1,-0.018320203,0.61629504
Tsks,0.0064009055,0.11289309
Cpt1c,-0.0055140033,0.74964935
RP24-308M10.2,0.003167827,0.6466956
Prmt1,0.047401726,0.29229778
Gm15545,0.023978196,0.20439607
Bcl2l12,0.032584336,0.06788197
Irf3,0.03951908,0.034813505
Scaf1,0.011606097,0.49180195
Rras,0.21964344,0.102191724
Prr12,0.042023946,0.2614303
Prrg2,-0.00019892305,0.9921546
Nosip,0.06350378,0.017378572
Rcn3,0.023269769,0.34552085
Fcgrt,0.032369033,0.57988495
Rps11,0.2318275,0.05004424
Rpl13a,0.2438221,0.14050241
Flt3l,-0.0078155445,0.26539668
Aldh16a1,-0.0015817583,0.86845326
Pih1d1,0.057043403,0.15844989
Slc17a7,-0.0023437007,0.4868184
Ccdc155,0.0022685148,0.32479158
Dkkl1,0.0035635666,0.54937094
Tead2,-0.0056520104,0.50569844
Cd37,0.03147664,0.62449974
Cd37-1,0.0,1.0
Trpm4,-0.010743773,0.315843
Hrc,0.0,1.0
Ppfia3,0.0120654125,0.2706585
Lin7b,-0.0056638396,0.4021443
Snrnp70,0.15718257,0.17461248
Kcna7,0.0026696716,0.4734198
Ntf5,-0.03784843,0.07256776
Lhb,-0.019998625,0.2184424
Ruvbl2,0.16721368,0.18873575
Gys1,-0.04702053,0.05815137
Ftl1,0.45227957,0.06340062
Bax,0.049070865,0.28825888
Dhdh,0.004976516,0.61177456
Nucb1,-0.21116346,0.1562583
Tulp2,-0.00043712984,0.42264965
Ppp1r15a,0.14530312,0.047549058
Plekha4,0.0006197402,0.894343
Hsd17b14,0.0,1.0
Bcat2,-0.016835187,0.6686106
Izumo1,0.0,1.0
Rasip1,-0.0039604604,0.28871018
Mamstr,-0.0006048299,0.42264977
Fut2,0.0,1.0
Sec1,-0.0040625343,0.4769043
Ntn5,0.000869414,0.51925474
Car11,-0.0056467857,0.2925047
Dbp,0.4560942,0.21901198
Sphk2,0.009760581,0.6070259
Rpl18,0.19289434,0.052628458
Fam83e,0.0,1.0
Sult2b1,-0.00050530554,0.42264965
Lmtk3,0.006167277,0.124603994
Cyth2,0.060901,0.08604372
Kcnj14,0.0,1.0
Grwd1,-0.00094780326,0.8650031
Grin2d,0.0,1.0
Kdelr1,-0.0065189004,0.7572205
Syngr4,-0.0010266255,0.5369604
Tmem143,-0.0030509531,0.644193
Emp3,0.20089933,0.1497034
Ccdc114,0.079374306,0.09871248
Abcc6,0.0,1.0
Nomo1,-0.011923611,0.6334356
Abcc8,-0.00041624496,0.4226497
Ush1c,0.0051554022,0.25785726
Kcnc1,0.0,1.0
Sergef,-0.020407282,0.28951773
Tph1,0.0,1.0
Saal1,0.017508566,0.24213998
Saa3,0.0067031533,0.95424974
Saa1,0.0,1.0
Saa2,0.0,1.0
Hps5,0.021996364,0.36569095
Gtf2h1,0.009724677,0.55010474
Ldha,-0.29163474,0.034808736
Ldhc,-0.0010697513,0.6219135
Tsg101,-0.0034315884,0.94304633
Uevld,0.0053484216,0.42605847
Gm9999,0.0,1.0
Spty2d1,0.028439522,0.5957993
RP23-218K15.3,0.04818239,0.09414576
Tmem86a,-0.07977754,0.21679631
Ptpn5,-0.0067481645,0.32302573
RP24-444C13.27,0.0,1.0
Mrgpra2a,-0.020945637,0.61148196
Mrgpra2b,-0.03900659,0.7511986
Zdhhc13,-0.011078734,0.48201287
Csrp3,-0.0011448478,0.4226497
E2f8,-0.005745959,0.4026488
Gm2788,0.0015172374,0.53126496
Nav2,0.015833765,0.60123396
RP23-378D16.4,0.0036359394,0.42975488
RP23-378D16.5,0.0,1.0
Htatip2,-0.0055244714,0.77106124
Prmt3,0.030084092,0.25748295
Slc6a5,0.0,1.0
Nell1,0.0,1.0
Ano5,0.0,1.0
Slc17a6,-0.0011202969,0.42264977
Fancf,0.0045721363,0.3914358
Gas2,0.014887862,0.1525537
Svip,-0.04449077,0.34044802
Luzp2,0.010105981,0.34387374
Siglech,0.05436636,0.2096266
Tubgcp5,0.028725237,0.2677434
Cyfip1,0.15690845,0.124278605
Nipa2,-0.03454177,0.3291374
Nipa1,-0.014352545,0.6025823
Herc2,0.01602263,0.20176816
Oca2,-0.088112816,0.23908702
Gabrg3,0.0069180955,0.396023
Gm9962,0.0,1.0
Gabra5,0.005306268,0.6022979
Gabrb3,0.00047003478,0.94053197
Atp10a,0.009544748,0.28235725
Ube3a,0.0072922707,0.93823427
Gm38393,0.005194323,0.5045587
Snrpn,-0.1622707,0.11996026
RP24-236C17.2,0.0,1.0
RP24-236C17.3,0.0,1.0
A230006K03Rik,0.001148638,0.4226497
RP23-407N2.2,0.0,1.0
RP24-274B19.1,-0.00053966016,0.3201497
RP24-274B19.2,0.0,1.0
RP23-54G8.4,0.0015840363,0.26986936
Gm9801,-0.000996339,0.42264965
Ndn,0.04179707,0.5148934
Magel2,0.0,1.0
Mkrn3,-0.002216198,0.29890913
Peg12,0.0,1.0
Chrna7,0.0011397861,0.4226497
Otud7a,0.004202976,0.36308986
RP23-212H18.4,0.0,1.0
Klf13,0.06576419,0.5506876
E030018B13Rik,0.0,1.0
RP23-402A4.1,0.0,1.0
Trpm1,-0.0017281796,0.5302924
Mtmr10,0.0021677949,0.8897014
Gm20457,0.002473783,0.2903151
Fan1,0.00742409,0.21625273
Mphosph10,0.06158045,0.17890137
Mcee,-0.29289383,0.08231116
Apba2,0.043032914,0.21309182
Fam189a1,0.009876263,0.020306662
Ndnl2,-0.0027885735,0.9113786
Tjp1,0.07994426,0.0025264637
BC046251,0.0,1.0
Tarsl2,0.028198019,0.31141278
Tm2d3,-0.11670874,0.04447853
1810008I18Rik,0.0022012684,0.48006245
Pcsk6,0.017341055,0.3627223
Snrpa1,0.05373667,0.26685998
RP24-172H24.1,0.0017376238,0.50513387
Vimp,-0.1811167,0.09359203
Chsy1,0.0030631348,0.9428118
Lrrk1,0.058195204,0.16907616
RP23-49I18.5,0.010185389,0.23869029
Aldh1a3,0.009042796,0.2389948
Asb7,0.0068991147,0.75505596
Lins1,0.011384837,0.38847375
Cers3,-0.00077467854,0.4226497
Adamts17,0.0069029494,0.18627188
1700112J16Rik,-0.0008791558,0.7019628
Lysmd4,0.0006399285,0.86691964
Mef2a,0.21057197,0.08205461
RP23-152B12.3,0.0,1.0
Lrrc28,0.004778892,0.41803262
Ttc23,-0.01363576,0.35544315
Synm,0.104265586,0.13032724
4833412C05Rik,0.0,1.0
Igf1r,0.05008708,0.51554424
Pgpep1l,0.010348264,0.4322941
Gm16157,0.021310203,0.14002132
Fam169b,0.0009768885,0.8755314
Arrdc4,0.010757599,0.6030006
RP23-474J16.2,0.0064634997,0.35099402
RP24-286L23.3,0.00017191624,0.7469216
Nr2f2,0.0009726137,0.9639999
RP23-449M8.6,0.0,1.0
RP23-449M8.5,0.0011705179,0.556077
Mctp2,0.0017206334,0.9051345
RP24-136L4.5,0.0084319245,0.37503994
RP24-136L4.6,0.0018068571,0.37791395
A730056A06Rik,4.490593e-05,0.9746011
Rgma,0.059028238,0.16088142
Chd2,0.0568987,0.2881929
RP23-32A8.5,0.0,1.0
RP23-32A8.10,0.0,1.0
Fam174b,0.017719315,0.23265758
RP23-235M8.7,0.006726473,0.032459408
St8sia2,0.07752125,0.053750552
Slco3a1,0.060409386,0.03400088
Gm7580,0.00077625277,0.42264977
RP23-268E17.1,0.0,1.0
Sv2b,0.003839974,0.30529115
Akap13,0.105536416,0.33837253
AU020206,0.02174469,0.36283737
Klhl25,0.011408981,0.22968741
Agbl1,0.0,1.0
Ntrk3,0.015605142,0.26884022
Gm9885,0.012179542,0.013667927
Mrpl46,-0.009795129,0.55686873
Mrps11,-0.027499571,0.31799683
RP23-92E8.2,0.0,1.0
Det1,0.018109465,0.22829092
RP23-53O7.2,0.0003604659,0.65960515
Aen,0.015364595,0.32137012
Isg20,0.027626565,0.44362816
Gm26633,0.0,1.0
Acan,0.0,1.0
Hapln3,-0.00032251503,0.65498084
Mfge8,-0.25419134,0.13931751
Abhd2,-0.40239322,0.030860076
Rlbp1,0.0003565848,0.9950052
Fanci,-0.00012289546,0.9856731
Polg,-0.0067796484,0.54788065
AI854517,0.005926111,0.50487465
RP23-207N5.2,0.0013830037,0.486145
RP23-207N5.5,0.0,1.0
RP23-207N5.4,0.0,1.0
Rhcg,0.0,1.0
Ticrr,0.008551427,0.35558435
Kif7,0.003970717,0.2326603
9330171B17Rik,0.0026781468,0.42264977
Plin1,0.0024480505,0.42264965
Pex11a,-0.038118497,0.1505737
Wdr93,0.09274015,0.065462604
Mesp2,0.0074125603,0.3320815
Anpep,0.0061926674,0.5449925
Ap3s2,0.033211492,0.36252
Gm26646,0.0,1.0
Arpin,0.04815428,0.06537922
Zfp710,0.08169052,0.06116007
RP24-174G2.4,0.0055016833,0.19959867
RP24-259P13.2,0.0009283473,0.6599028
Idh2,0.17435127,0.050942954
Sema4b,0.012474682,0.49995252
Cib1,0.052276433,0.18107237
Gdpgp1,0.004175445,0.5069038
Ttll13,0.029129026,0.35074398
Ngrn,0.035031542,0.17915
Vps33b,0.0016705319,0.91616315
Rccd1,0.025953513,0.21776713
Prc1,-0.01004496,0.44543284
6330403N20Rik,0.0017287517,0.28308007
Unc45a,0.010350287,0.7470269
Hddc3,0.024565734,0.398953
Man2a2,-0.025397882,0.38612032
Fes,0.075723134,0.30132213
Furin,-0.0031431913,0.93849736
RP23-137A24.6,0.0013232961,0.3589011
Blm,0.017584745,0.21455587
Crtc3,0.108856186,0.099702165
Gm15880,0.002249051,0.2130072
Iqgap1,0.22243816,0.3148446
Zscan2,-0.00198445,0.69807124
Wdr73,0.0419093,0.35504553
Nmb,0.123350434,0.006624487
Sec11a,0.025404096,0.8184168
RP24-120F8.4,-0.002211088,0.31626883
Zfp592,0.032808047,0.4181939
Alpk3,0.020214114,0.05483378
Pde8a,0.019390661,0.031574562
Rps17,-0.002996087,0.95638174
Cpeb1,0.028423373,0.049862932
Ap3b2,0.006491321,0.37490684
2900076A07Rik,0.0021819621,0.8822417
Fsd2,0.0,1.0
Whamm,0.020557292,0.1834252
Homer2,-0.002699986,0.6442451
Fam103a1,-0.0212726,0.6033735
3110040N11Rik,-0.01313021,0.58818144
Btbd1,-0.020286977,0.6900354
Tm6sf1,0.08250345,0.350077
RP23-423B21.7,-0.0012606885,0.4226497
Hdgfrp3,0.04054845,0.40563864
Sh3gl3,0.0041819336,0.3520413
Adamtsl3,0.020967968,0.13868935
Saxo2,0.030211091,0.47781146
Eftud1,0.003521353,0.8316265
4933406J10Rik,0.0,1.0
RP23-272F2.2,-0.0003960201,0.42264965
Mex3b,0.014807026,0.47770864
RP23-332G12.1,0.0,1.0
Tmc3,-0.00044812993,0.42264965
Gm16638,0.018133402,0.21926221
Stard5,0.023035739,0.2260587
Il16,0.0638295,0.13888238
Cfap161,0.2619806,0.096057005
Mesdc1,0.024831869,0.042732555
Mesdc2,0.027041823,0.33846343
Cemip,0.029519884,0.3088479
Abhd17c,0.0064871944,0.65955704
Arnt2,-0.0059526004,0.7671408
RP24-118K20.1,0.0,1.0
Gm2115,-0.0046014367,0.41314358
Fah,0.00041075796,0.98686945
Zfand6,-0.017451286,0.7075874
2610206C17Rik,-0.00059307326,0.42264965
Folh1,0.010542573,0.3077202
Nox4,0.0048880875,0.19099735
Grm5,-0.0012401274,0.4226497
Ctsc,-0.05951512,0.1948261
Gm26522,0.043629825,0.15048426
RP24-330M21.1,0.0077873697,0.41522425
Rab38,-0.015674675,0.30709156
Tmem135,-0.0027892888,0.90528244
Fzd4,-0.100787744,0.03302944
Prss23,-0.012851883,0.27109927
A230065N10Rik,0.0034338203,0.35926285
Me3,-0.0013104901,0.96626735
Ccdc81,0.13717853,0.06862323
l7Rn6,-0.06453091,0.10247624
Eed,0.047447577,0.14144368
Picalm,0.1354543,0.3896479
Ccdc83,0.0,1.0
Sytl2,-0.04370168,0.114163674
Ccdc89,0.04668628,0.31364232
Crebzf,0.040535867,0.119270094
Tmem126a,-0.0768694,0.13610262
Tmem126b,-0.014545791,0.49269733
RP24-267C3.3,0.005759293,0.4286451
Dlg2,0.008841804,0.26652822
RP23-344G21.5,0.0,1.0
Ccdc90b,-0.0128784925,0.5554838
Ankrd42,0.09092258,0.03676127
Gm26944,0.008089582,0.43284574
Pcf11,0.10901959,0.1534152
Gm26981,0.005766606,0.5312353
Rab30,0.039083794,0.19527583
Ddias,-0.0022353418,0.3494071
Prcp,0.07715069,0.039920468
Gm9934,0.0017136456,0.5747616
Fam181b,0.045222204,0.14114757
Tenm4,-0.05537709,0.21711773
RP23-8M3.5,0.0,1.0
Nars2,-0.011335005,0.142418
Gab2,-0.0059767216,0.4235175
Usp35,-0.0002936963,0.9774469
Kctd21,0.018865045,0.22940207
Alg8,-0.025518415,0.20530055
Ndufc2,-0.41041124,0.06106147
Thrsp,0.018692298,0.38239428
Kctd14,-0.015326917,0.5088023
Ints4,0.01634901,0.36145917
Aamdc,-0.02989471,0.32659307
Rsf1,0.08705424,0.3057128
Rsf1os1,0.0,1.0
Rsf1os2,-0.0006858447,0.55511314
Clns1a,-0.01048848,0.7006165
Aqp11,-0.01623578,0.5353765
Pak1,0.039574366,0.039203648
Myo7a,0.09916483,0.22839034
Capn5,-0.00715579,0.040412925
Omp,0.0,1.0
B3gnt6,0.0,1.0
Acer3,0.11099137,0.09254587
Tsku,0.07832527,0.10599163
Lrrc32,0.010314534,0.53292567
Emsy,0.06300824,0.04812796
Prkrir,6.338954e-05,0.9973169
RP23-331A21.6,0.0,1.0
Wnt11,0.020865673,0.2617979
Uvrag,0.031253643,0.24726602
RP23-16L19.5,0.0,1.0
RP23-16L19.4,-0.00018803698,0.42264965
Dgat2,0.13539207,0.22628497
Mogat2,-0.001216412,0.23395146
Gm26705,0.0,1.0
Map6,0.026983388,0.025374506
Serpinh1,-0.046877235,0.5463232
Gdpd5,0.021865793,0.3970305
Klhl35,0.010631275,0.09156445
Rps3,0.25336754,0.087436624
Arrb1,0.06544452,0.09644913
Tpbgl,0.009657349,0.046081953
Gm10605,0.0011783317,0.76465225
Slco2b1,0.074756265,0.14153942
Gm15635,-0.0006717029,0.92941207
RP23-152P5.3,0.0,1.0
F730035P03Rik,0.0,1.0
Neu3,0.022554595,0.03532122
Spcs2,0.10806537,0.24343115
Xrra1,0.01981518,0.168176
RP23-428N8.3,-0.0003705479,0.42264977
Rnf169,0.024336778,0.28029904
Chrdl2,-0.00062205363,0.87567
Pold3,0.040791772,0.07807926
Lipt2,-0.00028396957,0.96625996
Kcne3,0.0014474962,0.7302254
Pgm2l1,0.0055371225,0.6349545
P4ha3,0.05464346,0.02348355
Ppme1,0.018122733,0.45748642
C2cd3,0.08869191,0.11468357
Gm10603,0.0001322891,0.83172077
Ucp3,0.0,1.0
Ucp2,0.047238708,0.55407816
Dnajb13,0.09973018,0.1017349
Coa4,0.0052048266,0.8314382
Mrpl48,0.037949294,0.34608623
Rab6a,0.0940769,0.17145936
Plekhb1,0.34903654,0.008819559
RP23-299D2.2,-0.00033224476,0.42264965
Fam168a,0.06654087,0.15659463
Relt,0.031197196,0.07746555
Arhgef17,-0.009327747,0.7777409
P2ry6,0.029041562,0.16046594
P2ry2,0.00010756776,0.98354375
Fchsd2,0.07075409,0.2646929
Atg16l2,0.005169792,0.7238251
Stard10,-0.07335609,0.2624884
Arap1,0.11064454,0.12390907
Pde2a,0.0051969457,0.8000669
Clpb,0.0014974177,0.9389982
Phox2a,0.0,1.0
Inppl1,0.039607845,0.2627984
Folr2,-9.24035e-05,0.98283094
Folr1,-0.7717163,0.066987425
Anapc15,-0.012436055,0.6491684
Tomt,-0.0007465393,0.4226497
Lamtor1,0.048000157,0.45119837
Lrrc51,0.15419403,0.16991451
Numa1,0.06223412,0.11092096
Il18bp,0.0009057373,0.97232383
Rnf121,0.0073371828,0.79467654
Xndc1,0.011198283,0.3111038
Xntrpc,0.0022596978,0.48534095
Art1,0.0007352044,0.4226497
Chrna10,0.0011240892,0.42264977
Nup98,0.016882729,0.26535296
Pgap2,0.029971011,0.1307232
Rhog,0.12631579,0.3819228
Stim1,0.022813194,0.5728979
Rrm1,0.02677783,0.1956749
Trim21,0.0049126428,0.67081165
Trim68,0.0023673028,0.8772408
Olfr558,0.0,1.0
Olfr570,-0.0051502935,0.13186473
Olfr574,-0.0015978568,0.4226497
Hbb-bt,-0.0032623387,0.7174668
Hbb-bs,0.016786829,0.723934
Hbb-y,0.0,1.0
Olfm5,-0.0009197846,0.42264965
Trim6,0.003396116,0.35917953
Trim34a,0.023487201,0.15272377
Trim5,0.015558999,0.21985294
Trim12a,0.04981195,0.19788812
Trim34b,0.0,1.0
Gm15133,0.0042242673,0.33603185
Trim12c,0.08323979,0.13752824
Trim30b,0.011749245,0.8584142
Trim30c,7.0321956e-05,0.9730664
Trim30a,0.11863636,0.16658409
Trim30d,0.031634297,0.14264905
Olfr658,0.0,1.0
Gm5900,-0.00061205256,0.42264977
Fam160a2,-0.021201432,0.12239424
Cnga4,-0.0010308801,0.4226497
Cckbr,0.032866433,0.26746735
Prkcdbp,0.15556641,0.0055733733
Smpd1,-0.22842196,0.101666525
Apbb1,-0.011906892,0.6926504
Hpx,0.000243772,0.85618615
Trim3,-0.0015626922,0.9340424
Arfip2,-0.02953504,0.3803638
Timm10b,-0.01709783,0.7555465
Dnhd1,-0.0012900238,0.7547297
Rrp8,0.03098061,0.090424635
Ilk,0.10240358,0.02516849
Taf10,0.08461565,0.026998518
Tpp1,-0.14067724,0.23769186
Dchs1,0.12791404,0.014810832
Mrpl17,-0.040783435,0.49171656
Gm4070,0.014274359,0.15125082
Gvin1,0.010465142,0.31297424
Syt9,-0.020353392,0.4056396
Olfml1,0.026070103,0.18942963
RP23-170L10.2,-0.00018803698,0.42264965
Ppfibp2,-0.0751684,0.18221748
5330417H12Rik,0.0,1.0
Cyb5r2,-0.002228279,0.08380398
Nlrp10,0.004161459,0.29295054
Eif3f,0.23695934,0.09863197
Tub,0.02128547,0.29762405
Gm26599,0.0,1.0
Ric3,0.02588085,0.32827166
Lmo1,-0.0012410004,0.9473378
Stk33,0.095312014,0.13141388
1700095J03Rik,0.0070162322,0.50929725
Trim66,0.008984631,0.20760669
Rpl27a,0.24044466,0.0055283806
St5,-0.015239984,0.6391523
Akip1,0.0713855,0.16477944
BC051019,0.13476247,0.14733806
Ascl3,0.002475801,0.21522444
Tmem9b,-0.017953709,0.55161357
Nrip3,0.0043172976,0.36859494
Scube2,-0.00028891335,0.4226497
Dennd5a,0.15526657,0.08337959
Tmem41b,0.01536452,0.33146653
1600010M07Rik,0.026268259,0.19911653
Ipo7,-0.0038136542,0.9008486
AA474408,0.006327775,0.26931307
Zfp143,0.017221184,0.24004835
Wee1,0.024711318,0.21350312
Swap70,0.016529638,0.40933707
Sbf2,0.022759713,0.301461
Adm,0.022088189,0.12255521
Ampd3,0.05537562,0.036865883
Rnf141,0.014701217,0.41135323
Lyve1,0.0003410878,0.8912435
Mrvi1,0.0062447526,0.032842442
Ctr9,0.028484985,0.2035583
Eif4g2,-0.05327046,0.65548503
Galnt18,0.021492451,0.097323686
Usp47,-0.0025886595,0.9065853
Dkk3,0.10406617,0.08033769
Mical2,0.017523728,0.049076047
Micalcl,-0.0017986338,0.2752677
Parva,-0.11413202,0.09853672
Parvaos,0.003981402,0.577104
Tead1,0.0011539161,0.9639882
Rassf10,0.0015772381,0.28843576
Arntl,-0.0107626915,0.46453577
Btbd10,-0.08619474,0.048087224
Far1,0.057611942,0.08061279
Far1os,0.0,1.0
Spon1,0.015455209,0.23194307
Rras2,0.008219808,0.6679502
Copb1,0.020140857,0.7519627
Psma1,0.1866332,0.06367801
4933406I18Rik,0.005063683,0.3745229
Pde3b,0.026688408,0.21998149
Cyp2r1,0.0026804353,0.77124447
Calca,0.0,1.0
Insc,0.0038279714,0.782646
RP23-477O13.1,0.0,1.0
Sox6,0.07680834,0.030412624
Sox6os,-0.004248897,0.38213786
1110004F10Rik,0.091058254,0.28141984
Gm4353,-0.0010499764,0.1846684
Plekha7,0.00045325607,0.957754
Rps13,0.119684935,0.07369022
RP23-335G1.1,0.0046843477,0.5760138
Pik3c2a,0.022329614,0.5750029
Nucb2,-0.0014183,0.9384596
RP24-143K11.1,-0.00037176034,0.73934853
RP24-143K11.2,0.0040096394,0.18496925
Xylt1,0.030004345,0.48371133
Rps15a,0.021165848,0.89737153
Arl6ip1,-0.6127311,0.06396449
Smg1,0.09903335,0.114723146
RP23-213H1.2,0.0,1.0
Syt17,0.0023749527,0.8701127
Itpripl2,0.038159937,0.29180124
Coq7,-0.16621977,0.16292287
Tmc7,0.011309171,0.08824605
RP24-185P7.1,0.046204537,0.28604394
Tmc5,-0.00018803698,0.42264965
Gde1,-0.49531466,0.06651866
Ccp110,0.08853889,0.07932561
9030624J02Rik,0.015356049,0.4658214
Knop1,0.08050577,0.13951403
Iqck,0.13789101,0.09897613
RP23-446E13.1,-0.003817108,0.36337614
Gprc5b,0.17314062,0.050095197
Gpr139,0.0,1.0
Gp2,0.0,1.0
Acsm5,0.009845498,0.28615505
Thumpd1,0.017837856,0.465335
RP24-263G24.2,0.0,1.0
Acsm3,0.0,1.0
Eri2,0.013507105,0.1418758
2610020H08Rik,-0.0036555873,0.58078295
Dcun1d3,0.01608946,0.34091496
Lyrm1,0.023416128,0.009482954
Dnah3,0.07380419,0.20207264
Tmem159,0.008903608,0.7237895
Crym,-0.0007587238,0.4226497
Abca14,0.0,1.0
Uqcrc2,-0.019693792,0.84177357
Pdzd9,0.008320846,0.30617818
9030407P20Rik,0.0066477126,0.53935486
BC030336,-0.014855117,0.5607066
Vwa3a,0.1039027,0.19980636
Eef2k,0.09101064,0.23478615
Polr3e,0.018520199,0.22145613
Cdr2,-0.21279238,0.116721034
4933427G17Rik,0.00018583561,0.82154363
Mettl9,-0.18312913,0.09095856
Igsf6,0.099341705,0.25706583
Otoa,0.001340334,0.5825205
Hs3st2,0.0,1.0
RP23-2D23.2,0.0,1.0
Usp31,0.026906375,0.06612466
1700069B07Rik,5.9013488e-05,0.9702736
Scnn1g,-0.0019009942,0.1942355
Scnn1b,-0.0017903596,0.15135013
Cog7,-0.0756596,0.20303042
RP23-133N24.2,0.0031054132,0.4226497
Gga2,-0.008913815,0.67444885
Ears2,0.028328467,0.27886787
Ubfd1,-0.019072488,0.2038894
Ndufab1,-0.18008268,0.19147891
Palb2,0.013383774,0.193689
Dctn5,0.004114829,0.9014529
Gm15489,0.011199608,0.41774145
Plk1,0.0011603851,0.8921138
Chp2,0.0011604339,0.52132463
Prkcb,0.10993493,0.123335704
Cacng3,0.0,1.0
Rbbp6,0.12636882,0.11818192
Tnrc6a,0.095542505,0.2919527
Slc5a11,0.0070682527,0.35187915
Arhgap17,0.11630639,0.13740222
Lcmt1,0.004611507,0.83467776
Zkscan2,0.02799598,0.20372026
Gm27040,0.0,1.0
Hs3st4,0.0,1.0
3100003L05Rik,-0.002049891,0.1734015
RP24-63N24.1,0.0013436733,0.68517756
Kdm8,-1.8414576e-05,0.9963714
Nsmce1,0.04641144,0.22554548
Il4ra,0.03612125,0.552013
Il21r,0.021397129,0.0013311679
Gtf3c1,0.0076401755,0.49485826
D430042O09Rik,0.10922596,0.111428075
Gsg1l,0.0,1.0
Xpo6,0.018276006,0.7088862
Sbk1,0.009318034,0.36590233
RP23-407J24.3,0.0025958465,0.23500113
Lat,0.0022562623,0.16586055
Spns1,0.006101899,0.8709073
Nfatc2ip,0.016052816,0.38964662
Cd19,0.0,1.0
Rabep2,0.022152156,0.22071855
Atp2a1,0.0,1.0
Sh2b1,0.022454232,0.069442675
Tufm,0.012911893,0.54286146
Atxn2l,0.06508057,0.38357374
Eif3c,0.09829229,0.077869736
Cln3,0.062068515,0.06825526
Apobr,0.025363162,0.51669705
Il27,0.0034713973,0.6668831
Nupr1,0.16361728,0.082346804
2510046G10Rik,0.07073037,0.15615109
Sgf29,0.025181822,0.28703612
Sult1a1,-0.0067351162,0.91717243
Slx1b,0.029357893,0.37368286
Bola2,-0.014710426,0.89168036
Coro1a,0.27471155,0.36146674
RP23-421P23.4,0.0,1.0
Mapk3,0.12203756,0.08685265
Gdpd3,-0.009123407,0.7879004
Ypel3,0.2564358,0.11793867
Tbx6,-0.0006185584,0.8614355
Ppp4c,0.12293357,0.051394314
Aldoa,-0.43547142,0.084111884
Fam57b,-0.0017706547,0.33821467
Doc2a,-0.0009810681,0.18535304
Ino80e,0.09087689,0.08203898
Hirip3,0.10138988,0.15982999
Taok2,0.05037774,0.2733276
Tmem219,0.09409717,0.014248607
Kctd13,0.07669226,0.10047074
Asphd1,-0.00035610702,0.4226497
Sez6l2,0.12585583,0.061846074
D830044I16Rik,0.04338371,0.20845611
Cdipt,-0.035686865,0.061421443
Mvp,0.042810842,0.31403795
Pagr1a,0.0056057638,0.32526657
Gm42742,0.0,1.0
Prrt2,-0.00035364332,0.4226497
Maz,0.07000211,0.013045493
Kif22,0.0005146563,0.9586658
RP23-142A14.9,0.0,1.0
AI467606,0.0668543,0.24749947
Qprt,0.0032627988,0.45360667
Spn,0.16028748,0.24872126
Cd2bp2,0.030805804,0.24212848
Tbc1d10b,0.07995531,0.012730349
Mylpf,-0.004297075,0.23735194
Sept1,-0.02332449,0.07237684
Zfp553,0.026452132,0.05600394
Zfp771,-0.06879398,0.13583913
Dctpp1,0.05795496,0.03534089
Sephs2,0.03947957,0.3754115
Itgal,0.25214705,0.18793698
Zfp768,0.016203519,0.26661956
Zfp747,0.018124841,0.029869935
9130019O22Rik,0.0029618037,0.6535355
E430018J23Rik,0.00492371,0.42992362
Zfp764,0.009167766,0.36345842
Zfp688,0.011249371,0.45448434
RP23-4H17.3,0.019531172,0.2898077
Zfp689,0.001086331,0.8360381
Prr14,0.0047883242,0.85497904
Fbrs,0.08038563,0.18719985
1700008J07Rik,0.030298244,0.31346944
Srcap,0.023538167,0.14121114
Gm42715,-0.004624982,0.23287487
Gm28198,0.00040344775,0.42264965
Phkg2,-0.0019094646,0.94098926
Ccdc189,0.026073426,0.5643488
Rnf40,0.011491269,0.40059844
RP24-159C12.10,0.0008015615,0.7024786
1700120K04Rik,0.0,1.0
Zfp629,-0.017682092,0.08610472
Bcl7c,0.13934231,0.0482555
RP23-430B14.2,0.0,1.0
Ctf1,-0.003347665,0.91597825
Ctf2,0.0,1.0
Fbxl19,0.016535547,0.19021533
Orai3,0.035429537,0.34213418
Setd1a,0.028281035,0.25501087
Hsd3b7,-0.00031983966,0.4226497
Stx1b,0.010195237,0.09994922
Stx4a,0.0033954382,0.84581673
Zfp668,0.016919551,0.27826113
Zfp646,0.017529774,0.32960424
Prss53,-7.817242e-05,0.9907615
Vkorc1,-0.018171594,0.56234545
Bckdk,0.0015233457,0.92497677
Kat8,0.012396947,0.5981712
Prss8,-0.0013085239,0.4226497
Prss36,0.019884083,0.042107843
Fus,0.40955496,0.09322297
Gm26690,0.008090325,0.24611329
Pycard,0.0740305,0.34379783
Trim72,0.0,1.0
Itgam,0.16381632,0.21866682
Itgam-1,-0.007832155,0.43989852
Itgax,0.07117038,0.25942144
Itgad,-0.0018940577,0.25192216
Cox6a2,-0.001222259,0.4226497
RP23-144N15.10,0.0,1.0
9130023H24Rik,-0.0066412548,0.09933857
Armc5,0.025335182,0.14500815
Tgfb1i1,0.014350632,0.40699112
Slc5a2,-0.00025197436,0.4226497
BC017158,-0.01209759,0.6050238
Rgs10,0.16588886,0.058417656
Tial1,0.06160903,0.21674018
Bag3,0.07016436,0.048180602
RP24-143L4.3,-0.001050861,0.42264977
Inpp5f,0.053779937,0.10034262
Mcmbp,0.056047007,0.20815745
RP23-172P1.2,0.0,1.0
RP23-172P1.4,0.0007633437,0.6417011
Sec23ip,0.0061025396,0.8009278
Plpp4,0.0021541321,0.6773929
RP23-223O9.2,0.00042115594,0.8571601
Wdr11,0.005810693,0.79326737
Fgfr2,0.021815315,0.6935907
Ate1,-0.010002494,0.8169069
RP23-182F18.2,0.0055623236,0.3836988
Gm4275,0.0,1.0
Nsmce4a,0.06152433,0.12460471
Tacc2,0.0661971,0.13512428
Btbd16,0.0013642836,0.6411293
Gm5602,-0.00022580168,0.42264977
Plekha1,0.009070292,0.31000906
Htra1,0.21435362,0.01821972
Cuzd1,0.0014480979,0.80283505
1700007K09Rik,0.0,1.0
2310057M21Rik,0.0047749244,0.74300647
Pstk,0.021734953,0.06781294
RP23-78N8.4,-0.0032933624,0.3203755
Ikzf5,0.054789282,0.22062263
Acadsb,-0.064725265,0.17504226
Bub3,0.09801546,0.30788013
Gpr26,0.0,1.0
Cpxm2,-0.02957838,0.19612254
Gm15677,-0.0023057957,0.06913947
Chst15,0.008225802,0.58515626
RP23-218E6.2,-0.0011540846,0.1998127
RP23-152P20.3,-0.0010777352,0.4226497
Oat,0.057403743,0.054632835
Lhpp,0.015028549,0.3177712
Gm15582,0.0,1.0
Fam53b,0.06018147,0.19447882
Mettl10,0.034829766,0.31181583
Fam175b,0.039965093,0.49608314
1500002F19Rik,-0.0053078867,0.36958566
Zranb1,0.040411502,0.23711126
Gm15718,0.003043438,0.4226497
Ctbp2,0.022215858,0.43494165
Edrf1,0.02725442,0.05155877
Uros,-0.0014780946,0.89760715
Bccip,0.021944597,0.2243182
Dhx32,0.009360135,0.51115376
Fank1,0.089703694,0.19827123
Adam12,0.0015751245,0.65464634
D7Ertd443e,0.0077807987,0.18366589
RP23-44H21.1,0.011816594,0.09468021
Dock1,0.04274635,0.4238556
Fam196a,0.0021248378,0.42264977
Nps,0.0,1.0
Ptpre,0.18374902,0.08506985
5830432E09Rik,-0.0021176394,0.8353624
Mki67,-0.0030361786,0.8683222
Mgmt,0.020574102,0.40861169
Ebf3,0.0024896828,0.6813433
9430038I01Rik,-0.0067375004,0.4155165
Glrx3,-0.3584636,0.10414194
Tcerg1l,0.01114581,0.585679
Mapk1ip1,0.0028443336,0.83336836
Ppp2r2d,0.03342843,0.4334262
Bnip3,-0.032248527,0.196053
Jakmip3,0.0024455371,0.40030792
Dpysl4,0.007252631,0.34532517
Stk32c,0.024367733,0.08349264
Lrrc27,0.0124221835,0.049452126
Pwwp2b,0.015808435,0.13739507
Inpp5a,0.009105355,0.5187333
Nkx6-2,0.054948717,0.0037040866
Cfap46,0.09162372,0.042669073
Adgra1,0.0325323,0.30150694
Kndc1,0.08209073,0.15359382
Utf1,0.0,1.0
Gm2044,0.0028451164,0.33354774
6430531B16Rik,0.042684857,0.29017225
Adam8,-0.049782056,0.61071324
Tubgcp2,0.026780091,0.049644455
Zfp511,0.042777285,0.027540866
Msx3,-0.00014841909,0.4226497
Caly,0.1149966,0.024117911
Prap1,0.004389674,0.46678546
Fuom,-0.13902521,0.0816471
Echs1,0.039603233,0.22391735
Paox,0.031363986,0.012566883
Mtg1,0.007109735,0.5946208
Sprn,0.0,1.0
Cd163l1,0.0,1.0
Cyp2e1,0.0,1.0
Syce1,0.0,1.0
Zfp941,-0.004795145,0.33914548
Urah,0.017019697,0.29876825
Scgb1c1,-0.007358386,0.048828483
Odf3,-0.0021228904,0.19365118
Bet1l,0.024702251,0.20956919
Ric8,0.0032874495,0.8398218
Sirt3,0.02643922,0.33040133
Psmd13,-0.002755165,0.92805713
Cox8b,-0.3912726,0.17006403
Athl1,0.034368876,0.027179651
Ifitm5,0.00056677405,0.7852604
Ifitm2,0.0770849,0.7817454
Ifitm1,0.08664346,0.78086126
Ifitm3,0.98405516,0.0940873
Ifitm6,0.045286387,0.8791406
B4galnt4,-0.0014171507,0.75621265
Pkp3,0.01441478,0.27357745
Sigirr,0.006670653,0.44331124
Ptdss2,-0.046694204,0.34550583
Rnh1,0.020114481,0.6703036
Hras,-0.22923264,0.083088525
Lrrc56,0.027260512,0.053505763
Lmntd2,-0.0019540368,0.30435452
Rassf7,0.014277525,0.16264473
Phrf1,0.014547698,0.64471066
Irf7,0.17773554,0.20812118
Sct,-0.00092468644,0.4226497
Deaf1,-0.026249088,0.2015876
Tmem80,-0.0132905245,0.59909415
Eps8l2,-0.05518245,0.08655486
Taldo1,0.2423082,0.30549982
Pddc1,0.12676649,0.0018028367
Cend1,-0.018630782,0.22596169
Slc25a22,-0.0027712546,0.83504945
Pidd1,-0.009530256,0.36589774
Rplp2,0.24439394,0.066223964
Pnpla2,0.019401744,0.68712366
Cracr2b,0.017843643,0.27533203
Cd151,0.07961936,0.30445483
Polr2l,-0.28559142,0.18592036
Tspan4,-0.00719177,0.79903597
Chid1,-0.122930765,0.069345206
Ap2a2,0.05920975,0.24624255
Gm16982,0.0,1.0
Tollip,-0.020883828,0.45351607
Brsk2,-0.0046603866,0.4474943
Mob2,0.027282916,0.08019333
Dusp8,0.008258561,0.6302151
Ifitm10,0.020573592,0.15372579
Ctsd,-0.58157516,0.03538726
Syt8,0.0,1.0
Tnni2,-0.0028573591,0.7358655
Lsp1,0.20870057,0.35082138
Tnnt3,0.007948269,0.06862811
Mrpl23,-0.013011605,0.723766
Igf2,-0.5049083,0.09959873
Igf2os,-0.0011540304,0.7716262
Ins2,-0.14323175,0.09106572
Gm6471,-0.005045901,0.30873126
Th,-0.0015781391,0.090656355
Ascl2,0.003053719,0.20342617
Tspan32os,0.00040754303,0.8775056
Tspan32,0.021329636,0.34917587
Cd81,-0.08161497,0.70469904
Trpm5,-0.0009951092,0.42264977
Tssc4,0.0151643455,0.61545056
Kcnq1,0.0020732116,0.4226497
Kcnq1ot1,0.27233356,0.03299601
4933417O13Rik,-0.001534399,0.42264965
Cdkn1c,-0.5311948,0.06686736
RP23-124B2.7,-0.000816888,0.4226497
Slc22a18,-0.033819485,0.05998505
Phlda2,0.010026664,0.43010348
Nap1l4,0.007851124,0.71151674
Cars,0.039221197,0.13964069
Gm15579,0.026209662,0.14279273
Tnfrsf26,-3.0869385e-05,0.98991424
RP23-6I17.1,-0.0016849048,0.43508795
Tnfrsf22,-0.0018219417,0.22345138
Tnfrsf23,0.027527709,0.01044389
Osbpl5,0.013296951,0.46798265
Mrgpre,-0.00094883563,0.4975176
Nadsyn1,0.0046607787,0.12629116
Dhcr7,-0.0016027465,0.94156516
Shank2,0.053490005,0.2357497
Gm14372,0.0037873508,0.5263491
Cttn,-0.045145094,0.37070718
Ppfia1,0.013106994,0.32654297
Fadd,0.007591741,0.38512775
Ano1,-0.00044127356,0.79440606
Fgf3,-0.0004599453,0.4226497
Gm26793,0.0,1.0
Fgf15,0.0,1.0
Oraov1,0.02730259,0.19406411
Ccnd1,0.01640386,0.64368576
Tpcn2,0.02445472,0.005435516
Mrgprf,0.0096902875,0.030351097
Ppp1r14c,0.03786909,0.20362595
Iyd,-0.0016520699,0.19580072
Plekhg1,0.023054937,0.24821693
Mthfd1l,0.021905221,0.3216129
Akap12,0.0340433,0.28218308
Zbtb2,0.00013360381,0.9852923
Gm21781,0.009817855,0.29158163
Rmnd1,-0.019244976,0.31082055
Armt1,-0.0026693568,0.81245524
Ccdc170,0.046804823,0.17518815
Esr1,0.009162298,0.27305695
Syne1,0.258378,0.16638367
Gm10097,0.0031342395,0.23283227
Myct1,0.0001084542,0.94081163
Vip,0.0,1.0
Fbxo5,-0.0024876092,0.43308705
Mtrf1l,-0.0003044568,0.98480403
Rgs17,-0.0002039477,0.4226497
Oprm1,0.0,1.0
Ipcef1,0.01688719,0.4413633
Cnksr3,-0.0043469146,0.786757
Ulbp1,0.00012272946,0.97377384
Lrp11,0.004558161,0.105863824
Pcmt1,0.0496974,0.4813388
Nup43,0.0019524358,0.9204111
Lats1,-0.016319953,0.49747944
Katna1,0.08661817,0.029230384
Ginm1,-0.0356929,0.5168198
B430219N15Rik,0.005964672,0.26144642
Ppil4,0.10036181,0.0389494
Zc3h12d,0.009928426,0.29553947
Tab2,0.11993697,0.20134284
Ust,0.008260006,0.07434818
Sash1,0.111495644,0.03737222
Gm26674,0.00032473594,0.6023291
Gm9930,-0.00026557845,0.790233
Samd5,0.015615167,0.32183748
Stxbp5,0.0018513612,0.93103546
Adgb,0.12241908,0.13140735
Rab32,0.026659831,0.5315038
Grm1,0.0,1.0
Shprh,0.061710227,0.15915324
4930432B10Rik,-0.0006331339,0.6379292
Fbxo30,0.020726558,0.2892444
Epm2a,0.012076801,0.17969999
Gm9797,0.00034340867,0.8798329
Utrn,0.0892003,0.10964856
B230208H11Rik,0.008749459,0.7472152
Stx11,0.011536412,0.87126464
Sf3b5,0.14113307,0.042204067
Plagl1,0.053179607,0.18714505
Ltv1,0.01902926,0.32390723
Phactr2,-0.13284306,0.13738513
Fuca2,-0.09940183,0.15925272
Pex3,0.0013187677,0.9677169
Adat2,-0.0017139735,0.81069535
Aig1,0.045339733,0.67608887
Hivep2,0.07428641,0.08945199
Gm26835,0.0,1.0
Adgrg6,-0.00061920966,0.6079719
Vta1,0.06364913,0.059591096
Nmbr,0.001435318,0.42264977
Cited2,0.19735476,0.007989494
Gm20655,0.0032412454,0.5797185
Txlnb,0.006642347,0.24915792
Heca,0.0042912103,0.8585151
Abracl,0.08986661,0.2834302
Reps1,0.018748246,0.08044995
Ect2l,0.018181516,0.072121106
Ccdc28a,0.0042163506,0.85286146
Gm10827,0.0068423506,0.20347221
Nhsl1,0.036091298,0.37296167
Hebp2,-0.066491276,0.08484111
Arfgef3,0.015146489,0.36977223
Perp,-0.24204308,0.047612224
Tnfaip3,0.06121605,0.14846656
Ifngr1,0.25244004,0.098260865
Il22ra2,0.0,1.0
Slc35d3,-0.00033224476,0.42264965
Pex7,0.051059037,0.2521154
Map3k5,0.017977037,0.60407364
Map7,-0.024895377,0.3822929
4933406P04Rik,0.008697929,0.10658382
Bclaf1,0.16133259,0.10024938
Mtfr2,-0.005551605,0.15296414
Pde7b,0.0017722971,0.63486785
Ahi1,0.07177296,0.1942149
Myb,0.12427703,0.09247212
Gm26577,-0.00055254623,0.4226497
Hbs1l,0.01732111,0.49813607
Aldh8a1,0.001814173,0.42264965
1700020N01Rik,-0.0024927105,0.41478598
Gm5420,0.0,1.0
Platr6,-0.0005222895,0.42264977
Sgk1,-0.16583908,0.19936882
E030030I06Rik,-0.010471693,0.32979804
Raet1e,0.00035114784,0.8894843
H60b,0.0,1.0
Gm26740,0.069166936,0.3027009
Gm26581,0.0,1.0
Raet1d,-0.004815631,0.36463207
Gm10825,0.0,1.0
Slc2a12,-0.24142312,0.116859965
Tbpl1,0.029138297,0.5472567
Eya4,0.009643422,0.08536149
Rps12,0.04127121,0.68756783
Slc18b1,-0.025376562,0.13347915
Vnn3,0.001930098,0.82119167
Vnn1,0.0071532126,0.15187788
Stx7,0.011600673,0.6336165
Moxd1,-0.0021676186,0.35204098
Ctgf,0.051181003,0.35071966
Enpp1,0.021166217,0.59310263
Enpp3,0.0,1.0
Med23,-0.0018863305,0.8711863
Akap7,0.090585336,0.09039384
Epb41l2,0.101683736,0.1166684
Smlr1,0.0114943255,0.3363186
Gm29571,0.0,1.0
Tmem200a,0.0,1.0
Gm9767,0.0,1.0
Samd3,-0.0045575732,0.20225579
L3mbtl3,-0.057254165,0.044386182
Arhgap18,0.027700156,0.3355532
Lama2,0.013552328,0.1850277
Ptprk,0.024758458,0.42975572
Themis,0.0013261097,0.4226497
Gm9996,-0.00015954045,0.8725499
Soga3,0.034925587,0.4802758
9330159F19Rik,0.018660009,0.385562
Echdc1,0.016206011,0.30469057
Rnf146,-0.016144603,0.60010386
Rspo3,0.043711014,0.039110012
Cenpw,0.0098391995,0.4078881
Trmt11,0.027461177,0.4942167
Hint3,0.0055941716,0.8260737
Ncoa7,-0.004361829,0.3938016
Hey2,0.006829746,0.54363376
Gm5422,-0.00061285583,0.42264965
Hddc2,-0.031178325,0.19382294
Tpd52l1,-0.29607442,0.075809844
Rnf217,0.0024925135,0.8613874
Nkain2,0.0021190401,0.5965678
Clvs2,0.0,1.0
Rsph4a,0.11514723,0.27357098
Zufsp,0.00356872,0.80070215
Rwdd1,-0.010902166,0.6758832
Fam26e,0.019610656,0.016712664
Fam26f,-0.0054424386,0.52309716
Dse,0.06282324,0.186124
Tspyl1,0.014936373,0.7052706
Nt5dc1,-0.021895044,0.24644262
Gm26564,0.0179056,0.2642328
Tspyl4,-0.052620932,0.15211737
Frk,-0.012351882,0.2201094
Amd2,0.001267712,0.42595533
Hs3st5,0.0,1.0
Hdac2,0.01269722,0.78965133
Marcks,0.29532143,0.09487862
Lama4,-0.0028298358,0.44842708
Fam229b,0.054584183,0.28612667
Tube1,0.00044380873,0.9100061
Wisp3,0.0,1.0
Fyn,0.08058674,0.40100756
Gm16364,0.011811863,0.5130869
Gm16365,0.056944914,0.21800452
Traf3ip2,-0.013230164,0.18782574
Rev3l,0.05652886,0.3502299
Gm26824,0.0,1.0
AA474331,0.0022655884,0.6952199
4930547M16Rik,0.069622114,0.06637249
G630090E17Rik,0.0015152876,0.34442452
BC021785,0.020676035,0.27448818
AI317395,0.004848347,0.53802574
Slc16a10,0.034971952,0.09810031
Rpf2,0.049582183,0.07136136
Gtf3c6,-0.012981638,0.6015718
Amd1,0.12759934,0.04658008
Cdk19os,-0.00056210085,0.42264977
Cdk19,0.11900578,0.0062454864
Ddo,0.054946013,0.1626482
Mettl24,0.000455437,0.8472239
Cdc40,0.07189004,0.17360954
Wasf1,0.013018414,0.4346092
Fig4,-0.0011501424,0.8967666
Ak9,0.083230905,0.19484386
Zbtb24,0.007925194,0.30945212
Mical1,0.025128756,0.44900596
Smpd2,0.009386137,0.7812047
Ppil6,0.16181041,0.113774285
Cd164,-0.10690206,0.1666767
Ccdc162,0.05384182,0.35094637
Gm17196,4.933722e-05,0.931516
Gm29095,0.02076823,0.30927393
Gm29096,0.021475444,0.2777474
Gm6976,0.0003204737,0.9543427
Cep57l1,0.0014297105,0.8968966
Sesn1,0.0353283,0.05805615
Armc2,0.04564005,0.20848644
Foxo3,-0.00828211,0.81445915
Lace1,0.004568398,0.6821274
Snx3,0.13815987,0.14286648
Nr2e1,0.00895299,0.48499116
Ostm1,0.017510913,0.6066679
Sec63,-0.03280367,0.55299556
Gm26860,0.0,1.0
Scml4,0.015990693,0.35005462
Sobp,0.06383104,0.13791147
9030612E09Rik,-0.0005989503,0.80868423
Pdss2,0.0025619082,0.88680685
Bend3,-0.0036273946,0.27472654
Gm9803,-0.004634064,0.03706074
1700021F05Rik,0.037999876,0.11441808
Cd24a,0.3316588,0.22188315
F930017D23Rik,0.007690285,0.4432846
Qrsl1,0.008624762,0.49094483
Rtn4ip1,-0.008303598,0.52513045
Aim1,0.014361488,0.054717008
Atg5,-0.030656442,0.40400854
Prdm1,-0.00361697,0.73938435
Prep,0.018404672,0.17836826
Bves,0.0,1.0
Hace1,0.012497878,0.04026714
Grik2,0.0029369667,0.6927686
Gm26543,-0.00031232854,0.4226497
Ascc3,0.012057215,0.63832414
Lilr4b,0.041927144,0.68327093
Lilrb4a,0.07234253,0.609193
Dcbld1,-0.00452415,0.33993515
Gopc,-0.0016669855,0.7862345
Nus1,-0.046818003,0.17763008
Slc35f1,-0.01560275,0.12321267
Cep85l,0.024428666,0.17697531
Pln,-0.011130669,0.0370143
Mcm9,0.019005599,0.31625298
Asf1a,0.037089825,0.08998444
Fam184a,0.07783089,0.21520123
Man1a,-0.020789206,0.81112766
Gm16998,0.0014041566,0.42264977
Tbc1d32,0.03856656,0.27144027
Msl3l2,0.042086728,0.10583056
Gja1,0.26274064,0.0923038
Gm9956,0.0,1.0
Hsf2,0.017421283,0.57318527
Serinc1,-0.024195313,0.8393799
Pkib,-0.009006128,0.5613837
Fabp7,0.034425102,0.20751671
Smpdl3a,-0.15236902,0.2726129
Gcc2,0.027338997,0.67503667
Lims1,0.12991582,0.030323192
Ranbp2,0.08996965,0.27915475
Ccdc138,0.02882677,0.27421388
Edar,0.0023531518,0.48456162
Sh3rf3,-0.0029684566,0.6925646
Sept10,-0.10439327,0.17780988
Sowahc,-0.3204143,0.072743386
P4ha1,-0.04081954,0.1044396
Gm10273,-0.007427792,0.4422259
Oit3,0.0015500293,0.5053216
Mcu,0.016820174,0.4786783
Micu1,0.029072538,0.6672597
Dnajb12,-0.0031254813,0.82701504
Ddit4,0.07232446,0.04782503
Anapc16,0.05670771,0.46379545
Ascc1,0.21185341,0.14040262
Spock2,0.026567662,0.041483134
Chst3,0.0076183765,0.42264965
Psap,-0.22086549,0.40284404
Cdh23,0.011108039,0.23334627
Vsir,0.14053108,0.2854094
Gm17455,0.11237951,0.058896746
Slc29a3,0.04355761,0.14537953
Unc5b,0.007868604,0.3688906
Gm26947,0.0040254695,0.27789372
Pcbd1,0.060671665,0.15093759
Sgpl1,0.04832671,0.10927788
Tbata,0.020802965,0.32167536
Adamts14,-0.0007618948,0.42264977
Prf1,0.0,1.0
Pald1,0.04689551,0.0079784505
Nodal,0.0005332061,0.42264965
Eif4ebp2,0.021147337,0.30360055
D830039M14Rik,0.0,1.0
Lrrc20,0.005447666,0.54835
Npffr1,0.0,1.0
Ppa1,-0.039630175,0.49739543
Sar1a,0.038612008,0.2566067
Tysnd1,0.0035157055,0.6492245
Aifm2,0.004202869,0.64675945
H2afy2,0.04466697,0.30240977
Col13a1,0.019386876,0.44311973
Gm5424,-0.0010406515,0.19660367
2010107G23Rik,0.051564638,0.1008212
Neurog3,0.0,1.0
Tspan15,0.15982418,0.01961624
Tacr2,0.0,1.0
Hk1,-0.11301395,0.16005716
Hk1os,0.013162451,0.31063762
Hkdc1,0.04763462,0.13413541
Supv3l1,-0.0008669365,0.9530592
4930507D05Rik,-0.00089727476,0.42264965
Vps26a,0.008376062,0.7878498
Srgn,0.23597854,0.5239098
Kif1bp,0.06323871,0.03220799
4933428P19Rik,0.00037330884,0.7500762
Ddx21,0.07061183,0.07267275
Ddx50,0.04966569,0.4786599
Stox1,0.033957306,0.29692084
Ccar1,0.04478535,0.1964011
Tet1,0.014671942,0.13340259
Slc25a16,-0.010853387,0.5738404
Dna2,0.03882099,0.2648967
Rufy2,0.009547502,0.44424325
Hnrnph3,0.16342054,0.01912771
Pbld2,0.012361791,0.17553261
Gm16143,0.0,1.0
Mypn,0.0,1.0
1700120B22Rik,0.0,1.0
Herc4,0.053950496,0.11527513
Gm26789,-0.0006523792,0.4226497
Sirt1,0.07037124,0.10224468
Dnajc12,0.011916161,0.52207124
Ctnna3,0.013983477,0.22966245
Gm10118,0.0011576329,0.4226497
Lrrtm3,0.0015810779,0.6840837
1110002J07Rik,0.0020338164,0.48951554
Gm26576,0.0,1.0
Reep3,0.05470884,0.15664843
Jmjd1c,0.15457301,0.17640057
Nrbf2,-0.021390267,0.36402804
Egr2,0.024995582,0.39466044
Ado,0.024709068,0.3495815
Zfp365,0.011554366,0.24742551
Rtkn2,-0.0017843985,0.21771526
Gm16212,0.0,1.0
Arid5b,9.256601e-05,0.9966403
1700040L02Rik,0.13853346,0.11956499
Tmem26,0.018885443,0.2779952
Rhobtb1,0.02053799,0.06414583
A930033H14Rik,0.017399373,0.18514405
Cdk1,0.010439873,0.78661674
Ank3,0.029444318,0.19704251
Ccdc6,-0.049831964,0.0989253
Slc16a9,-0.06195382,0.26838267
Fam13c,0.0071100574,0.5570752
Phyhipl,0.011380922,0.5264366
Bicc1,0.1397609,0.08079072
Tfam,0.032518074,0.56590605
Ube2d1,0.098381616,0.039740868
Cisd1,-0.35746312,0.09224632
Ipmk,0.055122077,0.0806585
Gm9923,-0.000390187,0.42264965
Zwint,-0.05208251,0.44458336
Pcdh15,-0.0030956857,0.25346076
Rsph14,0.081835434,0.08693618
Gnaz,0.02486772,0.024693068
Rab36,0.09483996,0.17238607
Bcr,0.025972757,0.21777683
Specc1l,0.0045648664,0.8020156
Adora2a,0.009136553,0.2218644
Gucd1,-0.002331376,0.9170514
Upb1,-0.023029443,0.051752675
Snrpd3,0.053845465,0.07727488
Lrrc75b,0.007402214,0.46624324
Ggt1,-0.022769287,0.6543049
Ggt5,-0.02888161,0.04559902
Susd2,0.013100462,0.26200846
Cabin1,0.03897591,0.12771223
Ddt,-0.051223516,0.38568553
Gstt3,0.019840755,0.32864285
Gstt1,0.004974246,0.92943496
Gstt4,0.0016474929,0.46446624
Gstt2,0.028326347,0.05795258
Mif,-0.2716291,0.1758441
Derl3,0.035076097,0.022010265
Smarcb1,0.09929098,0.11881035
Mmp11,0.00063661113,0.9107586
Chchd10,-0.41562772,0.19171074
Gm867,0.24257706,0.080842756
Vpreb3,0.062319268,0.19608113
Gm5134,-0.0042730574,0.37066025
Zfp280b,0.0073771942,0.4895482
Gm16222,0.0,1.0
Prmt2,-0.010818183,0.51795024
S100b,0.42627272,0.105102465
Dip2a,0.01655418,0.27201915
Gm16240,0.0,1.0
Pcnt,0.039180793,0.15882125
2610028H24Rik,0.0081225345,0.4718323
Ybey,0.007770559,0.34159777
Mcm3ap,-0.0027169585,0.7931417
Lss,0.012009487,0.19772924
Spatc1l,0.0006569775,0.490198
Col6a2,0.012361009,0.07487477
Col6a1,0.033396207,0.09598594
Pcbp3,-0.04291995,0.41157767
Slc19a1,-0.061987177,0.18426503
Col18a1,-0.052553497,0.19196916
Gm10941,0.008383378,0.68743867
Pofut2,0.06037225,0.23162366
Adarb1,0.01993554,0.50154436
Fam207a,0.0022113398,0.90782595
2810425M01Rik,-0.0015835265,0.1887114
Itgb2,0.24658875,0.13576719
Pttg1ip,0.08776823,0.28821087
Sumo3,-0.033227324,0.64240533
Ube2g2,0.004614167,0.69778025
Tspear,0.0,1.0
1700009J07Rik,0.0,1.0
Lrrc3,0.016888529,0.3629403
Trpm2,-0.017265668,0.46097094
1810043G02Rik,0.030564278,0.30795112
Pfkl,-0.040640295,0.29825425
Aire,0.006882804,0.43459278
Dnmt3l,-0.0008357153,0.4226497
Icosl,0.051281445,0.096361615
D10Jhu81e,-0.0022014976,0.85802376
Pwp2,0.009454491,0.35778257
Trappc10,0.015153334,0.6666031
Agpat3,-0.020601839,0.41190556
Gm10146,0.00037572323,0.91998804
Rrp1,0.2103287,0.043906365
Cstb,-0.02928263,0.7096994
Pdxk,0.11184813,0.0372676
Gm9978,0.012183873,0.20733993
Ilvbl,-0.0008265376,0.9834826
Syde1,-0.007396467,0.2368969
Ccdc105,0.0020341885,0.3872528
Slc1a6,0.0013734727,0.636596
2610008E11Rik,0.016655592,0.2446823
Plpp2,-0.03086492,0.18383916
Mier2,0.0048972983,0.6569791
C2cd4c,0.0059845913,0.4226497
Shc2,0.00061024143,0.4226497
Odf3l2,0.0,1.0
Madcam1,-0.0040462334,0.43751013
Tpgs1,0.02192673,0.29987422
Cdc34,-0.004057795,0.9166127
Gzmm,0.022351265,0.29608515
Bsg,-1.127107,0.05910744
Hcn2,0.0010929927,0.8632395
Polrmt,0.0025493838,0.6685359
Fgf22,0.0,1.0
Rnf126,0.014298178,0.6287103
Fstl3,0.01429146,0.2848695
Prss57,-0.0060971095,0.39997786
Palm,0.04419939,0.067952596
Misp,0.0048030587,0.5450883
Ptbp1,0.14042382,0.070848316
Plppr3,0.074269205,0.1701862
Prtn3,0.286109,0.33547118
Elane,0.25255254,0.34188682
Med16,-0.0047523305,0.7657917
R3hdm4,-0.017752022,0.89956176
Gm26602,0.0,1.0
Kiss1r,0.010247707,0.41608527
Arid3a,0.054156277,0.28745124
Wdr18,0.018866487,0.46642473
Grin3b,0.0,1.0
Tmem259,-0.0019792765,0.9574558
Cnn2,0.12790653,0.29124835
Abca7,-0.041408636,0.05994731
Hmha1,0.08436704,0.38519797
Polr2e,0.042840093,0.5655883
Gpx4,-0.22397423,0.38050282
Sbno2,0.0064515187,0.4853702
Stk11,0.052461028,0.21291317
Cbarp,0.05858441,0.1908894
Atp5d,-0.31256497,0.12885375
Midn,0.1399753,0.23161688
Cirbp,0.20728634,0.24038607
1600002K03Rik,-0.026520137,0.11405568
Efna2,0.0052996287,0.3996753
Mum1,0.08274634,0.02930718
Ndufs7,-0.039043844,0.6477653
Gamt,0.032240413,0.1327134
Dazap1,-0.009806752,0.5944826
Rps15,0.072267175,0.6551131
Apc2,0.019523375,0.019477144
2310011J03Rik,0.047513083,0.08388799
Pcsk4,0.021468787,0.1495831
Reep6,0.00083375815,0.91441643
Adamtsl5,0.0071651996,0.548101
Plk5,-0.05030864,0.07294462
Gm15124,0.0,1.0
Mex3d,0.02635168,0.06326113
Mbd3,-0.0878143,0.25237802
Uqcr11,-0.5556222,0.10833791
Tcf3,0.077387646,0.086825185
Atp8b3,0.0,1.0
Rexo1,0.055089362,0.16059889
Klf16,0.030311227,0.25275224
Gm26710,0.007773967,0.29097563
Abhd17a,0.009409815,0.71565694
Adat3,-0.0008049775,0.7797358
Scamp4,0.0,1.0
Csnk1g2,0.008504689,0.9110979
Btbd2,0.011252128,0.5261882
Mknk2,0.12001343,0.090672314
Gm26541,0.0054656095,0.56763434
Mob3a,0.040311236,0.34651527
Izumo4,0.07551743,0.04134304
Ap3d1,0.044405803,0.14168476
Dot1l,0.021748718,0.12631156
Plekhj1,0.09077054,0.10285027
Sf3a2,0.07082041,0.04321552
Amh,0.0050589507,0.4226497
Jsrp1,0.0,1.0
Oaz1,0.1373446,0.22996059
Lingo3,0.0,1.0
Lsm7,0.016071886,0.8093495
Sppl2b,0.035672076,0.16384293
Tmprss9,0.0,1.0
Timm13,-0.07930052,0.15328063
Lmnb2,0.0017438065,0.9065023
Gadd45b,0.13827428,0.24049819
Gng7,0.020189153,0.2268435
Diras1,0.0074165836,0.39245638
Gm16099,0.0,1.0
Slc39a3,-0.017177766,0.06325778
Sgta,0.027934983,0.39105177
Thop1,0.0114124045,0.50779927
Creb3l3,-0.0012805937,0.22759038
Map2k2,-0.0045772195,0.95898473
Zbtb7a,0.17327031,0.026994957
Pias4,0.04431398,0.059927765
Eef2,0.03951049,0.54630417
Dapk3,0.017066881,0.3485105
Atcayos,0.0,1.0
Nmrk2,0.0,1.0
Atcay,-0.00078790635,0.42264977
Zfr2,0.009042122,0.013946204
Matk,0.016563367,0.26950103
Mrpl54,-0.06413734,0.3722569
Apba3,0.021684524,0.28303906
Tjp3,-0.032202385,0.42181286
Pip5k1c,0.062255852,0.2934364
Gm16315,-0.000758024,0.4226497
Cactin,0.00023604557,0.98619086
Tbxa2r,0.0,1.0
Gipc3,0.0,1.0
Hmg20b,-0.04261899,0.30463284
Mfsd12,0.0128949545,0.37141702
4930404N11Rik,0.00094032986,0.8315655
Fzr1,0.011284843,0.4747457
Dohh,0.05561644,0.042957526
Smim24,0.020340491,0.041627303
Nfic,0.12525788,0.23901875
Gm16104,-0.0010782764,0.4226497
Celf5,-0.0006340305,0.24491654
Gm16105,-0.00031983966,0.4226497
Ncln,0.05932106,0.26927212
S1pr4,0.019930527,0.4113848
Gna15,0.022554886,0.011429155
Gna11,0.09314583,0.048833698
Aes,-0.18299615,0.22388946
Tle2,0.009598419,0.09585068
Tle6,0.0005597557,0.67761445
BC025920,0.0014916919,0.63971657
Sirt6,-0.0028779004,0.70654637
Ankrd24,0.01715492,0.40267056
Gm10778,0.005597032,0.4497489
Zfp433,0.01830245,0.08308327
Zfp873,-0.00082323095,0.8956967
AU041133,0.02024498,0.27355102
Gm15608,0.0,1.0
Zfp938,-0.011542745,0.6470668
Gm4924,0.006008287,0.010643698
1190007I07Rik,-0.0365566,0.13206555
Tdg,-0.016741551,0.39231327
Glt8d2,-0.0017038266,0.58184755
Hcfc2,0.0072424393,0.5924729
Nfyb,0.04909257,0.05384291
Txnrd1,0.012548462,0.76456183
Gm4799,-0.00034598183,0.42264977
Chst11,0.026632845,0.45770818
1700025N21Rik,-0.0010186663,0.42264977
Slc41a2,-0.009824116,0.36499023
D10Wsu102e,0.014186032,0.010548016
Aldh1l2,0.0017906909,0.58009815
A230046K03Rik,0.058484666,0.34209913
Appl2,0.098054364,0.0016159944
1500009L16Rik,0.018928558,0.34906745
Nuak1,0.023137677,0.034076955
4930463O16Rik,-0.00024484008,0.42264977
Ckap4,-0.012375534,0.7337395
Platr7,-0.0009842593,0.42264965
Tcp11l2,0.023072854,0.7316782
Gm17249,0.0005590222,0.90184665
Polr3b,0.0115010105,0.59902734
Rfx4,0.060801513,0.14299753
Ric8b,0.0018961057,0.82573414
Fhl4,0.008189211,0.06909207
Tmem263,-0.0020348951,0.893182
Mterf2,0.02774921,0.25369757
Cry1,0.032129876,0.2154829
Gm8394,0.0,1.0
Btbd11,0.0025512367,0.51847297
Pwp1,0.047381174,0.0020708407
Prdm4,0.004280815,0.80770147
Ascl4,0.0,1.0
Rtcb,0.098948926,0.061237887
Bpifc,-0.00058429857,0.42264977
A230060F14Rik,-0.0017237146,0.24762048
Fbxo7,0.043220833,0.299899
Syn3,0.007859925,0.6268245
Timp3,-0.026010752,0.8274975
1810014B01Rik,-0.0049806517,0.6023681
Hsp90b1,-0.23888302,0.27285734
Ttc41,0.0023144959,0.5700319
Fabp3-ps1,0.00050969655,0.8900989
Nt5dc3,0.035694417,0.19707635
Stab2,0.00042113394,0.4226497
Ascl1,0.006428676,0.4226497
Igf1,0.003245359,0.6082639
Pmch,0.0,1.0
Parpbp,-0.0015619124,0.33563626
Nup37,-0.001946751,0.9394185
Ccdc53,0.11956234,0.0039924295
Dram1,0.013862771,0.31930032
Gnptab,0.016255941,0.5691778
Gm26546,0.0,1.0
Chpt1,-0.019840658,0.77927285
Sycp3,0.00094047753,0.42264977
Mybpc1,0.0,1.0
Spic,-0.0025804993,0.24457435
Arl1,-0.07611781,0.14808157
Utp20,0.00402868,0.7870655
Slc5a8,0.009241626,0.39676738
Ano4,0.012413808,0.5145973
Gas2l3,0.026122533,0.4366255
Slc17a8,-0.0013361827,0.66961193
Scyl2,0.019164667,0.07936807
1500026H17Rik,0.00013549253,0.99041855
Actr6,-0.07182007,0.03844785
Uhrf1bp1l,-0.015352167,0.5995023
Anks1b,0.0069711525,0.5942393
Apaf1,0.02778724,0.22290456
Ikbip,-0.024204165,0.35216928
Slc25a3,-0.33540928,0.06257125
Tmpo,0.1465716,0.20941563
Gm26765,-0.00067926425,0.42264965
Rmst,0.16507728,0.04339338
Gm26700,-0.0016592816,0.81491053
Nedd1,0.009624675,0.21237276
Cfap54,0.2057089,0.10193833
Cdk17,0.06333062,0.14837514
Elk3,0.012258988,0.6589929
Lta4h,0.074866675,0.07102375
Hal,-0.0010258369,0.18978737
Amdhd1,0.0,1.0
Ccdc38,0.00015194505,0.9265257
Snrpf,0.10215694,0.33557045
4933408J17Rik,-0.0006246047,0.5867818
Ntn4,-0.018664274,0.037787955
Gm15915,0.0004778017,0.6261109
Metap2,0.013655305,0.8561352
Vezt,0.03190486,0.030711029
Fgd6,0.007955345,0.2572033
Nr2c1,0.033759076,0.020922797
Ndufa12,-0.34013677,0.08653229
Gm4792,0.004264718,0.4226497
Tmcc3,0.12794259,0.12915863
Tmcc3os,0.0,1.0
Cep83os,0.014498193,0.18737999
Cep83,0.07790814,0.39305702
Plxnc1,0.021609785,0.15054636
Cradd,0.011432312,0.5760875
Socs2,0.008954991,0.57164025
5730420D15Rik,0.000404875,0.42264965
Mrpl42,-0.11683345,0.17494604
Ube2n,0.068382084,0.24948783
Nudt4,0.3242982,0.26418865
4732465J04Rik,-0.00026616082,0.9533793
Eea1,0.1653713,0.31167427
Btg1,0.35160238,0.31640545
Dcn,0.061433833,0.36820564
Lum,0.029324805,0.45479643
C030005K15Rik,0.0,1.0
Atp2b1,0.20341635,0.17364097
Poc1b,0.017923437,0.5401781
Galnt4,0.0023609297,0.7636659
Phxr2,0.0,1.0
Gm16239,0.0,1.0
Dusp6,0.105603166,0.11289191
Gad1-ps,-0.001438853,0.5483517
Kitl,0.013421626,0.0039102533
Tmtc3,-0.012298476,0.44984996
Cep290,0.08848156,0.16933927
4930430F08Rik,0.021635585,0.147779
Mgat4c,-0.0019810465,0.18700449
Nts,-0.0005349868,0.42264977
Rassf9,0.087993324,0.056976765
Alx1,0.0025758438,0.23753192
Lrriq1,0.040487453,0.2920096
Slc6a15,0.008721255,0.4093677
Tmtc2,-4.3863198e-05,0.99219346
Mettl25,0.0075132176,0.5912005
Ccdc59,0.04170163,0.49744594
C230021G24Rik,0.0,1.0
Ppfia2,0.0028848685,0.5911819
Acss3,0.023574237,0.0924136
Lin7a,0.0029920775,0.42264965
Ptprq,0.0,1.0
Otogl,0.0,1.0
Ppp1r12a,0.074233055,0.19624245
Pawr,0.018234044,0.47199956
Syt1,-0.004774702,0.3643235
Nav3,-0.01218722,0.5655393
E2f7,0.0027485546,0.6357405
Csrp2,0.11538118,0.21152176
Zdhhc17,0.044683043,0.33895105
Rpl6l,-0.0030819364,0.71904874
Osbpl8,0.046948463,0.34074405
Bbs10,0.0023360895,0.6898722
Nap1l1,0.1683225,0.22947341
Phlda1,0.07048671,0.29615846
Gm28592,0.0,1.0
Krr1,0.0055260286,0.8179743
Glipr1,-0.0020042285,0.97740775
Glipr1l1,0.02621056,0.27401656
Caps2,0.020850906,0.31223708
Kcnc2,0.02460888,0.24936514
Atxn7l3b,0.23879007,0.114409335
Gm26596,0.0,1.0
Trhde,0.007854855,0.5735961
Tph2,0.002017137,0.2524655
Tbc1d15,0.0397531,0.34748256
Rab21,-0.034902215,0.48841318
Tmem19,-0.016506113,0.24769162
Thap2,0.037426792,0.122997746
Zfc3h1,0.06023618,0.2386521
Lgr5,-0.0021424347,0.42264977
A930009A15Rik,0.0,1.0
Tspan8,0.012198446,0.16104864
Ptprr,-2.4380279e-05,0.9898579
Ptprb,0.010864036,0.46186936
Kcnmb4,0.06665731,0.24414207
Kcnmb4os2,0.006746811,0.1765503
Cnot2,0.066404596,0.052964058
Myrfl,0.0,1.0
Rab3ip,-0.0581128,0.1839892
D630029K05Rik,-0.0013327849,0.18559192
Best3,-0.0052378527,0.11152359
Cct2,0.06852412,0.1316263
Frs2,0.014922019,0.6358449
Yeats4,-0.035280824,0.29629773
Lyz2,0.26429915,0.5264687
Lyz1,0.01444903,0.37909055
Cpsf6,0.14739035,0.101669684
Cpm,0.01451139,0.46181545
Mdm2,0.07292679,0.34605977
Slc35e3,0.022062868,0.5281125
Nup107,0.009572182,0.6023848
Rap1b,0.2814613,0.22313708
Mdm1,0.09077513,0.19916192
Ifng,0.0,1.0
Dyrk2,-0.0037600333,0.7109984
Cand1,-0.005050808,0.85522825
Grip1,0.0076484894,0.0131810075
Helb,0.01750455,0.2701506
Irak3,0.005635172,0.6004351
Tmbim4,-0.1529023,0.04263669
Llph,0.14814654,0.15152673
Hmga2,-0.00038198943,0.4226497
Msrb3,-0.010028794,0.59491205
Lemd3,0.023268797,0.37230343
Tbc1d30,0.009555915,0.2831928
Gns,0.0014668405,0.9847279
Rassf3,0.05251576,0.4280009
Tbk1,0.0427239,0.1733024
Xpot,0.026695564,0.5365984
D930020B18Rik,-0.0025659644,0.123429276
BC048403,0.01149626,0.3939342
Srgap1,0.0062467265,0.452464
Tmem5,0.019050315,0.4015272
Ppm1h,0.0072591603,0.76173
Mon2,0.0007935986,0.97691303
Usp15,0.022793472,0.4037712
Fam19a2,0.0,1.0
Slc16a7,-0.005099762,0.29938504
Lrig3,0.025428442,0.08467845
Xrcc6bp1,-0.008298019,0.46432546
Ctdsp2,0.1238757,0.056146275
Avil,0.0030979456,0.47625735
Tsfm,0.02117671,0.57867503
Mettl21b,0.0,1.0
Mettl1,0.0048460364,0.4512514
March9,-0.008969285,0.57086366
Cdk4,0.13877527,0.07878165
Tspan31,-0.08346239,0.061107792
Agap2,0.026581412,0.3451568
Os9,0.010955125,0.75795764
B4galnt1,0.17221054,0.071577094
Slc26a10,0.0,1.0
Arhgef25,0.02535075,0.3614696
Dtx3,0.101973355,0.111104876
F420014N23Rik,-0.0047228583,0.4210598
Pip4k2c,-0.043900385,0.07396154
Kif5a,0.057149243,0.24874264
Dctn2,-0.0016408265,0.97630805
Mbd6,0.037241004,0.22133829
Ddit3,0.041032046,0.46156073
Mars,0.013290644,0.69919544
Arhgap9,0.05747246,0.34909377
Gli1,-0.00069413934,0.42264965
R3hdm2,0.07268229,0.4420371
Stac3,0.0040561873,0.36654326
Ndufa4l2,0.0024428205,0.7786013
Shmt2,0.0021408238,0.48732677
Nxph4,0.0,1.0
Lrp1,0.012529075,0.90366316
Gm16217,0.0011881068,0.80167365
Stat6,0.048716232,0.17951228
Nab2,0.011427313,0.5826144
Gm16229,0.0,1.0
Tmem194,0.058180712,0.10498558
Gm16230,0.015051279,0.21146125
Myo1a,0.0,1.0
Tac2,-0.00042258637,0.4226497
Zbtb39,0.005562799,0.61081743
Gpr182,0.02103565,0.35634384
Rdh1,0.0,1.0
Rdh9,0.0,1.0
Rdh16,0.0,1.0
Prim1,0.012413846,0.47359735
Naca,-0.08356273,0.5116679
Ptges3,0.2242651,0.16458781
Atp5b,-0.25774705,0.21863
Baz2a,0.051357254,0.1683071
Rbms2,-0.008539885,0.6727593
Gls2,0.001550213,0.591231
Spryd4,0.002513228,0.85046625
Gm26847,0.002465082,0.32730454
Timeless,0.0079642795,0.104892835
Apof,0.0,1.0
Stat2,0.039084032,0.02767315
Il23a,-0.0008918361,0.4226497
Pan2,0.011319542,0.26768115
Cnpy2,-0.13128668,0.1250477
Cs,0.005082488,0.91803795
Coq10a,0.009929962,0.75125694
Ankrd52,0.011827299,0.13982153
Gm17201,0.0,1.0
Slc39a5,0.0,1.0
Nabp2,0.037622243,0.30015728
Rnf41,-0.0009781122,0.92978704
Smarcc2,0.100196205,0.09048804
Myl6,-0.23292041,0.004417621
Myl6b,-0.0111812055,0.28442398
A430046D13Rik,0.039993726,0.13832527
Esyt1,0.039645594,0.259439
Gm29585,0.0,1.0
Zc3h10,0.0050967205,0.69551736
Rpl41,-0.19321203,0.5332889
Pa2g4,0.12074964,0.06594013
Erbb3,0.005116145,0.62943256
Rps26,0.08520937,0.59037036
Ikzf4,0.03206186,0.22461224
Gm26876,0.005077356,0.3184145
Suox,-0.018219754,0.16979985
Rab5b,0.05990623,0.06609712
Cdk2,0.019681098,0.12242094
Pmel,-0.0015192609,0.87680554
Dgka,0.01058658,0.52453035
Pym1,0.009565674,0.6267783
Mmp19,-0.0074439337,0.652471
Tmem198b,0.0002565626,0.98020947
Dnajc14,0.024651654,0.40286562
Ormdl2,-0.09159115,0.06408905
Sarnp,0.0048674345,0.9414068
Gdf11,-0.017275745,0.4251407
Cd63,-0.4636165,0.105800025
Rdh5,-0.4691193,0.11068681
Bloc1s1,-0.2848733,0.06990444
Itga7,-0.010198819,0.10657325
Neurod4,0.0,1.0
Tespa1,-0.0020356255,0.18367721
Vmn2r84,0.0,1.0
Vmn2r85,0.0,1.0
Vmn2r87,0.00051447767,0.42264965
Insr,-0.0015847087,0.96448374
A430078G23Rik,0.0056086956,0.48319644
Arhgef18,-0.0060310364,0.6082736
Pex11g,0.059691995,0.13770093
1700019B03Rik,0.0,1.0
Zfp358,0.015924554,0.2369618
Mcoln1,0.01117583,0.35822967
Pnpla6,0.0049366355,0.8495862
C330021F23Rik,-0.0033454343,0.48291612
Camsap3,-0.014124386,0.40209493
Xab2,0.017007016,0.2640412
Pet100,-0.1682201,0.18558364
Stxbp2,0.005999759,0.8473007
Retn,-0.003796075,0.49051476
Mcemp1,0.02183181,0.8983558
Fcor,-0.027009713,0.4450298
RP23-316J6.4,0.00045142882,0.7547179
RP23-316J6.5,0.0010301158,0.70530146
Trappc5,-0.018227786,0.5445652
Fcer2a,0.0,1.0
Clec4g,-0.00075842073,0.4226497
Cd209a,-0.010224908,0.59433943
Cd209e,0.0021673783,0.49566662
Cd209d,-0.0012227809,0.4226497
Cd209b,-0.0027586436,0.2554609
Cd209c,0.0017065306,0.5895696
Cd209f,-0.0011853921,0.188003
Cd209g,0.0,1.0
4932443L11Rik,0.0048455657,0.42481288
Evi5l,-0.0025643222,0.7546316
Prr36,0.012434423,0.2517465
Lrrc8e,0.005941596,0.4226497
Map2k7,0.03616911,0.028250009
Tgfbr3l,0.0025107306,0.41862202
Snapc2,0.028962031,0.2140237
Ctxn1,0.23945221,0.037342705
Timm44,0.02372624,0.29133594
Elavl1,-0.012034059,0.77064073
Ccl25,0.031726792,0.008735202
Cers4,-0.16961505,0.10502653
Zfp958,0.011454582,0.34060222
Gm6410,0.0034217471,0.48490226
Shcbp1,0.006205134,0.7062465
RP23-216D14.4,0.0,1.0
RP23-216D14.1,-0.0002990006,0.78686905
Efnb2,0.026394393,0.20957573
Arglu1,0.1934633,0.082953095
RP23-156J8.1,-0.0006608887,0.42264977
Fam155a,-0.00096913317,0.42264977
Lig4,-0.00406228,0.6611453
Abhd13,0.025303073,0.18384658
Tnfsf13b,0.008244413,0.32391828
Myo16,0.08647147,0.119013116
RP24-294M17.5,0.0,1.0
RP23-366O14.2,0.004716584,0.300232
RP23-366O14.4,0.003627927,0.22175471
RP23-366O14.5,-0.00040483868,0.42264965
3930402G23Rik,0.016132845,0.21183914
Irs2,0.009147048,0.6449106
9530052E02Rik,0.0016952548,0.5615532
RP23-343H23.2,0.001751181,0.46961293
Gm15418,0.0,1.0
Col4a1,0.053431638,0.10377214
Col4a2,0.030776542,0.18202758
Rab20,-0.07045069,0.057042208
E230013L22Rik,0.00030384026,0.975535
Carkd,-0.04710847,0.14358392
Cars2,-0.003458254,0.8472976
Ing1,0.09751975,0.0445804
Ankrd10,0.040438328,0.13696651
1700016D06Rik,-0.0011977715,0.42264977
Arhgef7,0.027503874,0.017882515
Tex29,-0.0007286661,0.42264977
Sox1,0.07896,0.21295106
Tubgcp3,0.022426292,0.16866782
Gm15348,-0.0026657917,0.2957705
Atp11a,0.008997381,0.74748755
Mcf2l,-0.0108695105,0.34328684
Gm15351,0.0025819968,0.51573795
F7,-0.001527179,0.4226497
F10,-0.0005611144,0.99073535
Pcid2,0.01945053,0.3696233
Cul4a,-0.04829274,0.16441333
Lamp1,0.063881636,0.69511145
Grtp1,-0.0002686791,0.95436156
2810030D12Rik,-0.00019865384,0.88247126
Adprhl1,0.0,1.0
Dcun1d2,-0.026024537,0.031831656
Tmco3,-0.037713394,0.10539687
Tfdp1,-0.0010862192,0.8109296
Grk1,0.0018355298,0.42264977
Tmem255b,-0.049460616,0.054029275
Gas6,-0.41047758,0.09053579
Rasa3,0.07508503,0.19021553
4932443I19Rik,0.10511424,0.1835178
Cdc16,0.009604767,0.64032406
Upf3a,-0.027828686,0.22682314
Champ1,0.0029771365,0.875094
Coprs,-0.03749585,0.43717566
Fbxo25,0.040800154,0.15784286
Tdrp,-0.029624414,0.12398552
Erich1,0.016126439,0.47436175
Gm10699,-0.005468007,0.0046923244
Dlgap2,0.0,1.0
Cln8,0.060112186,0.04772458
Arhgef10,0.05844857,0.033965923
Gm16350,0.0,1.0
Kbtbd11,0.15194698,0.087757185
5830468F06Rik,0.0,1.0
Csmd1,0.056251727,0.17287607
Mcph1,-0.0005408041,0.90805864
Angpt2,-0.004096497,0.8703755
Agpat5,-0.04542218,0.06368932
Xkr5,0.0001951775,0.9316934
Gm6483,0.049218196,0.04295662
Gm26853,0.051555473,0.13897109
Gm26804,0.0,1.0
Gm15319,0.009416527,0.13722676
Gm21092,0.08793754,0.0986485
Gm21119,-0.00018658322,0.42264977
Gm15056,0.007316562,0.42772505
Defb10,-0.0053177997,0.29532793
Defb9,-0.019249694,0.08514899
Defb11,-0.31178677,0.063382864
Atp7b,0.0075955773,0.21912949
Alg11,0.017954834,0.24193722
Nek5,0.05451627,0.12578022
Nek3,-0.007973191,0.30056724
Ckap2,-0.018283356,0.3186789
Vps36,-0.0060477406,0.5877334
Thsd1,0.0045711366,0.43408236
Tpte,0.0034092527,0.21668756
Slc25a15,-0.017176174,0.06554619
1810012K16Rik,-0.0011067417,0.36633912
Mrps31,-0.028188251,0.11901038
Smim19,-0.020828381,0.6460354
Slc20a2,-0.06299331,0.31189248
Gm17491,-0.0009837188,0.7613248
Vdac3,0.03243816,0.32202217
Dkk4,0.0,1.0
Polb,-0.026484802,0.0023630247
Gm26909,-0.0045676148,0.18913782
Ikbkb,0.16570483,0.14151917
Plat,0.20642991,0.08831259
Ap3m2,0.067050956,0.08703671
1700041G16Rik,0.03634665,0.2859885
Kat6a,0.077097476,0.2921278
Ank1,0.003158072,0.79587907
Gm15816,-0.001717477,0.42264965
Gpat4,-0.01471518,0.27954477
Gins4,0.064620316,0.03617903
Golga7,0.017099857,0.7274747
Sfrp1,-0.07828647,0.23520209
Zmat4,0.0022308733,0.41373003
RP23-183J18.1,0.0,1.0
Gm26714,-0.00069413934,0.42264965
1810011O10Rik,0.009298801,0.40804434
Ido2,0.003821059,0.042704623
Ido1,0.0025148862,0.35721773
Adam18,0.0,1.0
Adam3,0.0041739945,0.53817016
Adam5,0.019133374,0.22464946
Adam32,0.0006105916,0.7539548
Adam9,0.005657509,0.6447455
Tm2d2,-0.04701683,0.51197153
Plekha2,0.081320204,0.09636313
Tacc1,0.1870028,0.107130006
Fgfr1,0.15773326,0.022843134
Letm2,0.031686895,0.09564034
Whsc1l1,0.124925,0.22454467
Plpp5,-0.012728881,0.3476692
Ddhd2,0.016690701,0.31225008
Gm17484,0.003909452,0.6269596
Bag4,0.0028510094,0.8697845
Lsm1,0.055109903,0.14151205
Star,-0.00038387234,0.4226497
Ash2l,0.023020439,0.23169264
Kcnu1,0.0015169724,0.6599984
Hgsnat,0.04285252,0.34254235
Pomk,0.021312345,0.34565544
Fnta,0.073809326,0.049323298
Hook3,0.104713425,0.14082097
Rnf170,0.051051427,0.12339923
Thap1,0.025620367,0.14043252
2310008N11Rik,-0.017817313,0.11754215
Zfp703,0.10608347,0.017174508
Erlin2,-0.029885724,0.45310897
Proscos,-0.0005193304,0.8567955
Prosc,0.055039093,0.034722667
Adgra2,0.001586437,0.45346057
Brf2,-0.0051332433,0.45772064
Rab11fip1,0.031287275,0.64390063
Got1l1,0.18033513,0.09285667
Adrb3,0.030404165,0.12166519
Eif4ebp1,0.025138631,0.8333371
Gm1698,0.006939382,0.07602538
Unc5d,0.00287179,0.5982983
Dusp26,0.06896198,0.15883532
Rnf122,0.01287623,0.41275933
Tti2,0.014995126,0.54595906
Mak16,-0.0011708438,0.9640998
Fut10,0.011264474,0.3459499
Gm5117,0.0009171147,0.42264965
Nrg1,0.024489943,0.1196579
Gm26578,0.0045285127,0.13110211
Wrn,0.12040923,0.08698686
Purg,0.0069300123,0.55011475
5930422O12Rik,-0.00036575206,0.4226497
Tex15,-0.0012638451,0.2477023
Ppp2cb,0.06202492,0.31339633
Ubxn8,-0.016880631,0.4204796
Gsr,0.2742781,0.31330165
1700104B16Rik,0.0026260738,0.43448558
Gtf2e2,-0.041942112,0.0043352586
Smim18,-0.000763814,0.42264977
Rbpms,0.15717229,0.19864751
Gm26632,0.02178033,0.14008261
Dctn6,0.036396146,0.089100264
Gm26768,0.0,1.0
Mboat4,0.0012344365,0.42264965
Leprotl1,-0.030746251,0.4037305
Saraf,0.034038246,0.6779167
Gm29243,-0.00016258746,0.42264977
Gm4889,0.0,1.0
Dusp4,-0.00067214266,0.4226497
Tnks,0.01651325,0.27039227
Ppp1r3b,-0.021951132,0.41518986
Eri1,0.022548068,0.18203859
Gm16793,0.0,1.0
Mfhas1,-0.007555425,0.34484303
RP24-134N2.1,0.0,1.0
Cldn23,0.0,1.0
D8Ertd82e,0.06360967,0.122576006
Lonrf1,0.040531315,0.24757373
6430573F11Rik,0.01614593,0.2603096
Dlc1,0.04696162,0.03865343
AI429214,0.0010286304,0.8116093
Sgcz,0.0,1.0
Tusc3,-0.34764406,0.06274604
Msr1,0.019113157,0.52289677
Micu3,0.02390169,0.3904219
Zdhhc2,-4.257448e-05,0.9941035
Cnot7,0.007597506,0.7931736
Vps37a,0.042337835,0.08443585
Mtmr7,-0.004667489,0.47329187
Slc7a2,0.07766344,0.12709548
Pdgfrl,0.07251089,0.016978621
Mtus1,0.112354144,0.2873044
Gm16192,0.010612843,0.5215947
Fgl1,-0.0054076966,0.33014357
Pcm1,0.14129189,0.30280697
Asah1,-0.008629054,0.7046826
Frg1,0.057529792,0.3198105
Fat1,0.047176227,0.25294498
Gm2366,0.002720466,0.19344169
Klkb1,0.039484806,0.13435611
Cyp4v3,0.029215034,0.07797211
Fam149a,0.071103804,0.19871964
Tlr3,0.012495019,0.41677672
Sorbs2,0.012982845,0.7345666
Sorbs2os,0.0041459296,0.5569448
Pdlim3,0.015144171,0.08834937
1700029J07Rik,0.10132743,0.18568304
Ufsp2,0.031645462,0.4980687
Ankrd37,0.0126397405,0.41631025
Lrp2bp,0.0056423685,0.51609856
Snx25,-0.0057170875,0.5999751
Cfap97,0.07810607,0.05494917
Gm15634,0.02284188,0.39437056
Slc25a4,-0.28536165,0.26719832
Helt,0.0,1.0
Acsl1,0.033494413,0.27084666
Cenpu,0.02118058,0.004033731
Primpol,0.019814609,0.55114126
Casp3,0.0041447105,0.7829928
Irf2,0.048114106,0.32685804
Enpp6,0.009759904,0.43673518
4930579M01Rik,0.0,1.0
Stox2,0.08472594,0.050009012
4930448N21Rik,0.0015502905,0.70705163
Gm10083,0.0025115123,0.5675863
Trappc11,-0.017633893,0.44242224
Rwdd4a,0.025000319,0.26209223
Ing2,0.038991734,0.27213332
AA386476,0.014326463,0.00357066
Cdkn2aip,0.02515804,0.31647292
E030037K01Rik,0.0010998705,0.5219639
Cldn22,-0.030470524,0.12095047
Wwc2,-0.024644874,0.3040274
Dctd,0.010243286,0.2127241
Tenm3,0.050809108,0.092704654
Aga,-0.09917311,0.12124491
Neil3,0.009473892,0.2713469
Vegfc,0.017630696,0.29992977
Spcs3,0.012914814,0.7211121
Asb5,0.0038073487,0.09043065
Spata4,-0.0009961355,0.4226497
Wdr17,-0.013749573,0.08154614
Gm15758,0.0,1.0
Gpm6a,-0.41737565,0.09446923
Glra3,0.0,1.0
Hpgd,0.06955615,0.40371594
Cep44,0.036015324,0.3888884
Fbxo8,-0.026785798,0.3033998
Scrg1,-0.0067588408,0.84194916
Sap30,0.02265364,0.5824623
2500002B13Rik,-0.004739766,0.5019079
Hmgb2,0.3478472,0.2161357
Galnt7,0.020466894,0.52131927
Galntl6,0.0,1.0
Gm26905,0.0,1.0
BC030500,0.0,1.0
Aadat,0.00037387642,0.5475558
Mfap3l,0.0036792497,0.62724036
2700029M09Rik,0.02908662,0.34047696
Clcn3,0.05738668,0.2733339
B230317F23Rik,-8.753035e-05,0.9513679
Nek1,0.11468637,0.053100247
Sh3rf1,-0.05740318,0.05679504
Cbr4,0.052928783,0.02714297
Palld,0.028755676,0.0742713
Ddx60,0.0494459,0.2660701
Spock3,0.012409909,0.369563
Tll1,-6.367895e-05,0.94755346
Cpe,0.60835797,0.0067143403
Msmo1,-0.13601734,0.02728115
Klhl2,0.009530984,0.79462945
Tmem192,-0.017779693,0.074929856
Apela,0.0,1.0
March1,0.05459141,0.04317586
Gm15354,0.0,1.0
Gm15356,0.0,1.0
Tma16,-0.017014707,0.3760459
Tktl2,0.0,1.0
Npy5r,0.0,1.0
Npy1r,-0.00061948923,0.87131315
Naf1,0.058358416,0.24055044
Nat1,0.010689387,0.11978786
Nat2,0.020709442,0.2954555
Gm9755,-0.00059307326,0.42264965
Psd3,0.015985485,0.43980378
Gm15991,0.0,1.0
Gm21807,0.0,1.0
Sh2d4a,0.00015015434,0.9845322
Csgalnact1,0.009330276,0.6017234
1700125H03Rik,-0.0075492035,0.3041465
Ints10,0.041854404,0.10177716
Lpl,0.036813762,0.018700786
Slc18a1,-0.002064874,0.560173
Atp6v1b2,0.025307655,0.5161538
Gm15717,-0.0006763106,0.4226497
Lzts1,0.0071600005,0.34777558
Zfp930,0.0030097645,0.501521
D130040H23Rik,0.0016236922,0.5589689
Gm10033,0.00081460516,0.7239584
Gm10311,0.007648691,0.44042736
Gm9495,0.0019448312,0.42264977
Gm43263,-0.0024459441,0.7020444
Zfp868,-0.002319865,0.80361384
Zfp964,0.007600392,0.20628251
Zfp869,-0.0032459563,0.3098955
Zfp963,0.0030573597,0.6983888
Zfp866,0.022795403,0.26735106
Atp13a1,-0.001799114,0.93502545
Gmip,0.06190614,0.11905871
Lpar2,0.0076071066,0.11043716
Pbx4,0.07104984,0.037780125
Cilp2,0.002704175,0.454383
Yjefn3,-0.03558671,0.0028284267
Ndufa13,-0.66196346,0.01597588
Tssk6,0.002095222,0.15726128
Gatad2a,0.022281572,0.43456787
Mau2,0.02095453,0.2209121
Sugp1,0.013260022,0.31530055
Tm6sf2,0.0009800862,0.8062415
Hapln4,0.0,1.0
Ncan,0.030601494,0.42120913
Rfxank,0.018886272,0.1827512
Nr2c2ap,0.018328033,0.13326648
Borcs8,-0.053433537,0.14578076
Tmem161a,0.020562075,0.44263852
Slc25a42,0.005857477,0.20629032
Armc6,0.0061282758,0.47678885
Sugp2,0.019557092,0.3162354
Homer3,-0.003872957,0.5852256
Ddx49,-0.012414161,0.3113283
Cope,0.04255545,0.628252
Cers1,-0.0014682078,0.44888794
Upf1,-0.012865096,0.21010682
Comp,-0.0027601412,0.20021619
Crtc1,0.0053425226,0.68199354
Klhl26,0.012851793,0.014980531
Tmem59l,0.08067031,0.028811706
Crlf1,-0.0033588533,0.38895777
2810428I15Rik,-0.04665634,0.39515296
Uba52,-0.28742552,0.34459108
Kxd1,0.0063922703,0.8802236
Fkbp8,0.07209796,0.43779227
Ell,-0.00059202313,0.97966486
Isyna1,0.025919855,0.66586715
Ssbp4,0.18042716,0.102430284
Lrrc25,0.07165329,0.23773237
Gdf15,-0.0087312125,0.60259974
Pgpep1,-0.008938536,0.8614767
Lsm4,-0.101246655,0.016694061
Jund,0.47758484,0.060190674
Gm11175,0.0017977938,0.48851833
Gm3336,-0.0013408201,0.4226497
Pde4c,-0.00053296663,0.42264977
Rab3a,-0.048306845,0.20611612
Mpv17l2,-0.013469875,0.53080904
Ifi30,0.052281365,0.44364005
Pik3r2,0.0002515763,0.9699025
2010320M18Rik,-0.03604652,0.118485
Mast3,0.011421725,0.4699808
Il12rb1,0.002093655,0.5579492
Arrdc2,0.040822335,0.17374517
Kcnn1,0.0181529,0.18407854
A230052G05Rik,0.0,1.0
Ccdc124,0.02029249,0.5213089
Slc5a5,-0.052620597,0.18444262
Rpl18a,0.19045234,0.0016003179
Map1s,0.02694546,0.08761299
Gm10654,-9.035995e-05,0.42264977
Haus8,0.006895393,0.63311553
Myo9b,0.06200088,0.12699947
Use1,-0.0507856,0.4317978
Ocel1,0.02076701,0.29057324
Nr2f6,0.011663109,0.723086
Ushbp1,-0.001308334,0.3350455
Babam1,0.006965399,0.79150444
Ankle1,-0.0047650156,0.27804133
Abhd8,-0.13651901,0.19692811
Mrpl34,-0.07810652,0.22485131
Dda1,-0.007202208,0.8342784
Ano8,0.004448179,0.5316413
Gtpbp3,-0.006708311,0.5686125
Plvap,-0.0029084152,0.58094007
RP23-457J22.1,-0.004093153,0.22048807
Bst2,0.025372922,0.8875236
Mvb12a,-0.0751566,0.22871651
Tmem221,-0.005319287,0.03349173
Nxnl1,-0.0009490663,0.29710183
Slc27a1,-0.0025100112,0.95282716
Pgls,-0.09031093,0.093068175
Fam129c,-0.0007414344,0.6927239
Colgalt1,0.056944788,0.26744428
Unc13a,0.004828673,0.1981398
Jak3,-0.006690935,0.615253
Insl3,0.0,1.0
B3gnt3,-0.00018803698,0.42264965
Fcho1,0.00036744028,0.9582395
Zfp709,0.002596261,0.8126946
Zfp882,0.00711044,0.07054242
Zfp617,0.04327008,0.093877845
Zfp961,0.029118827,0.02356475
Cyp4f18,0.1314351,0.28069216
Tpm4,0.13854271,0.26442996
Gm26586,-0.0028102268,0.024531411
Rab8a,0.047042444,0.21915996
Hsh2d,0.009562503,0.42264977
Cib3,0.0,1.0
Fam32a,0.11244655,0.3846668
Ap1m1,0.0021645501,0.9591454
Gm10282,0.0013080854,0.7711659
Klf2,0.55448186,0.09053585
Eps15l1,0.006265547,0.6530856
Calr3,0.046977613,0.0028457544
1700030K09Rik,0.0029692426,0.7856272
Cherp,0.072390065,0.021827636
Slc35e1,0.031327028,0.3028825
Gm17435,0.0,1.0
Med26,0.01960582,0.08212363
Smim7,-0.02161169,0.700987
Tmem38a,-0.1378518,0.057118025
Nwd1,-0.009690683,0.50588447
Sin3b,-0.12700236,0.21468438
F2rl3,-0.0028161313,0.2644004
Large,-0.003021229,0.7028849
Hmgxb4,0.05406367,0.052528385
Tom1,-0.026222236,0.1299415
Hmox1,0.069969654,0.064999536
Mcm5,0.043299012,0.1835666
Rasd2,0.01797348,0.13432465
Nr3c2,0.023869632,0.14087456
Arhgap10,-0.018498054,0.37553036
0610038B21Rik,-0.0031253123,0.31204346
Prmt10,0.01079971,0.2235455
Tmem184c,-0.011642888,0.4397129
Ednra,0.021523599,0.10220601
Ttc29,0.07912603,0.1727763
Rbmxl1,0.03660187,0.42251948
Slc10a7,0.0015134811,0.8624072
Lsm6,-0.090726316,0.47791624
Zfp827,0.018011099,0.1997875
Mmaa,-0.017356124,0.55726993
Gm4890,0.03829162,0.16540596
Smad1,0.067959726,0.07279426
Otud4,0.04862217,0.26886594
Abce1,-0.026096389,0.49063823
Anapc10,0.060442016,0.12973842
Hhip,0.0057558552,0.15273649
Gypa,-0.0025848981,0.42264977
Smarca5,0.02769655,0.5661721
Gab1,0.09159704,0.075880386
Usp38,0.033881597,0.07004653
Gm9725,0.004891486,0.36768574
Inpp4b,0.0013336274,0.8119946
Il15,0.006571606,0.66012156
Zfp330,0.07522084,0.23185709
Rnf150,0.0051055364,0.8125986
Gm10645,-0.014325954,0.020085327
Tbc1d9,-0.33479586,0.14025022
Ucp1,-0.0012068056,0.66434
Elmod2,0.074474245,0.28292772
Clgn,0.0036886362,0.48456967
Scoc,-0.06866813,0.3599685
Ndufb7,-0.42630637,0.016727526
Tecr,-0.41435426,0.048147466
Dnajb1,0.089873105,0.06171407
Gipc1,-0.053396314,0.3954638
Ptger1,-0.00074584584,0.5846283
Pkn1,0.0505872,0.043900985
Ddx39,0.060555965,0.23297895
Adgre5,0.24604402,0.13444817
Gm26721,0.0010000924,0.91768456
Adgrl1,0.03608738,0.08269111
Gm10644,0.0044630407,0.39650452
Asf1b,0.016385755,0.05769866
Prkaca,-0.06977649,0.28652453
Samd1,0.07249817,0.10526902
1700067K01Rik,-0.0005391238,0.4226497
2210011C24Rik,0.004660527,0.50199777
Palm3,-0.00404708,0.51586694
Il27ra,0.0,1.0
Gm10643,0.02692305,0.25520176
C330011M18Rik,0.023071835,0.26273686
Rfx1,0.030766036,0.35665756
Dcaf15,0.016925583,0.2677305
Podnl1,0.002502591,0.43632057
Cc2d1a,0.016486637,0.24029954
4930432K21Rik,0.007278722,0.3182568
Nanos3,0.0065119285,0.2592675
Gm26887,2.780935e-05,0.9772053
Gm26532,0.13832495,0.03248585
Zswim4,-0.00095602684,0.9481202
D8Ertd738e,-0.13288385,0.08101807
Mri1,0.036701836,0.13603604
Ccdc130,0.016109021,0.3475586
Cacna1a,0.0519173,0.1331115
Gm16183,0.00031880196,0.90510964
Ier2,0.43721417,0.014564693
Gm26664,0.007188849,0.24487011
Nacc1,0.033944257,0.36111143
Trmt1,0.02847509,0.20269808
Nfix,0.20678985,0.022791283
Lyl1,0.06809239,0.027745312
G430095P16Rik,0.013890584,0.30822936
Dand5,0.007080823,0.6571048
Gadd45gip1,0.019344598,0.5641608
Rad23a,0.01729101,0.7822389
Calr,-0.34744096,0.17559624
Farsa,-0.005722314,0.8528344
Syce2,0.044664167,0.09393384
Gcdh,-0.0010460764,0.9608448
Klf1,-0.0009862138,0.62616205
Dnase2a,-0.083420604,0.16677205
Mast1,0.0005188752,0.8917202
Rtbdn,0.0,1.0
Rnaseh2a,0.01400315,0.12902892
Prdx2,-0.21898317,0.12967302
Junb,0.56126255,0.1338344
Hook2,0.015909236,0.22538191
Best2,0.0,1.0
Asna1,0.028987885,0.6589473
2310036O22Rik,0.033890843,0.5258781
Tnpo2,0.00063159317,0.9771515
Fbxw9,0.066350974,0.10414739
Gm5741,0.0018647357,0.55571777
Dhps,0.0055323243,0.8879435
Wdr83,-0.019562647,0.36935467
Wdr83os,-0.018481553,0.79223686
Man2b1,-0.04162571,0.37168992
Zfp791,-0.000748436,0.42264977
Cks1brt,0.0009171147,0.42264965
Vps35,0.031839818,0.46435276
Orc6,0.048706926,0.2161173
Mylk3,0.0032368193,0.5279395
4921524J17Rik,-0.008056432,0.6918179
Gpt2,0.037002638,0.20020126
Dnaja2,0.04875475,0.35885987
Neto2,0.0030745505,0.58492154
Itfg1,-0.10773027,0.22440667
Phkb,-0.069887206,0.020714082
Abcc12,0.0015128052,0.5598296
Lonp2,0.04860826,0.2631847
Siah1a,0.026768051,0.1667864
Gm10638,-0.004193276,0.62888455
N4bp1,0.11389291,0.08890602
2010110E17Rik,0.00410762,0.42264965
Gm27167,-0.00056229735,0.42264965
Gm27168,0.0,1.0
Cbln1,0.0,1.0
Gm2694,-0.0013591754,0.25215986
Zfp423,0.090626754,0.23028162
Gm2716,0.0,1.0
Cnep1r1,-0.004047662,0.8636151
Heatr3,0.015425898,0.34971848
9430002A10Rik,-0.0058216215,0.21700199
Papd5,0.012989946,0.6688919
Adcy7,0.067810506,0.17582119
Brd7,0.034291938,0.3462912
Nkd1,0.04275112,0.091478795
Snx20,0.14447975,0.13921261
Nod2,0.0044101253,0.70035136
Cyld,-0.019248784,0.24882032
Sall1,0.05718193,0.0106356535
Tox3,0.01979235,0.07905976
Chd9,0.0799016,0.3573884
Gm6658,-0.0020464773,0.4226497
Rbl2,0.033460334,0.23032236
Aktip,-0.14287484,0.03023849
Rpgrip1l,-0.017955303,0.64646566
Fto,0.0090623945,0.7196211
Gm3235,0.0,1.0
Irx3,0.043367684,0.14745697
Irx3os,-0.00075279543,0.68159413
Gm28516,0.003061825,0.6713482
Crnde,0.006406812,0.585519
Gm21817,0.0013796017,0.19065866
Irx5,0.05159038,0.32730654
Irx6,0.0,1.0
Mmp2,-0.020765228,0.18692029
Lpcat2,0.11822884,0.17637326
Capns2,-0.0019631993,0.24513549
Ces1d,0.05307279,0.16919789
Ces5a,0.0024593088,0.4226497
Gm26843,-0.00021707313,0.96284914
Gnao1,0.06765761,0.23933129
Amfr,-0.15008965,0.057995502
Nudt21,0.12362251,0.07244604
Ogfod1,0.0072263125,0.37141764
Bbs2,0.011286467,0.25107732
Mt3,0.005339861,0.98247164
Mt2,0.5932262,0.09022208
Mt1,0.9497658,0.017586647
Nup93,0.014135323,0.042453554
Slc12a3,0.0,1.0
Gm15889,0.0,1.0
Gm15890,0.0,1.0
Herpud1,0.08507177,0.14281516
9330175E14Rik,0.010634507,0.44150892
Nlrc5,0.0034398949,0.7551724
Cpne2,-0.030181944,0.573447
Fam192a,0.023158386,0.63145167
Rspry1,0.00431823,0.89270234
Arl2bp,0.056318045,0.036628217
Pllp,0.020080319,0.22477093
Ccl22,0.0008016094,0.6764931
Cx3cl1,0.013538767,0.6497867
Ccl17,-0.002047914,0.34550956
Ciapin1,-0.04842104,0.16421852
Coq9,-0.046914816,0.31160477
Polr2c,0.0011411309,0.9803469
Dok4,0.0024525365,0.582433
Ccdc102a,0.029055007,0.30136713
Adgrg5,-0.00038198943,0.4226497
Adgrg1,0.025988307,0.27993292
Adgrg3,-0.006690156,0.6883175
Drc7,-0.06519511,0.3166373
Katnb1,0.028231494,0.0785172
Kifc3,0.031804167,0.14401574
Cngb1,0.00060956413,0.81739676
Tepp,0.0021758317,0.73777497
Zfp319,-0.002070684,0.8962828
Usb1,0.0107778385,0.4369556
Mmp15,-0.058309454,0.17926478
Cfap20,0.12838471,0.11926713
Csnk2a2,0.0022783726,0.9399949
Ccdc113,0.07070294,0.38931066
Gins3,0.0018318957,0.4206916
Ndrg4,-0.027016208,0.08097161
Setd6,0.0055726916,0.6288125
Cnot1,0.07323441,0.24015833
Gm10094,-0.00470512,0.43697715
Slc38a7,0.03142106,0.0052860947
Got2,-0.15548661,0.05243959
Cdh8,0.0004706003,0.42264965
A330008L17Rik,0.0,1.0
Cdh11,0.014684137,0.0340314
Gm8730,0.0055802315,0.7340837
Cdh5,0.021966863,0.07932279
Bean1,0.0,1.0
Tk2,0.07067382,0.0633203
Cklf,0.017525569,0.6691329
Cmtm2a,0.0004312771,0.8931806
Cmtm3,0.061505903,0.14803644
Cmtm4,0.07372254,0.28303468
Dync1li2,0.02477809,0.4049267
Ccdc79,-0.00038092677,0.4226497
Nae1,0.036419854,0.06237394
Car7,0.002235166,0.23737329
Pdp2,0.011490592,0.3229193
Rrad,0.012747932,0.32293946
Fam96b,-0.00021243095,0.99387264
Ces2g,0.00088001677,0.49894485
Gm3830,0.0,1.0
Cbfb,0.06499876,0.062029656
D230025D16Rik,0.019206982,0.3942752
B3gnt9,0.004289166,0.42831495
Tradd,0.0054324977,0.6572416
Fbxl8,0.0005433904,0.9569247
Hsf4,0.00017151143,0.9734941
Nol3,-0.0061938483,0.57330257
4931428F04Rik,0.0026279606,0.025543258
Exoc3l,-0.0020519071,0.5245243
E2f4,0.038200617,0.1873679
Elmo3,0.0051337164,0.8674212
Lrrc29,0.003520011,0.60441464
Tmem208,-0.21165887,0.06279715
Fhod1,0.05595047,0.1481556
Slc9a5,0.0007431527,0.6820638
Plekhg4,0.0,1.0
Lrrc36,0.12948614,0.1303481
Tppp3,0.47742993,0.05320809
Zdhhc1,0.006904237,0.82159835
Hsd11b2,-0.0003443244,0.4226497
Atp6v0d1,-0.03421104,0.2090358
Gm38250,0.0011869648,0.5949039
Agrp,0.0010615854,0.6779533
Fam65a,0.009477764,0.5438291
Gm5914,0.036578417,0.3326444
Ctcf,0.15009926,0.04150889
Rltpr,-0.0009851524,0.42264965
Acd,-0.010722417,0.47621867
Pard6a,0.009303354,0.40698308
Enkd1,0.051168226,0.10490663
4933405L10Rik,0.0018230807,0.42264977
Gfod2,0.029118821,0.25648808
Ranbp10,0.00668025,0.77101916
Tsnaxip1,0.057520885,0.2353232
Cenpt,0.0016087014,0.9050102
Thap11,0.056654207,0.041132804
Nutf2,-0.0019185394,0.86346036
Edc4,0.027802374,0.455087
Nrn1l,-0.0033459626,0.5542204
Pskh1,0.029082295,0.00458989
Ctrl,0.006502531,0.4674318
Psmb10,0.09600097,0.2233146
Lcat,-0.0015571956,0.8505335
Slc12a4,-0.14830786,0.06721635
Dpep3,-0.001287147,0.42264977
Dpep2,0.07689411,0.24478883
Dus2,0.038935386,0.007200152
Ddx28,0.0031609274,0.9110826
Nfatc3,0.08007439,0.21105619
Esrp2,-0.0028986551,0.10619778
Pla2g15,0.04569115,0.00012629236
Slc7a6,-0.007433189,0.07652414
Slc7a6os,0.030657751,0.26582393
Prmt7,0.007489104,0.20113918
Gm26786,-0.0014379366,0.42264977
Smpd3,0.024340251,0.10968462
Gm10629,0.0,1.0
Zfp90,0.018456472,0.06679482
Cdh3,-0.09187442,0.15955232
Gm10073,-0.001348421,0.9852051
Cdh1,0.0031073298,0.5968045
Tango6,0.106904864,0.07653012
Has3,0.00157712,0.31229353
Chtf8,0.035212114,0.2410526
Cirh1a,0.0036883578,0.8408606
Sntb2,-0.041832842,0.2431543
Gm16208,-0.0003705479,0.42264977
Vps4a,0.021435142,0.08213891
Pdf,-0.0016076379,0.7804357
Cog8,0.02115652,0.35531726
Nip7,0.07736421,0.007274356
Terf2,0.045559466,0.15925574
Cyb5b,0.010097817,0.75734925
Rps18-ps3,-0.003249689,0.012256187
Nfat5,0.11474236,0.25676167
Nqo1,-0.017296255,0.83319414
Nob1,0.026284546,0.17501456
Wwp2,0.028163455,0.27714616
Rps26-ps1,-0.009105261,0.21598801
Psmd7,0.022092462,0.45822188
Zfhx3,0.091658965,0.31492147
Gm20686,0.0,1.0
D030068K23Rik,0.0,1.0
Dhx38,0.04807823,0.22106405
Txnl4b,0.016758412,0.17832586
Hp,0.19230518,0.5870845
Dhodh,-0.010285284,0.3296269
Pkd1l3,0.0,1.0
Ist1,0.09515884,0.1268612
Zfp821,0.01958043,0.47941095
Atxn1l,-0.025910627,0.16145816
Ap1g1,-0.030473776,0.2584691
Gm17344,0.002697834,0.1851732
Phlpp2,0.00033086538,0.98125845
Marveld3,-0.024409506,0.09191984
Tat,0.0076175593,0.3344321
Zfp612,0.023495998,0.15385339
Calb2,0.0013707101,0.7744488
Cmtr2,0.0008971095,0.7424205
Hydin,0.19666807,0.12590773
Vac14,0.017045334,0.5651543
Mtss1l,0.0681203,0.17193867
Il34,0.05097424,0.20922333
Sf3b3,0.035099268,0.07859983
Cog4,0.034971274,0.33445257
Gm26816,0.0,1.0
Fuk,-0.0018979982,0.9136759
St3gal2,0.04725244,0.27477276
Ddx19a,0.045353927,0.00029077136
Ddx19b,0.021456968,0.30208144
Aars,0.0016791224,0.91673857
Clec18a,-0.018333051,0.10337516
Pdpr,0.008020808,0.24507375
Glg1,0.0970681,0.088766195
Rfwd3,0.0079381615,0.7033102
Mlkl,0.006669001,0.60772115
Fa2h,0.02113058,0.3678035
Wdr59,0.001571848,0.88864964
Znrf1,0.04046479,0.3010686
Ldhd,0.010997023,0.2003079
Zfp1,0.025079973,0.09256356
Bcar1,-0.03140393,0.37655485
Cfdp1,0.04613179,0.57478833
Tmem170,-0.0023012054,0.7750178
Chst5,0.0011076179,0.69553363
Tmem231,0.0130959,0.4932659
Gabarapl2,0.06711006,0.2715389
Adat1,0.01736798,0.311497
Kars,0.015599266,0.48590183
Terf2ip,0.024868235,0.11975273
Gm6793,0.00693278,0.4040923
Cntnap4,0.0006786874,0.42264977
Mon1b,0.027273292,0.16489726
Syce1l,0.0,1.0
Adamts18,0.0,1.0
Nudt7,-0.043324783,0.32311293
Vat1l,-0.36463642,0.09129936
Wwox,0.08057373,0.080433935
Gm16116,0.0,1.0
Gm16118,-0.00054154126,0.9255726
Maf,0.0038879216,0.9290135
Gm15655,-0.0028326998,0.44242665
Dynlrb2,0.254593,0.2136257
Cdyl2,0.0073066624,0.3109972
Cmc2,-0.063723184,0.0567568
Cenpn,0.009394886,0.35939637
Atmin,0.06429482,0.29188907
1700030J22Rik,0.027310051,0.2123737
Gcsh,0.06332193,0.23311588
Gan,0.022606408,0.13888006
Cmip,0.18491864,0.16772862
Plcg2,0.093784526,0.046538174
Sdr42e1,2.9144576e-06,0.99850535
Hsd17b2,0.0049048695,0.42264965
Mphosph6,0.069273375,0.00040151624
Cdh13,0.0014331865,0.6459385
Hsbp1,-0.0019319057,0.9704398
Mlycd,-0.05264292,0.06824301
Osgin1,0.01811268,0.37652865
Necab2,-0.04213173,0.114949234
Mbtps1,-0.0040069222,0.907261
Hsdl1,0.031862795,0.013568808
Dnaaf1,0.045953993,0.13309583
Taf1c,0.0068082493,0.54830766
Kcng4,-0.00058429857,0.42264977
Wfdc1,0.0037327232,0.7217226
Atp2c2,-0.0021622635,0.56212425
Tldc1,0.0015410092,0.8650854
Cotl1,0.12694591,0.47491467
Klhl36,1.7609447e-05,0.9987379
Usp10,-0.0022672564,0.89281094
Crispld2,0.013987161,0.7162538
Zdhhc7,0.007194642,0.47513372
A130014A01Rik,0.05812092,0.047059134
6430548M08Rik,0.059173062,0.0887223
Fam92b,0.0120323375,0.74357235
A330074K22Rik,-0.0015187974,0.49907085
Gse1,0.0452953,0.2799779
Gins2,0.0164295,0.4452115
Gm10614,0.0,1.0
Gm26739,0.0,1.0
1190005I06Rik,-0.07955529,0.1704647
Emc8,-0.018343598,0.8163134
Cox4i1,-0.3720684,0.084209636
Irf8,0.09462034,0.019632913
Fendrr,-0.0012138594,0.42264965
Foxf1,0.0,1.0
Mthfsd,0.021563098,0.09590963
Foxc2,0.02553091,0.04575054
Foxl1,0.0029663313,0.20423427
5033426O07Rik,0.0,1.0
Gm26747,-0.0005374101,0.42264965
Gm26784,0.0018239119,0.42264977
Fbxo31,0.029997814,0.5798504
Map1lc3b,0.16461766,0.3910235
Zcchc14,0.041989513,0.10772303
Gm27030,0.0065701175,0.3048785
Jph3,0.0035158559,0.58224815
Klhdc4,-0.0292122,0.4827338
Gm20406,-0.015549634,0.3287369
Gm26812,-0.00047041583,0.42264977
Slc7a5,0.0009945016,0.85322356
BC048644,0.0,1.0
Car5a,0.0,1.0
Gm27011,-0.0008396975,0.4226497
Banp,-0.005136043,0.74608827
Gm22,-0.00010958605,0.9212744
Zfpm1,0.01073745,0.34366664
Zc3h18,0.01579599,0.2751659
Cyba,0.4310928,0.18100627
Mvd,-0.026779974,0.14509067
Snai3,0.0,1.0
Rnf166,0.06961248,0.13803291
Ctu2,0.0100218505,0.25596607
Piezo1,-0.010626733,0.72188723
Cdt1,0.034033153,0.3176261
Aprt,0.035540402,0.7106888
Galns,-0.016155463,0.07567692
Trappc2l,0.059136093,0.19919072
Pabpn1l,0.0,1.0
Cbfa2t3,0.112427235,0.13507546
Acsf3,0.043203764,0.003663379
Cdh15,0.0075296657,0.41741893
Ankrd11,0.13528512,0.07556416
Spg7,-0.061029553,0.13227998
Rpl13,0.32913113,0.15969554
Cpne7,0.0025188515,0.5230412
Sult5a1,-0.0025760406,0.3442869
Chmp1a,0.02086161,0.55452025
Spata33,0.03704057,0.2789103
Cdk10,0.0058261007,0.7573536
Spata2l,-0.0040858183,0.412133
4933417D19Rik,0.0102285035,0.13547227
Vps9d1,0.02028472,0.2202846
Zfp276,0.013286317,0.13002603
Fanca,0.015847545,0.18954794
Spire2,0.008836474,0.39100623
Tcf25,0.074419916,0.16944523
Mc1r,0.00042113394,0.4226497
Tubb3,0.0037165894,0.61108404
Def8,0.0016652495,0.90416443
Afg3l1,0.002594471,0.8980848
Dbndd1,0.024828268,0.23026302
Gas8,0.03958711,0.517185
Rhou,0.07819362,0.1088914
4732419C18Rik,0.027023673,0.22744803
Rab4a,0.02851358,0.03592472
2810455O05Rik,-0.0014587308,0.6796208
Ccsap,0.014523421,0.33233327
Acta1,0.0017821137,0.4226497
Nup133,0.0011353716,0.9546056
Abcb10,0.014583025,0.32081437
Taf5l,0.0013871826,0.90899044
Urb2,-0.00031787902,0.98223907
Galnt2,-0.00016211954,0.8479337
Gm15775,0.0,1.0
Pgbd5,0.016310576,0.029619101
Cog2,0.0040495545,0.87639135
Agt,0.0011926312,0.90272874
Capn9,0.0,1.0
2310022B05Rik,0.031920407,0.059768572
Ttc13,0.017377008,0.40858454
Arv1,0.020189855,0.4376566
Fam89a,0.01003145,0.41411763
Trim67,0.003365633,0.5668327
2810004N23Rik,-0.016339064,0.35793424
Gnpat,0.027258322,0.4272186
Exoc8,0.018733837,0.26447222
Sprtn,-0.0011300432,0.44636834
Egln1,0.09565912,0.29546764
Tsnax,-0.010998294,0.60019654
Disc1,0.004699968,0.10369238
Gm16237,0.0,1.0
Sipa1l2,0.06663704,0.06245525
Map10,0.020427829,0.40719685
Ntpcr,0.013848178,0.6895714
Pcnxl2,-0.00032694067,0.4226497
A730098A19Rik,0.0,1.0
BC021891,0.005519487,0.649614
Kcnk1,-0.5032897,0.052398015
Slc35f3,-0.0034529585,0.7457281
Coa6,-0.024373904,0.14068198
Gm17296,-0.0067425044,0.25851429
Gm26759,0.0064919563,0.4538005
Irf2bp2,0.05911681,0.27444178
Tomm20,-0.24631482,0.038305894
Rbm34,0.041117385,0.0155239655
Pard3,0.026861303,0.09634445
Nrp1,0.015360966,0.5460902
Itgb1,0.14320576,0.23972932
2610044O15Rik8,-0.007989977,0.69971544
Gm2897,-0.00085751317,0.4226497
Gm5795,0.0,1.0
D830030K20Rik,-0.0017964621,0.7205411
1700110I01Rik,0.0,1.0
Gm2956,0.0,1.0
Gm3005,0.0,1.0
Gm3002,0.0025972042,0.42264965
Gm2916,0.0,1.0
Gm2974,0.0,1.0
2610042L04Rik,0.0019769827,0.4226497
Gm3164,-0.0009958006,0.75483537
Gm8159,0.0,1.0
Gm3252,-0.0005723439,0.42264965
Gm3264,0.0,1.0
Gm3278,-0.0012207202,0.42264977
Gm8281,0.0,1.0
Gm3526,0.0,1.0
Gm3488,0.0005455981,0.8779218
Gm3383,0.0,1.0
Gm8237,0.0,1.0
Gm3248,-0.0014379366,0.42264977
Gm3453,0.0,1.0
Gm8206,0.0,1.0
Gm3468,0.004405298,0.23424794
Gm3411,0.0027187474,0.42264965
Gm21103,0.0,1.0
Gm3591,0.0,1.0
Gm3594,0.0,1.0
Gm3629,0.0,1.0
Gm3460,0.0,1.0
Gm10251,0.0,1.0
Gm8050,0.0,1.0
Gm3636,-0.0001344732,0.965601
Gm8362,0.0,1.0
Gm3667,-0.00018803698,0.42264965
Gm10406,0.0,1.0
Gm3696,0.0,1.0
Gm3512,0.00077625277,0.42264977
Gm3739,0.008597032,0.2644416
Gm10339,0.0,1.0
Gm3752,0.0,1.0
Gm3558,0.0053159515,0.18371674
Flnb,0.019198703,0.08528656
Dnase1l3,-0.000319447,0.42264977
Abhd6,-0.028500155,0.3202454
Rpp14,-0.060514018,0.025525523
Pxk,-0.0056276917,0.8656821
Pdhb,-0.041848212,0.23693562
Kctd6,-0.0007989779,0.96963066
Acox2,0.00078995526,0.95746565
Fam107a,0.01934664,0.66417223
4930452B06Rik,0.008242579,0.57647365
Fhit,-0.029659748,0.23418663
Gm3839,0.008095045,0.4314117
Ptprg,0.028711755,0.31214496
3830406C13Rik,0.013190255,0.48537895
Fezf2,0.0029920775,0.42264965
Cadps,0.011076676,0.50748634
Gm5087,0.0018744898,0.6561289
Synpr,0.015449244,0.13018751
Sntn,0.28880206,0.10623409
Gm11100,-0.0012576369,0.42264965
Thoc7,0.03974217,0.012219661
Atxn7,0.060539614,0.09398112
Psmd6,0.0031172335,0.925192
Il3ra,0.008859159,0.49642673
Slc4a7,0.016068988,0.019413047
Nek10,0.021523103,0.25801545
Lrrc3b,0.0,1.0
Oxsm,0.008076258,0.59964395
Ngly1,0.034700334,0.43578938
Top2b,0.08774458,0.22257875
Rarb,0.027150434,0.4060742
Thrb,0.00898331,0.76467997
Nr1d2,0.083772816,0.37284324
Rpl15,-0.00017082691,0.9976052
Nkiras1,-0.00712429,0.75792027
Ube2e1,-0.05459696,0.42821395
Ube2e2,0.09747276,0.15374948
Gm21738,0.004170068,0.45320448
Gm2244,0.0,1.0
Gm2237,0.0035863463,0.3311175
Gm5458,0.0049565267,0.013013517
Nid2,-0.082190424,0.22590272
2700060E02Rik,-0.008341432,0.91457534
Gng2,-0.021356031,0.7617724
Saysd1,-0.07067547,0.03313804
Kcnk5,0.017053945,0.08413812
Nudt13,0.010178465,0.59648764
Ecd,0.021508522,0.31839564
Fam149b,0.0013695359,0.9563788
Dnajc9,0.068399966,0.3026636
Mrps16,0.052215755,0.4628307
Cfap70,0.12789962,0.1116113
Anxa7,0.013386965,0.7550639
Mss51,0.0074162995,0.26640233
Ppp3cb,-0.004168287,0.79810447
1810062O18Rik,0.004764945,0.60689247
Usp54,0.0439088,0.07154161
2810402E24Rik,0.025579501,0.29881883
Myoz1,-0.00090626924,0.42264965
Sec24c,0.020427361,0.36869916
6230400D17Rik,0.016710907,0.28145522
Fut11,0.017181087,0.081016175
Chchd1,0.025888413,0.45569605
Zswim8,0.028964177,0.13588618
Ndst2,0.007534854,0.58976185
Camk2g,0.024868995,0.17733468
Plau,-0.0062140953,0.3599214
Vcl,0.044173263,0.31064007
Ap3m1,0.08466317,0.10135248
Adk,0.039621286,0.056146223
Kat6b,0.05079198,0.2082402
Dupd1,0.0,1.0
Dusp13,0.0,1.0
Samd8,0.044780053,0.31298947
Vdac2,-0.124011636,0.015763076
Comtd1,-0.097772226,0.105765216
Zfp503,0.014314247,0.3850783
1700112E06Rik,0.003200742,0.73790234
Gm10248,0.0,1.0
Kcnma1,0.030796677,0.08701465
A830039N20Rik,0.012802901,0.061345525
Dlg5,0.00838612,0.38722572
E330034G19Rik,0.0025128662,0.4608368
Polr3a,0.0094151385,0.24240258
Rps24,0.16467857,0.22335106
Gm26660,0.0022712187,0.73809016
Zmiz1os1,0.00094047753,0.42264977
Zmiz1,0.17409337,0.1242876
Gm26772,-0.0017430945,0.3569064
Ppif,-0.013393797,0.50359577
Zcchc24,0.04299867,0.024436325
Anxa11,0.019907713,0.74642986
Plac9a,-0.0022602726,0.38570306
Duxbl1,0.0,1.0
Gm9780,-0.0073801554,0.36385697
Tmem254c,0.0023393072,0.47577095
Plac9b,0.005405346,0.6655837
Duxbl3,0.002679372,0.33075482
4933413J09Rik,0.0,1.0
Slmap,0.02580282,0.61789966
Dennd6a,0.027818847,0.26963082
Arf4os,-0.0035339328,0.41832995
Arf4,-0.08096403,0.23174565
Pde12,-0.027679957,0.14121132
9930004E17Rik,0.0028512084,0.38209927
Dnah12,0.24920745,0.0712091
Asb14,0.0032916684,0.6707219
Appl1,0.040918678,0.23852721
Hesx1,0.00094047753,0.42264977
Il17rd,0.003166956,0.7591478
Arhgef3,-0.002363816,0.9485484
Fam208a,0.05003406,0.22078392
Ccdc66,0.010239709,0.26134855
Erc2,0.0017142002,0.4413332
Wnt5a,0.035342954,0.22332582
Cacna2d3,-0.010193157,0.44117817
Lrtm1,0.0,1.0
Selk,-0.19111681,0.03312558
Actr8,0.011867002,0.49557593
Il17rb,-0.0006054081,0.84862554
Chdh,-0.027706694,0.11712113
Cacna1d,0.09521857,0.106079854
Dcp1a,0.0048131086,0.74328756
Tkt,0.12388164,0.34586474
Prkcd,0.15205513,0.091811135
Rft1,-0.017667837,0.16659224
Sfmbt1,-0.008016303,0.77423996
Tmem110,0.017756695,0.2227504
Mustn1,0.0022244058,0.37437326
Itih4,0.0013397179,0.42264977
Itih3,0.027857902,0.19353211
Nek4,0.04533383,0.10083154
Spcs1,-0.109336436,0.2206708
Glt8d1,-0.012125179,0.58440703
Gnl3,0.0137068555,0.46563268
Pbrm1,0.07930544,0.12380682
Smim4,-0.18563035,0.17863445
Nt5dc2,-0.05215949,0.6814405
Stab1,0.03557573,0.15558201
Nisch,-0.060311377,0.51499695
Tnnc1,0.0011835592,0.7116544
Sema3g,0.0,1.0
Phf7,0.00518029,0.36226907
Bap1,-0.009076543,0.6028377
Dnah1,0.069395564,0.10561605
Capn7,0.004906535,0.7279815
Sh3bp5,0.16085187,0.022148386
Mettl6,0.01785,0.41854665
Eaf1,-0.0196318,0.13821803
Colq,0.0019165948,0.4226497
Hacl1,0.014445707,0.37796518
Btd,-0.07372932,0.08573917
Ankrd28,0.00084070675,0.83556795
Galnt15,0.0003451691,0.59266686
Dph3,0.0135397315,0.75655234
Oxnad1,-0.0057735145,0.8540216
Ncoa4,0.0030947234,0.79413146
Timm23,0.019887142,0.27941084
Parg,0.039918326,0.07822529
Gm17210,0.0,1.0
Ogdhl,0.00033465633,0.9211713
1700024G13Rik,0.11632009,0.23188938
Ercc6,0.010251967,0.19226858
Prrxl1,0.0020971706,0.40080371
3425401B19Rik,0.0017357201,0.2046302
1810011H11Rik,0.027054183,0.21495555
Fam170b,0.0,1.0
Vstm4,0.06495726,0.120672844
Wdfy4,0.04199507,0.12800863
Lrrc18,0.06554651,0.2532071
Arhgap22,0.00585394,0.5808703
Gm15512,0.0,1.0
Mapk8,0.052176725,0.1886029
FRMPD2,0.072796844,0.22392648
Ptpn20,0.009218717,0.29450783
Gdf10,0.0116922585,0.0856648
Zfp488,-0.00063310476,0.4226497
Anxa8,0.09185861,0.023505392
Rpl23a-ps3,0.021160789,0.5343413
Syt15,0.0,1.0
Fam35a,0.011883786,0.39509085
Glud1,0.21267644,0.08221341
Fam25c,-0.003991898,0.75690645
Sncg,0.18573782,0.14150971
Mmrn2,0.005727928,0.17097619
Bmpr1a,0.017507434,0.63791823
Gm17110,0.0,1.0
Ldb3,-0.0063035963,0.47712114
Opn4,0.0,1.0
Wapl,0.041382343,0.34431967
A930038B10Rik,0.0,1.0
Grid1,0.0,1.0
Ccser2,-0.0087580085,0.71606183
Cdhr1,0.0,1.0
2610528A11Rik,0.006351634,0.29304257
Ghitm,-0.10748476,0.25019646
Nrg3,0.0,1.0
Gm20642,0.0,1.0
Sh2d4b,-0.0006772368,0.4226497
Tspan14,0.12650067,0.04404072
Fam213a,-0.15569168,0.23789251
Dydc2,-0.019793943,0.33355066
Dydc1,0.028152592,0.22580148
Mat1a,0.0021157325,0.46762112
Gm8113,7.109257e-05,0.8989983
Ear2,0.19052951,0.30288503
Ptgdr,0.010565463,0.3363789
Ptger2,-0.0032515773,0.5040449
Txndc16,0.008865289,0.5456239
Gpr137c,-0.0015508353,0.57352763
Ero1l,-0.018371262,0.5357644
Psmc6,0.04564047,0.6674792
Styx,-0.0023726653,0.40765044
Gnpnat1,0.0594733,0.1804674
Fermt2,0.036112487,0.052012004
Gm15601,0.007764754,0.077317834
Ddhd1,0.029841967,0.44733444
A530076I17Rik,-0.0006551782,0.4226497
Bmp4,-0.03897508,0.23186296
Gm15222,-0.012453472,0.04309566
Cdkn3,0.0068196505,0.48859268
Cnih1,-0.06283808,0.06635777
Gmfb,0.037635833,0.3990172
Gm10101,0.0063365665,0.012244556
Cgrrf1,-0.027003452,0.3271766
Samd4,0.059213087,0.19926646
Gm10371,0.0014637744,0.54798895
Gch1,0.03070438,0.41038
Wdhd1,0.00779262,0.30172053
Socs4,-0.0031135976,0.86872435
Mapk1ip1l,0.03962013,0.3878028
Lgals3,0.16879988,0.500941
Dlgap5,-0.0012346236,0.66818327
Fbxo34,0.013699636,0.55491215
Atg14,0.0066864546,0.49132502
Ktn1,0.12947461,0.14138752
Peli2,0.042568974,0.36173308
Tmem260,-0.0067251325,0.7070456
Otx2,-0.31378528,0.058938
Otx2os1,-0.029570088,0.1612172
Exoc5,-0.0076100826,0.58463293
Ap5m1,0.020611241,0.19893013
Naa30,0.029091146,0.26201475
Slc35f4,0.0,1.0
3632451O06Rik,-0.011793411,0.33273157
Tlr11,-0.0019964103,0.4226497
Olfr738,-0.001196493,0.5047077
Ttc5,0.029473707,0.29767412
Parp2,0.05088996,0.17921817
Tep1,0.028456122,0.4491617
Gm26782,0.07646844,0.14861122
A930018M24Rik,-0.0005441418,0.42264977
Osgep,0.072162434,0.0732122
Apex1,-0.013255343,0.6164304
Tmem55b,0.016116425,0.7508667
Pnp,0.0281291,0.65702
Pnp2,-0.009272687,0.72036767
Rnase10,0.0029383767,0.35172087
Rnase12,-0.001498761,0.23833995
Rnase4,0.22083129,0.06750698
Ang,0.065122835,0.11923412
Rnase6,0.08707513,0.3938156
Rnase1,-0.0007807405,0.42264965
Mettl17,0.009538239,0.19407655
Slc39a2,0.002039135,0.5273654
Ndrg2,0.0031300187,0.9822797
Tppp2,0.0018262034,0.52148235
Arhgef40,0.040320583,0.04365709
Gm16617,-0.0006463824,0.42264965
Zfp219,0.00653328,0.7520348
Tmem253,-0.00052509416,0.42264965
Hnrnpc,0.12419191,0.31810462
Rpgrip1,-0.0056939423,0.9125673
Supt16,0.096078366,0.204346
Gm26590,0.0052312813,0.49759036
Chd8,0.10381269,0.08958515
Rab2b,0.023850705,0.16647324
Tox4,0.08630557,0.17682306
Mettl3,0.004372634,0.7564278
Sall2,0.056422703,0.2468445
Olfr1508,0.00316254,0.2444506
Olfr1507,0.0013470463,0.64800304
Dad1,-0.19161463,0.19621491
Abhd4,0.07864646,0.21626362
5330426L24Rik,0.0,1.0
Oxa1l,0.00037842244,0.98855746
Slc7a7,0.04279564,0.023875598
Mrpl52,0.04260546,0.535159
Mmp14,0.021016829,0.08091672
Lrp10,-0.02633673,0.5550311
Rem2,-0.003637449,0.67355394
Prmt5,0.03796815,0.14393416
Haus4,0.02921478,0.1805862
Ajuba,0.026438123,0.102504484
4931414P19Rik,-0.008661024,0.14709106
Psmb5,0.014203012,0.7854387
Cdh24,0.0023871951,0.42264965
Gm20726,0.0,1.0
Acin1,0.050811976,0.1353385
4930579G18Rik,0.0,1.0
1700123O20Rik,-0.0062842816,0.8503174
Cebpe,0.041614622,0.31094414
Slc7a8,-0.045681406,0.18602769
Homez,0.024965603,0.3122943
Ppp1r3e,0.01700197,0.38057533
Bcl2l2,-0.006862037,0.6319304
Pabpn1,0.13024692,0.039601136
Slc22a17,-0.8543922,0.09490451
Efs,0.0012379959,0.9527231
Il25,-0.018936904,0.23296635
Cmtm5,0.083077095,0.07347056
Myh6,-0.0014061235,0.19091155
Myh7,-0.036661994,0.11415127
Ngdn,0.060137525,0.09824431
Gm20687,-0.0014861916,0.42264977
Thtpa,0.012942236,0.08463718
Zfhx2,0.036216732,0.090087354
Zfhx2os,0.0012773563,0.5814285
Ap1g2,0.002964016,0.8605963
Jph4,0.0009946069,0.87945867
Dhrs4,-0.05872588,0.10430689
Lrrc16b,-0.0021920563,0.35095483
Cpne6,-0.0052805855,0.4920778
Pck2,0.007379055,0.6153411
A730061H03Rik,0.00061024143,0.4226497
Dcaf11,0.036525726,0.40053788
Gm15932,-0.005890067,0.29394192
Fitm1,0.0,1.0
Psme1,0.10927129,0.43237898
Emc9,-0.017358989,0.7377415
Psme2,0.0495674,0.59100646
Rnf31,0.058105223,0.09214647
Irf9,0.07523184,0.03798692
Rec8,-0.013297765,0.13271661
Ipo4,0.011619687,0.64523834
Tm9sf1,0.00020775478,0.9825966
Tssk4,-0.004233665,0.02162361
Mdp1,0.03273952,0.23477046
Nedd8,-0.22958374,0.02056892
Gmpr2,0.03298433,0.17832063
Tinf2,0.030697923,0.17834815
Tgm1,-0.0009868797,0.96222085
Rabggta,0.01339167,0.119618036
Dhrs1,-0.023468941,0.6324787
Nop9,0.0006233789,0.9579844
Cideb,-0.007092108,0.48323196
Ltb4r2,0.0024280753,0.4226497
Ltb4r1,0.0062612295,0.9549339
Adcy4,-0.0030451017,0.21927844
Ripk3,0.0110072335,0.14607243
Nfatc4,-0.002636307,0.5765592
Nynrin,-0.022463562,0.16047385
Gm26751,-0.0005054316,0.42264977
Cbln3,-0.0018641533,0.25958875
Khnyn,-0.00261564,0.8861536
Sdr39u1,-0.025386356,0.3073765
Mcpt8,0.0023174384,0.8076121
Ctsg,0.16195148,0.3457681
Gzmc,0.0,1.0
Gzmb,-0.0020496047,0.20911479
Rnf17,0.003497342,0.59997946
Cenpj,0.014881698,0.2422799
Parp4,0.046012804,0.18843618
Mphosph8,0.014996633,0.73388475
Gm16973,0.014410262,0.34143206
Pspc1,0.016421258,0.63148224
Zmym5,0.02124168,0.34560543
2410022M11Rik,0.03636873,0.16739115
Zmym2,0.03516119,0.022611165
Gjb2,0.052525107,0.22595593
Gm4491,-0.001050861,0.42264977
Gjb6,0.09863344,0.04740934
Cryl1,0.0073300786,0.58256644
Ift88,0.061659455,0.17334436
Il17d,0.0021286947,0.5867344
N6amt2,0.008593947,0.6861565
1700039M10Rik,0.0,1.0
Xpo4,0.025191706,0.3103245
Lats2,0.054107532,0.25895005
Sap18,-0.10965383,0.043549508
Ska3,-0.0071915453,0.08469727
Mrpl57,-0.11917889,0.08368563
Zdhhc20,0.058567315,0.11065386
Micu2,-0.033661388,0.44661334
3110083C13Rik,0.018167261,0.11225529
Fgf9,0.01897862,0.0408056
Rpl13-ps3,0.0015656645,0.7904955
Rcbtb1,0.02441895,0.07923343
Gm6904,0.0,1.0
Phf11a,0.014603639,0.03172752
Phf11b,0.045488015,0.048761375
Phf11d,0.04105261,0.21041994
Phf11c,0.0048850947,0.36184537
Setdb2,0.00056440197,0.946456
Cab39l,-0.36873698,0.110414684
Cdadc1,-0.004035674,0.7644277
Shisa2,-0.03375394,0.27375937
Atp8a2,0.008025116,0.27944198
Nupl1,-0.0043567196,0.74382985
Mtmr6,-0.01835905,0.50955003
Amer2,-0.057929955,0.19433618
Gm29266,-0.00081213,0.5137816
Spata13,0.06303981,0.30525687
C1qtnf9,0.0,1.0
Mipep,0.026319623,0.25523618
Tnfrsf19,0.02684857,0.21162623
Sacs,0.0051152185,0.7213601
Sgcg,0.01992369,0.3458158
1700109G14Rik,0.0,1.0
Arl11,-0.0038279295,0.888172
Ebpl,-0.10904437,0.041452035
Kpna3,-0.006612055,0.8333352
Spryd7,-0.007086523,0.63312745
Trim13,-0.0057346495,0.30564865
Kcnrg,-0.0012678694,0.18361388
Gm27010,0.022218753,0.40207902
Gm26916,0.0,1.0
Gm27017,-0.0007565557,0.18948273
Dleu7,-0.0011548229,0.22103623
Rnaseh2b,0.011380561,0.1623503
Gucy1b2,-0.0011554618,0.20175137
Fam124a,0.008104406,0.21747833
Ints6,0.0033443049,0.75079507
4931440J10Rik,0.0,1.0
Gm26536,-0.001268364,0.4226497
Wdfy2,0.0034309435,0.30154335
Defb47,-0.0005374101,0.42264965
Defb30,0.034937978,0.2897596
Defb42,0.0009857912,0.64933187
Ctsb,0.051903486,0.64189047
Fdft1,-0.020285353,0.65918994
Neil2,0.0064650285,0.25149906
Blk,0.0,1.0
Fam167a,0.04580101,0.0662629
Tdh,-0.0050951103,0.32206845
Mtmr9,0.0073334817,0.33955613
Xkr6,-0.0011314293,0.83157
Pinx1,0.013103157,0.17956936
Sox7,0.001278167,0.42264965
Gm17116,0.0,1.0
Msra,0.016360924,0.67886496
Mir124a-1hg,-0.0020542268,0.42264977
Kif13b,0.01246412,0.15262143
Hmbox1,0.015175205,0.39388993
Ints9,0.027980527,0.2573713
Extl3,0.038703814,0.41152272
Fzd3,0.096791215,0.15937239
Fbxo16,0.07919927,0.22225092
Zfp395,0.08678785,0.02282284
Pnoc,0.0048165554,0.29579622
Elp3,0.0422661,0.121607944
Scara5,-0.017311245,0.04121965
Pbk,0.0054182913,0.7236733
Esco2,-0.0024203258,0.6624469
Ccdc25,0.02834946,0.26226544
Scara3,0.035880007,0.103364676
Clu,-0.30619264,0.39069614
Ephx2,-0.03706332,0.28587636
Ptk2b,0.08778123,0.1346865
Trim35,-0.023926735,0.2397673
Stmn4,0.08581691,0.20401764
Adra1a,0.017487004,0.0032562106
Gm10032,0.00045520684,0.7937051
Dpysl2,0.15917993,0.051936503
Gm5464,0.0042660045,0.4053009
Pnma2,-0.0012752595,0.4226497
Bnip3l,0.12314445,0.30722752
Ppp2r2a,0.076435015,0.18247703
Ebf2,0.011065261,0.35709175
Cdca2,-0.004143146,0.2527034
Kctd9,0.013416002,0.275516
Gnrh1,0.0009312823,0.66971755
Dock5,0.06499883,0.22688363
Nefm,0.002281725,0.5285286
Nefl,-0.0004815687,0.4226497
Adam7,0.0010795289,0.6769642
Adamdec1,0.0267182,0.40504095
Adam28,0.0,1.0
Stc1,-0.0005851516,0.2505852
Slc25a37,0.003661327,0.8175039
Gm16867,0.0033603092,0.6964589
Loxl2,-0.01197735,0.17834446
R3hcc1,-0.019293267,0.21662283
Chmp7,0.021447629,0.3736012
4930480K23Rik,0.018846223,0.033440564
Tnfrsf10b,-0.0149525115,0.007181834
Rhobtb2,0.007297078,0.44241259
Pebp4,-0.0057982192,0.19277322
Egr3,0.0,1.0
Bin3,0.023002312,0.6146064
Ccar2,0.021657668,0.24397384
9930012K11Rik,-0.00043790042,0.9362922
Pdlim2,-0.008525342,0.81366485
Sorbs3,0.017246485,0.6205926
Gm26908,0.021585967,0.1344228
Ppp3cc,0.014827818,0.31626275
Slc39a14,-0.026099166,0.008154133
Piwil2,-0.0022633807,0.43141732
Polr3d,0.028035343,0.03510419
Phyhip,-0.003659837,0.8137506
Bmp1,0.004449878,0.34581476
Sftpc,-0.0004988047,0.42264965
Lgi3,0.0645185,0.10212498
Reep4,0.021389913,0.11089067
Hr,-0.004555432,0.2477341
Nudt18,0.010953888,0.6579681
Fam160b2,-0.003970215,0.10889207
Dmtn,0.023366489,0.40509874
Fgf17,0.0007841624,0.42264965
Npm2,0.0054648295,0.5132998
Xpo7,0.03238777,0.09226207
Dok2,0.008196599,0.71759963
Gfra2,0.012979787,0.57245827
Fndc3a,0.049610645,0.10047754
Gm16549,0.0,1.0
Cysltr2,-0.001400109,0.18632655
Rcbtb2,0.052802935,0.2646729
Rb1,0.09904557,0.21398506
Lpar6,0.042213317,0.17811462
Itm2b,0.096737385,0.50292784
Med4,-0.0036886483,0.7705225
Nudt15,0.005763136,0.53832215
Sucla2,-0.08090609,0.21925294
Htr2a,0.0,1.0
Esd,-0.011190414,0.87813365
Lrch1,-0.0043670535,0.7807612
5031414D18Rik,0.017394027,0.39969936
Lrrc63,0.0,1.0
Lcp1,0.22008118,0.37564552
Gm15629,0.0,1.0
Zc3h13,0.06388431,0.056375872
Siah3,0.0018553282,0.5309763
Cog3,0.024566518,0.06537573
Slc25a30,-0.0054730102,0.028939996
Gm4285,0.0044213366,0.3911956
Tpt1,0.047245026,0.5989641
Gtf2f2,0.011094846,0.64929265
Kctd4,0.0576049,0.12223235
Gpalpp1,-0.0020313486,0.86261076
Nufip1,0.022411507,0.11846165
Rps2-ps6,0.0034542573,0.65404415
Tsc22d1,0.14975044,0.22730152
4930444M15Rik,0.002151878,0.5323475
Serp2,0.009716779,0.2375232
Lacc1,0.069436654,0.18228157
Ccdc122,0.054692693,0.18296686
Enox1,0.0072438773,0.14397842
Gm6994,0.0,1.0
Dnajc15,-0.071201265,0.42339417
Epsti1,0.082363054,0.021499787
Fam216b,0.15744585,0.062672704
Tnfsf11,0.0,1.0
Akap11,0.039211757,0.20857792
Dgkh,0.0029595392,0.5455897
Vwa8,-0.00041380152,0.97296625
Rgcc,0.27137256,0.023863498
Naa16,0.032289006,0.078914315
Mtrf1,0.010843189,0.09919283
Kbtbd7,-0.0012251139,0.9500175
Kbtbd6,0.0024248713,0.449154
Wbp4,0.0849193,0.43489078
Elf1,0.049669288,0.068695515
Sugt1,0.12105057,0.06719978
Lect1,0.006284933,0.30727032
Pcdh8,-0.00016258746,0.42264977
Gm9748,0.0,1.0
Olfm4,-0.0017008862,0.42264977
Pcdh17,0.011976903,0.029849734
Diaph3,-0.014332019,0.5760736
Tdrd3,-0.006177254,0.58910984
Pcdh20,0.0,1.0
Gm10110,0.0017679262,0.61233115
Pcdh9,0.024974437,0.02018291
Klhl1,0.0,1.0
Dach1,0.0029991893,0.7483696
Mzt1,0.011281237,0.5657473
Bora,-0.0030055868,0.4550292
Dis3,-0.0052791005,0.2328543
Pibf1,0.01906623,0.56664735
Klf5,0.016523669,0.14935398
Klf12,0.0,1.0
Tbc1d4,0.0041354783,0.7190252
Commd6,-0.070076734,0.08829938
Uchl3,-0.04121813,0.34949696
Gm9922,0.0010417873,0.7380408
Lmo7,0.017435482,0.36055124
Kctd12,0.13600144,0.36891282
Gm26778,0.012888193,0.3869416
Irg1,-0.005051151,0.9404704
Cln5,-0.039643317,0.09211178
Fbxl3,0.057941332,0.46585685
Mycbp2,0.113233134,0.10309158
Scel,0.0062960507,0.14698234
Slain1,0.06782267,0.11241144
Slain1os,-0.0009288777,0.42264977
Ednrb,-0.035988875,0.36166492
Pou4f1,0.0,1.0
Rnf219,0.004761869,0.6767308
Rbm26,0.054919206,0.1379274
Ndfip2,-0.023919225,0.6309828
Gm10076,-0.49159765,0.027385436
Spry2,-0.01859112,0.40637553
Slitrk1,6.010756e-06,0.9992791
Slitrk6,0.0,1.0
Slitrk5,0.004350802,0.1552441
Tpm3-rs7,0.0033505815,0.57799196
Mir17hg,0.016025249,0.056415096
Gpc5,0.0037346077,0.53781974
Gpc6,0.0028058253,0.8915359
Dct,-0.020651758,0.1690741
Tgds,-0.00058314204,0.9640261
Gpr180,-0.030557528,0.5435231
Sox21,0.03664511,0.03730547
Abcc4,-0.041220553,0.23124929
Gm27198,0.0,1.0
Cldn10,0.02014755,0.50070536
Dzip1,-0.013083331,0.5773402
Dnajc3,0.02409619,0.851341
Uggt2,-0.008844525,0.5406451
Hs6st3,0.0059369006,0.26918525
Oxgr1,0.006151097,0.06043621
Mbnl2,0.04899004,0.5569476
Gm26679,-0.00010369721,0.4226497
Rap2a,0.058283463,0.015233065
Ipo5,0.03791018,0.39558846
Farp1,0.039682016,0.235572
Stk24,0.10032652,0.15656143
Slc15a1,0.00079584075,0.81777304
Dock9,0.021583341,0.46190122
1810041H14Rik,0.0069226837,0.5872658
Ubac2,0.031219527,0.017556591
Gpr18,-0.00034752674,0.93480575
Gpr183,0.021197464,0.5937582
Tm9sf2,-0.0576995,0.51901674
Clybl,0.019296557,0.7168918
1700108J01Rik,-0.001353145,0.42264965
Gm5089,0.004903996,0.2907273
Zic5,0.020139143,0.39491615
Zic2,0.058719017,0.09158469
Gm10837,4.301849e-05,0.9891425
Pcca,-0.035073966,0.5288725
Ggact,-0.006441176,0.73299766
Tmtc4,0.009688504,0.4785891
Gm15735,-0.0017392845,0.5944917
Nalcn,0.0038008224,0.7612758
Itgbl1,0.002142355,0.44652975
Fgf14,-0.0020244827,0.39633504
Gm17615,0.0,1.0
Gm26870,0.009982161,0.23595935
Gm11168,0.0,1.0
Gm10719,0.0,1.0
Gm10718,0.0,1.0
Gm10717,0.0,1.0
Alkbh8,0.006418761,0.09263495
Cwf19l2,0.021863282,0.4924541
Gucy1a2,-0.0026223646,0.4170814
Aasdhppt,-0.024733886,0.24982542
Kbtbd3,-0.003765408,0.7817164
Msantd4,0.0052341297,0.7940468
Gria4,0.0032432496,0.38981363
Casp1,0.04085326,0.28197625
Casp4,0.020527184,0.7403378
Casp12,0.050403632,0.049003974
Pdgfd,-0.08078672,0.090701714
Dync2h1,0.095785126,0.13179743
Dcun1d5,0.009990156,0.79793334
Mmp13,0.0,1.0
Mmp12,-0.0039854166,0.42264965
Mmp8,-0.13825181,0.6197716
Gm10709,0.0061271056,0.17410862
Tmem123,0.056319565,0.15296368
Birc2,0.025067009,0.30890113
Birc3,0.021291457,0.66002387
Yap1,-0.04727471,0.23177765
9230110C19Rik,-0.0017147139,0.9271043
Cep126,0.04773733,0.36356258
Trpc6,0.016393626,0.21685989
Pgr,-0.00036267756,0.7501582
Gm16485,0.00040344775,0.42264965
Arhgap42,-0.007750787,0.7837334
Cntn5,-0.0007780988,0.42264977
Jrkl,0.021533713,0.12094903
Ccdc82,0.01440529,0.32037115
Phxr4,0.05222863,0.11071084
Maml2,0.08939619,0.16145349
Mtmr2,-0.020051874,0.44408467
Cep57,0.036042944,0.27670935
Fam76b,0.05115952,0.18865061
Sesn3,-0.036100104,0.53119856
Endod1,-0.016971737,0.74181515
Kdm4d,0.0064226394,0.3105878
Cwc15,0.0794763,0.118925765
Amotl1,0.022993676,0.13092032
Piwil4,0.0,1.0
Fut4,0.0028782473,0.451884
1700012B09Rik,0.30634752,0.22771229
Ankrd49,0.018317115,0.31388846
Mre11a,0.0076303575,0.53681517
Gm16302,0.0,1.0
Gpr83,0.0,1.0
Izumo1r,0.0,1.0
Panx1,0.023377117,0.28473648
Vstm5,0.0,1.0
Med17,0.037274823,0.10033946
4931406C07Rik,0.08533719,0.2637232
Taf1d,0.11132482,0.11828777
Cep295,0.013860742,0.4167948
Smco4,-0.081456706,0.1219186
Ccdc67,0.014214756,0.2765464
Slc36a4,0.0037471391,0.8276443
Fat3,0.010245342,0.33409965
Chordc1,0.063409716,0.022003792
Naalad2,0.010437526,0.24519864
Zfp558,-0.00023326937,0.42264977
Zfp317,0.012357522,0.3331198
Gm7808,0.0009973119,0.5993095
Zfp560,-0.0066915452,0.7042576
Gm26733,0.0046960907,0.27531517
Zfp26,0.025670556,0.3398887
Zfp426,-0.0066426024,0.6409419
Zfp266,-0.02437348,0.31052148
Zfp846,0.002898897,0.62668574
Fbxl12os,0.002554742,0.43913054
Gm26521,0.00081857364,0.49802288
Fbxl12,0.034668647,0.16870318
Ubl5,-0.37983632,0.08403105
Pin1,-0.06553674,0.2514446
Olfm2,-0.0017983279,0.286312
Col5a3,0.0626675,0.19312203
A230050P20Rik,0.01268228,0.21223919
Angptl6,0.016708752,0.374351
Ppan,0.016646955,0.49518383
Eif3g,0.11977649,0.010241437
Dnmt1,0.0085594505,0.5790589
S1pr2,0.016961467,0.15438856
Mrpl4,-0.008100748,0.83721846
Icam1,0.07819535,0.25203738
Icam4,-0.0038048394,0.42514282
Icam5,0.0009203514,0.6321045
Gm26592,0.0,1.0
Zglp1,-0.0005583949,0.26865587
Fdx1l,0.013041973,0.826122
Raver1,0.013967507,0.32005557
1700084C06Rik,-0.00079955393,0.70984685
Tyk2,0.03020654,0.13148962
Cdc37,0.09747517,0.0073128357
Pde4a,0.030340735,0.040102717
Keap1,0.044743985,0.1683372
S1pr5,0.067951664,0.17392348
Atg4d,0.039387204,0.19963957
Kri1,0.011441678,0.45870137
Cdkn2d,0.08102091,0.45701426
Slc44a2,0.09339475,0.17957836
Ilf3,0.007507272,0.65762776
Gm16853,0.01683788,0.049218945
Qtrt1,0.011623424,0.40667066
Dnm2,0.044826016,0.24030532
Tmed1,-0.110770226,0.11474019
AB124611,0.098742396,0.5152176
Carm1,0.0136838965,0.40700346
Yipf2,-0.0035955086,0.79074293
1810026J23Rik,0.018200047,0.1247879
Smarca4,0.010732651,0.5264964
Gm26511,0.0,1.0
Ldlr,0.037330862,0.34089357
Spc24,0.025403695,0.22651488
Kank2,0.01029636,0.46600902
Dock6,-0.016855875,0.27371445
Rab3d,0.009237193,0.8355443
Tmem205,-0.15228322,0.054201335
Ccdc159,-0.004778392,0.22163814
Plppr2,0.006044683,0.51140076
Swsap1,-0.0061877053,0.55856544
Epor,-0.0009108456,0.4226497
Rgl3,-0.0037270528,0.24969803
Ccdc151,0.03474854,0.18667445
Prkcsh,-0.07444762,0.16988061
Elavl3,0.043985017,0.02047886
Zfp653,-0.0075054644,0.46943593
Gm16845,0.004485362,0.2750908
Ecsit,-0.0065004304,0.77815855
Cnn1,0.0016214146,0.51896834
Elof1,0.22963017,0.26009187
Acp5,0.05878177,0.2870358
Pigyl,0.024095878,0.43170705
Zfp872,-0.0008705247,0.74397063
Zfp809,0.014862117,0.05435938
Zfp599,0.000916056,0.6611009
Zfp810,0.019064156,0.24558647
Anln,0.041159708,0.034210827
9530077C05Rik,0.06311083,0.05231297
Rp9,-0.023310512,0.74701405
Bbs9,0.028151177,0.005448484
Bmper,-2.6056194e-05,0.99103314
Npsr1,0.0,1.0
Gm10701,0.0,1.0
Dpy19l1,0.051347375,0.17821482
Dpy19l2,0.053612277,0.18528955
Herpud2,0.0050644726,0.864777
Gm29642,0.0029920775,0.42264965
Gm29375,0.0012683829,0.4226497
Sept7,0.16498578,0.241103
Eepd1,0.022777943,0.3504883
B3gat1,0.00095014507,0.82303154
Glb1l2,-0.024391454,0.08246985
Glb1l3,0.002483871,0.258094
Gm1110,-0.011221856,0.22287573
Acad8,-0.41710335,0.0139704775
Thyn1,-0.2460345,0.08709004
Vps26b,-0.0042151734,0.8838723
Ncapd3,0.0035374183,0.48875484
Jam3,0.15299785,0.06178521
Igsf9b,-0.0005690356,0.42264965
Spata19,0.0,1.0
Opcml,-0.0031283228,0.5169044
Ntm,0.016037941,0.14049327
Gm15520,0.0,1.0
Snx19,0.0077733397,0.23422278
Adamts15,0.011620431,0.13029295
Adamts8,0.001074288,0.6529155
Zbtb44,-0.0027156174,0.9070614
St14,0.006094978,0.32768562
Aplp2,-0.14921153,0.20722736
Prdm10,0.008871894,0.068670556
Nfrkb,0.014128691,0.52615255
Tmem45b,0.020061024,0.07823506
Barx2,0.08927119,0.17380248
Arhgap32,0.029691726,0.39842802
Kcnj5,0.0,1.0
Fli1,0.058362935,0.055109724
Gm27201,-0.00017073184,0.4226497
Ets1,0.03496789,0.4869522
Gm3331,0.0,1.0
Gm27164,0.0,1.0
7630403G23Rik,0.0012344365,0.42264965
Kirrel3,0.01435137,0.3004747
Gm26662,0.0,1.0
Kirrel3os,-0.00067886425,0.42264965
St3gal4,0.040170535,0.2267534
Dcps,0.026115097,0.1983716
Tirap,0.06321688,0.09799603
Srpr,-0.077936664,0.1365559
Foxred1,-0.0044042543,0.7472799
Fam118b,0.037338942,0.055674247
Rpusd4,-0.004383065,0.6275583
Cdon,-0.0030154604,0.4758906
Ddx25,0.017516002,0.106475934
Pus3,-0.0127230715,0.13480055
Hyls1,0.0040628016,0.4588056
Pate2,-0.003641732,0.23506272
Gm17252,0.0,1.0
9230113P08Rik,0.0,1.0
Chek1,0.00592665,0.44536775
Stt3a,-0.0006996393,0.98788536
Gm26787,0.00067142956,0.9359045
Ei24,-0.03300345,0.2951005
Fez1,0.288773,0.054825764
Pknox2,-0.0051335227,0.7375016
Gm3896,0.0,1.0
Tmem218,-0.016183764,0.54889673
Slc37a2,-0.053823706,0.17691642
Ccdc15,0.018822074,0.14385931
Hepacam,0.15053123,0.041099988
Robo4,-0.0014414677,0.4226497
Robo3,7.120299e-05,0.8984458
Msantd2,0.001466617,0.8583935
Esam,0.0006510329,0.760165
Vsig2,0.0,1.0
Nrgn,0.001245454,0.8988808
Spa17,0.16369748,0.37374428
Siae,0.002972763,0.79581183
Tbrg1,0.04778619,0.48925346
Vwa5a,0.030332811,0.031574223
Olfr920,3.9369334e-06,0.9990465
AW551984,0.0,1.0
Zfp202,0.0017111874,0.5772668
Scn3b,0.03641718,0.04776009
Gramd1b,-0.060034357,0.15944159
Clmp,0.03283534,0.3024574
Hspa8,-0.01419735,0.9669765
4931429I11Rik,0.028109387,0.41590604
Crtam,-0.0010388156,0.4226497
Ubash3b,0.06428607,0.29272017
1700063D05Rik,0.0019688716,0.7071018
Sorl1,0.33166212,0.12816218
Sc5d,0.020721897,0.4467702
Tecta,-0.0024951962,0.33948565
Tbcel,-0.033857107,0.5154101
Grik4,0.015064775,0.12209225
Arhgef12,-0.05963102,0.24993503
Tmem136,0.0055691656,0.7207442
Pou2f3,-0.00018974172,0.4226497
Oaf,0.011985812,0.4923371
D630033O11Rik,0.008243787,0.4226497
Trim29,0.0013287852,0.59249425
Pvrl1,0.022876548,0.12415357
Thy1,0.014938214,0.34453008
Rnf26,0.0021094792,0.89502215
Usp2,0.056551814,0.37515378
Mfrp,-0.044390395,0.17483726
Gm26737,0.00956341,0.48444927
Gm10687,0.001100612,0.5201386
Mcam,0.018963072,0.38894442
Cbl,0.1145712,0.14217357
Ccdc153,0.58300376,0.10378848
Pdzd3,0.0012577204,0.77449256
Nlrx1,0.041800268,0.08769619
Abcg4,-0.0031532214,0.42054966
Hinfp,0.0028524657,0.5680194
C2cd2l,-0.016761895,0.23757625
Dpagt1,0.036213987,0.12405718
H2afx,0.044970945,0.14640726
Hmbs,-5.507469e-05,0.996974
Vps11,0.0142873,0.2436073
Hyou1,-0.029434346,0.20698172
Slc37a4,-0.00051033497,0.9663197
Trappc4,0.011923552,0.8454453
Rps25,0.12895703,0.21645275
Ccdc84,0.019533783,0.13354361
Foxr1,0.0,1.0
Upk2,0.004669218,0.6749476
Gm9830,0.0,1.0
C030014I23Rik,-0.035616614,0.017102348
Bcl9l,0.042999845,0.091702946
Cxcr5,-0.002977521,0.42264965
Ddx6,0.15511939,0.2034174
Phldb1,0.12252776,0.15242928
Arcn1,0.010075688,0.4930288
Ift46,0.06289689,0.24894501
Tmem25,0.0061720805,0.12481557
Ttc36,0.0077421414,0.32566586
Kmt2a,0.14101245,0.10902817
Atp5l,-0.5628288,0.04030799
Ube4a,0.015601285,0.63329166
Cd3g,-0.00022712605,0.4226497
Cd3d,-0.00042377808,0.8301067
Cd3e,0.0,1.0
Mpzl2,0.014069406,0.22703545
Mpzl3,0.0028923284,0.8023309
Amica1,0.018214937,0.63364637
Scn2b,0.0024437953,0.6471284
Scn4b,0.0005198815,0.48485857
Tmprss4,0.0,1.0
BC049352,-0.0014985967,0.82486
Il10ra,0.10290161,0.17598681
Fxyd6,0.017855667,0.36986047
Fxyd2,-0.008073753,0.76691633
Dscaml1,0.0018804438,0.61530626
Cep164,0.065941304,0.08856381
Bace1,0.0032343306,0.9182609
Gm16536,-0.0116711985,0.49108997
Rnf214,-0.0052734017,0.83436143
Pcsk7,0.00080467574,0.8553644
Tagln,0.049313743,0.19898865
Sidt2,0.038266093,0.39363837
Pafah1b2,-0.012489289,0.71281415
Sik3,0.0065384954,0.66937464
Apoa1,0.030113664,0.093269885
Apoc3,0.022707317,0.23564158
Zpr1,0.008648962,0.78934133
Bud13,0.011688963,0.53193724
4931429L15Rik,-0.00037465108,0.69784915
2900052N01Rik,0.0093472805,0.3272194
Cadm1,0.2506048,0.084865026
Nxpe2,-0.0009108456,0.4226497
Nxpe4,0.09844972,0.27733865
Gm5616,0.0,1.0
Rexo2,0.04281622,0.5104086
Rbm7,0.026583254,0.6270689
Gm5617,0.21151817,0.13846703
Nnmt,-0.0019031914,0.3228142
Zbtb16,0.032589838,0.15564328
Htr3a,-0.000739613,0.42264965
Usp28,0.0043307217,0.60539204
Zw10,0.009858696,0.37306243
Tmprss5,0.0038209455,0.3247621
Ankk1,-0.0014948384,0.7995035
Ttc12,0.069584526,0.16311337
Ncam1,0.21756391,0.094087124
Gm11149,0.0,1.0
Rpl10-ps3,0.027299266,0.052141163
Plet1os,0.0007819608,0.7579518
Plet1,0.033469334,0.13961387
Pts,0.0068081617,0.9189397
Bco2,0.0052570663,0.55945635
Tex12,0.0,1.0
Il18,0.048986495,0.11698981
Sdhd,-0.1452227,0.058891565
Timm8b,-0.1822803,0.069377065
AU019823,0.042955376,0.122828186
Pih1d2,0.15451735,0.123338126
Dlat,-0.034593582,0.28685924
Dixdc1,0.045983516,0.068744406
2310030G06Rik,0.019657947,0.35636467
Hspb2,-0.0064518824,0.6354254
Cryab,-0.3358493,0.26368225
1110032A03Rik,-0.019881606,0.7506939
Fdxacb1,0.008744601,0.42530757
Alg9,0.009244379,0.49919724
Ppp2r1b,-0.014851477,0.3044321
Sik2,0.04866118,0.12287519
Layn,0.04419514,0.15073575
4833427G06Rik,0.012723967,0.6810253
Pou2af1,0.0,1.0
Gm684,-0.003565899,0.5089582
2010007H06Rik,-0.0012558983,0.8184428
Gm7293,0.0,1.0
Arhgap20,-0.003698742,0.7351499
Fdx1,-0.11288294,0.1473386
Rdx,0.12256619,0.01380716
Zc3h12c,0.017183328,0.14465196
AI593442,2.564583e-05,0.9955878
Ddx10,0.01950704,0.45248616
Exph5,-0.0012004364,0.54807293
Kdelc2,0.0022024773,0.909136
4930550C14Rik,0.0387481,0.20727351
Atm,0.013914565,0.5330163
Npat,0.033758774,0.17101492
Acat1,-0.053767502,0.20879681
Cul5,0.009539351,0.7535944
Gm16124,0.054995153,0.05278284
Rab39,0.0081173545,0.39192766
Slc35f2,0.00042113394,0.4226497
Sln,-0.00034574757,0.4226497
Elmod1,0.07751973,0.19350341
Tnfaip8l3,0.00042113394,0.4226497
Gldn,0.0,1.0
Dmxl2,-0.050908133,0.1982527
Cib2,-0.028103918,0.25977707
Idh3a,-0.16407657,0.1968994
Acsbg1,0.027669836,0.37515002
Dnaja4,0.07805076,0.1083729
Wdr61,-0.0047191978,0.91246176
Crabp1,0.002244795,0.4226497
Ireb2,-0.012179397,0.24867073
Hykk,-0.0008444162,0.9385212
AY074887,0.005685971,0.3353673
Psma4,0.040413857,0.46652806
Chrnb4,-0.00928542,0.3611541
Ube2q2,-0.011783421,0.7218319
Fbxo22,0.031628065,0.4465858
Nrg4,0.0303252,0.031914365
Tmem266,-0.0011026753,0.42264977
Etfa,0.03385061,0.61466897
Scaper,0.037899114,0.15873653
4930563M21Rik,0.0,1.0
Rcn2,-0.047107756,0.38826028
Pstpip1,0.06014537,0.4746816
Tspan3,-0.2217685,0.3065008
Peak1,0.011618763,0.6288145
Peak1os,0.0,1.0
Hmg20a,0.020589221,0.28713703
Gm26868,0.0040911445,0.19486408
Lingo1,0.03187628,0.13622734
Odf3l1,0.0061381455,0.13484515
Cspg4,0.007930204,0.5866102
Snx33,0.012025306,0.024453262
Imp3,0.058249027,0.52041054
Snupn,0.04053716,0.11626732
Ptpn9,-0.020325132,0.1827107
Sin3a,0.035297826,0.40667823
2700012I20Rik,0.0047408403,0.15689859
Man2c1os,0.0017500417,0.57912016
Man2c1,-0.0026475042,0.86823577
Neil1,-0.015527877,0.16457921
Commd4,0.0155029,0.04208951
1700017B05Rik,0.057935208,0.01752384
Ppcdc,0.039359666,0.37160745
Scamp5,-0.018881306,0.36183795
Rpp25,-0.00024892754,0.42264977
Cox5a,-0.05745697,0.5523881
Gm26631,0.0037080254,0.5632434
Fam219b,0.010160979,0.57932454
Mpi,0.008296739,0.7677878
Scamp2,0.051459283,0.10835241
Ulk3,-0.0069714487,0.6751362
Cplx3,0.0,1.0
Lman1l,0.0,1.0
Csk,0.0821321,0.17680028
Edc3,-0.004291963,0.7886016
Clk3,0.052762352,0.0053477143
Gm17231,0.0,1.0
Arid3b,0.0075604413,0.60019016
Ubl7,0.019421846,0.45034033
Sema7a,-0.0046800245,0.26629952
Gm17322,-0.0050038663,0.17806156
Cyp11a1,-0.0028059026,0.20565927
Ccdc33,0.21595499,0.018483566
Stra6,-0.13060808,0.095508486
Islr,-0.030153714,0.49237093
Islr2,0.00042220444,0.56686103
Pml,0.010836406,0.3942316
Stoml1,0.018716916,0.21189444
Loxl1,-0.038331367,0.118525885
4930461G14Rik,-0.00022469019,0.93346477
6030419C18Rik,5.0880713e-05,0.97771585
Cd276,0.006129084,0.6956505
Nptn,-0.31744033,0.08512208
Rec114,-0.00010401569,0.9157436
Hcn4,0.0,1.0
Neo1,0.035867203,0.13820837
Adpgk,-0.048194796,0.45181343
Bbs4,0.04588294,0.22694118
Arih1,-0.00042298436,0.9896268
Tmem202,0.01884522,0.09223522
Hexa,0.053489774,0.24466878
Celf6,0.0029920775,0.42264965
Parp6,0.021540515,0.17452365
Pkm,-0.16865051,0.13469885
Gramd2,0.023588996,0.2534888
Senp8,0.0037564188,0.7816139
Myo9a,0.05852734,0.24974588
Thsd4,0.011403697,0.010275267
Lrrc49,0.029872518,0.068286195
B930082K07Rik,0.006277456,0.031057011
Larp6,0.03203131,0.1694008
1700036A12Rik,0.0,1.0
Uaca,0.06087056,0.031907786
Gm10655,0.0016455108,0.59821683
Tle3,0.061345533,0.33398196
Rplp1,0.17490911,0.26729387
Kif23,0.017568382,0.4244312
Paqr5,-0.020043895,0.36058298
Glce,0.00462861,0.66417366
Anp32a,0.27717805,0.096234284
Coro2b,0.03065762,0.3898279
Itga11,0.0038255968,0.4439731
Fem1b,-0.017188773,0.5314471
Gm26609,0.008622361,0.47918662
Cln6,0.019775402,0.105823874
Calml4,-0.3391347,0.11585255
Pias1,0.069529735,0.106494434
Map2k5,0.0039626583,0.7032213
2300009A05Rik,-0.0368762,0.24544738
Iqch,-0.00088690966,0.83741426
Aagab,0.0069061443,0.6881788
Smad3,0.02248688,0.1857726
Smad6,0.017330136,0.15360968
Lctl,-0.00046108957,0.42264977
Zwilch,0.007483151,0.3498445
Rpl4,0.15237892,0.027682416
Snapc5,0.014621913,0.67776346
Map2k1,0.028541476,0.27392182
Uchl4,0.00093436544,0.6234999
Tipin,0.044844195,0.31945118
Dis3l,-0.014731381,0.32806405
Megf11,-0.0009750135,0.7653334
Rab11a,0.022853434,0.7361544
Dennd4a,0.05394624,0.31235108
Slc24a1,-0.00579638,0.018394126
Vwa9,-0.005061876,0.7473667
Hacd3,0.047150053,0.27144974
Dpp8,0.015197992,0.36358425
Igdcc4,0.010614398,0.3512566
Igdcc3,0.016195843,0.32888502
Parp16,0.0062916614,0.44978926
Cilp,-0.0026733957,0.17835712
Clpx,0.025148705,0.47535542
Pdcd7,0.023563474,0.39909607
Kbtbd13,0.0,1.0
Rasl12,0.008112871,0.42264965
Mtfmt,-0.009639941,0.55797166
Spg21,0.01710087,0.5218698
Plekho2,0.15061495,0.076259196
Pif1,0.0011765779,0.23464291
Rbpms2,-0.0021638758,0.8736489
Oaz2,-0.15239951,0.032458846
Zfp609,0.025884666,0.2977134
Trip4,0.039202467,0.44851395
2810417H13Rik,0.041940086,0.16396917
Csnk1g1,0.06511173,0.24822663
Ppib,-0.22178078,0.052328967
Snx22,0.020007974,0.14192073
Snx1,0.051908925,0.35052994
Fam96a,0.040768653,0.45924658
Dapk2,0.022159044,0.25382048
Herc1,0.03480409,0.3419037
Gm28379,0.0,1.0
Fbxl22,0.0021044433,0.5031355
Usp3,0.023203582,0.49754995
Car12,-0.4024216,0.08518461
Aph1b,-0.022735238,0.5551816
Gm10647,-0.00063271984,0.4226497
BC050972,0.027205102,0.013831168
Aph1c,-0.18725748,0.03438229
Gm17098,0.0,1.0
Rab8b,0.09448196,0.26025328
Rps27l,-0.07203519,0.3994258
Lactb,0.010674827,0.7359465
Tpm1,0.10689129,0.042142805
Tln2,0.056178104,0.08078001
M5C1000I18Rik,0.0019081776,0.25743178
C2cd4b,0.0074963477,0.11086639
Vps13c,0.02643505,0.24195497
Rora,0.038782895,0.515237
Ice2,0.03456434,0.07625374
Anxa2,0.385728,0.2776357
Foxb1,0.0,1.0
B230323A14Rik,-0.0006082167,0.4226497
Gm28731,0.0,1.0
Bnip2,0.106288716,0.09542402
Gtf2a2,0.08080357,0.27967447
Fam81a,-0.2010262,0.033540055
Myo1e,0.044885777,0.32403517
Ccnb2,-0.021410953,0.17975879
Rnf111,0.04355059,0.26512942
Sltm,0.12497388,0.17924388
Fam63b,0.07835154,0.20300098
Gm10642,-0.00041477615,0.8673773
Adam10,0.016912922,0.68762565
Lipc,0.0013642982,0.81693685
Aqp9,0.0019352213,0.7026448
Aldh1a2,0.01161194,0.33464643
Polr2m,-0.20602435,0.1192056
Myzap,0.003993189,0.051630825
Cgnl1,-0.0691103,0.15283027
Tcf12,0.027594522,0.43162137
Gm27253,0.0016807572,0.57659256
Zfp280d,0.06398996,0.12490271
BC065403,-0.00037485143,0.42264977
Mns1,0.21310398,0.08771851
Tex9,0.05200641,0.1275037
4930509E16Rik,0.0001554729,0.9525478
Rfx7,0.038288042,0.41407332
Gm27241,0.0,1.0
Nedd4,0.018288791,0.8430444
Prtg,-0.01798285,0.20973386
Pygo1,0.0022489727,0.8195464
Dyx1c1,0.039271526,0.23833683
Ccpg1os,0.12864098,0.111007944
Ccpg1,0.030811116,0.6598045
Pigb,0.0060676727,0.5904447
Rab27a,0.01188894,0.6899806
Khdc3,-0.0006017194,0.42264965
Rsl24d1,0.06423412,0.036684874
Unc13c,0.059534613,0.036688082
Wdr72,-0.036422446,0.06537876
Onecut1,0.0,1.0
Fam214a,0.025713101,0.41693124
Arpp19,-0.032521427,0.74142474
Myo5a,-0.009623729,0.727196
Myo5c,-0.03471247,0.09985585
Gnb5,-0.0044954256,0.15167077
Mapk6,-0.012381516,0.74412817
4933433G15Rik,-0.00026297197,0.9320731
A130057D12Rik,0.002578219,0.26491085
Leo1,-0.017403826,0.5440406
Tmod3,0.048388332,0.39877865
Tmod2,0.08440943,0.046375576
Lysmd2,0.07422034,0.0008518109
Scg3,0.18503328,0.023832599
Bmp5,0.00896347,0.41740257
Gm26903,0.0006595801,0.631579
Hmgcll1,0.017613024,0.3160093
Hcrtr2,0.0,1.0
Fam83b,0.0,1.0
Mlip,-0.0006200762,0.41067773
5730403I07Rik,0.0,1.0
Lrrc1,0.045795247,0.07012171
Klhl31,-0.012020122,0.12595338
Gclc,0.21785712,0.13446476
Elovl5,0.101531245,0.10595227
Fbxo9,-0.038000986,0.1666252
Ick,0.014893178,0.11070257
C920006O11Rik,0.021132834,0.30634704
Gsta4,-0.10813522,0.35546723
Gsta1,-0.00010369721,0.4226497
Gsta2,-0.00018658322,0.42264977
Dppa5a,-0.008579473,0.40083885
Ooep,-0.13133116,0.07699702
4930542C12Rik,0.0,1.0
Ddx43,0.0036328055,0.3380603
Mb21d1,0.022455603,0.24054216
Gm17324,0.0,1.0
Mto1,0.006045144,0.6655816
Eef1a1,0.1643734,0.1108112
Slc17a5,-0.011837222,0.6070389
Cd109,0.116464846,0.11742923
Col12a1,0.035569713,0.31087872
Cox7a2,-0.44925845,0.06007469
Tmem30a,-0.044139326,0.5901076
Filip1,0.032417037,0.22741652
Senp6,0.07138902,0.3390381
Gm17477,0.0058092233,0.32944307
Myo6,0.006682351,0.8825529
Htr1b,0.002165976,0.384234
D430036J16Rik,0.00068133,0.6236482
Mei4,0.0029320973,0.2582653
Irak1bp1,0.040014476,0.31443232
Phip,0.13842729,0.15779132
Hmgn3,-0.108178735,0.21083082
Lca5,0.051558346,0.257257
Sh3bgrl2,-0.0069469884,0.81868565
Gm2109,-0.00029554876,0.4226497
Elovl4,-0.055539954,0.08000091
Ttk,-0.0014419364,0.5224895
Bckdhb,-0.017492335,0.5063676
Fam46a,0.14707783,0.08973577
Ibtk,-0.0038967133,0.7496951
Tpbg,-0.0007818788,0.9039472
Ube2cbp,-0.0013349252,0.7389393
Dopey1,0.048368014,0.25673735
Pgm3,0.0029638112,0.8724104
Rwdd2a,0.014396121,0.010551579
Me1,-0.08695629,0.20442456
A330041J22Rik,-0.00908264,0.029009037
Prss35,-0.0040576444,0.42264965
Snap91,-0.07238273,0.028104167
Ripply2,0.0051216735,0.5435692
Cyb5r4,0.015615821,0.81764525
Mrap2,-0.06059861,0.041919876
Cep162,-0.072949424,0.21627378
Tbx18,0.027306026,0.2906469
Nt5e,-0.021346172,0.10886089
Snx14,-0.022956736,0.2874792
Gm20537,-0.0023730767,0.42264977
Syncrip,0.051305726,0.3987206
Zfp949,0.022633363,0.11655022
Trim43a,0.0,1.0
9430037G07Rik,-0.0013986304,0.83059007
Gm29415,0.0,1.0
Mthfsl,0.055481255,0.1994841
Gm10634,0.0013407578,0.5560244
Bcl2a1d,0.092640825,0.29241076
Gm29562,0.0019264419,0.38707614
Trim43c,0.0,1.0
Bcl2a1a,0.07249674,0.31675422
4930579C12Rik,0.0,1.0
Bcl2a1b,0.16108674,0.20244458
Gm29094,0.0,1.0
Mthfs,0.010211244,0.6451612
AF529169,-0.0025792934,0.01575775
Tmed3,-0.20125106,0.121455856
Ankrd34c,0.0,1.0
Rasgrf1,0.0214868,0.06586445
Ctsh,0.32386106,0.10165687
Morf4l1,0.03745866,0.6531951
Gm26882,-0.0026561597,0.5276031
Adamts7,-0.0024539623,0.4226497
Tbc1d2b,0.060436856,0.25664654
Gm28703,0.0003227153,0.7438263
Gm28652,-0.0010073796,0.2056685
Zic1,0.027981073,0.69124955
Zic4,0.087082624,0.25129774
Gm29478,9.1765774e-05,0.9615091
Plscr1,0.025655992,0.7473528
Plscr2,-0.025395408,0.4638053
1700057G04Rik,0.0012171805,0.22627696
Plscr4,0.0009130016,0.96856487
Plod2,0.013324544,0.23433705
1190002N15Rik,0.013470918,0.64394295
Gm29395,0.0,1.0
Slc9a9,0.017161671,0.03006325
Chst2,0.009516321,0.48532537
U2surp,0.061005026,0.16435431
Gm28424,0.009666128,0.3203967
Paqr9,-0.10969635,0.018901812
Pcolce2,-0.32367128,0.02428071
Trpc1,0.008838985,0.7367183
Pls1,-0.045897037,0.06413585
1700065D16Rik,0.0018897597,0.29110625
Atr,0.020319529,0.3215261
Gm16794,-0.0045074304,0.24586506
Xrn1,0.04291173,0.20500736
Gk5,-0.0019880887,0.604842
Tfdp2,-0.0529567,0.13616364
Atp1b3,-0.025455713,0.7437389
BC043934,0.0027572787,0.61212385
Rnf7,-0.26496887,0.15357468
Gm28729,-0.0016725986,0.27373236
Rasa2,0.04454106,0.26599535
Zbtb38,0.019952983,0.29229736
A930006L05Rik,0.0,1.0
Pxylp1,-0.011536808,0.14196764
Spsb4,0.03903109,0.1895008
Gm19325,0.0030157815,0.5771829
Gm26767,-0.00036015874,0.8873187
Slc25a36,-0.0020410195,0.93356615
Gm16185,-0.00097191863,0.42264965
Clstn2,-0.0021067408,0.25155014
Nmnat3,0.008441997,0.52250975
Rbp1,-0.37224877,0.1807986
Rbp2,0.11316353,0.1352645
Copb2,0.014514446,0.80225086
Mrps22,-0.0036592558,0.86238
Gm37637,0.0,1.0
Foxl2,0.0,1.0
Faim,0.018583223,0.44810215
Gm1123,0.00051447767,0.42264965
Pik3cb,0.010390189,0.5585136
Cep70,0.013581615,0.5581778
Esyt3,0.0016294544,0.632449
Mras,0.0066452585,0.47615427
Armc8,0.066270664,0.14329365
Dbr1,0.006899327,0.52511775
Dzip1l,0.07172018,0.07342432
Il20rb,-0.0009416461,0.26205108
Nck1,0.024894625,0.455588
Slc35g2,-0.028450985,0.017046757
Stag1,0.07177249,0.22345448
Pccb,-0.06785424,0.028553225
Msl2,0.012878858,0.669771
Ppp2r3a,0.056231678,0.13860884
Ephb1,0.008663357,0.24490102
9630041A04Rik,0.0,1.0
Gm26846,0.0,1.0
Ky,0.0028280169,0.6859003
Cep63,-0.019502565,0.61819327
Anapc13,-0.28499717,0.082940556
Amotl2,0.089407176,0.21574928
Ryk,0.010589957,0.74318236
Slco2a1,0.004178495,0.2742851
Rab6b,0.004634414,0.6107134
Srprb,0.038339153,0.14771754
Trf,-0.051573157,0.79550815
1300017J02Rik,-0.0016533836,0.40921718
Topbp1,0.013775121,0.58991146
Cdv3,-0.006507486,0.81810653
Bfsp2,-0.007292227,0.4127424
Tmem108,-0.045245573,0.23490186
4932413F04Rik,0.00018518983,0.86086506
Nphp3,0.015598593,0.36174718
Uba5,0.024638087,0.5778798
Acad11,0.024810337,0.0665376
Ackr4,-0.020644736,0.03498589
Dnajc13,0.012783289,0.64478844
Acpp,0.0013880841,0.9117486
Cpne4,-0.00014841909,0.4226497
Mrpl3,0.053810664,0.024917992
Nudt16,0.04722067,0.19965477
Nek11,0.008419659,0.67580307
Aste1,0.013622556,0.47919938
Atp2c1,-0.052066833,0.21050127
Gm19667,0.0,1.0
Pik3r4,-0.014066488,0.4773377
Col6a6,-0.0010517287,0.42264977
Col6a5,0.033158004,0.19712323
Col6a4,0.0031180691,0.23571847
D030055H07Rik,0.0,1.0
Glyctk,0.003017433,0.47835234
Wdr82,0.04780291,0.01624131
Ppm1m,0.062318712,0.2312165
Twf2,0.033071384,0.63051486
Tlr9,-0.00034598183,0.42264977
Alas1,-0.015152186,0.8358632
4930500F10Rik,-0.00068658247,0.42264977
Poc1a,-0.0047012484,0.5296967
Dusp7,0.040176854,0.02327803
Rpl29,0.1847353,0.24574676
Acy1,0.02075507,0.11804728
Abhd14a,0.10445401,0.32166556
Abhd14b,0.07288906,0.31225315
Gm28959,-0.0011872438,0.42264965
Pcbp4,-0.031151727,0.5385153
Gpr62,0.04415514,0.025776273
Parp3,0.014159825,0.20465948
Rrp9,0.037269484,0.13899451
Iqcf3,0.0,1.0
Grm2,0.0,1.0
Tex264,-0.12040824,0.14318663
Rad54l2,0.0054545123,0.656526
Vprbp,-0.008019041,0.4751764
Manf,-0.45926273,0.036502592
Rbm15b,0.013265397,0.5213337
4930524O07Rik,0.0051138485,0.51509076
Dock3,0.0035395902,0.71728337
Mapkapk3,0.04560556,0.14365783
Cish,-0.025926292,0.22437991
Hemk1,-0.5258045,0.021241302
6430571L13Rik,-0.003064285,0.43097904
4930429P21Rik,-0.0004914083,0.837172
Cacna2d2,-0.014834467,0.64980584
Tmem115,0.01599858,0.76202625
Cyb561d2,-0.058367245,0.17871065
Nprl2,0.01605416,0.21969488
Zmynd10,0.09894845,0.10454146
Rassf1,0.08141356,0.12719628
Gm9917,0.0014807641,0.52672726
Tusc2,-0.020584881,0.49521732
Hyal2,-0.01219859,0.36107504
Hyal1,0.02611343,0.3285948
Nat6,0.047522098,0.30546272
Hyal3,-0.012279381,0.09645254
Ifrd2,-0.013407728,0.18709202
Gm38150,0.0,1.0
Sema3b,-0.17463839,0.18758737
Gnai2,0.4669296,0.116053455
Slc38a3,-0.085923806,0.3192435
Gnat1,-0.00017233288,0.42264977
Sema3f,-0.04628125,0.105661176
Rbm5,0.16339055,0.12434817
Gm37850,0.0,1.0
Rbm6,0.07675188,0.19122265
Mon1a,0.022598252,0.10693419
Mst1r,0.0048596486,0.34405845
Gm37974,0.007039922,0.34143448
Camkv,0.018429777,0.32268587
Traip,-0.0023187394,0.6457822
Uba7,0.039691694,0.00063379225
Gm20661,0.060145963,0.19139443
Fam212a,0.008523545,0.4771118
4921523L03Rik,-0.0007564446,0.42264965
Cdhr4,0.22802591,0.075767785
Ip6k1,0.085592926,0.23305827
Gm38134,-0.0010639149,0.4226497
Gmppb,-0.00048387796,0.98453677
Rnf123,-0.0073345453,0.640809
Amigo3,-0.00027350895,0.8736169
Mst1,0.00032882084,0.6530148
Apeh,0.026089348,0.41021323
Bsn,-0.000112311915,0.98601216
Dag1,0.06921901,0.09495817
Nicn1,0.05640877,0.23442377
Amt,-0.021148583,0.03664682
Tcta,0.00796847,0.65310943
Rhoa,0.25230253,0.19589189
Gm37401,0.0,1.0
Gpx1,0.3087898,0.20975572
Usp4,0.092460126,0.07664015
1700102P08Rik,0.0021109805,0.50335294
Ccdc36,-0.0038991617,0.35049036
Klhdc8b,-0.06591146,0.2445889
Ccdc71,0.033722978,0.09273188
Lamb2,0.028493032,0.20386845
Usp19,0.038621247,0.51406837
Qars,0.052883133,0.28521654
Qrich1,0.06867702,0.058210753
Impdh2,0.13114914,0.07698654
Ndufaf3,0.13261354,0.09752104
4833445I07Rik,0.00014755595,0.9866448
Dalrd3,0.11907676,0.06994997
Wdr6,-0.1693087,0.14205924
P4htm,0.008374408,0.40901276
Arih2,0.055399574,0.22231272
Slc25a20,0.056319825,0.010414502
Prkar2a,0.02606412,0.5499152
Ip6k2,0.022564955,0.42142588
Nckipsd,-0.0076258704,0.2064964
Celsr3,-0.0022007728,0.66265595
Slc26a6,0.012846179,0.0036096456
Tmem89,0.0034236815,0.5469958
Uqcrc1,0.031597972,0.66850317
Col7a1,0.0008739149,0.8801655
Gm38004,0.00036176655,0.8781883
Pfkfb4,0.041938193,0.2198806
Shisa5,0.08084193,0.13337864
Gm42641,-0.0006859109,0.18874112
Atrip,-0.0012826396,0.54492146
Tma7,-0.020496845,0.8449561
Ccdc51,0.003406899,0.24586916
Gm7628,0.0012270452,0.65293443
Plxnb1,0.008634359,0.8215401
Gm42756,0.012046084,0.43328762
Fbxw15,0.0,1.0
Fbxw27,0.0011424195,0.42264965
Spink8,-0.00033378243,0.4226497
Nme6,0.007512901,0.75532216
Camp,0.2216694,0.56174654
Cdc25a,-0.005712323,0.48487604
Map4,0.1054856,0.02269021
Dhx30,0.055346645,0.1724059
Smarcc1,0.047007054,0.112281226
Cspg5,-0.04323286,0.40494096
Elp6,-0.010244653,0.4888688
Scap,0.019594647,0.637402
Ptpn23,-0.02692498,0.23911814
Ngp,0.09183143,0.7998414
Klhl18,0.016550114,0.075979516
Kif9,0.037932858,0.2398172
Setd2,0.081476614,0.19135104
Nradd,0.009034321,0.59366447
Nbeal2,-0.014185568,0.5606303
Ccdc12,-0.05037442,0.5837902
Gm42762,0.0,1.0
Pth1r,0.002938392,0.4565069
Prss43,0.0008748167,0.81228447
Prss45,0.0,1.0
Prss50,0.0,1.0
Tmie,0.018772723,0.31306246
Als2cl,0.009210218,0.44015563
Tdgf1,0.002192541,0.32236168
Lrrc2,0.06667243,0.02013583
Rtp3,0.0,1.0
Ltf,-0.04888515,0.6131833
Ccrl2,0.011578925,0.7961507
Lrrfip2,0.012760833,0.4895724
Mlh1,0.014030671,0.17827965
Epm2aip1,0.05201724,0.2368872
Trank1,-0.00109362,0.4226497
Dclk3,-0.0009588011,0.29324383
Stac,-0.00094705797,0.32687983
Arpp21,0.005285428,0.3691955
2900079G21Rik,0.0,1.0
Pdcd6ip,0.011603683,0.85229135
Clasp2,0.08219953,0.1330826
Ubp1,0.053176604,0.26328304
Fbxl2,0.022065092,0.33660644
Susd5,-0.003828885,0.3360559
Bcl2a1c,-0.0013627646,0.42264965
Crtap,-0.030149903,0.41940323
Glb1,-0.07591891,0.22732574
Tmppe,-0.0004517911,0.94212127
Trim71,0.0027591707,0.4226497
Cnot10,0.08810288,0.04056756
Dync1li1,-0.021076486,0.009413951
Cmtm6,0.057328552,0.3267641
Cmtm7,0.056538895,0.45276645
Gm9888,0.0,1.0
Cmtm8,-0.06822562,0.23530073
Gpd1l,0.030398551,0.19149983
Osbpl10,-0.0012693519,0.6838485
Rps27rt,0.097559094,0.30542666
Stt3b,-0.026316345,0.52107257
Gadl1,0.0013898395,0.7011289
Tgfbr2,0.1892071,0.13511252
Rbms3,0.028593183,0.044503804
Gm26614,0.0,1.0
Azi2,-0.008462608,0.8108064
Cmc1,-0.017603785,0.39517182
Gm17399,0.003109095,0.47742698
Eomes,-0.00018803698,0.42264965
Golga4,0.020982936,0.6300914
Itga9,0.0008416651,0.9222529
Gm2415,0.012451479,0.46215603
Ctdspl,-0.0075536966,0.8591056
Vill,0.012291081,0.43300843
Plcd1,0.033241645,0.1667012
Dlec1,0.0844928,0.23341109
Acaa1b,-0.0023040967,0.3147711
Gm10608,0.0,1.0
Slc22a14,0.0014890985,0.46835202
Slc22a13,-0.0015943168,0.21539499
Oxsr1,-0.016119488,0.5080142
Myd88,0.07771017,0.20277229
Acaa1a,0.03119409,0.6646836
Xylb,0.031217754,0.34861556
Acvr2b,0.0017183945,0.9306901
4930516B21Rik,0.0,1.0
Exog,0.004847152,0.603764
Scn5a,-0.0011915377,0.18366721
Scn11a,-0.0026909087,0.11032387
Gm2449,0.0023826861,0.5276765
Wdr48,0.019919567,0.29662398
Cx3cr1,0.16385733,0.27451178
Gorasp1,-9.921193e-05,0.99650425
Ttc21a,0.10828676,0.0783699
Csrnp1,0.06517359,0.16665372
Xirp1,0.0,1.0
Ccr8,0.0,1.0
Slc25a38,0.045208827,0.19071749
Rpsa,0.32230055,0.061376285
Mobp,0.17853023,0.05175295
Myrip,-0.08778761,0.115949765
Eif1b,-0.022030652,0.7210704
Entpd3,-0.0037894957,0.6751622
Rpl14,0.31693232,0.036423642
5830454E08Rik,0.0075606843,0.1424802
4930593C16Rik,0.0,1.0
Ctnnb1,0.099874616,0.22890179
Ulk4,0.10448161,0.1792933
Trak1,0.024919122,0.08441382
Cck,-0.0050882115,0.19000916
Lyzl4,0.001552494,0.5454291
Vipr1,0.006991457,0.09204986
Sec22c,-0.0014071204,0.8980069
Deb1,-0.11834216,0.112853155
Nktr,0.16448215,0.11115535
Zfp651,-0.014611453,0.5235048
Klhl40,0.0019405768,0.4226497
Hhatl,0.06365009,0.24987987
Ccdc13,0.031286526,0.20092545
Gm17163,-0.0047716545,0.45810515
Higd1a,-0.18971264,0.08388169
1700048O20Rik,-0.00023539364,0.9658738
Fam198a,0.018639158,0.18782844
Pomgnt2,-0.012367591,0.54984957
Snrk,0.06934568,0.13300067
Ano10,-0.0045121685,0.78611475
Gm26797,0.0052265325,0.14369804
Abhd5,0.02791053,0.2702499
9530059O14Rik,-0.0019228915,0.42264965
Tcaim,0.022406764,0.3327007
Zfp445,0.00834832,0.3665511
A530083I20Rik,-0.00049309875,0.6468332
Zkscan7,0.0018522835,0.5466729
Zfp105,0.011587686,0.16772105
1110059G10Rik,0.014638051,0.44166303
Kif15,-0.003293688,0.3123512
Tmem42,-0.0071655586,0.10436579
Tgm4,0.0026111894,0.27934107
Zdhhc3,-0.021579519,0.24507023
Exosc7,0.04731191,0.2618407
Clec3b,0.1476635,0.15651909
Tmem158,0.01866706,0.28085124
Lars2,-0.14190286,0.6186877
Limd1,0.0305285,0.38891193
Sacm1l,-0.087058455,0.030783221
Slc6a20b,0.003257002,0.48369464
Slc6a20a,-0.11145589,0.11349215
Ccr9,0.0068289232,0.49572667
Lztfl1,0.017148137,0.79031825
Fyco1,-0.042786866,0.022647582
Cxcr6,0.0024280753,0.4226497
Xcr1,0.0,1.0
Ccr1,-0.018629342,0.9015456
Ccr3,0.01246914,0.4226497
Ccr2,0.027482316,0.67832243
Ccr5,0.061648402,0.23685998
2010315B03Rik,0.02917463,0.40774715
Ppp2r3d,0.031127863,0.090632446
Sfi1,0.024561748,0.06234299
Drg1,0.088454396,0.1956831
Eif4enif1,0.04543663,0.13677213
Patz1,0.011496,0.17557932
Pik3ip1,0.035122767,0.54816604
Limk2,-0.05055617,0.009013432
Rnf185,0.035146326,0.24760191
Pla2g3,-0.0017089861,0.38820133
Inpp5j,0.003271719,0.17109387
Selm,-0.092143446,0.30667382
Smtn,0.0043863966,0.52711874
Morc2a,0.009170471,0.5594891
Osbp2,-0.0038267355,0.5849739
4921536K21Rik,0.008483265,0.44868782
Dusp18,0.029845178,0.58228564
Slc35e4,0.0014291555,0.9565769
Tcn2,-0.2836741,0.073785245
4930556J24Rik,0.0,1.0
Pes1,0.037751205,0.058656693
Gal3st1,0.0039517116,0.8373744
Sec14l4,0.012404064,0.28450802
Mtfp1,-0.04754395,0.05833144
Sec14l2,-0.008338202,0.7070453
Rnf215,-0.017494574,0.13025737
Ccdc157,0.03968165,0.28647068
Sf3a1,0.013265915,0.58450526
Tbc1d10a,0.028574206,0.040336482
Gatsl3,0.02585302,0.181163
Osm,-0.02023109,0.6899648
Lif,0.011067295,0.13271043
Hormad2,0.0,1.0
Mtmr3,0.05965215,0.25884843
Ascc2,0.005879227,0.7475212
Uqcr10,-0.63336694,0.04999951
Zmat5,0.026772082,0.11473899
Cabp7,-0.0015302094,0.42264965
Nf2,0.008386955,0.70660007
Nipsnap1,-0.002758,0.88116664
Thoc5,-0.010779668,0.56112057
Nefh,-0.027589452,0.24754524
Ap1b1,-0.030868694,0.43974015
Gas2l1,0.12698029,0.060466655
Rasl10a,0.046340317,0.05709668
Ewsr1,0.1611217,0.1744071
Rhbdd3,-0.007617196,0.6764504
Emid1,0.0035869344,0.3110945
Kremen1,0.060349233,0.27047953
Znrf3,0.0031453911,0.6144842
Gm11963,-0.0042113145,0.10800148
Xbp1,0.030285418,0.62360424
Ccdc117,0.013923317,0.38153931
Mrps24,0.0519951,0.5091577
Urgcp,0.006923288,0.5941028
Dbnl,0.06171958,0.44206506
Pgam2,0.0,1.0
Polm,-0.00067744637,0.8689605
Aebp1,0.18774119,0.145784
Pold2,0.048586864,0.13755561
Myl7,-0.0018825905,0.3104789
Gck,0.0063359747,0.17757562
Ykt6,0.0034757778,0.87460154
Camk2b,0.0011889967,0.83841974
Nudcd3,0.030625835,0.5794798
A730071L15Rik,0.0042851977,0.24473526
Npc1l1,0.0007841624,0.42264965
Ddx56,0.00093395263,0.9276801
Tmed4,-0.07941499,0.21317406
Ogdh,-0.08066541,0.27149284
Zmiz2,0.013889775,0.5976189
Ppia,-0.10250664,0.60005677
H2afv,0.19670904,0.17825133
Purb,0.15952602,0.2095015
Gm11973,-0.00015714392,0.878691
Myo1g,0.13785076,0.25165075
Ccm2,0.07402265,0.100875296
Nacad,-0.0048301048,0.2884983
Tbrg4,0.00068709813,0.9562108
Ramp3,-0.0011674735,0.2282933
Adcy1,0.010475595,0.13439521
Igfbp3,-0.000107755186,0.9566732
Tns3,-0.034045167,0.49981335
Pkd1l1,0.0,1.0
Hus1,-0.00038157962,0.96146995
Sun3,-0.005237457,0.14928117
Gm11992,0.10000686,0.12738779
Upp1,-0.07869833,0.34616908
Abca13,-0.0053812508,0.46942514
Vwc2,0.0028288239,0.3479194
Zpbp,0.009126349,0.3381893
4930415F15Rik,-0.0025834332,0.56603557
Gm11998,-0.0015249901,0.23235504
Ikzf1,0.13995352,0.1212402
Fignl1,0.009338343,0.46028522
Ddc,0.023771485,0.17868651
1700042O10Rik,0.0,1.0
Grb10,-0.022216914,0.24019296
Cobl,-0.005790109,0.5301113
Gm12002,-0.00026905327,0.4226497
Vstm2a,-0.0032398335,0.118591934
Sec61g,-0.009000182,0.9660267
Egfr,0.00962179,0.101852834
Egfros,0.00061024143,0.4226497
Fbxo48,-0.0008596974,0.4226497
Plek,0.12752908,0.39700416
Cnrip1,-0.00149717,0.8684576
Ppp3r1,0.0327394,0.5421035
Wdr92,0.033222325,0.22026142
Pno1,0.027001575,0.27764627
C1d,0.093588024,0.20257585
Etaa1,0.01817988,0.29689303
Etaa1os,-0.0017332593,0.23428789
Meis1,0.010382559,0.069392726
Gm16141,0.0030431107,0.44222796
Gm12027,0.0005942709,0.81858575
Spred2,0.014330342,0.3184456
Actr2,0.05123967,0.7442268
Rab1a,0.015173376,0.7851326
Cep68,0.013128448,0.22531205
Slc1a4,0.042399243,0.19671847
Sertad2,0.08264842,0.09008555
Aftph,0.039145872,0.17577504
Lgalsl,0.02269037,0.33622992
Peli1,0.091563344,0.22333172
Vps54,0.0043265,0.88124293
Ugp2,0.044914603,0.091753855
Mdh1,-0.38287783,0.16369559
Wdpcp,0.04283376,0.38952345
Otx1,0.0062604696,0.47479218
Ehbp1,0.01222039,0.2739843
Gm12050,0.0,1.0
Tmem17,0.07892276,0.14373668
Gm26829,0.0,1.0
Gm12052,0.0011240892,0.42264977
Gm12057,0.0,1.0
Gm28048,-0.0015139662,0.3473033
B3gnt2,-0.00051848957,0.73386776
Commd1,-0.096824616,0.08017436
Zrsr1,0.017619178,0.16618486
Cct4,0.012198091,0.7955322
Fam161a,0.009572566,0.61204296
Xpo1,0.08903089,0.15300901
Usp34,0.0532815,0.41489497
Ahsa2,-0.0064897537,0.8932498
1700093K21Rik,0.0065875007,0.10430023
0610010F05Rik,0.054249596,0.22420096
Pex13,-0.0052242726,0.92535305
Pus10,0.013944577,0.044298925
Rel,0.17666897,0.2510465
Papolg,0.012688499,0.2771077
Bcl11a,0.015787547,0.3058247
4930538E20Rik,0.0,1.0
4933430M04Rik,0.0,1.0
5730522E02Rik,0.0,1.0
Fancl,0.0016663149,0.8399983
Vrk2,0.012594901,0.5596069
Gm6899,0.0,1.0
Ccdc85a,0.008365414,0.2870866
Efemp1,0.067085996,0.18399063
Pnpt1,0.018440843,0.06078801
Smek2,0.05892268,0.30645046
Cfap36,-0.0984596,0.16819665
Ccdc88a,0.16113816,0.14995319
Prorsd1,0.014436111,0.71711665
Gm12089,0.00427634,0.32549822
Mtif2,0.007882372,0.12484096
Rps27a,0.18794084,0.19791558
Clhc1,-0.0017864376,0.4908308
Gm12088,0.0,1.0
Gm12092,0.0068020765,0.3229224
Rtn4,-0.04755473,0.59467626
Eml6,0.011635442,0.42795703
4931440F15Rik,0.005890588,0.20062819
Sptbn1,0.24863121,0.14561163
Gm29237,0.0,1.0
4930505A04Rik,-0.0031173732,0.19622561
Acyp2,-0.039865524,0.46010846
Psme4,0.015330493,0.57373345
Gpr75,0.013996527,0.38405192
Asb3,0.049644746,0.049315915
Erlec1,-0.17488958,0.04014149
Chac2,-0.044128004,0.16817431
Stc2,0.0011736841,0.5725693
Bod1,-0.03347537,0.59668624
D630024D03Rik,-0.08053318,0.09461283
Cpeb4,0.0031139627,0.89834344
Nsg2,-0.33641273,0.05786606
Gm12108,0.0028660777,0.4745333
Il9r,0.0,1.0
Snrnp25,-0.001275599,0.93587637
Rhbdf1,0.00720697,0.21853162
Nprl3,-0.030263923,0.04492496
Mpg,-0.025252663,0.15201469
Hba-a1,-0.0031608492,0.86998767
Hbq1b,-0.0009108456,0.4226497
Hba-a2,-0.0010851566,0.95496076
Sh3pxd2b,0.03698961,0.13850765
Ubtd2,0.02089376,0.013351411
Efcab9,0.00941911,0.35638162
Stk10,0.114067286,0.26511213
Fbxw11,-0.00029411912,0.99006075
Gm12111,0.003940692,0.47795692
Fgf18,0.038375836,0.09405763
Npm1,0.15222764,0.13568011
Tlx3,0.0,1.0
Gm12116,0.0,1.0
Ranbp17,-0.005405723,0.2439528
Kcnip1,0.0,1.0
Gm12120,0.0,1.0
Kcnmb1,0.18128031,0.07429786
Lcp2,0.12665445,0.092843734
Dock2,0.11724645,0.1461516
4930403D09Rik,0.0,1.0
Fam196b,-0.0020496233,0.24999173
Spdl1,-0.00969237,0.05860108
Slit3,-0.000680618,0.85239863
Pank3,0.027189523,0.27792326
Fbll1,-0.0004623472,0.4226497
Rars,-0.010330096,0.52359515
Wwc1,0.02365899,0.64260894
Tenm2,-0.0065040574,0.40272474
Gm12128,0.0,1.0
Mat2b,0.017400354,0.5025329
Hmmr,0.0012900457,0.93995833
Nudcd2,0.037985086,0.30013043
Ccng1,-0.042386636,0.5514043
Gabrg2,0.0019475482,0.4226497
Gabra1,-0.00047210816,0.4226497
Gabrb2,0.0,1.0
Gm9972,0.0,1.0
Atp10b,0.0013935952,0.37452537
Gm12146,-0.0018792356,0.23953295
Gm12144,-0.0028567966,0.84789735
Gm12148,0.0,1.0
Pttg1,0.21895194,0.067903854
Slu7,0.07863845,0.038213253
C1qtnf2,0.011346997,0.45966315
Ccnjl,0.0025316605,0.47102353
4933415A04Rik,-0.0007016493,0.5341774
Fabp6,0.0,1.0
Pwwp2a,0.05358299,0.26854673
Ttc1,-0.012682766,0.76487297
Adra1b,0.0020927193,0.67211014
Il12b,0.0,1.0
Ublcp1,0.0018938482,0.959197
Rnf145,0.054599807,0.3023345
Ebf1,0.019581445,0.10272991
Gm12158,0.0,1.0
Clint1,0.028471813,0.31133327
Lsm11,0.006696935,0.23035376
Thg1l,0.035244867,0.21094044
Sox30,-0.00022005962,0.78406674
Gm12166,0.0009278385,0.82526827
Adam19,0.011867909,0.662919
Gm16033,0.0,1.0
Nipal4,-0.0022034468,0.25464296
Cyfip2,0.11744516,0.15170914
Fndc9,0.0,1.0
Itk,-0.0011903606,0.42264965
Fam71b,0.0,1.0
Med7,0.080276825,0.14640933
2310031A07Rik,-0.00032535044,0.91004455
Havcr2,0.04841506,0.2880346
Timd4,0.0,1.0
Sgcd,0.005386509,0.15807754
Gnb2l1,0.26318705,0.1999996
Trim41,0.03004273,0.1390553
Gm12184,0.011170358,0.14596434
Trim7,0.0067552663,0.3796799
Irgm1,0.057177678,0.48523897
Gm5431,0.0063840155,0.2534442
Gm12185,0.0,1.0
Psme2b,0.026076056,0.09852414
9930111J21Rik1,0.0018738911,0.7487945
Olfr56,-7.233396e-05,0.96414363
Tgtp1,-0.013135366,0.57352877
9930111J21Rik2,0.0883183,0.09706511
Tgtp2,-0.0047589783,0.09427329
Ifi47,0.015202921,0.48844478
Btnl9,0.0002675049,0.7741481
Zfp62,0.039944977,0.03717073
Mgat1,0.018981665,0.6326966
Olfr1393,0.0,1.0
Flt4,0.0,1.0
Scgb3a1,-0.00034574757,0.4226497
Cnot6,0.01959546,0.5443751
Gfpt2,0.004258069,0.21902414
Mapk9,-0.09094757,0.065947324
Rasgef1c,0.0,1.0
Rnf130,0.091754735,0.38587263
Tbc1d9b,0.067138545,0.20660883
Gm12195,-0.0014773542,0.15387575
3010026O09Rik,0.0038264114,0.7992792
Sqstm1,0.13728684,0.09028297
Mgat4b,-0.05289197,0.529896
Ltc4s,-0.4064073,0.073086865
Gm26542,0.0042305626,0.62738115
Maml1,0.016239967,0.08160655
Canx,-0.15687585,0.16758789
Cby3,-0.000768237,0.42264965
Hnrnph1,0.061826974,0.5930741
Rufy1,0.058932938,0.08920147
Adamts2,0.0065528597,0.0023441333
Zfp354c,0.016949067,0.3326371
Zfp879,0.0039786794,0.5199712
Zfp454,0.0052303798,0.1743646
Zfp2,0.014992189,0.11281819
Zfp354b,0.014524375,0.04399305
Zfp354a,0.0048336107,0.44935057
BC049762,0.015956104,0.4330348
Clk4,0.11048262,0.060956463
Col23a1,0.012156445,0.37493384
Phykpl,0.014072951,0.3746197
Hnrnpab,0.038299948,0.54951155
Nhp2,-0.029650748,0.34295613
Rmnd5b,0.02365806,0.3475202
N4bp3,-0.046064105,0.095333606
D930048N14Rik,0.0020501176,0.8400494
0610009B22Rik,-0.15393767,0.045999907
Sec24a,-0.00734061,0.62926674
Sar1b,-0.15755588,0.070583835
Jade2,-0.0007351972,0.96801233
Gm26551,0.0006239911,0.5263389
Cdkn2aipnl,0.012506399,0.30430442
Ube2b,0.10573608,0.48083183
Gm12204,0.0020591915,0.66553265
Cdkl3,0.012693744,0.58451205
Ppp2ca,0.090021014,0.065306135
9430098F02Rik,0.0,1.0
Skp1a,0.0041727424,0.932889
Gm12207,0.0,1.0
Tcf7,-0.00090210466,0.77498466
A630014C17Rik,0.0,1.0
Vdac1,-0.10702616,0.30338123
9530068E07Rik,-0.05570379,0.3685947
Fstl4,0.0010279892,0.8469036
Hspa4,-0.031481415,0.5762297
Zcchc10,0.01675883,0.4978235
Aff4,0.039903075,0.27064943
Leap2,-9.035995e-05,0.42264977
Uqcrq,-0.4817556,0.07817418
Gdf9,0.00054303877,0.7613756
Gm10447,0.0,1.0
Shroom1,0.00014823675,0.9568112
Gm9837,0.0,1.0
Sowaha,0.006278818,0.25054792
Gm9945,-0.0010715217,0.56066376
Sept8,0.0404042,0.04799882
Kif3a,0.11541416,0.066346735
Il4,-0.00097241136,0.4226497
Il13,-0.00097241136,0.4226497
Rad50,0.106924586,0.08871903
Irf1,0.08945288,0.17214462
Gm17334,-0.0010057798,0.2260882
Gm12216,0.008723523,0.48648724
Slc22a5,-0.04504337,0.12950756
Slc22a21,0.004307809,0.2373509
Slc22a4,0.08017936,0.057520717
Pdlim4,0.09039846,0.29252586
P4ha2,0.009860136,0.7611427
Csf2,0.0,1.0
Acsl6,-0.093198806,0.15277402
Gm12224,0.013454484,0.4520903
Fnip1,0.06926305,0.33663973
Rapgef6,0.04437767,0.35295433
Cdc42se2,0.10287604,0.025427576
Gm12227,0.0,1.0
Lyrm7,0.013573611,0.5267443
Hint1,-0.046283007,0.5812131
Gpx3,0.26154643,0.30629963
Tnip1,0.024645608,0.20793663
Anxa6,0.0058401525,0.8627972
Ccdc69,0.019652866,0.18729933
Gm2a,0.029640377,0.8207122
Slc36a3,-0.0004233959,0.4226497
Slc36a3os,0.0023913477,0.70997894
Slc36a2,0.0021025317,0.5037842
Slc36a1,0.016872752,0.13651626
Fat2,0.0,1.0
Sparc,0.12620312,0.11802739
Atox1,-0.42478132,0.030237114
G3bp1,0.017283767,0.7812948
Glra1,-0.0004644496,0.4226497
Gria1,-0.0013896562,0.80697864
Fam114a2,-0.059795886,0.020444117
Mfap3,0.041074764,0.25135592
Galnt10,-0.00205395,0.87805724
Sap30l,-0.02374798,0.40690464
Larp1,-0.026480615,0.49808562
Cnot8,0.07212263,0.01329358
Gemin5,0.02160868,0.19516996
Mrpl22,-0.07101035,0.05750868
Igtp,0.03808001,0.013850879
Irgm2,0.05571615,0.12092258
4930438A08Rik,-0.0036441428,0.573975
Zfp692,0.020544626,0.23620297
Zfp672,-0.014816493,0.27211708
Sh3bp5l,-0.01142481,0.46907583
Fam183b,0.4353981,0.09567456
Gm12258,0.023200274,0.26753038
2810021J22Rik,0.0024131108,0.6539398
Zfp39,0.010435133,0.36969623
Rnf187,0.068404615,0.052759033
Hist3h2ba,0.024676848,0.2396931
Trim17,0.004218555,0.4652393
Hist3h2a,0.042876437,0.2460651
Trim11,0.026416656,0.178752
Obscn,-0.0011599404,0.23978297
Iba57,-0.0026200972,0.2966173
Gjc2,0.03482616,0.35107654
Guk1,0.0071316063,0.84844553
Mrpl55,-0.011390477,0.72689116
2310033P09Rik,0.049458392,0.33037797
Arf1,0.11914718,0.09418412
Wnt9a,0.01723608,0.080423996
Prss38,-0.00020935497,0.4226497
Snap47,-0.10576144,0.22184147
Jmjd4,0.0023846915,0.6788202
Zfp867,0.015533429,0.07657071
Zkscan17,0.0012702327,0.88234264
Nlrp3,0.0681275,0.38872313
Mprip,0.0577894,0.008672645
Gm12264,0.0,1.0
Pld6,0.002295774,0.70099896
Flcn,0.002706401,0.8968051
Gm16062,0.004835658,0.74562335
Cops3,0.009854972,0.8231472
Nt5m,-0.008612886,0.5352575
1810063I02Rik,0.0012005279,0.7682852
Med9os,0.08999967,0.12195439
Med9,0.01821965,0.59577614
Rasd1,0.00859302,0.329095
Pemt,0.0022994913,0.79570234
Rai1,0.05759757,0.34446067
4930412M03Rik,0.0031954495,0.36196625
Srebf1,0.10717526,0.23174372
Tom1l2,0.006327376,0.7151509
Lrrc48,0.19905025,0.16277626
Atpaf2,-0.018333115,0.37955332
Gid4,0.03083679,0.20216048
Drg2,0.03079988,0.51932514
Myo15,0.00058985327,0.6902803
Alkbh5,-0.019874454,0.7631469
Llgl1,0.044061247,0.1065104
Flii,0.07514034,0.1400773
Mief2,0.03875831,0.18300912
Top3a,-0.0019345433,0.5187955
Smcr8,0.04786644,0.10422926
Shmt1,-0.0049433615,0.31439373
Dhrs7b,-0.056964934,0.18230723
Tmem11,0.009443834,0.5538773
Gm26534,0.020650886,0.26252207
Natd1,0.018074378,0.22547357
Map2k3os,-0.0055218693,0.21562423
Map2k3,0.07359687,0.1926174
Kcnj12,0.0026460956,0.47023773
Tnfrsf13b,0.0032797754,0.86845684
Usp22,0.13586323,0.020903809
Aldh3a1,0.0022240004,0.5997275
Aldh3a2,0.03937129,0.18604003
Slc47a1,0.0277666,0.0039903815
Rnf112,-0.0008590251,0.42264965
Mfap4,0.024657387,0.4200139
Mapk7,0.02025395,0.39548308
B9d1os,-0.00015372351,0.42264965
B9d1,0.09183881,0.15935259
Epn2,0.012793943,0.5777964
Grap,0.035000816,0.12048946
Slc5a10,-0.0005723439,0.42264965
Fam83g,0.0,1.0
Prpsap2,0.0071006864,0.8435246
Ulk2,0.09817512,0.27216172
A530017D24Rik,0.006861329,0.3363746
Gm26964,-0.0021109611,0.24437016
Akap10,0.035942357,0.03976411
Specc1,0.040476456,0.2470173
Adora2b,-0.015608393,0.6148225
Zswim7,0.012098186,0.4554072
Ttc19,0.00984323,0.49511203
Ncor1,0.13496825,0.19769554
Pigl,0.0022920081,0.6577724
Gm12278,-0.000525993,0.42264977
Cenpv,0.07984701,0.1855927
Gm12279,-0.00018974172,0.4226497
Ubb,0.0973351,0.35797963
Gm12280,0.0,1.0
Trpv2,0.072612315,0.1501511
Lrrc75a,0.005915031,0.587229
Lrrc75aos2,0.0033889709,0.3409568
Mmgt2,0.007221803,0.7256161
Zfp287,0.033905037,0.09471435
Zfp286,0.01233466,0.40388548
Trim16,-0.0027714074,0.7219059
Fbxw10,0.032293953,0.10026433
Tvp23b,-0.14734238,0.016315395
Tvp23bos,0.002930328,0.40847656
Cdrt4,0.0,1.0
Tekt3,0.023928469,0.20629784
Pmp22,0.119561054,0.024191478
B430319H21Rik,-0.00035553778,0.42264977
B130011K05Rik,0.0007638377,0.4226497
Hs3st3b1,0.00076335366,0.79121894
Cox10,0.027683087,0.24514651
Gm12289,0.0,1.0
2810001G20Rik,0.015690401,0.5409423
F930015N05Rik,0.0,1.0
Hs3st3a1,-0.00029432474,0.42264977
Elac2,0.007686246,0.3532786
Arhgap44,0.0064514875,0.7960588
1700086D15Rik,0.00061024143,0.4226497
Myocd,0.0,1.0
Map2k4,-0.01528427,0.333756
Zkscan6,0.026618512,0.08919725
Dnah9,0.11661704,0.19088306
Shisa6,-0.0039029866,0.45428568
Pirt,0.0018249676,0.5007536
Tmem220,0.009675667,0.41850722
Adprm,-0.016378865,0.37026444
Sco1,0.014322991,0.08811474
Myh3,0.0,1.0
Myh8,0.0,1.0
Gas7,-0.05080691,0.25173873
Glp2r,0.0,1.0
Rcvrn,0.0021033997,0.42264965
Usp43,0.005925603,0.589664
Cfap52,0.11909941,0.08165577
Stx8,0.041600913,0.3303136
C78197,-0.0009208405,0.34022844
Ntn1,0.011846751,0.025905132
Pik3r5,0.029602727,0.20675276
Pik3r6,-0.009464333,0.44517148
Mfsd6l,0.008347,0.39657697
Myh10,-0.0013836622,0.9156011
Ndel1,0.0499759,0.549449
Rnf222,-0.00070196664,0.4226497
Rpl26,0.16337895,0.10346097
Arhgef15,-0.00018803698,0.42264965
Slc25a35,-0.0070610177,0.35212886
Rangrf,0.059054933,0.056731034
Pfas,0.0102538355,0.50153583
Ctc1,0.04058777,0.024208756
Aurkb,0.0049381554,0.7808928
9330160F10Rik,0.010653725,0.6327828
Borcs6,0.053044073,0.14141595
Tmem107,0.21835834,0.2313584
Vamp2,0.09844603,0.14869966
Per1,0.09266172,0.17242853
9130213A22Rik,0.0035099438,0.43467727
Hes7,0.011078451,0.506111
Aloxe3,0.010925742,0.06327317
Alox8,0.0018270188,0.4226497
Gucy2e,0.0007297038,0.7155498
Cntrob,0.0012840256,0.8939597
Trappc1,0.010950252,0.8023925
Kcnab3,-0.0040528993,0.3490536
Kcnab3os,0.003962226,0.12649341
Chd3os,0.06949281,0.16910861
Chd3,-0.14600928,0.1297131
Gm17305,-0.0009085226,0.4226497
Cyb5d1,-0.0036073094,0.5653292
Naa38,-0.07032797,0.46318722
Tmem88,-0.0067843366,0.496431
Kdm6b,0.11175971,0.23782894
Kdm6bos,0.0050580753,0.38302845
Dnah2,0.06218107,0.18658954
Dnah2os,0.00054552685,0.92604786
Efnb3,0.0627123,0.06936406
Wrap53,0.006921105,0.52800477
Trp53,0.10437609,0.10819643
Atp1b2,0.12892032,0.10235431
Shbg,0.0,1.0
Sat2,0.045753956,0.1196291
Fxr2,0.07667665,0.05652777
Sox15,0.003642302,0.4226497
Mpdu1,-0.0046015084,0.8237718
Cd68,0.19141811,0.041678905
Eif4a1,0.26001,0.15274198
Senp3,0.012402669,0.43460873
Tnfsf13os,0.008350879,0.33147734
Tnfsfm13,0.010623873,0.35029477
Tnfsf13,0.0,1.0
Tnfsf12,0.037084706,0.101460084
Polr2a,0.11160219,0.19187519
Slc35g3,0.018802816,0.33470488
Zbtb4,0.042293563,0.47804543
Chrnb1,0.0021563654,0.26242736
Fgf11,0.0045652753,0.3497018
Tmem102,-0.0040535256,0.7301454
Spem1,0.0,1.0
Nlgn2,0.0006213859,0.93242455
Tmem256,-0.3156858,0.08566254
Plscr3,0.031254075,0.20467009
Tnk1,0.0,1.0
Tmem95,0.002383754,0.42264977
Kctd11,0.023766251,0.4561132
Acap1,0.008344799,0.75624895
2810408A11Rik,0.004135632,0.5575217
Neurl4,0.011285134,0.2088886
Gps2,0.0564664,0.07083544
Eif5a,0.024751425,0.79599726
Ybx2,0.0043259496,0.17445111
Slc2a4,0.00028970838,0.9680555
Cldn7,0.0,1.0
Elp5,0.016897708,0.7250407
Ctdnep1,0.04682994,0.27946284
Gabarap,0.09799898,0.45617425
Phf23,0.026145384,0.544407
Dvl2,-0.0033376515,0.74383736
Acadvl,0.0065529644,0.9066686
Dlg4,0.012336642,0.4861666
Asgr1,0.00903745,0.5523827
Asgr2,-0.0016486333,0.42264977
Mgl2,-0.0022958834,0.8966249
Clec10a,-0.0034678243,0.66204154
Slc16a11,0.11585096,0.0084730275
Slc16a13,0.003167117,0.68230784
Bcl6b,0.026555434,0.14578329
0610010K14Rik,0.060950972,0.005178547
Gm21988,-0.0037346967,0.8497801
Rnasek,-0.018015798,0.055938646
Alox12,-0.00017489109,0.852898
Alox12e,-0.0004599453,0.4226497
Alox15,-0.00075487205,0.4226497
Pelp1,-0.0014604032,0.89824927
Arrb2,0.018567994,0.7576553
Med11,0.021271054,0.49355006
Cxcl16,-0.00062434375,0.9750836
Zmynd15,-0.0010026832,0.55176735
Tm4sf5,-0.00050113094,0.24391639
Vmo1,-0.0007247107,0.4455714
Gltpd2,0.0034713713,0.23327774
Psmb6,-0.034846425,0.65873337
Pld2,0.031864285,0.18561013
Mink1,0.0014772713,0.9587747
Gm12316,0.0,1.0
Chrne,-0.0020805148,0.13174975
Gp1ba,-0.0006381376,0.4226497
Slc25a11,0.011734486,0.7823996
Rnf167,0.079426676,0.16057391
Pfn1,0.37023604,0.1763129
Gm12319,0.0,1.0
Eno3,0.15389973,0.29765072
Spag7,-0.011535615,0.7583614
Camta2,0.026427574,0.35589087
Inca1,0.0050799046,0.6748571
Kif1c,-0.070947826,0.17565548
Gm12320,-0.00024340443,0.42264977
Zfp3,0.014952238,0.29853055
Scimp,-0.0043845912,0.19337462
Rabep1,-0.022716701,0.3223668
Nup88,0.0018067956,0.7323252
Rpain,0.028844662,0.0834503
C1qbp,0.09679294,0.08643504
Dhx33,0.0206528,0.3662942
Derl2,0.007283762,0.7979927
Mis12,0.04313768,0.18203461
6330403K07Rik,0.16297913,0.05778801
Nlrp1a,0.0015273945,0.64544547
Nlrp1b,0.0036937802,0.45933542
Gm12324,0.0,1.0
Gm12326,0.18680552,0.1666642
Wscd1,0.104675174,0.03802402
Fam64a,-0.022138828,0.20517309
Pitpnm3,0.05031024,0.045220744
4933427D14Rik,0.017669905,0.19264738
Gm43951,0.0,1.0
Txndc17,-0.07149178,0.12849559
Med31,0.04213509,0.36335292
Slc13a5,0.0017143413,0.714072
Xaf1,0.11704132,0.30865878
Tekt1,0.13089058,0.060959782
Smtnl2,0.003045167,0.5405524
Ggt6,-0.003072935,0.25553542
Mybbp1a,0.050693974,0.12083859
Spns2,0.012236925,0.24315494
Spns3,0.004069371,0.71105903
Ube2g1,-0.055150107,0.165711
Ankfy1,0.03622769,0.08569283
Cyb5d2,0.008623116,0.6762072
Zzef1,0.052716576,0.28346536
Atp2a3,0.0025430433,0.9189895
P2rx1,0.00047878234,0.8111192
4732414G09Rik,0.020043138,0.3075444
Camkk1,0.016681034,0.13520074
Ncbp3,0.022000179,0.49726668
Itgae,-0.0017817331,0.18482152
Gsg2,-0.0020408933,0.38107288
P2rx5,-0.0070745796,0.08621644
Emc6,-0.1338822,0.13512252
Tax1bp3,-0.05674906,0.099937186
Ctns,-0.012113538,0.11992297
Shpk,-0.0114737665,0.07973493
Trpv1,-0.0007041003,0.18681872
Trpv3,0.0015958475,0.57968795
Aspa,0.092984796,0.049173836
Rap1gap2,0.078641444,0.22087273
E130309D14Rik,0.0028276506,0.2080791
Cluh,0.0058540255,0.8193408
Pafah1b1,0.08335328,0.39212364
Mettl16,-0.014799543,0.51708454
Mnt,0.024979107,0.21330017
Sgsm2,0.0076412037,0.56231564
Tsr1,-0.0044722706,0.81752706
Srr,-0.017636456,0.119859144
Smg6,0.032360602,0.28641373
Gm12333,0.0,1.0
Hic1,0.011424208,0.25755844
Ovca2,0.006347131,0.40765655
Dph1,0.003119086,0.46043977
Rtn4rl1,-0.033809382,0.18076113
Rpa1,0.008826733,0.72159255
Smyd4,0.046569422,0.03532268
Serpinf1,0.053867187,0.35647634
Serpinf2,0.0,1.0
Wdr81,0.017519947,0.16622487
Tlcd2,0.0022317264,0.7525332
Prpf8,0.024903148,0.56031924
Rilp,-0.10698595,0.07205863
Scarf1,0.00079917454,0.65151906
Slc43a2,0.04521465,0.3771195
Pitpna,0.11960852,0.22955446
Inpp5k,0.019903496,0.18984276
Myo1c,0.095451,0.20757511
Crk,0.077120006,0.42979777
Ywhae,0.11813903,0.27894527
Gm26836,-0.0013627646,0.42264965
Doc2b,-0.00070009334,0.826638
Rph3al,0.02561348,0.13474207
Gm16075,0.0,1.0
1700016K19Rik,0.23151913,0.10204097
Fam101b,0.034865633,0.59042025
Vps53,0.040951297,0.3227467
Glod4,0.11208823,0.18334815
Fam57a,0.0038400744,0.26944256
Gemin4,0.00056291686,0.82000774
Dbil5,0.031570222,0.24760322
Rnmtl1,0.0037863608,0.8056189
Nxn,-0.014870256,0.75874066
Timm22,-0.10148269,0.056400824
Abr,-0.011319369,0.6660133
Gm26780,0.0,1.0
Bhlha9,0.0,1.0
Tusc5,0.0,1.0
Gosr1,0.01812476,0.44296256
Cpd,0.1437796,0.16729888
Tmigd1,0.010984093,0.13706553
Blmh,0.043381795,0.10271874
Slc6a4,0.0,1.0
Nsrp1,0.065621614,0.30082148
Efcab5,0.0,1.0
Ssh2,0.14700486,0.24728535
Coro6,-0.0014735549,0.6117356
Ankrd13b,0.015463779,0.21415125
2210008F06Rik,0.007486345,0.34188277
Git1,0.023956962,0.38080335
Trp53i13,0.037812583,0.2679527
Abhd15,0.004218921,0.5357223
Gm10392,-0.0020192952,0.24833569
Taok1,0.10533708,0.16280207
Nufip2,0.092147395,0.39032438
Cryba1,0.0,1.0
Myo18a,0.04147909,0.23957191
Gm10277,0.00041719596,0.7799486
Pipox,-0.0031212736,0.36065134
Sez6,-0.0010398737,0.42264965
Phf12,0.04198768,0.33674204
Dhrs13os,-0.0006035045,0.8496395
Dhrs13,-0.0064254366,0.5980379
Flot2,-0.00844577,0.87745285
Eral1,0.018890351,0.29878262
Fam222b,0.028028678,0.2065525
Traf4,0.02631244,0.26976734
Nek8,-0.00268678,0.8003522
Tlcd1,-0.008501381,0.6697112
Rpl23a,0.24021769,0.13301232
Rab34,0.000574708,0.98153275
Proca1,0.009723805,0.09581156
Supt6,0.01506725,0.45947644
Sdf2,-0.12749234,0.11270187
2610507B11Rik,-0.049685627,0.099870466
BC030499,-0.0032470305,0.40899268
Spag5,-0.0017671115,0.7633565
Aldoc,0.22576472,0.28381765
Pigs,-0.0194228,0.37514773
Unc119,-0.16206592,0.044794973
Slc13a2,-0.00025423037,0.42264965
Slc46a1,-0.037580166,0.24121247
Sarm1,-3.0035153e-07,0.9999167
Vtn,-0.061411902,0.42070597
Sebox,0.00030636042,0.96113306
Tmem199,-0.048260123,0.23807468
Poldip2,-0.031071305,0.73662657
Tnfaip1,-0.01952821,0.53922474
Ift20,0.08346844,0.14871813
Tmem97,-0.054713074,0.06596072
Nlk,0.017048746,0.42711622
Fam58b,-0.012967676,0.6016789
Lyrm9,0.006459467,0.6749568
Nos2,-0.019757787,0.4700976
Lgals9,0.049910553,0.15855162
Ksr1,-0.0021540187,0.87730855
Wsb1,0.15240447,0.11319365
Nf1,0.026025124,0.040904142
AU040972,0.010516802,0.26448527
Omg,0.009377168,0.23475915
Gm21975,0.03648826,0.26681483
Evi2b,0.0,1.0
Evi2a,0.11707127,0.14612703
Rab11fip4,0.043995902,0.33232763
Rab11fip4os1,0.0,1.0
Gm11205,-0.0049710753,0.18869372
Utp6,-0.007277757,0.66693914
Suz12,0.025360197,0.5665216
Gm26563,-0.0007389635,0.4226497
Crlf3,0.11038874,0.1363193
Atad5,0.026966743,0.35289085
Tefm,0.0014602132,0.89383155
Adap2,0.017299406,0.20071958
Adap2os,0.003567304,0.24546827
Rnf135,0.026291141,0.08104691
Rhot1,0.031029306,0.37356067
Rhbdl3,0.0006998675,0.9317945
5730455P16Rik,0.007224314,0.68188775
Zfp207,0.17402169,0.14904714
Psmd11,0.059248686,0.008093478
Cdk5r1,0.0004472062,0.9611197
Myo1d,-0.02441148,0.19730835
Tmem98,-0.12253733,0.080057405
Asic2,-0.0023862459,0.64321584
5530401A14Rik,0.004743816,0.33134952
Ccl2,-0.010371853,0.7337394
Ccl7,0.0049331062,0.65370625
Ccl11,0.0,1.0
Ccl12,-0.007848665,0.78485924
Ccl8,0.0,1.0
Ccl1,0.0,1.0
Tmem132e,-0.0011602914,0.42264977
Cct6b,0.00349028,0.38296938
Zfp830,0.013822451,0.33629212
Gm11423,0.012029901,0.19747142
Lig3,0.011317048,0.6995439
Rffl,0.030615766,0.094381325
Rad51d,0.01889991,0.05748483
Nle1,0.00757041,0.08204914
Unc45b,0.0,1.0
Slfn5,0.033700563,0.2443224
Slfn9,0.0004985207,0.9284981
Slfn8,0.030315537,0.008834468
Slfn2,0.18107748,0.38713756
Slfn1,0.01642339,0.8840744
Slfn4,0.024847403,0.77782434
Slfn3,-0.0014450214,0.18799841
AI662270,0.04248742,0.3178189
Pex12,0.022993708,0.2706499
Ap2b1,0.052928135,0.12734088
Rasl10b,0.0022296105,0.87496156
Gas2l2,0.01566533,0.048623767
1700020L24Rik,-0.0002629636,0.980743
Mmp28,-0.0039031077,0.39732742
Taf15,0.07650295,0.26912752
Ccl5,0.022027185,0.3693857
Ccl9,0.045282498,0.5031665
Ccl6,0.21156406,0.2723195
Rpl9-ps1,0.0,1.0
Ccl3,0.011903405,0.83711225
Ccl4,0.08798781,0.57632464
Wfdc17,-0.018638551,0.96316254
Wfdc18,0.00849765,0.38654247
Wfdc21,0.00921008,0.9822459
Heatr6,0.016015235,0.22521554
Hnf1b,0.005327362,0.37807584
Ddx52,0.027000241,0.3389345
Synrg,0.04705198,0.041421916
Dusp14,0.1230019,0.16695836
Tada2a,0.029831666,0.07652689
Acaca,0.018072478,0.4583585
Aatf,0.036829416,0.061952487
Lhx1,-0.0006523792,0.4226497
Lhx1os,-0.00018803698,0.42264965
Mrm1,0.0045568375,0.3369203
Dhrs11,-0.02477806,0.52301055
Ggnbp2,0.056859493,0.29799896
Pigw,0.009541083,0.3556937
Myo19,0.008212715,0.44944513
Znhit3,0.0012234673,0.9240675
Car4,0.0017974443,0.49101278
Usp32,-0.02728884,0.20050031
1700125H20Rik,0.0021729306,0.2943245
Appbp2,0.080589235,0.13425282
Appbp2os,0.0019034946,0.52942353
Ppm1d,0.01793414,0.2587118
Bcas3,0.029511664,0.24992901
Bcas3os1,0.0,1.0
Tbx2,-0.00092116836,0.79964906
Gm11444,0.0024280753,0.4226497
Tbx4,0.0,1.0
Brip1,-0.003856209,0.685923
Brip1os,-0.010146402,0.49418765
Ints2,0.014124956,0.449454
Med13,0.06931597,0.15487625
Rnft1,0.0022509098,0.9361933
Rps6kb1,0.042326905,0.33616486
Tubd1,0.003520188,0.7113613
Vmp1,0.037075937,0.5853665
Ptrh2,0.0041446984,0.7621849
Cltc,-0.022296429,0.60942626
Dhx40,0.053928167,0.35743088
Ypel2,0.0103560835,0.4127829
Gdpd1,0.0010527149,0.9614434
Smg8,-0.01063926,0.036154844
Prr11,-0.0062469007,0.5042492
Ska2,0.007147301,0.64099103
Gm11491,0.0017775964,0.45839113
Trim37,0.052066594,0.12814598
Ppm1e,0.011601247,0.22679472
Rad51c,-0.010993898,0.2860065
Tex14,-0.0009926212,0.19406539
Sept4,0.21112402,0.00010092092
Mtmr4,-0.0030009374,0.8886333
Hsf5,0.0053217337,0.20644319
Rnf43,0.0028683608,0.8407262
Supt4a,0.13687354,0.2319347
Mir142hg,0.07806361,0.119286604
Bzrap1,0.008437246,0.5948439
Mpo,0.09545563,0.34054956
Lpo,-0.0020346714,0.34226322
Mks1,0.029529627,0.15055108
Epx,0.0,1.0
Dynll2,-0.06228894,0.33253223
Gm11508,0.0008993647,0.58493304
2010015M23Rik,0.014243068,0.1726022
Srsf1,0.09064871,0.29402468
Gm15892,0.002982899,0.7500091
Vezf1,0.09121625,0.115555845
Cuedc1,0.0779494,0.041284557
Mrps23,0.029866949,0.21382384
RP24-402O2.2,0.0010224617,0.4226497
Msi2,0.025961518,0.8253807
Gm15893,-0.0032347143,0.18898375
C030037D09Rik,0.02991305,0.04426876
Gm11493,0.0026581713,0.42264965
Akap1,0.005773074,0.1788426
Scpep1os,0.0,1.0
Scpep1,-0.027521811,0.17476983
Coil,0.0046807714,0.51729494
Trim25,0.047300227,0.24915443
Dgke,0.007200636,0.6015295
Dgkeos,0.0,1.0
Nog,0.026507573,0.26194462
Ankfn1,0.017015768,0.4447644
Pctp,-0.0045521175,0.43915197
Tmem100,0.0016093217,0.83921283
Mmd,-0.014452755,0.3213227
Hlf,0.10416706,0.16934854
Stxbp4,0.043136895,0.028974764
Cox11,-0.0406941,0.061047077
Tom1l1,0.0029335767,0.9238862
4930405D11Rik,0.0040185787,0.23757595
Car10,-0.079499684,0.26336995
Utp18,-0.0073850527,0.8226751
Mbtd1,0.055275034,0.10074664
Nme2,-0.027625024,0.24426363
Gm20390,-0.0018211488,0.18366401
Nme1,-0.18779653,0.037565432
Spag9,0.081317306,0.25378507
Tob1,0.004801005,0.91366726
Wfikkn2,0.0013639107,0.9678497
Luc7l3,0.11802113,0.28383654
Ankrd40,0.052436233,0.23586172
Abcc3,0.007948146,0.29432023
Cacna1g,0.004049046,0.60750717
Spata20,0.0,1.0
Epn3,-0.07288249,0.31873667
Mycbpap,0.04673755,0.40072206
Rsad1,0.016633146,0.21764448
Acsf2,-0.0034630056,0.7322712
Chad,0.002003412,0.4226497
Lrrc59,0.03905335,0.37068695
Eme1,-0.002170803,0.44742763
Mrpl27,-0.09792152,0.037675094
Xylt2,0.0007426832,0.9293335
Col1a1,0.049850907,0.21491872
Sgca,0.0007638377,0.4226497
Ppp1r9b,0.093335696,0.113713466
Samd14,-0.00020158291,0.9845385
Pdk2,-0.051365048,0.36243364
Gm11513,0.006959772,0.45600957
Itga3,-0.046127398,0.121717766
Dlx3,0.0048940266,0.51120794
Dlx4,0.0056602806,0.3884067
Dlx4os,0.013991138,0.2618031
Gm11515,0.0,1.0
Kat7,0.043713473,0.21597876
Gm11520,0.009659205,0.44258043
Gm11521,-0.0011724824,0.27103552
Fam117a,0.012809813,0.44152525
Slc35b1,-0.077218354,0.19297947
Spop,0.12134534,0.26929933
Nxph3,-0.012101302,0.19174166
Ngfr,-0.0066365576,0.031312715
Phb,-0.13533494,0.19151363
Gm26830,0.0026398718,0.30702406
Gm9796,-0.00028010266,0.8392182
Zfp652os,0.012462344,0.07462715
Zfp652,0.037405767,0.41312572
B130006D01Rik,0.0024157353,0.58040947
Phospho1,0.00081148255,0.83590126
Abi3,0.10167626,0.14901005
Gngt2,0.30237222,0.18650405
Gm11527,0.0,1.0
Snf8,-0.041260958,0.4099638
Ube2z,-0.041352883,0.16525353
Atp5g1,-0.7498388,0.10052653
Calcoco2,0.025205165,0.25302368
Ttll6,0.037900608,0.07824044
Hoxb4,0.004614712,0.31497234
Hoxb3,-0.00070601044,0.42264965
Hoxb2,-0.001715193,0.4226497
Skap1,-0.0011418628,0.19850692
Snx11,0.01491531,0.65967685
Cbx1,-0.018907547,0.49934182
Nfe2l1,-0.0519004,0.37481514
Copz2,-0.101771355,0.10096742
Cdk5rap3,0.047177672,0.18743706
Gm11525,0.0024550585,0.32209745
Prr15l,-0.0046994584,0.15268119
Pnpo,0.077004984,0.038336743
Sp2,0.023630984,0.28661656
Sp6,-0.0012960542,0.25661373
Scrn2,0.040909,0.05538981
Lrrc46,0.069800034,0.2255528
Mrpl10,0.022727832,0.23310766
Osbpl7,0.017135838,0.020966096
Tbx21,0.0018933729,0.47896355
Tbkbp1,0.019504922,0.337519
Kpnb1,0.05328314,0.09194197
Gm11583,-0.00094202,0.4226497
Npepps,-0.05161184,0.51881534
Gm11592,0.0061398814,0.516855
Mrpl45,0.04584451,0.2086168
Gpr179,0.00046347466,0.84946793
Socs7,0.04664553,0.35578793
Arhgap23,0.020749412,0.22988692
4933428G20Rik,-0.00018658322,0.42264977
Srcin1,0.09660542,0.08834927
E130012A19Rik,0.008364896,0.30348358
Mllt6,-0.00726147,0.57704294
Cisd3,0.036134727,0.57550013
Pcgf2,0.021768779,0.4860579
Psmb3,0.20090103,0.042730343
Pip4k2b,0.033239596,0.20275357
Cwc25,0.042585324,0.22440366
1700001P01Rik,0.0,1.0
Rpl23,0.14392829,0.11640044
Lasp1,0.087169856,0.13350898
B230217C12Rik,-0.0034327656,0.700605
Fbxo47,0.0024574501,0.42479184
Gm11630,0.0027688134,0.46432638
Plxdc1,0.039527297,0.075469814
Arl5c,0.039359447,0.07552569
Cacnb1,-0.0028560348,0.6131652
Rpl19,0.19002771,0.1260925
Stac2,0.0023864596,0.4226497
Fbxl20,0.021117836,0.35001162
Med1,0.05197428,0.26850095
Cdk12,0.0758575,0.088365786
Neurod2,0.002299581,0.5060779
Ppp1r1b,-0.30761105,0.13714778
Stard3,-0.003615111,0.7934072
Tcap,-6.8523485e-05,0.9284017
Pgap3,-0.0031286841,0.66651225
Erbb2,0.0119080115,0.040792648
Mien1,-0.12191343,0.050142966
Grb7,-0.0031144172,0.14747547
Ikzf3,0.0403888,0.30939296
Zpbp2,-0.00023208474,0.7764074
Ormdl3,-0.06578125,0.2529563
Gm12355,0.000309024,0.96673316
Psmd3,0.091059074,0.15218212
Csf3,0.0,1.0
Med24,0.015663728,0.29757553
Thra,0.16186708,0.01590729
Nr1d1,0.17439488,0.21811022
Msl1,0.055725068,0.21559078
Gm12359,-0.0026383176,0.13359506
Casc3,0.017861485,0.16727823
Rapgefl1,0.0010598367,0.62017894
Wipf2,0.030623123,0.12739244
Cdc6,0.009322926,0.03874331
Rara,0.089577995,0.18411814
Top2a,0.010887321,0.014894045
Igfbp4,0.031629607,0.27480352
Tns4,0.018808108,0.2596683
Ccr7,0.0,1.0
Smarce1,0.019936606,0.34095445
Krt222,0.00061024143,0.4226497
Krt24,0.0014196485,0.7197467
Krt28,0.0,1.0
Krt10,0.0125857,0.5404039
Gm11940,0.014739726,0.07538428
Krt12,0.00042113394,0.4226497
A830036E02Rik,0.0,1.0
Krt23,0.0035058763,0.7937622
Krt15,0.09950285,0.28594705
Krt19,0.004897979,0.62797534
Krt9,0.0,1.0
Eif1,0.19100094,0.25532925
Gast,-0.0003749966,0.42264977
Hap1,0.105280206,0.11735927
Jup,0.0444913,0.17216744
P3h4,-0.062225156,0.11992175
Fkbp10,0.018951595,0.42788357
Nt5c3b,0.030664936,0.284899
Klhl10,0.0050833635,0.17013642
Klhl11,0.00959754,0.5066155
Acly,0.035134643,0.27665192
Ttc25,0.07392065,0.18898578
Cnp,0.3260797,0.0017088461
Dnajc7,0.14852193,0.033152275
Nkiras2,0.008188181,0.5618406
Zfp385c,0.0,1.0
Dhx58os,0.0,1.0
Dhx58,0.029152952,0.2140403
Kat2a,0.0006611906,0.9602528
Hspb9,-0.0004326516,0.4226497
Rab5c,0.1424106,0.16880724
Kcnh4,-0.0010388156,0.4226497
Hcrt,0.0016592821,0.59186363
Ghdc,-0.0045565404,0.5042545
Stat5b,0.06658303,0.22072086
Stat5a,-0.02275269,0.15693714
Stat3,0.104787454,0.17228724
Ptrf,0.10058066,0.04088919
Atp6v0a1,-0.0542666,0.38272545
Naglu,-0.023326434,0.25785464
Hsd17b1,0.0021143286,0.4742297
Coasy,0.02187255,0.44972208
Mlx,0.016250603,0.6019911
Psmc3ip,0.09708667,0.313704
Fam134c,0.022866167,0.3540405
Tubg1,0.0061000586,0.68201166
Tubg2,0.0033388091,0.7921212
Plekhh3,0.0050473325,0.72448754
Cntnap1,0.016258964,0.08750974
Ccr10,0.007885561,0.350073
Ezh1,0.014166623,0.10025561
Ramp2,0.016104348,0.6854484
Vps25,-0.0028444603,0.8296986
Wnk4,-0.018602172,0.16359079
Coa3,-0.15842211,0.094050735
Cntd1,0.002641718,0.3240468
Becn1,0.017793342,0.4893999
Psme3,-0.017377898,0.4786842
Aoc2,0.00038971705,0.74132836
Aoc3,0.0,1.0
Gm27029,-0.012234639,0.0978175
Aarsd1,0.010046275,0.19562107
Ptges3l,-0.011749724,0.43202356
Rundc1,-0.0029260963,0.90966123
Rpl27,0.060592294,0.5517876
Ifi35,0.06853933,0.17383423
Vat1,0.038014006,0.0036685742
Rnd2,0.014413327,0.62734884
Brca1,-0.0058734496,0.4933055
Nbr1,0.018065065,0.7555489
Tmem106a,0.023297628,0.38920748
Rdm1,0.11811718,0.06781179
Arl4d,0.0227049,0.080092266
Dhx8,0.016915567,0.3689539
Etv4,0.00703879,0.41242513
Meox1,0.0075150663,0.37531608
Sost,0.0,1.0
Dusp3,0.072786644,0.2888912
Gm20659,0.0,1.0
Mpp3,0.010577778,0.018005004
E130111B04Rik,0.022787638,0.2508247
Cd300lg,-0.004483821,0.21574846
Mpp2,0.0071458593,0.6405417
Nags,0.004121452,0.22413161
Tmem101,0.0016729981,0.9442173
Lsm12,0.0355919,0.29962805
G6pc3,-0.155295,0.085910946
Hdac5,0.04771874,0.19259046
BC030867,0.03803045,0.12633105
Asb16,-0.00813133,0.23703988
Tmub2,0.013460889,0.60289055
Atxn7l3,0.044088542,0.22008994
Ubtf,0.037897855,0.19368029
Slc4a1,-0.002991279,0.4226497
Rundc3a,0.004424152,0.19210938
Slc25a39,-0.10777676,0.2640368
Grn,0.16159062,0.08861811
Fam171a2,-0.008967975,0.11471414
Itga2b,0.025724355,0.24457279
Gpatch8,0.06686565,0.20390496
Gm11627,-0.004239512,0.19636159
Fzd2,0.03233085,0.31368166
2810433D01Rik,-0.023419384,0.14126611
Ccdc43,0.040310457,0.0499649
Adam11,-0.0024893647,0.6735338
Gjc1,-0.0065941475,0.28239155
Higd1b,0.0,1.0
Eftud2,0.027583659,0.23257355
Gm26668,0.0013847419,0.57130766
Ccdc103,0.007861927,0.76067734
Fam187a,-0.0043538115,0.15722351
Gfap,0.15369073,0.09761364
Kif18b,-0.008273646,0.18053807
C1ql1,0.0054349327,0.59616727
2410004I01Rik,0.0024616471,0.76856613
Dcakd,0.03964032,0.102638006
Nmt1,0.13077697,0.029965661
Plcd3,0.0016164184,0.94909924
Acbd4,-0.029955268,0.54744864
Hexim1,0.059816062,0.28016725
Hexim2,0.009117369,0.023795301
Fmnl1,0.11576989,0.27938154
1700023F06Rik,-0.023451723,0.39944035
Spata32,0.0,1.0
Map3k14,0.044110395,0.10476651
Arhgap27,0.056015886,0.1809645
Arhgap27os3,-0.0020622634,0.4226497
Arhgap27os2,0.020854969,0.18802592
Arhgap27os1,-0.00068488886,0.59033155
Plekhm1,0.0077979453,0.47233412
Rprml,0.0,1.0
Gosr2,0.016037509,0.5713499
Wnt3,0.0030278508,0.63533443
Nsf,0.020610094,0.39815333
Arf2,0.028379306,0.6468801
Crhr1,0.0,1.0
Mapt,0.04132932,0.3309827
Kansl1,0.055223763,0.42135978
Cdc27,-0.022070445,0.07755697
Myl4,-0.017388102,0.27478716
Itgb3,0.00535853,0.47443727
Mettl2,0.016230252,0.31515023
1700052K11Rik,0.012240063,0.36886668
Tlk2,0.045779295,0.030744223
Mrc2,0.009454854,0.34451973
March10,0.025110874,0.20386344
Tanc2,0.05048611,0.17554255
Cyb561,-0.24808529,0.035134118
Gm11651,0.0013683764,0.5759412
Ace,-0.17207143,0.34349683
Kcnh6,-0.0005346575,0.4226497
Dcaf7,-0.012125477,0.36132413
Gm11646,0.0038918299,0.60811645
Taco1os,0.14047986,0.32619148
Taco1,0.0081691,0.56974834
Map3k3,0.057601452,0.15650056
Gm11672,-0.00042193235,0.42264977
Limd2,0.22570926,0.11189476
Gm10840,-0.0005530632,0.42264965
Strada,0.030925084,0.2269696
Ccdc47,0.070478976,0.20477419
Ddx42,0.047994584,0.22586845
Ftsj3,0.05646143,0.04562273
Psmc5,-0.13396883,0.10459731
Smarcd2,0.0521477,0.118210755
Tcam1,-0.00012475015,0.42264965
Cd79b,0.02218404,0.3816408
Scn4a,0.0,1.0
Prr29,0.1328055,0.112331465
Icam2,0.0140438285,0.18881838
Ern1,0.027752776,0.26372394
Tex2,-0.0416618,0.32248884
Pecam1,0.052299544,0.23299825
Milr1,0.052009188,0.37296602
Polg2,0.024433265,0.35271433
Ddx5,0.2781155,0.30227956
Cep95,0.026753958,0.22143249
Smurf2,0.09809441,0.23876911
Gm11707,-0.0015451545,0.18864574
Kpna2,0.026156776,0.2914664
1810010H24Rik,0.10595724,0.007893673
Bptf,0.11693323,0.28145713
Nol11,0.043301843,0.17391288
Pitpnc1,0.083418384,0.19831729
Gm11716,-0.019667398,0.052684806
Gm11712,-0.0016167904,0.4226497
Gm11713,0.013640679,0.3653677
Psmd12,0.038130343,0.58969194
Helz,0.009659052,0.25347903
Cacng1,0.0,1.0
Cacng4,0.0051337355,0.26842955
Cacng5,0.0059369383,0.28586864
Prkca,0.04347056,0.14920902
Apoh,0.0,1.0
Cep112,0.009250071,0.5224541
Cep112os1,-0.0010642399,0.42264965
Axin2,0.017364148,0.53986764
E030025P04Rik,0.0017821137,0.4226497
Rgs9,-0.0016322015,0.62935495
1700096J18Rik,0.0021192576,0.33837536
Gm11696,0.026489303,0.14787403
Gna13,0.065903276,0.3196472
9930022D16Rik,0.0,1.0
Amz2,0.06981282,0.07440784
Slc16a6,-0.14979699,0.11188543
Arsg,-0.23484859,0.1759475
Wipi1,0.012560554,0.6791522
Prkar1a,0.124902666,0.08258066
Fam20a,0.015906429,0.10989167
Abca8b,0.017376447,0.2872123
Abca8a,0.017921586,0.56138515
Abca9,0.03793125,0.33267164
Abca6,-0.00017780263,0.9087784
Abca5,-0.048884593,0.03966476
Map2k6,0.011765879,0.07279334
Kcnj16,0.07163108,0.12606911
Kcnj2,0.013762552,0.4095105
Sox9,0.29998893,0.13305014
Gm11681,0.057276025,0.16794853
4933434M16Rik,0.0,1.0
2610035D17Rik,0.016592503,0.55057853
Slc39a11,0.02104103,0.29422155
Sstr2,0.0034182505,0.10249253
Cog1,0.021510843,0.45370975
Fam104a,0.025209725,0.66265607
D11Wsu47e,0.0040420163,0.5965019
Cpsf4l,-0.0013107698,0.25553918
Cdc42ep4,0.077860095,0.010865819
Sdk2,0.031804904,0.061733294
Gm11690,0.0,1.0
4932435O22Rik,-0.00040990734,0.42264977
Rpl38,0.08861518,0.62462944
Ttyh2,0.05059827,0.043603506
Dnaic2,0.08107049,0.15585038
Kif19a,0.06890291,0.21733966
Btbd17,0.008421829,0.4921813
Gprc5c,0.012332708,0.6706985
Cd300a,0.1952555,0.10829861
Cd300lb,0.06398295,0.31165403
Cd300c,-0.0007242354,0.42264977
Cd300ld,0.17008653,0.18143548
AF251705,0.17530592,0.18600681
Cd300lh,-0.0011386349,0.4226497
Cd300e,0.11250441,0.3759484
Rab37,-0.00067264354,0.93005896
Cd300lf,0.03375542,0.73150486
Slc9a3r1,0.12453419,0.16569617
Nat9,0.07546017,0.20167105
Tmem104,0.013231685,0.2229283
Grin2c,-0.0024732663,0.48676553
Fdxr,0.051038407,0.13579023
Fads6,0.014622991,0.09760738
Otop2,0.0075170053,0.15279031
Ush1g,0.0451556,0.24335963
Otop3,0.0,1.0
Hid1,-0.009974137,0.566261
Cdr2l,-0.029838704,0.09854199
Ict1,-0.19512618,0.057147544
Ict1os,-0.0044426452,0.22850177
Atp5h,-0.33519638,0.081028886
Kctd2,0.027767405,0.61367995
Armc7,0.025243903,0.18965834
Nt5c,0.2769782,0.07917775
Hn1,0.20065352,0.086043455
Sumo2,0.24102116,0.06877768
Nup85,0.0020034947,0.82185256
Gga3,0.036896147,0.08013597
Mrps7,0.058833823,0.24596949
Mif4gd,0.11222921,0.027516177
Slc25a19,0.010106415,0.62461877
Gm26613,0.00401726,0.43121833
Grb2,0.10750708,0.35351458
Tmem94,-0.0061280318,0.5650653
Caskin2,-0.002360154,0.86379623
Tsen54,0.0062333196,0.23389314
Llgl2,-0.029115262,0.209462
Myo15b,0.001546218,0.46941048
Recql5,0.002321614,0.7563322
Smim5,0.15269065,0.17357376
Smim6,0.009330237,0.19857326
Sap30bp,0.032883093,0.26241434
Sap30bpos,0.12731713,0.083299376
Itgb4,0.05587885,0.032886717
B230344G16Rik,0.012417556,0.17575762
Galk1,0.016313583,0.6512419
H3f3b,0.5917727,0.062538095
Unk,0.006168682,0.6805436
Unc13d,0.05813683,0.102964684
Wbp2,0.048437893,0.24628589
Trim47,0.052860834,0.09786997
Trim65,0.006791438,0.6108997
Mrpl38,0.031152695,0.3703279
Fbf1,0.031637486,0.34962794
Acox1,-0.0071499497,0.8536859
Ten1,-0.0018225312,0.9232759
Evpl,0.002449852,0.4226497
Srp68,0.014784962,0.29552984
Galr2,0.0051146545,0.33734858
Exoc7,0.013551533,0.7238681
Gm26730,0.0,1.0
Foxj1,0.25128025,0.14289461
Rnf157,0.0033327844,0.7027906
Ubald2,0.14249,0.21562333
Qrich2,-0.0049542496,0.3640523
Prpsap1,0.06522614,0.001127561
Sphk1,0.007582257,0.2835398
Ube2o,-0.00045883656,0.9755739
Aanat,0.0,1.0
Rhbdf2,-0.010719487,0.49178627
Cygb,0.0038226978,0.34103325
Gm11744,-0.33319327,0.060284317
1810032O08Rik,-0.0017652139,0.7246926
St6galnac2,-0.11439253,0.04424533
BC018473,0.0,1.0
Mxra7,-0.024423368,0.09582434
Jmjd6,0.0960033,0.072911315
Mettl23,-0.062910214,0.054725513
Srsf2,0.13496017,0.35950002
Mfsd11,0.012232341,0.58271384
Mgat5b,-0.002410033,0.25600666
Snhg20,0.1231673,0.07775503
Gm11730,0.0,1.0
Sec14l1,0.07391305,0.14003748
Sept9,0.025408119,0.6409574
Tnrc6c,0.16773866,0.1273586
Tmc6,0.08940066,0.25087458
Tmc8,0.0045931367,0.5945676
6030468B19Rik,0.00092682434,0.6408298
Syngr2,0.07067661,0.16195798
Tk1,0.010296596,0.6049783
Afmid,0.0048308927,0.5166858
Birc5,-0.009978283,0.69311386
Tha1,-0.0010751411,0.87770665
Gm11725,0.0041849767,0.42264977
Socs3,0.18883249,0.25931576
Pgs1,-0.03335017,0.4051715
Dnah17,-0.0016844535,0.4226497
Cyth1,0.044561826,0.103498094
Usp36,0.03665693,0.25760245
Timp2,-0.18105716,0.16716598
BC100451,-0.0036978584,0.18462482
Lgals3bp,-0.028331429,0.812295
Cant1,0.012520768,0.51719946
C1qtnf1,-0.004148316,0.36128858
Gm11747,0.0,1.0
Engase,0.012678014,0.16258979
Rbfox3,-0.001198636,0.08261327
Cbx2,-0.0006698421,0.8671021
Cbx8,0.028018406,0.48095378
Cbx4,0.0828965,0.106999636
Gm26508,-0.0019058924,0.3504558
Tbc1d16,0.001385944,0.80583906
Gm26888,0.0,1.0
Ccdc40,0.08292123,0.07584477
Gaa,-0.1642811,0.24793275
Eif4a3,0.10326895,0.087524004
Card14,0.0049629575,0.0907247
Sgsh,0.0064850897,0.3597108
Slc26a11,0.00041449256,0.9691468
Rnf213,0.047502227,0.031508733
Endov,0.015750032,0.19036233
Nptx1,0.0012457591,0.723586
Rptor,0.023869455,0.4873912
Rptoros,-0.00012567625,0.86040604
Chmp6,-0.0057027936,0.64289373
Gm11767,1.1179596e-05,0.9986435
Gm11766,0.0,1.0
Baiap2,0.08467111,0.013660168
Aatk,0.047426324,0.3449304
Cep131,0.09714879,0.20825912
Enthd2,0.0043283263,0.49435467
1810043H04Rik,-0.006363511,0.92024225
Slc38a10,0.016340584,0.65550435
Gm11770,0.0007968014,0.7281686
Bahcc1,-0.00022498239,0.97862744
Gm11772,0.0058588525,0.317147
Actg1,0.39447212,0.14848183
0610009L18Rik,0.07521413,0.15076604
Fscn2,-0.020403512,0.20188706
Faap100,-0.0048688743,0.5506664
Nploc4,0.016411074,0.4811082
Tspan10,-0.005173338,0.19507022
Pde6g,-0.003922289,0.0052765547
Oxld1,0.046934552,0.17478693
Ccdc137,0.030299082,0.45203578
Arl16,-0.00197085,0.8594513
Hgs,0.05049114,0.07713243
Mrpl12,-0.07825422,0.2626374
Gm16755,0.0012844274,0.42264977
Slc25a10,0.01786542,0.62964416
Gm11789,0.0,1.0
Gcgr,0.0,1.0
Fam195b,0.08252978,0.1656067
Ppp1r27,0.0,1.0
P4hb,0.041570485,0.31745103
Arhgdia,0.15184599,0.08053233
Alyref,0.09786895,0.054732643
Anapc11,0.13269559,0.024211308
Npb,-0.017459227,0.3003356
Pcyt2,0.006341256,0.85921603
Sirt7,0.05335223,0.29196772
Mafg,0.14601299,0.113364816
Gm17586,0.0802948,0.21672328
Pycr1,0.0032769213,0.2536965
Myadml2,0.00058989855,0.7778676
Myadml2os,0.0,1.0
Notum,0.0073685125,0.007465305
Notumos,0.0011511247,0.42264965
Aspscr1,0.007961705,0.67314315
Stra13,-0.04269597,0.3044619
Lrrc45,0.032663397,0.3018482
Rac3,0.034589186,0.16938886
Dcxr,0.05780539,0.16279224
Cbr2,0.007220181,0.60027045
Hmga1-rs1,0.016194452,0.37463912
Rfng,-0.015690526,0.001417169
Gps1,-0.020532459,0.7284175
Dus1l,0.019827284,0.16228248
Fasn,0.04131718,0.2421432
Ccdc57,0.007047035,0.41459775
Slc16a3,0.05794306,0.69089025
Csnk1d,0.059948117,0.35245448
Gm28192,-0.002713085,0.18369941
Cd7,-0.0012234659,0.8008382
Ogfod3,-0.043363884,0.29616815
Hexdc,0.03196349,0.097369246
BC017643,0.03054294,0.39095938
Narf,0.0075272843,0.72990584
Foxk2,0.0021219924,0.8512168
Wdr45b,0.06592105,0.16616827
Rab40b,-0.016341953,0.011864053
Fn3krp,-0.034010846,0.14039245
Fn3k,0.0022086948,0.9690698
Tbcd,-0.018470954,0.50504786
Zfp750,0.005373847,0.25108093
B3gntl1,0.008780526,0.3285222
Metrnl,0.13003394,0.18767576
Gm12589,-0.002636114,0.23685336
2810429I04Rik,0.00014529191,0.98456585
Gdi2,0.0872736,0.10282972
Fam208b,0.028900253,0.1079011
Asb13,0.0106028505,0.30496836
Net1,0.0017474415,0.79164255
Akr1c14,-0.00047841723,0.201568
Akr1c13,0.0008572377,0.8330017
Akr1c19,-0.0004493002,0.42264977
Akr1c12,0.0,1.0
Akr1e1,-0.0069525167,0.7061125
1700016G22Rik,0.0,1.0
Klf6,0.25397518,0.19347301
Pitrm1,-0.011057347,0.5574389
Pfkp,-0.10131973,0.25358242
Gm9742,6.5297354e-05,0.9077884
Adarb2,0.0017531484,0.47638008
Wdr37,0.055615865,0.11220721
Idi1,-0.06766049,0.062140886
Idi2,0.0,1.0
Gtpbp4,0.07021646,0.18717036
Larp4b,0.032826766,0.6065436
Dip2c,-0.0012446754,0.90582377
Gm26601,0.0036374682,0.49726713
Zmynd11,0.04451035,0.44715783
Chrm3,0.011982329,0.22116108
Ryr2,0.024158563,0.18015203
Mtr,0.009434168,0.3155667
Actn2,0.0007974855,0.5041079
Heatr1,0.0010438487,0.8833311
Lgals8,0.07327512,0.1175379
Edaradd,-0.0009123821,0.4226497
Ero1lb,-0.0053875577,0.37602955
Gpr137b-ps,0.018531742,0.14781114
Gpr137b,0.050834935,0.23399462
Nid1,0.029186154,0.24251229
Lyst,0.03477916,0.48847923
Gng4,0.005940582,0.19985269
B3galnt2,0.04476106,0.16331907
Tbce,0.008144453,0.5628471
Ggps1,0.03398747,0.130247
Arid4b,0.07773237,0.12393711
Hecw1,0.00069396774,0.42264965
Mrpl32,-0.030827954,0.3672217
Psma2,0.033042967,0.63621736
AW209491,0.030876428,0.22044462
Gm26645,-0.0006854571,0.42264965
Gli3,0.018997245,0.34183413
Inhba,0.023538778,0.047470417
Sugct,-0.00030016853,0.94483757
Mplkip,0.0725589,0.092385195
Cdk13,0.051391356,0.217649
Rala,-0.0060554743,0.8517363
Yae1d1,0.00949043,0.7485129
Vdac3-ps1,5.2426127e-05,0.9633843
Pou6f2,0.0,1.0
Vps41,0.0061137825,0.83927274
Amph,0.002139303,0.62849313
Stard3nl,0.08065756,0.11158683
Epdr1,0.022259787,0.50464994
Sfrp4,0.017211823,0.15192398
Nme8,0.03098823,0.11586029
Gpr141,0.038004268,0.40531385
Elmo1,0.07198258,0.10330692
Aoah,0.00034014462,0.9711349
Trim27,0.06343851,0.14885874
Zscan12,0.0022086725,0.8745617
Zkscan3,0.013953745,0.47228947
Pgbd1,0.014469693,0.21630192
Zscan26,0.034199536,0.48304322
Nkapl,0.043622147,0.28129333
Zkscan4,0.0023930296,0.7530771
AK157302,-0.0007550735,0.9088407
Gm11273,0.0005356893,0.9031614
Zkscan8,0.007899284,0.7511179
Hist1h2bl,-0.0004929726,0.6422729
Hist1h2ai,-0.0021585242,0.2251711
Hist1h3h,-0.0002039477,0.4226497
Hist1h2bm,0.004772992,0.5096708
Hist1h4j,0.036449738,0.2325189
Hist1h4k,-0.0009170986,0.42627382
Hist1h2ak,-0.00014828006,0.92506963
Hist1h2bn,0.00015595031,0.91915923
Gm11274,0.00043351576,0.7753105
Hist1h1b,-0.012223126,0.07196946
Hist1h3i,-0.00042325992,0.8560197
Hist1h2an,-0.00075591536,0.42264965
Hist1h2bp,-0.0035748924,0.20917796
Hist1h2ao,-0.0002309999,0.8738289
Hist1h4m,0.0009332242,0.5909841
Hist1h4n,-0.0062064417,0.084813945
Hist1h2ap,0.020876653,0.4910665
Zfp184,5.2154064e-07,0.99989724
Prss16,0.0034311302,0.8602901
Hist1h2bk,-0.0036511358,0.08788659
Hist1h4i,0.0779582,0.42951798
Hist1h2ag,0.001077247,0.4758442
Hist1h2bj,-0.002652847,0.21303077
Zfp322a,0.024954535,0.057638526
Abt1,-0.014654674,0.27205583
C230035I16Rik,0.0043422915,0.74864507
Hist1h4h,0.091237724,0.6507187
Hist1h2af,0.00016943784,0.93586236
Hist1h3g,-0.0013811765,0.4226497
Hist1h2bh,-0.00036656554,0.4226497
Hist1h3f,0.0012549998,0.7173191
Hist1h4f,0.0011278798,0.637499
Hist1h1d,0.006600935,0.44800106
Hist1h3e,-0.0038646471,0.20696609
Hist1h2ae,-0.010611981,0.68681526
Hist1h2bg,-0.0025544676,0.2711813
Hist1h2bf,-0.0026613774,0.014836146
Hist1h2ad,-0.0027254452,0.039140746
Hist1h3d,-0.002331647,0.34923
Hist1h4d,0.005997818,0.7758883
Hist1h2be,0.035816774,0.42352098
Hist1h1e,0.000932768,0.95452917
Hist1h2ac,-0.0014381987,0.45906335
Hist1h2bc,-0.39882755,0.022862133
Hist1h1t,0.001278167,0.42264965
Hist1h4c,-0.008312406,0.028411567
Hfe,0.07941207,0.5655803
Hist1h1c,-0.19165713,0.029951062
Hist1h3c,0.0018092792,0.44022736
Hist1h2bb,0.0010605319,0.65993565
Hist1h2ab,-0.0021916612,0.3011996
Hist1h3b,0.0032862048,0.6624876
Hist1h4b,-0.003529874,0.1863461
Hist1h4a,0.0071479445,0.304132
Hist1h3a,-0.002472488,0.5799053
Hist1h1a,0.007734607,0.3867595
Lrrc16a,0.032282215,0.21546763
Cmah,0.00013329834,0.9955126
Gm11342,-0.00085995387,0.65081483
Fam65b,0.106148854,0.28325698
C530050E15Rik,0.014705788,0.3476543
1700016G14Rik,0.031364992,0.0632987
Gmnn,0.048253212,0.17632847
BC005537,0.14479,0.21620917
Acot13,0.03566605,0.6676705
Tdp2,0.021407433,0.18395856
D130043K22Rik,0.024294263,0.17965497
4932702P03Rik,-0.00046106474,0.4226497
Aldh5a1,-5.3279102e-05,0.99724734
Gpld1,-0.0023254454,0.8875673
Mrs2,-0.012291238,0.083864234
Dcdc2a,0.09779516,0.09978513
Nrsn1,0.02754705,0.050991267
Gm26735,0.008171681,0.60380477
Sox4,0.11587195,0.1472229
A330102I10Rik,-0.0014642687,0.34710836
Cdkal1,0.02167911,0.018206159
E2f3,0.014105987,0.25152662
Gm11368,0.0,1.0
Mboat1,0.0058292747,0.616099
Agtr1a,0.0,1.0
Uqcrfs1,-0.068360806,0.37972885
Dusp22,0.064363904,0.09576197
Irf4,-0.00055015483,0.9134036
Exoc2,0.018782802,0.16496664
Hus1b,-0.0036114834,0.2070157
Gm5447,0.0010539357,0.45892873
G630018N14Rik,0.0,1.0
Gm11375,0.0,1.0
A530084C06Rik,0.0,1.0
Foxq1,-0.0044588093,0.041987337
1700018A04Rik,0.0,1.0
Foxf2,0.0055945897,0.60960907
Foxc1,0.06016061,0.108888835
Gmds,0.057386063,0.0058863726
Mylk4,0.0,1.0
Wrnip1,0.019121401,0.2670142
Serpinb1a,0.23933537,0.13714679
Serpinb6b,0.09588973,0.09166836
Serpinb9,0.035472084,0.008321151
Serpinb1b,-0.11875847,0.1051154
Serpinb6c,0.0021997495,0.33465683
Serpinb6a,-0.040186763,0.6027199
1110046J04Rik,0.02040841,0.37798896
Nqo2,-0.0042424574,0.8561076
Ripk1,0.026962765,0.3456828
Bphl,0.10295719,0.34136274
Tubb2a,0.1760764,0.00558313
Tubb2b,0.07318187,0.14299093
Psmg4,0.052232176,0.38494724
Slc22a23,0.09613514,0.18834047
Pxdc1,0.018015623,0.2971516
Fam50b,-0.00038161874,0.70501876
Prpf4b,0.11033979,0.23207028
Fam217a,0.0025524094,0.4708365
Eci3,-0.008408938,0.71595
Gm16984,0.014892591,0.19191849
Eci2,0.014770567,0.5418001
Cdyl,-0.0067183226,0.74803025
Rpp40,0.012925893,0.6456472
Ppp1r3g,-0.016803818,0.25579876
Lyrm4,0.024578452,0.5681085
Fars2,-0.11164141,0.1336122
Nrn1,-0.22245723,0.08501203
F13a1,0.0039956793,0.9408312
Ly86,0.08668929,0.12756309
Gm4035,0.0,1.0
Rreb1,0.048679516,0.21278994
Ssr1,-0.061500967,0.2510409
Cage1,0.0018398361,0.6640886
Riok1,0.026198592,0.12259285
Dsp,-0.02669226,0.060828887
Snrnp48,0.043278135,0.24050322
Bmp6,-0.016527368,0.01288687
Txndc5,0.068993285,0.3658942
Bloc1s5,0.014370117,0.46855715
Eef1e1,0.010492697,0.55052835
Slc35b3,-0.0030728728,0.8717668
Gm26514,0.0017015159,0.5475854
5033403F01Rik,0.003411071,0.30345917
Tfap2a,-0.001696493,0.49435404
Gcnt2,0.16855545,0.1669099
Pak1ip1,0.03256443,0.08466387
Tmem14c,-0.056981027,0.5622133
Mak,0.024494268,0.28724736
Gcm2,0.0,1.0
Sycp2l,0.0,1.0
Elovl2,-0.0017550407,0.1989817
Smim13,0.022338156,0.039909124
Nedd9,0.06859827,0.20975181
Gm26877,0.017501831,0.23396513
Tmem170b,0.027072549,0.31485298
Adtrp,-0.0023827774,0.31860566
1700061E18Rik,8.6220476e-05,0.8756448
Gm28707,0.0016958283,0.3986799
Hivep1,0.012882903,0.6621953
Edn1,0.0018081218,0.5597007
Phactr1,0.032296248,0.016597465
Tbc1d7,-0.017426614,0.36615
Gfod1,-0.0041231913,0.18696728
Sirt5,0.022374384,0.030644838
Nol7,0.040935636,0.57417125
Ranbp9,0.013113409,0.61532295
Mcur1,0.04951942,0.101257496
Rnf182,0.0009823889,0.9683178
Cd83,0.106013164,0.22297964
Gm5083,0.0,1.0
Jarid2,0.06443076,0.15184672
Dtnbp1,-0.033725053,0.22584285
Gm9817,0.0,1.0
Mylip,0.11330354,0.20511623
Gmpr,0.01330407,0.7547548
Atxn1,0.10896042,0.12797195
5033430I15Rik,-0.00039472058,0.89882845
Stmnd1,0.1928443,0.06463281
Rbm24,0.08916345,0.16915002
Cap2,0.02260093,0.16019845
Fam8a1,0.015095651,0.42089003
Nup153,0.008171856,0.75254405
Kif13a,0.006853562,0.76618046
Nhlrc1,0.015527427,0.059483286
Tpmt,0.0064110886,0.63465303
Kdm1b,-0.014284114,0.120975316
Dek,0.11473903,0.12486752
Rnf144b,0.010989571,0.10727896
4931429P17Rik,-3.291486e-05,0.9671592
A330033J07Rik,0.005970183,0.41086504
Id4,0.11842483,0.19528203
A330048O09Rik,-0.06975025,0.17648399
Zfp169,0.00010736333,0.98279303
A830005F24Rik,-0.0004830604,0.4226497
6720427I07Rik,0.036036693,0.24211936
Ptpdc1,0.025283331,0.2516431
Phf2,0.050043378,0.026806118
Phf2os1,0.01537024,0.38613334
Fam120a,0.11134867,0.29024017
Fam120aos,0.028052341,0.34723648
Wnk2,0.04797563,0.27531052
Ninj1,-0.11641988,0.1611136
Card19,0.03275332,0.61365694
Susd3,0.05825212,0.406186
Fgd3,0.034327045,0.31673646
Bicd2,0.019967392,0.48123947
Ippk,-0.020086726,0.115905955
Cenpp,0.008532648,0.064604804
Ecm2,0.012116801,0.62059885
Aspn,0.0,1.0
Omd,0.0021543098,0.71585196
Ogn,-0.04743907,0.21668853
Nol8,0.018438432,0.37062123
Iars,-0.020123556,0.18698277
Fbxw17,0.015002886,0.25551817
Gm904,0.0,1.0
Spin1,-0.033516005,0.2719588
Nxnl2,-0.0057629137,0.14406614
Hist1h2al,-0.0029452564,0.4437807
S1pr3,0.06745097,0.016921762
Shc3,0.0,1.0
Cks2,0.16570596,0.15801893
Secisbp2,0.050554566,0.30307603
Gm15440,0.0055788374,0.38417062
Sema4d,0.08965535,0.18285778
Gadd45g,-0.009705126,0.85994315
Diras2,0.0036773083,0.48699445
Syk,0.06730394,0.30758217
Auh,-0.095675796,0.069698
Nfil3,0.052316993,0.5222823
Ror2,0.00019225338,0.90145415
Sptlc1,0.01734586,0.53040534
Gm2762,0.008377457,0.2559899
Msx2,-0.0050096074,0.48345196
Drd1,0.0,1.0
Sfxn1,0.10112217,0.18605316
Hrh2,0.00087867456,0.769433
Gm16578,-0.0007253064,0.22155537
Cplx2,0.058227956,0.17612503
Thoc3,-0.031226099,0.2163156
Simc1,0.010310919,0.22256039
4833439L19Rik,0.03211403,0.3193996
Arl10,0.010795091,0.39324433
Nop16,0.04217989,0.052493438
Higd2a,-0.18388838,0.009451643
Cltb,-0.032857656,0.60062796
Faf2,-2.1472573e-05,0.99925697
Rnf44,0.0049363524,0.8749572
Cdhr2,0.0,1.0
Gprin1,0.0,1.0
Sncb,0.00042908255,0.8808595
Tspan17,0.010721736,0.8677775
Gm29431,4.312623e-05,0.95370287
5330429C05Rik,0.0,1.0
Unc5a,-0.0039025096,0.42264965
Hk3,0.001462657,0.9725385
Uimc1,-0.0053948164,0.75071657
Zfp346,-0.0020031855,0.520353
Fgfr4,0.0,1.0
Nsd1,0.100288585,0.09470384
Rab24,0.011669278,0.7922225
Prelid1,-0.06860492,0.49898234
Mxd3,-0.006178297,0.14072551
Lman2,0.028219938,0.4066786
Rgs14,0.019566016,0.1957914
F12,0.0,1.0
Grk6,0.047084913,0.4030101
Prr7,0.034661762,0.29927397
Dbn1,0.026130386,0.36544624
Pdlim7,-0.0014448687,0.97955906
Dok3,0.06008082,0.35292608
Ddx41,0.03757824,0.2971252
Fam193b,0.031077733,0.10524562
Tmed9,0.06725383,0.53592145
B4galt7,0.012913905,0.45591733
Caml,0.043934986,0.28067854
Ddx46,0.04065667,0.349857
B230219D22Rik,0.034185708,0.6709729
Txndc15,-0.11352429,0.14198986
Pcbd2,-0.07745525,0.2790288
Catsper3,-0.00033207503,0.4226497
H2afy,0.15653342,0.19846992
Tifab,0.05499213,0.025203628
Neurog1,0.0,1.0
Cxcl14,0.08652737,0.14155506
Slc25a48,0.0039145127,0.42264977
Fbxl21,-0.0012249704,0.54988635
Tgfbi,0.1148262,0.46428385
Smad5,0.07909949,0.17078112
Trpc7,0.041278407,0.2479065
Spock1,0.027923934,0.37765184
Klhl3,-0.00040797493,0.88917047
Hnrnpa0,0.26753658,0.17240995
1700066J03Rik,-0.00038539246,0.4226497
Idnk,-0.008644089,0.5744496
Ubqln1,0.026178509,0.11874677
Gkap1,0.10355544,0.12326139
Gm26555,0.0043837945,0.4305085
Kif27,0.036098875,0.2476295
2210016F16Rik,0.024504319,0.448316
Hnrnpk,0.13299692,0.1609211
Rmi1,-0.011191014,0.60089195
Slc28a3,-0.024925586,0.07772369
Ntrk2,-0.076198936,0.5330058
Agtpbp1,-0.011552922,0.42015928
Naa35,0.06750868,0.027009813
Golm1,0.035870872,0.25894585
4930528D03Rik,0.0,1.0
1700014D04Rik,0.0,1.0
Isca1,-0.11360511,0.06145479
Zcchc6,0.057072043,0.39585653
Gas1,0.09356332,0.0038255306
Dapk1,0.011851326,0.4758236
4930486L24Rik,-0.0003955425,0.42264977
Ctla2b,-0.0023353072,0.83360326
Ctla2a,0.0013965275,0.79197985
Zfp808,0.0009993111,0.76035476
Gm3604,0.004360204,0.2677782
Zfp935,-0.0049032494,0.3162794
Zfp934,0.0043695923,0.28125694
6720489N17Rik,0.012562247,0.26069975
Platr25,-0.0014592721,0.27343708
Gm5141,-0.0044415942,0.21417771
Fbp1,-0.00016399303,0.42264965
2010111I01Rik,0.010063939,0.73859626
Gm16907,0.0,1.0
Fancc,0.016335594,0.28969344
Gm16133,-0.003583692,0.13520204
Ptch1,0.019361041,0.33587632
Ercc6l2,0.04339574,0.2883054
Slc35d2,0.002846934,0.83055234
Zfp367,0.0068279617,0.8187526
Habp4,0.016126178,0.45723647
Cdc14b,-0.024528868,0.19572236
1810034E14Rik,0.00031297677,0.8976713
Aaed1,-0.0035018623,0.7094908
Ctsl,-0.40550125,0.053981997
Cdk20,0.0021908097,0.8825279
Hiatl1,0.04362157,0.4425582
Gm10775,0.0013446702,0.42264977
Zfp369,0.0047800727,0.4815314
Uqcrb,-0.5406662,0.042347733
Gm10767,0.010628661,0.07663475
Mterf3,-0.021975487,0.57680315
Ptdss1,0.016700849,0.2908454
Zfp712,-0.004678924,0.21208619
Zfp708,0.0017219633,0.4226497
Gm28557,0.0026114634,0.52828705
Rslcan18,-0.00031851296,0.82663614
Zfp759,0.0021566912,0.6783432
Rsl1,0.004066417,0.0035549635
Zfp455,0.0062923366,0.56075186
Zfp458,0.01293251,0.1130309
Zfp457,0.000764471,0.8532384
Zfp595,0.013278084,0.09149781
Gm28044,-0.00016604335,0.4226497
Zfp953,-0.006390765,0.23935145
Gm28041,0.0039389264,0.3686414
Gm17039,-0.00142304,0.197194
Zfp456,-0.008011517,0.28021455
Zfp429,0.0016327342,0.77468
Zfp459,-0.0017814089,0.349381
Zfp874a,-0.012450265,0.015628817
Zfp874b,0.021623084,0.16901787
Zfp58,0.019384988,0.18564159
Zfp87,0.0024133995,0.89222705
Zfp748,0.020875085,0.51386523
9430065F17Rik,-0.00037378725,0.9713471
Zfp729b,0.026589973,0.11639008
Gm37276,-0.0026890007,0.12450377
Zfp729a,-0.004091586,0.49641293
Zfp738,0.008840222,0.41292143
Zfp65,0.01263999,0.29565266
Zfp85os,0.0027977647,0.2835682
Zfp85,0.0075837364,0.17894164
Zfp493,0.0062134904,0.4337395
4930525G20Rik,0.00087173376,0.8769839
Zfp273,0.0021366235,0.5944308
Gm10037,0.0,1.0
Mtrr,0.016581487,0.14195867
Fastkd3,-0.004327297,0.67828065
1700001L19Rik,0.19952445,0.1658035
Adcy2,-0.006600407,0.24908318
Papd7,0.010646574,0.560358
Nsun2,-0.022477165,0.26758927
A530095I07Rik,-0.00046774794,0.42264977
Srd5a1,0.0019389093,0.9072086
Ube2ql1,0.0007548671,0.69547844
Med10,0.014715001,0.6253388
Gm26819,-0.00028985107,0.42264977
Ice1,0.00786972,0.51412356
Adamts16,0.00074670697,0.82387197
8030423J24Rik,0.0008246718,0.5939429
Irx1,-0.0029590533,0.0130689815
Irx2,-0.0023746234,0.14395922
Gm10263,-0.0008301651,0.8537906
Ndufs6,-0.22019207,0.124518014
Mrpl36,-0.02203703,0.5866984
Lpcat1,0.032799248,0.010780632
Slc6a3,0.0,1.0
Clptm1l,-0.046226844,0.43495113
Slc6a19,0.054061398,0.088322036
Slc12a7,-0.007638246,0.5158321
Nkd2,0.005363308,0.687989
Trip13,0.001143665,0.90920603
Brd9,0.05364561,0.15820217
Gm15912,0.023001213,0.06442465
Tppp,0.09043521,0.04765014
Cep72,0.005118515,0.5271279
Exoc3,-0.044016257,0.24213228
Ahrr,0.0018205064,0.4226497
Pdcd6,-0.0074610114,0.89359814
Sdha,0.06977749,0.38060528
Ccdc127,0.04572293,0.2061874
Lrrc14b,-0.0038991629,0.23033756
Zfp72,0.0038261171,0.33928433
Gm10116,-7.2455034e-05,0.98965937
Zfp825,-0.00682142,0.57708865
Erap1,0.0039008744,0.74614125
Cast,0.0029816702,0.9121836
Pcsk1,0.0,1.0
Ell2,0.010337595,0.7035654
Glrx,0.07122068,0.5722249
Rhobtb3,0.040191535,0.19699754
Spata9,-0.00027783148,0.42264977
Rfesd,0.041014258,0.16489021
Gpr150,-0.0021213177,0.49287567
Arsk,0.034396928,0.32272723
Ttc37,-0.013093095,0.0853519
Fam81b,0.03313379,0.5747572
Mctp1,0.03258667,0.2854536
Slf1,0.07905409,0.22895044
2210408I21Rik,0.032727864,0.18059543
Fam172a,0.060742907,0.04501433
Pou5f2,0.0114477975,0.4130443
Nr2f1,0.19942695,0.033851225
A830082K12Rik,0.028716996,0.17035547
Arrdc3,0.049846508,0.27931005
Gm4211,-0.0033967765,0.43596587
9330111N05Rik,0.0041776956,0.22255355
Adgrv1,0.028301314,0.42249778
Lysmd3,0.004462391,0.7362689
Polr3g,0.0018628137,0.6942207
Mblac2,0.04125619,0.04429182
Gm17259,0.020747375,0.22986731
Cetn3,0.15933043,0.26330987
Mef2c,0.13624907,0.095179066
C130071C03Rik,0.0471819,0.023738045
Gm26803,0.003396281,0.4226497
2810049E08Rik,-0.001818856,0.54987806
Gm17750,0.051667854,0.27210155
A230107N01Rik,0.0024017761,0.6789195
Tmem161b,-8.5800886e-05,0.9927224
Ccnh,0.0019572377,0.8910423
Rasa1,-0.0010751113,0.9528628
Cox7c,-0.4814607,0.11605495
Edil3,0.039474614,0.05253321
Hapln1,-0.0010141869,0.42264965
Vcan,-0.014878333,0.6383076
Xrcc4,0.045592435,0.061625846
Tmem167,0.054858834,0.3988349
Atp6ap1l,-0.005960652,0.18808542
Rps23,0.22380042,0.07771439
Atg10,0.03370505,0.037114322
A830009L08Rik,-0.000748063,0.8941655
Ssbp2,0.0685281,0.13586916
4833422C13Rik,-0.00047705264,0.75766504
Acot12,0.0,1.0
Zcchc9,0.037905186,0.37127486
Ckmt2,0.0,1.0
Rasgrf2,0.0005899691,0.8833939
Msh3,0.01628954,0.32809237
Gm20379,0.0,1.0
Dhfr,0.029781524,0.16511779
C030017D09Rik,0.0007347159,0.42264965
Ankrd34b,0.0,1.0
Fam151b,0.04397295,0.04497922
Zfyve16,-0.035442166,0.38015544
Serinc5,0.034998808,0.3951493
Thbs4,-0.00023223908,0.8170459
Mtx3,0.008679464,0.576451
Cmya5,-0.0022055095,0.004169154
Papd4,0.004254069,0.84841883
Homer1,-0.018301405,0.36384016
Jmy,0.0064406916,0.78865975
Bhmt,-0.06764987,0.084972374
Bhmt2,-0.0072592515,0.6177333
Dmgdh,0.0021326449,0.85114145
AW495222,-0.028017139,0.11365809
Arsb,-0.05337161,0.35026217
Gm26527,-0.00053189415,0.4226497
Lhfpl2,0.053503472,0.26293314
Gm15907,0.0,1.0
Scamp1,-0.041068733,0.09009499
Gm9776,0.013689673,0.19573495
Ap3b1,0.098106936,0.03989773
Tbca,-0.0010890961,0.9886932
Wdr41,0.012237202,0.59041667
Pde8b,0.015040791,0.23900937
Zbed3,0.020700201,0.047538713
Aggf1,0.05130388,0.22549547
Crhbp,0.0,1.0
F2rl1,0.0,1.0
F2r,0.0055313054,0.5900667
Iqgap2,0.03391725,0.30127826
F2rl2,-0.0002496615,0.95179164
Sv2c,0.0034463226,0.54214686
Gm29543,0.0,1.0
Poc5,0.041952822,0.0684502
Ankdd1b,0.0,1.0
Polk,0.03385829,0.32408574
Col4a3bp,0.0044302642,0.88183415
Hmgcr,0.032971032,0.40402046
Gcnt4,0.0073043914,0.4226497
Fam169a,-0.0049546245,0.24708594
Gm6169,-0.0014944434,0.42264965
Nsa2,0.12575847,0.03953905
Gfm2,0.02865063,0.3117028
Hexb,0.29602975,0.05385617
Enc1,0.052486405,0.07867546
Lncenc1,0.0,1.0
5330416C01Rik,0.0,1.0
Gm26619,0.0,1.0
Gm10260,0.0,1.0
Arhgef28,-0.003168445,0.7020523
Utp15,0.026751544,0.16077754
Ankra2,0.037496254,0.20608026
Btf3,0.12956417,0.30882093
Gm9828,0.020164717,0.39497733
Foxd1,0.038865104,0.18675835
Gm10320,0.0,1.0
Tmem171,-0.00086104305,0.42264965
Fcho2,0.0260721,0.5730091
Tnpo1,0.03781286,0.568652
Gm807,0.0012294769,0.6079609
Zfp366,0.0,1.0
Ptcd2,0.0027654618,0.92530096
Mrps27,0.01587468,0.620978
6430562O15Rik,-0.0020483169,0.2048203
Map1b,0.044018537,0.4174479
Gm26559,0.002089641,0.5748759
Cartpt,0.0,1.0
Mccc2,0.030237086,0.27030993
Bdp1,0.04483278,0.07996937
BC001981,-0.0003960201,0.42264965
Serf1,0.050180458,0.17051832
Smn1,0.082791924,0.043310378
Naip2,0.03639528,0.19839056
Naip5,0.022085264,0.17287041
Naip6,0.026170246,0.3044643
Naip1,0.0053098775,0.47022882
Gtf2h2,0.010098629,0.52314484
Ocln,-0.0117081255,0.81857884
Marveld2,-0.008455881,0.12065842
Rad17,-0.012871906,0.37650034
Ak6,-0.047832213,0.13512072
Taf9,-0.003090568,0.19930123
Ccdc125,-0.0013992079,0.8303877
Cdk7,-0.007587239,0.6554672
Mrps36,-0.10909784,0.09502368
Cenph,0.010839716,0.2871765
Ccnb1,0.0049050245,0.7801621
Slc30a5,-0.02332858,0.15978731
Gm29502,0.0004706003,0.42264965
Pik3r1,0.02489464,0.5745187
Cd180,0.08234954,0.2722136
Mast4,0.07832043,0.15412866
1700099I09Rik,0.002466769,0.4226497
Gm17160,0.0,1.0
Srek1,0.11615517,0.105287425
Erbb2ip,0.014763057,0.48816252
Nln,0.03833382,0.19764568
Sgtb,0.004162501,0.4626112
Trappc13,-0.009819105,0.7716878
Trim23,0.008302242,0.64145714
Ppwd1,0.021877006,0.54827064
Cenpk,-0.010467461,0.34157816
Adamts6,0.0011972724,0.8552156
Cwc27,0.020223688,0.3819685
2610204G07Rik,0.0016395205,0.58057183
Srek1ip1,0.051236868,0.37722245
Fam159b,0.0,1.0
Rgs7bp,0.007723403,0.17666192
Rnf180,0.000420833,0.90887266
Htr1a,0.0,1.0
Gm28989,-0.00033378243,0.4226497
Ipo11,0.13580966,0.09515668
Gm28988,0.0,1.0
Dimt1,0.043372434,0.18215458
Kif2a,0.18920483,0.09041114
3830408C21Rik,0.0049970513,0.21438809
Apoo-ps,6.762892e-05,0.9759029
Zswim6,0.028098203,0.25304422
Smim15,0.03871332,0.22537248
Ndufaf2,0.014309555,0.7456895
Ercc8,0.014404289,0.2774098
Elovl7,-0.275562,0.07350626
Depdc1b,-0.0030477555,0.5060207
Pde4d,0.019805875,0.43006486
Rab3c,0.0018814255,0.55793875
Gapt,0.0049191387,0.71585685
Plk2,-0.006970875,0.69141114
Actbl2,0.0,1.0
Gpbp1,0.052262247,0.36263624
Mier3,0.008437425,0.5706814
Map3k1,0.09025625,0.2590558
Gm15326,0.0,1.0
Ankrd55,0.0043558646,0.47575697
Il6st,0.11513263,0.18267104
Il31ra,0.0031008467,0.4226497
Ddx4,-0.001110687,0.42264965
Slc38a9,0.041625068,0.23986855
Plpp1,-0.028118014,0.6327403
Skiv2l2,0.014717154,0.23264849
Dhx29,0.034953855,0.30513206
Ccno,0.013707072,0.38527796
Gm10735,0.0023004403,0.22976911
Gpx8,-0.21672887,0.10446442
Gzma,-0.006079042,0.22722389
Gzmk,0.0,1.0
Esm1,-0.00033560334,0.42264965
BC067074,-0.012794163,0.60287577
Snx18,0.11605117,0.18362305
Hspb3,0.0039508333,0.47610298
Arl15,-0.004876482,0.35400608
Ndufs4,-0.1852048,0.16014855
Fst,0.0065214024,0.059347134
Mocs2,-0.0498209,0.093929335
Itga2,-0.0013860377,0.43072015
Itga1,-0.0060390336,0.13044222
Pelo,-0.01813269,0.30052605
Parp8,0.0087137,0.64970803
Gm17509,-0.0006459446,0.42771795
Emb,-0.4440604,0.0007501245
Hcn1,-0.0006523792,0.4226497
Mrps30,0.023039892,0.5314198
B430218F22Rik,0.0004295089,0.506895
Fgf10,0.0,1.0
Nnt,0.011426285,0.6327836
Paip1,-0.01181528,0.7123394
4833420G17Rik,0.05404053,0.14052716
3110070M22Rik,0.0051298453,0.51066315
Gm7120,-0.0003709673,0.72502553
Gm21967,0.118098706,0.09467368
Ccl28,-0.0006029827,0.39936817
Hmgcs1,-0.19721909,0.0772929
Nim1k,-0.018996172,0.38482445
Zfp131,0.02682899,0.54074717
BC147527,0.010705127,0.24668066
Rab10os,-0.0014630258,0.9095952
Rab10,0.07580748,0.18880302
Gm26520,-0.002074236,0.029824821
Kif3c,0.019204598,0.22430946
1110002L01Rik,0.01685712,0.03618983
Asxl2,0.07468139,0.06681464
Dtnb,-0.014788993,0.30170137
Dtnbos,0.0,1.0
Dnmt3a,0.057709433,0.050553672
Dnmt3aos,-0.00058733666,0.42264965
Pomc,0.023242826,0.24765784
Efr3b,0.022382097,0.042560875
Dnajc27,0.011115793,0.58994395
Adcy3,0.00888084,0.48876333
Cenpo,0.01406364,0.33978176
Ptrhd1,-0.00010228157,0.9965588
Ncoa1,0.05621104,0.1563807
Itsn2,0.03903348,0.23408376
Gm17541,0.00051447767,0.42264965
Fam228a,0.0011576329,0.4226497
Fam228b,0.029247537,0.18127647
Pfn4,0.008961151,0.09703086
Sf3b6,0.05291021,0.38613498
Fkbp1b,0.019220801,0.1693183
BC068281,0.01115584,0.20441444
Mfsd2b,0.0007381011,0.7402308
Ubxn2a,-0.08411895,0.084616765
Atad2b,0.022878394,0.11041651
Klhl29,0.0020124447,0.6496746
2810032G03Rik,-0.0016430023,0.75324255
Apob,0.0,1.0
Ldah,-0.014453694,0.46489125
Hs1bp3,0.023760652,0.043546278
Rhob,0.4504018,0.0018719152
Slc7a15,0.0,1.0
Pum2,0.18768695,0.122349754
Gm4755,0.0018205064,0.4226497
Sdc1,0.004088605,0.7852145
Laptm4a,0.0062299967,0.9721309
Wdr35,0.062534094,0.39895147
Ttc32,-0.037985556,0.057823766
Osr1,0.039336532,0.027810998
Rdh14,-0.035165936,0.2624399
Pgk1-rs7,-0.0030660527,0.051707834
Kcns3,0.0039652796,0.42264977
Gen1,-0.0003895406,0.5438057
Smc6,0.094760835,0.3349469
Vsnl1,0.006233823,0.47454217
Rad51ap2,0.0013446702,0.42264977
Fam49a,0.13539284,0.12797125
Rpl36-ps3,-0.003312805,0.3153945
Mycn,-0.00018974172,0.4226497
Ddx1,0.03066367,0.08248761
Nbas,-0.0014716052,0.9025807
Fam84a,0.004495011,0.49705368
Trib2,0.018153872,0.05820756
Gm5432,0.007408371,0.27503893
Lpin1,0.11466394,0.16538367
Ntsr2,0.0560779,0.18311848
Greb1,0.016699407,0.05732823
E2f6,0.01516106,0.35207403
Rock2,0.10528064,0.12463829
Pqlc3,-0.016468711,0.41809857
2410004P03Rik,0.15727872,0.08378625
Kcnf1,-0.0005144053,0.4226497
Pdia6,-0.24589795,0.11430847
Atp6v1c2,0.0069094812,0.024374604
Nol10,0.014219834,0.06194909
Odc1,0.012214959,0.91087025
Hpcal1,-0.0061102062,0.8593544
B430203G13Rik,0.0024280753,0.4226497
5730507C01Rik,0.001666227,0.5077912
Gm5784,0.0019769827,0.4226497
Gm10479,0.0,1.0
Asap2,0.023864929,0.31514195
Itgb1bp1,-0.029811129,0.35351813
Cpsf3,0.071404785,0.197029
Iah1,-0.029062241,0.49449503
Adam17,-0.01174058,0.8021151
Ywhaq,0.0551942,0.51524484
Gm4419,0.009760927,0.22428557
2410018L13Rik,0.0029344964,0.60732156
Gm10330,-0.002510023,0.34160393
9030624G23Rik,-0.0012045832,0.42264977
Gm16372,-0.00036095027,0.42264977
Taf1b,0.03656495,0.30493948
Grhl1,0.003994523,0.21503809
Klf11,0.08145444,0.13859792
Cys1,0.002601456,0.8099653
Rrm2,0.026115816,0.056253318
Mboat2,0.005636275,0.778831
Kidins220,0.043916613,0.37170768
Id2,0.0037727952,0.96452874
Rnf144a,0.023433477,0.6659969
Rsad2,0.0639856,0.09108369
Cmpk2,0.04256062,0.098145194
Gm9866,0.0,1.0
Sox11,0.012559082,0.43272188
Dcdc2c,0.0017074153,0.27813554
Colec11,0.00079206226,0.3531899
Rps7,0.12288308,0.20437083
Rnaseh1,-0.005957678,0.45515066
Adi1,0.006343499,0.73334616
Trappc12,0.011822641,0.69566685
Tssc1,0.009815369,0.6764146
Myt1l,0.0,1.0
Pxdn,0.011351209,0.29599395
Tpo,0.009093824,0.3891251
Sntg2,0.012083182,0.12388668
Tmem18,0.036446463,0.18105488
Acp1,0.015628725,0.7939889
Sh3yl1,-0.00067027006,0.8968267
Lamb1,-0.015829004,0.6734221
Dld,0.0009737015,0.9750166
Slc26a3,0.03690633,0.05583262
Cbll1,0.029509515,0.07256445
Gm29542,0.0,1.0
Slc26a4,0.0,1.0
Bcap29,0.019834533,0.572126
Dus4l,0.0053343205,0.48629624
Cog5,0.008124847,0.087481655
Gpr22,0.0,1.0
Hbp1,0.052886993,0.39296445
Prkar2b,0.020485252,0.55214375
Pik3cg,-0.004193768,0.827811
Ccdc71l,0.09504019,0.098842986
Nampt,0.098570585,0.04916873
Gdap10,0.027407514,0.16878943
4933406C10Rik,0.069705814,0.1804804
Sypl,-0.008943915,0.8696088
Cdhr3,0.14851987,0.16466428
Gm16267,0.0,1.0
Atxn7l1,0.10625378,0.06663466
Atxn7l1os1,0.0020137907,0.42264977
Efcab10,0.06415835,0.58481485
Twistnb,0.027401939,0.13531479
Twist1,0.032573435,0.124789834
Gm18025,0.0007841624,0.42264965
Hdac9,0.0065434678,0.0375535
4921508M14Rik,0.0,1.0
Prps1l1,-0.0014489405,0.4226497
Snx13,0.03865055,0.05240181
Ahr,-0.007698415,0.69109106
Tspan13,0.12913811,0.22338541
Bzw2,0.06771982,0.0009499632
Ankmy2,0.011454657,0.25836235
Lrrc72,0.0,1.0
Sostdc1,-0.8056232,0.118368454
D630036H23Rik,-0.0043191686,0.7509907
Ispd,0.006295748,0.7679736
Agmo,0.061447263,0.02397417
Dgkb,0.0,1.0
Etv1,0.0340817,0.07763866
Arl4a,-0.08591956,0.27139208
Arl4aos,0.0017143983,0.48262602
Scin,0.0034242356,0.6742382
Lsmem1,0.0,1.0
Gm17056,-0.007127841,0.5611627
Ifrd1,0.10062176,0.2072978
Gm17024,0.0018515395,0.20161712
Gm7008,0.0077833994,0.21356872
Zfp277,0.046593256,0.03925795
Dock4,0.001205774,0.25275797
Immp2l,0.001362294,0.94635296
Lrrn3,0.006148595,0.14981872
Dnajb9,-0.08819415,0.057382677
Pnpla8,-0.03594576,0.4884951
Nrcam,0.009261558,0.31799802
Stxbp6,-0.042138938,0.09654481
Nova1,0.0324331,0.29212227
Gm1818,-0.00040534802,0.4226497
Foxg1,0.031222608,0.20174265
3110039M20Rik,-0.0004329752,0.42264965
3110039M20Rik-1,0.007993766,0.2732059
Gm9804,0.001262516,0.4226497
Prkd1,0.0058916043,0.28202283
G2e3,0.006245237,0.32800168
Scfd1,0.0019270033,0.89736426
Coch,0.015914047,0.08544283
Strn3,0.032234788,0.45172116
Ap4s1,0.009273887,0.82901055
Hectd1,0.13060626,0.17163788
Heatr5a,0.03873576,0.2998791
Gm26517,0.0,1.0
Dtd2,0.0325203,0.33683604
Nubpl,0.047121182,0.22214971
Arhgap5,0.24008706,0.10690013
1700031P21Rik,0.0,1.0
Akap6,0.038902145,0.29567695
Npas3,0.11265027,0.093690045
Egln3,0.014064496,0.42752424
Sptssa,0.13007432,0.14745626
Eapp,0.046892136,0.19178942
Snx6,-0.06561817,0.20481598
Cfl2,-0.116640955,0.10876935
Baz1a,0.08351315,0.27602208
2700097O09Rik,-0.01761612,0.013701594
Fam177a,0.050091416,0.20678109
Srp54b,-0.0506036,0.35373053
1700047I17Rik2,0.008835521,0.17672326
Ppp2r3c,-0.040409952,0.19384283
1110008L16Rik,0.0009174198,0.96264625
Psma6,0.091914654,0.42140284
Nfkbia,0.26996893,0.18925622
Insm2,0.0,1.0
Ralgapa1,-0.043755963,0.021887105
Brms1l,0.019341432,0.22865002
Mbip,0.00439322,0.843091
Nkx2-1,0.007901317,0.4662974
Nkx2-9,-0.0010577815,0.19951276
Slc25a21,0.03144753,0.22680578
Prps1l3,0.0014018659,0.89207363
Mipol1,0.02316083,0.13533717
Foxa1,-0.0014853114,0.27833802
4921506M07Rik,-0.00021392066,0.85763574
Sstr1,0.0,1.0
Clec14a,-0.00051000685,0.42264965
Gm17529,-0.0018539764,0.4226497
Sec23a,-0.05332628,0.3381482
Gemin2,0.025332067,0.36541358
Trappc6b,-0.09304547,0.15556674
Pnn,0.098977014,0.11412019
Gm5786,0.0011956537,0.4226497
Ctage5,-0.0018716753,0.9823219
Fbxo33,-0.044566467,0.33927533
Lrfn5,-0.0013846564,0.4226497
Gm527,0.006720942,0.4471059
Klhl28,0.009657849,0.12224468
Fam179b,0.000832662,0.98334855
Prpf39,0.028639313,0.25181073
Fkbp3,0.08518636,0.22150022
Fancm,-0.004717013,0.66196847
Mis18bp1,0.0029884046,0.5184879
Wdr20rt,0.00021170714,0.8910969
Mdga2,0.010388466,0.41668874
Rps29,0.15879226,0.45810345
Lrr1,0.002862122,0.24232647
Rpl36al,-0.16822588,0.26151377
Mgat2,-0.03788358,0.21904504
Dnaaf2,0.03707947,0.18615052
9330151L19Rik,-0.0062387325,0.44822875
Pole2,0.007515272,0.22609559
Klhdc1,-0.013250548,0.43598476
Klhdc2,-0.026627168,0.4799946
Nemf,0.05386603,0.12443806
Gm9887,0.0,1.0
Arf6,0.10343456,0.26300547
Vcpkmt,0.026451854,0.019700767
Sos2,0.008920267,0.80227536
L2hgdh,-0.026622143,0.08105234
Atp5s,-0.021559726,0.0580346
Cdkl1,0.039159648,0.20665908
4930512B01Rik,0.0021078375,0.4226497
Map4k5,0.046953812,0.26958564
4931403G20Rik,0.0026781468,0.42264977
Atl1,0.0065010907,0.4963982
Gm3086,0.0,1.0
Sav1,0.028683707,0.29953274
Nin,0.2649322,0.15412654
Pygl,0.07123038,0.63162416
F730035M05Rik,0.0014730484,0.44201353
Trim9,-0.0019162558,0.93138665
Tmx1,-0.05858895,0.342804
Frmd6,0.044260725,0.07821979
Actr10,-0.13881204,0.011590546
Psma3,0.06795442,0.5177665
3110056K07Rik,0.038753066,0.3443091
Arid4a,0.13104488,0.10606335
Tomm20l,-0.0066530122,0.10284337
Timm9,0.010565683,0.64647293
2700049A03Rik,0.047879174,0.055078883
Dact1,-0.013691517,0.41591337
Daam1,-0.012523532,0.63903815
Gpr135,0.005407845,0.34991035
L3hypdh,-0.001415981,0.5865854
Jkamp,-0.06825742,0.20186907
Rtn1,-0.027757317,0.48677158
Lrrc9,0.06498058,0.111509845
Pcnxl4,0.048257366,0.35254037
RP23-300E17.1,0.008049136,0.28247967
Dhrs7,0.10734478,0.47422442
Ppm1a,0.044381022,0.3395637
4930447C04Rik,0.0024455006,0.42264977
Six1,0.01496645,0.21388595
Six4,0.01962115,0.37032723
Mnat1,0.06658075,0.19288883
Trmt5,0.015183365,0.23287381
Slc38a6,0.06886569,0.073709905
Tmem30b,-0.0017391357,0.4836254
Prkch,0.0449791,0.27953804
Hif1a,-0.0071568787,0.88666373
Snapc1,-0.021357827,0.5884142
Syt16,0.0,1.0
1700086L19Rik,0.019306408,0.0768238
Dbpht2,0.015582757,0.23808344
Kcnh5,0.0,1.0
Rhoj,0.0014154445,0.91635257
Ppp2r5e,0.0041739196,0.81856704
Wdr89,0.1062509,0.19625065
Sgpp1,0.027725838,0.35649404
Syne2,-0.011240035,0.7106841
Esr2,0.0017812838,0.4226497
Mthfd1,-0.054543585,0.2244206
Akap5,0.0016992468,0.441038
Zbtb25,-0.0007371083,0.9382192
Zbtb1,0.039929397,0.29791632
4930426I24Rik,-0.000111908186,0.97870386
Hspa2,0.30135652,0.06297234
Ppp1r36,0.19979048,0.22102593
Gm10451,0.0,1.0
Plekhg3,0.0032764673,0.80666614
Sptb,-0.016097926,0.12208633
Churc1,-0.041766584,0.3642549
Fntb,-0.003912838,0.7072611
Rab15,0.0035691848,0.6962329
Max,0.027365029,0.66170776
Fut8,0.04883098,0.06376537
Gphn,0.012752458,0.033958185
Fam71d,0.0,1.0
Mpp5,0.039690956,0.3488238
Atp6v1d,-0.08243555,0.26949176
Eif2s1,0.005086243,0.91744906
Plek2,-0.050000824,0.0024906306
Tmem229b,0.011103723,0.42313847
Plekhh1,0.037965152,0.04003295
Pigh,0.033195876,0.14928399
Arg2,-0.04052016,0.66459274
Vti1b,-0.041310996,0.46188617
Rdh11,-0.012657704,0.15177056
Rdh12,-0.059670847,0.45869195
Zfyve26,-0.0023076534,0.8506476
Rad51b,-0.00038387234,0.4226497
Zfp36l1,0.4488495,0.121709794
Gm26669,0.031611875,0.5475987
2310015A10Rik,0.051079758,0.37981898
Actn1,0.015141308,0.8731584
Dcaf5,0.015961625,0.40184978
Exd2,0.0111102015,0.46905372
Gm26777,0.016742548,0.12335387
Galnt16,0.042611,0.028050829
Erh,0.05885178,0.5448183
Slc39a9,0.025421418,0.1888061
Plekhd1,0.00079684524,0.42264977
Ccdc177,0.0054230876,0.5155336
Susd6,0.08656586,0.30005273
Gm26545,0.0043169716,0.6409729
Srsf5,0.31021804,0.34286112
Slc10a1,0.0,1.0
Smoc1,0.029817361,0.032338575
Slc8a3,-0.00089974655,0.5729452
Gm3693,0.0,1.0
Gm20498,-0.018115122,0.17318575
Cox16,-0.014296472,0.68659323
Gm4787,-0.0020708966,0.060219273
Adam4,0.0016008994,0.4775265
Synj2bp,0.0018003136,0.95189613
Adam21,0.00078172766,0.42264965
Med6,-0.011476606,0.209635
Ttc9,0.042848393,0.4667185
Map3k9,-0.03710289,0.11650156
Pcnx,-0.0824561,0.17871124
Sipa1l1,0.040499784,0.19023383
Rgs6,0.013039363,0.2536592
Dpf3,0.00818331,0.40948206
Dcaf4,0.019068357,0.31132644
Zfyve1,-0.006700037,0.4695056
Rbm25,0.22055605,0.08247385
Gm29361,-0.0010005007,0.48213497
Psen1,0.01288306,0.53440285
Papln,-0.0007550092,0.42264965
Numb,0.037135318,0.52291757
2410016O06Rik,0.014454644,0.08364981
Acot2,-0.018534645,0.7272139
Acot1,0.21870556,0.1521779
Acot4,-0.0035524461,0.48889434
4732463B04Rik,0.0066190865,0.3485721
Acot3,0.0,1.0
Acot5,0.08244828,0.15966146
Acot6,0.084969506,0.17308442
Dnal1,0.10053451,0.16240092
Pnma1,0.0070087034,0.20090587
Elmsan1,0.018015862,0.67902774
Ptgr2,0.029977411,0.47424856
Zfp410,0.04225923,0.13709515
Fam161b,0.07279526,0.08197939
Coq6,0.0037046038,0.74875814
Entpd5,0.017095432,0.478011
Bbof1,0.049926616,0.05098092
Rnf113a2,0.027427211,0.37320265
Aldh6a1,-0.045294225,0.25633395
Lin52,0.0039212406,0.8296381
Abcd4,0.0067563234,0.61070114
Syndig1l,0.0,1.0
Npc2,-0.48932087,0.03173801
Isca2,-0.10152134,0.12560187
D030025P21Rik,0.0,1.0
Arel1,-0.0058218315,0.7878851
Fcf1,0.042685464,0.09121292
Ylpm1,0.020208828,0.45443684
Prox2os,5.543066e-05,0.9222518
Prox2,-0.00039131963,0.9100482
Dlst,-0.04108067,0.48686758
Rps6kl1,0.0011728585,0.5885121
Pgf,0.031013416,0.1657916
Eif2b2,0.03917122,0.37750146
Mlh3,0.032300375,0.33134872
Acyp1,0.06839764,0.36728033
Zc2hc1c,0.031610027,0.3126824
Nek9,0.04575917,0.27158234
Tmed10,-0.19408697,0.06820664
Fos,0.65262395,0.09798027
Jdp2,-0.03710617,0.5717889
Batf,0.011639722,0.59927976
Mfsd7c,-0.060499556,0.08114683
0610007P14Rik,-0.051827893,0.2041917
Ttll5,-0.010940537,0.60922104
Gm26531,0.0,1.0
Tgfb3,0.015416567,0.007645731
Ift43,0.1591875,0.24660856
Gpatch2l,0.020823697,0.066442624
4732487G21Rik,0.0,1.0
Esrrb,-0.008877646,0.22696456
Vash1,-0.0010416211,0.3213989
Angel1,0.00617808,0.51230246
Irf2bpl,0.12671925,0.11005422
Gm26698,0.0016717461,0.65221584
Cipc,0.020097904,0.37617046
Zdhhc22,0.0,1.0
Tmem63c,0.0,1.0
Ngb,-0.00028677844,0.7217302
Pomt2,0.0022599585,0.7745583
Gstz1,0.056722328,0.035771433
Tmed8,0.008594871,0.61476827
Samd15,0.0031309007,0.36549112
Noxred1,-0.0030229734,0.5689853
Vipas39,-0.0022859722,0.9226406
Ahsa1,0.11161667,0.11999543
Ism2,0.0013597672,0.629031
Sptlc2,-0.019235983,0.4820985
Gm26764,0.008921747,0.50076073
Alkbh1,0.050570827,0.17753461
Slirp,-0.019129515,0.83771473
Snw1,0.04641846,0.24141103
Adck1,0.02213199,0.3053596
Nrxn3,0.03564996,0.1253256
Dio2,0.003602912,0.49193412
Gm26512,0.0023287772,0.4735525
Cep128,0.056695934,0.23597455
Tshr,0.008192826,0.17560618
Gtf2a1,0.024206944,0.32434288
Ston2,0.014837591,0.35242888
Sel1l,0.028998196,0.2511996
Flrt2,-0.06612125,0.16883005
Galc,0.059944347,0.10850093
Gpr65,0.04571291,0.44870746
Kcnk10,0.0,1.0
Spata7,0.044441752,0.15989406
Ptpn21,0.008616254,0.49635327
Zc3h14,0.019997686,0.56680274
Eml5,0.02566488,0.2847041
Ttc8,0.022114217,0.5380063
Gm28933,0.002507939,0.43695778
Foxn3,0.089706086,0.04177103
3300002A11Rik,0.12311963,0.24878158
Gm26839,0.0,1.0
1700064M15Rik,0.014574137,0.028628789
Efcab11,0.04623674,0.23314089
Tdp1,-0.002365429,0.8918736
Kcnk13,0.010614898,0.10460237
Psmc1,0.05270207,0.2547813
Nrde2,0.027468087,0.27068344
Calm1,0.46957338,0.16716981
Gm26723,-0.0011162265,0.42264965
Ttc7b,0.045214515,0.29141557
Rps6ka5,0.037690643,0.30494475
9030617O03Rik,0.0140573885,0.168273
Gpr68,0.0011871369,0.7841025
Ccdc88c,0.023234976,0.10102841
Smek1,0.02842553,0.50100315
D130020L05Rik,0.035613954,0.021148423
Tc2n,-0.06616732,0.08639948
Fbln5,-0.038867254,0.29051656
Trip11,0.053492352,0.31507793
Atxn3,0.022856642,0.28535616
Cpsf2,-0.0056168884,0.77494335
Gm16339,-0.0005188454,0.86024594
Slc24a4,0.051920753,0.06065176
Rin3,0.07389608,0.25003797
Lgmn,-0.008812606,0.9368385
Golga5,-0.0046504736,0.80477184
Chga,0.0,1.0
Itpk1,-0.076286,0.16733229
Gm20069,-0.0010517287,0.42264977
Gm28051,0.0,1.0
Gm20604,0.005564343,0.56688696
Moap1,0.0,1.0
Tmem251,-0.012014739,0.69641024
AK010878,0.018808916,0.50455874
Ubr7,0.0056022033,0.83810693
Btbd7,0.022533584,0.4801203
Unc79,0.009053517,0.007213827
Prima1,0.0015344301,0.73890173
Fam181a,0.017661195,0.11627575
Gm29508,0.11519174,0.08483951
Asb2,0.0062252125,0.2961703
Gm15523,0.002361173,0.42264977
Otub2,0.005317509,0.61631894
9330161L09Rik,-0.0010803561,0.18856226
Ddx24,0.14002642,0.0332871
Ifi27,-0.45907617,0.23334913
Ifi27l2a,0.58124787,0.24858333
Ppp4r4,0.004516531,0.6133987
Serpina1d,-0.0034927998,0.1835062
Serpina1a,-0.00017843023,0.9585806
Serpina9,-0.0013476987,0.4226497
Serpina3f,0.0,1.0
Serpina3g,0.0015522074,0.7348584
Serpina3n,0.079725385,0.18693972
Gsc,-0.026829515,0.029365145
Gm10000,-0.0016156966,0.28195536
Dicer1,0.08322352,0.1394086
Clmn,0.07688187,0.277434
4930408O17Rik,0.016831325,0.14534272
Gm28875,0.024011368,0.13671099
Syne3,0.02361267,0.25483188
Glrx5,-0.123317,0.07464486
Tunar,0.0006104694,0.86875826
D430019H16Rik,0.016101068,0.13905208
Bdkrb2,0.0,1.0
Bdkrb1,0.0017025466,0.5809996
Atg2b,0.009715356,0.647045
Gskip,-0.001189813,0.95816845
Ak7,0.21771175,0.14774452
Papola,0.019831598,0.5506343
Vrk1,0.051363222,0.2065431
Gm16087,0.0,1.0
Bcl11b,0.0034848256,0.45730782
Setd3,-0.05544409,0.16258092
Ccnk,0.017939527,0.25113344
Ccdc85c,-0.0014535928,0.6294723
Hhipl1,0.0,1.0
Cyp46a1,0.0017404687,0.5842907
Eml1,0.046752475,0.15450448
Gm16596,-0.0007370639,0.42264977
Evl,0.11612105,0.10505916
Degs2,-0.0015723049,0.4502649
Yy1,0.12398858,0.1654377
Slc25a29,-0.0010753907,0.9055713
Slc25a47,0.0030357442,0.34453714
Wars,-0.0028757378,0.8441427
Wdr25,-0.0016213441,0.83576113
Begain,0.0049048695,0.42264965
Gm28498,0.0,1.0
Dlk1,0.0021232758,0.6185454
Meg3,0.16033028,0.05175912
Gm26906,0.0,1.0
Gm26945,0.0004177873,0.78322333
B830012L14Rik,0.0033486765,0.5263583
Mirg,-0.0034683654,0.5143495
Ppp2r5c,0.049825683,0.39235297
Dync1h1,0.100451216,0.21158694
Gm17111,0.0,1.0
Hsp90aa1,0.4707067,0.11294735
Wdr20,0.037093624,0.4187728
Mok,0.0292762,0.5575698
4921507G05Rik,0.010398264,0.2834397
Gm26912,-0.00017424289,0.90672106
Zfp839,0.016029669,0.38996148
Cinp,0.0007782467,0.9337881
Tecpr2,0.033832602,0.34512106
Ankrd9,0.02058056,0.29781038
Rcor1,-0.013753541,0.3697183
4930595D18Rik,0.0,1.0
Traf3,-0.00903751,0.59682804
Amn,0.0,1.0
A230087F16Rik,0.00011745468,0.93856406
Cdc42bpb,-0.0075252354,0.65228915
A230065H16Rik,-0.0017016993,0.75955886
Exoc3l4,0.016582541,0.03433902
Gm10425,0.0,1.0
Tnfaip2,0.0026393533,0.9822931
Gm266,0.019596983,0.085543446
Eif5,0.20817602,0.18774123
2810029C07Rik,0.04689832,0.035131007
Mark3,0.047208637,0.48105124
Ckb,0.059625387,0.69757766
Trmt61a,-0.0020044316,0.64233553
Bag5,0.00025355816,0.99215084
Apopt1,0.04179381,0.21865745
Klc1,0.032429293,0.2349613
Xrcc3,0.0062319497,0.23684327
Zfyve21,0.109129116,0.016032299
Ppp1r13b,0.009443779,0.24907689
2010107E04Rik,-0.3831203,0.17443378
Tdrd9,0.0,1.0
Rd3l,-0.080208294,0.13879243
Aspg,0.0019497423,0.5081324
Kif26a,0.0031536135,0.37720364
A730018C14Rik,0.0,1.0
A530016L24Rik,-0.0004960531,0.19924127
Tmem179,-0.001005805,0.4226497
Inf2,0.053198062,0.02023464
Adssl1,0.101977795,0.2554879
Siva1,0.14219786,0.045002308
Akt1,0.011910945,0.7775281
Zbtb42,0.015248621,0.26313975
Cep170b,-0.024324678,0.2999357
Pld4,0.19473368,0.05878398
Ahnak2,0.005811699,0.16732913
BC022687,0.033672854,0.10928884
Cdca4,0.038054362,0.08421765
Gpr132,0.03171068,0.32064602
Jag2,-0.0012854631,0.77662253
Nudt14,0.022717625,0.4340123
Gm26583,0.0,1.0
Brf1,0.014215799,0.3544872
Btbd6,0.03235825,0.381642
9230104M06Rik,0.00040344775,0.42264965
Pacs2,0.07640184,0.15989813
Tex22,0.0041189175,0.25918642
Mta1,-0.009572856,0.45806688
Crip2,0.18772125,0.12463737
Crip1,0.43376508,0.14327852
4930427A07Rik,0.0038498356,0.52048576
Tmem121,0.021136232,0.018413188
Zfp386,0.03326124,0.09220553
Vipr2,-0.0010796047,0.4226497
Wdr60,0.07887092,0.18297362
Gm11027,-0.0002039477,0.4226497
Esyt2,0.09536826,0.09258585
Ncapg2,0.003175389,0.79802704
Ptprn2,0.00032473594,0.6023291
Gm5441,-0.00060618436,0.7874641
Rapgef5,-0.0057031084,0.40952796
Cdca7l,0.0064961254,0.6200732
Dnah11,0.10869671,0.12843834
Sp4,0.009426832,0.4234953
Sp8,0.0007577123,0.74077594
Itgb8,-0.16150552,0.104352616
Gm6768,0.0,1.0
Macc1,-0.0011689492,0.42264977
Tmem196,0.0,1.0
Sepp1,0.1579769,0.019741632
Ghr,-0.020439122,0.17572182
Fbxo4,0.032230336,0.37440735
AW549877,0.050871752,0.1521207
Gm2093,0.006211888,0.2814024
Oxct1,-0.053262055,0.5884414
Gm15632,0.0017908082,0.46089584
Plcxd3,-0.00036529242,0.7480407
Card6,0.0073764604,0.61170536
Rpl37,0.2411077,0.2929958
Gm10250,-0.019516392,0.0032880388
Prkaa1,0.0023699328,0.9057699
Gm15938,-0.00032869962,0.42264977
Ttc33,-0.011371523,0.6340378
Ptger4,0.035041377,0.41996357
Dab2,-0.07656726,0.2504221
C9,-0.0015330063,0.19561957
Fyb,0.25467768,0.06007085
Gm2245,0.0039993264,0.5194433
Rictor,0.012871996,0.39689234
Osmr,0.0044297394,0.61413634
Lifr,0.036541034,0.037897147
Egflam,-0.002047729,0.39941555
Gdnf,0.005362261,0.3725123
Wdr70,0.030288178,0.1793143
Nup155,0.017614074,0.16911758
2410089E03Rik,0.06636377,0.12670824
Nipbl,0.14278361,0.030419994
Slc1a3,0.3105579,0.059289154
Ranbp3l,0.014655795,0.18103996
Nadk2,0.01290898,0.38318545
Skp2,0.028605703,0.19370641
Lmbrd2,0.009278603,0.54154605
Capsl,0.103936106,0.28595117
Il7r,-0.00444214,0.041262068
Spef2,0.21237609,0.108458355
Prlr,-0.6573974,0.05970001
Dnajc21,0.011796549,0.7579537
Brix1,0.038396195,0.19791853
Rad1,0.011165936,0.5611692
Rai14,-0.015913045,0.39401847
4930556M19Rik,-0.0062425234,0.0009009616
4930556M19Rik-1,0.002576977,0.8513641
C1qtnf3,0.021812279,0.21685132
Amacr,0.012194127,0.78883404
Slc45a2,0.0,1.0
Adamts12,0.0020663084,0.42264977
Tars,0.007276997,0.7962052
Npr3,-0.09593542,0.08216082
Sub1,0.20946455,0.20624244
Zfr,0.21349186,0.22484066
Mtmr12,0.014554165,0.13141364
1810049J17Rik,-0.0022703435,0.2447525
Golph3,-0.079180315,0.100536115
Pdzd2,-0.026216622,0.175417
6030458C11Rik,0.013102969,0.6608019
Drosha,0.02222851,0.52509344
Cdh6,0.00013081077,0.9459351
Cdh9,-0.0010853003,0.25956264
Cdh10,-0.0069655203,0.17735133
Acot10,-0.0010141869,0.42264965
Cdh12,-0.00032694067,0.4226497
Cdh18,-0.0011115753,0.42264965
Gm2824,0.007489121,0.20932317
Basp1,0.088702485,0.08718655
Gm5468,-0.0006463824,0.42264965
Myo10,0.038231,0.4173048
Fam134b,0.03944592,0.45822173
Zfp622,0.048458174,0.42155534
March11,0.0,1.0
Gm6576,0.0007347159,0.42264965
Ank,0.09034246,0.20451218
Otulin,-0.014906868,0.77128863
Fam105a,0.06207958,0.21614213
Trio,0.023701385,0.22018933
Dnah5,0.16098292,0.14566831
Ctnnd2,0.022013646,0.35205612
Dap,0.015404046,0.7046588
Ankrd33b,0.012957238,0.8034884
Ropn1l,0.06226056,0.27322772
March6,0.015405774,0.72369295
Cmbl,0.031258155,0.31995717
Cct5,0.07019055,0.09600327
Fam173b,0.031016275,0.12304496
Snhg18,0.034785975,0.22856307
Sema5a,0.0037049213,0.6140064
Sdc2,-0.08233523,0.1934654
Cpq,-0.28718057,0.124858476
Tspyl5,0.024160638,0.40921086
Mtdh,-0.0174416,0.8454014
Laptm4b,-0.23456368,0.050137438
Matn2,-0.06535904,0.20940734
9430069I07Rik,0.0,1.0
Rpl30,0.22874856,0.11601247
Hrsp12,-0.14355054,0.18371904
Pop1,0.0042865025,0.4839928
Nipal2,-0.049597688,0.1721424
Kcns2,-0.00035553778,0.42264977
Stk3,0.029625028,0.44650456
Osr2,0.0013972066,0.42264977
Vps13b,-0.0013889968,0.9328749
Cox6c,-0.5037403,0.0905523
Rgs22,0.07557122,0.23325583
Fbxo43,0.0017386917,0.7556185
Polr2k,0.0015254021,0.9648521
Spag1,0.0031597242,0.82762855
Rnf19a,0.017410867,0.5442131
Rpl7a-ps3,0.0,1.0
Ankrd46,0.024343364,0.22548728
Pabpc1,0.22876674,0.11067353
Ywhaz,0.21092463,0.12599991
Gm10384,0.013843115,0.19058433
Zfp706,0.05770272,0.19289865
Gm26766,0.0,1.0
Gm16136,0.016388442,0.045910846
Grhl2,0.0010067439,0.7826016
Ncald,0.009941772,0.74970096
Gm28221,0.0,1.0
Rrm2b,0.0010106862,0.9653683
Ubr5,0.06381248,0.1317406
Gm8705,0.0,1.0
Klf10,0.090682074,0.18969767
Gm26863,-0.0003101841,0.42264977
Azin1,0.031916022,0.5567539
2310043O21Rik,0.0,1.0
Atp6v1c1,-0.07124305,0.09945571
Gm26704,0.0034354595,0.62469184
Baalc,0.005976242,0.42843965
Fzd6,-0.007897366,0.57189405
Cthrc1,-0.046112485,0.033043675
Slc25a32,0.008171683,0.56226754
Dcaf13,-0.00868088,0.71910095
Rims2,0.013452672,0.1534435
Dcstamp,-0.0041027567,0.4226497
Dpys,0.004738315,0.29674178
Lrp12,-0.0007066354,0.942729
Gm16294,0.0,1.0
Zfpm2,0.0019836128,0.56150913
Oxr1,0.07155758,0.3214231
Gm26854,0.0,1.0
Abra,0.0,1.0
Angpt1,0.015444461,0.19660433
Gm17473,-0.00017233288,0.42264977
Rspo2,0.0012919139,0.66493833
Eif3e,0.13026333,0.10313749
Gm10373,0.0,1.0
Emc2,-0.13140371,0.1295486
Tmem74,0.0,1.0
Trhr,-0.00018617453,0.4226497
Nudcd1,-0.021191008,0.1640924
Eny2,-0.1456087,0.04553823
Pkhd1l1,-0.0007018898,0.42264965
Ebag9,0.0020556226,0.86422247
Sybu,0.019834878,0.43787768
2310069G16Rik,-0.0010016006,0.79935527
Kcnv1,0.0,1.0
Csmd3,0.022297297,0.43778923
Trps1,0.13681228,0.20401908
Eif3h,0.10814136,0.15701154
Utp23,0.020060569,0.32013774
Rad21,0.04009056,0.30975842
Aard,0.011449863,0.07669777
Gm10020,-0.0077826157,0.4745007
Med30,0.036492407,0.40534043
Ext1,0.069559395,0.030977083
Samd12,0.0021237792,0.50395846
Tnfrsf11b,0.018262561,0.11652196
Mal2,0.005544751,0.10229992
Nov,0.036405183,0.07607273
Enpp2,-1.7660321,0.083513424
Gm26684,-0.010818548,0.023555627
Taf2,-9.012967e-05,0.9965102
Dscc1,0.009469997,0.4797425
Gm9920,-0.006689104,0.03825458
Deptor,-0.039034836,0.23085995
Col14a1,-0.011593545,0.2017162
Mrpl13,-0.054219574,0.42878678
Mtbp,0.01461804,0.41770902
Sntb1,0.004486242,0.42703372
Has2,0.013365205,0.2835205
Zhx2,0.028911974,0.25181645
Gm16006,0.13407573,0.10657525
Derl1,-0.03246227,0.2970681
Tbc1d31,0.052548945,0.31083813
Fam83a,-0.00017233288,0.42264977
9130401M01Rik,0.10068733,0.013976378
Gm29394,0.0011708214,0.5893633
Zhx1,0.0076643676,0.80844676
Atad2,0.023658775,0.24741
Wdyhv1,0.08346693,0.2605879
Fbxo32,0.06837569,0.12702213
Klhl38,-0.0027623682,0.31624025
D15Ertd621e,0.042863242,0.21245012
Tmem65,-0.024861962,0.40852237
Trmt12,-0.0027541853,0.6785983
Rnf139,0.06309543,0.06815379
Tatdn1,0.024603125,0.5720813
Ndufb9,-0.11223459,0.14331338
Mtss1,0.026424438,0.4798034
Sqle,0.030544013,0.5858671
E430025E21Rik,-0.002199266,0.8605052
Nsmce2,0.013153039,0.6204369
Trib1,0.060238346,0.37863913
Fam84b,0.007694423,0.90687895
A1bg,9.769155e-05,0.96294856
Myc,0.014225513,0.2082485
Pvt1,0.012453302,0.20351444
Gsdmc4,-0.00094395975,0.42264977
Fam49b,0.2211762,0.20224309
Asap1,0.10228489,0.28487507
Adcy8,0.0011659656,0.8113746
Efr3a,-0.009907007,0.8789994
Oc90,-0.0068805753,0.029068695
Kcnq3,0.027221117,0.004230111
Gm27242,0.0,1.0
Lrrc6,0.096257664,0.15779622
Tmem71,0.04018007,0.6202514
Phf20l1,0.044961154,0.20262426
Tg,-0.0019082226,0.42264965
Sla,0.044083975,0.5407439
Wisp1,0.00061024143,0.4226497
Ndrg1,0.10931746,0.029567625
Gm17035,-0.0013068918,0.42264965
St3gal1,0.058452483,0.2528699
Zfat,0.009597527,0.5086827
Gm20732,-0.0007310786,0.54537326
Khdrbs3,0.13920027,0.18495409
Fam135b,0.0,1.0
Col22a1,0.0016179527,0.4655618
Trappc9,-0.011829287,0.41840145
Chrac1,0.105088234,0.103597775
Ago2,0.043976456,0.3607428
Ptk2,-0.01688474,0.08862741
Dennd3,0.006344379,0.2978703
Slc45a4,-0.014385611,0.7807256
Gpr20,0.0,1.0
Ptp4a3,0.0032701343,0.9025737
Mroh5,0.0,1.0
Gm6569,0.0033095763,0.4932831
Adgrb1,0.027366627,0.05609992
Arc,0.019264538,0.19922198
Jrk,0.0065859472,0.10396035
4933427E11Rik,-8.2395505e-05,0.9427097
Them6,0.02644411,0.12626837
Lypd2,0.00016252603,0.97856116
Lynx1,-0.1022685,0.059422463
Ly6d,0.0,1.0
Ly6k,0.0017812838,0.4226497
2010109I03Rik,9.850471e-05,0.96696264
Ly6e,0.24731141,0.060116835
Ly6i,0.04248356,0.46666986
Ly6a,0.062483378,0.15758286
Gm28068,0.001432061,0.4931833
Ly6c1,0.0017732847,0.8839531
Ly6c2,0.06133665,0.73051345
Ly6g,-0.044493176,0.77432764
Ly6h,0.21252799,0.007957289
Zfp41,0.012348283,0.024800751
Top1mt,0.0141435955,0.21959963
Gm15945,0.0,1.0
Rhpn1,0.031553563,0.27278858
Mafa,0.0,1.0
Zc3h3,0.009311849,0.47773454
Gsdmd,0.063222066,0.10243465
Naprt,0.034694474,0.05983028
Eef1d,0.0029998422,0.9716618
Tigd5,0.009636715,0.55410385
Pycrl,0.0860016,0.1793501
Tsta3,-0.006020792,0.8754626
Zfp623,0.0023081778,0.71350294
Zfp707,0.0025692787,0.557656
Ccdc166,0.015682403,0.29822665
Mapk15,0.1383501,0.086521976
Fam83h,0.012454611,0.3006919
K230010J24Rik,0.027864572,0.07536567
Scrib,0.03372292,0.43701032
Puf60,0.07553807,0.23295854
Nrbp2,0.10351984,0.004970497
BC024139,0.0008467459,0.81597745
Plec,0.136183,0.10320771
Parp10,0.0047358684,0.69570196
Grina,-0.16235548,0.21214588
Smpd5,0.012790794,0.41455862
Oplah,-0.009563282,0.73683685
Exosc4,0.064792186,0.42154416
Gpaa1,0.01188603,0.61864763
Cyc1,-0.18345469,0.18155369
Sharpin,0.018348165,0.44075406
Maf1,0.090145916,0.06294693
WDR97,-0.00068466895,0.33018485
Hgh1,0.01830132,0.22555353
Mroh1,-0.04114812,0.20936276
Bop1,0.010080054,0.7554028
Scx,-0.057779916,0.04312528
Hsf1,0.030146908,0.043560658
Dgat1,-0.021479845,0.8022604
Scrt1,0.0015649836,0.5178797
Fbxl6,0.026626505,0.515036
Slc52a2,0.0025484934,0.3430862
Adck5,0.020786278,0.49939564
Cpsf1,0.024286069,0.23639745
Slc39a4,0.015236437,0.6109903
Tonsl,0.1247043,0.057214852
Cyhr1,-0.035415202,0.4568237
Kifc2,0.0008028941,0.91351706
Ppp1r16a,0.015062332,0.33430254
Gpt,0.014592164,0.23892447
Mfsd3,0.011250152,0.1686556
Recql4,-0.001079726,0.4904179
Lrrc14,0.010722738,0.5000388
Lrrc24,0.033384673,0.12187865
Arhgap39,0.121080086,0.08997916
Zfp251,-0.002746513,0.7396795
Zfp7,0.0030429726,0.5098953
Commd5,-0.01583267,0.23462448
Rpl8,0.20974898,0.214259
Zfp647,0.0,1.0
1110038F14Rik,0.060766995,0.096860394
Mb,0.04927822,0.26186833
Rbfox2,0.036456775,0.43285158
1700109K24Rik,0.0,1.0
Apol9a,0.0019769827,0.4226497
Apol10b,0.0,1.0
Apol11b,-0.002042852,0.42264965
Apol7e,-0.00063271984,0.4226497
Apol9b,0.011535957,0.38988775
Apol8,-0.0010778548,0.4226497
Myh9,0.17668802,0.17057693
Txn2,0.0035333633,0.9319413
Foxred2,-0.00039188284,0.9601359
Eif3d,0.12906429,0.05186471
Gm17638,0.00031492813,0.76118726
Cacng2,-0.00067573314,0.42264965
Ift27,0.08030513,0.21299177
Pvalb,0.13959706,0.16297941
Ncf4,0.10271841,0.49688786
Csf2rb2,-0.0011958461,0.9568685
Csf2rb,0.07957988,0.40441486
Tex33,0.0,1.0
Tst,0.038616545,0.35389024
Mpst,-0.006064981,0.8280225
Kctd17,0.003423586,0.5351535
Tmprss6,-0.00045878027,0.7680398
Il2rb,-0.0007618948,0.42264977
C1qtnf6,0.008051582,0.31387338
Sstr3,0.0,1.0
Rac2,0.15169984,0.53410316
Cyth4,0.107465856,0.07103706
Elfn2,-9.035995e-05,0.42264977
Mfng,0.04226099,0.30340147
Card10,0.017696494,0.33062866
Cdc42ep1,0.020469366,0.19851291
Lgals2,-0.0033571012,0.27981868
Gm26634,-0.00067199743,0.4226497
Gga1,0.0042623878,0.85216284
Sh3bp1,0.04089926,0.16368775
1700027A07Rik,0.0,1.0
Lgals1,-0.44528228,0.059571642
Nol12,0.016361125,0.18883963
Triobp,0.024168305,0.55266273
H1f0,-0.020710275,0.6421352
Gcat,-0.046887137,0.24764512
Ankrd54,0.04959908,0.20862643
Eif3l,0.031506687,0.39599
Micall1,0.0124565065,0.64931726
1700088E04Rik,0.17131212,0.14420845
Polr2f,0.034810245,0.54059595
Sox10,0.05413373,0.044017084
Gm10863,0.0,1.0
Pick1,0.004094735,0.74406815
Slc16a8,-0.2740602,0.028978853
Baiap2l2,0.004096389,0.77138466
Pla2g6,0.013227774,0.19822206
Maff,0.05252554,0.1212904
Tmem184b,-0.044413466,0.10382641
Csnk1e,0.08889121,0.122596286
Gm16059,-0.0004644496,0.4226497
Kcnj4,-0.0002962215,0.42264965
Kdelr3,0.02482004,0.35431197
Ddx17,0.07416242,0.28492418
Dmc1,-0.0013179472,0.6899365
Fam227a,0.07113242,0.13543043
Cby1,0.026233226,0.6212661
Tomm22,0.065463185,0.08701365
Josd1,-0.020794597,0.07372535
Gm26884,0.0010355631,0.26843223
Gtpbp1,0.001337856,0.8536052
Sun2,0.032051913,0.35031992
Gm16576,0.008733932,0.16821711
Dnal4,0.060822323,0.2384285
Nptxr,0.010923559,0.2277435
Cbx6,0.028560162,0.27638632
Apobec3,0.033356495,0.21635167
Cbx7,0.05007744,0.007926361
Pdgfb,0.017866507,0.6016225
Rpl3,0.20856512,0.07377264
Syngr1,-0.06388095,0.15647803
Tab1,0.011273354,0.41035876
Mgat3,-0.004307586,0.63435245
Mief1,-0.004443072,0.58851355
Atf4,0.13664919,0.021277599
Rps19bp1,0.03254178,0.21057716
Cacna1i,0.0,1.0
Grap2,0.003907174,0.49546146
Fam83f,0.0,1.0
Tnrc6b,0.09904578,0.33883756
Adsl,0.010036431,0.34955955
Sgsm3,0.0042980425,0.6590729
Mkl1,0.02956083,0.1788982
Mchr1,0.0062422147,0.32057324
Slc25a17,-0.014924765,0.67659014
St13,0.027661681,0.68658566
Xpnpep3,0.0091790855,0.48748422
Dnajb7,0.0,1.0
Gm17025,-0.0060761776,0.12791662
Rbx1,0.008670449,0.81425047
Ep300,0.12845537,0.06925456
L3mbtl2,0.02068514,0.23994601
Chadl,-5.6780875e-05,0.9955946
Rangap1,0.05361495,0.16036256
Zc3h7b,0.019270323,0.21268542
Gm17597,0.0025788397,0.41393447
Tef,0.18953177,0.17260815
Gm8444,0.0053495783,0.25597987
Tob2,0.13143456,0.16892019
Phf5a,-0.0057150424,0.7901735
Aco2,-0.18177208,0.22601502
Polr3h,0.15348902,0.11163197
Csdc2,0.0052864766,0.4423881
Pmm1,-0.043345958,0.63595045
Xrcc6,0.0040264055,0.8538957
Desi1,0.025692433,0.19345456
Nhp2l1,0.15535823,0.09136266
Ccdc134,0.018668111,0.5670984
Srebf2,0.0063150376,0.88782245
Shisa8,0.051779896,0.14261195
Tnfrsf13c,-0.004752101,0.42264977
Cenpm,0.019501004,0.040397808
1500009C09Rik,0.08199,0.030113747
Sept3,0.043780975,0.011533708
Naga,0.018986374,0.6925775
Fam109b,0.009390837,0.10201498
Smdt1,-0.1403997,0.13835567
Ndufa6,-0.15870214,0.24875802
Cyp2d22,0.06938516,0.010334553
Cyp2d26,0.0,1.0
Tcf20,0.005046688,0.6868701
Gm20324,0.005192834,0.32476455
Gm29019,-0.001295068,0.32668182
AW121686,0.0,1.0
Nfam1,0.11927474,0.14429908
Serhl,-0.07290588,0.4147669
Rrp7a,-0.009609014,0.7910251
Poldip3,0.07329126,0.090186074
Cyb5r3,0.07281247,0.14638829
A4galt,0.010923703,0.32076296
Arfgap3,0.020953797,0.3498288
1700001L05Rik,-0.0002890625,0.8057544
Pacsin2,-0.01060313,0.76092243
Ttll1,0.0289619,0.0676291
Bik,0.0068936576,0.3781071
Mcat,0.019991852,0.19277957
Tspo,-0.059045196,0.7785195
Ttll12,0.0021110997,0.83613116
Scube1,0.0058069527,0.56063634
Mpped1,0.012578646,0.5603288
Efcab6,0.011281332,0.5412774
Sult4a1,-0.041736096,0.17561828
Pnpla3,0.0026077018,0.5541743
Samm50,-0.03179297,0.44718996
Parvb,0.0113126375,0.08533544
Parvg,0.020640276,0.31874332
1810041L15Rik,0.009055901,0.6609389
Ldoc1l,0.01973063,0.25771165
Prr5,0.010275722,0.410141
Arhgap8,0.002073769,0.32585853
Phf21b,0.013709544,0.025605073
Gm29666,0.030901808,0.4108439
Nup50,0.0058991015,0.72287166
5031439G07Rik,0.1243615,0.0659397
Upk3a,0.0,1.0
Fam118a,0.020481,0.19769879
Smc1b,-0.00018974172,0.4226497
Ribc2,0.050150946,0.2594376
Fbln1,-0.047610343,0.35596344
Atxn10,0.10209462,0.3037627
Wnt7b,0.024444649,0.100002415
AU022754,0.00541027,0.46653536
D130051D11Rik,0.0024341533,0.2692947
Ppara,-0.0028610062,0.69041294
Cdpf1,-0.026910782,0.016909325
Pkdrej,0.0,1.0
Ttc38,0.0029896311,0.84250504
Gtse1,-0.00044507813,0.9573605
Trmu,-0.00052227825,0.97897434
Celsr1,0.048385426,0.1041836
Gramd4,0.04776636,0.17675973
Cerk,0.014239691,0.4689727
Gm15569,-0.00032196983,0.42264977
Tbc1d22a,0.011707872,0.16679327
Fam19a5,0.041437514,0.17414325
Brd1,0.032613218,0.17020679
Zbed4,-0.0021508373,0.84205407
Alg12,3.7966296e-05,0.99659854
Creld2,0.08778776,0.14237113
Pim3,0.06150897,0.24747953
Ttll8,0.024776462,0.04940123
Mlc1,0.426817,0.04106448
Panx2,0.0067978594,0.42264977
Trabd,0.0067849755,0.7969388
Selo,0.02121932,0.43866327
Tubgcp6,0.002704827,0.67371505
Hdac10,0.01814748,0.31883663
Mapk12,0.0025096736,0.15452527
Mapk11,0.003422923,0.62868726
Plxnb2,-0.008184075,0.94179326
Dennd6b,0.008485666,0.5246447
Gm26798,0.009238065,0.45003277
Ppp6r2,-0.0057038306,0.347992
Sbf1,0.050270736,0.009999947
Lmf2,-0.0068519115,0.52393866
Ncaph2,0.06307121,0.07795855
Sco2,0.026882984,0.09559258
Tymp,-0.0008096651,0.42264977
Odf3b,0.20199083,0.10346003
Cpt1b,0.0,1.0
Chkb,0.031922437,0.37885043
C730034F03Rik,0.005717582,0.5918926
Mapk8ip2,-0.00995119,0.3425922
Arsa,0.027667914,0.15842757
C230037L18Rik,0.08858428,0.1583794
Shank3,-0.0008598594,0.9131176
Acr,0.0074792886,0.19594663
Rabl2,0.12495594,0.13981616
Syt10,0.10091323,0.17172435
Alg10b,-0.010751966,0.18266192
Cpne8,0.04682441,0.14782521
Kif21a,0.04479052,0.05314395
Abcd2,0.01842041,0.5569795
CN725425,0.0,1.0
Slc2a13,0.008415874,0.43986532
Lrrk2,-0.005810879,0.87664413
Cntn1,-0.20200486,0.08850223
Gm26760,0.0018286646,0.64821637
Pdzrn4,-0.0022935532,0.39481878
Gxylt1,0.050009754,0.052254908
Yaf2,-0.029053897,0.3888146
Zcrb1,-0.053030342,0.09424048
Pphln1,0.009101845,0.515709
Prickle1,0.012469325,0.31789765
Adamts20,0.15464187,0.16713597
Pus7l,0.0017875882,0.54771864
Irak4,0.029127248,0.26669165
Twf1,0.062005192,0.40822062
Tmem117,0.025473442,0.18272491
Nell2,-0.0003777668,0.8215166
Dbx2,-0.0022524167,0.1853247
A130051J06Rik,0.0019032997,0.68645084
Ano6,0.06268023,0.2978645
Gm17546,-0.012612639,0.34184426
2610037D02Rik,0.08392602,0.10976417
Arid2,0.06442807,0.30403075
Scaf11,0.11375153,0.14209035
Slc38a1,0.25766566,0.1444868
Slc38a2,0.17992528,0.13086446
Amigo2,-0.032424644,0.061575092
Pced1b,0.008431567,0.17152159
Rpap3,0.07033912,0.3075171
Endou,0.001262516,0.4226497
Rapgef3,0.050692465,0.124029525
Rapgef3os1,0.0,1.0
Rapgef3os2,0.01123997,0.42041785
Slc48a1,-0.052904874,0.38148606
Hdac7,0.03109968,0.16822925
Vdr,0.0003230728,0.7443819
Tmem106c,-0.024709493,0.6005742
Col2a1,0.00026123633,0.9102575
Senp1,0.024881251,0.2081016
Pfkm,-0.008055985,0.74119246
Gm26513,-0.0022272067,0.259985
Asb8,0.007220477,0.7954621
Ccdc184,-0.0004212604,0.19667424
Olfr288,0.0,1.0
Olfr287,0.0006786874,0.42264977
Zfp641,-0.00305987,0.22241303
Lalba,0.0,1.0
Kansl2,0.027799219,0.30815944
Ccnt1,0.07599111,0.17675231
9330020H09Rik,0.017989399,0.25910637
4930415O20Rik,-0.008004194,0.45687294
Adcy6,0.018351909,0.048377242
Cacnb3,0.013129857,0.105627194
Ddx23,0.027748208,0.27327192
Rnd1,0.00503961,0.82970536
Ccdc65,0.11101689,0.14866349
Fkbp11,-0.027766738,0.18685457
Arf3,-0.0011540353,0.9712712
Wnt10b,0.0,1.0
Ddn,0.01709346,0.19328396
B130046B21Rik,-0.0016011444,0.72668874
Prkag1,0.045773,0.06697613
Kmt2d,0.023017824,0.6739307
Rhebl1,0.008902432,0.26204488
Dhh,-0.00033378243,0.4226497
Lmbr1l,-0.0114547,0.46046185
Tuba1b,0.11861074,0.48648039
Tuba1a,0.42253947,0.10302157
4930578M01Rik,0.026954621,0.0036358882
Tuba1c,-0.10675722,0.2913359
Prph,0.002065939,0.4226497
Troap,-0.0022316256,0.53031075
Dnajc22,0.0040347795,0.28131425
Spats2,0.019924771,0.36890697
Kcnh3,0.0036139088,0.7328521
Mcrs1,0.044215783,0.046067525
Fam186b,0.0013463232,0.8704791
Prpf40b,0.010885097,0.25638768
Fmnl3,0.017203866,0.2820229
Tmbim6,0.08878636,0.24967144
Nckap5l,0.007855609,0.57197845
Nckap5los,0.0,1.0
Bcdin3d,0.022746408,0.20655279
Faim2,0.04875564,0.21239659
Aqp2,0.005691344,0.4255923
Aqp5,-0.0006732615,0.4226497
Racgap1,-0.01023981,0.6081158
Asic1,-0.0040669856,0.31233788
Gm17349,0.0,1.0
Smarcd1,0.06553344,0.23730408
Gm16537,0.0007480872,0.81191623
Gpd1,-0.015268689,0.39545912
Cox14,-0.0031762123,0.90567964
Cers5,-0.053506583,0.20868835
Gm17058,0.0,1.0
Lima1,0.06602059,0.098878145
Gm17057,-0.001596665,0.27410844
Fam186a,-0.0007619402,0.42264977
Gm21917,0.003923847,0.39066178
Larp4,-0.02442959,0.34374616
2310068J16Rik,0.0049828384,0.47677022
Dip2b,0.1112931,0.07643263
Atf1,0.06188482,0.11261865
Mettl7a1,0.17686692,0.15696071
Mettl7a3,-0.0011832623,0.541736
Mettl7a2,0.0023062115,0.4862059
Slc11a2,-0.0039301664,0.8735063
Gm5475,-0.00040483868,0.42264965
5330439K02Rik,-0.0016567996,0.5089454
Letmd1,0.027226865,0.03338661
Csrnp2,0.016404286,0.004903304
Tfcp2,0.023510639,0.3456354
Pou6f1,0.04580204,0.17988576
Gm20680,0.0,1.0
Gm27209,0.0,1.0
C330013E15Rik,0.014481957,0.045439098
Dazap2,0.282311,0.07422818
Smagp,0.05968357,0.29638293
Bin2,0.14077948,0.17617346
Cela1,0.0099814925,0.15375993
Galnt6,0.021701256,0.12729236
Slc4a8,0.0370779,0.1822516
Scn8a,0.00073350035,0.8611688
Fignl2,0.012964762,0.15930131
Acvrl1,-0.0101073645,0.7468683
Acvr1b,-0.00346981,0.8429452
A330009N23Rik,0.0009903833,0.6512255
Grasp,0.01986438,0.18558261
Nr4a1,0.33096644,0.21464957
Atg101,0.028312474,0.60538
6030408B16Rik,0.0069775474,0.5026838
Krt80,0.0027019468,0.6493163
Krt7,0.0085214535,0.2903825
Krt86,-0.0001905472,0.9511599
5430421N21Rik,-0.008454718,0.5091208
Krt73,0.0,1.0
Krt2,0.0,1.0
Krt1,-0.032922383,0.14483654
Krt77,0.0,1.0
Krt79,0.0,1.0
Krt78,-0.00016054785,0.8995799
Krt8,-0.027858943,0.59805053
Krt18,-0.24217385,0.118382104
Eif4b,0.12020844,0.061964694
Tns2,0.058651313,0.09912765
Spryd3,0.0050801486,0.8126417
Igfbp6,0.06804959,0.22676367
Soat2,0.011464087,0.45953104
Csad,0.039860338,0.056336995
Zfp740,0.06416961,0.06298177
Itgb7,0.071614,0.18271296
Rarg,0.029381063,0.35747954
Gm9918,0.0010650154,0.24713723
Mfsd5,0.015993312,0.36565644
Espl1,-0.00367813,0.7187565
Pfdn5,0.026496768,0.8115291
Myg1,0.027197585,0.17045106
Aaas,-0.006239081,0.6689276
Sp7,-0.00018803698,0.42264965
Sp1,0.04751096,0.2276765
Amhr2,0.012718517,0.3388534
Gm26518,0.012725456,0.4198458
Prr13,0.07314348,0.6698893
Pcbp2,0.20192415,0.12708372
Map3k12,0.0195814,0.5088323
Tarbp2,0.0076823235,0.60675037
Npff,-0.0030293365,0.2932776
Gm28047,0.0,1.0
Atf7,0.05216723,0.07592421
Atp5g2,-0.012256384,0.9006813
Calcoco1,-0.009955272,0.7509136
Smug1,0.029336639,0.01616802
Cbx5,0.022322655,0.6987564
Hnrnpa1,0.040054917,0.42961815
Nfe2,0.050190352,0.37800595
Copz1,0.0025795996,0.95329636
Gpr84,0.055828415,0.09736364
Zfp385a,0.009955071,0.68908083
Itga5,0.020587899,0.30083674
Gtsf1,-0.00015846084,0.4226497
Nckap1l,0.111687906,0.051082417
Pde1b,0.039816815,0.0942678
Ppp1r1a,0.021033525,0.48786587
Glycam1,0.0023058937,0.5974936
Mucl2,0.0035648802,0.4226497
Mefv,0.015115494,0.41658276
Zfp263,0.06589067,0.10991214
Zfp174,-0.00081628654,0.860444
Zfp597,0.0044684187,0.75297564
Gm26675,-5.6214572e-05,0.93148106
Naa60,0.017139435,0.6632016
1700037C18Rik,0.061579682,0.11826742
Cluap1,0.17576364,0.040978618
Gm15537,-0.0014123833,0.20213553
Nlrc3,-0.0015198104,0.8432427
Slx4,0.0018515028,0.74035156
Gm15879,0.001999538,0.48647365
Dnase1,0.0,1.0
Trap1,0.039946675,0.19768146
Crebbp,0.050111204,0.31892046
Adcy9,0.003858258,0.57397467
Srl,0.020692013,0.42317864
Tfap4,0.009291139,0.5561105
Glis2,-0.00404932,0.7986491
Pam16,-0.17809922,0.13512675
Coro7,0.021483088,0.18422121
Vasn,-0.06402154,0.1398558
Dnaja3,0.0026545227,0.93461883
Nmral1,0.03846077,0.003973486
Hmox2,0.046944052,0.4629524
Gm15859,-0.00051904377,0.8772162
Cdip1,0.042373218,0.14576194
4930562C15Rik,-0.0004988047,0.42264965
Ubald1,0.02207432,0.24157321
Mgrn1,0.029558823,0.19644725
Gm16861,-0.0037304084,0.21175352
Nudt16l1,0.016196229,0.6169627
Anks3,0.002670817,0.90515804
4930451G09Rik,-0.003939838,0.10091377
Smim22,-0.23827693,0.09530219
Rogdi,0.045144275,0.3030804
Glyr1,-0.016807392,0.7531861
Ubn1,0.07235739,0.02214173
Ppl,0.012626734,0.18812142
Sec14l5,-0.00039648812,0.4226497
Nagpa,0.035892356,0.0009727706
AU021092,0.0020617333,0.5636543
Alg1,0.007047914,0.6408241
Eef2kmt,0.04558611,0.06649785
Rbfox1,-0.0002011701,0.9392567
Mettl22,0.018310431,0.0029181486
Abat,-0.028002083,0.71206784
Tmem186,0.005680792,0.46423933
Pmm2,0.042069357,0.0076519293
Carhsp1,0.07779537,0.22767417
Gm43786,0.0,1.0
Usp7,0.05759667,0.37180594
1810013L24Rik,0.056194432,0.18966821
Grin2a,0.010281896,0.03245441
Rpl39l,0.00026724814,0.92089945
Atf7ip2,0.0,1.0
Emp2,-0.07123697,0.013009573
Tekt5,-0.0006947927,0.9491768
Nubp1,0.022324644,0.5512194
Tvp23a,0.004526362,0.71259034
Ciita,0.0014661667,0.8102089
Dexi,-0.050108634,0.035567425
Clec16a,0.0104054175,0.64681697
Socs1,0.037027936,0.0030470127
Gm26822,0.0,1.0
Rmi2,0.01670905,0.10205253
Gm21859,0.0,1.0
Litaf,0.12877476,0.3643274
Gm4262,0.0011531346,0.48082986
Snn,-0.017250612,0.4562561
Txndc11,0.0065667033,0.5647851
Zc3h7a,0.066680305,0.20614089
4930509G22Rik,0.0036896502,0.4742215
Rsl1d1,0.0809018,0.16357884
2610020C07Rik,-0.013893189,0.06990936
Gspt1,-0.008056954,0.82532245
Tnfrsf17,0.0038467597,0.17617717
Snx29,0.012286245,0.48429406
Gm4279,0.0016324695,0.46483335
Cpped1,0.011858501,0.5980914
Shisa9,-0.00069413934,0.42264965
Ercc4,0.0013232827,0.7053756
Mkl2,0.058858283,0.26885852
Parn,0.027504027,0.2467421
Bfar,-0.0072752535,0.74210787
3110001I22Rik,0.014930983,0.016492398
Rrn3,-0.013152301,0.5439787
Ntan1,-0.0642024,0.19311626
Pdxdc1,0.04467836,0.12538233
Mpv17l,0.034826994,0.20771149
Ifitm7,0.0,1.0
2900011O08Rik,-0.0010065739,0.18350494
Marf1,0.0410749,0.2557167
Nde1,0.016240835,0.2824995
Myh11,-0.0011061456,0.4226497
Fopnl,-0.01714158,0.50687313
Abcc1,-0.03612903,0.09360605
Snai2,-0.00083346316,0.5826773
Efcab1,0.12038663,0.20573545
Gm21897,0.0,1.0
Ube2v2,-0.0069871545,0.81397307
Mcm4,0.09005396,0.15398514
Prkdc,0.0048278924,0.71714777
Mzt2,0.070447244,0.05539411
Spidr,0.032623887,0.08186143
Pkp2,-0.007124344,0.60335094
Yars2,-0.0049556345,0.78666633
Dnm1l,-0.0022259653,0.9339594
Fgd4,0.018010959,0.7641594
Spag6l,0.13816833,0.03968552
Igll1,-0.0022149787,0.14779358
Vpreb1,-0.08125817,0.10884122
Top3b,-0.014497772,0.41429147
Ppm1f,0.0053704157,0.8222717
Mapk1,0.032386094,0.3465311
1700056N10Rik,-0.0012910999,0.36649173
Ypel1,0.006438922,0.4131925
Ppil2,0.060903385,0.063172616
2610318N02Rik,-0.0014607994,0.2478121
Sdf2l1,-0.12728989,0.27985558
Ccdc116,0.0,1.0
Ydjc,-0.008696092,0.23577075
Ube2l3,-0.003629446,0.7073059
Gm15648,-0.0039049797,0.7216026
Rimbp3,0.0,1.0
Hic2,0.04644054,0.16717014
Gm26635,0.0,1.0
Tmem191c,0.009908844,0.63501126
Pi4ka,0.012174927,0.7340445
Serpind1,0.0024260841,0.6586515
Snap29,-0.008795179,0.65759903
Crkl,-0.0033056801,0.4655955
Aifm3,-0.081907466,0.41729766
Lztr1,0.02795364,0.081474476
Thap7,-0.0031566843,0.9123098
Lrrc74b,0.17160729,0.14963049
P2rx6,0.0030057952,0.8273044
Slc7a4,-0.07223439,0.10758795
Smpd4,0.00085414574,0.9685582
Ccdc74a,0.15122446,0.053644232
Med15,0.02760467,0.2435647
Klhl22,0.00873043,0.25544393
Scarf2,0.024036309,0.3307285
Car15,-0.000817033,0.28284353
Gm20518,0.0,1.0
Dgcr2,0.022434495,0.17659934
Tssk1,-0.0017857866,0.36790684
Dgcr14,0.030914742,0.26819947
Slc25a1,-0.02452968,0.5822215
Dgcr6,-0.044612765,0.2920852
Prodh,-0.046443656,0.22888903
Rtn4r,0.019781241,0.15238664
Zdhhc8,0.00394791,0.87887806
Ranbp1,0.19636974,0.014083798
Trmt2a,0.01742782,0.19027995
Dgcr8,-0.0060800724,0.32658508
Tango2,0.016660728,0.5614889
Arvcf,0.13896447,0.04341242
Comt,-0.022945821,0.69305444
Txnrd2,0.009329118,0.63755995
Gnb1l,-0.0033474797,0.3364433
Gm16314,0.0,1.0
Tbx1,-0.0024816492,0.080729015
Gp1bb,0.0069378596,0.5191523
Sept5,0.0020943526,0.6566861
Cldn5,0.0010493016,0.7552947
Cdc45,-0.0016563786,0.7725839
Ufd1l,2.8982759e-05,0.9984804
2510002D24Rik,0.06184771,0.07419557
Mrpl40,0.07739332,0.010602278
Hira,0.001216393,0.9068686
Lamp3,0.0,1.0
B3gnt5,0.000515189,0.93945843
A930003A15Rik,-0.0020860508,0.19310743
Klhl6,0.015636679,0.494977
Klhl24,0.01488246,0.41888142
Yeats2,0.017791145,0.1466188
Map6d1,0.015480829,0.27824017
Parl,0.033667922,0.576234
Cyp2ab1,0.009809703,0.612122
Abcc5,0.103074074,0.33858305
Eif2b5,-0.015344575,0.6735624
Dvl3,0.002433369,0.7354404
Ap2m1,-0.084776044,0.44768497
Abcf3,-0.0033287257,0.8339949
Vwa5b2,0.0,1.0
Alg3,-0.06693834,0.082415834
Ece2,0.008200971,0.6880305
Camk2n2,0.049701795,0.03952946
Psmd2,0.04264897,0.49211767
Eif4g1,-0.0031249821,0.96959496
Fam131a,0.03874898,0.277236
Clcn2,0.044786997,0.2213218
Polr2h,0.06850505,0.23428476
Thpo,-0.00023984176,0.76979196
Chrd,-0.004139453,0.09616272
Ephb3,0.0027360157,0.71229035
Vps8,-0.017995298,0.54641646
2510009E07Rik,-0.02387045,0.27415892
Ehhadh,-0.023174081,0.13379946
1300002E11Rik,0.007915147,0.6678211
Map3k13,-0.0019254703,0.11748415
Tmem41a,0.027710792,0.35286304
Liph,0.017225008,0.14602613
Senp2,0.015686981,0.6649365
Igf2bp2,0.0012737849,0.5735215
Tra2b,0.13234013,0.06030636
Etv5,0.0031792633,0.73737454
Dgkg,0.016152786,0.5085006
9230117E06Rik,0.0,1.0
Tbccd1,0.028453384,0.18430804
Dnajb11,-0.1534251,0.07120417
Fetub,0.008579906,0.3120013
Kng2,0.0061789793,0.18650287
Eif4a2,0.13052922,0.27669206
Rfc4,0.024830736,0.11006584
BC106179,0.0021120543,0.7670435
St6gal1,0.02870594,0.3320165
Rtp1,0.0017843609,0.24810652
Masp1,0.0,1.0
Rtp4,0.22531758,0.2550519
Sst,-0.00077584345,0.42264977
Bcl6,0.105964124,0.29314575
Lppos,0.04107272,0.12116831
Lpp,0.030607805,0.38073888
A230028O05Rik,-0.0010212689,0.6134605
Tprg,0.0037649798,0.49635822
Trp63,0.020962894,0.16106457
Gm4524,0.0021248378,0.42264977
P3h2,-0.01024029,0.5393202
Cldn1,-0.119700834,0.06745335
Il1rap,0.008235671,0.8361203
Gmnc,0.023155067,0.22338384
Ostn,0.0,1.0
Ccdc50,0.10466483,0.2922959
Fgf12,-0.00018803698,0.42264965
Mb21d2,-0.0006086314,0.8492738
Hrasls,0.11082412,0.12075352
Atp13a5,-0.005194358,0.23775831
Atp13a4,-0.00944813,0.17477234
Opa1,-0.021680936,0.5161407
Gm26834,0.0,1.0
Gm26569,0.000114754774,0.96303684
4632428C04Rik,0.0016703156,0.5656564
Hes1,0.21077907,0.2191998
Gm26562,0.0,1.0
Gp5,0.0021305315,0.5320506
Atp13a3,0.003801018,0.92561734
Tmem44,0.0036314707,0.83410144
Lsg1,0.014558747,0.3053516
Fam43a,0.08299297,0.13640653
Xxylt1,-0.0037132623,0.6481512
Acap2,0.09045767,0.08076894
Ppp1r2,0.004068613,0.9299787
Apod,0.46587664,0.057297785
Bdh1,5.403161e-05,0.9992154
Gm15743,0.008131049,0.29209754
Dlg1,0.066532426,0.2781641
Mfi2,0.011469519,0.3705234
Pigz,-0.006677799,0.6821129
0610012G03Rik,-0.20445055,0.08543946
Ncbp2,0.0634893,0.07280423
Senp5,0.00029645115,0.9850341
Pak2,0.14005813,0.11658258
Pigx,0.027476475,0.60532135
Cep19,0.031194165,0.59273595
Nrros,0.10291257,0.06824803
Bex6,0.0023698877,0.2677845
Fbxo45,0.020443002,0.042224713
Wdr53,0.010739807,0.2608672
Smco1,0.0,1.0
Rnf168,0.01972942,0.1165435
Ubxn7,0.03410226,0.2645254
Tctex1d2,0.12107566,0.1250026
Pcyt1a,0.045872495,0.43535918
Slc51a,0.0,1.0
Zdhhc19,0.0,1.0
Tfrc,-0.019521452,0.23527668
Tnk2,0.0058312397,0.7174097
Muc4,0.0,1.0
Rubcn,0.02221321,0.25744933
Fyttd1,-0.006896436,0.87291104
Lrch3,0.041874103,0.30583525
Iqcg,0.18598275,0.1880177
Rpl35a,0.08958435,0.6133069
Lmln,0.019468904,0.33665842
Osbpl11,0.057327308,0.017597815
Snx4,0.08126864,0.045334235
1700007L15Rik,0.037663944,0.20149776
Zfp148,0.061095193,0.47801736
Slc12a8,0.010085987,0.20745176
Heg1,0.07764753,0.367816
Muc13,0.0,1.0
Itgb5,0.053257525,0.4139762
Umps,0.03678388,0.15551424
Gm15829,0.00022570335,0.87700325
Kalrn,-0.06494576,0.10427643
Ccdc14,0.015045753,0.23828533
Mylk,0.037485134,0.019571017
Hacd2,0.1479919,0.07184934
Adcy5,0.02457283,0.14698529
Sec22a,-0.019308254,0.4778067
Pdia5,0.0012798514,0.79272074
Sema5b,0.001900211,0.5187554
Dirc2,0.027351964,0.3969311
Hspbap1,0.009114241,0.44876128
Parp14,0.06873008,0.07846409
Dtx3l,0.04347005,0.14662722
Parp9,0.039811574,0.059929475
Gm15564,-0.0001551112,0.9288688
Kpna1,-0.014485911,0.44216987
Wdr5b,0.010977723,0.30570927
Fam162a,-0.033670157,0.2853245
Ccdc58,0.030828282,0.30038404
Stfa2l1,-0.005021274,0.9554112
Gm5483,0.01802925,0.84034485
Gm5416,-0.005895477,0.19405769
2010005H15Rik,-0.0009355005,0.8310848
Stfa1,-0.026054066,0.39061436
BC100530,-0.030442795,0.3849226
Stfa2,-0.004579818,0.86697376
Stfa3,-0.010244127,0.5269336
Cd86,0.052809592,0.28430292
Ildr1,0.025453523,0.27509126
Slc15a2,0.096314326,0.3114224
Eaf2,0.00060325256,0.8822405
Iqcb1,0.050632633,0.20296374
Golgb1,0.16115099,0.17831174
4930565N06Rik,-0.0004623472,0.4226497
Hcls1,0.10532628,0.31931555
Fbxo40,0.0,1.0
Polq,-0.0014204767,0.584431
Stxbp5l,-0.0013705421,0.26543388
Gtf2e1,0.001418462,0.7673221
Rabl3,0.0041198246,0.80521554
Hgd,0.0,1.0
Ndufb4,0.11132276,0.24558927
Fstl1,0.034222312,0.1424119
RP23-198F11.3,0.0,1.0
Lrrc58,0.00843069,0.81423706
Gpr156,0.0034044567,0.08203365
Gsk3b,0.06893337,0.18633021
Nr1i2,0.00045335747,0.6828751
Maats1,0.136884,0.027903298
Cox17,-0.006477654,0.96586794
Popdc2,0.008254695,0.24070734
Pla1a,0.010699967,0.24818477
Adprh,0.10383716,0.22465067
D930030I03Rik,-0.0015243487,0.57793266
Cd80,-0.00066137314,0.92458004
Timmdc1,0.016250353,0.47405025
Poglut1,0.036046773,0.2101754
Tmem39a,0.029586222,0.25614342
Gm17103,0.0,1.0
Arhgap31,0.07394035,0.13716613
B4galt4,0.007845186,0.80734545
Upk1b,0.004330688,0.64470094
Igsf11,0.066518664,0.2164903
Lsamp,0.017586632,0.011599879
Gap43,0.000709199,0.7004302
Zbtb20,0.41926163,0.13422748
Gm9968,0.0009648,0.7456169
Gm15713,0.0,1.0
Tigit,0.0,1.0
Qtrtd1,0.007946443,0.57771903
Ccdc191,0.13847366,0.12722751
Zdhhc23,0.0022402564,0.32538936
Gramd1c,0.017306358,0.47791094
Atp6v1a,-0.25421605,0.0335699
Naa50,0.03038904,0.4666181
Usf3,0.00373983,0.781609
Sidt1,-0.0012143572,0.42264965
Gm26732,0.0,1.0
Spice1,0.04121592,0.15652491
Cfap44,0.12709211,0.13306265
Boc,0.030997984,0.11495956
Nepro,0.012697244,0.2144912
Gtpbp8,0.014156263,0.5033569
Cd200r1,-0.006290006,0.48623523
Cd200r4,0.0017654398,0.6435626
Cd200r3,-0.0009152993,0.7727791
Ccdc80,0.04607162,0.020063167
Slc35a5,0.03491363,0.22315726
Atg3,0.010546833,0.9160947
Btla,0.006125249,0.4528227
Cd200,0.021362156,0.135698
Gm609,0.0,1.0
BC016579,0.0,1.0
Tmprss7,0.00052881346,0.5911764
Tagln3,0.027894985,0.09298109
Abhd10,0.041033145,0.07704155
Phldb2,-0.0060599484,0.6502767
Gm15640,-0.00050425634,0.4226497
Gm15638,-0.0008229797,0.4226497
Plcxd2,0.0034402113,0.4330036
Cd96,0.0,1.0
Pvrl3,0.05554172,0.124661624
Dppa2,0.0,1.0
Morc1,-0.00096248306,0.12559868
Trat1,0.0,1.0
Retnlg,-0.11562216,0.79694104
Dzip3,0.033898406,0.41095528
C330027C09Rik,-0.0014385981,0.80500793
Myh15,0.0,1.0
Ift57,0.026464522,0.50626963
Cd47,0.12200433,0.5265437
Bbx,-0.0019287616,0.9729606
G730013B05Rik,0.0030949041,0.4226497
Dubr,0.03134404,0.15794602
1700116B05Rik,0.0,1.0
Cblb,0.060396634,0.23497152
Alcam,0.14607799,0.043840554
Nfkbiz,0.1927606,0.1572581
Nxpe3,0.010855309,0.3937393
Cep97,0.015809275,0.50452554
Rpl24,0.08090091,0.25403702
Zbtb11os1,0.035066843,0.51864725
Zbtb11,0.045333035,0.04096928
Pcnp,0.001845777,0.98421675
Trmt10c,-0.0030329674,0.82999045
Senp7,0.018514454,0.35939085
Impg2,-0.0014325394,0.52326614
Abi3bp,-0.0065414896,0.29589003
Tfg,-0.042434722,0.34041816
Tmem45a,0.0048887483,0.42264965
Tomm70a,-0.017425291,0.5767812
Nit2,0.0105353445,0.32386455
Gm16892,0.0,1.0
Tbc1d23,0.022623524,0.4873651
Tmem30c,0.0031479988,0.25799462
Cmss1,-0.0075001717,0.8022741
Filip1l,0.08874713,0.29148066
Col8a1,-0.19904068,0.08137295
Dcbld2,0.0058353487,0.7314452
St3gal6,0.14843622,0.057261497
Gm813,0.0,1.0
Cpox,0.07649577,0.118460916
Cldnd1,0.11411928,0.33627224
Mina,0.029684167,0.13579197
Crybg3,0.01499689,0.38990197
Arl6,-0.073521495,0.13330233
Epha6,0.0,1.0
Nsun3,0.008581765,0.49245062
Arl13b,0.048640758,0.11883275
Stx19,0.0050519626,0.21262167
Pros1,0.17620261,0.0019304572
Epha3,-0.000662551,0.84987634
4930453N24Rik,0.05728422,0.17173359
Zfp654,0.021790318,0.47783285
Cggbp1,0.017893046,0.6505526
Htr1f,-0.0007332395,0.22604458
Pou1f1,0.0,1.0
Chmp2b,0.09060125,0.08713706
Vgll3,-0.013433433,0.060300875
Cadm2,-0.09881391,0.17049353
Gbe1,-0.023797154,0.40235105
Robo1,0.016961826,0.04535869
Robo2,0.021990102,0.079015516
Rbm11,-0.0015419779,0.49262014
Hspa13,-0.0133212805,0.54293776
Samsn1,0.16091426,0.30684537
Nrip1,0.08785615,0.15568773
Gm9843,0.016796052,0.45063162
Usp25,0.02205649,0.65507615
Cxadr,0.0120885,0.7237083
Btg3,0.0033302754,0.8813493
D16Ertd472e,0.014241943,0.31774673
Chodl,0.0,1.0
Ncam2,0.02165059,0.022877479
Gm21833,0.000404875,0.42264965
Mir155hg,-0.0058783153,0.1768647
Mrpl39,0.037359953,0.14994012
Jam2,0.08119306,0.009804301
Atp5j,-0.3152789,0.110957995
Gabpa,0.0016660541,0.8897019
App,-0.31162727,0.031634375
Cyyr1,-0.0005746526,0.88121665
Adamts1,-0.032015458,0.45848554
Adamts5,-0.00049796235,0.9693969
N6amt1,0.0018240586,0.9442492
Ltn1,0.01068192,0.7168365
Rwdd2b,-0.011221246,0.07714389
Usp16,-0.0039006248,0.88577783
Cct8,0.011154711,0.6576734
Map3k7cl,-0.00018658322,0.42264977
Bach1,0.067350306,0.19493476
2810407A14Rik,0.001278167,0.42264965
Grik1,-0.00033378243,0.4226497
Cldn8,0.0,1.0
Krtap8-1,0.003381366,0.52239746
Krtap7-1,-0.0036029378,0.33696792
Tiam1,0.067121744,0.02609571
Sod1,-0.07908225,0.5624454
Scaf4,0.039701294,0.13014035
Hunk,0.037638985,0.25770482
Mis18a,0.044393606,0.26007792
Gm17518,1.6384758e-05,0.99350065
Mrap,0.006813458,0.2493136
Urb1,0.02084443,0.04412679
Eva1c,0.016646702,0.5567572
1110004E09Rik,0.055280983,0.37624753
Synj1,0.18048789,0.12850802
Gm15965,-0.0011494375,0.4226497
Paxbp1,0.057980474,0.26984712
4932438H23Rik,0.01284495,0.77732944
Gm9881,0.0,1.0
Olig2,0.017443344,0.36123738
Olig1,0.12378158,0.014407721
Ifnar2,-0.10111585,0.16219309
Il10rb,-0.03009656,0.36100453
Ifnar1,0.08106165,0.06652472
Ifngr2,0.06189929,0.26951426
Tmem50b,0.06669462,0.14025782
Dnajc28,0.013868401,0.22122352
Gart,0.021700606,0.29181263
Son,0.29319388,0.15777068
Donson,0.027975824,0.11738422
Atp5o,-0.30790067,0.09097973
Cryzl1,0.091208056,0.04395752
Itsn1,0.015084438,0.3903357
Mrps6,-0.29722244,0.08007995
Slc5a3,-0.027262002,0.61921406
Kcne2,-0.57729864,0.05885925
Smim11,-0.043151677,0.26685408
Rcan1,0.025843404,0.20172697
Clic6,-0.5108182,0.10371807
Runx1,0.063476115,0.3028782
Gm26626,0.0,1.0
Setd4,0.042363625,0.24800235
Cbr1,-0.060254216,0.51127344
Cbr3,0.08517666,0.26427138
Dopey2,0.009196419,0.37605718
2310043M15Rik,0.0,1.0
Morc3,0.027122699,0.27207696
Chaf1b,0.0077068796,0.2780361
Cldn14,0.0060611307,0.25675103
Hlcs,0.031796224,0.24105829
Ripply3,0.0007638377,0.4226497
Pigp,-0.06742716,0.3340525
Ttc3,0.0738942,0.19364272
Dscr3,-0.022193603,0.32290575
Dyrk1a,0.03522028,0.41702452
Kcnj6,0.0,1.0
Kcnj15,0.0,1.0
Erg,0.0049281586,0.5352032
Ets2,0.05642341,0.43568364
Psmg1,0.059925318,0.15225942
Brwd1,0.032019205,0.36372203
Hmgn1,0.20804393,0.07792566
Wrb,0.056968413,0.27577266
Lca5l,0.055662323,0.22753078
Sh3bgr,-0.0074869767,0.60129756
B3galt5,0.004603969,0.48500547
Igsf5,-0.030128658,0.10749632
Itgb2l,-0.022959456,0.527996
Pcp4,-0.3847844,0.24271356
Dscam,0.011865065,0.318576
Bace2,0.12563571,0.021662481
Mx1,0.006005692,0.081316575
Gm9242,0.0016573635,0.45067117
Tmprss2,0.0045730863,0.14447276
Ripk4,-0.018896919,0.096302636
Prdm15,0.008913662,0.14958133
C2cd2,0.0018478315,0.8581046
Zbtb21,0.00018896535,0.99063605
C030010L15Rik,0.00079797034,0.7791258
B230307C23Rik,0.011264515,0.5253489
Scaf8,0.043347463,0.17892882
Tiam2,0.03961045,0.23382695
Tfb1m,-0.0021134391,0.6998209
Cldn20,-0.0058143926,0.22846869
Arid1b,0.04034523,0.15725678
Tmem242,0.003638506,0.9007668
Ldhal6b,-0.003463382,0.21355833
Zdhhc14,-0.004429282,0.39372686
3300005D01Rik,0.0,1.0
Snx9,-0.015923016,0.40702838
Synj2,0.0069340747,0.14748056
Serac1,0.003056178,0.43589327
Gtf2h5,-0.2271756,0.019859772
Tulp4,0.024294853,0.75928193
Tmem181a,0.03293418,0.63347447
Dynlt1a,0.011927079,0.77938014
Gm26848,0.0015579803,0.18350847
Dynlt1b,0.0070115235,0.74935955
Dynlt1c,-0.016676426,0.88433856
Dynlt1f,0.054903075,0.38385123
Sytl3,-0.034393538,0.08646241
Ezr,-0.100317836,0.24248601
Gm2885,0.0040919506,0.39879692
Rsph3b,0.01583013,0.19487745
Tagap1,0.017101444,0.11822575
Rnaset2b,-0.2318033,0.049182862
Rps6ka2,0.016455993,0.6095767
Fndc1,-0.014564399,0.54477733
E430024P14Rik,0.034433074,0.2191012
Tagap,0.018950718,0.009972677
Rsph3a,0.011979632,0.70411897
Gm1604a,-0.007374568,0.6143766
Rnaset2a,-0.18894112,0.06845611
Fgfr1op,0.073778234,0.12586953
Ccr6,0.0025972042,0.42264965
Mpc1,-0.2683077,0.062656134
Sft2d1,0.046757594,0.38321403
Prr18,0.0833439,0.12924
Gm16702,0.0024888387,0.38528407
T,0.0023214698,0.4226497
Pde10a,0.020614453,0.258826
1700010I14Rik,0.01028354,0.26227462
6530411M01Rik,0.0,1.0
Pabpc6,0.0,1.0
Qk,0.32228056,0.055823155
1700110C19Rik,-0.00034660127,0.4226497
Pacrg,0.11065067,0.042333275
A230009B12Rik,-0.0023303623,0.61449146
Gm16168,-0.003081179,0.27546686
Park2,-0.0030211546,0.79445714
Gm28505,0.005189172,0.4226497
Agpat4,0.17748389,0.20329095
Map3k4,0.01746761,0.75248015
4732491K20Rik,0.012729423,0.25982794
Slc22a3,0.0033948994,0.45623472
Slc22a2,0.0038268664,0.422326
Igf2r,-0.054880545,0.4803355
Airn,0.034377802,0.27672374
Mas1,-0.0002962215,0.42264965
Pnldc1,-0.0005886244,0.4226497
Mrpl18,-0.009487838,0.78836274
Tcp1,0.031973183,0.764339
Acat3,0.019679977,0.149944
Acat2,0.030466724,0.08176521
Wtap,-0.008446813,0.5235154
Sod2,-0.059274554,0.48254305
Gpr31b,0.0,1.0
Tcp10b,0.0013789989,0.5482377
Unc93a,-0.00029632208,0.42264965
Tcte2,0.01454351,0.20955673
Gm16052,-0.002129072,0.31236064
Gm16049,-0.00024826272,0.82000923
Mllt4,0.0824289,0.06920701
Dact2,0.0057965983,0.18448408
Smoc2,0.04364191,0.04323926
Thbs2,0.0010362267,0.94536215
Wdr27,0.001011373,0.84269094
1600012H06Rik,-0.025461167,0.3631641
Phf10,-0.036553457,0.09962804
Gm3448,0.045108613,0.22668573
Ermard,0.045073636,0.21161182
Tcte3,0.031051043,0.33601835
Gm28873,0.005753383,0.45327577
Dll1,0.0028333361,0.3873661
A930024N18Rik,-0.0011408892,0.67970216
Fam120b,0.06610345,0.17761403
Psmb1,0.06796783,0.33941686
Tbp,0.024380151,0.080064945
Pdcd2,-0.011713311,0.31382263
Prdm9,-0.0048582596,0.4102292
Chd1,0.14833103,0.12148505
Rgmb,0.004562203,0.7038107
BC002059,0.0034484882,0.72565573
Zfp960,0.0013417476,0.80413705
Zfp97,-0.0007684557,0.9448199
Gm6712,0.012071444,0.26497087
Gm26873,0.0,1.0
Lix1,0.055575762,0.01386294
Lnpep,0.037211735,0.3640821
Spaca6,0.02411722,0.057733994
Has1,-0.0002995434,0.42264965
Fpr1,-0.0032243729,0.9690425
Fpr2,0.01842358,0.8314422
Gm7535,0.0037711393,0.47058812
Ppp2r1a,0.052852392,0.27279538
Zfp160,0.018411996,0.05147131
Zfp677,-0.0065329773,0.2609936
Zfp54,-0.010307344,0.15948673
Zfp51,-0.0050378013,0.5092226
Gm26753,0.0,1.0
Zfp53,0.015458537,0.21936381
9330136K24Rik,0.006688415,0.0607702
Zfp52,-0.007983132,0.24764279
Zfp948,-0.000950777,0.6881283
3110052M02Rik,0.0010898737,0.9022752
Gm10509,-0.0017460858,0.42264965
Gm10226,0.0,1.0
Zfp760,0.0050684568,0.5686614
Zfp229,-0.00027005374,0.9723196
Zfp820,-0.00894839,0.2385956
2210404O09Rik,-0.0076882495,0.31804982
Zfp942,0.004707597,0.77910775
Zfp943,0.0055121705,0.8415755
Zfp947,-0.006880745,0.37776655
Gm4944,0.013313124,0.13093714
Zfp944,0.0049269646,0.37773126
Zfp758,-0.0157842,0.029757533
Zfp946,0.008158613,0.6682607
Gm5493,-0.0003216759,0.42264965
Gm16386,0.0100685265,0.4226497
Zfp945,0.019560289,0.07673664
Zfp40,0.004999061,0.61146307
Zfp213,0.0006577298,0.9538135
Zfp13,0.0143579,0.09146026
Zscan10,-0.0024873517,0.19405144
Mmp25,-0.0017821891,0.6923846
Ccdc64b,-0.00023024766,0.42264965
Thoc6,0.025390055,0.027600637
Hcfc1r1,-0.14194989,0.114725746
Tnfrsf12a,-0.022759207,0.39734682
Cldn6,-0.0039975503,0.4226497
Cldn9,-0.023957184,0.2566124
1520401A03Rik,0.0,1.0
Pkmyt1,0.007458427,0.4302641
Paqr4,0.06439511,0.007962305
Kremen2,0.0,1.0
9530082P21Rik,0.0006274637,0.91401905
Flywch1,0.04068821,0.010403216
Gm16275,0.0,1.0
Flywch2,-0.04576964,0.07900421
D930048G16Rik,-0.0013428662,0.42264977
Srrm2,0.2018404,0.21619985
Tceb2,-0.42522287,0.04701935
Prss33,-0.0026307858,0.03492595
Prss41,-0.0050492096,0.15156269
Dcpp1,-0.0026448716,0.02158821
Sbp,0.0038405433,0.7727254
Sbpl,0.013336623,0.25783116
Prss30,0.010967437,0.0924887
Prss27,0.0,1.0
Kctd5,0.08075552,0.02067447
Pdpk1,0.02178181,0.47771856
Amdhd2,0.024023652,0.13924316
Gm43796,-0.03491852,0.0116206985
Atp6v0c,0.009188181,0.26378304
Tbc1d24,0.004698606,0.7202934
1600002H07Rik,0.006667251,0.52247894
Ccnf,0.011072214,0.37474945
Abca17,-0.0013933274,0.22540091
Abca3,0.04882326,0.28220287
Rnps1,0.09902628,0.05049441
Eci1,-0.07056245,0.5025811
Dnase1l2,-0.002400699,0.32724005
E4f1,0.023763277,0.08728957
Pgp,-0.031505644,0.4648047
Mlst8,0.008011235,0.611629
Bricd5,-0.0008402053,0.20021226
Caskin1,-0.002921287,0.82533723
Traf7,0.020636357,0.19777833
Rab26,0.0059013907,0.62768066
Rab26os,-0.0075586513,0.6771842
Pkd1,0.0044267103,0.8453219
Tsc2,0.009124078,0.7976561
Nthl1,0.0674976,0.055565882
Slc9a3r2,0.049131777,0.04776087
Npw,-0.00014060123,0.4226497
Zfp598,0.00485757,0.5921142
Syngr3,-0.009301169,0.13713215
Gfer,0.008216202,0.7347935
Noxo1,0.020830104,0.112994134
Tbl3,0.032707177,0.095897354
Rnf151,0.0,1.0
Rps2,0.2638111,0.166261
Snhg9,0.06489036,0.44742784
Ndufb10,-0.22516346,0.09278996
Rpl3l,0.026564706,0.17366505
Msrb1,0.2562868,0.37902725
Hs3st6,0.037124965,0.19495033
Hagh,-0.021812797,0.48751378
Fahd1,-0.026119791,0.39221835
Igfals,-0.003056612,0.11867709
Nubp2,0.029829375,0.43990052
Spsb3,0.032844163,0.41547847
Eme2,0.0113213975,0.49318546
Mapk8ip3,0.025249947,0.1836631
Mrps34,-0.007692516,0.8777297
Nme3,-0.041869536,0.035590008
Hn1l,-0.010223024,0.6121646
Cramp1l,0.008466087,0.39529514
Ift140,0.022708721,0.21703261
Tmem204,0.018542895,0.09577387
Telo2,0.024730517,0.4873702
Ptx4,0.012438624,0.47495598
Clcn7,-0.003742762,0.74975014
Ccdc154,0.0,1.0
BC003965,-0.021479487,0.33783785
Unkl,-0.0059885196,0.7065453
Gnptg,-0.0581239,0.18839031
Tsr3,0.0595389,0.04163463
Baiap3,0.0064670523,0.39927426
Ube2i,0.11790472,0.22090599
Prss34,-0.0052548437,0.42264965
Cacna1h,-0.0034758146,0.3375333
Tekt4,0.12939686,0.117867336
Sox8,0.01942302,0.18430108
Lmf1,0.0013684779,0.84692305
Gng13,0.010221685,0.08160414
Chtf18,0.006984229,0.33501738
Rpusd1,0.030256363,0.014930513
Mslnl,0.0,1.0
Msln,0.0,1.0
Narfl,0.010124199,0.29230237
Haghl,0.039687455,0.35005516
Ccdc78,0.09428007,0.13921262
Fam173a,-0.06854385,0.30498928
Metrn,-0.12773484,0.3498727
Gm26694,0.000850772,0.8400621
Fbxl16,-0.001893431,0.48542532
Wdr24,0.010622568,0.3275612
Jmjd8,-0.056500763,0.1771987
Stub1,0.008503318,0.9038885
Rhbdl1,0.0012683829,0.4226497
Rhot2,-0.034637414,0.16843666
Wdr90,0.024103899,0.343484
Fam195a,-0.041953087,0.43488666
0610011F06Rik,-0.15445086,0.15853196
Wfikkn1,0.0,1.0
Rab40c,0.04115717,0.021946011
Pigq,-0.021851517,0.11801884
Nhlrc4,0.03240237,0.23635517
A930017K11Rik,-0.0010040614,0.36048862
D630044L22Rik,0.0,1.0
Capn15,0.0017007021,0.37398815
1700022N22Rik,-0.0012578444,0.4226497
Rab11fip3,-0.0013355203,0.9183318
Decr2,-0.005488172,0.7921562
Nme4,0.0069209673,0.011543779
Gm8186,-0.0069477186,0.63203144
Tmem8,-0.010340665,0.64840233
Mrpl28,-0.050966322,0.54029137
Axin1,0.0029557645,0.90025383
Pdia2,0.0004987633,0.8914264
Arhgdig,0.20229512,0.22943619
Rgs11,0.028160285,0.23062102
Fam234a,0.0122632235,0.40256417
Luc7l,0.060753345,0.1971712
Neurl1b,0.00016354537,0.96266377
Dusp1,0.42801413,0.10207081
Gm8225,0.0,1.0
Ergic1,-0.01815746,0.49358562
Atp6v0e,-0.15906632,0.12624483
Crebrf,0.012017071,0.76129085
Bnip1,-0.01287882,0.24227418
Gm17382,0.0019980492,0.54894775
Kifc5b,0.0031410982,0.61930877
Phf1,0.06007494,0.009743138
Cuta,-0.014767587,0.8466099
Syngap1,0.011154216,0.3603436
Zbtb9,0.0,1.0
Ggnbp1,0.0058629364,0.7670836
Bak1,0.09563091,0.21440811
Itpr3,-0.0035500736,0.54462236
Uqcc2,-0.12326026,0.34925112
Ip6k3,0.012343717,0.07025938
Lemd2,0.0495148,0.26820228
Gm26724,0.012732143,0.2421292
Gm10505,0.0,1.0
Grm4,0.001216874,0.6584522
Hmga1,0.03883631,0.1566392
AI413582,0.035492532,0.35195535
Nudt3,-0.014133215,0.38735965
Rps10,0.17698431,0.053225722
Gm15420,0.018127684,0.17247652
Pacsin1,-0.0076825693,0.68863666
Spdef,-0.0015977155,0.1845683
D17Wsu92e,-0.01580657,0.52220243
Snrpc,0.09912093,0.022762287
Uhrf1bp1,0.10278196,0.071817905
Taf11,0.06528422,0.020227872
Anks1,0.03439703,0.18521222
Gm15598,0.0,1.0
Tcp11,0.0889654,0.15478106
Scube3,0.015167579,0.64445233
Zfp523,-0.02494172,0.2767498
Def6,0.066048175,0.15142097
Ppard,0.0064168163,0.57556087
Fance,0.026429765,0.2590455
Rpl10a,0.3171432,0.025571328
Tead3,0.020188836,0.2207802
Tulp1,0.0017493864,0.6271446
Fkbp5,0.005589418,0.87034214
Gm20109,-0.001258491,0.21970816
E230001N04Rik,0.0063628424,0.6720762
Lhfpl5,0.0,1.0
Srpk1,0.04346344,0.07098938
Slc26a8,0.0029789773,0.30238014
Mapk14,0.03353396,0.469766
Mapk13,-0.036329843,0.60072017
Brpf3,0.0083165,0.52017057
Pnpla1,-0.0026704406,0.42264965
4930539E08Rik,0.0,1.0
Kctd20,0.07023688,0.14081253
Stk38,0.12825866,0.20848231
Gm16196,-0.0003894018,0.85621536
Srsf3,0.13533479,0.098990336
Trp53cor1,0.0058264574,0.38049778
Cdkn1a,0.15718187,0.019466251
Rab44,-0.0049268026,0.7705976
Cpne5,-0.00014210922,0.42264965
Ppil1,0.013074607,0.3829426
BC004004,0.006449625,0.76920384
Pi16,0.032399587,0.69192255
Mtch1,-0.41136044,0.10409881
Fgd2,0.055598035,0.14862478
Gm26885,0.0010900653,0.55865455
Pim1,0.18898049,0.3718335
Tmem217,0.01616675,0.27319673
Tbc1d22b,-0.003940465,0.7098313
Tbc1d22bos,0.00061982416,0.59682935
Rnf8,-0.02590485,0.5000288
Gm28043,-0.0012792255,0.38055474
Cmtr1,0.016560158,0.3910051
Ccdc167,-0.11586498,0.20981835
Mdga1,0.003715604,0.3990195
Zfand3,0.016291425,0.52366716
Btbd9,0.04432667,0.08147149
Glo1,-0.13377762,0.27678674
1700097N02Rik,-0.0012002711,0.60751
Dnah8,-0.0018470217,0.3096354
Umodl1,0.002371831,0.2081404
Abcg1,0.03744092,0.08762414
Ubash3a,0.0,1.0
Rsph1,0.14645606,0.4881783
Slc37a1,-0.0029244479,0.76992416
Pde9a,0.01822936,0.27752674
Wdr4,0.022169534,0.22134954
Ndufv3,-0.39721125,0.10139431
4833413E03Rik,0.0,1.0
Pknox1,0.009089783,0.7400714
Cbs,0.104559615,0.08212775
U2af1,0.14667267,0.029238373
Cryaa,0.0021868006,0.49822855
Sik1,0.07041419,0.35216227
Hsf2bp,0.015065683,0.041342944
Rrp1b,0.0130404495,0.456065
Gm17276,0.017498814,0.13080601
Notch3,-0.00096388045,0.3029023
Ephx3,0.0,1.0
Brd4,0.11412965,0.13297004
Gm26549,0.00625466,0.2596385
Akap8,0.04402385,0.12840843
Akap8l,0.13166507,0.008365016
Wiz,0.007480005,0.63651067
Gm26858,0.0,1.0
Rasal3,0.0061711855,0.38003787
Pglyrp2,0.0,1.0
Cyp4f17,0.0058145975,0.44371012
Cyp4f16,0.050640248,0.19571103
Cyp4f15,0.029388934,0.10555518
Zfp871,0.024540074,0.4765021
Gm17115,-0.00040483868,0.42264965
Zfp811,0.0036892602,0.669213
Gm26693,0.0,1.0
Zfp799,0.008577611,0.60595214
Zfp870,0.012719947,0.029739292
Cyp4f14,0.016951729,0.41239408
Cyp4f13,0.029493406,0.097647175
Zfp472,0.005877859,0.52302265
Zfp952,-0.0022933707,0.82393044
Zfp763,0.0019697398,0.7766444
Zfp563,-0.0065203165,0.04394944
Morc2b,0.0,1.0
Zfp955a,0.02496303,0.14741582
Zfp955b,-0.0029645925,0.6053622
Zfp81,0.03244265,0.20272397
Zfp101,0.010202416,0.36727992
Actl9,0.0019165948,0.4226497
Adamts10,0.0075203003,0.4979148
Myo1f,0.12020718,0.15566666
Zfp414,0.035311576,0.15479971
Pram1,0.0034638979,0.9163046
Hnrnpm,0.17701384,0.04157218
March2,0.013584763,0.7049866
Rab11b,0.1422989,0.0140135065
Angptl4,0.027933076,0.18454407
Kank3,0.026571898,0.19538628
Rps28,0.1403439,0.632085
Ndufa7,-0.19489205,0.17908973
Cd320,-0.069088966,0.11933155
Kifc1,-0.0066062864,0.32768303
Platr17,0.013732687,0.27786916
BC051226,0.008943703,0.48198557
Daxx,0.042634357,0.018354407
Tapbp,0.12349206,0.007857103
Zbtb22,0.008995783,0.6826894
Gm19412,0.021437287,0.50734186
Rgl2,0.018055066,0.6135444
Pfdn6,0.032064438,0.20544091
Wdr46,0.017525725,0.1761933
B3galt4,-0.0005549891,0.9132459
Rps18,0.14537942,0.06817627
Vps52,0.046157155,0.105474845
H2-K1,0.4734133,0.032340035
Ring1,0.075595245,0.02795802
H2-Ke6,-0.0217008,0.75283253
Slc39a7,-0.03979531,0.48373947
Rxrb,0.008076072,0.7913583
Col11a2,0.012691404,0.3602008
BC051537,0.0,1.0
H2-Oa,0.011957788,0.2390445
Brd2,0.24156567,0.07767031
H2-DMa,0.11284357,0.06905206
H2-DMb2,-0.0040299376,0.73574394
H2-DMb1,-0.010540202,0.6344943
Psmb9,0.09761156,0.07162253
Tap1,0.0759171,0.040835075
Psmb8,0.21520346,0.07108529
Tap2,0.060632706,0.313556
Gm15821,0.013534868,0.38313782
H2-Ob,0.014556455,0.2628542
Gm20506,0.005177174,0.44761732
H2-Ab1,0.056272626,0.22247964
H2-Aa,0.031001605,0.36341137
H2-Eb1,0.036268916,0.16272418
H2-Eb2,0.0,1.0
Btnl2,0.0,1.0
BC051142,0.047908746,0.16197923
Notch4,0.011268468,0.42410135
Gpsm3,0.12069635,0.38311923
Pbx2,0.058749206,0.33144304
Ager,0.005492611,0.29715207
Rnf5,0.032926857,0.3085779
Gm20463,0.0038048308,0.56530875
Agpat1,-0.009667605,0.5821983
Egfl8,0.0021963338,0.6468474
Ppt2,-0.015667483,0.44717517
Prrt1,0.14154221,0.10131722
Fkbpl,-0.008971885,0.6734214
Atf6b,0.041377522,0.04494717
Tnxb,0.0011142369,0.5259918
C4b,0.11522585,0.12011149
Cyp21a1,0.0,1.0
Stk19,0.012255251,0.32726446
Dxo,0.038148634,0.1584489
Skiv2l,0.039344296,0.078770675
Nelfe,0.052397355,0.2642462
Cfb,0.04052008,0.2450282
C2,0.006224998,0.40224114
Zbtb12,0.023596192,0.083047315
Ehmt2,0.0994513,0.16513702
Slc44a4,-0.0024787164,0.36751586
Neu1,-0.0031572133,0.94845897
Hspa1b,0.15326394,0.13597652
Hspa1a,0.24862833,0.07931979
Gm20481,-0.000549707,0.4226497
Hspa1l,0.006452726,0.15670331
Gm10501,0.0029534441,0.53168905
Lsm2,0.007856548,0.8063683
Vars,0.018500581,0.593341
Vwa7,-0.0027285195,0.377206
Sapcd1,0.00025794795,0.9128382
Msh5,0.0011206185,0.56701285
Clic1,0.20656037,0.35389712
Ddah2,-0.007333219,0.8828089
G6b,0.0017549859,0.4605246
Ly6g6c,-0.00015372351,0.42264965
Ly6g6d,0.0014752885,0.6741075
Ly6g6e,-0.0009497069,0.4226497
Ly6g6f,0.0012970862,0.61790645
Abhd16a,0.041701555,0.3303129
Ly6g5b,0.00041231944,0.89593923
Csnk2b,0.047886997,0.33403262
Gpank1,0.026784018,0.2083466
Gm20522,0.019969208,0.46293646
D17H6S53E,0.009653255,0.3940814
Apom,-0.00034660127,0.4226497
Bag6,0.008848131,0.8798611
Prrc2a,0.035215974,0.51321536
Gm17705,0.0023952269,0.4255362
Aif1,0.08089123,0.059583813
Lst1,0.2527281,0.18501541
Ltb,0.06927539,0.37448138
Tnf,0.076226875,0.10421387
Lta,0.0,1.0
Nfkbil1,0.011710472,0.10150223
Gm16181,0.0,1.0
Atp6v1g2,0.011274433,0.26715586
Ddx39b,0.20781979,0.029365584
H2-D1,0.42456847,0.20093422
H2-Q1,-0.0025602698,0.23321012
H2-Q2,-0.00301058,0.102205716
Gm11131,0.004565574,0.414939
H2-Q4,0.13430977,0.01162022
H2-Q6,0.030470856,0.08533805
H2-Q7,0.12254895,0.1131526
H2-Q10,0.03915408,0.40632024
Pou5f1,0.0042305836,0.41285607
Tcf19,0.015682038,0.2779494
Cchcr1,-0.0045887735,0.6710329
Psors1c2,0.0006786874,0.42264977
Sfta2,0.0026839233,0.42264965
Vars2,-0.011164682,0.53036773
Gtf2h4,0.01569648,0.33261424
Ddr1,0.15745994,0.25620577
Gm4577,0.0002139979,0.9686306
Gm20443,0.0,1.0
Gm20442,-0.00061285583,0.42264965
Ier3,0.16899909,0.16064852
Flot1,0.01575905,0.8336118
Tubb5,0.029939532,0.75686604
Mdc1,0.041661654,0.1940848
Ppp1r18os,0.0069709625,0.17121144
Nrm,0.03644475,0.31496492
Ppp1r18,0.07760164,0.29936978
Dhx16,0.053098142,0.1472517
2310061I04Rik,0.027278207,0.05888123
Gm16279,0.0014630374,0.78152055
Atat1,0.025532998,0.11273874
Mrps18b,0.027927704,0.46664143
Ppp1r10,0.0638427,0.31288722
Abcf1,0.035452142,0.2403503
Prr3,0.06470057,0.09575478
Gnl1,0.0781426,0.19876413
Gm20508,0.00059514446,0.52918696
A930015D03Rik,0.009860961,0.3782097
H2-T24,0.017366571,0.0794126
H2-T23,0.16784343,0.08556849
H2-T22,0.072947696,0.2818437
Gm11127,-0.0002039477,0.4226497
BC023719,0.0013730532,0.42264977
Gm19684,-0.0011971208,0.18350795
Gm20478,0.0,1.0
Rpp21,-0.061221898,0.080040686
Trim39,0.03156633,0.28521192
Trim26,0.06591905,0.0056206016
Trim10,-0.00023128951,0.7997101
Rnf39,0.0,1.0
Ppp1r11,-0.020538867,0.7398135
Znrd1,0.055485874,0.3043388
Znrd1as,-0.004287526,0.88337654
2410137M14Rik,0.0,1.0
H2-M5,-0.0010939391,0.18745156
Zfp57,-0.0032377979,0.115452975
Mog,0.05976254,0.06737226
Gabbr1,0.008262455,0.8534863
H2-M3,0.029343985,0.15241212
H2-M2,0.0,1.0
Olfr111,0.0,1.0
Gm26917,0.12943912,0.1625188
Gm42418,-0.38549495,0.6120419
AY036118,-0.5303699,0.26577556
9130008F23Rik,0.009497251,0.020987494
Cenpq,0.0025802106,0.8070307
Mut,-0.037898496,0.40826556
Ptchd4,0.0004854913,0.51179934
Adgrf4,0.0,1.0
Adgrf2,0.0,1.0
Cd2ap,0.06055039,0.42473316
Tnfrsf21,0.04302445,0.16149193
Adgrf5,0.009237569,0.5276814
Mep1a,0.002705391,0.22212261
Ankrd66,0.09810962,0.190216
Pla2g7,0.3974369,0.14751653
1700071M16Rik,0.004216563,0.3692077
Tdrd6,-0.00091450993,0.23908821
Slc25a27,0.016817242,0.11996715
Cyp39a1,0.022870075,0.19575222
Rcan2,0.045707777,0.13253231
Enpp5,-0.14524955,0.13293414
Enpp4,-0.0071808696,0.7095992
Clic5,0.004392141,0.4420236
Runx2,0.06187942,0.34798875
Runx2os2,-0.0013846564,0.4226497
Runx2os1,-0.0018620358,0.6922945
Supt3,0.031213958,0.44965827
Cdc5l,0.07957116,0.014183881
B230354K17Rik,0.048583288,0.26712573
Spats1,0.0070304372,0.37678018
Aars2,0.0042653223,0.5865065
Tcte1,0.056854647,0.0068037948
Tmem151b,-0.005136276,0.12483038
Nfkbie,0.016733024,0.57623184
Slc35b2,0.008475043,0.4114719
Hsp90ab1,0.34946823,0.17484717
Slc29a1,0.05478125,0.49677268
Gm17080,0.0,1.0
Capn11,-0.0015618834,0.18403393
Tmem63b,-0.038625337,0.22064511
Mrpl14,-0.083134234,0.15919301
1600014C23Rik,-0.0044253203,0.10432215
F630040K05Rik,-0.0006147697,0.75562394
Vegfa,-0.051600315,0.050594833
Mrps18a,-0.06510255,0.408666
Rsph9,-0.07078618,0.26663914
Mad2l1bp,0.025944691,0.37938502
Gtpbp2,0.017682634,0.5142093
Polh,0.0014267362,0.49811316
Xpo5,-0.0012850892,0.79949206
Polr1c,0.0866314,0.034264464
Yipf3,-0.12747113,0.01883202
Lrrc73,0.064011134,0.07338267
Tjap1,0.0016838089,0.82936335
Gm26785,0.0015691734,0.62642854
Dlk2,-9.3739014e-05,0.91214937
Abcc10,0.015539449,0.31693566
Zfp318,0.025347743,0.25428236
Crip3,0.009400555,0.18409625
Slc22a7,0.0,1.0
Gm5093,0.0,1.0
Ttbk1,0.00054678344,0.78446597
Gm26904,0.0,1.0
Dnph1,0.030602083,0.06881033
Cul9,0.042740796,0.07981592
Srf,0.018149942,0.19341955
Ptk7,0.07256804,0.2401501
Klc4,-0.029441297,0.20186116
Mrpl2,0.0321856,0.20158702
Cul7,-0.0055991113,0.5837379
Rrp36,0.004981935,0.7153093
Klhdc3,0.05941301,0.20835657
Mea1,0.07682295,0.24691832
Ppp2r5d,0.029869542,0.14938286
Pex6,0.052922934,0.108953446
Gnmt,-0.035598934,0.58240443
Cnpy3,0.009690404,0.7874169
Ptcra,0.00014538306,0.9503652
2310039H08Rik,-0.02280119,0.5223911
Rpl7l1,0.07812856,0.0949736
Gltscr1l,0.039728746,0.018894315
A330017A19Rik,0.007873899,0.19924058
Tbcc,0.044030502,0.15411021
Ubr2,0.0951075,0.28920946
Mrps10,0.04695876,8.7990076e-05
Guca1b,-0.0011403703,0.539162
Guca1a,0.014503927,0.43463612
1700001C19Rik,0.0,1.0
AI661453,0.0017304064,0.45155868
Taf8,0.031530328,0.13948491
Ccnd3,-0.13620329,0.29642576
Bysl,-0.03594915,0.17745137
Med20,-0.003864184,0.829916
Gm20517,-0.0015807683,0.7937895
Usp49,0.013555474,0.18182649
Tomm6,-0.055664867,0.45731786
Gm21981,0.000404875,0.42264965
Tomm6os,0.011650848,0.32933778
Prickle4,-0.00015459466,0.95727813
Frs3,0.02349862,0.24289769
Pgc,0.0,1.0
Tfeb,0.05934499,0.053797986
Mdfi,0.00800202,0.15963429
Foxp4,0.00391867,0.7757629
Gm15556,0.0,1.0
9830107B12Rik,0.0121049825,0.61832863
A530064D06Rik,0.015163934,0.614949
Trem1,0.021177948,0.86302763
Trem3,0.11674869,0.30277744
Treml4,0.13153265,0.23263118
Treml2,0.0062373783,0.8385431
B430306N03Rik,0.055513967,0.26662326
Trem2,0.092324674,0.17397077
Treml1,0.0014052549,0.8708795
Nfya,0.02556217,0.32981452
Oard1,0.20183426,0.12997936
Apobec2,-0.008895939,0.26227126
Tspo2,-0.0009226464,0.83235335
Unc5cl,0.04086048,0.09769488
Lrfn2,-0.00011897832,0.9736674
Mocs1,0.018745229,0.3210103
Daam2,0.011360534,0.30213347
Kif6,0.084091336,0.022733621
Gm16555,-0.00040990734,0.42264977
Rftn1,0.04222683,0.2755905
Dazl,-0.0052134916,0.7816123
Plcl2,0.020072684,0.5169878
Gm7334,0.0017739434,0.6389076
Tbc1d5,0.0071556903,0.5385202
Satb1,0.03425875,0.32227808
Gm19585,0.0,1.0
Gm27217,-0.00034801709,0.4226497
Kcnh8,-0.00022222707,0.86338603
Efhb,0.05900022,0.021557808
Rab5a,-0.009864122,0.7306866
Pp2d1,0.0,1.0
Kat2b,-0.049693704,0.15206043
Sgol1,0.01278203,0.36587414
Sult1c2,-0.057518482,0.5084288
Sult1c1,0.057149,0.56725806
Slc5a7,-0.00070028385,0.42264977
St6gal2,0.0,1.0
Gm26547,0.0,1.0
Pot1b,0.04592446,0.010365745
Adgre4,0.1754256,0.17156275
Zfp119a,0.0017133458,0.8570131
Zfp959,0.009162132,0.518284
Zfp119b,0.0073635736,0.29611358
Ebi3,0.01826099,0.50432175
Gm16712,0.00068442145,0.67500556
Ccdc94,-0.007195805,0.08571787
Shd,0.0136674475,0.2547944
Fsd1,0.015888466,0.31552777
Stap2,-0.00040346157,0.56638676
Mpnd,-0.026590586,0.60427445
Sh3gl1,0.03256441,0.3039244
Chaf1a,0.059513535,0.20334946
Ubxn6,-0.061244696,0.25713733
Hdgfrp2,0.07066202,0.27393284
Plin4,0.0050509367,0.8243454
Plin5,0.09515286,0.16665766
Lrg1,-0.054860517,0.8232975
Sema6b,-0.0011046417,0.9252513
Tnfaip8l1,-0.004914772,0.29618388
Mydgf,-0.11508548,0.05597508
Dpp9,0.033479556,0.21457955
Fem1a,-0.016388468,0.44444484
Ticam1,-0.0085368045,0.53091186
Plin3,0.022556037,0.65153575
Uhrf1,0.022599613,0.011213153
Kdm4b,0.000528384,0.9541315
Ptprs,0.009699628,0.81441605
Safb2,0.14345893,0.10186343
Safb,0.082913965,0.0686365
2410015M20Rik,-0.13233829,0.2619208
Rpl36,-0.14192438,0.44280896
Lonp1,-0.0013188794,0.95989376
Catsperd,-1.5451922e-05,0.9880634
Ranbp3,0.042880245,0.07859882
Vmac,0.020808224,0.122035295
Ndufa11,-0.511094,0.10489624
Nrtn,-0.050241537,0.26280704
Dus3l,-0.009838998,0.45103964
Prr22,0.0,1.0
Rfx2,0.062362887,0.015964093
Acsbg2,0.00038024035,0.505688
1700061G19Rik,0.0010236747,0.42264977
Mllt1,0.02765125,0.27404085
Clpp,0.0035458207,0.943767
Alkbh7,-0.026412025,0.5719742
Pspn,0.0,1.0
Gtf2f1,0.063557155,0.017637854
Khsrp,0.064818926,0.08156329
Slc25a23,0.02325534,0.25610027
Crb3,-0.16889709,0.06457044
Dennd1c,0.032610115,0.2871157
Tubb4a,0.09294516,0.29318947
Gm11110,1.9430765e-05,0.9895222
Tnfsf9,-0.014898605,0.22065033
Cd70,0.0,1.0
Tnfsf14,-0.014908746,0.22527367
C3,0.20030011,0.10858571
Gpr108,-0.03500095,0.27828202
Trip10,-0.0010516047,0.97162956
Vav1,0.051585853,0.16438292
Adgre1,0.13341172,0.087159045
Cntnap5c,0.0018205064,0.4226497
Rpl7a-ps5,-0.00791053,0.14988081
Pdzph1,0.0,1.0
Nudt12,-0.0014133006,0.94064075
Efna5,0.005828902,0.5769662
Fbxl17,0.0038856864,0.9081069
Fer,0.012933306,0.32597098
Pja2,-0.001388818,0.9576781
Man2a1,0.021884605,0.6189179
Gm17133,0.0,1.0
Tmem232,0.07670984,0.14144517
Vapa,0.18178862,0.07052408
Txndc2,0.0,1.0
Rab31,0.09676184,0.110003315
Ppp4r1,0.004793398,0.74601203
Ralbp1,0.13756363,0.115678616
Twsg1,-0.026733525,0.22902304
Ankrd12,0.20522596,0.038742244
Ndufv2,-0.16356069,0.14247021
Wash1,0.026299655,0.14118159
Ddx11,0.0020998036,0.3460661
Mtcl1,0.021268457,0.5310936
Rab12,0.07160489,0.35731044
Ptprm,-0.0149455,0.15343013
Lama1,0.030449891,0.38513926
Arhgap28,-0.016147323,0.05108304
Tmem200c,0.023425091,0.48521852
Epb41l3,0.012130246,0.63625145
2410021H03Rik,0.0,1.0
Zbtb14,0.033308286,0.38006124
A930029G22Rik,0.003489826,0.04056732
C030034I22Rik,0.018290661,0.31617773
A330050F15Rik,0.0,1.0
Dlgap1,-0.057949334,0.16173391
5031415H12Rik,0.0015685777,0.50063294
Gm20703,0.011769341,0.25809082
Tgif1,0.08195858,0.17305973
Gm28727,0.026622985,0.08511212
Gm26510,-0.001720696,0.59056574
Gm26561,0.0,1.0
Myl12b,0.12234533,0.2652275
Myl12a,0.06367546,0.2518355
Myom1,-0.00065213395,0.4226497
Lpin2,0.009398416,0.75351316
Emilin2,0.012989968,0.9087801
Smchd1,0.16040063,0.050960183
Gm4707,0.010185337,0.238315
Ndc80,0.02242741,0.40562958
Spdya,-0.0036239722,0.27449384
Wdr43,0.02265253,0.34774962
Fam179a,0.058318414,0.13422215
Clip4,0.044513874,0.09232729
Alk,0.0015381054,0.48952135
Ypel5,0.07109168,0.18742192
Lbh,0.055222787,0.2554212
Lclat1,0.03217432,0.44674963
Galnt14,0.003155523,0.27223325
Ehd3,0.028385784,0.18535174
Xdh,0.035773814,0.5716394
Memo1,0.01338166,0.73499346
Dpy30,-0.030272186,0.6719068
Spast,-0.025927491,0.06429563
Slc30a6,-0.010767356,0.5959098
Nlrc4,0.0035030837,0.6205716
Yipf4,-0.15752646,0.034460537
Birc6,0.0060496926,0.6942392
Gm26749,0.0017754392,0.47348893
Ttc27,0.006757904,0.5469836
Ltbp1,0.0109107755,0.099428356
Rasgrp3,0.018478552,0.06329259
Fam98a,0.010290369,0.28233552
Crim1,0.052845426,0.07252905
Fez2,0.012938634,0.70123214
Gm10093,0.0010682363,0.6303347
Vit,0.167752,0.0411765
Strn,-0.014670692,0.55017716
Heatr5b,0.01047061,0.35631552
Gpatch11,-0.0046837777,0.8856199
Eif2ak2,0.11505513,0.0027533125
Gm26637,0.0009885745,0.40850523
Sult6b1,0.0012729183,0.66922224
Cebpzos,0.0124902725,0.72647554
Cebpz,0.10764894,0.041631173
Ndufaf7,0.025446936,0.43434185
Prkd3,0.08466075,0.10550691
Qpct,0.000519529,0.873127
Cdc42ep3,0.13106915,0.07626025
Gm17315,0.0050210985,0.29499477
Rmdn2,-0.01766427,0.13235651
4921513D11Rik,0.0,1.0
Cyp1b1,0.011034017,0.1709687
Atl2,-0.014222637,0.61115646
Hnrnpll,0.055201963,0.41060323
Galm,-0.05306778,0.17273904
Srsf7,0.10367939,0.15522958
Ttc39d,0.006052169,0.33241057
Gemin6,-0.016586076,0.3547424
Dhx57,-0.006724678,0.22562802
Morn2,-0.16928256,0.039377663
Arhgef33,0.009739949,0.49519518
Sos1,0.013952553,0.6977811
Cdkl4,0.055718943,0.25718665
Map4k3,-0.036300898,0.011660847
Tmem178,0.0026838987,0.625682
Thumpd2,0.011678957,0.3324288
Slc8a1,0.011870048,0.19103198
Pkdcc,-0.052051637,0.13283922
Eml4,0.03609747,0.1780981
Cox7a2l,0.05352962,0.44104952
Mta3,-0.003833428,0.8870975
Haao,0.0023577753,0.8770075
C430042M11Rik,-0.00055179157,0.42264977
Zfp36l2,0.25546652,0.093276106
Thada,-0.00084754825,0.8100156
Plekhh2,0.005397427,0.5699062
Dync2li1,0.075273335,0.31697288
Abcg5,-0.0015075873,0.4226497
Lrpprc,-0.0128801465,0.76724726
1110020A21Rik,0.0002708882,0.9659154
Ppm1b,-0.038289532,0.11356523
Slc3a1,-0.0010512089,0.20449479
Prepl,-0.0069477186,0.80298555
Camkmt,-4.2803586e-05,0.9863806
Six3,0.010503888,0.7888409
Gm28528,-0.000996339,0.42264965
Six2,0.004252271,0.5479761
Srbd1,0.032181565,0.013442503
Prkce,0.03774265,0.25618413
Gm10309,0.0,1.0
Epas1,-0.06355951,0.25059083
Atp6v1e2,0.0,1.0
Rhoq,0.022976592,0.6468098
Pigf,-0.06267365,0.015027784
Cript,0.021491885,0.6169659
Socs5,-0.010373278,0.36201057
Mcfd2,-0.057936102,0.1451841
4833418N02Rik,0.027533462,0.31713867
Ttc7,0.06016068,0.4274082
Gm15978,0.0022838258,0.42264965
0610012D04Rik,-0.0010943516,0.2327035
1700011E24Rik,0.0038416581,0.4166152
Calm2,0.25802553,0.24175441
Epcam,0.011127265,0.49254164
Msh2,0.019188005,0.5507548
Kcnk12,0.0029949797,0.5419633
Msh6,0.006639164,0.6714225
Fbxo11,0.09578836,0.16668297
Foxn2,0.028189719,0.57137704
Ppp1r21,0.04753319,0.03831615
Ston1,0.0003645108,0.9205021
Gtf2a1l,-0.0013111565,0.46019405
Lhcgr,0.0,1.0
Gm10184,-0.0027420486,0.05106918
Nrxn1,0.0012486987,0.89220554
Gm10308,0.0,1.0
Gm6741,0.0072104614,0.31031734
Adcyap1,0.002798124,0.42264965
Mettl4,0.01619459,0.25580776
Gm1976,0.0013905624,0.7072907
Gm26734,0.01155965,0.25039688
Gm20939,-0.0007536217,0.7397445
Zfy1,0.0,1.0
Uba1y,0.0,1.0
Kdm5d,0.013368361,0.41577196
Eif2s3y,0.08094585,0.24188487
Gm29650,0.0035493793,0.26278552
Uty,0.029784508,0.23658073
Ddx3y,0.034103125,0.34053037
Gm29554,0.003918874,0.6889513
Gm29343,0.0013261097,0.4226497
Erdr1,0.19427657,0.024535973
Crem,-0.021073766,0.21831366
Gm6225,-0.0016312174,0.4226497
Cul2,-0.027145498,0.16729149
G430049J08Rik,0.00035986447,0.69234025
Bambi,0.07424655,0.15921105
Map3k8,0.087370895,0.11447759
Gm26865,0.0,1.0
Mtpap,0.01677782,0.035621453
9430020K01Rik,0.0003391225,0.9698697
Svil,0.110407,0.1448498
Gm26682,-0.0024539623,0.4226497
Zfp438,0.0023926096,0.69028336
Zeb1,0.027166564,0.36439282
Arhgap12,0.02181378,0.68530285
Kif5b,-0.10716081,0.11235559
Rpl27-ps3,-0.030997224,0.039022915
Epc1,0.046850987,0.08406183
Gm28529,-0.0011925192,0.57333237
Rab18,-0.016818583,0.46649694
Mkx,0.0001112193,0.9231445
Armc4,0.09124895,0.27646393
Mpp7,-0.057321392,0.18942358
Wac,0.07645069,0.33378038
Fzd8,0.015318079,0.32610893
Ccny,0.050820485,0.32919112
Colec12,0.0362,0.3600907
Thoc1,0.019189388,0.31741837
Usp14,0.027514711,0.31196818
Rock1,0.032489985,0.6569758
Greb1l,-0.0007959429,0.1835091
Esco1,0.011938818,0.56298435
Snrpd1,0.0028652549,0.96959424
Abhd3,-0.10898323,0.2253606
4930563E18Rik,0.0007347159,0.42264965
Mib1,-0.014851585,0.6027172
Gata6,0.006858372,0.46713924
Rbbp8,0.014594194,0.5312678
Gm6277,-0.0019896212,0.61175215
Cables1,-0.02731771,0.07746167
Tmem241,-0.00510424,0.39161813
Riok3,0.007148683,0.86549306
3110002H16Rik,-0.015664548,0.24451812
Npc1,0.083174735,0.005732383
Gm15956,0.00027761396,0.7770227
Ankrd29,0.008432277,0.65287274
Lama3,0.015398337,0.069988474
Ttc39c,0.029024886,0.30772758
Cabyr,-0.00067738997,0.23722897
Osbpl1a,-0.03088653,0.5182924
Impact,0.10275717,0.19186229
Zfp521,0.040304475,0.25460932
Ss18,0.02698955,0.5087316
Psma8,0.0020981762,0.57237256
Taf4b,0.011276506,0.3128621
Kctd1,0.06231834,0.08995013
Aqp4,0.2658301,0.07098904
Gm10036,0.00083133637,0.7659481
Cdh2,0.10339657,0.13681312
Gm15485,0.0,1.0
Gm15328,0.0024691345,0.45077783
Dsc3,0.044235796,0.033804823
Dsc2,0.007202821,0.06748507
Dsg2,0.09402633,0.37518102
Gm16090,-0.0013395743,0.71365553
Ttr,-3.3369594,0.035853487
Gm10269,-0.0017926764,0.33970648
B4galt6,-0.06549111,0.0348569
Trappc8,0.06572199,0.043926504
Rnf125,0.0025696652,0.8043012
Rnf138,0.035270922,0.15718056
Garem,0.01656035,0.08051811
Klhl14,-0.0002527092,0.84777516
4930426D05Rik,-0.002872601,0.26873592
Asxl3,0.0027720165,0.3135373
Nol4,-0.007143274,0.669681
Dtna,0.031279966,0.1471471
Gm15972,-0.0057606734,0.5386486
Mapre2,0.09809397,0.03556471
Zfp397,0.05066166,0.06273245
Zscan30,0.0018443038,0.42264977
Zfp35,0.00857693,0.5932985
Zfp24,0.065218225,0.21226008
Ino80c,0.004842721,0.8584989
Galnt1,0.12149347,0.38182735
2700062C07Rik,0.018758677,0.17427929
Rprd1a,0.06432869,0.091876514
Slc39a6,-0.0025439262,0.86488324
Elp2,0.030999273,0.17598492
Mocos,0.00059841946,0.9617456
Fhod3,0.038122796,0.19971097
Tpgs2,0.008931443,0.6553743
AW554918,0.047283687,0.1236589
Celf4,0.021280333,0.47322696
Pik3c3,0.004957773,0.7382933
Rit2,0.095208496,0.12399175
Syt4,0.00059342757,0.8886503
Slc25a46,-0.0022463351,0.9386342
B930094E09Rik,0.0019103559,0.70950454
Sap130,0.013248131,0.4488134
Ammecr1l,0.058786027,0.012627351
Gm26533,0.0047521875,0.41085437
Polr2d,0.026148021,0.46596467
Wdr33,0.04906851,0.3831202
Gm26823,0.0,1.0
Sft2d3,0.0045849904,0.8566128
Lims2,0.017451297,0.42909327
Gpr17,0.00546184,0.5906092
Myo7b,0.0052996203,0.30575517
Iws1,0.058196686,0.086603165
Proc,-0.0012240646,0.072989814
Map3k2,0.04786978,0.2976951
Ercc3,0.009064421,0.7110287
A830052D11Rik,0.0046599573,0.647241
Bin1,0.111508965,0.17830667
Gypc,-0.0011817086,0.90968543
4930455D15Rik,0.0,1.0
Tslp,0.0048605334,0.32726893
Wdr36,-0.0023883432,0.8888639
Camk4,-0.02757325,0.044139795
Stard4,-0.006200714,0.57845813
Nrep,-0.03813333,0.085324205
Gm10549,0.00036560287,0.71933734
Epb41l4aos,0.036429234,0.54407704
Epb41l4a,0.060171604,0.10173353
Apc,0.11497645,0.14282444
Srp19,0.01835984,0.6094538
Reep5,-0.20242786,0.07432539
Pkd2l2,0.011063896,0.17760023
Fam13b,-0.021112673,0.43299967
Nme5,0.08104873,0.39395222
4933408B17Rik,-0.0019206405,0.89187545
Brd8,0.07890552,0.23496445
Kif20a,-0.0010126792,0.85841364
Cdc23,0.018274948,0.2820591
Cdc25c,-0.0063205715,0.49980927
Gm3550,0.0025268758,0.49714288
2010110K18Rik,-0.00054541015,0.42264965
Fam53c,-0.011159584,0.18660808
Kdm3b,0.0023413077,0.90467834
Gm26538,-0.0021752187,0.42264965
Reep2,-0.03777445,0.07117017
Egr1,0.36274788,0.23236549
Etf1,0.05571425,0.2057494
Hspa9,-0.006676078,0.8452361
Ctnna1,0.027332246,0.5690321
Lrrtm2,-0.004301401,0.8414808
Sil1,-0.09649016,0.24405499
Gm5239,0.0,1.0
Gm28285,0.0,1.0
Matr3,0.12056342,0.3414459
Paip2,0.09325266,0.45025325
Slc23a1,-0.001641811,0.6406512
Mzb1,0.006299966,0.5100089
Prob1,0.018846033,0.18599364
Spata24,0.18357962,0.22416402
Dnajc18,-0.008670434,0.634043
1700066B19Rik,0.0006315778,0.8552006
Ecscr,0.027216002,0.2164598
Tmem173,0.043272845,0.10954823
Ube2d2a,0.12183303,0.19568445
Cxxc5,0.03655632,0.19555454
Gm29417,-0.0008117892,0.4226497
Psd2,-0.0067541413,0.5840462
Nrg2,0.032586828,0.23674077
Pura,0.1247555,0.07879689
Cystm1,0.0062280297,0.815971
Pfdn1,-0.038040817,0.3786689
Hbegf,0.0217425,0.0026567862
Ankhd1,0.06565372,0.020920102
Sra1,0.031058729,0.64118963
Slc35a4,0.015784562,0.43016934
Cd14,-0.055546463,0.8147517
Tmco6,0.005095983,0.64868474
Ndufa2,-0.25107408,0.1134902
Ik,0.12741247,0.057708163
Wdr55,0.0055819713,0.7046874
Dnd1,0.0065805437,0.39055046
Hars,0.036660105,0.110948585
Hars2,0.01924799,0.17682102
Zmat2,0.07039085,0.30876634
Pcdha1,0.0,1.0
Pcdha2,-0.0007858794,0.42264977
Pcdha3,0.0,1.0
Pcdha4,0.0031105336,0.21503454
Pcdha5,0.0,1.0
Pcdha6,0.0,1.0
Pcdha7,-0.0005608702,0.4226497
Pcdha8,0.0010224617,0.4226497
Pcdha9,-0.000571265,0.74575377
Pcdha11,-0.00040558376,0.4226497
Gm10545,0.001262516,0.4226497
Pcdha11-1,0.0030528,0.33349004
Pcdha12,-0.00023012783,0.921625
Pcdhac1,0.0,1.0
Pcdhac2,-0.0025788182,0.16002654
Pcdhb2,0.0031180745,0.2833399
Pcdhb3,0.002137327,0.5082561
Pcdhb4,0.0023502936,0.5619642
Pcdhb5,0.0067138905,0.0052827513
Pcdhb6,0.0016646205,0.47729826
Pcdhb7,0.008971769,0.1705724
Pcdhb8,-0.0020177406,0.42881587
Pcdhb9,0.005230715,0.37184206
Pcdhb10,-0.0006416883,0.4226497
Pcdhb11,-0.0014497335,0.25568655
Pcdhb12,-0.006823158,0.10952268
Pcdhb13,0.0019226525,0.42115694
Pcdhb14,-0.0063119726,0.53148705
Pcdhb15,-0.00040037875,0.42264977
Pcdhb16,0.0069071036,0.010964539
Pcdhb17,0.0022964366,0.627729
Pcdhb18,-0.0021838923,0.3674272
Pcdhb19,-0.00458281,0.36070037
Pcdhb20,0.0024448982,0.29695356
Pcdhb21,0.0036385315,0.4200515
Pcdhb22,-0.0019142423,0.86793566
Slc25a2,-0.00049602013,0.42264965
Taf7,0.07542808,0.18282278
3222401L13Rik,0.055242468,0.12609906
Pcdhga1,-0.00050131837,0.67520815
Gm37118,0.0,1.0
Pcdhga2,0.0023304229,0.37545604
Pcdhga3,0.00051475666,0.87242216
Pcdhgb1,-0.0005168836,0.42264965
Pcdhga4,-0.00013872376,0.9700199
Pcdhgb2,0.0012018039,0.6632819
Pcdhga5,0.010292164,0.34945303
Pcdhga6,0.007545992,0.25289816
Gm37165,-0.00034712724,0.4226497
Pcdhga7,0.0028718058,0.56366235
Pcdhgb4,0.0061261626,0.36889032
Pcdhga8,0.0013535979,0.51630735
Pcdhgb5,0.00042656995,0.8982268
Pcdhga9,0.0010878772,0.58664054
Pcdhgb6,0.021841818,0.09860338
Pcdhga10,-0.004186407,0.4962584
Pcdhgb7,0.008317003,0.26042652
Pcdhga11,-0.00011759135,0.9722812
Pcdhgb8,0.00058815884,0.47816318
Pcdhga12,0.0160561,0.10226008
BC037039,-0.0008961051,0.77020174
Pcdhgc3,0.0146965105,0.10607647
Pcdhga8-1,0.02511375,0.24657525
Pcdhgc5,1.8889317e-05,0.99512845
Gm29994,0.0012252571,0.5974684
Diaph1,0.13388811,0.121401176
Hdac3,0.008263439,0.8982036
Rell2,0.0025101881,0.85180455
Fchsd1,-0.0021458569,0.40957528
Arap3,0.030289259,0.179517
Pcdh1,0.013202809,0.1878832
1700086O06Rik,-0.009169444,0.30348372
0610009O20Rik,0.004499674,0.8126415
Pcdh12,0.0,1.0
Rnf14,-0.048296764,0.31155282
Gnpda1,0.017654017,0.4846676
Ndfip1,-0.07195623,0.08765751
Spry4,0.0086635845,0.539268
Arhgap26,0.006091479,0.76803696
Fgf1,0.005764585,0.53860664
Gm15337,-0.0031459064,0.12420637
Nr3c1,0.13251635,0.1260733
Yipf5,-0.039107293,0.28505582
2900055J20Rik,0.0005291898,0.7309149
Kctd16,0.0005332061,0.42264965
Prelid2,0.0062692408,0.5386855
Sh3rf2,0.0005555572,0.9388916
Lars,0.02780044,0.37461394
Rbm27,0.028242245,0.11864443
Tcerg1,0.044624016,0.27260494
Ppp2r2b,0.00798749,0.41272986
Stk32a,0.012682602,0.6437265
Dpysl3,-4.8966613e-05,0.98614174
Eif3j2,0.00021238625,0.9789424
Jakmip2,-0.08193298,0.10174301
Scgb3a2,-0.0031362707,0.16074356
Dcp2,0.026353687,0.19438645
Mcc,0.0120789865,0.59354365
A930012L18Rik,0.0,1.0
Ythdc2,0.036152497,0.15461552
Kcnn2,-0.009160851,0.032473963
A330093E20Rik,-0.00015372351,0.42264965
Trim36,0.021145815,0.24337335
Pggt1b,-0.0051351134,0.12236653
Ccdc112,0.026423782,0.25510097
Fem1c,0.049511462,0.36523402
Ticam2,0.03245056,0.25886202
Tmed7,-0.04783377,0.5126151
Eif1a,0.031517416,0.5289339
Cdo1,0.035717748,0.00090487197
Atg12,0.014761299,0.2830642
Ap3s1,-0.029039979,0.74811167
Commd10,0.012156151,0.5198313
Sema6a,0.035862748,0.22641173
Eno1b,0.0020767716,0.7028519
Dtwd2,2.5032088e-05,0.99683446
Dmxl1,-0.009236589,0.772899
Tnfaip8,-0.032494485,0.45067495
Hsd17b4,0.07987198,0.07924358
Prr16,0.0,1.0
Gm4950,0.0004635223,0.62694293
Srfbp1,0.011431813,0.03633207
Lox,0.0050411825,0.18411833
Zfp474,0.09505864,0.15045916
1700034E13Rik,0.0014117657,0.3706754
Sncaip,0.0390885,0.07133662
Snx2,0.009192675,0.83372784
Snx24,-0.009254195,0.61091626
Ppic,0.014027383,0.15098135
Prdm6,0.003208834,0.20414016
Cep120,0.030871548,0.36519933
Csnk1g3,0.020341858,0.22833002
Redrum,-0.0007018898,0.42264965
Zfp608,0.05740187,0.113399886
Gm26742,-0.0012031252,0.42264965
Gm4221,0.007357636,0.29349613
Gramd3,0.013945468,0.41969547
Aldh7a1,-0.09953785,0.16153242
Phax,-0.017759606,0.47370797
Tex43,0.0,1.0
Lmnb1,0.010556951,0.9161455
March3,-0.00017694707,0.76639086
Gm15345,0.0,1.0
C330018D20Rik,0.03183266,0.014229844
Megf10,0.061854,0.05632081
Prrc1,-0.0011227727,0.95076627
Ctxn3,0.016790692,0.032678783
1700011I03Rik,-0.00068632234,0.5684068
Slc12a2,-0.32415834,0.16848965
Fbn2,0.002798124,0.42264965
Slc27a6,0.0,1.0
Isoc1,0.03069865,0.065882936
Adamts19,0.0,1.0
A730017C20Rik,0.020042773,0.19322008
Chsy3,0.0,1.0
Gm4951,0.004633771,0.5433387
Gm4841,-0.0010576276,0.4226497
F830016B08Rik,0.0010706653,0.42264965
Iigp1,0.011099273,0.28350896
Smim3,-0.00989414,0.8212889
Dctn4,0.020395294,0.3635788
Rbm22,0.09326818,0.12042836
Synpo,0.02009592,0.43857646
Ndst1,0.022336505,0.16320373
Rps14,0.19834948,0.012636488
Cd74,0.08554158,0.13893408
Tcof1,0.06314486,0.12511629
Arsi,0.0012072686,0.7086349
Camk2a,-0.0019854004,0.702393
Slc6a7,0.0,1.0
Pdgfrb,0.013068753,0.337829
Csf1r,0.33033288,0.07636089
Hmgxb3,0.01115093,0.5832833
Slc26a2,0.047818072,0.15734182
Pde6a,0.0018076282,0.22344176
Ppargc1b,0.0015004426,0.89246356
Arhgef37,-0.0006416883,0.4226497
Csnk1a1,0.19275987,0.21251996
Bvht,-0.0084604025,0.30048254
Mir143hg,0.0062597105,0.2998979
Il17b,0.04541906,0.044392973
Gm38165,0.014562284,0.2287611
Pcyox1l,-0.0098417215,0.6663465
Grpel2,0.0033004433,0.7789599
1500015A07Rik,0.03320096,0.19972113
Afap1l1,0.027519496,0.09376131
Ablim3,0.0036010514,0.5355156
Sh3tc2,-0.00073491497,0.42264965
Adrb2,0.13278532,0.099256955
Gm9949,0.012867196,0.4624328
Htr4,0.0,1.0
Fbxo38,0.029862262,0.10049769
Spink10,-0.0023131557,0.5661232
2700046A07Rik,0.0065287203,0.40693146
Apcdd1,0.0,1.0
Napg,0.14864635,0.12686662
Piezo2,-0.0005149441,0.7566355
Txnl1,0.00017404556,0.99657726
Wdr7,0.0073623136,0.44007745
St8sia3os,0.0,1.0
St8sia3,-0.0010588533,0.42264965
Onecut2,0.0009543825,0.49254885
Fech,0.036125764,0.20622446
Nars,0.042568415,0.07889052
Atp8b1,-0.0005744961,0.81262064
Nedd4l,0.042481165,0.15317678
Alpk2,-0.0005443254,0.42264977
Malt1,0.03687927,0.14280912
Zfp532,0.041295297,0.2224774
Oacyl,0.0019976352,0.4226497
Sec11c,-0.13207972,0.04009444
Grp,0.0,1.0
Rax,-0.0054442976,0.1803503
Cplx4,0.0,1.0
Lman1,0.06701994,0.4279016
Ccbe1,-0.011087408,0.21062197
Pmaip1,0.06539087,0.10321254
Mc4r,0.0,1.0
Gnal,0.07949728,0.21206437
Mppe1,0.0039435937,0.6235904
Impa2,-0.04328879,0.15513861
Cidea,0.04380688,0.30549434
Tubb6,0.023532724,0.16497155
Afg3l2,0.031115562,0.5302362
Slmo1,0.0024252655,0.7267056
Spire1,0.054675013,0.08736917
Gm17669,0.00084611826,0.6210298
Cep76,-0.0028178273,0.80485857
Psmg2,0.025725111,0.101807915
Ptpn2,0.04348185,0.1353802
Gm26910,0.0030255048,0.12321109
Seh1l,0.013892442,0.32245752
Cep192,0.0128954165,0.10901343
Ldlrad4,0.011169609,0.21313217
Fam210a,-0.031469077,0.17374614
Rnmt,0.04182397,0.44484296
Tcf4,0.2682816,0.18545894
Ccdc68,-0.013449799,0.045372616
Rab27b,-0.0025697052,0.037708044
4930503L19Rik,-0.00029461086,0.9818813
Stard6,0.01776063,0.15961772
Poli,0.0013180394,0.9101766
Mbd2,0.018581867,0.8430325
Dcc,-0.00030764492,0.22368138
Mex3c,0.04476031,0.040783733
Smad4,0.10484873,0.17915502
Elac1,0.008359356,0.08711716
Me2,0.036215976,0.5596118
Mro,0.20407861,0.14596932
Mapk4,-0.09411054,0.18507083
D730045A05Rik,-0.0054125674,0.058903832
Gm9925,0.008120548,0.5092051
Ska1,-0.0007980848,0.9325352
Cxxc1,0.016691744,0.48248652
Mbd1,0.013354551,0.5942935
Cfap53,0.08668497,0.16095361
Myo5b,-0.07065529,0.06498412
Acaa2,-0.26842785,0.14479993
Lipg,-0.034037646,0.51086783
Rpl17,0.2299285,0.017005814
BC031181,-0.12043697,0.048356086
Dym,0.010953873,0.43842962
Smad7,0.040520556,0.342086
Ctif,0.0023765266,0.7964403
Gm10532,0.0,1.0
Zbtb7c,0.007020745,0.31396332
Smad2,0.05815219,0.16568124
Ier3ip1,0.015247196,0.69893396
Hdhd2,-0.020932317,0.49177104
Katnal2,0.033770584,0.3855755
Pias2,0.038506195,0.31361908
Gm7276,0.0,1.0
St8sia5,0.012017935,0.42976898
Rnf165,0.008275682,0.014092449
8030462N17Rik,0.0018806662,0.9042208
A330094K24Rik,-0.0044371453,0.34268895
Haus1,-0.007933326,0.4882942
Atp5a1,-0.12549698,0.38689825
Pstpip2,-0.000667816,0.9206241
Epg5,-0.010353362,0.11304356
Slc14a1,0.0075010057,0.17937078
Slc14a2,0.17530107,0.12484808
Gm6133,0.00025954307,0.9426042
Setbp1,0.015968246,0.26731327
Pard6g,0.052496653,0.11866689
Adnp2,0.028242642,0.44752708
Rbfa,0.04435879,0.27790082
Gm16286,0.053533137,0.46921924
Txnl4a,-0.005737275,0.9240095
Hsbp1l1,0.015550498,0.25442865
Pqlc1,-0.018471897,0.5506134
Kcng2,-0.00060394325,0.7383469
Gm26676,-0.00027236182,0.7509959
Ctdp1,-0.010199709,0.017002407
Nfatc1,0.056368463,0.27853405
Atp9b,0.032754775,0.16799092
Sall3,0.0231107,0.1516121
Gm27239,-0.0005608702,0.4226497
Galr1,0.0,1.0
Mbp,0.4206992,0.063319504
Zfp236,0.0025130734,0.90102595
4930445N18Rik,2.9310584e-05,0.9877364
Zfp516,0.04283117,0.09642415
Tshz1,0.010104254,0.720983
Zadh2,-0.031324916,0.16219531
Zfp407,0.008159198,0.65094453
Cndp1,-0.02779654,0.14680707
Cndp2,0.027711943,0.6244773
Fam69c,-0.0106346235,0.32406777
Cyb5a,0.14352226,0.01668067
Fbxo15,0.007857854,0.33703294
Timm21,0.05281642,0.08767064
Neto1,0.0,1.0
Cbln2,0.0,1.0
Socs6,0.0075561777,0.8398083
Rttn,0.0022924151,0.6626875
Cd226,-0.0003432708,0.4226497
Dok6,0.0023735208,0.26434427
Tmx3,0.042222634,0.51178294
Ighmbp2,0.016468585,0.019315038
Mrpl21,0.09684959,0.06980463
Cpt1a,-0.030461997,0.43880627
Mtl5,0.0049555576,0.43053025
Ppp6r3,0.042356208,0.1294447
Lrp5,0.00028464198,0.99381864
1810055G02Rik,0.022877011,0.19288251
Suv420h1,0.07272797,0.24445015
Chka,0.096111715,0.052058067
Tcirg1,0.08225366,0.13674496
Ndufs8,-0.12633371,0.19826867
Aldh3b1,-0.0161708,0.71763986
Unc93b1,0.18094642,0.010081566
Aldh3b2,-0.00068982743,0.42264977
Acy3,0.00034886133,0.9677088
Nudt8,0.013806857,0.4066083
Doc2g,0.013150974,0.31531128
Ndufv1,0.020692736,0.740134
Gstp1,0.10576725,0.26507232
Gstp2,0.005121036,0.33870447
BC021614,0.0064553902,0.42264977
Cabp2,0.0,1.0
Cdk2ap2,0.20414343,0.17428654
Pitpnm1,0.03052704,0.05392499
Aip,0.09478909,0.21744919
Cabp4,-9.052854e-05,0.4226497
Gpr152,0.0,1.0
Coro1b,0.10383105,0.025811486
Ptprcap,0.001029097,0.7434699
Rps6kb2,0.020453379,0.07830679
Carns1,0.016671281,0.5166022
Gm17552,-0.00074385246,0.85027915
Tbc1d10c,0.011963613,0.7066468
Ppp1ca,0.01665765,0.85412365
Rad9a,0.037263222,0.09018154
Clcf1,0.0029676035,0.82304853
Pold4,0.030183092,0.46463996
Ssh3,0.011727069,0.4965146
Ankrd13d,-0.008019654,0.25966966
Adrbk1,0.146443,0.08907241
Kdm2a,0.115617335,0.09537339
Rhod,-0.030722067,0.49763575
Syt12,-0.017805647,0.22369842
Pcx,-0.002437748,0.9125731
Lrfn4,0.021306125,0.2599779
Rce1,0.01964172,0.52363765
Gm960,0.0,1.0
Sptbn2,0.005457887,0.14384794
Gm21992,0.00036791863,0.8468516
Rbm4b,0.03231339,0.2672046
Rbm4,-0.006721099,0.38634354
Rbm14,0.017025843,0.45882744
Ccs,0.05325803,0.28056458
Ccdc87,0.036743425,0.15670186
Ctsf,2.9832125e-05,0.99946076
Actn3,0.001325206,0.4226497
Zdhhc24,-0.016855078,0.18113945
Bbs1,0.034626007,0.26011503
Dpp3,0.048740514,0.014808492
Peli3,0.012827913,0.16756776
Mrpl11,0.0536654,0.13725904
Npas4,0.008457386,0.2986774
Slc29a2,0.0016874522,0.8123857
B4gat1,-0.0030673742,0.89472663
Brms1,0.023785517,0.17779952
Rin1,0.0054253507,0.102790415
Cd248,0.002605532,0.5247903
Tmem151a,0.039636146,0.13978533
Yif1a,-0.07992682,0.21274206
Cnih2,0.003380711,0.34534112
Rab1b,-0.008972496,0.6439182
Klc2,0.013069063,0.33308554
Pacs1,0.007383622,0.70490724
Sf3b2,0.15166265,0.11947119
Gal3st3,0.008653728,0.42883626
Cst6,-9.5366035e-05,0.98866296
Banf1,0.08301124,0.30040935
Eif1ad,-0.016783461,0.5048537
Sart1,0.053278588,0.007940297
Tsga10ip,-0.00060526386,0.4226497
4930481A15Rik,0.026188526,0.031773176
Drap1,0.0466581,0.45542765
AI837181,-0.01186046,0.46683675
Fosl1,-0.00254323,0.83758605
Ccdc85b,-0.025016293,0.628647
Fibp,-0.06852412,0.17801088
Ctsw,0.007367999,0.44339696
Efemp2,-0.072715044,0.24911046
Mus81,0.034383062,0.116676055
Cfl1,0.24552715,0.15876387
Snx32,-0.011434391,0.66634816
1700020D05Rik,-0.0014392206,0.5228489
Ovol1,-0.00091863825,0.42264977
Ap5b1,0.0021423586,0.73017186
Rnaseh2c,-0.041596383,0.3453844
Kat5,0.0048389584,0.6708728
Rela,0.03637646,0.26996827
Sipa1,0.067894764,0.112079196
Pcnxl3,0.0066035166,0.71205807
Map3k11,0.04347891,0.2128556
Kcnk7,0.021802038,0.27169147
Ehbp1l1,0.19813517,0.11268126
Fam89b,-3.1169504e-05,0.9981965
Sssca1,0.08180973,0.33297405
Ltbp3,-0.121936604,0.18261018
Scyl1,-0.007191837,0.46349955
Malat1,1.6204724,0.089351095
Neat1,0.47276342,0.18702127
Frmd8os,-0.0026084222,0.3602224
Frmd8,0.056990594,0.10646875
Slc25a45,0.051113985,0.07057375
Tigd3,0.017514646,0.25180915
Dpf2,0.040782645,0.37234637
Cdc42ep2,0.04731235,0.28867072
Pola2,0.01563177,0.10149297
Slc22a20,-0.005572509,0.4226497
Capn1,0.046291105,0.410596
Gm10814,0.0004339933,0.88245976
Syvn1,-0.01403892,0.22303349
Mrpl49,-0.020156771,0.58294576
Fau,0.11983895,0.33962902
Znhit2,0.08205961,0.22544952
Tm7sf2,-0.027914535,0.06691427
Vps51,-0.012240425,0.48261753
Zfpl1,0.03144502,0.09917292
Cdca5,-0.003531437,0.5440066
Naaladl1,0.0,1.0
Sac3d1,0.042329628,0.014707351
Snx15,0.011924297,0.4975916
Arl2,-0.057306886,0.5201066
Batf2,0.0016984374,0.58401823
1700123I01Rik,0.00039292,0.7792293
Gpha2,-0.0017845356,0.6864766
Ppp2r5b,0.03231326,0.3067199
Atg2a,0.025063608,0.42262587
Ehd1,0.050727442,0.5240903
Cdc42bpg,0.014691755,0.081407376
Men1,0.030258138,0.27050808
Map4k2,0.047722597,0.12848854
Gm14966,0.008414768,0.5520891
Sf1,0.11737436,0.029938588
Pygm,-0.034655064,0.4188579
Rasgrp2,0.13862535,0.10314381
Nrxn2,0.088296495,0.07147448
Gm14964,0.37023157,0.07950804
Slc22a12,0.03635066,0.2969271
Rps6ka4,0.018399552,0.5542127
Ccdc88b,0.067709595,0.0631466
Prdx5,-0.36951637,0.021286331
Trmt112,0.17032966,0.03179053
Esrra,-0.021622375,0.59845763
Tex40,-0.0005435087,0.95601535
Kcnk4,-0.004497969,0.2266562
Gpr137,0.0038193911,0.9229996
Bad,0.015471965,0.7633257
Plcb3,0.16183245,0.0653781
Ppp1r14b,0.089429915,0.32628673
Fkbp2,-0.40717012,0.07393591
Vegfb,0.0035010874,0.95495045
Dnajc4,-0.012492135,0.77195203
Nudt22,0.045220487,0.1341067
Trpt1,0.014370032,0.48136714
Fermt3,0.124334894,0.072408356
Stip1,0.029741049,0.71760356
Macrod1,0.07135853,0.10892234
Flrt1,0.02955654,0.06386719
Otub1,0.08746588,0.08918185
Cox8a,-0.54230213,0.078484885
Naa40,0.033836175,0.28863332
Rcor2,-0.00080603035,0.7927575
Mark2,0.0923395,0.12815283
Gm17227,0.0027014886,0.5244854
AI846148,0.004737865,0.5884605
1700105P06Rik,0.009705913,0.2608606
2700081O15Rik,0.031975344,0.20925294
Rtn3,-0.20405173,0.020975983
Atl3,0.037327517,0.11446489
Pla2g16,-0.061684787,0.6420554
Lgals12,-0.00019680872,0.96325105
Hrasls5,0.0,1.0
Slc22a19,-0.0023595076,0.5772348
Slc22a29,-0.0004493002,0.42264977
Slc22a8,-0.09706496,0.31741202
Slc22a6,0.035151757,0.36818916
Chrm1,-0.0001419324,0.93981975
Slc3a2,0.0068653226,0.9159672
Wdr74,0.0067192614,0.7575
1700092M07Rik,-0.00018658322,0.42264977
Stx5a,0.0628584,0.1444016
Nxf1,-0.11444479,0.1918383
Taf6l,0.048398435,0.31472626
Polr2g,-0.026750356,0.6832852
Zbtb3,-0.0035715722,0.35773194
Ttc9c,0.019755937,0.36518475
Hnrnpul2,0.022706658,0.6588344
Gng3,0.0019699275,0.81799716
Bscl2,0.01050885,0.56401116
Lrrn4cl,0.0004981882,0.8858422
Ubxn1,0.06687695,0.31019643
Uqcc3,-0.04553783,0.2977705
Lbhd1,-0.0064410735,0.50329405
1810009A15Rik,0.0123289265,0.5367263
Ints5,-0.0013857093,0.8788219
Ganab,-0.08057563,0.14177173
B3gat3,-0.053417087,0.1248174
Rom1,-0.115154564,0.004242744
Eml3,0.018133808,0.45114744
Mta2,0.063660495,0.23103635
Tut1,0.008162655,0.6177545
Eef1g,-0.04032433,0.44886124
Ahnak,0.24849096,0.066397555
Asrgl1,0.09716737,0.190382
Pcna-ps2,0.0034372944,0.4908684
Incenp,0.00414072,0.6787397
Fth1,0.21517873,0.12590115
Best1,0.0033551478,0.5899275
Rab3il1,0.017337665,0.5783693
Fads3,-0.10743878,0.10446469
Fads2,-0.032368094,0.021101713
Fads1,0.0062769055,0.92739064
Fen1,0.0066378675,0.67194605
Tmem258,-0.089877784,0.19094522
Myrf,0.025574856,0.043598264
Dagla,0.0033332133,0.15324876
Syt7,0.018677594,0.23097503
Lrrc10b,0.1407985,0.13519979
Ppp1r32,0.1548698,0.05792854
Sdhaf2,-0.021506459,0.20416598
Cpsf7,0.048681065,0.096654296
Tmem216,0.03644091,0.4222825
Tmem138,0.03414876,0.50640947
Cyb561a3,3.627164e-05,0.9847374
Tkfc,0.0006358065,0.96735007
Ddb1,-0.030550301,0.7707201
Vwce,0.0,1.0
Vps37c,0.0028845798,0.86220396
Cd5,0.0021327545,0.49930963
Cd6,0.0,1.0
Slc15a3,0.077920765,0.08308159
Tmem132a,-0.15549761,0.1304417
Tmem109,0.03233336,0.44689792
Prpf19,0.027710915,0.35274923
Zp1,0.0,1.0
Ptgdr2,0.0,1.0
Ccdc86,0.03529691,0.23252264
AW112010,0.102465756,0.3447031
Ms4a8a,0.008549478,0.7710416
4930526L06Rik,-0.0012082381,0.48915794
Ms4a1,0.0,1.0
Ms4a14,0.0,1.0
Ms4a7,-0.002594075,0.67286086
Gm28935,-0.0006854571,0.42264965
Ms4a4a,0.0024270106,0.38380745
Ms4a4c,0.05341486,0.36386612
Ms4a4b,-0.00080382917,0.8956183
Gm37387,0.0,1.0
Ms4a6c,0.17017704,0.19523431
Gm8369,0.010125115,0.12780365
Gm19261,0.0,1.0
Ms4a6b,0.088958725,0.19314335
Ms4a6d,0.03728365,0.5182025
Ms4a2,-0.0021264243,0.42264965
Ms4a3,0.09584737,0.40030485
Mrpl16,0.03573093,0.43773407
Stx3,0.0006252751,0.9770499
Patl1,0.015876327,0.22973524
Osbp,0.02768948,0.21338572
Mpeg1,0.13899504,0.15524867
Dtx4,0.018658193,0.08524858
Fam111a,0.09265211,0.15809377
Zfp91,0.16068442,0.16104078
Lpxn,0.01911696,0.36365485
Olfr1444,0.0,1.0
Tle4,0.019525766,0.7983546
Psat1,0.14177772,0.016987061
Cep78,0.00906616,0.2192793
C130060C02Rik,0.006693308,0.26045027
Gnaq,0.09167303,0.16779052
Gna14,0.008586745,0.35261595
Vps13a,0.022320315,0.21009074
Prune2,0.034748837,0.11439019
Gcnt1,0.09160458,0.19063991
Rfk,0.0039056242,0.91132087
Pcsk5,0.00072016194,0.64795727
Ostf1,0.060679853,0.7314286
Nmrk1,0.0067397654,0.4917832
Carnmt1,0.029191032,0.45540306
D030056L22Rik,0.040280327,0.09873349
Trpm6,0.0036599329,0.4565429
Rorb,0.0064993855,0.5474052
Anxa1,0.14775553,0.6544287
1500015L24Rik,-0.0008816206,0.42264965
Aldh1a1,0.11108816,0.093278885
Aldh1a7,0.0,1.0
Zfand5,0.26953557,0.20089935
Gda,0.1528014,0.48228562
1110059E24Rik,0.021679841,0.45479664
Abhd17b,0.038752526,0.058515318
Tmem2,0.018862024,0.41068512
Trpm3,-0.17296529,0.08136918
Gm27151,-0.0017137293,0.030240182
2410080I02Rik,0.012223992,0.4634461
Klf9,0.08260724,0.32120675
Smc5,0.039688215,0.22139148
Mamdc2,0.02135405,0.37059766
1700028P14Rik,0.12417476,0.11149405
Gm9493,0.008119428,0.3679469
Gm6563,0.0119454665,0.4290829
Ptar1,-0.0031573772,0.8049881
Gm9938,-0.00018449314,0.96795475
Apba1,0.012806723,0.07522965
Fam189a2,-0.07446112,0.25403357
Tjp2,0.06667854,0.071268804
Fxn,0.005875185,0.8361233
Pip5k1b,-0.22640534,0.05233957
Fam122a,-0.07840313,0.04821127
Tmem252,0.002369583,0.54719365
Pgm5,0.0152384015,0.20257877
Gm10053,0.0052569862,0.78436345
Cbwd1,0.013308518,0.5187597
Dock8,0.10810422,0.08446911
Kank1,0.028452016,0.172453
Dmrt1,0.005604242,0.41230658
Dmrt3,0.020373762,0.607474
Dmrt2,0.0,1.0
Smarca2,-0.024728239,0.680032
Vldlr,-0.11165596,0.17032884
Kcnv2,-0.0013644574,0.105489545
Pum3,0.023517556,0.25908238
Rfx3,0.03113304,0.54517674
Glis3,0.018780842,0.45905817
D930032P07Rik,-0.0013347272,0.1203928
Slc1a1,0.0013896519,0.7135944
4430402I18Rik,0.05589784,0.33580106
Plpp6,-0.017153304,0.18740329
Cdc37l1,-0.028370589,0.4157355
Ak3,0.022648245,0.40319777
1700018L02Rik,0.011157808,0.34386405
Rcl1,0.011023119,0.03773218
Jak2,0.047139794,0.21430676
Insl6,0.018322688,0.2000409
Rln1,0.016221154,0.0810362
Plgrkt,-0.015124038,0.5299278
Cd274,0.04550815,0.41579875
Pdcd1lg2,0.002888933,0.6689264
A930007I19Rik,0.0090636555,0.3202131
Ric1,0.010302383,0.70789933
Ermp1,0.017177276,0.50534636
Mlana,-0.0010401029,0.7193164
9930021J03Rik,0.06895623,0.07180433
Ranbp6,0.0010471866,0.9466993
Il33,0.0597443,0.07334508
Uhrf2,0.078774035,0.109569654
Gldc,-0.035540313,0.06668231
Prkg1,0.04627298,0.24271534
Cstf2t,0.027147405,0.40369907
Asah2,0.01958768,0.27069655
Sgms1,0.011304662,0.8144744
2700046G09Rik,0.026125528,0.608891
Rpl9-ps6,-0.014419479,0.1145788
Minpp1,-0.0019842386,0.9263979
Papss2,0.004590406,0.5536963
Atad1,0.02305676,0.636533
Pten,0.029174209,0.7955494
Rnls,0.0037121028,0.69935954
Lipo1,-0.03053678,0.10750988
Lipo2,0.0,1.0
Ankrd22,-0.004320043,0.8227098
Stambpl1,0.013967458,0.35646772
Acta2,0.22027832,0.08518132
Fas,0.08852065,0.20195219
Ch25h,0.010656974,0.49679565
Gm26902,0.0,1.0
Lipa,-0.0076357573,0.8612639
Ifit2,0.014982792,0.34899405
Ifit3,0.113872565,0.09849384
Ifit1bl1,-0.0006465558,0.815086
Ifit3b,0.07005974,0.027219003
Ifit1bl2,0.0025246185,0.5575798
Ifit1,0.13315354,0.21739236
Slc16a12,-0.052061237,0.07074626
Pank1,0.027666174,0.25694677
Kif20b,-0.006049821,0.60012656
A830019P07Rik,-0.003035289,0.30511132
Htr7,0.0,1.0
Rpp30,0.00943245,0.4455117
Pcgf5,0.06964096,0.06988107
Hectd2,0.0023535872,0.78988165
Ppp1r3c,0.05873446,0.017000105
Tnks2,0.003197655,0.84324104
Fgfbp3,0.045953184,0.023131091
Btaf1,0.032535955,0.012514716
Cpeb3,-0.0022409782,0.818475
A330032B11Rik,0.0022838258,0.42264965
March5,-0.07725364,0.107590266
Ide,0.0031499118,0.9136407
Kif11,0.043091368,0.36028358
Hhex,0.06891443,0.106977895
Exoc6,0.0033794194,0.6360483
Cyp26a1,0.0,1.0
Myof,-0.024374083,0.44464812
I830134H01Rik,0.0,1.0
Cep55,-0.007840138,0.28185278
Ffar4,-0.0012662763,0.42264965
Rbp4,0.002844812,0.6690329
Fra10ac1,-0.024389304,0.28780922
Lgi1,-0.010956794,0.8441524
Slc35g1,0.007500408,0.51553714
Plce1,0.023820281,0.4762307
Noc3l,0.016876204,0.38132998
Tbc1d12,0.00037466362,0.98140204
Hells,0.009981783,0.50931096
Pdlim1,0.023775082,0.37073365
Sorbs1,0.03361432,0.17067575
Aldh18a1,0.02017397,0.30055717
Gm27042,-0.001263518,0.2668982
Tctn3,0.042966694,0.10380691
Entpd1,0.045320645,0.41386724
Cc2d2b,0.0,1.0
Ccnj,-0.004345646,0.27845755
E030044B06Rik,0.0,1.0
Zfp518a,0.030163383,0.21197215
Blnk,0.028747713,0.018243456
Dntt,0.0,1.0
Opalin,0.023483288,0.33345833
Tll2,0.0,1.0
Tm9sf3,0.02363357,0.778533
Pik3ap1,0.008434062,0.46254185
Lcor,0.025236255,0.093819275
Gm340,-6.755721e-05,0.98281527
AI606181,0.0040530385,0.45577994
Slit1,-0.00032196983,0.42264977
Arhgap19,-0.011975103,0.016278712
Frat2,0.01655223,0.14958377
Rrp12,0.011545506,0.3795892
Pgam1,-0.3831377,0.0009266846
Exosc1,0.029858433,0.31181443
Zdhhc16,0.0027963743,0.7864298
Mms19,0.041362926,0.1460501
Ubtd1,0.019605752,0.1192925
Ankrd2,0.0,1.0
Hoga1,0.0059492756,0.64073604
Morn4,-0.0020830967,0.88311255
Pi4k2a,0.026762888,0.40589282
Avpi1,0.12575293,0.0233159
Marveld1,0.048269227,0.067540884
Zfyve27,0.026982132,0.26946735
Sfrp5,-0.04993806,0.08430946
Golga7b,-0.0007628374,0.2502424
Crtac1,0.0033213892,0.37469137
R3hcc1l,0.028577283,0.14296414
Gm16541,0.0,1.0
Loxl4,-0.003230409,0.21896166
Pyroxd2,0.015502579,0.21911299
Hps1,0.057631668,0.23598264
Cnnm1,0.016714336,0.123946436
Got1,-0.14228335,0.09338291
Slc25a28,0.03053271,0.26001555
Entpd7,-0.012922682,0.16481054
Cox15,-0.0172218,0.07921489
Cutc,0.010979041,0.45595884
Abcc2,0.0,1.0
Dnmbp,-0.0026952333,0.29124698
Cpn1,0.0802213,0.20172869
Cyp2c44,0.0,1.0
Erlin1,0.04115699,0.20181249
Chuk,0.06709652,0.41852728
Cwf19l1,0.0028083436,0.62727976
Bloc1s2,0.017529964,0.3808829
Pkd2l1,-0.00143059,0.37036064
Scd3,0.019583536,0.103145726
Scd2,0.23281187,0.13877526
Scd4,0.0054874313,0.41531217
Scd1,-0.032409653,0.2021816
Wnt8b,0.0021073841,0.51936316
Sec31b,0.00028085857,0.6233888
Ndufb8,-0.21010816,0.05319281
Hif1an,0.03355846,0.1488608
Gm26644,0.0,1.0
Fam178a,0.014019221,0.5272718
Sema4g,0.013885238,0.121460065
Mrpl43,0.03808263,0.113065764
Peo1,0.0040816907,0.7013609
Lzts2,0.025751628,0.45145744
Pdzd7,0.0020164603,0.42264965
Sfxn3,0.03503999,0.066980526
Kazald1,0.005465946,0.59327585
Lbx1,0.0,1.0
Gm29595,0.0,1.0
Gm29593,0.0021248378,0.42264977
Gm28578,0.0,1.0
Btrc,0.02085533,0.524312
Poll,0.0024652928,0.8083449
Dpcd,-0.12369603,0.14165908
Fbxw4,-0.006653741,0.53546
Fgf8,0.0,1.0
Npm3,0.082044005,0.11361269
Gm15491,-0.0017051538,0.3700002
Mgea5,0.0054808706,0.9039014
Kcnip2,-0.00039789244,0.8472505
9130011E15Rik,0.0020099478,0.74170274
4930505N22Rik,-0.0010448948,0.7621626
Hps6,0.009834476,0.21964103
Ldb1,0.064734705,0.25715646
Pprc1,-0.0025013424,0.8157667
Nolc1,0.032522447,0.23734966
Gbf1,-0.0075381845,0.65483475
Nfkb2,0.06559138,0.06546668
Psd,0.023394305,0.1311679
Fbxl15,-0.010303721,0.53187495
Cuedc2,0.013205618,0.7444578
Gm26792,-0.0005374101,0.42264965
Tmem180,0.0113472715,0.51123893
Actr1a,0.04542204,0.03533473
Sufu,0.022965532,0.013692951
Trim8,0.067707896,0.08932105
Arl3,-0.028493345,0.7903385
Sfxn2,0.026767643,0.010497703
Wbp1l,0.007454701,0.6662885
Borcs7,-0.020211592,0.4542369
As3mt,-0.028507441,0.2599077
Cnnm2,-0.028048344,0.18490283
Nt5c2,-0.016821928,0.53215253
Ina,0.00017415604,0.89899623
Pcgf6,-0.009549401,0.4000182
Taf5,-0.0028869845,0.7427006
Usmg5,-0.4951055,0.16793254
Pdcd11,0.06810267,0.12194076
Calhm2,0.05641255,0.14200883
Neurl1a,0.011486867,0.13850248
Sh3pxd2a,0.022734817,0.016465295
Obfc1,0.037308745,0.09256501
Gm19557,-0.00042193235,0.42264977
Slk,0.04230535,0.2576375
Gm16068,0.0,1.0
Col17a1,-0.034094833,0.10594901
Sfr1,0.061882198,0.24930279
Cfap43,0.13794379,0.16695344
Gsto1,0.07736054,0.011785173
Gsto2,0.023300143,0.26941752
Cfap58,0.03449015,0.020750547
Sorcs3,0.0012907304,0.4226497
Rpl13a-ps1,0.0,1.0
Sorcs1,0.0026933067,0.5458544
Xpnpep1,0.04058467,0.14953947
Add3,0.075078696,0.14698827
Mxi1,0.08990301,0.0916875
Smndc1,0.005026415,0.8034102
Mirt1,0.018449202,0.6160847
4833407H14Rik,-0.0036861245,0.75000274
Dusp5,0.14028183,0.23824592
Nutf2-ps1,-0.0034358285,0.38533604
Smc3,0.049740195,0.4233142
Rbm20,-0.01083274,0.15640183
Gm16299,0.00514464,0.56780154
Pdcd4,0.032234162,0.6755585
Bbip1,0.035452455,0.6897834
Shoc2,0.04329539,0.097258456
Adra2a,0.013998272,0.0023218407
Gpam,-0.0006551803,0.82717377
Tectb,0.0,1.0
Gucy2g,0.0,1.0
Acsl5,0.042080607,0.12976593
Zdhhc6,-0.0224858,0.28268495
Vti1a,0.023208044,0.08126441
4930552P12Rik,0.0010236747,0.42264977
Tcf7l2,0.13642198,0.29058018
Nrap,0.001418525,0.42264977
Casp7,0.043169044,0.12540786
Dclre1a,0.029145794,0.07510117
Nhlrc2,0.039349396,0.03946669
Adrb1,0.084121466,0.085788585
Ccdc186,-0.023913316,0.44046438
Tdrd1,0.00029525615,0.85197526
Afap1l2,0.05221306,0.10540638
Ablim1,0.08667186,0.13627234
B230217O12Rik,0.013096163,0.2908662
Fam160b1,0.051180456,0.18299764
Trub1,-0.0024791285,0.7446266
Atrnl1,7.654354e-05,0.99827504
Gfra1,0.008365827,0.11376468
Pnlip,0.0,1.0
Hspa12a,0.009847987,0.20883952
Eno4,0.07108185,0.09132082
Shtn1,-0.023306273,0.31186783
Vax1,0.0009783346,0.759801
Kcnk18,-0.0011669252,0.2070243
Slc18a2,0.004175791,0.46780103
Pdzd8,0.01598189,0.6073192
Rps12-ps3,-0.0012957379,0.91942495
Emx2os,0.0019236747,0.6706139
Emx2,0.027867924,0.19988073
Gm17203,0.0069094948,0.064725675
Rab11fip2,0.06762697,0.021223659
E330013P04Rik,0.013499206,0.28840938
Fam204a,0.000908196,0.98171437
Cacul1,-0.0039234087,0.79292417
Nanos1,0.0016905209,0.83181584
Eif3a,0.12487832,0.33612168
Fam45a,-0.0073858798,0.6103931
Sfxn4,0.018547969,0.009030566
Prdx3,0.025794446,0.6287053
Grk5,0.04511553,0.23291901
Zfp950,0.07999582,0.03629643
Csf2ra,0.07198146,0.34536353
mt-Nd1,-0.31778908,0.41727626
mt-Nd2,-0.3817742,0.4121144
mt-Co1,-0.078725815,0.6284694
mt-Co2,-0.30353117,0.2878606
mt-Atp8,-0.06821519,0.8256847
mt-Atp6,-0.21619654,0.47389463
mt-Co3,-0.23106527,0.42048553
mt-Nd3,-0.6355449,0.24280876
mt-Nd4l,-0.29613364,0.33400452
mt-Nd4,-0.15637946,0.6096891
mt-Nd5,-0.35834002,0.31808782
mt-Nd6,-0.1819413,0.26691318
mt-Cytb,-0.20045376,0.6007634
Vamp7,-0.039000332,0.1262901
Spry3,-0.002608802,0.051735055
Tmlhe,-0.008038446,0.15994045
CR974586.5,0.0,1.0
Csprs,0.0101213455,0.5339373
AC132444.6,0.0,1.0
Gm10931,0.0019253702,0.5518026
AC125149.3,0.009539373,0.07853264
AC168977.2,0.0008790305,0.42264977
AC168977.1,-0.0014710922,0.5584865
PISD,0.28312618,0.16472901
DHRSX,-0.0667031,0.20659536
CAAA01147332.1,-0.00518055,0.2683871
