,0,1,2,3,4,5
Rp1,0,0,0,1,4,0
Sox17,151,81,242,373,438,93
Mrpl15,19,27,36,64,59,17
Lypla1,21,31,27,36,57,22
Tcea1,25,31,52,72,143,25
Rgs20,0,0,0,2,0,0
Atp6v1h,20,11,21,26,82,13
Rb1cc1,31,36,43,78,95,18
4732440D04Rik,3,3,10,11,13,0
St18,1,4,0,0,5,3
Pcmtd1,129,124,154,348,426,74
Gm26901,0,0,0,0,1,0
Sntg1,0,0,0,0,1,0
Rrs1,5,6,17,29,20,6
3110035E14Rik,0,0,0,1,6,0
Mybl1,1,0,1,6,3,3
Vcpip1,14,7,17,34,63,9
Sgk3,12,12,21,28,35,5
Mcmdc2,0,0,0,1,1,0
Snhg6,19,7,23,22,62,4
Tcf24,0,1,1,0,1,0
Ppp1r42,0,0,0,0,0,1
Cops5,24,15,43,75,84,20
Cspp1,14,15,25,39,57,4
Arfgef1,26,15,26,43,63,15
Prex2,50,53,67,132,198,19
Sulf1,0,0,3,2,0,0
Slco5a1,1,0,0,0,1,0
Ncoa2,10,14,28,16,37,8
Tram1,22,31,39,76,97,37
Lactb2,4,7,13,15,16,4
Eya1,0,0,0,0,0,1
Gm9947,0,0,0,0,1,0
Msc,1,0,0,1,1,1
Kcnb2,0,0,0,0,1,0
Terf1,15,9,11,51,61,12
Sbspon,8,2,11,14,19,3
Rpl7,528,545,737,1317,1637,303
Rdh10,0,1,3,9,16,2
Stau2,2,0,7,5,9,2
Ube2w,19,9,17,44,53,6
Tceb1,64,50,69,112,169,40
D030040B21Rik,0,0,1,3,1,0
Tmem70,23,4,13,40,45,7
Ly96,11,3,5,19,24,5
Jph1,0,1,1,0,5,0
Gdap1,0,1,0,1,4,0
Pi15,10,1,10,3,2,0
Gm16070,4,1,0,2,5,0
Crispld1,8,6,13,21,43,7
Tfap2b,0,0,0,3,3,0
Mcm3,7,9,8,10,19,4
Paqr8,2,5,6,7,15,4
Efhc1,0,0,0,1,2,0
Tram2,5,6,5,13,14,4
Tmem14a,5,3,2,13,10,2
Gsta3,0,0,0,1,0,0
Khdc1b,0,0,0,0,1,0
Kcnq5,0,0,0,0,3,0
Rims1,0,0,0,1,2,0
Gm27028,0,0,0,0,1,0
Gm29107,6,9,12,15,19,11
Ogfrl1,7,5,10,26,37,7
B3gat2,0,0,0,0,1,0
Smap1,44,71,59,106,167,34
Sdhaf4,19,19,19,62,59,11
Fam135a,3,1,3,18,15,4
Col9a1,0,0,0,0,1,0
Lmbrd1,45,35,68,115,173,33
Adgrb3,0,0,0,1,2,0
Gm597,0,0,0,1,0,0
Phf3,33,36,53,68,132,21
Ptp4a1,32,44,43,73,135,33
Khdrbs2,0,0,0,0,2,0
Prim2,1,1,1,4,15,2
Rab23,7,1,8,11,12,2
Bag2,4,4,7,10,20,4
Zfp451,12,9,21,22,46,3
Bend6,0,1,2,3,6,0
Dst,69,51,52,106,154,24
Gm37233,0,0,1,1,0,0
Ccdc115,12,14,21,51,52,13
Imp4,20,14,28,54,64,11
Ptpn18,26,35,26,45,120,11
4930568A12Rik,0,0,0,1,0,0
Arhgef4,0,0,1,1,2,1
Gm38336,0,0,1,1,0,0
Fam168b,18,20,33,47,53,10
Plekhb2,11,11,20,14,27,9
Hs6st1,6,5,4,10,9,2
Uggt1,9,11,19,34,37,14
Neurl3,11,10,8,14,47,4
Arid5a,24,25,31,38,74,20
4930403P22Rik,1,1,0,4,0,1
Kansl3,13,18,25,33,68,14
Lman2l,14,10,26,18,34,15
Cnnm4,1,0,0,3,4,3
Cnnm3,13,9,11,21,20,3
Gm38033,0,1,0,0,0,1
Ankrd23,0,0,0,0,1,0
Gm43543,0,0,1,0,0,0
Ankrd39,5,8,9,16,15,4
Sema4c,10,11,7,26,28,10
Fam178b,0,1,2,4,3,0
Cox5b,113,111,177,266,440,136
Actr1b,18,20,29,38,69,15
Zap70,5,6,10,11,20,8
Tmem131,15,27,20,29,56,8
Vwa3b,0,0,0,0,1,0
Inpp4a,8,8,11,12,23,4
Coa5,9,9,4,18,50,8
Unc50,31,32,60,95,161,21
Mgat4a,9,5,6,18,40,5
2010300C02Rik,0,0,0,1,3,0
Tsga10,0,2,2,8,10,3
Lipt1,1,0,0,0,4,0
Mitd1,19,11,14,23,62,11
Mrpl30,33,46,44,87,107,15
Txndc9,24,31,59,85,105,36
Eif5b,42,49,78,102,205,33
Rev1,5,8,13,18,42,3
Aff3,1,2,3,0,7,1
Gm16152,0,0,1,1,5,0
Lonrf2,0,1,1,0,0,0
Chst10,0,1,1,1,2,0
Pdcl3,54,40,72,109,120,40
Npas2,0,0,0,2,1,0
Rpl31,223,220,301,394,787,126
Tbc1d8,3,9,9,14,12,5
Cnot11,6,4,7,20,17,7
Rnf149,13,12,24,30,45,13
Creg2,0,0,0,2,2,1
Gm3646,1,0,0,0,0,0
Map4k4,63,57,54,100,164,46
Il1r2,0,6,3,0,0,0
Il1r1,19,56,21,71,30,8
Il1rl2,0,0,0,0,5,0
Il18r1,3,0,0,0,0,0
Il18rap,0,1,1,0,0,0
Slc9a4,0,0,0,0,1,0
Slc9a2,5,2,5,8,16,2
Mfsd9,1,0,0,5,4,1
Pantr1,0,7,0,12,8,0
Pou3f3,0,4,0,7,12,3
Mrps9,14,14,18,26,43,4
Gpr45,0,0,0,1,0,0
Tgfbrap1,13,9,21,30,52,5
8430432A02Rik,2,0,1,3,2,0
AI597479,3,2,5,10,14,3
Fhl2,2,3,4,4,4,2
Nck2,5,4,12,19,17,0
1500015O10Rik,2,2,11,4,0,0
Uxs1,6,7,6,22,30,11
Tpp2,18,20,19,31,57,10
Gm8251,1,0,0,0,3,0
Tex30,4,7,10,21,30,5
Kdelc1,4,2,6,15,22,5
Bivm,0,0,3,9,12,0
Ercc5,10,7,16,17,31,4
Gulp1,12,11,13,16,33,1
Col3a1,2,0,2,0,2,0
Col5a2,0,0,2,2,5,0
Wdr75,5,14,7,15,37,8
Gm5269,1,0,0,0,0,0
Slc40a1,84,39,99,137,234,18
Dnah7b,0,0,0,0,3,0
Slc39a10,182,154,221,346,461,62
Gm28151,2,1,2,4,7,0
Tmeff2,1,9,5,13,17,2
Gm28322,0,0,0,2,0,1
9330175M20Rik,0,0,0,1,0,0
Sdpr,177,164,249,274,519,100
1700072G22Rik,0,2,0,0,0,0
Nabp1,14,9,9,29,34,4
Myo1b,27,49,63,92,154,26
Stat4,3,4,5,1,10,1
Stat1,42,34,38,55,70,27
Gls,44,33,45,100,171,24
Nab1,20,31,37,55,96,20
Tmem194b,1,4,3,4,8,2
Mfsd6,9,19,8,28,29,13
Inpp1,14,13,25,54,47,16
Hibch,5,8,11,10,24,4
1700019D03Rik,1,0,0,1,0,2
Pms1,7,2,2,1,8,1
Ormdl1,11,7,9,15,23,8
Osgepl1,5,2,9,14,21,1
Asnsd1,11,8,8,24,29,5
Dnah7a,0,0,0,1,0,0
Stk17b,46,46,57,57,222,16
Hecw2,0,5,3,3,4,2
Gtf3c3,4,7,8,10,19,4
Pgap1,3,3,7,11,43,1
Ankrd44,14,13,25,22,69,2
4930444A19Rik,0,0,1,0,0,0
Sf3b1,89,95,117,213,324,76
Coq10b,54,44,63,109,206,36
Hspd1,46,44,73,90,114,40
Hspe1,67,95,77,179,204,61
Mob4,42,34,51,76,124,23
Rftn2,8,5,6,8,13,1
Gm10561,1,0,2,1,4,1
Mars2,6,1,2,6,10,1
Plcl1,6,10,7,25,36,4
Satb2,0,0,0,0,0,1
1700066M21Rik,2,1,4,2,2,1
Tyw5,4,3,7,7,12,1
9430016H08Rik,15,8,11,22,26,8
Spats2l,3,2,3,4,4,4
Kctd18,3,9,10,8,13,6
Sgol2a,0,0,0,1,0,1
Aox1,4,1,1,5,10,3
Aox3,0,0,0,0,4,0
Aox2,0,0,0,0,1,0
Bzw1,29,39,66,115,185,38
Clk1,134,102,192,267,580,73
Ppil3,6,12,9,21,33,5
Nif3l1,7,4,5,8,5,4
Orc2,8,9,11,19,24,4
Gm15834,0,0,0,1,0,0
Fam126b,17,20,22,28,59,4
Ndufb3,70,76,96,187,282,61
Als2cr12,0,0,0,1,0,0
Cflar,32,35,57,74,92,41
Casp8,16,13,27,53,61,10
Trak2,16,17,27,32,67,13
Stradb,6,6,7,12,15,3
Tmem237,15,12,15,31,34,14
G730003C15Rik,1,0,1,3,0,0
Mpp4,0,1,0,0,0,0
Als2,0,2,2,7,3,0
Cdk15,0,0,0,2,2,0
Fzd7,2,1,4,2,7,1
Gm973,0,0,0,1,0,1
Sumo1,74,60,84,153,216,51
Nop58,12,14,15,30,40,18
Bmpr2,137,162,178,322,503,61
Fam117b,25,31,40,45,83,13
Ica1l,4,12,4,4,10,2
Wdr12,8,5,9,17,27,4
Carf,4,7,4,11,11,1
Nbeal1,52,37,74,114,210,30
Cyp20a1,7,6,18,34,52,7
Abi2,9,11,21,33,45,10
Raph1,21,20,45,42,88,12
Cd28,1,0,9,0,0,0
Ctla4,0,0,2,0,0,0
Icos,0,0,5,0,1,0
Pard3b,4,7,7,18,24,7
Nrp2,10,12,29,51,40,12
Gm29083,0,0,0,0,1,0
Ino80d,19,21,27,45,65,10
Ino80dos,0,1,1,4,6,2
Gm20342,4,3,8,11,23,4
Ndufs1,10,12,24,44,53,8
Eef1b2,208,315,329,569,822,113
Gpr1,1,0,0,3,1,0
Zdbf2,0,0,0,0,2,0
Adam23,0,0,0,1,2,0
Fastkd2,0,0,4,6,8,4
Klf7,127,132,159,226,339,96
Gm26649,2,1,2,1,3,1
Creb1,21,30,31,56,72,18
Mettl21a,2,2,0,8,7,3
Ccnyl1,11,11,10,32,35,6
Fzd5,9,0,3,6,6,1
Plekhm3,5,2,5,13,16,1
D630023F18Rik,0,0,0,0,1,0
Idh1,7,9,15,20,34,2
Pikfyve,9,3,10,7,23,4
Map2,2,5,3,9,15,1
Unc80,0,1,0,0,0,0
Rpe,4,5,13,23,44,8
Kansl1l,13,25,24,61,44,15
Acadl,34,38,67,139,155,37
Myl1,0,0,0,1,0,0
Lancl1,9,8,10,23,35,8
Erbb4,1,1,1,2,1,0
Ikzf2,3,5,5,10,7,2
Bard1,0,0,0,1,1,0
Atic,6,5,9,19,29,3
Fn1,268,447,377,907,1049,358
Apol7d,0,0,0,1,1,0
Mreg,0,0,1,1,0,0
D230017M19Rik,1,1,1,3,6,0
Pecr,5,0,3,11,15,1
Tmem169,0,0,0,1,0,0
Xrcc5,5,0,5,6,3,3
March4,0,0,0,0,1,0
Smarcal1,3,2,2,11,14,2
Rpl37a,1010,1046,1389,1338,3856,511
Igfbp2,4,2,4,3,48,0
Igfbp5,3,1,0,6,5,0
6030407O03Rik,0,0,0,0,1,0
Tns1,121,119,158,219,478,71
Cxcr2,0,0,2,0,1,0
Arpc2,158,199,254,442,661,208
Aamp,43,28,57,90,173,41
Pnkd,52,29,75,134,163,36
Tmbim1,14,20,29,53,58,21
Catip,0,1,0,0,2,0
Slc11a1,0,1,7,8,15,0
Ctdsp1,22,26,40,79,109,37
Vil1,8,6,3,19,21,20
Usp37,4,3,9,21,26,8
Rqcd1,4,6,6,7,23,5
Plcd4,0,1,1,2,0,0
Zfp142,4,11,5,9,16,4
Bcs1l,3,2,3,9,13,0
Rnf25,9,4,9,11,20,3
Stk36,0,0,0,0,1,0
Ttll4,7,3,8,7,15,0
Cyp27a1,2,6,2,3,6,4
Cdk5r2,0,1,0,0,3,0
Ccdc108,0,1,0,0,0,0
Nhej1,4,1,2,6,2,0
Slc23a3,1,1,0,0,1,0
Cnppd1,16,11,16,27,74,22
Fam134a,16,19,25,61,64,19
Zfand2b,11,8,14,30,39,11
Abcb6,2,2,2,6,10,2
Atg9a,7,10,14,28,37,5
Ankzf1,8,1,10,9,17,1
Glb1l,1,3,1,5,5,0
Stk16,21,20,33,51,63,11
Tuba4a,11,18,11,34,57,10
Dnajb2,31,20,21,37,76,17
Ptprn,1,2,0,4,3,0
Dnpep,23,17,37,72,86,35
Des,32,10,20,46,61,1
Speg,7,1,1,5,14,1
Gmppa,6,6,5,9,26,4
Asic4,0,0,0,0,1,0
Chpf,2,1,2,3,5,1
Obsl1,2,0,4,2,8,0
Inha,0,0,0,0,1,0
Stk11ip,2,0,4,7,4,2
Slc4a3,7,2,3,9,4,4
Epha4,24,26,32,123,103,18
Sgpp2,43,15,40,74,105,14
Farsb,15,15,13,33,68,15
Mogat1,0,0,0,1,1,0
Acsl3,13,17,24,49,61,7
Utp14b,19,8,11,32,40,1
Kcne4,18,7,8,8,45,0
Scg2,0,0,0,0,1,1
Ap1s3,3,1,2,1,3,0
Wdfy1,11,12,6,42,77,4
Mrpl44,14,8,13,32,30,7
Serpine2,18,17,23,36,57,0
Fam124b,8,0,2,2,0,1
Cul3,27,32,51,83,87,22
Gm29125,0,1,0,0,0,0
Dock10,16,19,13,18,51,5
Irs1,3,0,1,1,5,0
Rhbdd1,8,5,7,7,21,6
Col4a4,0,1,1,1,7,1
Col4a3,1,1,2,3,4,1
Mff,48,42,70,109,163,25
Agfg1,47,44,67,106,141,30
Slc19a3,37,23,43,29,65,15
Krtap28-13,4,11,16,13,11,2
Ccl20,0,0,1,1,0,0
Daw1,0,0,0,0,1,0
Pid1,6,8,11,31,47,11
Dner,0,0,1,0,0,0
Trip12,21,29,43,66,103,23
Fbxo36,3,3,7,6,7,0
C130026I21Rik,0,0,1,3,7,2
A530032D15Rik,0,0,1,2,7,0
A530040E14Rik,0,6,1,5,13,2
Sp110,15,13,17,27,53,8
Sp140,5,6,8,14,39,7
Sp100,48,58,71,100,149,37
A630001G21Rik,2,4,5,7,18,2
Cab39,39,32,68,89,119,25
Itm2c,64,59,99,238,191,109
4933407L21Rik,0,1,0,1,0,0
Gpr55,0,0,0,2,0,0
Spata3,0,0,0,0,1,0
2810459M11Rik,0,0,0,2,0,0
Psmd1,38,34,47,90,125,57
Armc9,0,0,3,10,7,2
B3gnt7,0,0,1,0,1,0
Ncl,83,74,117,194,381,79
Ptma,961,875,1419,2696,3595,691
Pde6d,12,18,18,40,60,17
Cops7b,8,5,6,13,18,4
Nppc,1,3,1,2,2,1
Dis3l2,10,10,8,23,11,6
Eif4e2,17,17,33,41,58,18
Efhd1,2,6,1,3,13,6
Gigyf2,14,11,31,38,49,12
Kcnj13,0,0,2,1,2,0
Ngef,0,0,1,3,2,0
Inpp5d,28,17,24,28,64,7
Atg16l1,17,8,21,23,20,5
Sag,1,0,1,0,3,0
Dgkd,9,3,12,17,44,4
Usp40,5,8,16,26,24,8
Ugt1a7c,0,0,1,0,0,0
Ugt1a5,0,1,0,0,0,0
Dnajb3,0,0,0,2,1,0
Mroh2a,0,0,0,0,1,0
Hjurp,11,11,16,27,44,11
Gm29538,0,0,0,1,0,0
Glrp1,0,0,0,0,1,0
Arl4c,4,4,11,10,22,0
Sh3bp4,19,24,36,48,69,24
Agap1,8,22,26,34,56,12
Asb18,0,1,0,0,0,0
Iqca,0,0,0,0,1,0
Ackr3,53,24,67,54,179,8
Gm28723,0,0,2,0,0,0
Cops8,35,21,57,80,108,21
Col6a3,0,0,2,0,3,0
Mlph,9,2,4,6,22,2
Lrrfip1,27,22,40,34,60,19
Ramp1,11,6,6,14,10,1
Ube2f,18,24,19,31,47,24
Scly,5,6,5,13,18,4
Espnl,1,0,0,0,0,0
Ilkap,32,29,37,69,81,14
Hes6,5,4,11,27,26,3
Per2,0,6,2,9,24,2
Traf3ip1,1,3,5,8,9,3
Asb1,5,9,4,11,11,10
Hdac4,5,11,10,19,30,5
Gm26720,0,0,0,1,1,0
Ndufa10,29,21,55,79,117,28
Myeov2,57,67,71,102,213,57
Gpc1,2,2,1,1,3,0
Dusp28,3,4,5,11,15,2
5033417F24Rik,0,0,0,1,4,1
Rnpepl1,37,26,42,69,111,21
9430060I03Rik,0,0,3,2,6,1
Capn10,3,1,5,5,11,2
Gpr35,0,1,0,0,2,1
Kif1a,2,7,1,13,27,2
Sned1,5,7,4,8,21,2
Mterf4,6,4,7,12,19,3
Pask,0,1,0,0,0,0
Ppp1r7,15,13,12,47,58,21
Ano7,0,0,0,1,0,0
Hdlbp,41,37,50,92,139,31
Sept2,64,79,93,117,242,45
Farp2,2,0,3,2,3,1
Stk25,13,17,28,67,75,12
Bok,30,20,56,44,38,18
Thap4,2,5,5,12,13,6
Atg4b,8,10,13,22,25,9
Dtymk,9,9,14,44,58,12
Ing5,11,13,16,29,38,6
D2hgdh,2,1,7,6,13,1
Neu4,1,0,1,0,6,0
Fam174a,50,49,79,127,173,24
St8sia4,82,47,105,159,222,18
Panct2,0,0,1,0,0,0
D1Ertd622e,5,8,12,18,28,4
Ppip5k2,2,2,4,11,14,1
Gin1,5,3,6,16,15,3
Pam,33,45,39,68,110,23
Gm7967,0,0,2,0,0,0
Gm28187,1,0,1,3,5,0
Cdh20,0,1,0,1,3,1
Rnf152,20,3,9,21,30,4
Gm17634,3,0,0,1,0,0
Pign,2,3,3,7,6,0
2310035C23Rik,8,15,21,26,52,7
Tnfrsf11a,7,8,10,14,12,0
Gm7160,0,2,4,4,10,0
Zcchc2,2,10,8,13,16,5
Gm20753,0,0,0,1,0,0
Phlpp1,7,18,14,26,61,11
Bcl2,9,10,22,29,45,5
D630008O14Rik,0,0,0,1,1,0
Kdsr,15,9,16,36,31,8
Vps4b,20,25,40,51,100,14
Serpinb2,0,1,0,0,0,0
Serpinb10,0,0,1,0,0,0
Cdh19,0,3,0,1,8,0
Dsel,6,4,2,15,22,0
Tsn,46,45,74,152,183,36
Nifk,14,9,10,32,31,7
Clasp1,19,9,28,23,51,7
2900060B14Rik,5,9,17,33,23,5
Tfcp2l1,0,0,0,0,1,0
Gli2,0,0,0,0,1,0
Gm29455,0,0,0,0,1,0
Inhbb,0,0,0,0,1,2
Ralb,25,36,27,99,67,48
Tmem185b,3,4,8,17,15,5
Epb41l5,0,2,0,3,5,2
Ptpn4,7,5,6,8,20,0
Tmem177,0,0,3,6,9,1
Sctr,0,0,0,0,1,0
Tmem37,5,4,6,21,35,2
Dbi,117,157,165,354,460,100
3110009E18Rik,2,1,2,4,7,1
Steap3,5,1,3,9,14,1
C1ql2,0,0,0,1,0,0
Insig2,23,13,27,45,76,15
Ccdc93,4,0,6,11,17,4
Ddx18,35,17,38,35,117,13
Actr3,77,105,107,158,225,76
Slc35f5,16,10,19,29,34,16
Gpr39,2,0,0,0,0,0
Lypd1,18,37,21,32,84,9
Nckap5,0,0,1,4,3,4
Mgat5,3,0,8,15,13,5
Tmem163,2,0,2,1,6,0
2900009J06Rik,1,3,1,0,5,2
Ccnt2,14,24,38,43,65,13
Map3k19,0,0,1,0,0,0
Rab3gap1,15,11,18,29,57,6
Zranb3,0,1,0,5,3,0
R3hdm1,23,26,37,52,85,20
Ubxn4,30,30,57,75,133,28
Lct,0,0,0,0,1,0
Mcm6,6,4,22,25,39,4
Dars,11,18,8,31,44,4
Cxcr4,9,5,12,9,48,5
Gm15675,1,0,1,3,6,1
Cd55,6,8,10,26,52,7
Gm29427,0,0,0,0,1,0
Pfkfb2,0,1,2,6,10,3
Yod1,8,15,8,28,32,7
AA986860,2,0,0,0,1,0
Gm28857,0,0,0,0,0,1
Pigr,0,0,1,1,0,0
Fcmr,13,2,13,27,113,21
Il10,0,0,0,0,1,0
Mapkapk2,18,27,24,38,64,15
Dyrk3,0,1,0,1,0,0
Eif2d,9,6,11,14,24,2
Rassf5,4,4,2,4,9,0
Ikbke,0,2,0,0,1,0
Srgap2,52,42,88,106,210,23
Fam72a,3,4,1,11,8,1
Ctse,0,5,0,0,5,0
Rab7b,0,2,0,1,4,0
Slc41a1,8,8,9,26,48,5
Rab29,2,6,7,17,25,3
Nucks1,67,56,64,155,220,44
Slc45a3,0,0,0,1,1,0
Elk4,34,35,34,86,100,28
Mfsd4,10,6,19,17,29,4
Cdk18,0,3,0,1,3,2
Klhdc8a,0,0,0,0,1,0
Nuak2,7,19,5,11,18,9
Tmcc2,13,6,14,15,36,7
Dstyk,15,9,12,28,48,7
Rbbp5,9,3,6,14,10,2
Tmem81,1,0,2,4,2,2
Cntn2,1,13,5,7,26,6
Nfasc,0,6,4,7,17,2
Lrrn2,0,0,1,0,0,0
Mdm4,27,28,40,52,74,8
Pik3c2b,3,1,4,10,14,0
Ppp1r15b,12,17,18,42,44,16
Plekha6,0,1,0,1,3,0
Etnk2,1,0,0,7,5,2
Sox13,26,13,28,34,70,21
Snrpe,70,69,103,184,260,55
Zc3h11a,4,9,16,13,44,13
Gm38394,0,0,1,6,2,0
Lax1,1,1,1,2,8,1
Atp2b4,12,7,13,16,27,4
Prelp,6,3,5,20,39,10
Fmod,2,0,0,0,0,0
Btg2,647,581,1041,1201,2187,174
Chil1,0,0,1,0,0,0
Mybph,0,0,0,0,3,0
Adora1,1,4,0,0,2,1
Ppfia4,6,5,3,8,18,1
Tmem183a,16,13,18,41,45,15
Cyb5r1,13,9,22,32,57,14
Adipor1,44,77,64,124,169,61
Klhl12,9,6,3,4,14,3
Rabif,1,5,12,15,20,3
Kdm5b,16,11,13,34,33,10
Ppp1r12b,17,6,8,10,24,1
Ube2t,2,0,2,1,2,0
Ptpn7,1,1,1,0,3,0
Arl8a,15,23,28,61,68,23
Gm15445,1,0,1,0,0,0
Gpr37l1,0,7,5,25,18,0
Rnpep,18,21,18,38,51,18
Timm17a,27,27,38,78,105,27
Lmod1,18,1,18,16,20,2
Shisa4,0,15,0,23,24,3
Ipo9,18,3,11,17,32,15
Nav1,27,27,50,121,148,28
Gm38399,5,3,4,12,3,4
Csrp1,103,77,85,174,195,69
Phlda3,2,8,7,17,18,4
Tnni1,0,4,1,4,6,0
Tmem9,7,6,14,26,31,3
Cacna1s,0,3,3,0,3,0
Kif21b,3,3,5,5,15,1
Mroh3,0,0,0,1,0,0
5730559C18Rik,0,0,0,0,1,0
Camsap2,19,13,13,41,53,15
Ddx59,2,0,3,4,7,0
Zfp281,12,10,18,44,54,8
Gm19705,0,0,3,2,7,1
Platr22,1,1,0,3,8,1
Nr5a2,2,2,1,1,0,0
A430106G13Rik,0,1,0,4,0,0
Ptprc,16,39,32,22,83,5
Nek7,39,59,60,88,145,18
Lhx9,0,0,0,0,1,0
2310009B15Rik,5,2,6,10,37,2
Dennd1b,12,9,14,28,33,3
Zbtb41,7,5,8,9,12,6
Aspm,0,0,0,0,1,0
Cfhr2,0,0,0,1,0,0
Cfh,89,252,128,295,225,131
Kcnt2,0,1,0,1,1,0
Cdc73,18,21,33,47,71,8
B3galt2,0,0,1,1,0,0
Glrx2,17,25,24,49,56,20
Trove2,28,31,24,82,89,16
Uchl5,16,6,10,27,38,6
Rgs2,16,10,19,47,59,10
Rgs1,1,4,6,1,15,1
Rgs18,1,21,5,2,8,3
Brinp3,0,0,0,0,1,0
Pla2g4a,11,26,14,68,38,20
Ptgs2,32,499,183,230,63,35
Ptgs2os2,0,1,0,0,0,0
BC003331,15,15,19,35,41,10
Tpr,67,62,85,160,258,50
Hmcn1,68,31,124,85,206,13
Gm10138,6,0,8,9,26,2
Ivns1abp,38,33,53,42,162,22
Swt1,25,26,35,74,89,17
Trmt1l,16,14,14,30,41,10
Rnf2,7,9,8,28,33,3
Fam129a,11,6,12,11,43,5
2810414N06Rik,1,0,0,0,0,1
Edem3,9,5,12,19,23,4
1700025G04Rik,1,1,4,6,10,1
Tsen15,12,6,27,46,41,14
Colgalt2,4,3,9,8,19,2
Rgl1,17,9,32,33,57,7
Arpc5,59,74,70,167,240,40
Ncf2,8,5,16,16,47,4
Smg7,16,20,23,31,52,10
Nmnat2,0,0,0,0,2,0
Lamc2,0,1,0,1,1,0
Lamc1,30,28,45,69,121,23
Dhx9,26,20,28,55,108,13
Npl,2,1,3,5,7,0
Rgs16,5,52,31,44,23,10
Rnasel,0,2,1,2,3,0
Teddm2,0,0,2,0,6,0
Glul,265,275,423,958,1100,205
Gm29290,0,0,0,1,1,0
Gm29291,2,0,1,0,1,0
A830008E24Rik,0,0,0,1,0,0
Cacna1e,1,0,2,0,7,2
Gm9530,0,1,0,0,0,2
Ier5,157,178,309,519,556,123
Mr1,3,4,6,14,12,3
Stx6,28,29,26,60,70,21
BC034090,1,1,1,1,6,0
Xpr1,29,25,44,63,84,13
Acbd6,21,27,41,74,87,25
Qsox1,13,30,21,53,67,30
Cep350,11,14,11,29,50,9
Tor1aip1,27,33,43,80,138,25
Tor1aip2,14,20,16,57,69,21
Gm2000,5,9,9,15,29,3
Soat1,6,1,9,7,18,2
Gm10031,0,0,1,2,3,0
Abl2,5,4,7,17,25,5
Tor3a,13,7,22,29,34,7
Fam20b,7,4,7,13,36,5
Ralgps2,15,6,9,19,57,3
4930439D14Rik,0,0,0,0,1,0
Rasal2,36,36,51,87,102,13
BC026585,1,0,1,10,7,0
Brinp2,0,0,1,0,0,0
Astn1,0,0,1,3,2,0
Rfwd2,21,15,25,31,61,17
Tnr,0,1,3,4,9,0
4930523C07Rik,50,30,58,73,160,30
Mrps14,63,49,62,140,161,35
Cacybp,54,61,62,79,113,61
Rabgap1l,15,18,12,30,56,9
Rc3h1,21,24,23,39,65,14
Serpinc1,0,0,2,1,0,0
Zbtb37,10,7,7,22,25,2
Dars2,2,2,2,4,4,2
Gm37634,0,0,0,1,1,1
Cenpl,1,2,4,7,9,3
Klhl20,4,5,8,15,34,6
Ankrd45,0,0,0,0,1,0
Prdx6,46,42,43,136,149,31
Fasl,1,0,0,0,0,0
Suco,9,7,13,19,38,5
4930558K02Rik,0,0,0,0,1,0
Pigc,7,6,11,14,26,6
Dnm3,50,46,83,124,187,29
2810442N19Rik,0,0,0,0,1,0
Dnm3os,1,0,1,5,4,0
Mettl13,3,1,4,6,13,0
Vamp4,24,23,26,78,78,16
Prrc2c,72,72,87,193,238,46
Fmo4,0,0,0,1,1,0
Fmo1,40,33,43,84,64,19
Fmo2,57,79,60,65,114,24
Prrx1,2,2,3,7,21,0
Gorab,1,4,4,13,13,3
Kifap3,8,18,19,32,65,17
Scyl3,4,5,3,10,22,1
BC055324,0,0,0,1,2,1
Mettl18,2,4,8,9,9,1
Sele,0,22,4,4,5,0
Sell,3,7,12,7,53,2
Selp,0,5,2,0,0,4
Gm16548,0,0,0,2,1,0
F5,5,17,11,9,13,2
Slc19a2,0,2,3,2,2,0
Ccdc181,1,2,5,6,12,6
Blzf1,4,7,10,13,18,7
Nme7,1,1,1,8,11,3
Atp1b1,23,9,13,17,21,5
Gm26685,0,1,0,0,0,0
Sft2d2,24,13,25,43,51,9
Tiprl,28,16,27,56,74,20
Gpr161,1,0,2,4,8,0
Dcaf6,8,7,7,15,31,11
Mpc2,31,59,66,138,159,41
Adcy10,0,0,0,2,0,0
Mpzl1,91,36,105,185,192,45
Rcsd1,32,24,49,45,115,18
Creg1,31,45,45,79,93,21
Cd247,0,0,1,0,0,0
Pou2f1,4,5,17,26,45,7
Dusp27,1,0,0,0,2,0
Ildr2,27,27,20,73,42,24
Gm15853,0,0,0,1,0,0
Tada1,4,5,8,16,28,2
Pogk,9,13,12,25,36,10
Gm16701-1,0,1,0,0,0,0
Fam78b,2,0,0,1,2,2
Uck2,2,3,2,4,4,5
Tmco1,60,67,124,159,255,41
Aldh9a1,20,5,18,45,61,15
Mgst3,23,16,29,61,79,20
Rxrg,1,0,0,0,1,0
Pbx1,29,33,44,66,105,17
Rgs5,297,548,480,1005,1976,170
Rgs4,67,56,92,88,263,27
Ccdc190,0,0,0,1,0,0
Hsd17b7,5,5,3,7,14,4
3110045C21Rik,0,1,0,0,1,0
Ddr2,11,5,6,4,10,1
Uap1,20,31,37,58,74,18
Gm37748,0,0,1,0,0,0
Gm37502,0,1,0,0,0,0
Uhmk1,16,17,29,35,69,13
4930500M09Rik,0,0,0,1,1,1
Sh2d1b1,0,1,0,0,0,0
Gm7694,0,2,2,1,1,0
Nos1ap,0,1,2,2,2,0
Olfml2b,3,2,0,0,2,1
Atf6,11,10,14,23,29,12
Dusp12,6,7,6,11,19,6
Gm26620,0,0,0,0,1,0
Fcrla,6,0,4,11,43,2
Fcgr2b,15,6,8,6,16,0
Gm10522,1,0,0,0,1,0
Fcgr4,0,0,0,1,0,0
Fcgr3,31,13,25,21,36,1
Cfap126,0,0,1,1,2,0
Sdhc,30,23,39,90,103,30
Mpz,0,0,0,1,0,0
Pcp4l1,319,163,341,878,921,247
Tomm40l,12,6,4,17,32,10
Apoa2,0,0,0,1,2,0
Fcer1g,73,103,49,85,128,10
Ndufs2,48,50,67,126,164,36
Adamts4,2,2,5,10,4,13
B4galt3,7,10,9,15,19,6
Ppox,3,8,4,11,19,4
Usp21,3,3,4,11,25,5
Ufc1,34,29,47,92,122,33
Gm20045,3,0,0,7,8,1
Dedd,8,12,16,19,31,2
Nit1,15,9,9,28,31,10
Pfdn2,52,44,57,128,156,43
Klhdc9,0,0,0,1,2,0
Arhgap30,9,6,6,6,26,0
Usf1,8,12,13,26,39,4
Tstd1,1,1,0,1,0,0
Gm26641,0,0,1,0,1,0
F11r,53,46,85,148,191,69
B930036N10Rik,1,1,3,5,3,2
Alyref2,2,0,3,6,4,1
Ly9,1,2,5,4,7,1
Slamf7,1,0,3,1,4,0
Cd48,5,7,7,8,24,3
Slamf1,1,2,3,0,6,1
Cd84,8,5,5,10,19,1
Gm10521,0,0,0,0,1,0
Slamf6,8,1,10,6,24,1
Vangl2,6,9,4,24,29,1
Ncstn,8,24,16,23,54,9
Copa,26,43,47,84,127,17
Gm37756,0,1,0,0,0,0
Pex19,16,12,13,24,44,13
Dcaf8,22,32,39,67,80,15
Pea15a,51,56,72,125,203,68
Casq1,0,1,0,0,2,0
Igsf8,11,7,10,23,36,6
Atp1a2,175,269,270,639,1397,140
Kcnj10,0,9,2,12,19,8
Pigm,3,6,3,12,17,2
Slamf9,0,2,1,3,4,0
Tagln2,165,276,243,524,622,341
Cfap45,0,0,0,6,4,1
Vsig8,0,0,0,1,0,0
Slamf8,0,0,0,0,3,0
Dusp23,14,23,21,51,58,10
Ackr1,3,340,14,82,13,142
Cadm3,0,5,0,2,2,4
Aim2,3,6,4,17,24,2
Gm4955,1,0,1,0,7,4
BC094916,2,1,1,1,2,1
Pydc4,2,0,2,2,2,0
Pyhin1,7,0,4,7,13,2
Pydc3,0,0,3,0,0,1
AI607873,5,0,0,1,2,0
Ifi204,3,0,1,1,2,1
Mndal,21,28,25,35,64,11
Mnda,1,5,4,6,5,0
Ifi203,19,19,24,27,59,9
Ifi205,0,6,0,0,0,0
Spta1,0,3,0,1,2,0
Fmn2,1,0,0,4,0,0
Grem2,3,1,0,0,3,0
Rgs7,0,0,0,1,0,0
Fh1,8,14,21,39,55,8
Kmo,1,4,2,0,4,0
Opn3,0,0,0,0,1,0
Chml,6,1,4,11,8,6
Exo1,0,1,0,0,0,0
Rbm8a2,0,0,0,1,6,0
Cep170,7,5,20,28,35,6
Sdccag8,1,6,4,14,16,3
Akt3,9,12,21,28,54,7
Zbtb18,6,7,7,15,21,4
Adss,19,17,27,34,41,14
Gm16432,0,1,0,0,0,0
Desi2,20,17,20,52,59,7
B230369F24Rik,1,2,2,5,8,0
Cox20,28,16,25,48,81,23
Gm16586,11,16,11,27,50,6
Hnrnpu,53,68,101,160,199,64
Efcab2,2,1,4,12,7,4
Smyd3,5,6,11,15,12,2
Tfb2m,5,4,6,20,18,3
Cnst,10,5,6,16,21,5
Sccpdh,11,14,9,30,39,12
Ahctf1,14,19,21,39,66,13
Cdc42bpa,22,50,37,72,90,28
Adck3,4,2,3,6,14,2
Psen2,10,20,17,37,36,21
Gm31728,0,0,1,0,0,0
Itpkb,54,31,73,94,175,24
6330403A02Rik,3,4,2,8,8,0
Parp1,13,10,18,28,49,11
Lin9,0,0,4,5,13,0
Acbd3,17,21,42,35,78,5
H3f3a,577,525,806,1563,2266,393
Gm17275,0,1,0,0,3,0
H3f3aos,0,0,1,0,3,0
Sde2,11,17,21,40,43,15
Pycr2,16,13,29,51,58,15
Lefty1,0,5,0,3,10,1
Tmem63a,10,17,9,38,41,11
2210411M09Rik,0,0,0,0,1,0
Ephx1,31,14,43,87,195,12
Nvl,5,11,13,26,31,5
Cnih4,37,42,57,91,151,34
Wdr26,25,46,48,68,133,22
A430110L20Rik,0,0,2,0,2,0
Dnah14,0,2,0,0,1,1
Lbr,26,29,43,63,84,25
Enah,29,13,30,42,40,9
Srp9,65,75,91,189,222,62
Degs1,26,27,30,58,111,23
1700047M11Rik,0,4,3,3,17,4
Fbxo28,12,5,13,13,27,6
Trp53bp2,5,9,11,20,30,7
Capn2,58,40,97,120,168,51
Susd4,0,1,1,1,4,0
Disp1,2,2,4,5,1,1
Brox,10,17,18,46,53,12
Aida,18,22,38,63,97,32
Mia3,33,31,41,70,108,28
Taf1a,1,4,7,7,9,3
Gm37986,0,0,2,1,0,0
Dusp10,1,1,5,5,9,0
1700056E22Rik,0,0,0,1,2,1
Gm37800,9,0,3,0,0,0
Hlx,4,3,12,17,12,0
Gm34342,1,0,1,3,0,0
Marc1,0,0,0,0,1,0
Marc2,54,45,81,159,229,45
C130074G19Rik,46,27,65,96,142,30
Mark1,11,1,5,13,19,2
Gm37662,0,0,0,0,1,0
Rab3gap2,5,7,9,19,18,7
Iars2,2,11,20,28,44,3
Bpnt1,8,14,13,26,32,14
4930532G15Rik,0,1,0,0,0,0
Eprs,56,22,33,75,104,33
9630028B13Rik,1,0,0,0,0,0
Gm2061,0,0,0,0,2,0
Slc30a10,4,5,13,19,49,5
Lyplal1,1,1,0,8,3,0
Tgfb2,33,31,70,109,149,15
Rrp15,12,5,9,28,20,6
A430105J06Rik,1,1,4,2,1,0
Gpatch2,10,6,13,23,25,4
Kctd3,6,11,8,19,25,14
Kcnk2,1,0,0,4,9,0
Cenpf,0,0,0,2,1,0
Ptpn14,17,19,37,42,64,21
Gm26574,0,0,0,0,1,0
Gm37422,0,0,0,0,1,1
Smyd2,17,6,9,19,35,8
Prox1,0,3,1,3,8,1
Prox1os,0,0,0,0,1,0
Rps6kc1,3,1,3,8,11,3
Angel2,20,17,31,46,73,15
Mfsd7b,2,5,5,4,9,6
Spata45,0,0,0,0,1,0
Tatdn3,2,6,3,8,12,3
Nsl1,0,0,0,1,1,0
Batf3,2,5,3,0,6,0
Fam71a,4,17,15,26,17,1
Atf3,281,225,547,594,1093,152
D730003I15Rik,8,3,15,12,32,5
Nenf,66,74,108,220,259,46
Tmem206,3,2,4,4,8,3
Ppp2r5a,56,34,60,101,114,25
Gm32200,0,0,0,0,1,0
Dtl,0,0,0,1,0,0
Ints7,2,3,5,7,20,2
Lpgat1,7,11,9,23,52,5
1700034H15Rik,0,0,1,0,1,1
Slc30a1,74,52,102,147,254,51
Rd3,0,0,0,1,1,0
Gm26670,0,0,0,2,2,0
Traf5,9,9,15,21,33,8
Gm26879,1,0,0,3,7,0
Rcor3,12,13,16,25,45,4
Gm10516,0,0,0,0,1,0
Kcnh1,0,0,0,0,2,0
Hhat,0,0,0,0,4,0
Sertad4,0,0,0,0,2,1
Gm15867,0,0,1,0,0,0
Syt14,0,0,0,0,1,0
Diexf,4,2,5,6,8,1
Irf6,3,6,5,7,16,1
A130010J15Rik,9,5,9,16,23,3
Traf3ip3,1,1,1,5,21,2
4930570N18Rik,0,0,1,0,0,0
Lamb3,2,0,5,4,17,2
Hsd11b1,0,0,1,1,3,1
G0s2,5,11,45,30,62,4
Camk1g,0,0,0,1,0,0
Plxna2,36,78,79,56,176,24
Cd34,167,148,269,477,633,213
Gm16897,0,0,0,2,0,0
Gm32250,1,0,1,0,0,0
Cd46,1,1,5,4,5,0
Cr1l,49,37,82,120,148,47
Cr2,1,1,4,0,5,0
Fam171a1,12,10,12,26,59,6
Nmt2,6,7,14,21,53,12
Rpp38,0,2,1,3,9,2
Meig1,0,1,0,1,2,0
Dclre1c,3,2,8,8,8,3
Suv39h2,1,0,0,2,0,0
Hspa14,17,24,32,64,93,14
Cdnf,0,1,0,0,0,0
Fam107b,11,8,11,10,53,5
Frmd4a,12,9,15,38,47,4
Gm13179,0,0,0,1,0,0
Prpf18,17,11,17,21,49,8
Bend7,9,3,16,12,29,4
Sephs1,2,5,4,19,22,4
Phyh,13,12,14,37,42,6
Mcm10,0,0,0,0,1,0
Optn,3,2,3,7,19,3
Gm26776,0,0,1,0,0,0
Ccdc3,4,2,4,2,9,0
Camk1d,5,3,1,7,10,0
Cdc123,12,9,18,40,57,9
Nudt5,9,10,28,26,40,10
Sec61a2,5,8,12,14,23,5
Dhtkd1,1,0,0,1,1,0
Upf2,10,21,20,39,69,10
Proser2,35,17,66,33,85,13
Echdc3,0,0,1,0,1,0
Usp6nl,20,7,15,25,64,7
Gm13391,1,0,0,0,1,0
Celf2,13,22,16,25,73,5
Gata3,0,0,1,0,0,0
Taf3,15,13,18,32,54,12
Atp5c1,105,98,149,252,403,82
Kin,15,9,16,27,50,3
Itih2,0,0,1,0,1,0
Itih5,118,147,236,242,440,66
Prkcq,0,2,5,3,3,0
8030442B05Rik,0,0,0,0,2,0
Gm13293,0,1,0,0,1,0
Pfkfb3,2,14,1,17,36,5
Gm10851,0,0,0,1,0,0
Rbm17,25,19,17,48,85,17
Il2ra,0,0,0,1,4,0
Il15ra,6,6,4,16,31,3
Fbxo18,9,6,9,30,47,6
Ankrd16,5,5,13,11,16,2
Itga8,3,3,3,2,0,0
E030013I19Rik,2,0,1,0,0,0
Fam188a,13,14,18,32,49,7
Pter,0,1,2,2,3,0
C1ql3,0,0,0,1,0,0
Rsu1,67,77,112,139,229,49
Trdmt1,5,3,3,4,12,4
Vim,413,298,603,1282,1359,440
St8sia6,25,22,28,55,73,31
Hacd1,9,4,5,4,5,2
Stam,2,7,16,23,20,3
Mrc1,16,0,1,5,5,0
Slc39a12,1,0,1,3,2,0
Cacnb2,2,1,2,2,5,0
Gm10848,1,0,1,0,0,0
Gm13269,0,0,1,0,0,0
Nsun6,11,5,16,26,52,1
Arl5b,8,11,22,37,46,10
Plxdc2,25,22,37,69,130,10
Nebl,95,101,161,191,285,79
A930004D18Rik,0,0,1,6,12,1
Skida1,4,0,1,8,4,0
Mllt10,21,21,25,60,70,12
Dnajc1,21,33,34,63,81,30
Commd3,21,30,39,91,122,22
Bmi1,9,11,17,36,38,17
Pip4k2a,11,27,14,32,45,8
4930426L09Rik,0,0,0,0,1,0
Armc3,1,0,0,2,6,1
Msrb2,13,8,16,29,46,4
Otud1,12,2,10,29,30,4
Etl4,11,4,20,29,30,3
Gm13362,0,0,0,1,0,0
Arhgap21,5,9,9,18,21,8
Gm13375,0,0,1,2,4,0
Enkur,0,0,1,0,11,2
Thnsl1,3,1,4,7,11,4
Gpr158,0,0,0,0,1,0
Gad2,0,0,0,1,0,0
Apbb1ip,3,6,12,15,38,1
Pdss1,3,1,4,2,5,2
Abi1,32,24,49,69,112,19
Acbd5,18,19,38,41,84,13
Mastl,0,0,1,1,2,0
Yme1l1,28,32,51,70,105,23
4931423N10Rik,0,0,0,0,1,0
Spopl,12,9,9,27,48,4
Hnmt,0,1,1,2,2,0
Il1f9,0,1,6,0,0,0
Psd4,0,0,0,2,8,2
Cacna1b,0,0,0,0,1,0
Ehmt1,14,16,24,45,71,18
Arrdc1,8,6,14,15,41,4
Zmynd19,3,5,6,9,16,2
Dph7,4,4,3,5,14,0
Mrpl41,12,19,30,53,63,18
Pnpla7,2,4,6,6,5,0
Nsmf,10,6,10,17,36,7
Nrarp,18,18,12,51,76,14
Gm38287,0,0,0,2,0,0
Tor4a,6,3,0,4,4,1
Nelfb,27,22,34,41,89,14
Tubb4b,115,101,163,337,468,202
Slc34a3,0,1,0,0,2,0
Rnf208,0,2,0,1,2,2
Ndor1,2,1,1,8,10,2
Tmem203,4,7,12,23,34,4
Tprn,7,12,14,11,28,8
Ssna1,23,22,52,62,79,30
Anapc2,17,9,27,27,63,10
Grin1,0,0,1,0,0,0
AA543186,1,0,0,0,1,0
Man1b1,13,9,11,26,34,5
Dpp7,2,5,1,5,18,1
Uap1l1,4,2,7,21,19,6
Sapcd2,0,0,0,0,1,0
Entpd2,0,0,0,3,3,0
Npdc1,38,31,42,116,106,55
Fut7,0,0,0,0,1,0
Abca2,6,26,7,38,65,19
BC029214,15,12,14,33,44,8
Ptgds,22,281,39,1030,607,117
C8g,0,0,1,0,1,0
Fbxw5,8,5,13,34,26,5
Traf2,8,4,10,10,13,6
Edf1,93,101,151,284,342,114
Mamdc4,0,0,0,0,0,1
Phpt1,7,7,7,24,52,2
Gm996,0,0,0,0,2,0
Rabl6,8,7,11,35,42,11
Tmem141,8,3,6,16,18,6
Bmyc,35,28,40,71,83,14
Kcnt1,0,0,1,0,1,0
Camsap1,7,3,11,10,26,4
Ubac1,10,8,22,26,39,7
Nacc2,17,17,10,41,38,14
C330006A16Rik,9,12,16,22,62,12
1810012K08Rik,0,0,0,0,1,0
Qsox2,3,2,11,13,14,6
Gpsm1,2,3,6,16,35,7
Dnlz,9,11,16,48,64,13
Card9,1,1,0,0,5,0
Snapc4,2,2,5,1,7,2
Sdccag3,10,7,19,22,46,11
Pmpca,8,8,14,27,40,13
Inpp5e,4,5,2,7,14,3
Sec16a,6,9,9,15,39,9
Notch1,78,109,107,160,242,56
Egfl7,283,236,555,1005,1194,410
Agpat2,6,6,4,19,21,5
Fam69b,1,3,3,5,12,3
Surf6,6,0,6,9,18,4
Med22,5,1,9,15,20,5
Rpl7a,238,248,359,673,890,199
Surf1,10,10,21,39,69,12
Surf2,11,5,10,19,38,3
Surf4,24,31,33,53,114,21
Rexo4,11,4,7,12,38,3
Cacfd1,10,12,10,25,39,11
Slc2a6,0,1,2,2,5,1
Tmem8c,0,0,0,1,0,0
Adamtsl2,5,0,10,7,24,0
Sardh,2,1,2,5,7,2
Vav2,2,2,3,3,12,1
Brd3,14,21,39,43,57,22
Wdr5,5,2,8,13,26,5
Rxra,9,2,9,18,22,5
Col5a1,0,0,1,0,1,0
Olfm1,0,12,0,7,10,5
Ppp1r26,0,0,0,2,1,0
1700007K13Rik,0,0,0,0,1,0
Mrps2,2,5,4,10,16,0
Ralgds,8,9,14,30,26,8
Gtf3c5,5,3,7,12,18,3
Gfi1b,0,1,0,0,0,0
Tsc1,9,3,11,15,23,8
1700026L06Rik,0,0,1,0,0,0
Gtf3c4,3,7,5,21,22,4
Ddx31,0,1,2,3,6,1
Ttf1,8,12,12,30,39,4
Setx,21,18,18,36,70,9
Med27,7,7,12,23,21,1
Rapgef1,22,15,23,40,57,18
Trub2,1,4,4,10,14,9
Coq4,2,4,8,4,6,6
Slc27a4,4,5,1,5,13,3
Urm1,10,16,16,45,58,17
2600006K01Rik,0,1,0,0,1,0
Cercam,0,0,1,0,2,0
Odf2,10,5,10,19,33,3
Gle1,21,8,26,43,50,12
Sptan1,82,84,153,215,434,68
Wdr34,0,3,3,4,4,0
Set,67,74,85,199,274,69
Pkn3,7,3,4,32,32,17
Zdhhc12,3,3,13,18,25,8
Zer1,9,9,13,27,28,5
Tbc1d13,3,3,8,16,29,2
Endog,8,9,10,24,36,5
D2Wsu81e,5,5,9,16,21,5
Ccbl1,6,8,6,5,12,2
1700084E18Rik,2,1,2,2,2,1
Lrrc8a,46,59,56,57,101,54
Phyhd1,2,0,0,1,1,0
Dolk,12,9,9,21,28,4
Nup188,3,4,5,11,17,3
Sh3glb2,11,16,25,44,69,11
Fam73b,6,1,9,3,4,2
Dolpp1,2,1,4,9,10,0
Crat,10,9,8,18,32,6
Ppp2r4,18,26,41,44,92,17
Ier5l,71,66,93,193,219,41
Cstad,0,0,1,0,0,0
1700001O22Rik,0,1,0,4,4,0
Ntmt1,2,3,14,15,23,5
Asb6,3,2,11,12,16,6
Prrx2,0,0,0,2,0,0
Ptges,12,20,11,26,29,24
Tor1b,15,13,15,37,52,5
Tor1a,10,10,20,51,47,9
BC005624,38,29,66,67,100,26
Usp20,1,1,0,7,10,1
Fnbp1,22,17,10,29,65,9
Gpr107,11,11,19,31,52,12
Ncs1,5,0,3,4,3,0
Hmcn2,0,0,0,2,4,0
Ass1,6,13,11,36,63,6
Fubp3,13,13,13,36,39,10
Exosc2,6,1,4,9,19,4
Abl1,11,13,11,26,37,9
Qrfp,0,0,0,0,2,0
Fibcd1,0,0,0,1,3,0
Lamc3,6,7,13,13,41,4
Aif1l,15,8,24,52,59,16
Nup214,16,13,13,28,35,9
Fam78a,0,0,1,2,5,1
Plpp7,0,1,1,3,8,1
Prrc2b,44,38,70,114,178,26
Gm13610,1,0,0,0,0,0
Pomt1,4,2,2,7,12,2
Uck1,6,5,15,23,26,7
Swi5,91,70,104,195,276,79
Golga2,2,8,11,22,21,2
Dnm1,1,3,1,2,7,1
Ciz1,11,10,11,27,35,9
1110008P14Rik,26,29,28,46,59,25
Lcn2,11,969,62,274,158,358
Ptges2,6,5,10,7,25,4
Slc25a25,9,3,13,19,47,7
Naif1,2,3,2,6,4,0
Fam102a,8,18,9,17,18,4
Dpm2,16,15,22,41,40,13
St6galnac4,13,6,13,30,23,7
St6galnac6,9,3,4,15,8,1
Ak1,2,2,0,2,4,0
Eng,183,197,408,434,712,220
Fpgs,2,5,5,12,11,4
Cdk9,29,19,44,67,102,19
Sh2d3c,21,25,35,33,83,20
Ttc16,1,0,0,1,0,0
Tor2a,8,13,21,53,59,16
Ptrh1,0,0,0,3,1,0
Cfap157,0,0,0,0,2,0
Stxbp1,14,16,25,49,59,11
Gm13524,2,1,1,3,2,1
Gm13523,0,0,0,1,0,0
Fam129b,21,22,47,62,106,33
Lrsam1,4,1,1,4,9,0
Rpl12,440,423,562,1077,1678,261
Slc2a8,6,3,7,11,19,4
Garnl3,3,3,5,4,8,3
Ralgps1,4,4,2,14,15,6
Angptl2,3,1,8,25,27,4
Zbtb34,2,5,5,10,8,1
Gm13536,1,0,1,1,8,0
Zbtb43,5,2,9,17,27,7
Mvb12b,5,7,13,17,34,6
Nron,0,0,0,0,1,0
Gm13403,0,1,0,0,1,0
Gm13404,1,0,0,0,0,1
Pbx3,13,9,12,33,44,7
Mapkap1,20,16,21,38,61,11
Gapvd1,45,37,53,79,108,33
Hspa5,149,195,194,415,464,317
Rabepk,6,6,9,11,23,3
Fbxw2,36,24,64,93,155,33
Psmd5,11,8,20,18,43,9
Cutal,3,3,4,11,11,1
Phf19,0,0,1,2,1,0
Traf1,4,6,8,15,14,11
Cntrl,7,8,11,20,25,4
Rab14,97,89,117,208,299,59
Gsn,9,36,18,18,73,10
Stom,43,38,60,58,84,15
Ggta1,11,12,7,29,26,7
Dab2ip,75,54,95,115,260,36
Ttll11,0,0,1,1,1,0
Ndufa8,68,49,85,262,266,68
Morn5,0,1,0,1,0,0
Lhx6,0,0,2,9,3,3
Rbm18,14,10,30,36,58,11
Mrrf,8,6,9,22,33,10
Gm13431,0,5,1,1,0,0
Ptgs1,8,9,13,17,34,4
Pdcl,13,14,23,31,52,12
Rc3h2,31,18,30,49,91,19
Zbtb6,5,6,6,4,12,5
Zbtb26,4,2,4,5,3,0
Rabgap1,16,21,26,30,61,8
Strbp,13,9,12,21,49,5
Gpr21,1,0,2,0,2,1
Dennd1a,12,11,16,30,53,6
Lhx2,0,0,0,4,0,0
Gm27197,0,0,0,1,0,0
Nek6,4,7,8,8,14,8
Psmb7,32,36,64,93,165,30
Nr6a1,0,1,1,3,1,0
Olfml2a,3,2,1,6,8,0
Gm13496,0,1,0,0,1,0
Wdr38,0,0,0,0,1,0
Rpl35,509,515,688,646,2016,325
Arpc5l,41,38,57,112,146,15
Golga1,6,10,8,20,22,4
Scai,9,6,17,16,23,2
Ppp6c,27,22,34,59,86,23
Lrp1b,0,5,0,3,7,0
Kynu,0,1,1,0,3,0
Arhgap15,7,8,13,9,34,5
Gtdc1,6,2,12,10,23,4
Zeb2,11,39,24,58,123,14
Zeb2os,1,1,1,5,8,1
Gm13470,0,1,5,1,3,0
Acvr2a,2,1,10,4,22,2
Orc4,12,14,20,35,44,9
Mbd5,5,8,10,13,26,2
Epc2,9,7,15,22,50,4
Kif5c,1,1,1,4,14,1
Lypd6,0,0,0,3,6,0
Mmadhc,9,9,23,27,43,10
Rnd3,2,4,12,18,34,0
Rbm43,2,6,4,6,4,2
Nmi,29,17,22,36,71,18
Tnfaip6,0,6,1,8,8,4
Rif1,29,22,25,32,80,13
Neb,0,0,2,0,1,0
Arl5a,9,11,13,40,59,12
Cacnb4,1,0,0,3,4,0
Stam2,6,6,22,34,39,8
Fmnl2,8,40,8,23,25,12
Prpf40a,28,35,52,103,140,36
Arl6ip6,14,7,16,26,32,8
Galnt13,0,0,0,0,1,0
Kcnj3,1,0,0,1,0,0
Nr4a2,83,79,104,219,274,46
Gpd2,63,47,95,120,218,69
Ermn,4,51,2,39,59,20
Cytip,12,26,19,16,72,4
Gm13546,0,0,0,1,1,0
Acvr1,16,12,11,24,43,10
Upp2,3,6,8,11,18,6
Ccdc148,0,1,1,6,6,1
Pkp4,46,62,72,123,144,38
Dapl1,0,0,0,1,0,0
Tanc1,12,24,36,58,80,19
Wdsub1,5,6,15,16,25,5
Baz2b,27,27,41,90,153,21
Gm13620,0,0,0,3,2,1
March7,37,35,55,125,135,29
Cd302,16,6,16,30,43,2
Ly75,18,9,19,20,43,3
Gm13571,0,0,1,0,2,0
Gm13580,0,0,1,0,0,0
Pla2r1,1,4,3,4,12,4
Rbms1,102,115,147,209,377,66
Tank,7,8,9,21,32,4
Psmd14,11,13,23,47,75,20
Tbr1,0,0,0,0,0,1
Slc4a10,1,1,1,0,3,0
Dpp4,12,9,11,11,15,3
Fap,0,1,1,1,3,0
Ifih1,14,12,22,39,41,11
Gca,6,2,7,8,21,2
Kcnh7,0,0,0,1,1,0
Fign,0,1,0,4,5,1
Grb14,42,22,42,110,162,43
Cobll1,64,38,65,143,207,36
Gm13594,2,1,0,4,11,0
Slc38a11,12,13,16,27,46,4
Scn3a,1,1,0,1,0,0
Scn2a1,5,0,0,2,2,0
Csrnp3,0,0,0,0,1,0
Galnt3,0,1,0,0,0,0
Ttc21b,2,0,1,9,10,2
Scn1a,0,0,0,0,1,0
B3galt1,0,1,1,0,2,0
Stk39,4,5,10,9,29,2
Cers6,0,1,0,1,1,0
Nostrin,137,113,200,137,247,97
Spc25,1,1,0,0,2,0
Dhrs9,0,0,1,0,0,0
Bbs5,2,3,3,10,8,1
Fastkd1,7,1,1,4,9,3
Ppig,55,51,74,129,179,47
Ccdc173,0,3,3,4,3,0
Phospho2,7,6,7,18,28,4
Klhl23,6,7,8,18,50,2
Ssb,69,68,94,156,248,31
Mettl5,9,6,11,24,31,4
Mettl5os,0,2,2,0,3,1
Ubr3,16,24,25,38,58,9
Sp5,4,4,3,7,13,2
Erich2,0,0,1,1,2,1
Gad1,0,4,0,2,3,1
Gm26558,0,0,0,1,0,0
Gorasp2,14,15,22,44,56,21
Tlk1,14,22,22,37,74,8
Mettl8,1,0,6,6,6,0
Dcaf17,6,11,13,37,81,6
Cybrd1,0,0,0,0,1,0
Dync1i2,64,53,79,156,374,49
Slc25a12,6,5,10,23,31,7
Hat1,11,11,13,24,33,11
Metap1d,9,5,10,18,25,1
Itga6,144,142,195,251,363,143
Pdk1,7,10,7,9,25,2
Rapgef4,33,28,56,62,148,14
Rapgef4os3,0,0,0,1,0,1
Zak,61,49,58,71,136,12
Cdca7,2,4,5,14,14,0
Sp3,48,32,58,80,111,27
Sp3os,7,14,12,24,26,6
Ola1,23,27,39,57,56,25
Cir1,22,25,32,56,90,25
Scrn3,9,3,13,16,22,2
Gpr155,11,8,13,29,45,7
Wipf1,13,16,14,24,52,11
Chrna1os,0,0,0,0,1,0
Chn1,1,6,5,8,25,2
Atf2,19,21,23,56,63,14
Gm10822,0,0,1,0,0,0
Atp5g3,79,86,105,216,256,53
Lnp,8,5,4,12,19,0
Mtx2,16,14,26,31,60,7
Hnrnpa3,158,141,225,377,562,133
Nfe2l2,32,56,64,72,153,36
Agps,9,8,11,17,36,7
Ttc30b,2,1,4,4,6,0
Ttc30a2,0,1,0,0,0,0
Ttc30a1,0,1,1,3,2,0
Pde11a,0,0,0,1,0,0
Rbm45,1,1,5,3,4,2
Osbpl6,1,2,0,8,2,0
Prkra,4,17,10,44,41,9
Fkbp7,7,7,18,46,52,11
Plekha3,21,25,28,30,57,17
Ttn,1,1,1,0,4,0
Ccdc141,157,226,229,274,417,97
Sestd1,12,6,22,14,36,2
Cwc22,3,5,5,12,29,6
Ube2e3,36,36,49,102,128,32
Itga4,10,10,21,16,35,6
Cerkl,0,0,3,4,1,0
Ssfa2,26,29,40,69,115,13
Pde1a,8,4,2,7,14,0
Dnajc10,33,58,44,91,122,47
Frzb,0,1,0,0,4,0
Nckap1,58,38,69,105,172,41
Dusp19,3,4,7,8,17,2
Nup35,12,4,11,22,14,6
Zc3h15,32,36,53,76,113,22
Itgav,13,16,11,24,39,3
Fam171b,2,9,2,15,11,5
Calcrl,34,27,32,84,85,12
Tfpi,14,9,22,36,42,28
Ctnnd1,56,42,56,77,112,34
2700094K13Rik,15,18,15,75,74,13
Tmx2,15,10,18,48,64,15
Med19,25,13,23,54,53,14
Zdhhc5,8,11,17,26,39,16
Clp1,10,12,8,18,27,4
Ypel4,0,0,0,0,2,0
Gm19426,0,0,1,5,0,0
Serping1,4,4,5,7,31,1
Ube2l6,13,92,10,57,101,23
Timm10,11,8,13,29,30,5
Slc43a1,0,1,0,1,2,0
Slc43a3,0,0,0,1,0,0
Ssrp1,28,23,33,68,130,29
Tnks1bp1,13,13,23,30,55,17
Aplnr,1,0,0,2,0,3
Gm13713,0,0,0,0,1,0
Ptprj,13,5,16,37,36,7
Nup160,6,7,11,16,10,4
Fnbp4,7,10,17,35,50,5
Mtch2,25,22,39,78,109,32
C1qtnf4,6,7,2,21,26,4
Ndufs3,28,31,58,81,111,29
Kbtbd4,4,8,4,11,16,3
Celf1,31,47,40,90,149,25
Rapsn,0,1,0,4,5,0
Psmc3,46,48,72,146,213,71
Slc39a13,9,16,13,20,33,10
Spi1,10,12,17,21,43,0
Madd,4,8,9,12,23,3
Nr1h3,2,13,10,19,24,5
Acp2,6,6,18,26,35,5
Ddb2,0,1,5,7,9,2
A330069E16Rik,0,0,1,1,4,1
Pacsin3,1,4,5,8,26,3
Arfgap2,16,19,24,43,65,19
1110051M20Rik,0,1,9,5,14,3
Lrp4,1,1,1,1,8,0
Ckap5,13,15,24,45,36,13
Zfp408,2,0,0,5,5,1
Arhgap1,14,9,16,34,35,3
Atg13,7,3,5,17,20,5
Harbi1,2,2,4,1,4,0
Ambra1,10,8,13,14,8,3
Mdk,0,3,0,6,21,0
Dgkz,19,12,34,33,51,5
Gm9821,0,0,0,0,1,0
Creb3l1,1,0,0,2,2,0
Phf21a,16,14,25,26,52,6
Pex16,7,3,6,20,28,4
Mapk8ip1,5,12,3,15,36,5
Cry2,3,3,4,16,41,1
Slc35c1,0,1,2,3,10,0
Chst1,0,2,1,5,3,1
Syt13,0,0,0,2,1,1
Prdm11,3,1,2,6,8,2
Trp53i11,7,5,8,19,15,5
Tspan18,1,1,5,2,5,2
Cd82,7,9,6,30,28,12
Alx4,0,0,0,0,1,0
Ext2,29,15,32,48,88,21
Accs,0,2,2,2,6,0
Gm13889,110,41,143,101,181,14
Alkbh3,8,4,8,28,27,4
Hsd17b12,25,23,19,53,80,30
Ttc17,8,8,15,17,22,5
Api5,31,19,37,59,94,23
Lrrc4c,0,0,1,0,2,3
Gm10800,2,0,1,0,1,0
B230118H07Rik,13,7,25,52,43,11
Traf6,9,3,9,18,24,3
Prr5l,18,9,26,45,60,8
Commd9,10,5,11,16,29,4
Ldlrad3,36,27,62,69,127,23
Gm13920,0,0,0,1,0,0
Trim44,21,26,30,41,74,14
Fjx1,1,1,1,21,6,2
Pamr1,0,0,0,2,0,0
Slc1a2,7,41,16,87,79,9
Cd44,1,5,8,2,5,2
Pdhx,7,3,11,12,15,10
Apip,12,12,15,25,36,9
Cat,23,46,20,59,88,14
Abtb2,5,1,3,2,3,1
Nat10,1,4,2,7,7,1
Caprin1,35,35,49,81,99,19
Lmo2,108,72,210,275,429,44
4931422A03Rik,0,0,1,0,0,0
Fbxo3,25,38,48,56,89,18
Cd59b,4,8,4,4,12,2
Cd59a,83,111,105,176,303,83
A930018P22Rik,1,0,0,0,0,0
D430041D05Rik,0,1,0,0,1,0
Hipk3,45,46,36,83,114,24
Cstf3,11,8,25,33,45,8
Tcp11l1,2,4,1,7,3,2
Depdc7,2,1,0,0,4,1
Qser1,12,5,19,24,41,6
Prrg4,0,0,0,1,0,0
Ccdc73,2,0,3,2,7,1
Eif3m,54,50,87,134,182,45
Them7,0,1,0,0,0,0
Rcn1,4,8,10,18,31,6
Pax6,0,0,0,1,0,0
Elp4,5,4,11,13,9,3
Immp1l,24,21,34,44,79,19
Dnajc24,8,11,17,34,43,10
Mpped2,6,6,4,17,26,0
Arl14ep,2,5,10,4,17,2
Mettl15,1,3,2,6,5,1
Kif18a,0,0,3,3,5,2
Lin7c,22,19,40,50,74,27
Lgr4,0,4,1,10,13,0
Ccdc34,4,14,17,28,37,11
Fibin,3,1,1,2,14,1
Lpcat4,4,7,5,7,15,2
Nop10,63,49,80,140,199,54
Slc12a6,29,21,44,42,98,9
Emc4,31,20,33,63,78,27
Katnbl1,13,13,28,36,58,3
Emc7,55,53,90,120,186,44
Aven,4,8,7,3,14,8
Ryr3,0,0,0,0,1,0
Fmn1,0,0,0,2,0,0
Grem1,0,2,1,2,0,0
Scg5,1,7,2,5,5,3
Arhgap11a,0,0,0,0,4,1
Aqr,11,20,29,36,55,8
Zfp770,3,2,4,14,19,2
Dph6,8,4,9,17,31,5
BC052040,0,1,3,5,2,1
Meis2,0,1,0,0,4,0
2700033N17Rik,0,0,0,0,2,0
D330050G23Rik,0,1,0,0,0,0
Gm29340,0,0,0,0,1,0
Spred1,13,8,7,37,48,8
Fam98b,5,11,12,17,28,11
Rasgrp1,2,1,2,2,3,2
Thbs1,21,35,30,8,15,0
Fsip1,0,0,1,0,1,0
Gpr176,0,0,0,0,1,0
Eif2ak4,7,6,9,11,30,3
Srp14,104,115,161,237,351,74
Bmf,1,4,5,3,8,0
Plcb2,0,2,2,4,4,0
Inafm2,4,9,8,14,33,7
A430105I19Rik,2,5,2,16,16,11
Phgr1,0,0,0,0,1,0
Disp2,0,1,0,1,0,0
Knstrn,0,0,2,1,2,0
Ivd,2,4,8,13,20,1
Bahd1,1,5,7,13,21,6
Chst14,6,0,4,15,24,2
Ccdc32,11,8,16,21,52,4
Rpusd2,1,0,0,0,2,1
Casc5,0,0,0,1,0,0
Rad51,0,0,0,0,1,0
Rmdn3,2,4,6,11,20,4
Gchfr,0,16,9,7,2,3
Dnajc17,7,9,12,17,28,6
Zfyve19,3,0,11,14,15,3
Spint1,0,1,1,3,8,0
Vps18,3,7,8,10,16,8
Dll4,18,14,29,25,46,10
Chac1,1,0,0,1,2,0
Ino80,8,9,17,33,42,9
Exd1,0,0,0,0,1,1
Chp1,18,18,27,44,71,13
1700020I14Rik,72,73,106,126,249,58
Oip5,0,0,0,1,1,0
Nusap1,1,3,0,3,5,0
Ndufaf1,5,5,12,12,22,3
Rtf1,37,60,64,92,171,42
Itpka,0,0,0,0,1,0
Rpap1,2,4,8,8,13,2
Tyro3,0,1,0,0,4,3
Mga,27,20,37,41,80,7
Mapkbp1,2,3,7,7,10,3
Jmjd7,2,3,5,8,16,2
Ehd4,21,30,42,71,131,29
Vps39,5,4,1,7,22,3
Tmem87a,0,5,20,15,15,1
Ganc,5,4,11,16,42,5
Capn3,1,11,0,2,3,0
Zfp106,17,21,19,64,76,15
Gm26899,0,0,0,0,1,0
Snap23,11,26,40,59,61,22
Lrrc57,10,8,13,18,32,10
Haus2,7,8,1,23,27,4
Stard9,15,7,11,26,43,5
Cdan1,5,1,6,9,17,1
Ttbk2,8,11,9,19,22,5
Ubr1,20,7,26,41,71,9
Tmem62,3,3,7,3,10,4
Ccndbp1,14,32,21,45,64,9
Epb42,0,5,0,1,1,0
Lcmt2,4,2,5,10,9,3
Adal,4,3,3,4,2,1
Zscan29,4,3,8,10,13,3
Tubgcp4,7,7,7,13,23,3
Trp53bp1,4,5,8,12,24,10
Map1a,5,18,3,14,25,6
Ppip5k1,10,10,5,12,32,1
Ckmt1,1,0,1,0,0,0
Catsper2,0,0,1,1,2,0
Pdia3,76,76,137,302,293,110
Ell3,1,2,2,1,3,0
Serinc4,0,0,0,1,0,0
Serf2,248,370,389,616,961,235
Hypk,27,31,62,84,172,48
Mfap1b,30,28,46,65,108,17
Mfap1a,24,20,24,55,78,19
Wdr76,2,7,2,13,13,1
Frmd5,11,6,19,15,28,0
Casc4,2,5,4,16,23,5
Ctdspl2,6,6,19,20,43,6
Eif3j1,35,35,59,87,152,35
Spg11,4,4,5,9,17,2
B2m,389,440,597,970,1540,521
Trim69,1,0,0,3,1,0
Sord,3,11,14,16,23,2
Duoxa1,0,0,1,0,0,0
Shf,6,3,6,7,16,6
Slc28a2,2,0,1,4,7,0
Gatm,226,240,285,328,663,105
AA467197,0,0,1,2,0,1
Slc30a4,6,15,6,19,30,4
Bloc1s6os,0,0,1,0,3,1
Bloc1s6,4,5,12,23,28,3
Sqrdl,19,12,11,39,60,10
Sema6d,12,5,21,53,61,14
Slc24a5,14,8,11,34,28,6
Myef2,18,11,14,36,50,14
Ctxn2,0,0,0,1,2,0
Dut,10,15,8,23,39,5
Fbn1,0,0,1,0,1,1
Cep152,1,3,0,1,8,1
Shc4,0,2,2,0,0,0
Eid1,49,50,77,155,193,30
Secisbp2l,14,24,31,39,70,10
Cops2,13,19,20,49,61,21
Galk2,1,4,4,7,20,1
Dtwd1,2,3,5,8,11,2
Hdc,0,0,4,1,1,0
Gabpb1,23,13,14,27,36,6
Gm27003,0,0,0,2,0,1
Usp8,16,18,16,43,34,4
Usp50,7,8,8,14,37,4
Trpm7,12,9,28,39,71,13
Sppl2a,36,40,50,74,126,30
Ap4e1,4,4,4,4,13,1
Blvra,7,6,14,29,37,11
Ncaph,1,0,7,3,4,1
Itpripl1,5,5,10,21,35,5
1810024B03Rik,0,2,1,3,5,1
Snrnp200,15,17,31,61,75,7
Ciao1,20,13,18,36,45,15
Tmem127,7,7,15,27,35,8
Stard7,10,12,13,30,38,10
Dusp2,9,8,22,54,82,5
Astl,0,0,0,0,1,0
Fahd2a,5,6,10,14,19,3
Kcnip3,1,0,1,2,7,0
Zfp661,0,2,1,2,4,1
Mrps5,27,17,42,41,74,21
Mal,173,381,218,533,571,294
Mall,13,12,17,20,20,31
Nphp1,5,2,9,14,10,3
1500011K16Rik,21,14,33,35,98,18
Bcl2l11,9,9,17,23,45,5
Anapc1,21,11,32,49,67,4
Mertk,21,9,32,26,54,7
Tmem87b,20,14,25,40,49,11
Zc3h8,5,0,5,8,19,4
Gm10762,1,1,3,2,3,1
Zc3h6,6,2,8,9,21,2
Ttl,8,4,5,16,12,7
Polr1b,1,1,4,5,9,4
Chchd5,7,9,10,19,21,6
AI847159,0,0,0,0,1,0
Slc20a1,7,19,6,29,43,17
Ckap2l,0,0,0,0,2,1
Il1a,6,53,21,43,75,0
Il1b,3,23,28,37,25,1
Il1bos,0,0,0,0,1,0
Sirpa,13,8,8,31,40,1
Stk35,8,3,1,19,13,4
Tgm3,0,0,1,0,0,0
Snrpb,113,102,148,266,373,91
Nop56,17,10,22,43,97,16
Idh3b,24,14,50,61,102,24
Ebf4,0,1,2,3,5,0
Cpxm1,0,0,1,0,0,0
Pced1a,0,1,2,2,5,0
Vps16,3,8,6,14,23,4
Ptpra,40,31,42,75,102,31
Mrps26,16,15,41,40,86,9
Ubox5,1,1,2,3,4,2
Fastkd5,1,2,1,5,3,2
Lzts3,1,2,5,2,5,0
Ddrgk1,67,67,87,147,216,53
Itpa,10,8,12,34,44,4
4930402H24Rik,13,16,16,32,53,16
Atrn,10,10,19,23,39,3
Gfra4,2,1,2,0,1,0
Adam33,1,1,0,0,2,0
Siglec1,0,0,0,0,3,0
Hspa12b,49,38,73,116,211,43
1700037H04Rik,3,0,5,12,10,2
Spef1,4,2,3,20,19,2
Cenpb,66,51,91,225,306,58
Cdc25b,3,6,7,17,20,7
Ap5s1,1,1,5,7,8,2
Mavs,2,6,8,6,17,2
Pank2,19,18,18,22,53,9
Rnf24,1,0,1,4,2,1
Smox,29,54,44,71,109,38
Prnp,71,90,121,228,249,103
Rassf2,3,5,3,5,22,2
Slc23a2,8,15,11,22,21,2
Tmem230,6,14,16,20,47,10
Pcna,25,28,32,83,102,18
AV099323,0,0,0,2,1,0
Cds2,29,37,33,74,106,31
1700026D11Rik,1,0,1,7,6,0
Gpcpd1,147,143,189,264,544,85
1110034G24Rik,12,7,35,23,61,17
Gm14097,0,0,2,0,1,1
Chgb,0,1,0,1,0,0
Trmt6,3,19,5,13,24,8
Mcm8,2,0,0,3,3,0
Crls1,5,7,10,14,23,7
Bmp2,26,3,1,3,3,4
Tmx4,27,22,50,72,85,17
Plcb1,51,28,81,113,161,9
9630028H03Rik,1,0,0,0,0,0
Plcb4,46,50,51,85,115,45
Pak7,0,0,1,3,4,0
Snap25,3,0,2,1,1,0
Mkks,9,12,29,41,64,10
Slx4ip,0,3,3,6,14,0
Jag1,32,18,47,56,64,5
Btbd3,15,9,18,28,45,8
Ism1,16,16,19,11,46,8
Tasp1,1,3,7,9,9,3
Esf1,24,28,44,55,97,22
Ndufaf5,2,4,5,6,12,5
Macrod2,1,2,8,14,21,6
Flrt3,0,0,0,1,4,1
Kif16b,3,4,6,14,23,6
Snrpb2,35,21,31,42,76,18
Pcsk2os1,0,1,0,0,0,0
Pcsk2,0,0,0,1,1,0
Bfsp1,0,0,1,0,0,0
Dstn,206,149,269,342,489,132
Rrbp1,75,100,134,171,265,74
Snx5,36,27,31,57,119,25
Mgme1,5,5,16,13,16,5
Csrp2bp,6,3,9,18,22,3
Dzank1,0,4,1,0,2,2
Polr3f,7,5,10,14,25,3
Rbbp9,9,10,17,15,32,4
Sec23b,14,19,14,31,32,14
Gm561,15,21,43,38,94,14
Dtd1,19,15,23,54,79,6
Slc24a3,3,3,5,1,5,0
Rin2,14,20,26,28,66,4
Naa20,24,24,42,76,98,25
Crnkl1,5,4,11,17,32,6
Insm1,0,0,0,1,0,0
Ralgapa2,7,5,4,13,16,5
Kiz,9,5,13,17,20,7
Xrn2,17,19,37,68,106,24
Nkx2-2,0,2,0,1,4,0
6430503K07Rik,0,2,1,1,2,1
Sstr4,0,0,1,1,0,0
Thbd,44,39,150,165,195,62
Cd93,70,53,131,328,237,149
Nxt1,15,10,18,36,37,13
Gzf1,4,5,2,10,24,1
Napb,2,1,2,6,7,0
Cst3,1844,1220,1796,2543,4468,267
Zfp120,10,1,6,9,23,4
Zfp937,3,0,1,10,6,3
Gm21994,0,0,0,3,2,0
3300002I08Rik,0,1,0,0,2,0
Zfp442,2,0,2,8,13,1
Cst7,0,2,0,0,1,0
Apmap,11,10,16,31,46,11
Acss1,2,1,1,5,12,0
Entpd6,3,1,6,6,14,0
Pygb,16,7,9,19,19,4
Abhd12,27,18,38,43,101,19
Gins1,2,0,1,2,1,1
Ninl,1,1,0,0,2,0
Nanp,0,0,0,0,1,0
Nsfl1c,22,25,42,67,91,27
Gm14167,0,0,0,1,0,0
Fkbp1a,106,201,154,411,385,324
Sdcbp2,0,0,1,0,2,3
Snph,1,0,0,1,1,0
Psmf1,6,5,12,14,41,14
Gm14154,0,0,0,1,2,0
Fam110a,14,11,19,30,38,18
Slc52a3,15,30,30,49,63,26
Srxn1,2,7,5,19,24,6
Tcf15,11,3,36,26,80,9
Csnk2a1,38,46,57,88,167,28
Tbc1d20,27,12,29,49,55,17
Rbck1,22,23,37,66,110,15
Trib3,1,4,2,7,10,6
Sox12,1,1,1,19,10,1
Zcchc3,3,0,10,9,18,1
Rem1,3,1,6,8,14,0
H13,20,23,20,54,100,36
Mcts2,3,3,2,10,18,2
Id1,570,459,1159,1619,2315,460
Cox4i2,17,37,46,108,159,12
Bcl2l1,95,91,114,93,265,50
Tpx2,0,0,0,2,1,0
Foxs1,13,11,16,26,26,6
Dusp15,1,3,0,2,9,1
Pdrg1,29,24,40,76,104,28
Ccm2l,32,40,48,90,118,35
Hck,4,6,1,9,14,1
Tm9sf4,15,10,25,35,63,10
Tspyl3,2,3,1,5,3,0
Plagl2,2,3,7,17,11,2
Pofut1,8,8,14,21,20,4
Kif3b,3,6,12,23,26,5
Asxl1,9,9,4,30,40,9
Nol4l,2,0,1,9,15,5
Commd7,25,16,27,58,51,16
Dnmt3b,1,0,3,5,4,1
Mapre1,57,73,101,170,240,69
Bpifb1,0,0,0,0,0,1
Cdk5rap1,7,3,6,2,10,1
Snta1,5,3,8,23,10,0
Cbfa2t2,3,8,6,9,17,1
1700003F12Rik,0,1,0,0,1,0
E2f1,0,0,0,2,0,1
Pxmp4,12,8,6,19,27,3
4930519P11Rik,0,0,0,0,1,0
Zfp341,4,1,0,0,4,0
Chmp4b,40,82,84,116,183,58
Raly,67,54,82,148,261,73
a,0,0,0,0,1,0
Eif2s2,67,80,102,167,310,85
Gm14226,1,0,0,0,0,0
Ahcy,2,0,1,6,5,1
Itch,22,19,38,61,108,17
Dynlrb1,77,65,114,202,259,69
Map1lc3a,103,83,171,238,348,59
Pigu,5,6,8,12,17,4
Trp53inp2,20,16,26,22,43,19
Ncoa6,13,10,15,21,28,7
Ggt7,0,2,2,3,5,0
Acss2,3,3,1,6,13,5
Gss,6,6,5,15,19,5
Trpc4ap,27,22,23,47,70,20
Edem2,8,11,16,39,39,12
Procr,5,6,17,18,15,26
BC029722,11,10,19,26,49,7
Eif6,36,35,43,93,129,51
Uqcc1,9,5,11,21,16,4
Cep250,11,6,9,14,30,2
6430550D23Rik,0,0,0,1,0,0
Ergic3,47,40,83,130,152,35
Spag4,0,2,0,1,4,0
Cpne1,0,0,2,3,1,1
Gm28036,1,0,0,1,0,1
Rbm12,6,11,6,13,23,5
Nfs1,5,9,22,23,34,11
Romo1,50,52,83,89,268,55
Rbm39,176,166,302,387,631,165
Phf20,23,24,34,45,61,9
Scand1,29,45,51,121,184,28
Cnbd2,1,1,0,1,8,1
Epb41l1,0,5,1,4,12,0
Aar2,3,9,10,17,22,7
Gm14168,0,0,1,0,1,0
Dlgap4,24,21,27,62,70,24
Myl9,199,162,244,334,422,31
Tgif2,0,0,1,4,8,2
4930518I15Rik,0,2,1,1,5,0
1110008F13Rik,37,29,45,86,149,19
Ndrg3,17,11,12,38,60,16
Dsn1,1,1,4,3,1,2
Soga1,1,2,4,9,16,0
Samhd1,37,33,47,69,135,26
Rbl1,7,3,4,13,15,4
Rpn2,44,54,62,140,211,77
Manbal,15,14,22,45,64,13
Src,3,0,4,8,15,5
Gm14286,0,0,1,1,3,0
Blcap,12,11,18,17,20,10
Nnat,1,2,1,8,13,0
Platr27,0,0,0,0,1,0
Ctnnbl1,6,12,12,32,39,11
Vstm2l,0,0,0,0,1,0
Tti1,4,1,4,9,9,1
Rprd1b,11,14,9,40,61,10
Tgm2,53,115,88,225,227,97
D630003M21Rik,1,0,1,0,6,1
1700060C20Rik,0,0,0,0,1,0
Lbp,1,4,6,9,7,0
Snhg11,1,4,1,16,25,0
Ralgapb,6,9,14,30,39,5
Actr5,6,1,6,7,18,1
Ppp1r16b,37,19,41,56,86,23
Fam83d,0,1,1,0,0,0
Dhx35,5,3,2,9,8,2
Mafb,31,15,47,66,182,5
Top1,84,64,69,120,254,47
Plcg1,26,14,34,35,95,11
Gm27206,0,0,0,0,1,0
Zhx3,17,19,19,19,37,3
Gm16751,2,2,0,2,7,0
Lpin3,1,2,0,1,1,0
Chd6,30,14,34,46,84,10
Ptprt,1,0,0,0,2,0
Srsf6,18,14,32,66,119,18
Sgk2,0,0,0,0,2,0
Ift52,6,4,9,18,22,4
Mybl2,0,0,0,0,2,0
Tox2,0,1,0,1,5,0
Jph2,1,1,0,3,4,0
Oser1,22,15,24,40,49,13
2900093K20Rik,6,3,10,9,20,0
Fitm2,0,2,2,7,6,4
Ttpal,16,4,17,15,46,8
Serinc3,369,440,494,672,1386,447
0610039K10Rik,0,0,0,1,4,0
Pkig,70,76,100,200,286,106
Gm16316,1,1,1,0,1,0
Ada,0,1,0,0,2,0
Ywhab,110,142,155,253,400,95
Pabpc1l,0,0,0,0,3,0
Tomm34,17,14,22,29,40,7
Stk4,6,15,13,16,33,8
Wfdc12,0,0,0,0,1,0
Slpi,0,12,14,4,1,0
Matn4,0,1,0,0,9,0
Sdc4,35,52,25,44,42,6
Sys1,37,38,41,123,139,35
Gm14302,1,1,0,0,3,0
Dbndd2,11,44,10,34,55,19
Pigt,11,15,17,52,40,12
Wfdc2,0,0,3,0,1,0
Wfdc6a,1,0,0,0,1,0
Dnttip1,18,12,17,31,50,15
Ube2c,0,30,0,17,9,0
Snx21,11,14,22,33,44,8
Acot8,7,3,8,26,25,7
Zswim3,1,1,3,5,3,4
Zswim1,1,1,1,4,11,1
Neurl2,3,2,6,13,30,1
Ctsa,29,37,41,78,126,32
Pltp,1196,408,1719,1880,3806,280
Pcif1,21,22,32,49,84,18
Zfp335,6,3,4,12,14,4
Zfp335os,1,0,0,0,1,0
Mmp9,0,0,5,0,0,0
Slc12a5,1,0,1,2,2,0
Ncoa5,4,8,9,11,18,6
Cd40,3,4,8,18,29,4
Slc35c2,2,3,2,8,16,2
Elmo2,17,11,14,26,40,5
Zfp334,1,1,3,7,5,0
Ocstamp,0,0,0,0,1,0
Slc13a3,1,0,0,2,6,0
Trp53rka,7,4,4,15,26,5
Slc2a10,1,0,0,4,2,0
Eya2,0,0,0,0,1,0
Zmynd8,25,13,25,54,73,13
Platr29,0,0,0,0,1,0
Gm11464,0,0,0,0,1,0
Ncoa3,22,23,35,55,58,13
Sulf2,1,2,7,5,12,2
5031425F14Rik,0,0,0,0,1,0
Prex1,2,9,14,21,24,7
Trp53rkb,5,2,6,6,13,1
Arfgef2,4,5,9,19,17,3
Cse1l,6,10,13,25,59,16
Stau1,24,12,25,29,61,10
Ddx27,18,11,32,33,50,12
Znfx1,10,15,20,30,37,9
Zfos1,37,28,43,90,161,30
Kcnb1,2,3,3,8,10,2
Ptgis,6,0,12,11,3,0
B4galt5,5,15,9,9,21,8
Slc9a8,3,3,5,15,11,4
Spata2,3,7,4,20,26,4
Rnf114,7,19,17,23,53,17
Snai1,9,4,3,9,23,1
Ube2v1,7,1,5,10,17,8
Tmem189,12,15,25,49,64,14
Gm14320,0,0,0,1,0,0
Cebpb,233,137,162,233,284,17
A530013C23Rik,0,0,0,1,1,0
9230111E07Rik,0,0,1,0,0,0
1200007C13Rik,1,0,0,1,1,0
Ptpn1,25,29,44,63,107,24
Fam65c,0,0,0,0,1,0
Pard6b,0,1,0,0,0,0
Adnp,1,0,3,3,16,0
Dpm1,38,28,43,85,166,19
Mocs3,6,4,3,2,13,0
Kcng1,0,0,0,0,5,0
Nfatc2,2,1,3,0,6,0
Atp9a,4,5,1,10,13,7
Zfp64,4,5,1,10,12,5
Gm9873,1,0,0,0,1,0
Tshz2,47,92,58,173,170,61
Gm26883,0,1,0,0,1,0
Zfp217,3,8,6,12,13,2
Bcas1,9,6,8,14,16,2
Pfdn4,14,10,22,30,51,11
Dok5,1,0,0,0,0,0
Fam210b,12,12,14,23,33,5
Aurka,0,0,0,0,1,1
Cstf1,4,3,8,8,17,2
Cass4,0,0,1,1,0,0
Rtfdc1,18,14,27,47,84,15
Fam209,0,0,0,0,0,1
Bmp7,0,0,0,0,4,0
Spo11,0,1,0,0,0,0
Rae1,22,13,28,33,44,10
Rbm38,4,5,7,6,30,3
Zbp1,2,2,2,4,4,13
Pmepa1,69,48,114,139,279,51
Pmepa1os,0,0,0,0,2,0
Rab22a,26,24,38,43,56,17
Vapb,25,29,46,80,103,33
Stx16,23,17,38,58,58,21
Npepl1,19,18,26,58,61,16
Gm10714,0,0,0,0,1,0
Gnas,608,616,954,1468,2098,364
Gm20721,2,3,0,4,3,0
Nelfcd,9,14,19,29,47,5
Ctsz,86,67,93,182,300,42
Tubb1,0,5,1,0,1,0
Atp5e,228,209,313,408,849,146
Slmo2,17,12,15,23,37,13
Zfp831,0,0,2,0,0,0
Edn3,16,21,20,28,124,12
Gm14399,2,0,2,1,7,0
Gm14443,1,0,0,0,2,0
Gm14391,1,0,0,1,1,0
Gm4631,4,7,10,16,20,4
Gm4723,1,1,1,5,7,2
Gm4724,0,0,0,3,6,1
Gm8923,0,0,0,0,1,0
Gm6710,2,1,1,6,7,0
Gm8898,2,0,2,4,1,0
Gm2026,0,0,0,1,0,0
Gm11008,1,1,0,0,0,0
Gm14308,0,0,0,0,1,0
Gm14305,9,5,6,16,19,5
Gm14295,7,5,5,6,15,3
Gm14408,0,0,0,0,1,0
Gm14296,2,6,4,7,8,3
Gm14419,1,0,4,4,4,1
Gm14410,2,1,1,0,3,0
Gm14418,1,0,4,0,2,0
Gm14420,2,0,0,4,0,0
Gm14403,0,3,1,1,1,0
Gm14322,2,0,1,0,1,0
Gm14325,0,2,6,4,3,2
Gm14327,5,3,3,3,15,1
Gm14326,2,7,1,2,7,1
Etohi1,0,2,4,0,7,0
Zfp931,15,5,10,15,26,5
Phactr3,0,8,0,1,3,2
Ppp1r3d,1,1,0,3,4,1
Fam217b,5,5,1,3,23,2
Cdh26,0,0,0,0,1,0
Cdh4,0,1,1,1,7,0
Taf4a,6,8,18,10,27,7
Lsm14b,7,5,7,17,28,3
Psma7,112,87,149,310,340,116
Ss18l1,2,1,1,6,1,0
Mtg2,8,7,15,12,31,7
Hrh3,0,0,0,0,1,0
Osbpl2,11,7,17,17,44,8
Adrm1,20,11,47,54,97,33
Lama5,25,12,29,38,73,16
Rps21,1020,1057,1409,1439,4130,556
Cables2,10,12,17,23,44,9
B230312C02Rik,0,0,0,1,2,0
Slco4a1,1,0,1,0,4,0
Mrgbp,7,5,13,26,31,7
Ogfr,16,13,15,27,44,19
Col9a3,2,1,4,0,2,0
Dido1,21,12,21,31,49,3
Gid8,8,17,11,26,38,11
Slc17a9,1,0,0,2,4,2
Gm27032,0,0,0,0,1,0
Ythdf1,16,18,22,35,60,19
Nkain4,1,1,0,8,6,0
Arfgap1,5,8,9,16,34,3
Chrna4,0,0,1,0,0,0
Kcnq2,0,0,0,0,1,0
Eef1a2,0,0,1,0,5,1
Ppdpf,35,27,70,122,140,42
Ptk6,1,0,0,1,5,0
Srms,2,3,2,7,8,4
BC051628,1,0,0,3,2,1
Helz2,17,19,24,27,67,14
Gmeb2,4,6,7,16,15,2
Stmn3,0,0,0,1,4,0
Rtel1,1,1,0,5,5,0
Arfrp1,22,18,27,48,63,10
Zgpat,8,6,4,18,13,0
Zbtb46,18,25,23,35,52,12
Tpd52l2,24,40,36,65,84,27
Dnajc5,25,33,27,57,95,34
Uckl1,6,6,16,23,32,7
Uckl1os,0,0,0,1,0,0
Zfp512b,4,3,8,12,19,2
Prpf6,17,9,27,39,46,13
Samd10,2,2,4,10,10,1
Sox18,140,100,190,285,321,81
Tcea2,2,2,3,1,13,1
Rgs19,9,4,13,33,27,10
Oprl1,1,3,1,2,3,0
Pcmtd2,15,10,17,29,41,7
Polr3k,12,9,21,22,33,14
Nudt11,0,1,0,2,4,0
Nudt10,1,2,1,5,4,2
Bmp15,1,2,1,1,1,0
Shroom4,28,10,24,35,75,12
Dgkk,0,0,0,1,0,0
Clcn5,3,1,3,4,10,1
Usp27x,0,0,1,0,6,1
Ppp1r3f,0,0,1,2,2,0
Ccdc22,6,0,7,10,15,4
Syp,1,1,1,2,4,0
Prickle3,0,5,7,9,18,4
Plp2,8,8,10,39,47,21
Magix,6,3,12,14,20,3
Gpkow,4,6,10,25,26,7
Wdr45,5,5,8,17,23,6
Praf2,6,7,18,29,42,14
Ccdc120,1,0,0,0,3,0
Tfe3,16,9,16,24,67,10
Gripap1,8,14,17,36,47,8
Kcnd1,0,0,0,0,1,1
Otud5,8,10,7,24,44,15
Pim2,0,1,4,6,6,2
Slc35a2,14,8,9,39,44,12
Pqbp1,14,18,22,29,68,10
Timm17b,19,17,27,59,67,15
Pcsk1n,5,10,3,10,47,6
Hdac6,1,1,2,8,9,2
Gata1,0,0,1,0,0,0
Suv39h1,3,4,3,7,14,3
Was,1,7,1,5,7,0
Wdr13,10,9,14,27,39,9
Rbm3,94,80,129,320,542,77
Rbm3os,0,0,0,0,2,0
Tbc1d25,0,1,3,4,4,2
Ebp,19,19,27,65,79,18
Porcn,4,5,7,14,21,5
Ftsj1,11,3,9,19,23,8
Slc38a5,37,40,62,281,190,21
B630019K06Rik,0,3,6,7,8,2
Lancl3,7,6,7,11,8,0
Gm14862,1,0,0,0,3,0
Xk,2,6,1,4,10,0
1700012L04Rik,0,0,1,0,0,0
Gm14501,0,0,0,0,1,0
Cybb,11,7,6,9,28,2
Dynlt3,42,44,58,110,144,27
Rpgr,0,4,4,4,5,0
Tspan7,3,10,8,26,38,2
Mid1ip1,17,27,31,54,91,17
Gm14493,1,0,0,0,0,0
Bcor,8,7,14,14,26,5
Atp6ap2,31,34,47,63,103,26
1810030O07Rik,6,8,11,29,32,9
Med14,4,7,11,13,20,10
Usp9x,15,36,39,70,81,18
2010308F09Rik,0,0,1,0,0,0
Ddx3x,91,101,94,241,304,63
Nyx,0,0,0,0,2,0
Cask,7,5,17,8,27,3
Gpr34,28,3,31,28,69,1
Gpr82,1,1,0,0,0,0
Maoa,109,91,112,355,414,95
Maob,10,9,20,52,47,4
Ndp,1,0,1,0,0,0
Efhc2,2,1,5,5,10,2
Fundc1,14,11,21,17,36,9
Kdm6a,10,21,15,29,47,10
4930578C19Rik,3,1,6,9,5,4
Gm26652,1,1,0,1,2,0
Chst7,4,1,2,5,7,2
Slc9a7,0,0,0,0,3,0
Rp2,4,8,4,16,12,4
Jade3,3,0,1,4,6,0
Ndufb11,94,97,149,297,391,81
Rbm10,10,16,11,18,38,7
Uba1,16,27,46,56,100,32
Cdk16,18,14,17,45,66,23
Usp11,1,1,2,0,13,2
Araf,25,32,26,59,91,13
Syn1,0,1,1,0,3,0
Timp1,0,5,0,3,1,3
Cfp,1,8,0,2,2,2
Elk1,2,1,5,7,12,3
Uxt,8,13,6,21,28,4
Zfp182,4,1,5,8,8,1
Zfp300,0,0,2,5,4,0
Gm6938,0,0,0,0,0,1
Klhl13,3,0,3,5,8,2
Wdr44,6,8,4,19,25,6
Dock11,3,2,6,3,13,3
Il13ra1,15,24,26,29,38,12
Lonrf3,1,1,2,2,1,0
Pgrmc1,58,50,95,175,214,42
Akap17b,1,3,2,13,13,4
Slc25a43,0,0,1,0,0,0
Slc25a5,112,94,167,313,455,124
2310010G23Rik,0,1,0,0,1,0
C330007P06Rik,11,12,10,33,57,4
Ube2a,19,19,17,52,68,32
Nkrf,0,0,0,1,3,2
Sept6,2,3,4,4,27,2
Rpl39,687,901,906,1049,3126,476
Upf3b,19,25,24,52,83,26
Nkap,17,13,19,31,51,5
Ndufa1,65,82,99,108,292,57
Rnf113a1,0,1,4,4,10,2
Rhox8,0,0,0,0,1,0
Zbtb33,2,4,5,16,14,1
Tmem255a,0,0,1,0,2,0
Lamp2,37,44,65,111,160,45
Gm7598,0,0,0,3,1,0
Cul4b,2,4,7,9,11,4
Mcts1,19,15,15,46,59,13
C1galt1c1,10,14,19,31,43,12
Gria3,0,0,0,0,4,0
Thoc2,49,39,42,64,128,18
Xiap,45,39,71,117,164,41
Stag2,29,26,33,49,96,14
Sh2d1a,2,0,6,0,0,0
Tenm1,0,0,1,0,0,0
Dcaf12l1,0,0,1,0,1,0
Smarca1,0,0,0,0,1,0
Ocrl,5,6,5,21,23,3
Apln,0,2,1,3,2,1
Sash3,5,1,1,0,15,0
Zdhhc9,7,8,15,21,29,6
Utp14a,7,8,5,36,35,5
9530027J09Rik,1,0,0,0,1,0
Bcorl1,6,2,2,7,21,2
Elf4,1,0,1,9,8,2
Aifm1,2,8,9,31,36,10
Rab33a,0,4,0,0,3,0
Zfp280c,4,3,2,8,6,2
Slc25a14,3,2,4,4,11,1
Rbmx2,5,6,6,11,22,5
Enox2,1,2,7,5,15,2
Stk26,0,0,2,1,5,0
Rap2c,10,9,11,24,18,4
Mbnl3,0,0,0,1,0,0
Hs6st2,0,0,0,1,1,0
Gpc4,0,0,3,4,6,0
Gpc3,5,4,6,15,36,3
Ccdc160,1,2,2,1,3,1
Phf6,9,10,8,17,33,4
Hprt,70,66,129,175,272,58
Gm28730,0,0,0,1,0,0
Fam122b,3,0,3,3,3,2
Mospd1,28,25,41,59,80,24
Cxx1c,1,0,0,0,0,0
Cxx1a,79,48,146,238,369,154
Cxx1b,30,30,70,108,160,72
1700013H16Rik,0,0,0,0,1,0
Zfp36l3,1,0,0,0,1,0
Xlr,16,7,14,15,32,7
3830403N18Rik,4,0,2,3,10,1
Zfp449,0,1,2,3,8,1
Ddx26b,6,6,19,27,42,4
Mmgt1,7,2,5,11,22,3
Slc9a6,2,6,1,10,28,1
Fhl1,3,8,10,11,17,0
Htatsf1,16,12,25,45,67,10
Cd40lg,1,0,3,0,0,0
Arhgef6,2,5,15,23,27,3
Rbmx,17,10,25,46,79,10
Zic3,35,31,47,88,132,19
Fgf13,4,3,2,4,9,2
F9,0,0,0,0,1,0
Atp11c,13,12,13,35,45,9
Sox3,0,1,0,0,0,0
Slitrk4,0,0,0,0,0,2
Slitrk2,0,0,0,1,2,0
Fmr1,11,10,21,40,39,8
Fmr1nb,0,0,1,1,0,0
Gm14698,3,16,15,34,32,17
Ids,15,21,20,49,67,10
1110012L19Rik,5,5,12,35,11,5
BC023829,5,4,6,13,14,5
Mamld1,0,2,0,10,2,0
Mtm1,4,5,4,10,21,2
Mtmr1,3,3,8,22,18,3
Cd99l2,8,9,16,34,41,5
Hmgb3,2,1,2,10,13,4
Vma21,11,16,27,35,59,14
Prrg3,0,0,3,0,4,0
Gabre,0,0,0,1,0,0
Cetn2,24,32,55,85,131,26
Nsdhl,6,2,7,7,12,4
Zfp185,0,1,0,2,0,0
Xlr4a,1,1,0,0,2,0
Xlr3b,0,2,2,2,6,2
Xlr4b,1,0,1,3,3,1
F8a,5,1,9,10,15,3
Xlr4c,0,0,1,0,0,0
Zfp275,3,11,20,11,21,5
Haus7,7,0,12,22,21,4
Bgn,35,16,62,77,143,15
Pnck,0,1,0,6,1,0
Slc6a8,7,11,13,30,38,12
Bcap31,46,50,101,160,225,44
Abcd1,2,8,10,12,19,4
Plxnb3,0,4,2,2,7,0
Srpk3,1,1,5,11,18,3
Idh3g,29,20,39,55,113,22
Ssr4,71,64,92,191,225,63
Pdzd4,0,0,0,1,3,0
L1cam,1,3,5,5,17,7
Arhgap4,0,1,2,4,11,0
Naa10,15,11,26,39,49,10
Renbp,8,3,5,14,18,7
Hcfc1,13,15,25,46,61,11
Irak1,30,39,34,86,159,39
Mecp2,30,28,52,79,98,15
Flna,83,45,89,89,142,34
Emd,55,13,37,71,109,20
Rpl10,515,637,758,1608,1912,504
Dnase1l1,10,5,15,17,25,4
Taz,30,15,27,46,70,10
Atp6ap1,45,47,56,90,141,54
Gdi1,24,25,24,59,98,24
Fam50a,7,13,20,27,47,13
Plxna3,1,0,1,0,1,0
Lage3,24,19,22,62,82,22
Ubl4a,9,6,25,25,55,11
Slc10a3,1,3,5,14,15,5
Fam3a,15,11,17,31,42,14
Ikbkg,2,6,8,9,15,4
G6pdx,5,7,1,11,20,4
Gab3,3,1,0,4,5,1
Dkc1,15,8,17,35,42,6
Mpp1,16,24,22,45,66,10
F8,0,1,0,0,0,0
Fundc2,42,38,41,94,114,24
Cmc4,7,5,9,17,17,2
Mtcp1,1,3,3,5,11,2
Brcc3,2,9,10,23,31,9
Vbp1,28,27,51,84,99,22
Rab39b,1,1,0,3,1,0
Gm15063,0,0,0,0,0,1
Pls3,97,70,143,155,257,69
Tbl1x,25,18,32,54,108,22
Prkx,14,18,25,23,55,9
Prrg1,12,15,25,36,51,10
Gm7173,0,0,0,0,1,0
Tmem47,3,4,5,15,13,3
Dmd,14,19,32,48,75,4
Tab3,3,1,2,4,7,3
Gk,2,3,0,7,6,2
Gm14762,0,0,0,0,1,0
5430427O19Rik,5,4,2,3,7,0
Arx,1,0,0,0,1,0
Pola1,0,4,2,3,9,1
Pcyt1b,0,1,0,3,1,0
Pdk3,1,4,8,14,9,3
Zfx,15,11,21,25,58,12
Eif2s3x,14,15,25,39,42,10
Klhl15,4,6,4,6,16,1
Apoo,3,4,3,22,16,6
Gm14827,0,0,0,0,1,0
Maged1,32,22,53,69,93,25
Gspt2,2,1,3,2,3,1
Zxdb,13,8,10,19,31,4
RP23-9K14.6,0,1,0,0,1,0
Gm26617,0,1,0,0,2,0
Spin4,0,1,2,6,6,0
Arhgef9,4,1,4,14,8,0
Amer1,5,3,7,15,24,3
Zc4h2,0,2,3,5,8,3
Zc3h12b,0,1,0,0,1,0
Las1l,11,12,20,34,44,7
Msn,98,131,135,355,365,151
F630028O10Rik,0,1,0,0,0,0
Heph,0,0,2,3,2,0
Ar,2,0,4,3,0,1
Ophn1,9,13,31,27,39,2
Yipf6,18,18,13,39,53,6
Stard8,25,20,43,54,100,17
Efnb1,12,9,28,32,50,8
Pja1,10,9,13,32,55,14
Tmem28,0,1,0,0,0,1
Awat2,0,0,1,0,0,0
Igbp1,15,23,29,52,67,24
Pdzd11,9,22,20,43,62,14
Gdpd2,0,1,0,0,0,0
Gm14902,0,0,0,0,1,0
Dlg3,1,0,4,5,6,2
Slc7a3,1,3,6,11,4,3
Snx12,9,3,10,14,26,11
Foxo4,3,5,4,11,19,5
Il2rg,14,27,28,47,84,32
Med12,11,12,12,21,37,8
Nlgn3,0,0,1,2,3,0
Gjb1,1,16,1,6,3,9
Zmym3,3,5,7,7,32,3
Nono,43,40,67,88,129,37
Taf1,17,18,18,38,64,9
Ogt,72,54,76,105,198,27
Cxcr3,1,1,0,0,0,0
Nhsl2,18,21,27,36,46,16
Rgag4,1,1,1,2,1,0
Pin4,22,23,35,52,95,27
Ercc6l,0,1,1,0,0,0
Rps4x,589,675,924,1444,2106,341
Cited1,0,0,0,0,0,1
Hdac8,0,1,3,6,17,2
Phka1,4,4,5,10,10,2
Nap1l2,0,0,1,0,0,0
Chic1,1,5,2,10,17,3
Jpx,1,0,0,3,8,0
Ftx,1,0,1,1,10,1
Slc16a2,42,36,108,145,208,37
Rlim,15,20,29,56,89,15
C77370,2,2,8,4,5,0
Abcb7,4,4,5,10,13,4
Uprt,0,0,0,1,0,0
Zdhhc15,0,1,0,1,1,1
Pbdc1,15,13,23,32,32,8
Magee1,1,2,3,13,9,2
5330434G04Rik,0,0,1,1,3,0
Atrx,76,59,105,160,264,33
Magt1,20,21,33,73,67,27
Cox7b,72,70,92,147,290,58
Atp7a,8,21,11,25,29,13
Tlr13,3,2,0,1,3,1
Pgk1,15,22,25,43,40,13
Taf9b,13,14,12,26,29,10
Cysltr1,1,1,4,14,6,9
Gm5127,0,1,4,18,7,0
Lpar4,2,2,5,16,22,3
P2ry10,7,9,5,5,38,2
A630033H20Rik,2,1,4,5,14,1
Gpr174,3,0,3,0,3,1
Itm2a,926,424,1514,2132,2696,287
2610002M06Rik,8,6,8,28,28,13
Brwd3,8,4,4,20,18,2
Hmgn5,20,14,27,35,50,13
Sh3bgrl,81,113,113,178,237,38
Gm6377,5,15,1,0,6,1
Rps6ka6,0,0,0,0,1,0
Hdx,0,0,0,1,0,0
Apool,12,7,12,31,27,7
Zfp711,0,0,0,1,0,0
Chm,12,16,20,26,41,10
Dach2,0,0,0,2,1,0
Klhl4,5,16,9,35,67,13
Pcdh11x,0,0,0,1,1,2
Nap1l3,2,3,4,13,13,2
Cldn34c1,3,7,6,14,14,1
Diaph2,10,20,14,33,35,4
Pcdh19,18,21,27,70,71,13
Gm26851,0,0,0,0,1,0
Tspan6,2,4,12,22,27,2
Srpx2,0,0,0,0,3,0
Sytl4,0,2,0,3,2,3
Cstf2,8,10,11,12,21,1
Xkrx,2,0,1,0,1,0
Trmt2b,6,6,6,11,18,2
Tmem35,0,0,0,1,1,0
Cenpi,0,0,0,1,1,0
Timm8a1,4,3,1,5,10,1
Btk,0,2,2,3,19,0
Rpl36a,323,389,439,561,1266,213
Gla,2,2,4,4,11,3
Hnrnph2,32,31,49,80,110,26
Armcx4,0,1,0,6,11,2
Armcx1,6,9,11,19,15,2
Armcx6,3,2,3,10,9,3
Armcx3,13,10,18,43,71,6
Armcx2,11,15,8,30,41,10
Zmat1,9,5,11,13,21,4
Armcx5,3,5,7,15,20,4
Gprasp1,12,12,20,30,33,4
Bhlhb9,13,2,13,15,36,7
Gprasp2,7,9,2,4,15,7
Arxes2,1,1,0,5,5,0
Arxes1,0,0,1,1,1,0
Bex2,0,0,2,0,5,0
Bex4,0,0,0,0,1,0
Tceal8,19,28,36,45,93,21
Tceal5,0,0,0,0,1,0
Bex1,0,0,2,0,7,0
Wbp5,76,71,89,137,219,98
Ngfrap1,20,44,41,68,107,36
Tceal3,0,1,1,0,8,0
Tceal1,7,4,14,21,21,2
Morf4l2,31,45,38,107,126,37
Plp1,61,656,80,467,833,266
Tmsb15l,1,1,7,1,22,1
Tmsb15b2,1,0,0,0,0,0
Tmsb15b1,2,4,1,4,4,1
Slc25a53,3,0,4,7,11,0
Zcchc18,2,2,1,2,6,0
Fam199x,8,7,4,12,14,2
Nrk,0,4,0,0,2,0
Mum1l1,2,2,1,1,8,0
Rnf128,0,1,0,0,2,0
Tbc1d8b,1,5,4,8,11,1
Cldn2,0,1,0,0,0,0
Morc4,1,2,3,6,7,0
Rbm41,1,1,2,4,7,1
Prps1,8,13,7,23,30,14
Tsc22d3,266,160,305,131,606,104
Mid2,0,4,2,7,14,2
Psmd10,11,12,19,32,32,9
Atg4a,8,7,12,18,26,3
Col4a6,3,0,0,0,4,0
Col4a5,5,3,3,4,7,0
Nxt2,4,4,8,12,20,5
Kcne1l,0,0,0,0,1,0
Acsl4,8,5,12,14,32,1
Tmem164,1,0,4,10,9,1
Ammecr1,6,7,4,8,6,2
Chrdl1,0,0,0,0,1,0
Pak3,0,0,0,0,2,0
Alg13,3,4,2,5,12,0
Amot,13,9,19,19,38,3
Lrch2,0,0,2,3,1,0
Tmem29,4,2,11,12,10,4
Apex2,5,0,3,5,9,1
Alas2,7,222,1,79,229,31
Pfkfb1,1,0,1,0,1,0
Tro,0,0,0,0,1,0
Maged2,15,8,17,24,37,7
Gnl3l,20,9,9,25,44,8
Fgd1,5,4,2,4,11,1
Tsr2,9,3,11,15,31,5
A230072E10Rik,0,0,1,1,1,0
Fam120c,0,0,0,4,7,0
Phf8,7,8,9,18,20,3
Huwe1,37,36,45,93,128,28
Hsd17b10,22,28,28,54,72,14
Ribc1,0,0,0,1,1,0
Smc1a,38,30,54,99,149,34
Iqsec2,1,3,4,7,10,5
Kdm5c,10,10,6,20,24,7
Kantr,0,0,0,0,6,0
Tspyl2,8,4,4,17,26,2
Gpr173,0,1,0,1,1,0
Shroom2,11,13,12,16,20,7
Gpr143,0,0,0,0,3,0
Usp51,0,0,0,1,0,2
Mageh1,26,12,31,66,73,12
Rragb,0,1,1,2,2,0
Klf8,2,0,0,3,3,0
Ubqln2,20,19,17,40,43,6
Kctd12b,6,8,36,49,48,4
2210013O21Rik,25,28,48,89,118,17
Spin2c,0,0,2,1,0,0
Sat1,118,131,171,209,393,92
Acot9,18,11,27,40,73,27
Prdx4,25,27,40,64,110,15
Ptchd1,0,0,0,0,1,0
Sms,11,6,8,24,54,9
Mbtps2,8,5,9,12,11,2
Cnksr2,0,0,0,1,1,0
Rps6ka3,27,45,29,85,81,33
Eif1ax,25,35,31,71,96,32
Map7d2,1,6,0,2,6,0
A830080D01Rik,10,3,15,26,23,4
Sh3kbp1,11,14,7,13,28,12
Map3k15,0,0,1,1,0,0
Pdha1,26,29,26,36,79,16
Adgrg2,0,1,1,2,0,0
Phka2,2,3,0,14,15,2
Cdkl5,4,3,2,3,9,2
Rai2,0,1,1,1,2,0
Nhs,0,0,0,5,7,0
Reps2,0,0,0,1,3,1
Rbbp7,39,28,64,128,153,42
Txlng,7,12,14,26,24,2
Syap1,16,14,16,28,43,8
Ctps2,9,12,12,20,32,10
Ap1s2,33,28,45,79,104,21
Zrsr2,14,23,34,51,79,14
Car5b,4,1,4,12,9,5
Siah1b,1,1,0,4,2,2
Tmem27,0,1,1,1,1,0
Ace2,5,4,18,23,36,8
Bmx,3,20,15,25,38,11
Pir,34,35,40,150,149,38
Figf,7,5,2,9,21,1
Piga,2,6,3,7,12,7
Asb11,2,1,0,0,0,0
Mospd2,25,15,25,30,42,8
Fancb,2,1,3,3,4,0
Glra2,0,3,0,0,0,0
Gemin8,2,2,3,9,0,3
Gpm6b,5,72,11,69,100,52
Ofd1,2,6,3,12,17,1
Trappc2,10,11,7,20,34,8
Rab9,20,25,34,46,78,17
Tceanc,3,1,1,2,1,0
Gm15232,1,0,0,1,0,0
Tmsb4x,3857,5934,5647,10754,13211,3226
Tlr7,2,0,1,2,12,0
Prps2,2,6,4,11,9,3
Frmpd4,0,0,0,0,1,0
Msl3,11,7,8,19,34,7
Arhgap6,7,3,9,7,27,3
Gm15261,0,2,4,3,11,1
Hccs,6,8,11,20,38,7
Mid1,3,1,7,6,22,2
Gm15726,0,0,0,0,1,0
Gm15247,0,0,0,0,0,1
Gm21887,1,0,0,1,0,2
Hnf4g,0,0,0,0,0,1
Zfhx4,0,4,1,1,7,0
Pex2,11,13,20,35,34,11
Gm8797,5,10,9,24,36,4
Pkia,4,3,3,6,19,2
Zc2hc1a,15,18,19,30,44,5
Il7,0,1,0,1,1,0
Stmn2,31,43,69,139,184,26
Hey1,21,21,29,20,58,15
Mrps28,11,9,19,31,63,6
Tpd52,88,58,108,186,258,59
Zbtb10,14,14,21,29,48,3
Zfp704,19,14,29,34,40,10
Pag1,3,3,12,10,31,2
Fabp5,3,9,8,20,34,1
Gm9833,1,0,0,0,1,0
Fabp4,0,3,0,10,3,0
Impa1,25,14,30,40,50,19
Zfand1,6,7,6,17,23,4
Chmp4c,1,0,3,1,3,0
Snx16,5,3,10,14,29,11
Gm38112,0,0,0,0,1,0
Ralyl,0,0,0,1,1,0
Lrrcc1,10,9,17,35,35,6
E2f5,5,5,7,23,49,5
1810022K09Rik,26,20,35,47,100,28
Car13,0,0,0,1,0,0
Car2,51,219,63,151,202,55
Gm9733,0,2,0,0,0,0
Sirpb1b,0,0,1,0,1,0
Sirpb1c,0,0,2,0,0,0
Gm5150,0,0,4,0,0,0
Ythdf3,19,10,21,32,53,11
Mir124-2hg,0,1,0,3,0,0
Bhlhe22,0,1,1,1,6,1
Cyp7b1,1,1,1,5,5,0
Armc1,26,28,43,50,85,23
Mtfr1,13,9,8,19,34,7
Pde7a,2,5,7,19,39,4
4632415L05Rik,3,4,9,22,21,2
Cp,71,220,81,129,271,49
Hps3,5,9,15,12,37,2
Hltf,13,5,11,21,35,6
Gyg,18,15,24,35,47,11
Cpa3,0,0,0,0,1,0
Cpb1,0,0,1,0,0,0
Agtr1b,0,0,2,0,0,0
Gm43672,1,0,1,4,12,0
Tbl1xr1,18,19,18,28,56,7
Nlgn1,0,1,0,4,0,0
Ect2,0,0,0,2,1,0
Nceh1,9,7,15,25,30,4
Tnfsf10,16,18,24,66,53,5
Fndc3b,17,12,21,29,54,17
Tmem212,0,0,0,1,3,0
Pld1,7,11,7,14,24,2
Tnik,1,5,6,9,11,2
Slc2a2,0,1,0,0,0,0
1700112D23Rik,0,0,0,1,0,0
Eif5a2,3,4,4,4,13,1
Rpl22l1,146,171,192,368,588,83
Egfem1,0,0,0,1,0,0
Gm33206,0,0,1,0,1,0
Mannr,1,1,3,0,2,0
Mecom,86,73,82,121,301,54
Mecomos,0,1,1,1,1,1
Mynn,9,9,13,32,34,6
Gm15462,0,0,0,1,0,0
4933429H19Rik,0,0,0,0,1,0
Sec62,176,180,235,359,721,154
Gpr160,10,4,3,21,22,5
Phc3,27,21,33,39,85,11
Prkci,10,6,10,14,28,7
Skil,39,38,79,86,153,23
Cldn11,4,52,7,78,77,39
Slc7a14,0,0,0,0,2,0
Zmat3,2,5,8,16,12,5
Pik3ca,18,16,28,50,65,12
Zfp639,20,19,23,31,67,12
Mfn1,12,11,16,26,49,10
Gnb4,29,28,28,77,93,14
Actl6a,15,19,35,58,65,18
Mrpl47,4,1,7,13,12,4
Ndufb5,57,56,85,176,202,56
Pex5l,0,18,1,13,28,5
Ttc14,50,35,69,97,153,30
Ccdc39,0,0,1,1,1,0
Fxr1,36,32,60,69,137,31
Dnajc19,24,25,21,70,93,17
Gm20515,0,1,0,0,0,0
Sox2,2,1,0,7,5,0
Atp11b,36,24,37,88,102,26
Dcun1d1,10,11,20,39,51,16
Gm15952,0,0,1,3,0,2
Mccc1,7,2,9,6,16,5
Mccc1os,0,0,0,0,1,0
Acad9,8,7,6,16,24,3
D3Ertd254e,6,2,12,24,12,5
Anxa5,120,93,202,322,463,97
1810062G17Rik,1,0,0,0,0,0
Exosc9,11,11,12,23,36,12
Ccna2,0,1,1,0,3,0
Bbs7,3,3,4,10,11,2
Trpc3,12,6,6,20,11,4
4932438A13Rik,20,23,28,41,69,18
Il2,0,4,2,5,9,0
Cetn4,4,0,8,7,10,2
Bbs12,2,0,3,2,0,0
Fgf2,2,1,1,2,6,0
Nudt6,1,1,0,6,9,1
Spata5,4,4,4,11,18,1
Spry1,40,37,43,42,63,7
Gm5148,4,3,2,5,11,0
Gm42921,0,0,1,0,0,0
Gm43536,0,0,1,6,2,0
Ankrd50,10,13,19,32,61,7
Gm43538,0,0,0,0,1,0
Fat4,6,5,12,12,22,1
Intu,0,1,0,4,3,0
Slc25a31,0,1,0,0,0,0
Hspa4l,15,5,12,24,24,19
Plk4,2,2,1,6,7,0
Mfsd8,5,3,5,10,12,3
Abhd18,4,5,5,7,15,1
Larp1b,10,11,15,32,39,15
Pgrmc2,13,16,21,42,57,10
Jade1,37,27,32,46,81,12
Sclt1,3,5,10,20,28,7
D3Ertd751e,2,4,7,9,17,1
Pcdh10,1,0,0,5,5,1
Pcdh18,5,8,18,21,35,2
Slc7a11,3,6,2,11,49,3
Gm38246,0,1,1,0,0,1
Noct,11,27,33,10,19,10
Elf2,20,36,45,67,100,18
Ndufc1,69,79,98,131,272,44
Naa15,18,19,26,44,79,9
Rab33b,5,11,14,14,34,4
Setd7,10,11,14,25,54,8
Mgst2,1,1,2,9,8,3
Maml3,5,6,5,10,14,3
Gm37170,0,0,0,0,2,0
Foxo1,32,22,53,76,134,13
Cog6,10,12,16,12,27,6
Lhfp,19,27,37,65,97,14
Gm43803,0,0,0,0,0,1
Nhlrc3,6,2,10,14,12,0
Proser1,11,13,13,33,32,11
Stoml3,0,0,0,1,0,1
Frem2,2,1,4,15,3,1
Ufm1,29,19,40,57,98,23
Trpc4,2,5,3,0,12,1
Postn,2,0,0,0,4,0
Supt20,27,17,33,50,68,6
Exosc8,16,10,22,33,56,10
Alg5,25,12,22,44,57,13
Smad9,0,1,1,1,2,1
Rfxap,20,14,23,49,78,12
Spg20,16,8,13,34,35,6
Dclk1,1,4,1,9,7,0
Gm43549,0,0,1,0,0,0
Nbea,13,9,10,35,51,5
Mab21l1,0,0,0,0,1,0
Tm4sf1,231,304,485,655,1030,277
Tm4sf4,0,0,0,1,0,0
Wwtr1,75,66,98,197,215,56
Commd2,15,7,28,47,60,15
Ankub1,0,0,0,2,2,0
Rnf13,19,23,38,69,100,29
Pfn2,5,12,11,19,32,7
Tsc22d2,22,22,44,63,92,17
Serp1,57,48,51,110,172,54
Eif2a,20,12,28,35,67,11
Selt,43,50,56,93,160,48
Siah2,7,9,10,21,35,4
Med12l,0,0,1,3,10,0
Gpr171,6,41,3,10,28,4
P2ry14,19,39,52,70,86,14
P2ry13,2,1,9,7,28,0
P2ry12,18,10,46,37,95,4
Igsf10,1,0,0,0,2,0
Mbnl1,79,109,128,196,342,61
Gm37035,0,0,0,2,0,0
P2ry1,8,4,16,27,29,6
Gm37696,0,0,0,1,0,0
Rap2b,9,8,10,22,20,6
Arhgef26,0,2,0,0,3,0
Dhx36,24,26,40,59,89,19
Mme,0,0,0,3,0,0
Plch1,0,1,0,0,1,0
E130311K13Rik,2,1,3,15,16,0
Slc33a1,5,4,7,26,20,4
Gm26850,0,0,0,0,1,0
Gmps,10,10,18,36,55,15
Kcnab1,5,4,6,7,8,0
A330015K06Rik,0,0,0,1,0,2
Ssr3,40,51,64,97,125,38
Tiparp,34,27,21,42,80,7
Lekr1,2,4,2,5,7,0
Ccnl1,86,79,103,186,254,56
Gm37305,1,2,2,7,13,6
Rsrc1,18,16,22,38,44,10
Mlf1,2,0,4,4,10,1
Gfm1,10,4,13,19,23,9
Lxn,12,11,14,29,39,16
Rarres1,0,2,0,0,1,0
Mfsd1,13,18,20,37,47,10
Iqcj,0,0,1,0,0,0
Schip1-1,1,1,2,7,5,4
Il12a,0,0,0,0,3,0
1110032F04Rik,0,0,0,0,1,0
Ift80,0,2,2,8,7,1
Smc4,9,12,18,30,46,5
Trim59,1,8,2,10,17,2
Kpna4,31,20,33,53,86,20
Gm1647,1,0,0,0,0,0
Ppm1l,20,12,11,20,41,6
B3galnt1,3,4,5,7,15,4
Nmd3,7,7,11,30,39,11
Slitrk3,0,0,0,1,0,0
Bche,11,1,12,16,21,7
Pdcd10,73,60,95,132,228,43
Serpini1,6,15,15,11,62,4
Golim4,89,57,116,144,275,30
Fstl5,0,0,0,0,1,0
Rapgef2,29,14,48,72,120,12
6430573P05Rik,0,0,0,6,6,0
Fnip2,8,11,8,19,28,3
4930589L23Rik,1,0,0,1,4,0
Ppid,33,23,36,63,71,24
Etfdh,11,8,15,24,39,3
4930579G24Rik,0,1,0,3,1,1
Rxfp1,0,0,0,0,3,0
Tmem144,2,1,2,8,14,3
Fam198b,7,2,2,13,14,7
Gria2,2,7,4,6,14,0
Glrb,2,6,7,12,11,3
Pdgfc,3,2,1,0,0,1
Ctso,18,11,24,62,84,13
Tdo2,0,0,2,0,2,0
Asic5,0,0,0,0,1,0
Gucy1b3,28,22,33,84,114,12
Gucy1a3,26,9,24,35,41,5
Map9,0,4,4,2,7,2
Rbm46,1,0,0,0,0,0
Lrat,0,17,0,1,0,0
Plrg1,5,8,11,24,29,10
Sfrp2,4,1,0,6,13,2
Gm26771,0,0,1,2,0,1
Tlr2,9,9,8,14,15,0
D930015E06Rik,2,4,6,5,16,0
Mnd1,2,1,0,2,0,0
Trim2,6,12,5,15,15,4
Fhdc1,0,0,0,0,1,0
Arfip1,8,12,18,22,49,7
Gm37240,0,0,0,1,1,0
Tmem154,2,0,1,4,1,0
Fbxw7,15,16,19,38,53,13
Gatb,2,0,4,3,11,3
Fam160a1,0,2,0,1,2,1
Glt28d2,1,2,0,0,2,3
Sh3d19,4,10,7,12,27,3
Rps3a1,749,823,1049,1733,2658,423
Lrba,16,10,16,24,53,10
Dclk2,1,1,4,5,6,0
Cd1d1,0,1,1,3,2,0
Kirrel,0,3,8,3,11,3
Fcrls,31,9,17,36,97,0
Fcrl1,5,0,4,4,15,1
Fcrl5,0,0,0,1,0,0
Etv3,17,9,18,25,31,5
Arhgef11,4,13,17,12,31,3
Lrrc71,0,0,2,0,2,0
Pear1,20,18,34,47,79,22
Sh2d2a,2,0,0,0,5,0
Prcc,3,4,18,10,21,4
Hdgf,34,47,65,159,228,57
Mrpl24,29,33,48,79,113,20
Rrnad1,11,7,12,20,33,4
Isg20l2,6,2,11,9,21,3
Nes,67,50,126,122,223,62
Bcan,4,9,2,11,23,1
Hapln2,2,20,3,17,23,9
Gpatch4,3,2,5,11,18,3
Apoa1bp,27,29,32,67,100,23
Mef2d,40,28,40,63,105,21
1700113A16Rik,1,1,0,0,0,1
Gm3764,1,0,5,13,32,0
Tsacc,1,1,2,1,6,1
Cct3,37,37,46,114,137,41
Glmp,20,19,48,76,113,25
Tmem79,0,1,0,0,3,0
Smg5,9,6,7,17,24,5
Paqr6,0,3,0,3,4,2
Bglap,0,0,0,0,0,1
Pmf1,5,8,5,11,22,2
Slc25a44,4,5,5,5,21,8
Sema4a,0,6,3,1,2,0
Lmna,50,46,70,202,213,76
Gm37584,0,0,1,1,0,0
Mex3a,0,1,0,4,5,1
Lamtor2,44,61,76,156,207,34
Ubqln4,3,11,6,23,28,4
Ssr2,40,35,59,110,132,48
Arhgef2,47,27,48,81,162,42
2810403A07Rik,20,16,19,29,56,15
Rit1,13,18,33,48,74,25
Syt11,7,33,16,59,77,16
Gon4l,18,17,20,41,57,18
Msto1,1,4,9,9,15,0
Dap3,13,11,21,29,62,16
Ash1l,44,46,74,124,170,40
Rusc1,12,14,12,31,61,10
Fdps,23,30,41,60,96,34
Hcn3,0,0,0,0,1,0
Clk2,2,8,11,19,21,9
Scamp3,11,17,29,41,62,18
Fam189b,2,1,3,3,9,1
Gba,6,2,12,7,18,9
Mtx1,17,14,14,41,55,9
Thbs3,0,0,0,2,1,0
Muc1,0,0,0,1,1,0
Trim46,0,0,0,0,4,1
Krtcap2,95,101,141,245,408,106
Dpm3,66,69,103,128,285,44
Slc50a1,85,53,93,198,294,48
Efna1,22,16,21,47,48,18
Efna3,1,0,0,1,3,1
Gm15998,10,6,7,19,38,5
Efna4,0,1,1,0,1,3
4731419I09Rik,1,0,0,0,1,1
Adam15,65,65,85,204,311,110
Zbtb7b,4,4,5,4,6,1
Gm15417,1,1,2,7,15,4
Lenep,0,0,0,0,1,0
Flad1,4,1,3,10,13,5
Cks1b,3,4,6,8,10,4
Shc1,17,14,14,33,57,22
Pygo2,8,11,17,24,28,5
Pbxip1,19,16,24,52,76,9
Pmvk,10,24,26,55,71,14
Kcnn3,0,0,0,1,0,0
Adar,16,13,19,21,40,12
4632404H12Rik,1,5,2,3,8,0
Ube2q1,22,24,23,71,121,17
She,41,43,53,101,113,43
Il6ra,14,33,18,61,62,13
Gm42809,0,0,2,1,0,1
Atp8b2,3,8,7,17,19,7
Hax1,16,14,20,37,67,10
Gm19710,0,0,1,1,0,0
Ubap2l,38,34,49,79,141,34
4933434E20Rik,25,22,26,41,75,12
Tpm3,149,137,179,384,527,191
Nup210l,0,1,0,2,2,0
Rps27,1115,1101,1551,1288,5121,556
Rab13,13,9,12,39,53,17
Jtb,16,23,34,52,80,20
Creb3l4,0,2,0,0,0,1
Slc39a1,23,37,27,49,66,23
Crtc2,11,14,17,22,43,13
Dennd4b,3,3,3,7,13,0
4930537H20Rik,0,0,0,1,0,0
Gatad2b,38,30,42,76,116,14
Slc27a3,0,1,0,2,6,1
Ints3,7,7,6,23,30,10
Npr1,2,3,12,29,29,7
Ilf2,26,19,28,62,87,16
Snapin,25,13,21,52,73,12
Chtop,27,22,38,85,87,24
S100a1,34,63,74,125,185,52
S100a13,170,145,215,369,532,157
S100a14,0,0,2,1,1,0
S100a16,64,77,104,285,275,115
S100a4,2,24,1,14,5,0
S100a6,7,33,32,61,122,22
S100a8,1,65,247,0,3,2
S100a9,0,37,296,1,8,0
Lor,2,3,3,1,2,2
Gm43740,0,0,0,0,1,1
Gm9774,0,2,3,7,9,2
Tchh,0,0,0,0,1,0
S100a11,69,86,129,268,387,186
S100a10,41,89,65,213,215,79
Them4,3,1,9,10,11,4
Rorc,0,0,0,0,1,0
Tdrkh,2,2,3,9,9,5
Oaz3,0,0,0,0,1,0
Mrpl9,19,15,22,38,68,21
Riiad1,0,0,0,0,3,0
Snx27,20,9,17,22,62,13
Tuft1,0,1,0,1,0,1
Gm15234,0,0,0,1,1,0
Cgn,0,0,0,1,0,1
Pogz,13,9,13,18,25,2
Psmb4,71,79,112,184,253,87
Selenbp1,5,8,4,7,32,2
Rfx5,5,4,2,7,20,1
B230398E01Rik,0,1,0,0,1,0
Pi4kb,1,2,3,7,9,3
A730011C13Rik,0,0,0,0,1,1
Gm15265,0,1,0,0,1,0
Zfp687,4,3,3,10,9,2
Psmd4,48,43,57,126,193,44
Pip5k1a,17,11,16,33,42,7
Vps72,19,15,28,56,60,13
Scnm1,10,10,11,25,30,12
Lysmd1,3,0,3,4,4,0
Tnfaip8l2,9,5,4,14,29,2
Sema6c,0,2,1,5,3,1
Gabpb2,11,11,17,25,31,8
Gm16740,2,0,6,6,11,1
Mllt11,7,0,5,11,18,3
Cdc42se1,34,25,41,53,95,19
Gm128,0,0,0,0,1,0
Bnipl,0,0,0,1,0,0
Prune,6,3,8,12,34,4
Fam63a,56,38,66,101,230,43
Anxa9,0,0,1,0,0,1
6330562C20Rik,1,1,1,1,0,1
Cers2,49,36,60,108,162,30
Setdb1,2,2,9,14,30,3
Gm4349,0,0,0,0,1,0
Arnt,15,11,25,33,53,10
Ctsk,1,1,2,2,3,1
Ctss,91,98,98,231,389,16
Golph3l,9,5,9,23,30,10
Ensa,37,27,38,68,116,21
Mcl1,231,203,294,416,722,100
Adamtsl4,0,5,3,5,15,5
Ecm1,25,31,54,102,142,64
Tars2,7,4,7,18,28,7
Rprd2,11,20,20,44,49,3
Prpf3,4,6,8,12,16,5
Mrps21,49,49,64,107,210,34
C920021L13Rik,1,0,0,4,6,1
Ciart,3,4,1,9,85,3
BC028528,98,60,169,296,408,70
Aph1a,38,32,59,129,153,31
Car14,12,3,12,54,62,12
Anp32e,23,31,30,76,103,18
Plekho1,10,7,14,35,45,7
Vps45,5,3,7,6,14,5
Otud7b,22,20,25,56,67,23
Mtmr11,4,5,16,27,27,16
Gm17690,0,0,1,0,3,0
Sf3b4,15,21,24,43,73,22
Sv2a,1,6,2,2,17,5
Bola1,12,5,26,30,52,2
Hist2h2ab,0,0,0,0,1,0
Hist2h2ac,2,2,2,1,4,0
Hist2h2be,4,4,7,4,8,2
Hist2h3c2,0,1,3,1,3,0
Gm20632,1,0,0,4,0,0
Gm20633,0,0,0,0,1,0
Hist2h2aa1,7,1,8,5,17,1
Hist2h3c1,2,1,4,6,5,3
Hist2h4,3,3,2,2,10,2
Gm20628,0,0,0,1,1,0
Hist2h3b,0,0,3,0,2,0
Hist2h2bb,0,0,0,1,1,0
Fcgr1,3,6,12,11,15,0
BC107364,2,0,1,4,5,0
Gm10685,1,1,0,0,1,0
Gm15441,3,3,1,2,2,0
Txnip,153,94,144,192,493,53
Polr3gl,17,12,25,44,50,16
Ankrd34a,3,0,0,1,3,0
Lix1l,17,14,14,42,53,9
Rbm8a,52,49,85,154,220,58
Pex11b,9,10,16,26,32,11
Gm42957,0,0,0,2,1,0
Itga10,0,0,7,1,1,0
Ankrd35,0,1,0,1,2,0
Pias3,7,8,7,18,45,2
Nudt17,0,0,0,3,8,2
Polr3c,5,14,8,18,19,5
Rnf115,11,19,18,56,68,22
Cd160,0,0,0,0,0,1
Gpr89,6,1,7,17,21,6
Gja5,0,0,1,0,2,1
Acp6,3,2,3,3,10,3
Bcl9,5,2,5,8,17,1
Chd1l,2,6,4,11,20,5
Fmo5,12,9,16,36,45,5
Prkab2,2,5,3,11,11,2
Pde4dip,6,6,3,7,28,6
Gm43076,3,0,0,0,2,0
Sec22b,23,15,40,52,59,19
Notch2,18,7,13,12,22,0
Hmgcs2,23,6,32,60,39,19
Phgdh,4,25,5,24,42,6
Zfp697,0,1,3,5,9,4
Hsd3b2,0,0,1,0,2,0
Wars2,2,2,3,1,6,1
Tbx15,3,1,3,8,5,3
Wdr3,6,7,12,6,17,4
Gdap2,1,3,5,3,18,6
Fam46c,3,70,2,28,55,1
Man1a2,13,13,33,49,85,15
Trim45,1,1,3,3,2,1
Ttf2,0,3,0,6,6,0
Ptgfrn,8,28,13,61,39,16
Cd2,3,0,8,9,41,4
Igsf3,3,0,2,4,7,3
Atp1a1,54,56,85,194,190,65
Slc22a15,4,2,5,11,11,3
Casq2,7,8,19,27,28,4
Vangl1,7,13,20,37,39,7
A230001M10Rik,0,1,1,2,2,0
Gm43242,0,0,0,1,0,1
Ngf,1,0,0,0,0,0
Tspan2,9,17,10,36,40,7
Sike1,30,23,45,67,97,20
Csde1,126,127,144,280,400,80
Nras,35,32,38,69,113,43
Gm43062,0,0,1,3,2,0
Dennd2c,0,2,1,5,5,0
Bcas2,50,37,60,114,181,33
Trim33,6,5,20,24,56,9
Atg4a-ps,0,0,1,0,0,0
Olfml3,18,5,20,40,106,1
Hipk1,47,51,62,71,153,29
Dclre1b,4,7,3,1,11,1
Ap4b1,4,2,10,13,11,4
Ptpn22,2,8,4,3,15,3
Rsbn1,22,15,24,57,69,7
Phtf1os,0,0,0,1,0,0
Phtf1,6,3,10,13,29,5
Magi3,18,15,22,30,44,15
Lrig2,8,6,7,6,17,2
Slc16a1,170,65,180,428,360,81
Ppm1j,0,4,0,1,2,0
Rhoc,83,86,116,200,266,152
Mov10,3,3,1,11,11,6
Capza1,23,27,37,50,93,22
St7l,6,5,11,23,29,15
Cttnbp2nl,36,40,79,47,96,29
Kcnd3os,0,0,0,1,0,0
Kcnd3,3,0,0,2,2,1
Ddx20,8,2,8,10,15,3
Fam212b,6,1,6,3,8,0
Gm43848,7,4,3,6,9,3
Rap1a,118,99,163,214,337,53
Gm5547,0,0,1,0,0,0
Adora3,0,4,2,2,4,0
I830077J02Rik,0,7,3,9,8,1
Atp5f1,112,101,172,268,367,84
Wdr77,2,5,5,16,16,4
Ovgp1,0,0,1,1,1,0
Gm42722,0,0,4,1,3,0
Chil5,2,0,1,16,9,5
Chia1,0,0,0,0,1,0
Chil3,0,1,0,0,0,0
Dennd2d,0,1,0,2,1,0
Cept1,35,22,44,64,72,21
Dram2,33,26,47,94,104,24
Lrif1,15,10,18,28,40,13
Cd53,30,23,23,46,92,6
Gm27008,0,0,0,0,1,0
AI504432,2,1,2,0,7,0
Kcna2,3,0,1,0,5,0
Lamtor5,59,61,77,148,175,47
Slc16a4,40,28,63,87,145,16
Rbm15,6,16,14,22,31,9
Kcnc4,0,0,0,0,3,0
Slc6a17,10,2,2,3,12,2
Ubl4b,0,0,0,0,0,1
Alx3,4,1,1,2,7,1
Strip1,13,11,20,22,43,10
Ahcyl1,27,35,37,82,113,22
Csf1,16,40,19,43,36,33
4933431E20Rik,4,3,3,5,8,3
Gstm5,20,29,22,81,101,19
Gstm7,27,23,37,57,63,15
Gstm6,1,0,0,1,3,1
Gstm2,11,7,11,16,36,13
Gstm1,84,74,137,150,310,60
Gstm4,2,1,2,7,6,1
Ampd2,3,5,5,10,16,0
Gm12500,0,0,0,1,0,0
Gnai3,30,23,28,67,74,19
Amigo1,2,1,2,4,6,1
Cyb561d1,1,4,3,9,13,1
Atxn7l2,0,1,2,5,4,1
Sypl2,0,0,0,0,1,0
Psma5,34,42,68,128,173,46
Sort1,16,21,22,27,65,10
Celsr2,1,1,0,3,9,3
Sars,27,19,52,69,105,18
Tmem167b,11,12,17,21,38,8
Taf13,12,12,15,46,55,20
Wdr47,9,11,13,18,23,4
Clcc1,26,14,20,35,49,9
Gpsm2,0,2,0,1,1,0
Stxbp3,15,21,32,42,70,24
Fndc7,2,0,0,2,0,0
Prpf38b,40,32,42,74,92,20
Fam102b,8,1,7,17,23,2
Gm43221,0,0,0,0,1,0
Slc25a24,12,16,14,38,53,17
Vav3,2,1,0,0,3,0
Prmt6,2,5,3,4,11,4
C130013H08Rik,0,2,0,1,1,0
Amy1,0,1,0,2,4,0
Rnpc3,7,11,16,18,30,7
Col11a1,0,0,0,1,0,0
S1pr1,241,182,351,220,660,144
Gm9889,4,4,7,8,16,0
Dph5,7,5,7,15,21,5
Slc30a7,7,7,14,15,23,11
Extl2,0,4,5,6,6,5
Vcam1,23,305,86,356,226,196
Cdc14a,15,11,17,31,40,4
Rtca,11,13,11,29,46,7
Dbt,4,6,4,9,12,1
Lrrc39,0,0,0,1,0,0
Trmt13,7,11,12,18,37,3
Sass6,4,4,6,8,12,1
Gm42893,0,0,0,1,2,0
Hiat1,33,32,42,51,95,22
Slc35a3,15,10,10,22,27,5
Agl,7,4,6,25,19,4
Frrs1,0,3,4,5,7,0
Palmd,112,85,170,155,289,72
4930455H04Rik,0,0,0,0,1,0
Plppr4,0,0,0,0,1,0
Plppr5,0,0,1,0,2,0
Snx7,9,7,10,20,26,4
Dpyd,0,0,1,0,2,0
Ptbp2,7,10,9,26,31,7
Rwdd3,0,1,0,2,1,0
Tmem56,2,2,0,3,1,0
Alg14,26,18,41,60,66,15
Cnn3,41,53,68,103,170,54
F3,0,2,2,8,22,0
Abcd3,13,5,16,24,39,12
Arhgap29,90,76,124,185,233,59
Abca4,0,3,0,0,0,0
Gclm,48,78,55,116,164,34
Dnttip2,19,17,23,61,81,16
Bcar3,15,21,25,43,30,10
Gm42835,0,0,0,0,2,0
Fnbp1l,86,110,106,94,174,26
Gm43568,0,0,0,2,0,0
Pde5a,29,19,14,30,61,5
4933405D12Rik,0,0,0,0,4,0
1810037I17Rik,136,207,240,515,568,140
Usp53,41,65,69,142,120,28
Synpo2,23,13,19,58,41,3
Sec24d,5,5,5,11,23,6
Mettl14,5,1,5,13,16,0
Prss12,1,0,0,0,0,0
Ndst3,2,3,2,6,7,2
Tram1l1,0,0,0,1,4,0
Ugt8a,3,14,1,15,25,10
Arsj,0,0,0,1,0,0
Camk2d,29,19,46,56,106,12
Gm15551,0,0,0,0,1,0
Ank2,3,15,1,19,31,7
Larp7,11,16,20,33,71,9
Zgrf1,3,2,1,1,4,0
Alpk1,0,0,2,3,6,0
Tifa,10,17,21,23,36,3
Ap1ar,11,7,16,32,55,12
Gm43653,0,0,0,1,0,0
5730508B09Rik,13,13,22,24,42,8
Enpep,4,14,18,19,38,5
Gm35986,1,0,0,0,1,0
Elovl6,0,4,0,3,5,0
Egf,1,0,0,2,3,0
Rrh,0,0,0,0,0,1
Gar1,9,7,19,34,42,13
Cfi,0,0,0,0,1,0
Pla2g12a,4,16,16,28,41,6
Casp6,20,11,27,32,35,7
Ccdc109b,13,14,13,36,48,13
Sec24b,18,22,18,31,61,16
Col25a1,0,0,1,0,0,0
Etnppl,0,2,0,2,2,1
Ostc,28,40,59,100,130,43
Rpl34,705,827,958,1042,2413,420
Gm42997,0,0,0,1,1,0
Gm43352,2,1,3,6,4,2
Lef1,93,80,147,206,284,37
Hadh,28,21,37,95,105,19
Cyp2u1,3,3,1,5,8,0
Sgms2,15,26,38,47,70,32
Papss1,24,20,40,63,77,26
Dkk2,1,1,1,0,2,0
Aimp1,33,28,68,95,113,19
Tbck,8,8,5,19,21,2
Npnt,9,2,0,3,15,3
Gstcd,1,2,4,1,4,0
Ints12,2,3,4,6,14,5
Gm43254,0,0,2,3,1,0
Ppa2,6,12,15,31,42,9
Tet2,8,8,14,19,39,7
Gm43194,0,0,0,0,0,1
Cxxc4,0,0,3,0,2,0
Cenpe,0,0,2,2,1,2
Slc9b2,1,5,3,9,7,1
Slc9b1,0,0,2,1,2,0
Cisd2,28,26,57,76,133,39
4930539J05Rik,0,0,0,1,1,1
Ube2d3,147,131,190,337,451,136
Manba,8,6,9,19,24,4
Nfkb1,33,36,63,78,108,23
Slc39a8,32,26,56,56,90,23
Gm43603,9,8,12,15,75,4
Bank1,9,12,12,19,87,7
Ppp3ca,52,61,82,167,242,42
Emcn,224,129,341,430,546,102
Ddit4l,11,8,23,25,29,5
Gm43403,0,0,1,0,0,0
H2afz,151,161,207,379,480,89
Dnajb14,10,25,24,60,76,14
Gm43087,0,0,0,1,1,0
Gm43689,0,0,1,0,0,0
Lamtor3,33,32,53,62,107,24
Dapp1,6,6,2,8,20,2
1110002E22Rik,0,0,0,0,1,0
Mttp,1,4,4,5,6,3
Trmt10a,2,4,6,12,13,3
0610031O16Rik,0,0,0,1,0,0
Adh7,0,0,1,0,0,0
Adh1,0,0,0,5,3,0
Adh5,31,31,55,91,125,27
Metap1,8,9,16,10,41,9
Eif4e,37,23,40,70,81,18
4930425O10Rik,1,0,2,1,0,0
Tspan5,72,60,96,154,186,57
Rap1gds1,14,30,27,42,85,17
Unc5c,0,0,0,0,3,0
Bmpr1b,0,0,0,2,2,0
Pdlim5,47,42,59,81,123,41
Gbp5,23,27,21,24,54,12
Gbp7,49,41,64,62,127,31
Gbp3,25,16,38,37,82,21
Gbp2,16,20,28,48,68,25
Ccbl2,0,0,3,3,3,1
Gtf2b,20,25,29,64,95,19
Pkn2,35,38,66,84,129,29
9530052C20Rik,1,0,0,0,0,0
Lmo4,20,24,25,51,135,15
Hs2st1,7,8,12,22,21,2
Sep15,162,142,245,442,509,105
Sh3glb1,158,154,221,381,543,110
Clca3a1,0,4,0,0,1,0
Odf2l,5,3,8,16,14,4
Znhit6,12,6,6,15,21,3
Cyr61,120,250,212,529,715,76
Gm17501,4,3,13,6,12,3
Ddah1,25,35,41,83,131,53
Bcl10,23,45,51,89,105,22
2410004B18Rik,13,16,20,34,49,11
Syde2,0,0,0,1,0,0
Mcoln3,0,0,0,0,1,0
Mcoln2,0,0,1,1,4,0
Lpar3,0,0,0,0,1,0
Ssx2ip,16,5,11,25,29,2
Ctbs,6,7,7,15,26,4
Spata1,6,5,1,2,11,3
Gng5,291,346,509,580,1096,245
Rpf1,14,13,15,28,43,16
Uox,0,0,0,1,1,0
Prkacb,48,42,51,62,118,14
Ttll7,51,50,64,54,163,27
Adgrl2,34,44,52,66,110,26
Gm43573,2,0,1,6,5,1
Gm30382,0,0,0,1,0,0
4930555A03Rik,5,1,3,0,4,0
Adgrl4,274,268,395,557,672,276
Ifi44,5,13,15,8,32,15
Ptgfr,0,0,2,0,4,0
Gipc2,0,2,0,1,1,0
Dnajb4,29,12,22,58,84,6
Fubp1,83,51,75,147,211,39
Nexn,10,1,6,7,9,0
Fam73a,3,5,17,23,30,3
Usp33,5,14,14,25,31,6
Zzz3,20,7,16,40,73,9
Pigk,11,15,23,46,57,18
St6galnac5,0,0,0,2,1,0
St6galnac3,45,15,37,61,73,15
Rabggtb,14,12,11,21,49,16
Acadm,32,17,42,80,103,13
Slc44a5,0,0,1,1,0,0
Tyw3,2,0,2,3,9,4
Cryz,4,4,9,9,13,2
Erich3,0,0,1,0,0,0
Fpgt,5,4,3,6,17,1
4930570G19Rik,0,0,1,1,0,0
Negr1,0,0,0,1,1,0
Zranb2,34,40,52,70,116,19
Ptger3,0,1,1,0,2,0
Cth,1,0,0,2,3,0
Ankrd13c,13,20,19,26,51,6
Srsf11,60,68,86,117,194,44
Lrrc40,2,1,4,2,10,4
B230334C09Rik,0,0,0,0,1,0
Lrrc7,0,0,0,0,1,0
Depdc1a,0,1,0,0,0,0
Wls,23,21,33,65,123,14
AI838599,0,1,1,2,1,0
Tmem68,8,6,8,10,12,5
Tgs1,15,16,15,33,53,9
2210414B05Rik,0,0,0,0,1,0
Lyn,28,34,35,57,85,11
Gm26857,1,1,1,2,2,0
Rps20,718,959,1144,1744,3045,567
Mos,0,0,0,1,0,0
Plag1,0,0,1,2,4,1
Chchd7,14,25,26,55,76,14
Gm11808,50,56,67,55,322,44
Penk,0,0,0,1,0,0
Impad1,18,17,19,24,55,15
Fam110b,3,1,6,11,14,2
Ubxn2b,3,6,10,11,13,5
Sdcbp,85,116,138,271,295,102
Nsmaf,8,11,12,20,36,3
Tox,0,0,0,2,1,1
Car8,0,0,1,0,0,0
Rab2a,57,57,109,164,221,50
Chd7,15,11,25,33,48,9
Asph,13,8,17,41,66,9
2610301B20Rik,2,4,4,10,19,0
Plekhf2,17,18,12,38,55,11
Ndufaf6,1,1,3,14,8,2
Gm11827,2,1,3,0,6,0
Trp53inp1,19,37,17,18,60,2
Ccne2,0,0,0,2,4,0
Ints8,4,5,14,11,19,2
Dpy19l4,9,6,10,26,33,5
Gm26663,1,0,0,0,0,0
Esrp1,0,0,0,0,1,0
1110037F02Rik,17,19,18,34,41,10
Rad54b,16,5,16,29,34,25
Fsbp,1,1,0,0,0,0
Gem,24,10,34,59,64,3
Pdp1,8,5,6,12,16,6
Tmem67,3,0,3,1,10,2
Rbm12b2,5,7,5,3,12,2
Rbm12b1,3,2,7,9,9,0
Fam92a,20,13,22,50,56,14
Triqk,5,4,2,4,9,3
Runx1t1,14,2,15,19,30,1
Slc26a7,0,0,0,0,1,0
Otud6b,21,7,14,20,33,8
Tmem55a,7,6,6,16,23,8
Gm11837,0,0,0,0,3,0
Necab1,0,1,0,0,0,0
Tmem64,11,19,24,42,55,8
Decr1,9,13,12,29,40,12
Nbn,8,5,23,13,20,3
Osgin2,4,5,8,11,18,6
Ripk2,5,8,6,15,17,7
Gm11851,0,0,0,1,0,0
Cpne3,23,41,33,91,101,23
Rmdn1,13,2,13,25,32,2
Wwp1,13,16,15,22,36,7
Atp6v0d2,0,0,0,1,0,0
Ttpa,0,1,0,1,0,0
Ggh,25,22,32,59,80,17
Ccnc,7,6,10,19,35,6
Tstd3,2,0,1,5,5,1
Usp45,3,4,8,6,11,2
Pnisr,47,72,86,135,230,40
Coq3,3,0,4,12,14,1
Fbxl4,2,4,4,10,13,3
Pou3f2,0,1,0,1,0,0
Mms22l,2,0,0,3,5,0
Klhl32,0,0,0,1,2,2
Gm11899,0,0,0,1,2,0
Ndufaf4,21,5,23,33,46,7
Fhl5,1,0,0,1,0,0
Ufl1,23,13,24,38,46,9
Fut9,0,1,0,1,3,0
Manea,3,4,9,14,33,1
Epha7,1,2,0,5,7,1
Map3k7,14,16,14,21,59,3
Bach2,12,2,7,11,39,1
Bach2os,0,0,0,1,0,0
Casp8ap2,14,14,22,24,48,0
Mdn1,7,5,7,5,13,5
Lyrm2,14,5,11,24,30,5
Ankrd6,4,0,6,9,12,1
Rragd,5,1,3,3,5,0
Ube2j1,18,18,19,33,51,12
Gabrr2,0,0,0,0,1,0
Gabrr1,0,0,0,0,3,0
Srsf12,0,0,0,0,3,0
Pnrc1,135,130,213,300,427,84
Rngtt,5,6,10,7,21,0
Cnr1,0,0,0,0,1,1
Spaca1,0,1,0,0,3,0
Akirin2,26,22,34,83,88,25
Orc3,5,3,8,14,30,2
Rars2,8,1,4,12,14,3
Slc35a1,23,15,16,46,41,13
Smim8,9,8,6,23,35,3
Zfp292,26,18,43,72,114,11
Mob3b,12,14,19,29,32,9
3110043O21Rik,3,5,6,11,13,1
Aco1,6,9,11,13,16,6
Ddx58,13,18,20,37,44,14
Topors,26,18,18,74,103,11
Toporsos,26,13,23,31,81,12
Ndufb6,36,27,39,85,136,38
Aptx,2,5,3,3,9,3
Gm6297,1,0,0,2,6,0
Dnaja1,256,226,375,579,674,342
Smu1,19,21,39,70,94,13
B4galt1,27,11,25,25,76,9
Bag1,48,47,55,160,188,53
Chmp5,64,82,140,185,267,66
Nfx1,8,15,18,23,46,7
Aqp3,0,0,0,0,1,0
Nol6,5,3,7,8,17,1
Ube2r2,34,68,62,120,162,48
Ubap2,11,13,15,27,53,14
Dcaf12,11,21,11,15,37,8
Ubap1,8,9,18,23,37,6
Nudt2,2,7,6,34,21,3
AI464131,0,0,0,1,1,0
1110017D15Rik,0,0,0,0,3,0
Fam219a,6,14,12,11,29,9
Enho,1,6,0,14,16,2
Cntfr,0,0,0,2,4,1
Il11ra1,20,17,28,45,48,11
Rpp25l,15,12,23,41,59,15
Dctn3,46,46,68,126,176,40
Sigmar1,12,11,35,39,49,6
Galt,7,9,12,25,45,6
Ccl27a,11,8,9,10,21,3
Gm13307,0,1,0,0,2,0
Gm20878,0,0,2,0,6,0
Gm13306,0,0,0,0,1,0
Gm10600,0,0,1,0,0,0
Gm2163,2,0,0,0,1,0
Gm2564,0,1,4,0,6,0
Ccl19,0,0,7,0,10,1
Phf24,0,0,0,1,3,0
Dnajb5,5,4,5,13,20,3
1700022I11Rik,0,0,0,1,0,0
Vcp,61,96,124,201,329,122
Fancg,2,1,2,2,5,0
Pigo,1,5,1,6,6,2
Stoml2,21,24,28,57,91,29
Gm26643,0,1,0,0,0,0
Fam214b,13,19,11,21,36,13
Gm26881,1,0,3,6,10,4
Unc13b,19,12,27,51,60,8
Rusc2,15,21,16,35,60,16
Tesk1,11,12,12,36,51,17
Cd72,2,11,7,5,24,5
Ccdc107,13,21,22,49,73,9
Arhgef39,1,0,0,0,0,0
Gm12454,0,0,0,1,1,0
Tpm2,135,25,157,216,154,2
Tln1,60,54,64,130,216,45
Creb3,13,12,12,29,38,8
Gba2,1,4,3,7,15,0
Rgp1,2,6,4,6,14,5
Msmp,1,0,0,0,0,0
Npr2,1,2,8,8,22,3
Spag8,0,0,0,0,1,0
Hint2,32,22,33,77,114,16
Fam221b,0,0,0,0,1,0
Tmem8b,4,1,0,6,11,1
Hrct1,19,31,37,65,92,27
5430416O09Rik,13,16,29,24,41,11
A630077J23Rik,0,0,3,3,6,2
Reck,39,61,49,81,128,18
Glipr2,1,5,5,4,11,7
Clta,127,97,185,300,407,81
Gne,10,6,7,13,20,1
Rnf38,15,18,19,33,56,10
Pax5,3,3,3,4,32,1
Zcchc7,40,21,36,59,142,11
Grhpr,12,6,10,31,48,10
Zbtb5,1,1,3,10,11,1
1700055D18Rik,0,1,0,0,3,0
Polr1e,0,1,2,4,7,1
Fbxo10,2,3,3,3,7,0
Tomm5,38,26,32,85,102,14
Frmpd1,1,0,0,0,0,0
Trmt10b,7,1,6,12,16,1
Exosc3,12,14,21,32,53,10
Dcaf10,10,16,7,20,29,11
Slc25a51,15,28,26,46,58,20
Shb,3,4,6,12,23,5
Aldh1b1,2,2,0,0,1,0
Igfbpl1,0,0,0,1,0,0
Ccdc180,0,0,0,0,2,0
Tdrd7,12,6,17,22,29,11
Tmod1,3,1,5,3,18,0
Tstd2,4,4,12,5,16,3
Ncbp1,4,12,4,24,27,8
Xpa,15,9,11,31,43,8
Trmo,1,3,3,3,3,2
Hemgn,0,1,0,0,0,0
Anp32b,64,61,93,189,267,50
Nans,9,7,13,26,31,10
Trim14,1,0,0,5,3,0
Coro2a,5,21,15,5,21,1
Tbc1d2,1,0,3,8,4,2
Gabbr2,0,0,0,1,2,0
Anks6,2,0,0,4,3,0
Galnt12,1,1,1,2,8,0
Col15a1,0,0,2,2,9,0
Tgfbr1,12,10,36,25,72,7
Alg2,7,5,5,12,22,4
Sec61b,57,73,88,206,242,86
Nr4a3,12,16,12,19,21,0
Stx17,14,4,12,23,38,3
Erp44,22,33,31,61,56,35
Invs,4,1,5,10,20,2
Tex10,6,2,10,12,32,2
Msantd3,5,5,9,17,22,2
Tmeff1,20,33,53,33,57,29
Murc,1,2,6,3,6,2
Plppr1,0,0,1,0,1,0
Acnat1,0,0,2,1,0,0
Mrpl50,12,4,14,29,37,10
Zfp189,1,3,5,2,1,1
Tmem246,8,6,17,26,37,6
Rnf20,12,13,19,34,57,13
Grin3a,0,0,0,0,1,0
Smc2os,0,0,0,0,2,0
Smc2,9,4,5,18,22,5
Nipsnap3b,22,11,26,39,43,11
Abca1,6,18,16,23,35,4
AI427809,0,0,0,0,0,1
Slc44a1,29,34,36,54,102,29
Fsd1l,2,10,6,7,16,5
Fktn,3,5,10,15,37,3
Tmem38b,15,9,12,10,30,4
Zfp462,5,4,5,8,10,0
Rad23b,16,27,25,64,96,27
Klf4,491,468,864,1291,1811,539
Gm12506,0,0,1,0,0,0
Ikbkap,3,4,6,6,23,4
Fam206a,3,3,3,6,11,2
Ctnnal1,1,4,2,3,10,0
Tmem245,43,21,44,66,169,20
Frrs1l,0,0,0,0,1,0
Ptpn3,0,1,2,4,2,0
Palm2,1,0,0,2,2,0
Pakap,0,2,1,2,3,0
Akap2,22,26,42,47,103,30
Txn1,106,129,182,420,480,173
Svep1,0,0,0,0,1,0
Lpar1,0,4,1,8,28,10
AI314180,11,12,18,49,47,11
Ptgr1,1,0,1,2,3,0
Dnajc25,5,4,6,18,13,5
Gng10,4,4,4,9,12,0
Ugcg,6,24,11,24,24,2
Susd1,1,0,1,2,0,0
Ptbp3,63,57,94,166,271,50
Hsdl2,9,12,15,39,53,11
E130308A19Rik,4,6,6,13,16,4
Inip,2,2,7,7,21,5
Snx30,5,5,3,8,17,3
Slc46a2,2,0,1,1,1,0
Zfp37,3,2,5,6,12,0
Slc31a2,21,14,34,41,63,14
Fkbp15,11,8,15,24,37,8
Slc31a1,64,42,63,119,162,33
Cdc26,38,37,52,76,124,25
Prpf4,11,13,23,35,42,10
Rnf183,0,0,0,0,0,1
Wdr31,0,1,1,4,0,0
Bspry,0,0,0,0,1,0
Hdhd3,0,2,1,6,2,0
Alad,20,9,22,59,71,14
Pole3,11,12,20,41,46,9
4933430I17Rik,0,0,0,0,1,0
Rgs3,30,37,54,70,132,13
Zfp618,1,4,0,4,3,1
Col27a1,2,4,6,7,32,2
Orm2,0,0,0,0,1,0
Akna,3,7,8,7,30,5
Whrn,2,0,2,2,10,0
Atp6v1g1,103,108,162,266,355,88
6330416G13Rik,2,1,2,7,10,1
Tnfsf8,0,14,1,1,0,15
Astn2,0,0,0,0,1,0
Trim32,6,5,7,17,12,4
Tlr4,2,0,0,3,3,2
Brinp1,0,0,0,1,2,0
Cdk5rap2,7,8,7,8,17,0
Megf9,13,5,14,19,26,1
Tle1,33,22,39,47,90,11
Kdm4c,9,7,17,16,32,2
A230083N12Rik,1,0,1,0,0,0
Tmem261,10,17,27,57,44,7
Ptprd,7,8,3,21,39,9
Lurap1l,0,2,4,7,16,0
Mpdz,12,1,6,20,33,5
Nfib,133,141,236,262,452,111
Gm11266,0,0,0,1,1,0
Zdhhc21,11,5,5,16,25,4
Frem1,0,0,1,0,0,0
Ttc39b,6,11,7,12,22,1
Snapc3,8,7,12,18,30,7
Psip1,10,24,22,47,76,16
Ccdc171,0,1,0,1,0,0
Bnc2,0,0,0,0,1,0
Cntln,8,11,13,13,42,3
Sh3gl2,0,0,1,1,3,0
Adamtsl1,5,4,0,4,10,0
Rraga,33,50,57,76,101,25
Haus6,3,2,2,7,7,0
Plin2,39,29,56,83,82,44
Dennd4c,14,13,23,38,33,4
Rps6,470,575,701,1287,1602,334
Acer2,58,127,93,136,130,109
Slc24a2,2,11,0,7,17,4
Mllt3,19,21,25,53,81,10
Focad,5,4,5,8,12,2
Hacd4,3,17,6,35,16,8
Klhl9,31,19,30,39,48,6
Gm26566,1,0,0,0,1,0
Gm26525,0,0,0,0,1,0
Gm26867,1,0,0,0,0,0
Mtap,10,6,12,28,50,4
Cdkn2a,0,0,2,0,0,0
Cdkn2b,32,20,33,36,51,6
Elavl2,0,0,0,0,2,1
Tusc1,5,3,5,9,16,3
Caap1,10,8,14,23,38,6
Gm10306,0,0,0,1,2,0
Plaa,9,10,17,22,34,4
Ift74,3,4,8,16,11,5
Tek,93,81,137,283,297,68
Mysm1,25,21,29,49,92,11
Jun,1114,1134,1841,3539,5432,598
Junos,1,0,1,1,2,1
Fggy,2,2,2,5,8,1
Hook1,1,1,0,2,4,0
Cyp2j12,0,1,0,4,1,1
Cyp2j6,6,2,1,24,14,3
Cyp2j9,0,2,1,5,3,0
E130114P18Rik,0,0,0,1,1,0
Nfia,94,75,76,138,239,34
0610025J13Rik,0,1,0,0,0,0
Tm2d1,29,25,36,61,83,20
Inadl,1,1,0,2,1,0
Kank4,3,6,11,10,34,1
Usp1,8,15,19,50,66,15
Dock7,0,3,1,8,9,2
Angptl3,0,1,0,0,0,0
Atg4c,7,1,5,10,12,2
Gm12689,0,0,0,2,1,0
Alg6,7,3,7,15,30,2
Itgb3bp,4,3,7,17,18,4
Efcab7,0,3,2,7,13,0
Pgm2,6,2,1,12,17,3
Ror1,0,0,1,1,4,0
Cachd1,13,9,8,23,21,3
Raver2,0,0,0,0,1,0
Jak1,31,60,65,93,176,24
E130102H24Rik,8,6,22,5,44,1
0610043K17Rik,1,0,0,1,1,1
Ak4,7,7,8,10,12,1
Dnajc6,3,0,1,2,6,1
Leprot,38,36,64,90,134,31
Lepr,9,6,6,6,17,1
Pde4b,16,30,18,45,89,7
Sgip1,3,1,8,17,18,0
Tctex1d1,0,0,0,0,1,0
Wdr78,0,0,2,1,0,0
Mier1,63,52,75,131,226,36
Slc35d1,4,7,5,12,12,2
Gm44037,2,0,0,0,1,0
Oma1,9,10,17,25,28,7
Dab1,0,1,0,0,3,0
Prkaa2,3,3,5,6,9,2
Plpp3,25,20,28,85,88,8
Usp24,13,16,12,27,51,9
Tmem61,1,0,0,0,0,0
2700068H02Rik,0,0,0,1,0,0
Dhcr24,5,8,8,17,29,4
Pars2,0,1,2,4,2,1
Ttc4,11,11,18,28,45,3
Mroh7,0,0,0,1,1,1
Fam151a,0,0,0,0,1,0
Acot11,1,0,0,3,1,0
Ssbp3,13,8,23,49,47,12
Mrpl37,6,4,7,18,14,7
Cyb5rl,1,1,2,5,8,1
Gm12802,1,0,0,1,1,0
Tceanc2,6,2,3,3,16,1
Tmem59,156,119,218,341,469,80
Lrrc42,3,5,12,17,22,4
Hspb11,10,10,8,24,32,6
Dio1,0,0,1,0,0,0
Yipf1,24,18,31,56,94,20
Ndc1,2,0,4,6,8,2
Glis1,0,0,0,1,0,0
Lrp8,76,52,77,64,133,28
Magoh,46,41,53,127,180,44
0610037L13Rik,20,18,32,62,69,17
Cpt2,9,6,11,23,27,3
Scp2,83,66,110,193,261,45
Zyg11b,8,17,29,41,49,5
Coa7,5,6,10,11,28,7
Gpx7,10,2,13,28,22,5
Zcchc11,18,19,38,68,110,7
Prpf38a,16,12,19,45,62,14
Orc1,0,0,0,0,1,1
Cc2d1b,8,4,5,14,27,3
Gm17354,3,5,3,5,8,2
Zfyve9,7,17,11,41,48,10
3110021N24Rik,3,4,4,6,9,1
Btf3l4,25,19,35,68,70,16
Txndc12,19,11,29,51,73,15
A730015C16Rik,1,0,1,1,2,1
Kti12,14,3,17,26,50,2
Rab3b,0,0,0,1,0,0
Nrd1,44,34,47,90,112,21
Osbpl9,64,47,91,138,232,49
Calr4,0,0,0,1,0,0
Eps15,23,25,15,37,68,18
Rnf11,32,44,35,48,117,27
Cdkn2c,6,6,9,22,26,2
Faf1,7,10,12,34,50,6
Dmrta2,0,1,0,0,1,0
Elavl4,1,0,0,1,0,0
Bend5,3,5,13,30,43,9
Spata6,10,19,15,34,40,17
Slc5a9,0,0,0,1,0,0
Skint3,0,0,0,1,0,0
Trabd2b,2,0,1,0,1,0
Foxd2,0,0,1,2,1,0
Cmpk1,34,39,49,105,142,44
Tal1,8,13,9,30,36,5
Pdzk1ip1,0,0,1,0,1,0
Cyp4b1,0,1,0,0,1,0
Efcab14,28,29,38,72,69,19
Atpaf1,15,7,11,17,31,8
Mob3c,4,5,9,11,30,2
Mknk1,4,6,5,17,21,2
Gm29434,0,0,1,0,0,0
Faah,1,1,7,0,2,1
Nsun4,2,7,3,10,18,3
Uqcrh,200,214,252,437,637,102
Lrrc41,9,12,15,25,25,10
Rad54l,0,1,0,0,1,0
Pomgnt1,8,10,9,26,41,12
Lurap1,11,7,10,4,21,5
Gm12951,0,0,0,0,1,0
Pik3r3,11,10,30,32,68,17
Mast2,3,8,9,18,20,7
Ipp,2,1,0,3,4,2
Tmem69,0,2,0,2,3,0
Gpbp1l1,22,30,28,52,61,9
Ccdc17,0,1,1,1,4,0
Nasp,21,17,29,66,93,15
Akr1a1,133,150,231,371,584,123
Prdx1,175,218,294,560,731,202
Mmachc,0,1,1,2,0,0
Ccdc163,5,3,4,13,13,1
Tesk2,2,0,2,2,2,1
Toe1,9,4,9,10,25,8
Mutyh,1,0,1,6,7,1
Hpdl,0,0,0,0,1,0
Zswim5,0,0,0,1,2,0
Urod,9,19,26,46,55,14
Hectd3,4,3,10,9,17,1
Eif2b3,8,6,14,18,21,5
Ptch2,1,0,0,0,0,0
Btbd19,1,3,2,7,6,3
Tctex1d4,0,1,0,1,1,0
Plk3,11,16,18,31,43,16
Rps8,980,1152,1373,2183,3615,681
Kif2c,1,0,0,0,0,0
Tmem53,2,0,0,3,4,0
Rnf220,15,14,14,37,69,16
Eri3,7,13,5,16,30,10
Dmap1,2,10,11,26,27,2
Gm12840,8,11,19,23,20,16
Slc6a9,0,5,1,4,12,2
Ccdc24,0,0,0,1,1,0
B4galt2,1,2,0,4,9,2
Atp6v0b,91,85,112,211,275,59
Dph2,1,0,2,5,9,1
Ipo13,5,7,9,16,10,3
St3gal3,1,3,3,3,14,1
9530034E10Rik,1,0,0,0,0,0
Kdm4a,5,7,5,14,24,1
Ptprf,0,5,1,6,3,1
Szt2,3,2,4,8,8,1
Med8,14,15,18,58,71,12
Elovl1,18,22,29,74,88,33
Cdc20,1,0,3,1,3,2
Mpl,2,4,2,3,1,2
Tie1,66,37,79,157,260,56
2610528J11Rik,0,0,0,1,0,0
Tmem125,1,5,2,8,7,1
Cfap57,0,0,0,0,2,0
Ebna1bp2,33,19,40,70,91,26
Gm12863,0,0,0,1,2,0
Lao1,2,2,0,4,0,6
Gm12865,0,0,0,0,1,0
Gm12862,0,0,0,0,1,0
Gm12866,0,0,0,1,2,0
Slc2a1,745,839,1300,1425,2286,1004
Gm12868,0,0,0,1,0,0
Zfp691,3,2,5,5,11,0
Ermap,0,0,0,2,1,0
Svbp,24,27,28,57,109,26
AU022252,9,8,5,11,20,9
P3h1,2,3,2,3,11,5
Ybx1,233,291,353,938,963,286
Ppih,9,6,12,17,16,4
Ccdc30,0,0,0,3,2,2
Ppcs,4,3,7,10,19,2
AA415398,1,1,0,4,1,1
Foxj3,13,7,18,20,32,3
Hivep3,3,5,5,10,27,1
Foxo6,2,0,0,1,3,0
Scmh1,16,15,17,36,47,13
Ctps,9,29,15,22,27,5
Cited4,17,10,7,7,25,2
Kcnq4,2,2,2,4,7,2
Nfyc,9,10,14,12,29,8
Exo5,0,0,6,0,8,3
Zfp69,1,1,0,3,3,0
Smap2,14,28,28,46,106,18
Col9a2,0,0,0,0,1,0
Zmpste24,15,13,19,36,43,10
Rlf,8,10,10,20,37,2
Ppt1,15,19,24,53,95,12
Cap1,25,27,33,60,76,19
Mfsd2a,96,63,187,128,327,79
Mycl,3,7,2,3,3,2
Trit1,7,3,4,12,14,1
Ppie,18,21,16,49,50,12
Hpcal4,0,0,1,1,1,0
Heyl,9,5,13,38,27,10
Pabpc4,6,10,9,20,32,1
Macf1,155,131,216,303,441,68
Gm12925,2,0,0,0,0,0
Ndufs5,74,74,119,194,312,56
Akirin1,20,17,43,72,78,18
Rhbdl2,0,0,0,0,0,1
Gm26606,0,0,1,0,0,0
Mycbp,12,9,20,28,51,15
Rragc,20,14,28,45,75,13
Pou3f1,1,5,3,19,20,4
Utp11l,16,23,33,59,97,16
Fhl3,4,1,2,1,8,2
Sf3a3,19,17,30,54,52,17
Inpp5b,9,8,8,19,19,4
Mtf1,6,13,20,25,33,4
1110065P20Rik,18,13,12,32,51,10
Yrdc,9,10,16,45,57,21
Maneal,0,2,0,1,6,0
Cdca8,0,0,1,1,0,0
Rspo1,0,0,0,0,2,0
Gnl2,4,4,12,19,43,8
Dnali1,0,0,1,1,0,0
Snip1,3,1,5,13,26,4
Meaf6,7,12,19,35,39,9
Zc3h12a,6,9,10,14,26,8
Grik3,0,0,1,0,1,0
Csf3r,2,6,13,4,21,0
Mrps15,20,22,20,48,67,14
Oscp1,0,2,2,6,12,1
Lsm10,10,11,15,36,38,5
Stk40,10,12,20,32,57,22
Eva1b,36,33,67,146,197,20
Sh3d21,7,2,4,10,19,1
Thrap3,27,40,58,100,160,20
Map7d1,43,41,66,106,197,51
Trappc3,26,20,53,72,88,34
Adprhl2,8,10,15,29,27,9
Tekt2,0,0,1,0,1,0
Ago3,12,12,9,20,38,10
Ago1,10,7,10,31,44,6
Ago4,6,1,6,2,12,1
Clspn,3,1,2,0,0,0
5730409E04Rik,3,2,6,7,14,3
Psmb2,53,70,98,204,220,69
Ncdn,0,3,5,12,16,4
AU040320,6,5,6,14,26,3
Zmym4,17,9,19,32,48,5
Sfpq,97,87,122,158,256,66
Zmym1,8,3,7,8,12,0
Zmym6,5,0,5,8,11,0
Gm12942,3,3,9,16,14,1
Smim12,16,12,20,53,75,16
Gja4,18,19,33,47,62,8
Csmd2,0,0,0,0,2,0
Zscan20,0,0,1,4,1,1
Tlr12,0,1,2,3,7,0
Phc2,34,34,57,84,138,48
A3galt2,0,1,0,1,1,0
Zfp362,9,13,14,17,38,15
Trim62,3,4,3,10,5,4
Azin2,1,0,1,2,11,0
Ak2,9,7,20,29,42,6
1700086P04Rik,0,0,0,0,0,1
Rnf19b,14,11,19,13,48,4
Hpca,0,1,1,0,4,1
Fndc5,0,1,1,1,1,0
S100pbp,8,3,8,11,18,3
Yars,2,5,8,10,24,10
C77080,5,0,3,7,7,3
Gm12976,0,0,1,0,0,0
Sync,0,0,1,0,0,0
Rbbp4,31,48,62,105,155,27
Gm26722,0,0,3,1,11,0
Zbtb8os,9,11,13,20,37,10
Zbtb8a,2,2,3,10,15,2
Bsdc1,15,25,35,29,49,11
Marcksl1,16,5,7,16,59,3
Hdac1,31,37,38,80,116,33
Lck,3,0,8,0,1,0
Fam167b,1,1,1,0,4,0
Eif3i,30,49,52,133,168,31
Tmem234,50,71,101,178,218,57
Dcdc2b,0,0,0,0,3,0
Iqcc,0,7,6,9,9,0
Ccdc28b,11,11,21,43,72,6
Txlna,13,12,23,28,62,14
Kpna6,10,7,9,19,27,4
Tmem39b,5,6,9,15,15,9
Khdrbs1,21,30,56,83,130,24
Ptp4a2,73,83,90,178,266,70
E330017L17Rik,3,1,2,2,5,0
Adgrb2,0,4,0,2,8,0
Gm12963,1,0,0,0,0,0
Col16a1,0,0,1,0,8,0
Pef1,20,10,19,25,32,15
Hcrtr1,1,0,0,1,1,0
Tinagl1,181,156,233,262,459,144
Serinc2,0,1,0,0,0,0
Fabp3,4,0,1,4,4,0
Zcchc17,17,28,31,77,84,23
Snrnp40,12,14,19,39,50,7
Nkain1,0,1,0,0,0,0
Pum1,35,27,58,94,126,29
Gm26516,0,0,1,0,0,0
Sdc3,40,32,51,78,144,17
Gm26716,0,0,1,0,1,0
Laptm5,33,54,51,60,141,4
Matn1,0,0,0,1,0,0
Ptpru,4,6,8,5,13,3
Mecr,6,2,6,15,10,5
Srsf4,16,11,26,51,77,23
Tmem200b,1,0,0,0,0,1
Epb41,20,52,30,44,77,8
Gm13063,0,0,1,1,0,0
Ythdf2,15,17,25,32,45,11
Gmeb1,4,2,14,12,28,3
Gm28874,0,0,0,1,0,0
Taf12,16,17,17,30,50,21
Rab42,1,0,0,1,5,0
Snhg12,24,19,20,46,90,20
Trnau1ap,27,25,25,93,117,21
Rcc1,5,0,3,4,4,1
Gm17300,0,0,0,1,0,0
Phactr4,40,34,49,69,114,28
Med18,1,1,2,2,5,1
Sesn2,2,1,1,4,8,0
Gm12981,0,0,0,0,1,0
Atpif1,45,88,63,122,221,56
Gm12999,0,2,0,0,0,0
Dnajc8,49,51,84,210,252,56
Ptafr,0,1,3,3,7,1
Eya3,4,2,5,16,14,7
Xkr8,2,4,0,8,8,4
Smpdl3b,1,0,0,1,2,0
Rpa2,3,3,6,14,21,4
Themis2,2,3,2,3,13,1
Ppp1r8,5,6,6,20,11,6
Stx12,59,43,64,108,121,33
Fam76a,33,30,56,96,154,15
Fgr,1,0,2,4,1,0
Ahdc1,4,9,15,20,38,6
Gm26615,0,1,0,2,0,1
Wasf2,91,85,120,165,282,56
Gpr3,0,0,0,0,2,0
Map3k6,16,18,20,8,31,19
Tmem222,14,8,16,31,40,6
Wdtc1,14,4,11,13,35,9
Slc9a1,12,3,7,14,30,6
Trnp1,0,0,1,1,0,0
Nudc,51,45,85,145,160,45
Gpatch3,2,1,0,3,6,0
Gpn2,8,6,8,12,24,4
Sfn,4,2,5,5,21,2
Zdhhc18,21,20,22,43,74,22
Pigv,3,6,7,10,14,2
Arid1a,35,39,62,92,155,21
Rps6ka1,12,8,14,27,38,8
Hmgn2,25,26,37,79,106,33
Dhdds,7,7,14,19,23,11
Cd52,42,79,86,61,288,33
Ubxn11,0,1,0,1,1,1
Sh3bgrl3,140,293,275,482,774,170
Cep85,4,7,11,9,21,4
Cnksr1,0,0,0,0,1,0
Zfp593,2,7,11,17,19,7
Grrp1,59,76,100,202,174,37
Pdik1l,7,3,5,22,26,2
Pafah2,1,1,3,4,3,2
Stmn1,89,76,105,197,294,69
Paqr7,27,14,52,39,84,8
Mtfr1l,24,29,41,67,102,15
Sepn1,10,10,8,29,33,14
Man1c1,12,7,7,27,25,6
Ldlrap1,11,11,15,19,34,8
Tmem57,27,14,24,45,78,11
Rhd,0,1,0,0,0,0
Tmem50a,99,108,157,267,314,80
Rsrp1,217,197,382,506,638,166
Syf2,86,55,121,205,264,40
Runx3,0,13,1,0,6,0
Clic4,186,320,322,474,670,255
Srrm1,58,70,72,142,225,24
Rcan3,1,1,5,9,19,3
Nipal3,9,8,11,14,32,12
Stpg1,0,1,0,3,4,0
Srsf10,25,35,40,58,135,22
Pnrc2,14,17,28,52,73,8
Cnr2,0,0,0,2,11,0
Fuca1,25,19,34,64,85,19
Hmgcl,18,15,26,46,67,11
Gale,1,1,2,5,1,2
Lypla2,15,7,18,26,40,14
Pithd1,7,13,17,27,44,6
Tceb3,7,15,19,20,41,9
Gm24362,1,0,0,1,2,1
Rpl11,440,486,720,1226,1834,304
Id3,607,567,924,1323,1829,308
E2f2,0,6,1,1,3,1
Asap3,0,1,6,7,11,1
Tcea3,4,5,5,11,14,2
Zfp46,2,13,14,12,21,0
Hnrnpr,53,44,69,119,186,28
6030445D17Rik,0,0,3,5,4,0
Luzp1,81,72,138,190,276,59
Kdm1a,21,18,24,35,65,15
C1qb,231,104,159,256,571,10
C1qc,147,58,95,176,337,9
C1qa,227,82,154,261,502,7
Zbtb40,0,2,4,8,11,1
Wnt4,0,0,0,1,10,0
Cdc42,218,198,348,463,651,195
2810405F17Rik,1,1,1,4,6,0
Hspg2,30,26,60,67,98,47
Usp48,11,12,18,27,34,8
Rap1gap,0,0,0,2,3,0
Alpl,52,13,77,73,146,4
Ece1,91,61,119,196,260,107
Gm13012,0,0,1,0,1,0
Eif4g3,25,21,39,80,120,25
Hp1bp3,45,40,58,79,111,23
Ddost,26,34,55,110,130,44
Pink1,43,37,53,75,123,34
Cda,0,0,1,4,0,0
Mul1,10,6,9,19,19,8
Camk2n1,45,42,74,83,178,20
Vwa5b1,0,0,0,0,1,0
Ubxn10,0,0,1,2,0,0
Pla2g2c,1,0,0,0,0,0
Otud3,1,5,2,4,7,2
Tmco4,1,1,3,7,5,5
Nbl1,31,25,64,86,160,17
Minos1,81,68,117,208,270,57
Gm16287,0,0,1,0,4,1
Capzb,78,81,104,235,322,87
Pqlc2,5,3,2,7,9,4
Akr7a5,10,8,16,27,38,9
Mrto4,8,9,11,34,42,14
Emc1,17,12,22,43,47,8
Ubr4,27,25,27,59,80,19
2700016F22Rik,2,0,0,5,7,2
Iffo2,5,7,5,12,23,10
Aldh4a1,7,7,13,13,36,8
Klhdc7a,0,0,0,1,2,0
Igsf21,0,0,1,0,3,0
Arhgef10l,2,4,1,2,3,2
Rcc2,4,8,8,33,39,6
Padi6,0,0,1,0,0,0
Padi4,0,0,2,0,0,0
Padi2,1,2,0,3,10,3
Gm13031,0,0,0,0,1,0
Sdhb,31,24,59,104,124,32
Atp13a2,7,10,14,19,25,4
Mfap2,4,2,7,5,6,0
Crocc,3,0,1,3,5,0
Necap2,18,25,41,47,82,20
Szrd1,12,19,16,44,52,17
Fbxo42,6,3,10,15,11,4
Rsg1,0,1,0,0,0,0
Arhgef19,0,1,2,1,3,0
Gm13056,4,1,3,5,15,0
Epha2,10,12,15,17,31,23
Gm13075,1,0,0,0,1,0
Hspb7,0,0,1,0,1,0
Gm694,90,104,145,387,414,175
Zbtb17,4,4,1,8,17,8
Spen,26,21,31,53,97,14
Fblim1,4,0,5,4,9,0
Tmem82,0,0,0,0,2,0
AI507597,0,0,0,1,0,0
Slc25a34,0,0,0,1,1,0
Plekhm2,9,11,9,14,32,3
Ddi2,10,18,21,31,37,15
Dnajc16,4,4,3,9,13,3
Casp9,5,3,4,16,22,1
Efhd2,16,29,41,95,169,16
Gm29367,0,1,0,2,1,0
Fhad1,0,0,2,3,3,3
4930455G09Rik,0,0,1,0,0,0
Tmem51,15,9,22,41,48,4
Tmem51os1,2,1,1,6,3,0
Kazn,0,8,6,15,12,4
Prdm2,22,12,25,42,64,13
Pdpn,2,0,1,0,9,1
Pramef8,7,2,6,8,14,5
Dhrs3,22,6,21,21,31,9
Vps13d,18,10,18,37,49,12
Tnfrsf1b,6,15,6,18,24,5
Gm13212,0,0,1,3,2,1
Gm13166,0,0,0,0,1,0
Gm13251,0,0,1,1,2,0
Gm13248,0,0,0,0,3,0
Gm13139,1,0,1,2,3,0
Gm26624,3,2,0,5,8,1
Gm13152,2,1,1,8,4,0
Gm16503,0,0,2,1,2,0
2610305D13Rik,2,3,11,11,24,3
Gm13157,4,0,3,13,11,4
Gm20707,3,0,0,2,12,0
Zfp933,1,4,4,7,12,2
Miip,3,3,8,9,18,4
Mfn2,15,12,17,28,44,13
Plod1,17,11,28,43,53,17
2510039O18Rik,21,12,16,21,38,13
Nppa,0,0,0,0,1,0
Clcn6,3,8,2,8,10,3
Mthfr,2,1,7,13,6,5
Agtrap,10,12,11,33,41,6
Draxin,0,0,0,0,2,0
Mad2l2,6,9,19,36,36,20
Fbxo6,16,19,32,43,59,16
Fbxo44,2,0,1,5,12,4
Fbxo2,1,7,0,12,15,1
Ptchd2,0,0,0,0,1,0
Gm13206,0,1,0,0,0,0
Ubiad1,1,0,2,4,11,1
Mtor,6,7,14,16,32,8
Angptl7,0,0,1,0,0,0
Exosc10,8,14,12,31,47,11
Srm,4,3,11,24,41,5
Tardbp,44,29,42,89,111,30
Casz1,4,4,1,6,7,3
Gm13205,0,0,0,0,2,0
Gm17029,0,0,0,0,1,0
Pex14,13,8,13,16,29,9
Dffa,3,4,6,8,18,5
Apitd1,0,0,0,1,1,0
Pgd,9,8,21,27,43,13
Kif1b,46,75,51,123,174,46
Ube4b,4,13,9,32,49,11
Ube4bos1,0,0,1,0,1,0
Nmnat1,4,1,5,7,4,2
Lzic,5,5,8,14,12,6
Ctnnbip1,36,30,51,111,154,46
Clstn1,49,31,76,107,199,23
Pik3cd,4,3,8,12,24,1
Tmem201,6,4,3,12,19,2
Slc25a33,10,17,21,16,59,3
Gm13073,0,0,0,0,1,0
Spsb1,5,6,8,4,13,1
H6pd,3,0,4,7,11,0
Gpr157,2,5,2,9,7,0
Slc2a5,0,2,4,4,15,1
Eno1,88,41,123,122,240,61
Rere,35,26,42,71,102,17
Gm13091,0,1,1,1,1,0
Slc45a1,0,0,0,0,1,0
Errfi1,61,41,46,55,85,10
Park7,89,83,141,267,326,71
Tnfrsf9,0,3,0,9,2,2
Camta1,28,19,23,44,65,10
Per3,18,24,11,49,114,8
Vamp3,41,41,57,100,204,43
Dnajc11,5,5,9,12,23,5
Thap3,12,24,31,39,57,10
Phf13,7,6,5,10,16,2
Klhl21,6,6,9,14,23,5
Zbtb48,2,1,7,3,15,6
Nol9,2,3,4,15,9,2
Plekhg5,19,22,31,37,72,16
Tnfrsf25,6,1,3,3,7,2
Espn,0,0,0,1,1,0
Acot7,1,13,4,11,10,8
Gpr153,0,1,4,2,10,1
Icmt,6,8,9,11,20,8
Rpl22,384,416,523,746,1347,212
Chd5,0,0,0,0,0,1
Kcnab2,1,0,3,1,6,1
Ajap1,2,4,8,14,26,1
A430005L14Rik,7,12,22,37,44,6
Dffb,5,4,3,6,8,1
Cep104,9,6,14,20,33,10
Lrrc47,6,9,9,24,31,8
Smim1,2,3,3,8,12,0
Trp73,0,0,0,0,2,0
Wrap73,6,1,10,10,18,5
Tprgl,112,80,133,231,283,78
Megf6,16,10,22,21,29,1
Prdm16,27,16,28,66,101,24
B230104I21Rik,0,0,1,0,0,0
Gm13111,0,0,1,1,1,0
Fam213b,6,7,1,24,27,7
Tnfrsf14,0,0,1,0,0,0
Hes5,0,1,0,2,5,0
Pank4,11,3,8,7,15,2
Pex10,1,0,3,8,12,2
Rer1,53,44,73,132,186,46
Morn1,1,0,0,0,8,0
Ski,46,48,73,98,202,26
Faap20,16,15,12,34,32,6
Prkcz,1,4,4,9,21,0
Gabrd,0,0,1,0,0,0
Cfap74,1,1,1,1,2,0
Tmem52,1,0,3,0,0,0
Gnb1,139,131,211,407,448,159
Nadk,18,20,26,53,70,11
Slc35e2,4,5,4,13,26,3
Cdk11b,37,24,52,93,139,32
Mmp23,0,1,0,0,1,0
Mib2,8,5,11,17,21,3
B930041F14Rik,1,0,1,3,10,0
Ssu72,50,50,82,169,192,35
1500002C15Rik,3,0,0,4,1,0
Tmem240,2,2,4,5,10,5
Atad3a,6,6,4,20,28,8
Atad3aos,0,0,0,0,8,0
Vwa1,277,280,521,620,797,269
Gm26840,1,0,2,3,3,0
Tmem88b,0,15,2,16,26,4
Mrpl20,48,42,57,95,145,34
Ccnl2,44,39,71,99,147,32
Aurkaip1,40,35,46,106,147,47
Mxra8,6,6,14,24,30,6
Dvl1,13,6,15,17,35,10
Tas1r3,0,0,0,1,0,0
Cptp,3,2,4,6,7,0
Cpsf3l,8,7,17,32,24,11
Pusl1,2,1,8,15,18,3
Acap3,1,8,7,17,31,4
Ube2j2,16,22,21,37,74,13
Fam132a,2,3,7,11,18,2
B3galt6,5,3,10,10,20,4
Sdf4,45,71,75,161,219,60
Tnfrsf4,2,0,0,1,0,0
Gm16008,1,0,0,0,1,0
Tnfrsf18,0,1,0,2,4,0
9430015G10Rik,0,1,3,4,3,1
Agrn,45,31,95,101,164,24
Isg15,41,96,62,154,172,182
AW011738,2,3,4,16,15,3
Perm1,0,0,0,0,3,0
Plekhn1,0,1,0,4,1,2
Klhl17,3,2,5,9,25,2
Noc2l,8,7,10,17,40,1
Samd11,1,0,0,0,0,0
Cdk6,18,16,17,27,45,5
Fam133b,37,15,34,55,106,22
1700109H08Rik,0,0,1,1,3,2
Rbm48,10,1,10,19,30,2
2510017J16Rik,2,2,0,4,6,1
Pex1,3,4,1,3,11,7
Gm43825,0,0,0,0,1,0
4833413G10Rik,0,0,1,3,3,0
Gatad1,30,49,62,90,118,37
Ankib1,10,15,6,24,31,3
Krit1,28,44,52,71,117,13
Lrrd1,1,2,1,1,1,0
Mterf1a,3,3,9,6,11,4
Akap9,26,28,47,66,148,26
Cyp51,10,14,17,25,36,10
Mterf1b,1,0,0,1,3,0
Fzd1,2,4,6,3,7,6
Cdk14,5,8,10,14,32,1
Cldn12,5,3,2,0,9,1
Gtpbp10,8,3,2,10,7,1
Cfap69,0,0,0,0,1,0
Steap2,1,0,1,0,0,0
Steap1,0,0,1,0,0,0
Gm26825,1,2,5,0,6,2
Steap4,5,10,6,2,1,0
Sri,115,90,142,286,362,103
Adam22,0,2,0,0,2,1
Dbf4,0,2,3,7,12,0
Slc25a40,3,1,10,16,25,3
Abcb1a,310,248,480,670,1095,203
Abcb1b,2,5,2,2,4,6
Abcb4,0,0,0,2,3,0
Crot,7,4,11,26,33,3
Tmem243,32,27,49,78,138,14
Dmtf1,21,15,27,35,63,11
9330182L06Rik,0,0,1,3,3,1
Grm3,5,0,4,9,10,0
Gm43643,0,1,0,0,0,0
Sema3d,0,0,0,2,3,0
Sema3e,0,0,0,1,0,0
Pclo,0,0,0,2,4,0
Cacna2d1,5,5,5,3,16,0
Sema3c,198,84,304,344,520,53
Cd36,0,4,0,0,1,0
Gnai1,1,9,6,11,21,4
4921504A21Rik,0,0,0,0,1,0
Magi2,2,4,1,11,15,1
Phtf2,3,1,4,8,12,1
Tmem60,8,11,15,47,48,11
Rsbn1l,44,36,79,103,188,25
A630072M18Rik,12,20,15,15,34,4
Ptpn12,23,28,34,53,78,59
Gsap,1,1,2,3,6,0
Fgl2,4,11,4,3,4,0
Fam185a,2,3,2,3,1,0
Armc10,8,4,16,17,26,6
Napepld,4,3,3,18,10,6
Pmpcb,32,12,29,46,48,18
Dnajc2,9,10,16,35,48,10
Psmc2,41,24,43,100,136,34
Reln,0,0,1,0,3,0
Orc5,6,5,4,16,17,2
6030443J06Rik,1,0,0,0,1,0
A930003O13Rik,0,0,0,1,0,0
Lhfpl3,1,0,2,0,5,0
5031425E22Rik,30,14,40,65,102,28
Kmt2e,82,82,122,185,325,65
Srpk2,29,20,41,56,77,13
Pus7,1,3,7,9,20,5
Rint1,8,12,8,11,20,6
Tomm7,148,138,221,204,510,86
2700038G22Rik,1,0,0,6,7,3
Fam126a,6,13,11,31,35,13
Klhl7,9,16,17,11,30,6
Nupl2,1,1,1,2,5,0
Kcnh2,0,0,0,1,1,0
Nos3,60,53,83,182,237,91
Gm15587,2,1,4,2,6,1
Atg9b,0,0,0,1,1,2
Abcb8,1,3,0,9,11,5
Asic3,1,0,0,1,0,0
Cdk5,4,8,10,31,47,6
Slc4a2,9,10,6,13,41,12
Fastk,14,10,11,35,56,9
Tmub1,7,4,2,8,9,7
2310074N15Rik,1,1,0,0,0,0
Agap3,7,10,11,20,29,7
Asb10,0,0,0,1,3,0
Abcf2,9,10,19,35,31,15
Chpf2,8,4,12,16,24,6
Smarcd3,4,3,10,6,14,1
Nub1,14,23,27,69,87,18
Gm26648,0,0,1,0,2,0
Wdr86,0,1,0,1,3,0
Crygn,0,0,1,1,1,0
Rheb,92,100,141,233,305,66
Prkag2,11,8,8,15,16,5
1500035N22Rik,0,0,1,0,0,0
Galnt11,17,15,26,35,46,5
Kmt2c,34,32,40,64,131,20
4831440E17Rik,0,2,7,5,5,1
1700096K18Rik,3,3,8,10,6,1
Xrcc2,0,2,1,1,6,1
Gm21680,0,1,0,0,0,0
Dpp6,0,0,1,0,0,1
Paxip1,8,4,7,13,27,9
Insig1,15,26,26,52,69,22
Cnpy1,0,0,0,1,0,0
Rbm33,16,4,26,28,53,6
Rnf32,0,0,3,1,2,1
Lmbr1,8,3,7,24,22,6
4632411P08Rik,0,0,0,0,1,0
Nom1,6,12,18,25,42,3
Ube3c,12,9,22,37,46,9
Dnajb6,54,55,79,147,209,51
Il6,2,0,0,0,4,0
Tyms,3,2,6,12,11,6
3110082J24Rik,0,3,0,0,2,0
Gareml,0,1,0,1,3,0
Hadha,22,21,42,72,107,20
Hadhb,32,29,50,81,112,25
Ept1,8,12,11,23,18,7
Drc1,0,1,0,0,1,0
Kcnk3,9,5,4,17,17,0
Slc35f6,5,3,6,20,22,7
Cenpa,8,5,8,18,25,1
Dpysl5,0,1,0,0,0,2
Mapre3,5,8,14,15,36,12
Tmem214,8,4,9,44,47,16
Agbl5,3,6,3,5,9,1
Ost4,110,118,135,204,378,62
Emilin1,4,3,2,14,12,1
Khk,14,17,18,42,42,6
Cgref1,0,0,0,2,3,0
Preb,21,19,21,49,60,14
Tcf23,4,1,4,20,16,8
Slc5a6,3,1,8,16,17,1
Atraid,49,32,74,134,180,32
Cad,13,2,9,7,7,3
Mpv17,20,11,22,32,43,12
Gm29609,0,0,0,1,1,0
Gtf3c2,12,20,14,49,53,7
Eif2b4,7,4,12,18,36,11
Snx17,43,42,40,81,120,35
Zfp513,5,5,12,17,25,3
Ppm1g,35,28,47,78,116,19
Nrbp1,40,42,47,94,180,30
Krtcap3,3,1,3,2,4,0
Ift172,9,6,12,22,37,8
Fndc4,0,3,0,7,11,1
Zfp512,7,7,13,21,24,6
Gpn1,9,7,11,25,39,8
Supt7l,4,2,13,12,9,9
Slc4a1ap,9,6,12,18,28,4
Gm43660,0,0,0,0,1,0
AI839979,0,1,1,0,1,0
Mrpl33,38,46,62,96,169,36
Rbks,4,0,5,5,7,2
Bre,14,19,31,55,53,11
Fosl2,57,58,54,85,76,9
Plb1,0,0,1,1,1,1
Ppp1cb,102,108,142,169,286,63
Gm15614,0,0,1,2,2,0
Yes1,18,22,23,35,49,5
Pisd,4,12,6,18,28,11
Prr14l,4,3,5,7,14,1
Depdc5,3,4,6,4,13,7
Ywhah,106,145,155,239,333,122
Spon2,0,0,1,0,0,0
Ctbp1,40,36,61,130,180,38
Maea,25,18,38,60,96,17
Uvssa,22,9,18,35,50,6
Fam53a,15,8,12,32,50,15
Gm9903,0,0,0,1,0,0
Slbp,26,15,34,53,84,10
Tmem129,6,5,11,15,14,4
Tacc3,2,0,1,1,2,2
Fgfr3,1,4,8,23,22,6
Letm1,18,13,17,36,59,19
Whsc1,6,14,16,24,28,3
Nelfa,19,7,16,29,41,13
Gm42851,0,0,0,0,1,0
Gm1673,3,3,4,11,10,1
Nat8l,0,0,0,0,2,0
Poln,0,0,0,0,2,0
Haus3,10,10,12,27,38,2
Mxd4,83,62,106,110,209,42
Rnf4,16,29,22,36,74,13
Fam193a,17,21,24,44,80,12
Tnip2,4,5,11,21,26,2
Sh3bp2,0,0,0,3,7,1
Add1,29,31,51,96,124,19
Mfsd10,12,17,19,44,56,16
Nop14,12,10,13,26,45,12
Grk4,2,0,2,7,11,0
Htt,10,14,10,22,35,6
Msantd1,0,0,0,1,1,0
Rgs12,83,49,125,88,245,38
Gm43791,0,0,2,0,1,0
Hgfac,0,2,0,0,0,0
Dok7,0,0,3,2,0,1
Lrpap1,31,33,67,98,158,26
Adra2c,0,0,0,0,4,0
Trmt44,0,0,3,1,2,1
Acox3,5,8,4,31,42,11
Htra3,1,1,4,12,33,1
Sh3tc1,10,16,12,25,29,15
Ablim2,0,2,0,4,5,1
Afap1,6,12,12,25,29,7
Sorcs2,0,0,0,1,1,0
Grpel1,31,23,47,101,124,34
Tada2b,6,6,14,13,30,4
Ccdc96,0,2,0,0,4,0
Tbc1d14,24,16,29,29,48,9
D5Ertd579e,14,20,21,34,65,11
Bloc1s4,9,13,11,34,53,19
Mrfap1,100,129,153,301,371,96
Man2b2,2,1,5,13,18,3
Ppp2r2c,2,6,1,1,4,5
Wfs1,2,5,4,11,22,3
Jakmip1,2,1,2,2,11,0
Evc,0,2,0,5,3,1
Evc2,0,1,1,2,3,2
Cytl1,0,1,9,0,0,0
Msx1,8,15,20,34,40,3
Stx18,4,10,19,19,28,6
Nsg1,3,3,6,23,20,12
Zbtb49,0,0,2,5,10,1
Lyar,20,13,30,49,76,15
Tmem128,31,25,48,76,91,26
Slc2a9,0,0,0,0,1,1
Wdr1,33,41,47,89,114,36
Zfp518b,1,0,2,2,5,0
Hs3st1,31,22,53,100,105,27
Rab28,25,27,53,72,105,27
Bod1l,43,49,57,99,141,18
Cpeb2,7,5,6,17,24,8
C1qtnf7,2,3,2,4,10,0
Cc2d2a,5,5,2,6,16,1
Fbxl5,14,20,14,37,55,12
Bst1,0,41,2,10,6,4
Cd38,5,7,9,25,32,12
Fgfbp1,2,4,0,11,5,0
Prom1,111,87,148,195,367,41
Gm16401,0,0,2,0,1,0
Tapt1,5,8,9,16,31,4
Ldb2,1,0,2,6,5,1
D5Ertd615e,0,0,0,0,0,1
Qdpr,34,42,42,98,180,33
Lap3,14,28,42,68,79,16
Med28,47,33,58,129,189,37
Fam184b,1,0,0,0,1,0
Ncapg,0,1,0,0,0,0
Lcorl,10,10,15,36,28,9
Slit2,0,0,1,2,2,0
Pacrgl,4,5,11,14,20,3
Adgra3,7,6,14,13,24,6
Ppargc1a,3,0,0,1,2,0
Dhx15,35,28,31,60,112,30
Sod3,17,17,23,64,148,19
Ccdc149,5,3,1,5,3,2
Sepsecs,3,0,2,5,11,4
Pi4k2b,2,5,3,6,6,3
Zcchc4,4,4,3,4,8,2
Anapc4,8,4,20,25,31,6
Smim20,7,8,3,35,50,3
Smim20-1,0,1,0,1,1,0
Rbpj,13,19,13,39,75,7
Tbc1d19,7,3,6,15,18,7
Stim2,11,19,25,50,60,17
Pcdh7,0,6,3,4,2,1
Gm43042,0,0,0,0,1,0
Arap2,48,41,88,90,140,20
0610040J01Rik,2,3,3,0,4,0
Rell1,19,21,29,36,60,18
Pgm1,8,15,13,33,37,12
Tbc1d1,20,16,23,52,95,9
C030018K13Rik,0,0,2,0,0,0
Gm3716,1,0,2,2,1,1
Klf3,43,63,98,146,178,77
Tlr1,0,0,2,1,5,2
Tlr6,2,0,0,2,4,1
Fam114a1,7,3,9,20,24,14
Tmem156,0,0,2,0,3,1
Klhl5,52,25,67,161,158,50
Wdr19,3,2,6,11,7,4
Rfc1,20,21,31,51,76,14
Rpl9,851,925,1228,2089,2921,503
Lias,15,7,20,18,48,4
Ugdh,5,6,6,17,33,7
Smim14,82,86,122,229,341,37
Ube2k,34,39,46,74,108,33
Gm42726,1,0,0,2,1,0
Pds5a,23,25,31,57,81,15
N4bp2,5,8,5,6,24,2
Rhoh,9,5,14,19,56,3
Chrna9,0,0,0,0,1,0
Rbm47,1,3,3,1,1,0
Nsun7,0,0,0,0,1,0
Apbb2,58,56,75,168,164,47
Uchl1os,1,0,0,0,0,0
Uchl1,21,27,43,155,193,57
Limch1,49,46,69,72,150,18
Gm42670,1,0,2,3,9,1
Tmem33,28,27,46,65,77,34
Slc30a9,17,8,25,33,51,11
Bend4,0,1,0,0,1,0
Atp8a1,47,52,53,134,145,20
Guf1,9,10,9,13,19,4
Gnpda2,23,17,33,53,57,12
Gabrg1,0,0,0,1,3,0
Gabra2,0,1,0,0,4,0
Gabrb1,2,0,1,6,2,0
Commd8,34,23,37,60,74,17
Corin,0,0,0,1,0,0
Nfxl1,4,3,1,10,13,5
Txk,1,0,0,1,0,0
Tec,7,3,11,14,28,14
Slain2,27,26,30,54,75,28
Gm10135,0,0,0,0,1,0
Fryl,56,130,69,204,202,43
1700071G01Rik,1,0,0,0,0,0
Ociad1,34,26,50,83,109,43
Ociad2,1,2,0,4,3,1
Dcun1d4,6,3,5,8,8,2
Sgcb,4,7,10,12,20,5
Spata18,0,0,0,0,1,0
Usp46,20,17,27,46,92,14
Dancr,0,0,0,1,0,0
Dancr-1,0,0,0,0,2,0
Rasl11b,4,2,4,7,15,4
Scfd2,2,3,4,1,8,1
Fip1l1,27,25,33,59,84,9
Lnx1,0,0,0,0,2,0
Gm15984,0,0,0,1,0,0
Chic2,38,54,50,98,128,32
Pdgfra,0,2,0,6,15,0
Kit,0,5,2,2,0,0
Gm19590,0,1,0,1,1,0
Kdr,119,96,256,293,454,55
Srd5a3,7,4,10,13,21,2
Tmem165,19,17,32,50,96,9
Clock,26,17,32,34,58,11
Gm7467,0,0,1,2,4,0
Exoc1,11,7,14,23,29,7
Cep135,3,2,7,12,20,1
C530008M17Rik,5,1,1,10,15,7
Aasdh,4,1,0,3,4,3
Ppat,3,2,9,9,17,1
2310040G07Rik,0,0,0,0,1,0
Paics,25,39,32,49,113,21
Srp72,25,25,35,80,96,17
Hopx,3,20,8,16,26,16
Rest,13,14,24,36,50,15
Noa1,0,1,4,4,6,0
Polr2b,11,17,23,25,39,6
Igfbp7,608,665,1110,2567,2807,1500
1700017L05Rik,0,0,0,1,0,0
Adgrl3,7,9,6,24,35,9
Gm16054,0,1,0,0,0,0
Tecrl,6,4,9,8,26,2
Epha5,0,0,0,1,2,0
Cenpc1,4,6,8,19,30,3
Stap1,17,23,21,17,73,6
Uba6,12,12,10,16,19,8
Ythdc1,48,51,76,99,164,24
Jchain,0,1,0,0,0,0
Utp3,15,14,33,40,76,11
Rufy3,10,7,9,32,16,5
Grsf1,7,8,11,20,43,4
Mob1b,15,11,12,28,27,3
Dck,3,10,7,5,13,1
Slc4a4,0,3,3,12,13,1
Cox18,2,9,6,17,22,5
Ankrd17,19,26,41,72,87,14
Gm9958,0,1,1,1,2,1
Rassf6,0,0,1,1,2,0
Cxcl5,0,0,0,0,1,0
Ppbp,7,152,27,91,90,9
Pf4,53,360,85,161,107,69
Cxcl1,58,193,51,79,71,42
Cxcl2,123,44,9,32,18,56
Mthfd2l,12,13,12,34,48,6
Btc,0,0,0,1,0,0
Parm1,11,8,4,9,13,3
Rchy1,14,28,25,57,67,17
Cdkl2,1,0,2,2,1,0
Gm26582,1,0,0,1,3,0
G3bp2,53,50,44,110,180,31
Uso1,11,14,20,29,39,13
Naaa,7,18,9,20,26,4
Sdad1,3,8,6,13,23,1
Art3,14,18,38,88,87,17
Cxcl10,3,6,27,8,5,0
Nup54,13,4,11,18,31,8
Scarb2,16,10,51,58,97,21
Fam47e,0,0,0,1,0,0
Stbd1,0,0,1,3,0,0
Shroom3,0,0,0,1,1,0
Sept11,55,42,69,113,184,28
Ccni,49,45,60,85,151,29
2010109A12Rik,2,1,2,5,3,0
Ccng2,14,11,18,27,44,6
Cnot6l,72,62,109,130,226,56
Mrpl1,9,7,17,19,20,5
Anxa3,167,160,269,389,624,125
1700016F12Rik,0,1,0,0,0,0
Gm42601,0,0,0,0,1,0
Gm33370,0,1,2,0,5,1
Gm8013,0,0,1,0,0,0
Gm9484,0,1,0,0,2,0
Bmp2k,20,12,26,29,47,7
Paqr3,0,1,0,5,3,0
Antxr2,0,0,0,4,3,2
Prdm8,0,0,0,0,1,0
A730035I17Rik,0,0,0,0,1,0
1700007G11Rik,0,0,0,1,0,0
Rasgef1b,5,18,2,10,31,0
A930011G23Rik,0,0,0,1,0,0
Gm42691,0,1,0,0,0,0
Hnrnpd,61,35,62,136,188,46
Gm17092,0,0,0,2,0,1
4930524J08Rik,0,1,0,2,2,2
Hnrnpdl,45,46,81,163,285,36
Enoph1,7,5,9,3,16,5
Tmem150c,0,0,0,6,1,0
Gm9932,1,0,0,0,0,0
2310034O05Rik,0,0,0,1,0,0
Sec31a,14,25,29,54,83,15
5430416N02Rik,5,4,7,8,18,5
Lin54,6,7,7,15,21,4
Cops4,18,23,27,49,79,8
Plac8,10,56,3,22,80,2
Coq2,14,17,24,38,67,11
Hpse,0,0,3,4,3,0
Helq,3,1,2,1,7,2
Mrps18c,23,34,31,55,100,33
Fam175a,3,0,5,6,8,1
4930458D05Rik,0,1,0,2,0,0
Agpat9,1,1,1,2,1,0
Nkx6-1,3,2,0,6,1,0
Cds1,0,0,1,1,7,0
Wdfy3,22,24,30,34,60,11
Arhgap24,1,1,3,5,5,0
Mapk10,0,0,1,0,2,0
Ptpn13,1,2,0,3,4,0
Slc10a6,0,1,5,0,0,0
Aff1,22,24,27,40,48,9
Klhl8,6,8,9,5,11,1
Hsd17b11,31,27,50,76,122,34
Nudt9,19,21,23,67,102,14
Sparcl1,539,438,617,901,1483,171
Gm26703,0,1,3,2,1,0
Dmp1,0,1,0,0,0,0
Spp1,107,30,5,53,304,10
Pkd2,17,25,18,44,63,10
BC005561,19,22,42,56,86,17
D930016D06Rik,8,6,8,10,17,5
Zfp951,2,0,1,3,3,1
Abcg3,2,1,3,9,13,1
Gbp8,0,0,3,0,1,0
Gbp9,9,5,18,22,44,13
Gbp4,11,21,14,40,29,23
Gbp6-1,1,1,1,1,3,0
Gm26519,0,0,0,0,0,1
Gm42749,0,6,0,0,0,2
Lrrc8b,6,25,12,48,45,12
Lrrc8c,20,58,64,105,144,31
Lrrc8d,4,14,5,17,27,5
Zfp326,16,14,23,36,53,15
Gm28050,0,2,0,1,1,0
Zfp644,48,34,52,86,130,18
Cdc7,1,3,0,3,5,1
Tgfbr3,33,26,52,64,87,10
Brdt,3,2,5,5,10,2
Btbd8,0,0,2,3,5,0
A830010M20Rik,2,1,2,6,4,1
Gm42669,0,2,0,0,0,0
1700028K03Rik,0,0,0,2,1,0
Glmn,1,3,6,13,22,1
Rpap2,11,3,6,13,14,2
Gfi1,0,0,0,1,2,0
Evi5,33,30,33,68,96,15
Rpl5,383,328,510,899,1295,212
Fam69a,21,13,37,54,72,12
Mtf2,10,12,11,33,55,10
Tmed5,31,55,66,100,168,45
Ccdc18,0,0,0,0,3,0
Dr1,12,10,16,27,30,8
Pigg,6,7,6,7,11,5
Gm42517,1,0,3,5,1,1
Gm10419,0,1,0,2,5,0
Atp5k,115,83,140,180,488,91
Mfsd7a,0,0,0,1,1,0
Pcgf3,5,7,16,18,37,11
Cplx1,2,1,0,1,1,1
Gak,11,9,14,26,39,9
Tmem175,4,1,5,10,8,3
Dgkq,4,6,10,7,21,1
Idua,6,0,5,8,10,0
Fgfrl1,1,3,7,10,14,2
Crlf2,24,13,24,63,70,28
5430403G16Rik,0,0,1,8,6,0
4930522L14Rik,3,5,7,8,13,0
A430073D23Rik,0,0,0,1,3,0
Gm26779,0,0,0,1,0,0
Gm26808,0,0,0,0,2,0
Gm15446,2,0,2,2,4,3
Zfp932,8,2,9,13,16,4
Gm17655,0,0,1,0,0,0
Plcxd1,0,1,0,0,1,0
Gtpbp6,11,3,14,15,32,3
Zfp605,2,0,7,2,9,0
Chfr,8,9,13,24,38,5
Golga3,12,9,12,15,33,8
Gm43137,0,1,0,1,0,1
Ankle2,6,7,18,20,26,4
Pgam5,4,7,4,10,14,6
Pxmp2,2,0,3,5,7,0
Pole,0,1,0,0,2,0
Fbrsl1,7,10,21,27,50,6
Gm26711,0,0,1,0,0,0
Noc4l,6,4,1,9,13,2
Ddx51,2,2,4,5,9,3
Gm42595,2,0,0,0,4,0
Ep400,27,24,41,53,84,18
Gm15559,0,0,0,1,2,0
Pus1,6,3,9,16,25,5
Ulk1,15,7,16,26,54,8
Hscb,8,12,19,14,22,3
Chek2,3,1,1,6,2,1
Ttc28,47,20,53,61,97,13
Pitpnb,30,25,35,56,71,19
Mn1,7,5,8,11,14,4
E130006D01Rik,0,0,0,0,1,0
Miat,0,0,1,0,3,0
Cryba4,3,4,1,5,4,0
Crybb1,11,11,8,6,32,2
Tpst2,35,32,41,77,121,34
Tfip11,5,8,9,13,18,2
Srrd,6,1,2,12,22,2
Hps4,5,8,13,10,23,4
Gm6583,0,0,0,0,1,0
Sez6l,0,0,0,0,2,0
Myo18b,0,0,1,0,0,0
Adrbk2,1,7,8,5,19,1
Crybb3,8,4,5,8,11,2
2900026A02Rik,49,36,59,64,95,12
Sgsm1,1,0,0,0,2,1
Wscd2,0,0,0,1,0,0
Cmklr1,1,1,2,1,8,1
Ficd,3,6,4,7,9,5
Sart3,8,3,10,13,34,7
Iscu,42,53,60,137,203,43
Tmem119,21,4,26,29,65,1
Selplg,35,25,54,61,120,1
Coro1c,20,13,17,40,58,16
Ssh1,19,20,17,33,41,8
Usp30,7,1,7,7,15,2
Alkbh2,4,4,11,14,15,1
Ung,2,2,0,7,8,1
Acacb,9,7,19,22,33,6
Kctd10,45,62,82,121,146,48
Ube3b,9,8,14,30,21,9
Mmab,4,1,2,4,6,1
Mvk,8,3,12,29,34,7
Fam222a,3,1,1,1,3,1
Trpv4,4,14,5,13,19,11
Gltp,55,50,54,119,175,41
Tchp,1,2,0,3,9,1
Git2,72,47,99,96,187,30
4930515G01Rik,0,0,1,0,5,0
Ankrd13a,35,51,53,67,130,32
1500011B03Rik,4,3,8,8,22,3
2610524H06Rik,2,4,6,8,13,2
Oasl2,15,17,22,37,62,42
Gm13822,1,0,0,0,0,0
Oasl1,1,0,0,5,3,10
2210016L21Rik,19,20,30,52,80,16
Sppl3,17,7,29,43,49,9
Gm10401,0,0,0,1,1,0
Acads,11,7,22,31,48,5
Unc119b,28,13,30,27,40,16
Mlec,15,15,19,31,42,9
Cabp1,4,2,3,2,4,1
Pop5,52,40,113,127,180,37
Rnf10,30,54,47,105,140,37
Coq5,14,11,22,25,23,7
Dynll1,362,334,572,902,1154,520
Gm13830,1,0,0,1,0,1
Srsf9,58,45,69,146,177,43
Gatc,4,2,5,8,13,2
Triap1,22,27,27,44,65,9
Cox6a1,95,107,175,246,539,113
Msi1,0,1,1,0,2,0
Sirt4,5,4,7,11,7,2
Pxn,20,32,38,68,83,40
Rplp0,391,593,600,1167,1552,330
Gcn1l1,11,15,21,33,48,11
1110006O24Rik,0,1,2,1,0,0
Rab35,12,18,19,36,65,15
Ccdc64,2,1,0,2,5,0
Cit,0,0,0,4,4,1
Gm14508,1,0,0,2,3,1
Prkab1,14,8,12,42,49,15
Gm13842,0,2,0,0,0,0
Hspb8,14,30,23,59,66,30
Suds3,25,26,36,51,92,19
Taok3,7,4,9,15,31,8
Pebp1,84,68,105,233,293,64
BC051077,2,0,0,1,1,0
Gm10399,3,1,5,5,10,0
Vsig10,5,4,11,18,23,3
Wsb2,18,25,22,66,77,30
Rfc5,1,1,2,6,8,0
Gm15728,0,0,0,0,1,0
Nos1,0,1,5,3,12,1
Fbxo21,6,10,10,17,33,6
Tesc,2,2,6,4,9,0
Fbxw8,5,8,9,10,17,4
Gm9754,0,0,0,0,1,0
Hrk,0,0,1,0,0,0
Rnft2,1,1,1,1,1,0
2410131K14Rik,2,0,4,6,10,1
Med13l,24,32,36,47,72,13
Tbx3os1,6,7,6,22,48,5
Tbx3,58,37,71,85,118,27
Rbm19,1,5,1,3,11,1
Gm27199,0,0,0,0,1,0
Sdsl,0,1,0,1,0,0
Plbd2,15,8,21,40,58,19
Slc8b1,3,4,5,12,12,2
Tpcn1,17,12,17,39,58,14
Iqcd,0,0,0,1,1,0
Rita1,1,2,3,8,4,1
Ddx54,18,27,31,54,94,22
Rasal1,1,3,0,0,1,1
Dtx1,0,1,1,1,6,0
Oas2,0,3,3,2,6,4
Oas3,0,1,0,0,0,0
Oas1e,0,2,0,0,0,0
Oas1c,1,1,0,4,1,2
Oas1g,1,1,0,0,0,2
Oas1a,9,2,9,16,14,14
Rph3a,1,0,0,0,4,0
Ptpn11,29,33,29,63,105,28
Rpl6,449,544,677,1021,1945,344
Gm15800,17,4,13,25,33,4
Trafd1,21,17,13,35,38,20
Gm42918,0,0,1,0,2,0
Naa25,6,4,9,16,15,5
Erp29,53,63,75,140,215,37
Tmem116,0,0,1,0,0,0
Gm42878,0,0,1,0,0,0
Mapkapk5,3,7,7,8,15,2
Aldh2,142,176,253,389,589,134
Acad12,5,1,5,10,10,1
Acad10,3,0,2,1,3,0
Brap,10,12,13,33,41,7
Atxn2,30,21,19,40,69,16
Gm16552,0,0,0,1,1,1
Sh2b3,12,22,32,57,104,22
Fam109a,3,2,3,9,13,0
Myl2,1,1,0,1,0,0
Ccdc63,0,1,0,1,0,0
Ppp1cc,44,55,49,94,178,48
Hvcn1,4,4,8,13,38,4
Tctn1,0,2,0,9,9,0
Pptc7,14,7,14,25,42,9
Rad9b,3,0,1,4,6,1
Vps29,35,55,55,126,165,44
Fam216a,9,8,20,18,34,10
Gpn3,7,12,14,30,45,3
Arpc3,211,211,288,492,632,244
Anapc7,8,9,16,24,30,5
Atp2a2,69,57,88,136,204,72
Ift81,3,8,6,17,12,6
P2rx7,2,0,3,8,4,0
P2rx4,13,8,24,27,34,5
Camkk2,11,5,7,18,35,6
Anapc5,44,42,67,115,194,32
Rnf34,13,5,9,16,26,4
Kdm2b,5,9,20,24,36,8
A930024E05Rik,1,0,0,1,7,0
Gm2479,1,0,0,0,0,0
Orai1,27,29,52,100,86,49
Morn3,0,0,0,0,1,0
Tmem120b,2,1,0,1,6,1
Rhof,0,0,1,0,2,0
AI480526,8,3,9,18,18,4
Gm38102,0,0,1,0,0,0
4932422M17Rik,4,2,4,5,10,2
Setd1b,16,16,31,48,83,14
Psmd9,9,6,23,39,62,15
Wdr66,0,1,0,1,2,0
Bcl7a,4,1,5,2,11,1
Mlxip,1,2,4,4,7,1
Lrrc43,0,0,0,0,1,0
Diablo,16,16,28,37,56,16
Vps33a,9,4,6,10,24,7
Clip1,73,69,91,100,162,27
Zcchc8,14,21,11,27,48,9
Rsrc2,65,55,76,162,250,33
Hcar2,11,0,3,2,7,0
Hcar1,0,0,0,4,1,0
Denr,36,32,34,94,122,27
Ccdc62,0,1,3,1,6,3
Hip1r,18,23,31,39,64,14
Vps37b,41,18,34,47,86,12
Gm43661,0,0,1,0,0,0
Abcb9,6,1,4,7,9,5
Gm16001,0,0,0,0,1,0
Ogfod2,2,4,3,11,12,6
Arl6ip4,21,19,23,48,81,16
Pitpnm2,10,7,13,26,35,9
Mphosph9,3,4,7,9,17,2
2810006K23Rik,3,2,4,17,28,2
Cdk2ap1,42,34,70,104,175,40
Sbno1,32,31,50,70,114,29
Setd8,15,23,15,49,54,13
Rilpl2,9,12,19,26,43,7
Snrnp35,3,2,4,7,2,1
Rilpl1,9,12,15,34,59,13
Tmed2,72,77,109,180,238,76
Ddx55,6,5,16,18,32,7
Eif2b1,5,8,13,19,30,6
Gtf2h3,4,5,10,11,19,4
Atp6v0a2,19,16,19,33,38,13
Dnah10,0,1,0,0,1,0
Ccdc92,0,3,0,3,9,1
Zfp664,23,18,24,49,79,21
Fam101a,1,0,1,2,9,1
Ncor2,15,16,25,46,65,22
Scarb1,64,40,64,90,137,34
Ubc,646,586,1087,2034,2645,556
Gm10382,0,0,1,1,4,0
Dhx37,1,0,3,4,6,1
Bri3bp,2,3,3,6,11,3
Aacs,0,0,4,7,6,4
Tmem132b,0,0,1,3,1,3
Tmem132c,0,1,0,0,2,0
Slc15a4,8,8,12,16,37,2
Glt1d1,0,0,0,0,1,0
Gm42500,0,0,0,1,0,0
5930412G12Rik,0,0,1,1,1,0
Fzd10,1,0,1,0,0,1
Rimbp2,0,0,0,1,1,0
Stx2,5,6,10,16,36,5
Ran,67,99,120,214,297,85
Sfswap,15,16,27,40,65,8
Mmp17,0,0,1,0,1,0
Zfp11,1,1,2,3,2,3
Mrps17,12,22,29,57,94,13
Gbas,15,12,16,32,44,12
Psph,5,6,13,23,19,4
Sumf2,8,9,11,21,15,8
Phkg1,0,4,1,7,4,3
Chchd2,404,434,560,1135,1271,353
Zbed5,1,0,1,2,1,0
Nupr1l,0,0,0,3,13,1
Vkorc1l1,10,15,19,23,35,6
Gusb,11,13,24,52,65,15
Asl,9,7,13,13,31,6
Crcp,6,7,12,26,37,7
Tpst1,6,8,13,26,31,5
Kctd7,0,0,3,2,6,2
Rabgef1,6,13,11,18,20,2
Tmem248,9,11,17,24,42,8
Gm42469,1,1,4,5,2,0
Sbds,48,50,68,147,215,32
Tyw1,1,3,7,13,21,1
Caln1,4,0,3,2,4,0
Wbscr17,3,3,3,2,7,0
Auts2,15,20,14,45,40,7
Gm15627,0,0,0,1,0,0
Gatsl2,5,1,9,13,13,3
Wbscr16,6,3,5,7,20,2
Gtf2ird2,1,0,2,2,7,0
Ncf1,4,18,13,18,38,4
Gtf2i,38,52,87,104,165,38
Gtf2ird1,9,16,21,30,33,13
Clip2,4,1,4,9,22,4
Rfc2,12,15,22,34,53,13
Lat2,5,11,2,11,25,0
Eif4h,81,74,123,199,294,76
Limk1,2,4,5,9,26,3
Gm10369,0,0,0,1,0,0
Eln,17,8,30,22,31,4
Wbscr27,0,1,0,6,1,0
Abhd11,4,7,5,18,25,3
Abhd11os,0,0,0,0,2,0
Stx1a,3,4,14,10,19,3
Wbscr22,15,19,11,24,42,16
Dnajc30,14,11,29,29,33,17
Vps37d,1,0,1,0,1,0
Mlxipl,0,1,1,3,17,0
Tbl2,1,3,4,8,9,5
Bcl7b,26,16,34,72,104,25
Baz1b,24,19,46,65,88,17
Fzd9,0,1,1,0,1,1
Fkbp6,0,0,0,0,3,0
Nsun5,2,6,10,12,12,3
Pom121,20,17,11,26,40,12
Hip1,65,60,107,142,254,36
Ccl24,2,0,1,1,2,0
Rhbdd2,8,6,6,13,19,7
Por,28,25,33,59,81,16
Tmem120a,4,3,0,7,20,1
Styxl1,0,0,0,0,1,0
Mdh2,52,52,84,153,198,80
Srrm3,0,0,0,0,1,0
Hspb1,1039,1132,1458,1950,2469,1171
Ywhag,21,34,23,55,76,21
Ssc4d,0,0,0,0,2,0
Dtx2,6,3,10,2,18,3
Rasa4,2,0,3,8,11,0
Polr2j,45,38,50,105,161,36
Gm43604,0,0,0,1,1,0
Lrwd1,6,4,6,11,11,3
Alkbh4,1,2,3,4,6,1
Orai2,0,0,2,2,3,1
Prkrip1,11,5,12,25,46,12
Sh2b2,1,2,1,4,3,0
Cux1,22,27,36,59,93,14
Col26a1,0,0,0,1,0,0
Ift22,10,5,7,24,28,7
4933404O12Rik,0,3,2,3,4,1
Fis1,75,67,85,217,321,63
Cldn15,0,0,0,1,0,1
Znhit1,21,22,29,46,77,25
Plod3,16,17,29,43,51,26
Ap1s1,12,12,18,36,41,15
Serpine1,12,3,14,19,54,8
Trim56,22,18,27,36,66,19
Muc3a,0,3,4,3,11,0
Ache,0,1,0,2,4,0
Ufsp1,3,1,7,4,13,3
Srrt,14,16,29,35,58,21
Trip6,7,6,9,9,27,6
Slc12a9,7,4,6,16,25,3
Ephb4,22,17,24,53,55,21
Zan,0,0,2,0,1,0
Pop7,9,7,13,28,33,8
9130604C24Rik,0,0,0,3,4,1
Gigyf1,9,11,26,55,66,13
Gnb2,148,135,226,362,541,119
Tfr2,0,0,0,0,1,0
Mospd3,5,8,11,15,28,4
Pcolce,4,2,5,12,41,1
Gm36266,0,0,0,1,1,0
Lrch4,3,1,1,2,3,2
Gm20605,0,0,0,1,0,0
Sap25,0,0,1,1,3,0
Irs3,0,0,2,0,2,0
Agfg2,4,4,6,5,22,6
Tsc22d4,16,56,23,50,116,27
Ppp1r35,17,12,22,34,38,13
Mepce,13,17,9,35,49,10
Zcwpw1,1,0,2,0,2,1
Pilra,0,0,2,0,3,0
Pilrb1,0,0,1,1,0,0
Pilrb2,0,0,0,1,0,0
Cyp3a13,0,0,0,0,1,0
Gjc3,0,14,2,14,11,8
Azgp1,0,0,1,0,0,0
Zkscan1,11,10,24,20,30,3
Zscan21,8,3,5,16,23,2
Zfp113,4,3,1,6,18,0
Cops6,29,31,52,104,124,36
Mcm7,2,5,5,14,24,2
Ap4m1,8,6,9,17,25,4
Taf6,9,8,19,20,29,4
Cnpy4,5,4,16,28,29,9
Mblac1,0,1,1,4,4,0
Lamtor4,47,28,47,110,138,16
BC037034,3,6,4,5,17,4
6330418K02Rik,3,1,1,6,5,0
Gal3st4,1,0,0,2,4,0
Zfp157,5,2,9,14,21,2
Zfp68,16,11,20,41,51,11
A430033K04Rik,1,0,8,4,13,0
Fam20c,0,3,2,5,7,2
Pdgfa,31,31,25,54,106,42
6330403L08Rik,1,0,2,1,4,1
Prkar1b,0,4,3,6,13,2
Dnaaf5,4,1,4,4,5,0
Sun1,23,16,28,63,74,14
Get4,10,7,11,19,52,10
Adap1,0,5,2,6,6,3
Cox19,13,13,17,28,49,14
3110082I17Rik,4,3,5,11,19,2
Gpr146,46,50,52,129,151,32
C130050O18Rik,0,0,0,1,0,0
Gper1,51,17,49,69,77,12
Zfand2a,3,17,10,22,42,14
Micall2,0,4,3,6,6,1
Ints1,7,4,15,13,36,6
Mafk,34,23,31,52,82,21
Psmg3,8,10,15,22,30,5
Mad1l1,5,1,6,10,16,4
Gm16121,0,0,0,0,1,0
Nudt1,2,1,2,14,17,4
Ftsj2,0,2,6,13,10,5
Snx8,4,2,2,12,17,2
Eif3b,29,23,37,77,98,25
Chst12,3,0,4,1,9,2
Gm43703,0,0,1,0,0,0
Lfng,10,4,32,21,52,6
Ttyh3,3,12,10,12,30,0
Iqce,5,3,1,5,14,2
Brat1,6,1,1,5,15,1
Amz1,0,4,0,2,11,0
Gna12,22,13,22,57,55,31
Card11,1,4,2,1,6,0
Sdk1,1,1,1,2,1,0
Foxk1,3,7,7,10,39,2
Ap5z1,2,0,1,7,11,5
Radil,0,2,3,0,0,0
Mmd2,1,2,0,7,11,1
Wipi2,10,14,13,32,45,16
Slc29a4,4,3,4,7,10,0
Tnrc18,31,30,34,67,100,19
Fbxl18,1,10,2,14,14,4
Actb,2308,2888,2836,4280,5652,1788
Fscn1,2,6,6,12,32,4
Rnf216,19,17,30,40,79,10
Rbak,2,4,0,4,8,1
Zfp12,2,2,4,5,12,5
Zfp316,1,2,0,6,7,1
E130309D02Rik,5,3,7,14,23,2
Zdhhc4,4,10,13,17,32,10
0610040B10Rik,4,0,3,5,10,2
Grid2ip,0,0,0,0,1,0
Kdelr2,36,24,45,80,113,24
Daglb,8,7,13,18,18,6
Rac1,146,181,196,418,518,166
Fam220a,24,55,24,58,134,31
Cyth3,66,49,93,73,207,27
Usp42,6,7,9,12,31,4
D130017N08Rik,1,0,0,3,2,0
Eif2ak1,6,5,11,15,29,9
Aimp2,4,9,9,20,31,3
Pms2,3,2,6,15,27,4
Rsph10b,0,1,0,1,2,0
Ccz1,18,25,28,47,97,12
Lmtk2,3,2,5,10,9,3
Bhlha15,0,0,2,0,0,0
Tecpr1,35,30,47,59,89,23
2900089D17Rik,0,0,1,2,3,0
Bri3,92,99,189,263,414,66
Baiap2l1,3,6,5,9,19,8
Tmem130,0,0,0,0,3,0
Trrap,19,13,27,30,57,10
Smurf1,10,11,20,22,36,5
Arpc1a,49,77,87,137,210,52
Arpc1b,133,185,217,479,618,226
Pdap1,52,47,59,98,196,31
Bud31,29,24,33,54,77,18
Ptcd1,5,3,6,7,9,2
Cpsf4,3,7,3,8,21,8
Atp5j2,167,134,207,282,536,127
Zkscan14,3,2,8,12,21,3
Zkscan5,1,1,4,6,8,1
Zfp655,6,5,14,31,27,4
Zscan25,0,0,0,0,1,0
1700001J03Rik,0,0,0,0,1,0
B230303O12Rik,0,0,1,3,2,0
Gm43625,0,0,0,1,0,0
Rnf6,19,10,35,62,68,13
Cdk8,6,6,13,32,35,9
Wasf3,3,4,1,6,14,4
Usp12,8,7,14,14,29,3
Rpl21,700,708,986,1513,2604,477
Rasl11a,27,10,33,49,77,2
Gtf3a,13,16,17,39,67,6
Mtif3,7,3,7,13,18,5
Lnx2,24,8,36,34,74,2
Polr1d,71,68,88,164,251,50
Urad,0,1,0,0,0,0
Flt3,0,3,0,0,1,0
D5Ertd605e,1,0,0,0,1,0
Pan3,17,18,26,47,89,12
Flt1,1163,1456,1657,2491,3741,729
Gm43156,1,0,0,0,0,0
Pomp,184,211,295,585,701,190
Slc46a3,10,17,22,29,48,17
Mtus2,1,0,3,3,3,1
Slc7a1,156,102,237,250,485,43
Ubl3,68,93,102,185,312,43
Katnal1,1,0,4,8,11,1
Gm15406,0,0,0,1,0,0
8430423G03Rik,0,1,0,0,1,0
5930430L01Rik,3,1,5,20,37,1
Hmgb1,236,189,354,570,852,194
5730422E09Rik,0,0,0,0,1,0
Uspl1,14,13,8,12,26,5
Alox5ap,9,72,13,24,34,3
Hsph1,15,23,26,32,40,41
B3glct,3,1,6,7,9,4
Fry,170,169,251,279,519,62
Gm42556,0,0,0,0,1,0
Gm5,0,1,4,2,8,4
Brca2,1,3,2,3,4,2
Gm42529,0,0,0,0,1,0
N4bp2l1,9,0,8,4,15,4
Gm43597,0,1,0,0,1,0
N4bp2l2,27,37,44,80,122,18
Pds5b,21,14,30,41,67,6
Kl,1,2,5,2,1,0
Stard13,26,10,26,40,75,14
D730045B01Rik,1,1,3,1,1,1
Rfc3,4,4,7,14,16,2
Samd9l,17,23,23,55,75,13
Hepacam2,0,4,0,1,1,0
Vps50,10,7,10,20,30,5
Tfpi2,0,0,0,1,6,1
Gng11,247,461,473,582,859,222
Bet1,36,18,34,54,57,15
Col1a2,10,4,8,14,45,0
Casd1,13,20,30,27,59,7
Sgce,12,6,21,19,27,7
Peg10,0,1,1,8,4,0
Ppp1r9a,0,2,0,5,10,2
Pon3,1,0,5,6,1,0
Pon2,84,56,114,128,146,63
Asb4,13,21,29,14,14,21
Pdk4,2,1,1,3,2,3
Dync1i1,0,0,0,0,4,6
Slc25a13,1,2,0,1,3,1
Shfm1,163,194,222,322,557,135
Dlx6os1,0,0,0,0,1,0
Sdhaf3,5,6,1,9,13,3
Asns,2,3,4,14,18,3
C1galt1,6,12,21,32,36,5
Col28a1,0,0,0,0,1,0
Mios,3,5,2,7,11,7
Rpa3,13,16,32,34,52,7
Umad1,2,3,1,4,9,2
Glcci1,4,5,7,19,22,2
Ica1,12,12,15,24,30,4
Nxph1,0,0,0,0,1,0
Ndufa4,198,189,289,473,688,167
Phf14,19,14,38,57,95,12
Thsd7a,6,1,4,4,6,0
Tmem106b,21,24,33,46,94,15
Tmem168,6,15,21,25,42,12
B630005N14Rik,6,6,12,22,34,3
Gpr85,1,0,5,5,13,2
2610001J05Rik,32,34,37,74,101,20
1110019D14Rik,0,0,1,2,1,3
Foxp2,1,0,1,1,7,0
Mdfic,5,4,5,13,17,4
Gm15473,0,1,0,0,0,0
Gm4876,0,0,2,1,2,0
Tes,14,16,20,35,50,18
D830026I12Rik,1,0,1,0,3,0
Cav2,114,69,146,220,319,56
Cav1,113,75,148,246,388,44
Gm29591,0,0,0,0,1,0
Capza2,86,86,116,170,277,58
St7,1,3,4,10,14,2
Cttnbp2,8,4,3,11,8,3
Gm15594,0,0,1,0,1,0
Gm26809,3,0,0,2,0,0
Gm20186,12,6,6,12,13,15
Lsm8,30,37,34,64,76,23
Ankrd7,0,0,0,1,0,0
Kcnd2,0,0,1,1,1,0
Tspan12,29,27,38,47,72,9
Gm3289,0,0,0,0,1,0
Ing3,15,5,14,23,45,8
Gm26719,0,0,0,0,1,0
Cped1,9,5,13,15,26,1
Fam3c,23,29,29,58,83,13
Ptprz1,3,6,2,14,19,0
Aass,1,0,0,0,0,0
Cadps2,0,2,3,1,1,0
Ndufa5,61,59,84,141,285,55
Wasl,18,25,42,60,106,27
Tmem229a,1,10,1,5,11,6
Gpr37,0,14,3,27,25,9
Pot1a,5,11,10,17,25,3
Grm8,0,0,0,0,1,0
6530409C15Rik,0,0,0,0,1,0
Zfp800,9,4,30,27,44,8
Gcc1,8,5,12,12,12,1
Arf5,81,174,137,272,360,90
Snd1,11,7,17,27,36,12
Lrrc4,0,2,1,3,3,0
Rbm28,16,25,21,35,76,13
Prrt4,11,7,11,58,44,12
Impdh1,52,27,73,122,179,31
Hilpda,11,25,39,43,56,12
Fam71f2,0,0,0,0,1,1
Calu,35,33,47,80,104,26
Ccdc136,1,1,1,4,4,4
Flnc,0,0,0,2,0,0
Atp6v1f,94,98,133,250,325,62
Kcp,12,4,12,12,16,1
Gm26627,1,0,1,1,1,0
Irf5,5,3,12,20,30,9
Tnpo3,16,18,23,47,89,12
Tspan33,2,3,0,2,12,0
Smo,14,7,11,22,32,5
Ahcyl2,12,16,24,33,56,7
Strip2,0,1,0,0,0,0
Smkr-ps,0,0,1,3,0,0
Nrf1,13,11,16,38,37,6
Ube2h,19,27,42,64,73,8
Zc3hc1,7,2,14,13,26,4
Klhdc10,13,11,6,27,23,3
Tmem209,4,2,8,10,15,3
Cpa2,0,1,0,0,0,1
Cep41,2,1,4,4,11,1
Mest,2,0,0,3,1,0
Copg2,7,5,6,25,28,4
Gm27019,0,0,1,0,0,0
Lncpint,17,17,11,35,45,2
Mkln1os,0,0,0,2,3,0
Mkln1,42,40,72,91,139,44
Podxl,134,209,186,531,692,172
Plxna4,3,2,4,6,9,2
Plxna4os1,1,2,1,6,3,2
Chchd3,20,20,34,59,78,19
Exoc4,9,19,28,35,67,12
Slc35b4,11,9,6,15,14,2
Akr1b3,12,20,29,52,94,25
Akr1b8,1,0,1,2,1,0
Akr1b10,3,3,5,7,12,2
Bpgm,10,242,15,80,229,24
Cald1,197,171,196,446,805,93
Gm13861,8,9,16,15,60,9
Agbl3,6,2,4,7,4,2
Tmem140,25,17,42,49,42,15
3110062M04Rik,13,6,15,18,45,4
Wdr91,3,3,4,16,13,6
Cnot4,23,13,26,57,60,16
Nup205,3,8,3,13,21,5
1810058I24Rik,34,197,135,202,182,27
Slc13a4,0,0,1,0,17,0
Fam180a,0,0,0,0,2,0
1700065J11Rik,0,0,0,1,0,0
Mtpn,43,69,64,103,155,48
Ptn,563,307,777,1641,2123,224
Dgki,0,1,0,0,0,0
Creb3l2,15,18,12,44,51,13
Trim24,13,11,25,33,52,15
Svopl,0,0,1,0,0,0
D630045J12Rik,0,2,1,1,2,2
Zc3hav1l,3,3,1,2,4,0
Zc3hav1,21,21,31,55,55,20
Ttc26,0,1,0,1,4,2
Ubn2,36,30,44,72,131,30
1110001J03Rik,17,17,25,59,75,19
Luc7l2,92,91,115,247,373,59
Gm26699,8,6,14,20,22,4
Klrg2,2,0,0,2,2,0
Clec2l,0,0,1,1,0,0
Hipk2,12,8,14,29,31,12
Tbxas1,1,2,4,3,13,0
Parp12,20,17,24,19,34,10
4930599N23Rik,0,0,0,1,1,0
Kdm7a,23,14,22,35,86,10
Slc37a3,2,4,9,12,16,9
Rab19,3,0,1,1,5,0
Mkrn1,30,208,46,100,228,27
Gm10244,0,0,1,0,1,0
Dennd2a,4,2,4,8,25,3
Adck2,9,5,6,13,21,6
Ndufb2,68,57,70,120,211,62
Braf,15,15,17,37,59,9
Mrps33,63,51,76,126,163,37
Tmem178b,0,3,0,4,6,0
Agk,10,4,9,21,39,8
E330009J07Rik,5,3,3,11,9,4
Ssbp1,18,15,29,45,72,11
Clec5a,4,1,3,2,11,0
Ephb6,0,0,0,0,1,2
Gstk1,5,13,9,32,37,4
Tmem139,0,0,1,0,0,0
Casp2,4,4,13,18,26,5
Clcn1,0,0,0,0,1,0
Fam131b,0,4,0,2,3,2
Zyx,25,59,42,48,80,21
2010310C07Rik,0,0,1,0,0,0
Tcaf2,0,4,1,6,17,1
Tcaf1,15,12,29,47,79,23
Arhgef5,8,7,15,31,41,9
Tpk1,2,1,3,5,8,0
Cntnap2,0,0,0,0,1,0
Cul1,35,20,36,65,104,16
Ezh2,2,2,3,16,15,2
Gm26625,0,0,0,1,0,0
Pdia4,17,10,33,58,69,22
Zfp786,0,0,0,0,1,0
Zfp398,8,10,19,24,48,7
Zfp282,3,7,9,11,18,6
Zfp212,8,5,14,22,20,3
Zfp956,1,0,1,0,4,1
Zfp777,5,3,7,8,21,5
Zfp746,9,7,14,31,40,3
Gm16630,0,1,2,3,0,0
Krba1,1,3,2,11,10,0
Zfp467,6,7,9,30,44,8
Sspo,0,0,0,0,1,0
Atp6v0e2,17,10,19,29,44,13
Lrrc61,1,1,1,5,4,0
Rarres2,14,12,48,74,122,17
Gm5111,0,0,0,1,0,0
Repin1,3,0,3,8,15,5
Zfp775,5,3,8,10,7,1
Gimap8,14,13,17,33,34,5
Gimap9,9,3,14,22,39,10
Gimap4,6,7,8,27,31,5
Gimap6,54,70,98,98,195,78
Gm28053,0,0,0,0,2,0
Gimap7,4,2,9,6,8,6
Gimap1,40,33,75,105,158,42
Gimap5,12,17,24,37,59,12
4833403J16Rik,3,3,1,10,18,2
Gimap3,9,2,7,6,32,1
Tmem176b,42,113,69,216,184,68
Tmem176a,17,61,26,169,91,47
Gm7932,0,1,0,0,0,0
1600015I10Rik,0,0,0,1,0,0
Gpnmb,0,0,0,1,0,0
Malsu1,16,16,22,33,46,7
Igf2bp3,3,1,6,8,15,0
Tra2a,102,68,92,181,249,38
Ccdc126,3,5,9,8,16,4
Fam221a,0,0,1,4,4,1
Npy,0,0,0,0,1,0
Mpp6,3,13,9,16,17,2
Dfna5,0,0,1,2,14,0
Osbpl3,3,2,0,1,8,0
Cycs,53,68,76,164,248,66
5430402O13Rik,0,1,0,1,0,1
4921507P07Rik,0,0,0,2,3,1
Gm44109,0,0,0,0,1,0
Nfe2l3,0,1,0,3,1,0
Hnrnpa2b1,181,191,244,388,646,148
Cbx3,86,86,103,191,301,29
Snx10,15,17,18,35,38,4
Skap2,14,19,17,27,36,9
Hotairm1,0,0,1,0,0,0
Hoxa7,0,1,0,0,0,0
Hibadh,26,18,34,62,74,14
Tax1bp1,75,78,94,164,267,54
Jazf1,0,0,0,1,0,0
Creb5,2,4,3,8,10,0
Tril,19,17,26,47,60,3
Gm43938,0,0,0,0,1,0
Gm16499,2,2,2,5,4,1
Chn2,20,26,28,46,61,7
Prr15,0,0,0,1,1,0
Wipf3,0,0,2,3,2,1
Scrn1,0,1,0,3,3,1
Fkbp14,2,3,2,5,15,4
Plekha8,5,5,3,8,14,4
Mturn,5,2,14,7,24,5
Znrf2,9,7,21,37,43,8
Nod1,17,13,20,25,38,11
Ggct,6,7,6,8,25,7
Gars,20,19,28,37,59,25
Crhr2,0,0,0,0,1,0
Inmt,0,0,0,0,6,0
Fam188b,4,2,4,1,7,4
Aqp1,1,2,1,1,0,0
Adcyap1r1,2,1,3,8,9,0
Pde1c,0,1,0,1,1,0
Lsm5,22,29,38,68,89,21
Avl9,19,14,27,50,71,11
Kbtbd2,23,20,24,51,82,19
Fkbp9,25,20,37,69,106,15
Nt5c3,20,24,11,37,39,10
Ppm1k,9,6,8,17,23,3
Herc6,8,10,17,31,37,11
Pyurf,8,12,14,26,44,10
Lancl2,6,7,9,14,24,2
Vopp1,3,9,5,9,9,6
Abcg2,235,188,386,414,697,139
Herc3,1,3,1,5,8,1
Nap1l5,2,7,1,6,20,3
Fam13a,12,9,17,18,20,5
RP24-492L15.6,0,0,1,0,0,0
Tigd2,12,15,19,28,57,4
Snca,1,239,2,84,145,11
Mmrn1,0,9,2,1,2,1
Ccser1,1,0,0,2,0,0
Grid2,0,1,0,0,0,0
Smarcad1,10,6,14,25,43,7
Hpgds,10,5,8,18,15,0
Tnip3,0,2,0,0,0,0
Ndnf,25,11,32,76,116,20
Gm16838,0,0,0,0,1,0
Prdm5,14,2,4,18,32,4
Gm44029,0,1,4,8,18,1
Mad2l1,3,2,3,3,6,1
Gng12,28,32,34,71,85,23
Gadd45a,13,9,10,29,54,9
Serbp1,122,142,196,334,489,114
Il12rb2,0,1,0,0,0,0
Tacstd2,0,0,0,1,0,0
Gm43291,6,1,2,2,43,1
Rpia,4,16,11,30,44,5
Eif2ak3,5,5,9,8,17,2
Thnsl2,1,3,4,5,6,2
Krcc1,33,27,53,84,117,29
Rmnd5a,12,15,28,40,63,9
Rnf103,33,24,40,38,93,17
Gm44195,0,0,0,0,1,0
Chmp3,50,49,92,159,264,51
Kdm3a,13,11,20,23,40,6
Reep1,4,1,8,17,17,8
Mrpl35,12,15,19,37,41,15
Immt,26,26,43,66,91,27
Ptcd3,12,7,5,7,21,2
Polr1a,5,1,3,7,21,4
St3gal5,10,20,9,22,32,4
RP24-416M6.5,0,0,0,1,0,0
Atoh8,3,7,3,6,15,1
Usp39,10,7,12,18,38,13
RP23-60P18.10,4,4,2,9,19,5
0610030E20Rik,10,12,14,21,58,12
Tmem150a,1,2,5,5,11,5
Rnf181,23,19,21,36,73,19
Vamp5,35,37,56,101,154,33
Vamp8,74,77,85,167,242,64
Ggcx,6,5,6,9,12,2
Mat2a,141,155,190,264,459,160
Sh2d6,0,1,0,0,0,0
Capg,31,43,47,219,200,116
Elmod3,6,4,2,9,14,3
Retsat,6,3,5,11,9,2
Tgoln1,49,60,67,154,175,48
Tcf7l1,5,7,15,15,23,6
Gm15401,0,0,0,1,0,0
Kcmf1,40,32,66,85,116,30
Tmsb10,640,383,665,870,1782,738
Dnah6,0,0,1,2,3,2
Suclg1,39,33,45,88,107,28
Gm9008,0,0,0,0,1,0
Ctnna2,0,3,0,2,2,1
Lrrtm1,0,0,0,1,1,0
Lrrtm4,0,1,0,0,1,0
Gcfc2,5,2,4,7,11,6
Mrpl19,11,8,14,20,17,3
Gm20383,1,0,0,0,0,0
Eva1a,0,0,0,2,5,0
Pole4,26,16,38,63,80,29
Hk2,6,0,6,8,14,2
RP23-81F19.2,0,1,0,1,2,0
Dok1,2,0,3,8,11,1
Loxl3,0,0,4,2,8,0
Htra2,2,4,10,23,25,5
Aup1,23,23,42,50,109,26
Dqx1,1,0,1,1,2,0
Pcgf1,3,3,3,6,12,4
Lbx2,0,0,0,1,1,0
Ccdc142os,1,0,4,1,0,0
Mrpl53,1,0,0,4,4,0
Mogs,4,3,10,15,22,3
Wbp1,12,16,27,41,54,10
Ino80b,12,12,19,36,61,9
Rtkn,0,3,3,5,15,1
Wdr54,1,2,2,4,6,3
1700003E16Rik,0,0,1,1,1,0
Dctn1,28,26,42,54,86,27
Slc4a5,0,0,1,0,0,0
Mthfd2,0,13,2,5,9,3
Mob1a,36,35,41,70,116,27
Bola3,33,39,42,89,151,24
Tet3,17,15,15,40,49,4
Dguok,22,27,36,73,91,19
Actg2,0,0,6,0,0,0
Stambp,6,7,11,24,29,9
1700124L16Rik,0,0,1,0,0,0
Tex261,33,15,36,90,131,35
Nagk,13,6,13,35,44,11
Paip2b,5,2,5,10,16,4
Zfp638,34,27,42,72,91,17
Dysf,7,3,14,27,44,12
Cyp26b1,0,0,2,8,1,0
Exoc6b,20,25,24,56,86,29
Spr,45,39,57,117,133,34
Sfxn5,3,2,2,3,8,1
Rab11fip5,8,11,11,34,56,12
Smyd5,3,5,5,7,6,1
Pradc1,10,8,11,27,50,6
Cct7,73,60,114,184,211,72
Egr4,0,5,0,5,0,1
Alms1,1,1,3,5,6,1
Gm11128,0,0,0,1,0,0
Nat8,0,0,0,0,2,0
Cml2,2,1,0,2,1,0
1700019G17Rik,2,0,1,5,13,0
Cml1,8,8,6,16,30,3
Tprkb,10,8,16,37,52,7
Dusp11,68,71,92,127,216,28
Gm19265,0,0,0,0,1,0
4930553P18Rik,0,0,0,0,1,0
Add2,0,1,0,0,3,0
Tgfa,19,13,21,39,64,13
Fam136a,7,5,16,22,41,4
Snrpg,122,116,157,183,452,80
Pcyox1,9,11,20,21,60,9
Tia1,32,11,37,59,82,22
C87436,9,6,14,31,27,7
A430078I02Rik,0,0,0,1,0,0
2310040G24Rik,1,1,4,8,4,1
Gm43936,0,0,1,0,0,0
Gm44386,0,0,0,0,1,0
Pcbp1,77,107,108,193,284,93
1600020E01Rik,3,8,12,16,23,4
Asprv1,0,0,3,0,0,0
Mxd1,6,10,16,17,31,7
Snrnp27,30,41,51,86,141,29
Gmcl1,7,4,14,16,28,5
Anxa4,12,13,22,61,65,18
Aak1,15,17,20,37,37,7
Nfu1,20,18,21,58,70,15
Gfpt1,2,12,10,17,29,11
D6Ertd527e,0,0,0,0,1,0
Antxr1,3,3,5,5,12,1
Gkn3,5,6,46,32,60,3
Arhgap25,5,4,12,12,19,1
Aplf,3,0,0,5,4,1
1810020O05Rik,0,0,0,0,1,0
Efcc1,1,1,0,4,2,0
Gp9,5,69,15,23,14,6
Rab43,3,2,3,11,19,1
Isy1,11,7,5,16,44,7
Cnbp,153,170,208,366,510,116
Copg1,19,19,16,42,61,17
Gm26636,0,0,0,0,1,0
Hmces,5,10,10,13,30,5
H1fx,0,1,2,4,5,2
Rab7,69,69,89,158,250,62
Rpn1,26,32,41,97,114,47
Gata2,65,57,91,110,186,37
Eefsec,7,4,6,7,24,6
Ruvbl1,15,9,24,38,48,10
Sec61a1,36,21,28,67,100,24
Mgll,28,11,47,50,76,30
Abtb1,8,6,11,16,27,4
Podxl2,2,1,1,4,11,0
Gm15612,1,0,0,0,0,0
Mcm2,2,0,5,12,15,4
Tpra1,15,8,28,32,52,18
Plxna1,3,1,5,10,7,4
Chchd6,6,9,15,21,24,10
Txnrd3,3,3,4,5,12,1
Zxdc,6,7,9,15,16,2
Cfap100,1,2,0,0,4,0
Klf15,0,11,3,3,7,5
Gm44421,0,0,0,0,0,1
Aldh1l1,0,0,0,3,3,0
Slc41a3,2,1,1,5,5,1
Iqsec1,17,7,19,31,77,12
Gm44123,0,0,0,1,0,0
Nup210,1,4,1,3,3,0
Hdac11,3,5,9,14,23,4
Fbln2,3,2,6,8,11,2
Wnt7a,0,0,0,1,1,0
1810044D09Rik,2,6,0,4,6,0
Chchd4,7,12,26,15,31,9
Tmem43,2,6,15,19,28,10
Xpc,8,13,16,31,27,6
Lsm3,22,22,29,50,68,18
RP23-292C5.4,0,0,0,1,0,0
Slc6a6,398,307,777,1703,2207,407
Grip2,6,2,1,1,2,0
Ccdc174,22,10,22,43,55,11
4930590J08Rik,1,0,1,0,0,0
Fgd5,42,51,71,113,130,44
Nr2c2,14,13,16,24,57,4
Mrps25,13,7,18,43,63,16
Rbsn,11,8,13,20,41,2
Prickle2,2,4,2,2,5,0
Adamts9,5,32,10,46,14,80
9530026P05Rik,3,4,3,8,13,1
Magi1,6,7,6,12,16,3
Slc25a26,1,0,4,5,5,2
Lrig1,4,5,6,20,11,6
Kbtbd8,1,1,0,1,5,0
Suclg2,15,9,14,24,44,5
Fam19a1,0,0,0,0,1,0
Fam19a4,0,0,0,0,2,0
Eogt,67,78,74,151,239,53
Tmf1,27,29,37,56,88,18
Uba3,16,9,18,34,55,9
Arl6ip5,70,62,88,174,239,70
Frmd4b,48,25,71,71,107,23
Mitf,3,3,2,6,7,1
Foxp1,135,119,241,540,698,129
Gm20696,6,1,6,14,24,4
Eif4e3,4,11,16,27,42,5
Gpr27,4,1,0,8,12,0
Rybp,19,33,31,40,77,18
Shq1,2,2,1,6,5,2
Gxylt2,0,0,0,0,5,0
Ppp4r2,29,28,36,69,99,18
Pdzrn3,3,2,2,4,1,0
Cntn3,0,1,0,0,1,0
Chl1,0,0,0,1,0,0
Cntn6,0,0,0,0,1,0
Cntn4,0,0,0,0,1,0
Il5ra,0,0,0,0,3,0
Trnt1,10,12,17,29,46,3
Crbn,11,10,16,24,29,7
Lrrn1,1,4,3,2,10,6
Setmar,0,0,0,2,4,2
Sumf1,9,3,9,17,24,7
Itpr1,21,26,24,39,86,15
Bhlhe40,76,106,124,145,280,61
Arl8b,14,24,23,47,52,17
Edem1,17,10,15,25,38,9
Grm7,1,2,4,4,8,0
Lmcd1,7,2,25,29,21,14
Ssu2,0,0,0,1,0,0
Cav3,0,0,1,0,0,0
Rad18,1,5,3,3,5,1
Gm26799,0,0,0,0,1,0
Srgap3,0,0,0,0,5,1
Thumpd3,7,7,14,27,27,9
Gt(ROSA)26Sor,19,19,26,47,90,19
Setd5,32,28,31,64,76,10
Lhfpl4,0,0,0,1,0,1
Mtmr14,1,5,12,11,16,5
Cpne9,0,0,1,0,0,0
Brpf1,8,7,8,12,43,4
Gm15492,0,0,0,1,0,0
Ogg1,2,0,6,7,6,6
Camk1,30,31,52,106,143,26
Tada3,10,8,20,36,56,7
Arpc4,40,58,81,130,188,54
Ttll3,2,2,0,4,14,2
Rpusd3,2,2,5,9,6,0
Jagn1,16,15,14,42,39,11
Il17re,0,0,0,0,0,1
Il17rc,8,5,17,19,31,6
Creld1,6,8,13,19,25,10
Prrt3,0,2,2,2,8,0
Emc3,29,23,48,69,119,23
Fancd2,2,0,0,2,2,0
Brk1,89,71,104,226,270,53
Vhl,5,2,9,21,23,1
Irak2,14,21,22,16,33,14
Tatdn2,2,3,9,21,37,4
Gm26982,1,1,1,1,6,0
Ghrl,0,0,0,0,1,0
Sec13,20,38,45,55,97,39
Slc6a11,0,0,1,5,6,0
Slc6a1,0,3,2,8,11,5
Hrh1,0,0,0,1,0,0
Atg7,0,3,6,12,22,5
Vgll4,15,25,45,95,104,44
Tamm41,3,1,2,8,7,1
Syn2,4,0,2,6,5,0
Timp4,1,19,4,7,5,0
Pparg,0,0,0,1,1,0
Tsen2,2,2,2,14,18,3
Mkrn2,1,4,7,16,31,6
Raf1,32,15,34,43,73,13
Tmem40,0,6,5,2,2,1
Cand2,0,0,0,2,4,0
Rpl32,626,704,857,1341,2280,404
Efcab12,0,0,0,0,1,0
Mbd4,3,1,3,5,7,0
Ift122,3,7,6,13,16,2
Rho,0,0,0,1,0,0
Plxnd1,26,19,48,25,72,9
Tmcc1,32,20,23,69,73,26
Fam21,16,10,21,32,57,8
Zfand4,1,4,1,1,5,1
March8,14,11,10,40,45,10
Alox5,0,1,1,1,2,0
Zfp422,17,33,35,52,67,24
Rassf4,10,9,13,17,31,19
8430408G22Rik,62,101,121,22,216,70
Tmem72,0,0,0,0,1,0
Cxcl12,746,724,1352,853,2095,184
Gm9946,29,11,50,27,69,2
Zfp637,9,6,24,42,56,11
Zfp239,0,0,1,0,1,1
Hnrnpf,188,162,271,446,585,139
Fxyd4,0,0,1,6,5,1
Rasgef1a,2,2,2,3,9,2
Csgalnact2,10,7,7,24,28,2
Ret,2,4,2,13,15,12
Bms1,9,17,12,33,50,4
Zfp248,1,3,5,6,12,1
Zfp9,1,4,0,11,8,4
Ankrd26,4,7,5,10,26,3
Cacna1c,1,0,4,5,10,1
Dcp1b,5,0,12,17,18,4
Cacna2d4,0,1,0,0,2,0
Lrtm2,0,1,0,0,0,0
Adipor2,86,80,78,105,239,50
Wnt5b,2,0,1,6,13,2
Fbxl14,9,10,22,38,42,9
Erc1,14,6,24,35,46,13
Gm44317,0,0,0,1,0,0
Rad52,3,4,5,7,10,1
Wnk1,90,115,111,180,282,64
Ninj2,0,1,0,0,4,1
Ccdc77,3,2,5,6,4,2
Kdm5a,19,17,31,55,72,13
Il17ra,5,5,7,23,24,8
Cecr5,0,1,2,7,6,3
Cecr2,7,8,9,24,25,3
Slc25a18,0,0,0,2,2,1
Atp6v1e1,41,46,77,115,183,35
Bcl2l13,7,7,11,18,24,7
Bid,0,0,3,4,8,0
Mical3,12,4,12,16,29,6
Gm43915,0,0,1,1,0,1
Pex26,2,1,2,8,11,3
Usp18,6,11,18,21,39,16
Gm44148,0,1,0,1,3,1
Slc6a13,3,1,3,10,34,4
Iqsec3,0,0,2,1,2,0
A2m,0,0,0,0,2,0
M6pr,34,38,53,73,123,27
Phc1,9,9,17,25,49,13
Rimklb,0,0,0,1,4,0
Apobec1,4,3,10,8,17,2
Slc2a3,3,14,4,8,12,1
Gm26826,0,1,0,1,0,0
Foxj2,7,7,13,18,42,14
C3ar1,4,0,4,13,19,0
Necap1,7,9,10,18,46,3
Clec4a1,0,0,0,1,1,0
Clec4a3,3,1,0,2,2,0
Clec4a4,0,1,0,0,0,0
Clec4a2,6,1,4,6,3,1
Clec4n,7,0,0,2,1,0
Clec4d,1,4,3,1,1,0
Clec4e,0,0,4,0,0,0
Cd163,4,1,0,0,1,0
Pex5,4,9,11,15,31,4
Clstn3,0,2,0,0,2,0
C1rl,0,2,0,0,1,0
C1ra,0,14,2,6,5,1
C1s1,1,18,3,7,11,7
Lpcat3,27,17,23,57,64,22
Emg1,35,21,45,90,117,29
Phb2,44,24,50,86,138,31
Ptpn6,7,10,6,19,48,5
Grcc10,55,38,80,64,197,38
Atn1-1,7,14,16,39,56,19
Eno2,0,1,0,1,4,0
Lrrc23,0,1,1,1,10,0
Spsb2,9,9,16,30,48,7
Tpi1,90,112,107,197,273,78
Usp5,5,7,16,22,46,3
Cdca3,0,0,1,1,0,0
Gnb3,0,0,0,1,1,0
P3h3,2,3,4,12,11,0
Gpr162,0,0,1,0,0,0
Cd4,0,0,1,0,0,0
Lag3,2,11,5,14,25,0
Ptms,164,138,230,401,620,163
A230083G16Rik,0,0,0,0,1,0
Mlf2,47,43,63,111,193,58
Cops7a,14,18,27,55,74,15
Pianp,1,0,0,0,3,0
Zfp384,9,8,13,19,29,9
Ing4,12,11,18,32,33,10
Acrbp,5,6,5,2,8,3
Chd4,56,50,69,141,268,30
Nop2,6,1,5,12,14,1
Iffo1,3,4,5,11,23,3
Gapdh,205,369,346,727,909,388
Ncapd2,3,3,1,7,8,0
Mrpl51,36,24,40,91,105,33
Vamp1,3,1,3,4,9,0
Tapbpl,18,13,17,22,37,11
Cd27,3,0,8,6,17,1
Ltbr,4,13,22,33,50,17
Scnn1a,0,0,1,0,2,0
Tnfrsf1a,11,28,34,96,87,47
Cd9,106,353,211,490,385,145
Gm28809,1,0,0,2,3,0
Vwf,100,345,217,710,454,288
Ntf3,1,0,0,1,1,0
Kcna5,8,23,6,3,18,5
Kcna1,1,4,0,3,4,6
Kcna6,0,2,0,2,7,3
Ndufa9,23,15,35,49,88,29
D6Wsu163e,4,6,6,9,13,4
Tigar,3,2,1,2,8,2
Ccnd2,37,34,37,75,142,18
9330179D12Rik,0,0,0,0,1,0
Parp11,2,1,4,5,8,4
Prmt8,0,0,0,0,2,0
Tspan9,21,11,25,72,87,18
9330102E08Rik,0,0,0,0,1,0
Gm10010,0,0,0,0,1,0
Tead4,3,4,14,17,19,8
Tulp3,0,3,10,5,15,2
Rhno1,7,7,4,14,23,6
Foxm1,0,0,1,0,0,0
4933413G19Rik,0,2,0,1,0,2
Nrip2,6,2,4,6,20,0
Itfg2,7,4,11,23,16,3
Fkbp4,68,54,97,113,168,61
Gm10069,0,1,1,2,1,0
Klrb1,0,0,0,0,1,0
Gm44067,0,0,2,1,0,0
BC035044,4,2,3,2,4,0
Clec2i,0,4,4,6,8,1
Gm15987,1,1,0,1,14,1
Clec2d,146,220,281,286,489,60
2310001H17Rik,6,4,12,15,11,2
Cd69,6,7,12,10,46,2
Clec12a,0,5,0,1,2,0
Clec12b,0,0,1,0,0,0
Clec1b,3,57,24,25,21,9
Clec9a,0,2,0,0,0,0
Clec1a,11,4,22,17,26,5
Gabarapl1,37,39,65,74,171,29
Klrd1,0,32,0,0,0,0
Klrk1,0,3,0,0,0,0
Klrc1,0,1,0,0,0,0
Klra17,0,0,1,0,0,0
Klra2,0,0,0,1,0,0
Magohb,10,11,12,13,41,5
Ybx3,69,80,88,185,198,72
Smim10l1,61,44,69,144,198,44
Etv6,8,19,12,19,37,10
Bcl2l14,0,1,0,0,0,0
Lrp6,34,24,44,79,95,19
Gm43949,2,1,0,5,7,1
Mansc1,4,3,9,15,16,7
Borcs5,1,2,4,16,15,5
Dusp16,16,15,9,20,28,18
Gm44025,0,1,0,1,0,0
Crebl2,15,11,11,17,28,4
Gpr19,0,0,1,4,7,0
2810454H06Rik,9,6,9,17,29,4
Cdkn1b,41,28,39,57,126,9
Lockd,1,3,3,1,2,0
Apold1,194,258,364,357,773,154
Ddx47,18,16,15,25,38,8
Gprc5a,2,0,0,0,0,0
Hebp1,2,8,5,6,10,2
Fam234b,3,1,2,1,8,2
Gsg1,0,1,0,1,3,0
Emp1,0,4,8,35,19,26
Atf7ip,30,21,39,73,121,13
Plbd1,0,9,0,0,0,0
Hist4h4,1,3,6,13,14,0
H2afj,32,70,64,111,137,28
Wbp11,27,22,48,56,106,15
BC049715,3,1,1,2,3,0
Smco3,0,7,0,1,0,0
Mgp,84,426,253,600,559,309
Erp27,0,0,0,1,1,0
Arhgdib,50,76,47,130,234,38
Pde6h,0,0,0,0,1,0
Rerg,0,3,0,6,4,0
Ptpro,0,1,2,3,2,0
Eps8,22,30,29,70,61,8
Strap,45,29,47,82,115,26
Dera,8,4,9,19,13,4
Mgst1,17,25,31,76,85,28
Lmo3,0,0,0,2,0,0
Plekha5,10,5,9,8,29,3
Aebp2,16,15,15,45,48,10
Gm28523,1,0,0,0,1,0
Pde3a,21,9,6,17,32,0
Slco1c1,406,285,487,822,1163,212
Slco1b2,1,0,3,0,4,0
Slco1a4,593,493,809,1504,1956,423
Gm6614,0,1,0,0,1,0
Pyroxd1,3,3,8,14,17,6
Recql,6,4,6,10,17,5
Golt1b,11,8,12,18,29,7
Ldhb,31,33,38,86,150,10
Kcnj8,33,32,62,123,168,44
Abcc9,25,44,40,84,165,28
Cmas,7,32,15,29,54,11
St8sia1,1,0,2,0,6,0
C2cd5,3,1,9,10,18,8
Etnk1,49,41,64,113,147,23
1700126G02Rik,0,0,0,0,1,0
Sox5,5,1,5,4,11,2
Sox5os3,0,0,1,0,0,0
Bcat1,0,2,0,5,4,2
Lrmp,2,4,5,6,18,0
Casc1,0,0,1,0,0,0
Lyrm5,9,6,17,26,23,4
Kras,45,49,74,126,179,59
Gm15706,0,2,1,6,12,2
2010013B24Rik,0,0,0,1,0,0
Lmntd1,6,0,11,11,22,2
Tuba3b,0,1,0,0,0,0
Gm15704,1,0,1,0,3,0
Rassf8,10,9,6,25,33,7
Bhlhe41,6,5,3,20,21,2
Sspn,6,4,8,24,25,2
Sspnos,0,0,0,1,0,0
Itpr2,27,23,37,51,115,17
Asun,8,11,7,23,30,3
Fgfr1op2,36,29,45,79,122,19
Tm7sf3,14,15,25,38,53,14
Med21,41,45,56,90,110,22
Stk38l,15,4,9,15,19,1
Arntl2,1,1,2,2,5,1
Ppfibp1,60,73,75,118,137,56
Rep15,5,2,2,8,6,0
Mrps35,6,8,12,23,26,8
Klhl42,3,2,6,14,24,1
Pthlh,0,2,2,5,4,3
Gm6288,0,0,1,0,0,0
Ccdc91,14,9,26,53,54,17
Far2,13,10,23,35,60,17
Far2os1,0,0,0,0,1,0
Ergic2,30,38,38,80,108,39
Gm17216,1,0,0,0,0,1
Tmtc1,23,11,26,38,60,5
Ipo8,9,17,19,22,34,7
Caprin2,2,1,0,10,5,0
Fam60a,3,6,7,14,18,1
3010003L21Rik,3,2,2,7,7,3
Dennd5b,48,35,61,88,124,24
Gm26540,1,0,1,0,1,0
Mettl20,1,0,2,3,6,0
Amn1,8,10,8,25,25,9
2810474O19Rik,13,25,41,49,82,11
Bicd1,2,5,1,4,10,6
Gm21814,0,1,0,2,0,0
Nlrp12,0,0,3,0,0,0
Myadm,35,25,36,65,149,18
Prkcg,0,4,1,2,6,0
Cacng7,0,0,0,1,2,0
Ndufa3,81,84,96,131,347,80
Tfpt,1,4,8,12,17,6
Prpf31,13,14,15,32,52,14
Cnot3,29,15,23,44,89,13
Leng1,11,4,21,22,30,8
Tmc4,0,2,0,8,7,1
Gm15929,0,0,0,1,0,0
Mboat7,14,10,9,29,29,4
Tsen34,39,21,74,117,127,25
Rps9,516,696,790,1296,2012,397
Pirb,1,11,1,1,2,0
Pira2,0,2,0,2,1,0
Gm14548,0,2,0,0,0,0
Lilra6,0,1,0,1,0,0
Lair1,2,7,3,9,26,0
9430041J12Rik,0,0,0,0,1,0
Ttyh1,1,8,10,20,13,1
Leng8,49,28,48,83,139,25
Leng9,10,7,6,26,36,5
Cdc42ep5,5,12,15,47,50,4
Lilra5,1,1,0,0,3,0
Gp6,0,3,1,0,3,0
Rdh13,1,1,3,5,7,3
Eps8l1,2,0,6,1,8,6
Ppp1r12c,29,20,33,94,120,18
Tnnt1,0,1,3,0,0,0
Tnni3,0,0,1,0,0,0
Dnaaf3,1,2,1,0,4,1
Gm15873,0,0,0,0,1,0
Syt5,0,0,0,0,5,0
Tmem86b,0,1,1,0,5,2
Ppp6r1,18,13,19,30,56,6
Hspbp1,6,7,5,16,19,9
Brsk1,3,0,1,2,5,1
Suv420h2,7,4,5,8,7,2
Cox6b2,2,5,0,6,10,0
Il11,0,0,0,0,1,2
Tmem190,0,0,0,0,1,0
Tmem238,20,14,18,62,76,16
Rpl28,559,637,851,1186,2161,389
Ube2s,59,63,85,180,213,55
Shisa7,1,0,0,0,4,0
Isoc2b,2,3,1,3,4,0
Isoc2a,0,3,1,5,2,2
Zfp628,1,1,3,4,3,2
Nat14,3,1,4,6,17,1
Sbk2,0,0,0,0,2,0
Zfp579,3,4,5,9,10,7
Fiz1,9,3,15,26,27,10
Zfp524,6,9,9,18,27,5
Zfp865,8,7,14,12,37,9
Ccdc106,0,0,0,3,1,0
Zfp784,3,0,1,5,3,1
Gm15510,1,0,1,3,3,0
Zfp580,3,5,6,16,25,4
U2af2,21,13,38,60,103,25
Epn1,16,24,31,47,120,20
Rasl2-9,0,0,0,1,0,0
Zfp787,12,6,7,23,46,16
Zfp444,6,6,14,10,22,5
Gm6792,0,0,0,0,0,1
Zfp667,3,3,3,13,18,1
Zfp583,1,2,1,1,3,0
RP23-143D11.1,0,0,0,0,1,0
Zfp78,2,2,2,1,5,0
Zfp28,0,3,1,4,6,1
Peg3,3,4,3,6,17,3
Aurkc,0,0,1,0,0,0
Zfp954,2,3,2,10,9,4
Zfp418,0,0,1,1,1,0
Zfp772,1,2,1,2,4,2
Vmn2r29,0,1,0,1,0,0
Clcn4,18,29,29,55,89,17
Zik1,0,0,0,1,3,1
Zfp551,0,1,0,2,4,0
Zfp606,5,4,6,11,14,1
Zscan18,0,0,2,1,4,0
Zfp329,13,14,18,35,36,8
Zfp110,9,6,19,18,29,3
Zfp128,1,1,0,6,1,1
Zscan22,0,2,5,6,11,1
Rps5,545,598,822,1247,2012,319
Rnf225,0,0,0,1,0,0
1810019N24Rik,0,0,0,0,1,0
Zfp324,2,0,1,3,5,0
Zfp446,6,3,3,5,8,2
Zbtb45,4,2,11,6,21,2
Trim28,20,19,20,49,86,16
Chmp2a,87,75,120,255,325,68
Ube2m,34,55,58,120,140,60
Mzf1,0,0,0,1,0,0
6330408A02Rik,2,3,4,8,14,0
Lig1,7,5,7,21,29,6
Vmn1r90,0,0,2,1,1,0
Sepw1,175,151,256,581,799,187
Gltscr2,44,31,64,118,131,28
Ehd2,36,43,57,128,185,84
Gltscr1,1,0,2,2,1,1
Napa,35,23,44,89,132,28
Kptn,9,2,12,11,15,4
Slc8a2,3,0,1,2,1,0
Meis3,0,2,1,4,4,0
Dhx34,1,3,0,7,6,2
C5ar2,0,0,1,1,3,0
C5ar1,7,5,17,10,14,0
Inafm1,5,9,17,49,56,15
Ccdc9,3,9,14,16,32,9
Bbc3,11,10,13,11,21,8
Sae1,25,16,25,59,73,20
Zc3h4,7,6,7,18,32,4
Tmem160,35,24,70,115,150,39
Npas1,0,0,0,0,1,0
Arhgap35,4,8,13,14,25,7
Ap2s1,19,28,40,69,121,22
Slc1a5,10,9,13,24,39,8
Fkrp,9,11,10,15,32,7
Strn4,15,17,29,34,77,11
Prkd2,32,27,33,50,83,26
9330104G04Rik,0,1,1,4,3,0
Dact3,3,4,5,8,13,3
Gng8,0,1,1,3,4,1
Ptgir,0,0,2,0,1,0
Calm3,42,63,66,143,200,56
Pnmal2,1,1,0,0,6,0
Ccdc8,3,4,2,6,16,1
Ppp5c,16,14,32,26,70,15
Hif3a,1,3,0,1,3,0
Psg16,0,0,0,1,0,0
Mill2,8,2,6,12,13,2
Pglyrp1,368,567,480,986,1467,897
Ccdc61,3,2,8,19,21,5
Nova2,20,32,36,82,94,34
Gm26821,0,0,2,1,4,1
Nanos2,0,0,0,0,1,0
Mypop,5,3,7,14,17,5
Mypopos,0,1,0,0,5,3
Irf2bp1,7,14,23,36,42,5
Sympk,10,11,18,44,47,17
Dmwd,19,22,15,30,53,20
Dmpk,11,5,7,6,19,1
Six5,2,5,10,7,11,2
Gm4969,1,0,0,0,1,0
Fbxo46,2,10,7,6,14,2
Qpctl,1,2,11,10,22,5
Snrpd2,71,64,100,179,246,71
Gipr,2,0,2,0,4,0
Eml2,11,16,27,37,61,15
Gpr4,33,50,45,48,113,28
Opa3,6,9,11,14,26,9
Vasp,62,50,61,91,159,45
1700058P15Rik,0,0,1,1,2,0
Ppm1n,0,0,0,3,4,0
Rtn2,0,2,3,2,4,2
Gm26802,17,80,54,153,195,14
Fosb,275,546,327,1075,1255,157
Ercc1,17,30,25,30,52,35
Cd3eap,6,16,11,18,41,5
Ppp1r13l,0,1,0,0,4,1
Ercc2,1,4,5,5,12,3
Klc3,0,0,0,0,1,0
Mark4,12,12,11,30,36,10
Exoc3l2,0,0,2,0,0,0
Bloc1s3,7,7,6,10,18,1
Trappc6a,16,17,28,43,53,16
Ppp1r37,11,8,20,39,38,11
Gemin7,38,23,55,90,122,38
Zfp296,0,0,1,2,1,1
Clasrp,6,4,13,13,40,8
Gm26890,1,1,0,3,5,3
Relb,10,22,16,22,41,16
Clptm1,36,27,33,62,87,20
Apoe,1109,363,690,1065,1868,118
Tomm40,19,12,28,50,77,10
Gm20512,0,0,0,1,0,0
Pvrl2,9,10,8,28,24,9
Bcam,102,53,143,261,401,106
Cblc,0,0,0,1,0,0
Bcl3,4,26,6,14,14,9
Gm16174,1,0,1,1,3,0
Pvr,6,19,16,27,27,13
Gm16251,0,0,0,0,1,0
Zfp180,2,9,12,9,27,4
Zfp112,2,1,1,0,6,0
Zfp235,0,1,5,7,6,1
Zfp114,0,1,0,1,0,0
Zfp111,3,2,5,4,4,1
Zfp109,0,0,0,0,2,0
Zfp108,0,1,0,1,1,1
Zfp93,1,1,0,4,6,0
Zfp61,2,0,3,2,8,0
Zfp94,2,1,2,5,7,0
Kcnn4,2,3,1,0,0,0
Smg9,9,4,7,10,32,6
Plaur,17,28,18,44,44,70
Cadm4,5,9,8,36,39,4
Zfp428,1,3,6,8,9,2
Irgq,5,4,5,6,20,2
Xrcc1,8,3,9,15,23,6
Ethe1,9,8,19,34,42,17
Phldb3,1,0,3,0,0,1
Ceacam10,0,0,1,0,0,0
Gm9844,0,0,1,0,0,2
Rps19,706,719,1047,1414,2718,444
Cd79a,46,33,83,100,374,59
Arhgef1,39,33,52,66,190,32
Rabac1,184,173,265,432,600,153
Atp1a3,1,0,1,1,3,1
Grik5,1,0,1,0,6,1
Zfp574,1,5,11,10,17,4
Pou2f2,4,13,19,30,77,1
Dedd2,9,6,13,16,28,6
Zfp526,0,0,1,1,1,0
Gsk3a,23,14,22,39,85,27
9130221H12Rik,2,2,3,8,9,0
Erf,20,16,15,51,73,26
Cic,14,24,14,48,63,14
Pafah1b3,8,4,12,26,43,8
Tmem145,0,0,1,2,0,0
Megf8,4,5,7,21,15,6
4732471J01Rik,1,0,1,2,4,1
Lipe,24,13,27,53,55,25
Ceacam1,28,14,57,74,87,31
Ceacam2,2,1,4,6,4,1
Erich4,0,0,0,0,7,0
Atp5sl,8,8,6,26,39,6
B3gnt8,2,1,0,2,6,1
Bckdha,14,6,13,23,39,7
Exosc5,10,11,13,31,38,6
Tmem91,0,0,0,0,5,0
B9d2,5,7,4,13,21,7
Tgfb1,38,44,69,124,178,61
Ccdc97,2,4,11,25,21,5
Hnrnpul1,19,27,42,57,99,17
Axl,4,13,12,21,62,6
Cyp2b10,0,1,0,0,0,0
Egln2,23,23,27,68,114,28
Rab4b,1,14,7,15,13,8
Snrpa,14,14,19,57,62,21
BC024978,0,3,4,2,10,1
Itpkc,4,2,5,5,12,2
Adck4,3,5,5,8,10,3
Numbl,3,1,5,10,15,0
Ltbp4,216,107,351,230,631,38
Shkbp1,5,5,10,17,27,7
Sptbn4,0,0,0,2,1,0
Blvrb,27,48,42,125,136,33
Sertad3,8,9,16,36,54,10
Sertad1,54,43,93,212,281,68
Prx,0,0,4,1,0,0
Gm15541,0,0,1,1,4,0
Hipk4,0,0,0,0,1,0
Pld3,12,8,20,29,47,17
2310022A10Rik,4,2,3,5,13,1
Akt2,9,8,16,19,28,8
Ttc9b,0,0,1,0,0,0
Map3k10,12,5,5,23,35,5
C030039L03Rik,2,0,1,4,0,1
Zfp60,0,2,8,10,17,1
Zfp626,2,2,4,8,8,0
Zfp59,0,1,3,1,3,1
Zfp607,0,0,4,3,8,0
1700049G17Rik,1,0,3,2,2,0
Zfp780b,3,7,8,26,18,5
Zfp850,0,2,3,3,3,0
Psmc4,35,27,47,104,146,51
Fbl,19,18,25,58,81,18
Dyrk1b,5,2,6,4,12,6
Eid2,20,11,21,33,47,6
Eid2b,5,5,11,18,23,3
Dll3,0,0,0,3,0,0
Timm50,11,7,22,48,38,10
Supt5,23,16,32,46,102,17
Rps16,726,894,1163,1882,3148,461
Plekhg2,16,18,26,65,70,5
Zfp36,464,513,769,1080,1580,270
Med29,17,18,35,44,65,12
Paf1,22,18,28,44,84,11
Samd4b,21,28,21,40,68,20
Gmfg,6,23,21,24,69,4
Lrfn1,0,0,0,0,2,0
Pak4,4,7,18,30,35,8
Fbxo27,0,0,0,1,1,1
Fbxo17,2,1,3,4,4,0
Mrps12,21,16,27,56,79,23
Sars2,0,1,1,5,8,3
Nfkbib,8,6,17,18,25,11
Sirt2,32,44,50,79,153,34
Rinl,1,2,6,13,12,1
Hnrnpl,45,37,50,86,149,27
RP23-36D15.6,0,1,0,0,0,0
Ech1,83,60,124,247,229,65
Lgals4,2,2,7,8,11,2
Lgals7,0,0,0,0,1,1
Capn12,0,1,2,1,2,0
Actn4,131,112,179,214,445,87
Eif3k,78,100,138,238,322,64
Map4k1,4,1,2,3,7,4
Ryr1,1,2,2,1,0,0
Rasgrp4,4,3,6,3,10,0
Fam98c,19,21,27,38,62,16
1110035H17Rik,2,1,6,7,16,4
Spred3,0,3,1,7,4,3
Ggn,0,0,0,0,1,0
Psmd8,33,36,79,149,185,47
Kcnk6,2,0,2,6,9,1
Yif1b,29,19,34,90,119,24
2200002D01Rik,2,7,4,18,25,14
Spint2,5,16,14,15,11,3
Ppp1r14a,35,39,60,88,135,18
Dpf1,0,0,0,1,3,0
Sipa1l3,9,14,14,15,28,6
Zfp84,5,4,7,9,18,1
Zfp30,1,5,4,13,17,2
Zfp790,1,1,6,4,6,1
Zfp940,0,0,0,5,7,0
Zfp420,4,1,1,4,8,1
Zfp27,2,4,0,6,5,2
Zfp383,3,0,2,7,9,2
Zfp74,5,7,7,13,20,2
Zfp568,2,0,0,2,6,3
Zfp14,3,3,2,1,4,0
Zfp82,0,0,0,1,0,1
Zfp566,1,0,2,4,12,1
Zfp260,7,8,13,24,43,9
Zfp382,1,0,2,6,1,0
Zfp146,2,0,5,10,11,3
Gm5113,3,2,7,6,7,3
Cox7a1,3,2,4,2,10,0
Capns1,105,101,149,320,481,108
Gm26810,0,0,0,1,1,1
Tbcb,41,51,53,144,138,52
Polr2i,35,32,41,63,110,26
Wdr62,0,0,0,1,4,0
Thap8,1,0,1,4,0,0
Clip3,4,9,8,9,25,6
Alkbh6,7,7,18,27,33,9
Sdhaf1,22,16,34,61,66,11
E130208F15Rik,1,0,0,1,1,0
Lrfn3,1,2,2,1,2,0
Tyrobp,95,55,49,78,180,4
Hcst,1,5,5,3,6,2
Nfkbid,9,14,23,32,63,8
Aplp1,10,110,17,97,183,58
Kirrel2,0,1,0,0,0,0
Arhgap33,3,1,0,1,9,1
Proser3,2,0,0,2,3,1
Hspb6,2,3,2,6,7,2
Lin37,5,4,5,14,22,5
Psenen,53,50,96,123,197,41
U2af1l4,0,2,1,3,6,1
U2af1l4-1,0,0,0,1,0,0
Igflr1,0,0,2,1,0,0
Kmt2b,15,16,15,31,46,5
Zbtb32,0,0,0,1,0,0
Upk1a,1,0,0,0,1,0
Cox6b1,155,146,221,345,575,136
Rbm42,23,37,43,90,104,32
Haus5,4,2,4,8,8,1
Tmem147,27,39,45,89,119,24
Tmem147os,0,0,0,1,5,0
Gm26935,1,1,2,0,3,0
Sbsn,2,0,2,1,6,2
Dmkn,0,2,0,1,2,0
Ffar2,0,0,0,3,1,0
Ffar1,0,1,0,0,5,1
Cd22,2,0,1,4,20,2
Mag,5,44,8,64,127,35
Hamp,0,72,0,1,0,0
Usf2,43,29,64,77,134,29
Gm17077,0,0,0,1,1,0
Gm4673,3,0,8,5,11,0
Lsr,98,77,150,216,270,165
Fam187b,0,0,0,3,3,1
Fxyd5,187,253,322,899,734,501
Fxyd7,1,1,0,8,9,8
Fxyd1,21,10,25,31,57,0
Lgi4,0,0,0,3,2,3
Fxyd3,0,1,0,0,0,0
Scn1b,5,6,2,8,14,5
Gramd1a,13,10,18,22,47,6
G630030J09Rik,0,0,0,0,1,0
Wtip,41,10,39,64,98,11
Uba2,56,27,53,108,124,30
Pdcd2l,10,5,10,13,23,5
Gpi1,68,83,118,188,236,48
Gm26762,0,0,0,1,1,0
Gm12758,5,1,5,5,11,0
4931406P16Rik,103,92,161,203,309,43
Lsm14a,35,29,34,64,113,21
Kctd15,0,0,1,2,1,0
Chst8,0,0,1,3,1,0
Pepd,3,7,8,14,33,6
Cebpg,43,57,57,85,131,43
Cebpa,12,2,11,41,44,1
Slc7a10,0,1,1,6,10,1
Lrp3,0,1,3,2,5,1
Gpatch1,5,7,4,11,18,5
Rhpn2,6,8,11,16,19,4
Faap24,1,3,4,5,7,0
Cep89,0,1,6,7,8,0
Nudt19,6,7,5,18,18,4
B230322F03Rik,2,1,2,3,4,0
Ankrd27,4,2,4,10,16,4
Pdcd5,39,55,66,145,185,37
Dpy19l3,0,1,4,1,6,1
Zfp507,2,0,6,10,20,2
Gm26790,0,0,0,0,1,0
E130304I02Rik,0,0,1,0,0,0
Tshz3,3,2,4,14,17,4
RP23-291B1.2,0,1,0,1,3,2
Zfp536,0,4,0,4,3,0
Uri1,11,19,19,37,70,10
Ccne1,0,0,0,1,0,0
1600014C10Rik,3,2,9,6,16,7
Plekhf1,1,1,1,4,5,1
Pop4,9,5,7,20,36,6
Zfp619,0,0,0,1,3,1
Gm37494,9,11,10,16,40,5
Gm26526,4,2,8,6,11,1
A230077H06Rik,0,1,0,2,0,0
Vstm2b,12,3,13,12,16,3
AI987944,3,8,10,15,17,3
Gm20449,0,0,0,1,0,0
AW146154,2,0,2,10,4,2
2610021A01Rik,3,2,5,4,7,1
Zfp788,6,7,2,14,18,1
Zfp141,2,2,2,3,8,1
Gm7221,0,1,0,0,0,0
9830147E19Rik,3,2,3,8,12,4
Gm5595,1,1,3,5,12,1
Zfp715,6,0,15,12,21,7
Siglecf,0,0,0,0,1,0
Siglecg,3,4,7,11,28,4
Etfb,43,39,78,176,222,41
Vsig10l,0,0,1,2,2,0
Cd33,11,2,7,5,22,0
Zfp658,1,1,2,2,4,1
Zfp719,4,1,5,14,6,3
Siglece,0,1,1,0,1,0
Ctu1,3,2,1,2,0,6
Klk10,0,0,1,0,0,0
Klk8,14,3,7,14,29,0
Klk6,0,3,0,1,3,2
1700028J19Rik,1,1,0,0,1,0
2410002F23Rik,4,6,5,14,29,5
Shank1,0,0,0,0,8,0
Syt3,0,0,0,0,3,0
Lrrc4b,0,3,1,4,5,3
Josd2,13,29,22,31,63,13
RP23-455C13.7,2,0,0,1,2,0
Emc10,53,38,74,96,165,38
Fam71e1,0,0,1,0,2,1
Spib,1,6,3,7,19,3
Pold1,6,4,9,17,27,3
Nr1h2,33,26,38,72,96,19
Napsa,12,36,13,39,73,17
Gm15396,0,0,0,0,1,0
Kcnc3,0,0,1,0,0,0
Myh14,1,2,1,1,2,0
Zfp473,0,0,0,2,0,0
Vrk3,9,9,16,28,53,13
Atf5,14,14,26,40,40,14
Nup62,5,3,6,15,19,5
Il4i1,1,0,4,3,3,0
Tbc1d17,13,15,17,32,59,18
Akt1s1,12,11,10,33,40,7
Pnkp,11,8,18,27,39,13
Ptov1,23,15,36,72,76,26
Med25,17,10,21,31,55,12
Fuz,10,8,8,16,16,5
Ap2a1,16,23,24,48,91,20
Tsks,0,0,1,0,1,0
Cpt1c,4,1,1,2,5,1
RP24-308M10.2,0,0,1,1,0,0
Prmt1,30,29,40,77,126,31
Gm15545,1,0,3,1,4,0
Bcl2l12,6,11,12,26,32,7
Irf3,24,20,30,40,74,11
Scaf1,9,13,17,29,35,11
Rras,109,136,157,272,423,87
Prr12,12,2,11,11,44,4
Prrg2,10,3,21,47,42,9
Nosip,12,10,11,48,58,22
Rcn3,15,14,21,44,73,15
Fcgrt,154,62,210,414,595,105
Rps11,460,736,657,1258,2019,455
Rpl13a,772,660,1104,1724,2758,431
Flt3l,6,4,5,14,16,4
Aldh16a1,1,0,5,6,7,3
Pih1d1,16,13,15,42,43,14
Dkkl1,0,1,0,0,0,0
Tead2,15,1,15,37,26,8
Cd37,21,8,20,30,81,9
Trpm4,2,2,7,10,13,3
Hrc,1,1,4,1,10,0
Ppfia3,1,0,0,0,2,0
Lin7b,0,0,1,0,0,0
Snrnp70,33,29,40,78,167,24
Ruvbl2,7,9,14,26,35,9
Gys1,1,2,0,3,4,2
Ftl1,548,806,909,1929,2574,641
Bax,46,39,64,130,162,38
Dhdh,1,0,2,0,6,0
Nucb1,39,49,65,110,143,31
Ppp1r15a,90,91,79,190,303,68
Plekha4,0,0,0,0,1,0
Hsd17b14,0,0,1,0,0,0
Bcat2,4,5,5,13,22,5
Izumo1,1,0,0,0,0,0
Rasip1,105,95,130,244,307,119
Mamstr,1,1,3,10,16,3
Fut2,0,1,1,1,0,1
Car11,0,3,1,2,5,1
Dbp,6,17,14,185,407,1
Sphk2,9,3,12,13,20,3
Rpl18,375,531,646,1123,1670,295
Fam83e,1,0,0,0,0,0
Lmtk3,1,0,0,0,0,0
Cyth2,16,18,24,52,76,22
Kcnj14,0,0,0,0,2,0
Grwd1,1,1,6,5,11,4
Kdelr1,32,47,73,110,142,47
Tmem143,2,2,3,6,8,0
Emp3,14,14,21,44,91,16
Ccdc114,0,0,0,2,0,0
Abcc6,7,6,2,7,8,3
Nomo1,47,28,32,66,82,23
Abcc8,0,0,0,0,2,0
Sergef,2,1,6,5,9,3
Saal1,4,1,0,16,14,7
Saa1,4,1,1,5,6,2
Saa2,3,1,1,4,10,1
Hps5,7,5,4,12,12,2
Gtf2h1,11,7,12,19,40,4
Ldha,118,224,226,340,413,197
Tsg101,28,27,34,66,116,24
Uevld,2,0,0,4,3,0
Spty2d1,12,10,16,30,78,15
RP23-218K15.3,4,7,2,11,15,1
Tmem86a,9,2,6,13,34,6
Ptpn5,1,0,0,0,0,0
Mrgpra2a,0,0,1,0,0,0
Zdhhc13,2,1,2,6,6,0
Nav2,22,7,21,18,31,12
RP23-378D16.4,1,0,1,0,0,0
RP23-378D16.5,0,0,1,0,0,0
Htatip2,7,4,13,27,30,4
Prmt3,7,2,3,10,12,2
Fancf,3,2,3,6,4,2
Gas2,0,1,1,4,3,0
Svip,7,10,15,19,42,10
Luzp2,1,7,1,5,8,0
Siglech,12,7,15,12,53,0
Tubgcp5,10,4,9,13,30,3
Cyfip1,38,43,57,123,186,32
Nipa2,12,12,13,35,62,5
Nipa1,9,6,10,21,24,10
Herc2,21,24,22,52,98,15
Gabrg3,0,0,1,0,0,0
Gabrb3,0,0,0,0,3,0
Atp10a,51,77,85,88,149,28
Ube3a,45,43,56,123,147,36
Gm38393,1,0,0,0,0,0
Snrpn,2,4,9,20,23,5
RP24-274B19.1,0,0,0,1,0,0
RP23-54G8.4,0,0,0,0,2,0
Ndn,1,1,0,10,8,0
Mkrn3,1,0,0,0,1,1
Peg12,0,0,0,0,1,0
Otud7a,0,1,1,1,2,0
Klf13,108,123,150,125,338,75
Mtmr10,8,5,8,24,40,7
Fan1,2,1,3,2,4,0
Mphosph10,10,19,17,31,71,6
Mcee,25,18,39,51,73,14
Apba2,0,0,0,3,3,0
Fam189a1,0,1,0,1,0,0
Ndnl2,19,19,26,42,64,13
Tjp1,135,150,189,335,432,69
Tarsl2,1,4,0,4,16,2
Tm2d3,24,17,44,49,77,9
Pcsk6,0,4,0,1,2,0
Snrpa1,14,15,22,47,84,14
Vimp,31,36,34,84,111,51
Chsy1,8,4,14,12,16,2
Lrrk1,15,12,30,48,72,17
RP23-49I18.5,3,0,1,2,3,0
Aldh1a3,1,0,5,12,12,2
Asb7,2,1,11,12,17,4
Lins1,1,0,4,3,2,1
1700112J16Rik,0,0,0,1,0,0
Lysmd4,2,3,4,3,9,2
Mef2a,82,82,102,159,273,41
Lrrc28,1,0,3,11,12,2
Ttc23,4,5,6,12,19,2
Synm,64,79,125,163,252,59
4833412C05Rik,0,0,0,0,1,0
RP24-78M9.5,0,0,0,0,1,0
Igf1r,388,382,541,581,1078,150
Pgpep1l,0,0,0,1,0,0
Fam169b,1,1,1,1,4,1
Gm16158,0,1,0,0,0,0
Arrdc4,2,1,3,3,5,0
RP24-286L23.3,0,0,1,0,0,0
Nr2f2,43,64,61,149,161,22
RP23-449M8.6,0,0,0,0,1,0
RP24-362L9.2,1,0,0,0,0,0
Gm29328,0,0,0,0,1,0
Gm29295,0,0,0,0,1,0
Mctp2,0,0,0,1,0,2
RP24-136L4.4,0,0,0,0,1,0
RP24-136L4.6,1,0,1,3,10,0
A730056A06Rik,1,0,0,1,3,0
Rgma,6,5,9,20,27,7
Chd2,33,28,39,57,104,16
Fam174b,0,0,1,0,1,0
St8sia2,0,0,1,0,0,0
Slco3a1,8,8,16,19,48,10
RP23-268E17.1,0,0,0,0,1,0
Akap13,68,67,97,122,231,50
AU020206,8,8,12,15,43,3
Klhl25,4,2,8,8,15,1
Agbl1,0,0,0,1,0,0
Ntrk3,3,2,4,2,1,0
Gm9885,0,0,0,1,0,0
Mrpl46,11,8,18,25,41,10
Mrps11,11,9,16,21,35,12
Det1,4,3,5,6,7,3
Aen,5,4,10,22,24,9
Isg20,4,56,9,29,52,17
Acan,0,0,0,0,2,0
Hapln3,2,3,4,1,6,1
Mfge8,89,55,181,215,368,38
Abhd2,146,124,174,210,445,67
Rlbp1,1,0,1,0,2,0
Fanci,0,0,0,1,1,0
Polg,11,16,19,32,43,17
AI854517,0,1,0,2,2,0
RP23-207N5.4,0,0,0,1,0,0
Ticrr,0,0,0,0,2,0
Kif7,1,1,0,1,1,0
Pex11a,0,0,1,5,5,2
Anpep,3,11,3,14,21,4
Ap3s2,4,4,9,12,22,7
Arpin,7,5,8,13,17,10
Zfp710,5,2,2,6,11,2
Idh2,25,9,18,55,85,12
Sema4b,2,0,1,1,4,0
Cib1,19,19,23,63,76,10
Gdpgp1,1,2,3,6,6,1
Ttll13,0,1,0,1,0,0
Ngrn,9,6,13,45,57,8
Vps33b,8,3,7,7,10,4
Rccd1,0,4,7,5,20,1
Prc1,0,0,0,0,2,0
6330403N20Rik,1,0,0,0,1,0
Unc45a,21,12,32,42,53,12
Hddc3,2,2,3,10,23,3
Man2a2,7,5,8,21,29,6
Fes,9,6,10,24,28,13
Furin,18,30,32,57,80,36
RP23-137A24.6,0,0,0,0,1,0
Blm,1,0,2,5,4,0
Crtc3,19,19,26,44,75,14
Gm15880,0,0,0,0,2,0
Iqgap1,121,120,161,277,379,99
Zscan2,4,1,2,4,6,3
Wdr73,4,1,3,8,13,2
Nmb,1,0,2,2,6,0
Sec11a,35,38,67,112,136,35
Zfp592,3,6,16,22,45,5
Alpk3,0,0,0,1,0,0
Pde8a,39,30,47,64,84,18
Rps17,290,304,391,564,1071,156
Cpeb1,1,1,0,5,4,0
Ap3b2,0,2,1,2,4,0
2900076A07Rik,4,1,0,5,10,2
Whamm,6,8,10,24,34,5
Fam103a1,40,37,46,78,149,27
3110040N11Rik,4,4,7,10,16,5
Btbd1,18,23,29,64,91,19
Tm6sf1,30,20,38,72,88,12
Hdgfrp3,8,11,21,38,39,15
Sh3gl3,1,5,1,2,4,3
Saxo2,0,1,0,2,1,0
Eftud1,3,3,9,12,28,7
Mex3b,3,1,3,11,14,3
Gm16638,2,0,5,7,9,0
Stard5,6,10,5,10,16,2
Il16,5,2,4,6,16,2
Mesdc1,16,15,23,35,53,17
Mesdc2,18,18,21,49,70,13
Cemip,0,0,0,2,3,0
Abhd17c,4,4,7,9,15,10
Arnt2,0,2,0,4,11,3
Gm2115,0,0,0,1,0,2
Fah,3,5,3,8,13,8
Zfand6,42,54,83,135,170,39
Folh1,0,0,0,2,1,0
Nox4,0,0,1,0,0,0
Grm5,0,0,0,0,3,0
Ctsc,39,43,48,107,136,30
Gm26522,5,4,3,8,17,1
RP24-330M21.1,0,3,0,3,0,1
Tmem135,7,10,11,23,28,9
Fzd4,72,59,80,72,189,23
Prss23,51,19,93,53,140,58
A230065N10Rik,1,0,0,1,2,0
Me3,5,1,8,7,11,2
Ccdc81,0,0,0,0,1,0
l7Rn6,16,26,28,50,64,23
Eed,7,14,10,31,53,11
Picalm,77,102,114,134,276,49
Sytl2,2,2,1,9,7,2
Ccdc89,0,0,1,2,0,0
Crebzf,15,21,29,46,48,7
Tmem126a,18,11,9,45,42,12
Tmem126b,10,11,18,21,27,9
RP24-267C3.3,0,0,0,0,1,0
Dlg2,0,1,0,3,0,0
Ccdc90b,8,8,22,30,24,8
Ankrd42,1,1,0,2,3,0
Gm26944,0,1,0,0,2,0
Pcf11,26,27,29,71,99,18
Gm26981,1,0,0,1,2,0
Rab30,4,4,3,7,3,2
Ddias,0,0,2,1,0,0
Prcp,13,24,19,60,58,19
Fam181b,18,5,21,43,41,8
Tenm4,0,1,2,1,0,0
Nars2,2,2,5,7,5,2
Gab2,1,8,6,13,27,4
Usp35,1,2,4,6,6,0
Kctd21,4,1,0,3,2,0
Alg8,4,1,0,0,4,3
Ndufc2,73,77,134,194,289,63
Thrsp,7,3,8,9,22,1
Kctd14,0,0,0,0,3,0
Ints4,6,1,8,7,17,7
Aamdc,23,21,25,59,93,13
Rsf1,31,26,33,48,74,7
Rsf1os1,0,0,1,0,1,0
Clns1a,24,17,21,67,69,17
Aqp11,38,36,61,128,167,52
Pak1,4,15,2,8,18,2
Myo7a,0,1,0,0,4,1
Capn5,0,1,2,0,2,0
Acer3,8,9,9,14,24,5
Gucy2d,0,0,1,0,1,0
Lrrc32,8,13,16,23,39,39
Emsy,19,19,25,49,80,19
Prkrir,14,16,20,52,61,14
RP23-331A21.6,0,0,0,0,1,0
Wnt11,0,1,0,1,1,1
Uvrag,12,10,14,46,54,8
RP23-16L19.5,1,0,0,0,0,0
Dgat2,0,0,0,2,2,0
Mogat2,0,0,1,0,0,0
Map6,1,1,0,3,13,3
Serpinh1,78,103,122,220,239,179
Gdpd5,11,7,22,16,17,6
Rps3,578,669,868,1487,2184,373
Arrb1,5,8,7,12,22,5
Tpbgl,1,1,2,5,10,2
Gm10605,0,2,0,1,4,0
Slco2b1,53,55,60,108,142,48
Gm15635,0,1,1,0,1,0
Olfr520,0,0,1,0,0,0
Neu3,2,1,2,6,1,1
Spcs2,79,94,99,232,256,80
Rnf169,6,2,7,16,22,5
Pold3,7,2,13,14,24,6
Lipt2,2,0,7,0,7,1
Pgm2l1,9,20,9,25,36,26
P4ha3,0,0,1,1,1,0
Ppme1,10,15,22,35,44,13
C2cd3,6,8,9,11,31,6
Gm10603,0,0,0,1,0,0
Ucp2,107,137,145,234,391,199
Dnajb13,0,0,0,0,1,0
Coa4,3,4,6,15,11,0
Mrpl48,16,21,34,51,88,30
Rab6a,55,62,77,104,196,47
Plekhb1,6,13,2,20,38,22
RP23-299D2.2,1,0,0,0,0,0
Fam168a,16,20,20,37,56,11
Relt,1,1,1,4,3,1
Arhgef17,12,14,12,23,51,4
P2ry6,1,3,6,3,5,0
P2ry2,1,1,1,3,1,2
Fchsd2,18,14,32,47,89,17
Atg16l2,5,0,16,7,13,6
Stard10,12,16,21,34,52,3
Arap1,4,5,8,9,21,2
Pde2a,45,63,86,115,152,34
Clpb,2,11,13,25,30,9
Inppl1,9,10,19,19,35,5
Folr2,1,0,0,0,0,0
Folr1,0,0,5,1,0,0
Anapc15,6,2,4,19,30,4
Lamtor1,47,37,57,97,131,38
Lrrc51,1,0,2,4,2,1
Numa1,21,28,33,69,72,12
Il18bp,4,1,3,8,9,5
Rnf121,4,7,13,23,27,7
Xndc1,4,2,5,7,17,4
Xntrpc,1,0,0,1,2,0
Nup98,8,6,8,4,17,1
Pgap2,4,7,12,16,25,9
Rhog,17,32,26,36,72,22
Stim1,2,4,12,7,28,2
Rrm1,6,2,8,23,23,4
Trim21,1,1,8,11,14,4
Trim68,3,1,0,6,2,3
Olfr558,3,2,0,5,4,0
Olfr78,0,0,0,1,1,0
Hbb-bt,177,14525,14,3879,11465,768
Hbb-bs,3839,60558,93,19631,59219,6490
Hbb-y,0,5,8,1,3,6
Olfm5,8,0,0,0,8,0
Trim6,2,4,3,1,5,0
Trim34a,12,12,22,18,44,9
Trim5,3,9,7,6,25,1
Trim12a,26,12,20,36,98,15
Gm15133,0,0,0,1,1,0
Trim12c,9,7,27,21,56,14
Trim30b,2,1,4,3,6,3
Trim30a,20,18,26,52,71,18
Trim30d,2,3,0,8,3,4
Fam160a2,7,10,8,17,26,0
Prkcdbp,42,70,64,185,184,71
Smpd1,21,21,18,55,69,20
Apbb1,4,6,3,22,36,7
Hpx,0,0,0,0,1,0
Trim3,7,2,7,26,31,8
Arfip2,9,10,17,20,25,6
Timm10b,47,39,61,116,207,33
Dnhd1,0,0,0,3,3,2
Rrp8,8,11,13,25,29,7
Ilk,40,39,48,77,156,25
Taf10,52,59,82,178,200,49
Tpp1,37,33,41,80,120,19
Dchs1,3,3,3,14,11,3
Mrpl17,28,23,38,59,82,27
Gm4070,2,4,7,2,4,0
Gvin1,1,1,6,6,8,0
Syt9,0,0,0,0,0,1
Olfml1,0,0,0,1,4,1
Ppfibp2,2,5,4,12,25,7
Nlrp10,1,0,0,0,0,0
Eif3f,137,154,240,364,517,96
Tub,0,6,0,6,16,1
Gm26599,0,0,1,0,2,0
Ric3,2,2,4,2,14,2
Lmo1,4,8,4,21,11,4
Stk33,0,0,1,0,3,0
1700095J03Rik,0,0,0,3,1,0
Rpl27a,982,1055,1461,1995,3559,520
St5,23,8,25,41,44,1
Akip1,11,4,9,19,29,8
BC051019,4,0,5,2,0,0
Ascl3,0,0,0,1,0,0
Tmem9b,24,25,40,50,90,23
Nrip3,0,1,0,0,1,0
Scube2,3,9,5,2,19,0
Dennd5a,34,44,62,96,134,18
Tmem41b,9,12,16,44,44,14
1600010M07Rik,0,0,0,1,0,0
Ipo7,15,12,29,31,51,10
AA474408,0,1,0,2,4,0
Zfp143,2,5,2,13,16,4
Wee1,3,0,5,4,12,1
Swap70,33,24,59,68,95,47
Sbf2,29,11,32,45,71,18
Adm,22,52,40,42,81,9
Ampd3,3,6,9,11,21,1
Rnf141,5,15,11,30,29,11
Lyve1,1,1,0,3,3,0
Mrvi1,18,8,8,10,22,1
Ctr9,5,11,21,18,39,9
Eif4g2,115,145,194,294,460,125
Galnt18,4,6,9,14,23,9
Usp47,19,18,17,50,70,9
Dkk3,1,0,3,6,1,1
Mical2,6,2,3,6,2,0
Parva,11,7,11,25,32,8
Tead1,14,26,25,27,42,4
Arntl,10,6,11,3,9,7
Btbd10,9,7,17,24,34,11
Far1,15,17,15,25,64,9
Spon1,3,0,1,3,6,0
Rras2,8,11,10,21,39,15
Copb1,37,24,37,85,106,17
Psma1,44,46,86,138,185,43
4933406I18Rik,0,1,1,0,0,0
Pde3b,6,1,8,7,17,1
Cyp2r1,1,2,1,1,0,2
Insc,0,4,1,5,5,3
RP23-477O13.1,0,0,1,0,1,0
Sox6,4,2,0,0,4,0
Sox6os,0,0,0,1,0,0
1110004F10Rik,35,36,62,124,204,40
Plekha7,0,1,1,2,1,0
Rps13,489,582,706,1084,2002,318
RP23-335G1.1,0,1,2,5,9,0
Pik3c2a,31,33,45,70,90,14
Nucb2,5,12,8,25,42,14
RP24-143K11.1,0,0,1,0,1,0
RP24-143K11.2,1,3,1,2,0,0
Xylt1,1,0,2,3,8,1
Rps15a,617,764,920,1268,2622,413
Arl6ip1,68,81,112,166,270,65
Smg1,21,17,18,27,59,8
Syt17,0,0,0,0,1,0
Itpripl2,33,24,37,57,95,26
Coq7,16,9,12,25,24,9
Tmc7,16,19,32,11,31,6
RP24-185P7.1,0,1,0,1,3,0
Gde1,34,35,72,108,128,31
Ccp110,10,12,13,24,41,6
9030624J02Rik,14,16,8,30,40,8
Knop1,25,14,35,49,120,19
Iqck,0,0,1,1,1,0
RP23-446E13.1,0,0,0,0,1,1
Gprc5b,6,9,7,17,25,7
Thumpd1,13,6,14,17,19,9
Acsm3,0,0,0,0,1,0
Eri2,0,0,0,3,5,0
2610020H08Rik,0,1,0,3,5,0
Dcun1d3,19,24,42,55,76,15
Lyrm1,14,12,15,25,32,3
Dnah3,0,0,1,0,0,0
Tmem159,16,13,27,42,56,6
Crym,1,0,0,0,0,0
Abca14,0,0,1,1,0,0
Uqcrc2,56,47,78,141,182,41
9030407P20Rik,0,0,0,1,3,0
BC030336,19,19,42,53,78,12
Vwa3a,2,0,6,2,9,1
Eef2k,9,10,17,32,44,6
Polr3e,5,15,6,21,24,5
Cdr2,0,7,3,4,14,3
4933427G17Rik,0,0,0,0,2,0
Mettl9,33,25,53,82,95,25
Igsf6,3,1,2,1,1,0
Usp31,2,8,8,7,18,7
Cog7,16,10,20,42,68,10
Gga2,8,1,8,10,26,4
Ears2,1,2,4,4,6,2
Ubfd1,11,14,25,27,31,15
Ndufab1,66,53,83,161,201,48
Palb2,0,1,0,0,2,2
Dctn5,15,10,19,17,33,13
Gm15489,0,0,0,0,1,0
Plk1,0,0,1,2,0,0
Chp2,3,0,5,4,5,0
Prkcb,7,7,21,22,64,4
Rbbp6,59,42,63,138,214,29
Tnrc6a,36,35,53,70,169,28
Slc5a11,0,0,0,0,1,0
Arhgap17,41,22,57,79,130,10
Lcmt1,11,9,17,28,52,8
Zkscan2,0,2,0,2,6,0
Gm27040,0,0,0,0,1,0
Kdm8,0,0,1,4,3,1
Nsmce1,24,49,37,121,107,42
Il4ra,5,24,10,30,35,14
Il21r,5,4,5,5,14,0
Gtf3c1,11,9,9,26,54,9
D430042O09Rik,7,2,17,33,27,4
Gsg1l,1,0,0,0,0,0
Xpo6,14,6,19,21,45,7
Sbk1,2,1,4,4,13,3
Lat,2,0,2,1,1,1
Spns1,8,8,8,27,30,6
Nfatc2ip,7,4,4,4,10,2
Cd19,4,1,9,15,45,6
Rabep2,4,2,12,26,36,4
Atp2a1,0,0,0,0,1,0
Sh2b1,8,11,13,17,29,6
Tufm,9,3,12,21,23,12
Atxn2l,23,33,43,58,101,18
Eif3c,49,55,76,135,211,61
Cln3,3,7,8,11,19,3
Apobr,1,1,2,2,2,0
Il27,0,0,0,0,3,0
Nupr1,10,15,24,31,67,5
2510046G10Rik,9,2,15,18,18,3
Sgf29,11,5,18,23,29,11
Sult1a1,18,40,30,22,69,7
Slx1b,7,2,9,13,26,2
Bola2,41,48,36,70,124,28
Coro1a,30,44,51,63,188,18
Mapk3,74,47,115,172,294,58
Gdpd3,1,0,0,4,2,3
Ypel3,47,66,91,144,249,26
Tbx6,0,0,2,2,5,0
Ppp4c,25,32,29,56,96,29
Aldoa,189,219,291,373,656,219
Fam57b,1,4,2,11,32,4
Ino80e,9,11,10,33,42,7
Hirip3,6,5,14,18,29,9
Taok2,10,17,24,25,87,15
Tmem219,12,23,10,42,45,5
Kctd13,4,25,12,32,33,23
Asphd1,1,0,1,0,1,0
Sez6l2,3,27,5,23,55,19
D830044I16Rik,0,0,0,0,2,1
Cdipt,17,22,33,51,117,21
Mvp,17,13,28,53,76,29
Pagr1a,2,0,0,2,8,2
Prrt2,0,0,0,0,1,0
Maz,14,13,33,32,73,18
Kif22,0,0,0,2,3,0
RP23-142A14.9,0,0,0,1,0,0
AI467606,25,19,27,51,86,20
Spn,3,2,0,0,0,0
Cd2bp2,11,12,16,24,33,8
Tbc1d10b,15,9,14,23,40,12
Mylpf,7,8,16,36,31,5
Sept1,2,10,11,17,38,3
Zfp553,3,3,11,8,17,3
Zfp771,22,26,42,54,85,14
Dctpp1,12,9,14,40,37,9
Sephs2,6,4,9,17,27,1
Itgal,1,3,1,2,3,0
Zfp768,5,6,7,18,17,5
Zfp747,2,2,4,10,17,1
9130019O22Rik,2,2,0,3,7,2
E430018J23Rik,2,0,2,3,5,2
Zfp764,0,2,3,6,8,5
Zfp688,3,2,2,9,10,0
RP23-4H17.3,0,1,2,3,3,0
Zfp689,0,0,1,1,5,0
Prr14,14,11,24,49,68,9
Fbrs,8,11,21,30,32,7
1700008J07Rik,2,0,5,9,15,1
Srcap,2,6,7,9,19,4
Gm42715,1,2,1,2,12,3
Phkg2,4,10,8,17,24,8
Ccdc189,0,1,0,3,1,1
Rnf40,5,5,8,16,25,5
Zfp629,2,2,5,8,16,1
Bcl7c,24,43,39,108,128,32
RP23-430B14.2,1,0,0,3,1,0
Fbxl19,2,0,1,6,9,1
Orai3,5,13,13,38,52,9
Setd1a,12,7,5,11,27,4
Hsd3b7,0,0,1,1,1,1
Stx1b,0,2,0,1,1,2
Stx4a,40,29,31,97,141,21
Zfp668,1,0,3,4,1,1
Zfp646,5,8,22,24,26,2
Prss53,0,0,1,0,3,0
Vkorc1,14,22,30,52,71,21
Bckdk,11,15,18,37,36,9
Kat8,8,12,10,21,26,7
Prss36,0,1,0,2,2,0
Fus,113,88,162,311,531,67
Gm26690,1,1,2,1,1,0
Pycard,11,15,10,32,30,4
Itgam,13,4,5,21,26,0
Itgam-1,0,0,0,1,0,0
Itgax,0,2,0,0,1,0
Itgad,0,2,0,1,1,2
Cox6a2,0,0,0,1,1,0
9130023H24Rik,3,1,4,3,1,1
Armc5,2,7,5,21,35,2
Tgfb1i1,25,11,26,50,74,22
BC017158,4,0,2,6,10,2
Rgs10,53,68,56,72,142,5
Tial1,29,20,39,56,95,21
Bag3,15,22,21,44,54,12
Inpp5f,23,21,32,52,85,12
Mcmbp,22,18,34,63,98,10
Sec23ip,6,13,17,23,30,7
Wdr11,5,9,13,20,28,7
Fgfr2,2,5,3,7,13,1
Ate1,14,17,29,43,60,11
RP23-182F18.2,0,0,0,0,1,1
Gm4275,0,0,0,0,2,1
Nsmce4a,37,34,66,101,138,29
Tacc2,11,5,11,21,37,8
Gm5602,0,0,0,0,0,3
Plekha1,20,16,22,33,58,13
Htra1,18,15,30,38,47,4
2310057M21Rik,6,5,4,17,18,6
Pstk,5,10,14,33,50,6
RP23-78N8.4,0,1,0,1,3,0
Ikzf5,24,6,15,34,57,12
Acadsb,7,13,10,26,38,8
Bub3,35,38,72,106,176,40
Cpxm2,4,0,0,3,3,0
Chst15,6,5,5,13,9,0
RP23-218E6.4,0,0,0,0,1,0
RP23-152P20.3,0,1,0,0,0,0
Oat,31,24,32,82,91,17
Lhpp,1,0,1,4,8,0
Fam53b,8,2,9,16,38,3
Mettl10,7,12,18,26,26,7
Fam175b,8,7,16,23,28,4
1500002F19Rik,0,1,0,0,0,0
Zranb1,28,29,36,69,103,18
Gm15718,0,0,0,1,1,0
Ctbp2,29,31,39,56,92,21
Edrf1,4,4,2,8,10,0
Uros,6,1,4,9,15,2
Bccip,20,17,36,51,92,21
Dhx32,7,8,11,17,31,6
Fank1,0,0,0,0,1,0
Adam12,0,0,0,0,2,0
D7Ertd443e,0,1,0,0,4,1
RP23-44H21.1,0,2,0,1,0,0
Dock1,24,21,34,63,71,16
Nps,0,0,0,0,1,0
Ptpre,3,7,6,13,11,6
5830432E09Rik,0,0,0,0,1,0
Mki67,0,0,0,1,0,0
Mgmt,7,6,4,15,15,7
Ebf3,0,0,0,0,3,0
9430038I01Rik,5,6,14,23,30,9
Glrx3,33,32,55,100,120,33
Mapk1ip1,11,8,19,16,30,3
Ppp2r2d,37,28,64,62,97,16
Bnip3,28,43,37,28,89,13
Jakmip3,1,1,0,1,4,2
Dpysl4,0,0,1,0,1,0
Stk32c,1,0,0,0,4,0
Lrrc27,0,0,0,0,1,0
Pwwp2b,15,9,17,22,38,7
Inpp5a,23,10,23,36,36,8
Nkx6-2,0,13,0,11,18,7
Adgra1,0,0,0,1,1,0
Kndc1,1,7,2,7,9,8
Adam8,0,0,1,1,1,0
Tubgcp2,6,3,9,26,23,4
Zfp511,10,7,16,35,43,15
Msx3,0,0,2,1,2,0
Caly,1,1,0,5,5,1
Fuom,3,2,8,14,13,3
Echs1,23,24,38,84,85,21
Paox,3,2,5,5,10,3
Mtg1,5,4,8,10,20,2
Cyp2e1,19,1,11,53,7,16
Zfp941,1,0,2,6,1,5
Urah,0,5,0,0,0,0
Scgb1c1,0,0,2,0,1,0
Bet1l,17,12,27,39,63,10
Ric8,19,10,14,34,47,12
Sirt3,2,3,11,5,15,3
Psmd13,32,15,50,101,141,38
Cox8b,0,0,2,0,1,0
Nlrp6,0,1,0,0,0,0
Athl1,3,3,7,10,7,5
Ifitm5,2,1,2,2,2,0
Ifitm2,159,356,254,613,679,270
Ifitm1,11,151,61,120,253,22
Ifitm3,296,570,564,1483,1483,875
Ifitm6,0,4,0,0,0,0
Pkp3,1,0,4,5,14,3
Sigirr,14,17,36,71,80,30
Ptdss2,9,7,11,33,44,6
Rnh1,37,38,61,112,169,55
Hras,34,25,60,90,125,40
Lrrc56,0,0,0,5,3,1
Lmntd2,0,0,0,0,2,0
Rassf7,2,0,2,4,1,1
Phrf1,9,12,20,22,35,4
Irf7,11,22,32,54,60,93
Deaf1,5,8,11,15,22,0
Tmem80,10,3,16,23,48,7
Eps8l2,14,16,16,29,40,11
Taldo1,86,125,140,265,365,89
Pddc1,4,6,11,22,26,3
Cend1,3,2,5,7,8,1
Slc25a22,7,4,4,7,16,3
Rplp2,530,564,619,981,2215,359
Pnpla2,50,51,60,70,124,33
Cracr2b,40,57,56,82,135,27
Cd151,92,93,123,262,321,112
Polr2l,36,28,41,52,202,31
Tspan4,24,35,48,125,229,35
Chid1,3,4,4,13,9,1
Ap2a2,31,31,46,64,106,32
Tollip,13,24,30,34,69,4
Brsk2,0,2,0,2,3,0
Mob2,36,16,42,63,72,21
Dusp8,11,11,16,18,40,19
Ifitm10,4,2,14,10,25,6
Ctsd,229,156,274,421,739,92
Syt8,0,0,0,0,1,0
Tnni2,1,1,0,1,2,0
Lsp1,6,37,19,15,61,6
Tnnt3,0,0,0,0,1,0
Mrpl23,22,29,38,79,111,25
Igf2,4,0,9,32,65,2
Tspan32,1,4,4,2,23,1
Cd81,243,241,404,931,1096,269
Tssc4,12,8,22,40,71,13
Kcnq1,0,1,1,3,7,3
Kcnq1ot1,71,33,58,118,167,19
Cdkn1c,45,24,56,83,189,18
Slc22a18,2,1,3,3,5,1
Nap1l4,29,39,58,85,128,34
Cars,6,7,8,18,24,9
Tnfrsf26,0,1,0,2,0,0
Tnfrsf22,0,2,1,4,3,1
Tnfrsf23,0,4,1,7,9,2
Osbpl5,2,1,2,3,10,1
Mrgpre,5,4,3,14,15,4
Nadsyn1,1,0,5,4,2,3
Dhcr7,6,5,5,8,17,3
Shank2,0,0,1,0,0,0
Cttn,10,29,24,47,88,24
Ppfia1,16,11,19,32,53,6
Fadd,4,3,4,13,15,2
Ano1,6,10,16,19,37,1
RP23-34O23.4,0,0,0,0,2,0
Oraov1,5,6,10,11,19,6
Ccnd1,14,26,32,40,87,30
Tpcn2,0,0,5,6,8,0
Mrgprf,0,0,0,0,2,0
Ppp1r14c,0,0,1,0,0,0
Plekhg1,15,19,20,23,26,13
Mthfd1l,0,1,0,5,12,1
Akap12,96,104,139,107,187,61
Zbtb2,5,9,5,18,23,5
Gm21781,3,1,2,2,5,1
Rmnd1,4,5,5,16,20,2
Armt1,4,6,7,11,15,4
Ccdc170,1,0,0,0,0,0
Esr1,0,0,1,1,2,0
Syne1,71,46,121,129,168,49
Gm10097,0,1,0,0,1,0
Myct1,11,12,25,49,60,8
Fbxo5,2,0,2,8,8,1
Mtrf1l,10,6,13,11,25,5
Rgs17,3,1,1,0,1,0
Ipcef1,0,1,0,1,2,0
Cnksr3,7,2,5,17,18,10
Lrp11,2,0,0,2,1,1
Pcmt1,39,38,59,84,134,49
Nup43,1,3,4,6,5,4
Lats1,6,5,16,15,32,5
Katna1,10,6,21,15,38,8
Ginm1,37,52,59,95,155,34
B430219N15Rik,0,0,0,0,2,0
Ppil4,20,13,23,36,60,9
Zc3h12d,1,0,1,2,4,1
Tab2,17,21,40,64,108,18
Ust,0,1,0,0,2,0
Sash1,41,51,64,68,133,25
Gm26674,0,0,0,0,1,0
Gm9930,0,0,1,0,0,0
Samd5,1,1,3,0,5,1
Stxbp5,8,12,8,17,39,4
Rab32,0,3,1,5,4,0
Shprh,5,5,15,22,40,4
Fbxo30,3,8,15,16,40,3
Epm2a,3,1,0,6,9,1
Gm9797,0,0,0,1,0,0
Utrn,140,76,211,265,398,48
B230208H11Rik,0,0,2,1,3,0
Stx11,1,6,2,10,11,8
Sf3b5,42,45,50,111,152,32
Plagl1,0,2,0,0,2,0
Ltv1,3,4,6,13,33,5
Phactr2,20,27,35,76,87,20
Fuca2,18,9,31,53,64,28
Pex3,19,12,14,24,49,13
Adat2,1,0,0,2,3,2
Aig1,13,29,22,73,53,35
Hivep2,17,13,28,32,70,14
Adgrg6,2,4,15,20,9,0
Vta1,18,14,19,43,56,10
Cited2,70,54,57,130,233,18
Gm20655,4,3,4,10,17,0
Txlnb,3,1,0,2,7,0
Heca,8,4,8,13,15,0
Abracl,29,21,32,52,88,15
Reps1,7,2,7,19,21,2
Ccdc28a,2,1,5,5,14,3
Gm10827,0,0,1,1,2,0
Nhsl1,15,16,24,54,62,4
Hebp2,0,0,1,1,0,0
Perp,11,16,24,50,52,9
Tnfaip3,25,72,26,59,69,12
Ifngr1,36,43,42,72,132,24
Pex7,10,6,8,16,41,7
Map3k5,5,3,7,1,10,1
Map7,10,10,6,12,27,11
4933406P04Rik,0,0,0,1,3,0
Bclaf1,38,38,48,95,121,14
Pde7b,4,3,6,5,10,0
Ahi1,7,5,8,19,23,6
Myb,0,0,0,0,1,0
Hbs1l,5,9,19,19,34,8
Sgk1,99,151,159,192,364,59
E030030I06Rik,5,4,11,14,9,3
Gm26740,6,2,10,8,35,4
Gm26581,0,0,0,0,1,0
Gm10825,0,0,0,1,0,0
Slc2a12,0,2,2,7,5,0
Tbpl1,25,13,22,42,73,15
Eya4,0,1,0,1,0,0
Rps12,756,886,998,1459,2767,495
Slc18b1,2,6,4,8,12,2
Stx7,24,36,45,79,103,28
Moxd1,0,0,0,0,1,0
Ctgf,29,94,86,35,135,7
Enpp1,0,2,0,1,9,0
Enpp3,1,0,0,2,0,0
Med23,3,7,12,14,28,4
Akap7,9,6,11,31,64,6
Epb41l2,26,22,38,55,150,13
L3mbtl3,6,2,8,11,10,2
Arhgap18,6,7,10,17,23,3
Lama2,9,8,9,21,31,1
Ptprk,10,4,13,18,33,9
Themis,0,0,1,0,0,0
Soga3,0,3,0,5,4,1
9330159F19Rik,1,3,0,2,5,0
Echdc1,3,8,7,10,22,5
Rnf146,25,13,23,52,67,16
Cenpw,0,1,1,1,0,0
Trmt11,7,4,5,9,17,7
Hint3,18,14,25,33,55,18
Ncoa7,6,9,12,25,40,11
Hey2,8,5,7,10,16,1
Hddc2,7,8,9,32,40,2
Tpd52l1,18,6,22,48,47,11
Rnf217,6,2,1,9,10,3
Nkain2,1,2,0,3,8,2
Zufsp,6,3,9,6,11,1
Rwdd1,37,43,59,112,177,31
Fam26e,0,0,0,0,10,0
Fam26f,0,0,1,0,2,0
Dse,1,4,2,8,13,4
Tspyl1,22,14,34,50,78,12
Nt5dc1,5,6,9,14,18,5
Gm26564,0,0,0,1,3,0
Tspyl4,0,11,7,11,29,4
Frk,1,0,0,1,5,0
Amd2,0,1,0,2,2,1
Hdac2,23,14,19,48,66,11
Marcks,54,34,72,134,219,11
Lama4,24,11,28,48,65,15
Fam229b,1,2,1,5,6,0
Tube1,0,0,0,0,0,1
Wisp3,0,0,0,0,1,0
Fyn,13,15,17,39,66,15
Gm16365,0,0,0,0,2,0
Traf3ip2,1,0,1,1,5,0
Rev3l,7,10,8,9,28,3
AA474331,0,0,0,3,5,0
Slc16a10,0,0,0,0,1,0
Rpf2,3,1,9,7,18,2
Gtf3c6,10,12,16,30,45,16
Amd1,42,54,73,141,308,49
Cdk19os,1,0,1,0,1,0
Cdk19,34,47,45,71,153,30
Ddo,0,1,0,0,0,0
Mettl24,0,0,0,0,1,0
Cdc40,12,11,22,27,42,11
Wasf1,0,0,0,4,2,0
Fig4,1,3,3,12,8,2
Zbtb24,6,5,5,10,18,2
Mical1,7,5,9,14,36,4
Smpd2,12,7,15,25,26,7
Ppil6,0,0,0,1,1,0
Cd164,37,31,40,78,112,21
Ccdc162,0,0,2,0,0,0
Cep57l1,5,2,1,17,8,2
Sesn1,32,21,39,36,107,13
Armc2,0,0,2,2,1,0
Foxo3,16,19,15,9,27,4
Lace1,4,2,5,12,11,0
Snx3,165,122,247,464,481,155
Nr2e1,0,0,0,2,0,0
Ostm1,7,12,10,19,27,0
Sec63,22,27,38,71,85,27
Gm26860,0,0,0,0,1,0
Scml4,2,0,0,1,5,0
Sobp,5,5,7,12,12,1
9030612E09Rik,0,0,1,0,1,1
Pdss2,1,1,6,10,18,3
Bend3,0,1,0,4,3,0
Gm9803,0,0,1,0,0,0
1700021F05Rik,5,3,7,17,25,5
Cd24a,4,81,9,24,67,10
F930017D23Rik,0,1,0,0,0,0
Qrsl1,2,0,1,6,10,1
Rtn4ip1,1,0,2,2,10,0
Aim1,5,2,10,8,16,5
Atg5,14,17,27,39,38,9
Prdm1,5,7,7,8,7,0
Prep,3,4,9,10,19,3
Hace1,5,2,14,22,14,6
Grik2,0,1,0,1,2,0
Ascc3,6,6,15,23,44,10
Lilr4b,1,0,2,1,0,0
Lilrb4a,8,1,4,2,4,0
Dcbld1,0,2,4,3,6,2
Gopc,9,10,10,21,25,6
Nus1,24,25,27,34,67,27
Slc35f1,2,1,0,1,0,0
Cep85l,2,0,9,7,12,2
Pln,54,24,36,38,17,0
Mcm9,2,0,1,2,7,0
Asf1a,16,14,24,37,67,12
Fam184a,0,1,2,1,6,0
Man1a,25,20,26,27,79,20
Gm16998,0,0,0,1,0,0
Tbc1d32,0,1,4,6,12,1
Msl3l2,1,2,3,13,17,3
Gja1,25,19,21,31,68,12
Gm9956,2,0,0,0,1,0
Hsf2,4,3,3,12,8,3
Serinc1,80,87,104,192,250,50
Pkib,1,7,1,6,16,1
Fabp7,0,0,1,1,1,0
Smpdl3a,58,37,89,131,186,29
Gcc2,19,20,22,43,86,14
Lims1,52,56,69,120,183,33
Ranbp2,26,18,22,44,72,17
Ccdc138,2,0,0,2,3,1
Edar,0,0,1,0,0,0
Sept10,16,16,19,29,44,7
Sowahc,7,8,8,18,29,1
P4ha1,18,27,37,30,48,22
Gm10273,0,0,0,5,2,0
Oit3,0,0,0,0,1,0
Mcu,7,3,3,11,19,2
Micu1,9,9,18,17,38,6
Gm17059,0,0,0,1,0,0
Dnajb12,2,4,11,16,23,9
Ddit4,72,56,69,44,193,33
Anapc16,44,32,65,108,150,24
Ascc1,10,9,16,33,41,8
Spock2,830,551,1223,1166,2916,195
Chst3,0,0,5,4,13,1
Psap,130,115,208,345,467,109
Cdh23,0,2,1,3,2,0
Vsir,16,14,28,44,86,11
Slc29a3,4,2,5,6,22,5
Unc5b,11,10,27,27,88,13
Pcbd1,0,0,1,0,0,0
Sgpl1,4,8,10,11,9,6
Tbata,0,0,0,0,1,0
Adamts14,1,1,0,2,0,0
Pald1,20,16,21,34,53,6
Nodal,4,6,8,31,23,6
Eif4ebp2,10,10,12,26,57,11
Lrrc20,4,1,0,7,4,1
Npffr1,0,0,1,0,0,0
Ppa1,13,11,19,34,42,21
Sar1a,34,37,53,99,143,44
Tysnd1,5,5,11,20,31,2
Aifm2,2,3,6,6,10,2
H2afy2,5,14,14,13,21,9
Col13a1,0,0,0,1,10,0
Gm5424,0,0,0,2,0,0
2010107G23Rik,0,2,0,3,3,0
Tspan15,4,4,7,12,17,2
Hk1,23,12,22,53,76,21
Hk1os,0,2,0,0,0,0
Hkdc1,0,0,0,0,1,0
Supv3l1,4,0,5,10,9,1
4930507D05Rik,0,0,0,0,2,0
Vps26a,14,9,18,33,69,12
Srgn,270,338,426,726,1011,240
Kif1bp,6,10,8,34,43,9
Ddx21,24,19,24,41,93,23
Ddx50,29,28,32,59,84,19
Stox1,5,3,3,11,10,4
Ccar1,25,23,38,45,96,27
Tet1,2,4,2,14,11,1
Slc25a16,6,5,10,14,29,2
Dna2,0,0,0,4,1,0
Rufy2,8,15,5,16,24,2
Hnrnph3,48,48,50,104,151,31
Pbld2,4,0,5,1,4,0
Gm16143,2,1,4,8,10,0
1700120B22Rik,0,0,1,0,1,0
Herc4,11,10,26,21,47,7
Sirt1,9,13,22,37,51,9
Dnajc12,6,3,11,11,9,3
Ctnna3,0,0,1,2,1,0
Lrrtm3,0,1,0,0,1,0
Reep3,103,96,147,203,336,69
Jmjd1c,46,35,77,87,147,23
Nrbf2,11,10,20,29,45,6
Egr2,4,9,8,21,30,4
Ado,10,14,9,25,31,9
Zfp365,1,3,3,5,1,0
Rtkn2,0,0,0,0,1,2
Arid5b,18,32,50,76,98,13
1700040L02Rik,0,0,1,1,1,0
Tmem26,1,0,0,0,1,0
Rhobtb1,17,19,41,72,83,30
A930033H14Rik,6,6,9,23,16,21
Cdk1,0,0,0,1,2,0
Ank3,1,4,1,11,10,5
Ccdc6,10,4,10,9,29,2
Slc16a9,21,21,48,51,53,12
Fam13c,56,42,49,113,120,25
Phyhipl,1,3,0,13,5,1
Bicc1,0,3,1,5,14,2
Tfam,11,10,8,31,72,11
Ube2d1,16,20,15,38,37,13
Cisd1,27,34,33,68,115,29
Ipmk,5,11,13,22,30,8
Zwint,16,17,26,41,70,10
Pcdh15,1,0,1,0,1,0
Gnaz,0,2,0,9,6,2
Rab36,0,3,0,1,3,0
Bcr,22,26,20,52,80,9
Specc1l,16,13,22,30,55,10
Adora2a,2,8,8,20,24,3
Gucd1,1,2,4,12,14,6
Snrpd3,30,27,42,75,122,25
Lrrc75b,0,0,0,3,4,0
Ggt1,10,6,15,32,47,2
Ggt5,9,15,26,41,60,11
Susd2,0,1,0,0,5,0
Cabin1,8,7,15,20,30,9
Ddt,21,22,29,90,99,10
Gstt3,3,1,10,6,18,5
Gstt1,3,7,13,36,37,7
Gstt4,0,0,0,0,1,0
Gstt2,15,9,9,42,44,10
Mif,70,88,85,189,280,69
Smarcb1,14,13,20,49,74,10
Mmp11,2,2,1,4,4,1
Chchd10,9,13,27,49,60,6
Gm867,1,0,0,0,1,0
Vpreb3,0,1,5,13,40,5
Zfp280b,2,3,4,9,8,1
Prmt2,6,4,19,26,19,12
S100b,3,28,0,8,27,15
Dip2a,3,7,9,14,36,15
Pcnt,7,9,16,13,41,6
Ybey,1,1,2,5,8,0
Mcm3ap,3,8,5,16,16,3
Lss,2,2,1,0,7,0
Col6a2,1,0,1,0,3,0
Col6a1,0,0,0,1,0,0
Pcbp3,4,4,4,3,13,3
Slc19a1,19,15,36,63,73,15
Col18a1,5,1,8,5,12,1
Gm10941,0,0,1,1,0,0
Pofut2,13,13,23,27,57,14
Adarb1,5,7,9,8,13,4
Fam207a,6,7,9,21,33,4
Itgb2,7,19,10,17,36,3
Pttg1ip,85,105,116,195,240,58
Sumo3,42,27,76,103,162,29
Ube2g2,20,18,15,33,38,15
Lrrc3,2,4,1,7,13,0
Trpm2,0,0,3,1,6,0
1810043G02Rik,5,6,5,13,19,3
Pfkl,36,41,50,82,97,26
Aire,0,0,0,0,1,0
Icosl,5,11,5,12,15,10
D10Jhu81e,12,6,21,35,42,5
Pwp2,1,6,4,12,7,0
Trappc10,10,8,17,26,53,6
Agpat3,23,14,37,56,87,25
Gm10146,2,0,0,3,3,0
Rrp1,61,49,83,133,179,29
Cstb,48,39,77,95,171,38
Pdxk,64,60,74,74,231,17
Ilvbl,4,8,13,14,26,6
Syde1,4,9,11,19,27,2
Slc1a6,0,0,0,1,0,0
2610008E11Rik,10,2,9,10,9,1
Plpp2,2,4,2,7,2,2
Mier2,1,0,4,4,8,3
Theg,0,0,0,0,1,0
C2cd4c,0,0,0,0,1,0
Shc2,0,0,0,0,3,0
Tpgs1,10,12,17,47,60,13
Cdc34,6,12,15,23,50,7
Gzmm,0,0,0,1,2,1
Bsg,5401,3894,8443,10501,13316,3567
Hcn2,8,8,6,30,28,9
Polrmt,3,2,6,7,6,2
Rnf126,13,9,18,31,43,16
Fstl3,1,0,0,7,11,4
Palm,57,47,79,99,196,25
Misp,1,1,0,0,0,0
Ptbp1,39,34,61,100,164,30
Med16,6,10,9,17,20,8
R3hdm4,12,22,25,42,78,8
Gm26602,1,0,0,0,0,0
Kiss1r,0,0,0,1,0,0
Arid3a,5,7,5,12,11,5
Wdr18,8,6,20,29,34,10
Tmem259,25,27,32,65,88,21
Cnn2,43,68,69,95,186,46
Abca7,3,8,7,20,40,9
Hmha1,14,8,16,19,67,8
Polr2e,45,42,68,138,203,28
Gpx4,206,283,358,546,833,163
Sbno2,3,3,4,8,8,0
Stk11,14,20,23,60,68,18
Cbarp,1,1,2,3,5,0
Atp5d,94,98,113,273,384,92
Midn,48,62,60,125,173,50
Cirbp,21,15,27,103,166,16
1600002K03Rik,1,7,10,2,14,2
Efna2,1,1,1,2,4,2
Mum1,17,10,26,45,75,11
Ndufs7,45,42,79,162,224,44
Gamt,19,21,22,52,61,10
Dazap1,20,29,27,72,88,25
Rps15,479,487,785,1155,1909,298
Apc2,1,1,0,1,5,0
2310011J03Rik,16,14,23,33,52,18
Pcsk4,0,0,0,2,2,0
Reep6,0,1,0,1,1,0
Adamtsl5,2,0,2,1,4,0
Plk5,0,0,0,1,0,0
Mex3d,4,3,2,15,23,2
Mbd3,37,23,46,103,143,45
Uqcr11,152,113,178,280,569,102
Tcf3,23,21,23,48,73,21
Rexo1,11,14,17,22,48,12
Klf16,4,4,5,15,23,13
Gm26710,1,0,0,3,1,1
Abhd17a,50,34,72,142,176,37
Adat3,0,1,1,0,3,2
Scamp4,0,0,0,0,0,1
Csnk1g2,34,39,52,86,160,28
Btbd2,13,8,15,26,47,10
Mknk2,45,37,46,66,124,16
Gm26541,0,1,1,3,3,0
Mob3a,3,4,5,9,12,4
Izumo4,15,9,5,15,29,4
Ap3d1,9,18,13,28,37,8
Dot1l,7,11,11,27,41,3
Plekhj1,17,22,32,52,66,17
Sf3a2,11,15,17,32,38,9
Amh,0,0,0,0,1,1
Jsrp1,0,0,0,0,1,0
Oaz1,263,379,362,879,1145,198
Lsm7,10,9,27,26,63,24
Sppl2b,6,5,8,8,20,4
Timm13,51,45,69,181,233,50
Lmnb2,5,2,7,8,15,15
Gadd45b,76,112,110,159,306,38
Gng7,1,1,5,2,11,1
Diras1,0,1,0,0,1,0
Slc39a3,5,7,7,25,27,10
Sgta,24,16,35,60,91,19
Thop1,2,2,9,7,8,8
Map2k2,35,30,51,83,147,29
Zbtb7a,49,56,59,119,207,48
Pias4,13,10,19,24,40,4
Eef2,230,211,302,497,704,219
Dapk3,13,19,24,37,45,9
Atcayos,3,1,0,3,3,0
Atcay,0,1,0,0,0,0
Zfr2,1,2,1,2,3,1
Matk,2,5,4,4,10,0
Mrpl54,16,21,30,63,76,20
Apba3,7,1,12,13,17,2
Tjp3,0,0,0,0,1,0
Pip5k1c,21,11,28,40,74,17
Cactin,10,8,8,19,39,3
Tbxa2r,8,15,30,35,78,6
Gipc3,2,0,2,3,5,0
Hmg20b,41,35,68,86,174,28
Mfsd12,0,1,4,8,14,7
4930404N11Rik,0,0,0,3,1,0
Fzr1,4,6,11,14,35,4
Dohh,25,13,26,66,58,21
Smim24,2,0,2,5,5,0
Nfic,80,62,92,162,274,71
Gm16104,2,0,3,2,5,1
Celf5,0,0,0,1,1,0
Ncln,7,6,13,17,23,8
S1pr4,12,3,21,28,33,21
Gna15,2,1,6,2,13,2
Gna11,55,42,114,186,260,50
Aes,145,106,206,372,544,121
Tle2,6,1,3,8,13,3
Tle6,0,0,0,0,1,1
BC025920,0,1,0,0,0,0
Sirt6,3,5,3,7,9,2
Ankrd24,4,7,7,8,7,2
Gm10778,0,0,0,1,1,0
Zfp433,3,0,3,6,12,1
Zfp873,0,1,1,0,3,0
AU041133,1,0,4,2,2,1
Zfp938,4,5,5,12,13,2
Gm4924,2,0,0,0,0,0
1190007I07Rik,8,6,9,20,23,5
Tdg,5,5,7,15,33,5
Hcfc2,7,4,8,9,17,2
Nfyb,22,25,23,44,72,17
1700028I16Rik,0,0,0,1,0,0
Txnrd1,7,13,15,27,47,15
Gm4799,0,1,0,0,0,0
Chst11,14,7,23,35,37,1
Slc41a2,0,3,1,0,0,0
D10Wsu102e,2,1,4,11,22,2
Aldh1l2,0,0,1,1,0,0
A230046K03Rik,5,17,17,42,53,15
Appl2,7,6,13,23,32,4
1500009L16Rik,10,2,4,6,21,0
Nuak1,4,4,9,8,28,5
Ckap4,9,14,16,37,68,21
Platr7,0,0,2,0,0,0
Tcp11l2,15,20,26,32,69,5
Gm17249,1,0,4,4,0,0
Polr3b,3,4,6,13,11,1
Rfx4,0,2,0,0,5,0
Ric8b,4,4,6,17,19,6
Fhl4,0,0,0,0,1,1
Tmem263,12,8,17,26,30,11
Mterf2,7,3,2,8,11,3
Cry1,3,10,13,25,38,7
Btbd11,0,1,0,0,1,0
Pwp1,5,4,6,13,19,2
Prdm4,4,1,1,12,16,2
Ascl4,0,0,0,0,1,0
Rtcb,34,24,39,68,100,21
A230060F14Rik,0,0,1,0,0,0
Fbxo7,15,15,13,22,49,12
Syn3,5,3,5,5,20,1
Timp3,204,290,326,323,830,227
1810014B01Rik,0,1,0,0,2,0
Hsp90b1,155,161,203,480,454,206
Ttc41,0,0,0,0,1,0
Fabp3-ps1,0,1,0,1,1,0
Nt5dc3,2,6,2,5,14,2
Ascl1,0,1,0,0,2,0
Igf1,1,0,0,0,0,0
Nup37,3,1,3,8,18,2
Ccdc53,17,16,19,40,35,9
Dram1,0,1,0,3,1,0
Gnptab,2,5,10,14,20,4
Gm26546,0,0,0,1,0,0
Chpt1,12,18,19,48,68,20
Sycp3,0,0,0,1,1,0
Arl1,52,34,83,151,206,40
Utp20,3,1,2,6,18,2
Ano4,3,1,2,3,12,0
Gas2l3,0,0,1,2,4,0
Scyl2,9,4,7,9,30,7
1500026H17Rik,1,2,3,5,5,1
Actr6,11,1,13,19,31,2
Uhrf1bp1l,4,9,3,8,13,1
Anks1b,1,3,2,2,5,0
Apaf1,5,4,6,7,12,2
Ikbip,7,9,10,25,42,6
Slc25a3,129,126,175,334,509,121
Tmpo,39,33,55,98,134,21
Gm26765,1,0,0,0,1,0
Rmst,0,0,1,0,2,0
Nedd1,4,6,8,16,14,11
Cdk17,30,37,48,36,54,28
Elk3,51,64,68,127,209,42
Lta4h,8,10,20,30,60,13
Ccdc38,0,0,0,2,0,0
Snrpf,71,64,85,132,284,59
Ntn4,44,13,16,27,63,6
Metap2,54,62,67,126,189,52
Vezt,7,7,14,22,31,7
Fgd6,6,8,15,22,29,6
Nr2c1,4,4,5,8,11,1
Ndufa12,48,42,74,144,199,47
Tmcc3,36,24,33,48,99,13
Tmcc3os,0,0,1,0,0,0
Cep83os,3,1,1,3,3,1
Cep83,4,5,12,18,32,4
Plxnc1,1,0,1,0,1,1
Cradd,3,4,8,7,17,3
Socs2,41,26,52,65,109,36
5730420D15Rik,2,0,0,0,1,0
Mrpl42,16,24,45,72,96,33
Ube2n,43,39,59,97,117,44
Nudt4,49,27,29,67,83,7
Eea1,26,14,37,44,80,19
Btg1,138,152,208,434,958,71
Dcn,0,13,2,77,69,1
Lum,0,0,0,5,2,0
Atp2b1,57,39,80,135,196,43
Poc1b,6,6,9,13,30,4
Galnt4,3,7,8,11,13,5
Dusp6,33,25,54,63,116,26
Kitl,170,94,231,349,533,79
Tmtc3,5,6,8,5,16,3
Cep290,9,7,3,15,21,3
4930430F08Rik,5,5,7,7,18,2
Mgat4c,0,0,1,0,0,0
Nts,7,3,3,7,19,0
Rassf9,22,7,41,38,51,5
Alx1,2,1,1,0,3,0
Slc6a15,0,0,0,1,0,0
Tmtc2,43,19,66,67,112,20
Mettl25,1,0,0,8,6,1
Ccdc59,48,23,32,75,100,18
Ppfia2,0,0,1,1,1,0
Lin7a,4,10,14,22,31,0
Otogl,1,0,0,0,0,0
Ppp1r12a,55,24,46,60,81,27
Pawr,1,1,3,0,0,0
Syt1,0,1,0,1,0,0
Nav3,0,0,1,2,7,0
E2f7,0,0,1,4,3,4
Csrp2,108,110,206,193,279,66
Zdhhc17,7,11,15,29,33,5
Rpl6l,2,0,3,1,2,1
Osbpl8,8,8,12,33,26,8
Bbs10,0,0,2,3,2,0
Nap1l1,58,67,66,126,201,46
Phlda1,43,32,38,129,175,29
Krr1,15,9,17,23,35,7
Glipr1,1,4,3,1,7,0
Atxn7l3b,76,60,94,167,248,49
Gm26596,0,0,1,0,0,0
Tbc1d15,19,18,22,45,72,11
Rab21,25,18,33,52,66,24
Tmem19,3,7,6,13,19,7
Thap2,9,2,13,19,26,2
Zfc3h1,6,14,12,22,24,8
A930009A15Rik,0,1,0,0,0,0
Ptprr,38,27,65,123,184,39
Ptprb,373,319,540,847,1439,199
Kcnmb4,0,0,0,1,0,0
Cnot2,18,12,28,42,61,12
Rab3ip,6,3,9,18,20,4
Cct2,53,63,75,110,161,56
Frs2,4,6,7,7,11,1
Yeats4,14,25,23,41,89,12
Lyz2,67,75,32,59,65,7
Cpsf6,14,16,21,51,78,19
Cpm,3,15,7,15,35,12
Mdm2,16,16,21,29,54,8
Slc35e3,1,3,4,7,13,2
Nup107,2,3,3,7,8,2
Rap1b,85,117,186,244,275,99
Mdm1,4,1,3,7,11,3
Dyrk2,1,1,4,2,8,0
Cand1,13,21,18,27,33,8
Grip1,2,0,0,0,3,0
Helb,3,2,4,4,11,1
Irak3,6,17,3,16,15,6
Tmbim4,40,42,66,119,183,35
Llph,30,33,47,81,133,30
Msrb3,17,26,32,52,88,16
Lemd3,5,1,8,18,14,2
Tbc1d30,2,3,3,6,13,0
Gns,22,17,21,35,52,10
Rassf3,40,37,74,83,160,33
Tbk1,11,8,21,16,37,8
Xpot,10,16,13,34,38,7
BC048403,1,2,1,2,2,1
Srgap1,9,3,6,23,27,9
Tmem5,17,12,20,48,77,9
Ppm1h,7,5,22,14,19,4
Mon2,13,13,20,29,56,11
Usp15,17,12,9,27,28,5
Slc16a7,0,1,1,0,0,0
Lrig3,1,2,2,5,4,1
Xrcc6bp1,1,1,8,9,8,2
Ctdsp2,54,44,49,116,175,21
Avil,0,0,1,0,0,0
Tsfm,10,9,15,29,51,11
Mettl1,1,1,4,14,22,4
Cyp27b1,0,0,0,0,1,0
March9,4,2,2,10,8,0
Cdk4,14,14,29,61,117,18
Tspan31,21,26,44,55,78,29
Agap2,1,2,1,1,3,1
Os9,23,19,30,60,88,18
B4galnt1,3,6,10,10,22,6
Slc26a10,23,4,9,42,33,13
Arhgef25,9,5,9,22,34,7
Dtx3,20,30,30,64,94,18
Pip4k2c,4,12,12,19,37,5
Kif5a,1,2,0,11,44,1
Dctn2,49,58,70,147,188,39
Mbd6,13,11,16,24,29,12
Ddit3,28,19,31,58,123,21
Mars,7,3,9,23,26,9
Arhgap9,4,0,3,3,9,0
Gli1,0,0,0,2,3,0
R3hdm2,41,32,58,74,105,18
Stac3,0,2,0,1,3,1
Ndufa4l2,38,51,118,217,295,52
Shmt2,1,4,7,6,13,3
Nxph4,1,0,1,4,10,0
Lrp1,10,16,15,49,109,7
Stat6,9,7,23,42,40,6
Nab2,7,8,6,20,29,10
Gm16229,0,0,1,0,0,0
Tmem194,2,3,8,9,14,3
Myo1a,0,0,0,0,1,0
Zbtb39,2,5,5,10,15,6
Gpr182,3,14,4,17,7,15
Rdh16,0,0,0,0,1,0
Prim1,1,3,4,15,8,5
Naca,287,281,407,704,912,200
Ptges3,83,82,93,169,214,66
Atp5b,182,158,232,505,625,158
Baz2a,25,17,39,54,90,12
Rbms2,24,22,35,52,95,8
Gls2,0,0,1,0,0,1
Spryd4,9,3,5,3,14,1
Gm26847,0,0,1,0,5,0
Timeless,9,5,9,16,18,12
Apon,0,0,1,0,0,0
Apof,1,1,0,0,0,0
Stat2,19,9,15,16,29,8
Pan2,3,10,7,9,21,0
Cnpy2,37,24,59,101,108,28
Cs,18,14,16,49,66,13
Coq10a,10,8,11,22,29,7
Ankrd52,1,2,1,3,9,0
Nabp2,13,18,37,45,72,29
Rnf41,13,4,12,22,21,6
Smarcc2,27,29,33,44,95,26
Myl6,670,695,862,1490,2074,552
A430046D13Rik,0,2,2,3,8,3
Esyt1,32,34,52,91,121,43
Zc3h10,9,4,6,9,24,3
Rpl41,1054,1315,1396,1900,5057,962
Pa2g4,27,21,43,91,85,27
Erbb3,0,4,0,6,3,1
Rps26,345,331,453,535,1363,205
Ikzf4,0,1,0,0,1,0
Suox,4,7,2,4,10,2
Rab5b,29,28,25,50,91,14
Cdk2,2,7,3,12,21,3
Dgka,7,9,22,22,26,7
Pym1,2,3,12,14,23,6
Mmp19,0,2,0,0,1,0
Tmem198b,6,5,7,11,17,3
Dnajc14,13,14,17,37,42,8
Ormdl2,9,3,26,34,47,21
Sarnp,44,52,71,122,173,34
Gdf11,2,2,1,2,7,0
Cd63,44,35,71,142,204,16
Rdh5,3,4,9,9,12,2
Bloc1s1,56,38,81,85,217,38
Itga7,5,2,7,3,15,1
Tespa1,1,1,0,0,2,0
Insr,63,66,56,107,126,38
A430078G23Rik,2,0,0,1,7,1
Arhgef18,8,9,8,15,32,7
Pex11g,1,1,3,6,5,2
Zfp358,8,9,25,30,68,12
Mcoln1,5,4,8,15,28,6
Pnpla6,23,19,37,39,70,14
C330021F23Rik,0,0,0,0,2,0
Camsap3,1,0,0,0,0,0
Xab2,12,9,16,24,29,2
Pet100,33,34,35,58,152,23
Stxbp2,0,4,3,3,9,1
Mcemp1,0,0,4,0,0,0
Fcor,0,3,3,1,8,1
RP23-316J6.4,0,0,0,0,1,0
Trappc5,22,21,38,67,76,15
Fcer2a,6,0,9,9,39,8
Cd209a,2,2,0,0,2,1
Cd209b,4,0,0,0,2,0
Cd209c,0,0,1,0,0,0
Evi5l,4,2,1,5,13,4
Map2k7,8,15,13,24,36,6
Tgfbr3l,0,0,1,0,0,0
Snapc2,1,6,12,16,16,0
Ctxn1,1,1,0,5,11,0
Timm44,13,13,11,21,53,8
Elavl1,33,25,50,68,90,36
Ccl25,8,1,10,11,18,0
Cers4,35,20,37,112,183,22
Zfp958,2,4,6,9,7,1
RP23-216D14.4,1,0,0,0,0,0
Efnb2,13,9,19,23,30,7
Arglu1,106,81,101,165,297,50
Fam155a,0,0,0,0,1,1
Lig4,3,2,3,5,8,2
Abhd13,5,7,6,21,19,5
Tnfsf13b,1,0,0,1,1,0
Myo16,0,0,0,1,0,0
RP24-294M17.5,0,0,0,0,1,0
RP23-366O14.5,0,0,0,0,1,0
3930402G23Rik,0,0,0,0,1,0
Irs2,32,9,13,21,52,1
Col4a1,121,92,148,256,305,175
Col4a2,67,70,90,141,182,100
Rab20,8,6,3,13,7,1
E230013L22Rik,0,0,0,1,1,0
Carkd,18,16,26,51,62,11
Cars2,10,4,7,6,12,2
Ing1,38,28,27,120,124,19
Ankrd10,12,9,19,43,46,9
Arhgef7,22,8,17,34,45,13
Sox1,0,1,0,1,0,0
Tubgcp3,5,5,11,14,27,1
Atp11a,16,15,23,34,43,14
Mcf2l,84,58,131,90,214,20
F7,0,0,1,0,0,0
F10,0,5,0,1,1,1
Pcid2,15,6,14,24,23,7
Cul4a,14,18,17,25,55,13
Lamp1,145,158,223,369,566,137
Grtp1,0,1,5,3,6,2
2810030D12Rik,0,0,0,0,1,0
Dcun1d2,4,6,4,12,12,2
Tmco3,8,6,13,17,27,8
Tfdp1,0,0,1,0,2,0
Tmem255b,0,0,2,0,1,0
Gas6,80,48,85,123,197,37
Rasa3,4,8,6,15,32,3
4932443I19Rik,0,0,0,0,1,0
Cdc16,14,12,15,22,49,10
Upf3a,8,12,24,18,44,13
Champ1,4,3,3,13,17,5
Coprs,6,4,5,17,15,2
Fbxo25,3,4,4,13,22,2
Tdrp,48,45,91,92,148,26
Erich1,7,10,13,21,28,5
Gm10699,1,0,1,3,5,0
Cln8,4,8,6,13,23,6
Arhgef10,17,17,20,27,54,7
Kbtbd11,38,55,56,54,80,20
5830468F06Rik,1,4,0,2,0,1
Csmd1,0,0,1,0,0,0
Mcph1,0,2,2,4,5,1
Angpt2,9,13,19,9,23,1
Agpat5,6,11,20,32,42,11
Gm6483,13,16,22,35,52,6
Gm26853,2,4,2,12,11,3
Gm21092,29,23,54,88,115,23
Atp7b,0,0,0,0,1,0
Alg11,9,4,6,13,18,3
Nek5,0,0,0,1,0,0
Nek3,3,3,1,1,7,0
Vps36,34,27,40,86,115,28
Thsd1,29,23,26,55,76,13
Slc25a15,1,3,4,6,8,4
Mrps31,8,7,8,24,32,7
Smim19,10,16,15,30,47,13
Slc20a2,5,3,10,10,11,5
Gm17491,2,2,6,10,5,2
Vdac3,69,39,101,135,166,53
Polb,21,18,26,28,69,9
Gm26909,0,1,1,5,1,1
Ikbkb,17,23,51,60,109,30
Plat,257,203,285,201,257,228
Ap3m2,3,7,6,12,8,1
1700041G16Rik,1,1,1,2,1,1
Kat6a,30,21,29,59,103,11
Ank1,0,1,0,1,1,0
Gpat4,5,13,15,27,26,8
Gins4,11,7,19,24,46,4
Golga7,33,30,43,70,96,29
Zmat4,0,0,0,0,1,0
1810011O10Rik,11,20,50,65,94,14
Adam32,0,0,0,1,0,0
Adam9,11,18,10,15,23,6
Tm2d2,39,33,50,95,114,23
Plekha2,12,11,18,22,56,7
Tacc1,51,104,71,138,212,47
Fgfr1,9,15,9,26,52,7
Letm2,2,5,0,4,10,1
Whsc1l1,26,36,38,84,118,22
Plpp5,7,11,13,20,23,7
Ddhd2,3,9,14,18,30,2
Gm17484,0,1,1,1,0,0
Bag4,8,7,6,14,31,5
Lsm1,11,16,23,41,51,10
Star,0,0,1,1,0,0
Ash2l,13,18,13,21,37,6
Kcnu1,0,1,0,0,0,0
Hgsnat,9,8,16,29,40,11
Pomk,1,0,1,7,2,1
Fnta,29,24,36,75,94,21
Hook3,42,37,58,76,116,25
Rnf170,3,8,9,21,27,7
Thap1,1,1,2,6,17,0
Zfp703,8,17,16,36,45,8
Erlin2,8,8,14,29,28,10
Proscos,0,0,0,0,1,0
Prosc,17,14,24,47,47,15
Adgra2,25,27,49,48,136,29
Brf2,3,0,2,4,12,2
Rab11fip1,31,19,40,40,58,18
Eif4ebp1,22,21,20,42,46,15
Dusp26,0,3,0,5,15,2
Rnf122,2,1,1,5,7,0
Tti2,1,6,3,9,12,2
Mak16,7,5,5,23,41,6
Fut10,1,1,3,4,8,3
Wrn,6,2,9,22,15,4
Purg,3,1,3,10,9,2
5930422O12Rik,0,0,0,0,1,0
Ppp2cb,50,52,73,102,154,45
Ubxn8,7,2,2,8,20,7
Gsr,19,11,29,39,41,13
Gtf2e2,20,9,15,35,49,10
Rbpms,44,53,58,88,133,38
Gm26632,6,4,10,8,14,2
Dctn6,25,28,36,67,81,19
Leprotl1,20,23,30,42,54,11
Saraf,79,51,119,172,239,66
Dusp4,0,0,0,1,4,0
Tnks,2,2,6,7,13,2
Ppp1r3b,1,1,1,2,4,0
Eri1,8,3,5,15,18,3
Gm16793,0,0,0,0,3,0
Mfhas1,33,28,52,85,107,24
D8Ertd82e,1,0,5,5,16,2
Lonrf1,0,4,3,8,13,0
6430573F11Rik,0,0,3,2,9,0
Dlc1,102,97,162,187,304,61
AI429214,0,3,0,0,2,0
Tusc3,6,9,19,26,32,17
Micu3,6,7,8,22,25,5
Zdhhc2,0,1,2,6,6,0
Cnot7,19,14,22,41,61,6
Vps37a,8,16,19,39,69,9
Mtmr7,2,0,2,2,3,0
Slc7a2,3,0,5,11,15,1
Pdgfrl,1,0,0,2,4,0
Mtus1,75,73,122,162,244,45
Gm16192,0,1,1,1,7,1
Pcm1,43,38,61,103,140,36
Asah1,35,33,43,83,108,26
Frg1,25,29,40,47,93,18
Fat1,6,0,5,5,9,2
Cyp4v3,4,6,9,9,16,3
Fam149a,1,3,0,5,5,0
Tlr3,4,7,10,23,21,4
Sorbs2,157,90,182,193,268,48
Pdlim3,10,2,6,6,8,0
1700029J07Rik,3,2,2,4,10,0
Ufsp2,14,13,21,29,56,8
Ankrd37,50,34,58,44,151,26
Lrp2bp,0,0,0,0,1,0
Snx25,5,2,6,4,20,6
Cfap97,6,3,13,21,48,3
Slc25a4,124,115,193,360,517,85
Acsl1,10,9,16,26,52,10
Cenpu,0,1,1,2,0,0
Primpol,3,0,7,6,6,0
Casp3,0,1,0,2,1,0
Irf2,60,36,68,78,163,34
Enpp6,0,2,1,1,3,0
Stox2,12,18,19,42,41,7
4930448N21Rik,1,0,0,1,0,0
Gm10083,1,0,0,1,3,0
Trappc11,10,13,9,20,30,3
Rwdd4a,11,13,9,30,20,12
Ing2,20,19,26,49,56,7
AA386476,1,1,3,3,3,1
Cdkn2aip,14,5,23,47,50,5
E030037K01Rik,0,0,0,2,0,0
Wwc2,36,40,60,86,160,15
Dctd,0,0,0,1,1,0
Tenm3,0,1,0,1,0,0
Aga,9,6,16,30,40,5
Vegfc,7,4,9,30,53,11
Spcs3,22,20,23,39,46,9
Asb5,0,0,0,1,0,0
Wdr17,0,0,0,1,0,0
Gpm6a,2,3,5,29,20,1
Hpgd,11,3,18,20,27,0
Cep44,8,6,9,16,25,5
Fbxo8,11,14,24,30,39,9
Scrg1,1,1,3,10,3,1
Sap30,6,13,11,20,32,6
2500002B13Rik,1,2,0,2,6,0
Hmgb2,64,52,83,156,243,12
Galnt7,13,10,11,19,21,6
Mfap3l,1,4,2,4,4,0
2700029M09Rik,28,18,29,55,80,17
Clcn3,37,27,45,70,83,9
B230317F23Rik,1,0,0,0,1,0
Nek1,10,3,7,10,17,1
Sh3rf1,15,9,13,25,45,6
Cbr4,4,3,3,8,14,2
Palld,18,3,11,2,9,0
Ddx60,6,2,8,8,17,3
Spock3,0,1,2,5,7,6
Tll1,0,0,2,0,0,0
Cpe,48,64,65,126,144,34
Msmo1,17,32,31,40,95,17
Klhl2,21,40,37,49,71,16
Tmem192,4,2,8,19,21,2
March1,1,8,5,9,33,4
Gm15356,1,0,0,0,0,0
Tma16,7,2,6,12,20,2
Npy5r,1,0,0,0,0,0
Npy1r,11,3,5,4,6,0
Naf1,12,7,7,29,36,7
Nat1,0,0,0,0,1,1
Nat2,1,0,4,3,3,0
Psd3,14,11,17,21,54,5
Gm15991,0,0,0,0,0,1
Gm21807,1,0,0,2,0,0
Sh2d4a,0,0,0,0,1,0
Csgalnact1,10,7,11,25,35,8
1700125H03Rik,0,0,0,1,0,0
Ints10,4,0,8,14,32,9
Lpl,3,3,4,3,2,0
Atp6v1b2,25,13,22,35,51,12
Lzts1,3,4,1,12,14,2
Zfp930,1,0,1,3,1,1
D130040H23Rik,0,0,0,1,0,0
Gm10033,0,0,0,0,1,0
Gm10311,1,0,3,2,8,1
Gm43263,0,0,0,0,1,0
Zfp868,6,4,8,8,21,4
Zfp964,0,3,2,1,2,1
Zfp869,1,0,0,3,4,0
Zfp963,1,3,1,2,2,0
Zfp866,7,3,7,10,13,1
Atp13a1,9,6,11,30,30,6
Gmip,5,2,9,10,10,1
Lpar2,0,1,0,1,1,0
Pbx4,0,0,0,1,0,0
Yjefn3,2,0,1,3,5,1
Ndufa13,109,101,168,271,403,78
Tssk6,0,1,0,1,0,0
Gatad2a,30,17,41,58,122,19
Mau2,14,7,18,32,49,12
Sugp1,6,4,10,12,23,6
Tm6sf2,0,0,0,15,4,1
Ncan,1,0,0,2,4,0
Rfxank,7,6,11,16,27,7
Nr2c2ap,7,11,11,27,34,5
Borcs8,8,19,16,24,34,2
Tmem161a,10,8,10,21,28,12
Slc25a42,3,2,4,7,10,5
Armc6,2,1,0,5,5,2
Sugp2,6,5,8,5,22,4
Homer3,6,4,10,17,21,6
Ddx49,6,3,11,12,35,5
Cope,53,53,67,103,171,52
Cers1,0,0,0,0,1,0
Upf1,13,19,18,39,52,11
Crtc1,1,5,6,13,9,1
Klhl26,5,4,9,11,16,2
Tmem59l,0,0,0,0,2,0
Crlf1,1,1,1,2,5,0
2810428I15Rik,42,29,43,111,127,39
Uba52,396,263,427,277,1215,158
Kxd1,21,19,31,60,64,8
Fkbp8,43,33,60,128,151,49
Ell,5,5,6,11,27,3
Isyna1,80,48,120,172,228,41
Ssbp4,74,47,100,249,256,46
Lrrc25,4,2,2,1,0,0
Gdf15,4,0,0,3,6,0
Pgpep1,6,4,10,18,27,3
Lsm4,30,30,46,103,113,21
Jund,1080,1049,1516,2724,3783,887
Gm11175,0,0,1,2,2,1
Gm3336,0,2,0,7,0,0
Pde4c,3,9,4,10,14,0
Rab3a,11,14,12,33,53,9
Mpv17l2,9,8,14,23,31,4
Ifi30,7,39,14,46,106,10
Pik3r2,2,2,8,14,29,1
2010320M18Rik,3,3,8,20,15,2
Mast3,5,4,4,15,34,8
Arrdc2,4,11,8,11,21,2
Ccdc124,31,21,29,60,82,23
Slc5a5,0,1,1,3,6,1
Rpl18a,701,817,1016,1561,2582,415
Map1s,1,2,1,13,16,4
Haus8,5,2,3,11,7,1
Myo9b,8,3,7,13,31,6
Use1,40,50,80,119,176,27
Ocel1,9,6,16,30,34,4
Nr2f6,22,12,26,44,64,20
Ushbp1,35,24,54,78,113,30
Babam1,16,20,29,52,99,28
Abhd8,13,6,13,41,49,6
Mrpl34,29,24,35,70,77,16
Dda1,27,15,31,40,64,17
Ano8,1,2,4,8,3,3
Gtpbp3,9,5,11,10,14,2
Plvap,0,1,0,0,2,0
Bst2,74,43,113,171,222,88
Mvb12a,13,17,26,35,63,13
Tmem221,0,0,0,0,1,0
Slc27a1,3,4,5,5,14,6
Pgls,36,53,60,123,175,28
Fam129c,1,1,2,1,4,1
Colgalt1,24,30,32,66,90,29
Unc13a,0,0,0,0,3,0
Jak3,5,7,7,28,23,5
B3gnt3,1,4,3,10,6,3
Fcho1,0,3,0,2,6,3
Zfp709,0,0,1,3,5,0
Zfp882,0,0,5,2,9,0
Zfp617,6,4,11,21,20,6
Zfp961,7,3,8,12,8,0
Cyp4f18,3,0,6,8,31,2
Tpm4,125,236,237,441,525,220
Gm26586,0,1,1,0,4,0
Rab8a,15,25,35,51,73,23
Fam32a,37,30,44,79,119,24
Ap1m1,10,12,24,18,43,12
Gm10282,0,1,1,1,0,0
Klf2,1738,1092,3059,3389,5409,1384
Eps15l1,5,4,12,19,29,2
Calr3,0,0,0,1,1,0
1700030K09Rik,4,2,3,2,6,2
Cherp,6,8,12,21,25,10
Slc35e1,8,9,10,9,18,7
Gm17435,1,0,0,0,1,0
Med26,0,0,1,7,11,0
Smim7,33,36,56,88,107,32
Tmem38a,4,2,0,6,7,2
Nwd1,0,1,0,0,0,0
Sin3b,31,33,39,86,107,20
F2rl3,0,2,0,0,0,0
Large,6,2,0,16,13,2
Hmgxb4,8,12,14,25,39,11
Tom1,7,2,4,16,17,3
Hmox1,6,4,9,11,19,2
Mcm5,3,1,2,2,4,1
Rasd2,1,0,1,3,3,0
Nr3c2,6,1,3,8,22,2
Arhgap10,15,8,25,25,42,4
Prmt10,6,3,3,9,12,0
Tmem184c,2,3,1,4,23,4
Ednra,10,12,12,22,28,1
Rbmxl1,22,19,32,63,85,16
Slc10a7,8,5,11,10,25,3
Lsm6,37,30,44,90,122,29
Zfp827,0,3,0,1,6,0
Mmaa,4,5,5,7,7,9
Gm4890,3,4,2,1,10,0
Smad1,24,30,28,60,64,16
Otud4,10,18,18,36,48,11
Abce1,8,11,22,34,58,11
Anapc10,8,9,13,24,35,6
Hhip,0,1,0,0,0,0
Gypa,0,36,1,10,7,0
Smarca5,43,35,50,116,150,40
Gab1,24,16,32,53,83,6
Gm27048,0,0,1,0,0,0
Usp38,6,8,5,18,28,5
Inpp4b,7,3,16,13,23,1
Il15,8,0,6,11,17,2
Zfp330,17,15,24,39,51,9
Rnf150,2,0,4,2,3,0
Gm10645,0,0,0,0,1,0
Tbc1d9,0,3,0,6,3,0
Elmod2,5,2,5,17,23,2
Clgn,0,1,1,1,1,0
Scoc,31,39,49,101,147,30
Ndufb7,81,75,130,196,277,84
Tecr,43,48,69,129,199,37
Dnajb1,68,56,119,265,312,54
Gipc1,13,15,19,37,64,11
Ptger1,1,1,1,3,4,1
Pkn1,11,11,13,30,40,7
Ddx39,15,11,17,29,63,15
Adgre5,56,29,106,125,259,40
Gm26721,0,0,0,1,1,0
Adgrl1,7,4,6,13,19,6
Asf1b,1,1,2,0,2,0
Prkaca,14,14,25,43,56,14
Samd1,12,6,11,30,29,11
1700067K01Rik,0,0,1,0,1,0
Il27ra,2,0,0,2,5,1
Gm10643,1,1,0,2,1,0
C330011M18Rik,1,1,1,5,4,2
Rfx1,2,3,2,6,14,4
Dcaf15,2,2,5,5,12,2
Cc2d1a,3,4,5,7,15,6
4930432K21Rik,0,0,0,2,0,0
Nanos3,0,0,0,0,2,0
Gm26532,122,89,164,271,585,152
Zswim4,3,2,4,7,15,1
D8Ertd738e,91,111,136,263,341,100
Mri1,2,10,7,26,30,5
Ccdc130,2,4,13,10,11,1
Cacna1a,3,6,9,22,32,5
Gm16183,1,0,0,0,1,0
Ier2,519,413,680,1539,2244,439
Gm26664,0,0,1,0,2,0
Nacc1,11,14,21,36,48,8
Trmt1,12,6,14,24,35,10
Nfix,23,24,31,63,99,27
Lyl1,15,6,15,31,51,4
G430095P16Rik,1,0,2,3,1,0
Dand5,4,3,6,16,18,2
Gadd45gip1,11,14,26,48,77,15
Rad23a,28,34,43,78,90,30
Calr,137,178,229,487,460,254
Farsa,12,17,20,35,32,8
Syce2,0,5,2,5,13,2
Gcdh,5,6,7,15,9,2
Klf1,0,0,0,0,2,0
Dnase2a,9,5,11,26,39,6
Mast1,0,0,0,0,1,0
Rnaseh2a,7,4,8,17,28,7
Prdx2,83,156,117,298,358,76
Junb,1178,1019,1668,3630,5113,717
Hook2,0,1,0,2,5,1
Asna1,9,8,15,22,32,6
2310036O22Rik,62,70,102,172,253,69
Tnpo2,3,8,4,12,16,12
Fbxw9,4,6,9,13,31,5
Gm5741,0,1,0,0,0,0
Dhps,18,21,25,39,62,10
Wdr83,7,3,13,18,33,7
Wdr83os,34,24,45,91,114,39
Man2b1,22,9,27,42,65,9
Zfp791,1,0,1,0,0,0
Cks1brt,0,0,0,1,0,0
Vps35,23,24,47,68,97,24
Orc6,6,6,9,18,40,9
Mylk3,0,1,0,0,0,0
4921524J17Rik,19,13,26,56,68,11
Gpt2,2,3,1,2,3,1
Dnaja2,42,45,77,96,132,32
Neto2,0,0,0,0,1,0
Itfg1,16,17,15,32,54,21
Phkb,6,4,10,19,19,4
Lonp2,9,12,23,36,52,11
Siah1a,15,15,33,43,75,11
Gm10638,4,1,9,7,6,1
N4bp1,28,21,47,69,77,15
2010110E17Rik,0,0,0,1,0,0
Gm2694,0,0,3,0,0,0
4933402J07Rik,0,0,1,0,0,0
Zfp423,3,4,10,15,21,4
Gm2716,0,0,0,0,1,0
Cnep1r1,12,13,20,53,61,12
Heatr3,4,7,9,13,22,5
9430002A10Rik,0,0,0,0,1,0
Papd5,13,8,16,25,33,9
Adcy7,1,3,2,2,7,1
Brd7,25,17,31,34,86,16
Nkd1,49,24,73,104,134,41
Snx20,2,13,2,8,15,0
Nod2,0,2,2,2,3,2
Cyld,13,7,13,15,30,8
Sall1,3,0,4,4,11,2
Tox3,2,0,3,5,3,3
Chd9,7,11,16,16,44,2
Rbl2,11,11,11,13,34,5
Aktip,11,8,16,27,38,7
Rpgrip1l,0,0,0,0,6,4
Fto,23,17,29,54,67,20
Irx3,5,4,13,9,11,9
Irx3os,0,0,1,0,0,3
Crnde,2,2,0,1,0,0
Irx5,0,0,1,0,1,0
Mmp2,0,0,1,1,1,0
Lpcat2,16,9,17,19,37,0
Gnao1,3,12,0,13,15,12
Amfr,27,39,40,81,103,33
Nudt21,15,14,17,32,39,13
Ogfod1,7,4,9,13,15,2
Bbs2,5,6,10,12,21,2
Mt3,11,8,5,46,61,3
Mt2,132,65,139,139,272,102
Mt1,554,199,455,394,928,204
Nup93,2,5,3,23,12,11
Slc12a3,0,0,1,0,0,0
Gm15890,1,0,0,1,0,1
Herpud1,88,72,103,131,277,56
9330175E14Rik,0,0,0,0,1,0
Nlrc5,4,2,4,4,3,3
Cpne2,9,12,15,31,36,15
Fam192a,11,15,18,32,52,23
Rspry1,12,11,16,25,44,4
Arl2bp,82,66,126,225,284,105
Pllp,89,40,96,132,217,40
Cx3cl1,11,12,26,31,37,25
Ciapin1,14,14,20,38,51,9
Coq9,9,3,15,21,28,7
Polr2c,50,34,69,87,123,38
Dok4,11,5,17,27,36,8
Ccdc102a,9,3,16,24,38,9
Adgrg5,1,0,0,1,0,0
Adgrg1,65,65,86,88,150,44
Adgrg3,2,0,0,1,0,0
Drc7,0,0,1,1,1,0
Katnb1,1,1,6,10,11,2
Kifc3,24,11,38,54,97,14
Cngb1,3,0,1,6,4,2
Tepp,0,0,2,0,2,0
Zfp319,2,2,5,11,9,0
Usb1,4,1,2,2,10,1
Mmp15,9,1,7,12,17,3
Cfap20,25,14,35,33,62,12
Csnk2a2,10,3,14,9,29,5
Ccdc113,0,0,1,0,0,0
Gins3,1,0,2,2,7,0
Ndrg4,0,0,1,3,5,0
Setd6,2,2,8,11,20,2
Cnot1,13,20,21,37,60,11
Gm10094,1,2,4,5,3,3
Slc38a7,5,1,5,6,11,4
Got2,17,16,22,40,61,21
Cdh8,0,0,0,0,1,0
A330008L17Rik,0,0,0,0,1,0
Cdh11,0,2,0,4,4,0
Gm8730,1,1,6,7,9,1
Cdh5,128,123,202,349,413,90
Bean1,0,0,0,0,0,1
Tk2,7,5,8,9,28,5
Cklf,2,3,7,12,17,1
Cmtm3,2,5,3,12,15,7
Cmtm4,4,5,5,11,16,6
Dync1li2,22,16,33,47,86,16
Nae1,16,23,29,49,78,11
Car7,0,0,0,0,3,0
Pdp2,1,3,4,5,9,2
Rrad,64,27,131,71,86,2
Fam96b,27,25,34,71,99,31
Ces2g,0,2,0,0,0,0
Cbfb,18,18,17,36,43,9
D230025D16Rik,10,7,4,10,25,7
B3gnt9,0,2,0,2,4,0
Tradd,1,4,9,22,29,6
Fbxl8,3,2,10,8,11,3
Hsf4,2,0,0,9,4,0
Nol3,1,2,1,0,5,1
4931428F04Rik,1,1,0,1,4,1
Exoc3l,1,1,0,3,2,1
E2f4,15,17,23,30,48,17
Elmo3,1,0,0,0,3,0
Lrrc29,1,0,0,3,4,0
Tmem208,31,20,20,67,72,20
Fhod1,8,7,9,17,28,6
Slc9a5,1,3,1,2,4,0
Lrrc36,0,0,0,0,2,0
Tppp3,7,27,10,29,46,23
Zdhhc1,6,3,13,31,30,2
Hsd11b2,1,0,0,0,0,0
Atp6v0d1,33,29,47,68,121,36
Fam65a,55,35,58,122,153,48
Gm5914,7,1,4,7,20,4
Ctcf,23,23,70,100,162,25
Rltpr,1,0,0,0,2,0
Acd,8,2,12,21,32,10
Pard6a,5,7,7,15,22,3
Enkd1,3,2,1,5,7,1
Gfod2,6,6,8,12,13,4
Ranbp10,4,6,8,20,17,5
Cenpt,2,0,4,3,6,0
Thap11,12,13,17,30,48,19
Nutf2,6,12,6,20,18,7
Edc4,8,3,11,24,36,10
Nrn1l,2,0,0,1,0,0
Pskh1,6,3,7,9,31,0
Ctrl,0,0,0,1,0,0
Psmb10,51,41,54,92,163,35
Lcat,4,3,2,4,12,1
Slc12a4,10,8,12,29,34,9
Dpep2,0,0,0,1,0,0
Dus2,3,2,7,9,23,4
Ddx28,0,1,2,6,12,0
Nfatc3,16,10,24,42,62,5
Esrp2,0,0,1,2,2,0
Pla2g15,6,5,8,11,27,0
Slc7a6,0,0,0,2,7,2
Slc7a6os,6,9,6,12,24,3
Prmt7,5,8,9,15,23,7
Smpd3,2,2,1,2,0,0
Zfp90,1,1,2,16,7,3
Cdh3,0,0,1,0,0,0
Gm10073,17,24,16,56,47,8
Tango6,6,2,0,7,11,0
Chtf8,16,22,17,33,43,16
Cirh1a,4,3,3,18,9,5
Sntb2,8,3,12,14,31,5
Vps4a,20,12,20,33,46,14
Pdf,3,4,0,3,0,1
Cog8,18,13,22,36,49,18
Nip7,9,8,13,29,37,8
Terf2,11,13,17,24,40,4
Cyb5b,32,39,30,105,152,40
Rps18-ps3,1,0,1,0,3,0
Nfat5,47,40,74,110,170,27
Nqo1,0,2,0,5,3,0
Nob1,3,11,4,16,31,5
Wwp2,10,2,9,23,29,6
Rps26-ps1,1,1,2,4,11,0
Psmd7,61,41,70,147,200,65
Zfhx3,52,29,41,71,136,14
Dhx38,7,5,11,24,31,6
Txnl4b,0,2,5,3,3,0
Hp,0,1,12,1,1,6
Dhodh,2,4,6,17,19,3
Ist1,15,18,23,38,96,13
Zfp821,2,5,3,12,8,10
Atxn1l,7,7,8,17,41,6
Ap1g1,7,16,12,32,43,9
Gm17344,0,0,0,0,1,0
Phlpp2,6,4,6,6,12,3
Zfp612,0,0,2,1,2,0
Calb2,0,0,0,0,1,0
Cmtr2,0,1,1,5,4,0
Vac14,3,3,5,9,10,7
Mtss1l,5,6,4,8,19,4
Il34,8,11,11,26,39,0
Gm15894,1,0,0,0,0,0
Sf3b3,17,16,20,26,54,12
Cog4,8,8,14,14,35,7
Fuk,2,2,2,5,14,2
St3gal2,10,11,16,34,45,8
Ddx19a,7,4,11,22,33,8
Ddx19b,3,0,4,7,10,3
Aars,21,13,34,57,88,28
Pdpr,2,2,3,6,11,2
Glg1,25,28,38,78,96,24
Rfwd3,6,3,8,12,16,5
Mlkl,4,3,4,10,4,1
Fa2h,1,13,2,11,17,7
Wdr59,5,6,3,9,9,0
Znrf1,36,43,70,90,129,41
Ldhd,2,1,2,3,2,1
Zfp1,5,6,6,11,17,1
Bcar1,9,17,17,22,26,7
Cfdp1,35,25,72,112,141,48
Tmem170,1,1,4,1,3,1
Tmem231,2,1,1,5,10,1
Gabarapl2,100,181,169,237,389,85
Adat1,3,1,0,5,4,0
Kars,7,24,26,40,48,16
Terf2ip,10,9,34,24,36,7
Gm6793,0,4,3,7,9,1
Mon1b,1,2,7,5,7,2
Adamts18,0,0,0,1,0,0
Nudt7,1,0,3,6,9,1
Vat1l,0,0,1,0,1,0
Wwox,3,8,3,10,17,2
Gm16118,0,0,0,1,1,0
Maf,16,7,11,18,35,0
Gm15655,0,0,0,0,1,0
Dynlrb2,0,0,0,1,3,0
Cdyl2,2,4,4,4,13,5
Cmc2,11,7,12,23,38,4
Cenpn,0,0,2,1,1,0
Atmin,5,3,5,11,9,2
1700030J22Rik,1,0,0,0,0,0
Gcsh,10,11,12,36,36,10
Gan,2,6,6,8,10,4
Cmip,7,18,15,18,46,10
Plcg2,1,4,7,5,23,7
Sdr42e1,0,0,0,3,0,0
Mphosph6,11,12,18,27,38,11
Cdh13,4,2,3,18,41,9
Hsbp1,63,73,93,161,242,69
Mlycd,6,10,20,32,35,5
Osgin1,2,0,3,7,8,3
Necab2,0,0,0,0,1,0
Mbtps1,12,13,28,41,57,12
Hsdl1,8,7,13,21,31,3
Taf1c,3,2,6,5,6,0
Wfdc1,125,72,176,215,322,103
Tldc1,0,0,0,1,1,0
Cotl1,16,14,17,22,72,1
Klhl36,2,6,3,5,10,2
Usp10,9,8,16,26,38,7
Crispld2,30,13,25,18,8,0
Zdhhc7,5,5,17,20,33,9
A130014A01Rik,8,0,6,15,11,3
6430548M08Rik,0,1,5,11,6,3
A330074K22Rik,0,0,0,0,1,0
Gse1,15,9,16,32,62,4
Gins2,0,0,0,2,3,1
Gm10614,0,0,0,0,1,0
1190005I06Rik,0,5,3,5,2,1
Emc8,19,21,20,47,61,13
Cox4i1,276,289,349,666,973,211
Irf8,14,5,16,38,75,2
Fendrr,13,6,13,21,27,2
Foxf1,20,12,30,49,39,13
Mthfsd,5,2,7,10,21,5
Foxc2,2,0,0,1,2,0
5033426O07Rik,0,0,0,0,1,0
Fbxo31,4,5,3,14,9,1
Map1lc3b,124,155,170,282,403,61
Zcchc14,10,20,21,47,77,15
Gm27030,0,1,0,0,0,0
Jph3,0,0,1,0,2,0
Klhdc4,7,6,9,18,29,12
Gm26812,0,2,2,0,6,0
9530085P06Rik,0,0,0,0,1,0
Slc7a5,51,62,177,58,151,40
BC048644,1,0,2,0,1,0
Car5a,31,14,58,49,99,5
Banp,10,13,21,18,34,18
Gm22,1,0,3,2,1,0
Zfpm1,15,12,23,33,54,11
Zc3h18,16,8,22,25,48,15
Il17c,0,0,0,0,1,0
Cyba,107,86,139,249,370,75
Mvd,3,7,5,8,7,2
Rnf166,9,4,17,22,38,6
Ctu2,4,6,5,19,19,10
Piezo1,14,20,20,53,74,29
Cdt1,3,1,0,4,8,1
Aprt,25,16,16,66,75,17
Galns,2,1,3,5,4,0
Trappc2l,33,30,34,70,100,31
Pabpn1l,0,0,0,0,1,0
Cbfa2t3,46,54,46,80,146,33
Acsf3,0,0,1,4,8,1
Ankrd11,45,47,75,102,180,25
Spg7,20,10,18,31,71,5
Rpl13,999,1149,1446,2653,3794,605
Cpne7,1,0,0,1,2,0
Sult5a1,0,0,0,4,2,0
Chmp1a,17,13,15,53,62,10
Cdk10,6,3,5,12,17,5
Spata2l,0,0,2,2,2,2
Vps9d1,4,8,9,9,13,1
Zfp276,5,3,4,6,22,3
Fanca,0,0,1,0,0,0
Tcf25,65,68,105,164,304,75
Mc1r,0,0,1,1,0,0
Tubb3,1,8,1,2,12,4
Def8,8,5,8,13,19,8
Afg3l1,8,15,10,27,40,8
Gas8,2,1,6,10,10,1
Rhou,1,8,1,17,12,4
Rab4a,15,8,16,26,33,7
Ccsap,0,0,0,1,3,0
Nup133,2,5,7,9,20,5
Abcb10,5,6,9,19,24,6
Taf5l,9,7,5,14,14,5
Urb2,2,5,9,3,21,2
Galnt2,0,0,0,1,1,0
Pgbd5,0,1,0,1,1,2
Cog2,2,5,7,13,15,5
Agt,0,0,0,3,5,0
2310022B05Rik,18,16,38,50,61,19
Ttc13,4,4,7,11,13,8
Arv1,1,1,1,1,5,0
Fam89a,2,0,2,2,1,2
2810004N23Rik,2,4,12,22,33,9
Gnpat,4,6,12,23,40,3
Exoc8,7,6,8,17,40,6
Sprtn,0,1,1,1,1,0
Egln1,33,26,49,81,114,28
Tsnax,17,16,28,58,72,15
Disc1,0,0,0,1,2,1
Sipa1l2,24,8,28,23,74,7
Map10,0,0,2,8,5,1
Ntpcr,8,9,18,27,34,5
Kcnk1,0,2,0,5,3,0
Coa6,10,11,20,36,43,10
Gm17296,0,0,1,1,1,0
Gm26759,1,0,1,1,4,1
Irf2bp2,75,94,121,70,182,24
Tomm20,70,70,104,172,240,45
Rbm34,11,6,9,11,29,5
Pard3,23,36,31,59,62,13
Nrp1,93,60,165,188,355,64
Itgb1,101,80,151,328,349,87
2610044O15Rik8,4,4,5,12,16,4
D830030K20Rik,0,0,0,0,1,0
Gm2916,0,0,1,0,0,0
2610042L04Rik,0,0,0,0,1,0
Gm3164,1,0,0,0,0,0
Gm3252,0,0,1,0,0,0
Gm3488,0,0,0,1,1,0
Gm3248,0,0,1,0,0,0
Gm3468,0,0,0,2,3,0
Gm3591,0,0,0,1,0,0
Gm3636,1,0,0,0,0,0
Gm3739,1,0,0,0,1,0
Flnb,53,78,74,126,129,84
Dnase1l3,0,0,0,0,1,0
Abhd6,10,9,13,22,40,9
Rpp14,12,9,5,26,30,7
Pxk,26,18,33,46,94,17
Pdhb,19,15,22,36,72,11
Kctd6,6,11,11,12,27,7
Fam107a,37,67,50,32,148,41
Fhit,1,1,0,0,2,0
Gm3839,1,0,0,1,2,1
Ptprg,118,111,167,331,501,73
3830406C13Rik,6,5,8,21,31,6
Fezf2,0,0,0,0,0,1
Thoc7,25,23,37,54,112,21
Atxn7,14,23,22,38,70,10
Psmd6,37,20,37,84,91,27
Il3ra,3,2,2,7,3,3
Slc4a7,7,4,7,19,18,3
Oxsm,1,0,5,3,12,2
Ngly1,15,13,29,31,56,13
Top2b,34,27,43,79,127,18
Rarb,0,1,0,3,2,0
Thrb,1,0,3,2,5,2
Nr1d2,20,18,16,57,120,9
Rpl15,348,489,542,987,1273,285
Nkiras1,12,10,16,35,39,10
Ube2e1,16,20,28,60,75,19
Ube2e2,7,8,10,17,32,8
Gm21738,0,0,1,0,0,0
Gm2237,1,0,0,0,5,0
Nid2,4,9,15,12,23,3
2700060E02Rik,58,53,86,169,211,41
Gng2,8,13,14,21,38,5
Saysd1,14,14,21,37,49,8
Kcnk5,0,0,0,0,1,1
Nudt13,5,3,10,18,23,4
Ecd,10,5,4,18,28,5
Fam149b,5,5,7,20,26,1
Dnajc9,6,7,25,37,61,9
Mrps16,28,22,37,84,91,26
Cfap70,0,0,0,0,1,0
Anxa7,50,56,71,138,172,65
Mss51,2,0,3,0,5,1
Ppp3cb,19,15,26,37,84,14
1810062O18Rik,0,0,2,1,1,1
Usp54,16,22,31,16,48,21
2810402E24Rik,5,3,10,12,14,2
Sec24c,15,17,22,35,44,11
6230400D17Rik,0,0,1,0,1,0
Fut11,7,2,12,16,18,7
Chchd1,31,45,59,95,114,41
Zswim8,10,13,14,39,52,7
Ndst2,2,5,4,11,14,5
Camk2g,17,17,31,37,56,9
Plau,0,0,0,4,3,0
Vcl,37,37,58,53,88,20
Ap3m1,18,13,14,41,59,11
Adk,15,10,27,47,85,8
Kat6b,11,11,19,23,49,10
Samd8,18,13,20,28,60,8
Vdac2,91,81,149,215,330,64
Comtd1,10,3,8,17,24,3
Zfp503,8,32,19,46,46,11
1700112E06Rik,0,1,0,1,1,1
Kcnma1,7,1,2,2,2,1
A830039N20Rik,1,0,1,0,2,0
Dlg5,4,5,6,6,18,1
E330034G19Rik,0,0,0,1,0,0
Polr3a,3,2,3,7,9,1
Rps24,1047,1282,1463,2021,4212,572
Gm26660,0,0,0,1,4,0
Zmiz1os1,1,0,0,0,0,0
Zmiz1,48,58,64,133,198,45
Gm26772,0,0,0,0,2,1
Ppif,6,10,3,4,8,1
Zcchc24,12,17,8,24,59,16
Anxa11,22,23,33,60,82,20
Gm9780,0,1,3,0,2,1
Plac9b,0,0,7,1,3,1
Slmap,17,17,26,40,56,16
Dennd6a,24,18,19,18,54,8
Arf4,68,68,96,179,229,67
Pde12,8,11,11,23,35,12
9930004E17Rik,0,0,0,0,1,0
Appl1,12,13,19,42,69,14
Il17rd,12,13,14,24,37,3
Arhgef3,10,11,28,39,71,4
Fam208a,34,28,44,66,109,12
Ccdc66,5,3,6,12,17,2
Wnt5a,20,29,14,51,32,4
Cacna2d3,1,0,1,0,0,0
Selk,189,206,293,505,617,173
Actr8,7,6,8,17,25,5
Chdh,1,1,1,1,0,0
Cacna1d,1,0,2,2,2,1
Dcp1a,4,3,3,8,18,1
Tkt,29,29,38,112,142,35
Prkcd,13,8,17,15,53,4
Rft1,1,6,6,14,16,1
Sfmbt1,2,1,7,12,22,1
Tmem110,7,9,8,14,15,6
Mustn1,29,51,46,36,45,10
Itih4,0,1,0,0,0,0
Itih3,0,0,0,2,4,1
Nek4,2,0,1,4,6,0
Spcs1,51,50,88,142,193,56
Glt8d1,9,5,8,28,31,10
Gnl3,8,9,9,25,42,10
Pbrm1,62,56,67,133,229,42
Smim4,7,13,9,22,44,5
Nt5dc2,4,4,4,18,24,2
Stab1,31,13,15,28,48,14
Nisch,53,45,84,121,238,56
Tnnc1,0,3,0,0,0,1
Sema3g,11,8,17,25,61,27
Phf7,4,0,2,6,11,2
Bap1,8,7,12,20,24,10
Dnah1,0,0,1,1,1,0
Capn7,12,4,13,28,31,6
Sh3bp5,18,14,14,39,71,26
Mettl6,6,1,9,12,19,4
Eaf1,12,13,12,18,31,4
Hacl1,5,3,7,13,17,0
Btd,7,8,19,25,37,9
Ankrd28,2,2,3,7,9,1
Galnt15,19,55,31,41,44,8
Dph3,20,38,56,80,108,29
Oxnad1,7,2,5,16,15,3
Ncoa4,1,0,3,11,14,1
Timm23,1,3,3,11,8,2
Parg,5,9,13,21,27,5
Ercc6,3,1,2,3,8,1
1810011H11Rik,2,2,1,2,5,0
Vstm4,8,11,19,12,25,1
Wdfy4,1,2,2,6,10,2
Lrrc18,0,0,2,4,2,0
Arhgap22,0,0,3,2,7,0
Mapk8,5,7,15,26,37,6
FRMPD2,0,0,1,0,0,0
Zfp488,0,0,0,1,0,0
Rpl23a-ps3,10,8,10,18,21,3
Syt15,4,7,1,2,8,0
Fam35a,0,4,2,6,7,1
Glud1,33,32,51,142,158,38
Sncg,33,7,18,47,124,3
Mmrn2,48,72,65,136,206,78
Bmpr1a,3,10,11,20,31,2
Gm17110,0,0,0,0,1,0
Ldb3,7,1,4,1,2,1
Wapl,33,30,45,81,131,19
Ccser2,65,62,81,119,202,43
2610528A11Rik,0,0,0,0,2,0
Ghitm,48,96,49,122,178,35
Tspan14,14,19,30,37,54,19
Fam213a,5,45,8,22,24,3
Ear2,0,0,0,2,0,0
Ptgdr,0,0,1,1,0,0
Txndc16,6,7,9,19,42,5
Ero1l,14,15,19,38,44,14
Psmc6,34,30,59,74,138,31
Styx,2,1,0,3,3,0
Gnpnat1,9,4,10,14,20,4
Fermt2,132,102,198,253,391,89
Gm15601,0,0,1,0,2,0
Ddhd1,7,5,9,17,19,5
Bmp4,4,4,6,18,21,3
Cdkn3,0,0,3,0,1,1
Cnih1,34,30,35,58,111,29
Gmfb,11,18,30,40,81,14
Gm10101,0,0,0,0,0,1
Cgrrf1,17,9,18,26,66,10
Samd4,13,3,5,5,22,0
Gm10371,0,2,0,0,1,0
Gch1,49,34,51,80,86,48
Wdhd1,0,0,1,2,4,0
Socs4,10,10,14,32,41,8
Mapk1ip1l,15,15,17,25,47,10
Lgals3,1,11,3,2,5,1
Dlgap5,0,0,0,0,1,0
Fbxo34,1,3,7,12,21,1
Atg14,4,2,4,6,25,3
Ktn1,59,64,79,126,243,43
Peli2,11,9,17,14,32,8
Tmem260,3,4,11,23,17,9
Otx2,0,0,0,2,0,0
Exoc5,30,26,38,50,74,16
Ap5m1,3,2,5,7,14,3
Naa30,18,19,7,35,25,7
3632451O06Rik,0,0,0,1,3,1
Ttc5,21,7,20,30,33,2
Parp2,9,8,15,22,40,3
Tep1,0,6,6,7,23,3
Gm26782,4,1,9,9,22,2
Osgep,22,18,31,86,92,12
Apex1,3,7,9,13,19,3
Tmem55b,14,8,21,37,56,6
Pnp,53,74,75,160,179,87
Pnp2,0,0,1,1,1,1
Rnase10,0,0,0,0,1,0
Rnase4,43,65,44,97,120,23
Ang,9,9,15,25,27,5
Rnase6,1,7,1,4,12,1
Mettl17,2,4,5,3,8,3
Ndrg2,12,25,19,82,95,15
Arhgef40,6,4,6,29,45,4
Zfp219,4,7,8,10,26,3
Tmem253,1,0,0,0,0,0
Hnrnpc,57,70,80,149,197,41
Rpgrip1,15,11,18,19,42,4
Supt16,32,25,35,45,111,10
Gm26590,0,0,0,0,1,0
Chd8,17,23,30,37,93,14
Rab2b,10,5,10,19,34,8
Tox4,21,27,28,57,72,24
Mettl3,4,3,4,10,16,6
Sall2,1,0,2,4,5,0
Dad1,93,111,136,267,398,99
Abhd4,8,12,12,20,22,12
Oxa1l,10,8,18,19,44,4
Slc7a7,6,4,7,19,7,1
Mrpl52,45,34,37,78,135,30
Mmp14,0,0,0,1,5,0
Lrp10,27,24,19,69,111,30
Prmt5,10,7,9,22,15,6
Haus4,4,1,5,25,21,3
Ajuba,2,0,5,16,15,4
4931414P19Rik,0,2,1,3,5,1
Psmb5,48,45,101,170,241,65
Cdh24,0,1,0,0,0,0
Acin1,34,36,61,73,131,28
4930579G18Rik,2,0,0,0,1,0
1700123O20Rik,14,15,28,51,65,13
Slc7a8,7,4,2,6,10,0
Homez,1,5,3,8,4,0
Ppp1r3e,5,5,4,13,12,2
Bcl2l2,5,4,9,14,28,4
Pabpn1,27,34,31,62,116,19
Slc22a17,4,10,15,19,41,6
Efs,0,0,0,1,1,0
Cmtm5,4,10,0,17,32,6
Ngdn,28,17,19,42,69,19
Thtpa,1,1,3,6,9,2
Zfhx2,3,8,3,7,14,5
Zfhx2os,0,0,0,1,0,0
Ap1g2,0,0,1,4,7,2
Jph4,0,0,1,1,2,0
Dhrs4,9,13,15,26,25,8
Lrrc16b,0,0,0,0,0,1
Cpne6,0,0,0,0,1,0
Pck2,11,4,13,17,35,4
Dcaf11,17,15,17,45,63,12
Gm15932,0,0,1,0,0,0
Psme1,73,69,104,182,306,93
Emc9,4,11,12,27,36,6
Psme2,34,39,60,94,149,62
Rnf31,4,8,6,20,20,9
Irf9,28,22,33,47,68,25
Rec8,2,0,1,1,5,0
Ipo4,5,5,7,16,20,2
Tm9sf1,0,1,3,6,6,5
Tssk4,0,0,0,2,2,0
Mdp1,20,18,27,54,78,18
Nedd8,91,95,136,256,356,71
Gmpr2,7,8,17,27,31,7
Tinf2,2,3,5,13,9,5
Tgm1,0,0,0,0,1,0
Rabggta,2,4,5,7,20,7
Dhrs1,13,14,18,47,50,16
Nop9,5,4,9,13,34,5
Ltb4r1,1,0,1,1,1,0
Adcy4,27,22,48,99,97,52
Ripk3,0,0,2,2,6,1
Nfatc4,1,2,6,10,17,4
Nynrin,6,3,10,13,20,0
Cbln3,0,0,0,1,0,0
Khnyn,4,3,6,5,11,5
Sdr39u1,2,3,11,16,31,8
Mcpt8,0,1,0,0,0,0
Rnf17,0,1,0,0,0,0
Cenpj,3,2,4,5,8,2
Parp4,16,13,17,35,38,8
Mphosph8,34,30,47,75,111,23
Gm16973,2,3,4,4,5,0
Pspc1,10,10,15,17,26,3
Zmym5,14,33,31,61,81,24
2410022M11Rik,2,5,4,24,20,1
Zmym2,7,13,10,40,53,10
Gjb2,0,0,0,3,2,2
Gjb6,2,4,0,7,4,0
Cryl1,4,2,7,9,12,1
Ift88,1,4,2,4,10,3
Il17d,1,1,3,3,3,0
N6amt2,8,11,12,22,31,3
Xpo4,8,2,5,10,19,4
Lats2,42,49,65,102,172,28
Sap18,76,65,94,162,238,61
Mrpl57,26,25,24,45,59,22
Zdhhc20,29,21,33,53,90,25
Micu2,10,4,13,25,33,4
3110083C13Rik,0,0,0,1,0,0
Rpl13-ps3,0,1,0,4,3,1
Rcbtb1,13,14,27,26,51,16
Gm6904,0,0,1,0,0,0
Phf11a,0,1,0,0,0,0
Phf11b,2,2,2,3,8,2
Phf11d,9,7,4,6,7,7
Phf11c,1,0,1,3,3,0
Setdb2,2,1,2,3,7,0
Cab39l,10,8,20,31,41,9
Cdadc1,5,2,4,11,16,1
Atp8a2,1,0,1,0,0,1
Nupl1,4,1,2,6,8,0
Mtmr6,37,32,36,64,103,22
Amer2,1,8,1,5,6,0
Spata13,11,9,9,22,46,5
C1qtnf9,0,0,4,3,9,3
Mipep,2,2,8,9,12,2
Tnfrsf19,28,33,49,109,128,9
Sacs,3,2,8,6,15,4
Arl11,1,1,3,2,5,0
Ebpl,12,17,14,46,58,10
Kpna3,6,10,7,19,16,7
Spryd7,5,4,6,9,24,2
Trim13,2,3,7,16,12,3
Gm27010,0,1,2,3,4,0
Gm27017,0,0,0,0,1,0
Dleu7,0,0,0,0,3,0
Rnaseh2b,4,7,7,14,18,5
Fam124a,0,0,0,0,0,1
Ints6,5,0,2,5,15,1
Wdfy2,1,0,0,0,1,0
Defb42,0,1,0,1,1,0
Ctsb,99,74,96,188,287,67
Fdft1,2,4,10,10,20,6
Neil2,0,0,0,0,0,1
Blk,3,0,0,4,9,2
Fam167a,0,0,1,0,0,0
Mtmr9,4,0,0,4,12,5
Xkr6,0,0,1,5,1,1
Pinx1,6,4,6,9,15,4
Sox7,19,34,29,52,47,12
Gm17116,0,0,1,0,0,0
Msra,3,3,12,11,20,3
Mir124a-1hg,0,0,0,0,3,0
Kif13b,7,5,7,11,14,2
Hmbox1,21,18,23,51,75,14
Ints9,10,7,17,16,24,6
Extl3,44,30,77,73,143,23
Fzd3,2,2,1,7,11,1
Fbxo16,0,0,0,0,1,0
Zfp395,9,7,16,11,22,5
Elp3,9,12,8,15,25,5
Scara5,0,0,0,1,0,0
Esco2,1,0,0,0,0,0
Ccdc25,17,13,15,25,50,7
Scara3,0,0,1,5,4,0
Clu,15,69,40,126,83,20
Ephx2,0,0,0,0,1,0
Ptk2b,2,1,9,8,28,2
Trim35,14,13,12,37,34,8
Stmn4,2,33,3,39,59,22
Adra1a,0,0,1,0,2,0
Dpysl2,44,69,66,99,184,28
Gm5464,0,0,0,1,0,0
Pnma2,0,0,1,0,0,0
Bnip3l,103,208,189,347,442,84
Ppp2r2a,27,22,39,78,93,30
Cdca2,0,1,0,1,0,0
Kctd9,3,1,5,9,16,2
Gnrh1,0,0,0,0,0,2
Dock5,2,4,4,8,6,0
Nefl,0,0,0,0,1,0
Stc1,1,1,4,5,20,4
Slc25a37,9,103,9,24,49,6
Gm16867,0,0,0,0,6,0
Loxl2,6,0,0,1,7,0
R3hcc1,4,8,4,17,24,4
Chmp7,8,9,16,33,51,14
4930480K23Rik,0,0,2,1,3,0
Tnfrsf10b,1,5,4,4,10,3
Rhobtb2,2,1,0,6,8,2
Egr3,1,0,0,0,2,0
Bin3,6,2,12,24,31,11
Ccar2,1,6,11,11,14,4
9930012K11Rik,0,2,5,8,5,0
Pdlim2,4,25,11,34,74,13
Sorbs3,25,31,27,21,96,15
Gm26908,8,5,3,9,8,1
Ppp3cc,6,7,15,37,48,7
Slc39a14,0,2,3,1,2,1
Polr3d,2,3,11,10,32,2
Phyhip,1,0,2,0,0,0
Bmp1,1,4,1,4,6,2
Lgi3,1,6,3,9,14,1
Reep4,7,2,4,13,14,2
Hr,1,0,2,2,1,0
Nudt18,2,8,7,16,17,5
Fam160b2,5,4,10,14,22,2
Dmtn,2,2,3,3,8,1
Xpo7,9,11,22,26,47,12
Dok2,1,1,1,2,1,0
Gfra2,2,6,15,7,10,1
Fndc3a,19,13,19,39,57,10
Gm16549,0,0,0,1,0,0
Cysltr2,1,0,2,1,2,0
Rcbtb2,11,7,24,26,25,3
Rb1,19,18,16,29,36,8
Lpar6,29,27,24,87,121,7
Itm2b,834,733,1312,1947,2495,510
Med4,12,11,16,35,45,10
Sucla2,23,22,31,53,74,14
Htr2a,0,0,0,2,2,0
Esd,53,90,85,180,236,62
Lrch1,17,25,30,29,39,15
5031414D18Rik,0,0,2,4,7,1
Lrrc63,0,0,0,0,1,0
Lcp1,17,29,24,45,50,8
Zc3h13,22,17,27,45,89,18
Cog3,9,5,8,3,15,6
Slc25a30,0,0,0,0,1,0
Gm4285,1,0,1,2,9,1
Tpt1,2106,2516,3217,5443,7664,1276
Gtf2f2,13,5,12,20,22,5
Kctd4,0,0,2,0,3,2
Gpalpp1,7,6,15,22,32,6
Nufip1,1,9,4,17,24,5
Rps2-ps6,0,0,0,1,1,0
Tsc22d1,647,449,1107,1024,1725,192
Serp2,8,5,9,22,31,5
Lacc1,2,5,4,3,9,4
Ccdc122,2,1,0,1,3,0
Dnajc15,9,15,18,36,52,20
Epsti1,2,4,3,4,13,1
Akap11,18,17,34,42,84,9
Dgkh,2,1,0,6,4,0
Vwa8,1,4,8,8,15,2
Rgcc,253,170,355,260,885,32
Naa16,12,11,7,12,19,9
Mtrf1,0,2,2,5,4,1
Kbtbd7,4,5,5,6,14,5
Wbp4,31,37,56,74,128,26
Elf1,34,31,47,53,96,22
Sugt1,50,37,52,96,120,27
Pcdh17,2,1,2,10,7,1
Diaph3,0,3,0,0,1,0
Tdrd3,7,2,11,15,17,3
Pcdh20,0,0,1,0,1,0
Gm10110,0,0,1,0,2,0
Pcdh9,1,12,0,13,11,5
Dach1,12,14,15,33,53,3
Mzt1,16,14,20,43,53,12
Bora,1,0,1,2,1,0
Dis3,2,0,4,7,8,0
Pibf1,3,3,6,22,18,2
Klf5,0,0,1,2,0,0
Klf12,0,0,0,3,0,0
Tbc1d4,43,70,42,55,108,19
Commd6,23,17,30,57,63,5
Uchl3,19,19,14,32,37,14
Lmo7,22,15,43,51,114,12
Kctd12,87,80,107,147,328,47
Gm26778,5,2,4,6,9,0
Cln5,19,16,22,40,54,8
Fbxl3,26,26,35,68,96,23
Mycbp2,31,37,46,78,144,37
Scel,0,0,1,0,0,0
Slain1,2,12,1,13,17,10
Ednrb,1,2,1,4,7,2
Pou4f1,2,0,0,0,1,0
Rnf219,2,4,6,3,16,0
Rbm26,16,21,36,42,83,11
Ndfip2,41,34,54,107,109,30
Gm10076,77,102,104,120,141,43
Spry2,7,16,11,28,30,3
Slitrk1,1,0,0,0,0,0
Tpm3-rs7,2,2,2,3,2,2
Mir17hg,8,4,6,6,20,2
Gpc5,0,0,0,5,3,0
Gpc6,3,9,12,9,23,4
Tgds,0,1,5,13,11,6
Gpr180,8,7,15,23,28,8
Sox21,0,0,0,0,1,0
Abcc4,41,53,70,110,128,34
Gm27198,1,1,1,0,1,0
Cldn10,2,0,2,18,6,0
Dzip1,1,0,0,0,7,0
Dnajc3,50,55,106,143,163,64
Uggt2,1,0,3,6,7,2
Mbnl2,67,71,100,109,232,42
Rap2a,5,10,9,17,30,7
Ipo5,5,13,17,22,42,6
Farp1,6,10,8,25,36,8
Stk24,15,17,22,28,62,5
Dock9,75,98,86,134,202,37
Ubac2,17,6,14,35,38,12
Gpr18,0,2,2,9,22,4
Gpr183,15,19,28,23,140,6
Tm9sf2,50,70,81,103,212,33
Clybl,7,2,0,12,22,2
Gm5089,0,0,0,1,1,0
Zic5,14,18,22,57,81,8
Zic2,51,27,54,121,137,11
Gm10837,4,4,1,17,15,3
Pcca,20,15,45,53,84,10
Ggact,12,12,14,39,42,7
Tmtc4,5,15,10,20,14,4
Gm15735,2,0,0,3,10,0
Nalcn,0,0,0,0,1,0
Gm26870,10,5,8,31,38,1
Gm10722,0,0,0,0,1,0
Gm11168,1,0,0,0,0,0
Gm10721,1,0,0,0,0,0
Gm10719,0,0,1,0,1,0
Gm10718,0,0,0,0,1,0
Gm10717,0,0,0,1,0,0
Alkbh8,4,1,2,6,14,5
Cwf19l2,13,9,15,23,46,6
Gucy1a2,4,5,2,9,11,1
Aasdhppt,8,12,29,35,43,9
Kbtbd3,3,2,5,10,25,3
Msantd4,7,11,12,23,28,8
Gria4,0,0,0,0,1,0
Casp1,4,4,2,4,9,0
Casp4,6,12,13,24,19,14
Casp12,7,4,10,17,24,9
Pdgfd,13,16,22,46,32,7
Dync2h1,3,3,2,4,17,0
Dcun1d5,29,31,34,58,69,22
Mmp13,0,0,0,2,0,0
Mmp8,0,1,2,0,0,0
Gm10709,0,1,2,3,2,1
Tmem123,57,65,82,136,154,65
Birc2,25,44,48,48,79,15
Birc3,11,15,27,13,45,10
Yap1,22,21,20,54,60,19
9230110C19Rik,0,1,0,0,1,0
Cep126,2,1,1,1,4,0
Trpc6,0,2,0,0,0,0
Pgr,0,1,1,0,0,0
Arhgap42,2,7,12,20,31,2
Jrkl,3,4,10,15,14,3
Ccdc82,7,2,16,11,31,7
Phxr4,5,10,7,21,28,5
Maml2,15,8,17,38,48,9
Mtmr2,18,16,27,31,56,5
Cep57,11,9,19,26,47,10
Fam76b,14,5,12,32,80,5
Sesn3,13,15,24,35,44,5
Endod1,16,28,36,55,55,32
Cwc15,62,68,114,124,230,35
Amotl1,33,17,46,64,96,23
Piwil4,0,0,0,1,0,0
Fut4,0,1,0,0,1,0
Ankrd49,0,6,4,3,16,2
Mre11a,5,3,7,9,8,4
Izumo1r,0,0,2,0,0,0
Panx1,0,0,1,1,3,0
Vstm5,0,0,0,0,1,0
Med17,6,5,12,15,33,5
4931406C07Rik,8,4,12,20,37,7
Taf1d,26,16,36,35,111,14
Cep295,7,4,9,9,26,1
Smco4,46,52,93,147,195,26
Ccdc67,0,0,0,1,3,1
Slc36a4,5,5,9,26,28,5
Fat3,2,0,2,0,0,0
Chordc1,21,21,24,23,48,21
Naalad2,0,4,5,21,22,1
Zfp317,3,4,9,15,11,1
Gm7808,1,2,0,0,3,0
Zfp560,16,6,11,17,38,11
Gm26733,2,0,2,3,9,0
Zfp26,2,2,8,14,17,1
Zfp426,9,1,10,11,8,2
Zfp266,5,12,11,14,24,3
Zfp846,0,1,0,4,5,0
Fbxl12os,1,0,2,3,0,0
Gm26521,0,0,0,1,0,0
Fbxl12,11,8,14,23,40,3
Ubl5,148,143,181,272,548,123
Pin1,26,17,28,60,64,23
Col5a3,0,0,1,2,1,0
A230050P20Rik,7,7,19,15,28,9
Angptl6,0,0,1,3,4,0
Ppan,6,5,9,15,19,4
Eif3g,40,27,51,104,153,23
Dnmt1,8,11,15,31,37,4
S1pr2,1,0,0,2,1,0
Mrpl4,19,24,31,74,90,30
Icam1,22,122,47,117,116,86
Icam4,0,0,0,0,2,0
Icam5,0,0,0,2,0,0
Zglp1,0,0,0,2,4,0
Fdx1l,10,12,13,34,56,15
Raver1,17,15,18,37,57,10
Tyk2,7,4,4,13,17,2
Cdc37,45,39,75,117,170,48
Pde4a,3,8,7,10,21,8
Keap1,19,25,36,55,80,21
S1pr5,0,5,1,4,16,1
Atg4d,4,9,2,14,16,6
Kri1,4,4,10,15,20,2
Cdkn2d,34,36,41,78,94,19
Slc44a2,11,14,10,34,45,5
Ilf3,12,7,18,36,39,5
Qtrt1,3,3,2,15,8,3
Dnm2,46,21,51,93,129,22
Tmed1,7,12,18,30,31,11
AB124611,2,7,7,5,19,0
Carm1,8,8,7,15,27,6
Yipf2,7,2,6,11,14,1
1810026J23Rik,3,4,8,17,29,9
Smarca4,24,37,38,67,107,36
Gm26511,0,0,0,0,0,2
Ldlr,10,13,16,19,49,15
Spc24,0,0,0,1,1,0
Kank2,24,18,15,42,86,4
Dock6,34,32,43,70,114,28
Rab3d,5,6,8,33,39,13
Tmem205,13,22,43,71,88,23
Ccdc159,0,0,0,1,1,0
Plppr2,0,3,0,3,7,4
Swsap1,3,1,0,3,6,1
Epor,1,1,1,4,1,1
Rgl3,1,1,0,3,4,1
Prkcsh,21,12,19,36,49,6
Elavl3,0,8,1,20,15,10
Zfp653,3,4,4,14,10,0
Gm16845,1,0,1,1,3,0
Ecsit,9,3,11,18,22,5
Cnn1,10,1,9,13,6,0
Elof1,21,19,33,55,76,20
Acp5,8,6,6,10,20,3
Pigyl,12,14,19,44,60,16
Zfp809,3,2,1,3,9,1
Zfp599,0,0,0,0,3,0
Zfp810,0,2,5,6,12,1
Anln,4,27,0,8,25,18
9530077C05Rik,1,2,1,3,7,0
Rp9,38,29,45,96,159,23
Bbs9,4,3,5,5,12,3
Gm10701,0,0,0,0,0,1
Dpy19l1,15,14,23,37,47,12
Tbx20,0,0,0,0,1,0
Herpud2,21,17,25,43,74,19
Sept7,112,133,188,354,453,105
Eepd1,5,4,1,9,13,1
B3gat1,0,0,1,2,4,1
Acad8,6,3,11,18,23,4
Thyn1,4,6,6,17,26,6
Vps26b,8,3,6,26,27,2
Ncapd3,9,4,8,16,23,1
Jam3,15,18,21,35,54,9
Opcml,0,1,2,1,1,0
Ntm,2,2,0,10,15,1
Snx19,3,6,7,21,30,6
Adamts15,2,0,4,0,1,0
Adamts8,6,0,0,1,4,0
Zbtb44,19,19,20,14,51,4
St14,0,1,1,3,2,4
Aplp2,167,152,285,400,576,112
Prdm10,1,2,1,3,2,1
Nfrkb,5,6,9,15,27,4
Barx2,0,0,0,0,0,2
Arhgap32,5,5,2,12,13,1
Fli1,83,88,127,192,228,70
Ets1,105,74,179,265,390,51
Gm3331,0,0,0,1,2,0
Kirrel3,0,0,0,0,1,0
St3gal4,3,5,4,9,16,2
Dcps,9,9,14,33,38,5
Tirap,8,9,10,21,39,12
Srpr,77,45,75,114,164,44
Foxred1,2,5,7,21,16,0
Fam118b,10,10,25,25,49,9
Rpusd4,2,3,9,4,16,2
Cdon,1,1,2,4,3,4
Ddx25,1,0,1,0,4,0
Pus3,1,2,7,12,12,1
Hyls1,1,0,2,5,5,2
Chek1,0,0,1,1,0,0
Stt3a,11,17,29,59,59,27
Gm26787,0,0,0,0,1,0
Ei24,26,30,36,81,84,23
Fez1,12,47,18,56,92,19
Pknox2,0,2,1,5,3,2
Tmem218,10,3,11,24,31,2
Slc37a2,3,0,0,2,3,1
Ccdc15,1,1,2,1,4,0
Hepacam,2,9,2,11,15,8
Robo4,55,57,70,85,143,55
Msantd2,13,7,11,20,19,5
Esam,280,234,377,559,735,292
Vsig2,15,7,14,14,31,16
Nrgn,11,153,79,93,99,23
Spa17,2,0,0,4,8,2
Siae,2,2,5,14,12,2
Tbrg1,50,35,65,108,125,39
Vwa5a,13,16,15,34,40,8
Olfr920,0,0,0,2,1,0
Zfp202,0,0,0,2,3,0
Scn3b,0,1,1,5,2,0
Gramd1b,3,3,0,5,7,2
Clmp,2,2,3,2,2,4
Hspa8,726,929,1203,1397,1708,1134
Ubash3b,2,4,3,7,17,6
1700063D05Rik,0,2,2,0,1,0
Sorl1,4,5,11,7,25,0
Sc5d,7,7,13,18,41,11
Tbcel,12,8,14,22,39,5
Grik4,0,0,0,1,1,0
Arhgef12,75,52,99,123,182,36
Tmem136,4,2,4,2,7,1
Pou2f3,0,1,3,0,0,2
Oaf,5,8,9,22,16,3
D630033O11Rik,2,0,1,0,4,0
Pvrl1,1,2,3,6,10,3
Thy1,0,0,4,0,1,0
Rnf26,2,5,4,11,11,6
Usp2,7,8,2,12,28,1
Mfrp,0,0,0,1,0,0
Gm26737,0,0,0,3,3,0
Gm10687,0,0,0,0,7,0
Mcam,41,31,33,61,69,16
Cbl,25,31,37,48,87,15
Ccdc153,0,0,0,1,0,0
Nlrx1,0,1,1,2,2,0
Abcg4,0,0,0,0,1,0
Hinfp,2,0,0,1,2,0
C2cd2l,6,8,14,22,20,11
Dpagt1,6,3,8,31,31,11
H2afx,10,18,13,34,50,16
Hmbs,10,11,10,38,36,7
Vps11,7,7,8,28,19,8
Hyou1,3,3,8,8,23,10
Slc37a4,5,3,4,11,16,1
Trappc4,33,41,53,100,147,26
Rps25,442,501,642,926,1758,224
Ccdc84,5,2,8,4,12,5
Upk2,0,1,0,0,0,0
C030014I23Rik,2,3,4,7,11,1
Bcl9l,6,11,13,18,38,6
Cxcr5,4,0,7,3,39,2
Ddx6,58,84,99,145,231,45
Phldb1,13,21,20,45,55,15
Arcn1,27,21,33,45,103,23
Ift46,4,6,5,22,24,7
Tmem25,2,0,0,1,0,0
Ttc36,0,0,0,0,1,1
Kmt2a,45,34,53,87,131,12
Atp5l,175,194,259,326,619,134
Ube4a,8,10,20,21,43,5
Cd3g,0,0,4,0,0,0
Cd3d,2,0,3,0,0,0
Cd3e,0,0,1,0,0,0
Mpzl3,0,1,0,2,1,0
Amica1,2,8,2,3,10,0
Scn2b,0,0,1,4,8,0
Scn4b,3,0,0,3,2,0
BC049352,2,0,0,0,0,0
Il10ra,12,7,9,18,36,2
Fxyd6,15,23,9,25,40,3
Fxyd2,0,0,0,0,1,0
Dscaml1,0,1,0,0,1,1
Cep164,10,7,7,19,38,5
Bace1,8,2,9,19,46,4
Gm16536,6,4,8,13,20,3
Rnf214,3,6,9,19,28,9
Pcsk7,7,2,8,15,16,10
Tagln,344,27,283,401,306,0
Sidt2,13,12,24,36,44,6
Pafah1b2,20,20,38,56,103,21
Sik3,19,11,18,37,58,10
Apoa1,0,0,1,0,2,0
Zpr1,8,8,22,28,41,12
Bud13,2,3,5,8,11,5
2900052N01Rik,0,1,0,3,1,1
Cadm1,18,22,28,49,70,15
Nxpe2,9,1,5,11,13,6
Nxpe4,34,32,55,114,136,26
Rexo2,50,48,65,141,190,58
Rbm7,34,23,54,72,108,16
Gm5617,12,11,9,27,22,5
Nnmt,0,0,0,0,4,0
Zbtb16,11,18,13,2,6,0
Usp28,1,2,2,3,4,1
Zw10,8,5,2,11,12,4
Tmprss5,0,0,0,0,6,0
Ttc12,1,3,2,7,19,0
Ncam1,1,6,0,10,14,7
Rpl10-ps3,6,4,3,14,11,1
Plet1os,1,0,0,0,0,0
Plet1,0,1,0,0,0,0
Pts,12,20,16,42,43,11
Bco2,0,0,1,1,8,1
Il18,6,2,8,6,21,2
Sdhd,30,27,42,76,119,22
Timm8b,23,30,51,84,117,31
AU019823,11,12,19,35,36,7
Pih1d2,1,0,0,1,1,0
Dlat,6,9,14,27,42,8
Dixdc1,15,9,16,38,40,11
2310030G06Rik,1,1,1,1,2,0
Hspb2,7,1,9,18,19,0
Cryab,27,84,42,81,112,35
1110032A03Rik,8,2,21,35,35,6
Fdxacb1,5,4,2,3,7,1
Alg9,10,3,2,10,13,4
Ppp2r1b,3,7,7,11,18,4
Sik2,3,7,7,16,13,6
Layn,19,12,26,42,57,5
4833427G06Rik,0,0,0,0,1,0
Pou2af1,4,2,14,12,15,4
Gm684,8,1,11,22,31,2
2010007H06Rik,6,1,7,8,11,4
1810046K07Rik,0,0,0,1,1,0
Arhgap20,3,0,6,31,22,8
Fdx1,22,20,40,70,85,23
Rdx,112,106,176,283,502,91
Zc3h12c,4,2,1,8,5,2
AI593442,0,1,1,0,1,0
Ddx10,9,3,20,26,34,11
Kdelc2,7,7,13,23,25,14
4930550C14Rik,1,2,1,2,2,1
Atm,3,4,6,10,26,0
Npat,6,3,10,17,19,7
Acat1,18,21,25,52,96,17
Cul5,16,13,18,48,64,6
Gm16124,0,1,2,6,5,0
Rab39,0,0,1,1,2,0
Slc35f2,35,16,31,55,57,20
Elmod1,1,0,0,0,1,0
Dmxl2,8,2,8,15,22,2
Cib2,0,1,2,2,5,0
Idh3a,12,14,14,35,53,12
Acsbg1,1,0,1,6,4,0
Dnaja4,9,7,13,13,30,14
Wdr61,19,13,29,60,99,12
Ireb2,8,9,7,26,30,4
Hykk,1,0,5,3,8,0
AY074887,0,0,1,1,0,0
Psma4,40,33,68,136,204,55
Ube2q2,6,3,10,25,23,5
Fbxo22,24,20,29,60,69,11
Etfa,21,15,28,63,83,11
Scaper,5,5,6,24,19,3
4930563M21Rik,0,0,0,0,1,0
Rcn2,33,40,59,103,148,23
Pstpip1,1,0,4,3,6,0
Tspan3,31,34,44,81,138,33
Peak1,18,13,33,44,87,15
Hmg20a,10,13,9,26,48,8
Lingo1,0,0,0,1,4,1
Cspg4,21,16,23,60,77,5
Snx33,0,1,2,4,9,1
Imp3,52,46,53,134,176,28
Snupn,2,6,7,11,19,7
Ptpn9,11,8,13,27,27,4
Sin3a,7,12,12,36,55,6
2700012I20Rik,1,1,0,1,4,1
Man2c1os,1,0,2,1,1,0
Man2c1,3,11,10,15,32,9
Neil1,2,7,2,4,12,0
Commd4,6,14,30,40,60,12
1700017B05Rik,4,3,6,5,22,4
Ppcdc,7,5,8,12,35,0
Scamp5,1,4,5,6,14,1
Cox5a,98,142,191,329,450,127
Gm26631,1,0,2,0,5,0
Fam219b,14,15,26,45,53,12
Mpi,4,5,2,10,10,3
Scamp2,26,27,28,51,68,10
Ulk3,3,5,6,16,17,5
Cplx3,0,0,0,1,0,0
Csk,18,27,35,46,122,25
Edc3,6,4,6,8,16,0
Clk3,7,13,14,24,41,12
Arid3b,8,1,7,10,29,0
Ubl7,11,9,15,34,47,8
Sema7a,101,91,164,148,317,89
Gm17322,0,0,1,1,1,0
Ccdc33,0,0,1,1,2,0
Stra6,86,68,124,113,273,93
Islr,2,1,3,4,6,0
Islr2,12,5,11,8,23,2
Pml,13,15,16,20,30,10
Stoml1,3,4,4,18,20,3
Loxl1,0,0,1,0,0,0
6030419C18Rik,0,0,0,1,0,0
Cd276,0,0,0,0,1,0
Nptn,37,55,66,116,165,27
Rec114,0,7,0,1,7,0
Neo1,13,16,6,18,31,5
Adpgk,4,4,8,10,19,7
Bbs4,4,4,2,14,13,6
Arih1,19,24,31,64,89,17
Tmem202,1,0,0,1,0,0
Hexa,42,20,31,72,99,16
Celf6,0,0,0,1,0,0
Parp6,4,3,6,14,17,4
Pkm,148,156,236,357,495,183
Gramd2,0,1,0,0,0,0
Senp8,0,1,0,2,4,0
Myo9a,8,21,23,37,58,10
Thsd4,0,0,0,1,2,0
Lrrc49,19,13,25,60,71,7
B930082K07Rik,1,1,3,2,3,0
Larp6,1,1,3,1,5,1
Uaca,43,27,70,172,201,48
Gm10655,0,1,1,0,0,1
Tle3,12,20,10,27,34,13
Rplp1,1137,1248,1524,2368,4500,769
Kif23,0,6,4,4,18,6
Paqr5,75,108,93,159,225,65
Glce,4,2,6,11,16,5
Anp32a,119,83,179,357,491,104
Coro2b,10,19,19,37,44,13
Fem1b,9,9,13,39,32,6
Gm26609,0,0,0,3,7,0
Cln6,6,7,4,13,11,0
Calml4,1,1,1,7,0,1
Pias1,23,19,22,44,52,13
Map2k5,4,4,7,15,20,7
2300009A05Rik,25,16,20,45,58,10
Aagab,8,7,3,14,11,3
Smad3,4,10,4,13,20,6
Smad6,7,12,30,14,32,16
Zwilch,0,2,1,1,2,0
Rpl4,239,192,306,530,787,163
Snapc5,20,24,54,76,91,26
Map2k1,13,16,26,45,47,9
Uchl4,1,0,0,1,0,0
Tipin,12,13,16,38,42,5
Dis3l,4,6,6,8,10,7
Megf11,0,0,0,0,1,0
Rab11a,101,134,128,278,327,148
Dennd4a,3,13,13,18,38,5
Vwa9,5,2,3,14,26,6
Hacd3,5,5,7,14,41,3
Dpp8,11,10,18,34,33,8
Igdcc4,0,0,0,0,1,0
Igdcc3,0,1,4,1,1,1
Parp16,1,4,2,3,6,2
Clpx,23,6,21,38,52,5
Pdcd7,9,9,19,31,29,7
Kbtbd13,0,0,1,0,0,0
Rasl12,9,6,14,14,16,0
Mtfmt,0,1,12,7,11,0
Spg21,12,19,25,50,67,16
Plekho2,7,7,2,10,11,4
Rbpms2,2,10,7,8,25,2
Oaz2,49,42,85,97,202,33
Zfp609,4,7,4,9,22,3
Trip4,11,6,12,18,36,3
Csnk1g1,12,19,13,22,34,7
Ppib,168,147,233,460,587,135
Snx22,2,1,1,1,2,0
Snx1,29,22,27,47,85,24
Fam96a,13,17,18,59,61,7
Dapk2,0,0,0,1,3,0
Herc1,32,34,58,66,104,20
Fbxl22,5,2,0,21,14,0
Usp3,6,3,19,25,25,1
Aph1b,9,5,11,15,20,5
Aph1c,1,1,2,4,6,1
Rab8b,9,12,15,18,40,7
Rps27l,82,88,132,217,316,66
Lactb,13,17,18,41,69,16
Tpm1,176,92,130,203,339,45
Tln2,11,4,14,41,29,8
Vps13c,9,5,5,10,23,4
Rora,21,30,56,83,111,22
Ice2,4,6,5,8,15,2
Anxa2,97,118,136,373,373,281
Gm28731,0,0,5,4,2,1
Bnip2,103,85,139,198,328,72
Gtf2a2,40,42,54,110,151,25
Fam81a,0,1,0,2,4,0
Myo1e,11,11,20,32,41,6
Rnf111,6,8,13,24,24,5
Sltm,24,21,40,61,75,16
Fam63b,63,60,57,112,160,39
Gm10642,0,1,2,4,0,0
Adam10,63,55,79,132,154,36
Aqp9,0,1,1,0,0,0
Aldh1a2,0,0,0,0,7,0
Polr2m,61,42,72,118,191,36
Myzap,1,0,3,5,6,0
Cgnl1,68,67,88,187,233,59
Tcf12,47,50,67,118,138,35
Gm27253,0,0,0,1,1,1
Zfp280d,8,14,26,51,66,15
BC065403,0,1,0,1,0,0
Mns1,0,0,1,0,1,0
Tex9,4,2,1,6,5,1
Rfx7,8,10,11,24,24,11
Nedd4,113,118,129,279,372,64
Pygo1,2,1,6,2,2,0
Dyx1c1,0,1,0,1,1,0
Ccpg1os,1,2,1,9,7,2
Ccpg1,12,13,21,24,23,8
Pigb,0,0,1,5,5,3
Rab27a,0,5,3,7,5,3
Rsl24d1,18,21,27,42,56,14
Unc13c,1,0,5,6,14,3
Fam214a,3,4,2,10,21,1
Arpp19,98,85,118,147,345,83
Myo5a,2,1,1,1,10,1
Myo5c,0,1,0,0,0,0
Gnb5,0,1,0,0,0,0
Mapk6,7,15,12,26,35,5
4933433G15Rik,1,0,1,4,6,0
A130057D12Rik,1,0,0,0,0,1
Leo1,4,6,14,9,12,5
Tmod3,47,69,78,150,187,58
Tmod2,6,21,11,25,34,24
Lysmd2,15,34,37,58,100,23
Scg3,0,2,1,8,5,3
Bmp5,1,3,4,7,19,0
Gm26903,1,0,1,1,0,0
Hcrtr2,0,0,0,1,1,0
5730403I07Rik,0,1,0,0,0,0
Lrrc1,2,3,5,6,7,2
Klhl31,1,0,0,0,0,0
Gclc,5,14,18,30,62,8
Elovl5,23,22,31,44,84,20
Fbxo9,16,21,28,50,94,15
Ick,22,9,30,32,73,11
C920006O11Rik,6,3,2,8,12,0
Gsta4,87,44,166,198,228,40
Gsta2,0,0,0,2,1,0
Ooep,0,1,1,2,2,6
Mb21d1,1,1,5,8,12,2
Gm17324,0,0,0,0,1,0
Mto1,7,4,11,13,12,4
Eef1a1,1268,1529,1907,3460,4462,1158
Slc17a5,3,4,11,15,24,2
Cd109,0,0,0,1,2,0
Col12a1,0,0,0,0,9,0
Cox7a2,184,171,214,299,556,135
Tmem30a,65,76,71,160,227,62
Filip1,23,13,29,53,69,6
Senp6,28,16,41,87,95,17
Gm17477,1,0,2,4,1,0
Myo6,26,23,54,74,97,17
Htr1b,3,1,0,0,1,0
Irak1bp1,5,2,3,5,13,5
Phip,56,34,66,86,168,38
Hmgn3,10,13,24,31,46,6
Lca5,1,4,4,11,17,1
Sh3bgrl2,2,5,4,17,10,5
Ttk,0,0,1,0,0,0
Bckdhb,7,3,2,7,8,2
Fam46a,2,6,9,22,20,1
Ibtk,6,11,9,17,30,12
Tpbg,1,4,2,6,7,0
Ube2cbp,1,0,1,1,1,0
Dopey1,25,27,34,44,100,8
Pgm3,2,3,6,8,18,3
Rwdd2a,1,1,2,6,5,0
Me1,0,2,2,3,12,3
Snap91,0,0,0,1,2,0
Cyb5r4,16,9,22,25,31,3
Cep162,4,6,12,10,31,3
Tbx18,6,8,7,15,20,2
Nt5e,0,0,0,0,2,1
Snx14,9,7,6,20,31,10
Syncrip,19,17,32,49,98,27
Zfp949,3,3,3,13,25,3
9430037G07Rik,0,0,0,0,4,0
Mthfsl,17,11,20,27,37,7
Bcl2a1d,5,12,11,1,6,1
Bcl2a1a,4,5,1,2,4,1
Bcl2a1b,23,38,19,16,47,5
Mthfs,9,9,11,27,23,3
Tmed3,21,30,36,112,105,25
Rasgrf1,1,0,0,0,3,0
Ctsh,145,95,229,307,564,76
Morf4l1,157,167,237,385,619,115
Gm26882,0,0,5,1,4,2
Adamts7,0,0,1,0,0,0
Tbc1d2b,5,8,7,12,23,2
Zic1,23,35,22,77,158,9
Zic4,12,9,15,17,41,3
Plscr1,20,38,27,81,104,19
Plscr2,32,17,55,71,80,8
Plscr4,31,33,52,92,115,13
Plod2,13,9,11,31,25,8
1190002N15Rik,2,5,2,9,23,3
Slc9a9,1,1,0,4,8,0
Chst2,9,11,7,12,26,4
U2surp,27,34,53,97,128,20
Gm28424,1,0,0,0,0,0
Paqr9,0,1,0,2,4,2
Pcolce2,0,4,0,4,1,1
Trpc1,2,4,4,17,14,1
Pls1,2,9,3,7,7,1
Atr,6,2,9,11,21,3
Gm16794,0,1,1,2,4,0
Xrn1,15,18,40,48,69,6
Gk5,7,1,4,23,18,3
Tfdp2,9,20,18,29,38,3
Atp1b3,50,117,66,231,219,74
BC043934,0,0,0,2,1,0
Rnf7,61,75,79,194,256,56
Rasa2,10,6,12,14,35,4
Zbtb38,27,28,32,69,104,12
A930006L05Rik,0,0,0,0,1,0
Pxylp1,0,0,1,0,0,0
Spsb4,0,1,0,1,1,0
Gm19325,0,0,0,1,0,0
Gm26767,0,0,0,1,0,0
Slc25a36,9,10,9,31,47,5
Clstn2,0,0,0,0,1,0
Nmnat3,2,2,3,2,4,0
Rbp1,19,24,47,114,83,37
Copb2,32,31,42,80,84,23
Mrps22,3,4,8,9,14,2
Foxl2,0,2,1,1,2,0
Faim,33,16,40,73,92,16
Gm1123,0,0,0,0,1,0
Pik3cb,8,5,8,13,19,5
Cep70,7,3,9,17,18,4
Esyt3,0,0,0,0,1,0
Mras,3,8,3,7,15,4
Armc8,11,7,13,23,37,8
Dbr1,2,3,11,15,10,3
Dzip1l,1,1,1,4,5,1
Il20rb,0,1,0,2,2,0
Nck1,28,15,40,58,92,22
Slc35g2,2,1,4,10,10,7
Stag1,25,26,47,60,107,15
Pccb,1,5,2,6,21,1
Msl2,14,10,29,35,50,11
Ppp2r3a,8,10,14,27,44,5
Ephb1,0,3,0,1,8,5
Cep63,4,3,10,16,40,6
Anapc13,40,43,65,88,154,25
Amotl2,30,36,52,69,145,19
Ryk,25,26,34,62,107,17
Slco2a1,1,1,1,13,5,3
Rab6b,17,12,13,18,25,11
Srprb,11,9,16,19,40,9
Trf,47,178,30,232,346,69
1300017J02Rik,0,1,0,0,0,0
Topbp1,2,6,9,18,28,7
Cdv3,22,30,37,64,117,22
Bfsp2,2,1,1,2,9,1
Tmem108,1,1,1,1,8,0
Nphp3,2,2,3,5,11,1
Uba5,19,15,27,40,50,13
Acad11,0,2,2,14,15,0
Dnajc13,12,12,22,28,35,6
Mrpl3,14,10,18,35,48,5
Nudt16,6,4,1,17,23,4
Aste1,3,6,10,11,13,2
Atp2c1,36,39,67,76,132,34
Pik3r4,8,10,9,19,28,4
Col6a6,0,0,1,0,4,0
Col6a5,0,0,0,0,1,0
Glyctk,0,0,0,0,1,1
Wdr82,21,24,27,45,57,15
Ppm1m,7,11,16,30,45,11
Twf2,40,18,40,56,94,13
Alas1,88,107,124,179,198,148
4930500F10Rik,0,0,0,0,1,0
Poc1a,0,0,2,4,4,0
Dusp7,22,31,40,60,125,16
Rpl29,297,313,464,884,1183,263
Acy1,2,3,2,4,21,2
Abhd14a,5,6,9,25,42,8
Abhd14b,8,11,20,34,61,13
Gm28959,0,1,0,0,0,0
Pcbp4,10,18,6,20,42,10
Gpr62,1,6,1,5,7,2
Parp3,2,5,7,12,22,7
Rrp9,7,2,6,19,28,6
Tex264,18,12,31,34,65,17
Rad54l2,10,9,13,12,18,7
Vprbp,10,7,21,19,30,6
Manf,60,67,84,159,168,140
Rbm15b,7,7,7,22,47,5
4930524O07Rik,0,0,1,1,2,0
Dock3,0,0,0,2,0,1
Mapkapk3,3,3,5,8,9,1
Cish,3,5,10,13,11,5
Hemk1,2,2,1,3,11,1
6430571L13Rik,1,0,0,0,0,0
Cacna2d2,0,0,0,1,2,0
Tmem115,9,12,22,43,31,9
Cyb561d2,6,6,9,24,18,5
Nprl2,10,6,12,13,18,5
Zmynd10,0,0,1,0,1,0
Rassf1,47,44,71,117,165,46
Gm9917,7,5,16,16,21,4
Tusc2,14,16,19,37,45,16
Hyal2,20,18,44,67,87,23
Hyal1,9,6,10,26,26,11
Nat6,7,5,8,25,50,8
Hyal3,2,0,2,2,4,1
Ifrd2,1,4,6,15,17,2
Gm38150,0,0,1,0,1,0
Sema3b,0,0,2,0,0,0
Gnai2,389,512,613,1181,1547,564
Slc38a3,62,40,93,83,185,38
Sema3f,3,3,0,7,8,4
Rbm5,57,36,58,69,164,27
Gm37850,0,0,0,1,0,0
Rbm6,14,26,33,53,90,13
Mon1a,3,8,5,13,16,3
Mst1r,1,0,0,0,0,0
Camkv,0,0,0,0,2,0
Traip,1,1,2,1,2,2
Uba7,9,21,9,29,39,13
Fam212a,15,7,20,26,52,4
Cdhr4,1,0,0,1,3,0
Ip6k1,28,27,35,49,91,10
Gmppb,1,2,5,14,17,11
Rnf123,3,9,6,8,16,2
Amigo3,1,1,0,0,1,0
Apeh,9,13,12,17,36,7
Bsn,1,1,0,0,3,0
Dag1,33,37,45,94,146,26
Nicn1,4,10,10,19,29,6
Amt,1,2,7,4,9,1
Tcta,5,10,15,28,38,10
Rhoa,276,286,396,742,999,289
Gm37401,0,0,0,0,2,0
Gpx1,112,306,180,447,586,197
Usp4,13,9,20,59,60,13
1700102P08Rik,2,0,1,1,1,0
Klhdc8b,19,12,18,32,48,7
Ccdc71,11,4,6,10,22,8
Lamb2,56,57,80,187,221,53
Usp19,27,21,27,44,77,18
Qars,12,17,16,37,42,7
Qrich1,24,14,16,43,62,12
Impdh2,24,19,36,66,91,26
Ndufaf3,17,22,32,41,75,28
4833445I07Rik,0,2,0,2,3,1
Dalrd3,6,6,8,19,26,3
Wdr6,7,6,5,13,26,6
P4htm,1,1,2,6,9,2
Arih2,7,6,9,20,34,6
Slc25a20,10,11,15,21,36,9
Prkar2a,32,30,37,79,101,25
Ip6k2,7,7,5,23,18,5
Nckipsd,3,2,3,2,9,1
Slc26a6,0,0,0,5,5,0
Tmem89,0,0,0,0,1,0
Uqcrc1,40,27,69,113,188,38
Col7a1,1,1,2,0,5,0
Gm38004,0,0,0,0,1,0
Pfkfb4,3,2,2,6,5,1
Shisa5,62,61,94,176,288,141
Atrip,0,1,0,0,1,0
Tma7,99,106,105,188,328,75
Ccdc51,2,2,4,5,12,0
Gm7628,0,0,1,2,1,0
Plxnb1,4,3,7,12,19,6
Gm42756,0,1,0,0,1,0
Spink8,0,0,0,0,1,0
Nme6,6,4,4,7,12,3
Cdc25a,2,3,1,7,20,5
Map4,76,47,109,118,232,48
Dhx30,21,12,22,36,61,14
Smarcc1,12,11,7,17,29,4
Cspg5,6,2,1,33,27,3
Elp6,3,1,5,6,14,2
Scap,8,8,16,19,28,7
Ptpn23,7,5,5,20,23,8
Ngp,0,1,0,0,0,0
Klhl18,6,2,6,15,14,7
Kif9,0,0,0,2,0,1
Setd2,16,13,31,43,77,15
Nradd,1,0,3,6,9,1
Nbeal2,6,5,10,16,27,11
Ccdc12,46,52,68,155,207,50
Pth1r,8,21,26,64,107,12
Tmie,2,0,1,4,6,0
Als2cl,7,4,10,26,36,13
Tdgf1,0,0,0,0,1,1
Lrrc2,0,0,1,2,1,0
Rtp3,5,0,4,6,5,1
1700061E17Rik,0,0,0,1,0,0
Ccrl2,41,17,20,29,62,8
Lrrfip2,13,15,27,34,58,13
Mlh1,3,2,4,3,6,0
Epm2aip1,11,14,23,34,41,4
Trank1,0,1,0,0,0,0
Dclk3,0,1,0,0,0,0
Arpp21,0,1,0,0,2,0
2900079G21Rik,0,2,0,0,1,0
Pdcd6ip,31,58,39,89,138,29
Clasp2,11,20,15,24,58,11
Ubp1,10,7,21,28,33,14
Fbxl2,4,0,6,6,12,1
Susd5,3,2,2,2,2,0
Crtap,30,18,37,63,128,20
Glb1,8,3,10,20,31,3
Tmppe,4,3,6,7,31,5
Cnot10,10,11,14,22,38,10
Dync1li1,17,20,32,32,71,17
Cmtm6,37,26,51,80,121,24
Cmtm7,14,11,18,30,46,4
Gm9888,0,0,0,0,1,0
Cmtm8,62,56,97,87,199,31
Gpd1l,6,4,13,16,27,7
Osbpl10,1,0,2,0,4,1
Rps27rt,44,58,84,78,215,19
Stt3b,22,27,41,59,112,25
Gadl1,0,0,0,0,3,0
Tgfbr2,65,74,86,203,223,46
Rbms3,8,7,9,19,26,0
Azi2,16,24,32,52,49,24
Cmc1,13,11,19,23,34,6
Golga4,29,25,36,52,84,14
Itga9,1,0,0,3,6,1
Gm2415,1,0,4,2,9,2
Ctdspl,19,21,33,41,77,14
Vill,0,0,0,0,1,0
Plcd1,5,1,5,6,9,3
Oxsr1,10,7,12,14,23,6
Myd88,4,8,21,23,28,10
Acaa1a,34,25,49,74,121,18
Xylb,1,1,0,0,1,0
Acvr2b,1,3,4,8,16,0
Exog,3,1,2,6,7,1
Wdr48,10,8,13,23,37,4
Cx3cr1,42,18,53,54,167,4
Gorasp1,2,0,2,5,9,0
Csrnp1,42,68,64,63,120,28
Xirp1,3,1,2,1,1,0
Slc25a38,5,5,12,18,14,9
Rpsa,469,581,688,1375,2116,391
Mobp,29,86,15,71,166,66
Myrip,8,26,11,26,21,6
Eif1b,54,33,80,134,203,41
Rpl14,428,419,592,1006,1368,270
5830454E08Rik,1,0,2,4,5,1
1700020M21Rik,0,0,0,1,0,0
Ctnnb1,334,165,406,570,892,132
Ulk4,0,0,1,1,3,0
Trak1,16,13,23,37,53,6
Cck,0,1,1,3,1,0
Lyzl4os,0,0,0,1,0,0
Vipr1,0,0,0,0,2,0
Sec22c,1,4,2,4,11,0
Deb1,6,12,17,28,40,9
Nktr,58,52,66,109,189,36
Zfp651,4,2,5,6,16,1
Hhatl,0,0,0,0,2,0
Ccdc13,0,1,1,1,2,0
Higd1a,35,53,79,91,169,42
1700048O20Rik,0,0,0,1,3,0
Fam198a,0,0,0,1,0,0
Pomgnt2,0,1,2,4,8,0
Snrk,134,119,174,163,327,59
Ano10,11,5,13,17,40,5
Gm26797,0,0,1,0,0,0
Abhd5,13,14,24,35,54,14
9530059O14Rik,0,0,0,1,0,0
Topaz1,0,0,0,1,0,0
Tcaim,3,3,3,10,16,3
Zfp445,1,2,3,5,7,1
A530083I20Rik,0,0,0,0,1,0
Zkscan7,0,0,2,0,0,0
Zfp105,7,1,2,14,14,1
1110059G10Rik,17,13,15,31,49,8
Tmem42,2,3,10,7,20,3
Zdhhc3,9,15,23,24,55,16
Exosc7,10,11,21,50,60,9
Clec3b,0,0,0,0,21,0
Tmem158,0,2,1,9,12,1
Lars2,101,52,178,151,408,17
Limd1,27,41,37,58,94,14
Sacm1l,15,14,21,33,31,7
Slc6a20b,1,0,1,0,3,0
Slc6a20a,15,25,29,59,126,22
Ccr9,3,0,1,1,8,0
Lztfl1,18,21,21,45,52,20
Fyco1,38,42,57,64,104,16
Cxcr6,0,0,0,0,1,0
Xcr1,0,0,0,0,1,0
Ccr1,0,3,2,0,0,0
Ccr2,0,13,0,1,0,1
Ccr5,2,13,8,9,13,0
2010315B03Rik,2,3,9,13,16,4
Ppp2r3d,10,3,7,12,26,6
Sfi1,5,5,7,14,21,6
Drg1,14,14,33,57,74,18
Eif4enif1,14,11,15,22,41,10
Patz1,8,3,26,24,57,8
Pik3ip1,79,52,70,51,145,11
Limk2,7,13,14,19,31,2
Rnf185,5,4,8,11,25,7
Pla2g3,0,1,0,0,1,0
Inpp5j,0,0,0,0,2,0
Selm,111,80,142,340,371,56
Smtn,35,14,38,37,117,13
Morc2a,10,5,10,20,26,5
Osbp2,0,1,0,2,0,0
4921536K21Rik,0,0,0,0,1,0
Dusp18,2,3,4,13,25,3
Slc35e4,10,3,14,27,42,12
Tcn2,36,20,56,94,133,26
Pes1,6,5,13,14,29,5
Gal3st1,0,2,0,5,8,4
Mtfp1,1,0,0,4,9,1
Sec14l2,0,2,0,0,5,0
Rnf215,25,26,26,47,74,14
Ccdc157,3,1,5,6,17,0
Sf3a1,16,12,19,33,57,17
Tbc1d10a,13,8,25,23,61,11
Gatsl3,28,17,38,40,66,10
Osm,1,0,3,4,14,0
Mtmr3,17,10,14,31,53,13
Ascc2,5,8,3,8,19,7
Uqcr10,117,103,151,196,346,88
Zmat5,12,18,20,38,48,15
Nf2,11,16,9,19,48,7
Nipsnap1,5,3,5,13,13,3
Thoc5,8,9,8,23,16,5
Ap1b1,10,4,22,9,41,2
Gas2l1,14,21,13,33,44,14
Rasl10a,2,1,1,0,2,0
Ewsr1,39,42,58,128,167,47
Rhbdd3,2,0,1,2,9,0
Emid1,1,1,2,1,4,2
Kremen1,3,5,11,13,22,1
Znrf3,7,6,6,9,19,1
Gm11963,0,0,0,0,1,0
Xbp1,40,79,80,212,189,110
Ccdc117,11,7,21,33,29,12
Mrps24,58,52,59,167,208,47
Urgcp,6,6,7,15,29,0
Dbnl,23,29,42,61,88,29
Polm,1,4,0,5,10,1
Aebp1,0,0,1,1,0,0
Pold2,5,6,9,15,20,5
Ykt6,12,12,18,27,46,15
Camk2b,2,4,1,2,7,0
Nudcd3,37,37,58,80,152,22
A730071L15Rik,0,0,1,1,1,0
Ddx56,4,8,8,22,25,5
Tmed4,29,37,48,64,107,20
Ogdh,31,32,40,63,131,30
Zmiz2,10,17,24,41,49,15
Ppia,656,791,956,2053,2986,694
H2afv,87,76,128,211,276,45
Purb,80,79,107,189,317,75
Gm11973,0,0,0,0,1,0
Myo1g,1,7,3,2,8,0
Ccm2,17,14,16,37,62,20
Nacad,2,2,0,4,5,0
Tbrg4,3,0,2,7,4,5
Ramp3,5,3,11,22,44,8
Adcy1,0,0,1,0,0,0
Igfbp3,6,20,7,3,20,11
Tns3,8,12,8,23,49,4
Hus1,8,1,8,14,18,6
Gm11992,0,0,0,1,0,0
Upp1,0,7,2,27,4,50
Zpbp,0,0,0,1,2,0
Gm11998,0,0,1,0,0,0
Ikzf1,5,9,10,7,28,3
Fignl1,0,0,0,2,0,0
Ddc,48,37,73,40,99,13
Grb10,25,35,33,38,54,13
Cobl,0,0,1,0,1,0
Gm12002,2,4,1,9,12,0
Sec61g,121,279,167,262,597,160
Egfr,1,0,3,2,0,0
Fbxo48,0,0,0,1,0,0
Plek,11,70,20,29,65,2
Cnrip1,4,3,3,8,12,0
Ppp3r1,18,18,24,38,62,13
Wdr92,3,4,6,14,13,5
Pno1,9,7,12,14,31,3
C1d,28,35,47,96,85,26
Etaa1,1,4,5,11,19,4
Etaa1os,0,0,0,0,1,0
Meis1,0,1,0,1,0,1
Spred2,6,12,18,15,41,12
Actr2,52,62,46,123,177,39
Rab1a,44,63,64,144,193,70
Cep68,9,12,13,16,42,4
Slc1a4,2,1,0,9,5,2
Sertad2,42,46,46,91,162,18
Aftph,22,27,29,47,63,11
Lgalsl,30,25,26,35,72,6
Peli1,46,55,74,120,140,39
Vps54,13,11,12,18,40,10
Ugp2,15,18,29,54,57,14
Mdh1,32,49,67,108,185,38
Wdpcp,2,3,2,3,2,1
Ehbp1,2,2,5,6,10,2
Tmem17,1,0,3,2,6,0
Gm12057,0,0,1,1,2,0
Gm28048,0,0,1,6,5,1
B3gnt2,6,1,8,2,12,1
Commd1,46,42,65,99,134,32
Zrsr1,7,12,9,19,27,3
Cct4,69,70,97,146,201,68
Fam161a,3,2,6,4,9,1
Xpo1,22,19,21,49,40,11
Usp34,30,35,47,86,120,34
Ahsa2,19,12,30,37,43,26
1700093K21Rik,0,0,0,0,1,0
0610010F05Rik,8,6,10,19,20,8
Pex13,10,16,12,29,42,6
Pus10,2,2,4,6,10,0
Rel,21,29,39,30,83,5
Papolg,4,2,8,5,11,2
Bcl11a,5,8,1,7,32,2
Fancl,3,0,6,8,2,7
Vrk2,5,5,10,11,17,4
Ccdc85a,25,11,22,30,44,8
Efemp1,0,1,0,1,5,0
Pnpt1,4,4,7,6,17,2
Smek2,27,26,36,59,100,22
Cfap36,20,18,28,35,59,11
Ccdc88a,29,25,23,62,90,23
Prorsd1,10,13,6,31,60,6
Gm12089,0,2,0,1,0,1
Mtif2,8,8,15,17,26,2
Rps27a,694,957,1017,1694,2791,447
Clhc1,0,0,1,0,0,0
Gm12092,0,1,0,0,0,0
Rtn4,75,102,78,234,243,81
Eml6,0,4,4,7,5,0
4931440F15Rik,0,0,1,0,0,0
Sptbn1,603,556,821,1552,2180,442
Gm29237,0,0,0,1,1,0
Acyp2,16,6,14,27,47,3
Psme4,14,11,10,24,38,12
Gpr75,0,0,1,0,0,0
Asb3,9,4,5,19,22,4
Erlec1,6,6,14,42,36,7
Chac2,2,3,3,13,17,4
Stc2,1,1,0,0,0,1
Bod1,23,27,36,63,85,23
Cpeb4,11,24,25,32,52,3
Nsg2,0,1,4,1,6,1
Il9r,1,1,0,1,0,0
Snrnp25,7,6,14,29,31,5
Rhbdf1,10,7,11,23,43,5
Nprl3,3,4,7,6,16,3
Mpg,4,3,10,26,33,3
Hba-a1,1575,28310,43,6220,25196,3686
Hbq1b,0,3,0,1,0,0
Hba-a2,1048,20422,33,4214,18787,2556
Sh3pxd2b,1,4,1,5,8,2
Ubtd2,0,1,0,2,4,1
Stk10,6,2,3,9,11,4
Fbxw11,18,17,19,28,83,12
Fgf18,1,0,0,0,1,0
Npm1,126,140,143,321,435,83
Kcnip1,0,0,0,1,0,0
Kcnmb1,1,3,5,10,24,1
Lcp2,3,4,3,5,12,1
Dock2,2,12,16,12,37,3
4930403D09Rik,0,0,0,0,1,0
Spdl1,1,0,0,1,2,0
Slit3,1,0,1,3,5,0
Pank3,17,12,22,40,49,14
Fbll1,0,0,0,1,1,0
Rars,11,3,25,30,53,18
Wwc1,0,0,0,0,1,0
Tenm2,0,1,0,0,0,0
Mat2b,30,29,46,102,126,20
Nudcd2,8,19,16,36,48,7
Ccng1,6,7,14,23,38,9
Gabrg2,1,0,0,2,0,0
Gabra1,0,0,0,0,1,0
Atp10b,0,0,0,0,1,0
Pttg1,61,42,78,117,153,43
Slu7,18,9,29,49,69,20
C1qtnf2,0,5,5,7,12,0
4933415A04Rik,1,0,0,0,0,0
Pwwp2a,10,14,24,35,47,9
Ttc1,15,13,15,33,59,19
Adra1b,0,0,0,1,1,0
Ublcp1,17,11,33,58,59,7
Rnf145,5,6,16,17,38,6
Ebf1,206,132,241,362,841,117
Gm12158,0,0,1,0,0,0
Clint1,20,63,44,75,87,14
Lsm11,3,0,7,7,10,5
Thg1l,0,1,2,5,5,1
Sox30,0,0,0,1,2,0
Gm12166,1,1,2,2,3,0
Adam19,1,0,2,2,6,1
Gm16033,0,1,0,0,0,0
Nipal4,0,1,0,1,0,1
Cyfip2,4,2,5,6,15,4
Med7,6,13,21,37,51,13
Havcr2,3,7,1,4,6,0
Gnb2l1,330,288,418,801,1138,203
Trim41,7,12,16,29,41,14
Gm12184,2,0,2,12,9,0
Trim7,2,1,1,7,31,1
Irgm1,18,21,16,28,48,16
Gm5431,1,0,0,1,1,0
Gm12185,2,0,0,0,0,0
Psme2b,4,4,8,12,21,5
9930111J21Rik1,2,2,1,2,8,0
Olfr56,0,0,1,2,0,0
Tgtp1,4,2,5,0,5,4
9930111J21Rik2,32,35,46,71,143,34
Tgtp2,4,7,11,7,8,3
Ifi47,14,13,19,20,43,19
Zfp62,17,5,12,26,32,8
Mgat1,16,17,22,37,70,12
Olfr1383,0,1,0,0,0,0
Flt4,25,26,39,61,75,32
Scgb3a1,5,36,5,96,79,45
Cnot6,41,47,46,89,147,31
Gfpt2,1,1,0,0,0,0
Mapk9,9,12,22,32,53,6
Rnf130,51,51,61,112,156,39
Tbc1d9b,16,13,8,36,60,10
Gm12195,0,0,0,0,1,0
3010026O09Rik,1,0,1,2,5,3
Sqstm1,47,47,79,124,248,46
Mgat4b,20,11,26,54,70,12
Ltc4s,22,8,9,22,55,7
Gm26542,1,1,1,0,3,0
Maml1,6,13,15,16,25,4
Canx,55,77,108,218,237,88
Cby3,0,0,0,1,0,0
Hnrnph1,83,73,107,225,283,64
Rufy1,12,6,16,32,38,10
Adamts2,0,0,0,4,1,0
Zfp354c,2,0,4,6,13,0
Zfp879,0,0,1,0,2,0
Zfp454,0,1,0,1,0,1
Zfp2,5,2,2,7,4,1
Zfp354b,0,0,1,0,3,1
Zfp354a,2,0,5,2,3,1
Clk4,28,26,29,64,108,14
Col23a1,0,0,0,2,4,0
Phykpl,7,3,9,14,20,6
Hnrnpab,63,62,92,118,218,51
Nhp2,8,14,16,38,50,19
Rmnd5b,15,11,18,29,42,21
N4bp3,31,12,38,68,100,40
D930048N14Rik,2,1,5,4,5,2
0610009B22Rik,8,9,16,29,36,9
Sec24a,10,6,10,12,29,10
Sar1b,38,31,66,102,135,32
Jade2,12,19,11,15,41,11
Gm26551,0,0,0,2,0,0
Cdkn2aipnl,11,14,9,24,38,2
Ube2b,67,145,139,174,263,55
Gm12204,0,0,0,0,2,0
Cdkl3,4,1,2,4,6,3
Ppp2ca,60,45,87,154,216,64
Skp1a,41,50,64,102,205,45
Gm12207,1,0,0,0,0,0
Tcf7,18,18,44,50,62,16
A630014C17Rik,1,0,0,2,0,0
Vdac1,47,53,57,111,137,31
9530068E07Rik,22,17,34,66,78,22
Hspa4,29,23,41,79,102,26
Zcchc10,12,11,5,20,41,6
Aff4,23,30,58,80,124,20
Uqcrq,89,97,131,277,429,100
Gdf9,0,0,1,1,1,0
Gm10447,2,0,0,0,0,0
Shroom1,12,15,24,22,37,9
Sowaha,0,3,0,0,2,1
Gm9945,0,0,1,1,1,1
Sept8,18,34,23,41,93,18
Kif3a,6,6,15,17,35,14
Rad50,12,9,11,25,31,2
Irf1,28,46,70,88,109,17
Gm17334,0,0,0,0,5,0
Gm12216,3,8,7,16,28,3
Slc22a5,10,4,6,14,7,5
Slc22a21,1,1,3,4,3,0
Pdlim4,2,2,7,5,10,1
P4ha2,11,20,24,17,25,20
Acsl6,11,12,12,23,19,9
Fnip1,13,7,12,28,42,5
Rapgef6,33,28,40,51,115,15
Cdc42se2,28,25,33,36,83,10
Lyrm7,0,0,0,3,5,0
Hint1,144,194,226,424,590,145
Gpx3,1,0,1,1,0,1
Tnip1,8,13,10,16,21,10
Anxa6,22,11,17,53,81,23
Ccdc69,6,3,4,5,9,2
Gm2a,27,34,33,65,66,13
Slc36a3,0,0,0,0,0,1
Slc36a1,9,9,14,14,17,2
Sparc,268,262,521,1268,1322,600
Atox1,293,315,391,546,904,306
G3bp1,58,70,90,166,191,56
Glra1,0,0,0,1,1,1
Gria1,0,1,0,0,1,1
Fam114a2,30,25,43,69,85,16
Mfap3,9,7,17,25,39,9
Galnt10,6,2,4,4,16,3
Sap30l,25,24,37,67,98,25
Larp1,20,28,37,55,91,19
Cnot8,12,13,24,28,46,4
Gemin5,2,5,5,7,11,2
Mrpl22,7,8,18,35,44,9
Igtp,15,15,20,31,46,26
Irgm2,16,14,11,23,25,8
Zfp692,1,4,4,10,13,5
Zfp672,5,10,11,15,20,6
Sh3bp5l,3,2,6,13,14,0
Fam183b,0,0,0,0,1,0
Gm12258,2,0,2,1,4,0
2810021J22Rik,0,0,0,0,1,0
Zfp39,1,2,3,7,6,2
Rnf187,44,42,79,133,180,40
Hist3h2ba,3,4,3,13,12,3
Hist3h2a,23,21,25,44,71,7
Trim11,9,5,14,20,30,3
Obscn,0,1,0,1,8,0
Iba57,2,0,1,2,3,1
Gjc2,0,7,3,9,21,5
Guk1,29,25,41,110,136,24
Mrpl55,16,18,28,51,60,16
2310033P09Rik,15,11,20,45,51,9
Arf1,114,141,189,333,435,127
Wnt9a,0,0,1,1,2,0
Snap47,13,8,16,38,44,11
Jmjd4,2,0,1,0,2,2
Zfp867,1,4,1,6,8,2
Zkscan17,6,5,6,17,12,1
Nlrp3,4,9,7,5,13,0
Mprip,97,91,130,179,325,70
Gm12264,1,0,0,0,0,0
Pld6,0,0,0,0,1,0
Flcn,3,4,4,8,24,4
Gm16062,0,0,1,1,1,2
Cops3,22,11,21,43,76,21
Nt5m,11,5,3,25,20,3
Med9os,0,1,0,0,1,0
Med9,20,13,33,45,47,9
Rasd1,46,26,67,90,164,11
Pemt,0,0,0,1,0,0
Rai1,15,10,14,25,49,3
4930412M03Rik,0,0,0,0,1,0
Srebf1,5,16,20,25,45,9
Tom1l2,19,12,22,35,42,7
Lrrc48,1,0,0,4,1,0
Atpaf2,7,5,5,11,14,11
Gid4,11,11,11,27,42,5
Drg2,9,6,14,22,40,5
Alkbh5,50,39,57,90,133,19
Llgl1,12,6,16,30,38,10
Flii,36,33,35,89,122,21
Mief2,1,2,4,7,12,1
Top3a,2,1,1,0,3,1
Smcr8,3,1,3,6,9,1
Shmt1,0,0,0,2,0,0
Dhrs7b,6,3,8,31,26,4
Tmem11,15,16,20,35,51,19
Gm26534,0,0,0,0,1,0
Natd1,0,1,2,6,9,0
Map2k3os,0,0,0,3,5,0
Map2k3,10,27,40,47,77,24
Kcnj12,4,1,6,5,4,0
Tnfrsf13b,3,2,2,8,17,0
Usp22,17,25,24,46,70,9
Aldh3a2,11,8,13,18,47,9
Rnf112,0,0,0,2,1,0
Mfap4,0,0,1,0,1,0
Mapk7,5,9,4,10,21,12
B9d1os,0,0,0,0,1,0
B9d1,5,6,7,26,23,9
Epn2,47,30,71,79,135,18
Grap,57,30,89,84,203,41
Slc5a10,0,0,1,0,0,0
Fam83g,5,1,0,2,7,1
Prpsap2,12,8,9,17,13,2
Ulk2,14,13,17,24,46,11
A530017D24Rik,4,5,2,10,13,1
Gm26964,0,0,2,2,2,0
Akap10,7,1,4,7,16,1
Specc1,3,13,9,13,28,5
Adora2b,0,0,0,1,1,0
Zswim7,1,6,1,17,17,3
Ttc19,14,14,25,37,69,7
Ncor1,72,75,95,168,276,54
Pigl,0,2,3,3,6,2
Cenpv,12,8,12,25,24,4
Ubb,1104,1298,1561,3253,4063,774
Gm12280,0,0,0,0,1,0
Trpv2,6,2,9,10,22,0
Lrrc75a,0,2,4,9,5,3
Lrrc75aos2,0,0,1,2,1,1
Mmgt2,8,3,9,14,25,4
Zfp287,3,3,8,10,12,3
Zfp286,1,0,1,2,1,0
Trim16,19,22,20,23,53,17
Fbxw10,0,0,1,2,2,0
Tvp23b,19,18,35,57,70,13
Tvp23bos,0,0,0,1,0,0
Cdrt4,0,0,0,0,1,0
Pmp22,47,40,51,61,94,26
Hs3st3b1,2,1,0,0,0,0
Cox10,1,1,5,10,13,0
2810001G20Rik,5,6,16,19,18,2
Hs3st3a1,0,0,1,0,0,0
Elac2,3,5,5,5,9,3
Arhgap44,4,0,1,2,5,0
Myocd,2,0,1,1,2,0
Map2k4,4,8,4,19,24,6
Zkscan6,1,1,3,5,6,3
Dnah9,0,0,0,0,0,1
Tmem220,1,1,2,5,5,0
Adprm,7,5,14,21,17,2
Sco1,2,0,1,6,8,3
Gas7,0,3,0,2,6,3
Usp43,3,1,5,5,10,1
Cfap52,0,0,0,0,1,0
Stx8,15,13,24,43,76,15
Ntn1,7,14,12,22,34,17
Pik3r5,1,2,2,2,6,2
Pik3r6,12,5,10,23,28,6
Mfsd6l,0,0,1,0,0,0
Myh10,15,11,28,30,39,5
Ndel1,38,43,59,57,85,31
Rpl26,677,815,1038,1425,2626,370
Arhgef15,37,34,46,74,122,35
Slc25a35,4,1,2,4,15,1
Rangrf,4,5,2,15,7,2
Pfas,2,1,3,7,12,2
Ctc1,8,3,10,13,31,5
Aurkb,0,0,1,3,0,0
9330160F10Rik,3,0,2,3,3,1
Borcs6,8,5,22,36,53,18
Tmem107,5,3,4,16,12,3
Vamp2,32,29,38,58,122,26
Per1,34,32,41,40,173,12
9130213A22Rik,0,0,0,0,1,0
Hes7,2,2,1,0,4,0
Alox8,0,0,0,1,0,0
Cntrob,2,1,5,3,8,0
Trappc1,16,23,27,42,60,9
Kcnab3,1,0,1,3,0,1
Chd3os,0,0,1,2,9,1
Chd3,28,23,28,38,115,13
Gm17305,1,0,0,0,2,0
Cyb5d1,1,0,2,0,4,0
Naa38,35,32,51,58,134,33
Tmem88,20,18,34,92,84,32
Kdm6b,44,52,54,103,146,19
Kdm6bos,2,0,0,4,3,0
Dnah2os,3,5,7,13,11,4
Efnb3,1,16,3,15,25,10
Wrap53,0,3,8,9,14,2
Trp53,15,8,32,68,76,13
Atp1b2,34,36,57,100,173,13
Sat2,1,3,1,3,7,0
Fxr2,10,30,11,38,54,15
Mpdu1,4,17,14,34,54,4
Cd68,13,11,15,35,42,7
Eif4a1,108,120,137,346,435,125
Senp3,7,14,11,29,51,9
Tnfsfm13,4,1,2,11,12,2
Tnfsf12,44,23,52,93,147,36
Polr2a,33,39,42,108,157,26
Slc35g3,0,0,0,0,1,0
Zbtb4,46,47,58,106,137,32
Chrnb1,3,6,7,13,18,7
Fgf11,2,3,0,7,5,1
Tmem102,0,0,0,2,0,0
Nlgn2,5,1,2,1,10,3
Tmem256,61,58,66,146,203,44
Plscr3,8,5,15,36,69,14
Tnk1,0,1,0,0,1,0
Kctd11,4,2,4,7,7,0
Acap1,1,3,3,1,11,0
2810408A11Rik,0,0,0,2,0,0
Neurl4,4,4,10,17,25,7
Gps2,20,21,25,42,90,16
Eif5a,95,100,151,298,389,108
Ybx2,1,0,0,0,3,0
Slc2a4,2,2,3,2,9,1
Elp5,8,8,10,26,50,13
Ctdnep1,29,22,29,53,59,26
Gabarap,157,204,220,390,558,158
Phf23,10,11,21,29,50,13
Dvl2,2,1,5,10,19,2
Acadvl,26,18,32,58,82,24
Dlg4,1,1,0,4,6,1
Mgl2,2,0,0,0,0,0
Slc16a11,5,1,3,10,16,2
Slc16a13,2,0,2,7,20,0
Bcl6b,10,10,11,18,17,32
0610010K14Rik,26,29,43,71,91,20
Gm21988,6,4,15,13,20,10
Rnasek,5,0,3,2,2,3
Alox12,11,25,19,30,30,7
Pelp1,7,3,9,24,27,5
Arrb2,4,6,10,15,28,4
Med11,4,5,7,15,13,5
Cxcl16,4,9,5,8,6,4
Zmynd15,1,0,0,0,0,0
Psmb6,91,91,143,232,302,73
Pld2,9,7,11,19,25,6
Mink1,14,23,14,46,71,14
Gp1ba,0,0,0,0,1,0
Slc25a11,25,19,37,57,84,20
Rnf167,38,26,41,53,106,29
Pfn1,178,264,271,471,685,194
Gm12319,0,1,0,0,0,0
Eno3,2,1,0,1,8,0
Spag7,30,33,40,90,109,25
Camta2,11,14,14,19,44,5
Inca1,0,2,2,0,4,1
Kif1c,30,29,42,82,142,31
Zfp3,1,0,0,2,5,0
Scimp,1,4,2,1,5,1
Rabep1,21,9,31,31,53,21
Nup88,12,5,20,37,52,7
Rpain,11,9,15,46,40,14
C1qbp,20,17,33,52,91,13
Dhx33,2,4,3,7,9,5
Derl2,17,18,25,46,51,22
Mis12,6,6,8,9,11,8
6330403K07Rik,0,0,1,0,1,0
Nlrp1a,0,1,0,0,0,0
Gm12324,1,0,0,0,0,0
Gm12326,0,1,0,1,2,3
Wscd1,9,7,9,34,46,9
Pitpnm3,2,0,0,0,5,2
4933427D14Rik,3,4,4,14,6,4
Gm43951,0,1,0,0,1,0
Txndc17,68,56,87,207,252,75
Med31,28,20,38,58,70,22
Xaf1,20,24,37,51,105,46
Tekt1,0,0,2,0,1,0
Smtnl2,0,0,0,0,1,0
Mybbp1a,12,18,16,27,46,9
Spns2,9,13,25,56,75,17
Spns3,0,1,0,0,2,0
Ube2g1,20,17,31,50,66,13
Ankfy1,13,19,22,28,45,9
Cyb5d2,2,2,5,6,14,0
Zzef1,22,12,17,20,42,4
Atp2a3,16,19,33,29,91,8
P2rx1,2,13,2,6,8,0
Camkk1,0,0,2,2,3,0
Ncbp3,10,13,15,35,49,11
Itgae,0,2,0,0,0,0
Gsg2,0,0,0,2,0,0
P2rx5,1,0,0,0,0,0
Emc6,30,36,43,76,142,25
Tax1bp3,32,28,37,79,116,30
Ctns,3,6,3,6,19,4
Shpk,2,0,1,2,5,0
Aspa,1,10,2,8,29,9
Rap1gap2,0,0,0,0,2,1
E130309D14Rik,0,0,0,2,1,0
Cluh,1,4,5,21,16,4
Pafah1b1,71,68,92,184,273,70
Mettl16,15,10,15,23,37,3
Mnt,2,7,13,11,41,7
Sgsm2,4,4,4,5,14,3
Tsr1,2,2,5,3,10,2
Srr,5,5,5,9,16,3
Smg6,19,10,14,26,65,6
Hic1,9,14,27,29,58,17
Ovca2,0,2,4,2,2,0
Rtn4rl1,2,2,6,10,23,1
Rpa1,8,7,10,19,32,12
Smyd4,0,2,4,5,16,3
Serpinf1,4,1,3,0,28,0
Serpinf2,0,0,1,1,0,0
Wdr81,2,2,1,5,6,0
Tlcd2,0,2,0,3,4,0
Prpf8,27,29,43,74,128,19
Rilp,2,3,4,5,14,3
Scarf1,22,14,23,31,46,13
Slc43a2,11,3,7,19,19,3
Pitpna,68,87,99,142,232,72
Inpp5k,16,13,32,40,62,9
Myo1c,28,39,45,72,142,30
Crk,60,56,48,104,156,57
Ywhae,154,134,230,413,479,152
Doc2b,3,5,1,1,1,0
Rph3al,1,2,7,8,10,3
Gm16075,0,1,0,0,2,0
1700016K19Rik,0,1,0,0,0,0
Fam101b,61,21,59,84,131,48
Vps53,16,13,18,33,46,13
Glod4,16,28,36,70,67,29
Fam57a,5,5,8,23,29,5
Gemin4,0,0,0,0,1,0
Dbil5,0,0,0,1,2,0
Rnmtl1,1,1,3,3,7,1
Nxn,40,31,65,90,132,36
Timm22,12,10,23,43,76,10
Abr,35,13,28,63,65,14
Bhlha9,0,1,0,0,0,0
Tusc5,0,0,1,0,0,0
Gosr1,7,5,13,20,20,12
Cpd,68,37,76,129,169,32
Tmigd1,0,0,1,0,0,0
Blmh,15,10,31,36,43,16
Slc6a4,0,4,5,2,5,1
Nsrp1,13,22,34,33,76,13
Efcab5,0,0,0,1,0,0
Ssh2,36,21,40,45,91,8
Coro6,0,0,0,0,1,0
Ankrd13b,2,0,2,2,3,1
2210008F06Rik,0,0,0,1,1,0
Git1,22,15,27,48,73,29
Trp53i13,15,8,14,32,45,11
Abhd15,0,0,0,1,1,0
Taok1,43,66,64,110,153,19
Nufip2,37,26,48,89,136,20
Cryba1,0,0,0,0,1,1
Myo18a,13,18,21,39,57,8
Gm10277,0,0,1,0,0,0
Pipox,0,0,0,1,2,0
Sez6,0,0,0,0,2,0
Phf12,14,14,21,31,61,5
Dhrs13os,1,0,0,0,1,0
Dhrs13,1,1,3,6,3,3
Flot2,7,9,13,23,46,3
Eral1,4,3,5,9,13,4
Fam222b,5,10,17,21,32,7
Traf4,1,3,2,3,17,1
Nek8,1,0,0,7,5,1
Tlcd1,1,2,1,3,9,0
Rpl23a,273,279,378,496,1108,141
Rab34,3,9,6,19,21,8
Proca1,0,0,0,0,1,0
Supt6,22,31,31,49,92,10
Sdf2,28,35,47,69,95,30
2610507B11Rik,12,21,25,70,83,19
BC030499,0,1,0,3,2,0
Aldoc,11,8,7,62,48,3
Pigs,3,8,5,19,25,8
Unc119,2,4,0,8,8,2
Slc46a1,1,0,1,1,6,0
Sarm1,0,0,1,0,0,0
Vtn,367,290,1204,1750,2766,270
Sebox,4,5,8,6,13,1
Tmem199,4,6,13,19,38,5
Poldip2,9,10,20,47,42,7
Tnfaip1,53,53,81,140,186,49
Ift20,44,46,52,131,189,47
Tmem97,3,5,11,20,28,3
Nlk,15,10,22,23,45,4
Fam58b,7,1,12,25,30,6
Lyrm9,1,4,5,12,24,1
Nos2,2,0,6,6,5,2
Lgals9,22,30,34,78,106,47
Ksr1,6,4,5,5,9,3
Wsb1,29,35,40,84,123,17
Nf1,15,9,12,24,33,6
Omg,1,1,2,6,11,3
Gm21975,0,2,0,3,5,1
Evi2a,7,16,6,19,43,4
Rab11fip4,1,2,0,1,5,1
Gm11205,2,0,0,0,1,0
Utp6,4,5,10,22,20,6
Suz12,15,24,27,50,91,11
Gm26563,0,0,1,0,2,0
Crlf3,18,21,36,50,99,13
Atad5,2,2,3,5,4,0
Tefm,4,0,1,6,7,1
Adap2,10,20,14,34,70,2
Adap2os,6,2,14,19,24,1
Rnf135,5,1,3,13,7,4
Rhot1,14,11,25,34,56,14
Rhbdl3,0,0,2,0,1,0
5730455P16Rik,11,5,7,20,17,2
Zfp207,37,41,47,75,119,27
Psmd11,37,38,64,99,149,48
Cdk5r1,1,1,2,1,14,0
Myo1d,19,16,21,44,29,14
Tmem98,16,11,18,23,48,11
Asic2,0,0,3,0,4,1
Ccl2,14,24,18,31,17,3
Ccl7,1,0,0,16,1,0
Ccl11,4,1,0,3,5,0
Ccl12,5,1,26,21,35,0
Ccl1,0,0,1,0,0,0
Zfp830,8,6,10,15,33,10
Gm11423,0,0,1,6,2,1
Lig3,4,7,9,12,20,4
Rffl,3,3,6,13,22,7
Rad51d,5,3,7,6,20,3
Nle1,3,1,0,11,9,3
Unc45b,22,21,32,54,82,29
Slfn5,27,34,63,61,114,26
Slfn8,0,1,3,1,4,0
Slfn2,28,22,37,72,72,32
Slfn1,1,1,5,0,0,1
Slfn4,1,1,0,0,0,1
Slfn3,0,0,3,5,2,1
AI662270,4,13,1,5,17,1
Pex12,4,2,7,8,6,2
Ap2b1,43,32,47,83,140,23
Rasl10b,3,0,0,0,1,0
Gas2l2,0,0,0,1,0,0
1700020L24Rik,0,1,0,0,0,0
Mmp28,2,0,4,1,4,1
Taf15,26,21,33,49,89,17
Ccl5,0,0,0,0,5,0
Ccl9,0,1,0,1,9,0
Ccl6,0,4,6,10,7,0
Ccl3,40,17,82,94,161,2
Ccl4,110,137,107,223,277,9
Wfdc17,33,44,28,9,18,5
Wfdc18,0,0,0,0,1,0
Wfdc21,0,2,5,0,0,1
Heatr6,12,9,20,15,38,7
Ddx52,9,11,12,22,46,10
Synrg,18,16,30,39,74,14
Dusp14,1,0,0,4,4,0
Tada2a,8,2,4,14,41,7
Acaca,8,12,8,13,24,10
Aatf,3,5,2,13,24,1
Mrm1,0,2,3,2,8,2
Dhrs11,0,6,3,2,7,1
Ggnbp2,43,34,40,85,123,34
Pigw,0,2,0,1,4,0
Myo19,0,1,0,5,3,1
Znhit3,12,8,14,20,43,6
Car4,240,81,336,323,616,98
Usp32,4,9,14,14,30,4
Appbp2,32,17,22,61,85,21
Ppm1d,4,7,9,19,32,9
Bcas3,9,8,25,20,46,5
Bcas3os1,0,0,0,0,1,0
Tbx2,5,11,19,26,46,8
Gm11444,0,0,0,0,2,0
Tbx4,3,0,6,4,7,0
Brip1os,7,2,8,16,15,4
Ints2,6,4,10,16,16,1
Med13,20,11,33,55,72,10
Rnft1,15,15,16,15,35,10
Rps6kb1,19,39,28,67,99,20
Tubd1,1,2,5,8,9,1
Vmp1,35,46,44,92,115,48
Ptrh2,5,7,9,11,18,7
Cltc,65,72,89,208,260,73
Dhx40,16,24,25,42,61,14
Ypel2,6,20,7,17,15,8
Gdpd1,0,5,8,16,24,9
Smg8,2,1,3,7,13,3
Prr11,0,0,1,1,0,0
Ska2,9,4,6,13,19,4
Gm11491,0,0,0,2,2,0
Trim37,12,11,24,20,54,12
Ppm1e,2,0,2,0,8,2
Rad51c,1,0,1,1,4,1
Sept4,63,105,125,277,379,45
Mtmr4,5,5,7,11,12,3
Rnf43,1,0,0,1,4,0
Supt4a,42,50,72,95,139,30
Mir142hg,2,2,6,1,33,3
Bzrap1,0,1,0,3,1,0
Mks1,0,0,0,6,10,1
Dynll2,32,24,38,52,100,17
2010015M23Rik,1,0,1,2,2,0
Srsf1,36,44,53,61,108,22
Gm15892,0,1,0,0,1,0
Vezf1,18,27,46,73,116,26
Cuedc1,14,16,19,41,64,17
Mrps23,16,8,16,32,69,13
Msi2,75,63,117,124,226,20
C030037D09Rik,2,1,2,4,4,1
Akap1,3,4,7,17,27,4
Scpep1,4,4,12,17,31,6
Coil,4,2,4,4,6,2
Gm11496,0,0,0,0,1,0
Trim25,32,15,28,43,60,12
Dgke,9,4,17,12,26,4
Dgkeos,1,0,0,1,0,0
Nog,2,3,0,0,7,0
Pctp,0,4,1,3,3,3
Tmem100,5,5,1,19,35,31
Mmd,13,26,28,41,67,15
Hlf,15,21,16,58,147,3
Stxbp4,4,3,5,6,13,2
Cox11,5,5,9,14,14,1
Tom1l1,0,0,0,0,6,1
Car10,0,0,0,0,1,0
Utp18,13,6,13,20,28,11
Mbtd1,6,5,13,25,43,8
Nme2,13,26,31,80,98,22
Nme1,38,34,56,147,177,45
Spag9,76,70,91,141,214,48
Tob1,103,111,118,237,311,65
Wfikkn2,0,0,2,1,4,0
Luc7l3,39,43,71,113,171,37
Ankrd40,32,20,47,62,108,30
Abcc3,2,2,0,1,2,1
Cacna1g,1,2,0,2,2,0
Mycbpap,1,0,0,0,0,0
Rsad1,0,1,2,2,9,0
Acsf2,0,3,3,10,12,0
Lrrc59,15,13,22,27,55,20
Mrpl27,22,14,33,69,66,14
Xylt2,8,2,3,10,15,4
Col1a1,0,0,0,1,2,0
Sgca,0,0,1,0,1,0
Ppp1r9b,16,33,23,68,72,30
Samd14,2,2,3,3,0,1
Pdk2,8,6,8,10,21,2
Itga3,7,3,8,7,15,6
Kat7,15,11,20,23,48,11
Gm11520,0,1,0,0,0,0
Fam117a,0,14,1,1,16,0
Slc35b1,26,22,35,80,88,36
Spop,60,55,77,130,194,51
Nxph3,0,1,0,0,0,0
Phb,20,19,30,76,96,31
Gm26830,1,1,0,0,1,1
Gm9796,0,0,1,1,0,0
Zfp652os,0,0,1,1,4,1
Zfp652,13,11,29,46,80,16
B130006D01Rik,1,2,1,5,4,1
Abi3,4,12,9,30,30,11
Gngt2,18,27,12,120,84,70
Snf8,34,20,37,83,112,30
Ube2z,21,25,22,33,54,18
Atp5g1,51,70,107,205,276,57
Calcoco2,0,0,0,0,1,0
Ttll6,0,0,0,0,1,0
Hoxb4,0,0,0,0,1,0
Hoxb3,0,0,0,1,0,0
Skap1,1,0,3,0,0,0
Snx11,12,6,19,37,52,9
Cbx1,30,41,78,122,183,18
Nfe2l1,63,41,69,100,190,28
Copz2,27,23,31,82,115,33
Cdk5rap3,4,6,16,36,33,5
Pnpo,3,15,7,8,19,2
Sp2,6,6,12,18,27,7
Sp6,2,2,2,0,3,0
Scrn2,5,4,6,14,22,4
Mrpl10,8,12,8,20,30,8
Osbpl7,6,8,1,7,18,2
Tbx21,1,0,0,0,0,0
Tbkbp1,18,24,16,33,55,19
Kpnb1,19,12,25,60,96,17
Npepps,18,26,17,34,67,18
Mrpl45,9,6,10,14,24,7
Socs7,11,8,7,17,30,8
Arhgap23,13,31,27,52,99,20
Srcin1,1,3,3,5,26,4
E130012A19Rik,0,0,1,0,3,0
Mllt6,15,21,20,33,98,10
Cisd3,5,2,5,14,19,14
Pcgf2,1,3,6,9,6,1
Psmb3,79,55,115,212,293,93
Pip4k2b,7,5,9,12,18,5
Cwc25,12,7,12,16,40,5
Rpl23,864,1150,1159,1921,3097,552
Lasp1,23,37,58,89,151,40
B230217C12Rik,2,3,1,5,10,1
Fbxo47,0,0,0,0,1,0
Plxdc1,3,3,11,23,22,6
Arl5c,3,3,6,11,15,1
Cacnb1,0,6,0,1,5,1
Rpl19,664,740,1004,1754,2579,444
Stac2,0,1,0,1,1,0
Fbxl20,13,11,19,16,38,1
Med1,18,21,35,61,72,2
Cdk12,22,24,32,58,91,9
Ppp1r1b,0,1,2,2,3,0
Stard3,10,4,11,25,37,9
Tcap,1,0,0,0,1,0
Pgap3,1,1,3,3,4,0
Erbb2,2,0,4,20,11,4
Mien1,31,35,38,68,100,32
Grb7,3,5,11,10,18,7
Ikzf3,0,1,2,5,15,1
Ormdl3,16,16,25,48,68,10
Gm12355,0,0,1,1,2,1
Psmd3,18,22,40,84,118,38
Csf3,0,33,2,1,0,0
Med24,6,5,4,6,17,4
Thra,53,38,67,100,142,40
Nr1d1,14,37,22,118,269,10
Msl1,39,35,58,92,133,28
Gm12359,0,1,0,2,0,0
Casc3,17,16,24,36,56,9
Rapgefl1,0,0,0,1,2,0
Wipf2,16,13,16,32,45,7
Cdc6,0,0,0,0,1,0
Rara,11,8,14,24,34,9
Top2a,1,0,0,0,3,0
Igfbp4,4,11,12,51,12,72
Ccr7,14,9,10,33,175,21
Smarce1,31,27,33,79,133,41
Krt222,2,1,5,5,6,1
Krt10,2,1,3,4,15,4
Gm11940,0,0,0,1,0,0
Eif1,864,939,1135,1881,2638,741
Hap1,0,0,2,5,6,0
Jup,45,33,73,45,146,32
P3h4,9,2,4,29,17,7
Fkbp10,1,1,4,14,8,2
Nt5c3b,9,6,13,19,20,5
Klhl10,0,0,0,0,1,0
Klhl11,5,0,3,4,11,1
Acly,23,18,25,61,74,21
Ttc25,0,1,0,0,0,0
Cnp,27,107,33,140,197,44
Dnajc7,26,26,42,73,156,21
Nkiras2,4,6,9,18,28,6
Dhx58os,2,1,4,3,1,0
Dhx58,1,3,7,5,4,3
Kat2a,5,9,8,11,30,8
Hspb9,0,1,0,1,1,0
Rab5c,54,66,76,159,222,65
Ghdc,3,7,5,8,28,2
Stat5b,7,10,14,23,36,7
Stat5a,1,4,4,10,11,2
Stat3,57,61,56,126,140,43
Ptrf,185,151,190,376,517,129
Atp6v0a1,27,13,30,48,78,16
Naglu,7,2,6,19,19,1
Coasy,6,8,8,13,23,6
Mlx,9,3,13,18,43,6
Psmc3ip,2,3,3,7,14,2
Fam134c,17,16,28,36,47,11
Tubg1,10,5,11,27,29,9
Tubg2,3,1,1,2,2,1
Plekhh3,12,4,13,43,32,3
Cntnap1,3,2,2,3,3,0
Ccr10,0,0,0,1,0,0
Ezh1,31,21,30,30,76,12
Ramp2,359,256,653,1061,1459,409
Vps25,1,2,6,10,11,2
Wnk4,1,1,0,1,0,0
Coa3,50,52,74,151,195,37
Becn1,26,30,50,48,96,19
Psme3,12,14,14,32,36,15
Aoc2,0,0,2,0,2,0
Aoc3,3,5,4,9,10,0
G6pc,0,0,0,0,1,0
Gm27029,0,1,0,2,1,0
Aarsd1,2,2,2,4,11,1
Ptges3l,2,1,1,0,6,0
Rundc1,2,5,4,7,11,5
Rpl27,317,373,526,567,1459,234
Ifi35,26,26,38,76,88,50
Vat1,42,39,88,159,183,82
Rnd2,8,5,12,23,35,7
Brca1,0,0,0,0,3,0
Nbr1,31,15,29,55,68,15
Tmem106a,0,1,2,8,7,1
Rdm1,23,22,40,60,86,16
Arl4d,63,43,79,97,135,33
Dhx8,5,3,9,14,27,8
Etv4,0,0,1,3,3,0
Meox1,4,5,9,11,30,6
Dusp3,118,98,129,161,343,72
Gm20659,0,0,1,1,0,0
Mpp3,1,0,1,0,2,0
E130111B04Rik,0,0,1,0,0,0
Cd300lg,2,2,1,4,0,0
Mpp2,4,6,1,6,23,3
Ppy,0,0,0,1,0,0
Tmem101,12,10,19,23,33,4
Lsm12,12,48,38,57,89,15
G6pc3,8,10,12,27,36,11
Hdac5,23,16,30,32,73,14
Tmub2,7,5,11,24,39,10
Atxn7l3,8,14,8,17,45,10
Ubtf,42,24,51,82,109,29
Slc4a1,0,20,0,1,5,1
Rundc3a,0,2,1,4,11,0
Slc25a39,11,46,16,54,92,15
Grn,46,32,45,113,165,34
Fam171a2,1,0,5,14,11,1
Itga2b,4,46,7,24,32,5
Gpatch8,24,32,46,74,106,16
Gm11627,3,0,1,3,3,0
Fzd2,1,0,1,6,5,0
Ccdc43,7,11,6,22,29,5
Adam11,1,0,1,1,4,2
Gjc1,70,55,118,152,268,37
Higd1b,29,38,88,202,313,29
Eftud2,15,22,39,37,65,21
Gm26668,2,0,5,1,5,0
Ccdc103,0,0,0,1,0,0
Gfap,2,0,0,7,8,0
C1ql1,0,0,1,0,6,0
Dcakd,4,3,8,9,18,3
Nmt1,32,21,61,94,213,49
Plcd3,0,1,0,4,1,3
Acbd4,6,5,12,10,29,6
Hexim1,39,35,24,108,148,20
Hexim2,1,2,1,3,2,0
Fmnl1,4,3,3,7,13,2
Map3k14,2,4,3,4,12,2
Arhgap27,15,14,37,34,60,9
Arhgap27os2,2,1,0,1,1,0
Arhgap27os1,4,1,3,11,7,0
Plekhm1,10,3,12,21,36,15
Rprml,0,0,0,0,1,0
Gosr2,15,13,20,38,76,17
Wnt3,0,1,0,0,4,3
Nsf,19,20,15,41,63,25
Arf2,24,23,23,48,65,23
Mapt,7,17,6,10,28,14
Kansl1,36,18,51,73,121,11
Cdc27,8,5,5,14,28,1
Myl4,8,4,5,8,5,2
Itgb3,0,11,7,8,5,3
Mettl2,2,6,5,7,15,2
1700052K11Rik,1,4,4,10,9,3
Tlk2,13,7,15,19,48,11
Mrc2,5,4,3,10,23,3
Tanc2,2,3,8,16,28,2
Cyb561,8,15,13,27,34,4
Ace,2,7,3,16,17,15
Dcaf7,23,17,28,44,64,15
Taco1os,2,1,0,0,4,0
Taco1,0,0,0,0,3,1
Map3k3,24,11,25,26,42,10
Limd2,11,15,30,41,98,15
Strada,5,5,9,9,12,4
Ccdc47,36,30,50,90,116,36
Ddx42,14,12,27,42,75,11
Ftsj3,2,6,7,13,31,7
Psmc5,44,45,55,110,182,55
Smarcd2,12,9,24,27,51,10
Cd79b,21,10,38,55,182,19
Scn4a,0,0,1,0,2,0
Icam2,66,37,110,162,191,141
Ern1,4,4,4,8,13,4
Tex2,4,10,4,8,10,4
Pecam1,172,172,269,489,530,254
Milr1,3,6,5,14,24,0
Polg2,0,6,6,22,25,2
Ddx5,413,376,592,836,1400,253
Cep95,2,4,4,8,7,0
Smurf2,13,16,31,46,51,9
Kpna2,3,4,8,19,13,4
1810010H24Rik,1,0,1,3,10,1
Bptf,54,50,95,152,268,44
Nol11,13,9,13,25,36,4
Pitpnc1,72,81,105,166,262,50
Gm11716,1,0,0,0,4,0
Gm11713,5,6,7,21,25,5
Psmd12,21,28,43,91,127,35
Helz,26,27,47,62,86,7
Cacng4,0,0,1,0,6,0
Cacng5,0,0,0,0,1,0
Prkca,6,10,6,11,33,1
Cep112,6,0,8,13,18,5
Cep112os1,1,0,0,0,1,0
Axin2,22,16,29,48,79,10
E030025P04Rik,0,0,0,2,2,0
Rgs9,0,0,0,2,1,0
Gm11696,3,8,7,4,6,1
Gna13,17,31,38,57,103,19
9930022D16Rik,0,0,0,0,1,0
Amz2,7,15,10,21,37,7
Gm15642,0,0,1,0,0,0
Slc16a6,7,4,6,8,13,1
Arsg,3,5,1,2,3,1
Wipi1,7,7,22,41,54,9
Prkar1a,127,120,167,257,345,87
Fam20a,5,3,6,13,12,2
Abca8b,0,1,0,1,4,0
Abca8a,1,4,2,9,25,1
Abca9,4,2,5,5,12,0
Abca6,0,0,0,0,2,0
Abca5,6,4,8,25,14,3
Map2k6,0,1,4,8,9,1
Kcnj16,0,1,0,1,1,0
Kcnj2,2,4,5,9,10,2
Sox9,4,3,3,27,9,1
Gm11681,0,0,1,0,0,0
2610035D17Rik,4,1,6,11,7,1
Slc39a11,1,2,2,6,7,0
Cog1,4,2,9,12,26,2
Fam104a,29,41,45,106,146,33
D11Wsu47e,1,5,1,4,16,1
Cpsf4l,0,0,0,1,0,0
Cdc42ep4,31,30,61,51,83,32
Sdk2,0,0,0,2,5,0
Gm11690,0,0,2,2,2,0
4932435O22Rik,0,0,0,0,1,0
Rpl38,1274,1067,1741,1283,4001,594
Ttyh2,26,40,35,40,57,20
Dnaic2,0,0,1,1,0,0
Kif19a,0,0,0,1,1,1
Btbd17,0,0,1,4,4,0
Gprc5c,3,5,6,14,28,3
Cd300a,3,12,5,2,11,1
Cd300lb,0,0,2,0,1,0
Cd300c,0,2,0,0,0,0
Cd300ld,2,0,2,0,0,0
AF251705,19,14,14,14,45,0
Rab37,1,1,0,3,0,0
Cd300lf,0,0,4,1,1,0
Slc9a3r1,17,20,20,63,55,19
Nat9,14,8,10,31,22,4
Tmem104,1,2,6,7,10,4
Grin2c,0,3,1,1,4,3
Fdxr,4,3,7,7,9,1
Fads6,0,0,0,2,3,0
Hid1,2,3,3,6,7,7
Cdr2l,7,7,5,15,15,3
Ict1,14,14,31,44,75,11
Atp5h,204,187,291,527,687,152
Kctd2,15,16,29,50,53,14
Armc7,0,1,1,8,5,0
Nt5c,20,16,28,35,56,10
Hn1,12,18,29,71,75,21
Sumo2,192,178,254,485,622,129
Nup85,10,8,12,18,26,9
Gga3,7,2,5,7,13,4
Mrps7,22,21,25,58,85,11
Mif4gd,33,21,37,70,102,20
Slc25a19,4,4,6,17,22,3
Grb2,39,42,62,84,141,30
Tmem94,9,5,6,21,33,4
Caskin2,25,29,44,79,125,31
Tsen54,1,1,6,5,14,3
Llgl2,3,1,4,2,4,0
Recql5,0,3,3,9,10,0
Smim5,1,2,1,4,1,0
Sap30bp,1,9,14,14,26,6
Itgb4,0,5,0,8,5,4
B230344G16Rik,0,0,0,0,2,1
Galk1,10,13,12,43,45,4
H3f3b,791,732,1035,1996,2732,585
Unk,9,6,5,14,16,1
Unc13d,2,5,1,3,10,0
Wbp2,31,44,44,92,129,40
Trim47,63,50,93,81,160,40
Trim65,10,12,20,21,24,12
Mrpl38,19,16,43,38,80,21
Fbf1,3,3,4,7,13,1
Acox1,21,34,42,58,88,18
Ten1,2,2,3,11,20,4
Evpl,0,0,1,2,5,0
Srp68,14,14,20,36,50,6
Exoc7,17,6,24,37,46,9
Foxj1,0,0,0,1,5,0
Rnf157,0,0,1,3,9,0
Ubald2,29,46,60,80,116,27
Qrich2,2,0,0,0,0,0
Prpsap1,24,13,19,45,65,8
Ube2o,5,40,9,14,37,10
Rhbdf2,18,14,22,23,41,21
Cygb,4,3,4,8,24,0
Gm11744,0,0,0,1,1,0
1810032O08Rik,2,3,7,8,20,2
St6galnac2,42,29,61,130,145,56
BC018473,0,0,0,0,1,0
Mxra7,41,27,56,90,125,32
Jmjd6,26,15,40,47,74,25
Mettl23,16,18,31,47,73,14
Srsf2,109,125,154,300,468,111
Mfsd11,5,4,12,13,18,3
Mgat5b,0,0,0,0,1,1
Snhg20,14,13,11,45,50,12
Gm11730,2,0,1,1,1,3
Sec14l1,41,47,72,71,114,29
Sept9,10,18,30,54,52,17
Tnrc6c,43,47,63,105,167,28
Tmc6,7,8,6,20,20,2
Tmc8,2,0,2,2,3,0
Syngr2,26,36,44,60,83,33
Afmid,0,0,0,0,1,0
Tha1,0,2,2,0,3,0
Socs3,123,81,168,254,319,47
Pgs1,7,12,16,23,35,6
Cyth1,8,13,25,22,53,12
Usp36,20,8,12,22,40,6
Timp2,33,13,12,26,47,2
Lgals3bp,13,13,25,42,60,30
Cant1,10,10,20,23,46,8
C1qtnf1,0,1,0,2,5,0
Engase,1,0,3,9,9,1
Rbfox3,0,0,1,2,1,0
Cbx2,0,0,1,6,6,0
Cbx8,4,4,5,16,8,1
Cbx4,11,13,9,33,38,5
Tbc1d16,1,10,5,8,16,0
Ccdc40,0,0,0,0,1,0
Gaa,10,16,18,27,42,6
Eif4a3,30,29,36,69,108,28
Sgsh,2,2,4,5,18,1
Slc26a11,2,1,3,2,8,0
Rnf213,22,24,22,33,54,24
Endov,2,4,4,10,13,0
Nptx1,0,0,0,0,1,1
Rptor,14,4,2,15,19,5
Chmp6,10,14,22,47,67,17
Gm11767,0,1,0,2,3,0
Baiap2,34,13,36,30,76,25
Aatk,3,6,3,17,47,3
Cep131,0,4,4,3,0,1
Enthd2,1,2,3,4,13,1
1810043H04Rik,29,18,36,82,99,19
Slc38a10,15,12,25,32,53,10
Bahcc1,5,0,4,15,13,1
Gm11772,1,0,5,5,3,0
Actg1,790,1069,1330,2077,2500,1319
0610009L18Rik,3,2,4,9,10,2
Fscn2,0,1,0,2,0,0
Faap100,11,4,8,12,25,5
Nploc4,8,6,5,10,32,10
Pde6g,0,0,0,0,1,0
Oxld1,2,2,8,11,9,2
Ccdc137,4,6,5,6,20,9
Arl16,1,2,9,12,17,4
Hgs,13,7,11,28,37,11
Mrpl12,19,16,23,58,89,28
Slc25a10,4,5,4,11,14,2
Gcgr,1,0,0,0,0,0
Fam195b,39,36,50,96,132,37
P4hb,46,53,61,115,166,37
Arhgdia,115,105,143,278,389,129
Alyref,47,25,43,77,122,48
Anapc11,39,47,43,86,127,51
Npb,0,0,1,0,0,0
Pcyt2,11,12,8,15,23,6
Sirt7,25,20,28,50,71,12
Mafg,13,42,39,65,85,26
Gm17586,1,3,0,4,2,1
Myadml2,0,0,0,1,2,0
Notum,21,13,27,33,73,5
Notumos,4,2,5,4,12,2
Aspscr1,37,21,43,60,95,25
Stra13,40,33,53,92,132,23
Lrrc45,6,2,5,10,11,3
Rac3,0,0,1,0,5,0
Dcxr,4,2,6,9,17,3
Cbr2,1,0,7,2,0,0
Hmga1-rs1,0,2,0,2,4,3
Rfng,5,2,4,11,20,5
Gps1,31,16,42,73,101,28
Dus1l,5,3,12,19,36,4
Fasn,3,3,4,7,19,3
Ccdc57,0,0,1,1,0,1
Slc16a3,6,7,3,9,9,4
Csnk1d,21,18,39,59,96,28
Gm28192,0,0,0,1,1,0
Cd7,0,10,0,0,0,0
Tex19.1,0,0,0,1,0,0
Ogfod3,5,6,12,24,42,7
Hexdc,6,3,4,7,7,2
BC017643,9,8,14,24,33,4
Narf,5,7,7,26,28,4
Foxk2,8,12,19,17,39,9
Wdr45b,12,14,31,44,89,17
Rab40b,2,2,2,6,10,1
Fn3krp,3,4,4,1,4,2
Fn3k,0,3,2,5,6,0
Tbcd,3,5,5,11,13,7
B3gntl1,1,2,0,6,3,0
Metrnl,3,3,2,3,9,2
2810429I04Rik,0,0,0,1,1,3
Gdi2,63,90,103,178,250,54
Fam208b,8,5,14,13,21,6
Asb13,10,15,18,24,26,8
Net1,94,82,96,107,209,31
Akr1c14,16,8,27,12,31,2
Akr1c12,1,0,0,0,0,0
Akr1e1,9,4,3,15,17,2
1700016G22Rik,0,0,1,0,2,0
Klf6,232,224,380,415,646,218
Pitrm1,2,4,2,9,7,1
Pfkp,8,16,15,38,29,9
Wdr37,14,23,16,30,43,11
Idi1,12,20,19,41,44,11
Gtpbp4,17,19,28,49,77,13
Larp4b,24,25,41,64,116,16
Dip2c,6,4,8,11,29,2
Gm26601,2,1,0,5,2,0
Zmynd11,30,36,45,85,163,18
Chrm3,0,0,1,0,0,0
Ryr2,2,0,0,0,1,0
Mtr,6,2,1,2,8,2
Heatr1,3,1,1,6,6,0
Lgals8,18,9,28,42,59,4
Edaradd,0,0,0,1,2,0
Ero1lb,0,5,7,9,20,0
Gpr137b-ps,4,2,7,5,5,2
Gpr137b,6,14,9,11,22,4
Nid1,20,22,33,79,80,13
Lyst,9,9,15,21,27,6
B3galnt2,5,5,7,14,24,6
Tbce,8,5,10,18,25,7
Ggps1,6,14,8,14,24,6
Arid4b,35,27,46,79,148,21
Mrpl32,17,14,23,42,46,23
Psma2,83,79,109,209,294,75
AW209491,2,2,10,8,11,5
Gli3,1,1,1,0,2,1
Inhba,0,0,0,1,2,0
Mplkip,14,11,29,26,54,9
Cdk13,19,15,21,48,62,14
Rala,35,22,45,82,144,37
Yae1d1,9,6,15,35,52,13
Vdac3-ps1,1,0,1,1,2,0
Vps41,11,14,16,31,46,8
Amph,0,1,1,0,2,0
Stard3nl,28,18,55,79,111,34
Epdr1,0,4,2,6,9,4
Sfrp4,0,0,0,1,0,0
A530099J19Rik,0,1,0,0,0,0
Gpr141,0,1,0,0,1,0
Elmo1,15,27,24,36,67,17
Aoah,2,0,0,1,0,0
Trim27,9,5,10,21,43,6
Gpx6,0,0,0,0,1,0
Zscan12,1,3,5,7,13,0
Zkscan3,22,22,39,52,95,20
Pgbd1,0,0,0,2,2,0
Zscan26,22,25,37,44,59,7
Nkapl,0,3,2,7,6,1
Zkscan4,3,1,2,2,5,0
AK157302,1,0,1,2,2,0
Gm11273,0,0,1,0,0,0
Zkscan8,3,3,9,14,14,5
Hist1h2ai,0,0,0,0,1,0
Hist1h3h,0,0,0,0,1,0
Hist1h4j,0,0,2,1,0,0
Hist1h4k,0,0,1,0,0,0
Hist1h2ak,0,0,0,0,1,0
Gm11274,0,0,1,1,0,0
Hist1h1b,0,0,0,0,4,0
Hist1h2ao,0,0,0,0,1,0
Hist1h4m,0,0,0,0,1,0
Hist1h4n,1,1,0,2,0,0
Hist1h2ap,10,7,10,2,35,3
Zfp184,3,1,0,3,4,0
Prss16,0,0,0,0,2,0
Hist1h4i,4,13,16,13,11,6
Hist1h2bj,0,0,0,1,1,1
Zfp322a,4,6,13,20,23,6
Abt1,12,9,22,28,41,7
C230035I16Rik,0,1,0,2,4,0
Hist1h4h,6,5,10,6,17,2
Hist1h2bh,0,0,0,0,1,0
Hist1h3f,0,0,0,0,1,0
Hist1h1d,0,0,1,1,3,1
Hist1h3e,2,1,2,2,6,0
Hist1h2ae,1,2,1,1,7,2
Hist1h2bg,0,0,0,1,3,0
Hist1h2bf,0,0,0,0,1,0
Hist1h3d,0,1,0,0,0,0
Hist1h4d,2,4,7,2,22,0
Hist1h2be,4,1,6,12,12,2
Hist1h1e,2,0,7,4,16,2
Hist1h2ac,0,1,0,0,0,1
Hist1h2bc,70,101,103,135,128,47
Hist1h4c,1,1,1,0,11,0
Hfe,5,9,16,38,51,5
Hist1h1c,40,89,43,102,100,12
Hist1h2bb,1,0,2,0,0,0
Hist1h4a,2,0,1,0,1,1
Hist1h3a,0,1,2,1,1,0
Hist1h1a,0,0,1,1,2,0
Lrrc16a,2,1,8,7,23,2
Cmah,2,2,6,3,18,3
Fam65b,4,4,10,10,38,5
C530050E15Rik,0,1,0,0,1,0
Gmnn,8,6,11,26,40,6
BC005537,37,54,52,130,193,28
Acot13,20,11,11,43,44,6
Tdp2,7,5,12,18,28,5
D130043K22Rik,0,0,0,1,0,0
Aldh5a1,6,3,3,15,12,1
Gpld1,0,0,2,3,6,1
Mrs2,3,1,3,9,7,2
Dcdc2a,3,8,4,12,25,4
Nrsn1,2,0,0,2,5,2
Gm26735,1,0,2,4,5,0
Sox4,10,6,19,49,36,17
Cdkal1,11,2,15,20,32,4
E2f3,0,6,1,3,4,2
Gm11368,0,0,0,0,1,0
Mboat1,3,4,2,15,16,2
Uqcrfs1,38,24,57,81,132,29
Dusp22,18,17,28,50,52,10
Irf4,1,0,4,10,26,1
Exoc2,8,11,25,33,52,7
A530084C06Rik,3,2,5,4,7,4
Foxq1,146,117,260,443,576,94
1700018A04Rik,1,0,2,5,6,0
Foxf2,47,43,69,146,112,43
Foxc1,94,65,115,181,234,38
Gmds,7,8,10,32,35,8
Mylk4,0,0,1,4,1,0
Wrnip1,3,7,9,19,32,8
Serpinb1a,2,15,12,59,86,7
Serpinb6b,18,44,29,35,66,23
Serpinb9,27,44,32,65,61,18
Serpinb6a,68,84,116,188,229,83
1110046J04Rik,3,2,1,9,9,2
Nqo2,8,3,13,19,22,2
Ripk1,18,10,17,19,32,10
Bphl,6,6,10,15,28,6
Tubb2a,80,84,78,159,289,108
Tubb2b,10,11,21,41,65,20
Psmg4,13,20,33,38,72,22
Slc22a23,1,2,0,2,2,0
Pxdc1,19,33,35,31,64,20
Prpf4b,42,41,62,74,180,20
Fam217a,3,3,7,15,25,3
Eci3,0,0,1,1,0,0
Eci2,28,41,47,104,131,30
Cdyl,7,7,7,14,31,3
Rpp40,0,0,1,5,3,1
Ppp1r3g,0,0,0,3,0,0
Lyrm4,2,2,2,4,8,6
Fars2,8,6,10,19,19,4
Nrn1,0,0,1,0,0,0
F13a1,1,8,0,0,3,0
Ly86,39,29,29,63,120,4
Gm29459,0,1,0,0,0,0
Rreb1,19,13,16,23,56,4
Ssr1,24,38,38,116,145,40
Cage1,1,0,0,0,0,0
Riok1,7,8,9,18,35,8
Dsp,0,2,0,0,1,0
Snrnp48,16,17,26,31,49,8
Txndc5,12,10,14,25,43,10
Bloc1s5,9,5,9,18,19,6
Eef1e1,8,7,10,24,30,4
Slc35b3,4,5,4,19,16,6
Gm26514,0,0,1,2,1,0
5033403F01Rik,0,1,0,0,0,0
Tfap2a,3,1,1,2,4,0
Gcnt2,43,43,77,86,134,36
Pak1ip1,41,35,49,84,128,35
Tmem14c,48,46,90,148,177,29
Elovl2,0,0,0,0,1,0
Smim13,4,11,10,11,13,3
Nedd9,10,9,28,27,38,13
Gm26877,0,0,0,1,1,0
Tmem170b,3,11,10,18,25,4
Adtrp,0,1,3,1,2,1
1700061E18Rik,0,0,0,0,1,0
Gm28707,3,1,3,4,4,1
Hivep1,19,8,27,28,67,4
Edn1,65,45,135,196,180,44
Phactr1,16,21,25,22,58,14
Tbc1d7,1,2,3,7,11,4
Gfod1,5,7,9,6,9,1
Sirt5,0,2,6,9,10,1
Nol7,64,53,94,146,220,51
Ranbp9,19,19,30,40,75,12
Mcur1,17,21,25,43,72,12
Rnf182,0,2,0,1,0,0
Cd83,92,60,83,63,248,12
Jarid2,16,13,15,29,68,6
Dtnbp1,13,11,22,39,55,14
Gm9817,0,0,1,0,0,0
Mylip,29,12,30,50,76,5
Gmpr,4,11,6,35,30,4
Atxn1,13,9,22,29,55,5
5033430I15Rik,1,1,2,6,11,1
Rbm24,9,1,1,3,10,0
Cap2,2,8,4,6,7,3
Fam8a1,16,13,16,26,40,7
Nup153,14,9,13,30,38,8
Kif13a,6,8,10,11,20,2
Nhlrc1,0,1,1,2,2,2
Tpmt,0,2,0,2,12,3
Kdm1b,4,7,6,4,7,3
Dek,73,64,97,177,269,38
Rnf144b,52,66,62,71,122,29
Id4,2,4,7,22,9,0
A330048O09Rik,0,0,0,1,0,0
Zfp169,2,3,1,2,6,1
A830005F24Rik,0,0,0,0,1,0
6720427I07Rik,7,3,14,14,35,1
Ptpdc1,5,6,4,6,21,8
Phf2,20,13,30,40,59,6
Phf2os1,1,0,0,0,0,0
Fam120a,26,32,41,60,117,27
Fam120aos,2,1,0,2,1,0
Wnk2,4,5,4,5,15,1
Ninj1,27,27,35,54,82,17
Card19,49,42,38,112,140,56
Susd3,4,1,3,6,20,0
Fgd3,1,1,2,6,7,1
Bicd2,21,16,34,24,72,28
Ippk,6,4,8,8,15,2
Cenpp,0,0,1,0,0,0
Ecm2,21,6,32,47,55,7
Aspn,27,9,25,30,30,3
Omd,0,2,1,2,0,2
Ogn,7,5,31,16,9,3
Nol8,4,4,6,17,25,5
Iars,6,11,14,19,22,4
Fbxw17,3,3,10,8,8,5
Spin1,26,13,32,47,67,8
Nxnl2,4,1,0,3,0,0
Hist1h2al,0,0,0,0,1,0
S1pr3,30,13,20,25,57,5
Cks2,2,2,3,5,17,0
Secisbp2,12,6,14,31,46,18
Gm15440,0,5,1,3,7,4
Sema4d,3,2,3,8,15,3
Gadd45g,80,96,130,305,238,37
Diras2,0,1,0,2,2,0
Syk,8,7,5,7,46,2
Auh,9,15,18,34,41,6
Nfil3,6,9,10,5,2,0
Ror2,0,0,0,0,1,0
Sptlc1,20,13,19,24,18,9
Drd1,0,0,0,1,0,0
Sfxn1,2,9,9,35,44,12
Cplx2,1,2,3,5,19,1
Thoc3,6,5,16,25,37,6
Simc1,3,5,2,5,7,3
4833439L19Rik,23,36,22,54,91,21
Arl10,4,1,3,9,6,4
Nop16,2,2,1,10,14,4
Higd2a,68,69,105,202,250,54
Cltb,63,70,98,227,318,130
Faf2,9,12,15,32,29,9
Rnf44,26,20,31,35,79,18
Gprin1,0,0,0,0,1,0
Sncb,0,0,1,2,3,0
Tspan17,26,19,38,100,102,25
Unc5a,1,0,1,0,0,0
Hk3,4,0,3,1,7,0
Uimc1,16,11,31,43,53,10
Zfp346,5,2,3,7,10,0
Nsd1,34,23,41,58,125,7
Rab24,18,23,26,45,59,14
Prelid1,34,37,38,72,123,32
Lman2,31,35,46,60,111,37
Rgs14,1,1,3,1,6,0
Grk6,4,8,16,19,38,5
Prr7,1,4,3,14,13,3
Dbn1,1,0,3,8,3,1
Pdlim7,15,27,28,38,57,34
Dok3,4,1,7,4,21,2
Ddx41,10,14,13,15,49,13
Fam193b,8,15,7,18,35,4
Tmed9,74,78,93,208,246,59
B4galt7,5,1,8,7,14,6
Caml,17,18,26,52,77,9
Ddx46,25,13,25,49,101,7
B230219D22Rik,71,63,84,143,223,32
Txndc15,19,25,37,71,101,25
Pcbd2,27,29,37,60,100,23
H2afy,42,65,59,121,195,45
Tifab,1,2,2,2,4,0
Cxcl14,1,1,1,7,2,1
Slc25a48,0,0,0,0,1,0
Fbxl21,0,0,2,2,1,0
Tgfbi,4,7,6,13,6,1
Smad5,20,15,21,39,50,12
Spock1,1,2,0,1,1,2
Klhl3,0,0,1,1,1,0
Hnrnpa0,117,113,154,290,409,77
Idnk,15,15,26,48,66,10
Ubqln1,23,25,38,44,59,21
Gkap1,20,30,35,40,84,19
2210016F16Rik,7,4,4,10,33,2
Hnrnpk,149,139,215,388,515,123
Rmi1,8,4,8,17,19,3
Slc28a3,0,0,0,1,1,0
Ntrk2,2,6,5,16,10,1
Agtpbp1,9,10,10,15,40,6
Naa35,13,13,24,45,53,14
Golm1,18,10,19,39,64,7
4921517D22Rik,0,0,0,1,2,0
4930528D03Rik,0,0,1,0,0,0
Isca1,25,67,34,66,90,15
Zcchc6,26,38,47,58,121,21
Gas1,1,0,1,0,1,1
Dapk1,6,7,11,11,24,5
4930486L24Rik,7,3,10,6,15,15
Ctla2b,38,93,77,120,86,42
Ctla2a,350,1270,936,2527,2263,1975
Zfp808,0,0,0,0,2,0
Gm3604,0,0,3,1,1,1
Zfp935,0,1,4,5,0,0
Zfp934,0,0,0,2,0,0
6720489N17Rik,1,1,3,1,1,0
Platr25,0,0,0,0,1,0
Gm5141,1,2,1,7,8,0
2010111I01Rik,38,20,43,71,81,9
Gm16907,0,0,0,0,1,0
Fancc,2,2,2,7,7,1
Ptch1,7,12,7,21,30,1
Ercc6l2,5,10,5,17,19,3
Slc35d2,5,1,5,19,17,2
Zfp367,5,7,6,17,19,2
Habp4,4,3,8,18,20,5
Cdc14b,0,1,3,3,11,0
1810034E14Rik,0,0,0,1,2,0
Aaed1,4,1,7,9,15,1
Ctsl,109,82,161,238,390,58
Cdk20,1,0,4,5,13,0
Hiatl1,10,20,22,40,55,8
Gm10775,0,0,0,0,1,0
Zfp369,4,3,4,5,9,3
Uqcrb,153,148,251,377,596,157
Gm10767,0,1,0,0,2,0
Mterf3,13,13,19,38,38,5
Ptdss1,17,15,21,31,36,12
Zfp712,3,1,3,7,4,0
Zfp708,0,0,0,1,0,0
Gm28557,4,0,0,3,4,0
Rslcan18,0,1,0,0,1,0
Zfp759,1,0,0,0,0,0
Rsl1,1,0,1,1,5,0
Zfp455,0,1,2,1,2,0
Zfp458,0,1,1,3,2,0
Zfp595,3,2,2,8,8,0
Zfp953,2,0,3,2,4,0
Gm28041,1,0,1,0,1,0
Zfp456,0,2,0,2,4,2
Zfp429,1,0,6,11,7,2
Zfp459,0,0,0,0,2,0
Zfp874a,1,2,3,5,15,1
Zfp874b,1,1,8,6,16,2
Zfp58,2,1,1,4,6,5
Zfp87,7,5,8,9,18,3
Zfp748,4,5,5,3,7,2
Zfp729b,7,3,2,12,16,3
Gm37276,0,1,0,1,1,0
Zfp729a,4,8,4,9,9,3
Zfp738,5,5,4,7,10,0
Zfp65,1,2,6,5,16,1
Zfp85os,0,0,0,0,1,0
Zfp85,1,1,3,3,3,1
Zfp493,0,1,2,0,0,0
Zfp273,0,2,3,6,6,0
Mtrr,2,5,1,8,9,1
Fastkd3,2,2,3,7,4,3
1700001L19Rik,0,0,0,1,0,0
Adcy2,0,1,0,1,2,0
Papd7,9,3,6,11,22,4
Nsun2,8,14,19,36,57,12
A530095I07Rik,1,0,0,0,0,0
Srd5a1,1,3,2,1,2,1
Ube2ql1,0,1,0,2,1,0
Med10,16,24,29,58,68,24
Ice1,16,8,21,28,42,8
Adamts16,0,0,0,1,1,0
Irx1,0,0,0,0,1,0
Irx2,0,0,1,0,0,0
Ndufs6,62,56,81,135,224,51
Mrpl36,19,24,39,52,60,22
Lpcat1,9,8,17,24,31,9
Slc6a3,0,0,0,0,1,0
Clptm1l,14,18,21,61,51,17
Slc12a7,9,13,12,30,31,7
Nkd2,2,7,6,17,21,1
Trip13,1,1,0,0,0,1
Brd9,14,15,22,40,84,15
Gm15912,1,2,3,0,7,0
Tppp,4,7,4,15,33,3
Cep72,0,1,5,5,1,0
Exoc3,17,10,28,30,55,11
Pdcd6,42,54,58,114,156,36
Sdha,40,51,70,125,195,31
Ccdc127,9,19,24,28,59,16
Zfp72,1,0,0,0,0,0
Gm10116,1,0,0,1,5,1
Zfp825,4,2,3,9,14,0
Erap1,4,8,14,18,31,6
Cast,13,10,28,49,62,26
Ell2,1,8,5,5,14,2
Glrx,10,11,7,25,18,7
Rhobtb3,4,3,5,9,12,3
Rfesd,3,4,2,10,6,1
Arsk,5,9,9,21,18,4
Ttc37,9,4,7,7,12,1
Mctp1,2,6,5,3,3,1
Slf1,9,9,13,14,16,2
2210408I21Rik,2,2,0,0,2,0
Fam172a,10,9,18,22,21,8
Pou5f2,0,3,3,2,5,1
Nr2f1,10,4,10,20,37,5
A830082K12Rik,3,2,2,7,9,0
Arrdc3,15,19,14,39,32,14
9330111N05Rik,0,0,0,0,2,1
Adgrv1,0,2,0,2,2,3
Lysmd3,4,4,8,18,26,6
Polr3g,0,1,3,1,4,0
Mblac2,5,5,7,7,12,1
Gm17259,2,0,2,7,5,0
Cetn3,59,57,89,201,246,58
Mef2c,85,71,112,239,456,56
C130071C03Rik,0,2,0,1,3,0
Gm17750,0,0,0,3,1,0
A230107N01Rik,0,0,1,2,0,0
Tmem161b,5,5,5,15,20,3
Ccnh,16,11,15,31,44,8
Rasa1,21,23,35,73,95,12
Cox7c,175,216,271,318,785,173
Edil3,1,19,3,18,24,12
Vcan,0,0,2,1,6,1
Xrcc4,7,1,11,17,18,11
Tmem167,37,27,58,84,81,28
Rps23,881,896,1148,1521,2862,397
Atg10,3,4,3,13,22,9
Ssbp2,7,7,14,28,38,8
4833422C13Rik,0,1,3,10,13,0
Zcchc9,14,13,33,29,72,9
Rasgrf2,3,4,11,17,29,3
Msh3,8,6,7,20,25,2
Dhfr,3,7,7,19,7,3
Fam151b,0,0,0,5,7,2
Zfyve16,5,4,15,19,24,9
Serinc5,16,12,19,27,44,6
Thbs4,1,0,0,0,0,0
Mtx3,1,2,4,6,13,0
Papd4,4,4,7,15,26,6
Homer1,2,3,3,11,7,2
Jmy,28,17,32,56,65,12
Bhmt2,0,1,2,3,3,1
Dmgdh,1,0,4,4,4,2
AW495222,0,0,0,0,2,0
Arsb,11,11,7,35,34,7
Gm26527,0,0,0,0,1,0
Lhfpl2,19,16,25,37,60,11
Scamp1,24,16,25,50,76,15
Gm9776,3,0,1,6,5,0
Ap3b1,23,8,9,36,46,15
Tbca,70,76,104,174,241,72
Wdr41,5,4,8,6,11,1
Pde8b,16,20,22,51,57,5
Zbed3,9,5,15,24,28,6
Aggf1,4,13,13,35,49,7
F2rl1,0,0,1,0,0,0
F2r,2,0,4,3,18,1
Iqgap2,1,1,0,0,1,0
F2rl2,0,6,2,0,4,0
Poc5,6,6,5,6,25,0
Ankdd1b,3,2,2,4,9,0
Polk,51,63,93,174,161,38
Col4a3bp,72,65,91,204,212,34
Hmgcr,10,14,16,27,24,9
Gcnt4,0,0,0,2,2,0
Fam169a,0,0,0,1,0,0
Nsa2,52,51,70,88,221,40
Gfm2,3,5,7,11,19,4
Hexb,176,68,178,276,564,22
Enc1,27,34,36,39,102,9
Lncenc1,0,0,1,0,2,0
Arhgef28,0,3,10,13,21,3
Utp15,8,5,5,12,16,3
Ankra2,14,9,21,19,48,3
Btf3,204,250,309,584,726,171
Gm9828,1,0,0,3,5,0
Foxd1,4,13,21,46,54,7
Fcho2,46,43,71,88,144,14
Tnpo1,23,19,26,45,78,18
Zfp366,7,7,10,11,17,1
Ptcd2,13,8,19,40,48,3
Mrps27,2,2,3,13,17,1
6430562O15Rik,0,0,0,1,0,1
Map1b,30,3,17,35,36,10
Gm26559,1,0,0,2,0,0
Mccc2,6,2,4,8,14,1
Bdp1,17,16,21,18,47,14
Serf1,4,1,3,8,7,2
Smn1,16,8,16,28,40,10
Naip2,3,2,6,7,9,1
Naip5,3,1,4,5,5,0
Naip6,0,0,0,0,3,0
Gtf2h2,5,4,9,15,25,4
Ocln,93,66,133,209,268,51
Marveld2,4,2,3,7,6,4
Rad17,5,7,12,26,43,6
Ak6,6,9,18,12,30,2
Taf9,1,0,0,0,3,0
Ccdc125,3,1,0,5,12,0
Cdk7,12,9,16,33,38,9
Mrps36,16,30,27,60,77,12
Cenph,0,0,0,1,1,0
Ccnb1,0,0,0,0,1,0
Slc30a5,12,14,18,19,27,13
Pik3r1,21,26,25,68,92,16
Cd180,4,2,4,13,20,6
Mast4,78,87,154,135,250,56
Srek1,13,20,21,42,66,13
Erbb2ip,25,29,35,56,87,14
Nln,0,1,1,1,6,0
Sgtb,3,2,4,6,5,1
Trappc13,14,15,22,23,51,11
Trim23,4,4,9,10,9,3
Ppwd1,7,6,8,15,36,2
Cenpk,0,0,0,0,1,0
Adamts6,0,0,1,0,1,1
Cwc27,8,7,15,21,23,4
Srek1ip1,7,9,10,23,33,6
Rgs7bp,4,3,2,5,10,1
Gm28989,0,0,1,0,0,0
Ipo11,13,13,16,43,35,8
Dimt1,12,5,12,20,28,4
Kif2a,15,33,33,45,60,24
3830408C21Rik,1,0,1,0,1,0
Zswim6,15,14,21,23,39,12
Smim15,15,15,31,60,92,16
Ndufaf2,15,12,19,41,43,20
Ercc8,4,1,1,10,6,3
Elovl7,65,50,80,105,162,48
Depdc1b,0,1,0,0,0,0
Pde4d,2,5,8,11,14,3
Rab3c,1,1,1,1,0,0
Plk2,68,76,135,165,254,70
Gpbp1,34,29,35,86,124,30
Mier3,8,18,6,18,39,7
Map3k1,31,30,55,83,146,16
Gm15326,1,0,1,3,0,0
Il6st,38,32,51,105,114,22
Slc38a9,1,5,7,18,19,2
Plpp1,23,17,35,43,46,16
Skiv2l2,11,13,14,19,42,8
Dhx29,4,4,7,19,28,5
Ccno,0,0,0,3,0,0
Gpx8,8,7,12,42,49,13
Esm1,0,0,1,3,0,1
Snx18,17,15,27,36,53,11
Hspb3,0,0,0,4,0,0
Arl15,16,28,20,34,53,11
Ndufs4,36,26,58,94,104,29
Mocs2,32,24,29,60,103,23
Itga2,0,0,0,1,1,0
Itga1,29,26,49,55,99,17
Pelo,15,13,25,38,50,9
Parp8,2,3,2,10,11,1
Emb,2,10,6,1,0,0
Hcn1,0,0,0,0,1,0
Mrps30,8,4,13,21,37,8
Nnt,8,11,4,26,34,1
Paip1,10,19,14,32,52,7
4833420G17Rik,9,10,18,16,37,2
3110070M22Rik,0,3,4,3,3,0
Gm21967,0,3,4,6,15,2
Hmgcs1,13,21,20,39,63,19
Nim1k,7,5,1,9,16,4
Zfp131,7,15,18,30,54,14
BC147527,0,0,0,0,1,0
Rab10os,8,4,10,15,8,4
Rab10,35,50,59,118,151,54
Gm26520,0,0,2,0,0,0
Kif3c,2,3,4,5,13,1
1110002L01Rik,3,2,2,2,9,2
Asxl2,21,8,19,32,52,10
Dtnb,2,2,3,8,8,0
Dnmt3a,12,6,11,20,32,5
Dnmt3aos,0,0,0,0,1,0
Pomc,7,4,13,12,25,4
Efr3b,42,27,38,72,133,13
Dnajc27,3,3,2,13,10,3
Adcy3,0,2,2,4,2,0
Cenpo,0,3,2,3,7,1
Ptrhd1,14,11,14,28,38,9
Ncoa1,34,26,39,54,78,11
Itsn2,34,21,33,54,56,14
Gm17541,0,0,0,0,1,0
Fam228b,0,0,0,1,0,0
Pfn4,0,0,0,1,0,0
Sf3b6,38,50,68,142,160,44
Fkbp1b,0,1,0,6,5,0
BC068281,2,2,4,5,7,1
Mfsd2b,0,5,0,2,2,0
Ubxn2a,19,30,48,73,115,26
Atad2b,3,3,11,12,25,3
Klhl29,0,1,0,0,3,0
Ldah,7,9,8,17,30,5
Hs1bp3,3,3,1,7,10,0
Rhob,335,274,494,477,1045,220
Pum2,44,50,58,130,184,31
Gm4755,0,0,0,0,1,0
Sdc1,0,0,1,4,1,1
Laptm4a,228,247,424,694,1063,214
Wdr35,0,2,1,1,10,0
Ttc32,9,13,15,24,43,12
Rdh14,10,11,11,19,27,9
Pgk1-rs7,0,0,0,0,0,1
Kcns3,0,0,0,0,1,0
Smc6,26,28,46,78,117,14
Vsnl1,0,1,1,0,3,0
Rad51ap2,1,0,0,0,0,0
Fam49a,4,0,0,3,4,0
Rpl36-ps3,0,0,1,1,4,0
Mycn,3,3,2,4,5,0
Ddx1,12,13,24,43,60,13
Nbas,6,1,10,8,19,5
Trib2,13,12,24,25,49,5
Lpin1,8,15,14,19,26,7
Ntsr2,2,8,0,14,18,0
E2f6,3,4,11,6,24,7
Rock2,73,67,87,124,219,42
Pqlc3,2,0,4,7,5,2
2410004P03Rik,0,0,0,1,0,0
Pdia6,52,72,84,206,137,109
Nol10,4,7,4,8,14,5
Odc1,24,37,31,75,91,17
Hpcal1,23,22,36,46,103,9
B430203G13Rik,1,0,0,0,0,0
5730507C01Rik,0,0,0,1,1,0
Gm5784,1,0,0,0,0,0
Gm10479,0,0,0,0,1,0
Asap2,10,6,13,12,26,7
Itgb1bp1,7,11,27,43,41,14
Cpsf3,11,5,16,31,39,11
Iah1,17,14,24,31,71,9
Adam17,12,6,19,33,42,14
Ywhaq,147,155,249,388,611,118
Gm4419,0,0,0,1,1,0
2410018L13Rik,1,0,0,0,1,0
9030624G23Rik,0,0,1,0,0,0
Taf1b,11,5,17,15,27,2
Grhl1,1,0,1,3,1,0
Klf11,10,5,15,28,46,11
Cys1,1,5,5,3,19,2
Rrm2,0,0,0,1,2,0
Mboat2,0,0,3,12,15,2
Kidins220,21,16,18,28,62,7
Id2,29,39,69,96,115,20
Rnf144a,4,0,9,7,3,1
Rsad2,31,84,32,73,79,26
Cmpk2,14,4,17,15,13,7
Gm9866,0,0,0,0,1,0
Sox11,0,0,0,0,2,0
Dcdc2c,2,0,1,1,0,1
Rps7,561,654,860,1507,2344,350
Rnaseh1,8,6,12,15,26,5
Adi1,4,4,7,18,40,11
Trappc12,4,3,10,11,20,2
Tssc1,6,6,1,10,15,1
Myt1l,0,0,0,0,1,0
Pxdn,0,0,2,4,6,0
Sntg2,1,2,1,1,1,0
Tmem18,3,3,10,9,16,2
Acp1,18,25,36,75,83,20
Sh3yl1,2,2,1,4,3,2
Lamb1,2,1,2,5,12,0
Dld,25,7,35,52,70,16
Cbll1,9,8,7,16,40,4
Bcap29,11,17,12,31,45,8
Dus4l,1,2,3,7,7,1
Cog5,3,1,4,8,14,1
Hbp1,23,27,19,56,84,13
Prkar2b,6,14,17,19,56,5
Pik3cg,1,3,3,5,12,1
Ccdc71l,15,9,19,23,40,9
Nampt,37,41,63,137,147,34
Gdap10,9,10,12,28,38,5
4933406C10Rik,0,0,0,0,2,0
Sypl,79,92,135,190,297,70
Atxn7l1,6,12,11,12,27,6
Twistnb,28,13,20,47,52,11
Twist1,4,3,4,4,17,1
Gm18025,0,0,0,0,1,0
Hdac9,4,5,5,8,5,0
Snx13,21,12,18,32,33,8
Ahr,6,11,3,9,10,2
Tspan13,210,193,300,358,675,109
Bzw2,4,4,5,20,19,5
Ankmy2,5,8,8,22,22,3
Sostdc1,0,0,2,0,1,0
D630036H23Rik,1,0,0,1,3,0
Ispd,0,0,0,1,3,1
Agmo,2,2,9,8,14,3
Dgkb,7,6,2,5,9,0
Etv1,6,25,7,20,29,9
Arl4a,269,141,419,371,691,100
Arl4aos,0,0,0,1,1,0
Scin,0,0,0,0,1,0
Lsmem1,0,1,0,2,0,0
Gm17056,10,17,11,73,27,7
Ifrd1,44,97,59,121,147,43
Gm17024,0,0,0,0,2,0
Gm7008,0,0,3,0,1,0
Zfp277,5,2,14,19,23,5
Dock4,11,2,13,10,26,5
Immp2l,8,0,8,17,13,1
Lrrn3,17,11,20,75,82,1
Dnajb9,35,31,41,105,145,43
Pnpla8,17,21,30,44,71,20
Nrcam,0,0,0,1,2,1
Stxbp6,18,17,25,28,42,15
Nova1,1,0,0,3,5,2
Foxg1,0,0,0,4,2,1
Prkd1,0,1,5,5,11,2
G2e3,8,4,8,14,24,3
Scfd1,6,10,15,21,40,4
Coch,1,0,0,0,1,0
Strn3,65,55,79,141,213,42
Ap4s1,13,13,20,26,49,9
Hectd1,56,50,69,107,165,51
Heatr5a,12,12,11,21,35,5
Gm26517,0,0,0,1,1,0
Dtd2,10,4,11,24,34,3
Nubpl,2,5,4,17,20,6
Arhgap5,18,25,40,106,129,18
Akap6,0,1,1,3,5,0
Npas3,1,1,0,3,3,0
Egln3,0,0,0,0,0,1
Sptssa,68,78,99,171,238,39
Eapp,24,40,34,60,120,15
Snx6,26,24,44,54,92,18
Cfl2,25,39,53,96,96,40
Baz1a,10,21,12,18,35,9
2700097O09Rik,7,3,4,7,13,4
Fam177a,34,38,49,85,120,22
Srp54b,35,39,69,88,143,44
1700047I17Rik2,0,1,1,4,12,0
Ppp2r3c,4,6,15,16,32,6
1110008L16Rik,13,3,14,27,29,5
Psma6,73,79,109,186,252,66
Nfkbia,432,708,855,1038,1580,443
Ralgapa1,38,22,49,68,107,17
Brms1l,5,9,17,15,23,8
Mbip,4,5,16,18,36,7
Nkx2-9,0,3,0,1,3,0
Prps1l3,1,0,3,6,10,0
Mipol1,4,2,3,4,11,0
Foxa1,0,0,0,0,1,0
Clec14a,39,40,62,135,116,19
Gm17529,0,1,0,0,1,0
Sec23a,5,12,17,19,25,7
Gemin2,6,3,11,17,25,2
Trappc6b,35,50,64,132,188,46
Pnn,51,35,67,76,143,34
Gm5786,0,0,2,1,1,0
Ctage5,17,13,25,59,79,11
Fbxo33,8,9,14,19,35,8
Lrfn5,0,0,0,0,1,0
Gm527,1,0,1,2,6,1
Klhl28,4,6,9,8,7,3
Fam179b,6,9,20,28,40,4
Prpf39,12,10,20,37,49,8
Fkbp3,43,40,58,110,194,25
Fancm,0,1,2,1,5,0
Mis18bp1,0,0,0,1,0,0
Mdga2,0,1,1,2,1,1
Rps29,1756,1649,2252,2145,7123,829
Rpl36al,130,155,151,279,473,128
Mgat2,21,25,42,56,94,17
Dnaaf2,1,3,1,9,6,1
9330151L19Rik,4,2,0,3,3,0
Pole2,1,0,0,8,9,0
Klhdc1,3,2,2,6,6,1
Klhdc2,12,8,17,26,49,11
Nemf,27,14,41,58,90,22
Gm9887,0,0,1,0,0,0
Arf6,65,51,96,104,248,39
Vcpkmt,0,2,5,8,7,3
Sos2,20,22,36,47,58,10
L2hgdh,1,1,2,0,4,2
Atp5s,3,2,3,2,10,1
Cdkl1,1,0,0,0,0,0
Map4k5,13,14,13,9,44,10
Atl1,4,0,3,6,6,0
Sav1,23,31,53,76,112,17
Nin,8,4,7,19,38,9
Pygl,1,2,5,1,2,1
Trim9,0,0,0,1,1,0
Tmx1,18,18,21,53,68,12
Frmd6,8,6,8,16,41,0
Actr10,37,30,60,90,129,32
Psma3,101,82,136,295,389,112
3110056K07Rik,5,6,9,12,12,1
Arid4a,30,26,47,80,135,12
Timm9,9,8,13,25,33,6
2700049A03Rik,2,3,4,9,9,0
Dact1,1,1,0,6,15,8
Daam1,7,15,19,33,39,10
Gpr135,0,0,0,0,2,0
L3hypdh,4,1,3,17,6,0
Jkamp,17,19,35,71,82,22
Rtn1,3,4,2,6,16,1
Lrrc9,0,0,0,1,1,0
Pcnxl4,8,5,5,8,26,3
Dhrs7,35,31,43,87,116,22
Ppm1a,22,25,27,46,76,25
Six1,0,0,0,1,1,0
Six4,0,1,0,2,2,0
Mnat1,10,10,17,15,44,7
Trmt5,2,2,0,2,4,1
Slc38a6,3,8,5,9,11,2
Prkch,33,32,49,77,107,30
Hif1a,39,73,35,119,135,39
Snapc1,17,23,27,44,51,11
Syt16,2,0,0,1,0,0
Dbpht2,0,0,0,0,1,0
Kcnh5,0,0,0,0,1,0
Rhoj,45,31,57,95,96,36
Ppp2r5e,16,12,24,44,48,15
Wdr89,19,26,39,81,70,17
Sgpp1,5,4,8,16,43,5
Syne2,35,29,51,74,123,21
Mthfd1,4,3,4,2,10,3
Akap5,0,0,0,0,1,0
Zbtb25,3,3,3,11,7,2
Zbtb1,5,8,10,22,36,3
4930426I24Rik,0,0,1,0,1,0
Hspa2,13,20,38,49,85,9
Gm10451,0,0,1,0,1,0
Plekhg3,4,6,4,14,29,3
Sptb,0,0,0,0,1,0
Churc1,25,37,48,90,99,20
Fntb,6,1,4,3,11,2
Max,38,39,58,73,146,32
Fut8,40,15,45,61,87,17
Gphn,12,5,11,16,24,8
Mpp5,15,14,18,16,35,8
Atp6v1d,25,23,44,59,100,25
Eif2s1,26,20,35,49,75,26
Plek2,0,0,0,0,2,1
Tmem229b,6,4,2,6,15,2
Plekhh1,1,3,3,8,8,8
Pigh,4,0,6,9,19,1
Arg2,0,0,2,0,0,0
Vti1b,35,25,43,71,110,40
Rdh11,4,10,5,11,14,7
Rdh12,1,0,6,1,6,2
Zfyve26,3,1,4,11,6,3
Zfp36l1,306,372,351,798,908,241
Gm26669,26,14,22,48,48,13
2310015A10Rik,3,4,5,12,15,2
Actn1,53,56,51,126,116,44
Dcaf5,4,1,13,14,34,2
Exd2,3,4,6,14,17,4
Galnt16,0,1,0,1,0,1
Erh,73,48,86,186,189,49
Slc39a9,9,9,10,26,30,3
Susd6,24,31,40,34,126,13
Gm26545,0,2,1,2,0,1
Srsf5,132,110,166,381,674,60
Smoc1,1,0,0,0,0,0
Slc8a3,0,1,0,0,1,0
Gm20498,0,1,0,1,4,0
Cox16,9,6,16,22,31,4
Gm4787,0,0,1,0,0,0
Adam4,0,1,0,1,1,1
Synj2bp,23,26,49,65,92,12
Med6,7,11,17,27,56,11
Ttc9,0,0,0,0,3,0
Map3k9,1,0,1,0,1,0
Pcnx,23,29,45,47,90,20
Sipa1l1,5,7,6,15,23,4
Rgs6,2,0,2,2,6,0
Dpf3,0,3,1,0,8,0
Dcaf4,3,2,4,5,9,2
Zfyve1,1,4,4,10,10,2
Rbm25,71,74,94,140,238,44
Gm29361,0,0,0,1,1,0
Psen1,11,13,11,26,32,9
Numb,14,14,41,30,65,11
2410016O06Rik,0,1,4,11,14,7
Acot2,5,5,5,19,33,8
Acot1,1,3,0,8,14,4
Acot6,0,0,1,0,2,0
Dnal1,4,3,4,9,17,2
Pnma1,0,0,0,0,1,0
Elmsan1,10,7,13,27,35,4
Ptgr2,11,5,14,27,32,7
Zfp410,3,1,7,9,18,6
Fam161b,1,1,0,3,1,1
Coq6,4,3,5,17,14,6
Entpd5,2,10,6,10,14,4
Bbof1,0,1,0,1,0,0
Rnf113a2,3,9,6,18,22,4
Aldh6a1,11,7,15,25,31,9
Lin52,2,7,5,19,14,5
Vsx2,0,0,0,0,1,0
Abcd4,3,6,8,20,21,2
Npc2,82,79,110,192,256,50
Isca2,29,21,27,48,59,18
D030025P21Rik,0,0,1,0,0,0
Arel1,8,4,8,15,18,0
Fcf1,26,17,25,38,59,15
Ylpm1,14,19,25,32,58,11
Prox2os,0,0,0,1,1,0
Prox2,1,0,2,2,0,0
Dlst,12,8,15,29,31,14
Rps6kl1,1,0,0,3,0,0
Pgf,3,4,2,14,14,2
Eif2b2,14,8,21,27,50,11
Mlh3,10,6,8,12,27,0
Acyp1,14,12,8,30,41,4
Zc2hc1c,0,0,0,0,3,0
Nek9,23,20,20,54,56,13
Tmed10,108,118,152,305,376,133
Fos,1101,1466,1992,4268,6111,1067
Jdp2,8,19,13,11,31,3
Batf,6,1,4,4,16,0
Mfsd7c,11,14,23,34,52,14
0610007P14Rik,16,24,21,53,65,12
Ttll5,6,3,6,8,10,3
Gm26531,0,0,0,0,2,0
Tgfb3,8,2,9,12,4,1
Ift43,8,14,13,44,47,8
Gpatch2l,1,0,7,5,10,1
Vash1,3,0,3,2,4,0
Angel1,3,3,1,4,9,2
Irf2bpl,83,53,123,108,226,31
Gm26698,1,0,0,1,3,0
Cipc,6,15,14,22,41,3
Tmem63c,0,0,0,1,0,0
Ngb,0,1,0,1,4,0
Pomt2,1,5,7,10,6,3
Gstz1,4,2,3,17,17,3
Tmed8,7,5,7,17,26,3
Samd15,0,1,0,2,0,0
Noxred1,0,1,0,0,0,0
Vipas39,4,7,5,17,17,5
Ahsa1,38,42,57,62,112,51
Ism2,0,0,1,1,1,0
Sptlc2,34,27,27,56,105,20
Gm26764,0,0,1,1,8,0
Alkbh1,9,8,5,19,34,2
Slirp,37,27,35,52,119,32
Snw1,32,34,57,79,135,25
Adck1,4,6,6,8,10,3
Nrxn3,0,0,0,1,2,0
Dio2,0,0,0,0,1,0
Gm26512,0,0,0,1,0,0
Cep128,3,1,0,4,5,1
Gtf2a1,8,5,10,14,33,2
Ston2,0,0,1,1,2,0
Sel1l,10,27,30,68,79,29
Flrt2,15,3,18,20,43,2
Galc,1,1,0,10,7,2
Gpr65,3,4,1,7,14,0
Spata7,1,3,3,7,9,1
Ptpn21,4,7,9,9,16,2
Zc3h14,8,21,22,54,59,16
Eml5,0,1,2,5,7,1
Ttc8,1,0,5,11,6,4
Gm28933,0,1,0,0,1,0
Foxn3,21,24,36,51,83,16
Tdp1,6,5,3,9,16,3
Kcnk13,3,1,0,6,7,1
Psmc1,24,26,34,75,103,44
Nrde2,1,1,3,10,17,1
Calm1,788,590,1009,1734,2662,634
Gm26723,0,0,0,0,1,0
Ttc7b,16,13,21,24,39,13
Rps6ka5,3,1,2,10,11,1
9030617O03Rik,1,0,0,4,3,0
Gpr68,1,0,1,0,0,0
Ccdc88c,1,0,2,0,2,0
Smek1,11,7,22,24,42,9
D130020L05Rik,0,1,0,0,0,0
Fbln5,0,0,5,9,7,0
Trip11,23,38,37,57,87,11
Atxn3,5,3,11,11,22,2
Cpsf2,12,12,13,24,56,23
Rin3,13,24,24,29,32,11
Lgmn,69,42,80,135,207,27
Golga5,8,10,13,17,22,6
Itpk1,6,7,5,15,23,2
Gm20604,4,5,2,9,17,6
Tmem251,5,13,14,23,45,8
AK010878,8,6,5,11,23,7
Ubr7,7,5,12,12,27,6
Btbd7,11,7,24,30,55,6
Unc79,0,0,0,0,1,0
Prima1,0,2,0,2,1,0
Fam181a,0,0,0,2,1,0
Gm29508,0,0,0,1,0,0
Asb2,8,3,1,5,16,0
Otub2,0,1,1,1,8,0
Ddx24,47,52,78,125,169,45
Ifi27,127,85,157,294,386,96
Ifi27l2a,16,11,37,78,115,28
Ppp4r4,0,0,0,0,1,0
Serpina3b,0,0,0,1,0,0
Serpina3f,0,12,0,1,0,0
Serpina3g,4,5,3,7,11,4
Serpina3n,0,133,4,16,34,16
Dicer1,20,17,15,34,41,13
Clmn,4,9,8,12,26,5
Gm28875,2,0,3,13,12,8
Syne3,0,0,1,3,8,0
Glrx5,21,36,25,62,105,16
Atg2b,7,7,7,16,13,7
Gskip,7,11,15,20,33,7
Ak7,0,0,0,0,1,0
Papola,47,50,58,105,149,50
Vrk1,4,7,6,18,28,6
Bcl11b,0,0,1,1,1,0
Setd3,33,36,40,68,114,17
Ccnk,8,11,18,19,28,8
Ccdc85c,0,0,1,0,1,0
Cyp46a1,1,0,0,1,2,0
Eml1,10,14,20,25,49,5
Gm16596,0,0,0,0,1,0
Evl,13,3,12,27,46,8
Degs2,68,41,100,174,248,83
Yy1,34,28,31,69,114,19
Slc25a29,0,2,4,5,9,3
Slc25a47,0,1,0,0,1,1
Wars,9,9,18,27,37,12
Wdr25,1,0,1,0,1,1
Begain,0,0,1,2,8,1
Dlk1,0,0,0,1,2,0
Meg3,7,12,14,48,88,8
Mirg,0,0,0,0,1,0
Ppp2r5c,23,25,30,49,83,14
Dync1h1,56,43,72,130,154,54
Hsp90aa1,205,385,336,716,900,352
Wdr20,10,11,15,30,43,6
Mok,0,1,0,0,2,2
4921507G05Rik,0,0,0,0,2,0
Gm26912,0,0,0,0,1,0
Zfp839,2,2,4,9,11,3
Cinp,7,0,10,25,39,11
Tecpr2,2,3,4,7,14,5
Ankrd9,3,3,3,5,7,4
Rcor1,16,13,18,29,37,9
Traf3,5,2,4,9,19,7
A230087F16Rik,0,0,0,1,1,0
Cdc42bpb,32,36,48,66,114,27
A230065H16Rik,0,0,0,0,1,0
Exoc3l4,0,0,2,0,0,0
Tnfaip2,9,5,4,5,8,0
Gm266,0,0,0,0,2,0
Eif5,83,103,94,209,286,82
2810029C07Rik,1,1,2,1,2,1
Mark3,17,25,35,53,69,13
Ckb,136,110,140,252,393,38
Trmt61a,4,1,3,6,8,6
Bag5,37,30,45,62,115,24
Apopt1,22,13,40,59,72,12
Klc1,37,34,62,87,126,23
Xrcc3,0,0,0,2,4,0
Zfyve21,4,4,10,23,23,8
Ppp1r13b,20,19,34,37,81,15
2010107E04Rik,67,75,113,90,292,63
Tdrd9,0,0,0,0,1,0
Aspg,0,0,0,0,1,0
Kif26a,44,18,55,83,141,15
A530016L24Rik,0,0,0,2,0,0
Tmem179,0,0,0,1,1,0
Inf2,28,16,35,66,119,27
Adssl1,2,6,2,3,15,1
Siva1,22,17,26,34,53,11
Akt1,35,42,56,83,134,35
Zbtb42,5,3,4,8,6,5
Cep170b,1,4,4,4,11,2
Pld4,14,13,11,17,52,2
Ahnak2,0,0,0,0,1,0
BC022687,0,0,3,3,4,2
Cdca4,2,3,8,10,21,3
Gpr132,2,3,5,7,6,1
Jag2,19,14,33,49,70,24
Nudt14,12,5,15,32,57,10
Gm26583,0,1,0,0,0,0
Brf1,11,6,5,15,23,4
Btbd6,6,4,18,8,26,4
9230104M06Rik,1,0,0,1,0,0
Pacs2,8,22,10,30,57,9
Mta1,18,20,25,34,69,14
Crip2,298,211,436,677,984,292
Crip1,488,162,394,642,1237,269
4930427A07Rik,0,0,0,0,1,0
Tmem121,0,0,0,0,1,0
Zfp386,8,6,12,23,35,5
Vipr2,0,0,1,0,1,0
Wdr60,1,1,1,7,15,2
Gm11027,0,0,0,0,1,1
Esyt2,122,82,144,175,287,31
Ncapg2,0,1,1,2,4,0
Rapgef5,14,7,14,24,29,5
Cdca7l,0,0,0,0,1,0
Dnah11,0,1,0,0,0,0
Sp4,7,5,8,15,14,4
Itgb8,1,3,1,5,3,1
Sepp1,443,978,639,956,1204,960
Ccdc152,0,0,0,0,1,0
Ghr,10,12,9,15,24,4
Fbxo4,2,9,8,11,30,5
AW549877,18,10,13,20,33,7
Oxct1,26,17,36,30,67,5
Card6,2,5,3,8,22,1
Rpl37,861,934,1089,1169,3063,479
Gm10250,0,1,0,3,1,1
Prkaa1,6,6,11,21,39,6
Ttc33,12,17,26,40,54,9
Ptger4,3,4,1,4,5,1
Dab2,39,32,37,76,82,19
Fyb,10,11,11,7,14,0
Rictor,21,19,20,25,39,9
Osmr,31,52,42,65,77,23
Lifr,33,16,27,38,77,7
Egflam,7,5,18,24,42,8
Gdnf,0,1,1,0,0,0
Wdr70,4,3,7,12,32,5
Nup155,5,2,5,8,18,0
2410089E03Rik,5,6,11,14,38,1
Nipbl,33,34,59,102,152,28
Slc1a3,4,19,8,30,51,8
Ranbp3l,0,0,0,2,0,0
Nadk2,2,4,8,18,17,2
Skp2,1,0,3,2,5,2
Lmbrd2,3,1,2,7,5,1
Il7r,1,0,2,0,0,0
Spef2,0,0,0,0,1,0
Prlr,0,0,2,1,0,0
Dnajc21,26,24,30,41,81,15
Brix1,17,7,8,29,39,9
Rad1,2,8,11,14,22,5
Rai14,22,21,32,24,90,22
4930556M19Rik-1,6,4,3,10,9,2
Amacr,6,7,13,18,17,2
Tars,9,10,12,18,31,5
Npr3,0,0,1,0,1,0
Sub1,130,162,179,290,499,79
Zfr,28,32,30,58,79,18
Mtmr12,5,9,7,12,33,3
Golph3,20,17,29,35,50,11
Pdzd2,32,34,63,118,129,29
6030458C11Rik,4,1,7,14,20,2
Drosha,8,11,9,17,24,8
Cdh9,0,1,0,0,1,0
Cdh10,0,0,1,2,5,2
Gm2824,0,0,0,1,0,0
Basp1,33,23,19,41,69,1
Myo10,71,44,95,99,183,25
Fam134b,18,19,31,32,42,8
Zfp622,16,14,25,32,49,13
Gm6576,0,0,0,0,1,0
Ank,10,15,20,23,35,12
Otulin,16,13,17,41,87,6
Fam105a,6,10,12,8,28,0
Trio,8,6,15,25,41,4
Ctnnd2,0,1,2,6,2,1
Dap,32,39,39,99,100,28
Ankrd33b,7,6,14,36,34,17
Ropn1l,1,1,1,3,1,0
March6,22,21,33,52,91,27
Cmbl,0,2,0,6,15,0
Cct5,54,54,80,138,179,64
Fam173b,6,7,5,16,20,9
Snhg18,13,11,11,32,39,5
Sema5a,7,2,6,9,11,5
Sdc2,23,14,29,58,51,4
Cpq,7,8,17,24,33,4
Tspyl5,1,0,2,3,13,0
Mtdh,41,52,67,141,234,34
Laptm4b,9,11,32,26,40,19
Matn2,1,1,0,2,1,2
Rpl30,746,936,1053,1393,2714,392
Erich5,1,0,0,0,0,0
Hrsp12,10,21,16,30,44,2
Pop1,1,3,2,6,5,2
Nipal2,0,0,6,7,6,1
Stk3,17,14,19,38,42,6
Vps13b,10,19,13,25,28,7
Cox6c,225,228,331,450,972,162
Fbxo43,0,0,1,1,0,0
Polr2k,44,45,76,87,152,41
Spag1,2,1,4,5,7,2
Rnf19a,15,9,23,28,39,10
Ankrd46,16,17,28,42,69,16
Pabpc1,111,252,129,270,482,102
Ywhaz,106,164,157,245,499,102
Gm10384,0,0,0,0,1,0
Zfp706,48,70,78,145,223,43
Ncald,2,5,8,5,5,2
Rrm2b,18,22,24,55,106,8
Ubr5,28,27,22,47,90,17
Klf10,20,22,23,70,63,48
Gm26863,0,0,0,1,2,0
Azin1,23,35,23,55,104,28
Atp6v1c1,12,13,21,19,42,8
Gm26704,0,0,0,1,0,0
Baalc,0,0,0,0,2,0
Fzd6,57,35,68,83,157,23
Cthrc1,22,12,30,84,108,16
Slc25a32,5,6,10,18,24,4
Dcaf13,11,9,13,16,38,7
Rims2,0,1,0,1,0,0
Dcstamp,0,1,0,0,0,0
Dpys,0,1,0,0,0,0
Lrp12,1,0,1,2,7,1
Zfpm2,0,1,0,0,0,0
Oxr1,14,15,25,40,53,11
Abra,1,0,0,0,0,0
Angpt1,1,0,1,2,5,0
Eif3e,59,73,115,158,221,53
Emc2,30,23,46,94,117,22
Nudcd1,1,2,3,10,6,2
Eny2,19,40,38,59,107,24
Ebag9,6,1,7,11,16,5
Sybu,0,0,1,1,3,0
Csmd3,1,2,1,6,7,1
Trps1,29,33,21,36,64,8
Eif3h,94,112,160,254,347,64
Utp23,4,4,9,13,16,7
Rad21,34,32,53,81,121,24
Aard,0,0,0,1,0,0
Gm10020,5,15,12,25,25,10
Med30,25,19,28,56,76,14
Ext1,8,6,3,6,20,4
Samd12,5,1,7,11,18,0
Tnfrsf11b,0,0,1,0,1,0
Nov,0,0,1,0,2,0
Enpp2,17,62,56,86,97,32
Gm26684,0,0,0,1,0,0
Taf2,8,7,11,17,20,6
Dscc1,0,0,0,2,2,0
Gm9920,0,0,0,0,2,0
Deptor,0,3,3,2,4,1
Col14a1,1,0,12,4,11,1
Mrpl13,25,16,26,60,75,17
Mtbp,2,0,1,2,12,4
Sntb1,0,0,1,1,1,0
Zhx2,4,5,6,11,18,0
Gm16006,0,0,0,1,1,0
Derl1,30,43,44,87,103,32
Tbc1d31,4,1,2,2,2,0
9130401M01Rik,11,8,13,26,34,8
Gm29394,1,1,1,2,2,0
Zhx1,21,16,24,50,66,11
Atad2,3,3,4,11,15,5
Wdyhv1,1,3,4,13,12,3
Fbxo32,5,5,5,10,13,0
Klhl38,1,0,0,0,0,0
D15Ertd621e,14,12,21,27,44,2
Tmem65,26,17,21,47,55,20
Trmt12,4,3,1,11,5,2
Rnf139,9,17,20,28,42,4
Tatdn1,1,2,6,11,13,1
Ndufb9,84,84,114,263,380,86
Mtss1,26,22,27,80,103,10
Sqle,11,8,1,17,19,10
E430025E21Rik,6,3,7,12,14,5
Nsmce2,14,9,13,20,35,7
Trib1,18,38,25,43,48,15
Fam84b,4,5,1,22,10,1
Myc,8,6,7,12,34,1
Pvt1,1,2,0,1,3,1
Gsdmc4,0,0,0,1,0,0
Fam49b,26,49,28,37,72,9
Asap1,19,19,47,67,111,22
Adcy8,0,0,1,0,1,0
Efr3a,32,26,33,51,78,16
Kcnq3,1,1,1,2,8,5
Tmem71,3,2,3,3,17,1
Phf20l1,24,34,32,57,97,17
Tg,0,0,0,1,2,0
Sla,5,6,3,10,19,0
Wisp1,2,1,0,2,0,0
Ndrg1,229,269,296,222,453,115
St3gal1,16,39,34,45,70,22
Zfat,1,1,0,2,2,0
Khdrbs3,9,6,9,6,18,3
Trappc9,14,5,4,15,26,10
Chrac1,30,23,45,62,94,16
Ago2,16,23,20,38,63,16
Ptk2,26,12,26,59,91,20
Dennd3,16,15,35,19,41,16
Slc45a4,5,2,1,8,11,2
Gpr20,1,4,1,3,7,0
Ptp4a3,67,23,70,172,276,54
Gm6569,0,0,0,1,1,0
Adgrb1,0,1,1,2,8,2
Arc,0,2,2,6,7,3
Jrk,1,2,2,1,8,0
Them6,6,3,12,20,38,5
Lynx1,8,5,8,16,23,8
Ly6d,66,35,65,53,205,35
Ly6k,3,0,4,2,0,0
Ly6e,594,539,846,1243,2019,541
Ly6i,0,0,0,1,1,0
Ly6a,814,1143,1188,2640,3160,2782
Gm28068,0,1,2,1,2,1
Ly6c1,1093,1249,1779,2891,4272,2402
Ly6c2,0,1,1,0,4,0
Ly6h,1,1,1,3,3,0
Zfp41,1,0,1,1,4,0
Top1mt,2,1,1,3,12,1
Gm15945,0,0,0,0,1,0
Rhpn1,0,0,0,0,2,2
Zc3h3,0,3,6,17,14,4
Gsdmd,11,14,12,30,38,10
Naprt,1,2,3,13,16,4
Eef1d,90,91,141,254,302,44
Tigd5,1,0,2,4,3,0
Pycrl,4,2,7,16,21,5
Tsta3,6,4,13,24,32,3
Zfp623,5,2,4,8,14,1
Zfp707,11,1,7,15,18,0
Ccdc166,0,2,9,5,7,0
Mapk15,0,0,0,0,1,0
Fam83h,0,0,0,0,1,0
K230010J24Rik,0,0,0,0,1,0
Scrib,10,5,12,13,25,5
Puf60,27,31,52,83,117,50
Nrbp2,4,5,7,13,18,3
BC024139,0,0,0,1,2,0
Plec,42,42,76,212,181,89
Parp10,3,5,8,8,17,5
Grina,20,41,41,63,124,10
Smpd5,1,0,1,3,7,0
Oplah,1,2,1,11,9,4
Exosc4,8,13,21,49,42,14
Gpaa1,12,9,17,19,40,12
Cyc1,49,38,56,95,147,35
Sharpin,11,8,15,23,66,11
Maf1,21,24,29,62,91,15
WDR97,1,0,0,1,1,0
Hgh1,1,1,2,1,9,0
Mroh1,7,7,5,14,16,3
Bop1,8,4,12,28,10,4
Scx,0,0,0,1,0,0
Hsf1,5,16,10,15,40,4
Dgat1,7,2,9,10,18,5
Scrt1,1,0,0,0,1,0
Fbxl6,22,8,18,27,35,6
Slc52a2,11,5,17,34,56,18
Adck5,4,0,3,11,15,2
Cpsf1,9,7,5,13,37,5
Slc39a4,1,0,0,0,3,1
Tonsl,50,47,53,133,201,48
Cyhr1,21,20,36,93,130,23
Kifc2,2,0,4,5,7,0
Ppp1r16a,4,4,6,13,17,4
Gpt,1,4,1,10,15,3
Mfsd3,1,1,1,0,2,1
Lrrc14,3,3,7,14,19,3
Lrrc24,4,2,10,9,15,1
Arhgap39,6,1,6,8,28,2
Zfp251,1,1,2,3,5,1
Zfp7,3,4,1,2,4,2
Commd5,9,7,12,28,25,6
Rpl8,568,550,814,1589,2176,418
1110038F14Rik,24,13,16,38,60,10
Mb,0,0,0,0,3,0
Rbfox2,24,14,36,43,103,21
Apol9a,0,0,0,1,2,1
1700025B11Rik,0,0,0,0,1,0
Apol10b,8,7,2,20,17,5
Apol11b,0,15,0,23,28,0
Apol9b,0,1,0,0,2,1
Myh9,94,141,122,216,307,92
Txn2,45,62,64,130,174,69
Foxred2,0,0,0,1,2,0
Eif3d,37,31,44,94,113,39
Cacng2,0,0,0,1,0,0
Ift27,14,8,15,30,44,10
Pvalb,0,0,0,1,2,0
Ncf4,8,6,5,9,31,1
Csf2rb2,1,0,0,2,3,0
Csf2rb,1,9,2,5,4,1
Tst,1,1,0,5,7,2
Mpst,4,7,14,11,27,1
Kctd17,0,2,0,3,1,0
Il2rb,0,0,1,0,0,0
C1qtnf6,1,2,1,1,5,0
Rac2,19,22,24,27,81,12
Cyth4,3,6,5,20,40,2
Elfn2,0,0,0,0,1,0
Mfng,19,24,41,60,85,19
Card10,17,22,31,44,92,21
Cdc42ep1,13,16,22,37,81,20
Lgals2,0,0,0,2,0,0
Gga1,15,8,25,34,68,14
Sh3bp1,3,2,4,10,26,2
1700027A07Rik,0,0,0,0,1,0
Lgals1,12,22,34,52,84,13
Nol12,7,7,8,18,31,7
Triobp,18,24,34,62,66,40
H1f0,31,26,26,91,95,19
Gcat,2,0,1,7,4,2
Ankrd54,8,3,10,18,21,4
Eif3l,19,19,32,76,79,17
Micall1,10,11,6,13,37,9
1700088E04Rik,1,0,2,5,5,1
Polr2f,42,41,54,117,150,41
Sox10,2,7,3,11,29,4
Pick1,2,4,10,10,16,1
Slc16a8,0,0,1,1,0,0
Baiap2l2,0,0,1,0,0,0
Pla2g6,7,6,6,5,9,1
Maff,23,55,40,47,61,33
Tmem184b,33,38,68,70,141,46
Csnk1e,35,50,65,99,177,40
Gm16059,0,0,1,1,0,0
Kdelr3,2,1,1,7,4,0
Ddx17,52,59,71,96,165,23
Fam227a,2,1,0,1,0,0
Cby1,10,14,11,28,39,5
Tomm22,52,50,73,110,147,49
Josd1,7,4,13,21,33,10
Gtpbp1,4,6,10,15,28,4
Sun2,18,11,28,22,48,3
Gm16576,0,2,0,1,0,0
Dnal4,9,13,20,38,33,9
Nptxr,2,1,1,4,11,1
Cbx6,18,14,26,34,76,15
Apobec3,31,44,35,57,94,20
Cbx7,13,10,27,36,63,7
Pdgfb,105,80,163,172,349,40
Rpl3,454,488,588,1163,1648,278
Syngr1,6,4,11,9,34,1
Tab1,1,4,11,14,6,1
Mgat3,3,5,3,5,11,1
Mief1,3,1,4,10,15,4
Atf4,95,106,95,275,351,111
Rps19bp1,14,13,12,34,41,8
Cacna1i,0,0,1,1,4,0
Grap2,1,2,0,4,6,0
Tnrc6b,42,47,62,85,135,17
Adsl,6,4,11,21,26,5
Sgsm3,3,1,4,16,14,4
Mkl1,2,5,7,6,13,0
Slc25a17,10,8,17,35,46,4
St13,63,56,83,103,162,61
Xpnpep3,6,2,1,2,7,1
Rbx1,113,118,163,309,400,109
Ep300,25,29,48,44,113,9
L3mbtl2,3,4,7,8,14,7
Chadl,0,2,1,5,7,0
Rangap1,17,15,24,30,57,18
Zc3h7b,10,12,27,29,61,13
Gm17597,0,0,0,1,1,0
Tef,6,18,8,91,146,7
Gm8444,0,0,0,2,1,1
Tob2,62,53,36,89,170,22
Phf5a,21,24,36,72,109,22
Aco2,51,34,53,112,141,36
Polr3h,3,5,4,19,20,2
Csdc2,0,0,3,0,6,1
Pmm1,8,19,14,41,58,15
Xrcc6,4,3,6,8,12,2
Desi1,12,15,22,35,64,18
Nhp2l1,75,66,100,189,271,70
Ccdc134,1,5,1,8,12,5
Srebf2,15,21,12,44,103,15
Shisa8,0,3,1,1,4,0
Tnfrsf13c,5,3,1,8,11,2
Cenpm,0,0,1,2,0,0
1500009C09Rik,0,1,0,4,2,0
Sept3,0,6,0,0,1,0
Naga,4,17,11,19,29,8
Fam109b,0,1,0,0,2,0
Smdt1,99,139,151,358,408,99
Ndufa6,83,94,134,171,340,73
Cyp2d22,24,36,38,67,115,18
Tcf20,8,9,5,8,21,8
Gm20324,0,0,0,2,2,0
Gm29019,0,0,0,0,1,0
Nfam1,2,1,4,0,7,1
Serhl,6,6,11,28,34,5
Rrp7a,11,9,12,32,40,14
Poldip3,12,16,21,34,53,8
Cyb5r3,50,56,80,170,260,52
A4galt,12,16,31,45,74,7
Arfgap3,7,15,13,19,30,5
1700001L05Rik,0,0,1,1,1,0
Pacsin2,11,15,23,37,62,15
Ttll1,1,2,0,5,5,2
Bik,1,1,7,9,4,1
Mcat,2,2,1,12,11,4
Tspo,124,157,182,498,495,219
Ttll12,2,1,5,5,7,3
Scube1,0,1,3,2,2,0
Mpped1,0,0,1,0,0,1
Efcab6,0,0,0,1,1,0
Sult4a1,0,0,0,0,1,0
Pnpla3,0,1,0,0,0,0
Samm50,25,22,27,63,78,14
Parvb,78,69,110,138,150,91
Parvg,2,2,1,2,8,2
1810041L15Rik,0,0,0,2,0,0
Ldoc1l,2,0,2,2,1,1
Prr5,0,1,2,3,13,2
Arhgap8,1,2,2,1,3,2
Phf21b,1,2,1,2,3,0
Gm29666,6,3,0,10,12,3
Nup50,9,3,17,30,23,7
5031439G07Rik,7,12,17,33,51,9
Upk3a,0,0,0,1,1,0
Fam118a,12,8,11,21,20,10
Fbln1,1,2,3,5,6,1
Atxn10,15,24,23,54,57,15
Wnt7b,0,2,0,0,2,0
D130051D11Rik,0,1,1,1,0,1
Ppara,2,0,1,5,4,0
Cdpf1,1,5,14,42,42,4
Pkdrej,0,0,0,0,1,0
Ttc38,2,5,6,15,22,2
Gtse1,0,0,0,1,0,0
Trmu,4,2,3,9,18,1
Celsr1,1,1,0,6,1,1
Gramd4,1,2,3,6,13,3
Cerk,11,5,7,17,29,4
Tbc1d22a,6,6,8,7,21,3
Fam19a5,0,2,0,5,5,0
Brd1,29,19,27,54,92,10
Zbed4,2,2,3,8,15,1
Alg12,2,3,2,8,8,2
Creld2,10,21,15,23,27,22
Pim3,118,133,162,217,433,62
Ttll8,0,1,0,0,0,0
Mlc1,2,1,2,8,13,0
Trabd,9,14,22,45,54,17
Selo,4,8,12,24,24,4
Tubgcp6,4,1,2,6,7,2
Hdac10,0,5,6,9,7,3
Mapk12,11,8,17,34,61,12
Mapk11,5,4,11,13,12,9
Plxnb2,6,11,12,25,38,5
Dennd6b,1,1,2,3,11,2
Gm26798,0,0,3,2,5,0
Ppp6r2,2,2,2,3,3,1
Sbf1,6,10,10,27,36,17
Lmf2,8,11,13,32,35,9
Ncaph2,9,11,15,22,42,10
Sco2,5,4,8,24,26,2
Odf3b,3,3,2,7,6,1
Chkb,9,9,12,22,32,10
C730034F03Rik,7,4,7,13,18,5
Mapk8ip2,2,1,0,0,0,0
Arsa,3,7,10,18,28,9
C230037L18Rik,3,3,2,6,9,0
Shank3,12,25,23,37,51,7
Acr,0,0,0,0,1,1
Rabl2,3,3,5,6,11,5
Alg10b,1,2,2,5,1,0
Cpne8,26,41,30,78,77,25
Kif21a,0,6,1,5,6,7
Abcd2,0,0,2,5,5,0
Slc2a13,0,1,0,0,2,0
Lrrk2,10,2,6,7,28,7
Cntn1,0,1,3,1,7,1
Gm26760,0,0,1,0,0,0
Pdzrn4,0,0,0,0,1,0
Gxylt1,7,10,8,30,46,14
Yaf2,21,25,36,54,97,12
Zcrb1,44,43,83,137,176,43
Pphln1,11,13,13,31,28,3
Prickle1,34,13,38,38,104,5
Adamts20,0,0,0,0,3,0
Pus7l,0,2,2,3,7,1
Irak4,6,5,10,6,10,7
Twf1,15,26,31,52,61,18
Tmem117,0,4,1,0,0,0
Nell2,0,0,0,1,0,0
Dbx2,1,1,0,5,1,0
A130051J06Rik,0,0,1,2,1,0
Ano6,23,21,26,59,95,26
Gm17546,0,0,0,0,1,0
2610037D02Rik,5,15,20,36,55,6
Arid2,18,20,25,51,70,7
Scaf11,26,26,48,81,149,21
Slc38a1,0,4,2,4,16,2
Slc38a2,67,73,98,180,273,55
Amigo2,12,3,3,13,9,0
Pced1b,2,3,0,4,9,2
Rpap3,15,10,12,21,36,6
Endou,1,3,3,7,12,2
Rapgef3,45,36,48,62,83,27
Rapgef3os2,1,0,0,2,0,0
Slc48a1,13,46,26,69,97,19
Hdac7,31,27,48,92,172,20
Tmem106c,5,6,8,11,27,4
Col2a1,0,0,0,1,0,0
Senp1,4,14,5,21,36,6
Pfkm,5,0,6,8,21,2
Asb8,8,5,8,20,19,3
Ccdc184,3,0,3,3,5,2
Olfr287,0,0,1,0,0,0
Zfp641,0,0,0,1,0,0
Kansl2,13,12,16,18,40,4
Ccnt1,19,19,35,52,105,24
9330020H09Rik,4,1,3,1,7,1
Adcy6,15,7,3,15,30,6
Cacnb3,1,1,0,2,1,0
Ddx23,5,3,6,15,13,3
Rnd1,11,93,41,40,39,25
Fkbp11,1,2,0,1,5,0
Arf3,12,23,13,48,59,16
Ddn,0,0,0,1,0,0
B130046B21Rik,0,0,1,0,1,0
Prkag1,22,17,29,56,62,11
Kmt2d,22,20,23,36,49,8
Rhebl1,4,1,3,10,11,2
Dhh,0,0,0,1,0,2
Lmbr1l,6,1,6,11,22,6
Tuba1b,171,145,269,393,738,164
Tuba1a,264,189,308,607,854,371
4930578M01Rik,0,1,0,0,1,0
Tuba1c,15,13,20,42,50,33
Prph,0,0,0,0,1,0
Spats2,4,0,5,21,28,3
Kcnh3,1,0,0,0,0,0
Mcrs1,12,8,17,48,72,10
Prpf40b,14,9,15,15,41,3
Fmnl3,34,17,39,82,119,14
Tmbim6,159,186,230,370,504,122
Nckap5l,12,2,6,14,24,0
Bcdin3d,2,4,7,13,10,0
Faim2,1,3,1,1,6,1
Racgap1,1,2,2,1,1,1
Asic1,0,0,0,0,4,0
Smarcd1,13,9,18,28,58,6
Gm16537,0,0,0,0,1,0
Gpd1,0,2,0,6,8,0
Cox14,44,44,52,120,151,33
Cers5,15,17,47,49,86,14
Gm17058,0,0,0,0,1,0
Lima1,60,62,67,144,226,46
Larp4,17,10,17,39,43,10
2310068J16Rik,1,2,0,2,1,0
Dip2b,20,22,22,45,69,11
Atf1,12,11,14,30,48,16
Mettl7a1,12,12,12,18,43,3
Slc11a2,7,7,3,14,21,6
5330439K02Rik,0,0,0,1,0,0
Letmd1,4,8,5,7,12,3
Csrnp2,0,1,1,3,4,1
Tfcp2,1,0,3,1,8,2
Pou6f1,4,3,5,12,7,1
Gm20680,0,0,0,1,0,0
Gm27209,0,0,0,0,1,0
C330013E15Rik,2,0,1,4,1,0
Dazap2,60,66,92,164,221,57
Smagp,39,27,55,99,123,32
Bin2,12,23,13,19,33,2
Cela1,0,2,0,3,2,1
Galnt6,0,2,4,5,7,3
Slc4a8,0,1,1,2,1,1
Scn8a,0,1,1,1,2,0
Fignl2,0,2,2,3,3,1
Acvrl1,128,121,247,391,585,212
Acvr1b,1,0,2,0,2,1
A330009N23Rik,8,6,10,11,18,8
Grasp,76,58,142,140,352,67
Nr4a1,238,309,339,584,1023,138
Atg101,17,16,22,48,64,12
6030408B16Rik,0,2,2,1,0,0
Krt1,0,0,0,1,0,0
Krt8,0,0,0,1,1,0
Krt18,0,0,0,0,1,0
Eif4b,36,42,62,92,106,22
Tns2,50,62,58,132,233,39
Spryd3,8,11,10,32,45,10
Igfbp6,0,7,0,5,4,4
Soat2,0,0,1,2,1,0
Csad,10,11,16,31,36,10
Zfp740,8,9,15,37,43,8
Itgb7,2,6,7,3,12,2
Rarg,14,7,20,37,42,3
Mfsd5,4,4,13,19,24,1
Espl1,0,1,0,1,1,0
Pfdn5,202,253,305,565,739,150
Myg1,8,11,19,32,35,6
Aaas,6,4,2,9,13,5
Sp7,0,2,0,0,0,0
Sp1,23,25,29,60,82,13
Gm26518,6,7,12,20,60,2
Prr13,24,45,44,71,81,26
Pcbp2,142,179,178,357,530,121
Map3k12,6,2,4,15,14,3
Tarbp2,7,6,7,12,30,7
Npff,1,0,2,1,5,0
Atf7,9,14,31,32,62,14
Atp5g2,113,136,174,357,538,108
Calcoco1,13,14,15,21,36,5
Hoxc6,0,0,0,1,0,0
Smug1,6,0,1,5,18,2
Cbx5,38,39,37,95,158,20
Hnrnpa1,52,57,66,162,278,29
Nfe2,0,2,3,0,1,1
Copz1,21,24,27,33,59,21
Gpr84,26,12,6,17,63,0
Zfp385a,2,3,4,3,15,1
Itga5,5,9,6,16,11,7
Nckap1l,6,4,5,3,12,1
Pde1b,0,2,1,1,2,0
Ppp1r1a,0,1,1,1,4,0
Zfp263,6,6,12,16,27,3
Zfp174,0,0,1,0,1,0
Zfp597,3,2,6,7,18,5
Gm26675,0,0,0,1,1,0
Naa60,14,15,14,20,41,14
1700037C18Rik,4,3,7,7,10,2
Cluap1,4,5,13,25,30,9
Gm15537,0,0,0,0,2,0
Nlrc3,1,1,1,2,5,2
Slx4,2,3,2,3,12,1
Gm15879,1,1,1,1,1,0
Trap1,6,5,15,14,33,9
Crebbp,32,45,49,81,159,26
Adcy9,3,1,3,11,12,1
Srl,2,1,0,0,1,0
Tfap4,6,4,5,14,8,1
Glis2,9,6,10,16,32,8
Pam16,24,31,44,64,91,24
Coro7,6,4,5,16,27,3
Vasn,8,3,9,25,25,7
Dnaja3,12,13,23,30,42,7
Nmral1,1,3,4,3,7,1
Hmox2,14,17,23,48,58,6
Gm15859,0,0,1,1,6,1
Cdip1,15,9,15,27,35,3
Ubald1,5,13,19,32,36,10
Mgrn1,9,10,13,25,43,16
Nudt16l1,11,16,21,31,29,4
Anks3,4,4,8,15,26,6
Rogdi,2,4,7,10,25,8
Glyr1,18,27,24,53,78,18
Ubn1,30,24,43,61,118,19
Ppl,0,0,2,2,3,0
Sec14l5,0,1,1,0,0,0
Nagpa,5,6,17,26,38,5
AU021092,43,59,104,127,227,34
Alg1,10,9,17,24,37,9
Eef2kmt,4,10,9,26,41,9
Rbfox1,1,2,0,1,1,0
Mettl22,2,0,1,5,2,4
Abat,2,5,2,5,4,0
Tmem186,7,4,8,7,8,4
Pmm2,4,1,12,20,18,8
Carhsp1,8,13,8,29,29,16
Usp7,18,39,49,65,90,14
1810013L24Rik,9,7,12,28,31,8
Grin2a,0,0,0,3,0,0
Rpl39l,0,4,0,1,1,0
Atf7ip2,0,0,0,0,1,0
Emp2,29,9,41,79,134,30
Nubp1,8,4,6,16,23,6
Tvp23a,0,0,0,0,3,0
Ciita,2,4,2,2,8,0
Dexi,3,5,7,22,26,3
Clec16a,2,1,2,4,12,3
Socs1,4,6,9,14,31,4
Rmi2,0,0,0,1,0,0
Litaf,22,54,36,60,63,34
Gm4262,0,0,0,1,0,0
Snn,16,8,13,25,44,11
Txndc11,25,7,15,26,33,6
Zc3h7a,24,33,34,57,81,34
4930509G22Rik,0,0,0,0,1,0
Rsl1d1,22,22,31,61,83,20
2610020C07Rik,1,1,0,2,1,1
Gspt1,20,21,31,45,76,10
Tnfrsf17,2,0,1,0,1,0
Snx29,6,4,6,7,18,2
Cpped1,10,7,6,8,22,7
Ercc4,7,4,8,10,12,2
Mkl2,57,42,72,109,162,24
Parn,7,4,5,11,19,5
Bfar,16,14,23,53,70,10
3110001I22Rik,0,0,3,3,6,1
Rrn3,7,12,11,17,23,3
Ntan1,28,35,54,101,128,26
Pdxdc1,14,18,29,40,63,9
Mpv17l,1,4,6,7,24,2
Marf1,29,34,34,54,74,16
Nde1,16,24,31,50,78,30
Myh11,109,38,49,70,97,2
Fopnl,8,13,13,28,42,4
Abcc1,4,2,3,12,15,4
Snai2,1,8,12,16,18,1
Efcab1,0,0,0,0,1,0
Ube2v2,33,24,42,65,87,31
Mcm4,4,9,2,9,18,2
Prkdc,5,5,3,11,12,2
Mzt2,8,3,10,17,31,4
Spidr,6,6,10,10,17,4
Pkp2,0,0,0,0,3,1
Yars2,3,2,4,14,17,6
Dnm1l,18,19,22,42,86,19
Fgd4,1,3,2,2,3,0
Top3b,7,4,20,15,29,4
Ppm1f,25,30,31,43,66,21
Mapk1,33,25,46,64,105,27
1700056N10Rik,0,1,0,1,1,0
Ypel1,1,0,0,2,3,2
Ppil2,23,15,31,35,51,21
Sdf2l1,10,18,18,32,32,12
Ccdc116,0,0,0,0,1,0
Ydjc,1,0,0,2,2,0
Ube2l3,49,51,68,147,168,44
Gm15648,1,2,2,1,7,0
Hic2,1,7,1,12,11,0
Tmem191c,3,6,0,10,9,0
Pi4ka,7,9,9,24,32,9
Snap29,11,8,14,24,22,8
Crkl,1,0,0,2,2,1
Aifm3,1,1,0,1,3,1
Lztr1,3,12,10,14,22,7
Thap7,10,1,9,20,20,5
P2rx6,0,0,0,0,2,0
Slc7a4,0,0,0,0,1,0
Smpd4,4,1,9,9,15,1
Ccdc74a,0,0,0,1,0,0
Med15,13,13,14,27,37,8
Klhl22,4,2,3,5,15,0
Scarf2,4,2,2,11,20,1
Car15,0,0,0,0,1,0
Gm20518,0,0,1,0,0,0
Dgcr2,10,10,12,37,44,12
Dgcr14,4,5,11,16,22,7
Slc25a1,17,14,26,40,73,6
Dgcr6,24,23,35,59,89,22
Prodh,2,0,5,12,10,2
Rtn4r,0,0,0,1,0,1
Zdhhc8,11,7,21,32,38,4
Ranbp1,46,47,75,152,161,64
Trmt2a,8,4,3,19,42,5
Dgcr8,7,4,7,11,15,2
Tango2,4,5,7,13,20,3
Arvcf,2,2,2,5,14,1
Comt,31,24,61,85,128,20
Txnrd2,5,13,4,12,8,3
Gnb1l,0,0,4,0,2,1
Tbx1,20,9,27,56,65,14
Gp1bb,7,121,14,30,21,8
Sept5,0,0,0,2,2,1
Cldn5,1912,816,3121,4440,3891,1285
Cdc45,0,0,1,2,3,0
Ufd1l,20,12,18,36,58,17
2510002D24Rik,17,13,35,62,88,8
Mrpl40,6,8,12,38,29,14
Hira,2,5,9,20,17,4
2010309G21Rik,0,0,0,0,2,0
Lamp3,0,0,0,0,1,0
B3gnt5,2,0,1,6,23,2
A930003A15Rik,0,0,0,0,1,0
Klhl6,13,2,25,37,56,6
Klhl24,26,25,24,43,56,7
Yeats2,5,7,3,23,30,2
Map6d1,0,3,1,3,8,1
Parl,12,17,27,44,56,10
Abcc5,13,8,20,33,35,4
Eif2b5,18,11,21,45,56,12
Dvl3,1,2,3,7,9,3
Ap2m1,37,52,73,144,184,78
Abcf3,4,12,18,29,42,9
Vwa5b2,0,1,0,0,1,0
Alg3,0,1,8,14,13,5
Ece2,1,3,4,6,6,2
Camk2n2,1,3,6,6,16,3
Psmd2,24,24,58,83,147,52
Eif4g1,41,50,57,119,156,44
Fam131a,3,2,5,9,14,5
Clcn2,0,1,0,2,6,1
Polr2h,16,15,14,30,41,11
Thpo,0,0,0,1,0,0
Chrd,0,0,0,0,2,1
Ephb3,0,0,0,1,2,0
Vps8,6,2,5,12,16,7
2510009E07Rik,11,18,23,30,42,4
Ehhadh,0,0,2,3,7,0
1300002E11Rik,16,9,16,30,52,6
Map3k13,0,0,0,0,1,0
Tmem41a,3,1,3,5,11,1
Liph,0,0,1,1,2,0
Senp2,7,11,6,12,35,4
Igf2bp2,0,0,0,0,1,0
Tra2b,75,75,103,166,305,44
Etv5,2,2,5,1,8,1
Dgkg,1,0,3,4,4,0
Tbccd1,1,0,2,6,8,0
Dnajb11,41,27,40,104,126,36
Fetub,0,0,1,0,0,0
Eif4a2,175,146,250,373,500,125
Rfc4,1,1,2,13,11,1
BC106179,1,0,1,4,0,0
St6gal1,15,19,25,34,51,4
Rtp4,23,12,47,52,94,31
Sst,0,0,0,1,0,0
Bcl6,4,11,10,16,27,4
Lppos,8,6,8,23,25,2
Lpp,35,24,41,40,103,5
P3h2,0,2,2,2,6,0
Cldn1,0,4,0,0,0,0
Il1rap,2,6,2,7,16,4
Ccdc50,35,14,49,56,109,20
Fgf12,0,0,1,2,3,1
Mb21d2,4,0,3,7,3,2
Atp13a5,34,29,47,104,185,24
Atp13a4,0,0,0,1,0,0
Opa1,13,10,13,17,33,8
Gm26569,2,1,0,2,2,0
4632428C04Rik,0,0,0,0,1,0
Hes1,276,152,265,340,783,61
Gm26562,0,0,0,0,1,0
Gp5,0,9,3,3,10,3
Atp13a3,15,21,23,48,72,17
Tmem44,11,2,12,32,55,11
Lsg1,12,7,13,27,39,5
Fam43a,21,29,26,52,92,44
Xxylt1,0,1,2,6,7,1
Acap2,19,22,24,41,58,10
Ppp1r2,112,120,154,260,346,147
Apod,61,431,97,362,1071,541
Bdh1,1,0,1,0,2,2
Dlg1,12,18,19,24,45,9
Pigz,0,3,1,2,3,1
0610012G03Rik,34,35,47,94,130,33
Ncbp2,8,8,18,19,36,7
Senp5,5,6,4,5,29,1
Pak2,54,66,84,121,188,41
Pigx,17,6,24,32,45,9
Cep19,4,3,5,18,10,10
Nrros,11,8,11,17,38,2
Fbxo45,2,10,8,15,17,6
Wdr53,5,3,5,10,15,0
Rnf168,9,13,15,18,38,3
Ubxn7,6,9,11,16,25,2
Tctex1d2,7,10,14,34,35,5
Pcyt1a,13,14,10,36,55,14
Tfrc,106,89,125,235,451,57
Tnk2,11,8,21,37,47,9
Tnk2os,0,0,0,0,1,0
Rubcn,7,5,5,12,26,4
Fyttd1,23,18,32,40,87,11
Lrch3,14,18,25,36,52,11
Iqcg,0,0,0,1,0,0
Rpl35a,875,923,1128,1306,3129,444
Lmln,1,1,0,5,6,0
Osbpl11,7,4,11,16,30,6
Snx4,6,6,7,43,29,6
1700007L15Rik,0,0,0,1,1,0
Zfp148,35,30,45,91,117,19
Slc12a8,1,1,0,2,2,1
Heg1,59,89,115,192,341,78
Muc13,0,0,0,0,2,0
Itgb5,23,26,28,96,100,11
Umps,4,1,8,7,10,4
Kalrn,10,4,4,16,19,1
Ccdc14,0,0,1,4,3,0
Mylk,113,49,39,85,160,14
Hacd2,11,12,22,27,44,19
Adcy5,8,9,8,6,14,1
Sec22a,8,6,8,15,32,9
Pdia5,1,6,7,9,11,1
Sema5b,1,0,0,0,0,0
Dirc2,13,13,19,28,59,5
Hspbap1,2,2,1,6,6,0
Parp14,19,17,28,45,65,10
Dtx3l,11,14,15,26,42,4
Parp9,7,10,19,17,30,10
Gm15564,0,0,0,0,1,0
Kpna1,10,14,21,28,46,13
Wdr5b,2,1,1,3,2,0
Fam162a,29,19,23,75,77,18
Ccdc58,5,7,13,17,19,3
2010005H15Rik,1,0,0,0,1,0
Cd86,13,22,0,4,21,3
Ildr1,0,2,0,0,2,1
Slc15a2,2,3,0,4,17,0
Eaf2,1,0,0,3,1,1
Iqcb1,5,7,6,18,22,9
Golgb1,44,43,68,97,140,18
Hcls1,4,16,7,15,29,3
Gtf2e1,3,3,5,4,7,1
Rabl3,4,3,0,5,9,3
Ndufb4,89,67,121,155,302,55
Fstl1,8,8,6,28,38,0
RP23-198F11.3,0,0,4,3,8,0
Lrrc58,42,45,65,100,132,20
Gsk3b,76,91,113,178,279,46
Maats1,0,0,0,1,1,0
Cox17,62,59,105,89,284,44
Popdc2,0,0,0,0,3,0
Pla1a,5,19,15,29,49,2
Adprh,20,18,30,54,90,18
D930030I03Rik,0,1,1,1,2,0
Cd80,0,0,0,1,1,0
Timmdc1,2,3,4,8,9,2
Poglut1,5,11,17,35,37,9
Tmem39a,6,8,8,13,19,4
Arhgap31,187,148,242,274,568,96
B4galt4,54,31,89,140,202,33
Upk1b,0,0,3,2,11,0
Igsf11,0,1,0,4,6,3
Lsamp,4,7,4,21,21,6
Gap43,0,0,0,0,3,0
Zbtb20,242,205,315,547,828,141
Gm9968,0,0,1,2,2,0
Tigit,0,0,1,0,0,0
Qtrtd1,2,1,2,7,18,1
Ccdc191,4,1,9,5,11,2
Atp6v1a,35,47,29,83,124,24
Naa50,13,16,22,49,85,14
Usf3,7,5,6,25,20,7
Sidt1,0,0,0,1,1,0
Spice1,6,4,5,11,17,2
Boc,1,1,6,6,11,1
Nepro,0,2,2,6,5,0
Gtpbp8,3,1,7,12,25,3
Cd200r1,0,0,0,1,1,0
Cd200r4,0,0,0,1,0,0
Ccdc80,1,1,1,2,3,1
Slc35a5,3,4,6,8,31,3
Atg3,20,32,25,53,64,17
Btla,2,2,7,7,22,3
Cd200,112,163,144,321,487,158
Gm609,3,2,5,7,13,0
Tagln3,4,5,7,12,12,0
Abhd10,7,6,11,5,30,2
Phldb2,41,17,40,61,84,11
Plcxd2,1,2,3,0,4,2
Cd96,2,0,0,0,0,0
Pvrl3,1,2,4,9,13,5
Retnlg,0,5,29,0,0,1
Dzip3,7,4,6,12,14,0
C330027C09Rik,0,0,0,0,2,0
Ift57,8,6,5,23,27,9
Cd47,92,117,153,247,366,69
Bbx,18,24,43,59,54,15
Dubr,6,12,11,14,27,3
Cblb,2,3,5,12,9,0
Alcam,2,11,7,15,34,9
Nfkbiz,62,157,72,198,232,54
Nxpe3,1,3,4,3,12,0
Cep97,5,6,5,15,18,4
Rpl24,371,430,524,1050,1580,285
Zbtb11os1,6,2,8,14,16,3
Zbtb11,11,7,13,28,24,5
Pcnp,46,48,69,126,162,38
Trmt10c,10,4,15,26,32,5
Senp7,9,10,21,27,65,8
Impg2,0,0,0,3,0,0
Abi3bp,0,0,1,2,1,0
Tfg,16,22,21,51,65,13
Adgrg7,0,0,0,1,0,0
Tmem45a,4,11,12,16,9,8
Gm15839,0,0,0,0,1,0
Tomm70a,13,16,18,35,62,14
Nit2,1,8,11,30,33,7
Tbc1d23,6,6,9,14,29,2
Tmem30c,0,0,0,1,0,0
Cmss1,7,0,2,9,8,2
Filip1l,40,20,37,41,102,2
Col8a1,1,0,4,6,5,0
Dcbld2,11,10,8,21,28,10
St3gal6,99,111,185,175,297,69
Cpox,8,16,11,26,34,16
Cldnd1,36,40,35,69,121,30
Mina,7,0,8,11,25,2
Crybg3,15,25,38,47,71,10
Arl6,12,15,9,32,29,9
Nsun3,0,0,2,2,3,1
Arl13b,7,14,20,22,37,7
Stx19,0,0,1,0,0,0
Pros1,35,36,41,69,102,27
Epha3,0,0,0,0,7,0
4930453N24Rik,23,21,29,42,62,16
Zfp654,2,4,4,8,19,0
Cggbp1,33,28,47,99,132,32
Chmp2b,24,25,35,79,96,12
Vgll3,1,0,3,0,2,1
Cadm2,1,2,1,14,7,0
Gbe1,23,18,42,44,104,12
Robo1,0,0,0,0,1,1
Robo2,0,0,0,2,1,0
Rbm11,0,0,0,2,1,0
Hspa13,4,13,16,22,36,9
Samsn1,3,15,9,8,30,2
Nrip1,17,26,45,63,99,24
Gm9843,5,5,11,17,36,3
Usp25,27,28,39,63,105,23
Cxadr,0,0,0,1,0,0
Btg3,36,25,69,76,97,28
D16Ertd472e,2,3,4,10,10,1
Ncam2,0,0,0,3,4,0
Mir155hg,2,1,4,5,5,2
Mrpl39,8,4,10,23,30,8
Jam2,88,63,128,235,270,71
Atp5j,201,217,354,584,823,202
Gabpa,12,10,18,25,39,6
App,388,420,564,834,1212,198
Cyyr1,127,109,152,279,338,71
Adamts1,148,162,212,364,427,202
Adamts5,24,2,5,0,3,0
N6amt1,2,2,4,17,20,4
Ltn1,10,18,17,19,33,9
Rwdd2b,3,1,3,2,2,0
Usp16,13,23,21,30,64,9
Cct8,58,44,75,103,158,47
Map3k7cl,15,4,6,9,17,0
Bach1,23,24,40,50,79,9
2810407A14Rik,0,0,0,0,1,0
Tiam1,53,45,70,97,142,14
Sod1,70,69,103,149,281,38
Scaf4,11,9,6,14,35,6
Hunk,0,0,0,3,3,1
Mis18a,15,7,15,20,29,4
Gm17518,0,0,0,1,1,0
Mrap,1,0,0,0,2,1
Urb1,4,5,3,6,4,1
Eva1c,1,3,2,2,6,1
1110004E09Rik,7,12,11,28,23,10
Synj1,15,16,32,44,70,8
Paxbp1,7,9,15,16,24,10
Olig2,0,4,2,4,9,3
Olig1,3,20,8,28,41,5
Ifnar2,93,83,135,249,321,70
Il10rb,119,59,160,208,257,31
Ifnar1,48,49,110,102,155,26
Ifngr2,10,9,10,21,37,10
Tmem50b,11,16,9,31,40,8
Dnajc28,2,0,2,5,1,1
Gart,5,7,9,7,24,5
Son,186,170,300,316,733,131
Donson,7,7,5,7,17,6
Atp5o,75,69,114,182,297,67
Cryzl1,19,8,16,43,55,14
Itsn1,4,13,14,16,38,11
Mrps6,22,10,25,28,33,12
Slc5a3,5,8,6,10,16,6
Kcne2,0,0,1,0,0,0
Smim11,45,44,55,97,144,29
Rcan1,3,14,40,24,41,9
Clic6,0,1,1,0,0,0
Runx1,13,6,11,13,31,0
Setd4,3,1,3,5,7,0
Cbr1,19,13,26,44,60,12
Cbr3,3,8,9,18,27,3
Dopey2,6,11,13,22,25,7
Morc3,9,2,10,29,50,1
Chaf1b,0,0,0,0,4,1
Hlcs,5,8,6,14,18,0
Ripply3,5,1,12,13,29,6
Pigp,37,32,47,106,125,24
Ttc3,35,42,65,70,128,17
Dscr3,6,6,12,22,24,8
Dyrk1a,17,13,23,26,43,10
Kcnj15,0,0,1,3,0,0
Erg,42,37,51,84,144,34
Ets2,37,29,38,112,93,19
Psmg1,7,4,9,21,31,6
Brwd1,21,19,24,31,82,9
Hmgn1,77,80,134,297,361,86
Wrb,5,2,9,15,18,7
Lca5l,0,0,3,0,5,0
Sh3bgr,4,1,4,11,0,0
B3galt5,0,2,0,2,8,4
Igsf5,2,4,9,5,13,2
Pcp4,0,0,2,2,5,1
Dscam,0,0,0,0,3,0
Bace2,0,2,1,4,0,0
Prdm15,3,1,1,4,6,0
C2cd2,11,13,13,35,44,15
Zbtb21,4,4,13,18,23,4
B230307C23Rik,5,0,2,2,8,1
Scaf8,7,13,19,26,38,5
Tiam2,1,0,1,0,2,0
Tfb1m,0,0,2,4,3,1
Arid1b,18,15,16,37,46,10
Tmem242,20,11,10,19,39,7
Zdhhc14,6,4,3,13,15,3
3300005D01Rik,0,0,1,2,2,0
Snx9,11,8,11,14,27,5
Synj2,2,4,0,3,10,0
Serac1,0,0,0,1,1,0
Gtf2h5,46,45,69,114,164,39
Tulp4,22,40,30,94,107,26
Tmem181a,9,8,7,11,24,4
Dynlt1a,1,0,2,3,6,0
Gm26848,0,0,0,1,0,0
Dynlt1b,1,2,1,4,8,0
Dynlt1c,31,26,26,57,76,12
Dynlt1f,5,6,12,21,35,5
Ezr,22,18,41,41,96,26
Gm2885,0,0,0,0,2,0
Rsph3b,0,1,4,2,3,1
Tagap1,4,3,1,6,7,2
Rnaset2b,66,49,128,168,221,42
Rps6ka2,1,2,4,2,9,1
Fndc1,0,0,0,0,1,0
E430024P14Rik,1,0,0,5,1,0
Tagap,6,3,20,7,16,0
Rsph3a,1,0,0,3,6,0
Rnaset2a,53,35,85,126,188,27
Fgfr1op,5,1,3,15,25,4
Ccr6,2,0,0,1,6,1
Mpc1,75,81,83,145,224,38
Sft2d1,45,30,56,62,134,20
Prr18,3,5,1,0,16,2
Gm16702,0,0,1,0,0,0
T,0,5,0,0,0,0
Pde10a,4,4,8,11,12,1
Qk,175,174,225,400,654,136
Pacrg,0,0,0,0,3,1
A230009B12Rik,1,0,1,2,0,0
Gm16168,0,0,0,0,1,0
Park2,0,0,1,2,3,0
Agpat4,14,27,19,46,71,18
Map3k4,9,12,19,25,35,4
4732491K20Rik,0,2,1,0,4,1
Igf2r,8,10,11,16,23,8
Airn,1,8,3,12,10,1
Pnldc1,0,0,1,1,0,0
Mrpl18,21,34,29,72,91,23
Tcp1,24,27,48,102,125,33
Acat3,0,4,0,4,1,1
Acat2,6,3,6,11,19,8
Wtap,35,36,29,40,72,14
Sod2,32,67,57,92,135,36
Tcte2,0,3,3,2,16,1
Gm16052,1,1,2,1,2,0
Gm16049,0,0,0,0,1,0
Mllt4,66,48,92,137,200,56
Smoc2,0,0,0,0,1,0
Thbs2,2,0,0,0,2,0
1600012H06Rik,4,5,10,13,36,7
Phf10,9,13,18,48,37,9
Gm3448,0,0,1,3,1,1
Ermard,5,1,6,15,24,2
Gm28873,0,0,0,1,0,0
Dll1,2,4,4,8,3,0
A930024N18Rik,0,0,0,1,1,0
Fam120b,5,5,10,8,20,3
Psmb1,99,86,122,249,342,93
Tbp,5,4,7,19,23,5
Pdcd2,9,5,10,23,24,3
Prdm9,1,0,0,1,5,0
Chd1,25,27,34,62,97,21
Rgmb,5,6,4,11,19,5
BC002059,4,4,8,11,11,1
Zfp960,1,2,1,6,10,1
Zfp97,0,1,2,4,2,0
Gm6712,1,0,0,0,0,0
Lix1,0,3,2,9,10,0
Lnpep,6,5,18,16,20,4
Spaca6,11,10,11,21,40,6
Fpr1,0,0,2,0,0,0
Gm7535,0,0,0,1,0,0
Ppp2r1a,39,27,51,77,139,40
Zfp160,2,3,4,6,12,0
Zfp677,1,2,4,9,2,0
Zfp54,1,1,7,1,6,0
Zfp51,1,4,1,4,10,2
Zfp53,1,2,3,9,5,0
9330136K24Rik,0,0,1,1,0,0
Zfp52,4,7,7,10,12,3
Zfp948,10,3,8,10,16,5
3110052M02Rik,0,1,0,1,0,0
Zfp760,7,8,9,17,22,3
Zfp229,2,1,5,3,13,1
Zfp820,5,3,7,17,12,0
2210404O09Rik,0,0,0,0,3,1
Zfp942,1,3,4,8,22,0
Zfp943,4,3,8,13,20,2
Zfp947,0,0,0,0,1,0
Gm4944,4,4,4,11,13,1
Zfp944,0,3,3,10,18,4
Zfp758,7,0,5,9,17,1
Zfp946,4,6,14,17,14,2
Gm16386,0,0,1,1,1,1
Zfp945,10,10,17,32,40,10
Zfp40,1,5,1,18,10,3
Zfp213,3,2,6,11,11,1
Zfp13,0,1,3,6,5,2
Mmp25,4,0,1,0,4,0
Ccdc64b,0,0,0,0,1,0
Thoc6,6,5,13,12,22,3
Hcfc1r1,48,38,44,104,153,21
Tnfrsf12a,18,22,33,34,56,71
Cldn6,0,0,1,0,0,1
Cldn9,0,1,1,0,3,0
Pkmyt1,1,2,1,2,4,0
Paqr4,8,13,8,14,52,7
9530082P21Rik,10,0,8,22,28,11
Flywch1,6,9,11,22,31,12
Gm16275,0,0,1,0,0,0
Flywch2,2,1,0,2,2,1
Srrm2,121,102,141,240,382,70
Tceb2,161,161,223,371,603,190
Prss30,0,1,0,0,0,0
Prss27,0,0,0,0,1,0
Kctd5,3,13,14,21,35,2
Pdpk1,20,13,20,28,49,11
Amdhd2,2,4,11,29,26,4
Gm43796,2,2,3,6,4,1
Atp6v0c,3,1,0,0,8,1
Tbc1d24,4,2,8,20,19,5
1600002H07Rik,1,0,1,4,9,1
Abca3,13,16,17,33,50,7
Rnps1,20,19,38,53,78,17
Eci1,22,20,37,61,78,17
Dnase1l2,0,1,0,0,3,0
E4f1,8,3,3,15,23,8
Pgp,27,22,31,71,86,25
Mlst8,2,2,5,3,12,2
Bricd5,0,0,0,0,1,0
Caskin1,2,0,0,3,3,2
Traf7,21,14,30,32,65,9
Rab26,2,0,0,0,0,0
Rab26os,2,4,6,2,20,0
Pkd1,21,14,28,26,46,16
Tsc2,5,3,24,19,45,5
Nthl1,7,2,10,12,17,3
Slc9a3r2,291,196,482,660,1380,288
Zfp598,6,8,13,21,54,7
Syngr3,0,1,0,0,1,0
Gfer,9,6,14,20,41,11
Noxo1,0,0,3,4,4,1
Tbl3,7,5,7,20,26,9
Rps2,493,557,664,1842,2138,510
Snhg9,15,4,9,15,75,0
Ndufb10,85,65,113,194,277,58
Rpl3l,0,0,0,0,2,0
Msrb1,11,21,43,45,61,8
Hagh,36,49,37,53,90,15
Fahd1,1,5,4,11,21,4
Nubp2,4,8,8,19,30,2
Spsb3,15,11,23,21,35,11
Eme2,1,0,1,1,7,0
Mapk8ip3,15,17,17,38,58,7
Mrps34,11,10,27,44,60,8
Nme3,4,1,5,8,20,5
Hn1l,2,1,7,9,9,4
Cramp1l,14,22,14,30,59,5
Ift140,3,1,4,4,5,1
Tmem204,82,76,145,120,317,51
Telo2,6,2,7,14,15,3
Clcn7,5,8,13,15,23,3
BC003965,12,23,24,51,62,8
Unkl,5,5,4,14,24,2
Gnptg,17,9,17,31,37,13
Tsr3,6,5,8,12,17,3
Baiap3,3,3,3,3,3,0
Ube2i,48,43,70,141,183,50
Prss34,0,0,0,0,1,0
Cacna1h,2,1,2,2,6,1
Sox8,0,2,0,7,7,5
Lmf1,3,2,6,14,17,2
Gng13,0,1,0,3,12,0
Chtf18,1,0,2,1,2,0
Rpusd1,1,1,6,6,11,2
Narfl,8,5,3,15,27,3
Haghl,7,5,5,21,22,2
Ccdc78,0,1,0,1,1,0
Fam173a,23,20,28,58,66,18
Metrn,6,9,7,12,19,2
Fbxl16,0,1,0,2,0,0
Wdr24,0,1,5,9,9,1
Jmjd8,5,4,9,23,32,2
Stub1,50,41,63,140,177,42
Rhot2,4,7,6,10,12,3
Wdr90,1,3,3,6,6,0
Fam195a,7,3,3,3,11,2
0610011F06Rik,11,4,27,35,46,5
Wfikkn1,0,0,0,1,1,0
Rab40c,7,4,11,16,25,3
Pigq,5,8,8,19,40,16
A930017K11Rik,0,0,0,1,0,0
Capn15,0,3,7,6,8,1
1700022N22Rik,0,0,0,0,1,0
Rab11fip3,2,7,15,19,19,3
Decr2,3,3,8,14,12,7
Nme4,0,0,1,2,4,0
Gm8186,7,7,8,9,20,3
Tmem8,1,5,2,4,13,0
Mrpl28,17,23,28,53,73,19
Axin1,7,8,6,15,22,4
Arhgdig,1,2,0,2,1,0
Rgs11,0,0,0,0,2,0
Fam234a,3,6,5,8,22,4
Luc7l,21,13,23,40,65,7
Neurl1b,2,0,2,5,10,0
Dusp1,740,494,1038,1394,2159,482
Ergic1,6,7,13,13,28,8
Atp6v0e,90,104,138,203,265,65
Crebrf,35,26,50,60,115,14
Bnip1,5,4,5,14,19,6
Kifc5b,0,0,0,0,2,0
Phf1,17,22,25,34,70,14
Cuta,27,28,49,102,142,38
Syngap1,0,0,0,3,2,1
Ggnbp1,0,1,0,4,10,0
Bak1,9,8,13,18,36,6
Itpr3,20,11,21,41,63,14
Uqcc2,96,63,106,180,273,73
Ip6k3,0,0,0,1,1,0
Lemd2,15,12,18,33,37,9
Gm26724,2,4,9,10,13,2
Hmga1,4,5,6,16,16,18
AI413582,7,8,7,20,28,6
Nudt3,22,24,29,61,65,16
Rps10,679,750,1014,1646,2506,374
Gm15420,0,0,0,0,1,0
Pacsin1,0,2,0,1,3,3
D17Wsu92e,13,18,33,47,84,26
Snrpc,33,24,52,88,116,26
Uhrf1bp1,0,2,3,7,15,1
Taf11,10,10,17,46,49,6
Anks1,21,21,25,33,83,7
Scube3,0,0,0,1,0,0
Zfp523,5,3,7,13,17,5
Def6,9,12,22,37,64,25
Ppard,13,20,38,44,65,16
Fance,7,6,10,19,42,5
Rpl10a,248,332,385,744,1118,209
Tead3,2,3,2,4,3,0
Fkbp5,7,18,12,5,24,4
Gm20109,0,0,0,0,1,0
E230001N04Rik,4,3,5,10,4,2
Srpk1,18,17,24,56,71,19
Mapk14,11,13,25,21,43,4
Mapk13,0,1,0,0,0,0
Brpf3,3,3,3,2,15,2
Gm16191,0,0,0,0,1,0
Kctd20,9,12,24,27,53,12
Stk38,39,42,45,55,146,23
Srsf3,130,107,233,300,486,95
Trp53cor1,3,0,1,2,3,0
Cdkn1a,295,238,462,312,529,357
Rab44,0,0,1,0,1,0
Ppil1,8,6,9,17,33,4
BC004004,9,14,28,41,52,17
Pi16,0,0,0,10,13,0
Mtch1,46,43,78,145,235,51
Fgd2,3,2,5,5,20,0
Pim1,46,62,33,75,80,14
Tbc1d22b,2,2,2,10,12,4
Rnf8,8,0,8,15,21,7
Gm28043,1,0,1,0,0,0
Cmtr1,4,3,6,5,14,1
Ccdc167,7,7,6,7,15,6
Zfand3,26,20,35,51,80,19
Btbd9,10,6,8,21,30,4
Glo1,41,44,45,115,117,23
1700097N02Rik,1,0,0,0,1,0
Dnah8,1,0,1,0,2,0
Abcg1,5,6,9,20,37,2
Rsph1,1,0,0,3,1,0
Slc37a1,0,0,0,1,2,1
Pde9a,0,0,0,2,1,0
Wdr4,2,6,4,6,16,2
Ndufv3,47,57,55,82,191,39
Pknox1,7,9,6,22,25,10
Cbs,0,1,0,0,4,3
U2af1,38,38,62,115,166,41
Sik1,34,35,51,35,107,8
Hsf2bp,0,0,0,0,1,0
Rrp1b,5,5,2,11,10,5
Notch3,31,31,50,46,155,21
Ephx3,1,0,0,1,12,0
Brd4,36,28,53,72,135,21
Gm26549,0,0,1,3,3,0
Akap8,19,15,21,26,65,12
Akap8l,21,11,26,38,82,7
Wiz,10,12,18,19,49,3
Rasal3,1,2,1,5,13,1
Pglyrp2,0,0,1,1,2,0
Cyp4f17,0,0,2,0,0,0
Cyp4f16,1,5,3,5,10,3
Cyp4f15,0,2,0,0,1,0
Zfp871,15,23,25,36,75,3
Zfp811,0,0,0,0,3,0
Zfp799,4,0,4,4,5,0
Zfp870,1,0,4,9,12,1
Cyp4f14,0,1,1,0,0,0
Cyp4f13,3,2,9,17,19,3
Zfp472,2,3,3,8,15,1
Zfp952,1,2,13,9,8,3
Zfp763,0,2,2,3,6,0
Zfp563,0,0,0,2,3,0
Zfp955a,1,1,2,3,7,0
Zfp955b,0,0,5,3,4,0
Zfp81,2,1,6,7,14,2
Zfp101,4,5,3,17,15,3
Adamts10,9,2,21,29,58,6
Myo1f,1,1,2,5,6,0
Zfp414,5,1,9,21,24,1
Pram1,0,1,0,0,1,0
Hnrnpm,50,52,106,134,204,46
March2,36,73,61,100,184,44
Rab11b,51,57,63,127,188,57
Angptl4,15,23,18,31,39,26
Kank3,151,105,195,257,404,126
Rps28,439,419,535,416,2487,218
Ndufa7,249,184,324,335,596,145
Cd320,51,28,65,64,91,24
BC051226,1,3,7,10,10,2
Daxx,6,6,8,16,34,3
Tapbp,64,64,69,126,211,65
Zbtb22,6,10,9,17,24,9
Gm19412,0,0,0,4,3,0
Rgl2,25,25,26,37,66,17
Pfdn6,30,20,45,69,101,34
Wdr46,9,2,6,10,15,3
B3galt4,1,1,4,7,8,0
Rps18,612,674,871,1435,2230,307
Vps52,2,10,18,24,39,7
H2-K1,338,365,598,1052,1185,746
Ring1,8,5,11,23,35,7
H2-Ke6,17,15,22,50,63,13
Slc39a7,17,5,20,37,70,19
Rxrb,14,8,17,30,34,11
Col11a2,0,0,0,1,1,0
H2-Oa,6,8,8,7,50,4
Brd2,84,95,90,264,376,92
H2-DMa,15,32,15,22,101,7
H2-DMb2,16,19,26,24,91,13
H2-DMb1,3,27,10,10,16,1
Psmb9,41,34,39,97,134,26
Tap1,19,13,16,32,49,9
Psmb8,74,70,84,154,281,87
Tap2,31,31,47,71,109,41
H2-Ob,14,13,15,17,92,8
Gm20506,1,2,0,3,4,1
H2-Ab1,91,325,114,150,524,57
H2-Aa,89,274,130,196,629,100
H2-Eb1,86,273,143,162,657,40
H2-Eb2,2,1,5,1,8,1
BC051142,0,0,1,1,3,0
Notch4,19,27,27,34,69,14
Gpsm3,10,8,18,40,62,7
Pbx2,15,12,23,36,68,16
Ager,0,0,1,1,3,0
Rnf5,12,11,21,30,50,6
Agpat1,11,11,15,18,35,11
Egfl8,4,0,15,19,45,9
Ppt2,17,12,24,30,41,17
Prrt1,1,5,1,5,20,4
Fkbpl,4,3,1,6,8,0
Atf6b,8,7,19,20,38,8
Tnxb,0,2,3,3,10,1
C4b,11,10,0,18,13,4
Stk19,17,12,17,36,40,13
Dxo,15,9,11,21,28,6
Skiv2l,11,9,9,21,27,4
Nelfe,15,15,21,31,41,7
Cfb,0,8,0,7,2,3
C2,0,0,0,0,1,0
Zbtb12,0,2,3,7,6,0
Ehmt2,8,13,13,28,44,6
Neu1,14,12,15,38,56,9
Hspa1b,484,613,710,1316,1136,273
Hspa1a,720,942,897,2726,2117,598
Gm20481,1,0,0,1,0,0
Hspa1l,0,1,0,1,0,0
Gm10501,0,0,0,2,0,0
Lsm2,32,24,40,68,88,28
Vars,6,17,9,20,45,15
Msh5,0,3,1,4,3,1
Clic1,134,164,182,416,471,243
Ddah2,24,16,39,74,85,33
G6b,1,3,0,5,1,1
Ly6g6c,0,10,3,3,3,1
Ly6g6d,1,0,1,0,1,0
Ly6g6f,0,5,0,0,5,0
Abhd16a,17,26,31,43,75,25
Ly6g5b,0,0,0,0,2,0
Csnk2b,41,35,66,77,138,40
Gpank1,4,6,13,18,20,4
Gm20522,1,1,0,2,1,0
D17H6S53E,7,6,5,12,8,4
Apom,0,0,0,0,1,0
Bag6,23,19,36,52,72,21
Prrc2a,31,23,45,69,113,31
Gm17705,0,0,0,1,0,0
Aif1,38,10,12,24,60,0
Lst1,12,11,8,10,14,0
Ltb,10,11,23,24,67,9
Tnf,20,10,6,14,61,2
Nfkbil1,5,9,11,26,32,2
Atp6v1g2,0,2,3,3,4,4
Ddx39b,59,40,63,116,148,36
H2-D1,416,418,753,1355,1492,681
Gm11131,1,4,4,7,12,1
H2-Q4,75,55,104,167,238,133
H2-Q6,13,16,48,66,77,65
H2-Q7,34,29,77,143,173,120
H2-Q10,4,1,6,7,9,3
Pou5f1,1,0,0,0,2,0
Tcf19,3,0,2,2,7,0
Cchcr1,3,2,1,11,3,2
Psors1c2,0,0,1,1,1,0
Vars2,2,3,3,4,5,1
Gtf2h4,8,2,12,22,23,4
Ddr1,5,13,6,19,24,14
Ier3,239,500,532,1154,1290,289
Flot1,15,17,20,83,88,18
Tubb5,151,152,221,493,642,164
Mdc1,4,4,6,9,16,2
Ppp1r18os,2,1,1,5,2,2
Nrm,4,3,7,28,50,3
Ppp1r18,22,25,26,43,92,30
Dhx16,9,7,19,22,24,7
2310061I04Rik,6,5,13,16,29,10
Gm16279,0,0,1,0,0,0
Atat1,3,4,7,10,19,5
Mrps18b,9,6,9,22,41,9
Ppp1r10,40,29,51,95,136,23
Abcf1,28,30,37,68,133,32
Prr3,6,5,3,8,15,6
Gnl1,8,11,12,24,37,10
Gm20508,0,0,0,0,1,0
A930015D03Rik,1,0,0,3,3,3
H2-T24,3,3,5,8,10,3
H2-T23,76,108,137,269,297,139
H2-T22,25,24,32,75,128,59
Gm19684,0,0,0,0,2,0
Rpp21,21,27,31,53,76,27
Trim39,6,12,11,15,17,9
Trim26,19,10,22,29,73,12
Trim10,0,13,0,1,0,0
1700031A10Rik,0,0,0,0,1,0
Ppp1r11,46,41,65,114,154,46
Znrd1,43,36,45,95,138,25
Znrd1as,5,3,3,4,14,1
Zfp57,1,2,1,9,6,2
Mog,4,41,5,37,54,9
Gabbr1,12,22,22,52,64,7
H2-M3,15,17,26,43,65,12
Gm26917,28,37,43,53,80,10
Gm42418,2081,1103,2767,2374,5901,268
AY036118,405,197,487,348,764,5
9130008F23Rik,0,0,2,1,1,0
Cenpq,4,2,5,4,4,2
Mut,15,14,13,38,31,6
Adgrf4,0,0,1,1,0,0
Cd2ap,108,100,145,249,348,43
Tnfrsf21,5,8,13,30,33,5
Adgrf5,278,267,359,547,964,150
Pla2g7,5,7,4,15,16,0
Tdrd6,0,0,0,0,1,1
Slc25a27,1,4,1,5,5,1
Cyp39a1,2,1,5,4,10,0
Rcan2,22,35,13,32,43,16
Enpp5,14,13,15,41,32,10
Enpp4,17,29,29,47,88,20
Clic5,73,55,128,133,261,51
Runx2,0,0,0,0,3,0
Supt3,4,4,7,11,16,2
Cdc5l,28,24,57,59,84,18
B230354K17Rik,1,3,4,8,11,0
Spats1,0,0,0,1,1,0
Aars2,5,3,1,4,4,3
Tmem151b,0,0,1,0,0,0
Nfkbie,1,4,1,5,12,0
Slc35b2,5,6,5,20,29,3
Hsp90ab1,707,790,1094,1787,2221,1098
Slc29a1,12,3,12,25,49,6
Tmem63b,9,12,10,26,44,9
Mrpl14,31,22,40,85,84,29
F630040K05Rik,0,0,0,0,2,0
Vegfa,2,7,3,13,9,2
Mrps18a,10,16,27,48,60,15
Rsph9,1,2,4,6,9,2
Mad2l1bp,6,4,9,27,34,5
Gtpbp2,22,20,19,47,71,8
Polh,0,1,2,2,1,0
Xpo5,3,1,0,4,6,1
Polr1c,6,6,15,30,42,11
Yipf3,22,16,36,54,80,16
Lrrc73,0,1,1,0,4,0
Tjap1,7,4,7,17,13,7
Gm26785,0,0,1,2,0,0
Dlk2,0,0,0,0,1,0
Abcc10,1,0,2,5,7,0
Zfp318,9,14,20,26,54,8
Crip3,0,1,0,0,0,0
Gm26904,0,0,1,0,0,0
Dnph1,0,0,0,0,1,0
Cul9,2,3,7,19,15,4
Srf,10,14,18,34,45,8
Ptk7,2,0,1,5,5,0
Klc4,4,5,9,6,14,5
Mrpl2,16,8,17,40,55,12
Cul7,4,4,4,12,14,5
Rrp36,9,6,10,11,22,4
Klhdc3,6,7,11,15,42,7
Mea1,19,20,26,63,75,22
Ppp2r5d,12,6,13,23,32,3
Pex6,14,6,20,25,40,5
Cnpy3,14,13,26,35,56,9
Ptcra,0,0,0,0,1,0
2310039H08Rik,11,9,16,34,45,4
Rpl7l1,21,15,34,67,97,23
Gltscr1l,12,7,8,15,32,4
A330017A19Rik,4,3,6,9,13,1
Tbcc,9,13,13,29,37,5
Ubr2,28,12,32,36,68,12
Mrps10,14,12,16,27,33,10
Guca1b,0,0,1,0,0,0
Guca1a,0,0,0,1,2,0
1700001C19Rik,0,3,0,2,4,0
AI661453,4,1,3,4,11,5
Taf8,4,2,4,9,19,3
Ccnd3,50,89,87,114,231,75
Bysl,5,8,8,5,15,2
Med20,8,8,21,16,33,11
Gm20517,0,0,1,0,1,0
Usp49,1,1,1,12,10,1
Tomm6,13,15,25,26,71,10
Gm21981,0,0,0,0,1,0
Prickle4,1,1,1,1,4,0
Frs3,2,0,4,6,10,1
Tfeb,8,2,20,21,43,12
Mdfi,0,0,0,0,1,1
Foxp4,1,0,1,1,11,1
A530064D06Rik,0,0,1,0,0,0
Trem1,0,0,1,1,0,0
Trem3,0,0,1,0,0,0
Treml2,2,3,3,5,8,0
B430306N03Rik,0,0,0,0,1,0
Trem2,58,21,47,68,150,2
Treml1,3,28,7,14,9,2
Nfya,14,8,17,11,41,6
Oard1,14,14,24,57,78,7
Apobec2,0,0,0,1,0,0
Tspo2,0,8,0,1,6,0
Unc5cl,0,0,0,0,3,0
Mocs1,2,1,4,2,7,2
Daam2,7,9,6,19,27,7
Kif6,0,0,0,1,1,0
Rftn1,8,5,6,20,20,11
Plcl2,0,1,2,5,11,1
Gm7334,2,0,2,2,4,1
Tbc1d5,7,6,12,19,37,6
Satb1,5,9,14,31,73,4
Gm19585,0,0,0,0,3,0
Kcnh8,0,0,0,0,2,0
Efhb,0,0,0,1,3,0
Rab5a,31,29,35,75,105,18
Kat2b,10,14,15,23,30,2
Sgol1,0,0,0,0,0,1
Pot1b,0,2,6,4,8,1
Adgre4,0,0,0,1,0,0
Zfp119a,3,1,2,3,7,1
Zfp959,1,0,4,8,12,1
Zfp119b,1,1,3,2,13,2
Ebi3,2,0,2,1,3,0
Gm16712,1,0,0,0,0,0
Ccdc94,2,0,2,2,12,1
Shd,2,0,0,4,2,1
Fsd1,0,0,0,0,1,0
Stap2,15,11,25,40,57,18
Mpnd,12,17,17,25,58,8
Sh3gl1,18,17,31,57,69,12
Chaf1a,1,1,1,3,3,0
Ubxn6,21,24,46,51,78,18
Hdgfrp2,15,12,12,29,51,13
Plin4,3,1,3,4,0,2
Lrg1,3,196,25,370,87,104
Sema6b,6,14,15,11,28,10
Tnfaip8l1,3,12,7,19,8,4
Mydgf,34,32,49,104,124,30
Dpp9,18,18,30,13,35,12
Fem1a,8,3,8,26,31,7
Ticam1,2,3,1,6,10,3
Plin3,21,27,15,55,85,24
Uhrf1,0,0,0,1,5,3
Kdm4b,3,5,9,12,13,5
Ptprs,4,7,6,15,40,1
Safb2,13,11,31,54,70,18
Safb,19,17,35,43,81,18
2410015M20Rik,47,54,74,135,185,38
Rpl36,610,581,802,864,2244,357
Lonp1,10,4,7,36,27,9
Ranbp3,6,6,17,17,31,9
Vmac,3,4,5,15,27,0
Ndufa11,74,47,90,150,253,65
Nrtn,0,0,0,0,1,0
Dus3l,2,3,7,18,32,2
Prr22,0,1,0,0,0,0
Rfx2,0,1,0,5,8,0
Mllt1,6,3,2,15,16,0
Clpp,16,15,21,44,58,10
Alkbh7,8,3,9,16,24,7
Gtf2f1,8,7,8,26,40,16
Khsrp,10,11,17,25,40,10
Slc25a23,10,11,11,26,36,6
Dennd1c,1,1,1,0,8,0
Tubb4a,4,27,12,31,76,12
Gm11110,0,1,0,0,1,0
Tnfsf9,2,9,1,7,5,1
Tnfsf14,0,1,2,0,0,0
C3,0,1,0,0,0,0
Gpr108,13,9,18,27,36,9
Trip10,17,20,24,40,68,14
Vav1,0,4,2,7,20,2
Adgre1,11,3,6,8,20,0
Rpl7a-ps5,0,0,0,2,0,0
Pdzph1,1,0,0,0,0,0
Nudt12,4,1,6,9,5,0
Fbxl17,9,2,13,15,28,9
Fer,7,10,6,18,24,6
Pja2,24,27,42,72,121,24
Man2a1,13,16,30,30,77,17
Vapa,67,69,112,156,228,44
Rab31,2,13,8,18,44,5
Ppp4r1,9,14,21,29,48,12
Ralbp1,73,73,68,127,212,58
Twsg1,13,11,24,24,33,9
Ankrd12,55,50,55,153,258,33
Ndufv2,48,41,70,125,149,50
Wash1,8,7,16,25,34,5
Ddx11,0,0,2,0,7,0
Mtcl1,1,3,8,2,13,3
Rab12,32,50,47,119,142,29
Ptprm,53,31,54,77,112,22
Lama1,0,0,0,1,2,0
Arhgap28,0,0,1,0,0,1
Epb41l3,2,10,3,13,22,10
Zbtb14,9,6,7,15,41,4
A930029G22Rik,0,0,0,1,1,0
C030034I22Rik,0,2,7,7,12,1
Dlgap1,1,0,0,6,3,0
Gm20703,0,0,0,1,3,1
Tgif1,14,15,14,32,69,9
Gm26510,1,3,0,5,16,2
Myl12b,281,297,460,510,1031,171
Myl12a,259,249,322,472,816,232
Myom1,5,0,1,4,5,0
Lpin2,8,12,11,23,28,6
Emilin2,0,2,1,0,1,1
Smchd1,26,33,39,64,118,23
Gm4707,0,2,3,4,15,1
Ndc80,0,0,2,1,1,0
Spdya,0,0,0,0,5,1
Wdr43,9,10,18,23,63,8
Fam179a,0,0,0,0,1,0
Clip4,0,0,0,0,0,1
Ypel5,12,28,12,48,76,7
Lbh,23,19,33,32,90,4
Lclat1,8,4,4,7,13,3
Ehd3,5,15,15,27,36,8
Xdh,36,82,58,66,157,23
Memo1,2,6,6,11,16,6
Dpy30,23,19,54,92,80,29
Spast,6,9,4,22,19,2
Slc30a6,3,3,4,8,8,5
Nlrc4,2,0,2,0,0,0
Yipf4,43,57,74,112,145,22
Birc6,44,34,43,75,110,24
Gm26749,0,1,1,0,0,0
Ttc27,2,2,2,6,6,3
Ltbp1,14,3,10,7,11,3
Rasgrp3,79,48,97,129,195,54
Fam98a,3,7,10,10,30,4
Crim1,48,48,50,97,149,29
Fez2,27,29,37,50,112,14
Vit,0,0,1,0,0,0
Strn,8,9,13,13,28,5
Heatr5b,6,3,3,10,11,0
Gpatch11,12,12,20,33,41,10
Eif2ak2,15,17,20,41,45,18
Gm26637,0,0,0,0,1,1
Cebpzos,20,13,24,62,52,7
Cebpz,21,24,47,55,123,20
Ndufaf7,15,11,24,41,66,14
Prkd3,28,34,44,67,93,14
Qpct,2,5,4,4,6,2
Cdc42ep3,61,54,70,89,186,28
Gm17315,1,1,1,1,1,0
Rmdn2,1,1,4,1,5,1
4921513D11Rik,0,0,0,0,0,1
Cyp1b1,2,32,4,12,15,3
Atl2,14,14,11,28,47,11
Hnrnpll,8,13,19,30,38,11
Galm,0,0,1,4,3,0
Srsf7,51,44,75,121,167,45
Ttc39d,0,0,0,0,1,0
Gemin6,1,2,4,9,6,2
Dhx57,4,5,5,8,18,3
Morn2,10,5,8,25,32,13
Sos1,16,16,27,53,85,10
Cdkl4,0,1,0,1,1,0
Map4k3,28,11,21,33,49,15
Tmem178,2,1,4,3,11,1
Thumpd2,2,0,4,14,9,2
Slc8a1,0,0,0,1,0,0
Pkdcc,3,3,17,15,11,0
Eml4,17,14,14,30,44,7
Cox7a2l,144,159,202,348,458,51
Mta3,7,9,11,17,39,7
Haao,1,1,1,2,3,0
Zfp36l2,44,81,85,286,215,55
Thada,0,2,2,6,16,1
Plekhh2,7,17,21,13,53,2
Dync2li1,8,5,12,19,20,6
Lrpprc,6,3,5,19,32,7
1110020A21Rik,1,1,1,2,1,2
Ppm1b,22,9,21,20,52,5
Prepl,1,1,5,13,4,2
Camkmt,0,0,1,1,4,0
Six2,0,0,0,0,1,0
Srbd1,10,2,8,14,18,6
Prkce,8,9,15,20,39,2
Epas1,419,462,565,734,1307,290
Rhoq,11,16,23,24,42,2
Pigf,7,6,11,14,25,4
Cript,35,39,43,91,128,22
Socs5,10,10,14,28,48,15
Mcfd2,18,29,26,74,95,33
4833418N02Rik,1,2,3,8,10,1
Ttc7,4,6,5,7,20,4
Calm2,173,130,244,345,566,119
Epcam,2,0,0,1,0,0
Msh2,4,9,16,22,31,6
Kcnk12,0,1,0,2,4,0
Msh6,3,3,3,10,12,1
Fbxo11,22,24,26,42,55,15
Foxn2,9,13,15,18,38,8
Ppp1r21,11,10,11,19,39,9
Ston1,0,3,3,2,10,2
Gm10184,0,0,0,1,0,0
Nrxn1,0,4,1,7,12,0
Mettl4,0,0,0,3,1,0
Gm1976,0,0,0,2,5,0
Gm26734,0,0,0,0,1,0
Gm20939,0,1,0,0,2,0
Kdm5d,1,2,12,20,17,1
Eif2s3y,20,17,25,36,67,15
Gm29650,0,0,1,0,2,0
Uty,8,4,14,12,20,5
Ddx3y,50,38,61,91,125,30
Gm29343,0,0,0,1,0,0
Gm28758,0,0,0,0,1,0
Erdr1,17,33,44,99,147,42
Crem,24,26,43,46,46,39
Gm6225,0,1,0,1,0,0
Cul2,15,4,14,17,48,4
Bambi,36,14,29,62,52,4
Map3k8,28,34,41,35,67,19
Mtpap,18,17,35,52,60,7
9430020K01Rik,292,262,377,470,827,185
Svil,19,17,28,63,87,16
Gm26682,0,0,0,2,0,0
Zfp438,2,1,2,7,5,1
Zeb1,45,38,40,87,137,22
Arhgap12,16,5,18,22,31,7
Kif5b,129,107,209,367,445,150
Rpl27-ps3,10,10,15,12,23,1
Epc1,21,19,22,43,77,15
Gm28529,1,0,0,1,4,0
Rab18,64,66,93,147,228,36
Mkx,0,0,0,1,0,0
Mpp7,6,2,13,16,23,7
Wac,28,51,59,77,117,21
Fzd8,2,11,3,14,20,3
Ccny,32,36,46,64,72,19
Colec12,11,6,22,28,76,6
Thoc1,2,7,15,18,28,8
Usp14,16,13,24,30,47,16
Rock1,83,70,112,168,252,55
Greb1l,0,0,0,0,1,0
Esco1,11,7,32,26,40,3
Snrpd1,36,39,49,119,162,47
Abhd3,2,2,8,10,12,2
Mib1,25,24,36,57,60,11
Gata6,0,0,0,1,0,0
Rbbp8,3,3,10,7,10,2
Cables1,7,8,21,13,30,3
Tmem241,1,2,2,8,3,0
Riok3,17,38,27,47,81,14
3110002H16Rik,3,10,1,12,18,5
Npc1,13,9,10,34,39,11
Gm15956,0,0,0,1,1,0
Ankrd29,6,4,5,4,11,1
Lama3,0,0,3,0,6,2
Ttc39c,1,0,3,1,0,0
Osbpl1a,65,55,82,119,193,24
Impact,11,7,22,20,39,6
Zfp521,3,1,3,13,9,2
Ss18,24,17,41,53,65,10
Psma8,0,0,4,8,13,2
Taf4b,1,1,1,12,7,1
Kctd1,6,13,14,17,26,2
Aqp4,0,0,0,10,5,0
Gm10036,0,1,1,0,2,0
Cdh2,10,6,14,21,25,5
Gm15328,0,0,0,0,1,0
Ttr,177,128,911,322,57,11
Gm10269,0,0,0,1,2,0
B4galt6,1,1,2,7,15,1
Trappc8,10,15,11,31,49,6
Rnf125,26,10,32,34,48,23
Rnf138,16,11,23,28,63,8
Garem,0,0,3,5,4,0
4930426D05Rik,0,0,0,0,5,0
Asxl3,0,2,0,0,1,0
Dtna,0,4,3,5,8,1
Gm15972,0,0,0,1,1,0
Mapre2,26,17,23,42,73,13
Zfp397,6,10,17,29,32,6
Zfp35,5,2,5,13,10,0
Zfp24,6,6,16,26,39,9
Ino80c,6,9,12,13,22,16
Galnt1,26,28,17,58,66,13
2700062C07Rik,1,3,2,20,10,3
Rprd1a,10,5,10,16,21,5
Slc39a6,1,3,6,6,16,5
Elp2,9,2,13,21,30,3
Mocos,2,5,2,5,5,3
Tpgs2,8,5,23,30,38,9
AW554918,7,9,5,9,17,4
Celf4,1,0,0,4,13,1
Pik3c3,9,5,9,26,34,4
Syt4,0,0,1,0,0,0
Slc25a46,10,12,14,29,41,11
B930094E09Rik,0,0,0,1,1,0
Sap130,5,6,9,12,11,2
Ammecr1l,10,15,18,16,40,15
Gm26533,0,0,0,4,0,0
Polr2d,6,3,22,22,29,9
Wdr33,5,4,17,26,39,6
Gm26823,0,0,0,1,1,0
Sft2d3,17,11,17,37,42,3
Lims2,87,52,105,97,216,36
Gpr17,1,0,0,1,1,0
Iws1,12,20,20,29,65,15
Map3k2,14,17,21,26,63,4
Ercc3,6,9,13,19,37,4
A830052D11Rik,0,0,1,2,0,0
Bin1,33,51,32,98,142,22
Gypc,3,2,1,2,13,3
Tslp,2,2,2,2,3,0
Wdr36,8,3,5,10,16,4
Camk4,1,0,0,1,0,0
Stard4,23,20,30,44,62,15
Nrep,10,0,9,24,20,2
Epb41l4aos,8,6,20,13,35,9
Epb41l4a,0,0,0,1,6,0
Apc,24,22,36,65,104,16
Srp19,30,31,45,56,111,30
Reep5,67,67,89,210,229,59
Pkd2l2,0,0,0,0,1,0
Fam13b,4,1,8,4,11,3
Nme5,0,1,1,3,4,0
4933408B17Rik,0,1,0,2,4,1
Brd8,27,24,30,67,91,14
Kif20a,1,0,1,0,0,1
Cdc23,12,9,24,20,38,3
Fam53c,6,11,8,19,32,5
Kdm3b,8,8,11,24,27,2
Gm26538,1,0,0,0,0,0
Reep2,0,1,4,5,5,0
Egr1,398,456,466,1353,2158,305
Etf1,12,29,24,52,80,21
Hspa9,23,28,36,81,111,26
Ctnna1,81,87,120,235,337,83
Lrrtm2,0,0,1,0,2,0
Sil1,6,2,16,22,28,9
Matr3,67,60,73,173,185,40
Paip2,87,112,161,227,309,68
Slc23a1,0,0,1,1,0,0
Mzb1,4,14,13,16,54,5
Prob1,2,1,2,0,3,1
Spata24,3,1,2,1,7,1
Dnajc18,15,11,11,14,29,5
1700066B19Rik,0,0,1,0,3,1
Ecscr,34,41,48,254,184,133
Tmem173,2,19,5,14,23,8
Ube2d2a,41,56,78,127,170,28
Cxxc5,6,6,9,23,54,9
Psd2,0,0,1,1,2,0
Nrg2,2,2,0,0,3,0
Pura,126,74,154,238,406,55
Cystm1,64,65,82,147,237,43
Pfdn1,41,28,54,114,146,34
Hbegf,22,37,32,91,130,24
Ankhd1,17,17,19,37,67,11
Sra1,16,29,40,92,100,38
Slc35a4,9,10,16,22,48,8
Cd14,146,105,36,58,60,15
Tmco6,3,3,0,7,13,3
Ndufa2,119,127,149,214,398,84
Ik,28,29,51,77,144,19
Wdr55,3,1,4,9,8,2
Dnd1,0,0,0,0,1,1
Hars,10,4,22,31,45,16
Hars2,6,4,8,21,25,1
Zmat2,33,38,44,97,113,29
Pcdha4,0,0,0,1,0,0
Pcdhb2,0,0,0,1,0,0
Pcdhb3,0,0,0,0,0,1
Pcdhb4,0,0,0,1,1,0
Pcdhb6,1,1,0,0,0,1
Pcdhb7,0,1,0,2,0,0
Pcdhb9,0,0,0,0,3,0
Pcdhb10,0,1,0,0,1,0
Pcdhb11,0,0,1,1,0,0
Pcdhb12,2,1,0,3,1,1
Pcdhb13,1,1,0,0,0,1
Pcdhb14,1,7,5,5,8,2
Pcdhb15,0,0,0,0,2,0
Pcdhb16,0,3,3,3,11,0
Pcdhb17,1,3,4,9,13,9
Pcdhb18,2,1,1,1,3,0
Pcdhb19,1,1,0,2,1,0
Pcdhb20,1,4,0,5,2,2
Pcdhb21,0,1,2,2,1,0
Pcdhb22,2,0,1,3,5,2
Slc25a2,0,0,1,0,1,0
Taf7,22,13,25,52,71,12
3222401L13Rik,19,16,22,58,63,9
Pcdhga1,0,0,0,1,0,0
Gm37118,0,0,0,1,0,0
Pcdhga2,1,2,1,3,2,0
Pcdhga3,1,0,1,0,3,0
Pcdhgb1,1,0,1,1,1,0
Pcdhga4,1,0,1,4,5,0
Pcdhgb2,0,2,4,3,5,0
Pcdhga5,1,3,4,1,10,1
Pcdhga6,6,1,3,5,10,0
Pcdhga7,1,1,4,3,5,1
Pcdhgb4,3,3,2,3,10,2
Pcdhga8,0,0,1,4,2,0
Pcdhgb5,3,2,2,3,2,0
Pcdhga9,4,5,3,3,5,0
Pcdhgb6,2,0,3,0,3,1
Pcdhga10,2,1,2,5,0,0
Pcdhgb7,1,0,1,2,2,0
Pcdhga11,0,0,2,1,1,0
Pcdhgb8,1,0,1,1,2,0
Pcdhga12,7,10,4,15,22,15
BC037039,2,1,0,0,2,0
Pcdhgc3,0,1,1,3,2,1
Pcdhga8-1,1,3,4,9,10,5
Pcdhgc5,3,2,3,3,2,2
Gm29994,0,1,1,2,0,0
Diaph1,28,17,34,61,83,29
Hdac3,16,13,20,26,47,11
Rell2,0,0,0,0,1,0
Fchsd1,0,0,0,2,8,1
Arap3,35,32,63,91,125,44
Pcdh1,26,17,37,66,85,27
1700086O06Rik,0,0,0,2,3,1
0610009O20Rik,11,6,10,28,47,13
Pcdh12,3,0,2,0,1,1
Rnf14,20,22,27,44,59,15
Gnpda1,3,4,4,9,6,1
Ndfip1,21,16,16,44,66,25
Spry4,7,12,13,12,30,2
Arhgap26,5,10,13,19,25,5
Fgf1,3,6,6,5,6,1
Gm15336,0,0,0,0,1,0
Nr3c1,66,60,86,199,212,32
Yipf5,24,17,26,39,55,19
Prelid2,2,9,7,19,18,0
Lars,13,12,22,40,50,11
Rbm27,12,20,21,32,53,11
Tcerg1,11,12,9,25,42,10
Ppp2r2b,0,1,0,3,4,0
Stk32a,0,0,1,0,0,0
Dpysl3,10,1,9,7,3,1
Eif3j2,0,0,2,5,2,2
Dcp2,5,6,13,22,37,9
Mcc,44,25,60,67,135,11
A930012L18Rik,0,0,0,0,0,1
Ythdc2,0,6,10,17,22,3
Kcnn2,1,0,0,1,0,0
Trim36,3,3,0,0,8,1
Pggt1b,10,4,8,23,22,5
Ccdc112,3,1,6,11,16,2
Fem1c,14,4,12,33,32,6
Ticam2,0,0,1,0,1,0
Tmed7,29,31,43,72,106,23
Eif1a,14,28,28,53,90,25
Cdo1,0,4,0,1,2,1
Atg12,21,16,28,49,56,14
Ap3s1,38,37,58,88,113,43
Commd10,9,6,13,24,28,11
Sema6a,35,20,26,103,114,13
Eno1b,0,0,0,0,1,0
Dtwd2,4,1,4,6,11,0
Dmxl1,14,18,30,53,74,14
Tnfaip8,30,33,16,34,70,12
Hsd17b4,20,28,26,56,81,26
Gm4950,0,0,1,0,0,0
Srfbp1,4,1,2,6,14,2
Lox,0,3,0,0,1,0
Sncaip,0,1,1,3,6,0
Snx2,45,29,38,50,113,15
Snx24,6,2,6,9,17,1
Ppic,15,20,25,55,67,23
Cep120,11,13,12,28,32,9
Csnk1g3,15,20,17,39,55,15
Zfp608,6,5,10,11,37,4
Gm4221,0,0,1,0,0,0
Gramd3,3,2,6,6,22,1
Aldh7a1,11,15,17,29,38,14
Phax,18,19,43,50,84,14
Tex43,0,0,0,1,0,0
Lmnb1,3,5,7,7,9,1
March3,2,0,2,1,5,1
C330018D20Rik,2,1,4,5,8,2
Megf10,0,2,1,0,5,1
Prrc1,11,14,6,26,40,8
Slc12a2,27,43,39,70,114,29
Fbn2,0,0,1,0,0,0
Isoc1,9,7,8,13,27,5
A730017C20Rik,0,0,0,0,1,0
Chsy3,0,0,0,0,1,0
Gm4951,1,2,2,6,3,0
F830016B08Rik,0,0,0,2,0,0
Iigp1,24,19,27,31,55,8
Smim3,3,20,12,15,28,4
Dctn4,18,17,24,41,49,14
Rbm22,23,17,38,47,87,9
Synpo,6,14,5,11,19,12
Ndst1,5,7,10,28,26,8
Rps14,837,872,1178,1868,2883,431
Cd74,298,713,446,504,1836,243
Tcof1,7,10,9,22,48,7
Camk2a,0,0,0,3,1,1
Slc6a7,0,0,0,0,1,0
Pdgfrb,35,25,50,108,185,30
Csf1r,53,15,45,68,160,2
Hmgxb3,5,7,7,10,9,2
Slc26a2,7,6,2,13,21,5
Ppargc1b,0,1,3,2,15,0
Csnk1a1,101,119,148,250,362,78
Bvht,44,48,84,139,231,33
Mir143hg,11,5,12,20,26,5
Il17b,0,0,0,0,1,0
Pcyox1l,2,1,2,3,4,1
Grpel2,0,2,8,6,8,1
1500015A07Rik,3,2,3,10,6,1
Afap1l1,65,54,111,149,227,58
Ablim3,1,1,0,0,1,0
Sh3tc2,4,5,7,10,14,2
Adrb2,15,19,35,38,53,12
Gm9949,0,1,1,1,2,0
Fbxo38,11,4,10,8,29,9
Spink10,0,0,1,1,7,0
2700046A07Rik,3,1,4,9,19,4
Apcdd1,3,7,12,11,18,1
Napg,14,16,21,24,49,12
Txnl1,41,45,49,118,185,40
Wdr7,6,4,9,8,17,1
St8sia3,0,0,0,0,3,0
Onecut2,0,1,1,0,1,0
Fech,5,54,10,27,55,7
Nars,23,29,37,47,83,31
Atp8b1,2,17,4,21,12,6
Nedd4l,3,2,10,10,36,5
Malt1,6,10,16,11,22,4
Zfp532,8,7,6,18,24,2
Oacyl,0,0,0,0,1,0
Sec11c,42,82,55,135,149,34
Rax,0,0,0,0,1,0
Lman1,36,38,40,78,104,28
Pmaip1,14,29,35,32,71,15
Gnal,0,1,0,3,1,0
Mppe1,0,0,0,3,5,0
Impa2,1,0,2,3,4,0
Tubb6,1,4,4,9,4,39
Afg3l2,7,4,11,20,32,9
Slmo1,1,1,0,1,3,0
Spire1,3,5,7,10,22,5
Cep76,5,0,4,4,7,2
Psmg2,9,9,17,26,33,10
Ptpn2,9,9,7,12,26,10
Gm26910,1,0,0,4,4,0
Seh1l,12,20,17,28,47,8
Cep192,0,4,5,11,15,1
Ldlrad4,1,3,7,17,13,1
Fam210a,4,5,4,7,17,3
Rnmt,5,9,10,20,37,3
Tcf4,259,327,404,568,1006,158
Ccdc68,1,0,0,0,1,0
Rab27b,0,7,4,2,3,0
4930503L19Rik,6,1,5,4,15,4
Stard6,2,2,4,8,6,2
Poli,2,2,2,1,6,2
Mbd2,29,51,81,131,185,49
Mex3c,19,11,13,26,36,13
Smad4,26,36,42,85,109,23
Elac1,8,6,8,10,20,2
Me2,3,7,7,11,18,0
Mro,0,0,1,0,1,0
Cxxc1,20,11,23,28,68,8
Mbd1,9,7,11,22,28,11
Cfap53,0,0,0,1,0,0
Acaa2,24,24,40,88,104,13
Lipg,0,0,0,0,4,0
Rpl17,609,718,914,1463,2427,401
BC031181,69,66,88,141,203,51
Dym,6,8,8,18,27,3
Smad7,83,118,132,181,298,53
Ctif,3,7,8,17,18,6
Zbtb7c,0,0,0,2,5,0
Smad2,8,8,14,26,32,12
Ier3ip1,74,48,67,99,146,30
Hdhd2,17,10,10,27,45,11
Pias2,15,14,17,29,38,7
St8sia5,0,0,0,0,0,1
Rnf165,0,0,0,0,1,0
8030462N17Rik,2,0,3,3,2,1
Haus1,5,3,5,12,13,2
Atp5a1,121,122,224,322,445,90
Pstpip2,0,2,0,1,1,0
Epg5,2,3,3,5,8,5
Slc14a1,1,0,0,1,3,0
Slc14a2,0,0,0,0,1,0
Setbp1,3,4,5,8,7,1
Pard6g,2,10,5,8,24,2
Adnp2,7,1,2,12,10,4
Rbfa,8,7,12,25,45,6
Gm16286,44,29,44,72,108,19
Txnl4a,13,16,26,49,51,10
Pqlc1,22,22,44,56,84,15
Ctdp1,5,4,6,14,13,4
Nfatc1,15,12,25,21,40,5
Atp9b,7,6,8,7,35,3
Sall3,3,0,3,3,11,0
Mbp,68,172,52,161,457,85
Zfp236,5,5,8,14,17,5
4930445N18Rik,0,0,0,0,1,0
Zfp516,4,7,7,13,33,5
Tshz1,17,20,34,68,96,17
Zadh2,10,7,14,24,33,3
Zfp407,9,1,15,19,32,6
Cndp2,15,13,26,31,51,15
Cyb5a,61,91,115,196,274,58
Timm21,10,8,14,24,25,5
Neto1,0,0,0,0,1,0
Socs6,8,5,14,19,40,7
Rttn,0,0,3,4,8,2
Cd226,0,2,2,4,2,0
Tmx3,15,26,35,60,99,25
Ighmbp2,0,2,2,3,5,0
Mrpl21,20,18,21,56,64,18
Cpt1a,16,23,34,71,95,18
Mtl5,0,0,0,0,1,0
Ppp6r3,19,19,31,40,66,9
Lrp5,18,18,37,46,49,10
1810055G02Rik,1,5,3,6,8,5
Suv420h1,29,20,31,44,74,11
Chka,55,39,51,57,146,24
Tcirg1,12,10,12,18,45,4
Ndufs8,33,23,55,89,114,35
Aldh3b1,1,2,1,8,8,3
Unc93b1,25,20,29,63,121,17
Aldh3b3,0,0,1,0,0,0
Acy3,1,10,5,7,19,2
Nudt8,3,3,8,9,14,4
Doc2g,0,0,0,3,3,0
Ndufv1,28,38,43,93,130,37
Gstp1,56,73,76,127,208,55
Gstp2,2,0,2,3,9,1
BC021614,0,3,0,0,0,0
Cdk2ap2,38,51,51,81,137,38
Pitpnm1,3,4,1,16,18,5
Aip,27,28,48,61,88,28
Cabp4,0,0,0,2,1,0
Gpr152,0,0,0,0,1,0
Coro1b,23,18,38,75,137,25
Ptprcap,5,2,17,21,80,15
Rps6kb2,4,6,15,21,31,9
Carns1,1,1,1,5,10,3
Gm17552,1,0,0,0,1,0
Tbc1d10c,1,0,3,1,15,1
Ppp1ca,76,89,139,231,344,91
Rad9a,1,1,4,12,15,4
Clcf1,6,1,3,8,11,1
Pold4,33,40,40,70,131,20
Ssh3,1,6,3,4,8,1
Ankrd13d,3,1,0,5,8,1
Adrbk1,30,21,51,47,106,20
Kdm2a,32,22,37,73,116,27
Rhod,3,2,8,9,17,2
Syt12,0,0,1,0,3,0
Pcx,2,1,9,7,13,0
Lrfn4,3,2,2,9,11,2
Rce1,12,19,25,42,42,17
Sptbn2,0,0,0,1,3,0
Gm21992,1,1,0,0,1,0
Rbm4b,19,14,26,61,57,9
Rbm4,0,3,3,7,10,5
Rbm14,11,11,19,16,18,5
Ccs,15,11,24,38,81,17
Ctsf,14,10,23,23,65,7
Zdhhc24,2,3,11,6,19,2
Bbs1,3,5,2,3,6,3
Dpp3,9,3,17,21,25,8
Mrpl11,23,22,34,71,85,20
Npas4,0,1,0,0,0,0
Slc29a2,0,1,0,1,2,0
B4gat1,13,14,17,44,58,14
Brms1,9,11,20,34,40,6
Rin1,1,0,2,3,7,6
Cd248,6,12,16,38,73,12
Tmem151a,2,7,2,14,18,12
Yif1a,10,16,16,49,56,27
Cnih2,0,0,1,0,1,0
Rab1b,34,20,46,54,88,14
Klc2,1,5,6,17,11,3
Pacs1,13,9,15,29,37,5
Sf3b2,74,66,85,191,220,53
Cst6,1,0,1,7,2,1
Banf1,42,36,54,112,159,53
Eif1ad,16,12,16,43,47,10
Sart1,14,10,27,33,52,11
4930481A15Rik,0,0,5,4,8,2
Drap1,65,63,92,170,263,72
AI837181,19,12,23,33,46,12
Fosl1,1,0,0,0,3,2
Ccdc85b,67,67,116,219,221,34
Fibp,10,15,30,59,80,13
Ctsw,2,3,2,8,11,0
Efemp2,22,11,17,64,84,19
Mus81,4,4,2,12,20,1
Cfl1,286,252,418,804,1119,330
Snx32,4,5,7,9,24,3
1700020D05Rik,1,0,0,1,1,0
Ap5b1,0,1,0,2,3,1
Rnaseh2c,41,29,63,137,168,34
Kat5,14,8,14,23,27,6
Rela,24,22,36,72,106,33
Sipa1,44,32,85,92,153,27
Pcnxl3,13,10,17,32,33,4
Map3k11,23,18,37,63,69,31
Kcnk7,6,0,4,8,2,0
Ehbp1l1,20,14,20,45,61,24
Fam89b,3,5,2,13,9,2
Sssca1,8,11,14,37,38,5
Ltbp3,4,6,4,7,15,0
Scyl1,5,8,11,28,51,9
Malat1,11717,9700,17466,22660,45437,6777
Neat1,204,129,352,506,816,81
Frmd8os,0,2,1,0,1,0
Frmd8,8,7,20,15,36,10
Slc25a45,8,2,10,12,25,2
Tigd3,0,0,0,2,0,0
Dpf2,20,22,24,41,80,19
Cdc42ep2,5,12,9,21,29,11
Pola2,1,3,3,6,8,6
Capn1,7,7,4,16,22,6
Syvn1,12,5,15,24,29,8
Mrpl49,10,13,17,25,41,13
Fau,901,1120,1390,1661,3741,547
Znhit2,10,4,12,21,20,4
Tm7sf2,0,1,1,1,5,1
Vps51,12,10,6,19,21,4
Zfpl1,11,10,22,39,43,11
Sac3d1,3,3,5,18,28,9
Snx15,13,21,17,20,57,10
Arl2,6,21,30,67,90,10
Batf2,2,2,1,3,2,1
1700123I01Rik,1,0,0,0,0,0
Ppp2r5b,6,5,8,8,22,8
Atg2a,11,6,17,18,26,5
Ehd1,21,15,20,47,70,33
Cdc42bpg,0,1,0,1,5,2
Men1,10,16,13,28,34,7
Map4k2,34,28,48,52,123,34
Gm14966,1,0,1,1,7,0
Sf1,41,46,36,73,123,34
Pygm,2,3,6,8,22,3
Rasgrp2,69,103,83,129,212,50
Nrxn2,3,5,5,8,22,6
Gm14964,7,7,13,21,44,2
Slc22a12,0,1,0,0,2,0
Rps6ka4,11,7,10,34,35,18
Ccdc88b,2,1,3,0,7,1
Prdx5,40,47,61,118,178,30
Trmt112,23,37,44,88,123,36
Esrra,6,5,9,12,21,2
Gpr137,5,15,6,22,19,7
Bad,17,18,31,55,86,20
Plcb3,12,10,12,26,32,10
Ppp1r14b,24,23,24,101,99,40
Fkbp2,39,36,49,146,148,57
Vegfb,14,5,15,21,32,8
Dnajc4,7,6,9,32,40,10
Nudt22,4,1,9,12,15,4
Trpt1,2,1,4,9,13,3
Fermt3,12,29,15,26,52,3
Stip1,27,33,35,47,60,44
Macrod1,5,0,5,4,9,3
Flrt1,0,1,0,3,3,0
Otub1,25,8,21,49,68,17
Cox8a,270,260,357,551,1155,202
Naa40,4,4,2,13,14,0
Mark2,14,14,26,45,73,21
Gm17227,0,0,0,0,1,0
AI846148,3,5,9,8,15,5
1700105P06Rik,2,0,0,0,0,0
2700081O15Rik,1,7,8,7,24,3
Rtn3,81,71,104,172,290,67
Atl3,11,12,15,29,51,8
Pla2g16,29,65,49,127,140,42
Slc22a8,120,67,184,137,287,27
Slc22a6,0,0,0,0,5,0
Chrm1,0,0,0,0,3,0
Slc3a2,252,309,362,597,942,152
Wdr74,4,10,18,12,26,9
Stx5a,23,28,27,69,93,19
Nxf1,46,38,56,92,162,23
Taf6l,21,10,26,44,73,18
Polr2g,39,26,39,97,121,25
Zbtb3,0,0,0,1,3,0
Ttc9c,0,10,8,9,27,4
Hnrnpul2,22,26,42,64,103,19
Gng3,0,2,4,4,3,0
Bscl2,10,16,10,28,39,6
Lrrn4cl,0,0,0,0,1,0
Ubxn1,74,77,96,187,287,58
Uqcc3,20,29,42,78,130,21
Lbhd1,2,0,0,2,7,0
1810009A15Rik,3,1,6,2,9,1
Ints5,4,2,11,10,13,5
Ganab,20,30,18,47,52,12
B3gat3,16,7,18,39,76,14
Rom1,0,1,7,13,13,5
Eml3,5,7,6,18,27,3
Mta2,17,11,20,47,76,13
Tut1,3,4,9,6,8,4
Eef1g,133,118,200,333,490,99
Ahnak,194,308,224,491,708,160
Asrgl1,9,9,12,33,31,7
Pcna-ps2,0,0,0,0,1,0
Incenp,2,0,3,9,6,1
Fth1,1270,5442,1689,5309,5096,1767
Best1,0,6,0,4,1,2
Rab3il1,7,3,5,10,21,2
Fads3,5,3,6,7,16,3
Fads2,2,0,0,2,0,0
Fads1,6,12,8,28,25,5
Fen1,4,3,7,13,17,3
Tmem258,51,53,60,92,178,49
Myrf,3,9,1,6,11,5
Dagla,1,0,3,6,12,1
Syt7,11,10,10,48,50,8
Lrrc10b,5,0,2,2,3,0
Ppp1r32,0,0,0,0,2,0
Sdhaf2,12,12,25,32,41,6
Cpsf7,15,12,12,34,44,10
Tmem216,5,3,5,14,10,1
Tmem138,2,2,3,5,12,3
Cyb561a3,0,0,1,2,1,0
Tkfc,0,2,0,0,3,0
Ddb1,26,40,63,75,133,45
Vps37c,3,3,4,2,7,3
Cd5,1,0,1,1,1,1
Cd6,2,0,1,0,0,0
Slc15a3,1,2,7,4,19,0
Tmem132a,1,6,4,6,17,3
Tmem109,40,34,47,107,111,36
Prpf19,12,18,20,37,50,6
Ptgdr2,0,1,0,0,0,0
Ccdc86,5,2,6,25,25,3
AW112010,62,79,123,152,216,108
Ms4a8a,0,0,0,0,0,1
Ms4a1,15,10,21,32,89,15
Ms4a7,14,0,1,6,0,0
Gm28935,0,1,2,1,0,0
Ms4a4c,8,1,10,9,20,3
Ms4a4b,3,0,2,1,3,2
Ms4a6c,17,17,1,4,4,0
Gm8369,9,0,18,18,71,5
Ms4a6b,12,6,2,1,9,0
Ms4a6d,2,0,3,3,4,0
Mrpl16,12,9,10,18,31,5
Stx3,32,16,46,49,80,18
Patl1,7,14,10,17,34,7
Osbp,20,17,12,42,50,5
Mpeg1,9,5,5,11,18,1
Dtx4,4,1,4,8,11,1
Fam111a,6,4,4,6,21,9
Zfp91,39,41,56,101,162,35
Lpxn,4,4,4,4,13,0
Tle4,21,9,46,37,101,10
Psat1,3,13,4,18,38,11
Cep78,0,1,1,6,8,0
Gnaq,36,29,60,105,140,30
Vps13a,7,8,16,18,28,4
Prune2,3,3,2,6,14,4
Gcnt1,4,2,1,3,17,1
Rfk,23,36,32,88,87,45
Pcsk5,0,0,1,0,1,0
Ostf1,109,118,169,305,335,82
Nmrk1,3,4,7,19,13,4
Carnmt1,10,11,13,21,38,6
D030056L22Rik,12,8,25,36,31,12
Trpm6,3,3,0,10,7,6
Rorb,1,4,5,9,15,1
Anxa1,1,13,12,9,10,4
1500015L24Rik,0,0,0,0,1,0
Aldh1a1,2,24,2,13,38,2
Zfand5,75,80,96,202,271,44
Gda,2,13,7,3,16,9
1110059E24Rik,16,10,16,35,62,5
Abhd17b,8,19,20,26,46,10
Tmem2,9,10,11,16,30,7
Trpm3,0,0,0,2,0,0
2410080I02Rik,0,2,3,9,5,1
Klf9,107,120,152,144,457,56
Smc5,9,9,14,20,32,5
Mamdc2,1,0,0,0,0,0
Gm9493,0,0,0,1,3,0
Gm6563,1,1,3,0,5,2
Ptar1,2,5,5,12,10,0
Gm9938,3,0,1,3,5,0
Apba1,5,4,3,6,15,4
Fam189a2,11,3,15,25,16,3
Tjp2,26,16,50,49,76,20
Fxn,3,2,3,8,21,3
Pip5k1b,2,4,4,7,16,0
Fam122a,12,9,14,26,41,9
Tmem252,61,140,160,184,288,227
Pgm5,29,20,27,37,43,17
Cbwd1,7,3,14,11,16,1
Dock8,5,5,5,3,18,0
Kank1,9,14,11,24,23,4
Smarca2,47,48,77,81,148,15
Vldlr,2,3,3,4,6,0
Pum3,8,9,14,16,24,11
Rfx3,2,2,2,9,11,0
Glis3,0,0,1,1,2,0
Slc1a1,67,38,102,51,172,54
4430402I18Rik,25,12,36,31,33,6
Plpp6,28,20,52,41,64,19
Cdc37l1,14,21,30,37,71,17
Ak3,35,27,56,68,130,27
1700018L02Rik,0,1,0,3,5,1
Rcl1,5,2,10,11,24,4
Jak2,11,20,33,30,71,8
Insl6,0,0,0,2,2,1
Rln1,0,0,0,1,0,0
Plgrkt,17,16,33,54,66,15
Cd274,4,7,5,12,22,6
Pdcd1lg2,0,0,0,1,3,0
A930007I19Rik,2,0,0,1,1,0
Ric1,9,10,13,16,36,3
Ermp1,5,3,11,9,41,2
9930021J03Rik,14,14,27,35,62,12
Ranbp6,1,0,5,10,12,2
Il33,0,7,1,19,29,0
Uhrf2,30,24,36,68,90,23
Gldc,0,0,1,1,0,0
Prkg1,1,3,6,10,9,0
Cstf2t,2,4,12,7,35,3
Asah2,1,1,2,4,5,3
Sgms1,304,317,415,441,773,192
2700046G09Rik,0,0,0,6,2,0
Rpl9-ps6,0,7,5,5,9,2
Minpp1,9,12,16,31,34,16
Papss2,0,1,1,2,2,1
Atad1,8,16,20,34,65,13
Pten,51,71,78,143,243,26
Rnls,0,0,1,0,1,0
Lipo1,4,3,4,10,13,5
Lipo2,0,0,1,0,0,0
Stambpl1,1,1,2,7,6,1
Acta2,587,47,347,627,426,3
Fas,55,95,82,66,161,50
Ch25h,13,160,22,94,124,63
Gm26902,1,3,1,5,8,2
Lipa,42,53,58,87,135,28
Ifit2,6,4,4,7,17,3
Ifit3,15,16,16,33,66,45
Ifit1bl1,0,0,1,0,1,0
Ifit3b,3,2,9,9,14,19
Ifit1bl2,0,0,0,0,1,0
Ifit1,33,36,45,61,104,58
Slc16a12,3,4,10,13,29,6
Pank1,0,2,4,4,13,1
Kif20b,0,0,0,2,1,1
Htr7,0,1,0,0,0,0
Rpp30,9,11,18,34,27,8
Pcgf5,4,7,8,17,21,6
Hectd2,1,1,1,0,1,0
Ppp1r3c,3,1,3,1,7,0
Tnks2,26,33,46,58,93,14
Fgfbp3,5,4,4,18,10,3
Btaf1,8,7,12,17,23,3
Cpeb3,4,2,3,5,9,0
A330032B11Rik,0,0,0,0,1,0
March5,23,41,43,71,85,19
Ide,6,15,19,30,52,24
Hhex,20,18,25,82,75,11
Exoc6,11,15,19,17,47,10
Myof,4,21,30,32,35,9
I830134H01Rik,0,0,0,0,0,2
Cep55,0,0,0,0,1,0
Ffar4,0,1,0,0,0,0
Fra10ac1,4,9,16,17,33,6
Lgi1,0,0,0,1,0,0
Plce1,16,12,11,22,52,3
Noc3l,1,3,10,8,15,0
Tbc1d12,10,15,22,31,37,10
Hells,3,1,2,7,7,4
Pdlim1,9,13,21,12,20,1
Sorbs1,11,4,24,28,18,5
Aldh18a1,2,0,0,6,1,1
Tctn3,1,0,0,4,4,2
Entpd1,30,25,50,79,84,24
Cc2d2b,0,1,0,0,0,0
Ccnj,1,1,4,1,5,0
Zfp518a,6,7,4,14,23,0
Blnk,11,7,4,11,31,2
Opalin,1,10,2,19,14,3
Tm9sf3,56,77,85,140,183,48
Pik3ap1,0,0,1,3,0,0
Lcor,5,8,5,17,17,2
Gm340,0,0,0,3,4,0
AI606181,0,4,0,6,6,2
Slit1,0,0,0,0,1,0
Arhgap19,0,0,1,7,6,0
Frat2,0,4,3,10,12,3
Rrp12,0,0,2,1,3,1
Pgam1,47,59,86,145,198,49
Exosc1,8,9,14,23,44,10
Zdhhc16,5,4,7,14,22,6
Mms19,8,5,15,26,30,3
Ubtd1,5,7,8,17,30,11
Hoga1,0,1,0,0,1,1
Morn4,0,0,1,1,4,1
Pi4k2a,5,11,13,18,25,11
Avpi1,12,23,20,78,74,25
Marveld1,17,18,31,57,61,20
Zfyve27,2,10,13,17,30,6
Golga7b,0,0,0,0,1,0
Crtac1,0,0,0,0,1,0
R3hcc1l,1,5,16,22,23,7
Pyroxd2,0,0,1,1,1,0
Hps1,4,2,1,11,13,3
Got1,7,9,9,14,30,3
Slc25a28,15,9,11,20,39,11
Entpd7,3,1,7,4,10,0
Cox15,5,1,4,9,8,2
Cutc,7,3,8,13,22,8
Dnmbp,0,0,0,0,2,0
Cpn1,0,0,1,0,0,0
Cyp2c44,0,0,0,0,1,0
Erlin1,2,8,5,17,17,3
Chuk,12,10,22,20,33,12
Cwf19l1,2,0,2,3,3,0
Bloc1s2,17,9,14,42,41,16
Scd3,0,0,0,0,1,0
Scd2,34,96,56,110,228,49
Scd4,0,0,0,1,0,0
Scd1,9,12,3,20,62,7
Sec31b,1,0,0,0,1,0
Ndufb8,76,70,98,206,269,71
Hif1an,8,3,10,27,18,5
Fam178a,11,9,18,25,39,4
Sema4g,2,0,0,2,8,0
Mrpl43,31,23,44,65,93,22
Peo1,1,2,1,8,9,3
Lzts2,27,31,26,51,83,18
Pdzd7,0,0,0,0,1,0
Sfxn3,12,7,16,49,61,23
Kazald1,4,1,5,13,16,1
Btrc,5,5,18,18,38,3
Poll,2,3,3,7,7,1
Dpcd,6,7,14,44,33,14
Fbxw4,5,4,9,19,24,3
Npm3,12,4,8,19,31,10
Mgea5,15,30,49,57,86,22
Kcnip2,0,0,0,0,1,0
9130011E15Rik,0,0,0,1,2,1
Hps6,3,1,6,7,7,5
Ldb1,22,18,17,31,68,7
Pprc1,1,2,4,4,8,1
Nolc1,18,16,24,35,55,13
Gbf1,18,12,19,44,60,17
Nfkb2,4,15,9,11,26,16
Psd,2,0,0,3,4,0
Fbxl15,3,8,5,15,13,7
Cuedc2,46,32,49,103,137,30
Tmem180,1,5,4,4,2,5
Actr1a,18,15,25,33,58,20
Sufu,5,5,5,12,19,5
Trim8,27,23,40,64,68,21
Arl3,22,25,43,88,98,20
Sfxn2,2,0,3,4,5,2
Wbp1l,19,13,24,29,49,15
Borcs7,4,6,8,16,30,7
As3mt,17,17,43,51,75,24
Cnnm2,11,1,7,7,12,1
Nt5c2,17,18,27,21,65,7
Pcgf6,2,5,2,7,7,1
Taf5,3,1,3,8,13,0
Usmg5,72,53,87,78,307,71
Pdcd11,12,10,12,17,45,3
Calhm2,4,6,5,12,19,2
Neurl1a,1,0,1,3,5,0
Sh3pxd2a,3,4,8,14,19,6
Obfc1,5,4,6,11,16,3
Slk,29,28,36,79,104,25
Col17a1,0,0,0,0,1,0
Sfr1,55,47,89,120,219,49
Cfap43,10,3,7,13,23,3
Gsto1,0,3,5,7,15,1
Gsto2,0,0,1,1,0,0
Sorcs3,0,0,0,1,3,0
Rpl13a-ps1,1,0,0,0,0,0
Sorcs1,0,0,0,2,3,0
Xpnpep1,14,8,17,31,50,17
Add3,52,41,65,138,179,23
Mxi1,25,19,41,59,79,18
Smndc1,27,20,27,52,60,12
Mirt1,1,1,1,2,12,0
4833407H14Rik,0,1,2,0,1,2
Dusp5,4,9,3,16,31,7
Nutf2-ps1,0,0,1,0,0,0
Smc3,25,33,48,104,118,14
Rbm20,0,1,1,3,4,1
Gm16299,1,0,0,2,0,0
Pdcd4,32,31,30,55,127,3
Bbip1,29,26,43,74,99,26
Shoc2,12,15,16,38,53,9
Adra2a,2,0,0,0,1,0
Gpam,0,0,0,1,1,0
Gucy2g,0,0,1,0,3,0
Acsl5,15,20,18,52,54,24
Zdhhc6,5,4,13,26,35,3
Vti1a,7,7,4,11,14,3
Tcf7l2,28,17,16,37,66,14
Nrap,0,0,0,1,1,0
Casp7,8,7,5,18,37,5
Dclre1a,3,0,11,8,7,5
Nhlrc2,10,8,7,18,19,7
Adrb1,1,1,3,0,8,0
Ccdc186,15,9,20,38,59,13
Afap1l2,33,23,42,72,119,27
Ablim1,285,244,436,749,929,127
B230217O12Rik,1,0,1,0,1,0
Fam160b1,16,14,23,39,66,8
Trub1,4,0,8,5,5,2
Atrnl1,2,4,6,10,20,0
Gfra1,0,0,0,3,1,0
Hspa12a,3,5,9,2,15,0
Eno4,0,0,0,0,0,1
Shtn1,5,2,4,11,15,1
Slc18a2,0,0,0,1,0,0
Pdzd8,12,12,24,29,44,7
Rps12-ps3,3,5,6,21,17,2
Emx2os,0,0,0,2,0,0
Emx2,0,1,0,0,3,0
Gm17203,0,0,0,1,3,0
Rab11fip2,6,14,22,26,47,4
Fam204a,14,14,18,61,95,13
Cacul1,11,13,10,20,30,6
Nanos1,12,3,7,16,32,4
Eif3a,96,66,117,198,301,82
Fam45a,9,7,18,26,45,10
Sfxn4,3,1,0,5,4,0
Prdx3,24,18,28,60,54,17
Grk5,6,3,9,11,12,8
Zfp950,23,13,36,54,81,15
Csf2ra,3,11,5,9,12,2
mt-Nd1,1507,1447,1828,3424,5862,1224
mt-Nd2,1806,1586,2460,3851,7539,1176
mt-Co1,4444,4512,4871,8309,14721,3675
mt-Co2,4813,4287,5664,9472,15634,3195
mt-Atp8,87,64,86,108,419,22
mt-Atp6,7022,6228,8521,14655,23395,3976
mt-Co3,5567,4928,6517,11178,18258,3573
mt-Nd3,713,556,1177,785,3581,608
mt-Nd4l,187,119,128,214,644,67
mt-Nd4,1825,1783,2093,3913,6425,1285
mt-Nd5,296,327,329,599,1090,164
mt-Nd6,31,11,37,34,124,9
mt-Cytb,3159,2968,4079,6868,10852,1841
Vamp7,11,8,12,23,37,10
Spry3,0,0,0,1,0,0
Tmlhe,2,1,0,3,3,0
CR974586.5,0,0,0,1,1,0
Csprs,0,0,1,0,3,0
AC132444.6,0,0,0,0,1,0
Gm10931,0,0,0,0,1,0
AC125149.3,0,2,2,7,10,1
PISD,65,41,64,122,318,45
DHRSX,15,13,10,26,35,12
CAAA01147332.1,1,3,3,3,11,3
