,0,1,2,3,4,5
Xkr4,0,1,0,2,2,0
Sox17,0,1,0,3,13,0
Mrpl15,330,282,428,454,561,518
Lypla1,178,146,229,216,270,350
Gm37988,0,0,0,0,0,1
Tcea1,562,345,627,563,833,706
Rgs20,1,1,1,2,7,2
Atp6v1h,321,226,368,388,557,462
Rb1cc1,526,332,522,618,739,659
4732440D04Rik,40,26,47,50,72,52
St18,7,5,5,7,27,2
Pcmtd1,421,289,448,503,585,533
Gm26901,3,3,0,4,4,1
Sntg1,0,0,0,1,4,0
Rrs1,101,105,105,171,178,168
Adhfe1,8,6,3,2,5,1
3110035E14Rik,7,2,6,12,30,3
Mybl1,4,1,4,2,11,2
Vcpip1,208,171,244,356,388,358
1700034P13Rik,0,0,1,3,2,0
Sgk3,402,281,447,489,562,734
Mcmdc2,3,4,2,3,6,17
Snhg6,378,259,408,420,866,397
Tcf24,4,3,10,5,8,7
Ppp1r42,0,1,0,0,0,0
Cops5,501,351,637,636,816,636
Cspp1,227,172,256,295,410,318
Arfgef1,305,207,314,375,463,411
Prex2,4,10,9,8,25,7
A830018L16Rik,0,1,1,0,0,0
Gm17644,0,0,0,0,1,0
Sulf1,1,1,9,0,1,2
Slco5a1,0,1,1,0,2,0
Ncoa2,233,146,267,295,405,277
Gm29570,1,0,1,2,0,0
Tram1,1000,715,1162,1059,1313,1784
Lactb2,346,238,450,388,513,423
Xkr9,4,1,2,7,4,2
Eya1,1,1,2,0,4,1
Kcnb2,1,2,2,0,0,1
Terf1,218,145,239,274,366,267
Sbspon,0,0,1,0,0,0
4930444P10Rik,0,0,0,0,4,4
Rpl7,9607,8797,12753,14613,12533,12408
Rdh10,71,46,90,99,106,100
Stau2,146,78,126,125,192,121
Ube2w,355,327,367,523,532,476
Tceb1,1264,1071,1497,1675,2023,1664
D030040B21Rik,1,0,3,1,0,1
Tmem70,259,188,295,349,445,369
Ly96,600,436,710,511,667,680
Jph1,2,2,4,7,10,0
Gdap1,3,3,2,3,3,1
Crispld1,0,0,0,0,1,0
Il17f,0,0,0,1,0,0
Mcm3,233,169,304,371,462,414
6720483E21Rik,0,0,0,1,0,0
Paqr8,14,17,15,20,52,17
Efhc1,4,5,4,3,7,5
Tram2,59,62,70,74,94,79
Gm28287,0,0,1,0,0,0
Tmem14a,26,19,23,22,34,33
Gsta3,1,0,1,1,3,0
Kcnq5,1,0,1,1,0,0
Rims1,5,5,0,2,15,3
Gm27028,0,0,0,1,0,1
Gm29107,30,18,35,35,61,38
Ogfrl1,1732,1908,1899,2582,3308,3419
B3gat2,9,4,13,14,14,3
Smap1,784,527,890,886,1150,979
Sdhaf4,309,254,413,377,415,345
Fam135a,69,52,71,92,119,48
Col9a1,0,0,1,0,0,1
Lmbrd1,525,346,618,585,745,617
Adgrb3,2,2,1,2,11,1
Gm597,0,0,0,1,0,0
Phf3,634,420,712,776,977,716
Ptp4a1,870,635,960,1068,1173,1030
Khdrbs2,2,0,2,2,4,0
Gm37724,0,1,0,1,2,0
Prim2,107,67,118,97,131,106
Rab23,20,14,21,28,54,23
Bag2,19,17,22,15,30,26
Zfp451,255,143,292,319,394,261
Bend6,136,84,183,159,203,119
Dst,1240,986,1475,1076,1970,1301
Gm37233,116,73,140,200,219,171
Ccdc115,364,248,401,542,689,540
Gm28306,0,0,0,0,1,1
Imp4,552,408,613,714,782,752
Ptpn18,2766,2353,3502,3215,4144,3820
4930568A12Rik,8,6,11,7,15,13
Prss39,0,1,0,0,0,1
Amer3,0,0,1,0,1,0
Arhgef4,43,23,46,64,85,32
Gm38336,11,13,9,4,10,7
Fam168b,532,364,621,580,761,556
Plekhb2,345,232,399,347,430,471
Hs6st1,322,220,398,452,533,548
Gm37335,0,1,2,1,0,0
Gm33280,0,0,0,0,1,0
Uggt1,184,163,227,227,324,302
Neurl3,1574,1083,2270,1603,1870,2288
Arid5a,579,506,555,961,1017,907
4930403P22Rik,18,16,14,17,13,18
Kansl3,150,100,206,215,326,229
Lman2l,246,181,271,338,376,478
Cnnm4,78,48,108,131,136,132
Cnnm3,149,88,174,151,223,158
Gm38033,2,0,0,0,3,5
Ankrd23,3,1,4,1,7,2
Gm43543,0,2,1,6,4,2
Ankrd39,65,49,67,125,137,117
Sema4c,187,114,196,356,379,395
Fam178b,7,3,10,11,14,11
Cox5b,1451,1273,1744,1488,2359,2451
Actr1b,342,211,397,495,642,433
4933424G06Rik,2,1,2,2,3,0
Zap70,0,0,1,0,2,0
Tmem131,207,207,258,269,347,273
Vwa3b,3,1,4,0,4,0
Inpp4a,153,111,164,184,236,261
4930439A04Rik,0,0,1,1,0,0
Coa5,216,187,243,267,350,298
Unc50,628,537,798,970,1103,815
Mgat4a,1246,856,1419,1491,1993,1182
2010300C02Rik,9,4,15,9,12,6
4930556I23Rik,0,0,1,0,0,0
Tsga10,100,65,121,126,148,118
Gm26805,0,0,1,0,0,0
Lipt1,7,2,11,19,9,12
Mitd1,127,95,163,204,333,211
Mrpl30,489,442,549,652,679,692
Txndc9,727,525,836,881,1032,980
Eif5b,1028,762,1231,1230,1850,1526
Rev1,84,50,106,114,180,108
Aff3,0,1,0,1,5,0
Lonrf2,4,3,4,5,11,2
Chst10,18,5,12,11,26,10
Pdcl3,604,488,734,815,942,845
Npas2,1,0,0,0,0,0
Rpl31,2773,2463,3586,3366,4715,3840
Tbc1d8,77,65,153,113,142,195
Cnot11,134,95,143,176,176,195
Rnf149,749,684,819,1026,959,1204
Creg2,5,4,1,9,10,4
D930019O06Rik,1,0,0,0,0,1
Rfx8,0,0,1,0,0,0
Map4k4,1344,845,1528,1416,1943,1427
Il1r2,2,8,2,1,1,18
Gm16894,5,4,6,5,10,7
Il1r1,6,7,4,13,7,3
Il1rl2,103,60,106,171,163,104
Il1rl1,25,16,28,24,43,18
Il18r1,0,0,0,1,1,0
Il18rap,4,24,7,18,12,44
Slc9a2,1,0,1,1,0,0
Mfsd9,10,6,10,14,17,10
Gm9915,1,0,0,0,0,0
Pantr1,17,11,25,37,54,16
Pou3f3,18,11,15,26,53,10
Dalir,0,0,0,0,1,0
Mrps9,202,169,259,277,357,280
Gpr45,0,0,1,1,1,0
Tgfbrap1,267,199,335,381,521,318
Gm28782,0,0,0,2,0,0
8430432A02Rik,2,3,2,4,2,2
AI597479,44,26,56,64,88,79
Fhl2,0,0,1,0,1,0
Nck2,1,0,0,1,2,0
1500015O10Rik,45,44,100,4,21,1
Gm29155,2,0,2,1,0,1
Gm29157,0,0,0,1,0,0
Gm29156,1,0,0,0,1,1
Uxs1,140,106,192,186,249,259
Tpp2,610,462,694,880,1212,869
Mettl21c,13,12,13,22,20,0
Gm8251,3,5,4,4,1,4
Tex30,227,160,161,306,342,197
Kdelc1,62,36,61,84,108,81
Bivm,34,24,41,45,52,59
Ercc5,241,175,246,274,417,245
Gulp1,2,0,1,0,0,1
Col5a2,0,1,0,1,0,0
Wdr75,144,86,180,167,212,169
Gm5269,3,2,6,4,2,2
Slc40a1,595,283,654,542,928,561
Dnah7b,0,0,0,1,3,1
Dnah7c,0,0,0,1,0,0
Slc39a10,141,140,194,177,134,233
Gm28151,12,4,5,14,11,8
4933411E06Rik,1,0,0,0,0,0
Tmeff2,21,14,29,37,87,10
Gm28322,0,0,0,2,1,0
Gm29325,0,0,1,0,1,0
Sdpr,4,1,2,1,10,0
Nabp1,408,251,356,743,565,423
Myo1b,289,193,311,309,438,337
Stat4,2,0,0,0,0,0
Stat1,225,174,250,284,357,593
Gls,1283,847,1379,1843,1937,967
Nab1,233,217,266,341,313,365
Gm553,0,0,0,1,0,1
Tmem194b,47,32,52,71,88,59
Mfsd6,4,6,10,9,25,18
Inpp1,78,53,125,99,169,82
Hibch,126,100,161,171,188,152
1700019D03Rik,5,3,17,4,19,8
Pms1,36,19,41,44,56,53
Ormdl1,267,175,294,321,408,332
Osgepl1,61,39,69,90,124,81
Gm28551,0,0,2,0,2,0
Asnsd1,180,141,230,278,300,316
Dnah7a,1,3,2,1,3,0
Stk17b,1072,1001,1164,1073,1472,1363
Hecw2,2,6,1,3,9,3
Ccdc150,0,0,0,0,5,0
Gtf3c3,84,50,85,103,142,106
Pgap1,36,39,45,49,81,67
Ankrd44,1015,710,1150,993,1594,1236
4930444A19Rik,0,0,0,0,1,0
Sf3b1,2392,1760,2958,3219,3690,3084
Coq10b,872,853,1011,1430,1367,1125
Hspd1,882,763,1093,1177,1287,1546
Hspe1,2274,2083,2880,2782,3088,3701
Mob4,642,475,822,896,1144,977
Rftn2,8,5,10,15,14,11
Gm10561,2,3,6,5,3,1
Mars2,10,9,19,31,29,26
Boll,0,0,1,3,1,0
Plcl1,219,161,219,298,346,236
Satb2,6,1,3,6,6,4
1700066M21Rik,25,20,39,37,56,30
Tyw5,76,44,70,70,95,59
9430016H08Rik,140,128,191,197,234,201
Spats2l,2,2,1,2,5,1
Kctd18,61,33,55,81,102,86
Sgol2a,1,1,1,1,2,1
Aox1,1,0,1,1,4,1
Aox2,1,0,0,0,0,0
Bzw1,1321,986,1699,1930,2230,1791
Clk1,3289,1967,3885,4608,6120,4756
Ppil3,147,142,139,199,241,246
Nif3l1,46,32,52,88,90,105
Orc2,139,78,149,162,214,147
Gm15834,3,1,4,8,3,7
Fam126b,168,92,161,231,232,188
Ndufb3,1101,912,1280,1031,1424,1267
Als2cr12,0,1,0,2,1,0
Cflar,1596,1122,1742,1852,2122,1863
Casp8,1128,767,1398,1367,1566,1581
Trak2,85,68,91,103,151,101
Stradb,120,120,162,201,180,194
Tmem237,137,78,166,134,165,162
G730003C15Rik,3,5,5,1,2,5
Mpp4,0,0,1,0,0,0
Als2,55,29,63,76,91,56
Fzd7,59,51,64,168,177,51
Gm973,2,1,0,2,5,1
Sumo1,1082,915,1210,1358,1484,1360
Nop58,419,402,425,745,774,650
Bmpr2,472,363,554,550,714,465
Fam117b,403,285,464,619,695,407
Ica1l,8,2,8,10,13,3
Wdr12,156,124,200,254,259,282
Carf,34,40,51,38,73,52
Nbeal1,364,275,374,394,476,374
Cyp20a1,224,156,218,301,374,384
Abi2,104,84,115,172,190,114
Raph1,42,51,57,77,85,81
Cd28,0,0,1,0,1,1
Ctla4,0,1,0,0,1,0
Icos,13,5,6,15,19,10
Pard3b,79,42,81,91,120,68
Pard3bos1,3,1,0,3,7,0
Pard3bos3,1,0,0,0,1,0
Nrp2,201,185,276,284,372,273
Gm29083,0,0,1,0,0,1
Ino80d,301,222,370,381,539,327
Ino80dos,15,5,19,15,25,6
Gm20342,99,43,100,169,148,108
Ndufs1,259,172,281,343,396,297
Eef1b2,5743,5494,7585,9186,7639,7079
Zdbf2,0,2,0,1,3,2
Adam23,4,2,4,9,12,2
Mdh1b,0,1,0,0,1,0
Fastkd2,92,67,116,135,182,151
Klf7,785,559,847,949,1000,840
Gm26649,11,10,12,7,19,1
Gm28981,2,0,0,0,0,0
Creb1,529,376,626,637,671,619
Mettl21a,126,77,162,148,195,216
Ccnyl1,63,51,68,82,110,64
Fzd5,75,34,61,99,101,49
Plekhm3,177,95,175,263,300,172
D630023F18Rik,0,0,2,1,3,2
Idh1,186,136,207,222,304,320
Pikfyve,145,88,143,164,191,178
Map2,10,15,18,25,41,13
Unc80,2,2,1,5,9,4
Rpe,113,94,160,153,217,165
Kansl1l,465,258,579,716,681,571
Acadl,340,257,435,444,546,468
Myl1,0,0,0,1,0,0
Lancl1,105,87,143,146,212,177
Erbb4,5,1,2,2,9,1
Gm28497,1,0,1,0,0,0
Ikzf2,115,134,159,180,175,186
Spag16,1,1,3,1,2,0
Bard1,5,5,2,7,12,10
Atic,193,133,202,262,278,246
Fn1,1,6,5,5,22,15
Apol7d,0,0,0,0,0,1
Gm28818,0,0,0,1,0,0
Mreg,0,1,0,0,1,0
D230017M19Rik,26,15,40,31,39,27
Pecr,302,191,414,451,550,482
Tmem169,1,0,3,1,0,3
Xrcc5,141,72,156,191,214,151
March4,0,1,0,0,1,1
Smarcal1,90,71,113,127,150,136
Rpl37a,18003,14561,23402,16096,26208,23489
Igfbp2,15,9,16,6,17,3
Igfbp5,1,3,3,4,9,4
6030407O03Rik,0,0,0,0,2,0
Tns1,345,217,344,347,533,472
Rufy4,0,0,1,2,0,0
Cxcr2,7,21,2,3,34,4
Cxcr1,0,0,0,0,1,0
Arpc2,5707,4357,6689,7119,8867,8168
Gpbar1,0,1,0,0,0,0
Aamp,1161,820,1356,1468,1913,1524
Pnkd,366,238,401,438,551,463
Tmbim1,281,217,343,370,462,422
Catip,131,75,112,209,162,157
Slc11a1,1139,802,1451,1677,2113,1794
Ctdsp1,245,162,287,335,409,457
Vil1,0,0,1,1,0,0
Usp37,147,83,155,128,182,163
Rqcd1,68,50,63,116,134,94
Plcd4,4,1,3,4,13,3
Zfp142,54,30,63,74,106,54
Bcs1l,80,48,90,97,142,147
Rnf25,60,39,68,72,138,154
Stk36,4,2,6,7,5,6
Ttll4,70,38,71,65,136,54
Cyp27a1,146,126,166,220,233,269
Prkag3,0,0,0,0,1,0
Wnt6,1,0,0,0,3,0
Cdk5r2,5,1,3,3,3,2
Ccdc108,3,6,1,1,10,1
Ihh,0,0,0,0,0,1
Nhej1,32,23,33,44,51,51
Slc23a3,1,0,1,1,2,1
Cnppd1,359,248,440,433,527,784
Fam134a,362,259,500,470,552,815
Zfand2b,175,124,234,232,303,313
Abcb6,38,37,47,78,99,91
Atg9a,88,67,107,98,193,159
Ankzf1,82,70,106,136,181,163
Glb1l,24,12,20,38,48,39
Stk16,231,159,303,325,390,354
Tuba4a,152,110,155,186,246,278
Dnajb2,278,185,357,309,427,294
Ptprn,13,7,8,12,30,5
Resp18,0,2,0,2,5,3
Dnpep,277,222,332,434,513,565
Des,1,1,0,1,2,0
Speg,123,89,122,211,235,162
Gmppa,143,91,149,172,235,268
Asic4,3,1,1,2,2,2
Chpf,2,3,2,7,14,22
Obsl1,0,1,0,1,1,0
Tmem198,2,3,1,1,5,2
Inha,0,0,1,2,0,0
Stk11ip,125,83,100,158,166,148
Slc4a3,8,4,6,8,16,8
Gm17751,0,0,1,0,0,0
Epha4,1,3,2,7,12,3
Pax3,0,0,1,0,0,0
Sgpp2,0,0,1,0,3,1
Farsb,175,153,206,228,261,331
BC035947,0,0,0,1,0,0
Mogat1,1,0,1,3,0,2
Acsl3,33,31,51,45,98,43
Utp14b,28,17,36,45,41,19
Kcne4,0,0,0,0,2,0
Scg2,0,0,2,0,8,1
Ap1s3,3,6,4,3,6,10
Wdfy1,465,343,193,815,868,208
Mrpl44,61,48,71,120,142,144
Serpine2,2140,1389,2968,2691,2890,2452
Cul3,518,356,603,598,723,563
Dock10,1351,1030,1463,1707,2135,1738
Nyap2,0,1,1,0,1,1
Irs1,1,0,2,3,0,1
Rhbdd1,59,48,62,89,130,85
Gm28940,0,0,2,1,2,0
Col4a4,4,3,3,7,8,2
Mff,598,425,674,638,800,729
Agfg1,223,155,279,296,336,343
Slc19a3,0,0,1,0,2,0
Krtap28-13,1,0,0,0,0,0
Ccl20,0,0,0,0,1,0
Daw1,1,3,0,2,2,0
Sphkap,0,2,2,0,3,1
Pid1,546,368,623,546,603,995
Dner,8,2,4,7,20,8
Trip12,437,304,462,476,629,452
Fbxo36,29,17,19,35,42,30
Slc16a14,1,1,1,1,0,3
C130026I21Rik,39,54,21,21,37,28
A530032D15Rik,11,10,4,11,21,5
A530040E14Rik,11,2,1,13,20,4
G530012D18Rik,0,1,1,0,3,0
Sp110,400,297,435,528,785,757
Gm16094,1,0,0,0,2,0
Sp140,165,135,224,304,322,292
Gm17017,0,0,0,2,0,0
Sp100,114,95,105,182,186,546
A630001G21Rik,418,372,451,666,770,556
Cab39,560,381,649,722,939,757
Itm2c,3915,2772,4840,4852,5604,6642
4933407L21Rik,4,2,0,2,1,1
Gpr55,0,0,0,0,1,0
2810459M11Rik,2,3,1,1,3,2
Psmd1,533,321,519,623,792,910
Htr2b,0,0,0,2,1,0
Gm21972,0,0,1,1,1,0
Armc9,31,16,34,29,45,48
B3gnt7,16,6,8,24,34,4
Ncl,2038,1465,2332,3078,4011,2947
Ptma,17459,10708,19288,20228,23027,21632
Pde6d,215,169,314,252,349,315
Cops7b,43,25,56,56,80,59
Nppc,1,1,0,2,4,0
Dis3l2,74,64,108,116,185,129
Ecel1,0,1,0,1,5,0
Chrng,1,0,0,1,1,0
Eif4e2,825,588,1054,1133,1325,1170
Efhd1,10,10,16,18,55,7
Efhd1os,0,0,1,0,0,0
Gigyf2,324,198,372,420,511,395
Kcnj13,11,2,16,1,6,1
3110079O15Rik,0,0,1,0,0,1
Ngef,3,2,4,3,10,3
Inpp5d,3044,2078,3317,2836,4645,2911
Atg16l1,114,84,153,197,272,171
Sag,68,35,99,91,184,67
Dgkd,384,263,424,689,818,482
Gm19582,2,3,3,7,8,2
Usp40,141,108,141,165,287,166
Ugt1a7c,26,11,24,13,31,14
Ugt1a6b,0,0,0,0,2,0
Ugt1a6a,3,4,6,11,7,8
Ugt1a5,0,0,1,1,0,0
Ugt1a2,0,0,2,0,0,0
Dnajb3,2,2,0,8,2,5
Mroh2a,3,1,1,2,3,1
Hjurp,180,88,217,275,375,237
Gm29538,2,2,0,0,0,0
Glrp1,124,59,130,154,225,118
Gm19589,0,0,0,1,0,0
Gm29336,2,3,14,11,5,15
Arl4c,2565,1913,3197,2949,3611,3433
Sh3bp4,9,4,11,7,23,13
Agap1,53,52,63,87,117,104
Iqca,0,1,0,0,4,0
Ackr3,2,2,14,5,11,5
Cops8,433,302,460,527,671,523
Col6a3,145,74,140,112,136,100
Mlph,955,595,1029,822,1402,978
Prlh,4,3,5,4,8,5
Gm28199,1,0,1,0,1,0
Lrrfip1,541,496,684,810,885,919
Rbm44,1,3,1,3,2,2
Ramp1,364,188,435,527,498,171
Ube2f,952,639,999,1138,1450,1064
Gm26683,0,0,0,2,2,1
Scly,74,72,86,112,121,129
Ilkap,384,290,412,452,554,396
Hes6,161,100,201,284,344,246
Per2,19,19,26,80,90,8
Traf3ip1,26,11,32,25,52,29
Asb1,47,26,59,58,85,49
Twist2,0,0,0,1,0,0
Hdac4,71,63,67,115,162,103
Gm26720,5,8,3,5,10,2
Ndufa10,552,394,647,656,862,802
Myeov2,1178,829,1241,1021,1773,1582
Otos,0,0,0,0,0,1
Gpc1,7,3,1,5,13,8
Dusp28,22,30,37,51,52,40
5033417F24Rik,1,4,7,1,7,2
Rnpepl1,371,270,387,525,607,726
9430060I03Rik,20,18,37,36,42,32
Capn10,43,24,40,52,56,69
Gpr35,23,50,44,43,42,126
Kif1a,19,16,28,39,147,25
Gm28086,0,0,0,1,0,0
Crocc2,0,1,0,2,3,0
Sned1,4,9,8,6,16,7
Mterf4,88,58,101,157,130,144
Gm28535,1,0,1,4,6,0
Pask,2,2,4,3,6,5
Ppp1r7,296,249,382,389,500,408
Ano7,28,14,19,38,50,20
Hdlbp,945,667,1198,1334,1566,1461
Sept2,987,674,1036,947,1474,900
Farp2,25,16,32,30,25,23
Stk25,245,182,253,325,308,372
Gm28536,0,0,0,1,0,0
Bok,3,2,2,6,6,2
Thap4,90,71,101,94,130,159
Atg4b,149,96,211,198,240,244
Dtymk,218,181,289,338,311,318
Ing5,150,89,174,189,254,174
D2hgdh,74,44,87,68,95,89
Neu4,4,5,10,14,52,6
Pdcd1,36,25,96,105,76,107
Fam174a,663,604,785,879,972,984
St8sia4,51,46,74,94,112,62
Slco4c1,0,0,0,0,1,0
Gm28901,0,0,0,0,4,0
D1Ertd622e,539,370,583,840,923,825
Ppip5k2,168,97,166,183,232,133
Gin1,56,55,79,92,118,112
Pam,2,3,5,6,22,3
Gm7967,0,2,2,0,0,0
Gm28187,0,0,2,0,1,0
Cdh20,2,3,4,7,16,1
Rnf152,0,1,3,0,1,0
Pign,118,108,128,170,231,139
2310035C23Rik,155,140,215,209,299,190
Tnfrsf11a,320,325,366,445,645,420
Gm7160,19,14,22,24,25,26
Zcchc2,185,128,197,248,324,230
Phlpp1,75,54,109,78,187,85
Bcl2,67,59,81,149,176,115
D630008O14Rik,0,0,1,0,0,0
Kdsr,219,169,244,256,361,229
Vps4b,579,356,593,720,939,755
Serpinb5,0,0,0,0,0,1
Serpinb12,1,0,1,3,3,4
Serpinb8,0,0,0,0,0,1
Cdh7,0,0,1,0,2,0
Cdh19,5,5,7,4,16,2
Dsel,23,9,27,45,34,20
Cntnap5a,0,0,0,1,0,0
Tsn,840,639,1059,1027,1257,1268
Nifk,189,122,199,315,402,286
Clasp1,140,93,138,168,221,146
2900060B14Rik,143,115,132,156,228,122
Tfcp2l1,1,0,0,1,0,1
Gli2,0,0,1,0,2,0
Gm29455,0,0,0,1,1,1
Inhbb,0,1,1,0,5,0
Ralb,890,606,1029,1160,1237,1173
Gm27184,1,2,1,0,4,1
Tmem185b,227,174,276,350,428,489
Epb41l5,14,7,19,18,19,12
Ptpn4,65,46,56,66,78,42
Tmem177,34,21,40,55,68,68
Sctr,0,2,2,1,0,3
Tmem37,1190,882,1402,1233,1601,1750
Dbi,1089,1075,1346,1299,2219,1521
3110009E18Rik,84,66,100,76,132,108
Steap3,5,6,8,19,19,19
C1ql2,1,0,0,3,9,2
Marco,0,0,0,1,0,1
Celrr,0,1,4,1,6,0
Insig2,368,233,395,384,538,460
Ccdc93,345,187,385,375,541,406
Htr5b,2,1,1,2,3,1
Ddx18,586,367,650,546,969,694
Dpp10,1,2,1,1,7,0
Actr3,2045,1484,2378,2719,2853,3136
Slc35f5,171,125,211,218,247,248
Lypd1,1,0,4,2,8,2
Nckap5,3,0,1,1,2,1
Mgat5,329,236,400,360,438,349
Tmem163,3,1,3,6,10,4
Acmsd,0,1,0,0,0,0
2900009J06Rik,0,1,0,0,1,0
Ccnt2,339,305,390,536,640,587
Map3k19,0,1,2,1,3,2
Rab3gap1,305,245,385,336,499,310
Zranb3,7,8,15,14,14,14
R3hdm1,278,293,402,422,577,407
Ubxn4,770,562,942,883,1148,1097
Lct,0,0,0,0,0,1
Mcm6,60,46,61,105,169,115
Dars,274,213,330,329,401,428
Cxcr4,14,21,12,11,17,13
Thsd7b,0,2,0,0,0,0
Gm15675,0,0,1,0,0,0
Cd55,0,1,0,0,4,0
Pfkfb2,15,14,24,14,28,21
Yod1,108,66,123,139,167,113
AA986860,2,1,5,6,5,1
Il19,0,1,0,0,0,0
Il10,0,8,0,1,0,0
Mapkapk2,997,991,1275,1383,1386,1712
Dyrk3,2,2,2,3,2,3
Eif2d,88,69,104,116,136,122
Rassf5,557,362,603,701,960,746
Ikbke,6,7,3,8,11,5
Gm28914,0,0,0,1,0,0
Gm28913,0,0,0,0,1,0
Srgap2,2986,1780,3432,3035,4612,2290
Fam72a,112,65,140,100,158,100
Ctse,7,5,4,5,9,4
Rab7b,23,27,33,20,15,21
Pm20d1,1,0,2,1,2,0
Slc41a1,121,92,133,184,198,111
Rab29,77,51,90,97,148,140
Nucks1,616,458,781,897,1076,803
Slc45a3,0,0,4,0,2,2
Elk4,293,195,300,318,440,302
Mfsd4,98,63,147,115,190,33
Gm26892,1,1,0,2,0,1
Cdk18,12,7,15,23,38,9
Lemd1,0,0,0,0,1,0
Klhdc8a,1,0,1,0,7,2
Nuak2,800,582,802,1180,1108,1428
F730311O21Rik,1,0,0,0,0,0
Tmcc2,28,15,39,31,75,23
Dstyk,113,91,167,159,200,135
Rbbp5,85,48,80,91,152,96
Tmem81,10,7,5,10,26,11
Cntn2,27,13,28,43,143,13
Nfasc,20,20,48,55,117,6
Lrrn2,2,1,7,2,14,1
Mdm4,416,351,489,556,659,455
Pik3c2b,38,29,46,39,86,20
Ppp1r15b,388,293,443,542,662,535
Plekha6,3,2,3,2,4,1
Gm19461,0,0,0,0,1,0
Ren1,1,0,0,0,0,0
Etnk2,2,0,2,3,3,1
Sox13,7,4,6,9,11,6
Snrpe,998,835,1249,1032,1454,1379
Gm26706,0,0,1,1,0,0
Zc3h11a,172,126,218,203,288,192
Gm38394,24,10,21,26,23,11
Lax1,0,0,0,0,1,0
Atp2b4,0,1,0,2,5,3
Gm15851,1,0,0,0,0,0
Prelp,2,5,6,3,14,5
Fmod,0,0,1,0,0,0
Btg2,21132,13728,24735,28036,36421,32455
Chil1,24,12,28,30,35,43
Mybph,16,7,7,26,22,7
Adora1,11,18,10,19,32,16
Myog,0,0,0,0,1,0
Ppfia4,1669,1165,1923,2814,2605,2782
Tmem183a,219,144,277,334,407,303
4933406M09Rik,0,0,0,0,1,0
Cyb5r1,269,224,303,343,418,471
Adipor1,915,733,1177,975,1314,1640
Platr1,3,5,7,0,1,3
Klhl12,55,35,58,74,72,80
Rabif,95,62,106,120,147,151
Kdm5b,180,131,268,275,294,258
Syt2,0,0,1,2,2,0
Ppp1r12b,47,41,54,62,82,41
Gm28892,1,0,0,2,0,0
Ube2t,8,7,9,9,14,15
Lgr6,0,1,0,0,2,0
Ptpn7,4,0,1,2,4,1
Arl8a,735,542,798,891,1149,1456
Gm15445,19,15,23,19,21,13
Gpr37l1,51,32,48,53,149,42
Gm26642,1,2,1,2,0,1
Rnpep,671,630,876,1206,1101,2028
Timm17a,392,300,446,580,598,517
Lmod1,0,0,0,1,0,0
Shisa4,29,18,33,43,116,20
Ipo9,152,91,162,176,232,183
Nav1,258,186,290,293,477,308
Gm4793,2,1,4,2,2,0
Gm38399,6,2,4,7,2,9
Csrp1,94,77,123,185,350,84
Phlda3,14,5,25,20,63,13
Tnni1,5,6,4,22,24,0
Lad1,2,0,0,1,3,0
Tnnt2,0,0,1,1,1,1
Tmem9,100,48,75,108,163,155
Cacna1s,104,100,125,102,144,147
Gm37759,4,3,7,2,7,3
Kif21b,570,373,648,910,1061,476
Mroh3,1,0,1,1,1,0
5730559C18Rik,3,0,1,0,6,1
Gm26781,1,0,0,0,0,0
Camsap2,137,73,159,185,213,151
Ddx59,40,39,68,74,88,54
Platr23,0,1,1,1,0,0
Zfp281,209,208,248,397,512,395
Gm19705,1,2,3,4,11,4
A430106G13Rik,10,3,13,14,24,14
Ptprc,1772,1393,2155,2408,2982,2917
Nek7,1059,697,1225,1460,1683,1256
Lhx9,1,0,0,0,1,0
2310009B15Rik,86,78,107,123,159,126
Dennd1b,186,171,193,235,325,211
Crb1,0,0,1,0,0,0
Zbtb41,62,57,82,92,131,77
Aspm,0,0,1,0,0,0
Gm4788,0,0,0,1,1,0
Cfhr2,2,3,1,3,3,3
Cfh,2779,2032,3128,3494,4202,3044
Kcnt2,1,0,1,1,4,0
Cdc73,231,191,278,269,359,284
B3galt2,3,1,8,7,13,4
Glrx2,282,221,333,335,434,375
Trove2,128,99,140,181,247,173
Uchl5,263,205,277,298,353,360
Rgs2,4228,2308,4901,5045,7119,4740
Rgs1,1392,1325,1090,1504,1920,954
Rgs18,0,0,1,0,0,0
Gm29514,0,0,1,2,1,0
Brinp3,3,0,0,4,3,1
Pla2g4a,304,327,350,737,730,673
Ptgs2,168,357,205,158,141,112
Ptgs2os2,3,3,1,4,0,0
BC003331,363,249,390,471,492,391
Tpr,901,758,1107,1353,1589,1342
Prg4,3,0,1,0,2,1
Hmcn1,0,0,0,0,3,0
Gm10138,366,231,474,302,542,496
Ivns1abp,3049,1923,3214,3312,4777,2586
Swt1,386,278,474,567,721,608
Trmt1l,274,142,299,342,413,468
Rnf2,646,463,735,768,811,729
Fam129a,152,132,197,237,349,360
2810414N06Rik,6,9,7,16,13,14
Edem3,64,53,61,86,107,57
1700025G04Rik,47,28,38,41,57,63
Tsen15,153,101,136,205,215,159
Rgl1,279,181,338,391,468,361
Arpc5,1654,1223,1983,2355,2494,2664
Ncf2,1849,1368,2287,2229,2913,3210
Smg7,162,112,197,177,290,158
Nmnat2,5,1,4,0,5,0
Lamc1,29,13,24,34,54,25
Shcbp1l,4,2,1,4,4,3
Dhx9,586,416,643,693,1142,615
Npl,596,730,818,852,893,1106
Rgs8,0,2,0,0,0,0
C230024C17Rik,0,0,0,1,0,0
Rgs16,1,1,4,4,5,0
Gm28513,1,0,2,3,2,0
Rnasel,168,140,120,207,285,162
Teddm2,6,4,2,0,4,4
Teddm1b,0,1,0,0,0,0
Glul,10873,6841,12583,6979,10712,15445
Gm29290,1,1,0,2,1,0
Gm29291,28,22,37,23,37,19
Gm28286,5,0,2,1,0,0
A830008E24Rik,218,122,261,242,217,168
Cacna1e,1,0,1,3,5,2
Gm9530,17,9,16,16,18,24
Ier5,15930,9658,19487,25133,25864,21796
Mr1,81,53,75,112,139,88
Stx6,388,283,436,462,575,474
BC034090,1,2,3,3,8,1
Xpr1,312,208,351,269,425,320
Gm5532,0,0,0,0,2,1
Acbd6,439,348,522,607,715,600
Qsox1,100,61,112,161,186,152
Cep350,236,181,290,321,381,295
Tor1aip1,1145,744,1185,1439,1951,1657
Tor1aip2,349,257,442,482,664,513
Fam163a,4,0,1,1,3,1
Axdnd1,0,0,0,0,0,1
Gm2000,127,149,191,135,235,192
Soat1,382,351,486,480,580,548
Gm10031,14,9,15,6,4,7
Abl2,221,179,212,236,432,199
Tor3a,268,222,375,507,542,639
Fam20b,94,80,112,142,166,118
Ralgps2,282,148,379,294,437,281
Angptl1,4,1,2,1,2,2
4930439D14Rik,1,0,0,0,2,0
Gm28694,1,0,0,0,0,0
Rasal2,91,88,117,141,166,131
BC026585,164,105,222,231,215,206
Sec16b,17,11,26,25,44,20
Brinp2,0,2,0,2,7,0
Astn1,6,5,8,3,12,4
Rfwd2,318,206,347,365,467,449
Tnr,21,12,23,36,67,16
Gm38039,0,0,0,1,0,0
4930523C07Rik,3,12,27,22,48,16
4930562F07Rik,1,0,0,0,1,0
Mrps14,661,553,789,852,995,932
Cacybp,667,502,832,725,771,1191
Rabgap1l,51,43,49,69,86,54
Gm37083,0,0,0,0,1,0
Rc3h1,336,210,371,353,498,338
Serpinc1,2,7,3,11,8,3
Zbtb37,137,83,133,173,229,133
Dars2,47,23,45,55,77,70
Gm37634,2,2,4,2,3,1
Cenpl,21,14,39,37,44,45
Klhl20,68,38,61,78,89,53
Ankrd45,2,1,1,0,4,0
Prdx6,384,352,460,621,688,583
Tnfsf18,1,0,2,4,2,1
Fasl,0,0,1,0,1,0
Suco,186,122,215,235,258,176
4930558K02Rik,0,0,2,0,2,0
Pigc,96,55,109,121,171,199
Dnm3,15,5,22,31,62,14
2810442N19Rik,5,5,5,1,4,4
Dnm3os,0,0,2,0,0,0
Mettl13,22,15,30,36,39,37
Vamp4,403,325,520,521,614,658
Myoc,0,1,1,0,0,1
Prrc2c,1048,814,1347,1516,1781,1323
Fmo1,2,2,1,2,2,3
Fmo2,0,0,2,0,2,0
Prrx1,2,1,4,2,6,1
Gm26523,0,1,0,0,0,1
Gorab,29,13,30,42,48,35
Mettl11b,0,1,0,0,0,0
Kifap3,192,144,234,230,300,271
Scyl3,83,52,111,111,185,122
BC055324,8,5,16,17,21,10
Mettl18,33,24,34,70,75,69
Sell,0,2,0,0,2,0
F5,1,0,3,0,0,0
Slc19a2,27,12,25,27,47,22
Ccdc181,35,30,66,45,62,77
Blzf1,68,35,68,81,112,130
Nme7,39,41,70,55,84,51
Atp1b1,10,18,30,20,35,10
Xcl1,0,0,2,0,3,0
Tbx19,3,2,1,2,1,1
Sft2d2,699,459,889,777,1023,714
Tiprl,663,413,744,771,833,759
Gpr161,0,3,2,2,4,2
Dcaf6,40,29,43,57,94,74
Mpc2,717,544,866,1008,996,1030
Adcy10,0,0,0,2,2,1
Mpzl1,8,6,11,15,43,4
Rcsd1,1131,728,1197,1087,1629,1228
Gm37073,0,0,0,1,0,0
Creg1,2515,2005,3679,3430,4285,3136
Cd247,2,2,0,1,2,0
Gm37469,0,0,0,0,1,0
Pou2f1,176,98,190,228,292,157
Dusp27,74,18,71,91,122,92
Gpa33,0,0,0,2,1,1
Mael,0,0,0,0,2,3
Ildr2,204,171,220,272,318,260
5330438I03Rik,1,0,0,0,0,0
Gm15853,34,24,42,81,35,35
Tada1,203,120,231,270,320,313
Gm15853-1,1,1,0,0,2,0
Pogk,158,122,168,248,331,147
Gm16701,0,1,0,0,1,0
Fam78b,5,1,2,4,6,5
Uck2,3,2,3,7,11,3
Tmco1,1395,1086,1648,1546,2082,2047
Aldh9a1,203,158,221,319,396,379
Mgst3,180,152,195,245,319,258
Lrrc52,0,0,3,1,0,1
Rxrg,28,13,45,32,22,29
Lmx1a,0,0,0,0,1,0
Pbx1,203,138,206,187,311,173
Nuf2,3,0,3,1,6,3
Rgs5,5,2,4,21,28,1
Rgs4,1,3,2,3,10,1
Ccdc190,0,4,3,1,4,3
Hsd17b7,12,10,23,22,45,23
3110045C21Rik,3,3,2,8,5,0
Ddr2,0,1,0,0,1,0
Uap1,342,288,423,409,499,503
Gm37748,2,1,2,1,1,1
Uhmk1,197,119,216,246,329,219
4930500M09Rik,0,1,0,0,2,0
Sh2d1b2,0,1,0,0,0,0
Sh2d1b1,15,19,17,46,27,28
Gm7694,108,51,92,74,149,74
Nos1ap,133,61,164,155,197,131
1700015E13Rik,1,0,1,1,0,0
Olfml2b,166,81,234,224,288,158
Atf6,253,242,267,305,405,283
Dusp12,271,198,313,355,400,304
Gm26620,14,2,12,26,20,9
Fcrlb,0,2,0,1,1,1
Fcrla,1,0,1,1,2,1
Fcgr2b,1640,1900,1916,1798,1851,4201
Gm10522,0,1,0,0,0,1
Fcgr4,82,257,108,197,122,942
Fcgr3,9262,9197,11262,9055,10247,21020
Cfap126,28,24,36,46,42,32
Sdhc,432,325,446,488,648,759
Mpz,0,0,3,1,0,0
Pcp4l1,15,7,12,5,27,5
Nr1i3,0,3,1,1,3,1
Tomm40l,88,67,85,121,134,142
Apoa2,0,1,0,4,2,3
Fcer1g,18161,17253,23679,20999,25107,31387
Ndufs2,891,649,1051,1219,1331,1234
Adamts4,7,4,8,7,13,1
B4galt3,409,347,390,703,762,677
Ppox,219,135,208,311,332,270
Usp21,201,145,241,250,377,317
Ufc1,611,518,728,873,940,902
Gm20045,82,47,68,120,179,139
Dedd,282,153,274,295,450,327
Nit1,403,247,466,519,632,432
Pfdn2,1019,822,1202,1226,1604,1261
Klhdc9,0,1,0,5,2,0
Pvrl4,111,76,144,181,216,261
Arhgap30,974,670,1060,1276,1693,1554
Usf1,390,216,440,702,632,579
Tstd1,12,14,10,14,18,12
Gm26641,6,5,10,10,14,1
F11r,3706,2509,4164,5109,5957,5538
B930036N10Rik,137,117,203,200,297,216
Alyref2,165,94,143,199,184,249
Cd244,4,60,14,45,20,260
Ly9,159,123,179,153,252,155
Slamf7,0,2,3,5,4,2
Gm37787,0,0,1,2,0,0
Cd48,894,860,1229,1373,1270,1484
Slamf1,69,45,101,126,150,68
Cd84,1503,1113,1997,1959,2551,2712
Gm10521,5,8,12,6,23,10
Gm37065,1,0,2,2,2,0
Slamf6,199,198,194,280,308,431
Vangl2,64,34,54,114,147,85
Nhlh1,0,0,0,1,1,0
Ncstn,359,292,489,539,635,707
Copa,668,504,784,815,1154,980
Gm37756,3,3,1,3,0,2
Pex19,145,93,175,198,236,230
Dcaf8,426,253,474,552,680,580
Pea15a,864,569,1063,1137,1609,1154
Casq1,0,0,0,1,4,0
Gm17224,0,0,2,0,0,0
Igsf8,399,296,520,627,732,781
Atp1a2,110,107,119,178,345,114
Kcnj9,22,16,37,24,23,26
Kcnj10,46,36,53,63,123,69
Pigm,96,71,98,143,154,109
Slamf9,381,203,629,566,756,849
Igsf9,25,18,25,43,54,30
Tagln2,1703,1440,1730,1777,2395,2667
Cfap45,47,34,42,32,63,17
Vsig8,0,0,2,0,0,0
Slamf8,87,46,150,141,143,138
Fcrl6,0,0,0,1,0,0
Dusp23,61,36,49,73,96,90
Ackr1,0,5,2,3,1,1
Cadm3,3,1,0,7,4,2
Aim2,612,330,638,989,1108,818
Gm4955,7,5,2,8,7,25
BC094916,0,4,0,0,0,0
Pydc4,8,3,9,5,8,9
Pyhin1,32,72,42,47,42,227
Pydc3,0,0,0,0,0,4
AI607873,15,92,15,50,52,255
Ifi204,81,244,79,172,109,806
Mndal,0,0,2,4,2,0
Mnda,0,22,11,8,9,24
Ifi203,1,0,1,1,2,0
Ifi205,0,2,0,0,0,0
Olfr433,1,0,0,0,0,0
Spta1,0,0,1,0,0,0
Fmn2,1,3,3,7,1,1
Rgs7,4,3,1,2,3,1
Fh1,196,137,219,261,327,246
Kmo,0,0,0,0,1,0
Opn3,19,10,15,11,22,11
Chml,53,38,68,68,69,58
Exo1,2,1,2,5,6,0
Pld5,0,0,2,0,1,0
Rbm8a2,14,4,15,8,23,6
Cep170,505,322,570,695,824,482
Gm36992,0,0,0,1,1,0
Sdccag8,198,111,212,248,291,275
Gm15423,0,0,0,0,1,0
Akt3,64,35,61,73,128,30
Gm26801,1,1,1,0,2,2
Zbtb18,580,372,661,689,801,561
Gm37306,18,14,29,21,27,24
Adss,194,158,255,323,300,337
Gm16432,2,3,5,5,13,4
Desi2,260,211,319,359,441,354
B230369F24Rik,11,15,31,32,25,20
Cox20,464,297,548,456,750,623
Gm16586,148,108,178,282,416,181
Hnrnpu,1406,1031,1586,1761,1902,2033
Efcab2,53,31,38,48,47,36
Kif26b,0,0,1,0,0,0
Smyd3,120,82,137,161,180,131
Tfb2m,55,35,63,72,103,67
Cnst,57,42,65,68,69,50
Sccpdh,102,77,132,118,225,117
Ahctf1,136,109,158,169,242,154
Cdc42bpa,98,63,101,98,172,64
Adck3,46,38,63,58,84,43
Psen2,128,96,176,184,252,254
Gm31728,2,0,0,1,1,0
Itpkb,411,384,516,390,653,468
6330403A02Rik,4,1,1,2,7,2
Parp1,336,211,389,534,663,531
Lin9,79,45,78,125,183,117
Mixl1,0,0,0,0,1,0
Acbd3,459,302,589,610,707,557
Gm37768,12,2,6,8,12,1
Gm38293,1,1,0,1,1,0
H3f3a,8788,7165,10291,11573,11583,10913
Gm17275,8,8,17,11,14,3
H3f3aos,5,0,5,6,7,8
Sde2,683,522,900,1079,1120,874
Pycr2,415,248,443,523,613,470
Lefty1,274,180,307,390,424,220
Tmem63a,612,366,636,635,910,593
2210411M09Rik,0,0,1,4,0,0
Ephx1,68,35,88,70,142,46
Nvl,121,96,154,151,225,149
Cnih4,702,587,909,742,974,900
Wdr26,1545,1075,1617,1659,2284,1330
A430110L20Rik,9,13,9,4,12,4
Cnih3,0,1,0,0,1,1
Ccdc121,0,0,1,1,3,0
Dnah14,0,0,0,1,4,3
Lbr,194,154,231,221,283,289
Enah,9,13,29,30,53,16
Srp9,1114,919,1329,1458,1779,1576
Degs1,419,288,492,576,732,682
1700047M11Rik,21,10,21,48,96,11
Fbxo28,165,86,195,196,236,187
Trp53bp2,239,152,246,344,383,199
Capn2,44,34,33,62,94,32
Gm37885,1,1,0,0,1,2
Susd4,1,0,1,2,8,4
Tlr5,24,5,25,29,34,21
Gm38079,12,7,18,19,18,15
Disp1,51,27,45,54,86,52
Brox,303,186,360,452,486,451
Aida,114,114,158,158,217,189
Mia3,439,351,503,528,773,610
Taf1a,32,21,32,35,46,35
Gm37986,0,1,0,4,3,0
Hhipl2,0,0,0,1,0,0
Gm33973,0,0,0,3,0,0
Dusp10,115,69,81,103,126,102
1700056E22Rik,4,0,9,5,5,3
Gm37800,2,7,0,9,2,5
Hlx,167,172,197,263,283,344
Gm34342,19,13,17,24,31,22
Marc1,1,0,1,0,1,0
Marc2,880,649,1086,1069,1305,1320
C130074G19Rik,1,0,1,1,6,1
Mark1,0,1,0,2,4,2
Rab3gap2,167,127,174,164,275,189
Gm34882,1,0,0,0,0,0
Iars2,122,87,150,161,243,193
Bpnt1,178,115,187,155,214,224
4930532G15Rik,6,12,13,14,17,12
Eprs,534,431,632,800,879,922
Gm2061,1,0,1,0,0,0
Slc30a10,1,0,3,2,4,1
Lyplal1,26,23,30,41,50,47
Tgfb2,5,3,6,5,9,3
Rrp15,127,123,164,219,239,217
A430105J06Rik,8,8,11,18,11,11
Spata17,0,0,0,0,2,0
Gpatch2,94,63,112,170,186,133
Gm38155,1,1,0,1,1,1
Esrrg,2,0,0,0,1,0
Kctd3,79,38,61,90,183,92
Kcnk2,1,2,0,8,7,4
A430027H14Rik,0,0,0,0,1,0
Cenpf,9,8,10,8,22,6
Ptpn14,11,3,4,5,3,4
Smyd2,29,25,39,38,48,37
Prox1,185,103,215,179,199,132
Gm28172,0,0,0,0,2,0
Prox1os,1,4,2,7,15,0
Rps6kc1,131,59,136,196,230,211
Angel2,331,225,417,462,579,484
Vash2,0,0,0,0,2,1
Mfsd7b,97,81,98,113,145,86
A230020J21Rik,1,0,0,0,0,0
Tatdn3,108,67,111,112,145,146
Nsl1,28,21,24,31,26,27
Batf3,423,302,474,585,578,572
Fam71a,87,62,94,85,100,83
Atf3,24985,17274,31079,33723,42370,27027
D730003I15Rik,78,104,100,125,132,93
Gm37168,18,11,19,28,36,15
Nenf,592,440,642,927,957,923
Tmem206,390,234,464,606,646,512
Ppp2r5a,375,270,420,391,531,444
Dtl,1,1,1,0,3,1
Ints7,40,40,55,70,86,57
Lpgat1,259,212,287,339,416,411
Gm38037,1,2,0,0,0,0
1700034H15Rik,1,0,0,6,3,3
Slc30a1,139,72,121,194,249,110
Rd3,1,0,1,1,1,0
Gm26670,23,12,20,24,30,31
Traf5,396,237,473,507,615,558
Gm26879,14,13,9,14,23,5
Rcor3,91,64,83,128,157,111
Gm10516,1,1,0,2,1,0
Kcnh1,0,0,3,0,0,1
Hhat,20,16,19,17,35,13
Sertad4,0,1,0,1,1,0
Gm15867,0,0,0,0,0,1
Syt14,0,1,0,0,1,0
Gm31406,0,0,0,0,1,0
Diexf,57,34,61,90,122,93
Irf6,0,0,0,2,2,1
A130010J15Rik,97,64,130,158,148,145
Traf3ip3,316,217,379,461,587,536
Gm15872,0,1,0,0,0,0
Lamb3,0,1,0,0,0,0
Hsd11b1,3,4,6,6,5,5
G0s2,16,2,6,21,35,10
Camk1g,0,0,3,0,1,0
Plxna2,0,0,3,1,5,1
Cd34,1005,671,1275,1875,1859,2397
Gm16897,0,1,1,0,0,0
Gm32250,4,1,3,3,7,0
Gm37027,0,1,0,1,1,2
Cd46,3,14,13,13,18,13
Cr1l,632,530,744,795,890,1092
Cr2,2,1,1,7,4,1
Fam171a1,14,7,13,14,49,10
Nmt2,135,91,147,201,256,201
Rpp38,86,60,95,153,193,134
Acbd7,0,0,0,2,1,1
Meig1,9,12,5,7,22,4
Dclre1c,219,190,238,236,313,268
Suv39h2,12,10,12,15,15,17
Gm13184,1,0,0,0,0,0
Hspa14,490,434,600,660,756,605
Cdnf,1,2,1,2,4,7
Fam107b,169,134,232,208,235,246
Frmd4a,1948,1222,2517,2287,3017,2536
Gm13179,2,1,5,1,3,0
Prpf18,176,119,218,235,295,238
Bend7,1,3,3,1,10,1
Sephs1,77,58,99,123,118,143
Phyh,265,244,287,334,417,459
Ucma,0,0,1,0,1,2
Mcm10,0,0,1,1,2,2
Optn,42,17,63,51,90,19
4930551O13Rik,10,5,11,10,11,0
Ccdc3,0,3,0,2,3,2
Camk1d,502,406,521,715,803,940
Cdc123,341,227,398,386,517,524
Nudt5,188,151,252,230,280,301
Gm13199,2,0,3,1,3,2
Sec61a2,90,54,111,141,169,155
Dhtkd1,9,5,12,8,19,5
Upf2,241,135,317,297,500,290
Proser2,1,5,5,4,4,2
Echdc3,5,0,1,7,2,1
Gm13383,5,7,9,6,8,5
Usp6nl,94,44,115,102,153,87
Gm13388,0,0,0,1,0,0
Gm13391,9,6,6,14,13,2
Celf2,2382,1678,2868,2772,3705,3293
Taf3,183,117,203,252,347,335
Atp5c1,1586,1251,1978,2157,2368,2371
Kin,363,229,406,557,617,492
Itih5,2,6,3,11,10,8
Sfmbt2,26,13,12,18,17,27
Prkcq,35,9,32,39,78,27
8030442B05Rik,36,12,32,24,48,4
Gm13293,1,1,3,4,7,1
Gm13291,1,1,0,0,0,0
Pfkfb3,824,700,1007,1236,1321,1076
Gm10851,1,2,0,1,0,1
Rbm17,386,281,476,477,690,575
Il15ra,85,75,61,89,152,141
Fbxo18,267,168,312,349,373,431
Ankrd16,93,59,124,167,183,114
Itga8,0,0,0,0,3,0
Fam188a,254,176,280,287,310,339
Pter,29,32,41,54,61,37
C1ql3,2,5,3,3,9,2
Rsu1,877,600,944,1019,1174,1237
Cubn,1,0,0,0,0,0
Trdmt1,22,14,32,35,48,36
Vim,64,65,157,102,178,126
St8sia6,91,80,92,124,141,69
Hacd1,81,46,44,91,90,106
Stam,122,72,101,132,200,122
Mrc1,9,10,23,16,17,12
Slc39a12,84,81,106,86,155,87
Cacnb2,76,47,75,65,112,52
Gm10848,27,24,31,19,56,5
Gm13269,17,11,18,16,21,4
Nsun6,132,75,126,170,230,148
Arl5b,371,232,444,411,529,308
Plxdc2,3366,1845,4085,4514,5292,4012
Nebl,3,4,3,2,12,7
A930004D18Rik,0,1,0,1,1,1
Skida1,2,2,1,1,1,0
Mllt10,245,162,288,395,484,516
Dnajc1,389,258,441,530,548,631
Commd3,856,669,1103,1085,1305,1247
Bmi1,310,196,344,289,393,494
Spag6,0,0,0,2,2,0
Pip4k2a,1311,884,1533,1526,1900,1492
4930426L09Rik,6,5,8,11,15,11
Armc3,319,126,315,292,288,240
4930447M23Rik,0,1,1,2,3,0
Msrb2,612,319,679,769,969,483
Otud1,575,244,548,698,735,432
Etl4,2,0,7,8,4,1
Arhgap21,57,45,68,69,120,55
Gm13375,2,1,2,4,1,0
Enkur,13,9,14,12,34,6
Thnsl1,35,26,38,58,58,42
Gpr158,0,0,2,0,2,0
Gad2,1,0,0,2,5,1
Apbb1ip,2151,1505,2540,4005,4804,3822
Pdss1,22,16,22,38,57,46
Abi1,817,546,839,888,1331,921
Acbd5,340,256,341,423,526,390
Mastl,6,2,8,12,26,9
Yme1l1,482,344,543,490,721,524
Spopl,118,98,164,200,231,154
Hnmt,341,268,466,379,378,516
Il1f9,0,2,0,0,0,0
Il1rn,14,46,45,20,7,50
Psd4,130,72,154,165,227,183
Pax8,0,1,0,0,1,0
Cacna1b,0,1,0,1,3,0
Ehmt1,216,146,255,300,373,281
Arrdc1,327,215,398,404,505,463
Zmynd19,38,16,47,67,84,67
Dph7,47,31,51,84,86,53
Mrpl41,364,283,435,534,644,530
Pnpla7,473,383,637,627,789,788
Nsmf,83,51,90,117,186,97
Entpd8,0,0,0,0,1,0
Gm13387,1,0,0,0,0,0
Nrarp,44,16,33,68,87,37
Gm38287,2,1,1,2,4,0
Tor4a,98,56,106,148,140,207
Nelfb,359,215,401,497,536,478
Fam166a,0,0,0,1,0,0
Tubb4b,685,383,845,958,1119,1207
Slc34a3,0,0,2,0,0,0
Rnf208,8,4,8,10,26,4
Ndor1,48,35,60,69,105,93
Tmem203,129,121,172,242,236,185
Tprn,49,29,61,74,130,81
Ssna1,321,259,395,466,639,512
Anapc2,299,221,373,379,521,460
Tmem210,0,1,0,1,1,0
Grin1,3,2,4,5,18,1
AA543186,3,2,7,4,5,3
Man1b1,164,104,168,160,234,258
Dpp7,230,193,294,397,405,306
Uap1l1,390,252,499,573,696,576
Sapcd2,3,1,5,2,4,2
Entpd2,3,1,7,8,5,3
Npdc1,14,8,11,18,42,4
Fut7,4,5,4,10,10,11
Abca2,87,78,109,141,302,108
BC029214,217,137,258,248,356,237
Clic3,0,0,0,0,2,0
Ptgds,274,358,438,1294,1672,1067
C8g,4,1,10,7,6,9
Fbxw5,158,136,196,241,267,303
Traf2,194,104,245,299,342,287
Edf1,1412,1070,1698,1855,1910,2129
Mamdc4,5,3,4,3,5,7
Phpt1,285,208,306,300,452,417
Gm996,40,25,53,52,72,45
Gm26702,1,0,1,0,3,0
Rabl6,288,208,320,430,550,533
Fcnaos,0,0,0,1,0,0
Ccdc183,0,0,0,1,0,0
Tmem141,503,342,553,709,732,560
Fcna,0,0,1,0,1,0
A230005M16Rik,15,5,9,13,20,10
Bmyc,1238,854,1515,1834,2302,1425
Kcnt1,3,4,2,6,12,4
Camsap1,271,166,299,314,481,280
Ubac1,221,137,225,219,350,281
Nacc2,201,158,235,301,340,382
C330006A16Rik,130,90,128,134,226,320
1810012K08Rik,1,0,1,1,0,0
Qsox2,42,22,45,58,57,61
Gpsm1,148,83,145,184,285,121
Dnlz,240,171,284,276,342,304
Card9,197,162,269,347,299,426
Snapc4,39,23,59,69,71,53
Gm13563,0,1,3,3,1,0
Sdccag3,334,248,419,434,442,606
Pmpca,192,157,242,248,370,295
Inpp5e,61,37,104,85,120,102
Sec16a,200,129,227,237,377,189
Notch1,351,307,416,511,605,454
Egfl7,8,7,16,17,65,5
Agpat2,316,196,329,363,485,386
Fam69b,34,9,33,37,47,12
Snhg7os,0,0,0,0,1,0
Surf6,88,41,99,80,144,111
Med22,253,195,310,475,551,381
Rpl7a,6614,5639,8601,10493,9975,10165
Surf1,291,219,306,373,421,461
Surf2,381,241,419,462,524,435
Surf4,637,561,793,801,1082,1139
Stkld1,0,0,0,0,2,2
Rexo4,250,140,314,326,393,347
Adamts13,0,0,3,0,0,2
Cacfd1,47,49,62,69,90,77
Slc2a6,16,36,25,31,35,79
Tmem8c,148,81,130,173,231,187
Adamtsl2,37,13,30,25,43,47
Fam163b,2,0,2,3,0,0
Sardh,20,14,33,40,51,27
Vav2,359,223,473,432,437,637
AA645442,1,0,0,1,1,0
Brd3,225,120,249,258,392,327
Wdr5,105,53,114,157,224,170
Rxra,169,138,223,187,259,305
Col5a1,2,1,4,1,4,0
Olfm1,19,21,25,32,58,27
Gm13373,0,0,0,0,1,0
Ppp1r26,11,8,13,12,22,17
1700007K13Rik,0,6,7,1,5,1
Mrps2,96,62,78,114,134,116
Gbgt1,3,2,6,5,8,1
Gm10134,0,0,2,0,0,0
Ralgds,73,44,74,110,150,77
Cel,1,0,0,0,0,1
Gm13381,0,0,0,0,1,1
Gtf3c5,34,13,38,46,66,49
Tsc1,91,54,115,105,172,132
1700026L06Rik,1,2,4,1,2,0
Ak8,0,0,1,0,2,0
Gtf3c4,102,59,112,131,213,99
Ddx31,114,68,122,214,239,182
Barhl1,0,0,0,0,1,0
Cfap77,0,0,0,1,1,0
Ttf1,156,95,180,213,275,222
Setx,136,88,177,152,260,160
Ntng2,0,1,4,1,1,1
Med27,121,66,122,111,163,153
Rapgef1,230,124,293,284,415,256
Gm13547,0,0,1,0,0,1
Trub2,67,41,79,120,151,100
Coq4,71,46,92,83,113,102
Slc27a4,116,81,119,113,154,190
Urm1,140,110,182,262,288,274
2600006K01Rik,2,2,2,4,3,1
Cercam,11,8,17,18,27,7
Odf2,162,119,189,189,338,221
Gle1,80,70,98,121,164,146
Sptan1,218,174,289,344,391,288
Wdr34,41,23,51,56,76,64
Set,1752,1362,1997,2247,2472,2527
Pkn3,7,4,6,11,13,9
Zdhhc12,74,70,88,138,198,163
Zer1,72,41,80,90,171,86
Tbc1d13,126,69,138,149,209,156
Endog,109,75,108,143,158,143
D2Wsu81e,110,73,111,158,174,147
Ccbl1,17,19,17,32,34,28
1700084E18Rik,9,1,9,16,15,14
Lrrc8a,503,385,537,530,695,939
Gm28035,9,5,6,3,14,9
Phyhd1,90,62,97,88,119,47
Dolk,156,116,178,166,218,218
Nup188,53,48,58,69,94,76
Sh3glb2,218,131,248,297,364,291
Fam73b,58,41,73,83,125,112
Dolpp1,114,88,135,199,218,211
Crat,339,206,419,424,532,531
Ppp2r4,540,344,575,729,814,931
Ier5l,35,35,38,67,54,48
Gm14487,0,0,0,0,0,1
Cstad,2,2,3,2,5,2
1700001O22Rik,2,2,0,1,5,2
Ntmt1,155,106,149,252,276,240
Asb6,109,65,122,191,217,174
Ptges,0,0,1,1,1,0
Tor1b,270,178,336,463,526,424
Tor1a,427,341,494,634,748,597
BC005624,521,395,669,640,719,738
Usp20,43,27,47,59,94,82
Fnbp1,444,336,519,639,902,547
Gpr107,303,257,363,428,524,528
Gm13405,0,1,0,0,1,0
Ncs1,64,25,58,74,91,75
Hmcn2,0,0,0,3,1,0
Ass1,4,3,19,2,12,10
Fubp3,274,202,307,336,379,248
Exosc2,64,38,72,72,168,95
Gm13427,0,0,1,1,0,0
Abl1,499,246,612,586,925,530
Qrfp,2,0,0,0,2,0
Fibcd1,3,3,0,0,4,0
Lamc3,0,0,0,0,0,1
Aif1l,1,3,3,7,19,2
Nup214,207,172,258,255,340,254
Fam78a,41,26,37,54,70,52
Plpp7,63,30,70,104,97,69
Prrc2b,242,152,298,286,419,297
Gm13610,0,1,0,1,2,0
Pomt1,57,53,73,77,100,116
Uck1,217,121,217,289,368,260
Swi5,913,683,1155,1128,1382,1365
Golga2,123,69,156,157,241,174
Dnm1,15,14,12,17,48,8
Ciz1,173,119,224,204,270,290
1110008P14Rik,65,62,59,83,93,165
Lcn2,0,45,1,3,4,5
Ptges2,94,59,146,137,158,169
Slc25a25,353,227,376,569,613,461
Naif1,33,19,45,62,67,39
Fam102a,79,46,86,70,121,89
Dpm2,338,274,433,513,617,621
Pip5kl1,1,0,0,0,1,0
St6galnac4,791,437,964,1127,1251,1112
St6galnac6,113,65,121,152,166,172
Ak1,235,121,315,335,376,317
Eng,533,247,635,559,838,677
Fpgs,90,51,117,135,148,143
Cdk9,782,540,961,1334,1458,1549
Sh2d3c,72,52,101,173,166,117
6330409D20Rik,0,0,0,0,1,0
Ttc16,0,2,0,3,6,1
Tor2a,501,412,593,725,761,749
Ptrh1,6,7,3,16,22,20
Cfap157,0,0,1,1,0,0
Stxbp1,144,84,152,128,180,141
Gm13524,1,0,1,2,0,0
Gm13523,2,3,5,4,6,5
Fam129b,66,31,52,101,143,70
Lrsam1,51,52,87,88,95,66
Rpl12,10166,9370,13170,17183,15020,14768
Slc2a8,246,188,311,430,444,480
Garnl3,375,252,473,464,497,354
Ralgps1,211,130,230,247,362,259
Gm13528,0,0,0,0,0,1
Angptl2,1,0,1,1,2,0
Zbtb34,75,59,86,151,154,142
Zbtb43,153,73,176,207,229,148
Lmx1b,0,0,0,1,1,0
9430024E24Rik,0,1,0,0,0,0
Mvb12b,412,266,533,525,677,606
Nron,0,0,0,1,0,0
Gm13404,2,0,1,2,5,0
Pbx3,140,100,163,199,242,206
Mapkap1,280,158,297,306,407,374
Gapvd1,560,398,679,772,886,828
Hspa5,8220,7337,10199,9727,9976,24156
Rabepk,119,96,121,164,185,167
Fbxw2,408,317,558,619,762,700
Psmd5,201,105,179,180,259,253
Phf19,0,1,0,1,3,1
Traf1,7,7,5,16,8,6
Hc,0,0,0,0,1,0
AI182371,1,0,1,0,0,1
Cntrl,271,221,299,385,508,430
Rab14,2965,1938,3528,3886,4489,4444
Gsn,71,48,69,123,190,87
Stom,48,20,43,40,38,44
Ggta1,411,271,504,476,561,572
Gm35202,0,0,0,1,0,0
Dab2ip,9,10,14,10,35,5
Ttll11,0,1,2,0,4,2
Ndufa8,841,598,1003,1090,1226,1123
Morn5,0,0,0,1,5,1
Rbm18,349,217,342,430,483,421
Mrrf,83,65,97,126,124,119
Gm13431,10,7,10,9,10,9
Ptgs1,3392,2096,3821,4786,6368,4801
Pdcl,209,143,262,293,318,357
Rc3h2,311,209,400,332,499,312
Zbtb6,66,34,60,71,108,55
Zbtb26,33,14,40,53,57,38
Rabgap1,191,148,258,260,355,255
Strbp,57,66,67,64,104,82
Gpr21,2,0,6,5,10,4
Crb2,0,0,2,1,3,1
Dennd1a,136,93,136,150,217,175
Gm13556,0,1,0,0,0,0
Lhx2,7,5,8,16,13,7
Gm13589,1,0,0,0,0,0
Nek6,533,321,666,791,887,604
Psmb7,655,520,792,853,1019,877
Nr5a1,1,0,0,0,0,0
Nr6a1,11,12,19,16,17,15
Nr6a1os,14,6,8,6,20,8
Olfml2a,1,0,0,3,2,0
Gm13496,2,0,1,1,3,1
Wdr38,0,0,2,1,1,1
Rpl35,9654,7438,11648,7568,14247,13479
Arpc5l,889,658,991,1511,1731,1218
Golga1,50,42,67,83,111,88
Scai,105,65,112,114,142,65
Ppp6c,433,319,531,498,619,603
Lrp1b,4,2,9,11,16,4
Kynu,4,4,4,4,3,3
Arhgap15,41,83,51,61,118,58
Arhgap15os,0,0,0,1,0,0
Gtdc1,131,80,157,158,269,154
Zeb2,2928,2201,3618,3454,4400,4388
Zeb2os,1151,815,1565,1653,1717,1640
Gm13479,49,39,52,64,72,34
Gm13481,0,0,0,0,1,0
Acvr2a,67,38,71,99,110,75
Orc4,262,220,318,367,411,347
Mbd5,80,56,88,100,150,76
Epc2,296,184,373,407,495,394
Kif5c,16,12,11,34,98,8
Lypd6b,1,0,0,0,1,0
Gm13480,0,1,0,0,0,0
Lypd6,31,14,30,36,27,35
Mmadhc,284,191,297,359,404,299
Rnd3,1,1,0,0,2,0
Rbm43,144,74,122,194,217,201
Nmi,303,211,288,342,434,414
Tnfaip6,21,10,32,27,62,10
Rif1,257,152,237,333,429,253
Neb,8,4,0,5,3,3
Arl5a,215,161,236,248,393,257
Cacnb4,4,2,10,20,21,4
Stam2,174,99,172,212,269,193
Fmnl2,95,68,135,109,170,104
Gm26603,1,1,0,5,1,0
Prpf40a,713,504,770,997,1227,1162
Arl6ip6,195,154,237,250,276,285
Rprm,4,1,0,5,8,2
Galnt13,4,0,0,0,5,1
Kcnj3,1,0,1,2,2,0
Nr4a2,19,24,20,18,19,22
Gpd2,45,44,28,61,88,40
Ermn,51,37,79,99,162,30
Cytip,12,17,24,24,35,22
Acvr1c,0,0,1,0,1,1
Acvr1,211,148,247,322,380,287
Gm17409,1,0,0,0,1,0
Upp2,88,68,82,123,96,130
Ccdc148,1,0,0,0,2,0
Pkp4,298,148,332,327,383,280
Dapl1,0,0,0,0,1,0
Tanc1,8,10,14,18,41,22
Wdsub1,127,60,132,137,177,170
Baz2b,332,216,372,477,628,575
Gm13572,0,2,0,1,0,0
Gm13620,13,7,16,9,21,13
March7,905,647,1044,1166,1428,918
Cd302,1172,983,1344,1541,1645,1480
Ly75,0,1,1,0,4,0
Pla2r1,0,2,0,0,1,0
Rbms1,302,217,253,336,415,478
Tank,234,178,263,290,410,351
Psmd14,382,260,462,497,648,642
Tbr1,0,0,3,2,5,0
Slc4a10,3,10,6,5,16,1
Gm13561,0,0,0,1,1,0
Fap,0,1,2,3,2,0
Ifih1,105,67,130,138,149,231
Gca,40,24,43,44,62,32
Kcnh7,0,0,0,1,2,0
Fign,3,2,1,6,2,2
Grb14,21,15,32,36,89,19
Cobll1,2,1,4,7,17,0
Gm13594,0,0,0,1,0,0
Slc38a11,0,0,0,0,0,1
Scn3a,0,0,5,2,3,1
Scn2a1,1,1,3,1,3,1
Csrnp3,0,0,1,1,4,1
Galnt3,56,42,57,85,101,62
Ttc21b,39,23,41,34,62,49
Scn1a,0,1,1,3,2,1
Scn7a,0,2,1,0,3,1
B3galt1,1,2,6,2,5,0
Stk39,8,7,12,6,14,2
Gm13596,1,0,0,0,0,0
Cers6,67,35,91,83,100,79
Nostrin,3,1,0,2,5,3
Spc25,15,5,6,5,10,11
Lrp2,0,1,0,0,2,0
Bbs5,40,15,45,56,62,49
Klhl41,0,0,0,0,1,0
Fastkd1,41,27,26,37,49,37
Ppig,897,663,1116,1267,1429,1275
Ccdc173,27,22,45,40,51,35
Phospho2,149,73,164,207,246,245
Klhl23,72,28,93,62,110,47
Ssb,1169,855,1458,1527,1929,1479
Mettl5,224,173,266,295,347,325
Mettl5os,7,7,13,18,17,12
Ubr3,235,129,216,273,372,216
Sp5,0,0,0,0,0,1
Erich2,0,1,0,0,1,2
Gad1,2,2,4,2,7,3
Gm26558,0,0,0,1,0,0
Gorasp2,276,207,317,312,401,528
Tlk1,189,149,210,312,338,247
Mettl8,60,49,74,79,91,102
Dcaf17,161,78,162,278,545,167
Cybrd1,1,0,1,2,0,3
Dync1i2,1279,853,1617,1534,2648,1581
Slc25a12,86,71,93,114,164,133
Hat1,193,167,218,308,338,333
Metap1d,155,91,137,202,244,185
Dlx1as,1,0,0,0,0,0
Dlx1,0,2,0,0,3,0
Dlx2,1,2,0,0,1,0
Itga6,947,844,1081,1550,1750,1400
Gm17250,0,0,0,0,0,2
Pdk1,276,157,336,423,535,257
Rapgef4,15,20,19,28,122,21
Zak,32,27,40,45,68,42
Cdca7,91,67,100,148,198,109
Sp3,416,306,485,551,641,509
Sp3os,117,93,154,166,199,173
Ola1,289,241,348,434,521,513
Sp9,0,1,0,3,2,0
Cir1,389,258,500,504,688,506
Scrn3,118,97,154,150,193,119
Gpr155,358,200,425,540,789,352
Gm13709,0,1,0,1,0,2
Gm13707,0,1,0,0,1,0
Wipf1,589,502,700,702,855,733
Gm13708,0,1,0,0,0,0
Chrna1os,1,1,3,1,2,3
Chn1,11,9,22,15,32,12
Atf2,332,205,319,334,425,339
Gm10822,0,0,0,1,1,1
Atp5g3,778,630,967,946,1277,1051
Lnp,137,114,135,203,276,201
Hoxd8,1,0,2,0,0,2
Hoxd4,2,0,2,0,1,1
Haglr,1,0,0,4,1,0
Mtx2,332,242,426,426,507,436
2600014E21Rik,1,0,2,3,0,0
Hnrnpa3,2471,1775,2712,2680,3343,3249
Nfe2l2,2565,2201,2991,2887,3491,4156
Gm13656,0,0,0,1,0,0
Agps,443,306,517,510,692,501
Ttc30b,13,11,11,18,29,23
Ttc30a2,6,2,10,8,12,2
Ttc30a1,19,13,22,38,41,39
Pde11a,1,0,0,0,1,0
Rbm45,30,26,36,39,46,26
Osbpl6,2,2,0,2,4,0
Prkra,283,185,348,325,363,342
Dfnb59,0,1,0,0,1,0
Fkbp7,221,129,245,171,279,220
Plekha3,134,96,159,164,192,160
Ttn,0,0,0,1,1,0
Ccdc141,2,1,3,1,21,0
Sestd1,0,3,1,2,11,1
Zfp385b,0,1,0,0,1,0
Cwc22,134,74,169,206,214,161
Ube2e3,753,514,822,969,942,1031
Itga4,2,7,4,5,6,9
Cerkl,1,0,0,0,0,0
Neurod1,0,1,0,2,2,0
Ssfa2,479,317,544,538,639,584
Pde1a,3,4,2,2,3,1
Dnajc10,130,98,155,172,251,171
Gm13752,0,0,0,0,1,0
Frzb,0,0,1,1,0,0
Nckap1,24,14,23,25,43,17
Dusp19,62,50,78,77,77,71
Nup35,129,77,144,157,191,159
Zfp804a,0,0,0,0,1,0
Zc3h15,618,398,751,758,921,829
Itgav,678,411,665,673,905,593
Fam171b,19,17,19,22,63,13
Calcrl,107,92,119,119,151,109
Tfpi,217,163,300,327,371,362
Gm13710,5,3,6,1,4,6
Ctnnd1,380,229,416,525,721,365
Btbd18,0,0,0,0,1,0
2700094K13Rik,226,203,291,381,426,420
Tmx2,271,158,296,341,415,437
Med19,250,149,290,308,341,345
Zdhhc5,222,158,271,255,359,256
Clp1,249,135,270,405,363,476
Ypel4,0,0,2,2,3,1
Gm19426,0,1,1,0,1,0
Serping1,1,0,0,0,3,0
Ube2l6,108,85,116,103,144,208
Timm10,170,176,229,275,365,282
Slc43a1,9,2,12,5,10,5
Slc43a3,6,4,8,27,20,8
P2rx3,0,0,0,0,0,1
Ssrp1,346,265,430,456,592,667
Tnks1bp1,47,30,40,47,71,36
Aplnr,1,0,0,1,2,2
Gm13713,5,1,10,2,10,10
Olfr1030,1,0,1,0,0,0
Olfr1033,1,0,1,1,0,0
Ptprj,491,445,501,697,834,599
4933423P22Rik,20,17,11,14,41,15
Nup160,50,44,62,69,83,60
Fnbp4,227,168,255,325,411,271
Agbl2,0,1,2,0,0,0
Mtch2,427,350,586,588,785,835
C1qtnf4,5,3,7,8,20,3
Ndufs3,703,574,856,873,1016,1115
Kbtbd4,39,24,52,72,82,95
Celf1,832,506,963,939,1362,878
Rapsn,363,209,411,372,416,290
Psmc3,941,647,1073,1113,1548,1424
Slc39a13,202,105,244,181,301,219
Spi1,4115,3033,4952,6037,6393,7312
Mybpc3,31,30,47,41,41,58
Madd,221,117,235,271,305,323
Nr1h3,4,3,6,3,16,10
Acp2,835,482,928,1135,1244,1421
Ddb2,58,37,65,75,84,54
A330069E16Rik,17,26,29,29,50,71
Gm17281,1,0,1,0,0,0
Pacsin3,12,16,15,17,36,9
Arfgap2,434,282,501,676,783,665
1110051M20Rik,60,39,60,65,100,60
Lrp4,39,16,46,32,49,37
Ckap5,191,132,233,236,318,218
F2,1,0,0,0,0,2
Zfp408,23,20,16,48,53,28
Arhgap1,218,139,248,260,336,248
Atg13,76,49,90,103,120,124
Harbi1,52,21,52,60,75,80
Ambra1,95,55,100,136,149,115
Mdk,31,26,27,30,48,41
Dgkz,324,250,387,654,760,756
Gm9821,4,0,4,3,5,1
Creb3l1,19,14,22,27,38,27
Phf21a,282,202,373,317,439,400
Gyltl1b,0,2,1,1,0,0
Pex16,151,98,179,240,246,223
1700029I15Rik,5,5,3,8,5,5
Mapk8ip1,26,20,42,81,176,37
Cry2,39,19,40,130,152,37
Slc35c1,66,53,54,127,114,110
Gm13814,3,0,3,3,0,7
Chst1,206,94,292,440,582,353
Syt13,0,1,1,0,3,1
Prdm11,73,42,88,83,106,84
Trp53i11,156,62,158,144,216,151
Tspan18,243,88,239,240,288,166
Gm13807,0,0,0,1,0,0
Cd82,832,538,944,950,1115,929
Gm10804,0,0,0,1,0,0
Ext2,240,163,309,370,431,446
Accs,165,75,192,251,339,206
Gm13889,241,150,241,290,381,135
Alkbh3,216,123,212,312,377,238
Hsd17b12,586,453,705,750,1037,928
E530001K10Rik,0,0,0,0,1,0
Ttc17,129,108,156,134,223,147
Api5,377,257,425,471,644,497
Lrrc4c,2,1,1,2,6,2
Gm10800,0,0,0,0,1,0
B230118H07Rik,195,140,256,216,311,250
Rag2,0,0,1,0,0,0
Traf6,95,49,90,143,161,88
Prr5l,33,28,34,53,85,67
Gm13905,1,0,0,0,0,0
Commd9,286,191,353,473,579,420
Ldlrad3,5,3,5,5,20,8
Trim44,333,244,368,372,511,365
Fjx1,9,9,8,10,21,6
Pamr1,0,0,2,2,6,2
Slc1a2,224,290,248,358,499,222
Cd44,19,27,24,5,24,17
Pdhx,105,65,124,143,171,153
Apip,207,153,221,235,250,293
Ehf,0,0,5,1,0,0
Cat,314,235,437,359,542,458
Abtb2,5,5,4,2,17,2
Nat10,44,30,54,40,77,83
Caprin1,698,475,883,822,1019,883
Lmo2,2452,1561,3095,3720,3858,2790
4931422A03Rik,1,0,3,0,1,1
Fbxo3,172,125,222,230,329,326
Gm10912,0,0,0,0,0,1
Cd59b,2,0,1,0,3,1
Cd59a,11,12,2,8,27,1
A930018P22Rik,0,1,0,0,0,0
D430041D05Rik,1,2,2,2,5,1
Hipk3,168,132,190,213,215,174
Cstf3,190,120,220,291,353,265
Tcp11l1,50,38,54,58,95,56
Depdc7,178,104,240,231,274,169
Qser1,133,72,148,160,216,115
Prrg4,1,0,2,0,0,1
Ccdc73,11,15,18,15,23,23
Eif3m,990,761,1242,1404,1378,1340
Rcn1,67,40,67,87,97,85
Pax6,1,5,4,4,7,1
Elp4,49,50,89,88,118,75
Immp1l,325,216,364,354,451,401
Dnajc24,433,332,512,499,608,458
Mpped2,0,3,4,5,7,1
Arl14ep,104,69,111,175,191,127
Kcna4,2,0,0,0,1,0
Mettl15,45,22,48,57,71,55
Kif18a,6,1,1,12,9,5
Bdnf,0,0,2,0,0,1
Lin7c,403,258,461,462,542,511
Lgr4,15,7,11,10,17,9
Ccdc34,161,151,198,250,334,291
Bbox1,2,1,4,3,7,2
Ano3,1,1,0,1,0,0
Lpcat4,3,1,3,2,11,3
Nop10,668,567,756,702,874,1075
Slc12a6,551,432,663,585,797,484
Emc4,350,270,414,418,487,655
Katnbl1,109,75,97,118,137,118
Emc7,1037,765,1295,1192,1505,1336
Aven,147,92,142,143,194,209
Ryr3,1,3,1,3,1,1
Fmn1,41,29,47,36,40,38
Gm13964,0,0,1,0,0,0
Scg5,8,15,21,14,29,8
Arhgap11a,90,59,104,130,168,114
Aqr,197,130,255,249,380,301
Zfp770,156,87,144,209,256,141
Dph6,136,62,102,130,181,180
BC052040,21,22,27,20,31,32
Meis2,3,4,4,3,11,2
2700033N17Rik,1,1,0,0,1,1
G630016G05Rik,1,0,0,0,0,0
D330050G23Rik,1,0,0,3,2,4
Gm29340,11,8,13,13,13,20
Spred1,540,360,577,714,984,577
Fam98b,132,106,151,135,254,172
Rasgrp1,3,8,2,1,9,3
Thbs1,47,38,62,62,53,51
Fsip1,0,0,1,1,0,0
Eif2ak4,86,55,107,130,183,117
Srp14,1335,1183,1525,1602,1776,1780
Bmf,177,144,229,230,319,264
Bub1b,7,5,2,5,8,5
Pak6,6,10,4,9,13,3
Ankrd63,1,0,0,2,1,0
Plcb2,203,117,230,234,298,286
Inafm2,124,97,146,160,219,142
A430105I19Rik,1,4,8,5,12,12
Disp2,4,0,1,1,6,2
Knstrn,7,10,9,16,16,31
Ivd,97,89,126,169,214,180
Bahd1,81,59,87,98,136,133
Chst14,51,23,66,78,111,110
Ccdc32,108,79,149,198,244,172
Rpusd2,5,1,5,11,10,8
Casc5,1,0,0,1,2,0
Rad51,0,0,1,5,6,1
Rmdn3,106,75,123,136,156,153
Gchfr,1,5,0,0,4,2
Dnajc17,108,63,104,153,150,157
Zfyve19,286,176,280,410,438,407
Ppp1r14d,0,2,1,1,2,2
Spint1,571,777,689,1271,917,2115
Rhov,0,0,1,0,0,2
Vps18,435,262,499,658,696,657
Dll4,1,1,0,1,2,0
Chac1,1,1,0,3,1,15
Ino80,105,107,147,212,251,168
Exd1,4,4,7,3,8,8
Chp1,177,153,223,240,315,356
1700020I14Rik,448,352,594,621,666,512
Oip5,1,0,1,1,1,2
Nusap1,3,1,0,0,0,1
Ndufaf1,68,44,82,91,93,126
Rtf1,559,374,634,713,1011,782
Itpka,5,5,8,8,10,4
Ltk,1,0,0,0,1,0
Rpap1,54,30,71,68,86,96
Tyro3,12,5,16,21,34,3
Mga,353,222,382,414,505,372
Mapkbp1,37,24,36,36,74,43
Jmjd7,32,25,40,67,63,71
Gm28042,1,0,0,0,0,0
Pla2g4b,0,0,1,0,0,0
Sptbn5,1,3,3,2,3,0
Ehd4,1060,880,1262,1816,1964,2070
Pla2g4e,1,0,0,0,0,0
Pla2g4f,1,2,0,0,1,1
Vps39,169,117,205,187,307,244
Tmem87a,91,66,126,108,194,98
Ganc,171,115,193,211,214,226
Capn3,666,458,858,822,825,1354
Zfp106,323,275,402,426,629,385
Gm26899,8,6,5,3,16,3
Snap23,608,529,676,703,759,963
Lrrc57,152,96,208,196,236,199
Haus2,71,47,88,123,187,122
Stard9,337,230,354,432,504,318
Cdan1,51,27,55,62,88,66
Ttbk2,57,30,76,68,139,70
Ubr1,149,106,155,187,261,144
Tmem62,34,22,30,41,51,50
Ccndbp1,309,232,354,376,449,434
Tgm7,0,0,1,0,0,0
Lcmt2,83,56,82,139,155,152
Adal,27,16,26,36,32,32
Zscan29,182,107,231,236,299,306
Tubgcp4,114,63,128,122,135,173
Trp53bp1,142,71,171,143,213,117
Map1a,15,16,29,23,57,12
Ppip5k1,74,48,95,88,114,84
Ckmt1,3,0,7,3,8,2
Strc,0,1,0,0,0,0
Catsper2,9,5,10,13,21,21
Pdia3,3111,2482,3838,4432,4124,6411
Ell3,0,0,0,0,1,0
Serinc4,3,2,2,3,9,0
Serf2,4793,4078,5651,5833,7425,7806
Hypk,550,396,619,533,910,790
Mfap1b,381,230,469,370,517,448
Mfap1a,298,168,339,304,351,405
Wdr76,36,18,39,62,88,48
Frmd5,8,5,11,13,26,4
Gm14019,0,0,0,0,1,0
Casc4,67,32,82,102,142,55
Mageb3,0,0,0,0,1,1
Ctdspl2,172,82,159,227,280,203
Eif3j1,1125,690,1204,1103,1665,1384
Spg11,105,58,120,150,190,96
Patl2,1,1,1,2,2,1
B2m,14671,11210,18554,15002,20803,17182
Trim69,0,0,1,1,1,2
Sord,209,138,267,337,378,278
Duox2,0,0,0,0,1,0
Duoxa1,37,7,44,27,24,31
Shf,56,27,61,67,95,56
Slc28a2,1,0,0,0,2,0
Gatm,1086,813,1509,1040,1506,1342
AA467197,1,1,4,0,0,1
Slc30a4,71,31,73,86,110,79
Bloc1s6os,16,12,25,12,30,20
Bloc1s6,87,60,93,143,161,156
Sqrdl,547,309,811,454,583,615
Sema6d,46,15,62,58,88,37
Slc24a5,145,108,145,173,153,75
Myef2,180,107,160,180,233,108
Ctxn2,1,2,0,1,7,2
Dut,42,32,52,69,78,65
Fbn1,0,0,0,2,2,1
Cep152,141,72,131,187,325,235
Shc4,5,7,1,8,10,4
Eid1,420,336,477,655,618,659
Secisbp2l,390,290,466,447,615,353
Cops2,331,194,334,397,509,476
Galk2,174,138,212,247,296,335
Fam227b,0,0,1,0,0,0
Fgf7,0,0,2,0,3,0
Dtwd1,60,27,73,124,128,81
Gm17555,0,0,1,0,0,1
Atp8b4,0,0,0,1,1,0
Slc27a2,0,0,0,0,1,0
Hdc,2,6,2,0,6,1
Gabpb1,342,203,377,407,403,294
Gm27003,10,11,16,18,22,22
Usp8,658,488,815,914,1119,835
Usp50,96,85,131,87,235,129
Trpm7,287,191,299,413,566,268
Sppl2a,988,654,1132,1198,1546,1018
Ap4e1,50,26,65,52,84,62
Blvra,313,256,414,499,486,551
Ncaph,123,45,127,132,132,122
Itpripl1,458,317,556,529,714,714
1810024B03Rik,41,34,44,36,96,45
Snrnp200,240,159,268,229,328,270
Ciao1,227,143,286,278,363,333
Tmem127,141,88,145,139,199,178
Stard7,138,102,184,206,280,221
Dusp2,854,595,1533,1737,936,664
Astl,0,0,1,1,0,1
Gpat2,2,2,2,15,14,1
Fahd2a,51,53,65,82,123,67
Kcnip3,108,54,150,190,236,119
Prom2,5,1,4,6,7,2
Zfp661,17,4,19,20,34,25
Mrps5,269,166,312,277,423,405
Mal,135,108,156,184,420,83
Mall,0,1,1,0,1,0
Nphp1,31,15,36,43,61,33
1500011K16Rik,424,321,494,465,714,507
Bub1,0,1,0,0,1,0
Acoxl,1,2,0,0,1,0
Bcl2l11,404,187,384,580,518,316
Anapc1,149,92,190,178,265,177
Mertk,2785,1911,3027,2419,4298,2894
Gm14011,5,8,15,5,6,0
Tmem87b,243,182,286,347,461,338
Fbln7,0,1,0,1,3,0
Zc3h8,114,72,132,195,248,147
4933427J07Rik,1,0,0,0,0,0
Gm10762,54,36,59,63,97,62
Zc3h6,80,45,69,126,187,72
Ttl,50,18,51,54,73,62
Polr1b,22,15,33,36,51,61
Chchd5,188,144,209,283,264,280
Slc20a1,102,73,99,142,193,135
Gm14024,0,0,1,0,0,0
Ckap2l,44,50,44,73,49,67
Il1a,11423,10379,14244,10398,10086,16453
Il1b,4105,7394,6474,5610,4040,10410
Il1bos,12,10,7,16,20,12
Sirpa,3786,2267,4447,5543,5997,5060
Pdyn,0,1,2,0,0,1
Stk35,58,59,67,93,89,82
Snrpb,1762,1265,2124,2340,2783,2362
Nop56,575,398,646,903,1151,919
Idh3b,413,310,500,554,718,687
Ebf4,0,8,3,3,8,1
Cpxm1,4,0,0,2,3,0
Pced1a,47,41,53,56,88,84
Vps16,139,82,129,172,262,184
Ptpra,713,513,804,1064,1276,1139
Mrps26,249,224,313,445,494,367
Oxt,0,0,1,1,2,0
Ubox5,17,6,10,29,42,23
Fastkd5,17,12,18,43,40,53
Lzts3,30,14,26,28,61,14
Ddrgk1,1175,859,1388,1487,1815,1780
Itpa,133,97,155,210,244,194
Slc4a11,0,2,1,0,2,0
4930402H24Rik,72,61,78,100,142,85
Atrn,83,64,95,124,157,97
Gfra4,1,2,3,3,8,1
Adam33,0,0,0,0,3,2
Siglec1,6,4,4,3,14,8
Hspa12b,0,1,0,1,4,1
1700037H04Rik,30,29,54,40,74,79
Spef1,6,10,11,14,19,7
Cenpb,323,243,433,666,721,604
Cdc25b,5,7,7,14,16,9
Ap5s1,78,56,93,182,150,239
Mavs,169,163,240,265,287,443
Pank2,245,184,293,296,394,346
Rnf24,85,45,64,76,128,68
Smox,853,521,926,905,1184,1217
Adra1d,0,0,1,0,0,0
Prnp,63,61,104,76,265,45
Rassf2,937,690,1025,777,1319,1043
Slc23a2,303,211,316,387,522,257
Tmem230,474,317,513,595,651,664
Pcna,635,415,666,790,1005,800
AV099323,10,7,11,12,8,9
Cds2,247,171,320,313,410,329
1700026D11Rik,0,0,0,0,1,0
Gpcpd1,689,448,710,527,1126,900
AU019990,3,0,2,0,8,2
1110034G24Rik,140,87,136,141,183,171
Chgb,3,3,3,6,10,1
Trmt6,188,113,213,268,328,238
Mcm8,7,7,5,8,9,6
Crls1,159,126,204,238,263,212
Lrrn4,3,2,0,2,0,2
Bmp2,1,0,2,3,7,0
Tmx4,1357,650,1370,1252,2087,719
Plcb1,6,4,3,3,14,7
Plcb4,10,11,13,19,18,14
Lamp5,0,1,1,1,0,0
Pak7,2,2,8,9,13,2
Ankef1,0,0,1,0,0,0
Snap25,30,16,43,21,50,18
Mkks,263,201,368,355,438,393
Slx4ip,63,46,84,100,102,93
Jag1,1,1,4,1,10,3
Btbd3,56,27,49,84,96,67
Sptlc3,0,1,1,0,0,0
Ism1,0,1,0,0,0,0
Tasp1,43,32,57,52,58,64
Esf1,305,200,315,412,550,375
Ndufaf5,34,24,41,31,48,39
Macrod2,10,7,14,18,14,17
Flrt3,2,0,3,6,7,3
Kif16b,54,43,61,73,84,70
Snrpb2,701,488,798,698,1022,975
Otor,0,0,0,0,1,0
Pcsk2os1,1,0,2,0,1,0
Pcsk2,4,2,4,4,3,1
Bfsp1,1,2,0,2,0,5
Dstn,1235,952,1544,1555,2114,1798
Rrbp1,4445,3043,4945,4705,7832,6798
Banf2os,0,0,0,0,2,0
Gm5535,0,0,0,0,1,0
4930444E06Rik,0,0,1,0,0,0
Snx5,3111,2350,3699,3674,3898,5716
Mgme1,221,141,291,301,348,276
Ovol2,0,0,0,0,1,0
Csrp2bp,79,52,100,92,135,148
Dzank1,6,3,8,9,14,7
Polr3f,131,89,157,129,218,168
Rbbp9,147,73,150,118,189,143
Sec23b,244,194,308,281,340,441
Gm561,290,212,343,258,478,347
Dtd1,133,108,195,148,218,153
Slc24a3,106,51,103,106,183,101
Gm14092,0,1,0,0,0,0
Rin2,1259,851,1283,1381,1698,1307
Naa20,518,403,569,736,869,646
Crnkl1,206,132,225,226,293,261
Cfap61,1,1,1,0,4,2
Insm1,2,1,0,1,3,0
Ralgapa2,45,34,45,55,93,53
Kiz,102,70,96,121,138,115
Xrn2,524,345,548,776,928,661
Nkx2-2,3,3,5,9,11,8
Nkx2-2os,1,0,1,0,1,0
6430503K07Rik,1,0,0,2,3,1
Pax1,0,1,0,0,0,0
Thbd,0,2,2,2,6,0
Cd93,1,1,1,2,3,0
Nxt1,125,80,166,235,243,210
Gzf1,47,39,70,68,107,55
Napb,15,8,18,22,27,23
Cst3,455951,239281,563259,409873,520156,447260
Syndig1,0,0,0,0,1,0
Zfp120,216,144,246,431,437,399
Gm14139,1,1,4,0,1,2
Zfp937,9,9,10,28,24,20
Gm21994,8,5,6,12,8,3
Gm14124,0,0,1,2,0,0
3300002I08Rik,4,2,5,4,15,5
Gm10130,1,0,0,0,0,0
Zfp442,22,16,34,34,37,71
Zfp345,3,1,3,4,2,12
Cst7,83,110,217,92,132,466
Apmap,128,79,174,178,250,223
Acss1,182,124,223,307,370,228
Vsx1,0,0,0,0,1,0
Entpd6,45,66,60,111,142,111
Pygb,103,74,113,129,167,151
Abhd12,4702,3284,5448,5925,7317,8068
Gins1,11,22,32,46,66,47
Ninl,31,17,33,48,93,44
Nanp,1,4,3,9,10,3
Gm14149,1,1,1,1,0,0
Nsfl1c,513,323,581,638,804,740
Gm14167,4,2,13,8,20,10
Fkbp1a,741,544,912,934,1251,1083
Sdcbp2,1,0,2,0,2,1
Snph,33,13,50,42,75,45
Tmem74b,0,0,1,2,0,0
Psmf1,101,72,125,142,183,182
Angpt4,0,0,2,1,1,0
Gm14154,4,3,7,4,6,0
Fam110a,446,211,490,547,579,620
Slc52a3,1,0,0,1,0,2
Srxn1,142,152,162,49,96,210
Tcf15,1,0,0,0,1,0
Csnk2a1,541,377,597,475,966,681
Tbc1d20,217,135,277,323,406,268
Rbck1,397,278,499,608,617,627
Trib3,4,5,4,7,11,16
Nrsn2,0,0,0,0,2,0
Sox12,11,10,20,13,34,6
Zcchc3,24,19,50,55,49,21
6820408C15Rik,0,1,0,1,3,1
Rem1,0,0,1,0,1,0
1700030C14Rik,0,0,0,0,0,1
H13,417,348,499,547,633,923
Mcts2,66,59,85,136,118,110
Gm26841,2,2,2,3,3,0
Id1,23,18,30,61,65,22
Cox4i2,0,1,2,2,5,1
Bcl2l1,334,222,520,436,622,454
Tpx2,2,2,1,8,3,6
Foxs1,0,0,0,1,0,0
Dusp15,13,12,16,20,62,4
Ttll9,0,0,1,0,1,1
Pdrg1,355,235,366,412,456,449
Ccm2l,0,0,1,3,12,2
Hck,1644,1254,1722,2059,2559,2716
Tm9sf4,329,240,347,432,590,385
Tspyl3,30,14,23,42,46,30
Plagl2,248,196,285,355,449,330
Pofut1,148,105,169,173,232,250
Kif3b,141,105,165,185,253,172
Asxl1,190,126,223,330,407,227
Nol4l,114,86,142,154,189,124
Commd7,580,371,762,826,1020,864
Dnmt3bos,0,0,1,0,0,0
Dnmt3b,22,15,18,37,35,30
Mapre1,1810,1126,2091,2216,2631,2302
Bpifa6,0,0,1,0,0,0
Bpifb5,0,0,0,0,1,0
Cdk5rap1,284,108,50,86,119,173
Snta1,901,574,1140,1100,962,1530
Cbfa2t2,77,45,90,103,121,116
Necab3,0,1,2,0,2,1
1700003F12Rik,77,70,84,116,163,68
Actl10,0,0,1,1,0,0
E2f1,5,14,7,28,24,17
Pxmp4,92,62,121,129,165,131
4930519P11Rik,0,0,0,2,1,1
Zfp341,10,10,19,16,31,27
Chmp4b,1392,1071,1536,1764,2011,2224
Raly,1025,718,1261,1307,1517,1639
Eif2s2,1738,1258,2174,2196,3480,2881
Ahcy,32,20,27,41,25,44
Itch,592,390,655,705,970,685
Dynlrb1,952,689,1081,1056,1378,1403
Map1lc3a,1149,837,1302,1412,1614,1406
Pigu,151,117,172,207,218,248
Trp53inp2,118,67,133,141,223,144
Ncoa6,126,81,136,214,254,182
Ggt7,0,0,5,10,13,1
Acss2,16,12,20,21,48,24
Gss,73,35,69,76,81,116
Myh7b,1,0,0,0,2,0
Trpc4ap,711,417,836,808,1134,1036
Edem2,1235,818,1586,1697,1871,1959
Procr,38,22,37,37,54,68
Mmp24,0,0,2,1,1,1
BC029722,182,104,185,207,265,259
Eif6,663,521,849,941,1063,1128
Gm16098,0,3,1,1,2,0
Uqcc1,102,90,135,124,153,145
Cep250,103,74,122,165,170,184
6430550D23Rik,3,2,5,4,5,12
Ergic3,1522,1096,1893,2098,2373,2190
Spag4,5,3,7,10,14,8
Cpne1,4,3,7,5,7,1
Gm28036,3,2,0,2,0,0
Rbm12,165,124,206,235,265,215
Nfs1,156,128,235,213,297,244
Romo1,853,615,956,673,1462,1168
Rbm39,3580,2264,3968,4071,5664,4835
Phf20,299,181,312,498,537,413
Scand1,1123,917,1348,1439,1631,1606
Cnbd2,22,22,24,26,34,22
Epb41l1,11,8,16,20,44,14
Aar2,85,45,108,158,174,151
Gm14168,2,3,1,6,6,2
Dlgap4,635,468,789,831,1100,953
Myl9,0,0,2,4,17,2
Gm14230,0,0,0,0,0,1
Tgif2,406,200,387,531,557,452
4930518I15Rik,26,13,27,20,47,23
1110008F13Rik,1017,873,1120,1621,1713,1853
Sla2,0,0,0,1,1,0
Ndrg3,226,151,252,236,333,409
Dsn1,22,22,26,34,27,29
Soga1,439,293,495,584,739,603
Samhd1,477,340,556,599,691,875
Rbl1,75,48,87,91,150,74
Mroh8,0,4,1,3,2,0
Rpn2,1740,1335,2144,2666,3077,3669
Ghrh,0,0,0,0,1,0
Manbal,275,188,320,382,442,447
Src,176,98,209,168,293,218
Gm14286,7,5,6,4,9,9
Blcap,125,73,154,192,188,166
Nnat,39,73,46,60,160,25
Platr27,3,2,5,13,3,1
Ctnnbl1,208,160,251,289,338,288
Vstm2l,0,3,0,0,6,1
Tti1,78,41,87,111,114,112
Rprd1b,178,102,181,193,253,214
Tgm2,598,286,491,586,735,633
D630003M21Rik,0,0,0,1,2,0
Lbp,6,3,12,1,10,1
Snhg11,30,48,40,62,141,12
Ralgapb,129,71,127,152,173,144
Adig,0,2,0,0,2,1
Slc32a1,0,0,0,0,1,0
Actr5,104,54,97,140,176,148
Ppp1r16b,25,17,24,47,118,17
Fam83d,0,2,1,5,7,1
Dhx35,38,24,43,51,86,51
Gm826,21,15,23,30,25,14
Mafb,11766,7756,17215,13631,18886,18120
Top1,2021,1327,2283,2341,2880,2932
Plcg1,203,88,212,184,276,165
Gm27206,1,0,0,1,0,0
Zhx3,40,37,59,36,93,40
Gm16751,4,3,3,11,4,4
Chd6,308,217,337,399,605,351
Ptprt,3,3,2,4,11,2
Srsf6,1028,721,1259,1371,1695,1326
L3mbtl1,0,0,0,1,0,0
Sgk2,3,0,2,3,4,0
Ift52,137,99,153,162,194,162
Mybl2,0,1,0,2,2,3
Gtsf1l,0,0,0,0,1,0
Tox2,4,2,2,0,5,3
Oser1,492,282,541,657,763,690
2900093K20Rik,41,28,41,34,74,29
Gdap1l1,6,5,8,9,13,6
Fitm2,25,14,32,25,31,36
2310001K24Rik,0,0,0,0,1,0
Ttpal,149,114,192,199,307,266
Serinc3,14666,10386,18261,13348,21306,17945
0610039K10Rik,11,10,11,15,24,13
Pkig,1277,920,1575,1497,1975,1818
Gm16316,0,0,0,2,2,1
Ada,21,21,19,41,42,47
Wisp2,1,0,0,0,0,0
Rims4,0,0,0,0,1,0
Ywhab,1443,1014,1643,1636,2243,2095
Pabpc1l,0,0,1,1,2,1
Tomm34,551,296,583,702,701,773
Stk4,361,255,426,486,615,495
Gm11455,1,0,0,0,0,0
Kcns1,0,0,0,0,1,0
A730032A03Rik,0,0,0,0,1,0
Slpi,0,8,0,0,3,1
Matn4,12,10,21,27,49,10
Rbpjl,2,0,1,1,4,0
Sdc4,712,943,1060,1133,658,1041
Sys1,569,446,736,815,920,970
Gm14302,3,2,4,5,7,7
Dbndd2,92,94,182,208,217,128
Pigt,281,270,371,469,525,674
Gm14317,0,1,0,0,0,0
Wfdc2,5,6,7,0,1,0
Wfdc3,1,1,1,2,0,0
Dnttip1,275,230,365,423,473,443
Gm11457,0,0,3,0,1,0
Ube2c,2,0,6,0,2,2
Snx21,39,30,30,48,66,53
Acot8,146,107,197,202,226,228
Zswim3,30,20,51,75,73,61
Zswim1,28,23,44,33,54,53
Spata25,0,0,1,2,1,0
Neurl2,92,52,88,143,154,95
Ctsa,4328,3019,4993,6013,6849,7445
Pltp,30,23,40,18,100,14
Pcif1,307,190,331,355,535,395
Zfp335,49,27,67,79,107,99
Zfp335os,5,3,6,5,7,11
Mmp9,0,0,0,0,2,0
Slc12a5,3,1,5,2,9,1
Ncoa5,94,62,127,133,163,158
Cd40,11,19,13,21,23,11
Cdh22,1,0,0,0,1,1
Slc35c2,644,482,736,839,945,1175
Elmo2,155,127,188,191,221,266
Zfp334,10,5,7,4,18,5
Ocstamp,0,0,1,0,1,1
Slc13a3,78,91,59,106,132,237
Trp53rka,114,77,116,177,232,187
Slc2a10,6,3,2,1,14,6
Zmynd8,376,294,496,509,682,528
Gm11465,0,0,0,0,1,0
Platr29,3,1,1,3,3,1
Gm11464,6,3,5,8,11,8
Ncoa3,667,438,754,925,900,792
Sulf2,34,21,48,41,107,31
5031425F14Rik,6,7,13,15,20,6
Prex1,884,593,1087,1134,1279,1150
Trp53rkb,26,26,30,71,70,46
Arfgef2,61,42,87,87,105,78
Cse1l,233,140,218,263,445,269
Gm17096,0,2,3,0,1,0
Stau1,361,254,406,459,536,493
Ddx27,221,182,307,311,377,342
Znfx1,257,189,317,417,446,547
Zfos1,611,406,708,849,1230,848
Kcnb1,7,0,5,15,19,4
Ptgis,0,0,0,0,2,1
B4galt5,92,85,99,119,117,111
Slc9a8,132,76,128,157,228,191
Spata2,189,124,195,351,319,294
Rnf114,411,264,416,489,598,720
Snai1,0,0,0,0,3,0
Ube2v1,35,31,52,52,77,87
Tmem189,360,287,434,479,571,598
Gm14320,1,0,1,1,2,0
Cebpb,13240,13308,13814,11366,13998,17182
A530013C23Rik,8,3,5,6,4,2
Gm14321,6,2,2,2,4,2
9230111E07Rik,13,10,16,12,12,23
1200007C13Rik,0,1,1,1,0,0
Ptpn1,2155,2320,2533,3041,3110,4502
Fam65c,0,1,1,0,2,0
Pard6b,1,0,1,2,1,1
Gm20716,1,0,0,1,0,0
Adnp,55,35,56,111,76,38
Dpm1,330,253,386,502,588,436
Mocs3,91,64,114,162,177,143
Kcng1,0,0,0,1,0,0
Nfatc2,216,140,258,315,321,315
Atp9a,15,11,33,34,66,18
Zfp64,100,86,119,158,214,206
1700017J07Rik,1,0,0,0,0,0
Gm14260,0,0,0,0,1,0
Gm9873,18,9,20,12,21,13
Tshz2,2,1,2,4,9,6
Zfp217,236,155,238,251,358,250
Gm17619,0,0,0,1,1,0
Bcas1,66,52,56,66,148,48
Bcas1os1,0,1,0,0,1,1
Pfdn4,266,198,359,295,435,355
Gm16796,0,0,0,0,1,0
Gm14264,0,0,0,1,0,0
Dok5,0,0,1,2,2,0
Cbln4,0,0,0,1,0,1
Mc3r,1,0,0,0,0,0
Gm14275,0,1,0,0,0,0
Fam210b,83,71,105,117,164,119
Aurka,2,3,5,4,12,5
Cstf1,83,77,138,128,166,162
Cass4,259,101,284,182,269,247
Rtfdc1,557,356,648,722,888,747
Fam209,1,0,2,1,3,4
Bmp7,2,0,5,4,2,3
Rae1,362,232,407,483,577,522
Rbm38,319,185,346,443,406,454
Gm14453,0,0,0,0,1,0
Ctcfl,0,0,1,0,0,1
Zbp1,9,28,18,31,21,177
Pmepa1,7551,3744,8176,8449,11572,7213
Pmepa1os,4,0,2,5,1,2
Rab22a,286,176,301,353,434,349
Vapb,428,273,507,570,638,731
Stx16,353,267,420,449,535,520
Npepl1,380,252,442,542,620,612
Gm10714,0,1,0,0,3,0
Nespas,1,0,0,0,1,1
Gnas,5916,3131,7714,8491,10384,5387
Gm20721,14,11,23,24,24,1
Nelfcd,147,99,161,246,323,212
Ctsz,13163,10262,16445,20968,20261,18915
Tubb1,1,0,0,0,0,0
Atp5e,2826,2345,3312,2601,4486,4246
Slmo2,330,241,373,433,500,519
Zfp831,0,0,0,0,1,0
Edn3,0,0,0,0,2,1
Gm14393,1,0,0,1,0,0
Gm14399,3,2,8,9,13,4
Gm14443,2,1,0,1,1,2
Gm14391,1,2,3,1,3,0
Gm4631,61,32,55,88,89,98
Gm4723,23,17,26,24,18,25
Gm4724,16,21,36,10,27,21
Gm8923,2,4,3,7,7,4
Gm14288,1,0,2,1,1,0
Gm6710,48,35,49,51,56,54
Gm8898,8,12,24,5,26,9
Gm2026,5,4,7,6,7,8
Gm11008,0,0,0,0,2,1
2210418O10Rik,0,0,0,1,0,0
Gm14435,0,1,3,1,2,1
Gm14434,0,1,1,1,0,0
Gm14308,2,0,2,3,1,5
Gm14306,1,0,0,2,2,2
Gm14305,96,83,135,107,116,126
Gm14295,41,26,56,51,58,60
Gm14296,25,22,19,27,40,34
Gm14419,10,6,14,8,14,13
Gm14401,0,0,0,1,0,1
Gm14410,10,12,8,5,19,14
Gm14412,2,0,0,0,2,2
Gm14418,19,11,22,11,28,17
Gm14420,6,6,8,9,11,7
Gm14403,14,19,15,20,24,23
Gm14322,14,8,20,8,21,6
Gm14325,16,14,21,14,20,22
Gm14327,35,27,23,9,38,37
C330013J21Rik,6,1,3,6,5,0
Gm14326,25,18,22,19,25,17
Etohi1,11,10,13,16,16,7
Gm26869,0,0,0,1,0,6
Zfp931,98,75,113,79,104,119
Phactr3,17,8,15,16,32,13
Sycp2,2,2,12,18,3,12
Ppp1r3d,70,65,75,138,155,159
Fam217b,266,220,220,420,514,436
Cdh26,0,0,0,0,0,1
Cdh4,2,0,1,2,7,0
Taf4a,126,101,166,179,199,172
Lsm14b,115,82,146,144,207,169
Psma7,1346,993,1642,1679,2152,2012
Ss18l1,19,8,25,40,58,30
Mtg2,183,123,198,211,238,223
Hrh3,1,0,0,0,0,0
Osbpl2,118,88,136,185,229,241
Adrm1,598,383,762,834,1057,1106
Lama5,1,0,1,4,7,1
Rps21,19868,15849,25243,17580,31127,27420
Cables2,66,51,105,116,151,129
B230312C02Rik,27,6,3,4,20,0
Slco4a1,191,93,173,214,349,277
Mrgbp,176,122,179,255,304,175
Ogfr,335,205,396,520,580,884
Col9a3,8,5,22,10,19,7
Tcfl5,0,0,0,0,0,1
Dido1,229,170,270,374,433,330
Gid8,174,123,219,257,330,368
Slc17a9,54,51,73,98,128,114
Gm27032,0,0,0,1,3,0
Ythdf1,297,202,332,441,511,548
Birc7,0,0,0,0,0,1
Nkain4,11,8,10,6,19,12
Arfgap1,201,114,241,260,381,330
Col20a1,2,0,1,2,4,3
Chrna4,2,1,0,2,5,0
Kcnq2,2,1,3,8,15,1
Eef1a2,8,15,24,13,37,14
Ppdpf,339,308,335,426,476,561
Srms,0,0,0,2,0,0
Helz2,6,8,8,14,18,21
Gmeb2,86,47,98,83,110,89
Stmn3,12,11,22,20,34,6
Rtel1,11,16,17,12,24,24
Arfrp1,392,239,455,537,640,497
Zgpat,155,107,205,230,264,230
Lime1,3,4,5,2,0,6
Zbtb46,6,8,8,14,18,8
Tpd52l2,538,420,595,729,797,728
Dnajc5,557,375,652,778,976,1081
Uckl1,231,155,246,355,409,296
Uckl1os,6,1,6,8,5,4
Zfp512b,47,34,52,78,109,42
Prpf6,244,183,250,272,453,262
Samd10,7,7,17,6,19,13
Sox18,0,0,0,2,3,0
Tcea2,27,10,41,28,55,46
Rgs19,692,476,775,1040,1027,1291
Oprl1,2,0,3,2,8,0
Myt1,2,3,5,3,8,0
Pcmtd2,230,139,243,241,299,276
Polr3k,156,131,182,196,256,219
Nudt11,0,1,3,1,4,0
Nudt10,1,1,4,4,5,1
Shroom4,0,2,0,0,1,0
Dgkk,0,0,0,0,1,0
Clcn5,130,103,134,184,308,171
Usp27x,17,5,9,23,25,19
Ppp1r3f,16,8,25,29,32,24
Ppp1r3fos,1,0,0,1,1,0
Ccdc22,368,260,434,535,557,574
Cacna1f,18,8,16,17,31,27
Syp,15,31,26,45,51,37
Gm14703,1,0,1,2,5,0
Prickle3,48,33,49,73,99,92
Plp2,5,4,6,7,8,4
Magix,1,0,0,0,0,1
Gpkow,129,73,132,115,189,136
Wdr45,87,62,140,119,163,144
Praf2,76,56,87,81,111,132
Ccdc120,2,0,1,2,2,1
Tfe3,1409,765,1598,1945,2464,2134
Gripap1,552,363,525,598,806,690
Kcnd1,177,73,161,202,207,185
Otud5,314,248,325,400,422,485
Pim2,56,80,76,41,70,126
Slc35a2,201,148,254,289,337,318
Pqbp1,428,261,437,459,621,584
Timm17b,379,275,434,475,507,494
Gm10490,0,0,2,1,0,0
Pcsk1n,41,76,70,127,325,75
Eras,0,0,0,1,0,0
Hdac6,38,31,33,61,95,64
Glod5,0,0,0,0,0,1
Suv39h1,48,28,49,64,129,72
Was,456,363,546,601,649,597
Wdr13,124,99,148,137,214,178
Rbm3,1238,1167,1660,2204,3221,2976
Rbm3os,1,1,5,4,2,2
Tbc1d25,18,20,24,33,57,38
Ebp,729,627,894,896,889,1188
Porcn,42,37,33,54,55,59
Ftsj1,64,38,71,71,107,113
Slc38a5,0,0,1,1,2,0
B630019K06Rik,5,4,5,6,6,2
Lancl3,0,0,1,0,0,1
Xk,13,11,25,20,16,5
1700012L04Rik,1,1,0,1,1,0
Cybb,46,83,98,36,57,96
Dynlt3,420,317,479,525,564,485
Srpx,0,0,0,0,2,0
Rpgr,19,17,36,31,45,30
Otc,1,0,3,4,2,1
Tspan7,766,556,775,938,1073,1221
Gm10489,1,2,5,5,4,2
Mid1ip1,1251,1022,1766,1826,1884,1942
Gm14493,2,1,0,0,0,0
Bcor,218,138,225,285,259,204
Atp6ap2,1944,1571,2433,2353,2833,2528
1810030O07Rik,190,132,205,215,279,264
Med14,84,58,91,120,140,85
Usp9x,769,477,847,782,1120,707
2010308F09Rik,1,0,0,0,0,0
Ddx3x,2442,1616,2659,2823,3819,3065
Nyx,0,0,0,1,0,0
Cask,400,192,512,391,552,316
Gpr34,11503,6745,13207,12789,15568,9258
Gpr82,4,2,4,3,8,0
Gm14505,0,0,0,2,2,0
Maoa,21,21,19,28,53,19
Maob,1,1,4,0,5,3
Ndp,3,0,4,2,12,0
Fundc1,319,264,352,401,484,597
Kdm6a,158,109,162,221,224,207
Chst7,461,346,561,678,750,567
Slc9a7,21,12,36,22,18,26
Rp2,664,439,756,802,885,769
Jade3,27,17,37,28,41,31
Ndufb11,989,833,1266,1294,1462,1504
Rbm10,111,96,163,182,200,254
Uba1,417,289,498,464,694,646
Cdk16,137,102,114,137,235,173
Usp11,75,31,69,66,114,74
Araf,279,174,319,290,453,390
Syn1,5,2,10,6,24,6
Timp1,0,0,0,2,2,0
Cfp,7,6,13,10,9,10
Elk1,39,14,25,27,51,27
Uxt,85,64,99,116,129,120
Zfp182,50,14,60,70,60,47
Zfp300,1,0,0,2,2,0
Gm6938,0,0,0,0,1,0
Slc6a14,0,0,0,0,1,0
Gm28268,1,0,0,0,0,0
Klhl13,18,16,17,28,23,23
Wdr44,296,193,355,414,495,409
Gm4907,0,0,0,2,0,0
Dock11,261,214,271,338,407,305
Il13ra1,419,346,584,545,684,600
Zcchc12,0,0,2,1,8,0
Lonrf3,72,47,97,99,175,73
Pgrmc1,585,421,684,643,713,621
Akap17b,14,10,13,15,19,29
Slc25a43,11,15,13,17,17,19
Slc25a5,4300,3078,5329,5817,6611,6568
2310010G23Rik,4,0,2,2,3,3
C330007P06Rik,274,188,294,360,342,273
Ube2a,689,492,870,930,1101,897
Nkrf,19,14,28,34,36,27
Sept6,69,39,57,58,94,78
Rpl39,19548,16795,24365,17124,27920,28849
Upf3b,307,221,274,397,548,398
Nkap,274,162,320,340,424,364
Akap14,0,1,0,0,3,0
Ndufa1,912,702,1067,739,1519,1106
Rnf113a1,11,6,12,17,23,10
Rhox5,0,16,4,0,0,48
Rhox8,0,0,0,1,0,0
Rhox7b,0,0,0,0,3,0
Zbtb33,104,69,128,150,168,95
Tmem255a,6,7,5,4,10,3
Atp1b4,5,4,6,9,10,3
Lamp2,3527,2567,4115,4104,5045,4551
Gm7598,2,1,3,6,6,3
Cul4b,74,40,76,93,126,87
Mcts1,563,485,634,783,776,845
C1galt1c1,219,201,267,331,367,523
6030498E09Rik,2,0,0,0,0,0
Gria3,4,4,8,9,17,2
Thoc2,557,464,733,773,1020,778
Xiap,668,427,745,731,1044,791
Stag2,557,387,689,535,829,598
Tenm1,0,0,0,1,2,0
Dcaf12l1,2,2,3,3,8,1
Prr32,2,4,5,1,0,0
Smarca1,2,1,1,0,6,1
Ocrl,67,42,92,81,117,93
Apln,4,3,2,5,10,1
Xpnpep2,0,0,1,0,0,0
Sash3,400,258,474,446,583,525
Zdhhc9,202,156,251,222,325,317
Utp14a,270,227,364,382,469,394
9530027J09Rik,1,1,0,5,2,1
Bcorl1,61,45,76,109,113,78
Elf4,255,173,246,302,383,321
Aifm1,149,101,205,180,277,210
Rab33a,4,1,0,5,11,3
Zfp280c,80,64,112,103,177,81
Slc25a14,57,33,56,54,93,77
Rbmx2,78,57,90,138,166,110
Enox2,64,42,60,77,114,95
Igsf1,0,0,1,0,4,0
Stk26,40,30,55,75,109,49
Frmd7,0,0,1,0,0,0
Rap2c,398,299,522,571,615,504
Hs6st2,0,2,0,0,0,0
Usp26,15,0,0,16,0,0
Gpc4,0,0,0,1,4,0
Gpc3,0,0,0,0,1,0
Ccdc160,0,0,0,1,0,0
Phf6,95,61,118,102,167,137
Hprt,1063,980,1330,1470,1757,1619
Gm28730,2,1,1,3,1,2
Fam122b,30,20,29,28,42,19
Mospd1,78,58,111,132,146,122
Cxx1c,2,0,0,0,2,0
Cxx1a,181,94,183,170,329,274
Cxx1b,68,53,103,77,150,144
4930502E18Rik,0,0,2,2,0,1
1700013H16Rik,2,0,0,1,0,0
Zfp36l3,1,0,1,1,1,1
Xlr,915,700,1126,983,1331,1118
3830403N18Rik,106,142,98,160,298,85
Zfp449,14,7,10,26,40,29
Smim10l2a,14,16,16,43,35,26
Ddx26b,562,393,643,828,1130,675
Gm648,0,0,1,0,0,0
Mmgt1,78,61,71,87,130,68
Slc9a6,50,42,54,65,97,81
Fhl1,9,6,6,6,26,6
Mtap7d3,7,11,4,17,8,2
Brs3,0,0,1,1,1,1
Htatsf1,155,126,166,187,240,271
Arhgef6,441,352,500,519,676,506
Rbmx,208,105,223,323,412,295
Zic3,0,1,1,0,2,0
4930550L24Rik,0,0,5,0,0,0
Fgf13,54,37,44,67,88,64
F9,42,21,46,45,57,53
Mcf2,0,0,1,0,1,0
Atp11c,104,80,103,119,146,124
Sox3,1,4,3,1,9,2
Cdr1,1,1,0,3,0,0
Slitrk4,0,0,1,0,1,0
Slitrk2,4,4,4,4,14,1
Fmr1os,0,0,0,0,0,2
Fmr1,280,175,312,366,428,311
Fmr1nb,16,7,17,0,79,38
Gm14698,142,136,207,239,278,314
Aff2,0,0,0,0,1,0
Ids,459,315,518,484,620,457
1110012L19Rik,116,80,109,135,145,173
BC023829,97,53,88,82,139,175
Mamld1,19,8,23,22,33,12
Mtm1,103,54,83,96,127,102
Mtmr1,56,45,102,116,133,81
Cd99l2,78,52,94,104,108,100
Hmgb3,3,4,4,6,7,3
Vma21,410,300,491,455,609,604
Gm1141,1,1,1,0,2,0
Prrg3,0,1,2,1,5,1
Fate1,0,0,0,0,1,1
Cnga2,3,0,0,3,8,0
Gabre,3,0,2,1,1,0
Gabra3,0,1,1,0,0,1
Gabrq,1,0,1,0,0,0
Cetn2,416,315,563,439,583,536
Nsdhl,85,50,81,68,97,108
Zfp185,0,2,1,1,0,0
Pnma3,0,0,2,0,2,0
Xlr4a,41,36,44,26,21,33
Xlr3a,0,4,3,0,3,1
Xlr3b,32,34,83,32,9,77
Xlr4b,50,59,100,60,59,110
F8a,73,43,68,104,130,116
Xlr4c,20,30,10,13,6,53
Zfp275,132,72,169,185,204,112
Zfp92,0,0,1,0,0,0
Haus7,117,67,113,128,152,128
Bgn,0,0,1,1,0,0
Atp2b3,1,1,1,0,0,0
Dusp9,3,3,3,2,9,2
Pnck,13,7,11,14,32,6
Slc6a8,32,13,44,42,94,43
Bcap31,1330,1007,1597,1556,1952,2057
Abcd1,318,238,369,402,619,495
Plxnb3,37,11,38,42,75,28
Srpk3,100,43,132,143,296,99
Idh3g,848,637,1056,1053,1239,1250
Ssr4,3089,2684,4089,4564,4946,5509
Pdzd4,10,4,5,13,13,8
L1cam,11,27,14,37,18,53
Arhgap4,302,172,317,362,509,511
Avpr2,7,2,5,8,4,2
Naa10,200,177,278,325,361,456
Renbp,488,421,658,685,803,756
Hcfc1,248,172,322,316,463,361
Irak1,557,456,642,848,1089,935
Mecp2,348,242,430,439,656,444
Flna,193,157,231,218,385,358
Emd,555,408,679,611,692,808
Rpl10,17264,15642,22345,27121,23131,25902
Dnase1l1,36,37,42,65,71,52
Taz,656,430,749,800,921,833
Atp6ap1,1323,986,1557,1643,1785,3008
Gdi1,329,254,398,421,644,474
Fam50a,496,412,635,574,738,744
Plxna3,15,9,17,13,42,12
Lage3,286,235,291,362,423,416
Ubl4a,269,217,305,336,419,446
Slc10a3,115,79,155,157,225,210
Fam3a,387,263,447,429,529,620
Ikbkg,112,82,128,136,160,151
G6pdx,169,151,209,244,264,326
Gab3,23,18,35,37,44,49
Dkc1,187,142,252,242,304,276
Mpp1,170,155,182,261,271,238
F8,2,1,1,4,4,2
Fundc2,261,211,306,383,454,411
Cmc4,94,71,82,107,113,116
Mtcp1,20,7,26,30,37,21
Brcc3,151,99,156,151,219,182
Vbp1,595,372,638,629,759,662
Rab39b,3,3,2,5,9,1
Gm15063,0,1,1,1,1,0
Pls3,97,60,99,94,154,108
Tbl1x,442,350,515,579,688,678
Prkx,364,233,408,441,598,400
Prrg1,11,4,6,9,20,3
Gm7173,0,0,1,0,3,0
Mageb16,0,1,0,0,1,1
Gm26775,0,0,0,1,0,0
Tmem47,23,26,25,25,44,10
Dmd,6,4,8,10,19,2
Tab3,45,31,51,38,80,46
Gk,29,25,41,45,67,37
Gm14764,0,0,3,2,1,0
Gm14762,3,2,3,8,10,0
5430427O19Rik,295,265,416,587,496,523
Il1rapl1,2,1,2,1,2,1
Arx,0,1,1,1,5,1
Pola1,15,15,25,22,26,20
Pcyt1b,3,0,7,1,2,1
Pdk3,66,65,81,98,126,162
Gm14798,1,0,0,0,0,0
Zfx,333,207,345,450,473,402
Eif2s3x,265,186,288,276,363,365
Klhl15,55,46,58,83,72,71
Apoo,57,47,69,72,103,98
Gm14827,0,1,0,1,3,0
Maged1,340,227,467,427,586,399
Gspt2,2,1,4,6,7,3
Zxdb,119,59,125,161,213,126
RP23-9K14.6,1,0,0,1,1,0
Gm26617,5,1,0,1,8,0
Spin4,0,1,1,0,1,0
Arhgef9,10,7,22,26,26,13
Amer1,48,24,38,50,90,42
Zc4h2,20,25,38,32,51,33
Zc3h12b,17,3,22,20,41,19
Las1l,157,115,193,151,259,249
Msn,2582,1930,2966,2960,3872,3930
F630028O10Rik,0,5,3,1,4,9
Heph,3,1,2,2,0,0
Gpr165,11,7,13,7,23,17
Eda2r,0,0,0,1,1,0
Ar,0,1,2,1,0,0
Ophn1,994,750,1236,1216,1592,1365
Yipf6,156,114,193,205,285,240
Stard8,182,143,162,270,357,187
Efnb1,278,121,228,238,408,246
Pja1,168,103,239,234,271,298
Tmem28,1,1,1,1,1,1
Eda,0,0,2,1,1,0
Awat2,0,0,0,0,4,1
Igbp1,470,423,580,671,650,791
Dgat2l6,0,0,0,1,0,0
Pdzd11,187,145,245,251,351,268
Kif4,0,0,0,1,0,0
Gdpd2,5,4,4,1,3,4
Gm14902,5,5,7,10,10,4
Dlg3,49,38,57,88,116,54
Tex11,7,0,8,6,6,1
Slc7a3,1,2,3,5,14,0
Snx12,240,184,268,262,345,302
Foxo4,51,34,59,46,80,50
Gm614,1,0,1,0,0,0
Il2rg,85,69,90,77,131,63
Med12,147,95,145,173,235,155
Nlgn3,11,3,6,7,13,7
Gjb1,11,6,19,13,33,7
Zmym3,161,87,197,219,310,156
Nono,747,575,852,951,1127,1079
Itgb1bp2,1,0,0,3,2,0
Taf1,171,129,169,183,272,164
Ogt,585,430,677,796,991,641
Cxcr3,10,5,5,8,11,7
Gm4779,0,3,1,35,10,13
8030474K03Rik,0,3,1,18,5,12
Nhsl2,71,61,98,79,87,118
Rgag4,9,2,9,7,10,8
Pin4,281,245,344,265,435,384
Ercc6l,4,3,3,9,3,7
Rps4x,15446,14248,19999,25554,20356,25129
Cited1,0,0,0,0,1,0
Hdac8,45,27,56,72,91,84
Phka1,39,27,36,34,72,33
Dmrtc1a,0,0,0,0,1,0
Nap1l2,1,0,1,0,2,1
Chic1,17,10,26,28,41,14
Tsx,0,0,0,0,1,0
Tsix,0,0,0,0,5,0
Xist,1,0,0,0,0,1
Jpx,50,28,42,51,60,38
Ftx,28,17,21,39,41,24
Slc16a2,4,0,4,1,10,0
Rlim,728,575,804,943,1442,1094
C77370,1,2,1,3,3,0
Abcb7,94,79,119,131,165,140
Uprt,9,4,6,11,20,6
Pbdc1,151,141,206,195,283,294
Magee1,31,18,32,39,45,30
5330434G04Rik,0,0,3,0,4,2
Atrx,824,622,905,1127,1275,1066
Magt1,703,577,797,878,859,1056
Cox7b,1135,970,1418,1169,1759,1769
Atp7a,241,171,295,270,313,258
Tlr13,376,283,430,351,613,602
Pgk1,256,161,338,251,235,259
Taf9b,30,24,42,34,46,28
Fndc3c1,0,0,0,0,1,0
Cysltr1,561,594,723,820,855,1200
Gm5127,0,0,1,1,0,0
Lpar4,0,1,1,0,4,0
P2ry10,0,0,0,1,2,0
A630033H20Rik,165,85,143,238,263,142
Itm2a,9,7,8,10,49,4
2610002M06Rik,113,56,107,140,149,99
Brwd3,122,59,99,121,163,105
Hmgn5,59,42,61,59,92,78
Sh3bgrl,88,55,78,133,175,98
Gm6377,0,2,4,0,5,0
Pou3f4,0,0,0,1,1,0
Rps6ka6,0,0,1,0,0,0
Hdx,2,0,1,1,0,0
Apool,128,94,146,146,186,211
Zfp711,0,0,0,1,0,0
Chm,176,125,208,195,225,171
Dach2,0,0,0,0,1,1
Klhl4,8,4,8,9,32,0
Pcdh11x,1,0,2,3,6,0
Nap1l3,1,2,0,6,4,0
Cldn34c1,17,11,17,26,31,18
Cldn34c3,0,1,0,0,0,0
Diaph2,496,379,536,670,780,595
Pcdh19,1,1,4,1,1,1
Tspan6,3,7,4,1,11,2
Sytl4,0,0,0,0,1,0
Cstf2,105,86,127,120,188,122
Nox1,1,0,1,3,3,0
Xkrx,1,1,1,2,4,0
Trmt2b,62,53,85,93,107,95
Tmem35,3,1,3,3,4,1
Cenpi,5,0,4,3,10,4
Drp2,0,2,1,1,5,2
Timm8a1,64,40,64,95,59,44
Btk,410,270,464,552,691,686
Rpl36a,6572,5582,8348,6830,8987,9940
Gla,71,68,78,111,115,92
Hnrnph2,644,443,684,703,883,965
Armcx4,1,0,2,0,7,0
Armcx1,3,1,9,2,12,2
Armcx6,49,19,57,51,79,24
Armcx3,360,247,413,430,544,398
Armcx2,94,69,132,147,214,86
Nxf2,0,0,2,2,1,0
Zmat1,122,75,119,130,147,97
Tceal6,3,0,4,1,4,2
Nxf7,1,0,0,0,0,0
Armcx5,67,41,91,116,148,94
Gprasp1,291,168,321,200,365,198
Bhlhb9,122,61,125,157,184,92
Gprasp2,159,59,185,123,215,95
Arxes2,7,3,4,4,17,3
Arxes1,3,2,1,3,4,0
Bex2,10,5,16,20,44,10
Bex4,2,1,3,1,6,0
Tceal8,357,209,397,493,493,459
Tceal5,0,1,6,3,2,1
Bex1,1,2,4,2,7,3
Wbp5,659,404,762,734,1043,487
Ngfrap1,202,115,215,181,329,120
Tceal3,7,2,9,10,20,2
Tceal1,186,78,219,205,202,161
Morf4l2,900,624,1072,958,1248,1330
Glra4,0,0,0,1,0,0
Plp1,1140,643,1435,1435,3817,348
Rab9b,0,2,1,0,1,0
Tmsb15l,81,64,85,57,111,103
Tmsb15b2,2,4,3,2,3,3
Tmsb15b1,55,67,60,43,78,93
Slc25a53,31,25,36,49,51,44
Zcchc18,8,8,9,11,18,9
Fam199x,109,65,131,165,150,111
Mum1l1,2,3,0,4,3,1
D330045A20Rik,13,5,7,9,24,7
Rnf128,144,68,134,151,189,153
Tbc1d8b,43,25,61,23,50,29
Gm15013,0,0,0,1,0,0
Cldn2,1,1,2,0,1,0
Morc4,0,0,0,4,3,0
Rbm41,25,19,32,30,47,26
Frmpd3,0,0,2,0,0,0
Prps1,108,98,117,120,157,165
Tsc22d3,4802,2746,5001,2669,5382,5041
Mid2,1,1,0,0,2,1
Vsig1,0,0,0,0,1,0
Psmd10,229,199,277,295,343,321
Atg4a,61,54,64,84,108,72
Col4a5,1,0,1,3,0,0
Gucy2f,2,2,3,3,1,0
Nxt2,359,273,440,437,546,584
Kcne1l,1,0,0,0,1,2
Acsl4,369,258,407,497,658,358
Tmem164,77,79,97,116,142,164
Ammecr1,51,34,51,66,66,42
Chrdl1,2,1,0,1,2,0
Pak3,0,1,7,2,9,2
Capn6,0,1,1,0,0,0
Dcx,1,1,5,5,7,0
Alg13,42,45,53,63,81,40
Zcchc16,0,0,0,0,0,2
Lhfpl1,0,0,0,1,1,0
Amot,2,3,2,1,5,1
Htr2c,3,1,5,0,0,0
Lrch2,1,1,4,4,11,2
Gm15097,1,0,0,0,0,0
Tmem29,117,78,121,121,146,112
Apex2,41,17,42,52,69,48
Alas2,0,2,41,0,2,0
Pfkfb1,4,2,1,4,7,2
Tro,3,3,2,3,8,0
Maged2,230,91,264,241,361,119
Gnl3l,88,73,119,92,131,82
Fgd1,6,2,3,8,8,4
Tsr2,89,41,78,80,139,92
Wnk3,13,9,13,8,16,12
A230072E10Rik,4,4,4,8,7,4
Fam120c,12,10,13,13,22,21
Phf8,124,83,149,142,196,153
Huwe1,521,374,602,603,774,493
Hsd17b10,392,290,461,577,565,419
Ribc1,10,8,17,32,32,21
Smc1a,412,371,538,649,754,655
Iqsec2,87,68,118,144,166,152
Kdm5c,183,117,197,200,258,226
Kantr,1,3,4,7,12,8
Tspyl2,124,73,127,133,201,184
Gpr173,1,0,2,2,6,1
Shroom2,2,4,10,8,27,4
Usp51,1,0,0,1,1,1
Mageh1,99,55,98,69,111,88
Foxr2,0,0,0,0,1,0
Rragb,0,1,1,1,0,0
Klf8,0,0,0,1,1,0
Ubqln2,332,189,393,360,421,374
Kctd12b,27,19,47,60,43,50
RP23-106P7.5,0,0,1,0,2,0
2210013O21Rik,158,129,189,206,228,263
Spin2c,2,1,1,1,2,0
Magea2,2,0,0,0,0,0
Cldn34b2,2,0,1,2,3,2
Sat1,8908,6230,10415,9566,12203,10830
Acot9,186,123,215,195,270,234
Prdx4,412,326,501,684,753,539
Ptchd1,21,3,19,47,43,13
Gm15155,0,0,0,0,0,1
Phex,0,1,1,1,1,0
Sms,259,192,291,302,471,280
Mbtps2,149,108,168,156,287,194
Gm15169,0,0,0,1,0,0
Klhl34,0,0,0,0,0,1
Cnksr2,2,1,5,5,13,1
Rps6ka3,251,222,316,309,376,317
Eif1ax,338,265,367,467,535,408
Map7d2,3,3,7,4,14,5
A830080D01Rik,95,51,106,153,150,112
Sh3kbp1,528,436,595,712,828,768
Map3k15,11,6,9,11,13,10
Pdha1,243,181,279,373,456,338
Adgrg2,0,0,0,0,5,0
Gm15241,0,0,0,1,0,0
Phka2,81,55,104,160,198,146
Rs1,1,0,0,1,0,0
Cdkl5,7,7,8,6,13,4
Gja6,0,0,0,1,1,0
Scml2,0,0,0,1,1,0
Rai2,0,0,1,0,1,0
Nhs,57,10,37,58,54,11
Reps2,1,2,3,2,10,0
Rbbp7,482,342,505,614,733,588
Txlng,152,105,163,175,223,195
Syap1,217,167,226,247,259,208
Ctps2,255,168,269,317,353,350
S100g,0,1,1,1,1,0
Grpr,0,0,0,0,0,1
Rnf138rt1,0,0,1,1,0,0
Ap1s2,443,374,473,468,571,693
Zrsr2,448,339,505,569,784,636
Car5b,6,3,1,6,1,2
Siah1b,21,10,26,33,26,32
Tmem27,1,1,1,0,0,1
Ace2,0,0,1,0,0,0
Pir,2,1,2,2,3,2
Figf,1,1,0,0,5,1
Piga,52,40,49,64,79,82
Asb11,0,0,1,0,0,0
Mospd2,201,171,241,294,287,251
Fancb,8,10,21,19,29,23
Gemin8,41,18,46,47,68,60
Gpm6b,154,138,165,262,404,155
Ofd1,75,64,97,119,142,95
Trappc2,144,110,194,206,253,234
Rab9,278,231,336,458,492,344
Tceanc,49,15,48,62,60,40
Egfl6,1,0,0,0,0,0
Gm1720,1,0,0,0,0,0
Gm8817,5,2,7,5,6,5
Gm15232,23,20,43,22,39,37
Gm15228,1,2,0,0,0,0
Tmsb4x,141090,116965,168904,162911,187036,180904
Tlr8,1,0,0,0,0,1
Tlr7,843,826,923,685,1220,1104
Prps2,261,200,276,254,337,344
Frmpd4,2,3,3,0,1,2
Msl3,192,135,207,204,293,254
Arhgap6,6,0,0,0,3,3
Gm15261,1,4,0,6,3,2
Hccs,187,102,235,252,325,263
Mid1,84,75,164,442,350,199
Gm15726,4,1,4,31,11,10
Gm15247,2,1,3,1,2,1
Gm21887,6,14,9,20,11,41
2700069I18Rik,0,0,0,0,0,1
Zfhx4,0,4,3,2,9,3
Pex2,582,415,696,758,854,794
Gm8797,189,166,246,221,277,204
Pkia,3,5,3,5,13,0
Zc2hc1a,20,23,27,39,53,46
Stmn2,4,10,10,6,25,9
Hey1,2,2,3,2,6,1
Mrps28,232,175,286,328,361,321
Tpd52,1003,1110,1132,1640,1521,1812
Zbtb10,80,69,81,102,106,52
C030034L19Rik,5,14,2,6,13,4
Zfp704,78,68,96,98,113,79
Pag1,1694,1262,1881,1650,2739,1580
Gm16337,19,14,25,15,19,1
Fabp5,87,116,197,118,145,154
Gm38335,0,0,3,0,2,1
Gm9833,3,1,5,6,4,1
Fabp4,0,0,0,0,1,0
Impa1,340,283,447,395,454,489
Zfand1,159,87,164,211,204,154
Snx16,105,71,149,153,167,152
Gm2464,0,1,1,0,1,0
Gm38112,1,0,0,0,2,0
Ralyl,0,2,2,5,2,0
Lrrcc1,157,110,179,241,326,196
E2f5,92,69,91,107,129,126
1810022K09Rik,472,341,557,440,831,553
Car13,3,2,3,2,5,5
Car3,0,0,0,0,1,0
Car2,180,88,242,238,609,55
A930001A20Rik,1,0,0,0,2,0
Gm5150,0,0,0,0,1,0
Ythdf3,450,303,532,594,751,543
Mir124-2hg,3,3,4,5,8,3
Bhlhe22,1,0,0,2,6,1
Cyp7b1,0,0,2,2,4,3
Armc1,366,247,455,466,603,499
Mtfr1,50,40,90,68,90,85
Pde7a,31,36,39,59,94,69
Gm16093,0,0,0,0,1,0
1700064H15Rik,0,0,1,0,2,1
4632415L05Rik,32,32,56,88,90,55
Cp,10,47,5,8,18,6
Hps3,407,299,417,565,782,517
Hltf,375,305,482,475,589,437
Gyg,197,162,198,252,273,285
Agtr1b,0,0,0,0,1,0
Gm43672,38,17,41,57,35,36
Tbl1xr1,465,310,496,545,667,540
Naaladl2,0,0,2,0,2,0
Nlgn1,1,1,4,7,6,5
Ect2,2,1,8,10,7,2
1700125G22Rik,2,0,3,1,2,0
Nceh1,99,64,109,167,159,124
Tnfsf10,18,18,15,24,33,24
Ghsr,0,0,0,0,1,0
Fndc3b,225,237,243,360,396,340
Tmem212,2,21,3,6,35,3
Pld1,428,247,481,491,707,456
Tnik,7,2,8,4,33,9
Slc2a2,0,1,0,0,0,0
1700112D23Rik,3,1,2,1,3,3
Eif5a2,36,28,43,42,63,34
Gm32950,0,0,0,0,1,0
Rpl22l1,2534,2009,3251,3524,4650,3694
Egfem1,0,0,0,0,1,0
Mecom,0,0,0,0,5,0
Actrt3,0,0,1,0,0,0
Mynn,125,91,174,213,233,214
Lrrc34,1,0,3,3,3,1
Lrrc31,0,0,0,0,1,0
4933429H19Rik,1,0,4,9,3,8
Sec62,2052,1508,2348,1957,3211,2859
Gpr160,140,137,151,311,314,348
Phc3,252,211,299,292,406,245
Prkci,73,46,90,58,100,50
Skil,4138,3088,4517,5198,5561,4388
Cldn11,124,76,145,186,451,69
Slc7a14,0,5,6,5,11,5
Gm38025,4,5,5,10,11,4
Zmat3,46,45,54,61,69,61
Pik3ca,316,187,328,306,470,363
Zfp639,214,118,248,317,439,346
Mfn1,106,79,109,110,190,156
Gnb4,4,1,0,9,15,4
Actl6a,263,196,338,377,465,405
Mrpl47,71,45,89,93,113,94
Ndufb5,955,754,1125,1298,1297,1257
Usp13,2,0,1,0,3,0
Pex5l,13,13,44,58,129,19
Gm43666,0,0,1,1,0,1
Ttc14,561,418,695,755,953,861
Ccdc39,4,5,8,3,15,3
Gm43140,0,1,1,0,2,0
Gm43077,0,1,1,0,1,0
Fxr1,639,431,835,731,1078,1042
Dnajc19,442,352,529,536,687,554
Gm20515,1,0,0,3,2,0
Gm42695,1,0,0,0,1,0
Sox2,7,14,14,23,33,12
Atp11b,176,140,193,229,316,224
Dcun1d1,286,191,358,354,440,416
Gm15952,10,5,5,11,16,9
Mccc1,51,46,85,79,112,115
Mccc1os,0,1,2,1,0,0
Acad9,80,48,84,116,132,119
D3Ertd254e,44,25,52,65,71,75
Anxa5,445,349,515,583,713,522
1810062G17Rik,1,3,1,2,1,0
Gm11549,2,1,0,0,0,1
Exosc9,146,110,170,204,201,234
Ccna2,1,1,0,1,5,1
Bbs7,56,32,73,58,101,53
Trpc3,0,1,0,0,2,0
4932438A13Rik,248,170,284,241,329,211
Il2,29,24,35,47,34,18
Cetn4,24,17,36,37,52,50
Bbs12,16,9,17,29,25,22
Fgf2,9,7,8,20,28,6
Nudt6,84,40,102,168,158,96
Spata5,81,54,103,163,144,126
Spry1,555,415,613,636,827,678
Gm5148,0,1,0,2,5,0
Gm43821,11,3,14,7,12,7
Gm43536,0,0,0,0,2,0
Ankrd50,74,45,69,100,103,85
Fat4,0,0,0,0,1,1
Intu,22,13,32,38,42,19
Slc25a31,0,8,18,0,0,1
Hspa4l,36,59,64,35,70,111
Plk4,49,24,71,59,138,35
Mfsd8,48,22,55,56,90,90
Abhd18,29,20,36,40,82,54
Larp1b,38,35,48,56,53,79
Pgrmc2,178,120,191,247,297,222
Jade1,202,121,228,239,310,217
Sclt1,85,61,95,128,172,133
D3Ertd751e,48,34,67,70,92,54
Pcdh10,5,6,15,18,19,7
Pcdh18,0,0,0,0,0,1
Slc7a11,131,279,159,57,88,322
Noct,41,26,39,37,40,37
Elf2,345,246,425,660,674,523
Gm5103,0,0,0,1,0,0
Mgarp,2,0,0,1,0,0
Ndufc1,667,580,796,602,1084,999
Naa15,383,296,476,635,787,639
Rab33b,125,81,123,179,263,153
Setd7,133,72,117,153,210,83
Mgst2,1,9,5,1,5,3
Maml3,440,237,552,565,793,374
Gm37229,0,0,2,4,5,0
Gm20089,2,2,4,4,2,1
Gm37170,19,11,17,16,28,19
Foxo1,145,91,182,257,266,211
Gm20402,1,0,0,0,0,0
Cog6,107,79,134,87,153,123
Gm42901,0,0,1,0,0,0
Lhfp,4,5,2,2,5,0
Nhlrc3,303,199,369,464,606,405
Proser1,128,110,179,247,326,186
Stoml3,0,2,1,0,5,0
Frem2,1,0,0,0,0,1
Ufm1,440,308,465,487,631,624
Trpc4,0,0,0,1,0,0
Postn,20,6,28,14,16,87
Supt20,747,426,696,639,922,790
Exosc8,392,345,467,494,682,563
Alg5,557,483,712,796,962,954
Smad9,0,1,1,0,2,1
Rfxap,312,198,301,384,475,314
Sertm1,0,0,0,1,2,0
Spg20,342,222,409,366,489,433
Ccdc169,4,0,3,1,10,3
Dclk1,18,14,24,22,49,11
Gm43549,0,1,4,2,3,1
Nbea,180,113,119,216,350,86
Mab21l1,0,0,0,1,0,0
Tm4sf1,1,4,1,11,19,6
Wwtr1,9,7,10,12,13,7
Gm26671,0,0,0,1,0,0
Commd2,430,285,436,503,623,618
Ankub1,3,1,3,4,8,0
Rnf13,1696,1178,1913,2020,2516,2773
Pfn2,43,30,51,43,117,35
Tsc22d2,1388,885,1699,1949,2284,1571
Serp1,1427,1345,1700,2005,2031,2796
Eif2a,349,242,430,491,607,620
Selt,804,589,995,972,1131,1111
Erich6,0,0,0,2,1,0
Siah2,605,297,556,818,830,799
Med12l,173,121,189,266,328,138
Gpr171,0,0,0,0,1,0
P2ry14,1,2,0,1,4,4
Gpr87,0,1,0,1,0,0
P2ry13,3027,1704,3275,3675,5233,2788
P2ry12,15115,8342,16307,16834,21952,14153
Igsf10,15,13,9,18,20,2
Mbnl1,3026,2025,3285,3747,5167,2948
P2ry1,0,1,2,1,3,2
Gm37696,0,0,0,0,1,0
Rap2b,92,80,99,122,153,144
B430305J03Rik,1,0,0,2,0,0
9330121J05Rik,0,0,0,2,1,0
Arhgef26,5,6,3,3,12,8
Dhx36,351,241,414,512,664,431
Mme,0,1,1,0,0,0
Plch1,1,0,0,0,1,1
E130311K13Rik,43,30,77,81,109,86
Slc33a1,136,114,173,225,224,253
Gm26850,0,0,1,1,0,2
Gmps,299,188,356,363,419,430
Kcnab1,5,8,21,9,19,6
A330015K06Rik,3,0,2,2,4,2
A730090N16Rik,0,0,0,0,0,1
Ssr3,698,526,846,806,984,930
Tiparp,409,283,461,663,670,627
Lekr1,31,18,31,37,34,30
Ccnl1,2905,2134,3359,3966,4799,4388
Gm37305,42,27,42,74,71,74
Rsrc1,294,210,362,339,536,355
Mlf1,13,7,18,12,14,7
Gfm1,98,73,128,143,170,169
Lxn,142,108,187,170,188,264
Rarres1,0,1,0,0,0,0
Mfsd1,463,418,538,646,717,956
Schip1-1,0,2,4,2,2,1
Il12a,0,0,0,1,1,1
1110032F04Rik,1,0,0,0,2,0
Ift80,17,26,28,14,30,22
Smc4,105,58,103,103,160,93
Trim59,9,6,13,29,46,6
Kpna4,511,384,574,695,793,659
Gm1647,2,1,5,4,8,5
Arl14,0,0,1,0,0,0
Ppm1l,150,71,153,169,181,160
B3galnt1,242,250,233,288,411,397
Nmd3,309,257,303,464,525,411
Sptssb,0,0,0,1,0,0
Gm6634,0,0,1,0,0,0
Slitrk3,1,2,2,5,4,0
Gm20754,1,0,0,0,2,0
Bche,1,1,1,2,4,2
Zbbx,0,1,0,0,0,0
Pdcd10,901,632,963,1069,1283,1124
Serpini1,3,2,3,2,10,2
Golim4,139,100,176,179,228,159
Fstl5,0,0,1,2,0,0
Rapgef2,127,97,144,151,174,148
4921511C10Rik,0,0,0,1,0,0
6430573P05Rik,7,3,8,10,20,11
Gm17359,0,0,0,0,1,0
Fnip2,165,103,199,260,302,142
4930589L23Rik,29,19,15,17,20,12
Ppid,430,310,515,494,592,519
Etfdh,112,72,128,152,188,226
4930579G24Rik,8,6,8,17,27,15
Rxfp1,11,11,13,23,31,6
Tmem144,228,112,227,297,373,156
Fam198b,2,1,2,3,5,2
Gria2,16,23,59,58,130,28
Glrb,7,3,19,8,55,7
Pdgfc,4,0,7,3,8,2
Ctso,572,355,637,642,808,655
Tdo2,1,3,1,3,5,2
Asic5,0,0,0,1,0,0
Gucy1b3,1,2,4,2,5,0
Gucy1a3,1,1,2,5,5,1
Map9,10,5,19,18,17,13
Npy2r,0,0,0,0,1,0
Rbm46,1,0,0,0,0,0
Lrat,0,0,0,0,2,0
Plrg1,171,122,184,215,289,295
Dchs2,0,0,0,1,0,0
Sfrp2,0,1,0,0,2,0
Gm26771,0,0,1,0,0,0
Tlr2,1648,1368,2175,2699,2253,2980
D930015E06Rik,162,128,210,194,324,208
Mnd1,3,2,1,3,7,3
Trim2,249,133,262,276,433,221
Gm6525,0,0,0,0,1,0
Fhdc1,0,2,1,0,2,2
Arfip1,127,104,154,200,247,251
Gm37240,0,0,0,0,1,0
Tigd4,0,0,0,1,0,0
Tmem154,15,26,13,28,29,22
Fbxw7,144,114,200,285,337,245
Gatb,134,66,152,172,172,195
Fam160a1,2,0,0,0,0,0
Glt28d2,0,1,0,0,0,0
Sh3d19,6,2,7,12,23,3
Rps3a1,15740,14925,20933,25029,20634,22295
Gm37933,0,2,0,0,0,0
Lrba,1294,563,1594,1199,2025,932
Mab21l2,1,0,0,0,0,0
Gm37876,0,1,0,0,1,0
Dclk2,21,9,17,24,44,13
Cd1d1,105,72,114,121,156,126
Kirrel,0,0,0,0,1,0
Fcrls,10009,6644,14914,11704,14024,13639
Cd5l,1,3,2,5,3,4
Fcrl1,234,156,291,189,260,288
Fcrl5,1,0,0,1,1,0
Etv3,635,597,732,1026,1074,771
Arhgef11,113,83,137,120,233,87
Lrrc71,1,1,3,0,8,0
Pear1,55,29,76,75,140,76
Insrr,0,1,0,0,0,0
Sh2d2a,0,0,1,1,1,0
Prcc,90,62,120,138,159,201
Hdgf,523,400,622,555,920,852
Mrpl24,764,599,924,1026,1151,945
Rrnad1,103,75,119,159,206,131
Isg20l2,98,67,97,140,184,143
Crabp2,0,1,0,2,0,0
Nes,14,10,37,33,56,14
Bcan,46,33,57,50,200,53
Hapln2,37,24,34,74,165,19
Gpatch4,77,47,76,114,147,111
Apoa1bp,475,349,546,594,788,803
Iqgap3,30,26,31,70,63,58
Mef2d,815,499,862,812,998,774
1700113A16Rik,19,7,13,16,22,10
AI849053,0,1,1,0,1,0
Gm3764,21,20,40,57,157,29
Gm38392,1,0,0,0,2,0
Tsacc,62,37,50,56,72,73
Cct3,907,686,1117,1156,1228,1535
Glmp,912,709,1171,1289,1412,2066
Tmem79,1,4,2,5,9,5
Smg5,99,64,137,163,222,174
Paqr6,3,4,7,13,25,3
Bglap3,0,0,0,1,0,0
Bglap,0,1,0,0,0,0
Pmf1,81,43,82,104,121,114
Slc25a44,92,50,90,102,173,133
Sema4a,33,30,30,24,48,41
Lmna,197,232,208,229,394,164
Gm37584,3,3,4,7,7,3
Mex3a,20,14,20,39,55,30
Rab25,6,12,17,14,11,8
Lamtor2,927,779,1079,1052,1363,1330
Ubqln4,101,69,106,103,169,147
Ssr2,716,672,933,941,1123,1462
Arhgef2,619,429,740,781,1068,1080
Gm20652,1,0,1,2,1,4
Gm43714,1,0,0,0,6,2
2810403A07Rik,331,188,353,441,558,522
Rit1,278,160,276,319,476,399
Gm17146,5,1,10,3,11,4
Syt11,213,152,245,336,631,195
Gon4l,264,192,327,391,457,388
Gm43713,1,2,2,3,6,0
Msto1,53,15,53,68,73,78
Dap3,196,144,242,225,280,321
Ash1l,786,489,763,980,1258,989
Rusc1,87,56,115,104,139,148
Fdps,134,104,181,188,226,230
Hcn3,6,7,5,6,9,2
Clk2,107,67,102,143,207,208
Scamp3,436,306,547,513,710,908
Gm16069,0,0,0,1,0,0
Fam189b,7,9,19,27,19,20
Gba,286,185,324,367,505,742
Mtx1,279,200,322,378,449,430
Thbs3,3,0,3,5,6,0
Muc1,0,0,0,1,2,3
Trim46,1,2,1,3,8,0
Krtcap2,1296,1175,1544,1395,1750,2084
Dpm3,710,593,873,556,1122,971
Slc50a1,686,557,863,854,1038,1130
Efna1,3,2,5,6,9,0
Efna3,0,0,0,0,2,2
Efna4,3,3,5,9,9,1
4731419I09Rik,2,0,4,3,6,3
Adam15,1066,682,1251,1376,1711,1953
Dcst1,0,0,0,0,2,0
Dcst2,0,0,0,1,0,0
Zbtb7b,172,100,178,173,288,255
Gm15417,68,54,72,74,130,100
Lenep,2,1,2,0,2,3
Flad1,76,67,93,132,131,151
Cks1b,45,36,66,63,75,99
Shc1,222,175,277,293,418,316
Pygo2,174,100,197,184,320,277
Pbxip1,889,613,989,1247,1440,1304
Pmvk,142,115,161,177,252,200
Kcnn3,0,1,2,2,6,1
Adar,144,85,154,207,222,328
Chrnb2,3,2,0,8,3,2
4632404H12Rik,18,17,21,22,34,31
Ube2q1,697,436,777,811,1161,991
She,0,0,1,2,6,0
Il6ra,1603,1107,1988,1653,2471,2598
Gm42809,8,2,12,6,11,19
Atp8b2,29,32,40,54,70,28
Hax1,259,180,252,252,344,451
Gm19710,4,5,1,3,4,2
Ubap2l,932,644,1036,1000,1468,1216
4933434E20Rik,741,526,876,874,1070,888
Tpm3,5455,3786,6429,7008,8091,7983
Nup210l,12,11,9,16,19,11
Rps27,20349,15227,23770,15021,30921,21288
Rab13,7,7,4,12,18,8
Jtb,673,535,819,898,1021,963
Creb3l4,4,3,2,4,1,2
Slc39a1,651,480,675,543,818,983
Crtc2,184,147,218,212,268,166
Dennd4b,209,162,235,265,335,270
4930537H20Rik,7,2,8,11,16,7
Gatad2b,615,428,685,821,972,826
Slc27a3,3,6,11,17,14,13
Ints3,157,98,155,178,316,240
Npr1,16,9,11,17,18,20
Ilf2,284,206,331,372,480,519
Snapin,389,248,427,480,591,526
Chtop,529,361,613,668,860,588
S100a1,159,151,176,210,352,246
S100a13,621,426,634,631,839,766
S100a14,0,0,1,0,1,0
S100a16,40,15,53,59,120,39
S100a3,1,1,7,1,2,0
S100a4,59,35,36,37,47,33
S100a6,28,32,17,16,46,20
S100a7a,1,0,0,1,0,0
S100a8,1,195,3,1,22,82
S100a9,3,274,6,3,49,40
Lor,2,0,0,0,1,1
Gm43740,14,4,9,14,14,17
Gm9774,53,30,60,61,79,52
Tchh,1,0,0,3,2,0
S100a11,65,73,72,46,97,42
S100a10,173,167,186,198,202,206
Them4,51,49,105,84,84,100
C2cd4d,0,0,1,0,0,0
Rorc,0,0,0,1,3,1
Lingo4,0,0,0,0,2,1
1700040D17Rik,1,0,2,6,5,3
Tdrkh,118,83,154,173,192,193
Oaz3,2,2,1,1,4,0
Mrpl9,237,154,273,333,378,333
Riiad1,3,2,2,1,11,2
Celf3,0,1,2,1,7,1
Snx27,259,144,272,269,332,345
Tuft1,11,10,10,15,24,11
Gm15234,1,3,0,2,8,1
Cgn,0,1,0,2,2,1
Pogz,206,145,242,279,344,273
Psmb4,1180,1043,1520,1595,1811,1724
Selenbp1,110,83,151,192,178,238
Rfx5,94,76,132,163,184,143
B230398E01Rik,3,11,11,13,15,10
Pi4kb,82,33,83,108,115,97
A730011C13Rik,4,3,8,4,7,4
Gm15265,2,3,3,2,5,0
Zfp687,90,64,97,129,192,169
Psmd4,827,640,989,1052,1384,1265
Pip5k1a,267,161,256,287,467,308
Vps72,410,232,478,399,576,508
Tmod4,0,0,1,2,2,0
Scnm1,238,158,268,285,344,399
Lysmd1,37,26,41,58,62,77
Tnfaip8l2,2101,1424,2542,3224,3250,3794
Sema6c,5,0,13,8,15,15
Gabpb2,144,113,157,202,260,147
Gm16740,10,15,24,31,54,30
Mllt11,99,71,140,165,179,143
Cdc42se1,926,630,1145,1061,1509,1403
Gm128,27,14,38,41,61,26
Bnipl,0,0,1,0,1,2
Prune,52,33,72,63,97,98
Fam63a,64,42,81,59,125,83
Anxa9,7,8,11,6,13,11
6330562C20Rik,17,21,20,22,26,26
Cers2,869,661,1025,1052,1256,1330
Setdb1,183,126,236,211,283,239
Gm4349,6,4,6,6,3,1
Arnt,252,199,304,286,443,323
Ctsk,2,1,2,1,7,4
Ctss,44067,39548,55734,58500,62680,93958
Hormad1,1,1,2,1,1,0
Golph3l,111,84,150,154,205,169
Ensa,409,288,479,530,751,548
Mcl1,13606,12916,16441,15904,18027,19030
Adamtsl4,9,16,8,14,20,34
Ecm1,4,6,4,14,9,29
Tars2,115,117,146,190,197,208
Rprd2,219,142,247,268,339,254
Prpf3,105,56,90,114,144,148
Gm26594,0,1,0,0,2,0
Mrps21,745,622,847,677,1125,1109
C920021L13Rik,8,5,4,4,7,6
Ciart,21,12,23,66,77,23
BC028528,654,430,748,711,1017,587
Aph1a,592,457,760,909,1005,937
Car14,15,4,14,14,39,10
Anp32e,522,380,563,547,699,644
Plekho1,2936,1878,3573,3035,4007,4211
Vps45,75,67,82,82,128,147
Otud7b,142,124,159,221,293,221
Mtmr11,18,11,11,13,18,10
Gm17690,18,11,25,20,25,29
Sf3b4,376,266,445,397,597,724
Sv2a,67,41,92,115,160,86
Bola1,249,196,303,361,453,400
Gm15444,7,3,2,4,5,1
Hist2h2ab,3,4,5,2,5,8
Hist2h2ac,33,24,25,39,54,22
Hist2h2be,7,11,15,18,14,22
Hist2h3c2,8,6,11,6,7,8
Gm20632,15,6,13,23,24,15
Hist2h2aa2,1,0,0,1,0,0
Gm20633,9,8,13,12,17,9
Hist2h2aa1,66,28,54,16,73,26
Hist2h3c1,20,12,21,11,14,13
Hist2h4,20,6,14,28,29,29
Gm20628,1,2,2,1,1,1
Hist2h3b,6,0,5,3,6,4
Hist2h2bb,2,6,7,6,9,2
Hist2h2bb-1,2,1,5,2,7,0
Fcgr1,2675,2249,3332,3363,3306,7075
BC107364,0,1,0,1,0,0
Gm10685,0,0,0,0,1,0
Gm15441,7,2,2,7,12,10
Txnip,5707,3717,6212,5167,8569,6558
Gm16253,12,7,6,9,17,16
Polr3gl,331,254,384,440,462,419
Ankrd34a,1,0,1,2,0,0
Lix1l,63,49,88,102,124,58
Rbm8a,877,657,1069,986,1317,1319
Pex11b,181,125,230,276,354,303
Gm42957,4,1,4,5,4,1
Itga10,2,2,5,4,6,5
Ankrd35,0,4,1,3,2,0
Pias3,96,50,108,125,196,155
Nudt17,1,2,1,0,0,0
Polr3c,141,75,120,159,180,211
Rnf115,411,330,495,584,619,645
Cd160,1,0,0,1,0,0
Pdzk1,1,1,0,0,2,0
Gpr89,87,69,120,116,169,159
Acp6,127,81,157,153,213,236
Bcl9,202,116,221,243,359,315
Chd1l,48,42,66,54,92,99
Fmo5,117,64,145,130,166,186
Prkab2,154,140,203,195,235,205
Pde4dip,201,115,262,246,337,226
Gm43076,6,2,3,2,0,0
Sec22b,435,326,466,492,532,577
Gm5544,1,0,1,6,1,1
Notch2,547,402,571,435,543,810
Adam30,10,17,16,8,8,18
Hmgcs2,0,1,1,4,3,1
Phgdh,1163,895,1540,1979,2268,1906
Zfp697,144,101,210,243,327,238
Hsd3b2,4,3,5,3,2,4
Wars2,29,20,29,38,52,40
Tbx15,0,2,0,0,0,0
Spag17,0,0,0,1,0,0
Wdr3,144,121,165,194,238,217
Gdap2,123,87,148,139,215,236
Gm43121,0,0,0,1,0,1
Fam46c,977,753,1158,1243,1502,942
Man1a2,949,609,1093,1529,1673,1250
Gm43464,1,0,2,7,1,1
Trim45,22,17,24,28,34,22
Ttf2,28,20,42,53,59,60
Cd101,54,34,76,60,67,91
Ptgfrn,82,57,91,67,112,100
Cd2,0,1,0,0,3,0
Atp1a1,767,678,1000,1193,1385,1686
Slc22a15,1,5,3,1,4,1
Casq2,0,0,1,0,0,1
Vangl1,36,13,37,26,44,42
Gm16160,0,0,0,0,2,0
A230001M10Rik,4,2,4,4,9,0
Gm43242,1,0,0,0,0,0
Ngf,0,0,0,0,1,0
Gm42682,0,0,0,0,1,0
Tspan2os,0,1,0,0,1,0
Tspan2,43,22,47,64,192,22
Tshb,0,1,0,0,0,0
Sike1,287,234,326,351,458,366
Csde1,1418,963,1433,1632,2054,1407
Nras,562,371,608,678,911,812
Gm43062,3,2,3,8,7,6
Ampd1,0,0,0,0,1,0
Dennd2c,80,60,114,159,184,72
Bcas2,668,549,823,891,1041,801
Trim33,220,138,231,301,357,245
Syt6,8,2,12,8,14,7
Atg4a-ps,0,1,0,0,1,0
Olfml3,8973,5626,10090,11554,13798,14808
Hipk1,459,389,559,535,703,486
Gm15886,0,2,0,0,0,0
Dclre1b,72,52,42,72,108,98
Ap4b1,74,56,101,138,179,151
Gm43064,2,0,0,0,0,1
Bcl2l15,1,0,1,0,1,0
Ptpn22,17,13,22,26,24,18
Rsbn1,335,235,369,524,575,392
Phtf1os,2,11,19,21,16,29
Phtf1,67,52,61,79,135,80
Magi3,49,30,35,64,74,44
Lrig2,106,82,120,144,193,141
Slc16a1,112,62,126,180,178,94
Fam19a3,0,0,0,0,2,0
Ppm1j,6,1,4,4,7,1
Rhoc,300,176,335,424,617,369
Mov10,51,25,53,77,98,87
Capza1,895,656,1006,877,1311,1068
St7l,165,121,201,179,224,330
Wnt2b,0,0,1,2,1,0
Gm42956,1,2,2,2,0,2
Cttnbp2nl,1712,1162,2045,2654,3109,2198
Kcnd3os,0,0,1,1,3,0
Kcnd3,4,2,2,4,6,5
Ddx20,63,43,83,106,161,129
Fam212b,2,3,5,4,7,1
Gm43848,67,67,86,76,111,108
Rap1a,2171,1695,2689,3248,3430,2812
Gm5547,40,42,42,65,73,29
Adora3,520,407,736,626,702,1469
Tmigd3,3,8,10,7,10,8
I830077J02Rik,378,339,453,604,849,711
Atp5f1,1949,1709,2430,2610,3000,2761
Wdr77,145,92,150,168,236,223
Ovgp1,1,1,1,2,9,4
Pifo,0,5,0,2,7,0
Gm42722,2,1,10,6,6,10
Chia1,0,3,1,0,1,0
Chil3,0,18,0,2,6,4
Dennd2d,4,3,10,8,7,1
Cept1,566,621,658,817,871,1023
Dram2,596,688,700,739,968,1339
Lrif1,317,201,356,469,556,396
Cd53,5646,4291,6212,5716,7296,8318
Olfr266,1,0,0,1,2,0
Gm35507,6,3,3,4,3,2
Gm27008,49,8,32,32,26,23
Kcna3,2,4,0,2,3,1
AI504432,70,80,64,109,87,79
Kcna2,3,5,7,6,17,5
Lamtor5,666,553,782,778,1005,847
Slc16a4,3,0,3,0,3,0
Rbm15,243,224,317,300,367,283
Kcnc4,2,1,1,2,7,1
Slc6a17,1,1,3,1,2,0
Strip1,112,73,156,181,219,168
Ahcyl1,249,185,298,315,465,298
Csf1,817,767,1033,635,946,976
4933431E20Rik,8,4,14,23,34,7
Gstm5,231,214,250,294,421,215
Gstm7,23,8,17,33,66,9
Gstm6,2,2,6,1,10,2
Gstm2,0,1,1,0,2,0
Gstm1,121,119,116,162,308,163
Gstm4,31,19,40,29,52,48
Ampd2,96,55,82,107,142,109
Gm12500,0,1,1,5,3,1
Gnai3,464,324,535,642,677,550
Gpr61,0,0,0,0,0,1
Gm12524,0,2,0,1,1,0
Amigo1,27,11,28,22,39,19
Cyb561d1,69,37,57,83,137,90
Atxn7l2,27,15,31,44,46,57
Sypl2,1,0,0,1,1,1
Psma5,807,600,871,974,1171,993
Sort1,522,381,513,557,865,611
Gm12525,0,0,3,2,0,0
Mybphl,2,1,0,1,1,1
Psrc1,0,4,0,3,3,4
Celsr2,6,6,8,6,30,13
Sars,462,382,616,658,915,1010
5330417C22Rik,1,0,4,3,3,1
1700013F07Rik,1,0,0,0,0,0
Tmem167b,148,125,166,202,253,232
Taf13,360,277,399,500,446,499
Wdr47,46,42,69,59,99,60
Clcc1,258,219,330,312,449,454
Gpsm2,1,2,5,2,5,3
Stxbp3,452,258,555,562,657,711
Fndc7,38,46,54,40,43,35
Prpf38b,935,714,1121,1271,1597,1291
Henmt1,1,0,1,0,0,3
Fam102b,2288,1057,2560,2550,3979,1775
Gm43221,44,25,45,38,95,3
Slc25a54,1,0,1,0,1,0
Slc25a24,1,0,0,1,5,0
Vav3,0,0,0,0,3,1
Prmt6,75,47,90,102,109,77
C130013H08Rik,17,13,24,28,36,30
Amy1,2,0,2,2,5,5
Rnpc3,131,114,153,186,227,278
Col11a1,0,0,0,1,3,0
Olfm3,0,0,0,0,1,0
S1pr1,199,126,305,216,416,168
Gm9889,2,0,5,5,6,1
Dph5,117,99,148,220,203,196
Slc30a7,138,83,158,191,251,271
Extl2,76,56,89,125,119,128
Vcam1,249,246,312,190,242,263
Gpr88,1,0,0,0,0,0
Cdc14a,97,68,89,129,170,97
Gm29151,0,0,0,1,0,0
Rtca,113,88,144,167,225,239
Gm26530,0,1,1,0,1,0
Dbt,123,79,116,131,191,130
Lrrc39,61,31,59,62,107,22
Trmt13,98,74,138,202,262,115
Sass6,73,49,68,96,104,129
Gm42893,2,5,5,2,4,3
Hiat1,234,209,295,398,457,369
Gm42457,1,1,0,0,0,0
4930512P04Rik,0,0,0,0,0,1
Slc35a3,155,109,158,150,254,168
Agl,137,74,129,119,263,141
Frrs1,635,417,689,775,937,944
Palmd,0,1,2,3,5,0
Plppr4,16,10,25,23,29,14
Plppr5,5,3,2,2,8,4
Snx7,35,36,47,65,60,64
Dpyd,2,0,0,1,1,1
Ptbp2,195,136,213,232,331,143
6530403H02Rik,0,0,0,0,1,0
Rwdd3,9,12,21,34,48,29
Tmem56,4,1,5,3,3,3
Alg14,124,99,144,149,202,163
Cnn3,21,17,22,17,81,11
A730020M07Rik,0,1,0,0,1,1
F3,78,111,94,133,170,54
Abcd3,242,205,298,284,414,330
Arhgap29,44,35,50,70,86,49
Abca4,0,1,1,0,3,1
Gclm,259,171,305,328,435,354
Dnttip2,485,383,629,725,934,699
Bcar3,9,2,4,2,2,3
Fnbp1l,105,54,122,100,142,86
Gm43569,1,0,1,1,3,2
Gm43568,0,0,1,0,0,0
Pde5a,0,2,1,3,0,3
1810037I17Rik,1058,881,1256,1121,1627,1161
Usp53,16,11,17,21,29,12
Myoz2,0,1,0,0,1,0
Synpo2,1,0,1,1,2,1
Sec24d,61,48,72,73,106,83
Mettl14,63,60,81,97,130,79
Gm43591,1,0,0,0,0,0
Prss12,1,0,0,0,1,0
Ndst3,0,0,2,1,2,1
Tram1l1,2,2,0,3,3,1
Ugt8a,36,15,48,42,96,11
Arsj,0,0,0,0,1,0
Camk2d,882,583,949,1292,1325,1132
Gm15551,1,0,0,1,1,0
Ank2,296,208,346,374,505,236
Gm16958,1,1,0,2,2,0
Larp7,281,214,385,372,559,368
Zgrf1,10,9,13,11,20,11
Alpk1,18,21,22,32,45,18
Tifa,1445,1146,1633,2028,1926,2145
Ap1ar,155,114,198,186,262,176
Gm43653,1,0,1,1,2,0
5730508B09Rik,22,30,38,61,36,55
Pitx2,0,1,0,0,0,0
Enpep,0,0,0,0,4,0
Elovl6,12,4,14,11,28,4
Egf,2,3,6,9,16,15
Rrh,0,0,1,3,4,1
Gar1,176,131,217,280,354,306
Pla2g12a,150,123,157,179,206,182
Casp6,164,127,227,174,261,277
Ccdc109b,12,13,18,8,10,19
Sec24b,204,135,224,277,333,279
Col25a1,11,5,13,6,6,3
Etnppl,3,6,4,5,14,17
Ostc,927,813,1149,1110,1205,1528
Rpl34,12993,11571,16704,13337,18170,17551
Gm42997,1,2,3,1,2,0
Gm43351,2,0,1,0,1,1
Lef1,0,1,0,0,2,0
Hadh,250,204,270,314,385,397
Cyp2u1,26,8,18,26,21,17
Sgms2,0,0,2,0,2,1
Papss1,1261,710,1403,1495,1323,1401
Gm29865,0,0,0,0,0,1
Dkk2,0,1,0,0,0,0
Aimp1,614,500,750,757,960,866
Tbck,157,117,222,193,209,285
Gm29811,0,2,0,0,1,0
Npnt,179,91,245,338,438,109
Gstcd,23,21,45,43,57,36
Ints12,141,73,155,186,217,226
Gm43254,8,2,4,8,7,3
Ppa2,198,132,256,298,329,270
Tet2,294,256,327,440,463,264
Gm42567,0,1,0,0,1,0
Cxxc4,1,0,5,1,1,2
Cenpe,5,2,2,1,8,6
Bdh2,1,1,3,2,1,0
Slc9b2,0,0,1,1,0,0
Slc9b1,0,0,0,1,1,0
Cisd2,771,550,842,969,1199,999
4930539J05Rik,17,12,18,18,33,15
Ube2d3,3019,2286,3442,4554,4827,5184
Manba,115,104,157,197,241,201
Nfkb1,1479,1103,1864,1727,1756,1830
Slc39a8,104,101,110,131,186,203
Gm43603,112,65,133,133,193,83
Bank1,284,151,272,334,373,371
Ppp3ca,1351,877,1477,1335,1999,1684
Emcn,1,1,1,0,10,1
Ddit4l,1,1,1,1,3,0
Gm21962,1,0,0,0,2,0
Gm43403,5,5,5,9,7,7
H2afz,3563,2839,4300,4919,5386,4509
Dnajb14,368,346,499,662,828,682
Gm43087,0,3,2,4,4,0
Gm43689,0,0,3,2,0,3
Lamtor3,631,515,717,808,897,818
Dapp1,947,677,1149,1127,1504,1220
Gm19708,4,0,0,0,1,2
1110002E22Rik,1,1,0,1,2,0
Mttp,68,54,91,142,110,115
Trmt10a,112,85,134,121,198,142
Adh5,689,540,870,832,974,983
Metap1,161,119,211,230,350,245
Eif4e,633,436,708,648,840,859
Tspan5,60,51,73,69,97,116
Rap1gds1,891,561,1021,1014,1216,1024
Stpg2,2,0,0,0,0,0
Gm15688,0,0,0,0,1,0
Unc5c,2,1,4,4,5,1
Bmpr1b,3,0,5,1,2,1
Pdlim5,208,159,219,234,338,312
Gbp5,256,306,198,410,331,244
Gbp7,381,535,366,637,602,939
Gbp3,102,123,109,151,160,187
Gbp2b,0,0,0,1,1,1
Gbp2,59,134,72,111,87,213
Ccbl2,68,51,35,48,82,72
Gtf2b,697,522,874,1069,1091,974
Pkn2,355,294,425,478,612,527
9530052C20Rik,1,0,2,1,2,1
Lmo4,691,395,686,885,1352,1157
Hs2st1,229,145,255,290,320,300
Sep15,2845,2392,3529,3515,3734,3891
Sh3glb1,3686,2686,4689,4683,5545,4659
Clca3a1,0,0,2,0,0,0
Clca4b,0,0,0,2,0,0
Gm16233,1,0,0,1,1,0
Odf2l,53,44,66,105,77,68
Znhit6,118,104,127,141,178,161
Cyr61,1,1,1,1,15,3
Gm17501,0,0,1,1,3,0
Ddah1,9,9,13,16,19,18
Bcl10,1639,1142,2037,2074,2399,2159
2410004B18Rik,270,215,316,439,419,396
Syde2,2,0,1,0,2,0
Wdr63,1,1,0,0,2,0
Mcoln2,0,0,1,0,1,0
Lpar3,0,0,0,0,1,0
Gm10636,1,0,0,1,0,0
Ssx2ip,51,33,62,80,97,82
Ctbs,333,227,347,481,482,451
Spata1,25,22,35,52,62,58
Gng5,4826,4093,5818,5175,7239,6593
Rpf1,222,171,275,308,415,373
Uox,0,0,0,0,2,0
Prkacb,321,246,373,360,535,389
Ttll7,25,8,34,45,141,13
Gm36888,0,0,2,0,0,0
Adgrl2,125,46,120,85,149,66
Gm43573,4,4,8,5,3,2
Gm30382,0,0,1,1,0,0
Adgrl4,3,0,1,3,20,1
Ifi44,0,7,0,4,1,1
Ptgfr,0,0,0,0,1,0
Dnajb4,1078,656,1251,1204,1384,1402
Fubp1,1060,808,1231,1471,1683,1494
Nexn,15,20,16,18,37,15
Fam73a,71,67,142,128,163,120
Usp33,205,129,213,238,316,278
Zzz3,250,165,282,331,500,303
Ak5,2,0,2,2,8,1
Pigk,396,264,471,516,625,527
St6galnac5,7,3,4,8,12,4
Gm16213,1,1,0,0,1,1
St6galnac3,2,2,7,12,23,4
Msh4,1,0,1,2,1,1
Rabggtb,267,193,326,546,682,383
Gm43400,0,0,0,0,1,0
Acadm,542,365,668,687,843,735
Slc44a5,0,0,2,1,1,1
Tyw3,33,20,32,52,63,52
Cryz,75,43,92,109,115,94
Erich3,0,2,1,0,6,0
Fpgt,38,23,50,46,75,78
Lrriq3,9,4,6,18,11,4
4930570G19Rik,2,2,1,1,2,0
Negr1,5,5,8,8,16,9
Gm43159,1,1,0,0,1,0
Zranb2,617,456,688,610,883,693
Ptger3,58,20,58,52,62,30
Gm33466,0,0,0,1,0,0
Cth,3,1,4,4,4,2
Ankrd13c,270,191,312,303,382,263
Srsf11,1201,870,1451,1597,1935,1515
Lrrc40,45,25,56,71,68,63
B230334C09Rik,4,0,3,4,5,1
Lrrc7,0,2,0,0,6,1
Wls,545,357,665,674,819,652
Tmem68,294,174,316,378,377,453
Tgs1,647,439,740,875,1035,1054
Lyn,3251,2298,3547,3526,4264,4113
Gm26857,77,60,92,83,81,70
Rps20,11642,11039,15821,16648,16874,19447
Plag1,6,4,9,5,22,6
Chchd7,269,196,334,349,419,393
Gm11808,1029,914,1296,838,2243,1872
Penk,1,1,0,0,0,0
Impad1,150,99,183,210,220,191
Fam110b,2,0,1,0,4,2
Ubxn2b,108,62,113,114,166,129
4930430E12Rik,3,3,1,4,5,3
Sdcbp,3430,3185,3986,4293,4379,4986
Nsmaf,183,134,245,256,330,245
Tox,0,0,1,3,2,0
Car8,1,1,4,2,6,1
Rab2a,1165,814,1358,1483,1847,1564
Chd7,845,706,943,931,1381,1404
Clvs1,1,0,1,0,3,0
Asph,992,646,1107,1446,1492,1225
Gm11815,1,0,0,0,0,0
2610301B20Rik,57,41,92,77,79,93
Plekhf2,699,501,776,934,978,1071
Ndufaf6,62,55,70,90,98,87
Gm11827,5,6,5,13,8,9
Trp53inp1,105,61,143,99,149,86
Ccne2,5,5,6,5,3,1
Ints8,111,67,146,97,143,140
Dpy19l4,360,264,451,551,665,293
Gm26663,1,0,3,0,2,0
Esrp1,0,0,0,0,1,0
1110037F02Rik,163,109,189,192,255,215
Gm11831,0,0,1,0,0,0
Rad54b,1,0,2,1,1,1
Gem,2277,1196,2891,2508,2731,1796
Pdp1,23,16,23,38,44,40
Gm10604,0,1,1,0,0,0
Gm26895,0,0,0,1,0,0
Tmem67,25,16,34,29,37,26
Rbm12b2,101,56,101,103,101,92
Rbm12b1,35,41,55,66,76,71
Fam92a,76,77,84,91,112,84
Triqk,13,8,15,15,24,10
Runx1t1,6,3,3,5,8,5
Slc26a7,0,0,1,0,1,0
Lrrc69,0,0,0,0,0,1
Otud6b,155,103,207,158,230,204
Tmem55a,126,91,168,205,202,257
Gm11837,8,7,5,11,16,10
Necab1,0,2,2,2,0,0
Tmem64,342,201,410,511,600,445
Calb1,3,3,6,3,13,3
Decr1,114,106,174,204,227,172
Nbn,72,69,100,119,150,124
Osgin2,131,91,134,240,205,180
Ripk2,212,184,243,351,384,377
Gm11851,1,0,0,0,1,3
Mmp16,1,2,3,1,4,2
Cpne3,501,420,555,647,763,679
Rmdn1,254,190,287,284,311,289
Wwp1,143,101,170,192,268,186
Atp6v0d2,0,0,0,1,0,0
Ttpa,2,0,0,0,1,1
Ggh,599,567,723,874,884,835
Nkain3,0,0,0,0,3,1
Ccnc,183,137,221,229,253,243
Tstd3,66,35,49,73,84,62
Usp45,118,72,111,128,194,129
Pnisr,845,690,994,1038,1356,1212
Coq3,60,36,59,75,89,77
Faxc,0,0,0,0,2,0
Fbxl4,80,54,76,102,126,114
Pou3f2,1,0,2,2,7,3
Mms22l,21,12,24,31,42,29
Klhl32,5,8,3,10,11,2
Gm11899,0,1,0,0,0,0
Ndufaf4,180,126,197,186,282,257
Ufl1,351,296,444,445,650,560
Fut9,7,7,9,4,12,9
Manea,127,94,165,186,269,157
Epha7,1,0,2,5,1,1
Map3k7,235,143,215,240,342,191
Bach2,196,103,184,202,278,144
Bach2os,55,48,43,60,68,91
Casp8ap2,154,100,170,235,350,224
Mdn1,115,78,123,121,133,117
Lyrm2,299,169,249,251,347,290
Ankrd6,5,3,0,2,4,0
Rragd,26,8,21,10,16,10
Ube2j1,804,497,951,682,1087,877
Gabrr2,3,2,4,7,5,2
Srsf12,2,1,0,1,4,1
Pnrc1,4479,2688,5255,5293,6756,6142
Rngtt,131,88,151,160,204,177
Cnr1,1,0,5,3,3,1
Spaca1,12,12,12,8,10,18
Akirin2,1628,1000,1867,2096,2307,1981
Orc3,116,109,146,147,203,162
Rars2,88,81,98,130,148,154
Slc35a1,177,145,224,252,232,253
Cfap206,1,1,0,0,3,0
Smim8,157,117,207,245,275,216
Zfp292,656,390,683,838,1144,749
Mob3b,3,8,6,9,16,8
3110043O21Rik,347,308,336,433,512,334
Lingo2,2,0,0,0,1,0
Aco1,102,63,133,126,161,175
Ddx58,135,88,139,160,174,288
Topors,512,317,569,883,972,710
Toporsos,290,188,287,239,482,335
Ndufb6,376,334,442,425,630,619
Aptx,78,82,114,128,179,170
Gm6297,8,8,12,30,23,13
Dnaja1,3913,2953,5483,5448,5672,7578
Smu1,434,298,508,544,657,701
B4galt1,1344,1079,1487,988,1786,1460
Bag1,1001,798,1327,1390,1575,1494
Chmp5,778,660,957,918,1039,1107
Nfx1,221,135,208,263,367,260
Aqp3,0,0,1,0,1,0
Nol6,76,60,82,92,123,98
Ube2r2,627,412,714,731,954,979
Ubap2,103,64,128,162,212,141
Dcaf12,333,239,486,407,564,555
Ubap1,249,177,306,321,429,331
Kif24,2,4,1,4,3,6
Nudt2,131,109,145,166,194,166
AI464131,6,1,1,0,7,2
1110017D15Rik,2,8,6,3,8,2
Fam219a,95,91,116,125,193,135
Dnaic1,2,3,2,0,3,3
Enho,45,49,69,87,116,66
Gm12406,1,0,0,0,0,1
Gm12405,1,0,0,0,0,0
Cntfr,11,7,12,11,23,7
Il11ra1,438,343,589,646,731,572
Rpp25l,260,169,292,370,394,341
Dctn3,759,590,942,852,1012,1075
Sigmar1,339,241,383,466,526,568
Galt,102,87,155,128,199,150
Ccl27a,28,28,39,39,72,38
Gm20878,0,0,0,0,1,0
Gm13306,0,0,1,0,0,0
Gm13305,0,0,1,0,0,0
Gm10600,0,0,0,0,0,1
Ccl19,0,0,0,1,0,0
Gm12394,0,0,0,1,0,0
Phf24,3,4,7,3,10,9
Dnajb5,118,64,106,112,160,139
1700022I11Rik,0,0,2,3,2,0
Vcp,1414,926,1686,2016,2426,2646
Fancg,34,22,38,39,57,97
Pigo,31,22,41,47,42,59
Stoml2,361,248,420,436,535,550
Gm26643,2,2,7,1,5,0
Fam214b,253,182,280,270,301,351
Gm26881,47,43,52,49,69,54
Unc13b,19,14,13,35,32,10
Atp8b5,2,1,1,3,3,0
Rusc2,52,45,59,66,122,56
Fam166b,0,1,2,1,3,0
Tesk1,378,239,431,452,550,664
Cd72,51,76,114,72,90,185
Sit1,0,0,0,0,1,1
Ccdc107,354,301,437,407,563,486
Arhgef39,6,2,4,3,5,7
Gm12454,0,1,0,5,2,2
Car9,9,7,6,7,13,3
Tpm2,17,8,19,23,35,14
Tln1,1308,1026,1566,1561,2131,2401
Creb3,359,271,452,451,607,703
Gba2,69,48,87,90,110,166
Rgp1,49,30,67,67,91,61
Msmp,0,0,0,2,1,0
Npr2,1,0,2,2,14,1
Spag8,0,0,1,1,3,0
Hint2,380,304,440,402,496,459
Fam221b,7,4,4,3,5,2
Tmem8b,37,16,26,32,43,20
Hrct1,0,0,0,1,3,1
5430416O09Rik,0,1,1,0,0,0
A630077J23Rik,4,3,6,5,15,5
Reck,6,2,9,9,22,2
Glipr2,21,10,13,7,20,16
Clta,8259,6655,10384,11158,11188,12314
Gne,64,28,60,94,119,84
Rnf38,221,134,219,229,312,246
Melk,0,0,0,0,2,0
Zcchc7,738,523,841,714,1153,785
Grhpr,115,78,176,142,154,207
Zbtb5,35,27,54,88,86,91
1700055D18Rik,7,3,9,11,13,8
Polr1e,59,28,56,69,90,68
Fbxo10,14,11,29,33,44,25
Tomm5,395,371,468,508,589,612
Frmpd1,0,1,1,1,5,0
Frmpd1os,0,1,1,0,0,0
Trmt10b,93,63,80,96,128,107
Exosc3,343,254,450,467,535,417
Dcaf10,109,49,132,126,195,158
Slc25a51,188,131,226,269,305,325
Shb,143,82,174,239,230,158
Aldh1b1,8,7,6,19,21,17
Igfbpl1,0,1,0,8,4,1
Stra6l,0,1,0,1,0,0
Ccdc180,0,0,1,2,6,0
Tdrd7,161,137,220,227,276,223
Tmod1,74,75,70,81,154,50
Tstd2,101,57,124,110,170,109
Ncbp1,143,95,147,170,213,235
Xpa,198,139,238,314,364,241
Foxe1,0,0,0,0,0,1
Trmo,61,32,56,103,100,75
Anp32b,798,681,995,1206,1314,1216
Nans,290,190,337,346,416,426
Trim14,22,24,32,52,73,49
Coro2a,142,96,150,208,236,161
Tbc1d2,2,2,1,1,4,2
Gabbr2,4,3,1,0,4,2
Gm568,0,1,4,2,0,0
Anks6,52,20,65,61,98,91
Galnt12,326,249,369,426,525,612
Col15a1,180,88,163,249,323,176
Tgfbr1,5370,2817,5934,4215,7757,4307
Alg2,57,54,72,87,100,134
Sec61b,1382,1200,1806,1623,2000,2471
Nr4a3,70,130,114,64,62,53
Stx17,111,77,138,170,237,155
Erp44,492,336,530,538,598,767
Invs,61,44,60,60,96,98
Tex10,90,98,110,162,260,168
Msantd3,2,1,3,1,0,2
Tmeff1,16,10,21,20,46,10
Murc,1,0,0,1,0,0
Plppr1,3,2,0,3,2,1
Baat,1,1,1,1,0,0
Mrpl50,155,139,174,244,279,275
Zfp189,20,5,27,28,30,21
Tmem246,0,4,4,7,20,7
Rnf20,200,169,232,280,358,334
Grin3a,3,1,9,4,4,2
Smc2os,11,1,7,6,10,6
Smc2,92,78,105,120,127,166
Nipsnap3b,377,272,449,438,583,505
Abca1,1327,966,1731,1355,1579,1949
AI427809,0,2,2,3,1,5
Slc44a1,114,92,157,178,263,136
Fsd1l,4,3,5,7,5,2
Fktn,109,55,100,76,145,82
Tal2,0,0,0,0,1,0
Tmem38b,111,94,138,171,189,128
Zfp462,1,4,6,4,12,3
Rad23b,359,248,439,437,587,584
Klf4,5019,3256,4543,4119,7114,2562
Ikbkap,77,59,85,109,154,140
Fam206a,59,46,61,59,70,78
Ctnnal1,105,57,111,93,157,81
Tmem245,354,192,344,359,532,312
Frrs1l,5,0,3,3,3,4
Epb41l4b,0,1,5,2,9,2
Gm12530,0,0,0,1,0,0
Ptpn3,0,0,1,1,1,0
Palm2,2,0,0,1,2,0
Akap2,1,1,0,0,1,0
Txn1,700,646,902,888,1380,861
Svep1,0,0,0,0,2,0
Musk,0,0,1,0,0,0
Lpar1,9,8,12,14,32,7
AI314180,233,204,310,397,439,339
Ptgr1,76,66,117,124,143,184
Dnajc25,181,114,217,259,343,313
Gng10,618,603,764,1128,813,951
Ugcg,329,259,366,351,496,341
Susd1,6,5,8,15,19,12
Ptbp3,1855,1387,2110,1892,2674,2408
Hsdl2,137,101,167,166,141,229
E130308A19Rik,70,46,72,65,118,79
Inip,102,69,106,204,236,190
Snx30,239,162,263,279,426,270
Slc46a2,57,41,84,51,79,27
Zfp37,28,21,36,27,51,31
Slc31a2,275,202,338,412,486,490
Fkbp15,421,343,474,522,559,657
Slc31a1,320,298,362,427,504,501
Cdc26,572,394,696,722,838,676
Prpf4,95,58,69,152,175,118
Wdr31,1,0,1,1,3,1
Bspry,0,1,1,1,0,2
Hdhd3,14,9,18,26,36,21
Alad,85,52,94,112,130,140
Pole3,88,69,99,113,169,129
4933430I17Rik,1,1,0,0,1,0
Rgs3,888,418,1109,1018,1464,640
Gm11210,0,0,0,2,0,0
Zfp618,0,0,0,0,1,0
Ambp,3,0,0,0,1,0
Kif12,0,0,0,0,1,0
Col27a1,1215,697,1318,1001,1771,1061
Orm1,0,1,0,0,1,0
Orm2,0,0,1,2,2,0
Akna,448,267,509,517,835,493
Aknaos,0,0,0,2,0,0
Whrn,683,349,801,745,970,641
Atp6v1g1,3010,2593,3634,3525,4246,3963
6330416G13Rik,192,132,220,330,338,421
Tnfsf15,0,0,0,1,0,0
Tnfsf8,15,21,20,41,45,41
Tnc,1,0,1,0,2,0
Pappa,0,1,0,0,0,0
Astn2,0,0,2,2,2,0
Trim32,75,40,72,103,125,123
Tlr4,226,165,241,303,314,405
Brinp1,5,2,3,6,13,5
Cdk5rap2,57,48,73,67,114,87
Megf9,23,20,18,49,57,40
Tle1,84,64,113,123,113,150
Frmd3,0,0,1,0,0,0
Kdm4c,93,82,107,121,163,101
A230083N12Rik,2,3,2,6,2,2
Tmem261,273,187,300,329,318,282
Ptprd,32,20,53,69,166,7
Gm11261,0,2,3,0,2,2
Lurap1l,0,0,2,1,1,1
Mpdz,3,3,1,8,19,1
Gm11412,0,0,0,0,1,0
Nfib,22,16,19,27,58,17
Gm11266,1,1,2,1,2,1
Zdhhc21,69,52,67,102,133,92
Frem1,0,0,0,0,1,0
Ttc39b,247,163,238,292,407,272
Snapc3,93,51,84,85,132,113
Psip1,134,102,105,136,239,141
Ccdc171,18,5,24,13,27,23
Bnc2,18,3,18,30,14,10
Cntln,53,24,47,57,60,59
Sh3gl2,2,2,5,6,6,4
Adamtsl1,4,1,5,4,3,0
Rraga,406,283,493,565,625,670
Haus6,39,21,35,45,74,49
Plin2,273,247,316,395,333,687
Dennd4c,105,71,114,110,153,103
Rps6,8396,7428,10963,14305,11635,12072
Acer2,8,8,10,10,15,5
Slc24a2,11,23,24,44,82,12
Mllt3,30,26,33,30,64,58
Focad,25,23,30,42,51,37
Hacd4,309,226,341,396,458,316
Ifnb1,8,3,6,17,3,2
Klhl9,416,294,472,581,593,379
Gm26566,2,2,0,1,5,1
Gm13271,0,0,0,0,1,0
Gm13283,2,1,2,3,1,2
Gm13272,1,0,1,2,2,2
Ifnz,4,0,2,4,2,7
Gm26525,2,7,8,7,3,11
Gm26867,4,4,4,12,9,7
Gm13285,3,1,4,3,1,1
Gm13287,0,0,1,1,0,1
Gm13288,0,0,3,1,1,0
4930553M12Rik,0,0,0,1,0,0
Mtap,144,97,173,214,287,213
Cdkn2a,9,11,6,13,16,8
Cdkn2b,12,15,17,10,19,4
Dmrta1,1,0,0,1,0,0
Elavl2,0,0,2,3,4,1
Gm12666,0,1,0,0,1,0
Tusc1,39,24,42,45,55,77
Caap1,164,111,183,207,256,239
Gm10306,0,1,4,4,7,1
Plaa,215,126,226,273,336,337
Ift74,75,57,93,108,127,79
Lrrc19,0,0,0,0,1,0
Tek,0,0,3,3,14,0
Eqtn,1,0,1,0,1,0
Mysm1,314,238,394,421,537,357
Jun,39820,20540,43993,69377,75260,58945
Junos,58,37,76,79,71,39
Gm12708,10,3,12,23,11,5
Fggy,75,49,78,94,89,84
Hook1,2,1,2,4,4,1
Cyp2j12,5,1,1,6,13,1
Cyp2j6,9,3,11,7,24,2
Cyp2j9,3,3,4,7,10,4
E130114P18Rik,2,3,2,4,4,2
Nfia,898,593,934,816,1224,800
0610025J13Rik,1,1,0,4,5,2
Tm2d1,578,428,633,687,876,700
Inadl,9,9,11,8,16,4
Kank4,0,0,0,1,2,1
Usp1,134,103,132,189,215,203
Dock7,184,133,179,198,223,149
Angptl3,32,26,37,50,35,35
Atg4c,90,60,124,158,144,171
Gm12689,7,9,6,16,15,8
Alg6,76,60,87,98,158,101
Itgb3bp,108,92,103,149,154,142
Efcab7,14,8,8,30,29,12
Pgm2,77,64,96,116,175,126
Ube2u,0,0,1,0,0,0
Cachd1,2,2,0,2,1,1
Raver2,1,1,2,0,1,2
Jak1,1401,1149,1694,1652,2082,1844
E130102H24Rik,140,83,194,98,243,66
0610043K17Rik,0,0,0,1,1,0
Ak4,2,1,4,6,10,1
Dnajc6,4,8,2,5,10,0
Leprot,751,518,971,987,1128,1319
Lepr,2,1,2,0,1,0
Pde4b,466,466,413,466,483,406
Sgip1,20,27,21,20,35,19
Tctex1d1,0,0,0,0,1,0
Wdr78,12,4,4,8,12,10
Mier1,591,430,730,783,1091,866
Slc35d1,52,25,52,46,82,77
Gm44037,0,2,3,2,0,2
Oma1,381,251,432,492,558,551
Dab1,9,3,3,9,17,5
Prkaa2,19,13,22,25,43,27
Plpp3,99,76,100,109,219,130
Usp24,402,232,472,417,595,340
Pcsk9,0,0,1,0,0,0
Dhcr24,3,4,4,3,14,6
Pars2,7,3,16,19,20,12
Ttc4,180,110,218,219,315,226
Mroh7,1,1,1,2,4,2
Acot11,8,6,7,11,17,9
Ssbp3,238,217,273,248,327,394
Mrpl37,103,84,122,117,174,236
Cyb5rl,35,22,40,57,54,47
Gm12802,10,3,12,16,15,12
Tceanc2,109,70,126,172,207,160
Tmem59,3872,2782,4605,4547,4932,5330
Lrrc42,48,22,50,72,111,79
Hspb11,166,154,182,221,238,180
Yipf1,473,372,537,594,698,719
Ndc1,23,27,25,27,49,44
Dmrtb1,0,0,0,0,4,2
4933424M12Rik,25,19,34,34,30,23
Lrp8,5,0,6,3,9,2
Magoh,679,492,738,849,1008,855
0610037L13Rik,369,264,440,471,577,401
Cpt2,54,36,71,113,116,125
Podn,0,0,0,0,1,0
Scp2,1171,976,1442,1478,1602,1468
Echdc2,0,2,0,2,7,1
Zyg11b,296,204,290,329,450,321
Coa7,80,45,87,109,105,117
Fam159a,2,2,1,3,2,1
Gpx7,9,10,4,19,17,5
Zcchc11,495,314,520,625,842,511
Prpf38a,335,216,336,421,455,428
Orc1,1,0,0,3,4,0
Cc2d1b,173,157,202,266,357,367
Gm17354,34,33,39,40,52,45
Zfyve9,63,49,75,75,85,101
3110021N24Rik,4,3,5,5,3,6
Btf3l4,621,460,803,942,900,844
Txndc12,342,253,410,394,506,479
A730015C16Rik,1,0,0,0,0,2
Kti12,93,54,113,167,180,167
Rab3b,0,0,2,0,4,1
Nrd1,449,296,499,540,685,605
Osbpl9,562,392,668,625,837,791
Calr4,0,1,0,1,0,0
Eps15,299,250,296,386,474,360
Ttc39a,0,1,0,2,0,0
Rnf11,345,225,414,443,614,485
Cdkn2c,42,25,63,67,76,25
Faf1,207,152,235,252,278,261
Dmrta2os,0,0,1,0,0,0
Dmrta2,1,3,4,1,5,4
Elavl4,28,15,40,126,102,53
Agbl4,0,0,1,0,0,1
Bend5,90,47,114,132,168,57
Spata6,86,42,58,84,90,90
Skint3,10,8,7,13,14,25
Trabd2b,1,0,0,0,0,1
Gm12830,0,1,0,0,0,0
Foxd2,9,4,9,10,8,6
Cmpk1,680,524,849,928,927,898
Tal1,198,159,291,330,300,277
Pdzk1ip1,3,5,6,3,3,3
Cyp4x1,1,0,0,2,1,0
Cyp4x1os,0,0,0,0,1,0
Efcab14,330,245,415,455,559,533
Tex38,1,1,0,0,0,0
Atpaf1,96,83,113,166,180,138
Mob3c,1069,747,1131,1696,1761,1383
Mknk1,759,555,794,1069,1266,1188
Gm29434,1,1,0,2,1,1
Kncn,1,2,4,3,5,10
6430628N08Rik,1,0,0,2,0,2
Faah,2,1,3,4,13,2
Nsun4,114,79,112,120,180,148
Uqcrh,2659,2459,3542,3310,3620,3373
Lrrc41,187,124,228,224,267,278
Rad54l,6,8,6,7,7,3
Pomgnt1,167,94,160,204,215,213
Lurap1,4,4,2,8,4,4
Tspan1,1,0,0,1,0,0
Pik3r3,19,5,8,21,21,12
Mast2,90,58,107,92,132,81
Ipp,36,18,57,46,61,50
Tmem69,31,25,37,35,37,73
Gm12953,2,1,0,1,0,2
Gpbp1l1,316,243,408,387,544,361
Ccdc17,35,11,26,33,44,38
Nasp,367,263,412,603,647,581
Akr1a1,2532,1977,3196,3594,3743,4323
Prdx1,2150,1973,2645,3104,3582,3600
Mmachc,27,20,34,28,43,39
Ccdc163,56,33,81,65,85,107
Tesk2,18,17,21,36,41,60
Toe1,142,88,165,217,253,222
Mutyh,26,7,28,34,41,29
Gm12996,0,0,0,0,0,1
Zswim5,13,7,23,30,33,16
Urod,185,132,230,245,291,362
Hectd3,88,57,115,118,161,137
Eif2b3,179,107,157,180,232,219
Ptch2,0,0,0,0,1,0
Btbd19,126,76,158,178,225,258
Tctex1d4,4,8,2,11,19,7
Plk3,1058,653,1203,1339,1562,2826
Rps8,15642,15443,19721,24806,24846,29653
Kif2c,19,39,8,54,26,47
Gm1661,0,0,1,0,2,0
Tmem53,23,8,24,16,45,11
Rnf220,252,181,278,314,539,358
Gm12843,1,0,0,0,0,0
Eri3,217,147,198,258,375,333
Dmap1,123,73,123,194,183,164
Gm12840,116,180,191,137,263,531
Slc6a9,7,8,9,13,76,7
Ccdc24,0,0,0,1,0,1
B4galt2,6,1,3,2,11,1
Atp6v0b,4738,3652,5735,5644,6536,6799
Dph2,32,10,36,47,67,51
Ipo13,123,95,159,153,231,257
Artn,1,0,0,2,0,2
St3gal3,93,70,84,132,135,159
9530034E10Rik,27,12,34,42,24,34
Kdm4a,168,140,192,252,284,283
Ptprf,3,3,11,2,20,2
Szt2,47,25,51,55,72,52
Med8,351,270,454,527,582,513
Elovl1,361,301,487,623,764,987
Cdc20,9,2,3,13,15,10
Tie1,1,1,3,1,8,0
Tmem125,5,3,8,5,15,2
Cfap57,1,0,1,0,2,1
Ebna1bp2,366,308,468,481,568,561
Gm12863,3,1,0,0,4,2
Lao1,0,0,0,0,1,2
Gm12865,1,0,0,0,0,0
Gm12862,0,0,1,1,0,1
Slc2a1,370,324,485,467,531,533
Gm12867,0,2,1,1,0,0
Gm12868,1,0,1,0,0,0
Zfp691,427,219,508,325,447,569
Ermap,26,23,20,40,32,51
Svbp,540,493,721,867,887,869
AU022252,82,61,82,100,160,139
4930538K18Rik,0,0,0,0,1,0
P3h1,25,23,25,39,57,64
Gm12927,0,0,0,0,0,1
Cldn19,0,0,0,1,0,0
Ybx1,2032,1684,2517,2971,3292,3413
Ppih,92,66,111,138,163,173
Ccdc30,0,1,2,1,2,0
Ppcs,48,29,60,124,130,81
Zmynd12,0,3,2,0,3,0
Rimkla,0,1,0,1,1,0
AA415398,16,15,16,24,31,13
Foxj3,172,137,203,223,261,194
Hivep3,499,316,591,718,986,624
Foxo6,3,2,0,3,4,0
Scmh1,160,90,172,210,268,183
Slfnl1,0,0,1,1,0,1
Ctps,47,32,54,58,79,65
Gm12860,0,0,1,0,0,0
Cited4,0,2,1,1,2,2
Kcnq4,0,0,0,1,1,0
Nfyc,146,92,149,173,233,257
Rims3,9,5,6,13,20,10
Exo5,57,23,63,71,93,55
Zfp69,42,19,36,54,72,43
Smap2,3118,2215,4007,3505,4908,3573
Col9a2,7,1,2,3,9,1
Zmpste24,253,200,271,297,414,436
Rlf,220,143,214,266,337,204
Ppt1,1641,1331,1807,1900,2688,2710
Cap1,877,593,1075,1469,1615,1238
Mfsd2a,7,6,7,3,21,3
Mycl,111,68,93,98,111,55
Trit1,221,144,217,319,402,250
Bmp8b,0,0,0,1,0,0
Ppie,176,153,222,227,288,249
Hpcal4,0,4,6,5,14,3
Heyl,0,1,1,1,0,0
Pabpc4,250,122,263,326,336,306
Bmp8a,1,0,0,0,0,1
Macf1,1667,1197,1953,1936,2668,1616
Gm12925,1,1,0,1,3,1
Ndufs5,883,703,1046,840,1211,1246
Akirin1,1128,831,1391,1604,1730,1362
Rhbdl2,0,0,2,0,0,0
Gm26606,18,12,22,23,25,23
Mycbp,116,88,114,137,192,196
Gm12905,2,3,1,1,2,2
Rragc,652,410,783,889,1033,823
4930535I16Rik,1,0,0,0,0,1
3100002H09Rik,0,0,1,0,2,0
Pou3f1,17,11,22,27,58,17
Utp11l,637,481,805,792,1051,816
Fhl3,85,53,103,48,153,42
Sf3a3,300,201,355,366,453,449
Inpp5b,70,48,88,88,139,112
Mtf1,133,99,188,211,224,241
1110065P20Rik,149,110,187,191,302,185
Yrdc,400,274,439,665,735,590
Maneal,2,1,2,2,2,6
Epha10,0,1,0,0,2,0
Cdca8,4,4,6,1,7,15
Rspo1,24,27,31,72,47,23
Gnl2,209,186,312,367,419,444
Dnali1,2,1,3,0,3,1
Snip1,110,81,132,188,212,199
Gm12932,0,0,1,2,4,3
Meaf6,362,249,435,423,486,491
Zc3h12a,697,573,909,1044,999,1363
Grik3,4,1,2,2,4,4
Csf3r,1384,1069,1638,2040,1935,2332
Mrps15,599,529,752,758,903,1220
Oscp1,73,65,99,146,146,119
Lsm10,361,249,438,550,530,495
Stk40,420,295,476,397,586,508
Eva1b,419,268,448,541,685,487
Sh3d21,19,12,9,10,17,7
Thrap3,613,447,733,774,1014,727
Map7d1,539,381,646,725,1009,916
Trappc3,469,348,645,629,749,692
Col8a2,2,1,1,1,3,0
Adprhl2,224,130,245,348,384,279
Tekt2,1,0,2,0,1,0
Ago3,242,159,253,276,352,254
Ago1,286,162,314,358,484,267
Ago4,128,59,130,105,142,127
Clspn,19,15,24,29,44,15
5730409E04Rik,36,27,62,39,70,51
Psmb2,1054,747,1208,1261,1542,1689
Ncdn,83,57,91,126,167,146
AU040320,171,128,202,183,262,233
Zmym4,234,130,234,264,373,189
Sfpq,2009,1516,2439,2676,3006,3536
Zmym1,34,23,46,67,90,72
Zmym6,36,22,47,48,55,43
Gm12942,94,80,101,135,135,151
Dlgap3,2,3,2,2,7,2
Smim12,207,142,240,281,369,343
Gja4,1,0,0,0,2,1
CK137956,0,0,0,0,0,1
Csmd2,0,3,2,3,7,1
Zscan20,9,14,20,27,29,25
Tlr12,115,59,153,135,170,157
Gm12958,0,0,0,0,1,0
Phc2,442,296,501,613,758,719
A3galt2,12,4,3,19,8,9
Zfp362,74,56,95,100,147,108
Trim62,27,17,19,35,20,36
Azin2,8,4,6,13,7,19
Ak2,485,372,599,739,757,658
1700086P04Rik,11,7,13,28,21,11
Rnf19b,2443,1922,3052,2304,3073,2351
Tmem54,0,2,1,0,1,0
Hpca,10,12,11,11,30,7
Fndc5,6,2,7,13,3,8
S100pbp,93,77,124,114,190,130
Yars,127,97,144,222,248,295
C77080,0,0,1,1,1,3
Gm12976,1,0,4,0,1,0
Sync,0,1,0,2,0,0
Rbbp4,921,638,1079,1141,1368,1186
Gm26722,8,5,19,14,24,3
Zbtb8os,281,211,304,278,366,370
Zbtb8a,19,21,24,48,54,26
Zbtb8b,0,0,0,0,1,0
Bsdc1,275,168,298,345,438,357
Tssk3,1,0,1,1,2,0
Fam229a,0,1,1,0,4,2
Gm12979,0,0,1,0,0,1
Marcksl1,4115,2635,4339,5810,5928,8656
Hdac1,492,362,562,652,854,807
Lck,10,4,9,11,14,8
Fam167b,533,305,564,684,585,666
Eif3i,801,668,952,1325,1323,1285
Tmem234,1129,857,1365,1624,1755,1606
Dcdc2b,7,3,12,5,12,3
Iqcc,44,29,52,53,53,45
Ccdc28b,244,161,242,345,391,363
Txlna,295,190,343,409,538,522
Kpna6,133,93,151,143,202,160
Tmem39b,137,93,144,150,207,226
Khdrbs1,763,535,878,1239,1359,1136
Ptp4a2,1941,1276,2049,2478,3118,2367
1700003M07Rik,0,0,0,0,1,0
Adgrb2,9,7,14,14,38,8
Col16a1,5,1,3,9,18,2
Pef1,151,109,194,177,207,233
Tinagl1,11,1,12,9,19,10
Serinc2,0,1,1,0,2,0
Fabp3,23,9,18,19,20,16
Zcchc17,329,255,409,391,446,445
Snrnp40,298,217,427,410,479,428
Nkain1,1,0,4,2,1,2
Pum1,541,384,612,677,1010,677
Sdc3,120,149,183,205,306,417
Gm26716,0,0,0,0,1,0
Laptm5,12715,8710,14924,13019,17353,16996
Matn1,0,0,0,3,1,1
Ptpru,2,3,3,1,7,2
Mecr,67,60,76,86,102,102
Srsf4,224,149,227,294,400,359
Epb41,163,129,215,160,240,165
Gm13063,0,0,0,2,1,1
Gm10300,2,1,0,0,0,0
Ythdf2,706,500,734,852,1155,1059
Gmeb1,225,163,262,379,397,355
Gm28874,80,54,96,106,118,98
Taf12,338,231,411,332,414,461
Rab42,9,5,8,17,24,10
Snhg12,756,486,766,2140,2078,1104
Trnau1ap,260,234,316,430,534,321
Rcc1,55,33,66,77,94,68
Gm17300,1,0,4,0,8,0
Phactr4,193,129,223,217,358,176
Med18,26,6,15,33,54,37
Sesn2,119,73,105,180,182,170
Gm12981,8,1,9,8,15,6
Atpif1,1802,1515,2137,2079,2923,2642
Gm12999,2,2,0,2,2,1
Dnajc8,896,702,976,1070,1490,1221
Ptafr,1120,873,1404,1047,1503,1445
Eya3,79,33,83,100,124,109
Xkr8,30,27,27,46,62,74
Smpdl3b,91,50,88,122,208,140
Rpa2,69,38,58,104,144,133
Themis2,429,324,464,506,664,498
Ppp1r8,91,65,109,120,159,142
Stx12,416,299,432,525,631,600
Fam76a,360,265,439,521,644,575
Fgr,15,10,42,31,44,52
Ahdc1,101,70,99,114,208,130
Gm26615,14,15,15,27,26,26
Wasf2,1936,1384,2180,2554,3515,2014
Gpr3,2,1,5,4,5,4
Cd164l2,0,1,1,3,5,2
Map3k6,5,8,2,1,6,5
Sytl1,1,3,3,4,4,1
Tmem222,323,207,367,495,509,506
Wdtc1,92,71,124,104,168,149
Slc9a1,132,116,171,175,239,171
Fam46b,0,0,0,2,0,1
Trnp1,4,1,13,7,18,11
Kdf1,0,0,1,0,0,0
Nudc,852,643,1105,988,1229,1249
Nr0b2,1,0,0,0,0,3
Gpatch3,53,39,62,104,104,102
Gpn2,82,83,103,144,192,155
Sfn,1,1,3,5,7,5
Zdhhc18,105,62,125,105,189,158
Pigv,199,109,196,268,273,320
Arid1a,1327,886,1511,1752,2312,1592
Gm12974,0,0,2,1,1,0
Rps6ka1,1126,715,1272,1595,1836,2043
Gm12977,0,0,0,1,0,0
Hmgn2,1373,1027,1824,1668,1797,2580
Dhdds,142,107,154,151,163,233
Zfp683,0,0,0,0,0,1
Aim1l,0,0,1,0,1,0
Cd52,1749,2420,3767,2626,2943,5135
Ubxn11,3,4,8,10,27,7
Sh3bgrl3,5534,4939,6100,6784,7901,8766
Cep85,166,116,191,211,274,147
Cnksr1,0,0,0,0,1,0
Zfp593,228,212,304,452,448,431
E130218I03Rik,0,0,1,0,0,0
RP23-354H24.9,0,0,0,0,0,1
Grrp1,1,0,2,3,5,1
Pdik1l,65,35,86,152,151,118
Extl1,2,0,1,0,3,1
Pafah2,25,10,21,31,30,22
1700021N21Rik,1,1,0,1,2,0
Stmn1,454,367,557,537,844,395
Paqr7,570,395,657,785,815,920
Aunip,2,3,2,2,1,0
Mtfr1l,693,449,821,829,988,846
Sepn1,105,120,120,180,263,215
Man1c1,825,494,991,1045,1184,1418
Ldlrap1,141,94,194,179,227,212
Tmem57,185,134,207,310,339,218
Rhd,0,1,0,1,0,0
Tmem50a,3185,2392,3864,3278,4233,4597
Rsrp1,3585,1561,3739,7912,5773,2968
Syf2,1104,784,1367,1251,1508,1391
Gm16225,0,0,0,1,0,0
Runx3,0,1,1,0,4,1
Clic4,231,310,271,311,332,158
Srrm1,979,652,1146,1248,1663,1326
Ncmap,1,3,3,0,4,0
Rcan3,80,51,115,104,160,110
Nipal3,67,38,76,59,122,66
Stpg1,4,1,5,4,5,2
Ifnlr1,0,1,0,0,0,0
Srsf10,667,470,780,789,1022,837
Pnrc2,596,341,644,772,858,753
Cnr2,28,29,46,65,60,59
Fuca1,1131,888,1542,1707,1862,1787
Hmgcl,538,377,597,676,816,660
Gale,20,15,20,27,35,50
Lypla2,198,158,234,238,367,360
Pithd1,246,168,278,281,420,345
Tceb3,516,317,569,720,868,737
Gm13008,1,0,1,1,0,0
Gm24362,14,5,15,18,34,35
Rpl11,11154,9992,14997,17249,15964,16274
Id3,35,29,35,33,65,27
E2f2,17,13,17,37,20,24
Asap3,87,39,102,140,193,96
Tcea3,0,2,4,0,1,0
Zfp46,23,8,21,42,56,47
Hnrnpr,600,443,714,750,848,636
Gm27022,0,1,1,1,0,2
6030445D17Rik,0,0,0,1,0,0
Luzp1,179,128,222,260,251,185
Kdm1a,307,178,386,374,506,360
Ephb2,0,1,2,3,0,2
C1qb,66942,70273,80966,91401,92583,124421
C1qc,47144,43101,56678,60472,67732,86809
C1qa,70495,69723,84724,95831,101029,130191
Epha8,0,0,0,0,1,0
Zbtb40,42,28,32,35,46,52
Wnt4,27,9,15,10,27,10
Cdc42,6769,4705,7866,8034,8841,8719
2810405F17Rik,32,16,27,48,43,40
Hspg2,2,1,2,2,1,0
Usp48,260,190,311,343,433,354
Rap1gap,19,17,37,45,67,21
Alpl,1,1,0,2,5,1
Ece1,40,35,48,53,81,54
Gm13012,3,1,2,4,14,1
Eif4g3,561,422,613,792,939,783
2310026L22Rik,0,0,1,0,0,3
Hp1bp3,579,392,735,696,911,644
Sh2d5,2,2,8,8,21,2
Kif17,0,2,0,1,2,1
Ddost,1054,885,1390,1833,1953,2489
Pink1,498,315,482,539,699,642
Fam43b,0,0,1,2,0,0
AB041806,0,0,0,0,1,0
Mul1,224,159,275,291,381,355
Camk2n1,1634,1198,1686,2127,2470,2100
Vwa5b1,0,1,0,1,3,1
Ubxn10,0,1,0,1,2,0
Pla2g2f,0,1,0,0,0,0
Pla2g2d,0,0,0,1,2,0
Pla2g5,1,0,1,0,0,0
Otud3,49,36,47,74,86,71
Tmco4,48,30,59,49,81,74
Htr6,0,0,0,0,1,0
Nbl1,70,17,75,47,61,40
Minos1,1205,924,1361,1203,1775,1289
Gm16287,19,13,16,24,19,18
Capzb,2238,1615,2923,2855,3494,4173
Pqlc2,112,72,139,180,184,297
Akr7a5,274,157,343,336,427,412
Mrto4,268,198,323,444,487,461
Emc1,212,170,225,279,368,341
Ubr4,256,193,289,221,341,301
2700016F22Rik,50,36,48,61,55,23
Iffo2,153,93,158,252,267,220
Aldh4a1,73,56,67,88,110,72
4933427I22Rik,1,0,0,0,1,0
Klhdc7a,1,2,1,2,4,1
Igsf21,2,4,2,3,17,3
Arhgef10l,74,50,120,119,141,92
Rcc2,376,231,473,522,599,479
Padi3,0,3,4,3,2,4
Padi2,256,203,312,333,458,401
Gm13031,9,4,13,7,12,14
Sdhb,902,637,975,1252,1274,1476
Atp13a2,310,221,375,532,508,826
Mfap2,1,0,1,3,6,1
Crocc,19,4,13,21,32,17
Necap2,862,688,1012,1386,1335,1302
Szrd1,288,246,347,366,499,411
4921514A10Rik,2,1,1,2,5,2
Fbxo42,110,51,124,123,170,142
Rsg1,0,1,0,0,0,0
Arhgef19,3,0,12,9,20,3
Gm13056,0,0,0,2,1,1
Epha2,599,367,705,698,823,622
Gm13075,11,15,13,11,28,1
Hspb7,0,1,0,0,0,0
Gm694,0,0,0,1,3,5
Zbtb17,80,48,96,91,129,115
Spen,287,179,311,284,402,339
Fblim1,118,89,154,185,154,150
Tmem82,11,7,11,6,22,5
Slc25a34,0,3,1,2,4,2
Plekhm2,243,190,297,327,443,335
Ddi2,294,241,399,476,664,473
Agmat,0,0,0,0,3,0
Dnajc16,97,90,113,121,236,157
Casp9,119,90,125,128,163,138
Efhd2,5404,4074,6111,5448,7821,5984
Gm29367,23,23,36,46,38,31
Fhad1os2,0,3,1,0,0,0
Fhad1,64,54,94,97,115,59
4930455G09Rik,0,1,0,1,0,1
Tmem51,5,0,0,2,1,2
Kazn,9,6,20,7,31,3
Prdm2,268,165,304,387,409,272
Pdpn,0,0,0,0,7,3
Lrrc38,0,0,1,0,0,0
Pramef8,49,27,55,53,85,77
1700012P22Rik,0,0,0,0,1,0
Dhrs3,1134,726,1450,1340,1353,2285
Vps13d,130,87,168,161,186,158
Tnfrsf1b,660,487,787,695,935,931
Tnfrsf8,0,1,2,2,0,0
Gm13212,19,14,33,38,29,49
Gm13051,0,0,1,0,0,0
Gm13166,31,16,34,47,192,47
Gm13251,130,119,176,253,237,206
Gm13247,0,0,0,1,0,0
Gm26880,1,0,0,4,4,0
Gm13248,36,21,35,33,64,50
C230088H06Rik,0,1,1,0,0,0
4933438K21Rik,0,0,1,0,0,0
Gm13139,129,96,180,249,343,227
Gm26624,8,2,9,11,17,4
Gm13152,1,2,3,5,4,1
Gm16503,2,0,0,1,5,0
2610305D13Rik,0,0,0,1,2,0
Gm16211,1,0,0,0,1,1
Gm13157,129,105,168,210,191,246
Gm20707,80,48,79,87,107,71
Zfp933,34,24,53,38,73,55
Miip,134,89,141,237,244,177
Fv1,0,0,3,0,0,0
Mfn2,99,66,109,89,141,165
Plod1,821,526,866,1110,1288,1470
2510039O18Rik,433,292,530,563,655,875
Nppa,0,1,0,0,1,0
Gm13054,2,1,2,2,1,0
Clcn6,69,35,77,92,161,77
Mthfr,61,40,62,122,105,80
Agtrap,83,66,111,121,171,172
Mad2l2,130,94,164,153,211,254
Fbxo6,194,157,253,322,313,388
Fbxo44,15,14,27,22,65,12
Fbxo2,17,12,21,29,51,16
Ptchd2,0,0,1,0,3,0
Ubiad1,23,20,21,35,41,31
Mtor,91,63,72,87,125,86
Angptl7,59,20,57,60,70,40
Exosc10,208,106,230,229,299,327
Gm13209,6,4,9,1,2,4
Srm,401,278,443,610,687,752
Masp2,1,1,5,3,4,2
Tardbp,462,339,498,601,781,533
Gm572,0,0,0,0,0,3
Casz1,27,14,20,44,53,39
Gm13205,11,14,15,28,21,18
Gm17029,0,0,1,0,0,2
Pex14,204,130,237,256,327,291
Dffa,50,46,55,57,92,97
Apitd1,29,20,26,33,37,27
Pgd,547,405,635,800,938,1061
Kif1b,334,271,383,445,686,401
Ube4b,155,106,178,202,245,150
Ube4bos1,1,0,0,0,5,0
Rbp7,0,0,0,0,1,0
Nmnat1,35,21,35,51,59,66
Lzic,148,101,170,196,248,159
Ctnnbip1,413,333,423,504,677,525
Clstn1,505,284,575,465,705,417
Pik3cd,479,403,561,573,745,694
Tmem201,83,43,77,94,123,65
Slc25a33,538,348,708,598,636,500
Gm13068,0,1,0,0,0,0
Gm13073,2,1,1,1,4,2
Spsb1,253,212,320,457,582,622
H6pd,79,53,107,140,158,146
Gm13067,0,0,0,0,0,1
Gpr157,143,96,126,242,259,116
Slc2a5,2467,1441,2872,2234,2878,2556
Car6,0,0,0,1,1,0
Eno1,1516,1143,1918,1532,2128,2529
Rere,529,327,639,735,867,586
Gm13091,2,6,6,10,9,14
Slc45a1,0,2,1,1,5,1
Errfi1,705,439,752,938,1042,919
Park7,1577,1265,1979,2161,2438,2348
Tnfrsf9,0,0,0,1,1,0
Camta1,134,102,164,183,231,163
Per3,105,96,162,523,590,142
Vamp3,938,674,1160,1255,1612,1345
Dnajc11,130,81,150,178,274,221
Thap3,298,184,328,419,531,338
Phf13,100,75,152,186,215,143
Klhl21,66,51,91,85,142,95
Zbtb48,52,30,75,107,113,82
Nol9,55,34,67,141,104,68
Plekhg5,52,41,58,67,60,68
Tnfrsf25,1,3,2,3,5,6
Espn,27,17,23,34,15,24
Acot7,45,40,64,49,104,40
Gpr153,4,0,4,5,5,3
Hes3,0,0,1,0,0,0
Icmt,72,54,103,77,137,146
Rnf207,0,0,0,1,1,0
Rpl22,6864,6433,9021,8209,9745,9499
Chd5,1,5,9,1,10,2
Kcnab2,2,4,4,7,12,5
Nphp4,1,2,3,1,1,3
Ajap1,1,0,1,1,0,0
A430005L14Rik,220,163,257,354,411,374
Dffb,33,22,33,71,70,24
Cep104,77,58,81,99,123,97
Lrrc47,143,94,176,165,243,231
Smim1,173,125,197,162,271,159
Trp73,1,2,5,0,5,0
Wrap73,115,67,131,167,217,188
Tprgl,984,659,1155,1112,1339,1276
Megf6,1,0,2,0,1,0
Arhgef16,0,1,0,0,0,0
Prdm16,13,7,15,11,25,34
B230104I21Rik,0,0,0,0,1,0
Gm13111,1,0,4,2,2,3
Ttc34,0,1,1,0,0,1
Fam213b,336,201,374,479,548,400
Tnfrsf14,6,0,7,5,9,2
Hes5,8,1,9,7,18,3
Pank4,43,50,73,81,88,65
Plch2,1,0,0,2,7,0
Pex10,74,34,76,66,104,70
Rer1,1270,1026,1497,1541,1757,1728
Morn1,8,5,9,11,21,18
Ski,1988,1331,2190,2400,3170,2480
Faap20,302,221,324,378,351,384
Prkcz,46,37,58,70,107,46
Gm27200,0,3,2,1,0,1
Gabrd,8,6,10,6,14,3
Cfap74,186,88,192,179,239,121
Tmem52,102,68,125,174,160,74
Gnb1,1566,1212,1695,1862,1956,2152
Nadk,358,240,491,463,564,573
Slc35e2,76,60,77,91,99,70
Cdk11b,401,294,506,477,748,574
Mmp23,21,5,17,9,22,19
Mib2,231,140,279,287,322,367
B930041F14Rik,7,8,15,26,22,33
Ssu72,942,662,1057,1206,1365,1139
1500002C15Rik,6,19,12,15,14,6
Tmem240,4,2,10,11,16,7
Atad3a,169,101,178,271,284,246
Atad3aos,3,5,7,4,11,4
Vwa1,8,7,5,14,22,5
Gm26840,0,0,0,1,2,1
Tmem88b,20,15,32,39,120,13
Mrpl20,519,449,638,777,921,719
Ccnl2,700,475,799,991,1135,993
Aurkaip1,546,401,627,772,883,803
Mxra8,3,8,7,5,9,5
Dvl1,128,75,161,200,211,243
Tas1r3,0,2,3,1,5,2
Cptp,37,22,41,69,64,67
Cpsf3l,168,130,247,267,286,289
Pusl1,90,59,85,153,154,115
Acap3,40,25,44,61,78,82
Ube2j2,444,342,517,589,739,647
Fam132a,10,12,10,17,17,8
B3galt6,103,91,154,181,215,179
Sdf4,1485,1181,1888,1914,1973,2453
Tnfrsf4,3,1,7,2,7,8
Gm16008,0,0,0,0,0,3
Ttll10,1,0,0,0,1,0
9430015G10Rik,41,26,47,48,69,63
Agrn,18,19,29,47,72,28
Isg15,123,171,243,234,233,915
AW011738,13,6,13,20,30,22
Perm1,2,0,0,1,1,3
Plekhn1,10,8,12,18,24,13
Klhl17,107,70,133,151,235,182
Noc2l,328,254,409,456,521,630
Samd11,1,0,0,1,4,0
Cdk6,310,275,338,411,664,352
Gm17590,5,11,3,5,11,2
Gm42435,13,20,17,15,13,20
Fam133b,453,349,593,522,882,662
1700109H08Rik,13,9,16,12,12,8
Rbm48,71,51,115,121,139,106
2510017J16Rik,18,17,15,31,39,18
Pex1,55,47,66,42,72,67
Gm43825,1,0,1,0,1,1
4833413G10Rik,4,3,9,10,7,8
Gatad1,330,243,386,435,479,458
Ankib1,133,89,165,193,251,158
Krit1,339,234,447,379,514,492
Lrrd1,1,1,1,4,6,2
Mterf1a,29,16,22,42,59,22
Akap9,427,398,577,628,769,692
Cyp51,86,42,89,95,122,83
Mterf1b,3,9,17,22,17,8
Fzd1,0,2,0,0,3,1
Gm42744,1,0,0,0,0,0
Cdk14,130,113,156,173,255,182
Cldn12,12,1,5,13,18,9
Gtpbp10,53,39,52,73,90,62
Cfap69,0,1,5,0,6,0
Steap2,0,1,4,2,1,1
Steap1,1,1,5,2,0,0
Gm26825,34,22,45,35,54,20
Gm15731,0,0,0,1,0,0
Sri,810,758,1097,1113,1141,1348
Adam22,17,8,21,10,31,20
Dbf4,67,37,92,116,118,121
Slc25a40,38,38,50,60,57,69
Rundc3b,2,0,1,0,4,1
Abcb1a,0,1,1,2,15,1
Gm5106,2,1,1,0,2,0
Abcb1b,316,294,387,461,686,384
Abcb4,153,68,170,160,280,140
Crot,291,237,367,347,493,513
Gm15611,1,0,2,2,2,0
Tmem243,1310,967,1494,1572,2008,1511
Dmtf1,481,318,546,634,755,491
9330182L06Rik,0,1,2,8,9,2
Grm3,3,0,6,11,8,4
Gm8953,1,0,0,0,0,0
Sema3d,4,2,5,4,4,1
Sema3a,0,0,0,0,1,0
Sema3e,0,0,3,1,2,0
Pclo,4,3,7,6,9,1
Gm3510,0,0,1,1,0,0
Cacna2d1,3,3,5,3,12,4
Hgf,3,3,6,6,4,8
Sema3c,0,1,3,1,5,0
Cd36,1,5,3,0,0,0
Gnai1,6,8,12,19,35,9
4921504A21Rik,0,1,0,0,2,0
Magi2,7,7,11,14,11,4
Phtf2,68,43,69,75,138,73
Tmem60,270,219,306,371,496,466
Rsbn1l,707,472,781,996,1160,891
A630072M18Rik,41,34,52,64,71,54
Ptpn12,110,82,130,93,198,145
Gsap,253,148,352,248,407,323
Ccdc146,2,4,1,1,4,11
Fgl2,109,209,133,263,170,421
Fam185a,17,21,42,31,38,57
Fbxl13,1,1,0,1,3,0
Armc10,94,68,132,135,185,139
Napepld,7,7,6,8,13,16
Pmpcb,404,263,509,526,578,538
Dnajc2,411,324,457,570,644,545
Psmc2,848,597,1049,1142,1342,1200
Reln,2,3,4,2,16,0
Orc5,64,38,74,84,98,101
6030443J06Rik,1,0,2,2,0,2
A930003O13Rik,0,0,0,1,0,0
Lhfpl3,9,4,16,11,28,1
5031425E22Rik,205,124,233,291,333,279
Kmt2e,1240,796,1309,1592,2121,1636
Srpk2,411,319,490,570,662,564
Pus7,49,45,69,88,105,80
Rint1,36,45,67,59,90,98
Tomm7,1548,1221,1877,1182,2520,2107
2700038G22Rik,61,40,58,146,149,132
Fam126a,165,106,188,166,268,222
Klhl7,317,188,405,484,539,259
Nupl2,56,41,61,102,93,85
Kcnh2,1,1,4,0,4,1
Nos3,7,3,3,3,20,1
Gm15587,0,0,1,1,2,0
Atg9b,0,0,0,1,0,0
Abcb8,59,45,74,92,96,132
Asic3,1,1,1,2,3,0
Cdk5,119,104,152,183,251,238
Slc4a2,128,85,164,167,227,258
Fastk,239,171,288,346,400,395
Tmub1,53,46,86,88,119,140
2310074N15Rik,0,0,0,1,1,3
Agap3,129,84,164,177,223,315
Gbx1,0,0,0,0,1,0
Asb10,60,31,78,87,111,45
Abcf2,241,148,294,329,388,396
Chpf2,94,72,105,195,205,236
Smarcd3,20,14,22,28,42,47
Nub1,419,285,528,513,644,608
Gm26648,0,1,3,1,1,0
Wdr86,1,2,4,0,2,0
Crygn,2,1,1,0,8,1
Rheb,1695,1240,1992,2084,2405,1898
Prkag2,28,26,31,37,54,51
1500035N22Rik,2,0,0,1,2,0
Galnt11,247,168,279,294,403,281
E130116L18Rik,0,0,0,0,0,1
Kmt2c,628,395,638,676,804,715
4831440E17Rik,2,2,1,4,5,2
1700096K18Rik,51,53,73,93,85,78
Xrcc2,11,6,13,11,20,14
Actr3b,5,3,2,7,13,5
Gm21671,0,1,0,0,0,0
Speer4a,0,0,0,1,0,0
Gm7361,1,0,1,0,6,0
Dpp6,3,4,4,2,12,2
Gm16058,0,0,0,0,2,0
Paxip1,73,55,79,102,127,97
Insig1,190,127,177,278,274,243
En2,1,1,1,3,2,1
Cnpy1,0,0,0,0,1,0
Rbm33,310,218,338,373,547,356
Shh,0,2,0,0,1,0
Rnf32,0,1,0,1,2,0
Lmbr1,29,19,39,40,45,49
4632411P08Rik,1,1,1,1,0,0
Nom1,134,77,164,217,216,206
Ube3c,166,121,200,215,247,238
Gm5129,2,3,4,3,7,6
Dnajb6,1512,1171,1793,1674,2019,1971
Gm42450,0,0,0,0,1,0
Gm42806,1,0,0,1,0,0
Il6,232,145,229,152,294,143
Tyms,86,70,97,109,154,121
Gm4961,3,1,3,5,9,3
3110082J24Rik,0,0,4,2,11,0
Gareml,1,1,0,3,12,3
Hadha,558,406,676,807,985,928
Hadhb,576,427,728,763,844,761
Adgrf3,0,1,0,0,0,0
Ept1,58,34,64,66,112,77
Drc1,3,2,2,0,5,2
1700001C02Rik,1,4,2,3,9,0
Kcnk3,3,0,3,2,4,2
Slc35f6,270,183,347,389,478,560
Cenpa,24,21,48,33,29,39
Dpysl5,3,4,3,4,11,4
Mapre3,63,38,82,72,122,81
Tmem214,214,141,259,266,317,443
Agbl5,24,24,34,35,57,16
Ost4,1559,1195,1690,1205,2302,1983
Emilin1,2,7,9,4,7,3
Khk,562,444,799,793,836,997
Cgref1,1,2,0,2,0,1
Preb,339,221,367,421,542,596
Slc5a6,39,21,39,39,70,66
Atraid,1541,1167,1964,2056,2385,2055
Cad,41,33,64,43,58,64
Slc30a3,0,2,0,1,7,1
Ucn,0,0,0,1,0,0
Mpv17,302,200,328,309,385,337
Gm29609,4,4,0,4,5,2
Gtf3c2,373,237,428,412,547,544
Eif2b4,161,125,215,215,363,267
Snx17,1537,941,1757,2124,2784,1928
Zfp513,335,207,394,474,621,550
Ppm1g,641,418,786,743,1186,1062
Gm9970,3,3,5,3,3,0
Nrbp1,527,313,616,647,957,781
Krtcap3,11,9,18,14,32,10
Ift172,55,49,78,74,91,102
Fndc4,24,12,21,21,62,16
Gckr,0,0,0,0,1,0
Zfp512,219,131,212,239,305,305
4930548H24Rik,2,0,1,1,0,3
Gpn1,160,100,197,257,300,256
Supt7l,46,33,57,73,77,99
Slc4a1ap,89,75,118,117,204,142
Gm43660,3,0,4,2,2,0
AI839979,1,2,0,1,2,7
Mrpl33,689,606,724,686,1089,1039
Rbks,55,30,59,58,74,68
Bre,316,235,396,374,544,746
Gm17130,1,2,1,0,1,0
Fosl2,591,601,591,789,733,538
Plb1,0,0,2,0,0,0
Ppp1cb,702,462,752,661,896,733
Gm15614,10,7,8,15,9,2
Yes1,186,116,214,225,252,221
Pisd,399,241,436,574,911,692
Prr14l,122,89,134,151,211,149
Depdc5,103,67,121,113,148,134
Ywhah,6142,4091,7341,5389,6613,9829
Ctbp1,595,415,663,856,974,1087
Maea,366,237,437,469,584,701
Uvssa,163,104,189,274,295,193
Fam53a,315,199,362,473,513,425
Gm9903,3,5,5,7,5,4
Slbp,1045,620,1025,1474,1636,1501
Tmem129,64,58,89,90,142,163
Tacc3,18,26,25,33,56,56
Fgfr3,8,11,12,18,56,10
Letm1,284,178,310,331,417,465
Whsc1,140,80,184,208,251,136
Nelfa,141,98,165,211,258,262
Gm42849,0,1,2,0,2,0
Gm42851,0,1,2,0,2,0
Gm1673,35,15,37,25,53,31
Nat8l,29,40,60,53,68,53
Poln,2,2,1,1,4,3
Haus3,67,63,84,121,173,132
Mxd4,385,307,414,567,788,747
Gm42846,2,1,0,0,0,0
Zfyve28,25,13,29,37,63,29
Rnf4,356,271,403,486,638,513
Fam193a,321,212,343,428,580,513
Tnip2,260,180,311,369,418,401
Sh3bp2,182,142,194,313,415,295
Add1,366,249,413,418,581,458
Mfsd10,300,245,414,430,546,642
Nop14,180,144,232,276,338,300
Gm15522,0,0,0,0,0,1
Grk4,13,8,22,18,21,19
Gm42560,0,0,0,0,1,0
Htt,195,128,234,233,283,227
Msantd1,4,3,6,5,6,6
Rgs12,11,14,30,24,45,25
Hgfac,0,0,0,0,1,0
Dok7,2,0,0,3,6,1
Lrpap1,826,579,961,1149,1206,1208
Adra2c,0,0,0,1,1,1
Trmt44,13,10,19,15,14,29
4931431C16Rik,0,0,0,2,3,1
Acox3,452,357,535,757,936,866
Htra3,90,51,73,114,185,216
Sh3tc1,204,122,227,282,311,318
Gm15650,1,1,0,0,0,0
Ablim2,11,6,7,13,23,12
Afap1,45,23,47,48,77,33
Sorcs2,3,4,0,5,4,4
2210406O10Rik,6,1,3,6,11,3
Grpel1,503,392,641,712,810,775
Tada2b,70,49,84,83,131,147
Ccdc96,5,3,8,6,10,9
Tbc1d14,387,346,410,521,592,670
D5Ertd579e,209,180,310,339,455,376
Bloc1s4,195,180,262,331,408,387
Gm43701,0,0,0,0,0,1
Mrfap1,3100,2299,3776,3764,3896,4927
Man2b2,326,200,372,456,435,635
Ppp2r2c,3,3,14,12,31,13
Wfs1,18,21,27,26,36,63
Jakmip1,1,4,3,0,4,2
Crmp1,5,2,5,5,5,1
Evc,2,1,0,2,4,0
Evc2,0,1,0,0,3,0
Stk32b,0,0,0,0,1,0
Msx1,6,2,4,4,3,1
Stx18,295,198,356,354,400,382
Nsg1,7,5,9,7,31,5
Zbtb49,36,18,41,63,64,43
Lyar,260,201,317,354,396,361
Tmem128,669,497,848,818,998,811
Gm26560,0,0,0,0,1,0
Drd5,1,0,0,0,0,0
Slc2a9,38,8,45,40,88,51
Wdr1,914,610,1049,1292,1401,1585
Zfp518b,24,18,22,24,58,16
Hs3st1,7,2,9,12,12,2
Rab28,238,196,280,369,341,311
Bod1l,547,397,695,813,916,875
Gm7854,0,1,0,2,2,1
Cpeb2,522,404,414,555,810,374
C1qtnf7,1,1,0,0,2,5
Cc2d2a,17,15,24,26,50,16
Fbxl5,258,182,300,360,415,384
Gm42555,0,1,1,0,0,0
Bst1,1,1,0,3,1,0
Cd38,0,3,4,1,4,0
Gm7879,1,0,0,0,0,2
Fgfbp1,0,0,1,0,0,0
Prom1,3,0,0,6,9,1
Tapt1,110,70,137,122,177,145
Gm42984,1,2,0,2,3,2
Ldb2,1,0,4,0,2,1
Qdpr,437,307,563,640,914,655
Lap3,1405,993,1827,1772,1818,2296
Med28,622,459,800,884,1008,1132
Fam184b,2,4,6,6,7,1
9630001P10Rik,0,0,0,0,1,0
Ncapg,0,0,0,0,1,1
Lcorl,202,117,195,280,364,220
Slit2,0,0,1,2,3,0
Pacrgl,61,50,92,100,148,94
Kcnip4,0,0,1,1,3,0
Adgra3,60,37,58,63,82,97
Ppargc1a,4,2,4,6,8,3
Dhx15,594,430,626,659,1011,759
Sod3,0,0,3,1,1,2
Ccdc149,7,3,2,7,10,4
Lgi2,0,0,0,0,6,0
8030423F21Rik,2,0,4,0,2,0
Sepsecs,36,27,43,46,73,38
Pi4k2b,32,13,29,29,42,33
Zcchc4,29,25,41,63,87,47
Anapc4,185,112,196,253,271,222
Sel1l3,1,1,4,3,2,1
Smim20,177,126,214,304,365,303
Smim20-1,2,0,0,5,6,0
Rbpj,501,688,578,662,828,804
Gm10441,0,1,0,0,0,0
Gm42747,0,0,0,0,1,1
Tbc1d19,67,51,85,85,102,94
Stim2,66,71,110,88,118,137
Pcdh7,2,2,4,8,16,6
Gm43042,0,1,0,0,0,0
Arap2,86,44,79,121,154,100
Dthd1,0,1,0,0,0,0
Nwd2,0,0,1,0,0,0
0610040J01Rik,697,413,954,767,1004,1331
Rell1,19,14,59,34,35,67
5830416I19Rik,0,0,2,0,0,0
Pgm1,128,82,179,147,171,244
Tbc1d1,82,83,106,138,170,107
Gm43838,0,0,1,0,0,0
Gm43837,2,0,1,1,0,0
Gm31363,0,2,1,0,0,0
C030018K13Rik,1,1,0,1,0,0
Gm3716,6,10,21,22,22,24
Klf3,891,664,1026,1365,1574,1351
Tlr1,93,91,149,175,202,203
Tlr6,116,119,165,137,184,187
Fam114a1,81,65,99,98,129,105
Tmem156,35,29,53,69,67,60
Klhl5,229,185,245,302,396,342
Wdr19,13,9,20,21,28,18
Rfc1,217,170,284,360,440,385
Rpl9,12816,11766,16339,20912,18024,20853
Lias,143,125,198,205,351,226
Ugdh,122,83,152,155,197,191
Smim14,843,632,973,994,1174,1122
Ube2k,696,524,810,845,1029,973
Gm42726,14,13,7,14,15,5
Pds5a,391,288,419,481,629,435
N4bp2,102,62,103,139,144,87
Rhoh,2350,1835,2934,2730,3729,3062
Chrna9,1,0,0,0,1,0
9130230L23Rik,15,12,15,15,24,16
Rbm47,394,381,449,371,555,705
Gm26725,1,3,0,0,1,1
Nsun7,1,1,0,2,4,1
Apbb2,205,95,215,268,470,208
Uchl1,16,10,17,18,43,13
Limch1,11,6,23,18,47,7
Gm42670,14,20,20,27,33,21
Tmem33,925,673,1073,1045,1052,1908
Slc30a9,262,155,313,338,406,396
Bend4,1,0,0,0,2,0
Shisa3,0,0,0,3,0,0
Atp8a1,639,703,695,954,1177,1160
Gm15478,3,1,1,4,5,0
Gm15477,0,0,0,0,0,1
4930425K10Rik,0,0,0,0,1,0
Yipf7,0,0,0,0,0,1
Guf1,57,40,58,96,115,68
Gnpda2,238,159,315,353,411,323
Gabrg1,4,2,2,3,11,3
Gabra2,7,12,2,9,19,7
Cox7b2,0,0,0,0,0,1
Gabra4,1,1,0,1,5,3
Gabrb1,7,6,14,17,21,14
Gm43477,0,0,2,0,0,0
Commd8,2518,1522,3063,3149,3547,2682
Corin,0,2,6,1,0,1
Nfxl1,157,156,170,245,294,287
Txk,11,10,16,19,22,24
Tec,291,190,347,369,570,386
Slain2,254,175,297,263,356,361
Slc10a4,0,0,1,0,0,0
Fryl,186,153,250,237,276,262
1700071G01Rik,0,1,0,0,0,0
Ociad1,805,538,934,815,1162,1596
Ociad2,4,9,7,9,19,2
Cwh43,1,0,0,0,0,0
Dcun1d4,45,26,47,70,67,75
Sgcb,124,115,190,191,227,225
Usp46,58,52,82,86,112,114
Dancr,2,0,3,1,4,1
Dancr-1,3,3,3,3,3,1
Rasl11b,3,4,5,15,23,5
Scfd2,33,17,30,42,53,55
Fip1l1,401,293,558,473,632,588
Lnx1,4,2,3,5,9,2
Gm6116,0,0,0,0,1,1
Chic2,1033,785,1243,1202,1426,1359
Pdgfra,20,12,29,19,70,10
Kit,1,0,2,0,3,0
Gm19590,1,0,1,1,2,2
Kdr,42,35,35,31,64,42
Srd5a3,298,216,383,379,496,570
Tmem165,354,221,383,441,600,514
Clock,258,198,314,236,347,262
Gm7467,11,4,5,6,9,9
Exoc1,161,100,197,243,274,212
Cep135,71,41,98,93,173,105
C530008M17Rik,1,2,1,2,8,0
Aasdh,30,22,34,34,53,34
Ppat,49,41,73,86,130,63
Paics,326,252,408,440,600,541
Srp72,496,359,583,659,837,750
Arl9,4,2,1,5,3,3
Hopx,16,13,28,26,50,16
Rest,265,189,357,361,427,394
Noa1,66,42,85,98,143,129
Polr2b,144,111,199,176,217,253
Igfbp7,7,4,13,9,25,3
Adgrl3,2,4,7,2,9,3
Tecrl,0,0,0,1,0,0
Epha5,3,5,5,11,23,11
Gm43567,0,0,1,0,0,0
Cenpc1,60,47,73,89,133,87
Stap1,5,4,9,6,9,1
Uba6,129,111,143,144,156,142
Tmprss11a,1,0,1,0,0,0
Ythdc1,864,591,953,974,1435,1051
Jchain,0,0,0,0,1,0
Utp3,586,443,696,813,981,910
Rufy3,139,101,191,185,254,180
Grsf1,177,131,204,230,284,286
Mob1b,264,149,235,280,329,275
Dck,60,60,69,100,121,121
Slc4a4,26,30,24,22,57,19
Cox18,106,80,91,138,156,128
Ankrd17,589,416,718,845,958,742
Gm9958,7,4,6,13,5,9
Alb,3,0,6,5,4,1
Afp,39,39,42,101,102,40
Afm,0,0,6,0,0,2
5830473C10Rik,0,0,2,4,1,0
Cxcl5,0,0,0,0,1,1
Ppbp,0,0,2,0,0,0
Pf4,7,10,23,13,24,5
Cxcl3,0,1,0,0,0,0
Cxcl1,1,5,3,10,14,0
Cxcl2,199,326,335,933,248,542
Mthfd2l,36,30,44,55,71,52
Epgn,1,0,0,0,0,0
Areg,4,2,5,1,0,1
Btc,0,0,0,0,3,0
Parm1,2,2,3,5,7,4
Rchy1,430,282,490,481,563,635
Cdkl2,1,1,3,4,6,5
Gm26582,5,8,5,10,29,2
G3bp2,1114,818,1319,1594,1965,1777
Uso1,281,236,366,337,465,412
Ppef2,2,0,0,6,5,2
Naaa,397,405,381,684,483,947
Sdad1,90,61,97,149,174,147
Cxcl9,11,2,5,0,0,0
Art3,10,1,3,4,7,3
Cxcl10,1666,1357,1421,1310,1619,1276
Nup54,223,139,230,239,319,248
Scarb2,1135,745,1382,1448,1785,1584
Fam47e,0,0,2,1,0,0
Stbd1,58,39,50,71,95,40
Ccdc158,3,1,5,2,4,4
Shroom3,1,2,0,0,4,1
Sept11,90,92,97,122,181,122
Ccni,1160,778,1400,1369,1688,1610
2010109A12Rik,24,15,41,29,48,52
Ccng2,828,394,872,883,1073,1072
Cxcl13,10,8,8,7,4,17
Cnot6l,575,377,664,790,978,692
Mrpl1,163,110,187,211,248,224
Fras1,0,1,1,0,1,0
Anxa3,5482,3618,6721,7489,9018,5847
1700016F12Rik,1,1,1,1,3,1
Gm42601,4,2,5,11,7,9
Gm33370,25,12,38,34,23,29
Gm8013,12,5,9,11,6,6
Gm9484,22,24,19,32,32,24
Bmp2k,2463,1916,2786,2188,3126,2631
Paqr3,24,10,16,13,31,14
Antxr2,5,7,5,8,8,10
Prdm8,0,0,1,1,0,0
A730035I17Rik,0,0,0,0,1,0
1700007G11Rik,0,3,5,1,7,0
Prkg2,0,0,1,0,2,1
Rasgef1b,855,583,1051,850,1243,919
A930011G23Rik,34,36,57,32,37,23
Gm42691,0,0,0,1,0,1
Hnrnpd,976,708,1219,1396,1872,1205
Gm17092,9,7,13,15,16,14
4930524J08Rik,13,11,12,23,27,26
Hnrnpdl,1289,749,1372,1934,2758,1401
Enoph1,180,102,198,186,222,262
Tmem150c,2,2,1,4,8,5
2310034O05Rik,1,3,0,4,3,0
Sec31a,417,299,472,469,686,566
5430416N02Rik,96,64,102,229,258,84
Lin54,143,93,139,205,239,143
Cops4,923,642,1092,1265,1593,938
Plac8,14,13,4,3,14,19
Coq2,281,239,385,366,446,468
Hpse,0,0,0,0,0,1
Helq,19,14,23,20,37,14
Mrps18c,428,351,527,445,652,627
Fam175a,26,23,40,48,67,47
Agpat9,0,0,0,0,1,0
Gm43270,1,1,1,3,3,3
Cds1,335,181,368,448,544,472
Wdfy3,357,273,444,402,572,424
Gm20548,2,2,3,0,2,2
Gm29707,3,2,3,3,1,6
1700013M08Rik,0,0,0,0,1,1
Arhgap24,86,73,91,127,150,174
Mapk10,3,8,6,5,11,3
5430427N15Rik,0,0,1,0,0,0
Ptpn13,0,0,3,3,2,0
Slc10a6,4,17,2,1,5,18
Aff1,199,195,263,238,375,234
Klhl8,24,19,38,25,47,30
Hsd17b13,1,0,0,0,0,0
Hsd17b11,905,651,1055,1060,1309,1270
Nudt9,497,346,610,604,704,838
Gm17660,0,0,0,0,2,0
Sparcl1,126,126,127,180,277,109
Gm26703,0,1,0,0,0,1
Dmp1,1,0,0,1,1,0
Spp1,63,2,345,14,74,251
Pkd2,113,71,118,140,161,106
BC005561,501,301,580,686,815,632
D930016D06Rik,98,51,104,111,135,96
Zfp951,37,34,38,59,62,50
Abcg3,23,32,35,45,45,46
Gbp8,6,9,2,6,3,6
Gbp9,64,43,69,105,123,110
Gbp4,3,4,0,3,4,8
Gbp6-1,0,2,1,2,3,5
Gm26519,0,0,1,0,0,0
Lrrc8b,10,9,16,25,41,10
Lrrc8c,10,14,19,24,32,12
Lrrc8d,313,259,336,469,566,321
Lrrc8dos,0,0,0,0,1,0
Zfp326,478,323,506,581,738,621
Gm28050,1,2,6,5,4,6
Zfp644,445,300,524,670,845,557
Hfm1,0,0,1,0,1,0
Cdc7,9,10,10,15,27,14
Tgfbr3,3,0,1,1,6,1
Brdt,7,7,8,18,24,10
Ephx4,2,1,1,5,6,1
Btbd8,6,3,6,14,10,9
A830010M20Rik,37,17,29,50,61,24
Gm42669,0,0,2,2,1,3
1700028K03Rik,3,2,5,12,5,3
Glmn,50,40,59,116,115,81
Rpap2,99,71,113,117,160,139
A930041C12Rik,0,1,0,0,0,0
Evi5,391,244,438,552,597,518
Ube2d2b,0,0,1,0,0,0
Rpl5,8403,7219,10553,13901,12814,11558
Fam69a,131,86,166,195,222,204
Mtf2,173,106,174,239,342,193
Tmed5,1714,1358,2249,2295,2988,2761
Ccdc18,6,3,3,11,9,12
Dr1,223,150,264,316,334,328
Pigg,42,20,50,44,79,67
Gm43082,0,0,0,0,1,1
Gm42517,2,1,1,0,1,0
Gm10419,4,5,3,4,20,3
Pde6b,0,0,1,0,0,0
Atp5k,1047,776,1214,772,1982,1503
Mfsd7a,16,10,16,25,35,32
Pcgf3,113,51,127,127,181,139
Cplx1,3,6,7,6,14,1
Gak,267,178,319,324,477,331
Tmem175,148,107,171,201,227,283
Dgkq,42,35,48,53,96,80
Idua,150,91,197,177,223,231
Slc26a1,2,0,2,1,0,0
Fgfrl1,65,47,68,89,90,85
Crlf2,1774,1645,2188,2403,2254,3165
5430403G16Rik,25,21,42,57,77,53
4930522L14Rik,29,19,33,20,46,32
A430073D23Rik,3,1,2,2,7,4
Gm26779,1,1,3,5,4,3
Gm26808,2,1,2,0,5,2
Gm15446,7,4,40,4,10,43
1010001B22Rik,0,0,4,0,0,4
Zfp932,38,37,79,58,89,92
Gm17655,2,1,0,3,5,1
Plcxd1,2,1,6,5,7,3
Gtpbp6,171,108,178,253,265,235
Zfp605,36,26,33,63,60,28
Chfr,131,115,186,170,235,208
Gm43136,0,0,0,1,2,4
Golga3,118,76,145,120,179,131
Gm43137,0,0,1,1,0,0
Ankle2,282,199,346,309,379,478
Pgam5,98,68,130,115,154,159
Gm26718,1,1,0,0,0,0
Pxmp2,7,8,13,20,19,18
Pole,2,1,4,4,7,1
Fbrsl1,838,442,993,1282,1440,1257
Gm26711,20,16,22,42,25,38
A630023P12Rik,0,0,0,0,2,0
Galnt9,2,0,1,2,4,5
Noc4l,68,55,83,114,149,160
Ddx51,59,37,54,79,78,74
Gm42595,23,11,17,15,30,8
Ep400,327,216,384,410,498,451
Gm15559,6,3,5,10,10,3
Pus1,192,154,231,308,311,341
Gm26515,0,0,2,0,1,0
Ulk1,174,120,198,200,246,204
Hscb,179,128,245,297,303,265
Chek2,47,34,47,64,71,87
Ttc28,831,492,1082,919,1432,805
Pitpnb,260,210,341,390,459,391
Gm43118,2,0,0,1,0,1
Mn1,3,1,3,5,9,1
E130006D01Rik,0,0,0,1,1,0
Miat,7,5,8,17,20,2
Cryba4,885,655,1001,883,1012,929
Crybb1,5776,5822,6159,4553,6686,6663
Tpst2,2323,1477,2609,2693,3308,3415
Tfip11,107,73,125,188,243,251
Srrd,191,205,229,384,437,403
Hps4,884,589,1011,1165,1640,1478
Gm6583,19,12,25,41,45,41
Gm20636,0,0,0,1,1,2
Asphd2,4,2,1,3,8,3
Sez6l,8,1,7,7,18,3
Myo18b,89,36,114,68,127,43
Adrbk2,139,88,173,196,234,257
Crybb3,1,1,2,4,7,0
2900026A02Rik,23,12,36,44,72,14
Sgsm1,1,3,2,0,7,0
Wscd2,0,0,0,0,2,0
Cmklr1,564,415,673,618,971,1427
Gm15736,0,2,0,0,1,5
Ficd,45,47,58,57,76,128
Sart3,103,83,125,183,220,256
Iscu,1548,1114,1740,1791,2268,2285
Tmem119,10616,5918,11672,11397,15851,13682
Selplg,17445,10045,20593,17880,25829,25489
Coro1c,224,172,235,301,388,301
Gm17122,0,0,0,1,2,1
Ssh1,94,60,109,136,188,142
Dao,0,1,0,0,0,0
Svop,0,0,0,0,1,1
Usp30,62,34,71,101,125,100
Alkbh2,98,60,97,122,168,153
Ung,5,7,2,21,17,12
Acacb,0,1,0,1,3,0
Kctd10,102,84,138,172,205,163
Ube3b,93,59,107,126,161,134
Mmab,30,17,35,31,49,43
Mvk,65,49,78,125,152,94
Fam222a,14,9,22,33,33,29
Trpv4,43,68,42,40,64,67
Gltp,890,694,1099,1200,1353,1621
Tchp,91,48,87,110,160,106
Git2,1501,1141,1761,1750,2798,2242
4930515G01Rik,5,5,5,9,16,5
Ankrd13a,505,347,589,614,876,696
1500011B03Rik,63,32,55,66,137,68
2610524H06Rik,22,27,26,25,44,16
Gm9936,0,0,0,0,1,0
Oasl2,8,26,10,38,31,282
Gm13822,0,2,1,0,3,2
Oasl1,5,0,3,10,2,29
2210016L21Rik,152,108,187,243,291,298
Sppl3,392,244,473,568,671,725
Gm10401,3,1,3,5,3,1
Acads,994,543,1130,1327,1647,1137
Unc119b,98,71,120,135,187,156
Mlec,821,627,1067,1085,1257,1383
Cabp1,2,2,2,4,9,2
Pop5,305,252,384,455,541,532
Rnf10,386,266,432,497,553,692
Coq5,232,157,278,314,421,320
Dynll1,2542,1954,3264,3091,2758,5142
Gm13830,7,9,13,17,6,32
Srsf9,2420,1783,2923,3412,3419,2915
Gatc,135,98,184,160,252,257
Triap1,269,196,313,364,474,369
Cox6a1,1431,1240,1779,1732,2850,2508
Gm42903,1,0,0,0,0,1
Msi1,9,6,4,7,11,6
Sirt4,43,30,55,88,96,74
Pxn,470,357,522,520,675,817
Rplp0,12057,11060,16093,21741,17566,21808
Gcn1l1,286,186,323,424,439,424
1110006O24Rik,0,3,7,6,12,10
Rab35,558,325,616,767,853,795
Ccdc64,17,16,9,31,30,22
Cit,4,2,11,11,15,7
Gm14508,22,14,31,37,87,18
Prkab1,590,374,639,799,978,782
Gm13842,0,0,0,0,1,0
C330018A13Rik,20,8,15,26,26,15
Ccdc60,0,1,1,1,6,0
Hspb8,2,0,2,3,2,4
Srrm4,2,1,0,0,1,1
Suds3,315,207,391,396,464,531
Taok3,446,363,567,610,792,916
Pebp1,1282,919,1618,1766,2033,1609
BC051077,23,18,34,22,29,18
Gm10399,2,3,3,2,6,7
Vsig10,8,6,12,8,21,18
Wsb2,365,222,479,525,517,616
Rfc5,54,41,51,79,84,74
Gm15728,15,13,3,14,10,11
Ksr2,0,1,2,1,1,0
Nos1,0,0,1,0,1,0
Fbxo21,34,32,41,66,89,70
Tesc,2,2,2,1,2,0
Fbxw8,101,84,126,198,197,170
Gm9754,0,0,1,1,1,0
Hrk,1,1,0,1,4,1
Rnft2,2,3,2,3,5,3
2410131K14Rik,65,60,69,118,147,118
Med13l,521,405,616,568,764,699
Tbx3os1,0,0,0,1,2,0
Tbx3,0,2,0,0,5,0
Rbm19,47,42,49,66,123,90
Gm27199,1,0,1,0,1,0
Sdsl,5,0,2,0,3,5
Gm15690,0,0,0,6,3,0
Plbd2,559,385,732,883,936,1049
Slc8b1,232,141,264,369,345,352
Tpcn1,292,186,338,397,507,456
Iqcd,2,10,7,7,16,3
Rita1,32,25,33,59,60,64
Ddx54,267,179,314,451,501,557
Gm43579,2,0,2,0,3,0
Cfap73,1,0,0,0,0,0
Rasal1,2,1,2,9,12,2
Dtx1,6,2,1,2,8,3
Oas2,1,1,0,3,1,5
Oas3,2,6,0,0,1,1
Oas1c,15,6,8,16,16,17
Oas1g,0,1,0,0,0,11
Oas1a,23,30,23,34,42,297
Rph3a,3,4,7,6,35,2
Ptpn11,193,135,204,192,329,270
Rpl6,10589,8946,14292,14861,16843,19546
Gm15800,87,64,116,93,135,138
Trafd1,785,525,904,1063,1307,1443
Gm42917,0,0,1,0,2,0
Gm42918,2,1,0,1,0,2
Naa25,85,79,110,162,197,161
Erp29,3842,2979,4645,5786,6376,6570
Tmem116,8,6,13,13,15,12
Adam1b,0,0,0,1,0,0
Adam1a,1,1,0,3,3,1
Gm42878,3,2,5,0,2,1
Mapkapk5,72,59,102,93,104,108
Aldh2,448,376,539,648,907,530
Acad12,32,22,55,56,58,69
Acad10,14,9,16,18,23,28
Brap,148,92,177,192,249,217
Atxn2,337,264,449,410,612,371
Gm16552,14,9,17,22,13,6
Sh2b3,847,552,911,1111,1654,1092
1700008B11Rik,6,2,4,2,5,3
Fam109a,141,68,164,189,220,195
Cux2,52,20,42,38,51,23
Gm3970,0,0,1,0,0,0
Gm15637,3,0,0,1,1,0
Myl2,148,81,139,191,277,140
Ccdc63,22,11,36,12,16,19
Ppp1cc,1070,819,1252,1500,1974,1814
Hvcn1,734,398,774,1003,1153,1082
Tctn1,31,18,38,41,61,57
Pptc7,229,128,236,228,382,264
Rad9b,38,25,48,57,64,47
Vps29,970,803,1223,1179,1409,1351
Fam216a,38,22,50,42,73,62
Gpn3,159,100,178,147,211,144
Arpc3,3507,2984,4438,4544,5088,5278
Anapc7,264,136,258,325,410,292
Atp2a2,650,533,745,751,926,1102
Ift81,23,23,33,42,51,49
P2rx7,439,279,522,595,679,579
P2rx4,643,532,767,901,1030,1228
Camkk2,336,264,435,417,539,632
Anapc5,547,367,631,722,836,1059
Rnf34,312,209,405,462,472,455
Kdm2b,745,499,869,985,1220,1117
A930024E05Rik,44,18,37,63,85,42
Gm2479,5,3,7,5,13,1
Orai1,1436,1026,1839,2287,2764,2717
Morn3,1,1,1,0,9,1
Gm26745,1,1,2,2,0,0
Tmem120b,35,33,36,50,66,50
Rhof,6,14,14,18,18,15
AI480526,42,31,81,54,93,38
Gm38102,1,0,0,0,1,0
4932422M17Rik,20,12,30,19,63,43
Setd1b,408,283,486,513,668,582
Psmd9,225,149,243,291,421,318
Gm43409,0,0,0,0,5,0
Wdr66,0,5,2,1,8,0
Gm15860,3,2,2,2,6,4
Bcl7a,82,66,99,111,163,113
Gm15747,7,4,7,10,9,5
Mlxip,346,254,386,347,631,291
Lrrc43,0,1,0,1,2,0
Diablo,461,311,535,512,686,724
B3gnt4,1,0,1,0,3,0
Vps33a,159,85,211,216,301,221
Clip1,1176,593,1854,1345,2342,780
Zcchc8,216,154,219,301,389,267
Rsrc2,1647,1012,1783,2330,2798,2007
Kntc1,1,1,1,1,4,0
Hcar2,157,599,292,1214,643,977
Denr,739,609,813,1095,1285,1169
Gm43518,0,0,1,0,1,0
Ccdc62,41,18,47,46,86,46
Hip1r,27,13,24,26,50,13
Vps37b,990,589,1148,1145,1522,1344
Gm43661,1,1,1,0,0,0
Abcb9,22,16,26,16,31,30
Gm16001,0,0,0,1,0,3
Ogfod2,90,60,95,109,143,173
Arl6ip4,218,182,281,365,409,401
Pitpnm2,2,4,7,4,12,4
Mphosph9,63,48,101,88,157,71
2810006K23Rik,199,101,221,264,313,261
Cdk2ap1,1224,696,1443,1502,1834,1516
Sbno1,702,468,853,861,1093,926
Setd8,296,202,335,301,444,412
Rilpl2,303,282,395,247,443,400
Snrnp35,116,75,99,136,170,167
Rilpl1,665,353,781,785,1028,856
Tmed2,2178,1703,2690,2822,2968,3979
Ddx55,102,65,101,121,186,171
Eif2b1,103,59,108,118,157,162
Gtf2h3,50,22,62,39,46,48
Atp6v0a2,671,529,767,871,922,1129
4930404A12Rik,3,1,3,0,3,2
Dnah10,0,2,1,1,1,0
Ccdc92,3,2,2,1,5,1
Zfp664,110,69,116,109,169,106
Fam101a,5,6,7,12,11,3
Ncor2,272,178,323,349,516,365
Scarb1,70,54,93,135,202,134
Ubc,37210,23883,46447,41170,54315,53432
Gm10382,49,30,48,65,88,63
Dhx37,43,28,23,41,53,51
Bri3bp,85,93,113,153,231,186
Aacs,45,26,34,52,95,60
Tmem132b,8,6,3,11,20,3
Tmem132c,1,0,0,0,5,0
Gm42980,0,0,0,0,1,0
Slc15a4,907,716,1212,1230,1405,1841
Glt1d1,1,0,0,0,1,0
Tmem132d,0,0,0,1,3,0
Gm42495,0,0,1,0,0,0
Gm42500,1,0,0,0,0,0
5930412G12Rik,0,1,1,0,2,1
Fzd10,1,0,0,0,0,0
Rimbp2,0,3,1,1,4,0
Stx2,317,193,407,429,641,438
Ran,1507,1265,1820,2124,2568,2606
Sfswap,187,127,248,280,368,315
Mmp17,1,1,1,2,6,1
Zfp11,13,7,15,28,15,12
Mrps17,432,322,529,543,724,635
Gbas,170,134,160,190,242,190
Psph,109,115,143,157,191,207
Sumf2,141,116,234,242,290,267
Phkg1,14,14,27,25,38,38
Chchd2,4550,3620,6011,5970,6175,6635
Zbed5,27,12,24,27,44,18
Nupr1l,16,20,12,24,16,12
Vkorc1l1,107,90,151,146,188,161
Gusb,1438,1198,1633,2605,3022,2997
Asl,238,160,241,312,356,332
Crcp,214,136,243,236,309,246
Tpst1,50,45,62,88,125,156
Kctd7,19,11,15,31,35,21
Rabgef1,325,288,386,317,418,354
Tmem248,292,217,349,269,522,416
Gm42469,8,7,14,9,22,8
Sbds,874,535,1130,1022,1218,943
Tyw1,134,122,197,206,257,266
Caln1,0,0,1,0,2,1
Wbscr17,1,0,0,1,3,0
Auts2,2,2,9,18,15,2
Gm15627,0,0,0,0,1,1
Gatsl2,79,53,83,75,119,121
Wbscr16,57,40,77,86,121,82
Gtf2ird2,77,38,84,70,98,78
Ncf1,3024,2269,3472,2644,4198,3992
Gtf2i,453,362,584,595,755,721
Gtf2ird1,76,39,105,127,205,95
Clip2,148,78,162,282,363,179
Gm42884,0,0,0,0,1,1
Rfc2,386,274,414,554,651,661
Lat2,1121,873,1346,1867,2261,1584
Eif4h,1082,729,1375,1497,1679,1426
Limk1,169,128,197,228,297,264
Gm10369,5,2,6,12,18,5
Eln,0,1,2,1,6,3
Wbscr27,5,3,6,14,12,6
Cldn3,0,0,1,0,0,0
Wbscr25,0,0,0,0,1,0
Abhd11,132,90,117,246,235,299
Abhd11os,12,8,12,16,14,6
Stx1a,38,19,37,47,54,30
Wbscr22,265,191,308,309,391,335
Dnajc30,169,124,201,296,315,319
Vps37d,11,4,7,9,23,10
Mlxipl,506,345,643,777,837,703
Tbl2,69,38,84,92,133,115
Bcl7b,459,303,588,582,801,628
Baz1b,308,252,380,455,593,517
Fzd9,1,1,3,9,6,2
Fkbp6,0,0,23,4,0,1
Nsun5,63,52,72,82,122,113
Pom121,277,236,373,365,529,325
Hip1,17,45,32,26,59,41
Ccl24,49,62,55,51,65,69
Rhbdd2,70,36,82,69,116,96
Por,279,221,346,370,490,517
Tmem120a,106,81,142,161,170,217
Styxl1,1,0,0,2,2,2
Mdh2,852,655,1113,1205,1319,1599
Srrm3,1,1,2,2,4,2
Hspb1,256,225,208,326,263,79
Ywhag,620,491,728,830,1014,769
Ssc4d,5,0,2,7,3,8
Zp3,0,2,0,0,10,0
Dtx2,142,85,137,170,232,264
Rasa4,329,185,333,563,874,457
Polr2j,490,456,645,594,794,765
Gm43604,3,0,0,0,2,0
Lrwd1,213,135,298,292,319,394
Alkbh4,18,8,21,40,41,34
Orai2,204,137,260,328,354,404
Prkrip1,178,113,198,218,314,237
Sh2b2,302,246,412,530,598,514
Cux1,754,620,890,1136,1344,1170
Gm16599,0,0,2,1,0,0
Col26a1,2,0,1,1,1,0
Ift22,85,61,115,117,193,166
4933404O12Rik,3,4,6,3,11,9
Fis1,1101,894,1380,1502,1696,1574
Cldn15,0,0,0,0,1,0
Znhit1,370,320,476,427,602,674
Plod3,896,591,1024,1222,1401,1841
Vgf,2,1,3,5,8,0
Ap1s1,286,209,316,385,435,487
Serpine1,1479,943,1294,1018,2716,954
Trim56,222,150,231,300,385,393
Muc3a,0,0,0,1,2,0
Ache,62,18,50,55,120,47
Ufsp1,37,17,44,48,70,37
Srrt,227,166,283,336,500,387
Trip6,36,29,33,51,58,41
Slc12a9,570,388,678,997,1051,1330
Ephb4,1,0,0,0,1,0
Zan,0,0,0,0,1,0
Pop7,193,162,250,362,386,401
9130604C24Rik,2,2,4,7,9,13
Gm8066,1,0,1,0,4,2
Gigyf1,370,198,387,362,586,366
Gnb2,3610,2444,4212,5133,5435,6306
Actl6b,1,0,3,0,4,0
Tfr2,0,0,0,1,0,0
Mospd3,60,62,83,89,108,134
Pcolce,2,3,12,4,1,0
Fbxo24,1,0,2,7,4,0
Gm36266,21,10,19,35,29,24
Lrch4,459,283,564,467,539,708
Gm20605,27,17,33,47,54,31
Sap25,31,19,27,23,30,32
Irs3,11,5,11,10,29,14
Agfg2,72,46,89,88,137,138
Nyap1,2,3,0,2,3,2
Tsc22d4,2711,1672,3324,2787,4666,4093
Ppp1r35,348,230,410,458,551,482
Mepce,325,208,372,563,611,489
Zcwpw1,118,97,157,180,199,251
Pilra,260,227,277,367,425,432
Pilrb1,1,1,4,5,2,17
Pilrb2,0,2,3,12,7,21
Cyp3a13,2,1,2,4,5,1
Gjc3,32,17,37,48,80,15
Zkscan1,121,71,114,154,171,120
Zscan21,112,50,112,137,160,171
Zfp113,56,34,46,85,103,79
Cops6,470,296,595,586,750,772
Mcm7,66,58,85,155,188,175
Ap4m1,109,56,131,183,248,159
Taf6,150,90,175,132,213,200
Cnpy4,79,76,85,116,129,136
Mblac1,14,11,23,32,32,48
Nxpe5,0,2,2,1,0,0
Lamtor4,1766,1457,2169,2074,2412,2653
BC037034,691,474,769,1071,1319,1332
6330418K02Rik,82,60,61,123,107,113
Gal3st4,389,252,511,658,574,729
Gm43720,2,2,2,3,5,0
Gpc2,5,6,2,2,3,4
Stag3,3,6,7,10,9,5
Gm10874,5,1,2,5,4,3
Zfp157,113,89,130,186,206,219
Zfp68,325,187,373,391,409,360
A430033K04Rik,26,20,23,45,51,42
Fam20c,29,32,64,56,81,89
Pdgfa,445,207,597,679,682,580
6330403L08Rik,36,23,38,57,57,72
Prkar1b,58,21,97,87,93,89
Dnaaf5,38,18,34,42,50,58
Sun1,89,55,99,135,174,155
Get4,127,104,154,193,247,250
Adap1,103,85,150,198,236,312
Cox19,225,153,278,310,356,319
3110082I17Rik,76,53,87,111,175,80
Gpr146,481,507,559,940,848,1181
C130050O18Rik,42,16,71,54,50,68
Gper1,1,1,2,4,2,0
Zfand2a,105,75,114,146,204,279
Micall2,1,0,0,1,1,1
Ints1,72,80,125,91,129,158
Mafk,354,217,399,469,517,454
Tmem184a,0,0,0,0,0,1
Psmg3,156,116,187,278,295,269
Elfn1,2,1,0,1,4,0
Mad1l1,56,46,61,62,112,102
Gm16121,0,0,1,0,1,0
Nudt1,56,38,67,79,68,84
Ftsj2,28,22,36,59,70,59
Snx8,138,107,201,231,262,297
Eif3b,396,304,463,543,700,762
Chst12,109,119,191,227,274,382
Grifin,0,0,1,0,1,0
Gm43703,5,6,4,7,10,13
Lfng,843,690,955,1101,1236,1324
Ttyh3,522,456,609,754,988,826
Iqce,73,49,93,112,163,118
Brat1,124,73,137,155,204,178
Amz1,259,129,364,419,430,368
Gna12,1115,603,1432,1471,1765,1798
Card11,12,12,13,23,30,11
Sdk1,58,43,63,71,76,116
Foxk1,150,111,182,154,282,172
Ap5z1,89,53,84,128,134,160
Radil,0,0,0,0,2,0
Mmd2,16,18,28,23,35,23
Wipi2,188,99,212,251,340,313
Slc29a4,2,0,3,1,2,0
Tnrc18,448,334,521,490,765,584
Fbxl18,35,45,44,54,70,72
Actb,80893,57549,96245,75130,94145,121710
Fscn1,2603,1540,3475,3217,4117,4648
Rnf216,312,239,438,396,620,597
Rbakdn,3,8,3,6,10,7
Rbak,21,16,45,55,63,44
Zfp12,25,17,28,51,79,46
Zfp316,56,23,48,40,96,49
BC030343,0,0,0,4,2,2
E130309D02Rik,124,65,141,160,206,230
Zdhhc4,55,59,97,121,135,104
0610040B10Rik,54,37,38,45,99,50
Gm43397,0,0,0,0,0,1
Grid2ip,0,1,0,0,0,0
Gm20635,0,1,0,1,1,0
Gm42504,0,0,0,1,3,0
Kdelr2,867,612,1016,999,1172,1320
Daglb,1919,1191,2334,2307,2556,2973
Rac1,3230,2439,3946,3626,4558,4966
Fam220a,428,314,506,638,723,626
Cyth3,261,149,336,318,467,320
Usp42,113,73,150,185,264,154
D130017N08Rik,16,2,10,11,12,9
Eif2ak1,134,117,171,196,272,292
Ankrd61,1,1,2,0,0,0
Aimp2,101,86,118,160,164,185
Pms2,35,23,35,60,57,72
Gm42421,0,0,1,1,0,1
Rsph10b,2,4,9,3,9,4
Ccz1,544,396,711,636,978,644
Lmtk2,17,3,10,7,22,6
Tecpr1,120,78,152,182,206,218
2900089D17Rik,34,18,47,50,89,75
Bri3,3414,2809,4401,4852,5703,5317
Baiap2l1,1,0,4,1,1,2
Nptx2,2,1,1,0,2,1
Tmem130,0,3,3,0,5,2
Trrap,232,167,223,255,357,224
Smurf1,248,126,232,238,369,211
Arpc1a,817,673,1056,1214,1362,1439
Arpc1b,4649,3622,5641,7035,7524,9012
Pdap1,487,401,630,643,1056,811
Bud31,644,498,844,982,1016,1176
Ptcd1,91,44,123,153,183,180
Cpsf4,160,124,195,281,320,326
Atp5j2,2053,1717,2413,1695,3062,3026
Zkscan14,67,31,68,116,121,114
Zkscan5,32,15,42,59,63,49
Zfp655,266,175,280,376,382,301
Zscan25,3,2,3,2,5,3
1700001J03Rik,1,3,1,1,2,0
B230303O12Rik,7,14,8,10,18,10
Gm43625,10,5,7,3,9,11
Rnf6,364,226,446,480,583,717
Cdk8,161,132,217,208,278,227
Wasf3,9,3,7,14,30,7
Gpr12,1,0,0,0,0,0
Usp12,309,225,340,493,513,435
Gm43741,0,0,2,1,3,0
Rpl21,15669,14067,20583,22097,21379,24958
Rasl11a,6,2,3,9,10,2
Gtf3a,347,257,420,441,472,519
Mtif3,108,53,131,136,194,177
Lnx2,36,19,33,34,51,22
Polr1d,1379,1103,1758,2176,2233,1979
Gsx1,0,0,0,0,4,4
Flt3,1,2,7,7,5,6
Gm26597,0,0,0,0,0,1
D5Ertd605e,45,43,68,81,117,90
Pan3,609,390,703,598,938,644
Flt1,12,12,23,21,67,5
Pomp,2303,1896,2990,3159,3743,3824
Slc46a3,259,157,324,319,398,482
Mtus2,31,12,22,51,40,45
Slc7a1,63,62,56,95,161,119
Ubl3,1928,1179,2094,1997,2599,2160
Gm36186,0,0,0,1,0,0
2210417A02Rik,2,2,3,3,3,3
Katnal1,55,48,77,70,105,70
5930430L01Rik,3,4,5,11,27,8
Gm15408,0,1,2,1,2,0
Hmgb1,3697,2799,4365,4328,5224,4791
5730422E09Rik,3,0,3,7,11,5
Gm43332,1,0,2,1,2,0
Uspl1,101,93,138,138,216,176
2310047D07Rik,23,12,42,16,33,26
Gm29264,18,4,18,13,15,9
Alox5ap,4019,3420,4442,5117,5484,8498
BC028471,0,1,0,0,0,0
Wdr95,1,1,0,0,0,0
Hsph1,259,256,341,198,195,626
B3glct,59,38,68,72,102,62
Fry,254,138,256,247,404,177
Gm5,0,0,0,2,1,0
Zar1l,0,0,0,0,2,1
Brca2,14,16,20,34,36,26
Gm42529,0,0,0,1,0,0
Gm43690,0,3,0,1,0,0
N4bp2l1,396,217,446,404,474,527
Gm43598,1,1,3,2,1,4
Gm43597,6,3,4,13,8,3
N4bp2l2,818,611,936,952,1231,999
Pds5b,148,96,168,210,252,174
Kl,7,8,21,0,2,0
Stard13,1,1,2,2,12,1
D730045B01Rik,2,0,3,5,11,7
Rfc3,151,107,176,229,289,217
Samd9l,24,39,33,51,46,57
Vps50,176,101,229,209,252,236
Tfpi2,0,1,0,2,1,0
Gng11,30,13,36,55,99,21
Bet1,366,286,416,358,523,511
Col1a2,2,0,3,0,2,0
Casd1,284,189,332,325,462,314
Sgce,735,496,900,791,994,771
Peg10,128,85,137,87,131,91
Ppp1r9a,492,379,567,608,854,586
Pon1,0,0,0,0,1,1
Pon3,370,264,472,449,564,526
Pon2,842,607,906,944,1076,1247
Asb4,0,0,2,1,1,1
Pdk4,0,4,2,1,2,0
Dync1i1,2,2,1,1,2,2
1700019G24Rik,0,0,0,0,4,0
Slc25a13,22,19,28,26,39,17
Shfm1,1903,1477,2281,1620,2729,2424
Dlx6os1,0,0,0,0,1,0
Dlx6,0,1,1,2,1,0
Dlx5,0,2,0,0,2,0
Gm26774,0,0,0,0,1,0
Sdhaf3,97,79,121,121,130,102
Tac1,1,1,3,0,1,0
Asns,1,3,5,5,11,8
C1galt1,92,69,90,114,184,111
Mios,67,47,85,103,141,91
Rpa3,206,146,217,202,269,195
Umad1,77,42,88,98,125,91
Gm16055,0,0,0,1,0,0
Glcci1,19,17,23,31,47,22
Ica1,2,0,4,4,6,4
Nxph1,4,1,5,6,11,1
Ndufa4,2015,1684,2416,2102,3132,3075
Phf14,696,420,816,988,1277,705
Thsd7a,0,1,0,3,6,0
Tmem106b,345,261,453,457,598,372
Tmem168,333,260,422,512,591,643
B630005N14Rik,290,193,352,355,436,392
Gpr85,0,2,1,2,4,1
2610001J05Rik,599,457,727,698,895,722
1110019D14Rik,53,41,53,69,88,93
Foxp2,0,0,1,1,1,0
Mdfic,33,28,32,35,34,49
Gm43998,0,0,0,0,1,0
Tfec,0,0,0,3,0,0
Gm15473,0,0,1,0,0,0
Gm4876,4,2,7,2,7,1
Tes,239,166,205,182,274,197
Cav2,41,34,58,55,89,33
Cav1,5,2,10,6,18,10
Met,0,0,0,2,0,1
Capza2,5569,4089,6372,7105,6974,7616
St7,40,22,69,61,86,104
Wnt2,0,0,0,0,1,0
Cttnbp2,4,5,6,11,21,2
Gm26809,34,28,35,45,56,26
Gm20186,418,529,516,788,640,1445
Lsm8,442,351,587,574,668,561
Ankrd7,0,0,0,0,0,1
Kcnd2,1,0,1,0,5,2
Tspan12,1,0,3,6,5,5
Ing3,179,96,171,180,240,208
Cped1,0,0,3,2,1,0
Fam3c,360,263,418,523,539,516
Ptprz1,47,30,55,61,132,29
Aass,0,0,0,0,1,0
Cadps2,0,2,0,0,2,1
Slc13a1,0,0,0,1,0,0
Iqub,0,2,0,1,1,0
Ndufa5,679,505,753,513,998,805
Wasl,261,192,330,381,414,385
Hyal6,0,0,0,1,0,0
Tmem229a,23,18,18,31,50,16
Gpr37,30,18,46,64,131,14
Pot1a,107,83,119,142,186,154
Grm8,0,0,0,0,1,0
6530409C15Rik,1,1,3,2,4,0
Zfp800,314,213,352,495,513,443
Gcc1,84,57,83,161,162,133
Arf5,1753,1374,1994,2227,2262,2525
Fscn3,0,0,1,0,0,0
Snd1,182,151,245,286,342,486
Lrrc4,11,9,15,26,21,18
Rbm28,289,226,345,412,536,489
Prrt4,0,0,0,0,2,0
Impdh1,26,15,19,31,53,22
Hilpda,95,101,108,153,161,128
Calu,383,249,391,423,513,404
Opn1sw,3,3,0,2,0,0
Ccdc136,5,5,7,12,14,4
Flnc,0,0,0,0,1,1
Atp6v1f,2001,1684,2539,2550,2869,2678
Gm9047,1,0,0,1,1,1
Kcp,10,13,5,9,19,6
Gm26627,1,1,0,0,1,1
Irf5,2296,1449,2662,2810,3431,3131
Tnpo3,1241,807,1467,1057,2068,1574
Tspan33,304,190,248,400,528,266
Smo,181,122,241,291,329,320
Ahcyl2,250,207,300,324,436,343
Strip2,1,3,0,0,1,0
Smkr-ps,7,6,9,17,12,8
Nrf1,193,137,224,228,306,312
Ube2h,733,522,793,795,975,699
1700095J07Rik,4,2,0,2,4,1
Zc3hc1,122,100,170,176,260,217
Klhdc10,142,93,153,174,271,184
Tmem209,73,64,96,80,114,80
Cpa2,2,0,0,0,0,0
Cep41,43,25,39,50,63,30
Mest,2,1,10,6,4,5
Gm44296,1,0,0,0,0,0
Copg2,176,117,217,245,281,256
Tsga13,0,0,0,0,1,0
Gm27019,9,11,5,6,6,6
Lncpint,374,238,451,364,581,350
Gm13833,0,0,0,0,1,0
Gm14532,0,0,1,0,0,0
Mkln1os,6,4,3,9,12,10
Gm13844,0,1,0,0,0,0
Mkln1,750,565,880,845,1164,1002
Podxl,2,0,3,4,16,5
Gm6117,1,1,0,0,0,0
Plxna4,299,141,369,318,579,251
Plxna4os2,2,0,4,1,0,0
Plxna4os1,248,162,335,339,314,387
BC049739,0,1,0,0,0,0
Chchd3,305,222,349,378,425,392
Gm14540,0,0,0,1,1,0
Exoc4,312,198,282,406,413,403
Gm13853,2,0,0,0,0,0
Lrguk,3,2,5,13,17,3
Gm13856,0,0,1,0,0,0
Slc35b4,121,81,145,129,200,200
Akr1b3,676,536,828,1022,1195,1006
Akr1b8,0,1,1,2,3,0
Akr1b10,477,327,527,563,707,770
Akr1b7,0,0,0,1,0,0
Bpgm,97,63,155,136,189,97
Cald1,5,9,4,8,30,3
Gm13861,0,0,0,0,1,0
Agbl3,41,31,47,70,68,48
Tmem140,226,112,226,312,397,311
3110062M04Rik,128,85,129,151,200,149
Wdr91,61,49,79,91,113,120
Stra8,1,0,0,2,4,0
2010107G12Rik,0,0,0,1,2,0
Cnot4,449,303,508,571,759,659
Nup205,71,46,71,74,130,79
1810058I24Rik,390,324,482,586,706,540
Slc13a4,1,1,3,1,1,2
Mtpn,689,569,800,932,1012,986
Ptn,70,56,85,91,170,44
Dgki,2,1,0,2,6,1
Creb3l2,242,194,316,311,383,359
Trim24,140,98,146,198,242,122
Atp6v0a4,1,1,1,0,1,0
D630045J12Rik,30,15,42,34,39,20
Zc3hav1l,1,2,6,11,4,3
Zc3hav1,349,274,390,456,496,526
Ttc26,2,0,3,3,2,2
Ubn2,606,489,710,754,983,729
1110001J03Rik,159,130,172,154,230,217
Luc7l2,1849,1420,2081,2454,3249,2190
Gm26699,336,271,404,472,578,376
Klrg2,5,24,9,10,10,28
Clec2l,1,4,4,4,8,3
Hipk2,260,210,267,335,413,317
Tbxas1,1368,794,1466,1558,2129,1429
Gm42962,1,0,1,2,2,0
1700025N23Rik,0,1,0,1,1,1
Parp12,174,175,219,206,285,510
4930599N23Rik,17,9,16,11,19,12
Kdm7a,665,483,735,727,908,965
Slc37a3,59,46,61,60,110,74
Rab19,7,5,10,3,10,10
Mkrn1,694,470,855,846,984,713
Gm10244,4,1,1,0,2,2
Dennd2a,40,30,51,59,62,54
Adck2,85,71,105,133,136,202
Gm16272,0,0,1,0,0,0
Gm42420,1,0,0,0,0,0
Ndufb2,566,469,658,494,902,846
Braf,205,157,241,230,313,206
Mrps33,905,729,1084,1109,1342,1173
Tmem178b,4,4,8,11,17,7
Agk,100,69,98,121,149,124
E330009J07Rik,15,13,20,19,40,21
Ssbp1,730,603,920,830,1111,734
Clec5a,703,607,926,871,903,973
Ephb6,1,0,2,1,10,1
Gstk1,66,49,91,90,105,113
Casp2,63,26,78,94,125,92
Clcn1,2,0,0,0,2,0
Fam131b,3,1,4,7,17,4
Zyx,637,558,761,813,1034,1233
Epha1,0,2,1,3,1,1
2010310C07Rik,1,4,1,5,4,2
Tas2r143,0,2,0,1,1,0
Tcaf2,0,1,0,0,1,0
Tcaf1,43,35,61,64,81,51
Arhgef5,2,2,7,3,4,2
Tpk1,25,26,35,25,48,22
9430018G01Rik,0,0,0,2,0,0
Cntnap2,1,2,1,2,2,0
Cul1,786,511,993,1068,1235,1029
Ezh2,50,44,68,86,93,68
Gm26625,1,1,1,2,4,1
Pdia4,556,537,778,934,874,1618
Zfp786,1,0,1,2,1,3
Zfp398,104,79,105,185,192,190
Zfp282,77,39,64,108,123,101
Zfp212,83,50,125,190,178,165
Zfp956,21,17,24,38,46,32
Zfp777,60,42,60,60,105,85
Zfp746,174,101,178,210,327,212
Gm16630,0,0,4,2,4,3
Krba1,49,47,66,80,104,80
Zfp467,483,304,574,731,801,711
Sspo,2,1,1,3,4,1
1700026J14Rik,0,0,0,0,1,0
Atp6v0e2,3,4,17,12,59,15
Lrrc61,37,31,44,84,68,69
Rarres2,8,20,13,16,40,4
Repin1,53,31,61,80,94,105
Zfp775,53,33,61,101,127,68
AI854703,1,1,1,2,5,1
Gimap8,1,0,1,0,3,0
Gimap9,90,42,98,115,177,83
Gimap4,0,0,4,0,1,1
Gimap6,347,200,421,268,620,252
Gimap7,0,0,0,1,0,0
Gimap1,194,122,273,270,379,228
Gimap5,30,11,27,31,46,20
Gm44226,0,1,0,0,0,0
4833403J16Rik,12,3,5,8,9,5
Gimap3,1,1,5,4,5,2
Tmem176b,3297,3594,3989,5179,4817,7274
Tmem176a,1867,2562,2397,3794,2848,4468
Gm7932,0,0,2,0,0,0
Gpnmb,3,1,1,0,3,1
Malsu1,358,225,387,470,542,366
Igf2bp3,82,73,88,161,167,80
Tra2a,1328,802,1636,2071,2485,2083
Ccdc126,58,29,77,78,111,92
Fam221a,6,8,4,8,17,6
Npy,0,1,2,2,12,0
Mpp6,330,256,424,483,518,457
Dfna5,191,132,257,215,345,144
Osbpl3,40,31,39,46,83,68
Cycs,1040,874,1310,1342,1663,1772
5430402O13Rik,6,3,1,4,7,5
4921507P07Rik,2,0,3,3,2,1
Gm44109,0,0,0,0,1,0
Nfe2l3,1,2,6,8,13,1
Hnrnpa2b1,4278,2947,4813,5094,6578,6066
Cbx3,945,667,1019,1011,1240,1019
Snx10,685,487,748,800,981,1010
Skap2,1228,891,1400,1739,1919,1668
Hotairm1,0,0,0,0,1,0
Hoxaas3,1,0,0,0,0,0
Hibadh,347,247,430,419,496,399
Tax1bp1,964,753,1303,1359,1617,1435
Jazf1,1,1,1,1,3,0
Creb5,154,103,198,163,374,123
Tril,6,6,10,8,25,6
Gm43938,2,1,0,2,2,0
Gm16499,0,1,0,0,6,0
Chn2,468,317,554,572,776,498
9530036M11Rik,3,3,2,2,6,0
Prr15,5,3,6,5,10,4
Wipf3,2,2,3,3,7,4
Scrn1,4,2,6,6,10,1
Fkbp14,51,29,39,46,88,43
Plekha8,66,63,69,77,116,92
Mturn,13,5,10,5,15,7
Znrf2,685,507,896,887,1136,835
Nod1,52,30,51,70,73,94
Ggct,50,32,65,77,91,74
Gars,267,216,332,355,476,495
Crhr2,0,0,0,1,1,0
Fam188b,7,14,12,16,19,21
Aqp1,2,1,1,0,1,0
Adcyap1r1,10,4,8,10,24,10
Neurod6,2,1,0,2,4,2
Pde1c,2,0,6,5,13,2
Lsm5,417,313,437,333,602,476
Avl9,289,204,288,351,428,290
Kbtbd2,472,272,514,605,737,577
Fkbp9,196,152,229,251,339,232
Nt5c3,162,119,199,201,237,226
Vmn1r4,0,1,1,1,2,0
Ppm1k,105,79,126,157,213,157
Herc6,167,114,182,231,244,332
Pyurf,67,42,62,91,99,109
Lancl2,2,2,10,8,13,9
Vopp1,19,15,19,17,20,62
Abcg2,262,154,295,306,412,305
Herc3,27,16,22,41,86,27
Nap1l5,15,18,25,28,79,15
Fam13a,26,23,25,32,41,24
RP24-492L15.6,0,1,0,0,1,0
Tigd2,365,281,470,526,705,620
Gprin3,0,0,0,0,1,0
Snca,19,15,48,13,22,6
Mmrn1,1,0,0,0,0,0
Ccser1,0,0,1,0,1,0
Grid2,1,1,4,2,10,1
Smarcad1,196,182,248,310,416,287
Hpgds,3457,2580,4352,4854,5015,4597
C130060K24Rik,0,0,0,0,1,1
Tnip3,12,4,8,4,2,6
Ndnf,3,1,2,1,8,0
Prdm5,4,2,6,1,11,7
Mad2l1,20,11,24,19,27,16
Gng12,402,307,453,470,540,466
Gm43956,1,0,0,0,0,0
Gadd45a,69,32,64,135,107,50
Serbp1,2013,1503,2556,2720,3519,3055
Il12rb2,9,5,10,7,7,5
Tacstd2,0,1,0,0,0,0
Rpia,244,185,291,323,335,299
Eif2ak3,117,94,111,154,191,165
Thnsl2,26,16,32,35,51,30
Smyd1,1,1,1,0,1,0
Krcc1,1079,748,1252,1573,1741,1421
Gm1070,1,0,2,3,1,0
Cd8b1,0,0,0,0,1,1
Gm44175,0,1,1,0,1,2
Cd8a,2,0,2,1,1,1
Rmnd5a,248,148,260,212,293,243
Rnf103,281,190,310,364,406,338
Gm44195,2,1,2,6,2,1
Chmp3,718,524,874,940,1234,904
Kdm3a,196,120,250,252,350,244
Reep1,4,1,0,2,7,0
Mrpl35,237,186,280,283,390,331
Immt,603,465,723,739,941,988
Ptcd3,70,57,98,115,150,94
Polr1a,127,98,156,191,333,158
St3gal5,1505,886,1688,1832,2535,2133
RP24-416M6.4,1,0,0,0,0,0
RP24-416M6.5,9,11,21,23,22,16
Atoh8,0,0,1,0,0,0
Usp39,177,104,205,250,288,293
RP23-60P18.10,14,9,15,14,29,13
0610030E20Rik,282,203,335,408,522,522
Tmem150a,133,97,163,173,192,225
Rnf181,210,163,247,238,302,325
Vamp5,294,216,374,346,492,390
Vamp8,2529,1838,2886,2728,3245,3396
Ggcx,43,35,48,40,60,88
Mat2a,2396,1680,3088,3005,3562,4121
Sh2d6,25,10,19,23,39,31
Capg,408,254,529,595,726,388
Elmod3,86,61,93,104,132,129
Retsat,72,48,67,94,129,91
Tgoln1,1143,872,1353,1448,1707,1491
Tcf7l1,1,0,0,3,2,4
Kcmf1,691,446,709,776,1007,788
Tmsb10,2188,1075,2383,1438,2840,2890
Dnah6,1,1,0,3,2,1
Suclg1,519,434,722,670,887,795
Gm9008,2,3,3,6,0,4
Ctnna2,2,6,5,9,14,3
Lrrtm1,0,0,1,0,2,2
Gm20594,0,0,0,1,2,0
Lrrtm4,0,1,4,1,3,0
Gcfc2,29,13,37,33,47,47
Mrpl19,147,91,162,196,239,200
Gm20383,2,1,0,0,1,1
Eva1a,265,163,305,318,388,151
Pole4,483,325,499,571,669,577
Hk2,2057,1679,2598,2473,4450,2901
Gm17034,0,3,0,0,4,0
RP23-81F19.2,366,256,486,250,526,448
Gm43878,62,36,101,68,118,83
Sema4f,0,0,1,1,2,2
M1ap,14,3,12,20,31,24
Dok1,514,315,647,855,897,909
Loxl3,50,24,55,92,108,69
Htra2,535,432,639,870,972,729
Aup1,897,644,990,1027,1325,1464
Dqx1,7,5,26,27,64,2
Tlx2,0,0,1,0,0,0
Pcgf1,43,29,53,103,109,112
Lbx2,100,61,121,145,157,112
Ccdc142,0,0,0,1,1,0
Ccdc142-1,2,0,3,3,5,5
Ccdc142os,6,5,2,8,6,3
Mrpl53,20,7,16,13,14,13
Mogs,389,287,519,652,612,744
Wbp1,145,98,149,163,227,250
Ino80b,217,152,316,323,490,465
Rtkn,11,4,20,15,46,6
Wdr54,2,3,5,3,10,3
1700003E16Rik,0,1,0,2,3,1
Dctn1,315,265,395,466,573,611
Gm15624,0,1,0,0,0,0
Slc4a5,1,1,6,0,1,1
Mthfd2,110,93,101,225,288,414
Mob1a,1047,723,1153,1153,1512,1014
Bola3,185,197,198,221,288,296
Tet3,336,251,364,479,573,413
Dguok,676,503,820,886,814,846
Stambp,195,94,207,209,286,229
RP23-361O12.3,0,0,0,0,1,0
1700124L16Rik,0,1,3,3,3,0
Tex261,882,660,995,1168,1433,1356
Nagk,267,185,292,349,448,296
Paip2b,72,44,85,79,133,86
Zfp638,513,315,570,661,723,589
Cyp26b1,4,0,0,0,1,0
Exoc6b,172,108,214,193,304,197
Spr,332,208,355,417,495,504
Emx1,0,0,0,1,3,0
Sfxn5,46,38,37,39,66,52
Rab11fip5,235,138,293,325,388,477
Smyd5,90,65,110,111,174,104
Pradc1,51,39,54,88,88,75
Cct7,894,690,1065,1088,1203,1558
Fbxo41,1,3,3,5,1,0
Egr4,6,27,15,18,8,23
Alms1,9,9,18,19,16,14
Cml3,0,1,0,0,0,1
Gm11128,0,0,0,0,1,0
Cml5,1,2,0,0,3,1
Nat8,1,1,1,1,2,2
1700019G17Rik,3,2,2,1,4,3
Cml1,27,24,39,36,87,36
Tprkb,215,171,252,310,392,251
Dusp11,718,482,858,833,1101,970
Gm19265,2,1,1,0,1,1
4930553P18Rik,0,0,1,0,0,0
Add2,1,0,0,2,3,1
Tgfa,439,350,532,525,680,498
Fam136a,126,120,148,211,256,162
Snrpg,1563,1111,1703,1096,2502,2170
Pcyox1,224,130,210,247,368,278
Tia1,251,177,287,328,505,364
C87436,144,73,170,242,252,193
A430078I02Rik,9,11,9,21,24,14
2310040G24Rik,192,118,183,165,257,176
Gm43936,58,30,49,108,69,77
Gm44386,1,0,1,0,4,1
Pcbp1,2089,1457,2381,2586,3280,4035
1600020E01Rik,95,63,108,140,165,131
Asprv1,0,1,0,0,2,0
Mxd1,106,107,97,191,159,153
Snrnp27,552,424,679,606,865,745
Gmcl1,119,101,111,166,193,172
Gm44036,1,0,1,0,0,0
Anxa4,132,121,161,178,213,210
Aak1,156,93,221,198,260,177
Nfu1,468,336,589,616,675,611
Gfpt1,248,148,299,252,399,354
D6Ertd527e,0,0,0,2,0,1
Antxr1,3,2,5,4,8,0
Gkn3,0,0,0,3,0,0
Arhgap25,617,501,751,652,627,1119
Prokr1,1,1,1,1,0,1
Aplf,26,19,41,43,49,34
1810020O05Rik,0,1,1,0,0,1
Gm43904,1,0,2,1,1,4
Gp9,284,149,354,227,347,224
Rab43,286,168,308,366,398,472
RP23-4F16.12,1,1,0,0,2,2
Isy1,171,118,181,178,266,242
Cnbp,2151,1605,2481,2978,3397,2898
Copg1,215,162,300,305,406,403
Hmces,110,79,125,128,211,149
H1fx,9,2,1,7,12,2
Gm5577,2,0,0,2,2,1
Rab7,1408,1106,1598,1628,1953,1953
Rpn1,566,513,645,819,1048,1305
Gata2,5,5,6,4,9,5
Eefsec,146,88,150,156,219,228
Gm44264,0,1,0,0,0,2
Ruvbl1,269,179,394,347,410,362
Sec61a1,385,283,444,506,659,846
Gm44170,1,1,0,1,1,0
Kbtbd12,5,3,7,6,7,8
Gm26588,1,0,1,0,2,0
Mgll,683,382,883,896,1069,773
Abtb1,220,145,220,279,352,351
Podxl2,25,21,53,33,63,42
Gm15612,1,1,1,0,5,0
Mcm2,24,29,38,87,114,60
Tpra1,148,90,206,203,260,230
Gm44204,0,1,2,0,0,0
Gm44205,1,0,0,0,0,0
Gm26811,0,0,0,0,3,0
Plxna1,8,7,12,10,10,11
Chchd6,74,41,79,97,109,79
Txnrd3,37,17,38,37,51,18
Zxdc,95,63,116,159,185,153
Cfap100,0,0,0,3,13,2
Gm44117,0,0,0,0,1,0
Klf15,12,10,16,9,31,13
Gm44421,1,1,0,1,4,0
Aldh1l1,5,5,8,11,23,10
Slc41a3,178,109,160,221,277,239
Iqsec1,76,67,110,158,213,130
Gm44123,0,0,1,0,0,0
Nup210,9,12,21,31,30,36
Hdac11,189,90,202,246,321,207
Fbln2,2,1,0,1,1,0
Wnt7a,1,0,4,1,8,2
4930471M09Rik,0,0,1,2,0,1
1810044D09Rik,35,13,35,51,45,33
Chchd4,164,110,180,223,303,248
Tmem43,114,97,172,168,266,253
Xpc,105,76,114,138,192,174
Lsm3,401,337,529,410,510,568
Slc6a6,888,606,1032,1488,1918,1459
Ccdc174,302,181,353,487,568,521
4930590J08Rik,3,5,4,4,10,7
Fgd5,0,0,0,1,3,0
Nr2c2,167,133,184,269,370,204
Mrps25,215,192,253,247,313,347
Rbsn,110,53,115,140,179,124
Prickle2,4,2,6,12,11,4
Adamts9,1,0,0,0,0,3
9530026P05Rik,0,0,0,0,2,0
Magi1,117,63,128,138,171,129
Slc25a26,56,28,56,64,93,68
Lrig1,3,6,7,8,14,5
Kbtbd8,27,17,32,54,76,28
Suclg2,358,269,392,404,640,407
Fam19a1,2,3,3,3,3,4
Fam19a4,0,0,0,0,2,1
Eogt,58,46,87,77,117,89
Tmf1,497,340,568,624,785,581
Uba3,194,112,213,197,325,191
Arl6ip5,644,533,748,918,998,996
Frmd4b,902,666,1277,1308,1522,1416
Mitf,181,156,254,253,333,282
Foxp1,588,379,640,534,869,747
Gm20696,25,19,26,33,41,27
Eif4e3,142,105,147,200,251,207
Gpr27,2,0,3,0,2,0
Prok2,0,1,0,0,0,0
Rybp,380,226,403,483,488,258
Shq1,59,30,60,56,68,77
Gxylt2,0,0,0,3,1,1
Ppp4r2,539,340,618,734,814,747
Cntn3,0,0,1,1,0,0
Chl1,3,0,5,4,6,1
Cntn6,0,1,1,0,2,1
Gm15631,0,0,0,0,1,0
Cntn4,0,0,2,1,0,1
Il5ra,0,0,1,0,0,0
Trnt1,179,136,247,287,329,263
Crbn,253,163,302,378,396,364
Lrrn1,15,8,15,17,54,8
Setmar,4,7,7,16,13,16
Sumf1,219,206,290,328,405,402
Itpr1,45,36,61,38,80,64
Bhlhe40,13,8,20,15,27,6
Arl8b,796,532,838,917,1161,973
Edem1,1566,1126,1763,2025,3023,1739
Grm7,2,0,1,1,4,0
Lmcd1,1,0,2,0,1,0
Rad18,6,4,11,20,33,23
Gm26799,1,1,0,0,0,0
Srgap3,22,20,14,19,53,14
Thumpd3,340,237,339,448,491,456
Gt(ROSA)26Sor,633,338,635,1046,869,686
Setd5,480,353,512,595,794,558
Lhfpl4,16,15,15,20,25,20
Mtmr14,191,112,250,233,302,312
Cpne9,4,2,3,4,1,0
Brpf1,242,193,307,335,518,420
Gm15492,1,2,1,3,3,1
Ogg1,95,68,110,131,145,161
Camk1,3434,2219,4064,4467,5192,4452
Tada3,305,198,374,393,399,417
Arpc4,3023,2045,3553,3856,4544,4145
Ttll3,130,89,153,245,203,214
Rpusd3,34,12,42,52,71,78
Jagn1,294,229,406,370,509,518
Il17rc,0,1,1,1,0,5
Creld1,108,89,125,159,165,242
Prrt3,3,0,1,0,4,0
Emc3,719,474,782,847,984,839
Fancd2,8,3,6,5,9,4
Brk1,2773,2079,3342,3528,3865,3388
Gm44199,0,0,2,0,1,0
Vhl,313,198,382,424,489,443
1700015O11Rik,1,0,1,0,0,0
Irak2,541,372,647,683,811,758
Gm43964,0,0,0,1,3,1
Tatdn2,256,164,278,397,412,376
Gm26982,39,41,35,38,57,35
Ghrl,1,1,4,1,3,0
Gm44053,3,4,3,0,3,0
Sec13,641,416,714,760,940,1010
Atp2b2,16,10,29,33,21,15
Slc6a11,18,11,12,14,51,8
Slc6a1,23,20,35,35,94,24
Hrh1,3,0,2,0,2,0
Atg7,145,81,142,133,195,240
Vgll4,965,617,1154,1069,1341,1548
Tamm41,34,24,45,64,69,73
Syn2,4,4,8,6,15,6
Timp4,18,13,9,32,29,6
Tsen2,76,60,113,137,139,111
Mkrn2,88,57,106,148,159,143
Raf1,364,236,355,438,574,452
Tmem40,0,2,2,4,7,0
Cand2,50,12,47,65,97,29
Rpl32,12401,12843,16926,19036,18041,21568
Efcab12,0,4,5,1,8,3
Mbd4,24,22,20,41,60,39
Ift122,15,6,29,17,34,21
Rho,0,1,0,0,1,0
Plxnd1,3,1,0,4,5,2
Tmcc1,387,261,454,427,603,531
Gm20404,1,0,0,0,0,0
Fam21,497,369,587,664,787,882
Zfand4,2,5,8,9,10,6
March8,188,135,180,207,300,202
Alox5,184,225,174,254,295,526
Olfr212,1,0,2,2,0,2
Zfp422,185,120,235,251,251,212
Rassf4,529,538,781,723,849,1084
8430408G22Rik,2,0,1,0,1,0
Tmem72,12,3,11,6,13,1
Cxcl12,5,3,3,6,21,2
Zfp637,190,83,237,225,289,226
Zfp239,8,3,4,5,17,1
Hnrnpf,3606,2740,4340,4833,5342,4871
Fxyd4,23,28,27,33,19,34
Rasgef1a,3,6,4,7,15,7
Csgalnact2,119,90,114,141,184,137
Bms1,166,132,213,221,291,231
Zfp248,6,3,14,13,23,15
Zfp9,3,12,4,6,11,10
Ankrd26,103,73,111,148,182,140
Cacna1c,0,2,1,6,13,0
Dcp1b,70,45,90,117,145,103
Cacna2d4,2,0,1,0,2,1
Lrtm2,0,1,3,2,5,0
Adipor2,256,201,298,318,458,458
Wnt5b,1,0,0,1,1,0
Fbxl14,309,233,344,429,560,604
Erc1,20,12,21,25,35,26
Gm44317,0,0,0,0,1,0
4930540M05Rik,0,0,0,2,1,1
Rad52,55,60,62,76,70,51
Wnk1,2982,2765,3429,3638,4404,3412
Ninj2,5,1,6,10,18,3
Ccdc77,69,48,64,86,92,85
Kdm5a,381,291,431,518,687,525
Il17ra,764,600,977,898,1037,1153
Cecr6,0,0,1,0,1,0
Cecr5,27,20,41,32,32,47
Gm20692,1,2,0,0,0,0
Cecr2,5,2,6,1,6,5
Slc25a18,16,9,9,13,31,8
Atp6v1e1,1087,826,1344,1257,1685,1578
Bcl2l13,92,57,127,154,165,133
Bid,277,156,314,494,477,358
Mical3,94,38,81,83,136,90
Gm43915,2,1,3,5,4,1
Pex26,20,19,29,19,51,42
Tuba8,0,0,0,1,0,0
Gm15856,1,0,1,0,0,0
Usp18,23,19,26,51,45,275
Gm44148,1,1,0,3,4,2
Slc6a13,1,1,1,1,5,0
Iqsec3,0,3,1,2,5,0
A2m,1,0,1,0,0,0
M6pr,987,782,1161,993,1550,1636
Phc1,50,39,63,74,96,75
Rimklb,1,1,0,8,11,3
Apobec1,292,302,339,415,457,613
Slc2a3,51,29,42,38,57,38
Gm26826,62,27,49,62,106,77
Foxj2,329,194,327,324,570,316
C3ar1,2141,2073,2859,2239,3407,4385
Necap1,185,143,223,254,387,217
Clec4a1,18,24,37,26,14,57
Clec4a3,536,501,736,611,552,1353
Clec4a4,1,0,2,1,2,0
Clec4b1,2,1,0,0,0,2
Clec4a2,818,610,1000,1042,890,1504
Clec4n,0,1,0,0,1,2
Clec4d,0,0,1,0,1,0
Clec4e,2,3,4,0,2,1
Cd163,0,2,1,4,3,0
Pex5,139,96,197,230,235,205
Clstn3,4,4,6,6,12,4
C1rl,61,60,73,131,106,137
C1ra,6,14,11,16,15,13
Lpcat3,945,559,1064,1176,1399,1324
Emg1,710,590,925,942,1103,1005
Phb2,779,620,999,1267,1386,1183
Ptpn6,1521,1131,1971,2915,2979,2891
Gm20531,3,3,0,2,5,0
Grcc10,1189,643,1190,714,1562,1223
Atn1-1,249,146,243,272,364,240
Eno2,5,10,10,7,14,3
Lrrc23,1,5,1,0,4,3
Spsb2,277,201,392,526,480,453
Tpi1,784,656,993,858,1030,1065
Usp5,171,126,206,225,304,286
Cdca3,2,0,1,2,1,3
Gnb3,2,0,1,4,2,0
P3h3,113,72,136,127,158,117
Gpr162,17,8,27,25,19,16
Cd4,1,1,0,1,0,0
Lag3,2338,1469,3974,3298,2373,4777
Ptms,4825,3222,5968,4684,5941,6893
A230083G16Rik,3,3,3,7,10,4
Mlf2,883,587,977,929,1299,1481
Cops7a,276,216,369,489,527,514
Pianp,5,2,18,1,10,17
Zfp384,269,162,246,306,361,190
Gm43989,0,1,0,0,0,0
Ing4,308,197,352,434,503,417
Acrbp,53,46,54,70,97,78
Lpar5,2,1,5,2,3,3
Chd4,1863,1273,2209,2360,3063,2823
Nop2,201,124,218,362,382,334
Iffo1,550,327,551,879,1145,683
Gapdh,7198,5976,8777,9698,11739,14642
Ncapd2,15,4,18,15,42,17
Mrpl51,328,291,454,507,625,597
Vamp1,53,48,78,98,140,56
Tapbpl,270,229,350,400,446,544
Cd27,82,61,114,131,203,91
Ltbr,290,229,358,454,511,760
Scnn1a,5,6,3,6,7,3
Tnfrsf1a,1173,943,1479,1584,1737,2698
Plekhg6,0,0,1,0,1,0
Cd9,10989,4910,16918,13437,17471,7303
Gm28809,104,56,140,83,137,57
Vwf,4,0,6,3,21,7
Kcna1,1,6,12,14,23,10
Kcna6,5,6,9,8,37,3
Gm26673,1,0,0,0,0,0
Ndufa9,652,431,720,912,1042,794
Akap3,0,0,0,4,0,0
Dyrk4,60,28,55,57,68,78
Rad51ap1,7,4,5,17,20,14
D6Wsu163e,224,146,237,316,316,293
Tigar,24,31,35,38,64,60
Ccnd2,14,33,20,24,36,8
9330179D12Rik,0,0,0,2,0,0
Parp11,64,41,56,63,83,80
Cracr2a,1,1,0,1,2,3
Gm43634,1,0,0,0,0,0
Prmt8,1,1,0,0,2,1
Gm42738,0,0,0,0,1,0
Tspan11,0,0,0,0,2,0
Tspan9,100,74,114,112,172,98
9330102E08Rik,3,1,4,2,10,3
Gm10010,4,3,4,12,8,8
Tulp3,48,34,48,47,110,33
Rhno1,102,57,137,162,168,188
Foxm1,4,2,3,5,5,3
4933413G19Rik,0,0,1,0,3,0
Gm15862,0,0,0,1,0,0
Nrip2,0,1,1,2,10,1
Itfg2,59,37,61,91,121,93
Fkbp4,756,600,946,868,849,1505
Gm10069,17,4,12,8,9,16
Pzp,0,1,0,0,0,0
BC048546,0,0,3,1,0,3
Klrb1a,2,0,0,0,0,1
Clec2h,0,0,0,1,0,0
Klrb1c,0,0,1,0,0,0
Klrb1b,1,0,0,2,3,5
Gm44066,2,0,1,3,3,1
Gm44067,45,29,60,67,70,65
Gm26656,5,0,4,4,6,2
BC035044,547,351,672,767,750,772
Clec2i,2,2,7,2,6,1
Gm44000,0,0,0,0,1,0
Clec2d,131,301,210,219,297,352
2310001H17Rik,20,30,18,32,21,57
Cd69,3,8,22,14,10,10
Clec12a,1,1,4,1,0,0
Clec12b,0,0,0,1,0,0
Clec1b,10,12,21,34,35,12
Clec9a,0,0,0,0,1,0
Clec1a,13,10,13,26,31,11
Olr1,5,2,11,2,9,5
Gabarapl1,274,179,295,328,568,301
Klrd1,79,13,60,8,26,6
Klrk1,1,0,0,1,0,1
Klrc2,0,0,0,0,1,0
Klrc1,0,0,0,0,4,1
Klra17,0,0,0,0,0,1
Klra7,1,0,0,0,1,0
Klra2,0,0,1,1,1,0
Magohb,159,124,177,207,235,214
Styk1,0,0,0,0,2,0
Ybx3,276,195,323,335,388,393
Smim10l1,332,302,423,530,564,478
Etv6,298,230,367,427,528,478
Gm17088,2,11,3,8,9,5
Gm17089,4,2,1,2,3,2
Bcl2l14,2,0,1,0,1,0
Lrp6,261,236,344,368,444,352
Gm43949,1,1,0,0,2,1
Mansc1,9,5,6,4,15,4
Borcs5,69,61,77,87,112,105
Dusp16,335,235,350,369,586,390
Gm44025,2,0,0,1,1,0
Crebl2,96,43,93,55,84,66
Gpr19,23,9,17,35,30,25
2810454H06Rik,42,31,57,46,88,78
Cdkn1b,381,223,395,402,606,325
Lockd,4,0,1,2,2,1
Apold1,4,5,3,5,21,2
Ddx47,245,134,280,277,453,376
Gprc5d,1,0,0,0,0,0
Hebp1,487,621,579,892,789,1542
Gm19434,0,2,0,0,2,2
Fam234b,59,61,62,85,115,123
Gsg1,197,152,205,211,233,259
Gm44276,0,0,0,0,1,0
Emp1,0,0,1,0,0,0
Grin2b,3,4,2,5,8,3
Atf7ip,453,286,518,702,816,588
Plbd1,1,1,1,0,3,1
Hist4h4,23,18,39,31,56,55
H2afj,465,488,570,576,759,743
Wbp11,398,265,464,476,644,616
BC049715,9,1,9,4,16,8
Smco3,4,2,10,6,16,5
Mgp,3,1,3,16,23,4
Erp27,4,4,6,9,11,14
Arhgdib,2353,2009,2839,2845,3222,4545
Pde6h,2,3,0,0,0,0
Rerg,0,0,0,0,1,0
Ptpro,531,294,551,562,728,575
Eps8,49,46,50,93,125,91
Strap,598,414,806,745,911,815
Dera,113,89,116,154,185,118
Mgst1,5,10,6,7,14,3
Lmo3,1,3,1,1,3,4
Plekha5,64,43,52,71,96,86
Aebp2,365,291,441,467,625,364
Gm28523,1,0,3,1,0,0
Pde3a,1,0,1,2,4,2
Slco1c1,7,2,18,10,39,4
Slco1b2,0,0,0,3,0,0
Slco1a4,7,0,4,13,46,3
Pyroxd1,79,39,97,120,152,104
Recql,60,54,83,63,85,108
Golt1b,252,170,294,305,339,418
Spx,0,1,0,0,1,0
Ldhb,5448,3070,6499,7246,7201,6408
Kcnj8,0,0,0,3,2,0
Abcc9,0,2,1,2,5,0
Cmas,565,307,496,670,931,614
Gm766,2,0,2,2,1,3
St8sia1,14,9,20,28,33,13
C2cd5,39,33,55,73,96,40
Etnk1,602,443,771,860,1173,679
1700126G02Rik,4,1,3,3,6,2
Sox5,2,1,5,10,10,4
Bcat1,7,1,12,5,15,4
Lrmp,329,147,387,411,512,420
Casc1,7,13,13,8,17,2
Gm15543,0,0,0,1,1,0
Lyrm5,131,89,144,141,153,138
Kras,1040,795,1208,1238,1437,1059
Gm15706,37,27,40,46,60,31
2010013B24Rik,34,19,18,50,28,25
Lmntd1,0,1,0,0,0,0
Gm15704,1,0,0,1,3,0
Rassf8,80,53,72,71,132,71
Bhlhe41,1025,1140,1196,1922,1966,1779
Sspn,18,7,25,29,32,6
Itpr2,772,590,1036,1119,1387,1134
Asun,131,83,157,193,229,161
Fgfr1op2,597,452,675,711,782,767
Tm7sf3,228,155,286,321,434,315
Med21,649,577,656,766,874,804
4930479D17Rik,3,1,0,2,8,0
Stk38l,122,95,128,166,195,95
Arntl2,0,0,2,0,0,1
Ppfibp1,32,23,44,37,50,46
1700034J05Rik,0,0,0,0,1,0
Rep15,2,5,3,12,18,3
Mrps35,125,98,178,172,209,237
Mansc4,0,0,0,1,2,0
Klhl42,24,16,31,37,54,38
Gm6288,1,1,0,0,0,0
Ccdc91,71,58,94,92,137,112
Far2os2,0,0,1,0,0,0
Far2,1,1,4,1,7,2
Far2os1,0,0,0,0,1,0
Ergic2,533,397,540,628,745,673
Gm17216,2,1,1,0,2,1
Tmtc1,2,2,2,1,3,0
Ipo8,97,58,99,113,200,111
Caprin2,18,6,28,22,27,29
Gm43913,1,0,0,0,0,0
Fam60a,74,49,84,103,114,86
3010003L21Rik,4,11,11,18,25,9
Dennd5b,17,12,10,10,35,10
Mettl20,14,8,20,18,25,20
Amn1,147,137,172,184,228,172
2810474O19Rik,872,536,924,1012,1514,1112
Bicd1,6,2,5,8,17,2
Gm21814,1,1,4,2,2,5
Myadm,530,338,626,475,843,389
Prkcg,3,8,7,3,7,5
Cacng7,0,1,1,0,0,0
Gm44257,4,1,4,1,2,4
Cacng8,8,2,3,7,9,3
Cacng6,0,0,0,1,0,1
Tarm1,0,1,0,0,0,2
Oscar,0,0,0,1,3,1
Ndufa3,1024,765,1131,740,1805,1728
Tfpt,98,95,130,158,173,204
Prpf31,172,129,196,241,309,291
Cnot3,307,211,430,461,814,534
Leng1,276,178,313,306,409,347
Tmc4,27,25,23,32,38,31
Gm15929,0,0,0,1,1,2
Mboat7,554,343,573,631,787,924
Tsen34,737,443,840,1071,1065,1106
Rps9,16850,15618,22303,26542,22553,26000
Pirb,145,198,137,237,172,643
Gm15448,0,0,1,0,0,0
Pira2,6,5,8,16,14,15
Gm14548,0,0,0,0,1,0
Lilra6,0,1,0,0,0,1
RP23-292B24.1,0,2,2,0,0,0
Lair1,3451,2612,3978,5362,6860,5157
9430041J12Rik,0,0,1,2,3,1
Ttyh1,50,42,72,85,132,43
D030047H15Rik,1,1,0,0,2,1
Leng8,409,326,490,522,699,327
Leng9,170,104,210,267,237,309
Cdc42ep5,0,0,3,1,4,0
Lilra5,119,109,172,140,249,185
Gp6,0,0,2,0,0,0
Rdh13,31,25,36,65,57,31
Eps8l1,33,1,117,62,38,138
Ppp1r12c,559,394,618,637,849,847
Tnnt1,12,16,15,17,25,20
Tnni3,12,7,5,14,16,9
Dnaaf3,58,38,48,84,94,44
Gm15873,7,1,12,3,11,7
Syt5,1,0,1,1,0,2
Ptprh,3,0,0,2,0,0
Tmem86b,53,25,67,49,74,41
Ppp6r1,415,280,520,484,760,427
Hspbp1,122,99,141,170,230,211
Brsk1,4,3,6,4,12,3
Tmem150b,12,6,11,5,5,12
Suv420h2,151,78,145,171,191,228
Cox6b2,26,26,18,39,29,40
Il11,1,0,1,2,2,0
Tmem238,18,30,15,28,35,47
Rpl28,10483,10055,13538,14023,15382,15439
Ube2s,1305,899,1492,1960,1975,1936
Shisa7,12,3,18,8,7,4
Isoc2b,126,85,169,181,156,154
Isoc2a,42,26,37,61,72,38
Zfp628,75,39,72,106,128,127
Nat14,21,18,23,31,36,28
Ssc5d,0,0,0,1,0,0
Sbk2,0,0,1,0,0,0
Sbk3,1,1,0,0,0,0
Zfp579,149,113,148,201,213,197
Fiz1,224,132,217,357,402,355
Zfp524,118,71,134,176,176,197
Zfp865,133,91,174,197,294,214
Ccdc106,185,130,165,205,212,202
Zfp784,9,5,3,13,10,14
Gm15510,5,12,3,11,8,12
Zfp580,78,51,90,136,157,157
U2af2,727,530,752,848,1216,919
Epn1,1041,706,1225,1571,1781,2318
Rasl2-9,41,27,26,52,54,32
Vmn1r58,0,0,0,0,0,1
Nlrp4c,0,0,0,3,0,0
Zfp787,310,214,349,446,503,501
Zfp444,160,100,186,194,241,259
RP24-445D7.2,0,3,0,1,1,1
Zfp667,27,21,47,60,66,57
Zfp583,20,12,23,24,43,33
RP23-143D11.1,1,1,2,0,2,0
Zfp78,3,5,5,9,8,9
Zfp28,25,14,25,61,51,28
Smim17,0,1,0,0,0,0
Gm20715,0,0,0,1,0,1
Zim1,0,1,0,0,2,0
Peg3,8,13,8,11,38,8
Usp29,1,0,0,0,3,2
Aurkc,0,0,0,1,1,2
Zfp954,53,28,66,77,88,75
Zfp773,7,8,6,19,17,11
Zfp418,0,3,1,8,6,7
Zfp772,21,7,23,28,28,33
Vmn2r29,7,1,4,4,1,3
Clcn4,756,448,911,947,1142,1064
Zik1,9,11,21,16,21,18
Zfp551,2,3,6,13,9,2
Zfp606,44,31,64,100,99,65
Zscan18,68,32,59,43,109,40
Zfp329,113,62,120,128,196,105
Zfp110,221,108,236,224,297,318
Zfp128,3,12,21,16,22,17
Zscan22,43,14,52,41,71,48
Rps5,8714,8404,11747,15849,13178,14976
Rnf225,3,2,4,10,10,8
1810019N24Rik,3,0,1,1,3,2
Zfp324,14,10,21,43,43,38
Zfp446,16,23,28,40,46,41
Zbtb45,82,62,88,110,139,180
Trim28,567,401,659,758,1088,981
Chmp2a,1093,883,1336,1295,1670,1776
Ube2m,728,576,871,1047,1219,1357
Mzf1,4,3,6,12,10,10
6330408A02Rik,27,14,34,43,38,35
Lig1,66,52,81,98,211,110
Pla2g4c,0,1,2,3,0,2
Sepw1,555,555,635,916,1388,872
Gltscr2,752,578,918,949,996,1025
Ehd2,3,0,2,2,5,3
Gltscr1,10,5,7,16,18,12
Zfp541,1,0,0,2,4,0
Napa,625,455,731,810,1130,1015
Kptn,78,40,78,117,117,86
Slc8a2,3,1,3,0,9,3
Meis3,164,100,191,243,271,226
Dhx34,130,72,155,150,230,204
C5ar2,563,531,657,546,540,778
C5ar1,2144,2934,2574,1868,2704,6897
Inafm1,127,124,170,191,230,222
Ccdc9,173,106,198,213,299,191
Bbc3,437,200,451,552,723,396
Sae1,191,124,250,250,301,277
Zc3h4,154,118,172,188,295,170
Tmem160,633,560,831,855,1066,1022
Npas1,0,1,1,1,1,1
Arhgap35,51,36,77,98,142,81
Ap2s1,546,396,664,735,867,1057
Slc1a5,30,32,43,75,70,65
Fkrp,147,109,182,234,285,241
Strn4,337,239,384,376,614,443
Prkd2,73,43,83,114,97,147
9330104G04Rik,15,6,19,16,26,12
Dact3,62,37,55,99,89,43
Gng8,3,0,4,6,17,1
Calm3,619,524,717,847,937,949
Pnmal2,5,3,11,6,11,9
Pnmal1,2,2,0,0,10,0
Ccdc8,3,3,3,8,8,0
Ppp5c,356,274,402,530,571,675
Hif3a,2,8,1,0,9,0
Psg16,4,1,4,0,3,0
Mill2,1,0,4,0,2,2
Pglyrp1,1,5,6,4,29,8
Ccdc61,89,59,82,117,115,119
Nova2,1,1,5,2,13,4
Nanos2,0,0,1,0,0,0
RP24-576D1.5,0,0,0,0,1,0
Mypop,19,17,25,17,35,22
Mypopos,29,20,28,34,63,48
Irf2bp1,203,128,244,306,387,328
Sympk,145,105,161,188,193,276
Dmwd,17,8,12,25,45,14
Dmpk,12,11,11,17,48,7
Six5,11,6,13,10,16,12
Gm4969,0,0,1,0,0,0
Fbxo46,77,51,102,97,94,122
Qpctl,76,62,80,141,152,156
Snrpd2,689,573,887,728,1095,1074
Gipr,0,1,0,2,3,1
Eml2,31,35,32,57,73,32
Gpr4,8,2,3,6,7,7
Opa3,221,133,221,242,290,333
Vasp,1673,1113,1923,2373,2469,2146
1700058P15Rik,60,25,53,78,67,9
Ppm1n,1,0,4,6,6,5
Rtn2,3,4,4,5,19,4
Gm26802,22,16,15,24,51,8
Fosb,6447,3946,7632,5096,8128,4053
RP23-85B15.7,0,1,0,1,1,1
RP23-85B15.8,0,0,0,1,0,1
Ercc1,136,137,188,153,217,245
Cd3eap,299,177,356,466,544,503
Ppp1r13l,8,8,11,12,18,10
Ercc2,76,50,79,106,128,126
Gm26852,0,0,0,0,2,3
Klc3,1,0,3,1,6,0
Ckm,4,5,6,7,4,6
A930016O22Rik,0,0,0,0,0,1
Mark4,151,97,156,205,264,245
Exoc3l2,7,4,11,12,9,16
Bloc1s3,72,52,83,125,123,116
Trappc6a,211,175,258,280,276,335
Nkpd1,0,0,1,0,0,1
Ppp1r37,169,116,232,260,305,269
Gemin7,380,263,471,501,566,577
Zfp296,4,6,10,31,16,9
Clasrp,144,107,153,209,282,232
Gm26890,29,13,27,43,46,69
Relb,354,270,475,534,648,554
Clptm1,628,432,760,801,1031,1352
Apoc2,0,0,0,0,0,2
Apoc4,0,9,0,0,1,4
Apoc1,6,7,18,4,6,12
Apoe,11697,20181,16737,16303,14998,15918
Tomm40,427,305,533,674,771,643
Gm20512,1,0,1,1,0,1
Pvrl2,211,179,274,437,396,360
Bcam,1,2,1,2,8,2
Bcl3,133,219,156,313,258,353
Gm16174,5,8,5,10,20,20
RP23-191I16.3,0,1,0,0,0,0
Ceacam16,0,0,1,1,0,5
Pvr,150,155,146,187,228,151
Gm16251,1,0,0,0,1,0
Igsf23,0,1,0,0,0,1
Zfp180,120,60,99,98,155,90
Zfp112,1,6,8,7,5,4
Zfp235,21,14,23,30,50,31
Zfp114,2,0,2,3,6,3
Zfp111,37,21,45,67,80,63
Zfp109,4,4,0,6,6,5
Zfp108,4,2,3,6,6,1
Zfp93,11,4,10,6,15,6
Zfp61,20,16,13,31,51,36
Zfp94,5,7,7,21,12,9
Tescl,4,1,3,6,2,0
Kcnn4,25,10,24,34,29,22
Smg9,210,130,291,350,422,464
Irgc1,2,1,3,5,1,1
Plaur,541,503,673,450,579,547
Cadm4,25,12,31,29,67,17
Zfp428,20,12,29,19,38,34
Irgq,51,28,65,87,101,81
Xrcc1,108,75,147,177,203,228
Zfp575,0,1,1,0,6,0
Ethe1,172,159,250,260,266,373
Phldb3,42,16,34,48,64,54
RP23-26A14.14,2,4,4,4,7,1
Cd177,0,1,0,0,0,0
Gm9844,2,2,6,2,3,3
Rps19,10004,9719,12951,14900,14742,18432
Cd79a,0,0,1,0,7,1
Arhgef1,551,398,704,740,1079,943
RP24-158L15.3,1,0,0,0,0,0
Rabac1,2529,1901,3031,2801,3388,3277
Atp1a3,46,49,43,62,87,80
Grik5,6,6,14,15,26,9
Zfp574,101,46,114,136,173,161
Pou2f2,2442,2348,3009,4373,4943,5489
D930028M14Rik,22,5,12,19,16,7
Dedd2,67,44,70,95,103,122
RP23-474C17.2,0,1,0,0,0,0
Zfp526,10,8,6,11,22,13
Gsk3a,366,279,420,413,661,646
9130221H12Rik,17,14,21,24,22,20
Erf,1500,805,1743,1768,2169,1877
Cic,546,341,591,600,842,580
Pafah1b3,420,249,493,417,613,320
Prr19,2,0,0,1,0,0
Tmem145,1,2,5,2,2,0
Megf8,46,32,54,69,81,73
4732471J01Rik,17,11,12,12,23,30
Lipe,228,153,300,345,460,420
Ceacam1,143,111,191,210,191,297
Ceacam2,0,0,2,0,1,0
Erich4,1,0,3,1,1,0
Atp5sl,96,62,119,149,240,144
B3gnt8,6,3,9,17,17,7
Bckdha,428,240,529,519,582,545
Exosc5,423,304,499,674,660,697
Tmem91,6,13,21,32,33,31
B9d2,198,124,214,219,312,317
Tgfb1,3163,1948,3901,3767,4176,5644
Ccdc97,235,170,293,343,396,319
Hnrnpul1,778,476,931,776,1183,881
Axl,47,37,112,81,96,97
Cyp2s1,0,0,0,0,1,0
Egln2,382,260,498,603,669,642
Rab4b,142,127,148,241,204,239
Mia,2,3,8,5,13,3
Snrpa,444,357,557,532,608,931
BC024978,93,66,105,122,146,134
Itpkc,315,228,378,391,354,462
Adck4,134,89,166,212,209,255
Gm15567,0,0,1,1,1,0
Numbl,17,13,24,25,52,28
Ltbp4,2,3,3,6,30,0
Shkbp1,234,144,271,353,419,414
Sptbn4,5,2,7,5,11,5
Blvrb,634,571,869,1094,1207,1062
Sertad3,349,211,440,577,597,577
Sertad1,1141,569,1266,1863,1747,1570
Prx,1,0,0,2,1,0
Gm15541,1,0,1,2,2,4
Pld3,715,482,875,902,1227,1176
2310022A10Rik,42,41,54,86,92,124
Akt2,233,162,264,236,334,366
Ttc9b,4,3,8,6,10,4
Map3k10,123,85,144,167,205,174
C030039L03Rik,8,6,11,11,16,12
Zfp60,31,21,38,40,68,25
Zfp626,30,21,31,61,53,46
Zfp59,5,1,8,16,19,11
Zfp607,38,22,37,56,69,42
1700049G17Rik,23,21,25,41,54,39
Gm26891,1,0,0,0,0,0
Zfp780b,80,49,90,117,108,113
Zfp850,9,11,13,11,21,20
Psmc4,640,438,671,710,893,877
9530053A07Rik,0,0,0,0,1,0
Fbl,805,689,1019,1124,1294,1462
Dyrk1b,40,23,43,38,67,45
Eid2,173,103,210,248,297,216
Eid2b,55,27,50,69,93,78
Dll3,1,1,2,0,3,0
Timm50,289,191,317,303,440,426
Supt5,446,262,500,506,751,575
RP23-89A16.3,0,0,1,1,0,0
Rps16,13348,12877,17725,20676,19615,21723
Plekhg2,102,72,111,153,184,135
Zfp36,21655,16212,23175,30176,32549,27966
RP23-466P2.3,0,1,0,0,0,0
Med29,332,350,418,386,549,440
Paf1,269,213,292,366,473,362
Samd4b,561,408,658,559,885,581
Gmfg,1012,956,1409,1263,1532,1500
Lrfn1,33,26,40,34,49,53
Nccrp1,6,4,7,2,7,11
Pak4,104,52,109,132,180,144
RP24-177G14.2,1,0,0,0,0,0
Fbxo27,0,0,0,1,4,1
Fbxo17,24,18,24,46,58,27
Mrps12,260,241,349,330,411,500
Sars2,33,23,24,46,63,70
Ccer2,0,0,1,0,2,0
Nfkbib,731,594,856,815,882,1207
Sirt2,1069,721,1287,1314,1472,1595
Rinl,369,244,464,460,548,537
Hnrnpl,796,523,842,1047,1513,1226
RP23-36D15.6,7,2,4,5,3,5
Ech1,814,632,965,1031,1195,1275
Lgals4,4,10,12,10,16,10
RP23-36D15.8,0,0,0,0,0,1
Lgals7,0,1,1,1,1,0
Capn12,4,1,7,3,2,0
Actn4,396,257,462,436,629,484
Eif3k,1199,1050,1605,1829,1775,2095
Map4k1,8,7,6,8,12,5
Ryr1,0,0,0,2,2,0
Rasgrp4,66,81,44,92,103,142
Fam98c,284,187,345,383,419,385
1110035H17Rik,32,12,23,68,41,46
Spred3,10,5,11,16,26,10
Ggn,1,2,3,3,3,2
Psmd8,1098,884,1221,1375,1563,1552
Catsperg1,11,6,9,10,13,8
Kcnk6,630,517,683,476,903,861
Yif1b,706,563,813,983,1178,1155
2200002D01Rik,5,6,7,13,10,0
Spint2,10,11,11,3,5,6
Ppp1r14a,67,31,77,87,207,22
Dpf1,9,1,8,5,20,6
RP23-51L15.5,0,0,1,0,0,0
Sipa1l3,79,46,98,110,128,120
Zfp84,78,64,141,134,173,153
Zfp30,48,31,68,82,141,73
Zfp790,26,26,36,58,59,51
Zfp940,11,8,15,19,30,15
Gm26554,0,0,0,0,1,0
Zfp420,30,14,31,30,36,37
Zfp27,18,19,27,26,39,30
Zfp383,18,15,25,43,71,30
Zfp74,79,50,84,95,146,121
Zfp568,31,16,29,26,33,19
Zfp14,14,8,15,26,26,27
Zfp82,2,0,1,3,8,2
Zfp566,26,13,39,72,77,44
Zfp260,225,122,244,268,402,243
Zfp382,11,7,15,10,16,6
Zfp146,58,54,70,96,116,105
Gm5113,9,6,13,4,28,25
Cox7a1,14,17,7,10,33,10
Capns1,988,827,1260,1297,1599,1768
Gm26810,1,0,0,0,1,1
Tbcb,942,786,1080,972,1185,1254
Polr2i,467,351,489,420,678,618
Ovol3,0,0,0,0,0,1
Wdr62,16,12,12,18,25,20
Thap8,22,13,16,18,28,22
Clip3,21,13,24,40,73,11
Alkbh6,206,121,217,275,328,247
Syne4,8,8,17,6,8,8
Sdhaf1,178,148,173,296,316,202
E130208F15Rik,5,7,1,6,6,12
Lrfn3,27,14,18,26,33,31
Tyrobp,21417,18046,28008,24696,29763,31797
Hcst,254,248,323,297,468,603
Nfkbid,2549,1901,3678,2473,4107,4883
Aplp1,152,119,236,304,764,111
Kirrel2,1,0,1,2,1,0
Nphs1,0,2,1,0,4,0
Nphs1os,0,0,1,0,0,0
Prodh2,0,0,1,0,0,0
Arhgap33,11,6,12,17,21,11
Proser3,31,18,27,27,46,58
Hspb6,13,8,14,22,31,18
Lin37,177,120,203,254,330,306
Psenen,1692,1332,2063,1866,2339,2291
U2af1l4,24,14,26,33,43,14
U2af1l4-1,2,1,1,4,6,0
Igflr1,1,0,0,0,0,0
Kmt2b,174,143,201,250,340,189
Zbtb32,0,0,0,0,0,1
Upk1a,0,0,2,0,4,0
Cox6b1,2188,1877,2632,2050,3164,3127
Rbm42,764,502,882,1000,1176,1141
Gm26610,1,0,1,0,1,3
Haus5,26,17,27,37,50,34
Pmis2,0,0,0,1,0,0
Tmem147,546,498,633,729,806,816
Tmem147os,6,1,3,1,3,1
Gm26935,10,13,16,7,9,13
Sbsn,13,11,19,32,29,12
Dmkn,1,2,0,0,3,0
Ffar1,6,2,8,2,3,6
Cd22,32,20,69,42,73,62
Gm29440,14,5,15,15,27,21
Mag,386,218,437,539,963,381
Hamp,0,0,0,0,1,0
Usf2,1286,803,1465,1506,1738,1743
Gm4673,66,60,78,89,122,86
Lsr,2,1,0,1,9,5
Fam187b,0,0,2,0,0,0
Fxyd5,148,120,163,219,247,285
Fxyd7,2,3,5,5,15,7
Fxyd1,29,24,45,20,45,13
Lgi4,25,29,32,38,36,65
Fxyd3,1,0,1,0,0,1
Hpn,71,47,108,120,128,119
Scn1b,736,535,909,1087,1274,948
Gramd1a,822,508,861,967,1023,1144
G630030J09Rik,21,12,19,36,30,23
Gm10640,1,3,2,1,7,1
Wtip,197,161,244,248,316,296
Uba2,565,421,738,783,890,833
Pdcd2l,284,182,278,340,377,438
Gpi1,964,832,1245,1483,1506,1920
Gm26762,1,0,0,0,0,0
Gm12758,15,4,14,10,24,2
4931406P16Rik,270,179,302,369,474,286
Lsm14a,440,342,508,549,712,709
Gm12764,1,2,3,2,4,0
Kctd15,0,2,3,0,3,1
Chst8,200,67,191,213,340,136
Pepd,594,413,778,931,968,855
Cebpg,1613,1080,1911,1674,2279,2146
RP23-338G5.1,0,0,1,0,1,1
RP23-435E16.1,1,0,0,0,1,0
RP23-435E16.3,5,0,4,1,2,0
Cebpa,4831,2938,6395,4859,6285,5355
Slc7a10,15,13,18,9,46,16
Lrp3,2,2,3,4,11,4
Gpatch1,77,57,95,114,148,117
Rhpn2,2,1,1,5,14,3
Faap24,62,24,76,104,141,93
Cep89,28,25,36,40,63,48
Nudt19,105,110,145,166,200,202
B230322F03Rik,4,2,6,7,3,1
Rgs9bp,0,0,2,0,0,1
Ankrd27,99,60,103,102,132,157
Pdcd5,769,681,969,865,1293,971
Dpy19l3,49,21,56,41,58,36
Zfp507,1,2,3,6,6,0
Gm26790,0,0,1,0,1,0
Tshz3,0,0,4,0,5,5
RP23-291B1.2,37,22,26,26,68,17
Zfp536,9,5,14,6,17,3
Uri1,179,132,232,286,337,252
Ccne1,4,0,1,2,6,2
RP23-89C10.2,1,1,0,1,0,3
1600014C10Rik,160,147,181,296,279,396
Plekhf1,6,2,13,7,33,11
Pop4,124,88,130,138,171,166
Zfp619,31,20,32,56,68,26
Gm37494,185,125,227,258,306,232
Gm26526,113,90,113,113,162,40
A230077H06Rik,0,0,0,1,1,0
Vstm2b,1,1,6,2,10,1
AI987944,162,86,193,283,314,221
Gm20449,0,2,3,0,1,0
Vmn2r57,1,0,0,0,0,0
AW146154,61,32,67,80,101,77
Gm6871,0,1,0,1,0,0
2610021A01Rik,48,30,40,66,67,51
Zfp788,61,51,74,105,134,54
Zfp141,41,33,57,79,106,53
Gm7221,2,1,2,3,3,0
9830147E19Rik,27,26,39,51,71,39
Gm5595,20,17,24,34,38,28
Zfp715,227,147,229,338,400,237
Siglecf,95,67,152,175,127,469
Siglecg,28,29,21,25,29,38
Nkg7,0,0,3,0,4,4
Etfb,618,522,788,853,827,990
Vsig10l,27,18,33,27,50,38
Iglon5,2,1,2,4,7,0
4931406B18Rik,1,1,1,0,0,1
RP23-74K24.8,0,1,2,1,4,4
Cd33,2042,1407,2512,2831,3536,2385
RP23-74K24.10,0,0,0,1,0,0
Zfp658,124,58,139,268,203,135
Zfp719,142,90,152,203,240,189
Zfp819,4,1,0,6,4,3
Siglece,345,240,375,318,438,773
RP23-298C3.14,1,0,0,0,0,0
Ctu1,33,25,34,71,69,82
Klk13,0,0,0,0,0,1
Klk10,0,0,0,1,0,0
Klk9,0,1,4,1,4,1
Klk8,1793,863,2179,2075,2247,1749
Klk7,2,0,1,1,5,1
Klk6,4,2,5,1,28,0
1700028J19Rik,5,2,6,11,8,7
2410002F23Rik,156,107,206,352,380,263
Clec11a,5,1,4,8,7,3
Shank1,6,8,10,17,30,10
1700008O03Rik,5,0,2,7,7,1
Syt3,24,16,36,27,47,50
Lrrc4b,8,4,12,16,30,7
Aspdh,0,0,1,0,3,0
Josd2,281,179,303,360,476,428
RP23-455C13.7,9,5,4,8,9,4
Emc10,870,722,1088,1216,1404,1680
Fam71e1,8,11,5,10,11,6
Spib,0,0,0,0,1,0
Pold1,43,31,50,65,87,96
Nr1h2,473,369,573,621,775,754
Napsa,0,1,1,0,3,0
Gm15396,1,0,0,0,0,0
Kcnc3,5,10,11,14,17,11
Myh14,6,4,3,11,20,4
2310016G11Rik,0,0,0,0,1,0
Zfp473,1,3,3,4,1,3
Vrk3,347,263,402,415,493,536
Atf5,60,54,57,107,71,120
Nup62,99,71,107,189,200,219
Il4i1,50,29,47,150,117,22
Tbc1d17,370,265,448,572,647,669
Akt1s1,260,192,352,439,474,434
Pnkp,270,223,315,380,410,427
Ptov1,781,524,928,1034,1182,1189
Med25,178,134,247,303,368,358
Fuz,85,53,92,138,133,125
Ap2a1,204,145,226,278,351,342
Tsks,1,0,0,2,1,0
Cpt1c,8,3,7,13,19,6
RP24-308M10.2,2,4,2,5,2,3
Prmt1,625,448,792,896,1045,873
Gm15545,5,4,5,18,26,16
Bcl2l12,124,106,130,206,207,228
Irf3,393,308,485,603,681,608
Scaf1,205,132,250,260,323,292
Rras,233,193,312,382,364,326
Prr12,148,91,151,190,281,174
Prrg2,134,89,154,148,202,143
Nosip,216,137,259,269,391,330
Rcn3,19,15,21,25,34,20
Fcgrt,703,600,899,1068,1166,1577
Rps11,14885,14291,19975,21608,20755,22639
Rpl13a,14866,12954,19429,22324,19567,21004
Flt3l,21,15,22,31,25,39
Aldh16a1,121,109,141,192,198,196
Pih1d1,295,244,369,404,456,472
Slc17a7,5,5,6,13,18,6
Ccdc155,0,2,3,2,5,2
Dkkl1,1,1,0,1,0,1
Tead2,22,13,21,38,39,18
Cd37,2265,1378,2475,2609,3151,3545
Cd37-1,0,2,0,0,1,0
1700039E15Rik,0,1,0,0,0,0
Trpm4,162,106,199,260,321,189
Hrc,1,0,7,8,2,3
Ppfia3,4,5,11,8,22,7
Lin7b,12,5,13,10,5,11
Snrnp70,997,717,1064,1203,1856,1259
Kcna7,31,14,43,35,43,29
Ntf5,1,1,2,2,1,2
Lhb,0,1,1,1,2,1
Ruvbl2,211,156,247,282,369,307
Gys1,18,17,30,48,32,46
Ftl1,46555,33972,54865,57087,64175,74724
Bax,945,765,1221,1206,1470,1248
Dhdh,25,15,27,35,61,28
Nucb1,1080,783,1312,1267,1683,1569
Tulp2,0,0,0,0,1,0
Ppp1r15a,3673,2559,4322,5368,5119,6820
Plekha4,8,7,18,17,5,10
Hsd17b14,1,0,2,0,0,1
Bcat2,124,120,144,174,189,361
Izumo1,0,1,0,0,0,1
Rasip1,4,2,5,4,7,2
Mamstr,0,0,0,1,1,0
Fut2,0,0,0,1,0,0
Ntn5,0,0,0,0,0,1
Car11,23,27,18,29,42,15
Dbp,66,59,124,848,886,76
Sphk2,234,168,293,440,404,484
Rpl18,8946,8216,11480,13986,12656,14107
Fam83e,1,4,1,4,2,2
Spaca4,0,0,0,1,0,0
Sult2b1,0,1,1,5,3,1
Lmtk3,3,2,1,10,13,9
Cyth2,519,351,602,560,694,735
Kcnj14,0,1,1,0,0,1
Grwd1,41,35,47,107,93,98
Grin2d,1,0,0,0,0,1
Kdelr1,660,513,821,928,1038,1221
Tmem143,45,29,58,65,62,94
Emp3,574,415,535,606,707,772
Ccdc114,2,3,5,4,5,2
Nomo1,85,60,92,102,172,127
Abcc8,0,1,2,0,0,0
Kcnc1,2,2,0,0,3,1
Sergef,87,93,118,171,163,131
Gm15700,0,0,0,1,0,0
Saal1,79,61,99,113,158,112
Saa3,1,3,0,0,0,6
Saa1,0,0,0,0,0,1
Hps5,99,71,132,161,186,156
Gtf2h1,173,103,169,223,298,209
Ldha,1440,1243,1679,2238,2195,2594
Ldhc,0,0,0,0,1,0
Tsg101,619,450,700,740,939,956
Uevld,27,23,36,41,52,38
Gm9999,10,13,17,9,20,3
Spty2d1,706,514,777,985,1280,942
RP23-218K15.3,65,33,45,64,97,41
Tmem86a,1572,916,1756,3143,2920,2083
Ptpn5,2,2,1,8,9,3
Mrgpra2a,0,1,0,0,0,0
Zdhhc13,130,77,139,173,199,182
E2f8,0,0,2,2,0,1
Gm2788,0,0,0,0,1,0
Nav2,1198,586,1263,1316,1643,889
RP23-378D16.4,120,64,101,99,140,88
RP23-378D16.5,0,0,0,2,2,0
Htatip2,40,51,58,83,89,50
Prmt3,94,70,129,159,151,169
Gm26856,0,0,1,0,0,0
Nell1,0,0,0,1,1,0
Slc17a6,0,0,0,1,0,0
Fancf,17,11,12,36,41,38
Gas2,3,5,5,8,16,4
Svip,61,52,80,78,149,81
Luzp2,22,26,23,29,71,10
Siglech,8184,5683,9363,9574,12036,6842
Tubgcp5,543,415,541,923,1213,655
Cyfip1,3665,2397,4227,4540,5775,3978
Nipa2,828,649,849,961,1185,984
Nipa1,90,77,121,134,150,83
Herc2,969,510,926,1003,1247,798
Oca2,0,0,0,0,1,0
Gabrg3,0,1,0,1,0,2
Gabra5,0,4,3,3,3,1
Gabrb3,2,4,3,9,2,0
Atp10a,2,2,2,2,6,3
Ube3a,745,424,772,908,1063,928
Gm38393,0,0,0,1,1,0
Snrpn,22,20,40,39,75,17
RP23-407N2.2,2,0,2,0,6,1
RP24-274B19.2,0,0,0,1,0,0
RP23-54G8.4,1,0,0,1,0,1
Ndn,3,4,4,10,12,1
Magel2,0,0,0,0,1,0
Mkrn3,2,0,3,4,4,6
Peg12,10,1,10,11,7,18
Otud7a,0,2,2,1,1,1
Klf13,976,976,891,885,1376,1612
E030018B13Rik,2,1,1,2,0,0
RP23-402A4.1,0,0,0,0,0,2
Trpm1,1,0,0,2,2,0
Mtmr10,199,95,227,188,352,203
Gm20457,1,0,0,0,3,1
Fan1,17,6,7,19,15,11
Mphosph10,227,174,294,348,474,362
Mcee,284,235,363,358,464,413
Apba2,4,1,5,7,16,12
Fam189a1,1,0,0,2,1,0
Ndnl2,461,308,555,611,705,636
Tjp1,793,469,850,699,1064,470
Tarsl2,11,1,8,6,13,5
Tm2d3,416,337,522,433,624,643
Pcsk6,5,8,5,5,27,4
Snrpa1,325,251,426,432,595,494
RP24-172H24.1,1,1,2,2,0,0
Vimp,1616,1233,1963,1932,2439,2902
Chsy1,527,368,595,632,751,493
Lrrk1,282,204,334,373,445,551
RP23-49I18.5,40,19,48,34,38,20
Aldh1a3,3,0,15,3,34,1
Asb7,85,57,94,111,147,124
Lins1,13,13,23,24,29,31
Adamts17,1,0,1,1,2,0
Lysmd4,13,8,11,26,27,25
Mef2a,3955,2567,4236,4661,6297,3791
RP23-152B12.3,0,0,1,0,0,0
Lrrc28,45,29,37,47,67,65
Ttc23,4,0,8,7,4,6
Synm,4,4,4,11,15,3
Igf1r,215,194,370,231,359,288
Fam169b,0,0,1,0,0,0
Arrdc4,160,106,170,183,220,271
RP23-474J16.2,0,0,0,0,2,0
Nr2f2,2,4,2,2,10,1
RP23-449M8.5,1,0,0,0,2,0
RP24-136L4.5,0,0,0,0,3,0
RP23-259N3.1,0,0,0,1,0,0
A730056A06Rik,0,0,1,2,2,0
Rgma,4,3,5,7,27,4
Chd2,824,488,812,950,1243,642
RP23-32A8.5,7,2,5,3,12,9
RP23-32A8.6,0,0,1,0,0,0
RP23-32A8.9,0,0,0,0,1,0
RP23-32A8.10,1,0,1,2,0,0
Fam174b,0,0,3,1,1,0
RP23-235M8.7,2,0,1,0,0,0
St8sia2,0,0,0,1,3,0
Slco3a1,3,4,8,10,27,3
RP23-268E17.1,0,0,0,0,0,1
Sv2b,1,4,3,0,4,0
Akap13,1521,1214,1841,1920,3048,2170
AU020206,413,407,493,685,878,600
Klhl25,141,86,150,252,268,171
Ntrk3,11,6,8,9,16,2
Gm9885,0,0,0,0,1,0
Mrpl46,141,90,160,199,246,185
Mrps11,226,147,270,297,365,278
RP23-92E8.2,1,0,1,1,0,0
Det1,51,29,49,82,84,87
RP23-53O7.2,0,0,0,0,1,0
Aen,111,70,111,168,175,196
Isg20,53,50,66,67,89,133
Acan,0,0,0,0,2,0
Hapln3,0,1,1,0,2,0
Mfge8,203,128,223,288,384,268
Abhd2,134,99,136,79,209,110
Rlbp1,10,2,5,7,12,1
Fanci,0,2,0,2,1,0
Polg,210,158,248,276,352,396
AI854517,4,1,5,3,5,3
RP23-207N5.2,0,0,0,0,4,1
Rhcg,0,0,0,0,1,1
Ticrr,0,3,1,1,1,0
Kif7,1,1,3,3,2,1
Plin1,0,0,0,0,0,1
Pex11a,41,32,42,70,64,64
Wdr93,0,1,0,0,1,1
Anpep,1,0,4,3,2,6
Ap3s2,117,73,116,162,169,156
Arpin,2,3,4,3,8,1
Zfp710,915,511,1090,1217,1470,1067
RP24-174G2.4,2,1,4,0,7,0
RP24-259P13.2,3,5,12,10,12,1
Idh2,986,634,1111,1278,1518,1105
Sema4b,106,61,130,74,150,104
Cib1,610,427,687,721,802,872
Gdpgp1,30,12,29,28,63,33
Ttll13,4,1,2,3,2,3
Ngrn,125,104,143,239,258,241
Vps33b,75,55,91,115,161,87
Rccd1,31,20,32,83,68,56
Prc1,1,1,2,6,4,2
6330403N20Rik,2,1,2,1,3,0
Unc45a,88,64,104,112,159,147
Hddc3,49,30,57,61,91,59
Man2a2,265,194,298,364,506,349
Fes,712,501,895,1138,1036,1347
Furin,333,315,403,416,497,528
RP23-137A24.6,3,8,3,5,10,14
Blm,20,18,15,44,59,24
Crtc3,282,210,302,251,385,342
Gm15880,23,19,12,7,16,13
Iqgap1,89,93,115,94,136,157
Zscan2,39,15,36,63,72,46
Wdr73,70,58,89,133,140,98
Nmb,38,35,38,57,58,67
Sec11a,849,707,920,917,1167,1262
RP24-120F8.4,1,0,3,2,3,1
Zfp592,219,130,213,297,335,222
Alpk3,0,0,1,0,0,0
Pde8a,43,33,55,45,73,49
Rps17,4606,4190,5865,5798,7877,5328
Cpeb1,5,7,14,14,25,6
Ap3b2,1,4,3,4,17,3
2900076A07Rik,19,17,35,38,60,18
Fsd2,0,0,0,0,2,0
Whamm,109,88,188,189,284,239
Homer2,3,2,8,7,6,2
Fam103a1,528,349,632,661,705,739
3110040N11Rik,116,67,119,113,123,127
Btbd1,322,256,388,420,472,418
Tm6sf1,1719,1340,1788,2050,2429,2244
RP23-423B21.7,0,0,1,2,2,1
Hdgfrp3,15,12,30,15,37,7
Sh3gl3,11,4,7,12,45,12
Adamtsl3,0,0,1,0,0,0
Saxo2,3,3,2,5,13,3
Eftud1,88,73,102,127,161,135
4933406J10Rik,4,1,1,4,2,3
RP23-272F2.2,1,3,0,1,3,0
Mex3b,177,68,129,239,244,129
Gm16638,9,11,8,5,20,16
Stard5,61,40,76,65,103,131
Il16,385,249,467,585,637,788
Cfap161,0,2,3,0,5,1
Mesdc1,152,103,186,236,249,323
Mesdc2,226,192,278,358,436,474
Cemip,0,0,0,0,2,0
Abhd17c,304,236,359,387,453,596
Arnt2,6,11,26,18,53,10
Gm2115,1,1,4,2,3,1
Fah,2,2,8,8,23,7
Zfand6,974,808,1146,1114,1367,1431
Folh1,1,2,5,3,3,2
Grm5,4,3,6,10,13,1
Ctsc,3157,3145,3753,4820,5261,7665
Gm26522,249,377,253,295,341,642
RP24-330M21.1,15,30,20,26,39,32
Tmem135,514,273,543,635,788,478
Fzd4,44,28,54,99,90,53
Prss23,1,0,0,0,5,0
Me3,3,2,0,1,6,4
Ccdc81,0,1,0,0,1,0
l7Rn6,258,218,308,276,276,406
Eed,421,310,451,548,638,594
Picalm,4781,4398,5179,3913,6104,4773
Ccdc83,0,1,0,0,0,0
Sytl2,5,4,7,16,32,0
Ccdc89,2,0,5,0,1,2
Crebzf,194,125,226,366,415,244
Tmem126a,408,273,485,456,556,542
Tmem126b,138,80,129,160,189,169
RP24-267C3.3,1,0,0,1,2,0
Dlg2,3,1,2,5,13,3
Ccdc90b,343,224,409,386,470,330
Ankrd42,9,10,10,10,19,6
Gm26944,5,0,2,2,6,2
Pcf11,964,609,1003,1358,1440,1081
Gm26981,31,17,43,32,41,14
Rab30,1,2,1,1,12,3
Ddias,1,0,1,3,6,4
Prcp,821,544,929,1075,1140,1382
Fam181b,19,14,29,17,43,23
Tenm4,2,1,1,3,5,1
Nars2,34,25,35,51,54,53
Gab2,262,172,268,310,412,278
Usp35,182,89,226,220,253,173
Kctd21,35,29,56,50,52,61
Alg8,148,119,155,144,183,269
Ndufc2,1729,1335,2202,1852,2421,2177
Thrsp,720,333,781,824,940,568
Kctd14,3,3,4,8,6,5
Ints4,71,45,85,63,124,113
Aamdc,192,158,255,229,285,260
Rsf1,471,287,533,697,814,640
Rsf1os1,2,1,3,0,4,0
Rsf1os2,0,1,1,4,4,1
Clns1a,380,280,447,443,596,548
Aqp11,7,2,0,9,10,5
Pak1,355,235,434,395,585,561
Myo7a,167,100,169,226,296,297
Capn5,5,4,5,1,13,2
B3gnt6,0,0,1,5,3,0
Acer3,458,425,517,865,924,811
Tsku,0,0,2,0,2,2
Lrrc32,0,0,0,0,2,0
Emsy,229,156,285,287,427,300
Prkrir,117,77,150,169,214,188
RP23-331A21.6,0,2,0,0,0,0
Wnt11,0,0,1,1,0,0
Uvrag,359,285,409,462,617,554
RP23-16L19.5,3,1,1,0,1,1
RP23-16L19.4,3,3,6,4,8,4
Dgat2,32,23,39,21,48,34
Map6,3,2,4,3,14,1
Serpinh1,3,1,6,5,8,2
Gdpd5,9,10,13,12,28,15
Klhl35,34,24,56,55,45,36
Rps3,13305,11752,17183,20984,18933,18015
Arrb1,240,149,243,240,374,348
Tpbgl,377,299,392,520,656,588
Gm10605,120,53,127,166,138,152
Slco2b1,3859,2302,4118,4219,5803,4612
Gm15635,5,10,7,12,25,7
RP23-152P5.3,25,25,42,34,60,59
F730035P03Rik,11,2,7,10,12,15
Neu3,13,3,10,14,22,19
Spcs2,2539,2102,3203,2898,2994,3862
Xrra1,1,0,0,1,3,0
Rnf169,215,159,158,196,349,244
Pold3,139,113,157,194,269,227
Lipt2,29,16,28,52,65,51
Kcne3,0,0,0,0,0,1
Pgm2l1,59,49,67,70,129,90
Ppme1,147,113,170,143,218,190
C2cd3,148,122,191,176,248,171
Gm10603,10,5,10,5,14,11
Ucp3,2,0,0,0,0,1
Ucp2,5532,4950,6046,4504,8283,10145
Dnajb13,10,6,8,12,23,1
Coa4,62,61,99,138,139,139
Mrpl48,389,260,429,443,541,591
Rab6a,549,406,582,642,829,699
Plekhb1,51,44,67,106,243,56
RP23-299D2.2,0,0,0,0,2,2
Fam168a,496,352,524,488,703,541
Relt,119,119,109,260,212,202
Arhgef17,3,1,1,3,11,4
P2ry6,1366,1307,1677,1545,2061,3084
P2ry2,4,12,7,8,5,9
Fchsd2,851,557,966,1364,1378,1241
Atg16l2,88,61,84,80,135,86
Stard10,7,6,9,13,26,20
Arap1,372,240,430,484,556,570
Pde2a,243,203,453,224,434,487
Clpb,118,101,122,144,174,185
Phox2a,0,1,1,0,0,0
Inppl1,146,123,178,191,256,232
Folr2,2,4,8,7,8,8
Folr1,11,7,20,1,4,0
Anapc15,168,123,203,307,286,248
Tomt,2,0,3,2,2,3
Lamtor1,1393,1072,1662,1964,2044,2055
Lrrc51,19,11,17,24,29,13
Numa1,563,306,641,541,776,577
Il18bp,18,20,15,19,34,60
Rnf121,147,115,202,193,229,232
Xndc1,13,8,16,25,38,26
Xntrpc,1,1,1,0,1,0
Nup98,70,53,70,91,140,41
Pgap2,208,142,260,272,351,246
Rhog,1325,861,1660,1561,2264,2722
Stim1,76,59,111,138,136,175
Rrm1,50,48,86,91,121,117
Trim21,26,28,59,72,82,83
Trim68,25,19,25,18,44,44
Olfr613,1,0,0,0,0,0
Hbb-bt,7,16,2248,20,60,1
Hbb-bs,34,77,7476,115,415,17
Olfm5,0,0,0,0,1,0
Trim6,0,0,0,0,1,1
Trim34a,107,71,112,155,174,220
Gm15135,0,0,0,0,1,1
Trim5,87,62,125,158,174,204
Trim12a,360,247,403,447,559,689
Trim34b,2,0,0,0,1,0
Gm15133,6,5,5,3,5,8
Trim12c,202,157,231,333,319,452
Trim30b,41,45,32,75,43,110
Trim30c,30,17,29,29,34,28
Trim30a,584,576,667,904,1054,1583
Trim30d,305,229,308,403,537,611
Gm5900,1,0,1,1,0,0
Fam160a2,67,41,63,87,117,111
Gm5901,1,0,0,0,0,0
Cnga4,1,0,0,0,0,0
Cckbr,0,0,0,0,1,0
Prkcdbp,10,10,19,14,24,5
Smpd1,296,205,332,346,430,507
Apbb1,69,56,74,88,180,86
Hpx,4,0,2,2,1,1
Trim3,110,97,150,148,219,206
Arfip2,139,86,154,208,223,175
Timm10b,881,718,1078,1096,1621,1470
Dnhd1,21,15,19,37,25,28
Rrp8,197,116,261,256,338,264
Ilk,831,550,888,1049,1393,1455
Taf10,754,668,900,1035,1219,1241
Tpp1,1518,1147,1928,1718,2380,2381
Dchs1,1,3,0,2,5,2
Mrpl17,645,515,823,929,1072,1137
Gm4070,63,47,77,89,128,48
Gvin1,9,17,17,29,37,10
Olfr701,0,0,0,0,0,1
Syt9,0,0,0,1,2,0
Olfml1,1,0,4,2,7,1
Ppfibp2,173,106,179,216,314,223
5330417H12Rik,0,0,0,1,0,0
Cyb5r2,1,2,4,1,2,0
Nlrp10,0,0,0,1,0,0
Eif3f,1965,1715,2554,3155,2638,3917
Tub,4,6,6,7,23,1
Gm26599,0,0,0,0,1,0
Ric3,69,45,59,80,97,75
Lmo1,1,1,3,6,7,2
Stk33,0,0,1,0,1,0
Trim66,2,1,0,1,0,0
Rpl27a,17683,16681,23542,24412,25210,25596
St5,81,70,91,146,196,155
Akip1,108,86,139,181,201,146
BC051019,2,1,1,2,3,0
Tmem9b,463,383,571,603,675,1043
Nrip3,2,1,3,3,4,1
Dennd5a,647,466,746,718,842,703
Tmem41b,299,199,302,328,383,385
1600010M07Rik,99,86,115,78,101,127
Ipo7,359,257,410,398,526,405
AA474408,27,21,27,39,41,37
Zfp143,99,65,112,177,172,123
Wee1,17,8,12,7,11,1
Swap70,293,191,337,335,425,247
Sbf2,396,294,437,473,651,447
Adm,11,2,5,6,12,7
Ampd3,83,65,107,110,141,113
Rnf141,139,106,147,152,186,152
Lyve1,0,0,2,2,3,0
Mrvi1,5,1,1,0,2,1
Ctr9,165,103,215,254,338,322
Eif4g2,2427,1685,2859,3083,3995,3464
Galnt18,0,0,0,0,2,0
Usp47,181,145,218,247,318,237
Dkk3,4,2,10,7,11,3
Mical2,4,3,5,5,10,8
Parva,1,3,4,3,3,0
Tead1,1,1,7,6,5,4
Rassf10,0,0,0,1,1,0
Arntl,54,32,61,13,33,99
Btbd10,144,97,195,201,203,166
Far1,514,415,572,506,721,594
Far1os,1,1,3,2,3,0
Spon1,7,9,11,15,16,6
Rras2,101,59,97,100,145,165
Copb1,600,453,721,770,819,857
Psma1,1073,751,1188,1362,1615,1575
4933406I18Rik,107,91,102,131,188,135
Pde3b,1932,1278,2014,2057,2682,1714
Cyp2r1,31,33,37,48,59,71
Calca,0,4,4,2,3,0
Insc,11,1,6,11,22,1
Sox6,4,3,1,7,13,4
1110004F10Rik,825,544,957,887,1286,986
Gm4353,0,0,0,0,1,0
Plekha7,12,10,20,10,26,20
Rps13,11417,10449,15355,15794,15712,16227
RP23-335G1.1,10,6,14,14,21,8
Pik3c2a,279,172,288,339,441,227
Nucb2,222,147,235,295,407,392
RP24-143K11.1,2,1,0,2,2,2
RP24-143K11.2,4,3,1,7,2,3
Xylt1,40,15,36,27,50,17
Rps15a,12900,12481,17177,15515,17783,19598
Arl6ip1,2444,1847,2867,2990,3302,3418
Smg1,548,320,537,600,748,521
RP23-213H1.2,0,0,0,0,1,0
Syt17,2,0,2,2,4,0
Itpripl2,261,202,349,453,495,486
Coq7,97,107,149,174,213,158
Tmc7,136,62,176,117,209,94
RP24-185P7.1,9,5,11,17,16,7
Tmc5,0,0,0,1,1,1
Gde1,759,567,845,1040,1213,935
Ccp110,48,46,71,103,172,57
9030624J02Rik,318,257,409,460,510,573
Knop1,334,229,323,421,586,485
Iqck,9,4,5,11,10,10
RP23-446E13.1,0,0,1,3,3,0
Gprc5b,15,14,28,20,54,12
Thumpd1,93,83,125,178,224,152
Eri2,26,18,28,41,55,31
2610020H08Rik,22,14,20,19,25,10
Dcun1d3,58,47,74,63,97,56
Lyrm1,28,36,37,60,48,50
Dnah3,0,0,0,0,0,1
Tmem159,304,215,379,359,525,350
Crym,2,2,2,4,2,1
Abca14,1,2,3,5,2,2
Uqcrc2,802,557,894,971,1243,1067
Pdzd9,2,2,2,2,7,3
RP23-17C12.5,0,0,1,0,0,0
9030407P20Rik,3,3,5,12,11,9
BC030336,174,139,239,253,294,227
Vwa3a,3,2,2,1,4,0
Eef2k,1008,587,1228,1046,1409,1168
Polr3e,97,56,96,149,200,141
Cdr2,13,12,26,21,23,22
4933427G17Rik,2,1,0,0,0,0
Mettl9,413,281,461,522,541,486
Igsf6,345,449,476,802,514,1257
Otoa,0,0,0,0,1,1
Hs3st2,0,0,1,0,1,0
RP23-2D23.2,1,1,0,1,0,1
Usp31,61,44,71,84,93,65
Cog7,103,52,110,127,154,131
Gga2,102,70,87,145,156,143
Ears2,62,48,61,73,85,128
Ubfd1,218,151,286,282,343,358
Ndufab1,1006,802,1206,1076,1384,1179
Palb2,11,8,9,16,51,24
Dctn5,392,237,453,417,545,586
Gm15489,0,0,0,4,2,2
Plk1,0,0,4,6,1,0
Prkcb,431,324,447,611,690,735
Cacng3,1,1,1,0,1,1
Rbbp6,772,482,814,1134,1340,900
Tnrc6a,580,386,666,825,1225,716
Slc5a11,3,2,1,5,7,3
Arhgap17,1143,810,1275,1885,2057,1325
Lcmt1,160,108,165,196,220,250
Zkscan2,14,8,17,42,58,14
Hs3st4,0,0,1,0,5,1
Kdm8,6,5,8,14,18,10
Nsmce1,366,315,409,478,601,530
Il4ra,611,732,736,1135,1047,1962
Il21r,1081,739,1495,1424,1529,2120
Gtf3c1,106,90,144,142,214,176
D430042O09Rik,143,82,148,203,235,188
Gsg1l,1,0,0,0,1,0
Xpo6,215,155,272,318,449,295
Sbk1,22,12,24,23,31,25
Lat,2,1,4,4,5,5
Spns1,344,257,477,481,554,560
Nfatc2ip,62,35,50,67,68,74
Cd19,0,0,0,0,1,0
Rabep2,123,77,151,197,218,195
Atp2a1,1,3,0,0,3,2
Sh2b1,190,109,194,228,296,312
Tufm,165,103,180,186,287,356
Atxn2l,842,616,907,974,1388,795
Eif3c,1041,832,1220,1272,1671,1604
Cln3,421,319,493,514,662,659
Apobr,125,99,121,187,280,205
Il27,32,34,47,47,57,57
Nupr1,994,1196,824,1646,1629,2057
2510046G10Rik,18,12,25,28,24,27
Sgf29,146,121,194,194,191,264
Sult1a1,638,806,647,667,1056,1448
Slx1b,108,74,131,187,216,247
Bola2,517,509,629,711,1120,1076
Coro1a,4837,3785,5799,7346,7509,9663
RP23-421P23.4,3,2,6,2,4,7
Mapk3,1060,700,1224,1335,1642,1712
Gdpd3,87,84,131,90,157,116
Ypel3,1928,1397,2551,2362,2796,3075
Tbx6,27,18,27,20,19,24
Ppp4c,689,466,848,872,1039,1487
Aldoa,2826,1835,3442,2480,4025,3001
Fam57b,3,1,2,3,4,2
Ino80e,379,244,415,398,564,625
Hirip3,80,67,79,109,159,127
Taok2,200,138,254,259,430,396
Tmem219,549,419,666,737,841,1141
Kctd13,219,143,286,289,424,291
Asphd1,1,0,2,1,2,0
Sez6l2,51,38,75,75,267,51
D830044I16Rik,16,15,24,30,25,24
Cdipt,377,280,424,438,646,567
Mvp,485,352,562,865,831,1125
Pagr1a,13,6,15,29,31,35
Gm42742,0,0,1,0,0,0
Maz,404,243,442,551,704,668
Kif22,7,0,5,5,9,1
RP23-142A14.9,0,2,0,0,0,1
AI467606,185,147,259,299,374,432
Qprt,32,9,42,46,36,37
Spn,0,1,0,0,2,0
Cd2bp2,155,106,149,192,224,229
Tbc1d10b,251,131,235,315,436,413
Mylpf,4,7,5,5,17,9
Sept1,12,10,19,19,29,15
Zfp553,81,30,69,108,119,113
Zfp771,369,200,383,480,601,437
Dctpp1,410,401,525,498,573,739
Sephs2,165,109,230,259,271,291
Itgal,0,8,2,2,4,6
Zfp768,80,28,122,154,167,182
Zfp747,69,50,86,132,132,124
9130019O22Rik,39,17,39,63,53,66
E430018J23Rik,44,27,45,67,68,53
Zfp764,43,34,47,80,66,90
Zfp688,69,38,67,87,128,80
RP23-4H17.3,71,53,134,41,147,27
Zfp689,12,3,16,30,34,13
Prr14,322,215,395,502,530,493
Fbrs,411,249,474,573,615,585
1700008J07Rik,43,44,41,59,77,79
Srcap,152,79,141,139,225,116
Gm42715,36,28,44,45,64,47
Gm28198,0,0,0,1,0,0
Phkg2,229,162,260,267,362,376
Ccdc189,7,5,11,12,13,14
Rnf40,98,82,119,113,161,150
RP24-159C12.10,9,4,4,7,2,1
1700120K04Rik,0,0,1,1,0,3
Zfp629,32,26,42,78,87,51
Bcl7c,292,261,325,412,424,423
RP23-430B14.2,1,0,0,0,0,0
Ctf1,3,2,3,1,8,3
Ctf2,0,0,0,0,1,0
Fbxl19,79,43,80,103,127,93
Orai3,428,333,532,569,568,845
Setd1a,91,65,95,113,189,123
Hsd3b7,0,1,2,1,3,1
Stx1b,3,1,9,14,21,2
Stx4a,512,419,648,658,864,743
Zfp668,31,20,40,78,68,85
Zfp646,113,83,125,171,206,161
Prss53,5,4,3,3,7,5
Vkorc1,604,500,800,858,1088,1249
Bckdk,224,125,284,302,405,442
Kat8,183,117,217,229,270,323
Prss36,38,27,54,53,60,41
Fus,2580,1601,2667,3678,4450,2939
Gm26690,23,12,13,31,37,13
Pycard,2693,2302,3205,4442,4092,4538
Trim72,0,0,0,1,0,0
Itgam,3506,2546,3854,4481,4605,5272
Itgam-1,82,44,102,130,124,121
Itgax,39,14,56,57,46,50
Itgad,0,9,4,3,3,1
Cox6a2,57,128,80,140,150,258
RP23-144N15.10,0,0,2,1,6,0
9130023H24Rik,34,20,31,69,45,40
Armc5,282,205,320,467,460,490
Tgfb1i1,10,4,7,10,9,3
Slc5a2,1,0,0,0,0,0
BC017158,63,35,66,58,150,61
Rgs10,14921,9857,18492,16468,18061,13878
Tial1,657,537,877,889,1068,887
Bag3,204,163,229,311,310,397
Inpp5f,85,51,92,158,201,108
Mcmbp,383,304,492,518,590,632
RP23-172P1.4,3,5,4,1,5,5
Sec23ip,152,110,185,185,223,230
Plpp4,4,1,0,1,9,4
RP23-223O9.2,1,0,0,0,3,0
Wdr11,99,74,130,122,183,130
Fgfr2,22,12,22,46,94,8
Ate1,247,152,272,261,338,242
RP23-182F18.2,1,0,1,0,0,1
Gm4275,2,0,0,0,1,1
Nsmce4a,456,365,665,636,803,759
Tacc2,23,15,14,16,42,19
Btbd16,0,0,1,0,1,0
Gm5602,1,2,1,1,0,0
Plekha1,282,191,329,365,485,308
Htra1,50,52,50,40,130,51
Cuzd1,0,1,0,0,1,2
1700007K09Rik,0,0,0,0,1,1
2310057M21Rik,49,29,65,107,106,101
Pstk,180,152,221,213,264,247
RP23-78N8.4,0,1,2,4,3,2
Ikzf5,160,110,195,210,333,191
Acadsb,177,112,223,225,289,224
Hmx3,0,0,0,0,1,0
Bub3,681,500,820,810,1041,1036
Gpr26,0,0,0,0,2,0
Cpxm2,0,1,0,0,0,0
Chst15,75,65,103,92,97,111
RP23-218E6.2,3,1,1,2,2,1
RP23-218E6.1,1,0,0,1,0,0
Oat,539,371,621,747,895,755
Lhpp,17,13,23,21,43,23
Gm15582,1,2,4,2,2,4
Fam53b,377,252,462,576,684,552
Mettl10,111,93,108,135,124,120
Fam175b,278,194,365,482,545,437
1500002F19Rik,0,2,1,4,0,1
Zranb1,600,380,672,851,948,627
Gm15718,2,1,2,1,2,0
Ctbp2,461,293,483,620,697,591
Edrf1,69,49,85,96,116,88
Uros,78,66,102,99,104,108
Bccip,328,253,383,406,487,390
Dhx32,180,125,204,317,382,233
Fank1,0,0,0,1,2,0
Adam12,1,1,2,0,0,0
D7Ertd443e,24,10,22,31,61,6
RP23-44H21.1,5,5,6,12,16,2
Dock1,101,85,134,158,211,113
Fam196a,0,0,0,2,2,0
1700120G07Rik,0,0,1,0,0,0
Ptpre,925,595,1153,1173,1862,1509
5830432E09Rik,22,14,32,31,39,22
Mki67,0,2,0,3,3,0
Mgmt,59,54,73,103,96,93
Ebf3,147,83,121,199,269,123
9430038I01Rik,86,75,97,190,192,167
Glrx3,627,494,732,875,907,851
Tcerg1l,1,0,1,0,0,0
Mapk1ip1,124,94,178,194,249,205
Ppp2r2d,354,239,433,455,644,445
Bnip3,199,170,272,232,299,254
Jakmip3,5,6,4,9,22,1
Dpysl4,2,2,1,2,7,1
Stk32c,0,1,2,1,3,1
Lrrc27,5,4,5,6,12,11
Pwwp2b,120,93,127,205,188,173
Inpp5a,43,28,56,63,89,71
Nkx6-2,18,8,27,56,75,12
Cfap46,2,1,1,2,2,0
Adgra1,1,1,1,1,6,0
Kndc1,8,6,14,16,72,7
Utf1,0,1,0,1,0,0
Gm2044,3,0,5,0,7,0
6430531B16Rik,4,4,3,2,3,1
Adam8,2,7,17,11,16,6
Tubgcp2,128,85,137,197,249,168
Zfp511,180,132,192,248,270,292
Msx3,0,0,0,0,1,0
Caly,6,6,8,5,13,4
Fuom,41,41,50,52,87,39
Echs1,529,420,693,810,845,808
Paox,129,154,169,222,263,259
Mtg1,86,74,89,124,126,124
Sprn,0,0,0,1,1,0
Cyp2e1,3,2,1,4,8,1
Syce1,0,0,1,4,18,2
Zfp941,1,0,3,1,0,1
C330022C24Rik,0,0,0,0,0,1
Odf3,0,0,0,0,1,0
Bet1l,182,132,193,306,376,319
Ric8,321,220,372,499,536,549
Sirt3,58,54,72,101,117,89
Psmd13,524,410,684,731,852,872
Cox8b,6,2,9,1,5,2
Athl1,30,26,39,50,53,79
Ifitm5,1,4,1,7,1,3
Ifitm2,30,151,44,68,87,98
Ifitm1,4,18,4,6,14,66
Ifitm3,130,262,234,275,201,2011
Ifitm6,1,5,0,0,0,5
Pkp3,0,0,0,0,0,1
Sigirr,0,3,1,6,1,4
Ptdss2,194,136,229,300,285,291
Rnh1,1104,728,1231,1575,1872,1612
Hras,281,242,374,512,495,532
Lrrc56,4,2,17,21,26,25
Lmntd2,1,0,0,0,0,0
Rassf7,18,11,11,29,33,32
Phrf1,151,119,176,232,282,256
Irf7,45,53,52,118,63,442
Drd4,0,0,0,3,0,0
Deaf1,57,25,56,69,119,103
Tmem80,75,41,54,124,95,85
Eps8l2,0,0,2,1,2,0
Taldo1,1700,1375,2150,2312,2687,3130
Pddc1,289,222,356,431,506,447
Cend1,3,5,9,11,18,7
Slc25a22,48,35,56,87,89,100
Pidd1,11,9,19,15,28,19
Rplp2,12463,10674,15206,14233,20008,18358
Pnpla2,630,429,696,555,784,964
Cracr2b,161,105,167,249,254,279
Cd151,517,407,590,768,896,886
Polr2l,327,205,290,169,616,482
Tspan4,604,536,931,1689,1951,1115
Chid1,134,112,167,209,167,282
Ap2a2,198,196,307,262,387,408
Gm16982,1,1,0,3,4,0
Muc6,1,0,0,0,0,0
Muc2,1,0,0,0,0,0
Tollip,277,146,290,280,323,330
Brsk2,0,2,4,6,13,1
Mob2,200,129,242,261,337,291
Dusp8,481,295,525,594,749,479
Ifitm10,745,481,809,842,969,831
Ctsd,54842,44366,66740,76791,92376,77568
Syt8,1,3,1,1,2,0
Tnni2,161,92,174,194,218,155
Lsp1,692,679,775,916,1018,1204
Prr33,0,0,1,0,0,0
Tnnt3,1,4,1,0,1,1
Mrpl23,683,625,887,803,1069,1192
Igf2,5,4,15,0,2,1
Ins2,2,0,1,0,0,1
Ascl2,9,16,27,23,26,42
Tspan32os,0,1,0,1,0,0
Tspan32,79,73,92,174,144,160
Cd81,20237,16170,25879,25025,28697,33264
Trpm5,0,0,0,2,1,0
Tssc4,504,289,540,769,775,826
Kcnq1,0,0,1,0,0,0
Kcnq1ot1,687,572,834,1019,1321,866
Cdkn1c,163,65,217,191,227,128
RP23-124B2.7,1,0,1,0,0,0
Slc22a18,3,3,3,6,6,6
Phlda2,1,0,0,0,0,0
Nap1l4,474,369,636,642,770,686
Cars,178,138,183,260,382,424
Gm15579,1,0,0,0,2,0
Tnfrsf26,3,4,0,4,7,0
RP23-6I17.1,13,12,22,12,11,10
Tnfrsf22,9,11,10,11,14,19
Tnfrsf23,84,39,90,105,114,110
Osbpl5,1,1,2,5,17,0
Mrgpre,30,7,25,39,42,13
Nadsyn1,16,14,24,37,43,27
Dhcr7,64,49,69,93,122,96
Shank2,1,2,1,4,2,0
Cttn,6,5,6,9,30,3
Ppfia1,157,103,160,175,237,205
Fadd,83,58,87,102,147,104
Ano1,0,0,1,2,3,0
Gm26793,0,0,0,0,0,1
Oraov1,104,74,111,134,217,131
Ccnd1,1127,894,1223,1476,1938,1451
Tpcn2,64,36,59,91,138,101
Ppp1r14c,1,0,2,1,3,4
Plekhg1,3,0,2,7,5,3
Mthfd1l,27,23,40,58,76,32
Akap12,8,2,8,6,14,4
Zbtb2,251,140,343,331,393,323
Gm21781,11,9,8,23,21,8
Rmnd1,170,139,246,308,349,238
Armt1,74,39,70,119,137,108
Ccdc170,0,1,0,0,0,0
Esr1,38,20,39,41,48,29
Syne1,5,14,13,16,39,10
Myct1,0,0,1,0,1,0
Fbxo5,15,6,12,30,17,10
Mtrf1l,97,67,145,164,200,130
Rgs17,3,1,1,3,5,2
Oprm1,0,0,0,1,1,0
Ipcef1,63,61,63,131,141,110
Cnksr3,29,33,43,47,70,77
Ulbp1,6,2,3,6,5,3
Lrp11,12,5,15,13,20,29
Pcmt1,672,509,765,818,987,801
Nup43,53,31,60,81,101,99
Lats1,123,93,157,188,246,138
Katna1,298,218,346,332,395,397
Ginm1,251,214,286,312,383,386
B430219N15Rik,2,1,1,4,6,9
Ppil4,306,213,303,465,517,397
Zc3h12d,1,2,0,2,2,1
Tab2,967,627,1066,1080,1549,992
Ust,31,24,23,32,51,36
Sash1,24,19,20,12,26,11
Stxbp5,230,149,256,277,355,242
Adgb,1,3,4,7,7,5
Rab32,227,225,303,314,298,475
Grm1,1,0,1,0,0,0
Shprh,103,65,131,150,192,104
4930432B10Rik,7,3,3,1,3,2
Fbxo30,145,103,173,245,247,162
Epm2a,42,30,45,59,62,50
Gm9797,2,1,1,0,5,1
Utrn,27,25,49,36,77,26
B230208H11Rik,6,2,3,3,8,8
Stx11,6,15,11,8,6,9
Sf3b5,585,496,747,865,909,899
Plagl1,3,6,4,4,14,3
Ltv1,181,122,184,270,314,245
Phactr2,168,120,240,215,265,268
Fuca2,668,537,782,871,937,1133
Pex3,262,168,286,292,445,281
Adat2,27,18,36,38,45,29
Aig1,227,191,298,327,353,331
Hivep2,176,109,138,117,304,239
Gm26835,3,1,1,2,0,0
Adgrg6,0,1,0,0,0,0
Vta1,411,257,472,506,593,524
Nmbr,1,0,0,0,0,0
Cited2,3923,2838,4628,6046,6958,6873
Gm20655,3,2,4,5,3,2
Txlnb,2,1,4,1,11,2
Heca,189,118,211,233,314,180
Abracl,861,742,994,1129,1115,1127
Reps1,180,108,237,173,284,246
Ect2l,0,1,0,0,0,0
Ccdc28a,68,47,56,70,102,79
Gm10827,3,2,13,8,24,4
Nhsl1,4,1,0,6,3,1
Hebp2,1,0,2,1,1,2
Arfgef3,1,0,0,0,1,0
Perp,13,9,13,8,14,14
Tnfaip3,3816,3201,4903,3662,4160,3826
Ifngr1,4513,3355,5314,5652,6062,7643
Il22ra2,0,1,1,1,3,3
9230106D20Rik,0,0,1,0,0,0
Slc35d3,1,0,0,2,3,1
Pex7,386,239,417,480,482,370
Map3k5,141,120,155,179,231,185
Map7,130,53,148,135,281,112
4933406P04Rik,16,13,14,32,30,18
Bclaf1,569,355,613,742,1104,828
Mtfr2,0,0,2,2,1,1
Pde7b,0,0,1,0,1,0
Ahi1,46,36,75,58,75,72
Myb,0,2,5,1,4,1
Gm26577,0,0,0,1,1,1
Hbs1l,198,112,205,281,280,258
Aldh8a1,2,0,0,0,0,0
1700020N01Rik,5,3,10,5,7,8
Gm5420,5,0,4,6,11,0
Sgk1,6350,3109,6827,5418,12376,5113
E030030I06Rik,23,8,16,37,30,15
H60b,0,0,0,1,2,0
Gm26740,136,174,135,317,256,335
Raet1d,1,0,0,0,1,0
Slc2a12,126,62,139,85,158,59
Tbpl1,1700,921,1894,1745,2378,1571
Eya4,22,17,23,73,64,28
Rps12,17407,16724,23838,25119,27309,32186
Slc18b1,57,35,74,82,103,80
Stx7,1384,1070,1634,1929,2169,2414
Ctgf,0,1,0,1,2,0
Enpp1,25,26,32,45,63,32
Med23,80,50,96,109,141,81
Arg1,0,1,0,0,0,0
Akap7,78,53,95,96,168,93
Epb41l2,3807,2333,4378,4131,5383,3324
Smlr1,1,1,0,0,1,0
Tmem200a,0,0,0,1,2,0
L3mbtl3,66,36,80,53,66,68
Arhgap18,72,45,86,102,140,73
Lama2,2,1,1,5,4,3
Ptprk,2,1,3,7,9,2
Themis,0,0,0,0,1,0
Gm9996,0,0,0,1,1,1
Soga3,3,3,7,10,14,7
9330159F19Rik,6,11,7,2,33,2
Echdc1,96,63,106,104,159,157
Rnf146,380,273,470,568,624,480
Rspo3,0,1,0,0,2,0
Cenpw,3,6,1,2,8,9
Trmt11,53,46,74,81,123,81
Hint3,181,124,186,221,256,246
Ncoa7,46,34,65,55,93,82
Hey2,0,3,0,0,2,0
Gm5422,0,0,0,0,1,0
Hddc2,87,67,93,136,165,128
Tpd52l1,2,1,6,6,3,2
Rnf217,1,0,4,2,0,0
Nkain2,4,2,7,8,23,0
Clvs2,1,2,2,0,1,1
Rsph4a,0,1,0,0,4,0
Zufsp,182,117,188,239,181,227
Rwdd1,435,337,518,577,736,646
Fam26f,67,51,132,73,72,69
Dse,130,83,151,139,167,157
Tspyl1,397,276,457,480,498,405
Nt5dc1,98,69,134,177,122,120
Gm26564,4,1,5,4,4,4
Tspyl4,9,6,14,18,36,14
Col10a1,0,0,0,1,0,0
Frk,1,0,0,0,0,0
Amd2,3,4,6,7,7,6
Hs3st5,0,0,1,0,0,0
Hdac2,286,198,331,307,425,402
Marcks,15533,10603,17214,17531,19083,19223
Gm26535,0,0,0,1,0,0
Lama4,0,0,0,0,2,0
Fam229b,6,3,4,9,12,4
Tube1,0,2,2,1,3,1
Fyn,67,58,90,87,148,58
Gm16365,0,0,0,0,1,1
Traf3ip2,0,1,1,1,2,1
Rev3l,83,58,89,121,141,65
AA474331,23,16,17,35,44,33
4930547M16Rik,0,0,0,0,1,0
G630090E17Rik,3,2,1,4,4,4
BC021785,0,2,0,1,2,0
AI317395,0,0,0,0,2,0
Slc16a10,59,50,91,88,114,98
Rpf2,158,122,198,192,234,208
Gtf3c6,254,209,309,264,364,433
Amd1,441,326,515,599,1118,574
Cdk19os,0,0,1,0,1,1
Cdk19,357,207,355,358,509,370
Ddo,1,0,1,0,0,0
Mettl24,0,0,0,0,1,0
Cdc40,290,202,391,383,536,446
Wasf1,6,6,8,5,11,6
Fig4,59,53,64,53,91,122
Ak9,0,1,0,2,2,0
Zbtb24,109,70,137,200,210,161
Mical1,113,79,146,168,222,118
Smpd2,137,100,139,218,234,222
Ppil6,2,2,1,2,8,2
Cd164,3259,2172,3295,2737,4498,2814
Ccdc162,53,10,43,28,61,18
Gm17196,0,2,2,1,4,1
Gm29095,0,0,0,0,1,0
Cep57l1,34,36,73,53,87,71
Sesn1,356,205,309,355,512,389
Armc2,0,1,1,2,4,0
Foxo3,325,223,357,363,408,287
Lace1,15,10,26,23,37,25
Snx3,1556,1223,1908,1802,1914,2191
Nr2e1,1,0,0,1,1,1
Ostm1,233,147,212,318,361,302
Gm15200,0,0,1,0,0,0
Sec63,296,209,355,411,489,442
Gm26860,3,1,2,0,1,4
Scml4,0,0,3,1,3,2
Sobp,1,0,6,5,7,1
9030612E09Rik,0,0,0,0,1,0
Pdss2,64,47,49,83,113,104
Bend3,12,12,17,32,21,12
Gm9803,3,4,2,6,6,3
1700021F05Rik,128,97,162,201,182,219
Cd24a,5,3,4,6,19,2
Qrsl1,61,27,56,105,99,126
Rtn4ip1,29,15,28,36,46,24
Aim1,0,3,2,8,4,7
Atg5,530,328,569,687,754,682
Prdm1,195,200,292,111,205,117
Prep,59,45,58,79,97,100
Hace1,66,49,81,94,130,81
Grik2,1,0,3,3,4,1
Ascc3,200,144,229,217,394,260
Lilr4b,16,21,17,13,29,21
Lilrb4a,97,163,156,145,268,196
Dcbld1,0,1,3,2,3,0
Gopc,162,84,155,220,220,222
Nepn,0,0,1,0,0,0
Nus1,258,246,336,332,411,403
Slc35f1,4,2,6,2,8,1
Cep85l,41,21,38,61,72,42
Pln,0,1,1,0,1,0
Mcm9,27,21,31,39,40,39
Asf1a,206,155,245,319,376,284
Fam184a,4,2,4,2,13,1
Man1a,916,813,1023,878,1062,997
Gm16998,19,8,17,22,35,20
Tbc1d32,30,19,32,32,47,25
Msl3l2,84,55,98,130,154,104
Gja1,27,19,32,26,62,19
Hsf2,88,59,109,90,122,81
Serinc1,1725,1150,2003,1869,2254,2132
Pkib,332,324,360,522,657,464
Fabp7,20,6,16,11,26,8
Smpdl3a,234,178,258,212,339,230
Gcc2,234,174,276,311,441,285
Lims1,1092,617,1268,1786,1970,1311
Ranbp2,376,280,338,471,622,374
Ccdc138,11,4,7,6,9,5
Sh3rf3,1,1,0,0,0,0
Sept10,134,87,144,155,163,184
Sowahc,1472,1405,1717,2387,1943,1792
P4ha1,1022,869,1392,1008,1139,1671
Gm10273,16,13,11,28,19,20
Mcu,54,37,74,48,99,55
Micu1,242,158,279,253,340,245
Gm17059,0,0,1,0,0,0
Dnajb12,203,177,256,269,416,262
Ddit4,253,382,199,108,506,325
Anapc16,864,742,938,776,1227,962
Ascc1,248,211,273,310,364,412
Spock2,8,8,12,11,70,4
Chst3,0,0,1,1,4,0
Psap,11316,8536,13261,13433,15604,19129
Cdh23,141,82,174,153,253,135
Vsir,5774,3720,6446,6329,8384,8329
Gm17455,2,4,3,3,7,2
Slc29a3,686,435,1395,990,1092,2037
Unc5b,6,3,10,9,32,5
Gm26947,5,2,1,10,7,2
Pcbd1,0,1,3,7,8,3
Sgpl1,731,478,838,808,1049,763
Tbata,0,1,0,0,1,0
Adamts14,0,0,0,1,0,0
Prf1,0,0,2,0,0,0
Pald1,683,420,746,948,1184,1177
Nodal,1,0,0,0,0,0
Eif4ebp2,150,108,165,176,231,305
D830039M14Rik,1,0,0,0,0,0
Lrrc20,15,11,16,20,26,16
Npffr1,0,0,1,0,0,0
Ppa1,136,123,159,178,222,238
Sar1a,673,495,783,819,980,989
Tysnd1,165,104,208,228,257,244
Aifm2,1,3,4,4,12,5
H2afy2,4,3,2,3,6,5
Gm5424,0,0,1,0,0,0
2010107G23Rik,12,9,13,15,24,11
Neurog3,0,0,0,1,1,1
Tspan15,8,4,11,26,44,12
Hk1,110,51,103,125,171,141
Hk1os,3,1,2,8,2,4
Hkdc1,0,2,0,0,1,0
Supv3l1,80,72,105,93,106,115
4930507D05Rik,3,0,0,1,5,0
Vps26a,637,455,754,794,883,845
Srgn,5878,7800,6925,6683,8671,13686
Kif1bp,356,208,423,358,473,442
4933428P19Rik,1,3,8,2,4,0
Ddx21,543,404,631,762,1326,897
Ddx50,266,179,286,355,442,295
Stox1,0,0,0,1,1,1
Ccar1,509,343,594,585,738,694
Tet1,34,15,31,46,55,18
Slc25a16,66,57,74,104,127,88
Dna2,22,22,17,33,29,55
Rufy2,58,36,53,68,114,45
Hnrnph3,462,300,487,463,647,485
Pbld2,36,7,55,16,68,16
1700120B22Rik,0,1,0,0,1,0
Herc4,155,136,227,172,242,233
Gm26789,4,2,2,5,9,4
Sirt1,142,71,147,198,212,128
Dnajc12,175,144,240,158,193,224
Ctnna3,1,0,1,0,1,0
Lrrtm3,0,2,2,3,6,3
1110002J07Rik,3,0,3,1,1,5
Gm26576,1,2,5,1,5,1
Reep3,1217,783,1258,1366,1701,1254
Jmjd1c,3248,2282,3410,3410,4812,2815
Nrbf2,642,537,751,916,1100,556
Egr2,850,557,1156,1258,1548,1644
Ado,225,186,268,332,406,291
Zfp365,4,3,8,8,21,7
Rtkn2,2,0,5,3,3,1
Arid5b,355,277,374,336,669,405
1700040L02Rik,0,2,1,0,3,0
Tmem26,0,0,1,3,2,0
Rhobtb1,300,196,370,400,480,410
A930033H14Rik,52,25,61,90,89,174
Cdk1,13,9,13,35,30,20
Ank3,10,8,20,31,69,9
Ccdc6,154,108,155,179,220,166
Slc16a9,12,9,17,11,6,5
Fam13c,3,2,3,5,5,2
Phyhipl,19,3,19,19,40,11
Bicc1,0,0,2,1,8,2
Tfam,229,141,281,301,373,281
Ube2d1,254,186,284,295,369,382
Cisd1,267,204,333,352,508,369
Ipmk,301,245,306,390,485,393
Gm9923,1,1,4,3,1,4
Zwint,309,211,379,371,460,409
Pcdh15,6,2,11,7,23,5
Gnaz,13,5,4,8,14,6
Rab36,0,5,1,3,11,1
Bcr,45,30,62,36,74,69
Specc1l,76,60,108,130,196,104
Adora2a,0,1,0,1,0,0
Gucd1,81,58,94,121,144,140
Snrpd3,543,395,559,565,778,859
Lrrc75b,0,3,1,3,2,0
Ggt1,0,1,0,1,2,2
Ggt5,304,221,318,358,378,653
Susd2,1,1,0,0,6,5
Cabin1,244,144,298,344,436,536
Ddt,330,287,368,425,510,573
Gstt3,32,19,33,32,37,42
Gstt1,4,5,11,11,20,5
Gstt4,0,0,0,0,1,0
Gstt2,49,27,66,74,90,49
Mif,1339,1124,1771,1207,1846,1399
Derl3,6,12,5,10,7,20
Smarcb1,293,219,345,382,523,541
Mmp11,17,8,9,29,28,14
Chchd10,90,72,97,83,125,56
Gm867,0,1,0,1,2,1
Vpreb3,0,0,0,1,1,0
Gm5134,14,6,16,5,19,7
Zfp280b,20,14,21,36,34,30
Gm16222,0,0,0,1,0,1
Prmt2,234,152,274,243,324,310
S100b,86,47,79,97,150,50
Dip2a,45,32,47,55,127,40
Gm16240,0,0,0,1,0,0
Pcnt,102,84,135,138,207,188
1700094J05Rik,0,0,0,1,0,0
2610028H24Rik,0,0,0,1,0,0
Ybey,17,8,14,21,28,24
Mcm3ap,73,66,84,100,121,115
Lss,26,14,19,30,51,30
Spatc1l,1,1,1,0,1,0
Col6a2,1,0,0,2,3,0
Col6a1,0,2,0,1,6,0
Pcbp3,27,9,23,8,28,41
Slc19a1,109,67,111,157,170,148
Col18a1,1,0,0,2,2,2
Gm10941,4,4,6,4,2,5
Pofut2,287,191,258,347,407,415
Adarb1,70,76,75,71,152,62
Fam207a,239,167,255,350,400,352
2810425M01Rik,2,0,1,1,4,2
Itgb2,2038,1451,2493,2795,3408,4049
Pttg1ip,900,585,1023,1051,1199,1189
Sumo3,629,449,771,943,1145,857
Ube2g2,357,252,334,360,477,551
Tspear,0,0,0,0,0,2
1700009J07Rik,10,5,5,8,8,5
Lrrc3,783,551,904,840,1324,1227
Trpm2,246,275,279,249,331,444
1810043G02Rik,127,119,172,171,204,206
Pfkl,494,329,692,478,590,614
Icosl,346,244,377,453,577,438
D10Jhu81e,236,154,261,306,335,370
Pwp2,33,26,44,55,56,54
Trappc10,289,259,349,334,441,318
Agpat3,641,460,656,656,868,840
Gm10146,3,0,3,6,2,3
Rrp1,841,561,945,1024,1229,1230
Cstb,1050,779,1331,1228,1535,1495
Pdxk,123,96,138,142,212,190
Ilvbl,370,272,429,550,622,533
Syde1,4,3,6,5,10,4
Slc1a6,1,2,0,0,1,0
2610008E11Rik,69,38,71,103,121,53
Plpp2,112,75,106,183,143,128
Mier2,109,72,155,192,234,256
C2cd4c,0,0,1,0,0,0
Shc2,0,0,0,0,1,1
Odf3l2,1,0,0,0,2,0
Madcam1,0,2,1,0,0,3
Tpgs1,347,258,413,538,550,506
Cdc34,176,123,249,288,318,363
Gzmm,3,3,5,4,5,5
Bsg,3282,2569,3997,4330,4948,5530
Hcn2,24,6,20,28,60,9
Polrmt,65,42,68,107,110,111
Rnf126,277,180,275,341,356,448
Fstl3,1,0,2,0,1,2
Palm,14,8,10,16,28,7
Ptbp1,1167,860,1388,1571,1725,1741
Plppr3,3,3,3,6,8,0
Gm17134,0,1,0,0,1,0
Prtn3,0,3,0,0,1,3
Elane,0,3,0,0,0,2
Cfd,0,0,0,0,1,0
Med16,112,78,109,154,187,193
R3hdm4,410,309,550,576,701,840
Gm26602,1,0,0,2,0,0
Kiss1r,4,5,14,10,9,10
Arid3a,323,151,303,377,406,284
Wdr18,177,149,225,291,328,272
Grin3b,0,1,2,0,1,0
Tmem259,466,341,556,641,801,685
Cnn2,116,86,136,144,188,135
Abca7,74,59,81,93,149,134
Hmha1,1452,1042,1919,1707,2425,2510
Polr2e,799,556,1065,1120,1376,1060
Gpx4,2853,2198,3302,3516,4227,3829
Sbno2,136,119,138,179,156,129
Stk11,294,215,385,386,504,455
Cbarp,15,11,19,19,43,19
Atp5d,1310,1059,1609,2153,2278,2336
Midn,1210,770,1127,1472,1792,1419
Cirbp,550,316,512,997,1275,504
1600002K03Rik,112,106,139,161,170,165
Efna2,4,7,6,11,14,10
Mum1,125,87,151,176,277,186
Ndufs7,905,717,1101,1212,1356,1367
Gamt,210,137,219,283,308,235
Dazap1,461,332,552,696,707,903
Rps15,8152,7356,10435,11199,13137,10511
Apc2,4,2,5,9,17,0
2310011J03Rik,349,273,429,538,588,540
Pcsk4,4,4,4,10,16,10
Reep6,2,1,1,4,3,5
Adamtsl5,0,0,0,0,4,0
Plk5,1,0,0,0,1,0
Mex3d,185,122,233,240,266,269
Mbd3,774,524,886,1073,1281,1222
Uqcr11,1413,1215,1701,1386,2526,2493
Tcf3,286,171,332,374,469,449
Rexo1,236,135,234,329,449,327
Klf16,194,111,238,288,299,208
Gm26710,6,3,3,8,5,6
Abhd17a,542,377,695,872,972,856
Adat3,11,13,18,25,33,29
Scamp4,0,1,1,0,0,0
Csnk1g2,391,272,444,565,663,558
Btbd2,188,137,248,285,291,304
Mknk2,1129,683,1391,1306,1429,1194
Gm26541,86,50,93,64,143,41
Mob3a,259,184,312,290,417,436
Izumo4,59,39,55,57,102,48
Ap3d1,222,179,312,306,402,453
Dot1l,263,261,305,347,421,229
Plekhj1,566,479,644,807,954,961
Sf3a2,226,161,247,254,357,435
Amh,2,1,5,4,2,0
Jsrp1,0,2,2,3,3,1
Oaz1,6388,4769,7506,8650,9120,8096
Lingo3,1,0,0,1,1,1
Lsm7,192,144,201,125,270,407
Sppl2b,103,62,107,165,188,213
Tmprss9,1,0,1,0,0,1
Timm13,776,673,982,1088,1282,1296
Lmnb2,45,21,51,59,84,83
Gadd45b,2197,2173,2586,4253,2949,2332
Gng7,15,13,17,23,40,21
Diras1,1,1,0,0,6,0
Slc39a3,107,94,130,164,190,217
Sgta,453,320,530,620,698,677
Thop1,62,63,117,108,149,150
Creb3l3,1,0,3,1,3,7
Map2k2,1054,693,1254,1442,1786,1751
Zbtb7a,1607,949,1846,2010,2627,2392
Pias4,227,132,283,324,410,446
Eef2,4119,3123,5580,6707,6179,10736
Dapk3,410,261,505,582,641,631
Atcayos,1,0,0,1,2,1
Nmrk2,0,1,0,0,0,0
Atcay,3,0,3,2,8,1
Zfr2,21,11,20,17,26,21
Matk,465,311,498,756,703,629
Mrpl54,345,298,402,451,552,471
Apba3,94,56,120,105,167,138
Tjp3,1,9,8,9,12,4
Pip5k1c,311,223,402,432,664,408
Gm16315,1,0,0,3,0,1
Cactin,90,64,92,141,186,151
Tbxa2r,1,0,1,0,0,0
Hmg20b,427,362,511,647,779,774
Mfsd12,119,86,135,266,328,317
4930404N11Rik,20,24,31,35,45,27
Fzr1,266,136,322,344,459,370
Dohh,335,221,400,402,469,482
Smim24,36,28,34,49,45,58
Nfic,1081,625,1112,1325,1679,1317
Gm16104,2,2,3,1,2,4
Celf5,3,2,5,11,9,7
Gm16105,0,0,2,5,1,2
Ncln,499,356,605,805,834,978
S1pr4,31,22,53,47,65,27
Gna15,1242,722,1535,2066,2063,2032
Gna11,167,118,228,302,378,341
Aes,899,701,1203,1272,1502,1552
Tle2,32,14,50,46,41,59
Tle6,4,0,3,2,7,5
BC025920,5,4,2,6,6,6
Sirt6,77,48,75,56,98,102
Ankrd24,65,56,76,70,86,76
Gm10778,3,0,1,1,2,1
Zfp433,52,40,67,123,105,75
Zfp873,25,6,11,10,12,20
AU041133,68,40,65,91,105,70
Gm15608,3,2,5,1,5,2
Zfp938,74,48,107,99,129,121
Gm4924,22,13,25,35,23,26
1190007I07Rik,166,112,197,157,243,186
Tdg,141,63,121,159,193,177
Glt8d2,0,0,1,0,0,0
Hcfc2,42,26,62,47,86,62
Nfyb,270,162,343,342,363,303
Txnrd1,339,387,384,511,637,351
Gm4799,4,0,0,2,2,2
Chst11,134,74,126,156,247,121
1700025N21Rik,0,0,1,0,0,0
Slc41a2,0,1,1,3,3,1
D10Wsu102e,70,45,81,118,128,85
Aldh1l2,6,8,11,12,19,13
A230046K03Rik,552,386,611,603,766,865
Appl2,226,178,322,286,423,318
1500009L16Rik,1,1,1,7,10,1
Nuak1,795,468,807,1095,1280,1118
4930463O16Rik,0,0,0,1,0,0
Ckap4,302,185,335,484,593,605
Tcp11l2,202,175,265,317,301,331
Gm17249,5,4,9,4,9,2
Polr3b,59,43,80,90,89,61
Rfx4,3,7,3,5,10,1
Ric8b,67,53,62,93,123,76
Fhl4,2,0,5,1,2,6
Tmem263,102,73,119,100,158,80
Mterf2,0,1,1,1,4,2
Cry1,58,33,61,76,128,52
Gm8394,0,1,1,0,1,0
Btbd11,1,3,0,3,1,3
Pwp1,182,101,166,185,212,191
Prdm4,44,39,62,105,99,82
Ascl4,1,0,1,0,3,1
Rtcb,702,660,835,1085,1142,1473
Bpifc,2,0,0,0,0,0
A230060F14Rik,1,0,0,0,0,0
Fbxo7,152,105,182,209,274,238
Syn3,0,0,0,1,0,0
Timp3,5,12,7,12,55,8
1810014B01Rik,20,16,20,19,40,24
Hsp90b1,4668,4241,5480,5830,6162,9834
Ttc41,11,3,6,4,5,2
Fabp3-ps1,4,2,5,2,12,5
Nt5dc3,66,44,63,72,92,56
Gm16268,0,0,1,0,0,0
Stab2,5,3,5,1,3,3
Ascl1,1,1,2,1,4,0
Igf1,4,3,3,3,4,10
Pmch,0,0,0,3,0,1
Parpbp,1,0,0,1,0,0
Nup37,57,39,54,59,87,55
Ccdc53,304,272,409,420,447,427
Dram1,1,1,2,1,4,4
Gnptab,61,49,75,99,141,80
Gm26546,0,0,0,0,1,1
Chpt1,205,180,234,270,342,261
Sycp3,0,7,1,11,17,0
Spic,0,0,1,1,0,0
Arl1,1027,673,1291,1226,1443,1023
Utp20,77,39,76,62,109,75
Slc5a8,0,0,0,0,1,0
Ano4,4,4,7,4,20,3
Gas2l3,25,6,32,37,43,18
Scyl2,99,67,112,132,159,116
1500026H17Rik,11,5,5,7,13,5
Actr6,98,80,115,153,158,116
Uhrf1bp1l,54,44,66,62,118,78
Anks1b,11,8,16,28,76,8
Apaf1,81,76,93,111,154,113
Ikbip,154,115,177,183,248,172
Slc25a3,2840,2182,3460,4360,4679,4572
Tmpo,277,200,327,405,466,412
Gm26765,3,0,3,0,2,0
Rmst,1,3,5,4,7,1
Nedd1,69,48,81,101,111,119
Cfap54,1,5,2,0,3,2
Cdk17,117,71,141,151,170,120
Elk3,613,364,637,763,1062,883
Lta4h,195,125,250,232,343,316
Hal,1,1,2,1,0,0
Amdhd1,0,0,0,0,1,0
Ccdc38,3,3,0,4,6,0
Snrpf,1029,839,1226,986,1771,1189
4933408J17Rik,0,0,0,1,4,0
Ntn4,0,0,0,1,1,0
Gm15915,0,0,0,0,1,0
Metap2,1029,734,1200,1075,1563,1476
Vezt,84,49,103,106,138,118
Fgd6,12,11,15,44,31,21
Nr2c1,88,59,115,113,139,162
Ndufa12,597,570,784,705,986,1095
Tmcc3,1990,1488,2151,2302,3786,2255
Cep83os,19,15,24,34,36,17
Cep83,118,106,156,161,239,128
Plxnc1,0,2,0,4,6,1
Cradd,187,91,210,249,286,208
Socs2,24,19,24,36,31,5
5730420D15Rik,0,0,0,1,0,0
Mrpl42,473,402,563,549,650,763
Ube2n,933,697,1175,1212,1316,1327
Nudt4,573,367,619,847,1163,427
4732465J04Rik,0,0,1,1,0,0
Eea1,238,188,265,325,429,297
Btg1,8939,7811,10710,11315,13963,10783
Dcn,2,0,1,5,2,0
Lum,0,0,0,1,0,0
Atp2b1,1010,750,1091,1307,1478,1330
Poc1b,156,115,152,184,223,159
Galnt4,154,103,180,195,252,189
Phxr2,0,0,2,7,2,0
Gm16239,2,1,1,1,0,2
Dusp6,1913,1237,2099,2218,3326,3319
Gad1-ps,10,3,8,14,7,9
Kitl,173,124,205,162,275,125
Tmtc3,59,32,64,61,91,66
Cep290,88,64,103,91,120,86
4930430F08Rik,86,54,101,96,127,103
Mgat4c,0,0,0,0,3,0
Rassf9,0,1,0,0,0,0
Lrriq1,0,1,0,0,2,0
Slc6a15,1,0,1,0,5,0
Tmtc2,2,2,8,4,7,2
Mettl25,49,33,56,67,73,55
Ccdc59,398,255,445,541,654,558
Ppfia2,1,0,3,3,11,0
Lin7a,2,0,2,0,5,2
Ppp1r12a,485,319,596,660,767,728
Syt1,8,4,10,8,19,6
Nav3,887,771,979,1571,1935,1254
Csrp2,17,7,12,10,8,9
Zdhhc17,93,85,117,110,181,78
Rpl6l,11,21,26,20,21,40
Osbpl8,132,96,133,189,232,161
Bbs10,1,0,3,5,6,2
Nap1l1,510,420,559,721,779,671
Phlda1,185,138,243,263,176,267
Krr1,209,130,242,260,313,222
Glipr1,208,195,264,285,368,264
Caps2,1,0,0,1,0,0
Kcnc2,1,2,4,4,7,0
Atxn7l3b,711,557,860,1022,1195,981
Gm26596,0,2,2,0,1,0
Tbc1d15,305,251,318,427,407,375
Rab21,374,285,456,493,515,536
Tmem19,156,99,171,191,257,247
Thap2,52,53,85,81,111,102
Zfc3h1,139,91,148,225,236,125
Lgr5,0,0,2,0,1,1
A930009A15Rik,1,0,3,2,5,1
Tspan8,4,9,5,24,16,11
Ptprr,0,0,0,1,3,0
Ptprb,3,1,2,9,19,0
Kcnmb4,3,2,4,1,5,2
Cnot2,490,318,554,615,779,795
Rab3ip,368,198,377,464,566,458
D630029K05Rik,0,1,0,0,0,1
Cct2,1143,955,1372,1737,1908,1802
Frs2,70,53,75,93,106,65
Yeats4,499,312,506,704,842,600
Lyz2,3615,4190,5779,5134,4625,5702
Lyz1,1,0,1,0,0,0
Cpsf6,553,375,577,678,880,705
Cpm,7,9,7,8,20,8
Mdm2,538,310,603,756,788,756
Slc35e3,86,44,108,90,117,101
Nup107,51,21,43,49,88,61
Rap1b,4055,3171,4773,5425,5322,6881
Mdm1,26,19,21,40,48,36
Ifng,2,0,1,0,0,0
Dyrk2,263,187,318,349,338,317
Cand1,203,158,271,263,314,259
Grip1,0,1,1,1,0,0
Helb,49,42,48,63,85,64
Irak3,25,32,32,42,41,36
Tmbim4,1023,853,1225,1242,1577,1546
Llph,590,476,679,847,1032,825
Hmga2,4,3,6,7,5,5
Msrb3,2,1,1,1,10,0
Lemd3,134,74,125,160,232,104
Tbc1d30,7,6,7,8,18,5
Gns,1937,1453,2054,2106,2916,2285
Rassf3,398,333,402,361,569,514
Tbk1,354,268,426,543,621,433
Xpot,246,196,306,303,447,299
BC048403,10,10,13,23,26,15
Srgap1,6,1,9,1,10,2
Tmem5,254,201,379,376,577,313
Ppm1h,404,342,493,508,490,827
Mon2,304,204,353,354,528,396
Usp15,216,172,269,320,378,267
Fam19a2,1,0,0,1,5,0
Slc16a7,120,88,117,125,150,143
Lrig3,61,30,65,66,75,108
Xrcc6bp1,48,49,57,91,87,71
Ctdsp2,324,208,404,406,624,397
Avil,1,1,3,1,1,2
Tsfm,209,134,238,293,344,275
Mettl21b,2,0,0,3,0,1
Mettl1,148,118,150,220,286,292
Cyp27b1,1,0,0,0,0,0
March9,46,21,41,65,58,44
Cdk4,493,332,531,712,819,834
Tspan31,752,520,900,900,1136,1396
Agap2,14,12,10,12,22,17
Os9,823,678,1050,1278,1406,1638
B4galnt1,145,161,165,346,281,669
Slc26a10,0,0,0,1,2,0
Arhgef25,39,23,32,51,63,37
Dtx3,279,194,301,253,440,185
F420014N23Rik,1,0,2,1,2,0
Pip4k2c,91,66,125,127,187,146
Kif5a,40,70,33,78,367,47
Dctn2,1019,657,1153,1440,1580,1348
Mbd6,365,229,428,509,629,403
Ddit3,1490,926,1628,1679,2102,1934
Mars,275,214,325,429,494,568
Arhgap9,262,190,320,371,458,561
Gli1,0,0,0,1,2,2
Inhbc,0,0,1,0,0,0
R3hdm2,410,319,524,512,643,427
Stac3,14,8,13,24,30,20
Ndufa4l2,1,1,0,3,6,0
Shmt2,71,73,90,118,160,189
Lrp1,1538,1334,1748,1664,2412,1985
Gm16217,2,5,3,2,4,3
Stat6,481,341,584,652,752,800
Nab2,305,199,363,377,423,407
Gm16229,3,0,1,4,2,1
Tmem194,53,62,72,54,112,67
Gm16230,4,3,0,3,4,4
Myo1a,0,0,0,1,0,0
Tac2,0,0,0,1,1,0
Zbtb39,49,19,47,62,85,50
Gpr182,0,0,0,0,0,1
Prim1,20,17,25,28,38,35
Naca,4858,4345,6274,6924,6712,6561
Ptges3,1300,1038,1431,1476,1697,1445
Atp5b,2581,1984,3138,3541,4053,3917
Baz2a,242,189,238,290,400,344
Rbms2,92,59,90,95,132,130
Spryd4,31,28,28,61,73,51
Gm26847,2,1,5,2,9,3
Timeless,2,10,8,23,28,30
Apof,0,1,1,0,2,0
Stat2,63,52,82,111,141,172
Il23a,0,0,1,0,0,4
Pan2,31,25,37,56,89,63
Cnpy2,815,617,930,903,1046,1124
Cs,256,177,286,300,431,411
Coq10a,139,91,159,184,195,187
Ankrd52,26,19,24,43,49,27
Gm17201,0,0,0,0,1,0
Nabp2,278,238,315,355,453,473
Rnf41,313,170,329,345,421,392
Smarcc2,271,185,258,281,427,345
Myl6,3323,2629,3815,3943,4749,4164
Myl6b,9,2,5,2,6,4
A430046D13Rik,43,21,43,62,63,54
Esyt1,119,91,133,185,216,241
Gm29585,1,2,1,0,0,1
Zc3h10,148,98,191,241,281,231
Rpl41,15054,11634,18081,13284,26618,26184
Pa2g4,498,356,556,659,786,888
Erbb3,6,7,11,11,10,5
Rps26,7468,6806,9301,9040,11315,13827
Ikzf4,5,0,2,4,5,2
Gm26876,0,0,0,0,1,0
Suox,32,29,45,48,62,65
Rab5b,260,192,353,303,404,382
Cdk2,76,46,79,145,218,118
Pmel,2,2,2,1,1,7
Dgka,68,39,65,69,95,84
Pym1,98,63,112,149,181,180
Mmp19,11,7,8,8,16,4
Tmem198b,62,49,86,96,109,104
Dnajc14,192,155,255,275,317,382
Ormdl2,445,462,566,562,596,821
Sarnp,882,674,992,944,1307,1146
Gdf11,1,4,3,5,9,1
Cd63,3520,4133,4915,6502,5585,10176
Rdh5,46,27,53,46,58,40
Bloc1s1,488,362,542,326,658,626
Itga7,0,0,0,1,0,1
Tespa1,0,1,1,0,3,0
Insr,148,107,144,136,249,127
Gm16180,0,1,0,0,0,0
Arhgef18,93,56,95,89,160,101
Pex11g,46,24,31,53,60,58
1700019B03Rik,1,1,0,0,0,0
Zfp358,125,63,146,126,184,239
Mcoln1,127,88,152,166,240,245
Pnpla6,65,35,72,51,95,97
Camsap3,0,1,1,0,7,0
Xab2,185,131,233,210,285,290
Pet100,600,406,653,423,1024,774
Stxbp2,256,178,325,333,484,365
Retn,1,0,0,0,0,0
Mcemp1,4,3,5,3,3,6
Fcor,4,2,7,6,27,4
RP23-316J6.4,0,0,0,2,1,0
RP23-316J6.5,0,1,0,0,0,0
Trappc5,236,183,256,253,349,309
Gm16553,0,0,0,0,1,0
Cd209a,1,3,2,4,2,0
Cd209d,0,1,0,2,2,0
Cd209b,0,1,0,1,3,0
Cd209c,2,5,5,3,7,1
Gm26750,0,0,0,0,1,0
Cd209f,0,0,6,4,3,0
Cd209g,0,0,2,1,1,0
4932443L11Rik,0,0,1,0,0,0
Evi5l,33,25,37,27,83,36
Prr36,5,4,7,2,6,2
Lrrc8e,0,1,0,0,1,0
Map2k7,117,86,133,144,193,199
Tgfbr3l,1,2,2,1,10,3
Snapc2,53,49,71,105,117,118
Ctxn1,12,16,16,32,91,21
Timm44,246,167,296,376,491,395
Elavl1,819,586,973,1022,1025,1362
Ccl25,52,35,45,81,76,48
Cers4,78,38,49,105,147,61
Zfp958,53,26,68,79,112,76
Gm6410,0,1,1,0,1,0
Shcbp1,1,0,2,0,1,2
RP23-216D14.4,0,0,0,0,1,4
RP23-216D14.1,0,0,3,2,3,0
Efnb2,109,37,94,73,176,18
4921522P10Rik,1,0,0,0,0,0
Arglu1,1343,854,1402,1369,2048,1241
RP23-184K1.3,0,1,1,0,0,0
Fam155a,1,1,4,0,3,1
Lig4,18,14,36,46,56,44
Abhd13,74,38,84,108,122,114
Tnfsf13b,255,183,379,384,477,432
Myo16,0,0,1,1,3,1
RP23-366O14.4,4,3,1,6,0,8
RP23-366O14.3,0,0,0,0,0,1
RP23-366O14.5,55,36,47,71,46,74
3930402G23Rik,2,1,2,0,3,2
Irs2,486,333,512,494,654,393
9530052E02Rik,0,0,0,0,1,1
Col4a1,0,1,1,2,9,0
Col4a2,2,0,1,1,3,1
Rab20,1232,1173,1644,1644,1264,1414
E230013L22Rik,24,38,47,66,46,55
Carkd,421,304,518,629,701,528
Cars2,107,78,119,138,173,168
Ing1,402,249,463,581,674,569
Ankrd10,322,196,369,411,519,303
1700016D06Rik,0,1,0,0,0,0
Arhgef7,179,88,194,216,277,232
Tex29,0,0,0,0,0,1
Sox1,3,3,3,3,9,4
Tubgcp3,100,56,109,157,172,139
Atp11a,77,76,95,90,155,75
Mcf2l,3,1,6,10,19,2
F10,0,1,0,0,1,1
Proz,0,1,0,0,0,0
Pcid2,132,82,142,137,177,151
Cul4a,184,123,164,243,285,202
Lamp1,7412,5746,9087,9882,10032,11718
Grtp1,0,1,1,4,3,1
2810030D12Rik,0,0,0,0,1,0
Dcun1d2,96,55,118,138,181,130
Tmco3,166,115,201,198,251,229
Tfdp1,10,4,5,7,10,1
Tmem255b,1,1,1,0,2,0
Gas6,838,809,1104,1287,1139,2000
1700029H14Rik,1,0,0,0,0,0
Rasa3,290,232,328,404,518,381
4932443I19Rik,0,1,2,0,2,0
Cdc16,214,159,270,277,386,307
Upf3a,201,134,223,274,239,254
Champ1,121,85,133,184,244,177
Coprs,124,67,142,163,189,112
Fbxo25,77,62,84,126,187,127
Tdrp,0,0,2,1,5,0
Erich1,73,47,91,96,134,123
Gm10699,0,0,1,0,0,0
Dlgap2,0,0,0,0,1,0
Cln8,916,526,932,1030,1386,951
Arhgef10,36,21,20,31,65,10
Kbtbd11,17,18,2,7,19,17
Csmd1,0,2,2,0,2,0
Mcph1,25,30,36,45,66,53
Angpt2,2,3,11,11,10,4
Agpat5,194,155,268,235,308,299
Xkr5,0,0,1,0,1,0
Gm6483,193,168,201,281,374,229
Gm26853,46,48,64,79,91,58
Gm26804,6,7,9,2,11,0
Gm15319,1,1,0,1,4,2
Gm21092,582,377,598,961,1072,562
Gm21119,1,1,0,0,1,0
Defb11,1,0,0,0,0,0
Atp7b,3,4,4,3,5,3
Alg11,96,74,116,116,152,117
Nek5,9,5,6,4,9,5
Nek3,41,17,37,38,35,56
Ckap2,0,0,2,3,3,3
Vps36,300,289,377,332,499,443
Thsd1,15,4,16,16,33,14
Slc25a15,29,17,33,42,49,40
Mrps31,177,129,216,220,271,203
Smim19,348,232,386,408,445,465
Slc20a2,30,8,19,31,56,18
Gm17491,30,26,48,53,64,37
Vdac3,890,661,982,1018,1175,1199
Dkk4,0,0,1,1,0,0
Polb,268,194,312,291,388,333
Gm26909,14,26,45,29,57,6
Ikbkb,434,354,578,686,789,731
Plat,5,4,0,8,9,7
Ap3m2,82,62,100,127,157,134
1700041G16Rik,14,9,8,10,15,13
Kat6a,498,317,614,615,868,501
Ank1,5,2,2,2,5,2
Gm15816,2,0,0,0,0,0
Gpat4,165,113,186,224,302,296
Gins4,213,149,275,237,325,308
Golga7,457,312,558,475,602,532
Sfrp1,2,1,1,0,1,0
Zmat4,2,0,1,2,1,0
Gm26714,13,21,16,49,61,30
1810011O10Rik,272,442,332,355,723,264
Ido2,0,0,1,0,0,0
Adam18,0,0,0,1,3,0
Adam3,19,11,24,23,38,19
Adam5,1,0,0,0,0,1
Adam32,0,1,0,1,1,1
Adam9,195,158,233,270,301,222
Tm2d2,778,580,922,1165,1292,1145
Plekha2,270,194,341,479,566,404
Tacc1,1114,770,1313,1197,1820,1260
Fgfr1,9,6,10,8,18,11
Letm2,55,17,51,38,75,44
Whsc1l1,566,383,622,613,784,663
Plpp5,87,61,97,106,104,132
Ddhd2,161,97,188,215,248,154
Gm17484,1,2,3,13,13,4
Bag4,87,65,82,121,156,75
Lsm1,239,174,311,394,465,372
Star,2,3,1,11,8,7
Ash2l,208,158,229,261,313,301
Kcnu1,0,0,0,2,1,0
Hgsnat,169,134,220,283,353,346
Pomk,30,20,35,57,52,41
Fnta,464,308,480,505,582,539
Hook3,481,330,609,621,777,577
1700047A11Rik,0,1,0,0,0,0
Rnf170,115,96,148,193,218,171
Thap1,96,87,153,142,253,102
2310008N11Rik,0,0,1,3,1,0
Zfp703,544,394,604,815,822,793
Erlin2,178,125,215,264,384,238
Proscos,3,4,4,6,14,5
Prosc,274,184,324,327,447,352
Adgra2,0,0,1,0,2,0
Brf2,36,15,25,47,35,51
Rab11fip1,4,2,3,2,8,3
Got1l1,0,2,1,1,3,0
Eif4ebp1,305,360,356,510,578,746
Unc5d,0,0,1,0,3,0
Dusp26,16,7,20,26,48,12
Rnf122,60,33,52,111,122,45
Tti2,48,27,57,77,90,75
Mak16,176,130,218,291,317,314
Fut10,38,27,45,48,65,55
Nrg1,1,0,1,0,3,0
Wrn,104,74,151,128,176,133
Purg,35,19,32,40,52,41
5930422O12Rik,0,0,1,0,0,0
Ppp2cb,768,452,851,836,1029,919
Ubxn8,103,58,98,102,162,189
Gsr,139,110,159,206,269,221
1700104B16Rik,2,1,0,2,0,1
Gtf2e2,210,186,263,318,311,364
Smim18,0,0,0,1,0,0
Rbpms,159,71,134,160,236,183
Gm26632,12,10,26,20,33,4
Dctn6,250,194,273,264,451,324
Mboat4,0,0,0,1,0,0
Leprotl1,532,386,570,565,754,662
Saraf,2986,1935,3881,3668,4299,3595
Dusp4,5,6,3,8,11,2
Tnks,84,62,85,114,127,102
Ppp1r3b,446,299,477,640,767,473
Eri1,163,119,198,216,265,235
Gm16793,1,1,2,1,2,3
Mfhas1,319,260,379,349,478,507
Cldn23,2,0,0,0,1,0
D8Ertd82e,274,163,306,323,463,232
Lonrf1,120,69,118,206,243,110
6430573F11Rik,2,1,0,0,3,1
Dlc1,53,25,60,48,79,36
AI429214,4,1,9,15,17,9
Tusc3,202,152,225,301,301,360
Msr1,7,25,22,23,11,88
Micu3,106,73,125,176,187,118
Zdhhc2,3,3,4,4,5,4
Cnot7,233,155,286,288,388,337
Vps37a,315,236,385,329,445,420
Mtmr7,1,4,3,3,9,0
Slc7a2,1,3,3,4,6,0
Pdgfrl,6,3,9,12,21,4
Mtus1,1285,850,1403,1504,1901,1579
Gm16192,35,21,43,31,54,48
Fgl1,0,0,1,1,0,1
Pcm1,564,370,595,682,857,625
Asah1,2776,2405,3466,3968,3739,4718
Frg1,668,475,805,693,982,886
Fat1,4,6,8,13,20,7
Gm2366,0,0,0,1,0,0
Klkb1,6,1,6,6,8,3
Cyp4v3,300,235,441,369,466,487
Fam149a,42,32,47,57,84,48
Tlr3,293,160,243,287,377,369
Sorbs2,1,2,5,3,9,4
Pdlim3,0,0,0,0,1,0
1700029J07Rik,3,11,19,17,22,22
Ufsp2,582,342,607,568,929,822
Ankrd37,19,22,29,20,60,20
Lrp2bp,4,1,0,1,2,0
Snx25,70,48,84,74,150,95
Cfap97,176,117,228,262,280,244
Gm15634,1,2,0,0,3,1
Slc25a4,1293,902,1602,1775,2053,1647
Acsl1,176,114,179,214,274,176
Cenpu,2,10,7,17,7,8
Primpol,84,68,107,120,173,89
Casp3,98,51,112,85,138,50
Irf2,1027,747,1162,1285,1893,1263
Enpp6,10,3,0,5,16,2
Stox2,11,7,11,15,45,12
4930448N21Rik,0,0,0,0,1,1
Trappc11,117,83,132,126,167,134
Rwdd4a,149,102,180,210,250,222
Ing2,319,211,374,508,504,415
AA386476,11,8,11,14,13,19
Cdkn2aip,169,72,190,226,215,189
E030037K01Rik,1,3,5,5,2,4
Cldn22,0,0,1,0,0,0
Wwc2,147,79,159,158,212,200
Dctd,30,11,25,37,36,21
Tenm3,0,0,3,0,1,1
Aga,443,357,516,577,561,656
Spcs3,578,371,622,521,627,711
Asb5,1,0,2,1,2,1
Wdr17,0,1,0,0,1,2
Gm15758,0,0,0,1,0,1
Gpm6a,67,43,62,57,123,30
Hpgd,3476,2263,4788,5059,6943,3977
Cep44,89,60,86,110,139,103
Fbxo8,164,127,176,187,230,216
Scrg1,13,10,17,16,32,12
Sap30,358,250,431,439,535,397
2500002B13Rik,8,5,14,9,11,9
Hmgb2,2009,1374,2130,1871,2463,2213
Galnt7,143,126,195,246,322,232
Galntl6,1,0,0,2,1,1
Gm26905,1,0,1,1,1,1
Mfap3l,7,7,18,16,26,15
2700029M09Rik,412,319,505,648,682,508
Clcn3,251,189,311,356,390,315
B230317F23Rik,1,3,3,2,2,6
Nek1,53,37,70,63,87,80
Sh3rf1,5,3,6,7,6,5
Cbr4,95,70,110,169,182,146
Palld,12,3,6,9,23,5
Ddx60,31,31,47,54,64,70
Spock3,18,7,25,17,65,6
Cpe,161,199,178,234,498,176
Msmo1,197,140,238,220,325,205
Klhl2,81,72,119,136,159,152
Tmem192,172,94,157,227,301,264
March1,670,466,806,740,967,937
Gm15354,1,1,0,0,0,0
Gm15356,3,1,1,3,4,0
Tma16,77,56,61,94,146,85
Npy1r,0,0,1,0,0,0
Naf1,131,88,150,154,194,132
Nat1,12,7,8,13,16,14
Nat2,46,43,46,79,70,90
Gm9755,0,1,2,4,0,1
Nat3,0,0,0,0,0,1
Psd3,18,26,25,17,46,23
Gm15991,0,0,0,0,3,1
Gm21807,0,0,0,0,0,1
Csgalnact1,0,3,0,3,6,3
Ints10,125,101,179,207,204,211
Lpl,100,25,287,225,272,156
Slc18a1,1,1,0,0,2,0
Atp6v1b2,574,368,661,777,865,998
Lzts1,4,3,1,2,6,4
Zfp930,24,15,20,30,34,30
D130040H23Rik,18,5,13,15,26,5
Gm10033,1,1,1,0,3,4
Gm10311,13,14,22,17,21,17
Gm9495,1,0,0,0,0,0
Gm43263,4,1,3,1,0,0
Zfp868,117,74,138,132,182,133
Zfp964,22,6,20,44,34,16
Zfp869,20,11,33,34,32,13
Zfp963,43,24,31,46,46,54
Gm20422,0,0,1,0,0,0
Zfp866,33,31,50,68,78,40
Atp13a1,175,123,204,236,317,364
Gmip,692,465,748,835,1072,981
Lpar2,19,27,26,31,26,25
Pbx4,5,1,3,1,4,3
Cilp2,2,3,1,4,0,4
Yjefn3,8,2,11,10,12,8
Ndufa13,1496,1313,1845,1551,2251,2275
Tssk6,4,2,2,6,2,3
Gatad2a,273,191,305,336,539,460
Mau2,232,157,280,320,388,358
Sugp1,57,31,77,74,100,89
Tm6sf2,1,2,5,3,2,1
Hapln4,0,2,2,0,0,0
Ncan,11,7,9,4,30,7
Rfxank,98,88,128,123,188,191
Nr2c2ap,216,107,218,383,414,291
Borcs8,97,98,128,97,140,145
Tmem161a,178,154,182,243,299,268
Slc25a42,12,8,19,10,26,26
Armc6,39,24,35,51,61,73
Sugp2,46,43,58,78,99,70
Homer3,111,69,127,126,170,138
Ddx49,153,110,199,216,295,203
Cope,844,577,1044,1070,1325,1625
Cers1,0,0,0,1,3,0
Upf1,308,220,349,414,527,378
Comp,12,13,11,27,28,32
Crtc1,71,41,51,71,86,48
Klhl26,36,19,50,70,87,44
Tmem59l,5,1,5,6,14,4
Crlf1,0,0,3,0,4,0
2810428I15Rik,519,434,581,699,814,750
Uba52,7130,3715,6993,3392,8216,7402
Kxd1,423,350,510,698,658,644
Fkbp8,790,614,992,1214,1346,1459
Ell,102,85,113,164,184,149
Isyna1,514,298,582,681,689,762
Ssbp4,1257,975,1352,1951,1974,1977
Lrrc25,449,405,621,522,450,1028
Gdf15,102,78,153,115,47,25
Pgpep1,135,91,172,209,225,244
Lsm4,512,449,605,732,823,806
Jund,36543,22999,44201,37023,45043,42949
Gm11175,9,4,13,14,8,4
Gm3336,0,1,0,0,1,0
Rab3a,62,41,65,116,153,154
Mpv17l2,190,164,261,378,409,382
Ifi30,1849,2657,2202,4898,3258,7449
Pik3r2,134,91,179,194,250,290
2010320M18Rik,70,43,78,92,100,93
Mast3,384,255,436,483,797,511
Il12rb1,0,1,0,0,2,2
Arrdc2,113,77,131,201,240,140
Kcnn1,1,3,2,3,3,6
A230052G05Rik,0,1,0,0,0,0
Ccdc124,370,312,441,448,531,625
Slc5a5,6,7,5,4,11,4
Rpl18a,15760,14072,20123,23743,21802,22041
Map1s,206,130,236,285,388,452
Gm10654,0,1,1,1,0,1
Haus8,91,94,140,140,112,201
Myo9b,249,159,256,294,343,319
Use1,781,680,1031,1186,1140,960
Ocel1,128,100,130,135,180,217
Nr2f6,320,203,438,450,623,528
Ushbp1,1,2,1,2,6,0
Babam1,247,160,322,335,455,399
Ankle1,0,0,0,2,1,0
Abhd8,114,75,145,155,187,137
Mrpl34,344,270,429,454,535,517
Dda1,462,318,498,592,740,751
Ano8,53,48,60,72,69,137
Gtpbp3,84,58,117,141,192,152
Plvap,11,4,13,10,6,10
RP23-457J22.1,0,1,0,0,0,0
Bst2,1236,1204,1653,1798,1865,3579
Mvb12a,290,230,319,334,388,396
Tmem221,23,28,27,35,31,67
Slc27a1,52,42,45,86,108,96
Pgls,894,784,1144,1433,1478,1456
Fam129c,13,11,13,18,10,19
Colgalt1,668,486,760,1057,1249,1165
Unc13a,28,13,45,46,31,36
Jak3,147,151,149,230,216,326
Insl3,0,1,1,1,0,0
B3gnt3,0,0,2,0,2,3
Fcho1,2,3,2,7,6,3
Zfp709,28,22,37,43,63,32
Zfp882,21,20,36,27,36,25
Zfp617,72,40,96,119,160,140
Zfp961,29,14,20,52,48,34
Cyp4f18,14,50,29,49,44,126
Tpm4,365,309,424,440,495,325
Gm26586,7,2,4,7,13,3
Rab8a,373,305,452,508,631,630
Fam32a,420,367,499,624,741,686
Ap1m1,157,124,173,193,244,337
Gm10282,8,8,9,10,11,9
Klf2,17733,9026,16323,18299,28775,17158
Eps15l1,69,54,94,109,150,103
Calr3,1,4,5,3,6,6
1700030K09Rik,47,24,46,53,43,65
Cherp,157,127,165,201,250,251
Slc35e1,188,146,193,270,307,316
Gm17435,1,1,0,6,5,3
Med26,64,31,63,67,75,76
Smim7,732,507,833,908,1197,929
Tmem38a,29,22,33,26,44,20
Nwd1,4,1,2,2,10,3
Sin3b,827,678,1068,1038,1263,1155
F2rl3,0,0,0,3,0,0
Large,240,134,217,300,415,324
Gm11033,0,0,0,0,1,0
Hmgxb4,109,69,130,204,251,184
Tom1,163,97,193,188,260,270
Hmox1,1552,1543,1884,2798,2159,3910
Mcm5,30,25,38,71,108,76
Rasd2,0,0,1,2,1,0
Nr3c2,25,17,37,42,43,35
Arhgap10,2,4,2,5,12,10
0610038B21Rik,0,1,0,0,0,0
Prmt10,89,49,81,116,160,132
Tmem184c,78,46,71,90,117,75
Ednra,0,1,1,1,3,0
Ttc29,0,1,1,1,0,0
Rbmxl1,651,461,759,993,1180,968
Slc10a7,96,56,71,100,107,109
Lsm6,921,756,1027,1009,1461,1128
Zfp827,26,9,15,35,34,7
Mmaa,66,29,77,69,72,103
Gm4890,11,15,20,31,34,30
Smad1,430,263,481,514,608,536
Otud4,165,116,181,227,264,139
Abce1,178,181,260,293,352,291
Anapc10,298,230,339,303,403,343
Hhip,3,2,2,3,6,0
Gypa,0,0,2,0,0,0
Smarca5,847,661,964,1145,1320,1037
Gab1,270,110,308,206,418,205
Gm27048,0,0,0,1,0,0
Usp38,116,117,147,222,243,216
Gm9725,1,1,0,0,4,1
Inpp4b,299,167,362,378,461,273
4930579O11Rik,0,0,1,0,0,0
Il15,129,105,151,186,210,204
Zfp330,333,330,428,519,573,523
Rnf150,78,105,91,113,145,156
Gm10645,32,21,43,52,45,44
Tbc1d9,572,488,697,461,652,749
Ucp1,7,3,3,6,6,4
Elmod2,103,73,121,121,139,143
Mgat4d,0,0,0,2,0,0
Clgn,127,106,166,140,148,155
Scoc,4047,2802,4007,3613,4288,4824
Ndufb7,922,780,1072,1015,1473,1353
Tecr,1079,869,1287,1382,1761,1674
Dnajb1,3393,2050,4510,5399,4624,7496
Gipc1,358,287,470,619,652,616
Ptger1,7,10,22,9,20,14
Pkn1,481,403,623,686,850,828
Ddx39,207,166,266,384,467,326
Adgre5,3,7,7,4,23,7
Gm26721,0,2,0,0,2,0
Adgrl1,37,18,37,55,64,42
Gm10644,7,6,12,11,14,5
Asf1b,10,7,12,15,22,32
Prkaca,248,143,293,227,344,359
Samd1,235,234,286,289,250,491
1700067K01Rik,1,4,7,4,7,3
2210011C24Rik,0,2,1,1,2,11
Palm3,0,1,0,0,1,0
Il27ra,2,1,6,3,6,3
Gm10643,4,5,6,19,10,9
C330011M18Rik,13,7,13,17,18,23
Rfx1,79,61,93,72,105,122
Dcaf15,68,39,73,113,123,139
Cc2d1a,84,48,74,79,100,135
4930432K21Rik,4,4,6,7,3,6
Nanos3,0,1,1,1,4,0
Gm26887,3,1,0,1,3,1
Gm26532,966,743,1223,1314,2231,1915
Zswim4,204,104,194,143,241,176
D8Ertd738e,1685,1333,2039,1743,2281,2126
Mri1,140,99,144,195,283,238
Ccdc130,98,75,127,160,168,193
Cacna1a,74,57,86,127,134,81
Gm16183,9,0,6,5,7,1
Ier2,11013,8134,13701,25477,23214,26885
Gm26664,7,4,10,5,6,7
Nacc1,162,112,217,225,273,239
Trmt1,240,185,239,366,402,413
Nfix,754,420,788,753,1069,1070
Lyl1,1169,796,1388,1907,2023,1704
G430095P16Rik,51,23,44,74,80,75
Dand5,44,29,61,57,78,59
Gadd45gip1,360,276,435,532,641,577
Rad23a,440,292,516,579,739,645
Calr,6484,5209,7821,8425,8592,15968
Farsa,257,196,307,329,455,474
Syce2,63,63,89,129,169,109
Gcdh,74,69,91,107,131,151
Klf1,1,1,3,2,4,4
Dnase2a,1018,673,1216,1427,1642,2254
Mast1,6,3,3,7,10,6
Rtbdn,0,0,0,0,2,0
Rnaseh2a,100,71,117,129,153,201
Prdx2,1041,719,1253,1403,1583,1251
Junb,45486,28888,54592,78214,73473,69289
Hook2,49,27,44,49,93,64
Best2,0,1,0,1,0,0
Asna1,220,168,258,265,389,434
2310036O22Rik,1373,1026,1647,1732,2139,1896
Tnpo2,89,72,128,98,188,110
Fbxw9,59,41,58,108,118,75
Gm5741,0,0,0,0,0,1
Dhps,281,195,306,413,477,387
Wdr83,134,77,156,235,233,150
Wdr83os,885,800,1122,1157,1398,1646
Man2b1,3100,2707,4395,5990,4982,8075
Zfp791,0,2,1,3,2,1
Cks1brt,0,0,2,0,0,1
Vps35,824,614,977,1055,1106,1147
Orc6,91,54,93,171,190,108
4921524J17Rik,197,146,209,314,330,235
Gpt2,38,28,46,56,62,53
Dnaja2,822,695,1008,1120,1279,1199
Neto2,2,2,1,0,6,3
Itfg1,256,194,279,386,400,427
Phkb,116,82,148,149,204,178
Lonp2,193,164,250,277,316,265
Siah1a,265,146,316,385,411,330
Gm10638,5,2,12,4,7,8
N4bp1,456,360,600,505,729,702
2010110E17Rik,0,1,2,1,5,2
Gm27167,0,0,1,1,3,0
Gm27168,20,11,22,12,27,0
Cbln1,2,0,0,1,1,0
Gm2694,0,1,1,0,5,1
Zfp423,2,3,1,1,3,0
Cnep1r1,215,115,265,297,412,287
Heatr3,89,65,87,98,172,126
9430002A10Rik,0,0,1,3,3,2
Papd5,163,125,215,250,339,214
Adcy7,278,174,311,344,503,368
Brd7,496,372,632,637,939,892
Nkd1,5,2,3,9,15,5
Snx20,888,730,1210,1306,1286,1529
Nod2,2,13,7,11,8,15
Cyld,269,178,288,348,396,262
Sall1,1525,871,1776,2182,2397,1729
Tox3,2,0,3,0,4,1
Chd9,656,371,666,823,1110,618
Gm6658,1,0,3,2,0,1
Rbl2,152,106,164,151,212,170
Aktip,144,104,128,194,188,144
Rpgrip1l,19,27,29,21,63,45
Fto,221,224,280,286,373,334
Gm3235,0,0,0,0,1,0
Irx3,0,0,0,1,1,0
Crnde,2,2,6,10,5,3
Gm21817,0,0,0,0,2,0
Irx5,0,2,1,0,0,2
Irx6,0,0,0,0,2,0
Mmp2,106,58,126,118,192,111
Lpcat2,6063,3640,7057,8153,8999,7989
Capns2,18,14,19,27,27,15
Slc6a2,0,0,0,0,1,0
Ces1d,0,0,0,0,3,2
Ces5a,0,0,1,0,0,0
Gm26843,1,0,0,0,1,2
Gnao1,22,15,22,51,81,36
Amfr,715,420,843,839,1065,950
Nudt21,307,225,376,433,487,485
Ogfod1,54,33,85,62,94,65
Bbs2,36,24,34,35,41,54
Mt3,251,235,197,240,549,282
Mt2,197,188,147,321,906,167
Mt1,5420,5142,5511,8478,15689,8565
Nup93,58,45,68,73,116,100
Slc12a3,14,8,11,10,19,13
Gm15889,1,0,0,3,2,1
Gm15890,3,2,3,7,13,5
Herpud1,4733,3641,6039,5078,5941,7759
9330175E14Rik,1,4,3,6,5,5
Nlrc5,12,18,10,19,16,35
Cpne2,13,15,8,17,28,20
Fam192a,257,169,289,324,392,362
Rspry1,196,139,238,255,294,271
Arl2bp,140,63,127,194,284,120
Pllp,28,13,49,45,120,15
Ccl22,2,0,2,1,0,0
Cx3cl1,1,2,5,3,7,2
Ciapin1,164,95,176,283,307,222
Coq9,125,88,185,216,250,263
Polr2c,455,328,537,519,666,601
Dok4,10,7,6,4,7,9
Ccdc102a,47,35,42,87,81,96
Adgrg5,0,0,2,0,2,0
Adgrg1,2151,1272,2675,2833,2955,2903
Adgrg3,0,1,1,3,3,1
Drc7,1,3,1,1,2,2
Katnb1,57,35,72,61,87,93
Kifc3,38,33,40,60,107,79
Cngb1,0,0,1,0,0,0
Tepp,1,1,1,1,0,0
Zfp319,39,31,43,78,63,70
Usb1,73,50,87,94,138,135
Mmp15,10,7,15,15,27,28
Cfap20,407,289,507,511,694,467
Csnk2a2,261,183,327,365,479,345
Ccdc113,1,3,0,2,2,1
Prss54,0,0,1,0,0,0
Gins3,9,15,8,13,17,18
Ndrg4,9,8,22,9,35,7
Setd6,41,32,34,50,59,69
Cnot1,278,183,299,351,441,363
Gm10094,42,22,44,41,44,48
Slc38a7,146,124,177,191,278,245
Got2,176,147,177,252,331,258
Cdh8,0,1,3,0,1,0
A330008L17Rik,1,0,0,1,0,0
Cdh11,3,2,2,5,18,3
Gm8730,56,74,75,108,113,103
Cdh5,6,3,10,5,11,5
Bean1,2,2,1,3,1,2
Tk2,269,178,348,456,483,396
Cklf,585,453,674,535,732,652
Cmtm3,636,415,759,828,900,823
Cmtm4,244,162,287,318,420,213
Dync1li2,259,141,287,308,432,299
Ccdc79,0,1,0,3,0,0
Nae1,297,199,394,352,434,350
Car7,7,4,8,5,9,6
Pdp2,85,50,73,119,118,124
Rrad,1268,905,1400,2082,1472,1515
Fam96b,703,490,799,808,1089,830
1700082M22Rik,0,0,0,1,0,0
Gm3830,1,2,0,0,3,0
Cbfb,372,257,440,492,480,479
D230025D16Rik,84,43,89,88,148,131
B3gnt9,2,1,4,7,9,2
Tradd,147,116,183,243,262,249
Fbxl8,39,29,51,79,83,94
Hsf4,5,5,2,4,7,2
Nol3,3,1,3,4,5,1
4931428F04Rik,14,12,29,22,27,28
Exoc3l,3,0,0,2,0,0
E2f4,301,189,313,320,466,503
Elmo3,3,0,4,3,5,6
Lrrc29,5,1,6,7,17,9
Tmem208,602,504,728,854,963,1077
Fhod1,305,203,347,410,571,408
Slc9a5,9,8,15,12,25,15
Plekhg4,0,0,0,1,1,2
Lrrc36,1,7,2,5,3,5
Tppp3,29,29,31,38,142,31
Zdhhc1,34,24,38,56,58,63
Hsd11b2,0,0,0,1,0,1
Atp6v0d1,893,671,1027,1078,1350,1302
Gm38250,1,0,1,1,3,1
Fam65a,79,38,60,92,128,124
Gm5914,20,6,17,8,41,13
Ctcf,593,400,731,804,979,849
Rltpr,2,0,0,1,5,2
Acd,86,69,134,113,186,189
Pard6a,61,30,65,93,126,111
Enkd1,20,15,14,24,26,20
4933405L10Rik,0,0,0,0,1,0
Gfod2,40,32,35,47,69,46
Ranbp10,152,89,189,186,241,166
Tsnaxip1,0,1,1,0,1,0
Cenpt,39,32,51,48,80,90
Thap11,197,122,204,291,320,350
Nutf2,149,138,174,262,247,261
Edc4,94,76,129,137,206,153
Nrn1l,4,4,1,1,8,3
Pskh1,66,42,103,122,111,110
Ctrl,4,1,2,3,4,3
Psmb10,975,754,1085,1166,1396,1516
Lcat,13,8,7,8,30,15
Slc12a4,74,47,82,97,127,134
Dpep3,0,0,0,1,0,0
Dpep2,0,4,0,5,3,2
Dus2,64,46,67,82,89,98
Ddx28,61,31,57,122,105,88
Nfatc3,210,130,212,243,323,184
Pla2g15,1581,1038,1921,2172,2494,2593
Slc7a6,62,45,35,89,117,65
Slc7a6os,151,103,157,210,208,159
Prmt7,179,106,213,191,225,213
Gm26786,6,6,8,9,9,6
Smpd3,3,1,6,10,7,5
Zfp90,385,235,410,724,723,550
Gm10073,448,501,666,1130,440,410
Cdh1,0,0,0,1,0,0
Tango6,26,25,29,28,32,31
Has3,0,1,1,1,3,0
Chtf8,263,166,309,310,340,508
Cirh1a,121,68,110,121,192,142
Sntb2,27,32,33,43,68,58
Gm16208,0,1,0,1,1,0
Vps4a,173,137,233,247,287,342
Pdf,26,11,18,13,19,21
Cog8,248,146,326,385,434,458
Nip7,236,200,308,408,462,391
Terf2,186,123,242,256,379,233
Cyb5b,212,133,251,222,313,257
Rps18-ps3,9,14,7,13,17,8
Nfat5,578,374,623,845,874,606
Nqo1,0,1,2,1,2,1
Nob1,96,68,105,131,207,210
Wwp2,133,89,178,181,257,227
Rps26-ps1,35,31,56,59,53,49
Psmd7,723,497,794,921,1201,1004
Zfhx3,4314,3040,4801,5020,6685,4128
Gm20686,1,0,1,1,3,0
Dhx38,127,68,140,160,196,169
Txnl4b,19,15,27,35,42,17
Hp,0,13,1,1,2,0
Dhodh,73,65,86,128,145,136
Pkd1l3,1,0,1,0,1,0
Ist1,222,182,272,267,475,375
Zfp821,41,17,39,59,84,50
Atxn1l,91,58,114,121,196,101
Ap1g1,248,165,306,299,430,299
Gm17344,5,1,5,6,11,1
Phlpp2,127,80,135,148,237,86
Tat,0,1,0,0,0,0
Zfp612,2,2,3,2,4,2
Calb2,1,2,0,3,2,2
Cmtr2,16,12,15,40,31,21
Hydin,0,3,1,0,4,0
Vac14,149,100,151,186,219,241
Mtss1l,10,15,18,26,39,15
Il34,0,0,1,0,1,1
Sf3b3,159,126,147,191,275,238
Cog4,123,68,157,156,224,213
Gm26816,1,1,4,2,3,0
Fuk,52,20,49,50,82,52
St3gal2,252,155,321,364,483,346
Ddx19a,167,118,179,219,300,199
Ddx19b,57,36,67,79,102,64
Aars,653,458,789,928,1203,1056
Pdpr,13,19,21,25,26,18
Glg1,295,237,368,398,465,643
Rfwd3,133,78,136,158,184,145
Mlkl,2,4,4,3,6,7
Fa2h,17,11,27,36,92,6
Wdr59,16,18,21,19,26,23
Znrf1,414,266,534,471,606,536
Ldhd,12,9,16,8,12,11
Zfp1,108,56,131,173,179,132
Bcar1,5,1,1,9,18,4
Cfdp1,460,389,607,545,676,568
Tmem170,8,5,7,8,9,10
Chst5,1,0,1,0,3,0
Tmem231,6,7,14,6,19,11
Gabarapl2,1654,1240,1978,1723,2010,2290
Adat1,15,17,21,24,27,41
Kars,142,111,154,176,231,180
Terf2ip,146,75,122,176,202,153
Gm6793,27,17,27,46,26,47
Mon1b,67,50,70,91,89,100
Nudt7,120,71,119,167,151,209
Vat1l,2,0,6,0,1,1
Wwox,57,53,76,107,165,92
Gm16116,2,2,1,1,1,1
Gm16118,213,167,197,211,351,183
Maf,2853,2093,3566,3536,4908,3085
Gm15655,48,38,46,71,112,8
Dynlrb2,2,6,4,2,18,0
Cdyl2,56,27,48,57,54,84
Cmc2,109,78,125,126,133,195
Cenpn,8,6,11,4,5,6
Atmin,143,83,194,251,230,222
1700030J22Rik,7,2,3,7,12,11
Gcsh,174,121,217,249,283,225
Gan,64,43,56,78,99,88
Cmip,821,604,1096,1038,1371,1267
Plcg2,514,394,574,624,835,971
Sdr42e1,5,3,10,18,18,17
Hsd17b2,0,0,0,0,0,1
Mphosph6,166,139,209,242,294,206
Cdh13,1,0,1,2,3,0
Hsbp1,1730,1324,1929,1790,2306,2299
Mlycd,271,148,319,384,440,377
Osgin1,31,26,51,52,117,76
Necab2,1,2,2,4,9,1
Mbtps1,189,145,267,308,359,365
Hsdl1,151,99,182,210,301,243
Dnaaf1,0,0,0,0,1,0
Taf1c,30,22,59,72,91,72
Kcng4,0,0,0,0,2,0
Wfdc1,0,0,0,1,6,1
Tldc1,3,2,3,4,4,3
Cotl1,5100,3689,6262,6676,6491,9785
Klhl36,175,95,197,254,312,272
Usp10,114,109,160,215,285,209
Crispld2,0,0,0,2,1,1
Zdhhc7,144,95,139,181,258,272
A130014A01Rik,32,20,43,39,63,46
6430548M08Rik,39,28,44,56,54,93
Fam92b,0,1,1,1,0,0
Gse1,187,135,212,293,326,197
Gins2,33,25,31,67,83,55
Gm10614,2,0,2,2,3,0
Gm26739,0,1,0,1,2,0
1190005I06Rik,12,13,7,14,23,3
Emc8,337,224,360,466,491,448
Cox4i1,4603,3945,5796,6607,7067,6450
Irf8,3887,3061,5331,6520,7262,7194
Fendrr,0,0,0,2,1,0
Foxf1,0,1,0,0,1,0
Mthfsd,53,33,55,62,97,89
Gm26784,0,0,0,0,1,0
Fbxo31,75,50,96,118,155,126
Map1lc3b,1559,1155,1925,1999,2252,2123
Zcchc14,140,82,150,163,220,136
Gm27030,0,1,1,1,3,1
Jph3,13,13,46,32,51,53
Klhdc4,147,93,136,164,211,184
Gm20406,1,0,1,2,5,0
Gm26812,5,1,1,0,1,1
Slc7a5,42,36,97,66,39,164
BC048644,0,0,0,1,1,1
Car5a,0,2,1,0,2,1
Gm27011,1,2,0,1,0,0
Banp,199,120,251,182,242,445
Gm22,0,0,1,1,3,1
Zfpm1,180,126,256,327,355,282
Trhr2,1,0,0,0,0,0
Zc3h18,198,164,289,279,356,352
Il17c,0,0,1,0,0,0
Cyba,7345,6635,9347,9768,10504,12215
Mvd,72,47,61,63,108,117
Snai3,0,0,1,0,0,0
Rnf166,444,251,454,383,512,612
Ctu2,168,103,198,214,267,204
Piezo1,126,71,126,111,153,113
Cdt1,57,35,47,87,128,119
Aprt,561,435,697,763,944,824
Galns,43,42,50,83,129,153
Trappc2l,649,522,764,807,931,936
Pabpn1l,0,0,0,1,0,0
Cbfa2t3,320,194,353,578,929,391
Acsf3,24,16,29,60,60,58
Ankrd11,818,608,933,1093,1375,1431
Spg7,211,157,254,295,358,338
Rpl13,18487,17664,24768,31313,26549,26926
Cpne7,2,2,4,2,11,0
Chmp1a,415,278,476,574,661,713
Spata33,0,0,1,0,4,1
Cdk10,174,109,164,186,231,207
Spata2l,38,19,39,61,65,54
4933417D19Rik,1,2,3,0,2,1
Vps9d1,243,126,266,315,434,372
Zfp276,85,64,102,163,151,162
Fanca,1,1,0,5,1,0
Spire2,0,0,0,0,1,0
Tcf25,1076,754,1263,1364,1855,1548
Mc1r,0,2,1,4,0,4
Tubb3,11,15,8,5,36,5
Def8,33,24,37,47,75,68
Afg3l1,242,162,301,343,479,406
Dbndd1,0,2,1,0,1,0
Gas8,63,38,66,75,88,86
Rhou,4,7,17,21,54,15
Rab4a,75,72,63,95,164,45
2810455O05Rik,0,0,0,1,2,1
Ccsap,0,1,3,2,1,3
Acta1,1,0,0,0,0,0
Nup133,78,64,93,114,174,122
Abcb10,43,34,53,67,111,86
Taf5l,84,48,102,119,139,138
Urb2,31,16,27,33,51,23
Galnt2,3,1,5,4,6,6
Gm15775,0,0,0,1,1,1
Pgbd5,3,2,4,4,10,2
Cog2,114,83,136,127,176,149
Agt,6,6,6,7,26,7
Capn9,0,0,0,0,2,0
2310022B05Rik,84,57,96,110,142,96
Ttc13,109,69,148,181,284,203
Arv1,40,17,35,45,70,39
Fam89a,156,76,152,242,246,86
Trim67,2,2,2,2,6,1
2810004N23Rik,187,134,197,212,339,284
Gnpat,162,93,182,219,328,199
Exoc8,64,50,81,92,143,130
Sprtn,4,6,4,7,8,5
Egln1,364,268,465,445,511,503
Tsnax,309,240,383,387,447,374
Disc1,92,90,130,118,170,149
Gm16237,0,0,1,0,3,0
Sipa1l2,354,310,478,482,689,421
Map10,40,26,47,49,47,75
Ntpcr,1902,1907,2262,2324,2330,3149
Pcnxl2,0,1,1,0,2,0
BC021891,0,0,0,1,0,0
Kcnk1,5,9,10,7,13,6
Slc35f3,0,1,1,1,0,0
Coa6,160,137,197,233,282,230
Gm17296,8,0,4,6,3,1
Gm26759,63,43,88,32,67,18
Irf2bp2,2641,2353,3173,1972,3151,2762
Tomm20,1818,1570,2213,2510,2680,2073
Rbm34,146,112,174,206,312,213
Pard3,2,5,4,8,21,1
Nrp1,709,660,861,1480,1296,1716
Itgb1,1032,655,1123,1259,1486,1293
2610044O15Rik8,53,37,69,83,88,82
Gm5795,4,0,3,3,6,2
D830030K20Rik,7,2,18,16,33,5
1700110I01Rik,0,1,1,2,2,0
Gm2956,0,0,4,0,0,7
Gm3005,0,2,0,4,5,0
Gm3020,0,0,1,0,0,0
Gm3002,12,8,10,14,21,9
Gm3033,0,0,1,0,0,1
Gm2916,2,1,4,6,4,0
Gm3127,1,0,0,0,0,0
Gm2974,4,2,7,7,6,3
Gm3149,0,0,1,1,0,0
2610042L04Rik,12,1,21,27,16,4
Gm3164,53,18,60,58,96,20
Gm3173,0,0,1,0,0,0
Gm3047,1,0,0,0,0,0
Gm8159,0,0,1,1,2,3
Gm3239,1,0,0,0,1,0
Gm3252,74,34,66,60,101,16
Gm3269,1,0,0,0,1,0
Gm3264,9,3,10,5,14,5
Gm3278,0,0,1,0,2,0
Gm8297,0,0,1,0,0,0
Gm8281,1,0,0,0,1,0
Gm3526,1,0,1,0,0,0
Gm3187,0,0,1,0,0,0
Gm3488,173,116,183,239,279,116
Gm3383,3,0,2,1,7,2
Gm8237,3,1,5,6,12,3
Gm3248,58,36,70,93,118,30
Gm3453,1,1,0,0,3,0
Gm8206,3,4,3,1,6,0
Gm3468,49,28,55,95,92,36
Gm3476,0,0,0,0,0,1
Gm3411,3,0,2,3,7,0
Gm21103,0,0,3,3,1,1
Gm3591,16,3,16,12,12,4
Gm3594,1,0,1,1,2,0
Gm3629,1,0,0,2,2,1
Gm3460,0,1,0,6,3,2
Gm10251,13,3,9,17,20,8
Gm8050,1,3,0,1,0,2
Gm3636,93,43,81,153,185,51
Gm8362,0,0,0,3,0,2
Gm3667,34,28,37,53,66,23
Gm10406,3,1,1,3,3,1
Gm3696,0,3,2,8,7,3
Gm3512,1,0,1,7,8,2
Gm3739,108,50,106,130,211,63
Gm10339,0,0,1,2,0,0
Gm3755,0,0,1,0,1,0
Gm3752,3,0,0,0,0,1
Gm3558,43,12,25,23,52,13
Gm10338,0,0,0,0,0,1
Flnb,71,51,108,75,119,72
Dnase1l3,0,0,3,3,0,0
Abhd6,538,352,744,834,974,813
Rpp14,200,135,262,289,339,254
Pxk,323,194,332,358,476,397
Pdhb,306,238,322,425,548,449
Kctd6,133,88,159,189,237,206
Acox2,0,0,0,0,4,0
Fam107a,18,32,25,45,56,36
4930452B06Rik,0,0,2,1,0,0
Fhit,93,57,108,91,107,92
Rpl21-ps4,0,0,0,0,1,0
Gm3839,25,34,39,49,53,45
Ptprg,8,5,7,6,25,5
3830406C13Rik,101,102,127,130,154,158
Fezf2,1,0,1,2,3,3
Cadps,4,2,1,3,6,3
Synpr,1,2,0,5,4,1
Sntn,0,1,1,3,1,0
Gm11100,0,1,2,1,4,3
Thoc7,439,338,546,442,737,622
Atxn7,177,136,207,181,297,207
Psmd6,645,467,756,760,952,915
Il3ra,38,33,44,68,43,69
Slc4a7,412,253,434,479,640,433
Lrrc3b,0,0,0,0,2,0
Oxsm,42,33,36,72,113,88
Ngly1,244,190,274,287,301,275
Top2b,337,249,394,431,548,425
Rarb,0,0,2,0,1,0
Thrb,4,5,11,9,13,12
Nr1d2,166,136,223,583,756,178
Rpl15,7298,6624,9970,10883,10036,10962
Nkiras1,170,102,194,187,246,205
Ube2e1,798,588,888,904,1040,1156
Ube2e2,33,20,42,29,60,36
Gm21738,0,0,1,1,1,0
Gm2244,4,4,6,3,1,3
Gm2237,98,51,107,143,143,67
Gm5458,0,0,2,1,2,3
Nid2,52,18,44,46,97,86
2700060E02Rik,1210,1028,1516,1713,1751,1826
Gng2,962,771,1129,1051,1232,1208
Saysd1,269,207,326,520,582,378
Kcnk5,0,0,1,0,2,0
Nudt13,90,41,84,103,149,109
Ecd,155,80,168,149,222,274
Fam149b,85,53,91,89,137,105
Dnajc9,115,102,119,156,188,151
Mrps16,365,324,467,421,500,557
Cfap70,0,3,0,0,3,0
Anxa7,378,319,449,507,678,599
Mss51,6,8,14,15,27,12
Ppp3cb,274,191,321,300,423,378
1810062O18Rik,8,8,14,10,18,9
Usp54,21,16,26,27,68,19
2810402E24Rik,48,53,85,68,127,101
Myoz1,0,0,0,1,0,0
Sec24c,189,133,217,200,296,271
6230400D17Rik,5,9,10,10,10,11
Fut11,135,97,147,171,234,287
Chchd1,489,407,558,562,715,611
Zswim8,221,141,255,292,367,311
Ndst2,119,69,146,187,230,206
Camk2g,200,97,195,302,399,227
Plau,183,120,190,140,212,92
Vcl,41,39,33,35,63,28
Ap3m1,139,114,149,195,206,224
Adk,59,53,66,93,107,88
Kat6b,104,85,123,130,182,114
Dupd1,7,1,11,0,5,0
Dusp13,0,0,0,0,1,0
Samd8,359,255,337,438,514,377
Vdac2,2891,2138,3532,4459,4685,3826
Comtd1,543,319,646,689,859,515
Zfp503,20,8,42,62,38,46
1700112E06Rik,15,12,143,13,17,138
Gm10248,0,1,6,0,0,2
Kcnma1,34,14,30,38,58,14
A830039N20Rik,7,3,6,17,16,1
Dlg5,27,28,39,43,36,24
Polr3a,40,26,50,66,82,49
Rps24,20004,19835,27153,26753,27968,30908
Gm26660,5,1,5,5,8,4
Zmiz1os1,10,7,10,3,17,10
Zmiz1,1272,856,1554,1574,2346,1315
Gm26772,9,11,15,10,11,3
Ppif,61,39,67,127,106,98
Zcchc24,212,162,228,280,399,271
Anxa11,113,98,141,169,166,223
Plac9b,0,2,0,0,0,0
4933413J09Rik,0,1,0,1,0,0
Slmapos2,0,0,1,0,0,0
Slmap,644,423,794,777,1150,662
Dennd6a,251,149,267,377,478,252
Arf4os,0,1,0,2,0,1
Arf4,2632,1744,2986,3318,3687,3370
Pde12,181,134,173,361,318,266
9930004E17Rik,1,0,2,0,1,1
Dnah12,0,1,1,0,1,0
Asb14,0,1,0,0,0,0
Appl1,242,143,236,281,350,262
Hesx1,1,1,0,1,0,0
Il17rd,0,0,2,0,3,1
Arhgef3,53,45,41,73,74,85
Fam208a,257,172,304,462,506,232
Ccdc66,43,38,65,65,85,65
Erc2,1,2,1,4,1,0
Wnt5a,1,0,0,1,0,0
Cacna2d3,0,1,3,0,4,0
Selk,3666,2869,4482,4060,4437,5109
Actr8,143,90,169,231,240,293
Il17rb,1,0,1,1,1,2
Chdh,3,6,8,10,17,2
Cacna1d,180,103,217,235,338,238
Dcp1a,51,38,74,78,119,65
Tkt,936,736,1151,1679,1776,1683
Prkcd,1882,1313,2274,2395,2694,3480
Rft1,154,88,198,254,278,219
Sfmbt1,205,130,212,277,330,318
Tmem110,181,110,177,224,290,235
Mustn1,0,0,1,5,6,1
Itih4,1,0,0,0,1,0
Itih3,3,4,11,6,27,14
Nek4,23,21,31,32,52,30
Spcs1,997,866,1272,1239,1520,1918
Glt8d1,217,129,231,245,318,290
Gnl3,281,262,321,488,624,387
Pbrm1,694,493,844,983,1274,1058
Smim4,164,137,178,159,321,208
Nt5dc2,137,82,150,152,159,162
Stab1,732,700,998,824,1346,1478
Nisch,859,648,1015,943,1381,1164
Tnnc1,1,1,0,1,1,3
Sema3g,1,0,0,3,0,1
Phf7,77,45,68,94,112,73
Bap1,116,70,140,175,246,207
Dnah1,0,1,0,2,1,1
Capn7,172,93,167,171,303,146
Sh3bp5,286,203,256,255,412,245
Mettl6,128,87,157,201,238,204
Eaf1,109,74,130,128,149,123
Hacl1,53,43,64,58,85,59
Btd,113,72,135,121,191,133
Ankrd28,9,5,9,23,21,6
Galnt15,1,0,0,0,1,0
Dph3,360,241,423,413,515,390
Oxnad1,41,40,65,77,99,62
Ncoa4,52,32,56,69,37,43
Timm23,46,54,78,117,93,92
Parg,118,79,153,163,186,161
Ogdhl,0,0,1,1,1,0
1700024G13Rik,0,1,0,0,2,0
Ercc6,18,21,32,35,46,24
3425401B19Rik,1,1,0,1,1,1
1810011H11Rik,466,330,542,588,675,694
Fam170b,0,1,3,2,1,1
Vstm4,11,7,6,10,11,3
Wdfy4,141,155,194,178,218,260
Lrrc18,0,0,0,1,2,0
Arhgap22,519,311,575,567,712,612
Gm15512,2,1,0,1,2,1
Mapk8,202,115,205,245,293,196
FRMPD2,0,2,2,1,2,0
Gdf10,0,0,2,1,2,1
Zfp488,1,0,2,0,3,1
Anxa8,0,0,0,0,2,0
Rpl23a-ps3,149,155,174,241,166,120
Syt15,2,1,0,1,2,0
Fam35a,60,36,76,94,110,75
Glud1,599,443,677,878,1037,1001
Sncg,0,3,2,3,7,1
Mmrn2,3,5,8,4,9,3
Bmpr1a,140,119,168,210,268,187
Gm17110,0,0,1,1,2,0
Ldb3,1,3,1,5,5,1
Wapl,635,460,760,999,1034,825
A930038B10Rik,1,0,0,1,0,0
Grid1,2,1,3,2,3,2
Ccser2,125,71,137,119,180,141
Cdhr1,0,0,1,3,2,2
2610528A11Rik,181,128,251,254,300,221
Ghitm,926,627,1019,934,1292,1389
Nrg3,0,1,1,0,0,0
Sh2d4b,0,1,1,0,3,1
Tspan14,996,728,1266,1246,1584,1562
Fam213a,52,57,94,87,128,54
Dydc2,1,0,2,0,0,0
Gm8113,4,3,2,5,12,3
Ear2,0,1,0,2,2,0
Ptgdr,0,0,0,0,1,0
Ptger2,0,2,0,0,0,0
Txndc16,95,63,98,110,169,125
Gpr137c,3,1,2,6,7,5
Ero1l,115,70,125,105,156,134
Psmc6,681,489,832,823,1071,854
Styx,9,4,10,7,20,7
Gnpnat1,91,78,128,151,145,192
Fermt2,11,7,10,18,58,10
Gm15601,0,1,0,0,0,0
Ddhd1,85,61,76,72,144,80
A530076I17Rik,0,0,0,1,0,0
Bmp4,0,1,1,4,2,0
Gm15222,0,0,0,0,1,0
Cdkn3,11,6,11,7,17,8
Cnih1,397,275,434,505,552,584
Gmfb,457,319,563,652,791,655
Gm10101,10,14,4,20,15,22
Cgrrf1,357,236,420,462,615,497
Samd4,20,15,23,15,40,10
Gm10371,0,1,3,1,3,2
Gch1,275,266,359,341,334,310
Wdhd1,4,9,13,11,19,21
Socs4,223,116,260,329,325,285
Mapk1ip1l,299,236,352,410,510,360
Lgals3,87,40,159,134,104,67
Dlgap5,1,1,2,4,1,1
Fbxo34,100,56,116,154,179,109
Atg14,123,83,138,177,248,143
Ktn1,583,395,586,657,1140,574
Peli2,361,289,384,375,533,346
Tmem260,95,57,99,108,124,148
Otx2,2,2,4,0,1,0
Otx2os1,0,0,0,0,1,0
Exoc5,491,315,572,620,790,565
Ap5m1,57,37,70,86,116,64
Naa30,173,88,173,241,246,194
Slc35f4,0,0,1,0,0,0
3632451O06Rik,2,3,3,2,2,2
Tlr11,1,3,2,1,0,1
Ttc5,252,139,266,329,368,315
Parp2,189,162,283,315,401,370
Tep1,315,220,351,422,514,454
Gm26782,60,46,88,152,157,144
Osgep,733,562,924,896,1009,953
Apex1,350,289,413,615,662,674
Tmem55b,899,553,980,1430,1730,1475
Pnp,4002,3054,4817,4318,5402,5796
Pnp2,26,16,26,22,30,15
Rnase10,28,16,21,17,22,6
Rnase12,27,12,16,17,26,12
Olfr750,0,0,0,0,1,0
Rnase4,5057,3476,4930,4600,5923,5849
Ang,1777,1554,1956,1424,1874,2164
Eddm3b,0,0,0,2,0,0
Rnase6,89,120,151,88,129,212
Mettl17,46,26,46,83,115,80
Slc39a2,5,5,8,22,12,3
Ndrg2,127,139,132,197,279,183
Arhgef40,470,211,447,497,728,656
Gm16617,1,3,3,4,6,5
Zfp219,120,94,163,172,219,127
Tmem253,1,0,0,0,2,2
Hnrnpc,1367,1007,1487,1350,1532,1494
Rpgrip1,223,169,242,152,242,252
Supt16,353,286,418,433,568,506
Gm26590,3,0,3,0,6,1
Chd8,357,268,380,476,649,517
Rab2b,175,120,174,213,310,181
Tox4,791,530,899,1021,1165,1200
Mettl3,201,102,220,236,267,289
Sall2,74,44,79,90,168,75
Dad1,2261,1794,2818,2366,3152,3110
Abhd4,210,136,216,176,325,250
5330426L24Rik,1,5,1,0,3,1
Oxa1l,297,166,324,441,500,545
Slc7a7,742,535,753,835,1006,1294
Mrpl52,1905,1617,2231,1915,2887,2777
Mmp14,81,73,72,126,119,124
Lrp10,534,404,646,800,911,1215
Rem2,1,2,0,2,5,0
Prmt5,115,80,125,169,217,232
Haus4,84,51,77,113,186,146
Ajuba,38,17,44,52,67,38
4931414P19Rik,23,10,32,37,30,56
Psmb5,1000,759,1221,1282,1601,1632
Cdh24,0,0,0,5,0,1
Acin1,734,507,906,873,1229,1195
4930579G18Rik,2,1,2,1,1,1
1700123O20Rik,329,232,411,467,499,507
Cebpe,3,0,2,3,6,0
Slc7a8,1294,791,1414,1428,1728,1125
Homez,27,14,33,55,53,58
Ppp1r3e,3,6,5,8,15,7
Bcl2l2,33,22,22,28,67,23
Pabpn1,558,404,663,822,880,796
Slc22a17,200,151,238,317,421,314
Efs,2,1,12,6,17,2
Il25,1,0,0,0,0,0
Cmtm5,40,21,28,49,118,14
Myh7,0,3,1,1,2,0
Ngdn,422,344,523,524,589,630
Thtpa,49,36,42,79,81,75
Zfhx2,76,42,79,83,120,106
Zfhx2os,1,1,0,0,0,0
Ap1g2,58,35,63,75,80,99
Jph4,5,1,9,11,33,2
Dhrs4,112,101,125,170,190,191
Lrrc16b,6,2,6,7,12,6
Cpne6,4,2,4,5,12,5
Pck2,213,123,243,288,342,432
A730061H03Rik,1,1,2,0,5,4
Dcaf11,242,153,259,298,386,435
Fitm1,0,0,0,1,3,0
Psme1,1372,1235,1809,1948,2490,3280
Emc9,155,96,154,193,250,193
Psme2,767,574,791,1008,1208,1732
Rnf31,108,71,99,160,162,249
Irf9,225,168,250,429,480,734
Rec8,2,0,3,2,2,0
Ipo4,92,81,97,133,158,191
Tm9sf1,32,27,54,50,70,90
Tssk4,0,0,0,3,3,1
Mdp1,365,251,363,494,555,490
Nedd8,1467,1209,1706,1847,2187,2208
Gmpr2,452,312,536,578,707,753
Tinf2,71,66,76,121,158,154
Tgm1,10,20,8,22,30,41
Rabggta,121,94,168,187,205,197
Dhrs1,240,173,242,334,427,473
Nop9,144,104,189,212,256,257
Cideb,3,0,3,2,2,3
Ltb4r2,2,2,3,6,0,1
Ltb4r1,0,4,4,10,7,6
Adcy4,0,0,3,3,5,4
Ripk3,52,39,69,78,76,81
Nynrin,7,4,9,14,19,8
Gm26751,1,0,0,0,1,0
Cbln3,0,0,0,0,0,1
Khnyn,72,38,86,98,126,117
Sdr39u1,2,2,6,6,15,4
Ctsg,0,4,0,0,0,0
Gzmb,0,0,1,0,0,0
Rnf17,17,17,38,19,22,26
Cenpj,32,32,44,42,59,54
Parp4,106,78,101,106,134,101
Mphosph8,300,228,393,452,627,434
Gm16973,16,5,10,33,31,17
Pspc1,222,176,241,262,317,326
Zmym5,430,284,439,499,604,545
2410022M11Rik,37,34,61,129,140,66
Zmym2,275,162,244,312,392,243
Gjb2,0,0,1,0,2,1
Gm4491,0,0,0,1,2,0
Gjb6,13,12,15,13,36,13
Cryl1,467,297,560,671,1031,699
Ift88,40,30,54,48,55,58
Il17d,1,0,1,2,0,0
N6amt2,202,127,222,220,277,287
1700039M10Rik,3,0,1,1,4,2
Xpo4,53,39,73,82,131,94
Lats2,282,148,271,262,427,260
Sap18,1111,723,1244,1258,1365,1298
Ska3,0,0,0,0,2,1
Mrpl57,304,295,368,461,595,418
Zdhhc20,621,374,677,797,938,678
Micu2,184,131,203,221,270,192
3110083C13Rik,1,2,0,4,1,3
Fgf9,2,0,2,2,0,0
Rpl13-ps3,9,5,13,34,25,24
Rcbtb1,99,75,95,123,162,105
Gm6904,0,2,1,2,1,1
Phf11a,2,4,5,21,12,47
Phf11b,169,168,247,289,286,565
Phf11d,156,163,208,255,258,514
Phf11c,1,2,7,5,9,6
Setdb2,20,9,23,40,57,22
Cab39l,144,109,174,170,201,164
Cdadc1,63,32,64,43,74,60
Shisa2,1,0,1,2,1,1
Atp8a2,226,154,282,276,329,272
4930563I02Rik,1,0,0,0,0,0
Nupl1,69,51,98,118,141,107
Mtmr6,531,338,616,699,785,767
Amer2,23,10,34,40,58,45
Spata13,726,602,853,888,1110,956
C1qtnf9,0,1,1,0,1,0
Mipep,44,38,55,76,65,93
Tnfrsf19,5,3,1,9,14,2
Sacs,23,13,18,23,27,10
Arl11,368,203,349,527,616,529
Ebpl,264,234,316,375,403,382
Kpna3,387,224,425,479,542,522
Spryd7,87,84,77,111,161,78
Trim13,66,43,79,87,144,84
Kcnrg,0,0,1,0,0,0
Gm27010,142,91,133,124,266,254
Gm26916,5,1,6,4,5,5
Gm27017,1,1,3,3,3,1
Dleu7,0,0,0,3,0,0
Rnaseh2b,75,67,108,126,157,168
Fam124a,0,0,0,1,1,0
Ints6,90,55,105,157,124,111
Gm26536,7,3,8,9,8,7
Wdfy2,30,28,41,48,46,42
Defb30,2,2,3,5,3,0
Defb42,1,0,1,1,3,0
Ctsb,11132,9641,13673,15202,16943,20431
Fdft1,33,22,47,50,94,66
Neil2,3,2,2,7,13,5
Fam167a,1,3,4,0,0,0
Mtmr9,29,22,26,35,52,50
Xkr6,47,35,46,63,56,57
Pinx1,89,81,136,155,208,167
Sox7,0,0,0,1,3,0
4930471C04Rik,0,0,0,0,1,0
Gm17116,0,0,1,0,0,0
Msra,81,45,101,126,148,143
Mir124a-1hg,2,4,3,9,16,1
Kif13b,47,32,67,66,80,62
Hmbox1,198,129,195,252,318,227
Ints9,65,48,88,84,106,119
Extl3,396,269,499,515,771,587
Fzd3,1,1,0,4,1,1
Fbxo16,0,0,0,0,1,1
Zfp395,111,86,109,176,200,159
Pnoc,1,0,0,0,0,1
Elp3,117,61,132,126,161,124
Pbk,0,1,2,0,2,1
Esco2,0,0,2,1,1,0
Ccdc25,156,94,157,180,253,216
Scara3,3,4,3,5,7,4
Clu,137,138,193,171,311,169
Ephx2,7,3,3,6,5,3
Chrna2,0,0,0,1,0,0
Ptk2b,427,282,491,511,713,539
Trim35,269,220,305,465,452,354
Stmn4,68,55,89,149,320,37
Adra1a,0,1,0,2,3,2
Dpysl2,1347,991,1465,1802,1913,2097
Gm5464,6,9,1,10,10,18
Pnma2,4,3,3,10,7,4
Bnip3l,1475,1057,1770,1829,2031,2453
Ppp2r2a,425,291,451,607,726,597
Cdca2,1,1,2,2,4,1
Kctd9,28,19,31,28,44,35
Gnrh1,1,0,0,1,1,0
Dock5,2,1,9,8,19,4
Nefm,0,0,2,3,1,1
Nefl,5,5,14,9,10,5
Adam28,1,0,0,0,0,1
Stc1,0,0,0,0,1,0
Slc25a37,449,312,449,593,651,415
Gm27222,0,0,1,0,0,0
Synb,0,0,1,0,0,0
Gm16867,0,0,43,0,50,67
Loxl2,3,0,2,0,28,0
R3hcc1,54,36,65,93,116,76
Chmp7,156,83,182,225,291,269
4930480K23Rik,5,8,13,9,19,7
Tnfrsf10b,4,4,1,0,2,2
Rhobtb2,47,50,70,87,106,87
Pebp4,0,0,0,0,0,1
Egr3,8,6,11,11,17,4
Bin3,165,152,196,291,319,221
Ccar2,46,31,67,90,101,90
9930012K11Rik,4,2,14,25,25,3
Pdlim2,167,113,209,255,317,233
Sorbs3,9,7,7,17,51,4
Gm26908,0,0,2,0,1,0
Ppp3cc,19,15,20,28,36,22
Slc39a14,70,98,83,97,123,108
Piwil2,5,7,3,3,4,4
Polr3d,123,84,136,179,252,191
Phyhip,2,2,4,1,6,0
Bmp1,19,4,19,43,42,19
Lgi3,9,8,25,33,62,17
Reep4,130,104,164,169,298,271
Hr,1,3,4,1,9,1
Nudt18,179,108,196,254,277,274
Fam160b2,80,41,99,113,178,121
Dmtn,27,13,24,35,54,17
Fgf17,1,0,1,0,1,0
Npm2,5,3,4,4,8,1
Xpo7,171,122,197,174,262,193
Dok2,1,5,14,8,8,2
Gfra2,1,0,0,1,4,3
Fndc3a,386,349,515,568,701,658
Gm16549,2,2,1,1,3,0
Rcbtb2,1557,1218,1945,1710,1983,1623
Rb1,249,178,251,262,342,249
Lpar6,796,557,1016,1380,1396,1125
Itm2b,34190,25926,44609,40618,41050,42713
Med4,119,66,123,197,231,191
Nudt15,3,4,5,7,7,1
Sucla2,266,180,288,312,383,380
Gm21750,0,0,0,0,0,1
Esd,797,723,1029,1156,1226,1076
Lrch1,283,188,290,369,463,319
5031414D18Rik,224,132,291,445,466,289
Lrrc63,5,10,12,19,3,4
Lcp1,2295,2068,3001,3059,3758,3978
Gm15628,0,0,0,0,0,1
Gm15629,0,1,0,1,2,0
Zc3h13,328,192,364,407,530,520
Cog3,77,45,93,81,136,86
Slc25a30,10,7,8,16,8,3
Gm4285,14,8,22,34,33,45
Tpt1,39204,37249,50874,58608,54953,51906
Gtf2f2,140,90,190,201,267,252
Kctd4,3,8,9,10,13,0
Gpalpp1,75,65,92,122,173,112
Nufip1,132,100,147,184,237,200
Rps2-ps6,2,2,7,10,11,6
Tsc22d1,192,142,230,317,406,255
Serp2,9,7,5,12,59,7
Lacc1,842,680,1034,1080,1466,1497
Ccdc122,83,45,97,124,133,79
Enox1,1,0,3,1,5,0
Gm1587,0,0,1,0,0,0
Dnajc15,303,262,370,310,440,403
Epsti1,555,437,623,723,695,1128
Fam216b,0,0,0,1,3,0
Akap11,168,119,198,217,279,181
Dgkh,4,3,10,3,4,4
Vwa8,39,23,26,38,45,41
Rgcc,40,17,28,35,74,12
Naa16,129,98,145,166,221,230
Mtrf1,56,37,63,85,87,90
Kbtbd7,143,87,138,173,205,166
Kbtbd6,0,1,0,1,1,0
Wbp4,605,393,709,694,891,723
Elf1,680,461,828,874,1030,823
Sugt1,594,440,754,734,758,820
Lect1,0,0,0,0,1,0
Pcdh8,2,1,1,2,0,0
Gm9748,0,0,0,0,1,0
Olfm4,0,0,4,6,4,0
Pcdh17,8,5,8,5,15,8
Diaph3,2,1,8,4,7,2
Tdrd3,65,42,69,81,71,76
Pcdh20,0,1,1,7,6,0
Gm10110,6,7,5,7,7,6
Pcdh9,14,10,23,16,58,8
Dach1,2,0,2,0,1,0
Mzt1,275,178,310,373,404,319
Bora,3,4,9,3,6,13
Dis3,39,27,38,63,81,44
Pibf1,111,89,140,122,199,93
Klf5,0,0,0,1,0,0
Klf12,7,1,5,2,6,5
Tbc1d4,66,42,54,81,90,49
Commd6,548,379,680,623,752,569
Uchl3,413,299,460,463,642,521
Lmo7,0,1,0,2,5,0
Kctd12,12429,10714,16357,14291,20494,16282
Gm26778,419,329,687,591,1252,90
Irg1,4,0,9,2,4,7
Cln5,544,406,569,738,777,715
Fbxl3,516,301,623,550,765,543
Mycbp2,1268,897,1359,1488,1685,1736
Scel,2,2,0,4,4,1
Slain1,35,25,40,56,104,26
Ednrb,18,9,16,10,34,13
Pou4f1,0,0,0,0,1,1
Rnf219,52,31,60,103,114,63
Rbm26,628,437,540,737,1094,623
Ndfip2,953,682,1132,1178,1364,988
Gm10076,1108,734,1187,861,777,1121
Spry2,6,3,3,9,19,4
Slitrk1,2,0,0,1,4,0
Slitrk6,0,0,0,1,0,0
Slitrk5,2,0,3,1,3,0
Tpm3-rs7,31,21,38,39,32,24
Mir17hg,82,64,94,158,167,106
Gpc5,8,4,11,6,9,0
Gpc6,2,0,3,2,3,5
Dct,0,0,1,2,0,0
Tgds,70,40,80,106,122,132
Gpr180,200,128,250,254,318,258
Sox21,9,4,3,4,9,1
Abcc4,18,19,21,32,48,32
Cldn10,16,14,20,21,48,16
Dzip1,3,3,5,6,11,3
Dnajc3,831,705,1054,1114,1213,1734
Uggt2,28,31,42,50,65,40
Oxgr1,0,0,0,0,1,0
Mbnl2,898,615,1073,914,1477,1144
Gm26679,2,1,0,2,1,0
Rap2a,603,449,662,798,1034,775
Ipo5,227,202,283,339,423,394
Farp1,36,22,28,35,46,15
Stk24,331,239,366,373,457,449
Dock9,137,73,142,161,242,82
1810041H14Rik,2,1,2,3,8,5
Ubac2,278,190,309,394,423,520
Gpr18,2,10,7,1,4,7
Gpr183,2584,1842,3056,2711,5193,2168
Timm8a2,0,0,0,1,0,0
Tm9sf2,797,616,906,962,1240,1295
Clybl,25,30,32,39,61,55
Zic5,1,3,1,2,1,0
Zic2,1,0,1,2,2,0
Pcca,154,123,174,197,262,211
Ggact,22,32,36,31,52,57
Tmtc4,49,37,50,60,81,81
Gm15735,0,0,0,0,0,1
Nalcn,1,0,1,3,5,0
Itgbl1,1,0,0,0,0,0
Fgf14,0,0,2,1,1,0
Gm17615,0,0,1,0,0,0
Gm26870,11,21,18,25,31,11
Gm10719,0,0,0,1,2,0
Gm10718,0,0,1,0,0,0
Gm10717,0,1,0,1,2,0
Alkbh8,37,23,43,49,68,55
Cwf19l2,224,157,256,266,450,259
Gucy1a2,2,0,0,0,0,0
Aasdhppt,199,122,238,259,288,245
Kbtbd3,63,42,87,90,103,81
Msantd4,83,36,84,96,151,123
Gria4,3,0,2,8,10,2
Casp1,454,403,544,626,711,859
Casp4,1532,1203,1824,1738,2294,1806
Casp12,21,23,14,12,30,13
Pdgfd,0,1,0,1,0,0
Dync2h1,9,11,23,27,39,17
Dcun1d5,753,583,853,836,1117,951
Mmp12,0,0,1,0,2,0
Mmp8,0,3,0,0,0,0
Gm10709,4,1,1,3,6,0
Tmem123,232,237,279,296,477,326
Birc2,299,201,338,539,500,397
Birc3,626,519,716,837,996,785
Yap1,5,2,3,2,5,1
9230110C19Rik,1,0,0,0,0,0
Cep126,2,0,1,1,1,1
Pgr,0,0,1,0,0,0
Gm16485,0,1,0,0,0,0
Arhgap42,0,1,2,0,3,0
Jrkl,104,70,105,148,137,125
Ccdc82,59,43,80,78,124,77
Phxr4,138,95,158,177,217,184
Maml2,643,399,656,705,980,1011
Mtmr2,166,126,183,191,228,235
Cep57,165,115,189,244,292,229
Fam76b,302,172,267,519,609,296
Sesn3,72,33,73,84,106,63
Endod1,178,132,260,298,432,260
Kdm4d,1,0,1,0,1,1
Cwc15,964,785,1181,1168,1471,1144
Amotl1,90,82,144,128,197,163
Fut4,11,11,20,12,25,21
1700012B09Rik,2,2,2,3,12,0
Ankrd49,45,43,42,70,144,95
Mre11a,79,59,81,119,136,80
Gm16302,0,0,1,2,1,0
Gpr83,3,1,0,0,1,0
Panx1,40,44,47,43,64,92
Vstm5,1,0,3,1,1,0
Med17,265,164,277,321,475,382
4931406C07Rik,284,197,327,368,545,412
Taf1d,706,454,721,824,1702,941
Cep295,86,58,73,115,175,118
Smco4,27,34,55,45,51,43
Slc36a4,65,36,90,96,135,57
Fat3,75,35,67,85,99,37
Gm5611,0,0,0,1,0,0
Chordc1,382,311,482,342,444,909
Naalad2,246,170,337,248,379,285
Zfp558,6,9,6,9,11,2
Zfp317,91,52,82,91,106,100
Gm7808,4,2,5,0,5,5
Zfp560,163,115,206,189,243,184
Gm26733,21,8,17,33,30,5
Zfp26,60,42,55,114,147,61
Zfp426,108,72,98,115,158,116
Zfp266,127,82,105,151,181,117
Zfp846,16,18,28,28,43,27
Fbxl12os,3,2,5,5,4,11
Gm26521,3,3,2,0,4,2
Fbxl12,161,98,168,201,284,147
Ubl5,2269,1786,2748,2000,3589,2756
Pin1,360,294,474,504,548,569
Olfm2,1,0,0,0,2,0
Col5a3,3,5,1,13,3,0
A230050P20Rik,62,36,38,86,124,79
Angptl6,42,35,37,41,61,58
Ppan,130,121,150,261,262,296
Eif3g,673,509,749,748,915,832
Dnmt1,112,91,136,129,228,143
S1pr2,31,21,24,44,48,33
Mrpl4,355,271,451,427,457,651
Icam1,4429,2768,5380,6038,6113,6494
Icam4,1,1,5,1,8,4
Icam5,2,2,6,4,9,1
Gm26592,1,0,2,3,2,1
Zglp1,7,1,3,7,9,5
Fdx1l,235,204,237,335,372,326
Raver1,252,174,306,264,436,320
1700084C06Rik,0,1,0,0,1,0
Tyk2,101,90,144,145,213,209
Cdc37,953,685,1106,1157,1296,1598
Pde4a,85,63,115,112,168,164
Keap1,217,138,279,465,544,441
S1pr5,8,3,11,18,27,2
Atg4d,121,106,166,165,233,198
Kri1,79,59,98,109,162,126
Cdkn2d,199,177,220,351,362,291
Ap1m2,0,1,0,0,0,0
Slc44a2,381,141,406,461,705,382
Ilf3,234,155,247,299,363,255
Gm16853,2,1,4,3,6,1
Qtrt1,95,76,103,152,203,147
Dnm2,832,566,994,964,1353,1368
Tmed1,163,141,188,232,262,316
AB124611,16,24,38,46,35,110
Carm1,109,76,146,153,181,175
Yipf2,68,40,71,86,113,101
1810026J23Rik,77,49,94,120,141,121
Smarca4,297,220,341,383,483,566
Gm26511,3,1,5,6,4,7
Ldlr,8,3,16,9,22,18
Spc24,7,6,6,4,20,11
Kank2,6,16,7,22,31,21
Dock6,13,7,10,12,21,10
Angptl8,0,0,0,0,1,0
Rab3d,17,15,19,50,63,42
Tmem205,59,63,52,91,106,82
Ccdc159,1,0,0,1,0,0
Plppr2,2,0,1,4,14,2
Swsap1,11,8,4,20,17,22
Epor,5,6,6,11,17,4
Rgl3,69,60,97,97,116,137
Ccdc151,0,1,2,1,2,0
Prkcsh,405,304,485,527,653,618
Elavl3,14,19,37,50,91,27
Zfp653,85,53,85,106,148,108
Gm16845,18,17,27,40,53,18
Ecsit,67,53,80,86,136,132
Cnn1,1,0,0,0,1,0
Elof1,323,250,365,453,526,462
Acp5,2,1,1,2,1,2
Pigyl,284,199,306,337,421,367
Zfp809,36,18,34,47,54,28
Zfp599,1,3,0,3,3,0
Zfp810,63,54,64,135,147,85
Anln,17,15,27,38,112,16
9530077C05Rik,1,2,0,1,4,0
Rp9,558,390,618,709,767,822
Bbs9,398,178,401,376,537,341
Bmper,0,0,0,0,1,0
Npsr1,0,0,0,0,1,2
Gm15600,0,0,0,0,0,1
Gm10701,0,0,0,1,0,0
Dpy19l1,274,206,322,409,469,346
Dpy19l2,0,1,0,0,1,0
Herpud2,361,260,417,403,485,588
Gm29642,0,0,3,1,2,1
Gm29375,0,0,0,4,6,2
Sept7,1261,1065,1409,1600,2146,1516
Eepd1,85,60,82,183,234,118
B3gat1,5,4,6,6,26,2
Glb1l2,0,1,2,2,2,0
Gm1110,0,0,0,0,1,0
Acad8,130,91,165,191,234,151
Thyn1,140,103,174,181,215,200
Vps26b,122,78,141,151,196,225
Ncapd3,79,48,78,93,136,77
Jam3,235,180,248,258,350,241
Opcml,6,3,8,10,16,8
Ntm,12,7,11,18,33,11
Snx19,92,57,105,87,139,112
Zbtb44,123,88,153,129,195,161
St14,85,70,85,115,147,161
Aplp2,410,290,456,391,582,567
Prdm10,22,10,22,20,19,16
Nfrkb,95,70,116,151,201,129
Tmem45b,0,0,0,1,0,0
Barx2,1,0,0,0,3,1
Arhgap32,45,16,42,55,71,27
Fli1,1081,778,1410,1596,1640,1490
Gm27201,5,0,6,2,6,5
Ets1,617,328,693,677,1010,487
7630403G23Rik,0,0,0,0,2,0
Kirrel3,1,0,1,1,4,4
St3gal4,99,74,126,141,165,222
Dcps,226,151,274,269,305,340
Tirap,84,63,101,159,193,163
Srpr,571,359,671,733,993,931
Foxred1,130,69,150,205,201,142
Fam118b,112,66,145,140,164,223
Rpusd4,101,50,129,166,196,137
Cdon,1,1,1,0,5,0
Ddx25,2,0,2,2,5,2
Pus3,45,44,71,87,119,93
Hyls1,15,7,12,32,24,16
Pate2,3,1,2,2,1,2
Chek1,1,5,4,8,15,3
Stt3a,564,399,550,628,772,964
Ei24,311,234,375,387,428,491
Fez1,77,38,88,123,271,31
Pknox2,0,2,2,1,1,0
Tmem218,74,43,73,109,109,85
Slc37a2,420,263,468,553,737,622
Ccdc15,18,11,18,23,28,28
Hepacam,14,18,22,31,72,25
Robo4,0,0,2,0,2,0
Robo3,1,0,0,0,0,0
Msantd2,134,56,131,171,190,151
Esam,2,0,2,2,5,5
Vsig2,0,0,0,2,1,0
Nrgn,26,20,77,44,89,22
Spa17,10,8,10,10,19,6
Siae,90,69,102,118,164,148
Tbrg1,303,200,364,340,391,398
Vwa5a,466,348,562,607,699,706
Olfr920,8,10,8,14,15,7
Zfp202,14,7,12,27,40,20
Scn3b,3,2,2,3,9,0
Gramd1b,53,29,57,72,145,37
Clmp,12,15,23,19,41,24
Hspa8,19638,16796,24953,23191,21881,42445
4931429I11Rik,0,1,0,1,0,0
Crtam,1,1,0,5,8,4
Ubash3b,983,575,1139,1655,1783,1429
1700063D05Rik,0,0,2,1,3,0
Sorl1,125,227,127,184,169,375
Sc5d,89,42,92,68,156,81
Tbcel,121,66,132,142,187,148
Grik4,1,0,3,2,5,0
Arhgef12,189,128,221,210,298,158
Tmem136,1,1,2,3,6,0
Pou2f3,0,1,0,0,0,0
Oaf,273,244,369,693,639,499
D630033O11Rik,2,2,0,3,3,4
Pvrl1,12,5,12,20,24,13
Thy1,1,5,5,4,8,2
Rnf26,67,55,73,117,122,159
Usp2,1639,1010,1887,2422,3584,2177
Mfrp,0,0,0,1,0,0
Gm26737,0,1,3,9,46,1
Gm10687,0,0,0,0,0,1
Mcam,12,3,22,9,63,5
Cbl,854,583,1069,1006,1469,1018
Ccdc153,2,12,4,9,26,3
Pdzd3,0,1,0,3,0,1
Nlrx1,33,38,36,43,67,70
Abcg4,1,1,5,1,9,3
Hinfp,33,20,31,48,47,43
C2cd2l,96,89,129,103,161,208
Dpagt1,113,104,150,164,173,242
H2afx,130,94,145,154,159,201
Hmbs,131,143,152,231,258,335
Vps11,196,136,224,268,309,314
Hyou1,124,123,142,133,189,341
Slc37a4,87,47,108,128,130,121
Trappc4,789,612,912,937,1200,970
Rps25,9521,8905,12516,12693,15117,11913
Ccdc84,106,75,100,123,191,95
Foxr1,1,1,2,2,3,3
Gm9830,0,0,0,0,1,0
C030014I23Rik,3,3,6,3,6,6
Bcl9l,229,104,276,262,434,273
Cxcr5,0,0,0,1,1,1
Ddx6,1049,808,1274,1529,1984,1045
Phldb1,52,30,84,118,206,29
Arcn1,450,338,548,556,758,571
Ift46,121,68,148,147,213,173
Tmem25,1,0,1,4,1,0
Ttc36,0,1,1,0,4,1
Kmt2a,530,415,694,679,874,676
Atp5l,1932,1651,2353,1870,2776,2937
Ube4a,187,130,268,224,283,225
Cd3g,2,1,1,0,0,0
Cd3d,2,1,1,0,2,0
Cd3e,0,0,1,1,0,0
Mpzl2,1,0,0,0,0,0
Mpzl3,8,3,8,1,3,6
Amica1,0,2,0,0,0,1
Scn2b,0,0,3,0,6,5
Tmprss4,2,4,1,1,6,5
BC049352,98,93,127,83,139,47
Il10ra,2870,1995,3433,3361,4044,5218
Fxyd6,6,2,3,7,10,8
Fxyd2,13,31,12,11,19,18
Dscaml1,2,1,1,1,4,2
Cep164,136,97,159,162,232,215
Bace1,59,35,66,64,75,48
Gm16536,40,18,51,47,80,33
Rnf214,126,68,150,159,200,202
Pcsk7,64,45,72,76,94,116
Tagln,6,5,10,10,19,7
Sidt2,297,193,332,440,447,382
Pafah1b2,326,237,380,425,580,387
Sik3,144,81,155,154,232,103
Apoa1,3,0,2,1,3,2
Apoc3,0,0,1,1,0,0
Zpr1,220,175,293,335,371,405
Bud13,47,32,49,68,81,77
4930448E22Rik,1,0,0,0,0,0
2900052N01Rik,12,11,11,16,19,6
Cadm1,744,421,821,948,1442,760
Nxpe2,0,0,0,1,1,0
Nxpe4,1,0,2,3,8,0
Gm5616,0,0,0,1,0,0
Rexo2,606,444,633,691,798,827
Rbm7,706,436,881,967,1051,835
Gm5617,150,114,190,204,205,188
Zbtb16,3,15,3,1,7,3
Usp28,35,20,44,43,47,34
Zw10,54,46,65,56,78,88
Tmprss5,0,1,0,2,8,0
Ttc12,23,20,25,34,45,49
Ncam1,35,22,50,35,94,19
Gm11149,0,0,0,1,0,1
Rpl10-ps3,109,101,156,204,183,159
Plet1os,25,57,10,8,20,36
Plet1,2,18,18,2,8,21
Pts,509,506,610,823,848,932
Bco2,149,106,182,264,258,292
Tex12,0,5,1,3,1,0
Il18,427,375,541,516,589,637
Sdhd,578,485,646,720,910,758
Timm8b,410,388,453,417,626,583
AU019823,181,133,242,232,309,306
Pih1d2,4,1,6,5,12,10
Dlat,142,91,161,190,252,217
Dixdc1,4,5,11,15,35,10
2310030G06Rik,0,0,1,0,0,0
Hspb2,1,0,0,1,2,3
Cryab,185,103,263,193,401,101
1110032A03Rik,271,162,330,310,329,292
Fdxacb1,53,37,55,73,74,73
Alg9,128,108,143,150,173,183
Ppp2r1b,124,64,139,180,221,149
Sik2,216,142,302,307,367,286
Layn,46,26,67,71,78,55
4833427G06Rik,0,2,1,0,3,0
Pou2af1,0,0,0,0,1,1
Gm684,3,0,2,3,5,0
2010007H06Rik,0,0,1,0,2,0
Gm7293,1,0,0,0,0,0
Arhgap20,1,0,0,3,5,0
Fdx1,258,170,293,285,340,276
Rdx,914,690,1130,1040,1573,1347
Zc3h12c,87,67,97,66,101,58
AI593442,1,1,5,1,4,1
Ddx10,199,146,203,257,284,255
Kdelc2,96,68,131,115,136,175
4930550C14Rik,2,2,4,4,7,5
Atm,54,43,61,82,128,81
Npat,73,32,71,96,143,95
Acat1,358,262,389,445,504,578
Cul5,279,183,305,408,469,363
Gm16124,16,21,15,24,40,28
Rab39,132,99,149,277,289,198
Slc35f2,0,1,1,0,3,0
Sln,0,1,0,0,0,0
Elmod1,2,2,5,1,7,1
Tnfaip8l3,1,1,0,0,0,0
Dmxl2,65,49,79,57,93,59
Cib2,150,82,186,248,275,159
Idh3a,187,140,229,253,349,311
Acsbg1,17,16,11,19,40,18
Dnaja4,113,78,123,103,117,198
Wdr61,311,232,391,417,583,495
Crabp1,0,0,0,0,0,1
Ireb2,150,99,159,230,256,187
Hykk,28,21,29,24,62,28
AY074887,9,5,13,8,13,3
Psma4,887,716,1110,1231,1464,1349
Chrnb4,0,0,0,0,1,0
Ube2q2,211,138,287,308,333,264
Fbxo22,229,144,277,292,370,283
Nrg4,1,1,2,1,0,1
Tmem266,0,1,0,1,1,0
Etfa,382,268,365,400,501,414
Scaper,125,74,140,166,201,173
4930563M21Rik,0,0,1,0,0,0
Rcn2,429,335,493,539,656,518
Pstpip1,34,53,41,59,73,83
Tspan3,908,583,1048,1096,1408,1142
Peak1,305,131,305,389,488,360
Peak1os,2,2,2,1,2,0
Hmg20a,173,99,201,245,297,131
Lingo1,4,1,6,2,8,1
Cspg4,9,4,16,11,39,14
Snx33,15,10,18,17,48,19
Imp3,469,383,561,793,846,701
Snupn,70,37,95,94,140,88
Ptpn9,94,54,89,100,188,110
Sin3a,222,130,232,243,340,233
2700012I20Rik,14,6,18,17,18,12
Man2c1os,6,4,9,7,13,5
Man2c1,189,131,206,264,313,295
Neil1,32,30,26,53,72,42
Commd4,484,377,541,599,755,737
1700017B05Rik,981,633,1172,1188,1693,1277
Ppcdc,941,604,1131,1366,1667,1045
Scamp5,444,289,534,500,606,489
Rpp25,1,0,0,0,1,0
Cox5a,1165,1037,1423,1567,1722,2007
Gm26631,19,11,22,39,28,51
Fam219b,181,116,232,265,275,276
Mpi,252,150,233,264,313,455
Scamp2,3022,2142,3573,3752,4450,4888
Ulk3,115,98,153,191,175,188
Cplx3,0,1,2,4,3,0
Lman1l,1,2,1,1,2,5
Csk,1187,750,1358,1306,1826,2176
Edc3,93,48,96,155,152,163
Clk3,268,206,300,388,483,491
Gm17231,0,1,2,2,4,0
Arid3b,286,212,376,404,705,350
Ubl7,149,103,165,163,235,286
Sema7a,3,0,3,3,17,4
Cyp11a1,0,0,0,0,1,0
Ccdc33,1,1,1,0,3,0
Stra6,0,0,1,3,7,0
Islr,1,0,2,0,2,1
Islr2,1,0,0,0,4,0
Pml,68,48,69,102,124,150
Stoml1,148,52,160,228,248,135
Loxl1,0,1,0,0,0,0
6030419C18Rik,3,0,0,3,5,2
Cd276,72,35,72,127,176,43
Nptn,1266,958,1496,2122,2591,1772
Rec114,9,18,12,40,16,17
Hcn4,0,0,0,0,1,0
Neo1,22,22,31,28,83,16
Adpgk,96,69,113,145,153,179
Bbs4,59,15,43,68,96,73
Arih1,434,336,504,548,690,532
Tmem202,13,3,12,14,6,13
Hexa,5179,3391,6209,7077,6973,6861
Celf6,0,0,1,1,0,0
Parp6,57,35,66,65,74,76
Pkm,1589,1191,2165,2235,2598,2894
Gramd2,0,0,0,1,3,0
Senp8,74,33,101,129,117,140
Myo9a,204,184,225,348,419,353
Thsd4,1,1,0,1,1,1
Lrrc49,7,7,6,14,14,5
B930082K07Rik,1,0,0,0,1,0
Larp6,9,2,7,16,19,5
Uaca,2,5,4,1,8,11
Gm10655,10,6,10,13,17,14
Tle3,559,347,559,488,620,419
Rplp1,36588,33286,48266,45353,54877,59214
Kif23,1,1,0,2,0,1
Paqr5,3,2,3,3,4,1
Glce,34,27,41,43,73,29
Anp32a,1427,1074,1689,1663,1901,2106
Coro2b,4,2,8,5,22,3
Itga11,2,1,0,1,1,0
Fem1b,196,116,208,275,278,227
Gm26609,37,35,54,44,57,17
Cln6,51,42,51,84,113,120
Calml4,11,10,15,5,16,3
Pias1,322,236,346,420,568,549
Map2k5,113,66,123,133,177,173
2300009A05Rik,107,90,102,138,161,149
Iqch,2,3,2,4,9,1
Aagab,283,176,386,428,500,522
Smad3,201,134,238,320,366,287
Smad6,16,7,12,23,26,36
Lctl,1,0,0,1,0,0
Zwilch,4,0,1,4,9,4
Rpl4,4427,3915,5683,6863,6195,7509
Snapc5,345,274,438,497,565,547
Map2k1,774,487,926,1021,1083,1034
Uchl4,14,10,23,15,22,9
Tipin,93,93,109,210,250,118
Dis3l,68,50,66,88,90,118
Megf11,8,5,15,9,20,10
Rab11a,1169,822,1285,1344,1751,1608
Dennd4a,895,664,883,996,1457,619
Slc24a1,9,18,20,8,18,0
Vwa9,108,75,122,117,198,217
Hacd3,175,133,227,188,319,319
Dpp8,144,95,161,180,228,155
Igdcc4,9,3,2,5,13,1
Igdcc3,0,0,0,1,0,0
Parp16,29,14,24,45,46,31
Clpx,255,193,317,324,393,344
Pdcd7,252,191,302,507,493,392
Rasl12,1,0,0,1,3,0
Mtfmt,74,44,62,82,111,106
Spg21,618,414,709,695,799,847
Plekho2,1018,935,1256,1004,1672,1419
Pif1,1,3,0,3,0,1
Rbpms2,1,1,1,0,8,1
Oaz2,246,144,244,273,378,281
Zfp609,78,57,91,90,157,96
Trip4,106,107,163,139,181,165
2810417H13Rik,0,3,0,2,1,0
Csnk1g1,189,123,177,204,293,233
Ppib,3509,2895,4358,4943,5145,5412
Snx22,10,1,3,5,22,2
Snx1,378,297,437,570,645,865
Fam96a,556,518,632,727,785,971
Dapk2,0,0,0,1,5,1
Herc1,420,318,512,483,708,470
Gm28379,0,1,3,0,0,0
Fbxl22,11,7,12,23,22,18
Usp3,245,142,274,248,381,309
Gm15563,0,0,1,0,0,0
Car12,4,3,6,0,1,0
Aph1b,9,6,14,8,19,11
Gm10647,0,0,0,0,1,0
Aph1c,40,46,48,53,66,41
Gm17098,1,0,0,0,0,0
Rab8b,984,654,998,811,1301,1081
Rps27l,1255,1205,1481,1272,1974,1949
Lactb,561,418,625,929,994,802
Tpm1,89,71,99,116,174,139
Tln2,214,174,265,415,487,421
C2cd4b,0,0,0,0,1,0
Vps13c,124,97,154,171,182,157
Rora,114,75,124,119,156,106
Ice2,53,36,51,98,98,83
Anxa2,13,62,41,17,40,51
Gm28731,5,2,5,8,8,7
Bnip2,868,620,1050,1049,1272,1134
Gtf2a2,638,538,761,797,989,686
Fam81a,2,1,10,7,9,0
Myo1e,61,42,80,177,197,56
Ccnb2,1,0,3,4,4,3
Rnf111,316,170,318,390,512,336
Sltm,408,297,465,684,810,540
Fam63b,827,594,1022,1177,1353,1030
Gm10642,20,12,14,13,18,12
Adam10,1313,876,1425,1531,1634,1069
Lipc,8,3,6,8,6,3
Aqp9,0,0,0,1,1,0
Aldh1a2,0,0,0,0,1,0
Polr2m,328,231,461,504,567,479
Myzap,0,0,1,0,0,0
Cgnl1,0,2,0,0,6,0
Tcf12,312,237,301,374,454,331
Gm27253,5,0,9,3,4,4
Zfp280d,255,165,305,341,469,263
BC065403,0,3,0,1,3,0
Mns1,0,3,4,2,2,2
Tex9,20,9,18,38,49,15
Rfx7,139,73,155,155,245,130
Gm27241,1,1,0,0,1,0
Nedd4,16,17,34,41,65,12
Prtg,0,0,0,2,1,0
Pygo1,2,1,1,2,3,0
Dyx1c1,3,1,4,5,12,3
Ccpg1os,46,28,44,46,50,58
Ccpg1,229,220,306,297,349,403
Pigb,48,31,65,53,103,53
Rab27a,222,270,260,258,355,344
Khdc3,4,6,9,10,15,8
Rsl24d1,503,356,588,681,701,606
Unc13c,3,1,0,4,6,3
Fam214a,43,23,51,71,106,45
Arpp19,1080,805,1321,955,1741,1597
Myo5a,38,42,38,49,66,25
Gnb5,1,1,0,1,2,0
Mapk6,289,240,308,248,325,216
4933433G15Rik,60,44,61,70,71,67
A130057D12Rik,31,5,24,10,32,18
Leo1,123,58,118,116,146,157
Tmod3,407,328,514,520,562,540
Tmod2,25,42,32,36,107,35
Lysmd2,9,4,10,3,20,6
Scg3,25,25,20,33,51,24
Bmp5,0,0,0,1,0,0
Hmgcll1,0,1,0,0,2,1
Mlip,0,0,0,1,0,0
5730403I07Rik,0,0,0,0,1,0
Lrrc1,25,14,24,25,31,25
Klhl31,0,0,0,1,0,0
Gclc,456,208,540,605,692,551
Elovl5,115,94,143,125,185,170
Fbxo9,186,171,243,262,374,281
Ick,93,53,129,94,153,123
C920006O11Rik,16,12,17,18,32,19
Gsta4,10,9,16,13,17,8
4930542C12Rik,1,0,1,1,0,0
Ddx43,45,33,23,56,64,24
Mb21d1,252,213,248,561,620,397
Gm17324,0,1,0,1,5,2
Mto1,151,107,181,225,295,247
Eef1a1,33431,28092,43540,53061,47459,63520
Slc17a5,148,113,151,175,252,175
Cd109,1,0,0,0,3,0
Col12a1,0,0,0,0,1,0
Cox7a2,1721,1495,2109,1564,2493,2343
Tmem30a,914,625,1012,1041,1342,1166
Filip1,0,1,0,1,1,1
Senp6,620,424,795,804,899,772
Gm17477,18,12,22,24,27,6
Myo6,124,93,157,199,307,164
Gm27227,0,0,0,1,0,0
Htr1b,0,1,1,1,1,0
Irak1bp1,28,20,32,32,32,19
Phip,595,412,689,836,1026,781
Hmgn3,197,136,193,271,376,153
Lca5,6,11,10,10,17,15
Sh3bgrl2,22,9,17,16,21,13
Elovl4,1,2,1,4,7,0
Ttk,0,1,0,2,1,0
Bckdhb,38,28,57,49,60,60
Fam46a,2343,1373,2643,3052,3560,3427
Ibtk,85,63,91,111,167,129
Tpbg,9,7,6,2,2,3
Ube2cbp,8,7,11,12,11,14
Dopey1,94,66,128,131,194,131
Pgm3,104,63,138,137,146,150
Rwdd2a,38,20,59,79,88,74
Me1,2,4,4,11,15,3
A330041J22Rik,1,0,0,1,0,1
Snap91,4,8,7,7,6,1
Ripply2,0,0,1,0,0,0
Cyb5r4,160,142,175,213,262,297
Mrap2,2,1,2,1,1,1
Cep162,62,59,104,86,155,130
Tbx18,0,0,0,1,0,0
Nt5e,0,2,2,3,2,0
Snx14,181,127,196,223,248,218
Syncrip,713,481,748,863,1021,736
Zfp949,32,21,30,41,44,32
9430037G07Rik,2,4,5,7,6,1
Mthfsl,382,363,498,486,535,525
Gm10634,3,5,1,3,3,1
Bcl2a1d,832,1105,983,629,451,681
Gm29562,6,1,5,0,3,1
Trim43c,0,0,2,0,1,1
Bcl2a1a,978,1282,1096,835,709,1153
4930579C12Rik,3,3,2,1,3,3
Bcl2a1b,7593,9241,9985,7116,6114,8990
Gm29094,3,1,2,0,1,1
Mthfs,482,508,579,628,648,679
AF529169,0,4,8,9,4,6
Tmed3,1127,912,1429,1781,1962,1819
Rasgrf1,5,14,5,14,17,10
Ctsh,5522,5369,7127,9617,8459,11358
Morf4l1,3253,2386,3818,3515,5111,4634
Gm26882,66,38,67,29,96,46
Tbc1d2b,164,112,169,185,221,199
Gm28703,0,0,0,0,1,0
Zic1,0,1,1,8,12,3
Zic4,2,2,1,0,5,2
Plscr1,24,21,21,31,28,33
Plscr2,1,0,1,1,3,0
1700057G04Rik,0,0,0,0,1,0
Plscr4,1,1,2,3,7,0
Plod2,1,0,0,1,1,1
1190002N15Rik,76,65,118,153,187,128
Gm29395,2,1,1,4,4,3
Slc9a9,434,295,466,433,627,612
Chst2,54,122,145,172,100,202
U2surp,682,536,861,989,1195,913
Gm28424,5,5,4,9,17,7
Paqr9,0,0,5,1,4,0
Pcolce2,3,3,6,6,6,3
Trpc1,7,4,5,7,13,4
Pls1,14,5,18,18,44,4
1700065D16Rik,0,1,0,6,4,1
Atr,114,65,91,130,146,116
Gm16794,9,3,11,12,17,3
Xrn1,265,168,258,309,451,304
Gk5,19,9,24,30,44,17
Tfdp2,82,70,92,111,144,80
Atp1b3,1046,842,1304,1250,1710,1306
BC043934,16,3,16,19,22,8
Rnf7,1553,1119,1870,1839,2143,1609
Rasa2,135,95,155,186,259,160
Zbtb38,219,148,219,352,361,312
A930006L05Rik,1,0,0,1,1,0
Pxylp1,1,2,2,1,3,1
Spsb4,0,3,2,1,2,0
Gm19325,24,23,11,16,16,24
Gm26767,25,10,22,21,25,11
Slc25a36,441,323,455,509,621,485
Gm16185,1,4,5,6,5,0
Clstn2,0,3,1,2,6,0
Nmnat3,22,17,17,67,63,19
Rbp1,15,6,25,14,15,9
Copb2,584,349,666,654,774,736
Mrps22,112,75,128,144,206,152
Gm37637,1,0,3,0,2,1
Faim,337,238,371,450,499,358
Gm1123,5,2,3,1,1,0
Pik3cb,176,154,195,185,337,159
Faiml,1,0,0,0,1,0
Cep70,76,37,74,93,118,68
Esyt3,0,0,1,1,0,0
Gm28087,0,1,0,1,0,0
Mras,397,223,342,211,362,333
Armc8,176,107,181,162,262,210
Dbr1,57,31,74,97,118,115
Dzip1l,0,1,1,0,3,1
Il20rb,16,5,5,10,11,10
Nck1,390,236,405,457,676,459
Slc35g2,3,4,6,3,4,6
Stag1,513,387,537,612,810,488
Pccb,142,96,169,217,176,159
Msl2,361,222,400,451,522,478
Ppp2r3a,67,44,71,100,160,73
Ephb1,7,6,4,10,39,5
Gm26846,0,0,0,0,0,1
Cep63,215,121,223,270,261,184
Anapc13,948,654,980,821,1539,1058
Amotl2,13,8,28,12,46,13
Ryk,244,161,317,344,377,348
Slco2a1,0,1,0,0,0,0
Rab6b,638,286,676,678,835,547
Srprb,251,166,269,248,367,485
Trf,7379,6346,9723,12228,10674,16206
1300017J02Rik,3,0,4,1,6,3
Topbp1,77,58,78,129,155,91
Cdv3,387,292,438,598,661,603
Bfsp2,4,1,8,3,13,2
Tmem108,3,0,2,3,8,1
Nphp3,26,19,18,24,37,16
Uba5,430,262,510,516,579,596
Acad11,27,26,45,47,48,56
Ackr4,0,0,0,0,2,0
Dnajc13,318,278,371,434,503,418
Cpne4,1,0,2,0,0,1
Mrpl3,271,176,311,387,431,399
Nudt16,109,82,140,193,221,222
Nek11,0,2,1,0,1,1
Aste1,106,82,152,132,226,97
Atp2c1,897,651,1065,1129,1234,1263
Gm19667,0,0,4,2,4,0
Pik3r4,95,59,99,133,181,137
Col6a5,0,0,1,1,1,0
D030055H07Rik,1,0,0,1,1,2
Glyctk,3,2,3,7,1,10
Wdr82,235,148,256,313,400,303
Ppm1m,283,216,362,380,402,412
Twf2,1536,919,1925,2280,2355,2216
Tlr9,14,9,19,15,30,13
Alas1,492,301,712,695,761,780
4930500F10Rik,4,0,1,0,1,0
Poc1a,68,30,72,67,71,60
Dusp7,658,354,880,1081,1347,738
Rpl29,6088,5555,7984,10391,9142,11824
Acy1,101,54,107,177,219,123
Abhd14a,166,130,216,281,291,272
Abhd14b,65,51,84,129,134,160
Gm28959,0,0,1,0,0,0
Pcbp4,55,35,60,92,170,40
Gpr62,8,7,10,8,34,2
Parp3,70,77,70,121,150,146
Rrp9,116,89,142,223,250,189
Grm2,0,0,1,1,2,0
Tex264,292,202,390,363,436,489
Rad54l2,75,62,83,94,141,96
Vprbp,103,56,106,96,176,89
Manf,2388,2569,3032,2911,2961,6468
Rbm15b,150,78,152,169,230,217
4930524O07Rik,3,1,4,10,8,10
Dock3,2,3,5,3,22,2
1700039M15Rik,0,0,1,0,0,0
Mapkapk3,123,70,129,119,159,156
Cish,26,19,22,26,34,20
Gm17041,0,0,0,0,1,0
Hemk1,42,45,44,59,69,37
6430571L13Rik,2,2,1,3,6,1
Cacna2d2,2,1,2,4,4,2
Tmem115,263,155,277,398,477,493
Cyb561d2,223,130,268,291,347,326
Nprl2,90,48,101,80,124,146
Zmynd10,2,2,3,4,1,3
Rassf1,1210,699,1215,1701,1884,1537
Gm9917,10,5,8,16,15,7
Tusc2,169,107,185,226,284,305
Hyal2,70,59,114,137,157,106
Hyal1,59,32,84,100,127,127
Nat6,131,72,173,163,227,248
Hyal3,18,11,15,24,26,31
Ifrd2,50,40,55,86,88,87
Gm38150,1,1,1,0,3,1
Sema3b,0,0,2,1,2,0
Gnai2,6586,4589,7771,7998,9274,11549
Slc38a3,8,4,13,7,17,9
Sema3f,1,1,0,1,1,1
Rbm5,973,667,1111,1309,1583,1478
Gm37850,2,2,5,2,7,1
Rbm6,295,244,412,407,510,481
Mon1a,86,52,73,87,107,111
Camkv,4,1,7,8,15,3
Traip,4,4,6,18,11,6
Uba7,177,109,195,212,283,342
Gm20661,3,1,0,6,6,5
Fam212a,634,351,746,1171,1095,639
4921523L03Rik,0,0,0,0,2,1
Cdhr4,4,5,8,7,20,9
Ip6k1,376,192,405,399,572,500
Gm38134,3,4,0,3,0,1
Gmppb,249,180,303,355,388,461
Rnf123,59,54,70,75,118,100
Amigo3,30,28,28,38,39,40
Mst1,0,0,1,0,1,0
Apeh,176,132,209,227,296,331
Bsn,24,12,29,32,73,20
Dag1,150,98,168,182,274,235
Nicn1,41,37,60,65,75,73
Amt,12,9,13,6,17,5
Tcta,86,36,72,109,125,88
Rhoa,4783,3392,5503,5682,6417,6569
Gm37401,4,1,4,2,3,1
Gpx1,4269,3624,4835,6521,7084,10354
Usp4,297,194,311,351,457,506
1700102P08Rik,14,7,12,14,15,12
Ccdc36,11,9,11,30,20,10
Klhdc8b,401,119,396,481,753,226
Ccdc71,99,45,98,154,179,189
Lamb2,36,29,40,39,67,27
Usp19,415,294,525,446,647,455
Qars,283,249,370,470,517,550
Qrich1,386,218,419,461,540,630
Impdh2,465,357,546,695,814,1065
Ndufaf3,325,215,365,379,469,446
4833445I07Rik,108,92,97,202,165,288
Dalrd3,230,198,317,370,392,389
Wdr6,58,40,69,94,170,57
P4htm,4,5,4,13,12,4
Arih2,263,176,342,321,456,369
Slc25a20,122,103,168,202,242,290
Prkar2a,236,162,259,283,328,325
Ip6k2,193,66,150,153,216,139
Nckipsd,75,63,76,107,202,169
Celsr3,1,0,2,0,4,0
Slc26a6,16,14,18,35,41,48
Tmem89,1,0,1,1,1,2
Uqcrc1,720,478,875,935,1217,1283
Col7a1,3,0,1,2,3,0
Gm38004,6,3,4,2,5,7
Pfkfb4,204,129,273,354,300,382
Shisa5,702,572,814,997,1048,2748
Gm42641,12,6,12,13,26,45
Atrip,3,4,6,4,5,3
Tma7,1535,1266,1827,1605,2345,2129
Ccdc51,52,34,68,110,94,64
Plxnb1,12,12,10,11,42,11
Gm42756,2,1,3,1,3,1
Fbxw27,1,2,2,0,0,1
Spink8,0,1,0,0,2,1
Nme6,65,43,74,99,112,107
Camp,0,4,0,0,0,8
Cdc25a,50,30,65,108,120,62
Map4,607,367,666,659,988,489
Dhx30,159,108,162,191,271,270
Smarcc1,274,178,256,283,368,326
Cspg5,72,39,88,101,199,58
Elp6,28,25,20,35,56,39
Scap,131,95,173,163,225,186
Ptpn23,203,122,211,186,253,194
Ngp,0,15,0,0,1,5
Klhl18,196,94,217,214,335,332
Kif9,8,8,15,10,16,29
Setd2,517,346,606,698,878,575
Nradd,183,119,192,242,310,136
Nbeal2,97,52,110,112,184,102
Ccdc12,1674,1021,1976,1997,2607,1904
Gm42762,0,0,1,0,0,0
Pth1r,7,6,6,17,10,5
Prss44,0,0,0,0,1,0
Prss50,2,0,1,0,0,0
Tmie,0,0,0,0,2,0
Als2cl,13,6,10,12,23,10
Lrrc2,1,0,1,3,7,1
Rtp3,0,0,1,0,0,0
Ltf,0,6,0,0,0,2
Ccrl2,2497,2436,3280,2570,2569,2751
Lrrfip2,170,131,238,217,306,226
Mlh1,42,35,49,49,84,78
Epm2aip1,77,59,105,113,151,96
Trank1,1,2,4,3,8,1
Dclk3,0,0,0,0,0,1
Stac,2,1,0,4,1,1
Arpp21,4,3,6,6,13,5
2900079G21Rik,0,0,2,0,4,0
Pdcd6ip,613,533,723,777,1034,951
Clasp2,410,233,430,460,781,364
Ubp1,299,238,322,391,611,398
Fbxl2,2,2,3,4,7,1
Susd5,3,0,3,1,5,1
Bcl2a1c,2,0,1,1,0,0
Crtap,78,76,105,127,173,118
Glb1,336,264,369,645,662,594
Tmppe,46,33,48,55,85,90
Trim71,0,0,0,0,1,0
Cnot10,125,93,187,171,254,253
Dync1li1,333,253,352,389,491,473
Cmtm6,3155,1759,3628,3610,4369,3541
Cmtm7,2606,1609,2853,2774,2649,3242
Gm9888,11,11,17,22,17,12
Cmtm8,322,221,299,353,385,375
Gpd1l,197,141,247,229,320,269
Osbpl10,0,2,0,0,0,0
Rps27rt,1021,966,1378,884,1407,1052
Stt3b,295,218,310,374,389,487
Gadl1,23,12,24,42,32,29
Tgfbr2,1391,1043,1665,2359,2622,1634
Rbms3,1,0,0,3,4,2
Gm26614,0,0,0,0,1,0
Azi2,313,217,325,391,490,452
Cmc1,281,243,351,383,477,292
Gm17399,6,1,4,4,6,1
Eomes,0,0,0,2,0,1
Golga4,248,203,336,304,412,451
Itga9,241,169,234,233,313,305
Gm2415,7,4,11,5,12,5
Ctdspl,18,21,30,50,49,51
Vill,2,12,9,3,9,6
Plcd1,83,61,94,130,135,110
Dlec1,1,4,2,0,4,1
Acaa1b,0,1,1,1,2,1
Slc22a13,1,0,0,0,0,0
Oxsr1,79,78,104,92,128,135
Myd88,724,576,794,1084,981,1381
Acaa1a,932,632,1087,1176,1406,1281
Xylb,42,34,41,39,76,40
Acvr2b,124,74,135,103,211,220
Exog,76,33,71,82,127,132
Gm2449,2,3,2,5,4,2
Wdr48,103,99,139,170,192,160
Cx3cr1,20628,12935,22659,22450,31778,21677
Gorasp1,78,58,114,153,164,135
Ttc21a,1,1,1,0,1,0
Csrnp1,1799,1522,1996,2538,2500,3082
Xirp1,3,2,9,6,3,5
Slc25a38,157,113,172,228,243,217
Rpsa,8882,9000,11796,18687,15371,21283
Mobp,284,261,264,361,768,265
Myrip,2,3,3,2,7,2
Eif1b,1649,1231,1866,1967,2302,1719
Entpd3,1,0,0,0,0,0
Rpl14,6212,5687,8115,10291,8947,12427
5830454E08Rik,3,3,4,1,4,5
Ctnnb1,1244,896,1537,1581,1883,1754
Ulk4,10,12,18,19,17,13
Trak1,125,94,138,158,185,123
Cck,16,6,16,6,43,10
Lyzl4,32,22,47,61,102,40
Lyzl4os,0,0,1,0,0,0
Vipr1,57,24,69,64,99,86
Sec22c,14,8,10,20,41,19
Deb1,121,113,156,179,243,170
Nktr,1256,894,1410,1454,1997,1915
Zfp651,34,27,34,50,79,52
Klhl40,0,2,0,1,1,0
Hhatl,3,1,0,5,14,6
Ccdc13,2,3,3,2,5,1
Higd1a,655,470,673,667,978,784
1700048O20Rik,1,1,0,2,8,2
Fam198a,2,0,1,1,5,0
Pomgnt2,45,20,47,47,46,59
Snrk,347,227,346,391,576,389
Ano10,105,65,115,137,158,152
Gm26797,0,1,0,0,3,5
Abhd5,122,87,151,138,184,187
9530059O14Rik,1,0,2,0,0,0
Tcaim,33,21,30,44,74,41
Zfp445,34,27,31,61,61,29
A530083I20Rik,1,0,0,1,1,0
Zkscan7,5,8,11,9,16,9
Zfp105,37,22,50,90,97,66
1110059G10Rik,307,164,380,397,532,446
Kif15,2,1,3,2,5,3
Tmem42,132,79,114,168,170,121
Tgm4,0,0,1,0,0,0
Zdhhc3,140,93,173,190,216,239
Exosc7,168,146,204,263,289,247
Clec3b,2,1,0,2,3,0
Tmem158,8,8,19,12,23,12
Lars2,1089,713,1555,1157,1873,265
Limd1,125,97,139,168,201,217
Sacm1l,152,102,210,202,251,266
Slc6a20b,9,6,11,3,11,2
Slc6a20a,1,1,0,0,4,0
Ccr9,0,0,2,2,1,0
Lztfl1,151,141,225,225,242,232
Fyco1,168,106,190,227,323,259
Cxcr6,1,0,4,0,2,0
Xcr1,0,0,0,1,1,3
Ccr1,44,208,77,40,87,107
Ccr1l1,1,0,0,1,0,0
Ccr3,6,7,8,6,10,4
Ccr2,39,19,25,40,29,42
Ccr5,2654,1932,2888,2838,2853,3595
2010315B03Rik,101,60,97,182,171,156
Ppp2r3d,241,163,269,250,345,320
Sfi1,75,47,85,113,133,116
Drg1,386,272,426,499,564,596
Eif4enif1,142,109,165,185,251,183
Patz1,124,81,126,186,255,212
Pik3ip1,50,36,44,43,104,69
Limk2,63,17,55,66,92,53
Rnf185,116,59,125,133,184,179
Pla2g3,1,0,1,2,0,0
Inpp5j,1,1,2,8,8,1
Selm,140,96,132,133,253,103
Smtn,6,3,8,5,25,8
Morc2a,93,61,122,152,188,102
Osbp2,3,1,1,5,7,3
4921536K21Rik,3,2,3,0,1,2
Dusp18,109,77,178,103,240,118
Slc35e4,69,69,104,84,146,113
Tcn2,2425,1901,2551,2917,3920,4276
Pes1,254,160,294,343,435,491
Gal3st1,7,3,18,23,42,6
Mtfp1,38,31,52,63,76,83
Sec14l2,37,35,76,87,75,93
Rnf215,368,268,453,545,581,618
Ccdc157,29,31,39,34,58,32
Sf3a1,246,172,290,289,333,371
Tbc1d10a,430,304,539,629,681,802
Gatsl3,126,126,163,139,135,228
Osm,732,922,749,927,926,1316
Lif,1,0,0,7,1,1
Hormad2,0,1,4,2,0,5
Mtmr3,223,143,253,258,338,267
Ascc2,87,71,112,101,185,128
Uqcr10,1010,837,1187,887,1577,1383
Zmat5,348,266,408,431,489,493
Cabp7,0,1,2,0,7,4
Nf2,99,68,132,122,205,137
Nipsnap1,37,20,31,46,68,32
Thoc5,127,84,149,173,190,193
Nefh,0,1,0,1,1,0
Ap1b1,351,321,470,350,600,654
Gas2l1,107,83,152,152,189,187
Rasl10a,1,0,1,0,1,0
Ewsr1,988,616,1057,1244,1579,998
Rhbdd3,70,65,82,111,153,103
Emid1,6,1,1,3,14,1
Kremen1,33,24,51,42,76,68
Znrf3,20,24,30,52,74,56
Gm11963,0,0,0,0,0,2
Xbp1,2184,1536,2415,2401,3234,3980
Ccdc117,116,85,140,180,215,238
Mrps24,557,413,617,672,749,766
Urgcp,139,72,149,202,235,224
Dbnl,883,624,1033,1359,1467,1395
Polm,66,42,69,89,120,42
Aebp1,2,2,4,3,15,2
Pold2,87,68,100,132,146,160
Gck,3,0,3,1,6,4
Ykt6,485,322,575,632,993,596
Camk2b,64,69,42,96,139,45
Nudcd3,443,256,467,411,785,529
A730071L15Rik,7,0,6,6,12,3
Npc1l1,0,1,0,0,0,0
Ddx56,137,110,176,260,286,253
Tmed4,402,254,440,495,617,567
Ogdh,413,294,387,482,612,460
Zmiz2,234,158,319,361,458,315
Ppia,11774,9543,13883,16258,19005,16805
H2afv,614,398,736,737,852,689
Purb,1684,1185,2070,2657,3011,2390
Gm11973,6,3,2,3,4,4
Myo1g,163,119,164,173,216,224
Ccm2,259,163,332,400,439,503
Nacad,7,4,4,10,26,3
Tbrg4,45,51,60,110,115,129
Ramp3,1,0,0,1,0,0
Adcy1,2,3,6,5,9,7
Igfbp3,1,2,3,1,10,1
Tns3,693,427,897,833,1203,791
Pkd1l1,2,1,0,0,1,0
Hus1,28,19,46,59,68,45
Sun3,1,0,0,0,0,0
Gm11992,0,0,3,1,3,0
Upp1,0,1,1,1,4,0
Abca13,2,1,4,1,8,1
Vwc2,1,0,0,1,2,0
Zpbp,4,5,6,3,4,11
4930415F15Rik,1,0,0,0,0,0
Gm11998,13,5,22,19,11,10
Ikzf1,1443,933,1619,1645,2273,1880
Gm12000,1,0,0,0,0,0
Fignl1,6,3,6,20,23,9
Ddc,4,6,5,11,20,5
Grb10,0,1,1,0,0,0
Cobl,6,0,6,3,6,1
Vstm2a,2,0,0,1,4,0
Sec61g,2596,1964,3180,1987,4080,3581
Egfr,0,2,0,0,0,3
Fbxo48,2,6,5,9,13,6
Plek,5220,6019,6655,5509,8584,7450
Cnrip1,214,121,185,219,334,207
Ppp3r1,453,320,490,528,624,554
Wdr92,61,42,76,96,101,100
Pno1,154,93,178,162,216,215
C1d,520,448,565,610,779,737
Etaa1,60,38,56,100,111,102
Etaa1os,2,1,3,3,3,4
Meis1,25,16,31,24,38,28
Gm16141,0,1,0,0,0,0
Spred2,73,60,72,108,164,72
Actr2,2069,1544,2312,2307,2761,2179
Gm12031,2,0,0,0,0,0
Rab1a,1498,1122,1602,1540,1971,2057
Cep68,270,180,267,302,405,300
Slc1a4,28,21,28,23,51,75
Sertad2,634,403,672,953,1190,918
Aftph,697,666,873,848,1003,1123
Lgalsl,31,18,30,24,40,29
Peli1,1642,1071,1889,1791,2399,2206
Vps54,192,145,207,271,352,280
Ugp2,358,300,411,454,533,543
Mdh1,1041,818,1285,1269,1563,1987
Wdpcp,33,22,41,45,46,33
Otx1,0,2,1,0,0,1
Ehbp1,40,27,35,41,68,40
Gm12050,0,2,1,0,0,0
Tmem17,18,19,21,34,45,28
Gm12057,0,0,0,1,0,0
Gm28048,10,8,13,21,15,19
B3gnt2,31,19,36,20,35,16
Commd1,426,362,578,554,629,605
Zrsr1,55,24,68,49,136,29
Cct4,1234,955,1582,1652,1716,1983
Fam161a,5,5,10,10,23,17
Xpo1,229,173,238,263,299,312
Usp34,391,300,467,506,617,447
Ahsa2,303,257,375,307,300,682
1700093K21Rik,0,0,1,0,0,0
0610010F05Rik,43,51,72,90,101,106
Pex13,383,239,448,451,484,383
Pus10,108,61,94,132,138,114
Rel,1865,1392,2180,2209,2633,1661
Papolg,68,44,75,92,95,59
Bcl11a,7,13,9,18,15,26
5730522E02Rik,1,0,0,1,0,0
Fancl,103,79,95,128,142,125
Vrk2,399,252,463,535,643,538
Gm6899,1,0,0,0,1,0
Gm6685,0,0,0,1,0,0
Ccdc85a,3,2,0,3,3,0
Efemp1,3,0,3,4,8,2
Pnpt1,79,69,93,132,168,112
Smek2,392,278,419,556,585,428
Cfap36,173,128,176,207,215,198
Ccdc88a,336,208,332,469,589,393
Prorsd1,277,197,391,407,564,426
Gm12089,1,1,3,4,2,3
Mtif2,172,129,233,243,283,219
Rps27a,15973,16098,21395,24225,22705,26641
Clhc1,1,1,1,2,3,1
Gm12088,0,0,1,1,0,0
Gm12092,0,0,0,0,1,0
Rtn4,2897,2010,3437,4285,4593,4289
Eml6,45,32,49,44,56,38
4931440F15Rik,5,10,6,7,8,3
Sptbn1,57,47,57,91,148,45
Acyp2,27,20,34,36,58,23
Psme4,229,135,253,296,376,255
Gpr75,0,1,0,0,4,0
Asb3,162,94,182,169,214,189
Erlec1,285,236,361,430,607,442
Chac2,53,36,51,54,74,72
Stc2,0,0,0,0,1,0
Bod1,160,89,179,220,276,207
D630024D03Rik,0,0,1,0,0,0
Cpeb4,364,240,416,444,494,292
Nsg2,5,6,6,4,22,4
Snrnp25,78,92,119,104,140,143
Rhbdf1,32,20,37,39,68,52
Nprl3,48,39,73,82,140,66
Mpg,119,80,141,213,192,226
Hba-a1,9,20,4282,21,124,14
Hbq1b,0,0,1,0,0,0
Hba-a2,8,14,3027,11,110,5
Sh3pxd2b,4,5,2,3,11,9
Ubtd2,12,9,13,19,24,15
Efcab9,1,0,1,4,0,1
Stk10,350,212,450,457,618,463
Fbxw11,239,174,302,342,481,315
Fgf18,0,0,1,1,0,0
Npm1,2886,2515,3696,4490,4422,3998
Ranbp17,0,0,0,1,1,0
Kcnip1,0,0,2,1,5,0
Kcnmb1,1,1,0,0,2,0
Lcp2,975,939,1120,1282,1525,1603
Dock2,853,621,1040,1143,1478,1175
4930403D09Rik,1,1,1,1,0,0
Fam196b,8,2,2,7,5,0
Spdl1,6,3,13,10,16,18
Slit3,1,1,0,1,1,0
Pank3,248,156,236,266,283,215
Fbll1,1,1,2,0,6,1
Rars,306,210,377,431,468,415
Wwc1,21,13,17,23,24,12
Tenm2,1,1,1,0,3,1
Mat2b,463,344,616,647,765,782
Hmmr,0,0,0,2,1,1
Nudcd2,171,152,223,267,306,248
Ccng1,188,155,249,193,262,288
Gabrg2,1,1,0,2,1,0
Gabra1,1,1,5,4,4,1
Gabrb2,0,1,0,0,0,0
Atp10b,2,0,1,1,0,0
Gm12146,2,2,5,0,1,1
Gm12148,0,1,1,0,0,1
Pttg1,756,545,1035,787,969,1015
Slu7,303,208,391,440,514,518
C1qtnf2,0,0,0,1,0,1
Ccnjl,2,0,3,1,2,0
4933415A04Rik,1,0,0,0,2,2
Fabp6,0,0,1,1,1,0
Pwwp2a,523,287,614,918,962,654
Ttc1,363,263,470,482,609,511
Il12b,0,1,0,0,2,0
Ublcp1,252,152,254,362,352,285
Rnf145,254,180,336,316,435,396
Ebf1,3,2,3,3,4,2
Clint1,610,496,749,920,1154,851
Lsm11,55,35,55,82,96,64
Thg1l,27,29,41,54,49,49
Sox30,6,3,2,5,4,5
Gm12166,126,101,118,151,213,145
Adam19,2,1,3,3,8,2
Nipal4,0,0,2,3,7,2
Cyfip2,7,4,7,17,26,7
Itk,1,1,3,0,0,0
Med7,857,617,1034,1117,1277,1178
2310031A07Rik,0,1,2,1,5,0
Havcr2,1174,773,1148,1108,1664,1234
Gm12171,0,1,0,0,0,0
Gm4926,0,0,0,0,1,0
Gnb2l1,6639,6285,8911,12343,10575,11162
Trim41,286,207,288,423,451,324
Gm12184,15,13,28,36,37,28
Trim7,17,6,20,12,31,12
Irgm1,181,136,239,250,283,555
Gm5431,13,8,18,36,26,54
Gm12185,4,10,8,12,8,17
Psme2b,121,104,153,191,294,345
9930111J21Rik1,28,24,44,62,47,37
Tgtp1,0,2,0,0,2,1
9930111J21Rik2,564,390,717,1188,1212,1030
Tgtp2,2,10,2,3,3,6
Ifi47,5,9,2,9,11,4
Zfp62,389,274,409,523,669,455
Mgat1,805,596,934,1046,1263,1351
Olfr1393,0,0,1,0,2,0
Flt4,0,1,0,0,0,0
Scgb3a1,0,0,1,0,0,0
Cnot6,269,166,274,273,382,292
Gfpt2,2,0,0,0,3,1
Mapk9,165,92,188,224,293,190
Rasgef1c,0,0,0,0,1,0
Rnf130,2766,2339,3355,3349,3682,3945
Tbc1d9b,315,245,363,436,526,520
Gm12195,5,7,10,24,26,7
3010026O09Rik,26,17,35,49,74,48
Sqstm1,1878,1428,2207,2020,3392,3079
Mgat4b,386,294,454,651,781,719
Ltc4s,4174,4037,5404,5145,6636,6548
Gm26542,85,46,85,95,115,44
Maml1,128,111,143,158,227,152
Canx,2198,1658,2474,2695,2710,3221
Cby3,1,1,3,2,2,0
Hnrnph1,1754,1187,2052,2007,2553,1499
Rufy1,198,134,203,233,271,282
Adamts2,2,0,2,3,7,0
Zfp354c,24,14,16,37,43,29
Zfp879,9,0,5,9,7,10
Zfp454,8,8,14,12,22,13
Zfp2,36,15,39,54,68,49
Zfp354b,4,2,11,9,16,15
Zfp354a,16,10,18,35,51,29
BC049762,1,0,0,2,1,2
Clk4,615,394,622,867,1002,656
Col23a1,2,1,8,7,5,2
Phykpl,82,64,85,139,186,99
Hnrnpab,1582,1070,1768,2121,2744,1916
Nhp2,333,326,463,615,627,559
Rmnd5b,196,139,208,268,300,315
N4bp3,35,36,58,33,39,47
D930048N14Rik,0,0,0,0,1,0
0610009B22Rik,278,193,328,380,418,371
Sec24a,204,174,221,290,351,284
Sar1b,877,647,1006,1014,1208,1076
Jade2,397,248,423,272,539,429
Cdkn2aipnl,157,125,167,176,267,234
Ube2b,1522,1212,1891,1730,2083,1926
Gm12204,5,1,3,1,7,3
Cdkl3,20,11,26,37,37,23
Ppp2ca,1693,1120,1973,2070,2415,2457
9430098F02Rik,3,2,1,1,3,0
Skp1a,488,347,586,522,730,837
Gm12207,0,0,0,1,1,0
Tcf7,2,0,1,1,1,0
Vdac1,784,575,876,1073,1176,1070
9530068E07Rik,592,421,726,823,848,830
Fstl4,0,0,1,0,1,0
Hspa4,718,583,870,1004,1066,957
Zcchc10,85,53,130,148,225,141
Aff4,594,390,690,741,1012,573
Uqcrq,1371,1194,1599,1395,2311,2086
Gdf9,38,17,42,44,59,31
Gm10447,0,0,1,1,1,0
Shroom1,10,7,18,15,28,26
Sowaha,4,1,3,6,12,4
Gm9945,0,0,0,3,4,1
Sept8,198,115,189,239,328,203
Kif3a,102,67,131,123,144,181
Rad50,216,166,272,402,448,364
Irf1,1270,786,1202,2304,2221,1947
Gm17334,1,1,1,4,6,2
Gm12216,25,13,21,42,38,34
Slc22a5,41,39,73,85,74,63
Slc22a21,21,13,13,25,36,14
Slc22a4,7,3,10,3,19,1
Pdlim4,1025,573,1101,1275,1537,1114
P4ha2,4,5,1,6,8,2
Acsl6,13,11,12,13,25,12
Fnip1,742,488,877,784,1046,721
Rapgef6,435,298,501,762,1014,633
Cdc42se2,373,298,526,591,675,522
Lyrm7,9,5,9,15,17,18
Hint1,1931,1665,2346,2644,2894,2662
Gpx3,0,2,3,2,4,2
Tnip1,73,61,121,129,173,135
Anxa6,209,148,243,255,324,447
Ccdc69,8,3,4,4,14,17
Gm2a,1204,1052,1450,1523,1455,1914
Slc36a3os,0,0,0,1,0,0
Slc36a2,34,8,26,26,18,11
Slc36a1,419,317,442,468,640,539
Sparc,20178,10804,25084,21746,25337,25314
Atox1,2376,1936,3090,2246,3951,3347
G3bp1,1143,915,1401,1618,1762,1576
Glra1,7,7,8,7,6,3
Gria1,3,2,3,2,10,4
Fam114a2,614,415,705,703,851,858
Mfap3,369,266,445,507,692,583
Galnt10,179,116,161,202,259,253
Sap30l,347,272,414,444,532,435
Larp1,566,468,688,729,952,721
Cnot8,662,408,711,858,1048,866
Gemin5,47,35,53,78,101,75
Mrpl22,216,123,230,309,343,315
Igtp,178,148,228,272,304,573
Irgm2,132,79,143,194,242,196
4930438A08Rik,2,2,0,0,1,1
Zfp692,41,35,58,56,66,66
Zfp672,100,79,117,140,179,138
Sh3bp5l,64,41,80,105,100,97
Fam183b,3,9,4,3,15,2
Gm12258,3,10,5,15,9,7
2810021J22Rik,19,9,32,33,32,18
Zfp39,18,5,16,33,31,28
Gm12257,0,1,0,0,0,0
Rnf187,696,549,932,1032,1152,1328
Hist3h2ba,25,13,24,31,36,14
Trim17,5,3,5,3,4,2
Hist3h2a,276,225,379,331,283,383
Trim11,213,119,254,334,359,335
Iba57,25,21,25,33,39,50
Gjc2,19,5,18,27,66,7
Guk1,250,267,347,446,534,391
Mrpl55,243,184,295,297,331,361
2310033P09Rik,502,363,534,648,761,618
Arf1,3131,2268,3702,3720,4657,4786
Wnt9a,0,1,0,0,2,1
Snap47,163,89,219,176,238,205
Jmjd4,8,8,14,13,34,36
Zfp867,21,12,18,34,54,24
Zkscan17,86,56,99,153,164,134
Nlrp3,2246,2620,2618,1896,2035,3309
Olfr222,0,0,0,1,0,0
Mprip,222,147,268,258,310,302
Gm12264,0,0,1,0,1,0
Pld6,0,2,0,1,2,0
Flcn,433,244,464,551,657,615
Gm16062,32,14,28,20,43,37
Cops3,306,196,337,353,517,402
Nt5m,168,141,228,272,280,274
Gm12714,0,0,0,0,1,0
Med9os,8,2,0,4,5,1
Med9,138,100,209,201,240,231
Rasd1,0,1,0,1,4,1
Pemt,6,5,3,13,16,11
Rai1,117,92,169,146,226,166
4930412M03Rik,1,4,1,4,5,2
Srebf1,103,80,103,160,199,185
Tom1l2,54,33,52,66,108,58
Lrrc48,3,2,5,2,6,0
Atpaf2,91,60,113,151,160,137
Gid4,119,98,101,164,191,128
Drg2,162,103,186,181,247,206
Myo15,2,1,2,2,2,1
Alkbh5,810,568,936,824,955,866
Gm26837,0,0,0,1,0,0
Llgl1,74,57,80,92,146,92
Flii,380,262,461,454,556,639
Mief2,46,35,88,107,110,108
Top3a,48,28,68,91,99,66
Smcr8,101,69,140,159,174,138
Shmt1,22,18,27,38,48,33
Dhrs7b,486,317,537,582,604,563
Tmem11,327,257,419,521,643,539
Gm26534,7,2,2,7,5,4
Natd1,87,48,133,142,168,139
Map2k3os,62,64,39,135,113,68
Map2k3,644,533,674,892,865,942
Kcnj12,44,14,56,39,66,42
Tnfrsf13b,620,492,622,1001,843,914
Usp22,592,426,642,710,962,556
Aldh3a1,1,0,0,0,0,0
Aldh3a2,174,125,195,208,248,191
Slc47a1,0,2,0,1,2,0
Rnf112,2,1,8,3,12,0
Mapk7,97,62,87,157,193,149
B9d1os,0,0,1,2,0,0
B9d1,4,8,8,9,24,9
Epn2,155,83,164,175,311,99
Grap,961,600,1120,1136,1556,1061
Slc5a10,60,27,49,43,86,19
Fam83g,5,3,7,6,20,9
Prpsap2,601,444,661,570,715,624
Ulk2,657,539,805,785,984,801
A530017D24Rik,33,31,32,41,57,35
Gm26964,5,4,5,4,7,2
Akap10,111,98,123,165,211,146
Specc1,531,400,693,806,953,838
Adora2b,0,1,1,0,4,2
Zswim7,91,72,103,102,134,91
Ttc19,218,150,270,328,372,285
Ncor1,937,700,1099,1255,1589,1463
Pigl,11,12,17,20,24,26
Gm12278,0,0,0,0,1,1
Cenpv,144,147,193,196,265,189
Gm12279,3,1,5,4,3,5
Ubb,23501,17282,29079,27099,30890,33349
Gm12280,0,1,0,0,0,2
Trpv2,407,249,424,485,526,620
Lrrc75a,97,67,108,127,170,129
Lrrc75aos2,10,2,10,12,8,0
Lrrc75aos1,1,0,0,0,0,0
Mmgt2,199,147,215,204,321,243
Zfp287,14,11,19,21,36,9
Gm27194,0,0,0,0,0,1
Zfp286,28,11,27,38,47,21
Trim16,9,6,8,9,23,15
Fbxw10,34,14,26,27,52,25
Tvp23b,540,359,651,616,611,613
Tvp23bos,0,0,0,1,0,0
Cdrt4,0,0,1,0,0,0
Tekt3,2,1,5,1,5,1
Pmp22,3578,2800,3834,4064,5215,4195
B430319H21Rik,0,1,1,1,0,0
Hs3st3b1,45,53,51,52,74,87
Cox10,75,58,86,101,137,143
Gm12289,0,0,0,2,0,0
2810001G20Rik,22,21,22,32,40,25
F930015N05Rik,1,0,0,0,0,0
Hs3st3a1,2,1,0,7,0,2
Elac2,56,56,71,106,102,119
Arhgap44,0,1,0,1,4,4
Map2k4,148,96,163,178,210,153
Zkscan6,64,55,89,137,130,128
Dnah9,0,1,0,3,8,1
Shisa6,2,0,0,0,4,0
Tmem220,24,28,23,39,43,35
Adprm,142,85,160,212,241,179
Sco1,26,15,28,47,59,33
Gm12300,0,0,0,1,0,0
Myh4,1,0,0,0,0,0
Myh8,0,0,0,0,1,0
Myh13,0,0,1,0,0,0
Gas7,8,7,18,6,31,11
Usp43,0,1,1,0,0,0
Cfap52,1,3,1,1,1,0
Stx8,369,310,431,429,538,447
C78197,0,0,1,3,2,0
Ntn1,0,3,4,5,4,1
Pik3r5,401,275,430,526,608,494
Pik3r6,186,115,204,258,302,315
Mfsd6l,1,1,0,1,0,1
Myh10,42,25,38,55,90,28
Ndel1,967,802,1112,1312,1284,1314
Rnf222,0,0,1,0,0,1
Rpl26,14150,13355,19026,18681,19046,17392
Arhgef15,0,0,1,0,6,2
Slc25a35,24,15,33,28,49,47
Rangrf,43,27,54,58,68,63
Pfas,72,51,85,71,92,91
Ctc1,1387,913,1597,1399,1855,2197
Aurkb,2,0,1,8,10,9
9330160F10Rik,64,43,78,107,83,119
Borcs6,624,465,734,843,834,764
Tmem107,14,26,21,19,34,22
Vamp2,367,267,463,492,837,557
Per1,798,460,786,818,1647,791
9130213A22Rik,2,1,3,2,9,3
Hes7,33,16,28,28,52,18
Aloxe3,4,3,4,8,6,6
Alox8,0,0,0,0,1,0
Gucy2e,1,0,1,0,0,0
Cntrob,34,26,25,58,56,33
Trappc1,494,431,600,611,734,767
Kcnab3,2,3,8,7,7,11
Kcnab3os,0,1,0,1,0,1
Chd3os,49,46,62,99,83,49
Chd3,120,86,127,182,269,175
Gm17305,1,0,0,0,2,0
Cyb5d1,13,3,13,18,23,9
Naa38,426,366,487,450,740,792
Tmem88,258,181,286,362,387,438
Kdm6b,3385,2484,3505,2771,3523,3857
Kdm6bos,80,66,59,77,116,26
Dnah2,1,3,1,3,2,0
Efnb3,25,15,29,55,118,20
Wrap53,42,34,57,68,91,70
Trp53,869,444,915,1187,1194,1198
Atp1b2,24,29,25,34,97,30
Sat2,33,19,38,50,59,41
Fxr2,253,163,361,334,417,454
Sox15,9,4,5,12,12,7
Mpdu1,418,285,417,644,728,615
Cd68,4510,3097,5476,5469,6633,7212
Eif4a1,5112,3863,6031,6921,7332,9184
Senp3,212,129,230,212,343,285
Tnfsf13os,5,2,3,3,4,8
Tnfsfm13,8,15,23,20,28,39
Tnfsf13,0,0,0,1,1,1
Tnfsf12,470,397,521,570,542,1177
Polr2a,666,454,716,746,1022,800
Slc35g3,1,2,0,0,0,0
Zbtb4,552,341,594,669,802,616
Chrnb1,8,1,4,5,4,6
Fgf11,37,16,47,40,74,47
Spem1,0,0,1,1,0,0
Nlgn2,23,11,23,28,68,14
Tmem256,913,745,977,871,1574,1380
Plscr3,295,146,315,405,450,386
Tnk1,1,1,2,3,5,3
Tmem95,0,1,0,2,1,1
Kctd11,68,38,83,91,95,102
Acap1,0,0,0,0,1,0
2810408A11Rik,0,0,4,10,4,1
Neurl4,101,56,127,106,201,104
Gps2,584,398,687,591,998,914
Eif5a,2663,2102,3094,3783,4211,4534
Ybx2,1,0,0,0,1,0
Slc2a4,0,1,0,0,1,0
Cldn7,0,1,1,2,1,0
Elp5,247,196,302,306,375,391
Ctdnep1,514,377,596,594,775,965
Gabarap,4443,3417,5441,5226,6023,6613
Phf23,569,419,622,728,993,903
Dvl2,114,52,121,147,192,138
Acadvl,292,205,352,406,440,388
Dlg4,49,35,60,73,82,71
Asgr1,0,0,1,1,0,0
Asgr2,2,10,8,13,6,51
Mgl2,0,1,3,1,0,2
Clec10a,0,1,1,0,3,1
Slc16a11,1,1,0,2,4,0
Slc16a13,41,29,48,43,71,60
Bcl6b,4,1,1,4,4,0
0610010K14Rik,783,555,875,911,943,1133
Gm21988,187,110,196,177,201,264
Rnasek,88,36,65,35,58,52
Alox12,2,1,1,5,2,1
Alox12e,0,0,1,1,0,0
Alox15,0,4,0,1,0,3
Pelp1,214,145,238,226,294,356
Arrb2,1635,1210,1766,1835,2674,2581
Med11,321,237,367,329,396,382
Cxcl16,821,615,1058,834,996,908
Zmynd15,26,25,26,28,45,40
Vmo1,0,1,1,0,0,0
Psmb6,1176,885,1526,1474,1873,1769
Pld2,79,53,76,113,163,151
Mink1,158,133,181,183,328,208
Gm12316,1,0,0,1,0,0
Chrne,0,0,0,0,1,0
Gp1ba,0,0,1,0,0,0
Slc25a11,892,653,1143,1258,1368,1241
Rnf167,736,410,882,863,1366,1264
Pfn1,8132,6303,9986,10730,11029,15514
Gm12319,1,1,1,3,2,0
Eno3,161,105,221,193,153,202
Spag7,577,426,649,682,812,774
Camta2,324,254,379,343,424,479
Inca1,4,8,5,4,5,7
Kif1c,82,51,81,78,129,145
Zfp3,15,15,30,24,44,27
Scimp,28,33,42,68,58,89
Rabep1,278,161,303,337,471,411
Nup88,606,353,569,397,544,482
Rpain,344,317,397,425,501,552
C1qbp,557,488,719,817,1015,1115
Dhx33,89,60,100,114,172,122
Derl2,676,539,756,777,880,1133
Mis12,112,82,150,206,245,193
6330403K07Rik,7,9,10,13,30,10
Nlrp1a,20,7,20,43,37,14
Nlrp1b,61,30,54,66,79,38
Gm12326,3,2,1,8,12,0
Wscd1,73,35,101,138,183,93
Aipl1,1,0,0,0,0,0
Pitpnm3,0,1,1,2,1,0
4933427D14Rik,19,19,24,43,45,22
Gm43951,0,0,0,1,1,0
Txndc17,929,773,1142,1275,1431,1328
Med31,368,260,466,446,590,468
Slc13a5,1,0,5,4,2,3
Xaf1,139,122,154,235,249,690
Tekt1,3,1,1,1,5,1
Smtnl2,0,1,1,2,3,1
Mybbp1a,235,175,294,309,443,463
Spns2,136,106,157,265,378,193
Spns3,81,56,108,125,120,96
Ube2g1,283,189,392,438,505,369
Ankfy1,368,257,396,494,604,472
Cyb5d2,87,43,76,107,103,96
Zzef1,198,130,229,245,289,225
Atp2a3,14,9,11,13,36,12
P2rx1,31,10,35,43,61,21
4732414G09Rik,1,0,0,1,3,1
Camkk1,40,42,45,93,112,79
Ncbp3,396,226,374,458,599,378
Itgae,9,6,17,25,18,17
Gsg2,20,12,28,32,41,39
P2rx5,0,0,0,2,0,0
Emc6,542,530,699,836,945,834
Tax1bp3,485,291,507,661,784,629
Ctns,206,108,208,247,359,263
Shpk,13,6,12,18,30,15
Trpv3,0,0,0,0,2,0
Aspa,25,19,39,57,92,12
Rap1gap2,82,67,82,115,132,89
E130309D14Rik,1,0,0,2,1,1
Cluh,91,64,94,128,164,106
Pafah1b1,1656,1236,1913,1835,2691,1896
Mettl16,174,98,191,239,289,205
Mnt,323,204,350,470,552,301
Sgsm2,72,50,69,53,127,48
Tsr1,74,62,63,118,117,115
Srr,28,20,36,19,41,34
Smg6,184,111,227,275,308,218
Gm28180,0,0,1,0,0,0
Gm12333,0,0,1,0,0,0
Hic1,2,2,4,2,5,2
Ovca2,25,17,24,23,32,42
Dph1,2,0,0,2,2,2
Rtn4rl1,580,371,684,1068,1154,1118
Rpa1,105,62,114,144,169,131
Smyd4,62,49,77,95,121,105
Serpinf1,523,281,615,637,721,702
Serpinf2,7,6,12,19,29,10
Wdr81,250,183,273,313,414,315
Tlcd2,55,31,43,99,124,65
Prpf8,358,279,419,390,557,443
Rilp,16,9,13,14,20,16
Scarf1,1,3,4,1,3,2
Slc43a2,431,261,506,307,524,548
Pitpna,1031,859,1300,1345,1487,1973
Inpp5k,259,202,277,389,434,367
Myo1c,235,198,299,282,472,334
Crk,721,499,800,862,1166,809
Ywhae,3103,2176,3709,3537,4088,4210
Gm26836,5,5,15,11,25,0
Doc2b,0,0,1,0,0,1
1700016K19Rik,1,3,1,1,6,0
Fam101b,1,7,3,2,7,2
Vps53,175,146,219,238,253,233
Glod4,342,272,402,427,537,362
Fam57a,3,9,4,8,9,7
Gemin4,1,1,2,1,3,0
Dbil5,2,0,0,1,1,1
Rnmtl1,37,32,51,89,93,59
Nxn,8,8,10,11,11,5
Timm22,195,120,253,269,407,274
Abr,274,205,344,319,447,385
Gm26780,1,2,2,2,2,1
Gosr1,149,95,148,183,212,151
Cpd,126,131,165,260,339,165
Tmigd1,0,0,0,1,0,0
Blmh,294,220,321,386,468,401
Nsrp1,348,261,402,483,716,446
Efcab5,0,0,0,2,0,0
Ssh2,2890,2430,3341,2750,4219,3902
Coro6,4,9,6,11,12,17
Ankrd13b,21,10,22,22,46,29
2210008F06Rik,0,1,0,0,2,0
Git1,155,118,172,194,306,210
Trp53i13,281,176,317,296,408,284
Abhd15,178,120,235,170,297,381
Gm10392,14,10,13,11,12,3
Taok1,581,429,730,817,932,646
Nufip2,945,668,1020,1844,1744,1306
Cryba1,5,1,5,9,8,2
Myo18a,274,165,320,308,455,288
Gm10277,0,0,0,2,1,0
Pipox,0,1,0,1,5,1
Sez6,2,1,4,3,12,2
Phf12,243,171,270,347,466,255
Dhrs13os,6,8,4,3,4,1
Dhrs13,5,4,5,8,8,5
Flot2,72,41,75,64,122,99
Eral1,83,53,62,84,114,92
Fam222b,103,58,82,121,145,148
Traf4,17,17,22,19,32,34
Nek8,8,4,13,10,13,12
Tlcd1,12,14,13,20,22,22
Rpl23a,5212,4719,6563,7152,9127,6648
Rab34,159,125,173,252,263,213
Proca1,2,2,0,0,1,4
Supt6,252,203,316,324,412,301
Sdf2,572,478,706,674,816,810
2610507B11Rik,219,209,294,341,402,326
BC030499,9,8,11,27,13,22
Spag5,0,2,1,2,1,2
Aldoc,167,184,151,210,375,197
Pigs,154,124,187,213,253,333
Unc119,6,6,10,7,17,7
Slc13a2,2,3,2,1,1,0
Slc46a1,400,243,408,612,726,872
Sarm1,5,4,10,10,6,9
Vtn,5,0,7,14,47,3
Sebox,0,0,0,0,2,0
Tmem199,226,149,223,315,305,345
Poldip2,217,161,277,373,373,430
Tnfaip1,413,284,472,540,779,525
Ift20,562,413,714,661,893,768
Tmem97,63,48,89,117,158,135
Nlk,175,130,213,218,271,205
Fam58b,149,93,204,347,329,284
Lyrm9,76,74,90,81,155,120
Nos2,0,3,0,1,0,0
Lgals9,994,605,1072,1032,1484,1883
Ksr1,66,36,70,81,117,82
Gm11201,0,0,0,0,1,0
Wsb1,2711,1723,3046,4101,4051,2970
RP23-465D7.3,0,0,0,0,1,0
Gm9964,0,0,0,0,1,0
Nf1,331,198,362,440,583,350
AU040972,1,1,1,1,1,0
Omg,13,12,16,23,52,14
Gm21975,110,94,136,211,212,167
Evi2b,1,0,1,0,2,0
Evi2a,2535,2037,3016,4131,4249,3893
Rab11fip4,10,11,9,17,17,12
Rab11fip4os1,0,2,1,2,3,2
Gm11205,1,0,1,0,0,0
Utp6,147,98,148,157,196,177
Suz12,314,207,379,373,423,333
Gm26563,6,4,8,8,8,5
Crlf3,1533,1017,1769,1614,2351,1923
Atad5,19,5,10,24,40,33
Tefm,61,34,80,109,117,151
Adap2,1429,822,1544,1587,2171,1794
Adap2os,497,354,690,674,1212,882
Rnf135,135,83,171,271,250,238
Rhot1,299,195,327,371,427,448
Rhbdl3,4,2,2,2,3,0
5730455P16Rik,94,39,122,126,153,100
Zfp207,537,399,677,623,807,947
Psmd11,663,493,829,783,1163,948
Cdk5r1,301,337,368,613,526,464
Myo1d,4,3,13,13,22,5
Tmem98,10,4,15,14,26,6
Asic2,2,0,1,6,2,2
Ccl2,1790,2492,2982,2581,3571,6546
Ccl7,19,192,98,46,54,154
Ccl12,1784,4926,2356,2882,3391,6398
Ccl8,1,0,2,4,3,0
Ccl1,0,0,2,0,0,0
Tmem132e,0,0,0,1,2,1
Cct6b,3,3,4,6,5,1
Zfp830,204,133,206,346,382,312
Gm11423,24,18,19,39,61,48
Lig3,134,87,139,124,184,102
Rffl,343,222,385,435,597,313
Rad51d,78,57,107,116,120,106
Nle1,53,44,52,83,134,91
Unc45b,1,0,0,1,3,1
Slfn5,8,14,7,45,28,142
Slfn9,10,7,9,10,13,7
Slfn8,212,169,282,280,402,550
Slfn2,596,1046,701,1048,606,3439
Slfn1,0,5,0,0,0,0
Slfn4,0,4,0,0,0,0
Slfn3,1,0,1,2,0,2
AI662270,27,48,71,98,85,123
Pex12,78,55,84,113,145,129
Ap2b1,503,319,546,506,872,571
Rasl10b,3,4,2,4,10,3
1700020L24Rik,1,0,1,2,2,0
Mmp28,21,5,39,20,20,12
Taf15,529,381,658,641,923,597
Ccl5,71,32,75,41,50,43
Ccl9,1173,771,1812,925,1200,1045
Ccl6,826,557,1423,783,1017,1232
Rpl9-ps1,4,4,3,5,10,8
Ccl3,16957,24840,24557,20310,32865,28464
Ccl4,37738,44350,50009,39746,64675,43212
Wfdc17,56,185,70,141,148,239
Wfdc18,0,2,0,5,4,0
Wfdc21,0,8,0,0,0,3
Heatr6,200,145,213,293,319,327
Ddx52,208,147,251,306,409,377
Synrg,349,231,364,363,534,428
Dusp14,2,3,5,3,3,0
Tada2a,53,27,71,88,99,86
Acaca,35,29,40,53,70,43
Aatf,203,141,217,265,314,307
Lhx1,0,2,3,3,3,6
Lhx1os,1,0,0,2,1,0
Mrm1,50,37,65,119,129,88
Dhrs11,59,32,57,72,87,94
Ggnbp2,733,506,880,1038,1172,1107
Pigw,19,13,23,37,30,29
Myo19,12,8,18,23,26,22
Znhit3,116,103,161,172,231,194
Car4,1,1,0,2,16,1
Usp32,146,89,144,143,209,110
Appbp2,409,264,467,478,532,412
Appbp2os,3,2,2,1,4,7
Ppm1d,132,80,171,189,194,187
Bcas3,93,70,90,113,141,104
Bcas3os1,4,7,8,9,8,1
Tbx2,1,1,2,1,5,2
Gm11444,1,1,1,2,2,0
Brip1,0,1,2,6,7,4
Brip1os,179,138,216,208,299,271
Ints2,59,68,91,100,150,82
Med13,441,313,472,530,592,386
Rnft1,246,210,274,244,311,398
Rps6kb1,269,242,349,460,566,429
Tubd1,38,22,42,42,46,69
Vmp1,1217,1321,1533,1560,1818,1532
Ptrh2,125,94,164,199,221,228
Cltc,2146,1522,2439,2794,3447,2576
Dhx40,193,198,236,185,277,278
Ypel2,80,43,87,151,173,94
Gdpd1,77,50,92,75,102,97
Smg8,58,49,60,94,123,91
Prr11,0,0,1,1,5,1
Ska2,24,7,16,34,43,25
Gm11491,5,1,3,3,7,2
Trim37,30,25,50,58,59,45
Ppm1e,27,10,18,37,29,20
Rad51c,8,4,6,7,13,10
Tex14,2,1,4,7,8,4
Sept4,105,71,150,196,455,61
Mtmr4,124,83,152,152,192,238
Hsf5,3,1,2,3,2,6
Rnf43,1,0,3,5,6,2
Supt4a,924,738,1191,1125,1326,1281
Mir142hg,171,122,247,195,467,354
Bzrap1,16,5,6,20,25,5
Mpo,0,0,0,0,0,2
Lpo,1,0,0,1,2,0
Mks1,59,45,52,86,93,76
Dynll2,850,519,1116,1117,1153,1100
2010015M23Rik,1,2,3,4,8,3
Srsf1,330,285,489,434,540,548
Gm15892,3,7,5,3,3,5
Vezf1,359,238,415,481,645,453
Cuedc1,5,3,2,10,24,5
Mrps23,215,147,285,349,357,402
Msi2,245,156,267,258,397,174
C030037D09Rik,6,10,7,18,21,11
Akap1,51,31,61,75,129,37
Scpep1os,0,1,1,1,0,0
Scpep1,490,384,512,616,878,629
Coil,44,30,60,78,80,74
Gm11496,0,0,0,0,1,0
Trim25,131,128,131,210,209,289
Dgke,13,12,13,20,26,16
Nog,0,0,2,2,0,0
Ankfn1,0,1,0,0,1,0
Pctp,60,62,73,78,108,98
Tmem100,349,233,440,452,512,561
Mmd,166,173,230,251,281,375
Hlf,160,86,216,193,308,75
Stxbp4,30,16,20,34,53,42
Cox11,60,41,83,101,114,96
Tom1l1,138,79,130,163,253,156
Car10,1,0,2,0,1,2
Utp18,202,149,218,287,280,309
Mbtd1,359,221,377,432,493,421
Nme2,270,318,362,439,488,637
Nme1,699,625,887,990,1176,1122
Spag9,951,776,1203,1172,1471,1174
Tob1,215,104,198,265,284,261
Wfikkn2,5,0,0,2,12,1
Luc7l3,552,328,597,696,937,797
Ankrd40,346,227,416,441,611,446
Abcc3,487,344,572,545,632,655
Cacna1g,1,0,0,1,3,0
Epn3,6,0,5,1,1,1
Mycbpap,3,6,10,3,7,0
Rsad1,30,20,42,74,82,41
Acsf2,89,42,66,103,139,81
Chad,5,4,8,5,7,5
Lrrc59,409,248,424,567,672,696
Eme1,0,0,1,1,1,2
Mrpl27,212,147,246,267,328,276
Xylt2,49,27,45,73,95,78
Cdc34b,0,1,0,0,0,0
Col1a1,0,2,1,0,2,0
Sgca,0,0,0,1,0,0
Ppp1r9b,433,299,496,504,662,581
Samd14,5,3,2,11,9,6
Pdk2,55,43,71,58,106,120
Itga3,2,0,0,0,7,0
Dlx3,0,0,0,0,1,0
Dlx4,0,2,2,0,2,1
Gm11515,2,0,0,0,0,0
Kat7,234,174,267,344,375,319
Gm11520,0,2,2,0,0,0
Fam117a,70,46,69,99,115,93
Slc35b1,369,311,462,468,587,820
Spop,562,410,679,735,793,719
Nxph3,0,2,0,0,1,1
Ngfr,0,0,0,0,3,0
Phb,513,432,614,703,713,671
Gm26830,0,2,0,1,4,2
Gm9796,51,28,58,69,88,44
Zfp652os,56,38,72,59,88,58
Zfp652,724,434,877,856,1303,603
B130006D01Rik,56,29,44,37,87,64
Phospho1,0,0,0,0,1,0
Abi3,2309,1615,2831,3370,4497,4772
Gngt2,2464,1959,2645,2883,3341,3113
B4galnt2,0,0,0,0,0,1
Snf8,505,399,639,616,727,616
Ube2z,294,182,372,398,509,485
Atp5g1,1202,1023,1494,1550,1996,1856
Calcoco2,0,1,0,0,0,0
Ttll6,0,0,0,0,3,0
Hoxb5os,0,0,0,1,0,0
Hoxb4,18,10,26,40,40,28
Hoxb3,0,0,2,2,5,1
Hoxb3os,0,0,0,1,0,0
Skap1,0,1,1,0,2,0
Snx11,115,73,96,171,180,173
Cbx1,607,399,671,748,962,737
Nfe2l1,191,187,273,230,448,278
Copz2,121,90,123,115,169,124
Cdk5rap3,377,231,419,521,636,572
Gm11525,0,2,1,4,2,3
Prr15l,0,0,0,1,0,0
Pnpo,193,162,243,336,350,339
Sp2,129,77,144,135,157,169
Sp6,1,0,0,0,2,1
Scrn2,36,37,59,66,71,56
Lrrc46,1,4,0,1,2,3
Mrpl10,151,118,187,193,227,266
Osbpl7,60,31,52,92,117,87
Tbx21,1,0,0,0,1,0
Tbkbp1,127,78,131,152,176,209
Kpnb1,592,407,629,800,1030,786
Gm11583,0,0,1,0,2,0
Npepps,423,290,524,546,708,679
Gm11592,0,0,1,1,0,0
Mrpl45,126,93,160,165,250,246
Gpr179,0,0,0,0,1,0
Socs7,168,135,197,256,266,223
Arhgap23,32,24,30,63,153,21
Srcin1,17,21,28,54,136,19
E130012A19Rik,116,72,104,200,159,169
Mllt6,157,82,168,141,208,132
Cisd3,66,47,76,65,101,114
Pcgf2,4,7,14,8,41,20
Psmb3,990,822,1268,1238,1509,1687
Pip4k2b,133,108,173,192,262,218
Cwc25,244,152,308,316,434,294
1700001P01Rik,0,0,0,0,2,0
Rpl23,16877,16515,22385,23265,23257,25108
Lasp1,803,523,876,994,1173,1010
B230217C12Rik,26,22,34,61,54,54
Fbxo47,2,3,3,3,6,2
Plxdc1,318,198,376,465,457,441
Arl5c,405,490,658,656,500,660
Cacnb1,11,8,13,20,25,7
Rpl19,12523,12399,17258,20109,17908,18297
Stac2,0,0,1,3,2,1
Fbxl20,313,236,358,378,554,400
Med1,394,280,386,454,614,471
Cdk12,445,283,495,659,700,516
Neurod2,3,1,2,5,1,2
Ppp1r1b,2,8,11,3,10,7
Stard3,1185,754,1618,1697,1874,1886
Tcap,5,3,16,42,100,7
Pgap3,14,12,17,18,36,33
Erbb2,0,0,1,0,1,0
Mien1,505,432,564,615,711,725
Grb7,0,0,1,1,0,0
Ormdl3,233,136,277,311,369,327
Gm12355,29,13,32,32,40,32
Psmd3,434,355,624,725,825,829
Med24,59,43,58,80,128,111
Thra,83,93,124,195,299,165
Nr1d1,28,51,54,351,548,40
Msl1,638,385,708,884,1208,855
Gm12359,12,3,8,21,16,7
Casc3,285,209,354,319,517,343
Rapgefl1,7,2,3,13,14,4
Wipf2,225,168,269,248,390,288
Cdc6,0,2,0,1,4,4
Rara,0,2,0,1,5,0
Top2a,2,1,1,1,8,5
Igfbp4,165,54,189,193,168,145
Tns4,20,12,25,35,41,18
Ccr7,0,0,1,0,4,0
Smarce1,444,363,625,591,693,624
Krt222,0,0,1,1,3,0
Krt28,1,0,0,1,0,0
Krt10,18,20,29,30,39,34
Gm11940,1,2,0,0,0,2
A830036E02Rik,0,0,1,0,1,0
Krt23,0,0,1,0,0,0
Gm11571,0,0,0,1,0,0
Krt15,0,0,0,2,0,0
Krt19,1,0,0,0,0,0
Eif1,15439,11547,18082,17825,20648,19093
Hap1,10,9,11,17,41,12
Jup,468,260,533,637,741,422
P3h4,40,20,37,41,65,23
Fkbp10,0,1,2,0,5,2
Nt5c3b,74,66,95,111,140,110
Klhl10,1,0,0,3,0,3
Klhl11,32,24,37,47,51,24
Acly,493,415,544,639,723,841
Ttc25,25,20,35,57,54,39
Cnp,635,370,767,912,1384,880
Dnajc7,1003,691,1196,1165,1497,1329
Nkiras2,153,95,169,300,333,309
Zfp385c,11,4,9,24,11,13
Dhx58,62,51,67,130,119,311
Kat2a,130,68,124,160,214,254
Hspb9,1,1,1,2,2,2
Rab5c,1289,899,1512,1498,1857,1778
Kcnh4,1,4,7,5,6,0
Hcrt,0,0,1,1,1,0
Ghdc,130,81,146,172,200,212
Stat5b,146,103,199,215,288,198
Stat5a,78,59,97,149,141,101
Stat3,1409,1227,1540,1982,2337,2111
Ptrf,5,3,3,7,11,7
Atp6v0a1,538,422,626,597,870,777
Naglu,555,336,696,1037,1026,1202
Hsd17b1,18,8,12,10,5,9
Coasy,197,144,285,355,385,386
Mlx,220,164,237,237,346,301
Psmc3ip,32,37,42,30,59,50
Fam134c,223,136,253,289,371,320
Tubg1,116,75,148,160,210,204
Tubg2,0,0,4,1,6,2
Plekhh3,54,30,64,96,93,83
Cntnap1,3,4,3,5,8,1
Ccr10,2,2,3,0,2,2
Ezh1,187,106,224,174,286,269
Ramp2,25,11,24,24,52,27
Vps25,53,36,54,64,71,92
Wnk4,0,0,0,0,1,0
Coa3,595,467,779,840,962,942
Cntd1,5,2,9,10,12,6
Becn1,356,288,436,459,565,562
Psme3,191,132,215,221,292,335
Aoc2,10,4,20,11,13,17
Aoc3,0,0,0,3,1,0
Gm27029,6,7,7,21,13,19
Aarsd1,17,10,19,15,23,9
Ptges3l,5,6,8,14,13,13
Rundc1,46,35,65,86,71,72
Rpl27,6134,5091,7709,5531,9549,8423
Ifi35,383,313,422,518,597,904
Vat1,80,47,79,113,131,100
Rnd2,14,18,13,41,69,37
Brca1,4,3,5,3,2,6
Nbr1,373,219,415,416,567,440
Tmem106a,150,149,130,202,196,385
Rdm1,186,144,223,215,204,184
Arl4d,185,95,178,437,379,321
Dhx8,109,78,163,168,243,200
Etv4,7,3,6,11,27,2
Meox1,13,22,30,33,27,48
Sost,0,1,0,0,1,0
Dusp3,713,483,759,780,1170,966
Gm20659,4,1,1,3,2,1
Mpp3,1,0,2,2,4,1
Cd300lg,0,0,0,0,0,2
Mpp2,4,6,8,10,43,2
Tmem101,201,131,211,216,266,248
Lsm12,504,326,556,651,772,661
G6pc3,348,248,380,374,484,612
Hdac5,244,168,248,323,409,363
Asb16,0,0,0,0,1,1
Tmub2,316,209,357,451,500,461
Atxn7l3,193,106,220,265,318,213
Ubtf,448,328,577,625,631,705
Slc4a1,0,0,2,0,0,0
Rundc3a,21,14,21,35,58,22
Slc25a39,371,251,456,494,679,641
Grn,7041,5776,8629,10008,11062,16027
Fam171a2,8,3,8,11,13,6
Itga2b,3,3,3,4,2,3
Gpatch8,407,294,491,492,750,506
Gm11627,1,1,2,3,1,2
Fzd2,4,4,1,3,11,6
2810433D01Rik,0,0,0,0,1,0
Ccdc43,90,78,122,112,140,98
Adam11,3,4,8,11,14,3
Gjc1,0,0,1,3,3,0
Higd1b,0,0,0,1,3,0
Eftud2,136,98,158,184,228,260
Gm26668,5,4,5,6,6,2
Ccdc103,0,0,2,0,2,1
Gfap,15,8,12,37,26,24
C1ql1,9,9,14,12,24,8
Dcakd,243,200,327,394,486,379
Nmt1,1685,1238,2145,2429,4363,2549
Plcd3,20,14,0,6,21,1
Acbd4,39,32,34,71,97,59
Hexim1,462,270,461,539,610,529
Hexim2,28,6,21,41,36,26
Fmnl1,835,558,997,933,1272,1438
1700023F06Rik,1,0,2,0,1,1
Spata32,0,0,0,0,2,0
Map3k14,317,235,377,508,572,479
Arhgap27,393,253,477,654,779,496
Arhgap27os3,12,8,19,22,32,27
Arhgap27os2,4,6,7,12,8,6
Arhgap27os1,26,16,33,30,49,28
Plekhm1,79,43,82,75,136,69
Rprml,0,2,2,2,9,0
Gosr2,285,207,339,336,404,422
Wnt3,1,0,2,2,2,0
Nsf,250,225,320,305,380,373
Arf2,688,497,738,727,921,1174
Crhr1,0,0,0,0,1,0
Mapt,34,25,50,60,82,28
Kansl1,830,560,918,966,1425,1063
Cdc27,91,86,115,136,168,106
Myl4,1,0,3,5,6,4
Gm11665,0,0,0,1,0,1
Itgb3,100,70,110,199,265,112
Gm11639,1,0,0,0,0,0
Mettl2,69,32,65,90,89,79
1700052K11Rik,36,26,42,86,59,44
Tlk2,140,112,206,188,284,184
Mrc2,107,163,149,122,233,79
March10,0,0,1,0,1,0
Tanc2,1995,1216,2381,2633,3439,2237
Cyb561,2,8,2,1,8,0
Ace,2,2,4,0,3,0
Kcnh6,0,1,0,1,2,0
Dcaf7,238,196,303,287,427,302
Gm11646,0,1,0,1,1,0
Taco1os,20,14,25,14,37,16
Taco1,16,15,21,37,44,35
Map3k3,252,161,309,266,386,423
Gm11672,0,3,2,3,3,0
Limd2,2409,1556,2939,3132,3685,3879
Gm10840,3,1,3,2,5,4
Strada,172,155,214,237,325,294
Ccdc47,660,474,758,752,942,779
Ddx42,370,224,396,499,632,397
Ftsj3,171,148,216,290,321,346
Psmc5,822,613,958,936,1125,1028
Smarcd2,260,174,319,361,371,466
Tcam1,0,1,0,0,0,0
Cd79b,161,122,160,215,291,176
Scn4a,0,0,0,1,0,0
Prr29,1,0,0,0,4,0
Icam2,10,0,5,5,16,20
Ern1,71,46,74,99,125,70
Tex2,48,56,73,77,81,67
Pecam1,105,41,127,71,148,78
Milr1,111,114,170,257,303,342
Polg2,55,35,61,117,113,60
Ddx5,15857,11347,18884,18918,23973,23489
Cep95,68,39,68,104,92,118
Smurf2,226,171,250,263,365,240
Gm11707,14,4,10,12,12,3
Kpna2,103,75,131,207,193,161
1810010H24Rik,20,11,14,20,42,13
Bptf,1047,672,1163,1283,1824,1564
Gm11715,0,0,0,0,2,0
Nol11,187,140,217,327,351,271
Pitpnc1,587,407,561,566,725,578
Gm11713,125,72,148,154,198,72
Psmd12,692,508,848,913,1199,932
Helz,441,298,538,559,764,441
Cacng1,0,0,3,1,0,0
Cacng4,3,4,11,9,26,8
Cacng5,0,0,1,1,3,0
Prkca,510,366,498,444,694,455
Gm11655,0,0,0,0,1,0
Cep112,20,9,22,32,40,18
Cep112os1,1,0,0,0,0,1
Axin2,4,1,1,6,7,0
Rgs9,2,0,1,2,6,1
Gm11696,56,36,48,69,94,62
Gna13,1290,963,1407,1400,1719,1342
9930022D16Rik,6,6,15,3,6,2
Amz2,143,102,177,179,202,217
Gm15642,0,0,1,0,0,0
Slc16a6,1724,1058,1971,2276,2375,2333
Arsg,162,105,207,249,318,240
Wipi1,93,63,114,152,194,135
Prkar1a,1341,975,1720,1640,1887,1949
Fam20a,2,1,5,1,5,2
Abca8b,1,0,2,3,11,2
Abca8a,19,10,14,29,82,9
Abca9,763,586,832,945,989,957
Abca6,3,1,1,1,1,0
Abca5,8,7,11,6,16,4
Map2k6,121,70,111,126,139,110
Kcnj16,9,4,7,10,15,3
Kcnj2,102,108,104,181,212,70
Sox9,7,21,11,13,37,12
Gm11681,4,4,1,1,7,1
2610035D17Rik,35,20,16,57,50,19
Slc39a11,107,69,107,144,206,149
Sstr2,0,1,1,0,0,0
Cog1,132,98,167,158,179,259
Fam104a,734,512,896,1057,1196,935
D11Wsu47e,56,24,56,82,98,103
Cdc42ep4,120,68,146,193,205,166
Sdk2,0,1,1,1,0,1
Rpl38,10731,8765,13698,9294,17596,15713
Ttyh2,43,35,52,63,123,55
Dnaic2,1,1,2,1,7,2
Kif19a,15,5,10,15,17,34
Btbd17,14,7,15,23,29,14
Gprc5c,1,0,1,1,1,0
Cd300a,1099,703,1537,1392,1398,1564
Cd300lb,1,2,13,3,9,8
Cd300c,3,1,10,8,1,7
Cd300ld,5,8,7,2,18,24
AF251705,4983,3949,6265,7233,6584,6724
Cd300lh,1,0,1,1,5,1
Cd300e,0,0,0,1,0,2
Rab37,1,0,0,1,6,5
Cd300lf,25,76,16,30,38,127
Slc9a3r1,542,400,585,623,713,999
Nat9,352,251,403,329,384,409
Tmem104,306,271,342,321,521,549
Grin2c,5,2,14,15,26,8
Fdxr,116,64,142,175,183,169
Fads6,24,15,25,31,36,20
Ush1g,0,1,1,0,0,0
Hid1,9,4,7,15,45,3
Cdr2l,5,6,10,12,17,7
Ict1,262,181,311,366,396,418
Ict1os,0,0,0,2,0,0
Atp5h,2131,1880,2516,2709,3134,3039
Kctd2,267,156,301,359,468,357
Armc7,138,66,138,208,238,137
Nt5c,372,361,392,430,517,691
Hn1,1964,1332,2144,3113,3046,3381
Sumo2,2239,1858,2695,3013,3345,2940
Nup85,77,57,81,98,148,144
Gga3,135,100,159,197,277,146
Mrps7,316,222,386,455,556,505
Mif4gd,366,314,398,478,567,562
Slc25a19,128,105,155,177,196,173
Gm26613,1,0,0,0,0,0
Grb2,1493,1204,1842,1859,2177,2261
Tmem94,83,55,85,77,145,115
Caskin2,8,2,6,9,18,6
Tsen54,82,41,103,122,105,125
Llgl2,8,0,14,11,9,21
Myo15b,3,1,0,0,1,0
Recql5,49,37,58,44,72,57
Smim5,0,1,4,0,1,2
Smim6,0,0,0,1,0,0
Sap30bp,143,122,181,199,261,230
Sap30bpos,0,0,0,1,3,1
Itgb4,4,5,5,8,15,8
B230344G16Rik,1,0,0,1,2,0
Galk1,171,152,189,350,405,233
H3f3b,40703,28505,45180,37947,50907,45945
Unk,130,81,157,206,270,176
Unc13d,113,90,149,143,222,165
Wbp2,858,600,997,875,1261,1112
Trim47,877,390,1063,905,1304,1265
Trim65,209,122,213,225,277,340
Mrpl38,306,198,379,399,522,500
Fbf1,31,25,35,42,72,39
Acox1,219,124,219,287,425,236
Ten1,346,274,462,589,663,603
Evpl,0,1,0,1,0,1
Srp68,340,210,410,371,551,543
Galr2,1,0,0,0,0,0
Exoc7,257,163,274,332,398,354
Gm26730,0,0,0,0,1,0
Foxj1,2,8,8,5,24,5
Rnf157,55,48,92,92,125,67
Ubald2,838,643,925,954,1091,1618
Qrich2,10,2,18,16,19,7
Prpsap1,374,237,453,464,603,620
Sphk1,1,1,1,1,0,2
Ube2o,90,56,77,81,122,103
Rhbdf2,78,70,77,148,125,137
Cygb,1,2,2,0,8,0
Gm11744,3,1,8,1,3,1
1810032O08Rik,89,61,88,244,202,128
St6galnac2,1,3,1,2,4,3
Mxra7,34,28,34,42,47,26
Jmjd6,592,318,664,883,862,758
Mettl23,518,429,608,682,731,682
Srsf2,2909,2138,3254,4342,4753,4903
Mfsd11,421,288,552,513,572,596
Mgat5b,2,0,1,2,6,0
Snhg20,68,68,79,75,127,83
Gm11730,0,0,0,0,0,1
Sec14l1,698,482,863,798,1114,911
Sept9,24,19,29,28,56,28
Tnrc6c,636,425,680,798,1102,822
Tmc6,213,132,227,293,359,336
Tmc8,11,12,24,26,36,8
6030468B19Rik,22,9,23,14,30,14
Syngr2,1680,1315,2038,1865,2574,3166
Tk1,17,4,9,30,22,3
Afmid,8,7,11,13,15,12
Birc5,0,0,2,3,8,3
Tha1,86,118,86,204,166,215
Gm11725,1,4,3,13,11,17
Socs3,6385,7402,6423,15844,14586,9601
Pgs1,437,381,526,679,720,755
Dnah17,0,1,0,0,1,0
Cyth1,167,104,180,217,318,238
Usp36,164,122,171,265,420,240
Timp2,4628,3069,6053,5235,5897,6154
BC100451,17,6,9,15,26,19
Lgals3bp,411,507,621,768,910,3783
Cant1,305,216,371,375,427,576
C1qtnf1,0,0,0,0,1,1
Gm11747,2,0,0,1,1,0
Engase,191,102,264,353,287,354
Rbfox3,4,2,8,8,12,5
Cbx2,1,1,2,1,5,4
Cbx8,63,34,115,124,134,88
Cbx4,1076,612,1080,1576,1295,1402
Gm26508,15,7,14,17,13,5
Gm11755,1,0,0,0,0,0
Tbc1d16,260,183,314,320,554,460
Gm26888,0,1,1,2,0,0
Ccdc40,2,0,4,3,15,3
Gaa,372,286,467,524,668,585
Eif4a3,658,457,786,856,1072,874
Sgsh,70,36,71,57,92,70
Slc26a11,45,32,36,29,43,37
Rnf213,156,124,187,231,248,388
Endov,40,33,69,99,107,64
Nptx1,4,2,5,0,3,1
Rptor,439,299,513,509,715,495
Rptoros,8,6,7,10,11,2
Chmp6,247,186,293,435,450,419
Gm11767,0,0,0,1,0,0
Gm11766,0,0,3,0,1,0
Baiap2,85,50,132,104,101,149
Aatk,80,49,138,175,357,36
Cep131,35,25,36,47,57,66
Enthd2,31,31,37,52,75,56
1810043H04Rik,342,288,369,373,586,487
Slc38a10,394,292,513,607,704,1038
Gm11770,0,1,0,0,0,0
Bahcc1,31,22,27,45,62,37
Gm11772,48,34,50,58,74,126
Actg1,21246,14404,25233,26111,27639,32521
0610009L18Rik,47,32,50,64,84,56
Fscn2,0,1,0,0,0,0
Faap100,98,73,137,155,178,167
Nploc4,110,83,150,119,204,142
Pde6g,3,2,8,9,7,6
Oxld1,59,45,66,103,122,83
Ccdc137,49,21,63,66,127,80
Arl16,55,41,52,92,109,70
Hgs,217,181,278,255,339,461
Mrpl12,415,289,481,599,677,706
Gm16755,0,0,0,1,1,0
Gm11788,0,0,1,0,0,0
Slc25a10,80,51,73,123,153,102
Gm11789,0,0,1,0,0,0
Gcgr,0,0,0,0,2,0
Fam195b,797,591,952,1139,1314,1212
P4hb,1205,908,1330,1544,1911,2190
Arhgdia,2620,1927,3027,2898,3746,4436
Alyref,513,413,688,810,850,1091
Anapc11,542,417,692,657,825,1101
Npb,4,0,1,1,2,2
Pcyt2,126,89,149,184,238,158
Sirt7,563,396,629,840,923,824
Mafg,1535,1167,1574,1851,2534,2329
Gm17586,56,45,65,129,142,100
Pycr1,5,8,10,8,24,10
Myadml2,39,24,33,60,89,47
Myadml2os,1,2,0,0,0,0
Notum,0,0,0,0,3,1
Notumos,0,0,0,1,0,0
Aspscr1,267,199,344,410,462,453
Stra13,684,589,798,845,1002,1081
Lrrc45,105,62,99,141,182,140
Rac3,246,261,222,296,314,369
Dcxr,305,326,355,517,592,718
Cbr2,2,10,4,10,12,20
Hmga1-rs1,61,46,57,73,101,59
Rfng,61,37,93,95,107,167
Gps1,488,325,575,632,789,729
Dus1l,183,132,220,268,292,294
Fasn,45,19,49,57,124,52
Ccdc57,4,5,5,2,16,3
Slc16a3,405,289,505,517,668,412
Csnk1d,692,461,861,900,1253,799
Gm28192,16,7,6,16,14,3
Cd7,1,0,0,0,1,0
Ogfod3,81,85,132,178,212,232
Hexdc,55,33,67,57,95,52
BC017643,672,499,846,1000,1124,1436
Narf,229,125,250,308,366,301
Foxk2,235,149,266,237,308,296
Wdr45b,695,447,790,926,1303,999
Rab40b,0,2,1,7,9,4
Fn3krp,18,16,20,16,35,34
Fn3k,13,13,28,21,34,18
Tbcd,73,44,71,99,139,105
Zfp750,0,0,0,0,1,0
B3gntl1,24,16,25,35,36,30
Metrnl,149,98,144,181,168,145
2810429I04Rik,17,10,16,18,21,18
Gdi2,3079,2128,3658,4135,3961,5780
Fam208b,140,88,137,175,219,124
Asb13,185,115,197,220,264,245
Net1,3,1,0,3,7,2
Akr1c13,7,3,13,13,11,11
Akr1e1,112,70,122,105,146,157
1700016G22Rik,6,2,5,7,5,2
Klf6,8709,5356,8511,10321,15333,11084
Pitrm1,113,61,83,138,134,112
Pfkp,15,12,16,11,15,9
Gm9742,4,1,3,0,4,0
Adarb2,0,0,1,1,0,0
Wdr37,279,209,290,358,427,332
Idi1,46,42,58,47,73,67
Idi2,0,0,1,1,0,0
Gtpbp4,453,368,548,652,692,717
Larp4b,643,456,722,853,1027,861
Dip2c,74,58,81,73,120,70
Gm26601,22,6,25,14,26,22
Zmynd11,552,365,603,628,832,662
Chrm3,0,0,1,2,0,1
Ryr2,2,2,1,2,2,0
Mtr,102,64,113,122,152,157
Actn2,0,2,0,1,1,0
Heatr1,69,50,66,73,89,81
Lgals8,470,356,573,610,857,659
Edaradd,1,0,0,0,2,0
Ero1lb,81,60,66,69,106,106
Gpr137b-ps,53,46,70,61,89,88
Gpr137b,345,197,441,366,375,449
Nid1,2,0,0,0,1,0
Lyst,81,66,95,102,138,71
Gng4,2,1,3,0,4,1
B3galnt2,42,33,54,49,68,65
Tbce,114,81,136,129,170,148
Ggps1,134,97,167,164,231,146
Arid4b,412,286,437,672,792,522
Hecw1,0,0,2,5,0,0
Mrpl32,339,293,448,402,517,505
Psma2,1141,937,1419,1378,1705,1583
AW209491,45,45,60,67,112,101
Gm26645,1,0,1,1,3,0
Gli3,3,1,2,0,8,2
Sugct,2,1,1,1,2,0
Mplkip,301,259,338,451,473,415
Cdk13,295,199,334,374,474,381
Rala,671,440,811,731,894,735
Yae1d1,222,176,304,365,404,327
Vdac3-ps1,1,0,1,1,2,0
Vps41,259,186,325,348,378,348
Amph,11,2,6,3,17,4
Stard3nl,807,629,889,1083,1274,1242
Epdr1,12,11,14,11,30,11
Sfrp4,0,0,1,0,0,0
Nme8,1,0,0,0,0,0
Elmo1,1597,941,1858,1482,2338,1412
Aoah,1,4,5,3,1,1
Trim27,481,338,565,783,807,700
Zscan12,29,25,44,60,75,42
Zkscan3,336,236,460,487,719,579
Pgbd1,15,4,4,10,19,15
Zscan26,537,371,557,674,657,646
Nkapl,19,10,19,19,13,15
Zkscan4,19,11,30,48,45,41
AK157302,14,17,20,18,14,6
Gm11273,0,2,1,0,0,0
Zkscan8,28,13,28,52,68,31
Hist1h2bl,1,0,0,2,0,1
Hist1h2ai,1,0,2,1,5,2
Hist1h3h,0,0,0,0,1,0
Hist1h2bm,0,0,0,1,0,1
Hist1h4j,2,1,1,1,1,1
Hist1h4k,1,0,0,0,2,0
Hist1h2ak,1,1,0,2,1,0
Hist1h2bn,0,0,0,0,0,1
Hist1h1b,0,0,1,1,0,0
Hist1h3i,0,1,0,0,0,0
Hist1h2an,0,0,0,1,1,0
Hist1h2bp,0,0,0,0,1,0
Hist1h2ao,2,1,1,0,1,0
Hist1h4m,0,0,3,0,1,0
Hist1h4n,6,2,1,0,16,1
Hist1h2ap,316,76,270,107,299,181
Zfp184,23,7,29,30,31,15
Hist1h2bk,0,1,0,0,0,1
Hist1h4i,106,69,89,127,103,114
Hist1h2ag,0,0,1,0,0,0
Hist1h2bj,12,2,3,6,15,1
Zfp322a,81,55,93,124,146,116
Abt1,108,84,136,216,237,155
C230035I16Rik,2,1,3,1,4,0
Hist1h4h,44,33,54,40,106,24
Hist1h2af,0,0,0,0,2,0
Hist1h2bh,1,0,1,1,2,0
Hist1h3f,5,2,1,2,13,3
Hist1h1d,16,15,24,12,18,25
Hist1h3e,16,5,20,19,33,8
Hist1h2ae,34,26,38,32,62,13
Hist1h2bg,11,8,10,11,21,8
Hist1h2bf,0,0,2,7,6,4
Hist1h2ad,3,4,4,4,8,1
Hist1h3d,13,7,7,10,8,3
Hist1h4d,93,44,118,82,230,40
Hist1h2be,101,41,92,71,101,48
Hist1h1e,160,93,181,128,184,69
Hist1h2ac,6,3,3,3,11,1
Hist1h2bc,1454,1118,1541,1405,1253,686
Hist1h1t,0,1,0,0,0,0
Hist1h4c,29,18,25,25,79,22
Hfe,936,779,1136,1233,1120,1810
Hist1h1c,2324,1249,2026,1181,1460,1122
Hist1h2bb,4,1,3,5,3,1
Hist1h2ab,5,1,7,3,9,1
Hist1h4b,4,4,1,4,4,2
Hist1h4a,16,5,10,9,17,4
Hist1h3a,30,22,21,38,51,27
Hist1h1a,1,0,4,3,1,1
Lrrc16a,52,34,79,79,84,97
Cmah,0,2,3,3,6,1
Fam65b,13,48,21,39,22,59
C530050E15Rik,0,8,2,0,5,1
Gmnn,37,40,25,74,98,63
BC005537,1086,727,1117,1293,1489,1354
Acot13,380,258,450,413,498,409
Tdp2,96,80,120,187,193,130
D130043K22Rik,1,0,1,0,0,0
Aldh5a1,13,11,19,10,32,11
Gpld1,5,6,12,11,25,5
Mrs2,32,20,47,58,55,72
Dcdc2a,3,1,1,3,9,3
Nrsn1,9,8,5,26,53,17
Gm26735,182,74,201,265,266,38
Sox4,1441,696,1568,2366,2361,1324
A330102I10Rik,1,1,0,0,1,1
Cdkal1,156,139,163,198,244,217
E2f3,179,108,191,198,324,155
Gm11365,0,1,0,1,0,0
Gm11368,16,5,20,7,38,3
Mboat1,5,2,10,8,13,2
Uqcrfs1,577,469,728,890,948,1027
Dusp22,145,111,146,225,226,242
Irf4,56,29,68,72,92,53
Exoc2,162,82,137,152,239,155
Hus1b,2,2,0,0,3,1
Gm5447,2,0,0,0,1,0
4930401O12Rik,0,0,0,0,0,1
G630018N14Rik,0,0,1,0,0,0
Foxq1,0,0,1,2,3,0
Foxf2,0,2,1,1,0,0
Foxc1,2,0,0,0,3,2
Gmds,67,76,86,156,143,150
Wrnip1,68,43,91,94,113,143
Serpinb1a,21,8,16,24,27,6
Serpinb6b,0,1,1,2,2,0
Serpinb9,57,46,82,60,81,91
Serpinb1b,0,0,1,0,0,2
Serpinb6c,1,1,0,1,1,0
Serpinb6a,60,44,60,104,140,70
1110046J04Rik,1,0,2,1,1,1
Nqo2,51,42,55,60,69,72
Ripk1,284,186,267,442,419,337
Bphl,223,146,259,309,291,224
Tubb2a,2328,1280,2748,3109,3468,2886
Tubb2b,844,356,901,1035,1459,704
Psmg4,313,312,393,292,502,464
Slc22a23,4,4,12,4,21,3
Pxdc1,195,190,264,297,328,345
Prpf4b,582,377,653,804,1235,766
Fam217a,0,1,0,1,1,0
Eci3,0,0,2,0,0,0
Gm16984,0,0,1,0,0,0
Eci2,478,374,568,637,730,685
Cdyl,150,92,163,203,282,212
Rpp40,44,21,50,67,52,48
Ppp1r3g,2,0,2,1,3,0
Lyrm4,61,51,76,78,95,98
Fars2,134,105,164,200,203,190
Nrn1,4,5,10,6,9,7
F13a1,0,4,1,1,9,4
Ly86,10486,10435,13148,11839,14152,14061
Gm4035,0,2,0,1,1,2
Gm29459,0,0,0,1,0,0
Gm29458,1,0,0,0,0,0
Rreb1,548,412,644,771,812,757
Ssr1,926,628,1092,1138,1282,1271
Cage1,4,9,5,9,8,1
Riok1,138,108,188,206,240,232
Dsp,0,0,0,0,2,0
Snrnp48,331,216,403,349,444,443
Bmp6,0,1,0,0,1,0
Txndc5,230,178,299,392,372,412
Bloc1s5,94,63,116,136,152,131
Eef1e1,227,174,224,318,363,301
Slc35b3,124,107,170,188,226,155
Gm26514,2,0,2,5,5,3
5033403F01Rik,1,1,1,1,1,6
Tfap2a,1,2,0,0,0,0
Gcnt2,301,438,227,294,370,303
Pak1ip1,462,385,572,572,741,671
Tmem14c,1304,1126,1680,1824,1910,2135
Mak,0,1,0,0,0,0
Gcm2,2,0,0,1,0,0
Sycp2l,0,0,1,1,2,2
Elovl2,2,1,1,3,5,0
Smim13,78,70,105,110,139,119
Nedd9,12,14,13,17,26,12
Tmem170b,471,299,480,616,674,523
Adtrp,27,12,36,30,27,7
1700061E18Rik,15,11,19,12,24,7
Gm28707,45,29,53,68,77,63
Hivep1,140,91,177,188,220,126
Edn1,46,29,43,28,79,28
Phactr1,35,31,66,84,122,57
Tbc1d7,41,38,68,69,108,72
Gfod1,0,1,2,2,3,0
Sirt5,36,19,31,32,56,45
Nol7,901,688,1053,1062,1317,1187
Ranbp9,390,240,408,441,503,479
Mcur1,468,315,569,660,697,588
Rnf182,4,2,3,4,3,1
Cd83,14986,14178,21434,17150,15867,16101
Jarid2,196,135,255,249,321,232
Dtnbp1,455,350,603,703,857,619
Gm9817,0,1,1,1,1,0
Mylip,3839,2391,3899,4904,5529,3760
Gmpr,427,299,560,693,852,688
Atxn1,128,123,148,155,255,149
5033430I15Rik,0,8,4,5,5,3
Stmnd1,0,0,0,0,1,0
Rbm24,0,1,0,0,3,0
Cap2,2,2,1,1,2,3
Fam8a1,114,68,117,120,164,130
Nup153,258,190,279,351,405,274
Kif13a,107,71,112,128,179,130
Nhlrc1,21,14,20,24,38,15
Tpmt,15,9,16,23,37,26
Kdm1b,75,44,94,63,112,94
Dek,888,721,1034,1232,1736,1165
Rnf144b,83,68,86,167,183,74
Id4,11,8,9,14,19,8
A330048O09Rik,0,4,4,1,1,1
Zfp169,18,12,16,18,26,26
A830005F24Rik,1,0,4,1,2,2
6720427I07Rik,44,40,50,75,120,86
Ptpdc1,26,19,30,28,37,22
Phf2,133,76,156,109,184,132
Phf2os1,2,1,5,1,2,2
Fam120a,315,275,387,413,530,392
Fam120aos,11,9,11,16,23,8
Wnk2,1,2,4,6,8,2
Ninj1,1032,854,1315,1198,1706,1222
Card19,658,506,804,788,1008,886
Susd3,1933,1035,2303,2334,2589,2404
Fgd3,274,184,274,304,377,341
Bicd2,446,236,507,490,599,656
Ippk,25,27,35,54,56,50
Cenpp,1,5,9,6,10,4
Ecm2,0,0,1,2,3,1
Aspn,1,1,0,0,1,0
Omd,0,0,1,0,0,0
Ogn,0,1,0,0,0,0
Nol8,97,104,114,152,180,166
Iars,158,122,205,228,323,334
Fbxw17,32,24,28,46,55,47
Spin1,243,142,300,292,369,228
Hist1h2al,4,2,1,1,2,1
S1pr3,0,2,0,1,1,0
Cks2,456,308,554,730,696,504
Secisbp2,211,163,281,321,401,362
Gm15440,35,21,37,55,89,31
Sema4d,789,470,969,918,1256,931
Gadd45g,458,377,358,1775,993,430
Diras2,1,0,3,1,4,2
Syk,602,428,720,575,822,825
Auh,233,188,310,245,392,287
Nfil3,68,107,128,79,58,110
Ror2,0,0,0,0,1,0
Sptlc1,163,117,179,207,264,281
Msx2,1,0,0,0,0,0
Sfxn1,185,144,203,279,377,226
Hrh2,23,16,19,35,47,27
Gm16578,4,5,13,5,13,11
Cplx2,11,8,14,27,69,26
Thoc3,147,105,172,212,283,195
Simc1,54,27,51,69,81,66
4833439L19Rik,340,222,407,368,536,551
Arl10,105,82,131,135,171,142
Nop16,168,130,205,256,295,376
Higd2a,1298,1014,1496,1616,1871,1728
Cltb,449,346,508,581,685,626
Faf2,251,138,298,322,418,393
Rnf44,391,271,403,356,629,321
Sncb,7,7,20,5,15,7
Tspan17,32,39,32,61,78,51
Unc5a,10,8,11,11,18,14
Hk3,318,187,397,456,407,406
Uimc1,234,170,280,355,408,298
Zfp346,31,29,42,59,66,55
Nsd1,425,305,512,689,760,440
Rab24,623,607,688,897,872,1159
Prelid1,613,521,662,813,879,1285
Lman2,715,610,909,861,1010,1327
Rgs14,61,69,72,118,98,194
F12,0,0,1,0,0,1
Grk6,129,105,154,204,243,224
Prr7,44,43,55,78,39,60
Dbn1,5,0,4,2,8,5
Pdlim7,4,3,8,5,14,5
Dok3,285,294,331,390,405,784
Ddx41,196,142,211,224,264,326
Fam193b,73,50,93,108,134,83
Tmed9,2106,1754,2527,2716,3112,3076
B4galt7,107,66,118,144,156,190
Gm15911,1,0,0,0,0,0
Caml,383,288,459,477,614,527
Ddx46,246,182,310,289,403,321
B230219D22Rik,491,381,626,663,888,699
Txndc15,722,565,934,966,1160,1066
Pcbd2,263,234,297,276,337,407
Catsper3,1,0,0,1,0,0
H2afy,1195,913,1336,1422,1627,1845
Tifab,548,337,682,860,1072,862
Cxcl14,45,13,57,29,60,55
Slc25a48,0,0,0,1,6,0
Fbxl21,0,2,5,5,2,5
Tgfbi,189,199,202,300,294,484
Smad5,163,111,203,244,314,215
Spock1,6,6,14,19,37,6
Klhl3,10,4,20,12,29,9
Hnrnpa0,2990,2003,3564,4156,4341,3413
Idnk,309,279,392,456,525,498
Ubqln1,359,227,374,422,484,548
Gkap1,263,231,322,289,454,314
Gm26555,0,0,0,0,1,0
Kif27,0,0,1,1,2,1
2210016F16Rik,390,294,505,550,642,705
Hnrnpk,3911,2506,4208,4931,5648,5208
Rmi1,214,116,233,321,330,258
Slc28a3,0,0,0,2,3,1
Ntrk2,44,37,49,45,85,33
Agtpbp1,64,47,80,80,119,73
Naa35,714,387,846,924,1143,821
Golm1,2495,1449,2736,2513,4554,1970
4930528D03Rik,0,0,0,0,1,0
1700014D04Rik,7,3,10,8,12,5
Isca1,518,354,593,615,665,491
Zcchc6,564,478,681,827,1047,747
Gas1,1,2,6,5,14,1
Dapk1,28,31,57,52,49,43
4930486L24Rik,16,24,23,25,43,23
Ctla2b,423,350,443,524,867,365
Ctla2a,8,24,26,35,52,40
Zfp808,3,4,1,2,6,4
Gm3604,34,18,34,59,52,52
Zfp935,27,10,23,30,20,33
Zfp934,3,1,9,9,0,4
6720489N17Rik,11,5,12,11,17,10
Platr25,1,1,0,0,0,1
Gm5141,17,6,31,33,43,33
2010111I01Rik,81,56,81,184,216,74
Gm16907,4,4,3,1,6,3
Fancc,28,17,27,30,50,37
Gm16133,0,0,0,0,1,0
Ptch1,34,28,67,70,115,56
Ercc6l2,49,43,72,67,104,84
Slc35d2,77,40,77,82,120,88
Zfp367,47,28,36,51,63,48
Habp4,31,15,32,44,48,45
Cdc14b,18,12,27,26,37,17
1810034E14Rik,6,3,2,5,15,9
Aaed1,33,28,64,41,41,39
Ctsl,12709,14110,17005,20192,16350,32161
Cdk20,31,25,34,63,41,84
Hiatl1,242,172,250,303,344,353
Zfp369,36,34,57,66,89,55
Uqcrb,1823,1595,2081,1655,2520,2478
Gm10767,5,2,5,4,12,12
Mterf3,249,160,295,338,408,250
Ptdss1,126,113,188,170,257,260
Zfp712,7,13,18,21,25,10
Zfp708,0,0,0,0,1,0
Gm28557,16,6,14,22,27,20
Rslcan18,3,2,1,2,6,4
Zfp759,12,4,8,15,17,14
Rsl1,39,28,41,56,53,35
Zfp455,25,15,28,61,40,32
Zfp458,13,8,20,23,15,5
Zfp457,2,0,2,3,2,3
Zfp595,57,31,50,78,88,38
Gm28044,0,0,0,0,1,0
Zfp953,24,22,24,33,39,22
Gm28041,5,0,8,3,4,6
Gm17039,0,1,1,1,0,0
Zfp456,104,46,111,157,119,131
Zfp429,174,109,199,290,238,197
Zfp459,0,0,0,0,0,1
Zfp874a,23,14,16,29,44,36
Zfp874b,20,20,26,42,43,41
Zfp58,20,18,38,55,55,35
Zfp87,45,37,49,86,84,72
Zfp748,32,33,42,63,85,52
9430065F17Rik,1,0,0,3,11,1
Zfp729b,69,35,74,164,174,129
Gm37276,6,4,7,4,5,8
Zfp729a,68,45,57,121,137,62
Zfp738,44,28,64,82,83,65
Zfp65,56,36,57,109,113,79
Zfp85os,3,2,2,4,1,0
Zfp85,3,2,10,23,13,8
Zfp493,11,4,14,23,14,4
4930525G20Rik,0,1,0,1,1,0
Zfp273,9,6,10,15,14,14
Gm10037,0,1,0,0,0,0
Mtrr,47,32,58,80,75,71
Fastkd3,39,20,31,57,55,50
1700001L19Rik,1,2,0,0,5,1
Adcy2,5,0,2,3,7,4
Papd7,43,30,66,74,108,110
Nsun2,240,173,340,402,410,465
Srd5a1,2,2,5,1,10,8
Ube2ql1,3,2,1,1,10,4
Med10,347,259,476,463,652,572
Gm26819,1,0,0,0,0,0
Ice1,143,99,206,229,337,186
Adamts16,56,11,55,137,140,31
8030423J24Rik,2,0,1,4,2,0
Irx1,2,0,0,2,4,0
Irx2,0,0,0,1,0,0
Gm10263,11,10,7,8,16,11
Ndufs6,612,519,679,634,927,834
Mrpl36,355,274,422,419,498,528
Lpcat1,445,285,644,656,796,703
Slc6a3,0,0,0,0,2,0
Clptm1l,689,500,906,887,959,1125
Slc6a19,0,1,1,0,0,0
Slc12a7,46,33,40,51,77,60
Nkd2,2,3,6,3,3,1
Trip13,12,6,14,17,32,15
Brd9,272,203,363,282,542,391
Zdhhc11,0,0,0,1,0,0
Gm15912,38,20,45,44,34,18
Tppp,228,129,264,254,418,202
Cep72,5,7,6,14,18,9
Exoc3,419,310,514,572,627,586
Ahrr,1,1,3,2,8,4
Pdcd6,519,379,612,671,766,732
Sdha,835,596,993,1015,1172,1067
Ccdc127,203,174,278,257,381,299
Lrrc14b,10,3,4,8,15,6
Zfp72,3,3,5,7,7,4
Gm10116,79,48,66,43,68,68
Zfp825,77,30,73,95,127,116
Erap1,136,96,155,183,199,188
Cast,61,61,94,91,125,112
Ell2,126,107,158,128,189,91
Glrx,188,192,282,223,237,309
Rhobtb3,8,7,8,11,21,7
Spata9,0,0,0,0,1,0
Rfesd,73,78,85,107,122,86
Gpr150,16,8,19,13,40,19
Arsk,258,161,344,303,387,290
Ttc37,33,31,49,43,68,45
Fam81b,1,2,0,2,2,0
Mctp1,182,115,196,231,290,209
Slf1,112,64,76,146,153,123
2210408I21Rik,16,9,27,31,40,19
Fam172a,249,157,305,351,437,272
Pou5f2,48,28,44,52,93,75
Nr2f1,6,10,9,10,16,4
A830082K12Rik,1,0,2,1,4,0
Arrdc3,744,331,655,405,668,591
Gm4211,0,0,0,1,0,0
9330111N05Rik,0,2,0,0,5,0
Adgrv1,1,1,3,4,2,0
Lysmd3,133,81,147,176,184,170
Polr3g,13,5,14,27,26,19
Mblac2,45,31,61,63,91,69
Gm17259,19,21,21,28,46,45
Cetn3,764,604,878,1037,1109,921
Mef2c,6224,4350,7154,6798,9627,6829
C130071C03Rik,5,2,5,15,14,4
Gm26803,1,0,0,0,1,0
2810049E08Rik,0,0,1,0,0,1
Gm17750,1,1,3,2,6,1
A230107N01Rik,0,0,1,2,0,0
Tmem161b,98,73,97,141,153,104
Ccnh,293,203,354,358,459,425
Rasa1,469,345,514,647,711,565
Cox7c,3366,2637,3838,2969,5482,4366
Edil3,36,24,49,60,130,22
Hapln1,1,0,2,1,4,0
Vcan,9,6,12,13,40,7
Xrcc4,137,101,161,181,212,144
Tmem167,514,468,674,747,839,780
Atp6ap1l,0,0,0,0,1,0
Rps23,17449,15957,23070,22050,24386,19778
Atg10,162,119,196,215,286,195
A830009L08Rik,1,0,2,4,6,1
Ssbp2,364,243,486,418,548,598
4833422C13Rik,4,2,3,0,1,0
Zcchc9,426,255,533,511,808,536
Rasgrf2,43,28,50,34,45,31
Msh3,32,29,51,46,81,73
Gm20379,1,1,0,0,1,0
Dhfr,19,14,27,25,34,43
Ankrd34b,0,0,1,1,0,1
Fam151b,54,31,59,64,73,68
Zfyve16,102,70,117,153,215,112
Serinc5,34,19,24,47,85,32
Thbs4,0,0,2,3,0,1
Mtx3,40,26,41,63,81,32
Cmya5,39,36,37,83,110,22
Papd4,195,142,236,229,268,271
Homer1,70,57,91,104,108,60
Jmy,144,75,141,149,209,154
Bhmt,0,1,1,0,0,0
Dmgdh,0,0,0,0,0,1
AW495222,0,0,1,0,0,0
Arsb,1294,745,1260,1638,1803,914
Gm26527,6,4,11,14,11,0
Lhfpl2,604,323,754,697,947,599
Gm15907,0,1,1,1,3,0
Scamp1,288,289,365,331,448,491
Gm9776,20,12,23,40,26,30
Ap3b1,327,246,388,417,524,680
Tbca,1304,1111,1550,1451,1799,1719
Wdr41,169,110,173,173,157,181
Pde8b,148,100,195,143,194,101
Zbed3,133,75,152,184,197,238
Aggf1,228,169,266,299,358,307
F2rl1,0,0,0,0,0,1
F2r,2,0,3,3,7,0
Iqgap2,2,0,1,2,7,6
Sv2c,0,1,2,1,0,1
Poc5,36,43,50,74,93,91
Ankdd1b,0,1,1,0,1,0
Polk,62,29,66,74,112,77
Col4a3bp,167,96,182,167,236,130
Hmgcr,134,92,168,154,204,166
Gcnt4,1,0,0,0,4,0
Fam169a,3,1,3,3,3,1
Nsa2,1259,1130,1880,1672,2309,2226
Gfm2,147,137,191,166,328,116
Hexb,66924,44966,78122,84531,96406,94636
Enc1,208,120,208,251,357,232
Gm10260,0,2,1,0,1,0
Arhgef28,1,3,4,6,15,4
Utp15,113,66,134,146,220,145
Ankra2,221,131,251,202,339,243
Btf3,3522,3053,4472,4883,5034,5010
Gm9828,12,8,15,13,27,18
Foxd1,3,2,5,7,3,3
Gm10320,0,0,1,1,3,2
Fcho2,537,424,689,682,843,612
Tnpo1,455,277,526,522,767,480
1700024P04Rik,0,0,0,1,0,0
Gm807,1,0,0,0,0,0
Ptcd2,208,148,235,281,328,347
Mrps27,62,42,52,79,94,74
6430562O15Rik,1,2,0,3,1,2
Map1b,29,33,23,20,44,31
Cartpt,0,0,0,0,2,0
Mccc2,82,44,73,92,141,104
Bdp1,241,170,248,292,368,268
BC001981,0,0,0,0,1,0
Serf1,127,81,167,126,176,80
Smn1,202,161,244,278,348,364
Naip2,295,195,358,515,470,534
Naip5,169,119,183,246,312,287
Naip6,75,67,114,132,173,120
Naip1,2,0,0,1,2,0
Gtf2h2,896,476,999,1215,1502,1193
Ocln,24,19,19,25,38,23
Marveld2,44,26,38,38,48,38
Rad17,212,131,252,266,326,239
Ak6,175,135,231,218,310,265
Taf9,8,5,6,11,15,2
Ccdc125,21,5,15,22,28,24
Cdk7,143,88,156,229,273,238
Mrps36,364,291,448,410,586,560
Cenph,4,0,1,3,9,3
Ccnb1,0,1,2,0,5,1
Slc30a5,186,132,220,237,263,372
Gm29502,0,0,0,0,0,1
Pik3r1,2038,1486,2084,1954,3245,2308
Cd180,828,434,1095,1328,1708,970
Mast4,101,86,142,155,238,136
1700099I09Rik,11,2,15,12,20,6
Gm17160,0,0,1,1,2,1
Srek1,251,159,331,408,452,359
Erbb2ip,483,367,622,660,737,541
Nln,42,41,61,82,94,65
Sgtb,3,1,7,6,15,10
Trappc13,200,153,238,269,322,311
Trim23,50,33,59,92,103,65
Ppwd1,96,75,105,77,176,136
Cenpk,3,10,10,2,6,6
Adamts6,6,4,7,6,14,7
Cwc27,135,74,147,140,210,154
2610204G07Rik,6,1,2,1,5,1
Srek1ip1,310,239,380,366,581,469
Rgs7bp,23,11,19,40,42,18
Rnf180,42,13,46,56,56,30
Htr1a,0,0,1,0,1,0
Gm28989,0,0,2,0,0,0
Ipo11,342,158,422,333,436,344
Gm28988,0,0,1,1,0,0
Dimt1,131,75,124,180,202,159
Kif2a,220,141,190,233,340,272
3830408C21Rik,1,0,0,0,1,1
Apoo-ps,0,0,0,0,2,0
Zswim6,677,443,732,742,873,864
Smim15,457,328,562,549,704,687
Ndufaf2,189,128,225,228,302,197
Ercc8,27,16,29,30,72,47
Elovl7,11,5,5,22,43,8
Depdc1b,2,0,0,1,0,1
Pde4d,17,9,13,18,36,21
Rab3c,5,2,5,2,10,3
Gapt,0,1,2,0,0,0
Plk2,41,9,49,57,83,62
Gpbp1,684,501,823,921,922,774
Mier3,111,76,119,143,221,96
Map3k1,384,354,470,552,629,517
Gm15326,11,2,4,14,14,4
Ankrd55,4,3,4,5,6,2
Il6st,666,422,673,1512,1466,638
Il31ra,0,0,1,0,0,0
Ddx4,0,0,0,0,2,0
Slc38a9,163,125,204,245,279,234
Plpp1,224,121,226,387,546,291
Skiv2l2,160,132,215,185,261,239
Dhx29,78,64,104,130,161,119
Ccno,4,1,1,4,7,4
Gpx8,2,2,3,0,3,1
Gzma,1,0,2,0,1,0
Gzmk,0,0,0,0,2,0
BC067074,2,2,1,0,2,1
Snx18,1457,1056,1545,1959,2176,1864
Hspb3,267,188,225,404,396,143
Arl15,76,57,72,58,99,73
Ndufs4,536,433,698,564,781,635
Fst,0,1,0,0,0,0
Mocs2,185,135,254,288,361,341
Itga2,0,0,1,0,2,0
Itga1,0,1,0,0,1,0
Pelo,130,57,118,194,189,160
Parp8,246,212,262,361,302,491
Emb,4,4,3,1,5,6
Hcn1,0,0,0,1,3,1
Mrps30,183,139,193,275,291,290
B430218F22Rik,1,0,0,0,0,0
Nnt,247,111,132,281,312,140
Paip1,257,198,325,361,466,327
4833420G17Rik,283,164,319,348,451,316
3110070M22Rik,6,3,4,5,17,5
Gm7120,3,0,2,1,0,5
Gm21967,33,29,47,50,63,100
Hmgcs1,193,109,225,206,263,210
Nim1k,14,2,5,10,10,11
Zfp131,272,164,301,384,425,387
AF067061,0,0,0,1,0,0
BC147527,5,6,6,32,20,27
Rab10os,200,151,261,268,300,301
Rab10,833,695,1094,1001,1331,1217
Gm26520,63,64,110,78,74,105
Kif3c,36,31,61,31,74,50
1110002L01Rik,61,27,59,43,78,46
Asxl2,324,308,401,577,711,572
Dtnb,21,15,24,22,34,14
Dtnbos,0,0,0,0,1,0
Dnmt3a,368,216,431,526,626,528
Dnmt3aos,8,6,7,11,14,2
Pomc,64,47,68,52,83,72
Efr3b,4,2,7,8,42,8
Dnajc27,44,33,27,44,69,24
Adcy3,18,12,30,24,42,44
Cenpo,42,40,48,89,78,80
Ptrhd1,230,239,285,342,395,293
Ncoa1,140,132,180,161,246,176
Itsn2,270,208,311,359,436,355
Gm17541,0,0,2,0,1,1
Fam228a,0,1,0,1,2,0
Fam228b,2,6,2,8,12,6
Pfn4,0,0,0,2,1,1
Sf3b6,927,788,977,1127,1391,1210
Fkbp1b,26,29,26,45,67,33
BC068281,39,18,36,36,42,54
Mfsd2b,2,2,0,0,4,0
Ubxn2a,154,145,188,218,265,266
Atad2b,85,56,123,139,136,149
Klhl29,3,1,0,0,2,0
2810032G03Rik,1,0,1,0,1,0
Apob,3,13,2,7,2,8
Ldah,210,175,280,290,348,296
Hs1bp3,125,98,160,176,274,198
Rhob,24774,12319,26990,22985,35995,34408
Slc7a15,1,0,0,0,1,0
Pum2,873,605,1020,1094,1335,1064
Gm4755,0,0,1,0,0,0
Sdc1,0,0,2,0,0,0
Laptm4a,3660,2825,4153,3969,4795,4772
Wdr35,24,6,35,19,40,35
Ttc32,187,159,286,186,265,340
Osr1,0,1,0,0,0,0
Rdh14,330,223,424,401,513,471
Pgk1-rs7,1,0,0,1,1,0
Kcns3,0,0,2,0,0,0
Gen1,2,2,3,1,1,0
Smc6,366,290,457,502,608,519
Vsnl1,14,6,14,6,20,4
Rad51ap2,0,0,1,0,0,0
Fam49a,110,76,116,113,133,123
Rpl36-ps3,4,3,7,11,13,9
Mycn,0,0,1,1,1,0
Ddx1,280,213,337,331,452,423
Nbas,55,41,65,78,112,86
Fam84a,2,0,3,3,1,2
Trib2,3,2,8,3,20,3
Lpin1,349,230,412,326,503,350
Ntsr2,26,15,29,53,102,26
Greb1,0,0,0,0,0,1
E2f6,25,12,30,39,64,40
Rock2,860,576,1035,1013,1312,896
Pqlc3,14,17,6,21,17,34
2410004P03Rik,0,4,3,1,12,2
Kcnf1,1,0,0,0,0,0
Pdia6,2556,2366,3318,3454,3096,5385
Nol10,38,30,45,56,68,66
Odc1,667,496,926,610,920,982
Hpcal1,219,169,251,359,329,530
B430203G13Rik,0,1,1,2,3,1
5730507C01Rik,1,0,2,3,1,3
Gm10479,1,0,0,0,0,0
Asap2,3,5,8,13,19,5
Itgb1bp1,249,174,287,289,367,325
Cpsf3,322,199,417,511,556,576
Iah1,276,179,334,323,374,447
Adam17,609,363,717,768,829,695
Ywhaq,1249,860,1512,1518,1789,1574
Gm4419,0,3,4,2,4,4
2410018L13Rik,0,0,1,1,2,0
9030624G23Rik,0,0,1,7,1,0
Gm16372,2,2,2,0,1,1
Taf1b,104,83,141,174,207,162
Grhl1,0,3,3,4,4,1
Klf11,105,65,100,158,201,131
Cys1,1,2,1,0,2,3
Rrm2,0,2,0,3,4,1
Mboat2,3,3,4,9,13,2
Kidins220,215,177,230,277,287,202
Id2,2410,2204,2248,2015,2823,2319
Rnf144a,3,4,5,2,22,4
Rsad2,17,13,11,18,21,56
Cmpk2,3,5,3,12,15,26
Gm9866,0,0,1,0,1,1
Sox11,1,2,5,10,8,5
Dcdc2c,4,3,7,5,6,10
Colec11,1,1,1,1,4,0
Rps7,10438,10581,14478,17723,14793,16264
Rnaseh1,174,110,193,262,278,217
Adi1,148,102,167,132,259,211
Trappc12,135,79,167,196,225,208
Tssc1,108,57,116,124,143,145
Myt1l,2,1,1,6,12,4
Pxdn,1,1,1,1,8,2
Gm15691,1,0,0,0,0,0
Sntg2,2,1,1,2,0,2
Tmem18,68,41,84,76,138,96
Acp1,388,327,473,517,625,543
Sh3yl1,3,2,7,12,11,15
Lamb1,2,1,0,1,0,0
Dld,382,283,401,401,515,505
Slc26a3,0,0,0,0,1,0
Cbll1,137,69,166,190,247,188
Gm29542,2,0,0,3,1,0
Slc26a4,0,0,0,0,1,0
Bcap29,283,254,335,430,525,406
Dus4l,22,11,23,26,48,33
Cog5,55,40,52,53,69,70
Gpr22,0,0,1,4,1,1
Hbp1,418,255,472,516,691,650
Prkar2b,3,1,0,2,4,0
Pik3cg,737,486,825,923,1209,710
Ccdc71l,272,146,290,392,458,334
Nampt,269,212,286,307,356,415
Gdap10,106,64,102,143,156,107
4933406C10Rik,4,2,4,4,7,1
Sypl,780,568,910,956,1244,1111
Cdhr3,0,1,1,2,7,0
Gm16267,0,0,1,1,1,0
Atxn7l1,169,156,212,207,268,265
Atxn7l1os1,2,5,4,1,5,0
Efcab10,1,2,6,0,2,0
Twistnb,534,365,588,778,796,825
Twist1,0,4,2,2,0,1
Gm18025,1,0,2,0,0,1
Hdac9,32,23,52,65,67,30
4921508M14Rik,0,0,0,0,1,0
Prps1l1,0,0,1,0,1,0
Snx13,246,181,271,385,466,263
Ahr,3,5,3,2,2,0
Tspan13,931,859,962,781,1229,1349
Bzw2,134,123,111,214,232,178
Ankmy2,80,55,99,123,170,96
Sostdc1,11,1,14,0,0,2
D630036H23Rik,0,1,0,1,0,0
Ispd,3,2,3,3,5,1
Agmo,490,333,554,514,649,680
Dgkb,0,0,0,2,7,2
Etv1,222,105,240,168,272,173
Arl4a,178,121,238,253,218,193
Arl4aos,2,0,0,0,0,0
Lsmem1,4,5,0,1,0,0
Gm17056,594,585,685,584,522,716
Ifrd1,3063,2740,3580,3240,3270,3025
Gm17024,17,14,22,16,14,10
Gm7008,8,3,6,5,8,7
Zfp277,193,106,239,231,294,339
Dock4,204,148,230,217,269,183
Immp2l,51,44,63,89,95,84
Lrrn3,1,0,3,0,6,0
Dnajb9,906,636,1121,1109,1106,1778
Pnpla8,361,229,401,487,512,402
Nrcam,8,2,5,10,18,1
Stxbp6,6,4,7,11,20,5
Nova1,43,34,36,77,85,62
Gm1818,1,1,1,0,4,0
Foxg1,5,10,7,10,17,5
3110039M20Rik-1,0,0,0,4,0,0
Prkd1,0,1,1,0,1,0
G2e3,78,51,122,163,183,118
Scfd1,229,181,266,330,360,345
Coch,0,0,1,0,2,0
Strn3,527,354,581,649,866,559
Ap4s1,240,198,284,269,339,302
Hectd1,359,265,418,508,597,505
Heatr5a,299,241,361,354,487,412
Gm26517,0,0,0,0,2,0
Dtd2,79,71,89,144,149,102
Nubpl,112,69,136,141,151,179
Arhgap5,1816,1157,2252,3077,3621,2128
1700031P21Rik,0,0,1,0,0,0
Akap6,3,2,7,3,8,2
Npas3,7,1,7,5,11,2
Egln3,20,10,21,10,14,26
Sptssa,1182,944,1379,1494,1542,1456
Eapp,462,333,563,466,668,602
Snx6,732,735,1441,1167,1168,1681
Cfl2,308,197,358,443,593,378
Baz1a,503,372,540,682,777,751
2700097O09Rik,102,67,108,152,171,141
Fam177a,237,207,271,321,377,339
Srp54b,797,660,1033,1031,1269,1099
1700047I17Rik2,5,7,7,5,16,4
Ppp2r3c,209,129,214,271,338,251
1110008L16Rik,35,29,49,50,44,48
Psma6,838,708,965,941,1244,1275
Nfkbia,16694,14707,21409,24632,22612,31928
Insm2,0,0,1,0,0,0
Ralgapa1,123,92,146,116,209,121
Brms1l,51,42,41,80,79,71
Mbip,196,154,254,319,413,287
Nkx2-1,0,0,0,0,1,0
Nkx2-9,2,0,1,2,3,1
Slc25a21,0,2,2,4,0,0
Prps1l3,35,29,48,59,55,46
Mipol1,21,12,20,42,49,25
Sstr1,0,0,0,1,1,0
Clec14a,0,0,1,1,3,0
Gm17529,3,3,5,1,10,2
Sec23a,112,79,122,148,180,171
Gemin2,84,59,95,97,126,107
Trappc6b,636,457,713,870,1034,883
Pnn,508,330,560,633,725,645
Gm5786,1,1,1,1,0,0
Ctage5,674,570,876,1002,1083,1255
Fbxo33,426,231,401,545,570,601
Lrfn5,2,4,1,1,3,0
Gm527,9,1,6,16,10,10
Klhl28,47,35,47,75,79,64
Fam179b,135,92,160,175,226,156
Prpf39,217,135,235,225,288,154
Fkbp3,543,460,694,741,880,743
Fancm,22,12,12,27,33,31
Mis18bp1,4,2,4,4,4,2
Mdga2,8,7,4,14,9,3
Rps29,48581,38774,60268,42172,78398,57488
Rpl36al,3450,3025,4470,4009,4925,5482
Mgat2,626,520,783,1102,1031,1309
Dnaaf2,43,30,47,77,89,70
9330151L19Rik,35,17,34,54,51,46
Pole2,12,15,9,19,39,17
Klhdc1,37,19,22,33,23,35
Klhdc2,340,270,422,439,523,428
Nemf,314,249,390,406,536,493
Gm9887,2,0,0,1,3,2
Arf6,1438,1074,1537,1592,2311,1812
Vcpkmt,47,32,39,77,76,49
Sos2,108,100,166,150,206,116
L2hgdh,35,23,43,46,47,27
Atp5s,50,36,60,65,84,66
Cdkl1,1,0,0,1,0,0
4930512B01Rik,0,0,0,0,1,0
Map4k5,204,99,198,162,275,182
Atl1,26,11,33,33,48,27
Gm3086,1,1,2,0,2,0
Sav1,243,139,277,276,330,251
Nin,60,64,78,98,114,107
Pygl,32,15,29,33,46,20
Trim9,2,6,7,2,16,4
Tmx1,376,249,450,394,486,715
Frmd6,6,7,14,8,19,15
Actr10,532,384,647,647,765,683
Psma3,1701,1360,2019,1953,2664,2179
3110056K07Rik,63,33,57,66,73,50
Arid4a,657,516,899,1015,1318,1110
Timm9,148,122,180,219,275,174
2700049A03Rik,71,32,82,93,140,109
Dact1,16,6,19,28,40,9
Daam1,99,69,156,159,178,107
Gpr135,1,0,0,1,0,0
L3hypdh,20,21,18,32,36,17
Jkamp,457,313,513,491,668,624
Rtn1,731,487,822,934,1066,1002
Lrrc9,3,5,2,5,8,4
Pcnxl4,59,39,96,91,114,90
Dhrs7,572,447,657,619,761,802
Ppm1a,316,210,338,411,487,401
Six1,1,0,0,1,0,2
Six4,1,0,1,0,1,0
Mnat1,156,110,153,177,225,186
Trmt5,19,17,15,24,27,28
Slc38a6,65,60,93,107,124,102
Tmem30b,0,0,1,0,0,0
Prkch,87,62,121,152,196,103
Hif1a,706,534,861,931,1261,848
Snapc1,293,194,335,369,434,258
Syt16,2,3,0,1,2,1
1700086L19Rik,1,1,1,4,2,2
Dbpht2,0,0,3,0,4,1
Kcnh5,0,1,0,0,2,0
Rhoj,0,0,0,5,4,1
Ppp2r5e,219,117,240,238,299,313
Wdr89,508,616,740,1107,856,751
Sgpp1,184,112,209,198,297,230
Syne2,7,12,13,13,26,14
Mthfd1,112,65,117,127,177,160
Akap5,21,11,19,23,25,22
Zbtb25,59,54,83,112,100,95
Zbtb1,373,278,351,626,598,496
4930426I24Rik,5,1,3,7,5,4
Hspa2,76,68,81,117,106,99
Ppp1r36,1,5,2,2,6,1
Gm10451,2,0,4,0,9,6
Plekhg3,3,1,2,15,21,4
Sptb,7,6,6,15,18,8
Churc1,328,248,318,412,510,375
Fntb,31,17,21,27,36,33
Rab15,0,0,2,0,2,0
Max,334,224,391,468,582,692
Fut8,108,65,103,133,184,120
Gphn,80,55,115,112,161,104
Fam71d,0,0,0,1,1,0
Mpp5,100,74,156,142,241,149
Atp6v1d,657,495,872,758,937,1057
Eif2s1,513,420,659,711,858,736
Plek2,0,0,0,0,1,0
Tmem229b,51,28,80,131,166,124
Plekhh1,19,8,18,21,46,8
Pigh,71,58,82,96,146,101
Arg2,0,0,2,0,1,0
Vti1b,377,253,392,422,548,529
Rdh11,80,58,92,81,154,110
Rdh12,14,8,7,4,9,4
Zfyve26,53,39,62,54,87,57
Rad51b,1,0,1,0,0,0
Zfp36l1,7320,6479,8422,6131,9667,9908
Gm26669,742,638,861,668,883,452
2310015A10Rik,41,19,56,63,77,42
Actn1,322,76,240,252,385,153
Dcaf5,162,95,195,205,293,186
Exd2,95,75,103,93,139,139
Gm26777,0,0,0,0,3,0
Galnt16,8,3,4,7,19,4
Erh,1418,1112,1657,1814,1990,1708
Slc39a9,104,78,150,142,187,125
Ccdc177,0,0,0,2,1,0
Susd6,335,284,352,401,621,438
Gm26545,12,22,16,24,11,13
Srsf5,3133,2622,3558,4118,5148,3059
Smoc1,4,3,8,7,18,3
Slc8a3,0,1,4,2,1,1
Gm20498,37,22,35,28,38,19
Cox16,245,164,241,146,254,216
Gm4787,3,1,4,10,10,4
Adam4,5,5,9,5,18,8
Synj2bp,290,211,339,346,411,368
Adam21,0,0,1,0,0,0
Med6,176,102,168,219,258,220
Ttc9,87,38,93,107,101,117
Map3k9,83,41,99,101,134,91
Pcnx,75,62,88,109,144,97
Sipa1l1,255,146,325,266,407,223
Rgs6,1,0,1,1,1,0
Dpf3,2,1,0,0,3,3
Dcaf4,97,39,114,109,154,106
Zfyve1,69,47,76,75,118,58
Rbm25,1476,1000,1795,2197,2686,2012
Gm29361,12,7,13,13,24,8
Psen1,328,221,353,420,509,697
Papln,0,1,1,1,0,0
Numb,897,622,1065,1320,1927,741
2410016O06Rik,160,98,170,284,318,230
Gm26571,1,0,0,0,0,0
Acot2,77,60,85,100,113,123
Acot1,23,17,22,30,39,51
Acot5,1,0,0,0,2,0
Acot6,4,6,7,7,16,8
Dnal1,22,13,19,24,29,15
Pnma1,7,14,7,5,3,6
Elmsan1,317,220,320,340,387,224
Ptgr2,315,209,375,366,354,412
Zfp410,114,56,114,167,166,132
Fam161b,3,1,13,2,10,9
Coq6,54,28,65,96,110,82
Entpd5,34,30,36,37,76,43
Bbof1,1,4,3,1,0,1
Rnf113a2,167,108,200,230,244,191
Aldh6a1,95,80,117,146,158,107
Lin52,51,23,47,46,91,57
Abcd4,86,42,91,151,170,163
Syndig1l,0,0,2,2,2,1
Npc2,6580,5522,8144,9071,9369,10769
Isca2,312,245,322,452,507,460
Arel1,105,79,115,132,175,120
Fcf1,412,338,460,395,560,532
Ylpm1,258,155,291,263,406,306
Prox2os,0,0,1,1,0,0
Prox2,10,6,24,26,28,6
Dlst,270,187,278,380,417,361
Rps6kl1,1,1,3,3,7,0
Pgf,0,1,0,1,5,0
Eif2b2,151,95,164,223,258,275
Mlh3,62,41,47,91,102,50
Acyp1,190,148,220,250,250,227
Zc2hc1c,1,0,0,0,1,0
Nek9,199,111,190,211,256,195
Tmed10,1862,1489,2247,2199,2770,2943
Fos,28855,19566,30214,38147,52134,50239
Jdp2,687,964,628,191,678,465
Batf,342,356,311,558,420,287
Mfsd7c,0,0,2,0,2,0
0610007P14Rik,244,192,282,229,327,291
Ttll5,19,12,20,18,35,37
Gm26531,0,0,0,0,1,0
Tgfb3,0,1,0,2,6,1
Ift43,54,36,64,48,62,43
Gpatch2l,106,84,134,135,183,134
4732487G21Rik,1,0,0,0,1,0
Vash1,24,42,29,34,30,49
Angel1,26,23,25,43,55,34
Irf2bpl,2138,1994,2036,3415,3695,2943
Gm26698,15,24,9,40,30,32
Cipc,54,44,50,88,120,71
Tmem63c,0,1,1,0,0,0
Ngb,0,1,2,0,5,1
Pomt2,38,33,44,49,67,61
Gstz1,66,31,59,91,123,65
Tmed8,55,34,69,56,96,44
Samd15,8,11,9,17,24,10
Noxred1,10,8,3,18,26,15
Vipas39,105,80,118,133,196,203
Ahsa1,759,580,916,897,910,1414
Sptlc2,449,406,553,697,845,722
Gm26764,79,43,71,63,167,21
Alkbh1,318,327,418,417,617,509
Slirp,495,394,546,424,784,626
Snw1,609,425,741,703,951,975
Adck1,152,82,177,157,177,173
Nrxn3,4,1,5,5,15,3
Dio2,3,5,8,7,7,1
Gm26512,0,0,0,1,2,0
Cep128,9,8,11,10,15,14
Gtf2a1,193,138,217,292,291,162
Ston2,76,62,69,62,63,56
Sel1l,321,225,353,378,521,614
Gm9726,0,0,0,2,0,0
Flrt2,1,0,2,1,4,4
Galc,74,90,82,97,153,128
Gpr65,259,470,302,336,547,521
Kcnk10,0,1,0,0,1,0
Spata7,23,15,13,52,59,22
Ptpn21,28,19,34,44,61,42
Zc3h14,289,160,331,338,367,371
Eml5,7,14,15,16,22,5
Ttc8,62,36,62,89,97,88
Gm28933,4,5,14,8,8,1
Foxn3,711,414,824,1009,1115,997
3300002A11Rik,0,1,0,1,4,0
Gm26839,0,0,0,2,0,0
1700064M15Rik,7,3,2,4,9,7
Efcab11,2,0,1,1,3,2
Tdp1,111,73,126,117,152,158
Kcnk13,588,337,695,1010,1185,655
Psmc1,287,197,331,363,500,638
Nrde2,52,41,64,92,107,82
Calm1,4912,3516,5917,6817,7423,7962
Gm26723,1,0,1,3,2,0
Ttc7b,44,30,48,84,105,79
Rps6ka5,60,39,42,109,110,71
9030617O03Rik,88,57,98,130,167,122
Gpr68,0,0,1,0,2,0
Ccdc88c,0,0,0,1,1,0
Smek1,341,216,365,425,514,313
D130020L05Rik,7,3,4,6,9,6
Tc2n,0,0,1,0,0,0
Fbln5,1,1,2,2,6,7
Trip11,368,271,424,489,630,463
Atxn3,186,129,219,230,244,183
Cpsf2,245,168,268,375,481,457
Gm16339,1,0,0,0,0,0
Slc24a4,0,1,0,1,0,0
Rin3,274,184,264,328,398,415
Lgmn,24184,18208,28603,33627,34630,42390
Golga5,159,121,191,222,253,208
Chga,1,0,1,2,3,0
Itpk1,183,102,194,222,275,285
Gm20604,70,40,63,93,84,108
Moap1,1,2,1,0,2,1
Tmem251,334,260,417,491,476,418
AK010878,110,92,137,164,207,151
Ubr7,75,46,81,101,119,77
Btbd7,105,74,108,115,200,86
Unc79,12,5,14,12,14,7
Prima1,3,2,0,6,12,0
Fam181a,1,0,0,0,1,0
Gm29508,0,1,0,3,2,0
Asb2,306,120,379,534,616,413
Gm15523,6,2,4,5,15,7
Otub2,12,11,17,15,15,26
9330161L09Rik,0,0,0,2,0,0
Ddx24,714,511,888,985,1146,1437
Ifi27,1009,855,1139,1639,1599,1768
Ifi27l2a,224,373,335,283,341,1971
Ppp4r4,1,1,4,3,9,8
Serpina1a,1,0,0,0,0,0
Serpina9,0,0,1,1,0,0
Serpina3g,0,0,0,0,1,0
Serpina3n,1,0,1,2,6,0
Gsc,0,2,1,0,0,0
Dicer1,184,132,222,257,342,171
Clmn,9,10,13,24,78,12
4930408O17Rik,0,0,0,1,1,0
Gm28875,1,2,1,0,4,2
Syne3,0,0,3,1,0,0
Glrx5,351,304,450,519,565,478
Tunar,0,0,0,0,2,0
D430019H16Rik,0,1,1,4,4,0
Bdkrb1,2,2,2,4,0,1
Atg2b,86,56,87,75,134,85
Gskip,95,71,144,105,166,161
Ak7,1,3,0,2,4,1
Papola,935,695,1046,1030,1369,1111
Vrk1,454,323,584,569,718,609
Bcl11b,2,2,1,0,3,4
Setd3,642,524,792,910,1071,995
Ccnk,171,126,192,204,254,246
Ccdc85c,2,1,2,1,0,0
Cyp46a1,7,7,7,14,26,7
Eml1,5,4,7,12,24,3
Evl,1248,741,1298,1504,1741,2123
Degs2,7,8,10,11,21,3
Yy1,718,476,854,1109,1125,1029
Slc25a29,22,17,23,38,45,38
Slc25a47,5,0,2,2,7,5
Wars,146,121,170,190,253,290
Wdr25,27,15,23,25,25,25
Begain,1,4,4,1,11,3
Dlk1,0,1,1,2,2,0
Meg3,37,63,67,82,141,15
Mirg,0,0,0,0,3,1
Ppp2r5c,378,248,451,492,710,470
Dync1h1,503,366,542,516,728,608
Gm17111,3,3,8,3,8,0
Hsp90aa1,4581,4002,5358,6665,5906,7196
Wdr20,209,150,263,362,414,324
Mok,1,4,3,10,7,4
4921507G05Rik,0,0,1,1,1,0
Gm26912,5,6,12,9,10,9
Zfp839,112,76,128,215,239,201
Cinp,100,73,124,135,149,117
Tecpr2,43,29,44,39,71,43
Ankrd9,23,20,24,42,50,29
Rcor1,247,162,243,288,375,269
4930595D18Rik,0,2,2,0,3,4
Traf3,85,55,112,138,182,105
Amn,2,1,3,4,0,1
A230087F16Rik,1,2,5,5,9,2
Cdc42bpb,154,130,187,219,273,199
A230065H16Rik,0,3,1,0,1,0
Exoc3l4,3,9,8,7,10,5
Gm10425,3,6,4,3,4,7
Tnfaip2,1105,943,1525,754,1489,1507
Gm266,2,1,1,1,5,2
Eif5,2461,1643,2863,3963,4321,2982
2810029C07Rik,2,3,4,5,14,0
Mark3,342,256,402,409,501,445
Ckb,9198,5957,10795,13086,12853,11650
Trmt61a,94,68,104,168,183,178
Bag5,206,149,283,361,463,321
Apopt1,264,224,318,377,417,331
Klc1,237,171,268,245,394,277
Xrcc3,4,4,4,8,29,8
Zfyve21,246,185,271,406,482,360
Ppp1r13b,70,35,67,101,122,96
2010107E04Rik,1276,1004,1505,909,2106,2113
Rd3l,0,1,1,0,0,0
Aspg,1,0,0,0,1,1
Kif26a,0,0,0,1,10,0
Tmem179,2,0,3,4,8,5
Inf2,17,18,28,28,78,31
Adssl1,132,138,169,259,381,196
Siva1,216,207,277,361,372,357
Akt1,829,505,872,1131,1208,1347
Zbtb42,4,6,2,10,11,8
Cep170b,5,2,5,4,21,3
Pld4,4469,3095,5453,6791,6757,8575
Ahnak2,2,0,0,3,0,2
BC022687,25,10,38,35,34,26
Cdca4,164,75,196,170,279,230
Gpr132,3,6,11,4,7,1
Jag2,12,8,12,15,23,18
Nudt14,116,83,154,173,210,206
Gm26583,1,1,2,5,5,3
Brf1,156,89,144,195,252,242
Btbd6,75,74,119,157,202,110
9230104M06Rik,1,0,1,3,1,6
Pacs2,218,201,257,343,465,345
Tex22,2,0,0,0,3,1
Mta1,206,133,209,251,309,350
Crip2,21,22,26,37,60,17
Crip1,152,132,313,142,264,191
4930427A07Rik,2,4,3,2,6,5
Tmem121,0,1,3,4,12,3
Zfp386,149,95,134,222,251,205
Wdr60,34,24,33,40,80,41
Gm11027,4,0,1,2,11,1
Esyt2,85,68,102,97,112,86
Ncapg2,18,3,13,14,20,12
Ptprn2,0,0,1,0,0,0
Rapgef5,321,199,409,478,548,327
Cdca7l,0,0,0,4,6,5
Dnah11,1,2,0,0,2,0
Sp4,122,82,183,155,193,153
Sp8,0,2,1,0,0,0
Itgb8,8,8,11,13,43,13
Gm6768,0,2,0,0,0,1
Sepp1,10685,8168,13589,11222,12075,16210
Ghr,1,1,4,1,5,7
Fbxo4,154,107,141,206,224,247
AW549877,213,150,240,320,390,286
Gm2093,0,0,1,0,1,0
Oxct1,1363,853,1752,1751,1956,1659
Gm15632,3,1,1,0,3,0
Plcxd3,0,0,0,0,3,0
Card6,110,76,147,141,222,130
Rpl37,17124,14176,21338,15009,25124,22499
Gm10250,5,2,6,7,12,4
Prkaa1,95,72,131,145,161,132
Ttc33,195,135,246,243,257,247
Ptger4,70,120,91,141,150,65
Dab2,55,80,58,79,86,164
Fyb,1824,1936,2279,2840,2729,4125
Gm2245,19,14,27,18,19,9
Rictor,107,62,99,134,192,89
Osmr,0,1,0,1,2,0
Lifr,337,495,325,401,750,401
Egflam,0,0,0,1,1,0
Wdr70,108,109,166,116,267,200
Nup155,58,40,51,42,97,70
2410089E03Rik,60,36,68,85,115,59
Nipbl,707,486,837,764,1021,1069
Slc1a3,1490,1270,1677,1170,1832,1438
Ranbp3l,7,4,3,4,5,1
Nadk2,163,79,181,176,203,153
Skp2,23,12,27,33,60,43
Lmbrd2,29,29,34,46,60,35
Capsl,0,3,0,0,2,0
Il7r,111,71,131,147,190,90
Spef2,9,5,9,10,10,12
Prlr,1,1,6,0,2,0
Dnajc21,285,231,346,383,423,402
Brix1,192,155,220,316,405,314
Rad1,96,44,108,121,150,135
Rai14,10,9,16,14,25,8
4930556M19Rik,0,0,0,0,0,1
4930556M19Rik-1,4,1,5,3,5,4
Amacr,77,57,80,94,104,96
Tars,162,122,205,219,319,302
Sub1,3261,2644,3714,3859,4988,3571
Zfr,462,364,597,578,658,646
Mtmr12,93,69,106,146,172,97
1810049J17Rik,2,0,0,2,0,0
Golph3,287,238,317,362,387,344
Pdzd2,8,4,4,6,8,4
6030458C11Rik,62,41,68,58,72,74
Drosha,87,60,108,83,126,105
Cdh6,0,0,0,0,1,0
Cdh10,2,2,6,7,12,1
Acot10,0,0,0,0,1,0
Gm2824,0,0,0,0,0,1
Basp1,11634,7400,13435,14393,16223,14117
Gm5468,11,9,10,3,11,4
Myo10,17,17,11,26,48,16
Fam134b,1447,1038,1776,1899,2194,2083
Zfp622,810,693,994,1284,1240,1318
March11,0,0,1,0,0,0
Gm6576,0,2,1,2,0,0
Ank,147,73,196,158,244,117
Otulin,478,336,652,699,1065,567
Fam105a,3238,2107,4039,4553,4666,4531
Trio,341,162,372,466,610,261
Dnah5,1,2,1,0,3,0
Ctnnd2,65,31,75,71,86,45
Dap,376,276,452,498,590,564
Ankrd33b,12,21,16,17,16,8
Ropn1l,31,23,40,51,47,34
March6,297,197,327,310,419,305
Cmbl,1,0,1,3,3,1
Cct5,985,795,1228,1320,1341,1705
Fam173b,146,132,206,210,189,310
Snhg18,0,2,0,0,4,0
Sema5a,4,3,7,4,12,1
Sdc2,4,4,4,5,10,0
Cpq,97,75,137,94,101,142
Tspyl5,1,1,1,1,1,0
Mtdh,2936,1959,3455,4602,5342,3953
Laptm4b,155,155,200,196,249,303
Matn2,2,5,2,3,5,0
9430069I07Rik,0,1,0,0,0,2
Rpl30,16749,15357,22801,19602,23280,21942
Hrsp12,154,133,179,207,258,172
Pop1,27,30,43,51,74,81
Nipal2,0,0,0,0,1,0
Stk3,130,101,114,133,153,122
Osr2,2,0,0,0,0,0
Vps13b,107,73,97,161,146,119
Cox6c,2312,1863,2721,2159,4048,3028
Polr2k,622,465,698,512,892,695
Spag1,4,8,10,14,15,10
Rnf19a,83,59,89,133,142,104
Rpl7a-ps3,0,0,1,0,0,0
Ankrd46,96,71,123,148,204,157
Pabpc1,3709,3087,4800,5982,6586,7785
Ywhaz,2508,1642,2645,2587,3755,2451
Gm10384,16,6,17,29,23,18
Zfp706,2061,1496,2459,2840,3076,2958
Ncald,12,1,18,20,23,4
Rrm2b,218,123,226,231,415,180
Ubr5,270,207,315,320,392,347
Klf10,291,290,255,444,408,569
Gm26863,1,2,0,0,1,1
Azin1,929,626,1047,1208,1514,982
2310043O21Rik,0,2,0,0,0,0
Atp6v1c1,727,625,958,1052,1266,1207
Gm26704,0,2,0,0,0,0
Baalc,2,0,1,3,2,1
Fzd6,2,2,2,1,0,0
Cthrc1,1,1,0,5,4,1
Slc25a32,41,24,36,69,82,59
Dcaf13,187,120,208,247,270,275
Rims2,0,0,0,1,10,0
Dcstamp,1,0,0,0,1,0
Dpys,1,0,1,0,0,0
Lrp12,116,84,105,175,188,168
Zfpm2,0,0,1,1,4,0
Oxr1,357,224,368,362,463,353
Gm26854,0,0,0,0,1,0
Abra,0,0,1,1,1,0
Angpt1,0,3,1,2,1,0
Rspo2,0,0,1,0,0,0
Eif3e,1073,1007,1454,1561,1478,1719
Emc2,491,411,560,598,699,650
Trhr,1,0,0,0,0,0
Nudcd1,36,34,46,44,69,46
Eny2,375,330,439,473,670,462
Ebag9,129,109,109,181,222,186
Sybu,3,0,4,3,7,1
2310069G16Rik,0,0,2,0,5,0
Kcnv1,0,0,0,0,2,0
Csmd3,849,431,868,1024,1311,543
Trps1,15,28,39,28,41,33
Eif3h,1727,1293,2135,2289,2149,2345
Utp23,86,63,112,190,204,184
Rad21,414,267,480,453,625,403
Aard,0,0,2,0,1,0
Gm10020,164,161,203,224,246,230
Med30,455,364,547,542,650,446
Ext1,112,85,165,162,190,199
Samd12,0,1,0,0,2,0
Tnfrsf11b,0,0,0,0,2,0
Mal2,2,2,3,0,2,1
Nov,3,3,2,1,2,0
Enpp2,201,99,415,128,323,47
Taf2,105,59,89,100,148,96
Dscc1,3,6,5,12,13,5
Gm9920,22,15,31,31,29,37
Deptor,44,49,83,76,101,133
Col14a1,9,11,6,7,17,6
Mrpl13,305,185,307,368,430,419
Mtbp,19,8,25,30,33,22
Sntb1,1,0,0,0,0,0
Has2,0,0,0,0,0,1
Zhx2,31,20,24,22,37,21
Gm16006,0,0,1,0,3,1
Derl1,1153,768,1378,1540,1633,1750
Tbc1d31,151,99,152,181,232,195
Fam83a,0,2,0,0,5,0
9130401M01Rik,131,142,200,188,239,207
Gm29394,4,3,6,6,13,8
Zhx1,180,149,233,291,331,222
Atad2,66,47,77,89,141,96
Wdyhv1,137,85,123,180,173,173
Fbxo32,42,19,50,68,86,44
Klhl38,27,22,50,20,38,33
Anxa13,0,0,1,0,0,0
D15Ertd621e,995,653,1149,1254,1449,1280
Tmem65,286,190,295,378,446,366
Trmt12,60,39,68,106,118,92
Rnf139,258,172,313,351,409,420
Tatdn1,86,71,127,152,184,134
Ndufb9,1146,1036,1185,1417,1897,1595
Mtss1,277,177,309,292,398,202
Sqle,6,5,9,7,22,7
E430025E21Rik,79,68,98,96,129,115
Nsmce2,193,154,231,280,324,252
Trib1,1452,1274,1670,946,1332,2107
Fam84b,70,28,51,87,95,55
Myc,324,245,384,700,746,616
Pvt1,119,77,91,128,164,87
Gsdmc4,0,0,1,0,0,0
Fam49b,3736,2707,4441,4649,4879,5055
Asap1,643,549,792,1081,1235,963
Adcy8,18,0,26,17,34,7
Efr3a,372,253,464,482,614,446
Kcnq3,6,3,4,10,24,5
Lrrc6,0,0,0,1,3,0
Tmem71,78,53,94,83,168,76
Phf20l1,418,265,469,575,793,575
Tg,0,1,4,4,4,1
Gm17140,0,0,0,0,0,1
Sla,693,591,708,898,1058,1182
Wisp1,0,0,1,0,2,0
Ndrg1,45,22,60,62,149,16
Gm17035,0,1,1,0,0,0
St3gal1,17,24,18,27,49,36
Zfat,25,19,37,29,46,27
Gm20732,1,0,1,0,2,2
Khdrbs3,943,390,1018,914,1171,815
Trappc9,137,99,144,168,228,209
Chrac1,459,350,577,754,962,614
Ago2,267,203,316,303,437,327
Ptk2,32,34,50,40,48,34
Dennd3,4,4,4,9,19,1
Slc45a4,197,125,243,254,344,256
Ptp4a3,801,529,962,1110,1439,1200
Mroh5,1,0,0,0,1,0
Adgrb1,20,6,21,13,33,6
Arc,6,1,15,18,14,6
Jrk,14,15,18,33,32,38
4933427E11Rik,1,0,0,0,0,0
Them6,94,85,91,96,127,136
Lypd2,0,0,0,0,0,1
Lynx1,2,7,5,4,1,1
Ly6d,0,0,0,0,1,0
Ly6k,30,73,44,5,57,103
2010109I03Rik,5,6,4,22,15,10
Ly6e,5409,6477,6359,7772,8812,17337
Ly6i,1,2,3,2,3,4
Ly6a,53,94,54,88,92,487
Gm28068,0,0,0,1,0,0
Ly6c1,4,9,8,16,71,14
Ly6c2,0,0,0,1,4,2
Ly6g,0,2,0,0,1,0
Ly6h,9,11,14,12,26,11
Zfp41,7,6,14,15,17,14
Top1mt,46,34,60,70,79,74
Gm15945,0,0,0,0,1,1
Rhpn1,3,2,3,3,4,0
Mafa,0,0,0,0,1,0
Zc3h3,119,81,130,158,180,245
Gsdmd,645,467,778,879,1060,1206
Naprt,62,106,79,146,119,158
Eef1d,2077,1763,2848,2993,2680,2892
Tigd5,9,5,14,34,34,16
Pycrl,107,82,129,158,188,174
Tsta3,160,100,183,238,263,212
Zfp623,37,22,51,68,95,64
Zfp707,41,20,37,81,71,54
Ccdc166,16,8,18,27,41,30
Mapk15,1,3,2,0,3,1
Fam83h,9,5,10,8,12,15
K230010J24Rik,3,1,0,3,5,4
Scrib,98,61,94,95,134,122
Puf60,564,320,657,771,908,898
Nrbp2,18,20,24,42,78,10
BC024139,1,0,0,2,4,1
Plec,12,23,9,17,30,17
Parp10,73,59,119,147,141,186
Grina,988,771,1209,1024,1320,1589
Smpd5,88,38,112,152,208,134
Oplah,23,14,33,31,53,34
Exosc4,278,200,308,405,472,378
Gpaa1,290,215,390,521,573,729
Cyc1,707,550,830,882,1076,1178
Sharpin,182,167,228,267,378,417
Maf1,510,384,624,709,903,874
WDR97,2,6,5,1,3,2
Hgh1,38,17,37,81,79,62
Mroh1,150,112,178,190,254,295
Bop1,130,87,141,168,176,247
Scx,2,4,4,13,6,6
Hsf1,147,115,168,176,223,261
Dgat1,112,98,119,143,173,180
Scrt1,0,1,1,2,5,1
Fbxl6,294,187,417,486,468,444
Slc52a2,71,65,139,138,185,203
Adck5,152,87,169,186,235,121
Cpsf1,113,73,144,123,175,133
Slc39a4,31,11,47,32,52,16
Tonsl,962,716,1344,1232,1505,1398
Cyhr1,475,290,557,609,761,609
Kifc2,10,4,8,18,39,11
Ppp1r16a,71,38,79,108,130,156
Gpt,26,20,26,32,64,44
Mfsd3,75,42,78,94,113,123
Recql4,2,2,2,1,1,1
Lrrc14,100,64,101,123,186,144
Lrrc24,53,47,65,116,133,128
Arhgap39,432,289,492,528,685,633
Zfp251,19,9,20,27,34,14
Zfp7,1,3,5,7,3,5
Commd5,92,85,110,200,210,214
Rpl8,8776,8393,11668,15509,13616,14559
Zfp647,2,0,1,1,2,0
1110038F14Rik,215,156,261,296,383,300
Apol6,0,0,0,0,0,1
Rbfox2,28,17,38,33,54,36
Apol11b,0,0,6,0,0,0
Apol8,1,1,2,2,2,1
Myh9,854,601,991,962,1367,997
Txn2,432,346,551,665,689,833
Foxred2,1,0,1,0,4,2
Eif3d,610,455,749,738,863,990
Gm17638,1,2,0,3,7,0
Cacng2,0,1,2,0,3,4
Ift27,109,69,125,137,180,190
Pvalb,4,1,2,4,5,0
Ncf4,641,423,765,724,847,812
Csf2rb2,136,136,171,180,181,292
Csf2rb,440,505,517,623,637,1176
Tst,19,10,13,23,28,19
Mpst,159,109,219,255,253,185
Kctd17,0,1,0,0,2,0
C1qtnf6,0,1,1,0,3,0
Rac2,1221,961,1366,1874,1729,2639
Cyth4,2598,1726,3176,4758,4906,4762
Elfn2,2,0,0,1,2,4
Mfng,984,561,1154,1268,1479,1103
Card10,2,1,2,3,11,5
Cdc42ep1,18,5,13,23,54,5
Lgals2,5,0,1,3,2,2
Gm26634,0,1,2,1,1,3
Gga1,311,212,404,463,557,634
Sh3bp1,650,345,732,731,994,1006
1700027A07Rik,0,0,0,0,3,0
Lgals1,53,34,66,87,78,87
Nol12,189,144,195,316,341,283
Triobp,148,109,185,220,270,275
H1f0,454,320,465,374,534,591
Gcat,14,14,26,30,29,28
Ankrd54,124,115,199,247,229,201
Eif3l,432,358,535,677,809,771
Micall1,47,48,80,90,142,67
1700088E04Rik,1,5,4,4,10,3
Polr2f,482,395,591,572,718,760
Sox10,27,17,39,45,167,25
Gm10863,0,0,1,0,0,1
Pick1,56,41,63,84,126,86
Slc16a8,4,1,4,0,2,0
Baiap2l2,0,1,3,2,9,0
Pla2g6,39,21,36,75,53,62
Maff,385,332,497,524,478,444
Tmem184b,296,174,294,341,495,393
Csnk1e,2769,1706,3098,3340,4080,3208
Gm16059,17,8,16,12,27,2
Kcnj4,0,0,1,1,0,1
Kdelr3,1,0,2,1,1,0
Ddx17,654,483,731,653,994,548
Dmc1,2,0,1,0,1,0
Fam227a,10,7,17,18,13,14
Cby1,86,58,116,107,167,159
Tomm22,815,681,1058,1198,1290,1279
Josd1,103,68,126,148,190,95
Gm26884,0,0,0,2,1,2
Gtpbp1,186,125,204,211,346,176
Sun2,729,439,786,861,1167,884
Gm16576,48,29,37,61,69,53
Dnal4,148,115,212,211,249,243
Nptxr,35,39,33,34,74,46
Cbx6,76,65,88,124,166,149
Apobec3,656,666,827,983,1238,1482
Cbx7,87,56,96,113,160,90
Pdgfb,1725,1067,2019,2781,2989,1815
Rpl3,10342,8842,13674,17175,14270,15547
Syngr1,2866,2051,3450,4101,4774,3296
Tab1,62,46,66,156,138,116
Mgat3,3,3,7,6,10,1
Mief1,47,40,58,82,125,87
Atf4,2945,1781,3068,3824,4421,3575
Rps19bp1,248,148,284,326,448,319
Cacna1i,0,0,0,0,0,1
Grap2,0,0,1,0,0,0
Tnrc6b,794,480,878,866,1315,795
Adsl,115,111,141,206,233,214
Sgsm3,96,71,122,114,163,168
Mkl1,100,39,112,142,195,134
Mchr1,0,0,0,0,0,1
Slc25a17,342,289,386,408,512,541
St13,2126,1452,2599,2118,2587,2576
Xpnpep3,32,26,51,68,65,63
Dnajb7,0,0,1,2,0,1
Gm17025,15,12,15,22,24,15
Rbx1,1946,1622,2269,2023,2960,2552
Ep300,673,453,779,906,1094,849
L3mbtl2,52,52,70,104,135,107
Chadl,4,8,7,7,12,5
Rangap1,225,141,185,250,324,326
Zc3h7b,118,68,124,127,217,94
Gm17597,0,0,1,0,3,1
Tef,167,113,219,434,558,232
Gm8444,15,4,12,24,12,14
Tob2,1985,1334,2341,2386,2910,2444
Phf5a,435,354,571,711,805,761
Aco2,464,315,570,665,890,747
Polr3h,80,46,80,131,145,100
Csdc2,5,5,2,10,23,4
Pmm1,147,111,156,174,244,153
Xrcc6,78,61,103,127,153,151
Desi1,186,123,231,208,334,285
Nhp2l1,1198,1061,1470,1824,2005,1795
4930407I10Rik,0,0,0,0,0,1
Ccdc134,92,64,98,134,139,139
Srebf2,109,85,100,88,182,104
Shisa8,1,0,1,2,5,1
Tnfrsf13c,1,1,0,0,2,0
Cenpm,1,1,0,1,0,1
1500009C09Rik,4,4,4,7,16,10
Sept3,2,2,6,8,10,6
Naga,555,422,681,775,897,1045
Fam109b,0,1,1,2,7,3
Smdt1,1295,1039,1384,1680,1957,1767
Ndufa6,1186,999,1441,1363,1802,1852
Cyp2d22,13,5,12,8,35,11
Cyp2d26,0,0,0,0,0,1
Tcf20,118,96,157,145,197,133
Gm20324,5,5,9,5,13,9
Gm29019,1,0,1,2,1,2
AW121686,0,0,1,0,0,0
Nfam1,468,343,542,515,741,913
Serhl,89,86,134,175,203,176
Rrp7a,282,215,347,428,439,539
Poldip3,338,241,402,493,584,457
Cyb5r3,264,161,327,335,417,437
A4galt,0,0,0,0,1,0
Arfgap3,50,59,76,115,107,99
1700001L05Rik,1,0,2,1,4,1
Pacsin2,666,505,760,909,1079,1056
Ttll1,38,34,69,71,90,123
Bik,45,39,49,67,76,62
Mcat,139,99,176,258,274,214
Tspo,986,1434,1203,1811,1569,3310
Ttll12,43,31,44,54,94,53
Scube1,14,5,31,12,25,9
Mpped1,0,3,5,1,11,4
Efcab6,1,2,0,1,5,0
Sult4a1,9,5,5,5,13,4
Pnpla3,1,0,4,7,3,2
Samm50,555,420,692,799,866,782
Parvb,125,115,192,142,155,225
Parvg,607,383,666,663,957,971
1810041L15Rik,4,1,1,6,6,2
Ldoc1l,9,19,28,22,32,30
Prr5,45,22,54,50,64,93
Phf21b,11,8,9,9,17,25
Gm29666,29,17,28,60,100,11
Nup50,174,102,170,224,291,243
5031439G07Rik,360,271,473,574,682,758
Fam118a,11,16,21,35,19,32
Smc1b,2,2,3,1,3,1
Fbln1,3,3,9,7,4,12
Atxn10,724,467,810,912,1069,850
Wnt7b,3,2,5,2,9,4
D130051D11Rik,0,0,3,1,1,1
Ppara,1,3,0,2,0,1
Cdpf1,155,118,198,226,218,220
Ttc38,60,41,76,86,111,122
Gtse1,1,1,1,2,2,0
Trmu,66,54,86,108,120,109
Celsr1,2,1,0,3,2,0
Gramd4,54,27,58,41,99,45
Cerk,829,508,961,860,1102,1063
Gm15569,1,1,0,1,1,1
Tbc1d22a,316,210,343,501,558,511
Fam19a5,4,8,7,1,16,7
Brd1,511,314,549,727,818,544
Zbed4,54,33,58,89,75,62
Alg12,66,39,85,96,125,132
Creld2,274,342,336,306,334,1073
Pim3,603,455,613,863,836,694
Ttll8,0,0,0,0,1,0
Mlc1,17,11,23,40,63,15
Panx2,0,2,1,1,7,1
Trabd,221,138,249,343,373,325
Selo,157,92,170,160,254,232
Tubgcp6,29,17,32,35,51,30
Hdac10,56,39,68,82,77,92
Mapk12,10,3,8,9,25,4
Mapk11,5,1,1,2,7,2
Plxnb2,867,668,1155,1439,1622,1637
Dennd6b,21,13,26,30,42,27
Gm26798,14,11,17,12,38,4
Ppp6r2,19,14,35,17,18,26
Sbf1,121,64,140,143,269,172
Lmf2,138,95,136,174,217,242
Ncaph2,191,161,244,267,361,363
Sco2,197,135,272,289,359,395
Tymp,0,1,1,1,0,0
Odf3b,0,1,1,0,4,2
Cpt1b,0,0,0,1,3,2
Chkb,221,149,251,257,356,365
C730034F03Rik,24,13,32,43,47,46
Mapk8ip2,5,4,6,3,15,2
Arsa,200,132,191,252,324,330
C230037L18Rik,13,6,10,7,15,9
Shank3,1,0,1,0,3,0
Acr,0,0,1,0,0,0
Rabl2,50,38,46,42,70,85
Syt10,0,1,0,0,0,0
Alg10b,39,15,25,32,39,33
Cpne8,2,2,1,7,3,2
Kif21a,12,14,9,18,33,8
Abcd2,417,336,470,742,828,591
Slc2a13,0,2,0,0,3,0
Lrrk2,1,0,0,0,4,0
Cntn1,22,21,25,23,73,8
Gm26760,1,2,1,4,4,2
Pdzrn4,22,16,15,11,19,20
Gxylt1,509,315,567,610,753,569
Yaf2,497,329,559,580,615,473
Zcrb1,866,611,978,1020,1277,987
Pphln1,255,177,249,239,304,263
Prickle1,19,21,18,21,37,23
Adamts20,1,2,3,0,10,1
Pus7l,23,18,27,44,54,19
Irak4,136,126,168,226,253,208
Twf1,299,231,365,442,474,576
Tmem117,2,0,1,1,2,0
Nell2,0,1,2,2,3,7
Dbx2,5,2,5,13,16,9
A130051J06Rik,4,10,5,8,13,5
Ano6,164,148,189,171,282,197
Gm17546,0,0,1,0,0,0
2610037D02Rik,235,140,221,377,352,345
Arid2,292,194,294,323,471,347
Scaf11,815,602,1065,1275,1509,1141
Slc38a1,250,210,322,433,481,405
Slc38a2,980,566,1027,1281,1650,1191
Amigo2,1,1,3,2,5,3
Pced1b,38,18,42,34,58,66
Rpap3,95,63,87,102,142,117
Endou,0,0,0,0,0,2
Rapgef3,3,4,9,3,23,6
Rapgef3os2,0,2,0,0,1,0
Slc48a1,264,147,283,303,423,337
Hdac7,18,9,11,13,43,8
Tmem106c,282,188,304,320,427,358
Col2a1,1,0,0,1,0,0
Senp1,118,89,117,181,194,146
Pfkm,34,19,27,38,61,28
Gm26513,2,0,2,5,4,5
Asb8,87,50,81,153,151,178
Ccdc184,1,0,0,0,5,1
Olfr287,0,1,2,0,1,0
Zfp641,11,6,6,18,28,17
Lalba,1,0,0,1,1,0
Kansl2,244,145,246,361,445,317
Ccnt1,450,344,539,659,936,810
9330020H09Rik,22,15,18,38,36,43
4930415O20Rik,0,0,2,1,0,0
Adcy6,13,12,22,18,35,24
Cacnb3,2,0,5,1,3,1
Ddx23,66,35,80,53,101,75
Rnd1,28,8,29,48,32,41
Ccdc65,0,0,2,1,3,0
Fkbp11,8,4,9,16,23,8
Arf3,372,312,429,476,523,551
Wnt10b,0,0,0,1,3,0
Ddn,6,4,3,11,15,11
B130046B21Rik,6,4,8,11,9,4
Prkag1,271,186,302,367,475,457
Kmt2d,326,253,375,281,409,371
Rhebl1,19,9,21,31,33,18
Dhh,0,0,0,0,1,0
Lmbr1l,86,60,112,137,138,149
Tuba1b,3481,2499,4073,4677,5851,6607
Tuba1a,4589,2628,4497,4141,5470,5775
4930578M01Rik,6,2,8,11,11,5
Tuba1c,486,440,608,687,720,1091
Prph,0,0,0,2,0,0
Dnajc22,0,0,0,0,1,0
Spats2,90,47,78,107,139,112
Kcnh3,1,1,1,2,1,0
Mcrs1,327,226,393,458,491,484
Fam186b,0,0,0,0,1,0
Prpf40b,56,38,58,76,112,68
Fmnl3,711,402,834,910,1214,674
Tmbim6,4363,3416,5300,5364,6260,8137
Nckap5l,347,281,414,566,648,453
Nckap5los,8,2,10,11,13,5
Bcdin3d,87,64,115,200,211,160
Faim2,9,5,15,14,31,5
Racgap1,7,5,9,5,12,9
Asic1,4,1,5,2,11,4
Gm17349,1,0,0,0,1,0
Smarcd1,239,169,223,271,427,224
Gm16537,14,6,9,9,8,13
Gpd1,82,51,81,106,184,153
Cox14,564,483,648,708,816,929
Cers5,241,183,268,328,354,356
Gm17058,0,0,0,0,4,0
Lima1,108,78,167,182,214,171
Gm21917,1,1,0,0,0,0
Larp4,301,231,360,469,459,332
2310068J16Rik,19,7,12,17,25,19
Dip2b,1082,652,1165,1051,1602,756
Atf1,535,395,562,665,887,800
Mettl7a1,323,258,432,373,438,602
Mettl7a3,1,0,0,0,0,1
Mettl7a2,0,0,0,1,0,0
Slc11a2,134,90,166,171,228,181
Gm5475,20,11,16,30,18,9
5330439K02Rik,10,13,10,12,19,12
Letmd1,199,112,200,249,259,316
Csrnp2,33,16,39,55,74,35
Tfcp2,55,33,72,59,63,44
Pou6f1,58,39,62,59,109,70
Gm20680,0,1,1,1,0,0
Gm27209,2,0,1,1,4,0
C330013E15Rik,29,17,37,47,47,37
Dazap2,1140,862,1311,1270,1580,1394
Smagp,374,333,462,568,592,494
Bin2,3119,2116,3369,4614,4546,5238
Cela1,20,14,14,25,28,18
Galnt6,12,13,18,42,53,25
Slc4a8,2,6,5,4,6,6
Scn8a,3,3,1,3,3,3
Fignl2,24,20,28,39,59,24
Acvrl1,239,161,273,288,413,258
Gm16031,1,0,0,0,0,1
Acvr1b,47,46,77,98,118,76
A330009N23Rik,4,2,7,8,18,3
Grasp,109,81,107,134,100,65
Nr4a1,3990,3649,4579,3238,4640,3815
Atg101,416,291,479,613,677,521
6030408B16Rik,2,2,3,3,1,1
Krt7,0,0,0,0,0,1
Krt1,0,0,1,0,4,0
Krt77,0,1,1,0,0,0
Krt8,2,0,2,0,1,1
Krt18,0,3,4,0,5,2
Eif4b,603,443,742,929,904,1079
Tns2,2,2,2,4,15,3
Spryd3,84,60,82,109,160,149
Igfbp6,7,50,9,30,8,211
Soat2,9,21,7,35,30,62
Csad,469,283,495,585,571,730
Zfp740,257,177,316,358,484,476
Itgb7,4,8,8,11,7,31
Rarg,24,28,24,28,32,39
Mfsd5,224,195,313,370,499,542
Espl1,147,73,138,191,206,207
Pfdn5,3582,3111,4994,4683,4751,4150
Myg1,244,166,315,319,397,370
Aaas,41,38,55,54,69,100
Sp7,0,1,1,3,4,0
Sp1,278,222,351,406,512,306
Amhr2,1,2,2,2,4,4
Gm26518,311,161,405,375,782,343
Prr13,802,650,893,863,1053,1361
Pcbp2,1929,1435,2214,2020,2735,2492
Map3k12,90,65,97,129,160,77
Gm10337,0,0,0,0,0,1
Tarbp2,116,83,141,193,216,199
Npff,9,8,10,9,17,9
Gm28047,1,0,0,1,1,0
Atf7,208,128,259,250,386,293
Atp5g2,2339,2034,2995,3719,3750,3876
Calcoco1,152,93,152,106,197,149
Smug1,18,17,41,39,67,46
Cbx5,84,77,112,125,221,141
Hnrnpa1,1678,1407,1992,2577,2887,2518
Nfe2,3,2,0,2,2,0
Copz1,301,201,372,329,475,610
Gpr84,4469,4483,5525,6618,5661,7803
Zfp385a,474,260,589,575,875,745
Itga5,197,148,204,133,228,170
Gtsf1,0,1,0,0,2,0
Nckap1l,1520,1053,1661,1639,2050,1885
Pde1b,72,47,94,108,161,93
Ppp1r1a,8,3,7,12,20,4
Glycam1,1,0,0,0,0,0
Mucl2,0,0,0,0,3,0
Mefv,1,5,2,2,0,6
Zfp263,146,108,195,251,289,330
Zfp174,6,8,14,6,15,11
Zfp597,79,55,99,132,153,102
Gm26675,1,1,1,1,1,0
Naa60,216,197,260,313,440,362
1700037C18Rik,72,65,72,65,109,108
Cluap1,185,108,199,218,277,240
Gm15537,51,15,27,21,50,19
Nlrc3,15,10,98,24,46,15
Slx4,33,19,46,41,92,58
Gm15879,5,3,1,10,10,6
Dnase1,0,0,1,1,0,0
Trap1,171,129,206,192,255,311
Crebbp,616,404,679,744,978,820
Adcy9,56,41,46,52,84,58
Srl,24,12,22,33,38,26
Tfap4,53,32,52,88,96,57
Glis2,1,1,4,5,7,2
Pam16,439,347,457,396,624,564
Coro7,119,106,132,166,251,203
Vasn,11,9,11,22,22,5
Dnaja3,153,102,184,187,236,208
Nmral1,94,49,106,167,172,216
Hmox2,977,648,1173,1438,1590,1865
Gm15859,16,9,21,14,26,12
Cdip1,144,77,186,182,268,204
4930562C15Rik,1,0,3,3,3,1
Ubald1,367,231,427,467,598,510
Mgrn1,321,203,333,387,577,412
Gm16861,19,20,31,28,45,34
Nudt16l1,351,256,409,401,607,719
Anks3,129,64,108,188,245,191
4930451G09Rik,0,2,2,2,3,4
Smim22,1,1,3,0,0,0
Rogdi,596,413,686,793,888,1293
Glyr1,408,294,492,494,610,600
Ubn1,629,430,781,924,1073,875
Ppl,0,1,0,0,5,0
Sec14l5,0,0,1,0,0,0
Nagpa,592,466,743,837,1040,1080
AU021092,0,0,0,0,1,0
Alg1,318,244,407,490,449,602
Eef2kmt,177,134,222,310,355,337
Rbfox1,44,26,53,52,85,38
Mettl22,61,30,61,99,118,73
Abat,6,9,8,11,14,10
Tmem186,30,25,31,42,45,36
Pmm2,199,145,235,269,351,292
Carhsp1,94,61,89,132,175,150
Usp7,454,330,499,583,733,522
1810013L24Rik,322,209,345,569,564,407
Grin2a,1,4,1,5,6,0
Rpl39l,20,22,33,84,12,65
Atf7ip2,0,0,0,0,1,1
Emp2,59,26,56,86,90,67
Tekt5,0,0,0,1,3,0
Nubp1,263,191,268,452,498,363
Tvp23a,1,1,2,1,3,1
Dexi,167,106,179,257,276,292
Clec16a,47,38,59,51,94,57
Gm15558,0,0,0,0,0,1
Socs1,132,50,136,299,301,267
Gm26822,1,0,0,0,1,0
Rmi2,2,8,1,1,4,3
Gm21859,0,0,1,0,1,0
Litaf,1353,1046,1619,1634,1687,1788
Gm4262,0,1,0,1,1,0
Snn,731,407,771,839,1056,803
Txndc11,214,194,253,351,384,546
Zc3h7a,484,376,582,604,703,811
4930509G22Rik,0,1,1,6,2,2
Rsl1d1,681,527,847,1050,1192,969
2610020C07Rik,11,4,7,5,13,6
Gspt1,933,528,1098,1081,1309,1025
Tnfrsf17,245,96,375,235,328,127
Snx29,297,192,358,473,587,361
Gm4279,0,0,1,2,0,0
Cpped1,80,53,100,129,138,179
Shisa9,0,2,3,2,3,0
Ercc4,50,35,65,81,80,95
Mkl2,76,45,68,96,136,77
2310015D24Rik,0,1,0,0,0,0
Parn,117,58,109,137,155,164
Bfar,361,270,412,530,631,604
3110001I22Rik,64,46,62,116,104,129
Rrn3,128,108,152,136,164,142
Ntan1,368,299,420,538,587,507
Pdxdc1,226,171,269,300,388,291
Mpv17l,76,64,118,219,222,159
Ifitm7,1,0,1,1,1,0
2900011O08Rik,1,3,5,6,16,3
Marf1,313,244,372,397,422,448
Nde1,203,178,296,313,334,330
Myh11,2,0,0,0,5,0
Fopnl,182,144,240,254,311,252
Gm15868,0,0,0,0,1,0
Abcc1,118,62,128,129,246,90
Snai2,0,0,0,1,0,1
Efcab1,1,2,1,2,6,1
Gm21897,3,0,1,1,2,0
Ube2v2,411,297,471,458,586,503
Mcm4,47,32,59,76,104,87
Prkdc,75,48,70,84,88,49
Mzt2,747,547,870,971,980,1055
Spidr,97,74,107,113,122,135
Pkp2,2,3,1,0,5,0
Yars2,120,84,107,155,176,160
Dnm1l,224,155,218,221,334,271
Fgd4,320,238,403,420,554,416
Spag6l,1,11,5,3,12,2
Vpreb1,3,1,4,0,2,4
Top3b,149,96,179,171,237,235
Ppm1f,77,35,89,119,156,123
Mapk1,450,325,528,496,666,580
1700056N10Rik,7,6,8,17,19,9
Ypel1,16,9,9,13,18,18
Ppil2,384,292,474,556,576,634
2610318N02Rik,1,0,1,1,0,3
Sdf2l1,1177,1419,1614,2001,1780,3969
Ccdc116,0,0,0,1,1,0
Ydjc,19,29,29,47,27,45
Ube2l3,951,797,1135,1213,1457,1406
Gm15648,41,14,36,39,62,8
Rimbp3,0,0,0,0,0,1
Hic2,154,90,162,206,294,168
Gm26635,2,2,0,2,2,1
Tmem191c,32,39,25,48,93,49
Pi4ka,140,82,142,153,175,150
Serpind1,2,0,3,2,4,1
Snap29,175,111,208,238,242,229
Crkl,14,14,20,22,25,16
Aifm3,3,8,7,4,13,7
Lztr1,123,82,153,166,197,174
Thap7,111,70,116,193,235,227
Lrrc74b,0,0,2,1,0,0
P2rx6,3,2,0,1,2,2
Slc7a4,12,12,14,13,16,12
Smpd4,67,47,78,86,126,74
Ccdc74a,0,2,5,2,9,1
Med15,133,87,170,177,243,181
Klhl22,87,59,118,152,168,147
Scarf2,68,56,86,116,104,157
Car15,1,2,0,0,2,0
Gm20518,0,1,0,1,1,0
Dgcr2,196,124,205,222,317,303
Dgcr14,93,58,113,165,202,172
Slc25a1,231,160,251,292,420,266
Dgcr6,151,92,151,221,242,213
Prodh,26,21,34,42,53,47
Rtn4r,0,0,1,0,4,0
Zdhhc8,145,91,145,148,217,187
Ranbp1,813,715,930,1185,1466,1313
Trmt2a,234,165,302,321,429,438
Dgcr8,48,27,57,56,68,63
Tango2,268,247,319,412,552,505
Arvcf,187,77,182,213,349,206
Comt,3064,2304,3517,3695,3894,4907
Txnrd2,217,179,301,335,448,313
Gnb1l,26,8,17,18,28,29
Gm16314,0,0,0,2,0,1
Tbx1,0,0,0,0,1,0
Gp1bb,1,1,4,1,3,2
Sept5,3,2,3,2,6,1
Cldn5,6,5,16,14,51,7
Cdc45,7,8,10,11,15,15
Ufd1l,246,174,304,293,389,328
2510002D24Rik,138,86,160,205,279,193
Mrpl40,139,111,149,233,264,298
Hira,69,39,104,95,155,105
Lamp3,0,0,0,1,0,0
B3gnt5,1,0,0,0,2,0
A930003A15Rik,1,0,2,0,2,1
Klhl6,409,282,516,992,965,537
Klhl24,284,145,327,305,476,290
Yeats2,89,63,102,126,214,106
Map6d1,7,3,6,18,35,1
Parl,209,155,259,306,436,278
Abcc5,411,248,424,521,582,355
Eif2b5,123,111,192,217,235,268
Dvl3,20,5,19,18,36,35
Ap2m1,868,610,1050,1043,1181,1796
Abcf3,201,134,241,245,341,311
Vwa5b2,2,0,0,1,4,0
Alg3,93,75,110,139,159,211
Ece2,58,60,55,105,113,191
Camk2n2,17,13,17,32,72,31
Psmd2,463,357,661,662,831,851
Eif4g1,572,410,628,687,906,962
Fam131a,117,68,180,167,236,140
Clcn2,13,9,14,20,33,22
Polr2h,302,285,381,448,519,383
Thpo,0,0,1,0,0,1
Chrd,2,3,1,3,11,0
Ephb3,36,15,37,56,82,35
Vps8,86,84,125,117,171,173
2510009E07Rik,222,150,271,363,366,256
Ehhadh,29,20,19,45,48,34
1300002E11Rik,140,115,158,173,183,159
Map3k13,0,2,0,1,1,0
2610020F03Rik,1,0,0,0,0,0
Tmem41a,69,41,71,117,120,125
Liph,241,245,424,424,470,576
Senp2,522,295,551,546,733,522
Igf2bp2,57,19,47,57,58,27
Tra2b,3682,2420,3703,3744,6111,4725
Etv5,376,299,430,568,764,499
Dgkg,2,0,1,2,4,2
Tbccd1,73,37,82,103,116,114
Dnajb11,773,761,1037,1122,1094,1699
Kng2,3,3,5,6,18,1
Eif4a2,1995,1257,2283,3315,3132,2526
Rfc4,69,41,54,93,100,76
BC106179,9,6,9,15,13,7
St6gal1,148,140,183,273,331,182
Rtp1,0,0,0,0,1,0
Masp1,0,2,1,1,0,0
Rtp4,57,71,62,172,128,1058
Sst,0,1,2,2,5,3
Bcl6,498,390,632,673,640,516
Lppos,74,53,65,117,145,49
Lpp,171,90,165,191,321,131
A230028O05Rik,1,3,0,0,3,1
Trp63,0,1,1,0,0,0
Gm4524,7,4,6,6,17,2
P3h2,363,173,475,271,345,416
Cldn1,0,0,1,0,0,0
Il1rap,48,44,59,60,123,48
Gmnc,0,0,0,0,1,0
Uts2b,0,0,0,1,1,0
Ccdc50,837,565,917,1079,1301,933
Fgf12,6,1,4,0,3,3
Mb21d2,34,40,39,38,45,72
Hrasls,0,1,1,1,0,0
Atp13a5,1,0,1,0,4,0
Atp13a4,0,3,2,0,5,7
Opa1,166,121,185,220,323,202
4632428C04Rik,7,8,10,6,9,8
Hes1,304,148,303,339,568,235
Gm26562,3,1,0,3,2,0
Lrrc15,0,0,1,0,0,0
Gp5,0,0,1,0,0,0
Atp13a3,453,319,525,646,760,605
Tmem44,98,67,112,148,150,143
Lsg1,211,130,237,265,338,300
Fam43a,107,66,88,68,96,149
Xxylt1,26,16,20,24,43,26
Acap2,543,368,624,746,874,607
Ppp1r2,890,580,987,1167,1332,926
Apod,130,129,172,414,780,326
Bdh1,1,0,3,2,7,0
Dlg1,121,111,127,124,216,147
Mfi2,0,1,0,0,2,0
Pigz,13,13,29,23,48,16
0610012G03Rik,462,324,569,725,765,582
Ncbp2,211,171,278,278,365,327
Senp5,96,49,126,135,227,127
Pak2,1196,1034,1493,1512,1962,1822
Pigx,462,336,542,519,634,714
Cep19,27,22,30,26,52,48
Nrros,1020,1023,1371,1433,1827,2030
Bex6,0,0,0,1,1,0
Fbxo45,72,52,86,121,119,123
Wdr53,73,49,104,113,117,137
Rnf168,77,47,135,136,189,128
Ubxn7,174,104,195,188,291,135
Tctex1d2,244,236,319,395,378,341
Pcyt1a,173,119,190,192,284,186
Tfrc,95,81,99,113,197,66
Tnk2,12,1,8,10,18,5
Rubcn,101,64,109,108,175,112
Fyttd1,455,283,519,536,658,424
Lrch3,195,130,231,292,330,265
Iqcg,10,7,14,3,7,3
Rpl35a,19099,16949,24133,19304,26889,25226
Lmln,50,44,48,98,113,88
Osbpl11,430,338,448,582,731,519
Snx4,292,199,315,360,471,383
1700007L15Rik,21,13,18,26,23,15
Zfp148,552,315,585,679,785,660
Slc12a8,0,0,0,1,0,0
Heg1,5,1,8,14,17,3
Muc13,0,0,0,0,1,0
Itgb5,7390,5014,8819,9183,9548,13179
Umps,147,125,194,223,281,354
Gm15829,1,2,6,2,8,6
Kalrn,10,2,10,13,24,2
Ccdc14,6,6,15,17,24,15
Mylk,0,4,1,1,11,1
Hacd2,341,353,419,437,630,692
Adcy5,5,3,6,7,20,3
Sec22a,123,90,123,161,226,176
Pdia5,124,99,127,145,143,205
Sema5b,3,2,1,2,6,0
Dirc2,387,301,407,388,647,465
Hspbap1,78,69,114,119,120,80
Parp14,332,239,375,479,585,704
Dtx3l,164,127,185,171,275,308
Parp9,250,174,287,347,342,650
Gm15564,0,0,0,0,1,0
Kpna1,253,158,262,276,386,293
Wdr5b,12,9,14,34,18,18
Fam162a,213,212,269,250,330,387
Ccdc58,113,107,128,175,198,154
Stfa2l1,0,0,0,0,1,0
Gm5483,0,1,0,0,0,1
2010005H15Rik,0,1,0,0,1,0
Stfa1,1,0,0,0,0,0
BC100530,0,1,0,0,0,0
Cd86,1724,1506,2245,2088,2380,2271
Ildr1,50,39,52,39,50,43
Slc15a2,19,72,32,49,102,3
Eaf2,1,2,1,1,8,4
Iqcb1,55,40,53,83,118,76
Golgb1,495,389,620,618,745,731
4930565N06Rik,1,0,1,0,2,0
Hcls1,1362,870,1508,1425,1992,1821
Fbxo40,4,1,4,4,8,0
Polq,2,0,0,4,4,0
Stxbp5l,0,0,2,1,0,0
Gtf2e1,47,43,56,71,77,66
Rabl3,31,17,41,52,49,35
Hgd,0,0,0,1,1,0
Ndufb4,917,693,1109,855,1358,1269
Fstl1,2,4,0,2,2,1
RP23-198F11.3,1,4,5,0,7,1
Lrrc58,520,327,536,608,710,519
Gpr156,0,0,0,1,0,0
Gsk3b,925,675,994,1009,1225,1128
Nr1i2,1,0,1,1,1,0
Maats1,1,0,0,0,3,0
Cox17,1185,906,1350,795,1767,1457
Popdc2,1,0,0,4,0,1
Pla1a,1,2,4,3,11,4
Adprh,947,714,1124,1209,1401,1398
D930030I03Rik,33,32,34,39,45,59
Cd80,29,31,62,40,48,59
Timmdc1,77,66,104,62,91,92
Poglut1,113,75,128,135,186,167
Tmem39a,113,106,157,131,156,210
Gm17103,0,0,1,2,3,1
Arhgap31,655,417,730,523,1020,889
B4galt4,447,277,552,792,788,689
Upk1b,952,274,967,622,918,589
Igsf11,4,0,8,5,16,2
Lsamp,13,9,14,20,56,18
Gap43,7,8,2,12,32,4
Zbtb20,863,645,930,1127,1534,1077
Gm9968,1,0,1,1,0,0
Gm15713,0,0,1,0,0,0
Qtrtd1,22,22,28,27,67,30
Ccdc191,95,63,91,96,129,115
Gramd1c,1,0,0,1,2,1
Atp6v1a,492,366,580,535,663,574
Naa50,590,429,635,820,861,734
Usf3,102,74,117,144,178,99
Sidt1,0,0,1,0,1,0
Spice1,36,28,50,50,63,74
Cfap44,0,0,1,0,2,0
Boc,0,1,1,0,3,2
Nepro,26,26,40,40,55,65
Gtpbp8,70,67,109,127,139,106
Cd200r1,117,71,162,128,138,128
Cd200r4,14,14,18,19,24,14
Cd200r3,1,0,0,0,0,0
Ccdc80,18,17,16,17,46,22
Slc35a5,280,201,281,359,386,385
Atg3,720,555,783,864,946,961
Btla,1,1,2,1,3,0
Cd200,1,1,7,12,16,4
Gm609,0,0,0,2,0,0
BC016579,0,0,0,0,1,0
Tmprss7,0,0,0,0,3,0
Tagln3,13,8,13,24,32,8
Abhd10,75,50,103,113,140,115
Phldb2,0,0,2,2,1,0
Gm15638,1,0,0,0,0,0
Plcxd2,6,9,7,10,15,18
Cd96,0,1,1,0,0,0
Pvrl3,5,5,2,11,7,1
Retnlg,0,66,0,0,5,5
Dzip3,98,77,134,127,180,125
C330027C09Rik,2,2,12,4,6,8
Myh15,0,0,0,1,1,1
Ift57,47,30,63,64,82,64
Cd47,1339,1090,1561,1625,1837,1928
Bbx,270,213,342,401,470,392
G730013B05Rik,0,0,0,1,0,0
Dubr,41,22,32,63,60,61
1700116B05Rik,2,1,1,2,1,1
Cblb,76,56,89,78,116,74
Alcam,13,6,21,13,29,6
Nfkbiz,7471,6685,8676,9784,11769,12891
Nxpe3,17,15,23,44,55,32
Cep97,47,36,50,61,95,64
Rpl24,7047,6410,9526,9777,10178,10391
Zbtb11os1,55,54,77,123,119,108
Zbtb11,246,206,264,415,404,307
Pcnp,875,645,941,1025,1173,817
Trmt10c,182,116,197,357,344,306
Senp7,234,157,285,322,395,287
Impg2,1,0,3,1,4,1
Abi3bp,2,5,0,0,3,0
Tfg,442,323,558,552,723,822
Tmem45a,0,0,0,1,0,0
Tmem45a2,0,0,1,0,0,0
Tomm70a,164,132,206,239,318,291
Nit2,167,129,156,202,266,198
Gm16892,1,1,5,2,3,0
Tbc1d23,223,118,220,236,345,136
Gm26800,0,0,0,0,1,0
Cmss1,18,21,23,36,34,27
Filip1l,780,542,834,741,1075,745
Col8a1,0,0,2,0,0,0
Dcbld2,79,71,91,52,96,28
St3gal6,2581,1976,3168,2502,3564,2673
Cpox,205,125,232,208,261,257
Cldnd1,944,595,1138,997,1208,1214
Mina,88,63,90,147,155,129
Crybg3,84,54,83,68,138,89
Arl6,44,36,33,42,74,33
Epha6,0,0,0,1,0,0
Nsun3,31,31,40,65,80,63
Arl13b,224,150,268,244,275,171
Stx19,6,4,7,9,4,0
Pros1,977,716,1135,1499,1411,1494
Epha3,2,0,0,0,0,0
4930453N24Rik,270,204,366,370,469,384
Zfp654,118,86,122,138,170,120
Cggbp1,1398,888,1591,1931,2167,1742
Pou1f1,1,1,1,0,1,0
Chmp2b,334,206,367,381,461,368
Vgll3,0,0,1,0,1,0
Cadm2,23,8,20,14,46,12
Gbe1,138,107,138,156,215,157
Robo1,0,1,1,1,6,0
Robo2,1,1,2,1,4,2
Rbm11,0,0,1,1,2,1
Hspa13,279,198,336,253,391,340
Samsn1,2081,1560,2461,2392,4271,2066
Nrip1,2099,1382,2257,2689,3754,2488
Gm9843,188,161,256,286,226,234
RP23-185P17.2,0,0,0,1,0,0
Usp25,347,246,424,469,533,474
Cxadr,2,0,2,2,9,0
Btg3,313,202,315,317,406,282
D16Ertd472e,45,50,75,97,89,109
Ncam2,2,3,3,10,5,0
Gm21833,2,1,0,3,2,3
Mir155hg,44,86,103,38,41,59
Mrpl39,155,118,187,190,244,261
Jam2,515,312,644,586,732,471
Atp5j,1749,1446,2190,1993,2715,2599
Gabpa,239,171,240,280,324,198
App,857,678,957,1162,1417,1646
Cyyr1,1,1,2,2,8,0
Adamts1,1832,1464,1563,2853,4232,2336
Adamts5,0,0,1,0,0,1
N6amt1,107,83,103,174,211,146
Ltn1,140,83,141,196,203,130
Rwdd2b,30,14,30,51,34,36
Usp16,341,275,435,451,667,494
Cct8,1076,922,1399,1541,1562,1848
Bach1,994,986,1113,1411,1457,910
2810407A14Rik,1,0,0,3,2,0
Tiam1,29,15,54,61,75,28
Sod1,391,261,422,422,671,282
Scaf4,131,69,123,186,233,158
Hunk,1,0,0,1,2,1
Mis18a,81,50,93,91,149,168
Gm17518,2,1,3,3,2,1
Mrap,0,0,1,0,0,0
Urb1,40,26,41,76,77,70
Eva1c,0,0,2,0,0,1
1110004E09Rik,72,74,107,100,165,137
Synj1,406,312,456,560,678,603
Gm15965,1,2,0,0,9,1
Paxbp1,201,140,201,269,326,200
4932438H23Rik,1,0,2,2,1,0
Gm9881,0,0,0,0,1,0
Olig2,22,15,21,33,88,15
Olig1,81,55,107,117,301,47
Ifnar2,1860,1568,2271,2507,2833,2564
Il10rb,1214,1053,1527,1618,1871,2330
Ifnar1,376,261,439,419,586,578
Ifngr2,1411,867,1641,1962,2004,2257
Tmem50b,389,289,484,479,545,573
Dnajc28,31,9,40,43,70,52
Gart,184,147,264,287,339,389
Son,4715,2974,5102,4972,8324,5031
Donson,193,141,231,218,284,209
Atp5o,795,712,1002,1073,1300,1192
Cryzl1,176,149,235,254,281,267
Itsn1,43,26,45,51,62,35
Mrps6,162,97,178,160,217,240
Slc5a3,134,93,154,243,181,94
Kcne2,4,2,11,0,1,0
Smim11,501,411,560,438,731,541
Rcan1,1194,1806,1491,634,1799,1719
Clic6,4,4,14,1,3,2
Runx1,1885,2056,1967,2886,3585,1913
Gm26626,0,1,0,1,0,0
Setd4,28,15,34,28,37,32
Cbr1,394,232,479,496,603,555
Cbr3,217,141,154,286,293,129
Dopey2,256,118,325,215,269,282
2310043M15Rik,1,0,1,2,2,1
Morc3,542,399,588,932,948,845
Chaf1b,3,5,2,19,21,7
Cldn14,1,0,0,1,2,0
Hlcs,23,25,32,31,33,31
Ripply3,0,0,0,0,1,0
Pigp,501,376,575,606,777,565
Ttc3,295,189,339,408,542,328
Dscr3,133,95,162,180,231,210
Dyrk1a,283,206,368,325,393,288
Kcnj6,0,1,0,1,0,0
Erg,0,0,0,1,2,0
Ets2,640,556,676,675,837,628
1600002D24Rik,0,0,1,0,0,0
Psmg1,184,133,212,243,234,209
Brwd1,266,171,283,299,389,258
Hmgn1,1682,1230,1990,1895,2306,2213
Wrb,92,88,117,130,171,148
Lca5l,40,21,40,56,68,40
Sh3bgr,0,0,2,3,2,0
B3galt5,123,81,138,125,193,107
Igsf5,0,0,0,0,1,0
Pcp4,81,29,89,127,142,63
Dscam,3,0,6,0,9,3
Bace2,0,0,1,0,3,0
Mx1,12,7,20,38,30,74
Gm9242,2,1,0,4,2,3
Ripk4,0,1,0,0,0,0
Prdm15,36,17,36,41,76,45
C2cd2,50,44,67,51,70,99
Zbtb21,159,147,164,190,197,147
C030010L15Rik,0,2,0,1,1,2
B230307C23Rik,20,11,33,27,59,42
Scaf8,170,120,265,190,291,229
Tiam2,0,3,2,1,3,11
Tfb1m,35,16,27,40,45,40
Arid1b,243,163,302,278,358,268
Tmem242,116,81,119,164,199,160
Ldhal6b,1,0,1,0,1,0
Zdhhc14,169,111,163,218,231,302
3300005D01Rik,4,2,2,8,5,3
Snx9,136,98,156,170,224,240
Synj2,40,39,71,118,95,74
Serac1,9,5,16,14,21,9
Gtf2h5,580,425,637,674,792,722
Tulp4,501,343,587,675,1011,589
Tmem181a,121,59,66,125,180,110
Dynlt1a,8,16,18,15,22,11
Gm26848,0,0,0,0,4,1
Dynlt1b,43,7,2,11,21,4
Dynlt1c,569,351,418,429,566,368
Dynlt1f,192,147,164,227,244,297
Sytl3,0,0,0,0,1,0
Ezr,68,88,82,65,89,72
Gm2885,1,1,2,0,4,0
Rsph3b,17,16,18,18,19,18
Tagap1,33,20,29,70,44,50
Rnaset2b,3697,2877,4819,5350,5322,4445
Rps6ka2,18,9,14,18,26,11
Fndc1,1,1,0,0,3,0
E430024P14Rik,24,13,21,36,34,24
Tagap,1463,1106,1990,1743,2874,4379
Rsph3a,59,31,74,76,73,68
Rnaset2a,3956,3376,5413,5895,6006,5367
Fgfr1op,200,182,240,267,392,309
Ccr6,27,22,44,43,45,32
Mpc1,2606,2031,2889,3051,3940,2838
Sft2d1,4074,2913,4539,5081,6178,5020
Prr18,41,15,46,72,88,42
Gm16702,10,16,12,23,18,9
Pde10a,8,8,7,8,9,10
1700010I14Rik,21,14,17,25,27,32
Qk,5699,3810,6384,7191,8894,6018
1700110C19Rik,4,3,2,5,4,5
Pacrg,3,4,8,7,11,5
A230009B12Rik,10,3,10,7,12,0
Gm16168,1,1,4,12,13,4
Park2,98,45,79,80,134,62
Agpat4,92,69,126,115,208,103
Map3k4,249,135,277,256,371,225
4732491K20Rik,15,11,13,31,39,19
Slc22a3,0,0,0,0,1,0
Slc22a2,1,0,0,0,0,0
Igf2r,5,2,7,2,5,1
Airn,0,0,0,0,2,0
Pnldc1,0,1,1,1,1,0
Mrpl18,403,298,432,474,606,543
Tcp1,681,557,848,981,1112,1347
Acat3,1,2,1,4,4,2
Acat2,80,55,80,108,147,87
Wtap,573,383,567,561,849,708
Sod2,543,539,708,844,851,863
Gpr31b,1,0,1,0,0,0
Tcp10b,1,0,0,0,0,0
Unc93a,0,0,0,2,0,0
Tcte2,1,2,2,4,5,1
Mllt4,105,81,96,96,156,145
Smoc2,0,0,1,0,0,1
Thbs2,8,7,5,16,15,7
Wdr27,0,0,0,1,0,0
1600012H06Rik,189,121,194,263,334,269
Phf10,261,186,307,324,375,326
Gm3448,10,4,11,8,16,9
Ermard,128,107,111,162,227,135
Tcte3,3,3,3,3,5,1
Gm28873,1,3,8,5,3,2
Dll1,13,1,8,5,21,6
A930024N18Rik,1,0,1,0,0,0
Fam120b,141,88,151,160,212,157
Psmb1,1330,1038,1615,1781,1840,1992
Tbp,62,56,101,120,157,130
Pdcd2,163,121,210,222,283,226
Prdm9,34,33,46,51,41,59
Chd1,514,354,628,733,869,709
Rgmb,347,265,413,539,549,548
BC002059,55,35,59,82,71,87
Zfp960,3,4,12,21,29,28
Zfp97,14,16,20,23,25,26
Gm6712,5,4,4,8,15,5
Gm26873,4,0,1,2,3,0
Lix1,54,40,69,55,95,57
Lnpep,140,119,163,212,238,130
Spaca6,38,14,34,44,79,27
Fpr2,0,0,0,0,0,2
Gm7535,1,0,0,0,1,0
Ppp2r1a,496,332,554,610,901,841
Zfp160,77,44,81,100,115,89
Zfp677,32,21,47,42,67,42
Zfp54,8,7,8,17,12,13
Zfp51,29,15,43,47,66,63
Gm26753,0,0,0,0,5,1
Zfp53,35,15,34,48,51,40
9330136K24Rik,4,2,2,0,0,4
Zfp52,53,38,47,84,88,63
Zfp948,3,2,2,6,11,3
3110052M02Rik,8,5,13,9,16,10
Gm10509,0,1,0,0,0,0
Gm10226,0,1,1,1,0,0
Zfp760,11,6,27,46,48,32
Zfp229,23,7,34,44,62,31
Zfp820,1,1,0,5,1,0
2210404O09Rik,22,16,21,37,31,23
Zfp942,91,65,112,123,163,181
Zfp943,108,92,155,153,220,172
Zfp947,1,0,0,3,1,6
Gm4944,145,87,137,178,196,180
Zfp944,98,49,99,167,191,122
Zfp758,129,84,135,175,160,127
Zfp946,52,41,57,61,93,65
Gm16386,2,4,3,4,5,2
Zfp945,103,84,133,236,239,134
Zfp40,60,33,60,103,110,57
Zfp213,66,33,88,115,117,99
Zfp13,1,1,0,4,1,5
Zscan10,0,0,0,0,1,0
Mmp25,0,0,0,0,1,1
Ccdc64b,0,0,0,0,0,1
Thoc6,122,103,150,198,189,233
Hcfc1r1,412,349,549,585,677,744
Tnfrsf12a,454,266,474,679,630,530
Pkmyt1,4,3,8,9,21,16
Paqr4,33,44,36,49,82,55
9530082P21Rik,14,8,13,19,29,14
Flywch1,56,37,71,69,95,123
Gm16275,0,0,0,0,1,0
Flywch2,2,7,1,3,5,1
D930048G16Rik,0,2,0,0,2,0
Srrm2,2884,2019,3395,3619,4412,3888
Tceb2,1869,1526,2292,1698,2797,2866
Prss41,0,0,0,0,1,0
Sbp,0,0,1,0,0,0
Sbpl,0,0,0,1,0,0
Prss27,1,1,2,5,3,4
Kctd5,121,75,142,181,193,195
Pdpk1,251,157,266,318,365,302
Amdhd2,197,189,316,355,359,304
Gm43796,82,65,109,126,93,88
Atp6v0c,107,55,103,113,176,92
Tbc1d24,68,62,120,122,194,117
1600002H07Rik,20,12,29,41,35,47
Ccnf,6,4,5,10,11,11
Abca17,6,0,1,0,0,3
Abca3,148,115,185,192,265,262
Rnps1,344,256,348,420,645,492
Eci1,290,212,286,339,397,387
Dnase1l2,19,8,12,16,17,14
E4f1,148,102,205,197,273,268
Pgp,338,246,425,582,659,514
Mlst8,19,18,31,40,55,57
Bricd5,2,0,1,0,1,0
Caskin1,10,7,13,10,26,7
Traf7,226,138,247,300,318,360
Rab26,3,1,1,3,8,1
Rab26os,24,9,14,15,52,18
Pkd1,134,105,143,147,225,153
Tsc2,80,73,129,91,163,136
Nthl1,60,37,60,74,88,101
Slc9a3r2,34,23,24,34,72,15
Npw,1,0,0,0,1,0
Zfp598,186,143,243,262,375,340
Syngr3,2,1,7,2,10,1
Gfer,315,267,448,507,544,555
Noxo1,21,18,33,38,42,32
Tbl3,148,113,207,251,313,296
Rnf151,1,1,2,0,1,1
Rps2,9092,8668,11929,18400,15524,18770
Snhg9,155,130,163,262,615,101
Ndufb10,951,802,1178,1175,1371,1363
Msrb1,212,186,263,348,402,440
Hs3st6,0,0,0,0,1,0
Hagh,480,392,592,602,673,779
Fahd1,42,32,33,79,61,63
Igfals,0,0,1,0,0,0
Nubp2,224,151,245,327,360,367
Spsb3,216,119,245,258,353,324
Eme2,34,12,38,51,51,38
Mapk8ip3,140,94,136,170,245,148
Mrps34,311,209,393,453,507,472
Nme3,68,68,94,93,113,98
Hn1l,82,90,120,121,159,179
Cramp1l,170,93,164,233,249,186
Ift140,57,32,47,44,55,57
Tmem204,137,46,184,115,223,167
Telo2,87,62,109,135,156,167
Ptx4,0,1,0,0,0,0
Clcn7,160,121,200,224,271,175
Ccdc154,1,0,1,0,0,0
BC003965,211,181,298,388,444,329
Unkl,75,41,71,83,103,77
Gnptg,332,236,439,433,511,505
Tsr3,108,86,159,188,272,187
Baiap3,1,0,0,2,5,0
Ube2i,1367,1056,1671,1810,1959,1924
Prss34,0,3,0,0,0,0
Cacna1h,1,0,1,0,3,0
Tekt4,1,1,0,0,2,1
Sox8,7,3,16,20,23,7
Lmf1,204,171,268,343,338,383
Gng13,13,14,8,16,109,5
Chtf18,0,5,5,2,7,13
Rpusd1,26,20,36,61,75,63
Mslnl,1,0,1,1,0,0
Narfl,147,94,185,250,294,225
Haghl,183,110,152,263,354,243
Ccdc78,6,2,1,3,7,4
Fam173a,740,608,882,945,1106,1117
Metrn,82,60,109,143,173,136
Gm26694,1,0,1,0,1,0
Fbxl16,5,8,11,13,21,7
Wdr24,46,21,45,77,69,85
Jmjd8,109,76,105,140,173,164
Stub1,625,469,759,899,1096,989
Rhbdl1,0,1,0,0,0,0
Rhot2,58,36,85,92,123,92
Wdr90,5,8,6,9,15,11
Fam195a,118,78,137,184,161,169
0610011F06Rik,115,90,93,153,192,129
Wfikkn1,3,1,1,8,5,6
Rab40c,171,89,168,306,346,256
Pigq,140,83,148,152,226,234
Nhlrc4,0,1,0,3,3,0
A930017K11Rik,2,0,0,4,0,1
D630044L22Rik,0,1,0,0,0,0
Capn15,42,23,43,62,68,43
1700022N22Rik,1,2,6,0,3,3
Rab11fip3,32,19,33,28,46,35
Decr2,51,43,66,59,52,57
Nme4,36,32,29,36,50,44
Gm8186,115,92,136,79,99,106
Tmem8,9,7,6,9,14,13
Mrpl28,263,209,346,364,455,444
Axin1,118,78,151,177,211,213
Pdia2,0,1,0,0,0,0
Arhgdig,7,3,3,7,14,2
Rgs11,4,5,6,8,12,3
Fam234a,91,74,125,128,191,172
Luc7l,225,192,304,330,405,393
Neurl1b,4,5,7,8,11,4
Dusp1,10699,9647,11152,12000,14849,16716
Gm8225,0,2,0,1,0,0
Ergic1,192,157,206,217,328,251
Atp6v0e,2064,1671,2446,2461,2891,2948
Crebrf,403,272,532,595,740,461
Bnip1,86,59,104,126,134,106
Gm17382,0,1,0,0,0,0
Gm20468,0,1,0,0,0,0
Kifc5b,2,1,2,7,15,10
Phf1,288,191,315,319,377,295
Cuta,816,736,1049,1137,1350,1815
Syngap1,4,4,5,8,9,5
Zbtb9,0,0,0,0,4,1
Ggnbp1,39,39,58,64,75,91
Bak1,173,153,248,266,321,438
Itpr3,25,35,56,57,86,72
Uqcc2,664,663,797,674,1051,1107
Ip6k3,1,0,0,0,0,0
Lemd2,560,372,688,720,807,891
Gm26724,44,33,56,64,72,26
Gm10505,0,0,0,4,4,1
Grm4,0,0,2,0,1,0
Hmga1,203,129,185,163,243,273
AI413582,269,222,337,429,452,602
Nudt3,413,278,432,529,592,337
Rps10,14867,14089,20284,22740,20464,21006
Gm15420,3,1,4,6,4,7
Pacsin1,52,19,46,75,94,20
Spdef,0,0,0,0,2,1
D17Wsu92e,228,162,270,280,340,291
Snrpc,551,458,617,713,921,852
Uhrf1bp1,157,129,228,235,395,174
Taf11,184,141,194,256,359,241
Anks1,160,127,178,171,275,244
Tcp11,0,0,1,1,1,0
Scube3,1,0,2,4,3,1
Zfp523,65,53,116,132,134,95
Def6,120,87,151,201,288,302
Ppard,182,112,223,272,345,314
Fance,323,204,378,578,615,441
Rpl10a,6967,6995,9138,13193,10572,12727
Tead3,15,19,29,39,45,29
Tulp1,0,0,0,0,0,1
Fkbp5,892,812,741,256,1582,635
Gm20109,5,10,5,10,10,10
E230001N04Rik,50,61,63,46,76,129
Lhfpl5,0,0,0,0,2,0
Srpk1,263,207,452,397,496,442
Slc26a8,0,0,1,0,2,0
Mapk14,525,322,613,692,836,824
Mapk13,0,3,0,0,0,0
Brpf3,78,53,75,63,114,63
Pnpla1,0,0,0,0,1,0
4930539E08Rik,1,0,0,8,4,2
Pxt1,0,0,0,0,1,0
Kctd20,291,201,311,342,404,422
Stk38,288,206,352,426,602,432
Gm16196,1,0,1,1,1,0
Gm16195,1,0,0,0,0,0
Srsf3,3567,2175,4215,4320,5424,4049
Trp53cor1,72,36,70,93,122,39
Cdkn1a,1605,1688,1793,2249,2213,3120
Rab44,0,1,0,0,0,0
Cpne5,1,1,0,1,3,0
Ppil1,66,33,69,89,119,127
BC004004,324,236,389,413,516,840
Pi16,0,1,1,3,1,13
Mtch1,1195,764,1314,1776,1990,1544
Fgd2,1676,1027,1910,2313,2722,2219
Gm26885,0,3,0,2,4,0
Pim1,1475,2208,1359,1776,1480,2392
Tbc1d22b,31,26,35,35,53,31
Rnf8,104,81,114,154,209,154
Gm28043,1,2,1,2,0,0
Cmtr1,33,17,38,40,41,50
Ccdc167,56,59,72,49,84,117
Mdga1,22,11,25,27,39,26
Zfand3,342,244,360,376,546,432
Btbd9,220,181,261,350,412,390
Glo1,336,269,400,388,513,474
Dnah8,0,0,0,0,1,0
Umodl1,0,0,0,3,1,0
Abcg1,502,382,595,856,1005,936
Ubash3a,0,0,1,0,0,0
Rsph1,3,7,5,1,14,2
Slc37a1,11,13,10,17,24,12
Pde9a,3,0,1,0,3,1
Wdr4,52,39,68,92,121,97
Ndufv3,645,555,785,707,1171,1262
4833413E03Rik,1,0,1,0,0,2
Pknox1,274,194,292,349,360,427
Cbs,12,10,14,14,21,12
U2af1,907,676,1036,1072,1314,1117
Sik1,51,61,44,34,49,38
Hsf2bp,11,14,16,16,28,5
Rrp1b,174,123,197,252,280,219
Notch3,0,0,0,1,2,0
Ephx3,0,0,2,0,2,2
Brd4,658,491,748,873,968,942
Gm26549,11,8,21,19,23,17
Akap8,306,196,312,423,544,436
Akap8l,469,325,496,564,695,711
Wiz,172,109,162,201,286,225
Gm26858,0,0,0,0,3,0
Rasal3,910,570,1165,1110,1323,1256
Pglyrp2,2,0,3,1,0,0
Cyp4f17,1,0,0,0,1,0
Cyp4f16,33,71,46,100,76,213
Cyp4f15,3,10,2,7,14,5
Zfp871,334,204,336,432,524,312
Gm17115,0,1,0,1,0,0
Zfp811,2,6,4,8,13,2
Zfp799,35,9,36,38,56,21
Zfp870,17,13,21,49,33,27
Cyp4f14,0,2,0,4,4,1
Cyp4f13,252,187,304,324,460,429
Zfp472,47,31,73,104,111,74
Zfp952,47,25,52,65,69,49
Zfp763,16,18,13,31,48,30
Zfp563,14,6,10,23,19,16
Zfp955a,11,6,9,18,17,4
Zfp955b,10,9,9,31,16,18
Zfp81,43,28,36,70,85,40
Zfp101,23,16,23,43,55,34
Adamts10,30,35,37,47,62,74
Myo1f,540,366,690,797,892,996
Zfp414,88,60,76,148,165,166
Pram1,3,5,5,6,4,30
Hnrnpm,894,666,1070,1008,1457,1506
March2,287,247,330,406,438,474
Rab11b,666,474,777,817,1029,1187
Angptl4,6,1,2,15,16,5
Kank3,41,30,54,86,101,74
Rps28,11222,8303,13537,7973,23771,14062
Ndufa7,1471,1175,1720,1456,2034,1907
Cd320,108,68,176,159,159,173
Kifc1,2,3,2,9,5,6
Platr17,0,0,2,1,1,2
BC051226,30,35,31,38,55,50
Daxx,159,104,209,213,308,291
Tapbp,1247,815,1389,1498,1848,1938
Zbtb22,119,75,149,196,242,213
Gm19412,3,2,5,8,24,10
Rgl2,571,319,597,874,991,895
Pfdn6,425,344,546,569,693,685
Wdr46,143,91,162,242,285,280
B3galt4,81,72,98,171,146,161
Rps18,10350,10154,13654,17069,15268,15374
Vps52,159,88,170,196,251,241
H2-K1,6064,5211,8135,8183,7878,9451
Ring1,362,218,362,444,477,451
H2-Ke6,348,265,351,456,468,604
Slc39a7,527,382,684,717,887,995
Rxrb,487,306,531,567,705,728
Col11a2,6,5,13,20,33,9
BC051537,3,5,5,14,11,11
H2-Oa,324,212,464,352,382,503
Brd2,2294,1276,2616,3027,4167,3257
H2-DMa,1783,1448,2243,2873,2915,3109
H2-DMb2,45,25,48,39,37,110
H2-DMb1,1060,705,1341,1292,1570,1731
Psmb9,677,528,798,821,931,870
Tap1,228,209,293,449,443,584
Psmb8,1902,1487,2407,2497,2619,2669
Tap2,592,402,737,846,873,751
Gm15821,0,0,0,3,2,0
H2-Ob,185,132,258,158,337,167
Gm20506,16,11,24,20,23,9
H2-Ab1,124,202,183,91,136,89
H2-Aa,41,84,72,15,21,25
H2-Eb1,68,85,82,14,13,18
Btnl2,0,0,0,0,3,0
BC051142,24,8,25,25,19,17
Notch4,78,76,47,42,98,72
Gpsm3,1118,801,1348,1540,1530,2066
Pbx2,470,243,538,609,730,765
Ager,10,5,11,17,16,6
Rnf5,423,327,483,501,613,733
Gm20463,1,1,1,1,1,3
Agpat1,167,128,195,211,193,240
Egfl8,50,18,31,53,48,69
Ppt2,405,301,431,445,524,901
Prrt1,16,6,15,29,62,15
Fkbpl,51,39,68,89,99,96
Atf6b,316,263,382,403,452,701
Tnxb,1,0,0,1,0,0
C4b,25,346,35,164,84,359
Cyp21a1,0,0,0,0,0,1
Stk19,188,180,263,362,420,319
Dxo,129,83,176,226,204,225
Skiv2l,98,80,114,147,165,241
Nelfe,254,176,273,358,372,359
Cfb,0,1,2,0,0,1
C2,3,4,1,5,6,8
Zbtb12,68,34,60,79,80,89
Ehmt2,215,171,256,242,394,348
Slc44a4,0,0,0,1,0,0
Neu1,664,518,833,977,1120,1073
Hspa1b,1191,1483,1539,2577,969,844
Hspa1a,2862,2863,3547,6538,3502,4119
Gm20481,1,2,0,2,1,0
Hspa1l,14,18,12,19,24,32
Gm10501,8,6,6,12,8,3
Lsm2,252,207,282,346,416,492
Vars,154,146,193,276,306,411
Vwa7,18,9,13,15,34,14
Sapcd1,16,15,23,27,25,15
Msh5,33,27,30,64,51,32
Clic1,4991,4026,6125,6949,7613,7984
Ddah2,640,364,729,896,1166,502
G6b,2,0,0,1,3,0
Ly6g6c,0,0,0,0,0,1
Ly6g6d,29,22,34,56,43,27
Ly6g6e,19,17,15,17,23,44
Ly6g6f,1,0,2,1,3,0
Abhd16a,408,286,444,558,661,589
Ly6g5b,2,1,2,8,0,5
Csnk2b,678,538,862,758,1112,1274
Gpank1,118,95,156,245,248,203
Gm20522,4,3,6,13,4,10
D17H6S53E,87,64,86,103,125,144
Apom,0,0,0,1,1,1
Bag6,374,313,478,503,666,675
Prrc2a,785,502,919,876,1242,1068
Gm17705,9,8,20,12,23,21
Aif1,7351,5211,8814,8916,10032,8587
Lst1,1839,1080,2238,1034,1481,1467
Ltb,117,47,147,100,104,89
Tnf,4784,4450,6134,7100,7232,14497
Lta,0,1,0,0,0,0
Nfkbil1,327,210,422,525,587,442
Gm16181,1,6,3,4,7,9
Atp6v1g2,13,22,15,28,48,29
Ddx39b,1261,885,1401,1576,1917,1929
H2-D1,7344,6717,9666,9247,9802,10054
H2-Q1,0,0,0,1,0,0
H2-Q2,0,0,0,0,1,0
Gm11131,30,17,28,43,36,26
H2-Q4,1114,819,1408,1640,1629,1533
H2-Q6,217,233,320,366,228,291
H2-Q7,303,286,360,390,331,366
H2-Q10,64,32,56,67,63,46
Pou5f1,5,5,7,4,5,1
Tcf19,2,7,9,13,14,30
Cchcr1,8,12,19,24,20,18
Psors1c2,0,0,1,0,0,1
Vars2,36,35,51,53,62,46
Gtf2h4,169,67,149,162,176,185
Ddr1,12,14,24,23,81,8
Gm4577,0,0,0,1,0,0
Gm20442,0,0,0,0,1,0
4833427F10Rik,0,1,1,0,0,0
Ier3,8210,6189,8504,15679,13592,15578
Flot1,469,365,506,809,1039,794
Tubb5,2868,1748,3459,4668,4771,4731
Mdc1,84,57,88,109,137,97
Ppp1r18os,33,23,31,83,64,60
Nrm,282,236,325,453,520,503
Ppp1r18,1800,1253,2070,1941,2952,2550
Dhx16,117,92,149,114,170,223
2310061I04Rik,109,70,126,145,196,203
Gm16279,1,6,8,9,26,8
Atat1,243,113,298,294,404,282
Mrps18b,251,206,307,423,505,496
Ppp1r10,1347,1006,1541,2011,2235,1853
Abcf1,423,343,522,671,834,766
Prr3,101,83,124,197,216,181
Gnl1,260,166,280,340,378,322
Gm20508,0,0,0,2,1,0
A930015D03Rik,4,6,7,10,10,3
H2-T24,44,23,60,51,61,76
H2-T23,1613,1366,2075,2165,2316,2683
H2-T22,227,185,255,303,365,376
Gm6034,0,0,0,0,2,0
Gm11127,0,1,0,1,0,2
Gm8909,0,1,0,0,0,0
Gm20478,0,0,0,0,0,3
Rpp21,305,227,330,287,464,346
Trim39,90,57,95,101,116,112
Trim26,513,374,590,626,847,858
Trim10,0,0,1,1,0,0
Ppp1r11,1512,1204,1816,1722,1956,2035
Znrd1,898,682,1060,1009,1216,1053
Znrd1as,90,59,106,108,101,69
H2-M5,0,0,0,1,0,0
Zfp57,9,17,10,14,19,5
Mog,62,33,91,95,308,24
Gabbr1,391,294,410,480,702,377
H2-M3,409,326,559,612,598,622
H2-M2,0,1,2,1,0,1
Olfr110,1,0,0,0,0,0
Olfr111,0,0,1,1,0,1
Gm26917,278,234,353,422,475,478
Gm42418,15402,10212,20569,15630,24904,3571
AY036118,3856,2549,3931,3660,4148,149
Cenpq,80,51,106,99,92,87
Mut,132,74,166,148,169,211
Ptchd4,1,0,0,1,0,1
Adgrf4,1,0,0,0,0,0
Adgrf2,2,0,0,0,0,0
Cd2ap,772,512,900,984,1217,779
Tnfrsf21,748,456,876,928,888,1253
Adgrf5,2,0,1,2,23,3
Ankrd66,0,2,0,0,2,0
Pla2g7,39,44,32,29,73,43
Tdrd6,0,0,2,5,3,0
Slc25a27,20,7,15,15,27,8
Cyp39a1,2,2,1,0,1,1
Rcan2,21,34,15,22,57,33
Enpp5,27,21,34,49,78,20
Enpp4,93,69,154,144,236,209
Clic5,2,1,4,6,7,1
Runx2,1,3,1,2,6,2
Runx2os2,1,0,0,3,1,2
Runx2os1,1,0,1,1,2,2
Supt3,145,88,165,173,209,183
Cdc5l,550,412,683,782,903,892
B230354K17Rik,60,31,76,74,130,79
Spats1,0,0,0,1,1,0
Aars2,36,30,51,46,57,73
Tcte1,0,0,0,1,1,0
Tmem151b,1,1,2,3,8,0
Nfkbie,470,340,587,566,627,521
Slc35b2,773,634,968,1178,1286,1341
Hsp90ab1,11030,8828,14079,16708,15915,23143
Slc29a1,541,427,712,788,887,946
Gm17080,2,1,0,0,1,0
Capn11,0,0,0,2,0,4
Tmem63b,124,88,127,186,193,200
Mrpl14,361,248,407,447,531,515
1600014C23Rik,0,1,0,0,1,0
F630040K05Rik,0,0,1,0,1,1
Vegfa,28,33,62,23,61,14
Mrps18a,386,271,461,464,551,562
Rsph9,8,9,10,3,24,16
Mad2l1bp,201,98,203,268,314,330
Gtpbp2,483,282,540,630,839,713
Polh,3,1,7,6,6,7
Xpo5,24,16,30,36,40,24
Polr1c,232,160,294,310,399,335
Yipf3,530,386,654,664,805,932
Lrrc73,5,2,3,2,12,2
Tjap1,104,84,127,135,158,178
Gm26785,4,3,10,3,10,7
Dlk2,0,0,1,0,3,2
Abcc10,43,35,43,34,61,42
Zfp318,154,109,172,243,264,244
Crip3,1,0,0,1,5,0
Ttbk1,0,2,4,2,6,1
Gm26904,0,0,0,0,3,1
Dnph1,16,19,10,21,32,15
Cul9,117,61,108,155,172,132
Srf,341,198,367,417,458,404
Ptk7,0,1,1,4,1,1
Klc4,213,108,262,331,342,269
Mrpl2,272,192,315,373,451,396
Cul7,26,13,62,45,42,42
Rrp36,154,97,168,190,226,154
Klhdc3,182,125,224,249,420,333
Mea1,263,180,343,345,418,459
Ppp2r5d,81,52,125,138,174,151
Pex6,214,132,248,329,282,426
Gnmt,6,1,1,5,3,2
Cnpy3,889,591,1113,1220,1386,1342
Ptcra,5,2,1,5,7,5
2310039H08Rik,87,65,88,125,116,92
Rpl7l1,648,362,816,863,1096,889
Gltscr1l,178,119,215,302,336,203
A330017A19Rik,34,15,30,34,55,65
Tbcc,248,186,323,464,478,390
Ubr2,252,192,292,347,432,416
Mrps10,157,108,170,235,261,202
Guca1b,11,6,10,17,14,10
Guca1a,161,104,166,226,238,184
1700001C19Rik,23,6,20,22,32,6
AI661453,6,4,7,10,19,12
Taf8,49,35,48,94,111,88
Ccnd3,469,326,448,253,629,540
Bysl,64,46,70,115,125,116
Med20,151,88,167,215,272,191
Gm20517,5,2,0,7,7,6
Usp49,14,10,17,13,21,9
Tomm6,317,231,334,272,507,485
Gm21981,1,1,0,0,0,1
Tomm6os,1,0,0,1,3,1
Prickle4,1,1,1,2,3,1
Frs3,27,14,31,70,66,23
Tfeb,201,131,283,325,376,424
Mdfi,134,34,131,217,308,107
Foxp4,27,27,30,34,50,50
Gm15556,0,1,0,1,0,0
A530064D06Rik,0,0,1,1,0,2
Trem1,2,3,1,1,1,10
Trem3,0,2,0,1,1,3
Treml4,0,1,3,0,0,3
Treml2,93,71,86,142,86,316
B430306N03Rik,25,29,45,83,75,118
Trem2,17356,12103,23208,22370,23523,17662
Treml1,11,2,10,9,11,7
Nfya,668,402,811,856,911,637
Oard1,443,329,505,601,737,561
Apobec2,48,42,43,52,71,40
Tspo2,0,0,2,2,0,0
Unc5cl,12,15,7,8,22,8
Lrfn2,0,0,2,0,2,0
Mocs1,48,37,73,69,107,89
Daam2,8,8,20,19,59,14
Kif6,0,0,0,0,2,1
Rftn1,81,62,58,115,136,146
Dazl,1,1,2,3,0,0
Plcl2,633,300,784,849,1067,749
Gm7334,25,9,16,23,23,11
Tbc1d5,277,190,319,354,494,313
Satb1,68,49,69,75,138,66
Kcnh8,0,0,0,1,1,0
Efhb,1,0,0,1,3,3
Rab5a,589,420,652,791,909,810
Pp2d1,2,0,1,0,1,0
Kat2b,130,99,154,144,226,163
Sgol1,1,1,0,4,3,4
Sult1c2,1,1,1,0,0,0
Sult1c1,2,1,2,1,2,1
Slc5a7,0,1,1,0,1,0
St6gal2,1,1,1,0,1,0
Pot1b,41,32,51,46,74,58
Adgre4,16,12,5,16,3,34
Zfp119a,60,33,81,116,114,72
Zfp959,84,43,95,144,168,127
Zfp119b,53,21,51,85,102,62
Ebi3,201,128,274,186,295,274
Gm16712,1,0,3,0,3,4
Ccdc94,37,27,44,78,78,82
Shd,2,3,4,2,10,0
Fsd1,4,1,3,2,8,3
Stap2,2,0,0,1,1,1
Mpnd,171,117,181,225,255,311
Sh3gl1,394,242,411,524,606,621
Chaf1a,1,5,4,10,8,4
Ubxn6,431,294,540,558,624,587
Hdgfrp2,185,123,254,227,322,349
Plin4,0,6,2,3,13,4
Plin5,0,2,1,1,5,0
Lrg1,0,14,1,11,1,69
Sema6b,17,30,24,35,38,52
Tnfaip8l1,3,0,2,4,3,1
Mydgf,747,621,919,1015,1154,1198
Dpp9,184,140,188,214,243,314
Fem1a,113,75,136,152,178,192
Ticam1,243,158,256,293,411,398
Plin3,83,105,110,175,206,100
Uhrf1,1,4,14,9,19,4
Kdm4b,64,28,75,58,128,75
Ptprs,202,140,231,254,388,174
Safb2,578,328,643,682,952,771
Safb,341,206,421,416,550,539
2410015M20Rik,871,724,1121,1050,1252,1453
Rpl36,8302,7096,10482,8214,11807,12685
Lonp1,139,111,169,192,253,250
Catsperd,2,0,0,0,0,0
Ranbp3,151,97,228,277,333,284
Vmac,32,25,21,39,63,42
Ndufa11,670,525,772,710,1047,1036
Nrtn,2,1,1,1,2,1
Dus3l,132,113,169,211,237,244
Prr22,1,0,0,1,4,2
Rfx2,0,2,2,5,2,2
1700061G19Rik,1,0,0,1,0,0
Mllt1,69,69,95,113,160,132
Clpp,242,156,261,269,373,343
Alkbh7,132,104,163,160,194,209
Gtf2f1,182,134,203,215,364,389
Khsrp,207,141,239,234,325,239
Slc25a23,45,42,57,102,161,99
Crb3,0,0,1,2,0,0
Dennd1c,253,159,262,299,449,373
Tubb4a,67,40,84,85,451,28
Gm11110,3,1,1,2,3,1
Tnfsf9,280,613,251,727,384,299
Tnfsf14,1,4,1,1,0,7
C3,8,7,10,5,6,8
Gpr108,360,268,431,528,520,707
Trip10,40,48,71,96,129,74
Vav1,1169,775,1344,1480,1755,1977
Adgre1,1766,1168,2149,2564,2170,2453
Rpl7a-ps5,8,7,21,10,21,10
Pdzph1,0,2,0,0,2,1
Nudt12,10,6,10,7,9,9
Efna5,6,1,3,3,3,0
Fbxl17,154,130,175,219,255,257
A930002H24Rik,1,0,0,1,0,0
Fer,150,109,172,247,238,189
Pja2,395,270,439,505,603,495
Man2a1,99,138,117,140,147,139
Gm17133,0,3,0,1,2,1
Tmem232,0,0,0,0,1,0
Vapa,2556,1888,3087,2861,3413,3104
Txndc2,2,0,2,1,1,2
Rab31,337,227,369,443,599,310
Ppp4r1,208,143,219,298,351,259
Ralbp1,642,461,733,744,1048,1050
Twsg1,31,20,37,40,60,26
Ankrd12,509,400,678,811,1132,690
Ndufv2,602,469,692,722,928,922
Wash1,257,176,272,394,420,416
Ddx11,13,10,11,19,29,9
Mtcl1,1,2,3,1,6,0
Rab12,485,294,522,520,619,531
Ptprm,124,62,150,142,223,121
Lama1,0,0,0,0,1,0
Tmem200c,0,1,0,0,0,0
Epb41l3,89,98,94,195,190,153
2410021H03Rik,0,0,0,3,0,0
Zbtb14,88,70,98,127,180,142
A930029G22Rik,14,13,30,31,29,28
C030034I22Rik,33,23,39,56,53,41
A330050F15Rik,0,0,1,0,1,0
Dlgap1,13,7,13,15,24,21
5031415H12Rik,0,2,1,1,0,1
Gm20703,57,48,64,44,110,50
Tgif1,1859,1444,2102,2323,2361,2348
Gm28727,1,1,3,6,2,1
Gm26510,52,31,55,78,64,23
Gm26561,0,0,1,0,0,0
Myl12b,2082,1718,2621,2487,3014,3120
Myl12a,1867,1360,2203,1996,2409,2623
Myom1,39,33,69,38,39,57
Lpin2,600,546,823,710,908,749
Emilin2,1,9,3,2,4,4
Smchd1,504,384,584,682,806,658
Gm4707,19,15,25,29,43,25
Ndc80,5,3,7,7,2,10
Spdya,1,0,7,2,4,0
Wdr43,316,206,338,415,616,431
Fam179a,0,0,2,0,3,0
Clip4,2,1,2,4,4,1
Ypel5,440,357,451,611,883,553
Lbh,429,364,518,611,827,536
Lclat1,44,33,39,65,79,58
Galnt14,0,0,1,0,0,0
Ehd3,5,1,3,3,5,2
Xdh,2,19,2,5,9,30
Memo1,189,138,199,281,338,290
Dpy30,397,340,513,494,609,559
Spast,208,138,240,281,367,263
Slc30a6,72,61,82,102,112,136
Nlrc4,1,1,1,0,0,0
Yipf4,753,575,828,879,934,935
Birc6,480,353,541,519,683,563
Gm26749,4,0,4,2,9,0
Ttc27,52,42,60,67,68,98
Ltbp1,1,0,1,1,10,1
Rasgrp3,1442,822,1651,1872,2626,1027
Fam98a,89,66,115,100,182,142
Crim1,122,89,153,130,176,130
Fez2,1502,1014,1777,1819,1984,1798
Gm10093,0,1,2,1,2,1
Vit,0,1,0,0,4,0
Strn,115,94,170,139,196,129
Heatr5b,48,41,98,63,108,74
Gpatch11,118,55,94,128,158,145
Eif2ak2,166,127,177,296,296,508
Gm26637,3,2,6,7,6,8
Sult6b1,9,3,7,13,10,6
Cebpzos,1083,787,1353,1468,1538,1557
Cebpz,1107,862,1343,1477,2147,1789
Ndufaf7,299,227,371,423,517,484
Prkd3,336,232,358,392,475,358
Qpct,22,15,23,25,45,16
Cdc42ep3,192,259,238,493,442,417
Gm17315,0,2,1,2,0,1
Rmdn2,11,8,17,17,15,17
Cyp1b1,0,0,1,0,1,0
Atl2,176,99,154,174,240,132
Hnrnpll,155,138,172,201,235,241
Galm,56,48,82,70,79,112
Srsf7,1890,1206,2393,2541,2971,2130
Gemin6,105,74,111,203,209,165
Dhx57,104,56,100,114,159,100
Morn2,90,84,115,141,143,132
Arhgef33,0,0,0,1,1,0
Sos1,139,69,158,187,251,145
Cdkl4,4,7,8,10,7,6
Map4k3,106,72,154,150,191,129
Tmem178,1,2,2,0,2,1
Thumpd2,39,25,64,115,108,48
Slc8a1,70,56,78,97,117,54
Pkdcc,168,101,188,271,257,260
Eml4,291,208,383,514,691,354
Cox7a2l,3088,2602,4050,4438,3794,3552
Mta3,129,99,145,189,227,203
Haao,28,15,42,54,56,50
C430042M11Rik,1,0,1,1,2,1
Zfp36l2,5278,3240,5716,5391,7579,7318
Thada,107,63,111,135,144,119
Plekhh2,19,14,35,37,81,18
Dync2li1,11,9,7,13,10,8
Abcg5,0,0,0,1,0,0
Lrpprc,189,127,226,233,303,269
1110020A21Rik,14,9,10,10,20,12
Ppm1b,298,223,305,316,449,342
Slc3a1,0,0,0,1,1,0
Prepl,51,25,49,36,52,66
Camkmt,8,2,11,7,11,2
Six3,0,1,0,0,2,0
Srbd1,96,61,96,125,138,140
Prkce,205,94,228,183,326,162
Gm10309,0,1,1,0,0,0
Epas1,13,8,14,20,55,5
Rhoq,566,386,633,665,888,650
Pigf,162,109,159,150,193,164
Cript,601,469,683,736,843,877
Socs5,78,43,69,88,133,75
Mcfd2,956,748,1123,1181,1425,1371
4833418N02Rik,50,31,47,90,78,63
Ttc7,312,227,394,402,491,415
Gm15978,4,0,1,1,3,2
0610012D04Rik,0,0,0,1,0,0
Calm2,7909,5617,9006,8699,10889,8968
Msh2,113,88,141,158,152,194
Kcnk12,267,160,333,357,306,356
Msh6,62,44,66,100,107,114
Fbxo11,364,233,331,400,383,297
Foxn2,104,135,148,199,177,171
Ppp1r21,676,599,660,564,996,865
Ston1,18,30,11,10,24,23
Gm10184,3,4,4,6,5,8
Nrxn1,24,21,19,32,69,25
Gm6741,0,0,0,0,0,1
Mettl4,19,18,16,38,34,31
Gm1976,2,2,2,4,13,9
Gm26734,18,12,26,21,22,14
Gm20939,6,7,15,8,14,9
Zfy1,0,0,0,0,7,0
Kdm5d,66,52,81,70,126,87
Eif2s3y,376,514,644,492,979,885
Gm29650,0,6,3,4,3,3
Uty,110,64,116,151,185,116
Ddx3y,1035,606,1106,1105,1224,1256
Gm29554,2,0,0,0,0,0
Ssty2,0,0,1,0,0,0
Erdr1,594,732,672,1676,1960,1866
Gm21748,0,0,0,0,1,0
Crem,193,132,217,239,213,168
Gm6225,3,0,1,0,3,1
Cul2,142,102,205,185,234,232
Bambi,157,120,177,179,206,105
Map3k8,1029,850,1198,1733,1708,1670
Gm26865,2,3,0,1,2,0
Mtpap,173,110,191,219,305,232
9430020K01Rik,3,3,2,0,10,1
Svil,81,84,120,149,225,121
Gm26682,1,0,1,0,2,0
Zfp438,21,17,16,43,49,37
Zeb1,290,160,269,423,536,217
Arhgap12,457,248,561,477,664,515
Kif5b,1450,1093,1773,2091,2269,2138
Rpl27-ps3,173,144,233,125,136,127
Epc1,334,218,368,430,587,352
Gm28529,4,2,2,7,6,6
Rab18,859,614,939,1010,1064,963
Mkx,0,0,0,0,1,0
Armc4,0,0,0,0,1,1
Mpp7,22,16,42,29,28,33
Wac,765,566,832,817,1033,802
Gm5819,1,0,0,0,0,0
Fzd8,30,41,86,46,41,83
Ccny,253,173,252,223,319,301
Colec12,0,0,0,1,0,2
Thoc1,117,92,128,156,205,185
Usp14,378,279,427,473,596,466
Rock1,736,589,882,989,1182,921
Greb1l,0,0,1,1,2,0
Esco1,212,122,235,304,332,241
Snrpd1,626,508,682,730,899,823
Abhd3,91,60,104,96,135,63
Mib1,229,163,273,307,347,263
Rbbp8,54,39,84,62,89,88
Gm6277,28,12,19,13,29,19
Cables1,612,425,670,788,1181,528
Tmem241,34,20,28,38,64,47
Riok3,298,253,383,440,492,457
3110002H16Rik,82,71,84,111,142,157
Npc1,616,393,613,613,883,656
Gm15956,6,0,7,4,9,3
Ankrd29,0,1,5,2,3,2
Lama3,0,1,1,1,0,0
Ttc39c,5,1,1,3,4,1
Cabyr,0,1,2,3,0,0
Osbpl1a,161,103,163,179,241,135
Impact,473,321,489,518,758,358
Zfp521,0,0,1,1,5,3
Ss18,442,250,531,561,647,472
Psma8,29,21,40,55,52,34
Taf4b,18,10,13,27,12,18
Kctd1,7,6,10,6,18,11
Aqp4,14,6,14,13,21,8
Gm10036,7,8,7,2,8,5
Cdh2,2,1,11,9,12,2
Dsc3,0,0,1,0,0,0
Dsg2,0,0,0,0,1,0
Ttr,3983,2692,7949,107,326,476
Gm10269,11,3,14,6,18,16
B4galt6,287,205,370,335,486,370
Trappc8,242,143,242,226,341,250
Rnf125,1,0,2,0,1,1
Rnf138,355,212,410,448,459,418
Garem,5,2,1,3,3,3
Asxl3,2,1,0,1,3,0
Nol4,1,2,0,0,4,1
Dtna,13,6,17,25,38,4
Gm15972,1,1,3,5,5,5
Mapre2,432,351,525,477,733,465
Zfp397,125,90,141,159,228,168
Zscan30,0,0,0,1,0,0
Zfp35,46,29,49,64,82,64
Zfp24,236,181,293,365,478,281
Ino80c,147,95,143,157,214,184
Galnt1,590,513,719,759,1015,863
2700062C07Rik,119,79,135,191,212,165
Rprd1a,98,73,137,95,140,97
Slc39a6,145,86,143,151,209,141
Elp2,148,107,189,193,287,241
Mocos,2,10,3,1,6,12
Fhod3,0,0,0,0,1,0
Tpgs2,81,73,114,105,134,142
AW554918,77,46,64,100,116,66
Celf4,29,21,46,47,69,45
Pik3c3,77,63,87,108,138,138
Rit2,3,0,4,2,10,0
Syt4,0,3,2,3,3,0
Slc25a46,160,137,191,244,262,238
B930094E09Rik,0,1,0,1,0,0
Sap130,71,40,88,85,138,90
Ammecr1l,177,117,164,248,263,208
Gm26533,9,8,8,9,10,12
Polr2d,135,104,188,201,271,226
Wdr33,184,141,208,292,310,233
Gm26823,1,0,0,1,1,0
Sft2d3,36,34,56,71,78,59
Lims2,5,4,8,3,15,1
Gpr17,4,5,8,9,21,4
Iws1,221,164,269,329,359,281
Map3k2,384,234,394,379,499,266
Ercc3,107,81,125,135,177,156
A830052D11Rik,9,4,20,18,25,7
Bin1,7373,4375,8783,9665,9022,9909
Tslp,17,7,14,12,27,15
Wdr36,77,54,89,98,155,101
Camk4,2,3,3,1,1,1
Stard4,11,6,12,9,18,9
Nrep,53,31,68,75,70,39
Gm10549,2,0,1,0,1,0
Epb41l4aos,250,213,345,256,426,307
Epb41l4a,1,2,0,0,1,0
Apc,491,281,507,556,853,394
Srp19,569,422,620,604,877,823
Reep5,1854,1605,2069,2566,2589,3053
Pkd2l2,1,2,1,5,5,3
Fam13b,113,69,131,163,183,109
Nme5,4,2,3,2,4,3
4933408B17Rik,2,1,0,0,2,1
Brd8,305,193,344,322,496,344
Kif20a,2,0,4,1,1,1
Cdc23,104,51,81,118,149,115
Cdc25c,0,0,0,1,0,0
Fam53c,103,78,103,107,128,116
Kdm3b,186,148,215,250,312,253
Gm26538,0,3,4,0,6,1
Reep2,4,1,6,2,11,1
Egr1,22489,13035,25173,34628,41712,32034
Etf1,776,577,980,1053,1138,1110
Hspa9,548,458,714,793,933,900
Ctnna1,330,204,312,346,471,371
Lrrtm2,5,2,4,2,17,1
Sil1,140,103,153,202,205,315
Gm5239,0,0,0,1,0,0
Gm28285,0,0,0,0,2,1
Matr3,917,697,1057,1140,1337,1145
Paip2,1521,1089,1892,1724,2076,1702
Slc23a1,0,3,1,4,1,1
Mzb1,2,0,0,1,2,0
Prob1,1,2,2,2,3,1
Spata24,21,21,24,43,71,19
Dnajc18,151,96,181,208,260,166
1700066B19Rik,32,16,35,23,52,44
Ecscr,2331,1034,2860,2597,3274,1910
Tmem173,1692,1309,2184,2174,2729,2895
Ube2d2a,1321,937,1463,1755,1854,2019
Cxxc5,889,574,1035,1449,1530,1747
Gm29417,9,5,3,10,11,14
Psd2,5,7,4,5,15,2
Nrg2,9,1,8,7,7,9
Pura,1573,1099,1865,2073,2516,2084
Cystm1,25,16,25,43,83,19
Pfdn1,363,302,421,455,660,520
Hbegf,243,94,181,311,366,98
Ankhd1,282,218,320,443,483,486
Sra1,535,450,654,708,772,789
Slc35a4,178,151,224,253,321,356
Cd14,6954,10474,9700,7445,8744,8858
Tmco6,69,68,96,94,105,87
Ndufa2,1597,1351,1860,1493,2416,2212
Ik,725,547,907,757,1172,1087
Wdr55,47,54,78,106,112,122
Dnd1,18,3,13,20,27,16
Hars,197,134,254,262,289,328
Hars2,93,63,98,131,154,95
Zmat2,665,526,811,712,956,843
Pcdha4,0,0,0,0,0,1
Pcdhb2,0,0,0,1,1,0
Pcdhb3,0,0,0,0,3,0
Pcdhb4,1,0,0,0,1,0
Pcdhb5,0,0,0,2,1,0
Pcdhb6,0,1,1,1,2,0
Pcdhb7,0,1,2,1,5,0
Pcdhb8,0,0,0,0,1,1
Pcdhb9,1,1,3,1,11,3
Pcdhb11,1,0,1,2,1,0
Pcdhb12,0,0,1,2,0,0
Pcdhb13,0,0,0,0,1,0
Pcdhb14,0,0,1,4,0,3
Pcdhb15,0,0,0,0,1,0
Pcdhb16,1,1,1,0,3,1
Pcdhb17,1,1,0,0,6,0
Pcdhb18,1,1,2,1,4,2
Pcdhb19,1,0,0,0,1,1
Pcdhb20,0,1,3,1,3,0
Pcdhb22,20,19,23,22,34,44
Slc25a2,3,1,3,1,0,1
Taf7,566,402,705,1007,1262,1049
3222401L13Rik,311,158,398,320,414,267
Pcdhga1,6,6,11,2,7,4
Gm37118,0,0,0,0,1,0
Pcdhga2,11,11,16,21,31,16
Pcdhga3,3,1,1,3,3,4
Pcdhgb1,0,1,3,5,1,1
Pcdhga4,4,2,5,0,4,6
Pcdhgb2,21,14,36,32,37,16
Pcdhga5,11,8,15,17,18,5
Pcdhga6,13,16,28,15,31,21
Gm37165,0,0,0,1,0,0
Pcdhga7,5,9,3,4,9,7
Pcdhgb4,36,18,28,29,25,31
Pcdhga8,7,6,3,6,11,3
Pcdhgb5,12,8,11,11,24,6
Pcdhga9,19,25,20,21,20,7
Pcdhgb6,3,6,10,7,10,0
Pcdhga10,5,10,5,5,9,4
Pcdhgb7,5,3,5,2,4,2
Pcdhga11,2,6,5,8,6,6
Pcdhgb8,2,3,4,2,3,1
Pcdhga12,75,44,70,66,108,101
BC037039,1,1,0,1,5,0
Pcdhgc3,0,1,1,1,1,0
Pcdhga8-1,12,8,13,19,19,22
Pcdhgc5,13,9,12,11,25,18
Gm29994,4,1,6,2,3,0
Diaph1,149,93,139,162,241,210
Hdac3,194,151,223,335,317,276
Rell2,6,9,8,5,12,12
Fchsd1,31,13,35,32,51,31
Arap3,433,209,506,430,669,386
Pcdh1,7,4,2,5,16,2
1700086O06Rik,10,12,6,24,24,21
0610009O20Rik,168,115,213,270,288,378
Pcdh12,0,0,0,0,0,1
Rnf14,186,125,200,202,276,236
Gnpda1,282,236,341,347,331,487
Ndfip1,325,290,389,373,494,465
Spry4,4,4,3,9,13,2
Arhgap26,12,8,14,15,18,10
Fgf1,19,9,14,11,36,11
Gm15337,2,1,1,0,3,2
Nr3c1,998,633,1172,1383,1501,1146
Yipf5,331,229,332,390,526,570
2900055J20Rik,1,0,1,1,1,1
Prelid2,112,74,136,122,160,84
Lars,261,190,304,372,486,350
Rbm27,251,178,258,301,400,276
Tcerg1,160,135,196,272,354,227
Ppp2r2b,1,4,3,7,7,3
Stk32a,0,0,0,1,1,0
Dpysl3,6,1,2,3,4,2
Eif3j2,18,26,34,37,40,51
Jakmip2,0,0,2,2,3,2
Dcp2,169,118,185,216,294,271
Mcc,8,7,7,14,16,7
Ythdc2,113,86,122,159,170,117
Kcnn2,2,4,7,3,5,4
Trim36,168,94,181,239,257,202
Pggt1b,77,67,100,137,181,137
Ccdc112,92,64,90,129,149,133
Fem1c,235,142,235,325,394,314
Ticam2,89,101,116,182,183,221
Tmed7,1055,711,1151,1273,1429,1418
Eif1a,745,660,739,1192,1373,1082
Cdo1,6,4,10,8,20,4
Atg12,225,161,277,345,458,295
Ap3s1,279,268,374,366,416,454
Commd10,167,119,205,221,275,216
Sema6a,13,4,12,15,34,3
Eno1b,4,2,2,3,5,2
Dtwd2,34,16,27,48,50,49
Dmxl1,256,187,321,268,421,235
Tnfaip8,1047,1223,1270,1668,1738,1553
Hsd17b4,653,588,789,905,987,1224
Gm4950,0,0,3,3,2,2
Srfbp1,86,41,87,114,134,124
Lox,3,0,3,2,5,1
Zfp474,0,0,1,0,1,0
Sncaip,95,63,92,223,258,145
Snx2,728,652,912,1188,1301,1348
Snx24,346,256,360,474,583,313
Ppic,1,0,0,1,1,0
Cep120,117,78,129,125,175,143
Csnk1g3,188,137,188,230,367,209
Zfp608,177,123,228,246,325,176
Gm26742,2,5,3,2,9,1
Gramd3,17,14,29,20,32,18
Aldh7a1,167,117,185,194,247,182
Phax,279,212,397,499,597,480
Lmnb1,60,79,80,123,119,101
March3,5,5,8,4,7,14
Gm15345,0,0,0,0,1,0
C330018D20Rik,90,69,108,133,120,115
Megf10,4,4,7,6,24,6
Prrc1,195,132,231,231,325,273
Ctxn3,0,0,0,0,2,0
1700011I03Rik,14,5,21,10,22,13
Slc12a2,531,230,582,648,734,387
Fbn2,1,0,1,1,2,1
Isoc1,119,78,145,178,167,196
Adamts19,1,0,0,0,0,0
A730017C20Rik,1,2,2,1,4,2
Chsy3,0,1,0,0,0,0
Gm4951,13,14,20,23,34,54
Gm4841,9,5,14,5,18,9
F830016B08Rik,4,4,6,4,7,8
Iigp1,4,11,0,3,3,4
Smim3,409,464,503,586,640,721
Dctn4,301,215,330,297,446,365
Rbm22,405,265,454,538,833,608
Synpo,6,6,6,2,10,2
Ndst1,45,48,60,56,76,86
Rps14,13778,12696,17970,20283,19961,16756
Cd74,537,763,784,773,558,1063
Tcof1,265,195,297,316,434,476
Camk2a,32,17,34,36,55,32
Slc6a7,0,1,0,0,0,0
Pdgfrb,2,0,0,3,7,0
Csf1r,19608,13335,22561,21777,28405,32835
Hmgxb3,88,35,86,76,125,83
Slc26a2,236,137,277,430,492,376
Pde6a,0,2,1,1,1,0
Ppargc1b,14,20,14,40,36,27
Csnk1a1,1580,1066,1808,2048,2453,1934
Bvht,0,1,1,1,5,0
Il17b,0,0,0,0,0,1
Pcyox1l,87,72,112,105,98,182
Grpel2,105,60,104,161,181,154
1500015A07Rik,16,20,22,23,35,23
Afap1l1,220,168,212,291,485,316
Ablim3,0,1,1,0,1,0
Sh3tc2,1,0,1,1,6,0
Adrb2,3427,2559,4863,3880,5431,5671
Gm9949,22,9,17,33,51,21
Fbxo38,159,86,119,162,204,190
Spink10,5,2,2,6,17,2
2700046A07Rik,2,1,0,0,0,0
Apcdd1,1,0,1,0,0,0
Napg,251,189,300,351,400,328
Piezo2,0,0,1,0,0,0
Txnl1,972,702,1109,1147,1344,1132
Wdr7,56,44,81,61,115,76
St8sia3,4,2,6,3,6,1
Onecut2,1,1,0,2,0,1
Fech,197,126,223,193,302,292
Nars,1337,920,1586,1335,2087,2167
Atp8b1,33,20,34,56,48,34
Nedd4l,68,58,63,62,95,77
Alpk2,1,0,0,0,2,0
Malt1,84,51,86,108,124,64
Zfp532,114,68,144,173,201,115
Sec11c,1859,1436,2268,2188,2624,2413
Rax,0,0,1,0,2,0
Lman1,499,411,689,663,790,746
Pmaip1,302,218,341,416,385,354
Gnal,4,3,1,4,14,7
Mppe1,6,5,6,6,13,6
Impa2,22,23,25,33,51,33
Cidea,0,0,0,0,2,1
Tubb6,116,83,160,196,165,203
Afg3l2,116,88,96,166,190,191
Slmo1,8,7,9,18,29,7
Spire1,395,307,455,482,613,502
Gm17669,13,14,21,17,23,2
Cep76,6,9,19,22,23,16
Psmg2,164,115,193,195,278,274
Ptpn2,268,172,310,310,356,318
Gm26910,26,4,19,36,41,17
Seh1l,243,160,268,346,376,308
Cep192,120,75,136,138,219,106
Ldlrad4,453,293,609,690,770,560
Fam210a,111,77,116,150,163,132
Rnmt,260,159,302,334,461,372
Tcf4,2008,1423,2280,2264,3447,2498
Rab27b,0,1,1,2,2,0
4930503L19Rik,14,7,18,19,21,10
Stard6,2,4,5,11,4,3
Poli,19,10,21,22,40,32
Mbd2,384,373,482,576,634,608
Dcc,0,1,0,0,0,0
Mex3c,310,211,378,403,397,409
Smad4,415,318,438,480,607,511
Elac1,106,70,100,122,147,136
Me2,112,70,111,134,163,116
Mro,4,1,5,6,12,2
Mapk4,2,1,0,2,3,2
Gm9925,1,0,0,0,0,0
Cxxc1,226,167,272,257,361,318
Mbd1,118,65,157,210,236,191
Cfap53,0,2,0,2,2,0
Myo5b,0,0,1,2,1,0
Acaa2,175,126,224,258,291,253
Lipg,0,1,0,0,0,0
Rpl17,13053,12283,17961,20319,17608,20125
BC031181,942,702,1186,1141,1251,1367
Dym,112,92,156,138,161,169
Smad7,2692,1550,3254,2842,3611,1800
Ctif,22,25,38,47,54,40
Gm10532,3,0,2,1,4,0
Zbtb7c,0,0,0,0,2,0
Smad2,313,194,392,436,509,387
Ier3ip1,1070,808,1167,978,1535,1352
Hdhd2,264,173,313,333,384,322
Katnal2,0,2,0,0,2,1
Pias2,211,105,182,236,348,224
St8sia5,0,0,3,0,2,0
Rnf165,0,0,0,2,2,3
8030462N17Rik,33,27,49,53,55,47
Haus1,89,53,75,104,129,66
Atp5a1,2170,1565,2619,2965,3301,3283
Pstpip2,0,3,3,2,1,2
Epg5,37,35,58,44,76,43
Slc14a1,8,5,9,10,6,10
Slc14a2,0,1,1,0,3,0
Gm6133,1,0,0,1,2,2
Setbp1,51,18,35,45,48,32
Pard6g,14,4,18,10,12,13
Adnp2,84,51,104,142,127,85
Rbfa,307,247,392,681,651,548
Gm16286,814,596,1002,1358,1437,1087
Txnl4a,333,226,395,348,405,366
Pqlc1,96,62,102,148,207,121
Kcng2,23,9,13,19,23,7
Gm26676,0,1,1,1,0,0
Ctdp1,80,66,102,159,168,132
Nfatc1,420,298,449,507,724,515
Atp9b,155,96,167,203,238,164
Sall3,855,608,945,1231,1523,1145
Gm27239,3,4,4,5,1,1
Mbp,1088,707,992,1413,3014,985
Zfp236,103,85,109,137,162,95
4930445N18Rik,3,1,1,2,5,0
Zfp516,126,113,141,187,225,159
Tshz1,140,114,133,147,214,163
Zadh2,56,31,60,58,99,72
Zfp407,65,58,125,128,168,81
Cndp1,0,0,1,0,0,0
Cndp2,1006,885,1196,1432,1527,2152
Fam69c,0,1,3,0,4,2
Cyb5a,1614,1235,1967,1934,2200,2034
Gm16146,0,0,0,1,0,0
Timm21,260,169,266,312,393,280
Neto1,0,0,0,0,2,0
Socs6,409,268,476,419,612,450
Rttn,31,24,30,35,51,24
Cd226,0,1,0,0,0,0
Dok6,0,0,1,1,0,1
Tmx3,453,310,491,512,710,506
Ighmbp2,25,15,22,34,52,40
Mrpl21,272,217,318,334,358,330
Cpt1a,98,63,117,143,144,132
Mtl5,2,1,2,4,3,2
Ppp6r3,186,114,236,254,355,236
Lrp5,198,141,251,269,298,261
1810055G02Rik,38,27,42,66,84,59
Suv420h1,336,189,400,434,562,395
Chka,1034,661,1149,1381,2087,1673
Tcirg1,1148,828,1445,1310,1534,1895
Ndufs8,653,552,804,919,1087,1111
Aldh3b1,127,101,146,223,206,335
Unc93b1,6838,4604,8245,8805,9248,11840
Aldh3b3,0,0,0,1,0,0
Aldh3b2,0,0,0,0,1,0
Acy3,1,0,2,1,2,2
Nudt8,78,55,88,131,126,170
Gm16312,0,0,0,0,2,0
Doc2g,6,4,4,4,12,4
Ndufv1,431,303,519,605,694,640
Gstp1,641,395,751,560,639,712
Gstp2,25,17,41,25,27,32
BC021614,0,0,0,1,1,0
Cabp2,0,0,1,0,0,0
Cdk2ap2,873,670,1077,994,1137,1620
Pitpnm1,122,84,123,144,210,197
Aip,419,284,454,488,551,554
Cabp4,1,0,0,4,1,0
Gpr152,1,0,0,2,2,1
Coro1b,887,568,1079,1399,1572,1852
Ptprcap,6,4,7,16,15,11
Rps6kb2,111,69,124,150,188,171
Carns1,21,9,19,18,31,15
Gm17552,0,1,5,3,5,3
Tbc1d10c,9,5,7,14,18,13
Ppp1ca,1852,1295,2092,2277,2734,3122
Rad9a,111,70,144,133,210,183
Clcf1,521,388,629,617,741,936
Pold4,1351,922,1651,1853,1780,1997
Ssh3,52,48,40,89,92,74
Ankrd13d,56,54,72,90,85,139
Adrbk1,1201,776,1436,1346,1822,1876
Kdm2a,675,404,808,922,1129,838
Rhod,2,1,0,2,0,1
Syt12,2,0,4,3,1,3
Pcx,22,18,21,21,56,37
Lrfn4,8,2,1,8,12,1
Rce1,228,160,262,294,343,343
Gm960,1,0,0,0,1,0
Sptbn2,4,2,3,3,7,6
Gm21992,5,3,4,13,14,4
Rbm4b,284,176,343,454,497,369
Rbm4,40,27,69,63,72,62
Rbm14,184,119,217,189,205,318
Ccs,279,225,344,383,462,426
Ccdc87,0,0,0,1,0,0
Ctsf,1424,911,1770,2035,1907,1920
Actn3,2,0,1,0,1,2
Zdhhc24,51,36,56,75,110,89
Bbs1,17,7,20,18,30,7
Dpp3,225,149,257,290,379,410
Peli3,2,9,12,9,23,7
Mrpl11,372,257,385,470,555,460
Npas4,1,0,0,0,0,0
Slc29a2,14,11,15,15,33,18
B4gat1,314,199,380,407,479,404
Brms1,246,166,337,352,405,355
Rin1,7,1,2,4,4,1
Tmem151a,24,21,37,51,97,16
Yif1a,306,259,404,352,460,536
Cnih2,7,6,6,13,20,10
Rab1b,394,307,459,501,647,519
Klc2,103,73,146,158,184,225
Pacs1,226,158,249,230,308,249
Sf3b2,1015,804,1193,1336,1629,1814
Gal3st3,0,0,1,0,0,0
Cst6,0,1,1,0,2,3
Banf1,440,331,494,548,739,666
Eif1ad,249,192,239,343,442,322
Sart1,196,159,260,223,318,349
Tsga10ip,2,2,9,4,2,3
4930481A15Rik,105,57,120,123,117,94
Drap1,1185,931,1451,1490,1923,1547
AI837181,272,174,317,392,508,466
Fosl1,8,10,6,8,8,3
Ccdc85b,213,156,244,390,332,211
Fibp,357,246,400,573,657,393
Ctsw,3,3,4,10,6,6
Efemp2,56,34,53,88,80,103
Mus81,122,122,138,186,226,215
Cfl1,9973,7554,11895,13117,15941,19221
Snx32,39,18,49,44,96,35
1700020D05Rik,5,2,6,4,4,2
Ovol1,0,0,1,1,0,0
Ap5b1,51,44,76,88,106,124
Rnaseh2c,630,578,819,868,931,962
Kat5,158,118,191,240,306,280
Rela,968,652,1098,1017,1407,1226
Sipa1,1368,1017,1640,1785,2276,2248
Pcnxl3,239,168,276,304,413,359
Map3k11,361,221,427,458,509,524
Kcnk7,3,4,2,6,3,13
Ehbp1l1,349,245,375,528,640,625
Fam89b,74,51,105,137,130,123
Sssca1,276,199,306,357,448,352
Ltbp3,13,10,7,12,20,6
Scyl1,258,185,307,336,436,455
Malat1,163032,111931,194967,154235,288857,239727
Neat1,2953,2307,3241,3451,5214,3949
Frmd8os,5,1,4,2,0,2
Frmd8,444,257,519,511,706,505
Slc25a45,382,255,451,572,698,646
Tigd3,2,2,5,6,5,4
Dpf2,318,270,443,417,519,604
Cdc42ep2,26,24,34,34,65,20
Pola2,53,43,75,102,145,106
Capn1,24,37,24,43,38,53
Gm10814,0,0,0,1,0,0
Syvn1,166,139,210,212,288,317
Mrpl49,170,102,166,209,264,237
Fau,27042,23721,35850,31882,36444,37160
Znhit2,170,105,236,296,318,347
Tm7sf2,20,13,17,35,48,40
Vps51,172,94,156,173,184,241
Gm28374,0,0,1,0,0,0
BC048609,1,0,0,0,1,0
Zfpl1,278,156,291,320,409,490
Cdca5,0,1,1,3,7,6
Sac3d1,86,52,89,150,130,143
Snx15,186,150,262,238,276,287
Arl2,195,124,234,288,357,284
Batf2,8,3,4,9,12,15
1700123I01Rik,0,0,0,0,1,0
Ppp2r5b,63,45,89,72,101,107
Atg2a,124,72,137,154,214,139
Ehd1,158,222,211,158,120,297
Cdc42bpg,1,1,4,1,4,3
Men1,72,46,93,108,123,145
Map4k2,156,87,166,199,234,170
Gm14966,28,25,34,48,60,50
Sf1,909,602,966,971,1313,1216
Pygm,8,12,16,11,25,11
Rasgrp2,6,3,2,6,16,6
Nrxn2,29,15,19,41,79,28
Gm14964,14,11,20,14,18,18
Slc22a12,0,1,2,0,1,0
Rps6ka4,253,149,287,448,450,409
Ccdc88b,301,180,341,337,460,483
Prdx5,1923,1691,2324,2867,3080,3359
Trmt112,1198,948,1449,1630,1803,1936
Esrra,272,177,330,464,551,441
Tex40,0,0,1,0,0,0
Kcnk4,0,0,0,0,1,0
Gpr137,294,178,347,359,370,460
Bad,294,265,412,457,541,534
Plcb3,138,83,160,156,213,237
Ppp1r14b,1928,1608,2283,3202,3463,3054
Fkbp2,1381,1207,1612,1887,2297,2482
Vegfb,537,373,659,614,830,756
Dnajc4,182,158,245,258,305,285
Nudt22,184,139,236,279,348,274
Trpt1,28,9,34,29,44,31
Fermt3,1896,1413,2372,2449,3091,2874
Stip1,386,377,543,353,444,991
Macrod1,37,58,65,59,107,63
Flrt1,0,4,1,7,2,1
Otub1,389,286,442,483,587,600
Cox8a,4135,3646,4659,4635,6988,5893
Naa40,126,73,147,145,198,152
Rcor2,3,1,2,4,4,1
Mark2,490,324,529,661,719,717
Gm17227,9,7,10,10,20,9
AI846148,82,44,78,108,145,119
1700105P06Rik,0,0,1,1,0,1
2700081O15Rik,76,45,83,104,132,113
Rtn3,1405,998,1633,1542,2250,1846
Atl3,108,82,109,126,200,113
Pla2g16,189,162,213,206,298,224
Lgals12,0,0,0,0,2,0
Slc22a28,0,1,0,0,1,0
Slc22a8,2,1,4,1,6,0
Chrm1,2,0,3,2,1,2
Slc3a2,3236,2384,3627,3675,4916,4981
Wdr74,193,129,210,263,332,325
1700092M07Rik,1,0,1,2,2,1
Stx5a,527,359,651,746,885,804
Nxf1,706,529,835,901,1226,827
Taf6l,584,464,713,749,936,1239
Polr2g,727,570,851,817,942,871
Zbtb3,16,5,14,27,24,25
Ttc9c,125,72,125,189,186,186
Hnrnpul2,458,284,542,543,682,642
Gng3,35,28,58,44,64,18
Bscl2,388,309,437,494,563,935
Lrrn4cl,1,0,0,1,0,1
Ubxn1,1211,953,1522,1603,1826,1570
Uqcc3,317,258,365,448,553,400
Lbhd1,9,5,11,16,19,28
1810009A15Rik,34,22,36,24,41,17
Ints5,47,25,89,100,88,133
Ganab,265,199,339,312,367,449
B3gat3,330,226,397,474,546,566
Rom1,21,18,18,16,28,18
Eml3,100,86,124,130,199,164
Mta2,432,297,478,602,812,705
Tut1,44,43,53,104,107,96
Eef1g,1780,1393,2194,3041,2911,2645
Ahnak,3,2,2,8,21,3
Asrgl1,66,48,57,91,124,55
Pcna-ps2,9,3,4,2,2,2
Incenp,44,37,55,71,77,108
Fth1,37503,42477,46956,54123,54052,69483
Best1,7,6,8,6,5,19
Rab3il1,1691,1184,1974,2729,2603,2900
Fads3,21,28,31,41,41,37
Fads2,3,2,4,0,2,2
Fads1,252,172,287,250,295,264
Fen1,84,61,105,176,194,183
Tmem258,1363,1004,1654,973,2016,1718
Myrf,11,11,26,31,53,14
Dagla,114,54,104,124,207,124
Syt7,1,0,7,5,13,1
Lrrc10b,1,1,2,2,0,3
Ppp1r32,0,2,0,1,5,0
Sdhaf2,147,92,179,186,190,220
Cpsf7,201,151,236,310,388,254
Tmem216,29,24,35,44,42,37
Tmem138,47,30,58,70,87,78
Cyb561a3,20,4,16,24,23,11
Tkfc,39,27,36,51,61,57
Ddb1,345,212,373,371,570,604
Vps37c,58,35,73,84,75,111
Cd5,2,2,5,4,6,0
Cd6,1,0,1,0,2,0
Slc15a3,1060,755,1188,952,1980,1427
Tmem132a,33,22,42,44,66,24
Tmem109,555,414,652,639,703,1097
Prpf19,424,304,467,539,642,822
Zp1,0,2,0,0,1,0
Ccdc86,255,269,294,635,593,759
AW112010,204,309,292,288,315,362
Ms4a1,0,0,0,0,1,0
Ms4a14,0,0,0,0,1,0
Ms4a7,3,2,8,6,2,2
Ms4a4a,0,0,1,1,0,0
Ms4a4c,6,24,22,20,15,61
Ms4a4b,2,1,1,1,0,1
Ms4a6c,259,326,385,354,404,1168
Gm8369,0,3,1,4,5,6
Ms4a6b,524,491,665,640,771,984
Ms4a4d,0,0,0,1,0,0
Ms4a6d,839,992,1149,946,928,2175
Ms4a2,0,1,0,0,1,0
Mrpl16,246,201,313,347,412,470
Stx3,23,21,20,39,56,31
Olfr1420,0,0,0,0,1,0
Patl1,206,124,218,235,328,174
Osbp,235,173,265,303,414,260
Mpeg1,2759,1933,3303,2657,3676,3100
Dtx4,645,353,762,794,1092,786
Fam111a,492,477,528,824,863,936
Zfp91,676,480,809,988,1198,828
Lpxn,685,371,779,713,969,1069
Olfr1444,1,0,6,2,0,0
Tle4,681,402,832,821,1461,749
Psat1,144,175,258,324,458,564
Cep78,45,34,51,67,77,58
C130060C02Rik,0,1,1,0,0,0
Gnaq,753,612,883,933,1172,803
Gna14,5,1,2,6,6,4
Vps13a,80,45,88,80,102,89
Prune2,139,122,150,200,225,239
Gcnt1,562,459,734,815,1099,873
Rfk,219,181,283,271,342,323
Pcsk5,0,0,1,1,0,0
Ostf1,2028,1666,2387,2476,2554,2878
Nmrk1,43,22,41,61,70,64
Carnmt1,149,147,194,221,239,215
D030056L22Rik,99,69,116,138,182,139
Trpm6,0,0,0,1,2,0
Rorb,5,5,3,3,14,11
Anxa1,1,6,0,2,3,2
1500015L24Rik,1,0,1,1,1,0
Aldh1a1,3,5,4,8,12,4
Tmc1,1,0,0,0,0,0
Zfand5,4930,3406,5102,7078,8592,4289
Gda,2,4,0,3,11,5
1110059E24Rik,195,133,242,264,305,252
Abhd17b,200,125,220,240,338,255
Tmem2,27,16,17,16,34,20
Trpm3,1,2,2,4,2,2
Gm27151,1,1,0,0,0,0
2410080I02Rik,3,5,5,2,3,6
Klf9,72,63,86,78,127,88
Smc5,116,79,115,155,176,112
1700028P14Rik,0,2,2,1,1,1
Gm9493,12,9,13,11,10,9
Gm6563,13,15,23,24,28,15
Ptar1,46,27,38,52,52,48
Gm9938,6,2,7,6,6,3
Apba1,104,62,125,119,190,77
Fam189a2,3,1,5,6,18,8
Tjp2,91,62,94,92,132,100
Fxn,34,15,45,43,70,43
Pip5k1b,0,2,3,0,3,1
Fam122a,144,93,167,228,272,267
Tmem252,0,2,0,2,2,2
Pgm5,1,0,0,1,1,0
Gm10053,6,3,6,1,8,5
Cbwd1,29,35,30,49,57,43
Dock8,769,530,924,835,1133,855
Kank1,3,0,9,4,12,3
Dmrt2,0,0,2,0,0,1
Smarca2,432,311,475,542,770,543
Vldlr,10,6,10,10,33,8
Pum3,140,116,181,236,258,240
Rfx3,91,45,79,97,124,87
Glis3,45,24,37,37,67,26
Slc1a1,6,1,3,5,15,3
4430402I18Rik,4,13,6,8,15,13
Plpp6,64,41,70,84,95,99
Cdc37l1,122,105,174,188,253,146
Ak3,101,76,142,141,181,157
1700018L02Rik,0,1,0,2,5,6
Rcl1,95,59,126,161,167,151
Jak2,158,115,181,175,278,156
Insl6,0,0,0,0,1,0
Rln1,0,0,1,0,2,0
Plgrkt,684,512,907,966,1177,762
Cd274,70,84,99,128,147,96
Pdcd1lg2,0,2,1,0,1,0
A930007I19Rik,88,100,128,111,160,131
Ric1,104,90,127,124,153,119
Ermp1,48,48,62,74,120,70
Mlana,0,0,0,0,0,1
9930021J03Rik,290,180,359,450,545,445
Ranbp6,29,24,37,65,46,54
Il33,35,20,49,50,163,16
Uhrf2,543,373,601,693,889,794
Gldc,3,3,5,4,8,1
Prkg1,6,5,12,11,15,4
Cstf2t,115,88,125,175,185,153
Asah2,29,31,36,41,44,30
Sgms1,135,92,131,159,220,165
2700046G09Rik,24,26,28,53,51,31
Rpl9-ps6,57,45,59,57,55,60
Minpp1,208,154,273,341,337,461
Papss2,3,3,4,1,2,3
Atad1,346,226,364,369,458,375
Pten,1455,1143,1612,1376,1769,1283
Rnls,25,19,59,49,57,37
Lipo1,159,122,169,141,216,185
Lipo2,1,0,0,0,1,1
Stambpl1,288,135,296,449,465,360
Acta2,1,3,3,2,38,2
Fas,9,32,21,21,22,24
Ch25h,4,6,13,10,21,11
Gm26902,0,0,3,2,0,0
Lipa,550,423,612,893,942,908
Ifit2,20,20,16,63,47,69
Ifit3,70,57,68,77,95,349
Ifit1bl1,0,4,1,1,2,5
Ifit3b,25,13,13,11,10,47
Ifit1bl2,0,0,0,1,1,1
Ifit1,11,9,22,36,14,109
Slc16a12,0,1,2,0,1,0
Pank1,41,29,52,47,59,52
Kif20b,20,10,14,18,28,26
A830019P07Rik,0,0,1,0,0,3
Rpp30,178,113,184,197,251,227
Pcgf5,86,66,93,100,122,134
Hectd2,54,30,31,49,63,39
Ppp1r3c,4,3,4,7,5,4
Tnks2,561,386,602,563,688,546
Fgfbp3,6,6,16,10,15,14
Btaf1,187,144,209,192,295,200
Cpeb3,35,33,36,29,64,36
A330032B11Rik,0,0,0,1,20,0
March5,517,442,643,705,741,749
Ide,157,113,152,130,245,292
Kif11,5,6,9,6,14,5
Hhex,1207,650,1387,2089,2159,1472
Exoc6,150,136,179,224,281,273
Cyp26c1,1,0,0,0,0,0
Cyp26a1,0,1,0,1,2,2
Myof,0,1,0,1,2,0
I830134H01Rik,2,0,0,0,0,0
Cep55,1,0,2,0,4,3
Rbp4,0,0,1,0,2,1
Fra10ac1,155,81,149,195,217,197
Lgi1,4,7,5,5,15,5
Slc35g1,17,5,5,13,13,13
Plce1,1,1,0,1,4,1
Noc3l,60,55,77,111,124,96
Tbc1d12,102,61,130,150,149,107
Hells,9,7,15,18,37,23
Pdlim1,6,2,3,4,12,1
Sorbs1,3,1,5,3,2,0
Aldh18a1,46,41,59,86,104,119
Gm27042,1,0,2,2,1,2
Tctn3,28,21,37,32,34,47
Entpd1,2762,2015,3312,2158,3127,3378
Cc2d2b,2,0,0,1,0,0
Ccnj,4,3,9,14,8,11
E030044B06Rik,1,0,0,3,4,0
Zfp518a,100,104,147,183,247,153
Blnk,1506,968,1767,1485,1785,2107
Opalin,32,9,63,49,108,9
Tll2,2,1,2,0,0,1
Tm9sf3,1349,957,1523,1713,2049,1863
Pik3ap1,114,58,130,123,126,108
Lcor,136,103,148,175,225,177
Gm340,14,11,24,23,33,28
AI606181,46,23,66,57,65,37
Slit1,0,1,1,0,0,0
Arhgap19,25,18,50,25,56,61
Frat2,29,21,38,58,56,45
Rrp12,15,21,30,27,48,40
Pgam1,1321,972,1781,1363,1607,1671
Exosc1,173,97,158,225,290,242
Zdhhc16,102,77,106,160,214,158
Mms19,176,137,225,317,390,297
Ubtd1,258,234,285,418,369,590
Ankrd2,0,0,0,0,0,1
Hoga1,10,7,22,23,31,17
4933411K16Rik,0,0,1,0,0,0
Morn4,1,3,3,2,3,1
Pi4k2a,365,230,434,594,645,645
Avpi1,56,47,72,124,119,71
Marveld1,14,7,12,21,18,13
Zfyve27,140,98,173,222,275,271
Sfrp5,0,0,0,0,1,0
Golga7b,2,1,2,1,3,1
Crtac1,2,0,4,2,3,0
R3hcc1l,78,50,91,129,150,130
Pyroxd2,50,37,57,38,73,19
Hps1,129,95,143,230,216,256
Cnnm1,3,2,5,0,5,3
Got1,290,218,395,450,525,416
Slc25a28,289,182,319,397,446,432
Entpd7,118,89,126,135,192,164
Cox15,57,30,74,97,88,60
Cutc,62,47,68,79,97,85
Abcc2,1,0,0,0,1,0
Dnmbp,3,2,4,8,9,4
Cpn1,8,4,5,5,13,8
Cyp2c44,1,1,0,0,0,0
Erlin1,109,63,115,135,147,157
Chuk,285,189,340,357,432,393
Cwf19l1,25,11,32,34,62,42
Bloc1s2,306,251,356,363,438,379
Pkd2l1,0,0,2,0,1,0
Scd3,1,0,3,2,6,0
Scd2,350,220,396,428,1198,251
Scd4,0,0,0,0,1,0
Scd1,23,10,21,21,77,6
Sec31b,0,2,0,0,2,1
Ndufb8,974,822,1177,1287,1509,1543
Hif1an,93,76,108,100,147,104
Gm26644,1,0,0,1,2,0
Fam178a,308,166,339,422,540,243
Sema4g,164,65,150,265,320,115
Mrpl43,598,461,721,1034,1120,972
Peo1,74,36,76,182,169,111
Lzts2,82,53,91,144,209,75
Pdzd7,1,0,0,0,2,0
Sfxn3,90,69,114,127,157,142
Kazald1,2,2,5,2,3,3
Lbx1,2,2,2,3,1,1
Gm29595,0,0,0,0,1,0
Gm29593,1,0,1,5,1,0
Gm28578,1,0,1,1,4,2
Btrc,124,72,140,166,179,150
Poll,53,27,55,75,89,63
Dpcd,203,144,233,309,312,295
Fbxw4,645,421,772,806,957,721
Npm3,252,225,269,336,396,477
Gm15491,2,0,1,0,2,0
Mgea5,454,304,467,498,729,480
Kcnip2,5,2,1,4,3,0
9130011E15Rik,24,16,32,30,40,28
4930505N22Rik,3,1,1,1,2,3
Hps6,107,50,120,132,135,178
Ldb1,630,346,742,753,941,753
Pprc1,128,82,154,226,266,166
Nolc1,230,158,286,349,391,418
Elovl3,0,0,0,1,0,0
Gbf1,230,123,273,258,322,342
Nfkb2,224,174,273,248,240,335
Psd,60,35,70,80,97,53
Fbxl15,178,118,235,229,232,234
Cuedc2,789,627,976,996,1269,1227
Gm26792,0,1,4,4,5,8
Tmem180,53,49,60,69,78,120
Actr1a,239,174,276,295,418,542
Sufu,87,54,107,119,162,123
Trim8,1517,1018,1733,1401,1977,2090
Arl3,282,212,329,260,361,347
Sfxn2,71,80,95,109,162,164
Wbp1l,223,179,275,274,394,436
Borcs7,247,203,277,363,449,275
As3mt,496,320,503,563,712,441
Cnnm2,52,39,77,107,79,92
Nt5c2,187,124,190,223,270,237
Ina,2,4,3,4,7,0
Pcgf6,56,37,62,87,99,51
Taf5,37,24,45,73,99,71
Usmg5,1065,727,1154,682,2026,1514
Pdcd11,188,131,228,181,346,345
Calhm2,237,157,293,271,419,512
Neurl1a,197,158,232,239,328,280
Sh3pxd2a,214,132,243,257,367,234
Obfc1,62,38,70,83,88,101
Gm19557,0,0,0,2,1,0
Slk,210,161,237,307,368,301
Col17a1,2,0,0,0,2,0
Sfr1,1349,1021,1615,1760,2178,1936
Cfap43,97,80,95,91,155,143
Gsto1,188,173,268,455,497,498
Gsto2,7,6,19,15,15,18
Sorcs3,1,0,3,3,9,0
Rpl13a-ps1,0,1,1,2,0,1
Sorcs1,6,1,5,5,23,1
Xpnpep1,240,157,265,303,407,354
Add3,315,189,365,384,515,407
Mxi1,465,326,600,493,631,690
Gm10197,0,0,0,1,0,0
Smndc1,553,378,620,688,897,717
Mirt1,1,4,0,2,8,4
Dusp5,234,183,254,332,324,327
Nutf2-ps1,7,3,0,2,4,4
Smc3,335,291,478,546,632,542
Rbm20,0,0,0,1,0,0
Gm16299,4,3,0,2,8,7
Pdcd4,740,417,788,574,1031,613
Bbip1,481,366,651,648,804,725
Shoc2,177,114,177,206,318,195
Adra2a,3,0,6,1,11,13
Gpam,8,1,9,8,10,2
Gucy2g,1,0,1,0,0,0
Acsl5,339,251,401,409,552,697
Zdhhc6,162,114,192,213,241,235
Vti1a,71,42,75,105,106,57
4930552P12Rik,2,0,1,0,0,0
Tcf7l2,740,506,748,552,1078,703
Nrap,2,0,3,2,11,0
Casp7,82,57,88,103,129,115
Dclre1a,43,26,35,49,61,47
Nhlrc2,131,93,150,159,185,167
Adrb1,437,392,416,401,1059,414
Ccdc186,209,114,220,281,309,233
Afap1l2,3,0,3,2,9,3
Ablim1,114,96,113,128,168,163
B230217O12Rik,0,2,2,6,2,2
Fam160b1,179,97,178,225,276,184
Trub1,78,53,101,129,145,97
Atrnl1,6,5,9,11,16,8
Gfra1,4,2,4,2,13,4
Pnlip,0,0,1,0,0,0
Hspa12a,27,9,29,37,59,12
Eno4,2,6,4,5,12,3
Shtn1,22,12,10,26,44,9
Vax1,4,2,3,6,5,3
Slc18a2,9,4,7,8,12,2
Pdzd8,287,185,305,359,454,311
Rps12-ps3,96,87,144,234,151,153
Emx2os,3,0,0,4,4,0
Emx2,2,3,4,0,5,2
Gm17203,2,2,0,2,2,2
Rab11fip2,138,103,184,216,270,176
E330013P04Rik,0,0,1,0,1,1
Fam204a,269,206,326,351,455,269
Gm28351,1,0,0,0,0,0
Cacul1,196,123,201,229,281,215
Nanos1,76,43,59,90,118,41
Eif3a,1670,1242,1959,2264,2570,2315
Fam45a,260,183,295,339,432,330
Sfxn4,29,15,27,26,46,31
Prdx3,429,330,488,540,560,724
Grk5,8,5,13,5,12,8
Zfp950,278,188,302,368,491,389
Csf2ra,672,572,758,1219,1052,1241
mt-Nd1,23471,20188,29195,35077,45760,34866
mt-Nd2,25275,22061,31041,36428,49509,37239
mt-Co1,42490,41848,47726,56531,67845,65419
mt-Co2,47672,46119,57963,67615,77630,67890
mt-Atp8,881,641,1030,887,2592,581
mt-Atp6,67380,62468,79405,102931,109848,87938
mt-Co3,65197,63969,78670,99626,108823,96915
mt-Nd3,12361,8269,19963,7197,26196,18202
mt-Nd4l,2564,1919,3109,2506,6002,2309
mt-Nd4,26747,23876,31741,38461,45210,46044
mt-Nd5,3709,3213,4365,4858,7191,3398
mt-Nd6,403,253,407,346,791,253
mt-Cytb,39361,34605,46873,57585,59604,56973
Vamp7,212,139,253,214,241,315
Spry3,0,0,2,0,0,0
Tmlhe,13,12,23,14,31,11
AC133103.1,0,1,0,0,0,0
Csprs,0,0,0,1,2,2
AC132444.6,0,1,1,1,1,0
AC125149.3,4,3,1,9,13,3
AC168977.2,0,1,0,0,0,0
AC168977.1,2,3,5,3,4,1
PISD,1710,897,1580,2019,3997,2291
DHRSX,216,180,273,294,344,336
CAAA01147332.1,23,11,30,18,25,12
