,0,1,2,3,4,5
Mrpl15,3,8,18,10,11,14
Lypla1,3,6,7,2,4,4
Tcea1,10,14,28,10,21,16
Atp6v1h,4,9,14,9,6,8
Rb1cc1,8,11,22,13,14,9
4732440D04Rik,1,3,1,2,3,3
St18,0,0,1,0,1,0
Pcmtd1,11,11,13,10,11,19
Gm26901,0,0,1,1,0,0
Rrs1,1,2,2,2,5,4
3110035E14Rik,0,0,1,0,1,0
Mybl1,0,0,1,0,0,0
Vcpip1,0,7,6,7,8,4
Sgk3,3,0,3,0,4,2
Snhg6,15,9,36,11,20,10
Cops5,5,7,21,11,13,12
Cspp1,6,6,6,9,7,6
Arfgef1,9,9,17,13,5,11
Prex2,0,1,1,0,0,0
Sulf1,0,0,2,0,0,0
Ncoa2,5,6,21,15,8,10
Tram1,14,17,43,17,10,21
Lactb2,2,4,4,5,2,2
Eya1,0,0,0,1,0,0
Msc,0,0,0,0,1,0
Kcnb2,0,1,0,0,0,0
Terf1,6,3,7,5,1,8
4930444P10Rik,0,0,0,0,0,1
Rpl7,396,519,962,513,518,573
Rdh10,0,1,1,1,4,0
Stau2,1,1,0,3,0,1
Ube2w,3,5,8,10,7,4
Tceb1,22,25,41,22,25,24
Tmem70,2,4,5,3,5,3
Ly96,4,0,2,0,0,1
Gdap1,0,0,2,0,0,0
Il17a,0,56,0,50,69,26
Il17f,0,0,0,3,0,0
Mcm3,2,2,12,2,6,5
Paqr8,0,1,0,0,1,0
Tram2,0,0,1,1,1,1
Tmem14a,0,1,2,0,0,2
Gsta3,0,0,0,0,1,0
Kcnq5,0,1,2,0,0,0
Gm29107,0,0,2,0,0,0
Ogfrl1,11,1,7,4,18,7
Smap1,13,17,35,23,28,16
Sdhaf4,8,7,16,12,12,7
Fam135a,0,0,1,1,0,0
Lmbrd1,5,3,13,5,5,4
Phf3,12,18,44,32,24,18
Ptp4a1,15,22,32,15,10,10
Prim2,0,1,3,0,3,1
Rab23,1,1,3,3,2,2
Bag2,0,0,3,0,0,0
Zfp451,2,5,4,5,6,4
Bend6,0,0,0,0,1,0
Dst,1,2,4,0,7,2
Gm37233,0,0,0,1,0,0
Ccdc115,4,8,6,10,5,9
Imp4,5,8,21,9,9,13
Ptpn18,121,158,311,147,169,167
Arhgef4,0,0,1,1,3,2
Fam168b,6,10,19,7,9,7
Plekhb2,7,8,19,6,12,6
Hs6st1,1,3,3,2,0,1
Uggt1,3,5,11,7,8,6
Neurl3,36,31,96,37,37,62
Arid5a,16,23,40,23,37,48
4930403P22Rik,0,0,1,1,0,1
Kansl3,4,7,6,9,7,8
Lman2l,2,3,4,6,2,6
Cnnm4,3,0,3,0,3,1
Cnnm3,2,2,7,3,2,7
Ankrd39,2,4,3,2,2,0
Sema4c,0,0,2,0,1,1
Cox5b,23,45,78,43,61,51
Actr1b,4,6,9,5,8,4
Zap70,15,14,20,13,23,29
Tmem131,6,4,6,6,3,2
Vwa3b,0,0,1,0,0,0
Inpp4a,2,3,8,7,5,7
Coa5,1,4,7,2,4,9
Unc50,8,6,19,8,16,11
Mgat4a,2,5,9,7,11,7
2010300C02Rik,0,1,1,4,0,2
4930556I23Rik,0,0,0,0,1,0
Tsga10,0,0,0,1,2,1
Mitd1,9,7,12,9,10,14
Mrpl30,12,19,50,27,36,37
Txndc9,8,9,17,13,17,7
Eif5b,13,24,38,14,24,20
Rev1,0,2,6,1,3,1
Aff3,2,2,0,0,0,0
Gm16152,1,0,1,0,1,0
Chst10,0,1,4,3,0,3
Pdcl3,10,7,19,9,16,16
Rpl31,86,136,244,105,159,101
Tbc1d8,1,0,0,1,2,0
Cnot11,3,4,8,6,4,4
Rnf149,15,10,15,11,14,9
Creg2,0,0,0,0,1,0
Map4k4,29,18,32,28,18,21
Il1r2,0,0,1,0,0,0
Il1r1,0,1,1,0,0,0
Il1rl1,0,3,23,0,4,0
Il18r1,33,25,42,23,38,37
Il18rap,4,10,5,6,2,6
Mfsd9,1,0,1,0,0,0
Pantr1,0,1,3,0,0,0
Pou3f3,0,0,1,2,0,0
Mrps9,5,7,16,9,6,9
Tgfbrap1,1,1,5,1,6,1
AI597479,0,0,1,2,2,1
Fhl2,0,1,4,2,0,0
Nck2,0,2,3,5,1,0
1500015O10Rik,0,0,1,1,0,0
Uxs1,6,2,3,6,2,0
Tpp2,7,14,23,16,25,12
Mettl21c,0,0,0,1,0,0
Gm8251,1,0,0,0,0,2
Tex30,1,6,11,8,4,3
Kdelc1,0,0,3,0,0,1
Bivm,2,0,2,0,1,1
Ercc5,1,2,13,2,8,1
Wdr75,4,2,6,3,9,6
Slc40a1,0,0,1,0,2,1
Slc39a10,1,1,5,2,2,0
Tmeff2,0,0,7,0,1,0
1700072G22Rik,1,0,0,0,0,0
Nabp1,21,26,69,33,37,20
Gm17767,0,0,1,0,0,0
Myo1b,0,0,2,0,0,1
Stat4,44,33,81,33,47,24
Stat1,44,20,43,25,22,91
Gls,27,24,65,36,38,23
Nab1,8,13,22,11,9,21
Tmem194b,3,2,3,3,1,3
Mfsd6,3,8,9,4,4,7
Inpp1,3,9,10,6,11,4
Hibch,1,3,3,4,1,4
1700019D03Rik,0,1,4,0,1,1
Pms1,1,1,4,0,0,3
Ormdl1,6,10,11,6,8,9
Osgepl1,0,1,2,0,0,1
Asnsd1,5,8,18,15,10,13
Stk17b,111,95,218,129,117,160
Gtf3c3,2,4,1,3,0,2
Pgap1,1,1,3,5,4,2
Ankrd44,23,38,71,42,41,30
4930444A19Rik,0,0,1,0,0,0
Sf3b1,31,34,82,56,55,49
Coq10b,27,27,46,28,34,24
Hspd1,20,12,61,32,23,35
Hspe1,76,77,179,73,94,99
Mob4,11,13,27,11,13,13
Rftn2,1,0,1,0,0,0
Mars2,0,3,2,3,5,0
Plcl1,0,0,3,1,0,0
1700066M21Rik,0,0,2,0,0,1
Tyw5,1,0,4,0,0,1
9430016H08Rik,3,1,5,3,2,4
Kctd18,1,2,8,2,3,0
Bzw1,15,17,53,31,33,40
Clk1,72,59,143,93,86,84
Ppil3,5,5,10,5,3,10
Nif3l1,1,1,2,1,1,1
Orc2,1,6,10,5,6,3
Gm15834,0,0,0,0,1,0
Fam126b,4,5,2,4,5,6
Ndufb3,21,24,56,25,26,30
Cflar,15,12,26,17,25,11
Casp8,8,9,25,10,10,10
Trak2,1,3,1,2,2,2
Stradb,1,1,3,3,2,2
Tmem237,0,1,4,3,1,0
G730003C15Rik,0,0,0,0,0,2
Als2,0,1,0,0,2,0
Fzd7,0,0,0,2,0,0
Gm973,0,1,0,0,0,0
Sumo1,36,32,66,48,29,55
Nop58,9,11,24,14,15,15
Bmpr2,1,2,2,1,3,0
Fam117b,6,7,10,10,4,7
Wdr12,5,2,4,2,7,4
Carf,1,1,2,2,4,0
Nbeal1,4,6,4,9,1,3
Cyp20a1,0,3,7,3,2,4
Abi2,0,3,4,1,2,0
Raph1,6,5,6,2,5,4
Cd28,34,61,110,77,75,93
Gm11579,0,1,0,0,1,0
Ctla4,22,19,33,27,31,18
Icos,47,58,63,65,44,78
Pard3b,0,0,0,0,1,1
Nrp2,1,0,1,0,1,0
Gm4208,0,0,0,0,1,0
Ino80d,5,8,7,9,11,3
Gm20342,2,1,1,2,0,4
Ndufs1,4,5,11,4,7,3
Eef1b2,327,423,721,375,423,341
Zdbf2,0,0,0,0,1,0
Fastkd2,0,0,3,1,3,1
Klf7,4,3,5,8,10,5
Creb1,11,13,12,11,9,8
Mettl21a,0,1,3,3,0,3
Ccnyl1,1,0,2,0,2,1
Fzd5,1,2,2,2,1,1
Plekhm3,3,1,4,2,5,4
Idh1,1,1,2,2,3,1
Pikfyve,2,0,0,3,5,3
Rpe,1,5,4,3,3,5
Kansl1l,0,5,6,5,3,7
Acadl,13,14,25,13,24,15
Lancl1,0,4,5,1,3,9
Erbb4,0,0,2,0,0,0
Ikzf2,0,42,8,19,20,1
Bard1,0,2,0,0,0,0
Atic,4,8,10,5,5,5
Fn1,0,0,0,0,1,0
Mreg,7,0,0,0,0,0
D230017M19Rik,0,1,0,0,0,1
Pecr,0,0,3,4,3,2
Xrcc5,2,5,7,4,3,2
Smarcal1,1,0,3,0,1,0
Rpl37a,1234,1306,2904,920,1751,1621
Igfbp2,0,0,1,0,0,0
Tns1,0,0,0,1,2,0
Arpc2,96,92,190,142,124,122
Aamp,8,9,23,26,17,16
Pnkd,6,7,21,13,10,15
Tmbim1,1,2,5,2,4,3
Catip,0,0,0,1,0,0
Slc11a1,0,0,3,6,3,2
Ctdsp1,6,4,11,8,7,21
Usp37,2,6,3,3,2,2
Rqcd1,0,2,3,2,0,2
Plcd4,0,1,0,0,0,0
Zfp142,1,2,3,5,2,3
Bcs1l,1,2,3,1,6,1
Rnf25,0,2,3,0,0,2
Ttll4,1,0,2,0,3,2
Cyp27a1,0,0,0,2,1,1
Cdk5r2,0,0,0,0,1,0
Ccdc108,0,0,1,0,0,0
Nhej1,3,2,3,0,2,1
Cnppd1,2,11,19,5,6,15
Fam134a,4,9,10,4,7,16
Zfand2b,4,5,7,9,2,5
Abcb6,0,0,0,0,2,1
Atg9a,1,3,1,3,0,2
Ankzf1,3,5,3,1,2,2
Glb1l,1,0,1,0,0,1
Stk16,4,9,13,5,4,3
Tuba4a,13,16,56,31,21,28
Dnajb2,3,5,9,4,4,6
Dnpep,4,6,7,5,7,2
Speg,0,0,0,0,2,0
Gmppa,1,2,3,4,3,3
Chpf,1,1,4,0,3,1
Obsl1,0,1,0,0,0,0
Tmem198,0,0,0,1,0,0
Inha,0,0,1,0,0,0
Stk11ip,0,0,0,2,0,1
Slc4a3,0,0,0,0,0,1
Epha4,0,1,0,0,2,0
Farsb,3,3,10,4,8,3
Acsl3,1,0,2,0,0,0
Utp14b,0,0,0,1,0,0
Ap1s3,0,0,1,0,1,2
Wdfy1,2,4,5,6,8,1
Mrpl44,2,2,6,4,1,6
Serpine2,0,4,5,8,10,5
9830004L10Rik,0,0,0,0,1,0
Fam124b,0,0,0,1,0,0
Cul3,6,9,19,18,22,9
Dock10,22,18,56,49,43,41
Nyap2,0,0,1,0,0,0
Rhbdd1,3,1,4,2,1,1
Col4a4,0,1,0,0,0,0
Mff,6,12,30,11,10,13
Agfg1,9,8,26,18,19,13
Pid1,0,0,3,2,2,0
Dner,0,0,2,0,0,0
Trip12,4,11,19,11,13,11
Fbxo36,0,0,0,0,0,1
C130026I21Rik,5,2,3,2,1,1
A530032D15Rik,1,0,0,0,0,0
A530040E14Rik,2,4,0,0,0,0
Sp110,15,9,33,33,18,29
Sp140,10,7,16,8,8,9
Sp100,32,25,61,35,47,71
A630001G21Rik,4,3,8,1,3,2
Cab39,9,9,32,18,14,14
Itm2c,7,13,43,37,22,19
Gm28884,1,0,0,0,0,0
Gpr55,1,2,5,1,1,1
Psmd1,3,3,12,6,5,15
Armc9,1,0,2,2,2,1
B3gnt7,1,0,0,1,0,0
Ncl,53,57,121,103,92,88
Ptma,223,290,591,372,351,268
Pde6d,2,2,10,6,4,5
Cops7b,0,0,4,3,0,2
Dis3l2,3,3,4,3,4,4
Ecel1,0,1,0,0,0,0
Eif4e2,5,10,22,16,13,16
Efhd1,0,1,3,0,0,0
Gigyf2,6,5,15,15,8,7
Kcnj13,0,0,2,0,0,1
Inpp5d,9,12,35,32,26,21
Atg16l1,3,0,8,4,4,8
Sag,1,1,0,2,0,0
Dgkd,0,4,8,4,6,3
Usp40,1,1,1,3,3,1
Hjurp,5,1,12,9,11,4
Arl4c,38,31,55,36,29,39
Agap1,0,0,5,3,1,0
Ackr3,0,0,1,0,0,0
Cops8,4,8,16,12,9,8
Mlph,0,0,6,2,2,2
Lrrfip1,15,22,52,28,25,18
Rbm44,0,0,0,0,0,1
Ramp1,1,6,2,7,11,8
Ube2f,5,6,11,8,8,8
Scly,3,3,8,5,3,3
Ilkap,13,11,27,8,10,13
Hes6,1,6,4,1,9,8
Per2,0,0,0,1,1,0
Traf3ip1,0,0,4,3,1,2
Asb1,1,1,4,2,2,1
Hdac4,1,3,7,6,6,12
Gm26720,1,0,0,0,2,0
Ndufa10,11,19,42,26,20,21
Myeov2,21,25,57,18,27,40
Otos,0,0,0,0,0,1
Gpc1,1,0,2,0,0,2
Dusp28,5,3,5,3,6,4
5033417F24Rik,0,0,1,0,0,0
Rnpepl1,6,3,16,6,12,12
9430060I03Rik,0,0,2,0,1,0
Capn10,0,0,1,0,1,3
Gpr35,1,0,0,0,0,0
Kif1a,1,2,2,0,3,0
Sned1,0,0,0,1,0,0
Mterf4,0,1,2,3,1,4
Ppp1r7,0,5,2,10,2,8
Hdlbp,7,7,15,8,12,8
Sept2,10,10,30,12,18,12
Farp2,0,0,0,0,1,0
Stk25,3,3,5,8,4,5
Thap4,0,3,1,1,0,0
Atg4b,2,1,6,1,3,7
Dtymk,6,3,14,8,4,5
Ing5,3,3,8,5,6,3
D2hgdh,1,1,2,1,3,0
Neu4,0,1,0,0,0,0
Pdcd1,3,41,32,15,26,58
Fam174a,6,10,22,14,7,12
St8sia4,19,20,29,22,36,16
D1Ertd622e,7,5,10,7,7,5
Ppip5k2,3,4,8,4,3,4
Gin1,2,2,9,5,5,3
Pam,3,0,2,2,2,1
1810006J02Rik,0,0,0,0,1,1
Gm7967,0,0,3,0,0,0
Gm28187,0,4,0,0,0,0
Pign,3,0,3,0,0,0
2310035C23Rik,4,8,12,8,8,5
Tnfrsf11a,4,0,2,1,2,0
Gm7160,0,0,1,0,0,1
Zcchc2,1,4,10,7,1,8
Phlpp1,7,1,4,2,4,2
Bcl2,112,139,241,129,176,274
Kdsr,2,7,7,6,8,6
Vps4b,9,10,17,11,12,7
Dsel,0,0,1,0,0,0
Tsn,20,18,48,17,23,28
Nifk,6,3,9,2,12,5
Clasp1,0,0,3,7,5,4
2900060B14Rik,7,5,8,13,8,3
Gm26831,1,0,0,0,0,0
Ralb,1,3,1,3,1,2
Tmem185b,1,1,1,1,4,4
Epb41l5,0,0,0,0,1,1
Ptpn4,1,8,18,7,3,4
Tmem177,0,0,1,0,0,1
Tmem37,0,1,2,3,3,2
Dbi,16,31,54,24,27,19
3110009E18Rik,0,1,3,5,3,2
Insig2,1,1,12,4,7,4
Ccdc93,0,1,3,3,1,2
Ddx18,9,10,27,15,23,10
Actr3,55,75,143,58,78,70
Slc35f5,2,0,0,1,1,0
Mgat5,0,1,8,2,1,2
Tmem163,5,0,5,6,1,1
Ccnt2,13,6,20,11,5,13
Rab3gap1,7,13,8,8,12,5
R3hdm1,12,18,27,16,15,16
Ubxn4,16,16,44,22,18,24
Mcm6,8,5,14,7,11,11
Dars,8,9,19,5,5,15
Cxcr4,13,31,44,22,29,26
Thsd7b,0,1,0,0,0,2
Gm15675,0,2,0,0,0,0
Cd55,5,5,5,4,0,0
Gm16083,0,1,0,0,0,0
Yod1,1,0,1,4,3,2
AA986860,0,0,0,0,1,0
Fcmr,1,0,0,2,0,0
Mapkapk2,5,4,14,10,6,16
Dyrk3,0,0,1,0,0,1
Eif2d,3,0,6,1,4,4
Rassf5,16,17,47,24,28,30
Ikbke,3,3,5,3,2,3
Gm28913,1,0,0,0,0,0
Srgap2,3,2,6,16,10,2
Fam72a,0,0,0,0,0,1
Ctse,1,0,2,1,0,0
Slc41a1,6,2,8,0,2,3
Rab29,1,0,2,1,0,2
Nucks1,13,21,54,32,27,20
Elk4,6,4,11,10,12,9
Mfsd4,2,6,7,2,5,0
Cdk18,0,1,0,0,1,0
Nuak2,4,1,0,1,2,1
F730311O21Rik,0,1,0,0,0,0
Tmcc2,0,0,1,0,1,0
Dstyk,2,0,1,4,1,2
Rbbp5,2,0,6,4,5,0
Tmem81,0,0,1,3,3,0
Cntn2,0,0,7,2,1,1
Nfasc,0,0,1,0,1,0
Gm10538,0,0,0,1,0,0
Lrrn2,0,0,0,1,0,0
Mdm4,10,10,16,10,5,16
Pik3c2b,0,0,1,0,3,1
Ppp1r15b,9,7,13,13,13,8
Snrpe,43,59,100,42,67,60
Zc3h11a,1,2,4,4,11,3
Gm38394,1,1,1,0,0,0
Lax1,5,9,17,13,10,13
Atp2b4,3,7,11,10,9,4
Btg2,99,76,309,263,208,194
Adora1,0,1,0,0,0,0
Ppfia4,0,0,3,7,5,6
Tmem183a,3,4,7,3,7,6
Cyb5r1,1,7,5,3,1,2
Adipor1,7,9,19,16,12,17
Klhl12,2,3,7,4,2,4
Rabif,1,2,6,3,2,3
Kdm5b,1,5,7,5,11,4
Ppp1r12b,1,0,1,1,1,1
Ube2t,1,1,3,1,4,1
Ptpn7,7,4,13,4,10,11
Arl8a,5,3,16,6,7,11
Gm15445,0,0,1,0,0,0
Gpr37l1,0,4,2,0,1,1
Rnpep,2,4,9,7,11,2
Timm17a,4,11,12,14,10,8
Shisa4,1,1,5,0,0,0
Ipo9,0,1,4,2,1,3
Nav1,4,0,1,4,6,1
Gm38399,0,0,0,0,1,0
Csrp1,6,7,39,3,8,9
Phlda3,0,2,6,5,3,1
Tnni1,0,0,2,1,0,0
Tmem9,0,1,5,2,3,1
Cacna1s,1,1,0,0,0,0
Kif21b,8,12,16,14,13,12
5730559C18Rik,0,1,0,0,0,0
Camsap2,1,4,2,3,0,3
Ddx59,0,0,2,0,2,3
Gm33994,0,0,0,0,0,1
Zfp281,2,3,12,7,4,10
Gm19705,0,0,2,1,2,1
A430106G13Rik,0,0,0,0,1,0
Ptprc,99,170,259,158,159,189
Nek7,10,12,24,19,25,21
2310009B15Rik,2,4,7,5,7,4
Dennd1b,7,6,20,6,12,12
Zbtb41,0,2,2,0,6,0
Aspm,0,0,1,0,0,0
Cfh,1,0,2,16,3,6
Cdc73,3,9,10,14,10,9
B3galt2,0,1,3,0,1,0
Glrx2,3,5,14,6,9,11
Trove2,0,1,5,3,2,1
Uchl5,6,6,14,9,14,11
Rgs2,24,35,73,70,88,105
Rgs1,23,44,141,91,79,67
Pla2g4a,0,0,0,2,1,0
BC003331,1,1,8,2,1,3
Tpr,17,23,46,26,44,28
Prg4,1,0,0,0,0,0
Gm10138,2,0,0,2,0,1
Ivns1abp,18,7,24,22,16,17
Swt1,8,5,22,10,13,12
Trmt1l,2,4,9,16,6,12
Rnf2,5,4,12,6,5,6
Fam129a,7,11,12,5,11,17
2810414N06Rik,0,0,2,0,0,1
Edem3,2,0,1,1,3,0
1700025G04Rik,1,7,10,6,6,15
Tsen15,1,3,2,1,1,4
Rgl1,0,0,1,1,3,0
Arpc5,37,44,74,55,57,36
Ncf2,0,2,7,7,6,1
Smg7,4,7,10,5,10,3
Nmnat2,0,0,0,0,1,0
Lamc1,1,2,6,0,3,3
Dhx9,10,11,22,12,10,5
Npl,0,0,0,1,1,1
C230024C17Rik,0,0,0,1,0,0
Rgs16,0,3,9,6,4,0
Gm28513,0,0,0,0,0,1
Rnasel,5,6,7,4,3,9
Glul,4,15,48,31,43,21
A830008E24Rik,0,0,0,1,0,0
Ier5,56,33,82,124,96,55
Mr1,2,1,0,2,0,1
Stx6,4,2,7,10,5,6
BC034090,0,0,1,0,0,0
Xpr1,2,2,3,3,9,8
Acbd6,15,11,33,14,21,18
Qsox1,2,3,5,5,4,7
Cep350,8,6,13,5,8,10
Tor1aip1,8,18,21,25,9,19
Tor1aip2,3,4,5,5,6,5
Fam163a,0,0,1,0,0,0
Axdnd1,1,0,0,0,0,0
Gm2000,2,9,17,6,9,12
Soat1,2,2,11,9,6,6
Gm10031,0,0,1,1,0,0
Abl2,1,1,3,6,1,0
Tor3a,5,3,6,7,3,6
Fam20b,0,1,5,2,2,2
Ralgps2,2,2,1,6,2,0
Rasal2,0,0,1,1,1,0
BC026585,1,0,1,0,2,1
Astn1,0,0,0,0,1,0
Rfwd2,5,1,10,7,10,6
Tnr,0,0,0,1,3,0
Gm38039,0,0,1,0,0,0
4930523C07Rik,31,28,65,46,30,42
Mrps14,18,16,27,28,27,20
Cacybp,11,15,42,24,17,31
Rabgap1l,7,13,27,9,10,16
Rc3h1,2,6,13,13,3,10
Zbtb37,2,1,4,0,7,1
Dars2,0,1,2,0,3,1
Gm37634,0,0,0,1,0,0
Cenpl,4,0,5,3,3,3
Klhl20,1,1,3,1,2,2
Prdx6,54,72,177,102,80,120
Tnfsf4,0,0,0,0,1,0
Fasl,12,9,49,29,25,42
Suco,8,9,23,8,11,7
Pigc,1,2,2,1,1,5
Dnm3,0,0,2,0,0,0
Mettl13,0,0,2,3,2,4
Vamp4,5,10,14,12,5,9
Prrc2c,28,49,81,55,56,35
Gorab,1,0,0,1,0,0
Kifap3,2,1,6,2,1,3
Scyl3,2,1,5,0,0,1
BC055324,0,0,1,1,0,0
Mettl18,0,0,0,1,2,0
Sell,8,9,12,6,11,9
F5,1,0,0,0,0,1
Slc19a2,1,1,0,0,0,0
Ccdc181,0,0,1,2,1,2
Blzf1,1,0,4,4,1,1
Nme7,2,1,3,3,1,0
Atp1b1,1,2,2,1,9,0
Xcl1,52,35,173,88,113,81
Sft2d2,4,6,6,2,8,5
Tiprl,5,16,33,12,24,14
Dcaf6,0,0,9,0,3,1
Mpc2,9,24,42,18,29,18
Mpzl1,0,0,1,0,0,0
Rcsd1,8,11,24,18,10,15
Creg1,2,4,12,15,6,10
Cd247,10,21,18,20,13,22
Pou2f1,6,6,1,6,9,2
Dusp27,0,0,0,0,1,0
Ildr2,0,0,1,2,1,0
Gm15853,0,0,0,0,1,0
Tada1,4,4,8,4,11,3
Pogk,0,3,2,2,6,1
Fam78b,0,1,0,0,1,1
Uck2,4,2,2,5,6,3
Tmco1,10,10,18,12,13,17
Aldh9a1,3,3,6,4,6,5
Mgst3,0,0,2,2,2,1
Pbx1,1,0,0,1,0,0
Nuf2,0,0,2,0,0,0
Rgs5,0,0,0,0,1,0
Ccdc190,0,0,0,1,0,0
Hsd17b7,0,2,3,0,2,0
3110045C21Rik,0,0,0,0,1,0
Uap1,4,4,7,5,2,5
Uhmk1,4,3,9,10,8,5
4930500M09Rik,0,0,0,0,1,1
Gm7694,0,0,1,0,1,0
Nos1ap,0,0,1,0,0,0
Atf6,0,2,6,2,6,4
Dusp12,1,3,6,4,4,2
Fcrla,0,0,0,0,2,0
Fcgr2b,0,0,5,8,2,7
Fcgr4,0,0,0,1,0,0
Fcgr3,0,1,3,26,16,15
Sdhc,5,8,10,11,7,8
Tomm40l,2,0,2,0,1,4
Apoa2,0,1,0,0,0,0
Fcer1g,15,8,24,50,61,18
Ndufs2,10,15,25,11,22,18
Adamts4,0,0,0,1,0,0
B4galt3,2,1,5,6,4,1
Ppox,1,2,1,2,5,2
Usp21,1,1,1,0,2,2
Ufc1,6,9,24,16,19,17
Gm20045,0,0,0,1,2,0
Dedd,1,0,3,2,3,2
Nit1,5,4,13,2,3,3
Pfdn2,20,17,41,22,26,26
Klhdc9,1,0,0,0,0,0
Pvrl4,0,0,0,0,0,1
Arhgap30,15,18,37,31,24,26
Usf1,4,4,12,8,5,8
F11r,1,0,6,11,6,2
B930036N10Rik,2,1,7,2,4,4
Alyref2,1,2,1,0,2,1
Cd244,0,0,1,0,2,1
Ly9,3,11,16,5,11,11
Slamf7,12,4,13,6,10,17
Gm37787,0,0,0,1,0,0
Cd48,22,27,54,41,38,36
Slamf1,8,1,5,8,9,9
Cd84,7,21,21,19,21,10
Gm37065,1,0,0,0,1,1
Slamf6,8,21,9,4,11,5
Vangl2,0,0,1,2,1,0
Ncstn,2,6,7,5,11,5
Copa,7,13,21,11,12,10
Pex19,3,1,4,4,3,5
Dcaf8,9,6,11,9,8,5
Pea15a,4,7,13,11,3,10
Igsf8,2,1,8,6,5,3
Atp1a2,0,2,2,2,3,2
Kcnj10,0,0,2,1,5,0
Pigm,1,2,2,1,4,0
Slamf9,0,0,0,0,1,1
Igsf9,0,0,1,0,1,0
Tagln2,52,70,130,60,67,80
Cfap45,0,0,0,0,1,0
Slamf8,0,0,0,1,0,0
Dusp23,0,0,1,2,2,3
Aim2,5,3,12,7,11,6
Gm4955,12,17,18,7,10,16
BC094916,8,1,4,1,2,8
Pydc4,4,1,5,6,3,8
Pyhin1,7,5,15,2,9,11
Pydc3,4,2,5,1,3,11
AI607873,0,0,0,0,0,1
Ifi204,0,0,0,1,0,1
Mndal,38,19,49,27,40,63
Mnda,0,1,0,1,0,0
Ifi203,31,47,73,19,35,52
Fmn2,0,0,1,0,0,0
Rgs7,0,0,1,0,1,0
Fh1,5,1,3,3,6,6
Kmo,0,0,0,1,2,0
Chml,0,0,0,1,0,0
Rbm8a2,0,0,0,0,0,1
Cep170,1,3,2,6,5,1
Sdccag8,2,2,9,3,4,2
Akt3,1,2,2,4,2,4
Zbtb18,3,0,6,2,1,0
Adss,10,11,25,6,9,11
Gm16432,0,0,0,1,0,0
Desi2,9,9,10,10,7,6
B230369F24Rik,1,0,2,0,0,0
Cox20,7,15,18,13,21,15
Gm16586,3,5,17,9,12,1
Hnrnpu,17,12,31,32,23,24
Efcab2,0,1,0,0,0,0
Smyd3,1,2,16,1,4,7
Tfb2m,0,0,3,0,1,3
Cnst,0,1,2,2,0,3
Sccpdh,2,1,3,2,5,1
Ahctf1,4,5,11,3,6,8
Cdc42bpa,1,1,4,2,3,2
Adck3,1,1,3,0,4,2
Psen2,4,16,11,6,7,6
Itpkb,26,72,107,58,59,58
Parp1,6,6,10,13,8,5
Lin9,2,1,0,3,1,2
Acbd3,11,4,6,5,6,5
H3f3a,193,180,384,235,197,189
Gm17275,1,0,0,0,0,0
Sde2,7,14,9,13,9,4
Pycr2,5,6,18,8,13,7
Lefty1,0,0,1,1,4,0
Tmem63a,2,0,6,3,4,3
2210411M09Rik,0,0,1,0,0,1
Ephx1,0,1,0,0,3,0
Nvl,3,1,5,4,5,6
Cnih4,7,6,17,11,8,9
Wdr26,10,9,19,10,12,14
A430110L20Rik,1,0,0,0,0,0
Ccdc121,0,1,0,0,0,0
Lbr,10,12,30,12,27,17
Enah,0,0,4,0,1,1
Srp9,23,49,58,45,43,45
Degs1,10,4,15,11,14,15
1700047M11Rik,0,0,1,1,2,1
Fbxo28,3,4,4,4,2,3
Trp53bp2,0,4,3,2,2,3
Capn2,5,5,8,2,5,4
Susd4,0,0,1,0,0,1
Disp1,0,1,3,1,0,0
Brox,1,1,9,4,4,2
Aida,2,1,12,6,5,5
Mia3,8,9,20,17,15,14
Taf1a,0,1,2,1,2,1
Dusp10,4,14,18,14,13,5
1700056E22Rik,1,0,3,2,0,1
Hlx,1,0,1,0,0,2
Marc2,8,11,27,19,29,28
Rab3gap2,0,1,5,3,7,2
Iars2,4,0,4,6,4,3
Bpnt1,0,2,8,2,0,2
4930532G15Rik,1,1,3,3,3,0
Eprs,15,18,77,26,29,19
Slc30a10,0,0,0,0,1,0
Rrp15,2,5,8,5,8,2
A430105J06Rik,0,1,1,1,0,0
Gpatch2,4,3,7,5,5,1
Kctd3,0,2,1,1,1,3
Cenpf,0,0,1,0,0,0
Gm37422,2,0,0,0,0,0
Smyd2,1,0,5,1,4,1
Prox1,0,1,3,1,1,0
Prox1os,0,0,2,0,0,0
Rps6kc1,0,0,2,0,0,0
Angel2,5,6,8,8,5,7
Mfsd7b,2,5,2,3,1,1
A230020J21Rik,0,0,0,0,1,0
Tatdn3,1,0,0,0,1,3
Batf3,0,1,0,1,0,0
Atf3,7,9,61,36,62,20
D730003I15Rik,1,2,4,3,3,3
Nenf,3,3,7,6,5,5
Tmem206,0,2,3,1,1,1
Ppp2r5a,8,20,34,14,26,19
Dtl,0,1,3,0,0,1
Ints7,2,0,2,2,2,3
Lpgat1,1,3,7,3,11,7
1700034H15Rik,0,0,0,0,0,2
Slc30a1,0,0,3,2,2,2
Gm26670,0,0,1,0,0,0
Traf5,4,1,7,4,5,3
Gm26879,1,0,1,0,0,0
Rcor3,1,0,5,2,4,2
Diexf,2,2,4,4,1,1
Irf6,0,0,0,0,1,0
A130010J15Rik,0,2,1,5,1,3
Traf3ip3,7,20,29,18,13,32
4930570N18Rik,1,0,2,1,0,0
Lamb3,11,10,18,16,12,12
Hsd11b1,8,9,17,12,11,10
Cd34,0,0,2,2,2,0
Gm16897,0,0,0,1,0,0
Gm32250,0,0,0,1,0,0
Cr1l,6,11,12,19,9,24
Cr2,0,0,1,1,0,0
Nmt2,5,6,10,7,4,9
Rpp38,0,0,1,2,2,2
Dclre1c,0,0,1,2,2,0
Suv39h2,2,1,1,0,0,0
Hspa14,6,13,18,7,10,7
Fam107b,21,28,60,21,20,47
Frmd4a,1,2,4,13,9,6
Prpf18,5,6,7,11,4,4
Sephs1,4,2,2,3,2,6
Phyh,5,5,4,8,9,3
Optn,0,1,0,0,0,0
Camk1d,2,5,6,1,10,9
Cdc123,9,8,15,10,6,7
Nudt5,4,5,11,4,9,5
Sec61a2,0,1,6,0,2,0
Upf2,3,2,14,7,7,8
Usp6nl,1,1,0,1,0,1
Gm13391,0,0,0,0,1,0
Celf2,38,59,86,78,62,94
Gata3,5,19,41,7,18,23
Taf3,2,6,8,6,10,7
Atp5c1,40,50,115,57,57,68
Kin,2,8,11,10,4,4
Itih5,0,0,0,0,2,0
Sfmbt2,0,0,0,0,0,1
Prkcq,10,19,15,19,10,15
Gm13293,0,0,1,0,0,0
Pfkfb3,2,2,3,5,5,0
Rbm17,10,10,17,16,10,11
Il2ra,11,5,7,3,8,2
Il15ra,3,3,3,6,4,7
Fbxo18,0,0,4,0,5,5
Ankrd16,0,2,3,4,1,4
Fam188a,5,10,13,4,4,5
C1ql3,0,0,1,2,1,1
Rsu1,5,6,23,13,9,16
Trdmt1,0,0,1,4,1,1
Vim,116,115,291,174,141,206
St8sia6,0,0,0,2,0,1
Stam,2,1,6,3,1,0
Slc39a12,0,0,0,1,0,0
Cacnb2,0,0,0,0,1,0
Gm10848,0,0,0,1,0,0
Nsun6,4,5,6,2,9,3
Arl5b,8,3,15,7,2,7
Plxdc2,0,0,10,13,5,4
Nebl,1,1,1,2,1,0
Mllt10,13,8,7,7,16,15
Dnajc1,11,10,21,13,17,12
Commd3,8,10,22,7,16,23
Bmi1,1,1,5,2,3,4
Pip4k2a,7,5,17,17,5,6
4930426L09Rik,0,0,1,0,0,0
Armc3,2,1,10,6,1,7
Msrb2,2,0,2,1,0,0
Otud1,1,5,3,15,2,4
Arhgap21,0,3,1,1,1,1
Enkur,0,1,1,0,0,0
Thnsl1,0,1,2,0,0,1
Apbb1ip,17,34,52,33,47,38
Pdss1,1,1,2,1,1,0
Abi1,9,12,28,15,14,14
Acbd5,5,11,6,7,8,3
Mastl,1,0,0,0,0,0
Yme1l1,14,10,23,13,15,14
Spopl,1,1,2,5,5,3
Hnmt,0,0,1,0,0,0
Psd4,6,4,12,7,6,11
Ehmt1,2,8,5,4,6,5
Arrdc1,8,7,17,10,6,7
Zmynd19,2,2,3,7,1,0
Dph7,1,1,4,0,1,3
Mrpl41,7,6,16,7,11,13
Pnpla7,4,5,10,8,4,7
Nsmf,2,1,4,2,1,1
Nrarp,0,0,6,2,3,0
Gm38287,0,1,0,0,0,0
Tor4a,0,0,2,2,1,0
Nelfb,4,11,11,9,10,12
Tubb4b,15,20,40,17,29,18
Rnf208,0,0,0,2,0,0
Ndor1,0,2,1,4,4,2
Tmem203,0,5,4,4,2,2
Tprn,1,0,5,1,0,0
Ssna1,4,10,16,8,7,11
Anapc2,4,2,6,9,4,4
Man1b1,1,2,7,1,1,2
Dpp7,0,2,2,1,0,4
Uap1l1,2,1,5,2,3,0
Entpd2,0,1,0,0,1,0
Npdc1,0,1,1,0,0,0
Fut7,0,0,0,2,0,0
Abca2,5,4,20,7,8,5
BC029214,3,6,3,6,11,3
Ptgds,3,8,182,13,29,10
C8g,0,0,0,1,1,0
Fbxw5,1,1,3,5,3,5
Traf2,2,3,5,1,5,3
Edf1,28,47,94,45,35,55
Phpt1,4,2,12,3,5,4
Rabl6,3,1,7,5,5,2
Tmem141,0,1,3,3,0,0
Bmyc,17,11,26,17,8,11
Kcnt1,0,0,1,0,0,0
Camsap1,1,1,2,6,4,6
Ubac1,0,2,5,4,3,6
Nacc2,2,0,3,3,1,1
C330006A16Rik,0,2,2,1,0,3
Qsox2,0,0,0,0,0,1
Gpsm1,0,1,5,0,1,1
Dnlz,4,3,6,4,4,4
Card9,1,0,0,0,1,0
Snapc4,3,1,2,0,2,0
Sdccag3,2,10,10,8,4,10
Pmpca,0,2,6,0,5,5
Inpp5e,0,0,4,0,2,5
Sec16a,2,1,7,0,4,4
Notch1,5,2,8,9,6,7
Egfl7,0,1,0,0,2,0
Agpat2,3,2,7,2,4,3
Fam69b,1,0,1,4,3,2
Lcn4,4,1,6,1,3,2
Surf6,1,0,4,3,5,0
Med22,2,2,3,2,5,4
Rpl7a,275,278,554,321,387,338
Surf1,4,7,15,15,11,22
Surf2,4,1,9,5,9,6
Surf4,8,6,12,5,13,9
Rexo4,4,0,5,3,7,5
Adamts13,0,0,2,0,0,0
Cacfd1,1,1,1,4,0,1
Slc2a6,2,0,0,0,1,0
Tmem8c,0,0,1,1,2,0
Sardh,0,0,0,0,0,1
Vav2,0,3,2,2,1,3
Brd3,3,6,7,6,4,3
Wdr5,2,0,7,1,3,4
Rxra,0,1,0,0,0,0
Olfm1,0,1,0,0,1,1
Ppp1r26,1,0,0,0,0,0
Mrps2,0,0,4,0,1,0
Ralgds,1,0,5,0,1,1
Gtf3c5,1,1,2,0,2,0
Tsc1,1,5,3,3,4,1
1700026L06Rik,0,0,2,0,0,0
Gtf3c4,2,1,0,1,0,0
Ddx31,0,1,4,3,2,0
Cfap77,0,0,0,1,0,0
Ttf1,1,4,6,4,4,5
Setx,7,10,7,9,3,6
Ntng2,0,0,0,0,1,0
Med27,1,1,6,5,2,2
Rapgef1,4,5,11,6,4,6
Trub2,4,1,5,4,5,0
Coq4,1,1,0,1,2,1
Slc27a4,2,1,3,1,1,1
Urm1,5,3,6,3,7,11
2600006K01Rik,0,0,1,1,0,0
Cercam,0,0,2,0,0,1
Odf2,6,8,7,4,6,3
Gle1,4,2,16,3,2,8
Sptan1,2,10,16,6,15,8
Wdr34,0,0,0,0,1,0
Set,54,64,103,76,91,60
Pkn3,0,0,2,0,0,0
Zdhhc12,1,0,0,4,3,2
Zer1,0,0,7,5,5,5
Tbc1d13,1,1,8,2,1,1
Endog,2,5,6,9,6,2
D2Wsu81e,0,3,1,3,1,4
Ccbl1,0,2,3,2,2,2
1700084E18Rik,0,0,1,0,0,0
Lrrc8a,0,2,4,1,2,8
Phyhd1,0,0,1,0,0,0
Dolk,0,1,3,1,1,1
Nup188,2,2,2,2,3,1
Sh3glb2,2,2,9,6,6,1
Fam73b,0,1,0,0,0,0
Dolpp1,0,1,2,3,0,1
Crat,2,0,1,3,2,2
Ppp2r4,8,4,20,5,11,11
Ier5l,48,23,105,79,58,76
Cstad,0,1,0,0,0,0
1700001O22Rik,0,0,0,0,0,1
Ntmt1,2,0,3,1,0,2
Asb6,0,3,3,5,2,5
Tor1b,3,6,8,6,3,5
Tor1a,3,3,13,9,13,14
BC005624,5,15,31,11,16,21
Usp20,0,3,2,3,5,4
Fnbp1,27,24,35,22,19,17
Gpr107,3,2,6,5,6,5
Ass1,25,10,15,16,20,14
Fubp3,0,2,6,5,0,1
Exosc2,1,2,4,3,5,3
Abl1,0,2,4,1,5,5
Qrfp,0,1,2,1,2,0
Aif1l,0,0,0,0,1,0
Nup214,2,8,9,6,3,4
Fam78a,5,4,25,6,7,9
Prrc2b,5,14,26,16,16,10
Pomt1,1,0,2,3,0,1
Uck1,2,1,12,6,1,4
Swi5,18,23,61,28,25,43
Golga2,0,2,5,3,5,3
Dnm1,0,0,0,0,1,0
Ciz1,4,2,8,2,8,5
1110008P14Rik,3,5,9,7,9,10
Lcn2,0,1,0,0,0,0
Ptges2,1,0,2,3,3,3
Slc25a25,1,3,12,6,2,1
Naif1,0,0,1,0,0,0
Gm13412,1,0,0,0,0,0
Fam102a,6,14,24,11,10,23
Dpm2,5,3,7,5,9,6
St6galnac4,4,2,9,6,11,5
St6galnac6,1,1,2,0,0,2
Ak1,0,0,1,0,0,0
Eng,1,0,1,1,1,0
Fpgs,1,0,0,0,2,0
Cdk9,5,5,15,26,12,4
Sh2d3c,1,3,11,5,9,5
Ttc16,0,0,0,1,0,0
Tor2a,2,12,9,14,17,9
Ptrh1,0,0,4,0,2,1
Stxbp1,1,0,2,2,1,1
Fam129b,0,0,0,1,0,1
Lrsam1,0,0,0,1,0,0
Rpl12,1041,1282,2501,1333,1378,1582
Slc2a8,2,2,1,1,2,1
Garnl3,2,0,1,1,0,0
Ralgps1,0,1,1,3,1,4
Angptl2,0,0,1,0,1,0
Zbtb34,0,1,1,0,2,0
Zbtb43,1,2,0,1,3,2
Mvb12b,1,1,7,7,6,2
Pbx3,0,2,0,1,5,3
Mapkap1,2,4,8,3,3,9
Gapvd1,7,8,10,10,16,3
Hspa5,48,65,125,79,74,61
Rabepk,8,1,5,5,1,1
Fbxw2,6,14,15,17,10,19
Psmd5,4,2,4,5,2,7
Phf19,1,0,2,0,0,0
Traf1,29,29,55,37,28,42
Cntrl,7,14,23,24,19,17
Rab14,8,18,33,27,23,24
Gsn,1,0,3,3,6,1
Ggta1,1,4,5,3,1,1
Dab2ip,0,0,0,0,1,0
Ttll11,0,0,0,0,1,0
Ndufa8,16,19,35,28,26,25
Rbm18,3,0,7,5,4,5
Mrrf,1,2,2,1,1,1
Gm13431,0,0,1,0,0,0
Ptgs1,1,1,3,16,6,2
Pdcl,3,4,8,5,3,7
Rc3h2,10,6,20,12,17,11
Zbtb6,0,0,2,0,2,1
Zbtb26,0,0,0,2,1,1
Rabgap1,1,2,10,2,4,4
Strbp,4,4,11,7,6,1
Gpr21,0,1,0,1,0,0
Dennd1a,2,3,6,4,1,7
Lhx2,0,1,0,0,0,0
Nek6,2,2,2,3,4,0
Psmb7,11,9,17,10,12,10
Nr6a1,0,0,3,0,0,0
Rpl35,439,508,1063,248,592,528
Arpc5l,8,12,36,21,23,22
Golga1,1,3,2,2,0,0
Scai,2,5,7,4,4,1
Ppp6c,6,11,15,9,8,11
Lrp1b,0,0,3,0,0,0
Kynu,0,0,0,0,3,0
Arhgap15,29,41,57,19,36,24
Gtdc1,0,1,2,1,2,4
Zeb2,6,7,20,22,26,13
Zeb2os,0,0,2,7,3,0
Acvr2a,1,1,3,2,2,5
Orc4,5,10,7,11,7,5
Mbd5,0,1,5,6,1,3
Epc2,4,10,6,8,5,7
Kif5c,0,2,0,2,4,2
Lypd6b,0,0,1,1,0,1
Mmadhc,2,3,7,4,3,2
Rnd3,0,0,0,0,1,0
Rbm43,1,5,3,7,3,5
Nmi,5,6,27,15,12,23
Tnfaip6,0,1,3,1,1,1
Rif1,3,1,12,13,14,5
Neb,0,1,0,1,0,0
Arl5a,7,3,4,4,8,4
Cacnb4,0,0,0,1,1,0
Stam2,3,3,6,6,1,1
Fmnl2,0,1,1,1,1,0
Prpf40a,6,18,24,21,19,27
Arl6ip6,2,4,7,5,4,4
Kcnj3,0,1,1,0,0,0
Nr4a2,33,39,130,77,83,82
Gpd2,3,8,9,3,1,4
Ermn,0,1,9,2,6,1
Cytip,62,54,87,57,65,67
Gm13546,11,0,0,0,0,0
Acvr1,0,0,0,2,1,0
Upp2,0,1,0,2,0,0
Pkp4,3,2,5,3,4,0
Dapl1,6,6,8,0,0,7
Tanc1,0,0,6,3,3,5
Wdsub1,0,0,2,0,0,3
Baz2b,4,11,4,8,7,9
March7,15,18,30,31,22,15
Cd302,0,0,1,5,1,1
Ly75,6,3,2,3,3,2
Rbms1,17,22,28,21,13,36
Tank,8,5,4,8,2,3
Psmd14,6,11,19,12,8,12
Slc4a10,0,0,0,0,2,0
Dpp4,10,10,9,7,8,8
Ifih1,3,3,6,5,1,5
Gca,1,0,2,0,1,2
Kcnh7,0,0,1,0,0,0
Grb14,0,0,20,0,2,0
Cobll1,1,1,1,0,5,2
Gm13594,1,0,0,0,1,1
Galnt3,0,1,0,2,0,1
Ttc21b,1,0,2,0,1,0
Stk39,2,5,8,5,2,6
Cers6,2,0,0,2,1,0
Nostrin,1,0,0,0,0,0
Spc25,0,0,2,0,0,0
Fastkd1,0,0,0,1,0,1
Ppig,8,11,33,16,25,30
Ccdc173,0,0,0,0,0,2
Phospho2,2,3,1,0,6,1
Ssb,17,33,47,35,38,27
Mettl5,0,4,7,4,4,2
Mettl5os,0,0,2,0,0,0
Ubr3,1,5,5,2,5,3
Myo3b,0,0,1,2,1,2
Gorasp2,1,6,4,4,4,5
Tlk1,4,11,9,9,8,6
Mettl8,0,0,2,2,1,0
Dcaf17,4,4,10,9,7,7
Dync1i2,10,8,30,17,26,16
Slc25a12,1,4,8,3,3,0
Hat1,3,3,12,4,4,7
Metap1d,0,2,1,3,1,0
Itga6,2,1,7,9,5,6
Pdk1,4,3,9,11,2,4
Rapgef4,2,0,1,2,2,0
Zak,0,0,1,0,0,0
Cdca7,3,2,1,0,0,0
Sp3,7,7,12,8,21,9
Sp3os,2,2,2,0,5,1
Ola1,11,12,21,16,16,14
Cir1,3,16,18,9,13,17
Scrn3,1,1,0,1,6,1
Gpr155,0,1,4,0,5,2
Wipf1,15,15,35,18,25,23
Chrna1os,0,0,0,0,1,0
Chn1,0,1,0,0,0,0
Atf2,5,8,5,6,3,8
Atp5g3,15,33,60,37,42,31
Lnp,3,6,9,3,6,8
Mtx2,4,4,8,6,7,4
Hnrnpa3,56,72,145,81,80,78
Nfe2l2,10,13,22,16,12,15
Agps,4,4,5,4,3,2
Ttc30b,1,0,0,1,0,0
Pde11a,0,0,2,0,0,2
Rbm45,1,1,1,1,2,0
Prkra,1,2,4,3,5,3
Fkbp7,0,1,1,0,1,3
Plekha3,3,3,5,4,6,4
Ccdc141,0,0,1,1,0,0
Sestd1,2,0,1,0,1,0
Cwc22,3,4,6,2,3,3
Ube2e3,5,0,8,5,6,3
Itga4,22,43,67,31,48,45
Cerkl,0,0,1,0,0,0
Ssfa2,2,0,0,4,3,1
Dnajc10,2,1,11,4,5,3
Nckap1,0,0,6,3,0,0
Dusp19,3,1,8,4,1,2
Nup35,1,2,5,5,3,3
Zc3h15,8,16,26,14,16,16
Itgav,3,2,5,11,8,0
Fam171b,0,0,0,0,2,0
Calcrl,0,2,2,3,3,1
Tfpi,1,1,0,1,1,0
Ctnnd1,2,0,3,1,1,0
2700094K13Rik,13,9,26,18,22,22
Tmx2,2,1,8,2,9,4
Med19,2,0,6,1,2,3
Zdhhc5,2,2,2,9,6,1
Clp1,2,9,6,6,8,5
Ube2l6,0,2,1,2,0,0
Timm10,3,5,6,7,5,3
Slc43a1,0,1,0,0,0,0
Slc43a3,0,0,1,0,0,0
Ssrp1,11,14,21,14,17,24
Tnks1bp1,0,1,2,0,3,1
Ptprj,1,4,6,4,9,6
Nup160,1,2,2,0,2,0
Fnbp4,1,4,11,9,12,7
Mtch2,9,7,16,10,17,13
C1qtnf4,5,2,5,6,2,1
Ndufs3,7,17,32,16,11,20
Kbtbd4,0,0,2,2,0,1
Celf1,16,19,43,26,27,13
Rapsn,2,1,3,6,5,2
Psmc3,5,11,40,20,28,21
Slc39a13,1,0,1,3,2,2
Spi1,4,1,5,11,5,5
Mybpc3,0,0,1,2,0,0
Madd,8,10,13,6,7,13
Acp2,2,2,1,6,3,2
Ddb2,1,2,5,2,5,4
A330069E16Rik,0,0,0,0,1,1
Pacsin3,0,1,0,1,0,0
Arfgap2,6,4,16,7,7,13
1110051M20Rik,0,1,1,1,1,1
Lrp4,0,0,1,0,0,0
Ckap5,0,1,7,4,4,3
Zfp408,0,0,1,0,0,1
Arhgap1,3,3,12,1,7,6
Atg13,5,2,2,0,6,1
Harbi1,0,0,1,1,2,2
Ambra1,0,3,3,4,4,0
Mdk,0,0,1,0,1,0
Dgkz,6,8,17,5,6,8
Gm9821,0,1,1,0,0,0
Creb3l1,0,0,0,1,1,0
Phf21a,3,6,8,10,12,10
Pex16,5,3,4,9,3,6
Mapk8ip1,0,1,7,1,2,1
Cry2,0,0,1,0,2,1
Slc35c1,0,1,2,3,4,1
Chst1,0,0,2,2,1,0
Syt13,0,0,0,0,0,1
Prdm11,0,2,2,5,2,0
Trp53i11,0,2,11,3,5,10
Tspan18,0,0,0,3,0,0
Cd82,22,30,46,25,30,55
Ext2,5,3,9,0,4,8
Accs,1,4,5,2,0,3
Gm13889,0,0,3,2,0,0
Alkbh3,1,0,11,2,2,2
Hsd17b12,8,2,16,4,10,6
Ttc17,3,1,4,2,2,1
Api5,9,6,16,12,10,4
Lrrc4c,0,0,1,0,0,0
Gm10800,0,0,0,0,0,1
B230118H07Rik,0,2,4,1,1,2
Traf6,1,0,3,1,0,1
Prr5l,2,0,4,3,0,0
Commd9,2,1,7,3,0,4
Trim44,4,4,21,9,6,5
Slc1a2,2,6,8,4,3,2
Cd44,8,24,21,13,26,10
Pdhx,0,1,3,2,2,2
Apip,1,0,3,6,5,4
Cat,3,8,6,4,4,5
Abtb2,1,0,2,1,0,3
Nat10,1,0,1,2,6,0
Caprin1,13,15,25,15,17,20
Lmo2,1,0,0,8,11,2
Fbxo3,7,2,13,3,3,7
Hipk3,1,4,5,4,4,5
Cstf3,2,9,10,3,3,1
Tcp11l1,0,0,0,0,0,2
Qser1,0,1,0,0,2,0
Prrg4,1,1,0,0,1,0
Ccdc73,2,0,3,0,0,2
Eif3m,42,51,98,64,56,76
Them7,0,0,0,0,0,1
Rcn1,2,4,8,5,6,3
Elp4,0,2,4,3,2,0
Immp1l,7,11,19,17,15,13
Dnajc24,2,5,9,4,6,7
Arl14ep,1,4,2,2,4,3
Mettl15,1,2,2,2,1,0
Kif18a,0,1,1,0,1,0
Lin7c,6,7,11,9,11,10
Lgr4,0,0,0,0,1,0
Ccdc34,5,5,4,7,2,1
Lpcat4,2,2,1,2,6,1
Nop10,34,39,99,44,64,60
Slc12a6,4,4,7,5,9,8
Emc4,7,3,13,5,6,10
Katnbl1,1,2,7,2,1,3
Emc7,8,15,25,24,20,9
Aven,5,1,3,2,4,3
Ryr3,0,0,1,0,0,0
Scg5,0,2,1,1,1,1
Arhgap11a,0,0,4,1,0,1
Aqr,3,10,15,9,10,9
Zfp770,0,0,0,2,0,3
Dph6,2,3,5,3,3,4
BC052040,0,0,3,1,1,1
Meis2,0,0,0,1,0,0
Spred1,2,1,4,5,3,1
Fam98b,3,4,10,1,5,3
Rasgrp1,10,7,30,17,11,21
Thbs1,0,0,0,0,0,1
Eif2ak4,0,3,1,0,1,0
Srp14,20,37,72,29,42,42
Bmf,0,0,0,1,1,1
Bub1b,0,0,1,0,0,0
Pak6,0,0,2,0,0,3
Plcb2,1,4,0,3,2,4
Inafm2,0,3,3,0,4,0
Knstrn,1,3,2,2,3,0
Ivd,2,2,9,1,5,3
Bahd1,2,3,8,7,4,2
Chst14,0,0,0,0,1,0
Ccdc32,1,3,10,3,4,2
Rpusd2,0,0,1,1,0,0
Casc5,1,0,1,0,0,0
Rad51,0,0,5,1,0,0
Rmdn3,2,2,7,1,5,0
Dnajc17,1,2,2,1,1,0
Zfyve19,0,0,2,4,4,1
Spint1,0,0,1,3,2,3
Vps18,0,1,1,3,1,5
Dll4,0,0,0,0,1,0
Ino80,2,4,11,9,8,5
Chp1,4,4,12,4,6,7
1700020I14Rik,5,10,26,9,17,13
Oip5,0,0,1,0,0,0
Nusap1,0,0,3,0,1,0
Ndufaf1,2,1,4,3,1,0
Rtf1,18,24,31,25,27,33
Ltk,0,0,0,1,0,0
Rpap1,1,1,3,1,0,3
Tyro3,0,0,1,0,1,2
Mga,9,6,7,6,13,13
Mapkbp1,1,0,1,3,0,0
Jmjd7,0,2,3,2,2,0
Ehd4,0,1,5,7,5,3
Vps39,2,3,4,2,5,2
Tmem87a,5,2,7,1,2,3
Ganc,4,1,0,1,0,2
Capn3,1,0,5,4,1,0
Zfp106,4,2,9,5,12,4
Snap23,5,2,4,4,4,3
Lrrc57,1,2,7,0,1,1
Haus2,1,5,0,2,5,2
Stard9,0,1,0,3,0,0
Cdan1,0,1,4,2,0,0
Ttbk2,1,1,1,0,2,0
Ubr1,3,2,8,3,3,5
Tmem62,1,4,3,1,3,0
Ccndbp1,12,9,14,15,11,6
Lcmt2,1,2,1,4,0,0
Adal,0,1,1,0,1,1
Zscan29,3,4,6,1,3,2
Tubgcp4,4,12,10,8,6,2
Trp53bp1,1,2,3,3,8,2
Map1a,0,0,5,0,1,0
Ppip5k1,0,0,1,2,1,3
Catsper2,0,0,1,0,0,1
Pdia3,19,39,58,47,46,38
Serinc4,0,0,1,0,0,0
Serf2,79,144,265,125,148,141
Hypk,11,14,22,15,17,22
Mfap1b,6,6,19,10,12,11
Mfap1a,3,6,12,7,5,13
Wdr76,1,1,4,1,1,2
Frmd5,0,0,1,0,0,0
Casc4,1,0,2,1,1,2
Ctdspl2,2,2,12,6,5,7
Eif3j1,11,9,21,20,12,15
Spg11,0,2,1,0,1,1
B2m,388,426,847,473,512,551
Sord,0,0,0,0,0,1
Shf,0,0,1,0,0,1
Slc28a2,3,6,5,5,9,5
Gm14085,0,0,0,1,0,0
Gatm,3,2,23,4,6,1
AA467197,15,1,9,9,7,13
Slc30a4,0,1,0,1,0,1
Bloc1s6os,1,0,1,1,1,0
Bloc1s6,0,4,11,6,5,7
Sqrdl,2,0,0,1,1,0
Sema6d,1,0,3,0,1,1
Slc24a5,3,3,7,4,7,2
Myef2,3,5,4,7,5,3
Dut,10,15,35,13,8,12
Cep152,0,0,1,1,1,4
Eid1,8,5,24,9,10,10
Secisbp2l,4,2,13,6,5,3
Cops2,1,2,8,3,7,7
Galk2,3,2,3,3,5,8
Dtwd1,1,2,1,2,1,3
Atp8b4,9,5,14,15,9,16
Gabpb1,2,2,5,3,6,4
Gm27003,0,0,1,0,0,0
Usp8,4,5,13,10,3,5
Usp50,3,3,6,2,7,7
Trpm7,3,4,9,6,8,3
Sppl2a,8,7,9,9,19,10
Ap4e1,0,0,0,1,1,2
Blvra,4,6,12,4,9,7
Ncaph,0,0,1,1,0,2
Itpripl1,1,1,4,1,4,1
1810024B03Rik,1,0,3,2,1,0
Snrnp200,2,9,25,8,8,8
Ciao1,2,4,9,6,5,3
Tmem127,0,1,4,6,5,6
Stard7,5,6,12,5,2,8
Dusp2,131,69,235,117,114,204
Gpat2,0,0,0,2,0,0
Fahd2a,3,5,2,1,6,3
Kcnip3,2,0,3,1,0,0
Mrps5,7,7,11,7,5,6
Mal,2,3,40,4,9,0
Nphp1,0,0,0,2,0,0
1500011K16Rik,5,6,14,4,10,8
Bub1,0,0,1,0,0,0
Acoxl,0,0,2,0,1,0
Bcl2l11,10,14,19,13,20,3
Anapc1,3,5,5,7,4,5
Mertk,1,0,2,10,10,3
Tmem87b,2,2,7,2,2,4
Zc3h8,4,1,3,2,3,2
Zc3h6,1,2,7,2,3,6
Ttl,1,3,3,1,0,1
Polr1b,1,1,0,2,1,1
Chchd5,8,1,9,3,5,7
AI847159,1,0,1,0,0,0
Gm14029,1,1,5,6,4,7
Slc20a1,11,6,18,9,10,10
Ckap2l,0,0,2,0,0,0
Il1a,3,0,12,17,14,27
Il1b,1,1,3,7,3,2
Sirpa,0,2,12,17,10,0
Pdyn,0,0,0,0,1,0
Stk35,2,1,1,1,1,0
Snrpb,26,39,89,40,37,44
Nop56,12,15,34,27,25,16
Idh3b,10,11,20,8,12,19
Pced1a,2,1,1,0,1,0
Vps16,1,6,5,10,8,6
Ptpra,3,0,13,11,11,6
Mrps26,7,17,14,12,17,9
Ubox5,1,0,0,1,1,0
Fastkd5,0,0,0,3,0,1
Lzts3,0,0,0,1,0,0
Ddrgk1,14,14,27,25,21,31
Itpa,3,2,9,6,3,3
4930402H24Rik,3,2,6,0,3,1
Atrn,1,1,4,1,6,1
Gfra4,0,0,0,0,1,0
Siglec1,0,0,1,0,1,0
1700037H04Rik,2,0,4,2,4,0
Spef1,0,0,1,0,0,0
Cenpb,1,8,6,16,7,6
Cdc25b,1,5,4,0,2,2
Ap5s1,2,1,1,2,4,1
Mavs,3,0,2,0,0,1
Pank2,3,3,13,4,6,11
Rnf24,0,0,1,3,0,0
Smox,1,4,4,3,5,3
Prnp,2,0,12,0,5,2
Rassf2,5,5,16,6,6,7
Slc23a2,3,2,7,5,1,2
Tmem230,12,6,13,12,5,4
Pcna,17,14,32,19,15,13
AV099323,0,0,1,0,1,2
Cds2,5,12,18,6,7,11
1700026D11Rik,0,0,0,0,1,1
Gpcpd1,5,13,10,5,14,5
1110034G24Rik,6,2,6,2,7,5
Trmt6,2,2,6,2,9,8
Crls1,2,2,5,2,1,1
Bmp2,0,0,3,0,0,1
Tmx4,9,7,10,13,9,9
Plcb1,0,0,2,0,2,0
Plcb4,0,0,1,3,1,0
Pak7,0,0,1,0,0,0
Snap25,0,0,0,0,1,0
Mkks,3,12,16,7,6,6
Slx4ip,1,0,1,0,3,1
Jag1,0,2,1,1,0,0
Btbd3,1,0,0,0,1,0
Tasp1,3,2,10,7,9,2
Esf1,5,9,16,10,14,10
Ndufaf5,2,2,6,1,1,0
Macrod2,0,0,1,0,0,0
Flrt3,5,0,0,0,2,0
Kif16b,1,3,2,0,1,3
Snrpb2,13,16,17,16,15,15
Pcsk2,0,1,0,0,0,0
Bfsp1,0,0,0,0,0,1
Dstn,11,4,13,12,3,5
Rrbp1,6,16,28,27,25,12
Snx5,9,20,34,22,10,28
Mgme1,0,1,0,1,1,2
Csrp2bp,1,0,3,2,3,1
Dzank1,0,0,1,0,0,0
Polr3f,1,2,1,1,2,2
Rbbp9,0,1,1,0,1,0
Sec23b,2,2,2,8,10,5
Gm561,6,2,17,6,5,16
Dtd1,6,3,16,5,6,5
Slc24a3,0,0,0,0,0,1
Rin2,0,0,3,1,3,1
Naa20,7,11,18,6,9,8
Crnkl1,2,2,7,3,4,3
Ralgapa2,3,2,12,8,7,10
Kiz,2,2,1,2,2,3
Xrn2,16,15,37,21,29,25
Nkx2-2,0,0,0,0,2,0
Cd93,0,4,1,0,0,1
Nxt1,8,4,8,5,5,2
Gzf1,0,0,2,0,0,0
Napb,1,0,0,1,0,1
Cst3,360,70,397,1190,561,236
Zfp120,1,2,6,2,5,6
Zfp937,1,1,0,0,3,0
Gm21994,0,0,0,3,2,0
3300002I08Rik,0,0,1,0,0,0
Zfp442,0,0,2,3,3,0
Zfp345,0,0,1,0,0,1
Cst7,22,21,39,20,31,27
Apmap,1,1,7,6,2,0
Acss1,2,3,3,1,5,8
Entpd6,6,4,10,5,6,5
Pygb,2,2,5,2,1,3
Abhd12,3,1,11,17,12,8
Nsfl1c,5,11,12,9,10,13
Fkbp1a,17,31,56,26,21,34
Sdcbp2,1,7,1,2,0,3
Psmf1,2,5,10,6,2,7
Fam110a,1,1,5,6,3,2
Slc52a3,2,1,2,1,0,1
Srxn1,0,1,1,0,0,1
Csnk2a1,10,10,25,12,10,14
Tbc1d20,3,12,9,4,6,7
Rbck1,9,11,19,27,18,15
Sox12,0,0,0,0,1,0
H13,14,11,26,18,29,28
Id1,0,0,0,1,0,0
Cox4i2,0,1,0,0,0,0
Bcl2l1,3,3,10,3,3,6
Tpx2,0,0,1,0,0,1
Foxs1,0,0,0,0,0,2
Dusp15,0,0,0,1,0,0
Pdrg1,4,11,19,12,11,6
Hck,0,0,5,5,4,2
Tm9sf4,3,3,9,2,13,8
Tspyl3,0,0,1,1,2,2
Plagl2,3,2,10,6,0,2
Pofut1,3,3,6,2,4,6
Kif3b,0,2,3,1,3,1
Asxl1,2,3,7,3,4,3
Nol4l,0,0,3,1,1,1
Commd7,9,11,20,13,17,22
Mapre1,12,19,47,39,25,19
Cdk5rap1,6,2,2,2,1,5
Snta1,1,0,0,3,3,2
Cbfa2t2,0,2,3,3,2,2
1700003F12Rik,0,0,1,0,0,0
E2f1,1,0,5,0,1,2
Pxmp4,0,0,6,3,1,2
Zfp341,0,0,1,1,1,1
Chmp4b,19,36,45,36,25,40
Raly,23,34,53,24,25,42
Eif2s2,35,51,77,46,61,53
Ahcy,2,0,4,4,4,1
Itch,3,12,21,11,12,5
Dynlrb1,24,24,38,15,19,22
Map1lc3a,5,7,11,12,7,9
Pigu,2,1,3,1,0,2
Trp53inp2,0,0,1,0,3,0
Ncoa6,3,4,6,2,2,1
Ggt7,1,0,1,0,0,0
Acss2,0,0,12,9,2,3
Gss,1,1,1,4,0,0
Trpc4ap,8,7,18,5,6,8
Edem2,1,2,10,5,6,11
BC029722,4,1,7,6,4,0
Eif6,4,12,29,14,10,17
Uqcc1,0,0,2,2,0,4
Cep250,2,4,3,7,3,2
Ergic3,6,10,23,11,11,13
Spag4,0,0,0,1,1,0
Rbm12,3,2,5,4,4,3
Nfs1,1,1,9,8,6,3
Romo1,18,19,51,26,38,27
Rbm39,70,96,176,128,110,116
Phf20,1,3,13,9,10,7
Scand1,28,44,76,32,42,41
Cnbd2,0,0,1,0,0,0
Epb41l1,1,0,2,0,0,0
Aar2,0,2,7,2,3,4
Gm14168,1,0,0,0,0,0
Dlgap4,3,5,9,10,3,8
Myl9,0,0,0,0,0,5
Tgif2,2,8,8,3,8,7
4930518I15Rik,0,0,0,0,1,1
1110008F13Rik,14,19,32,22,14,19
Sla2,8,7,22,7,11,17
Ndrg3,4,6,15,5,1,13
Dsn1,1,1,1,0,0,0
Soga1,0,0,0,2,1,0
Samhd1,57,42,93,52,44,66
Rbl1,3,6,4,3,3,3
Rpn2,13,15,24,24,23,35
Manbal,1,5,8,5,6,3
Src,0,0,0,0,0,4
Blcap,0,2,3,2,3,0
Nnat,1,1,1,1,1,0
Ctnnbl1,7,3,7,4,3,5
Vstm2l,0,0,0,0,1,0
Tti1,0,0,2,1,3,1
Rprd1b,2,5,12,4,8,7
Tgm2,0,0,0,1,1,0
Lbp,0,0,3,2,0,0
Snhg11,1,0,1,3,1,0
Ralgapb,2,6,9,4,3,2
Actr5,2,8,9,6,2,2
Ppp1r16b,12,12,34,18,11,20
Fam83d,0,0,1,0,0,0
Dhx35,3,0,0,0,0,0
Mafb,1,2,40,21,21,16
Top1,31,35,66,57,35,39
Plcg1,1,4,11,6,8,5
Zhx3,1,0,2,1,0,0
Gm16751,0,0,1,0,0,0
Chd6,7,4,17,10,13,8
Srsf6,15,9,28,24,16,13
Sgk2,0,0,1,0,0,0
Ift52,1,3,7,2,5,4
Mybl2,0,1,0,0,0,0
Oser1,7,9,10,8,10,13
2900093K20Rik,2,1,4,0,0,0
Fitm2,0,0,2,1,0,0
Ttpal,2,2,4,5,8,6
Serinc3,40,57,132,64,111,92
Pkig,2,1,4,2,7,2
Ada,2,0,2,0,0,0
Ywhab,20,23,58,28,27,38
Pabpc1l,1,0,1,0,0,1
Tomm34,7,13,26,15,7,10
Stk4,20,13,30,12,24,24
Kcns1,0,0,0,1,0,0
Slpi,0,0,0,1,1,0
Sdc4,0,0,0,1,10,2
Sys1,12,20,29,29,17,26
Gm14302,0,0,1,0,1,0
Dbndd2,0,0,7,3,0,1
Pigt,6,4,12,11,10,8
Dnttip1,5,4,11,6,3,9
Ube2c,0,0,1,0,0,0
Snx21,0,1,0,0,1,1
Acot8,0,1,13,6,3,2
Zswim3,0,1,2,0,2,0
Zswim1,1,1,0,0,0,2
Neurl2,0,0,0,0,1,0
Ctsa,4,5,19,23,19,10
Pltp,1,1,2,1,1,0
Pcif1,6,15,24,13,7,13
Zfp335,1,0,4,1,1,2
Zfp335os,1,0,0,0,0,0
Ncoa5,1,2,8,5,0,2
Slc35c2,2,3,4,6,8,2
Elmo2,1,1,5,2,6,1
Trp53rka,1,2,4,4,5,2
Eya2,1,1,2,3,2,0
Zmynd8,4,10,25,5,7,8
Ncoa3,7,2,13,10,3,9
Sulf2,0,0,1,1,2,0
5031425F14Rik,0,0,1,0,1,0
Prex1,11,18,23,24,15,26
Trp53rkb,0,1,1,2,0,0
Arfgef2,0,1,3,1,4,2
Cse1l,3,6,3,2,7,6
Stau1,3,1,4,2,11,6
Ddx27,7,13,11,5,12,4
Znfx1,2,1,1,2,6,5
Zfos1,21,31,50,24,21,40
B4galt5,8,3,10,10,8,7
Slc9a8,0,2,3,2,2,1
Spata2,1,3,7,3,2,1
Rnf114,8,8,7,14,12,8
Ube2v1,0,0,1,1,4,1
Tmem189,6,8,13,8,13,10
Cebpb,37,38,95,77,58,78
A530013C23Rik,0,0,0,0,1,0
1200007C13Rik,0,0,1,0,0,0
Ptpn1,7,17,31,34,24,28
Fam65c,0,0,0,1,0,0
Pard6b,0,1,1,0,1,0
Adnp,0,2,3,4,2,2
Dpm1,12,11,16,19,16,9
Mocs3,0,0,2,0,0,2
Nfatc2,0,5,8,6,6,4
Atp9a,0,0,2,2,1,0
Zfp64,2,2,3,4,2,1
Gm9873,0,0,1,0,0,0
Tshz2,0,0,0,0,2,0
Zfp217,1,4,6,3,6,1
Bcas1,0,1,2,2,2,2
Pfdn4,5,10,9,5,7,8
Fam210b,2,2,4,3,2,1
Aurka,0,1,2,0,0,0
Cstf1,2,2,2,0,2,3
Cass4,0,1,0,2,3,0
Rtfdc1,6,11,11,5,7,11
Bmp7,0,2,2,1,0,0
Spo11,0,0,1,1,0,0
Rae1,5,9,14,3,6,6
Rbm38,4,10,11,5,7,5
Zbp1,6,2,13,4,6,15
Pmepa1,4,8,52,40,34,28
Rab22a,3,6,6,5,5,7
Vapb,7,7,13,6,6,6
Stx16,1,13,16,13,14,10
Npepl1,4,5,15,12,10,8
Gm10714,0,1,0,0,0,0
Gnas,70,79,222,132,132,101
Gm20721,0,1,0,0,0,0
Nelfcd,3,4,3,2,2,5
Ctsz,8,9,32,55,31,20
Atp5e,114,134,246,94,181,144
Slmo2,1,5,8,11,5,8
Zfp831,1,5,2,1,2,1
Gm14391,0,0,0,0,1,0
Gm4631,1,0,4,1,2,0
Gm4723,0,0,1,0,0,0
Gm4724,2,0,1,1,1,0
Gm6710,2,0,0,2,0,0
Gm8898,0,0,1,0,1,0
Gm14305,3,2,3,2,5,0
Gm14295,0,1,1,0,2,2
Gm14296,0,0,2,1,1,1
Gm14419,0,0,1,0,0,0
Gm14401,0,0,0,0,1,0
Gm14410,1,0,1,0,0,1
Gm14418,1,1,0,0,0,0
Gm14403,0,0,1,0,0,0
Gm14325,1,1,0,2,0,0
Gm14327,1,1,1,1,2,1
C330013J21Rik,0,0,1,0,0,0
Gm14326,0,0,1,2,0,2
Etohi1,0,1,0,4,1,0
Zfp931,5,1,9,0,1,4
Phactr3,0,0,1,0,0,1
Ppp1r3d,0,0,0,0,0,2
Fam217b,0,0,0,1,1,0
Taf4a,0,4,3,1,3,2
Lsm14b,1,3,3,1,2,3
Psma7,32,36,81,32,53,56
Ss18l1,0,0,0,0,0,1
Mtg2,5,2,4,0,4,7
Osbpl2,1,1,4,3,3,5
Adrm1,7,8,16,10,12,17
Rps21,1238,1416,2739,856,1784,1706
Cables2,1,0,5,2,1,1
Slco4a1,1,0,0,1,1,1
Mrgbp,5,1,7,5,9,3
Ogfr,11,8,8,6,7,14
Col9a3,0,1,0,0,0,0
Dido1,1,4,7,6,4,3
Gid8,3,3,6,7,4,1
Slc17a9,3,7,7,1,4,2
Ythdf1,4,1,9,7,13,6
Arfgap1,0,3,5,2,0,3
Col20a1,1,0,0,0,0,0
Kcnq2,0,0,1,0,0,1
Eef1a2,0,0,1,0,0,0
Ppdpf,6,11,33,18,25,18
Srms,0,1,0,0,0,0
Helz2,1,1,7,6,2,3
Gmeb2,2,3,4,2,6,0
Stmn3,0,0,0,0,0,1
Rtel1,1,0,2,0,0,1
Arfrp1,1,6,15,6,6,6
Zgpat,3,6,8,8,4,7
Lime1,0,0,2,0,0,0
Tpd52l2,3,11,18,7,3,7
Dnajc5,10,10,28,8,14,19
Uckl1,4,3,7,4,6,5
Uckl1os,0,0,1,0,0,0
Zfp512b,1,0,5,3,3,1
Prpf6,3,12,11,7,7,5
Samd10,1,1,7,3,3,1
Tcea2,0,0,1,1,0,1
Rgs19,6,6,10,10,12,13
Pcmtd2,2,6,6,5,3,5
Polr3k,1,5,12,10,6,6
Clcn5,0,2,3,1,2,0
Ppp1r3f,0,4,0,0,0,1
Ppp1r3fos,0,0,1,0,0,0
Foxp3,0,2,0,1,0,0
Ccdc22,3,3,7,3,5,2
Syp,1,0,3,0,0,0
Prickle3,0,1,1,3,2,3
Plp2,4,7,25,13,9,16
Gpkow,2,1,6,4,2,1
Wdr45,0,1,9,1,3,3
Praf2,2,3,3,0,2,3
Tfe3,0,1,7,5,11,3
Gripap1,4,2,12,10,9,6
Otud5,6,3,12,10,9,7
Pim2,7,6,12,5,5,6
Slc35a2,0,5,4,2,1,8
Pqbp1,3,5,16,7,7,4
Timm17b,7,7,11,16,13,10
Pcsk1n,1,2,6,2,8,1
Hdac6,1,0,3,0,1,2
Suv39h1,0,1,1,1,1,2
Was,8,8,18,15,21,8
Wdr13,1,1,2,3,3,1
Rbm3,58,67,119,109,152,71
Rbm3os,0,0,0,0,1,0
Tbc1d25,0,1,0,0,2,0
Ebp,9,15,18,16,8,10
Porcn,0,0,1,0,0,0
Ftsj1,0,1,2,4,2,1
B630019K06Rik,1,0,1,0,0,1
Lancl3,0,1,1,0,0,0
Cybb,0,1,0,1,7,0
Dynlt3,3,8,7,6,9,8
Rpgr,1,0,2,1,1,0
Tspan7,0,2,3,1,4,1
Mid1ip1,4,10,12,13,6,9
Bcor,3,1,12,5,8,6
Atp6ap2,9,13,25,13,9,8
1810030O07Rik,3,3,4,2,4,8
Med14,1,5,3,2,8,1
Usp9x,7,8,19,19,13,8
Ddx3x,28,17,32,35,28,30
Cask,0,0,3,1,0,1
Gpr34,5,2,16,29,28,14
Maoa,1,0,2,0,2,0
Ndp,0,1,1,0,0,0
Fundc1,3,3,6,5,5,4
Kdm6a,6,6,8,5,4,7
Gm26652,0,0,1,0,0,0
Chst7,0,0,1,2,2,0
Slc9a7,1,0,2,0,0,0
Rp2,2,0,3,1,1,2
Jade3,0,1,2,0,1,1
Ndufb11,33,32,90,42,41,51
Rbm10,0,3,13,0,2,3
Uba1,9,15,23,10,16,20
Cdk16,0,4,4,0,2,1
Usp11,2,0,3,3,2,2
Araf,7,3,11,6,9,13
Cfp,0,2,0,0,0,0
Elk1,1,1,2,0,1,1
Uxt,1,2,4,1,4,3
Zfp182,2,2,4,3,0,2
Zfp300,0,0,2,0,1,0
Wdr44,5,4,11,4,4,9
Dock11,6,9,10,10,19,9
Il13ra1,1,0,0,3,2,0
Lonrf3,0,0,1,0,1,0
Pgrmc1,7,10,21,12,8,5
Akap17b,0,0,0,1,0,0
Slc25a5,41,53,131,51,62,68
C330007P06Rik,1,5,4,3,3,4
Ube2a,7,14,12,14,20,11
Nkrf,0,0,1,1,1,1
Sept6,20,22,46,18,25,28
Rpl39,1413,1624,3201,941,1957,2026
Upf3b,8,18,11,6,16,11
Nkap,1,5,7,8,8,9
Ndufa1,29,42,64,26,46,24
Rnf113a1,1,1,0,1,1,1
Rhox8,0,1,1,0,0,0
Zbtb33,0,1,0,2,1,2
Tmem255a,0,0,0,2,1,0
Lamp2,6,2,7,19,10,9
Cul4b,2,2,4,1,0,4
Mcts1,6,8,21,11,14,18
C1galt1c1,4,1,4,2,0,5
Gria3,0,0,0,0,1,0
Thoc2,10,12,20,15,19,11
Xiap,6,11,17,12,11,7
Stag2,11,9,21,18,8,11
Sh2d1a,3,23,31,20,14,14
Dcaf12l1,0,0,0,0,1,0
Ocrl,3,0,3,1,2,1
Apln,0,0,1,0,1,0
Sash3,8,14,33,13,13,20
Zdhhc9,1,2,2,1,2,1
Utp14a,9,6,7,8,8,7
Bcorl1,0,3,3,4,3,1
Elf4,4,6,12,9,7,11
Aifm1,3,0,7,5,4,7
Rab33a,0,0,0,1,0,0
Zfp280c,1,3,3,4,4,2
Slc25a14,0,2,2,1,0,1
Rbmx2,1,1,7,1,2,3
Enox2,0,1,1,0,2,1
Stk26,7,6,13,8,14,5
Rap2c,2,3,11,8,9,3
Mbnl3,0,5,4,3,1,0
Phf6,9,3,21,5,9,18
Hprt,19,21,45,26,24,27
Fam122b,0,3,1,0,1,1
Mospd1,4,5,5,6,3,0
Cxx1a,2,0,9,0,2,7
Cxx1b,0,0,7,0,1,3
Xlr,0,0,3,1,2,2
3830403N18Rik,0,0,1,0,0,0
Zfp449,0,1,0,0,0,0
Ddx26b,2,3,3,3,3,2
Mmgt1,2,0,2,0,1,0
Slc9a6,2,2,2,3,5,2
Fhl1,0,0,1,1,0,0
Mtap7d3,0,0,0,1,0,0
Htatsf1,2,2,13,3,6,11
Gm14718,1,2,2,0,0,0
Cd40lg,5,22,13,4,38,31
Arhgef6,5,11,17,16,14,5
Rbmx,2,3,18,10,6,16
Fgf13,2,1,5,0,1,3
Atp11c,2,2,2,3,4,2
Slitrk4,0,0,0,0,2,0
Fmr1,8,5,20,12,7,2
Gm14698,2,4,6,9,7,5
Ids,2,3,9,3,6,7
1110012L19Rik,5,3,6,0,12,5
BC023829,0,1,0,2,1,3
Mtm1,1,1,2,3,1,1
Mtmr1,8,0,10,2,11,6
Cd99l2,0,0,1,1,1,2
Hmgb3,3,1,6,3,3,0
Vma21,4,7,16,10,7,3
Gabre,0,0,0,1,0,0
Cetn2,5,12,28,12,18,17
Nsdhl,0,2,2,2,0,1
Xlr4a,2,15,11,4,4,12
Xlr3a,0,0,0,1,0,0
Xlr3b,0,1,2,0,0,2
Xlr4b,1,9,16,1,12,4
F8a,2,1,3,0,3,4
Xlr4c,2,2,9,3,2,2
Zfp275,2,2,4,0,1,1
Haus7,1,1,6,2,1,0
Bgn,0,0,1,0,0,0
Slc6a8,0,0,0,0,1,0
Bcap31,14,22,45,23,25,33
Abcd1,1,2,4,3,2,3
Plxnb3,0,0,3,1,0,0
Idh3g,3,15,21,12,10,10
Ssr4,27,40,72,52,57,41
L1cam,3,3,3,4,2,3
Arhgap4,4,8,13,10,4,9
Avpr2,0,1,0,0,0,0
Naa10,8,14,24,9,21,6
Renbp,2,0,0,0,3,0
Hcfc1,3,2,9,4,3,8
Irak1,6,8,13,7,14,15
Mecp2,8,4,15,14,12,10
Tktl1,0,0,5,0,1,1
Flna,24,18,27,10,14,9
Emd,10,15,33,13,12,22
Rpl10,478,655,1077,587,659,728
Dnase1l1,2,4,2,1,0,2
Taz,3,5,14,9,7,13
Atp6ap1,4,4,22,11,8,9
Gdi1,3,3,11,3,6,6
Fam50a,2,2,11,13,9,13
Plxna3,0,1,1,0,1,0
Lage3,3,5,11,8,4,6
Ubl4a,3,7,14,9,1,16
Slc10a3,0,0,1,4,0,7
Fam3a,1,1,7,3,3,4
Ikbkg,0,1,6,1,4,2
G6pdx,4,4,3,1,1,3
Gab3,2,5,9,5,4,11
Dkc1,7,4,12,11,15,11
Mpp1,4,1,2,2,4,4
Fundc2,15,14,23,15,16,21
Cmc4,2,1,10,3,4,8
Mtcp1,1,1,2,2,1,3
Brcc3,2,5,7,4,6,11
Vbp1,9,18,26,12,14,31
Pls3,1,0,0,0,0,0
Tbl1x,4,5,6,11,6,5
Prkx,3,5,6,3,3,5
Prrg1,0,0,0,0,1,1
Tab3,2,1,1,1,1,0
Gk,4,0,3,1,0,1
5430427O19Rik,5,1,13,8,6,7
Pola1,1,1,0,1,1,0
Pcyt1b,0,0,1,0,0,0
Pdk3,1,2,2,1,3,4
Zfx,2,0,3,5,5,8
Eif2s3x,6,10,17,5,9,7
Klhl15,0,2,5,2,0,0
Apoo,0,1,3,1,5,3
Gm14827,0,0,1,0,0,0
Maged1,1,0,2,3,0,1
Zxdb,3,3,7,2,3,5
Gm26617,0,0,0,1,0,0
Spin4,0,0,1,0,0,0
Arhgef9,0,0,1,0,0,0
Amer1,1,0,1,1,1,1
Zc4h2,0,0,0,0,1,0
Las1l,5,11,10,11,8,4
Msn,34,44,87,50,57,39
Ar,2,3,9,2,2,4
Ophn1,0,0,2,1,1,3
Yipf6,2,5,6,7,5,7
Stard8,0,0,0,0,1,0
Efnb1,0,0,2,3,0,2
Pja1,4,9,8,4,5,4
Awat2,0,1,0,1,0,0
Igbp1,8,15,28,11,14,18
Pdzd11,2,2,6,2,2,4
Kif4,0,0,1,0,0,0
Dlg3,0,1,0,1,0,0
Snx12,3,2,6,4,4,7
Foxo4,1,0,2,1,4,2
Gm614,1,0,1,0,0,2
Il2rg,46,40,77,53,50,76
Med12,2,4,10,7,4,3
Nlgn3,0,0,0,1,1,0
Gjb1,0,0,2,1,0,0
Zmym3,1,0,1,0,4,0
Nono,17,13,54,29,24,32
Taf1,8,4,9,10,6,6
Ogt,32,55,83,49,44,46
Cxcr3,17,21,34,18,27,46
Gm4779,0,0,0,1,0,0
Nhsl2,0,0,1,2,0,0
Pin4,16,8,40,5,15,11
Ercc6l,0,1,1,1,1,1
Rps4x,705,936,1765,855,962,1084
Hdac8,1,5,2,0,2,0
Nap1l2,0,0,0,1,0,0
Chic1,1,1,1,3,3,1
Tsix,0,0,1,0,0,0
Jpx,1,0,2,4,0,0
Ftx,1,0,0,1,3,1
Slc16a2,0,0,1,0,0,0
Rlim,4,6,18,22,15,12
Abcb7,1,2,2,1,1,0
Uprt,1,0,0,0,0,0
Zdhhc15,0,4,2,3,3,1
Pbdc1,6,3,6,3,6,4
Magee1,0,0,0,1,0,2
5330434G04Rik,0,0,1,0,0,0
Atrx,27,35,34,34,32,18
Magt1,2,9,7,4,9,4
Cox7b,43,42,91,40,62,47
Atp7a,2,0,0,2,1,1
Tlr13,1,0,0,0,1,0
Pgk1,14,7,19,16,8,6
Taf9b,1,2,4,4,3,3
Cysltr1,0,0,5,5,4,0
Gm5127,0,0,2,0,1,0
P2ry10,34,25,62,27,24,39
A630033H20Rik,0,2,8,7,3,6
Gpr174,7,8,19,8,10,9
Itm2a,1,3,5,6,10,6
2610002M06Rik,1,8,5,6,9,3
Brwd3,0,1,6,1,2,2
Hmgn5,7,5,21,6,5,2
Sh3bgrl,9,11,14,9,10,5
Gm6377,1,0,0,1,0,0
Apool,5,4,5,2,3,6
Chm,2,2,5,7,5,2
Klhl4,0,0,0,0,1,0
Pcdh11x,0,0,0,1,0,1
Nap1l3,0,0,1,5,4,1
Diaph2,4,5,8,9,5,1
Pcdh19,0,0,0,0,0,2
Tspan6,0,1,0,0,3,0
Cstf2,1,3,2,2,2,2
Trmt2b,4,2,2,3,5,1
Cenpi,0,0,3,0,0,0
Timm8a1,4,5,5,1,0,1
Btk,0,0,1,2,2,1
Rpl36a,470,505,1169,366,654,609
Gla,0,0,2,5,0,1
Hnrnph2,4,7,13,17,10,11
Armcx4,0,1,1,0,0,0
Armcx1,0,0,0,0,1,0
Armcx6,0,0,1,0,0,0
Armcx3,1,1,2,4,1,0
Armcx2,2,1,3,0,1,1
Zmat1,2,0,8,2,4,0
Armcx5,4,1,3,1,6,2
Gprasp1,3,2,8,5,7,7
Bhlhb9,1,2,5,1,0,4
Gprasp2,0,0,1,0,3,0
Arxes2,0,0,0,1,0,0
Bex2,2,4,0,1,4,1
Bex4,0,0,1,0,0,0
Tceal8,0,0,2,0,1,0
Wbp5,6,13,23,14,17,5
Ngfrap1,13,18,47,21,20,17
Tceal1,0,0,0,0,2,0
Morf4l2,6,12,17,13,9,13
Plp1,16,17,269,31,52,8
Tmsb15l,4,2,10,0,6,3
Tmsb15b1,1,2,0,0,3,3
Slc25a53,1,0,4,0,2,2
Zcchc18,2,5,5,2,8,4
Fam199x,1,0,0,1,0,0
D330045A20Rik,0,0,1,0,0,0
Rnf128,0,0,10,1,0,9
Tbc1d8b,0,1,2,1,1,3
Gm15013,0,0,0,0,0,1
Rbm41,2,0,0,0,0,1
Prps1,3,5,10,3,6,12
Tsc22d3,47,45,101,39,76,114
Psmd10,3,5,11,6,10,6
Atg4a,2,0,2,0,4,2
Nxt2,2,2,1,1,1,2
Acsl4,2,6,11,4,6,6
Tmem164,1,1,2,3,3,3
Ammecr1,1,1,4,1,0,0
Dcx,0,1,0,0,0,0
Alg13,0,2,2,1,0,3
Lrch2,0,0,1,0,0,0
Tmem29,2,0,4,1,2,0
Apex2,0,1,0,0,0,0
Maged2,0,0,2,0,2,1
Gnl3l,8,6,8,3,2,2
Fgd1,0,1,1,0,0,0
Tsr2,2,1,1,4,2,3
A230072E10Rik,0,1,0,1,2,0
Fam120c,0,0,1,0,1,1
Phf8,3,11,8,5,2,1
Huwe1,10,16,23,13,13,11
Hsd17b10,14,9,29,15,11,11
Ribc1,0,0,0,1,0,0
Smc1a,7,13,31,20,16,13
Iqsec2,0,0,0,0,0,1
Kdm5c,1,1,5,2,3,6
Kantr,1,0,1,0,0,0
Tspyl2,2,3,6,2,1,8
Shroom2,0,0,2,0,1,0
Mageh1,0,0,2,1,1,0
Rragb,0,1,0,1,1,0
Ubqln2,4,2,10,6,5,6
RP23-106P7.5,0,0,0,1,0,0
2210013O21Rik,1,4,10,8,5,5
Spin2c,1,0,1,1,3,1
Sat1,16,21,44,48,47,24
Acot9,5,3,5,0,6,3
Prdx4,3,5,3,2,2,3
Sms,19,25,44,25,17,30
Mbtps2,4,1,2,4,3,6
Cnksr2,0,0,0,0,0,1
Rps6ka3,4,6,9,12,9,6
Eif1ax,7,11,27,8,20,19
Map7d2,0,0,1,0,0,1
A830080D01Rik,0,2,4,4,1,2
Sh3kbp1,14,16,34,19,23,22
Map3k15,0,0,0,1,0,0
Pdha1,3,13,25,15,19,11
Phka2,0,1,0,4,1,1
Cdkl5,0,0,0,1,0,0
Scml2,0,0,0,0,0,2
Reps2,0,0,1,0,1,0
Rbbp7,9,13,28,19,19,20
Txlng,3,3,13,6,3,5
Syap1,4,2,4,1,1,1
Ctps2,3,6,17,5,7,12
Ap1s2,5,4,3,8,8,8
Zrsr2,8,14,15,18,20,12
Car5b,1,1,3,0,0,0
Siah1b,0,1,1,0,0,0
Piga,0,1,3,2,1,1
Mospd2,3,0,3,1,4,2
Fancb,0,0,0,1,0,0
Gemin8,0,1,2,1,1,1
Gpm6b,0,14,25,4,8,0
Ofd1,2,5,3,1,3,1
Trappc2,2,2,3,5,0,3
Rab9,4,6,11,5,6,5
Tceanc,0,0,0,3,2,0
Gm8817,1,1,0,2,1,0
Gm15232,1,0,2,0,1,0
Tmsb4x,2225,2459,4445,2820,2896,2165
Tlr7,0,0,0,1,3,0
Prps2,0,5,10,9,4,6
Msl3,4,2,11,5,2,4
Arhgap6,1,0,0,0,3,0
Hccs,2,4,5,6,5,6
Mid1,0,1,3,3,2,1
Gm15726,0,1,0,0,0,0
Gm21887,1,0,0,2,1,0
Pex2,2,8,4,6,2,4
Gm8797,0,3,6,1,6,3
Pkia,0,0,1,0,0,0
Zc2hc1a,1,1,0,2,1,2
Hey1,0,0,1,0,0,0
Mrps28,3,4,9,8,8,4
Tpd52,4,3,6,13,13,4
Zbtb10,3,2,5,3,1,2
C030034L19Rik,0,2,1,0,1,2
Zfp704,0,0,1,0,0,1
Pag1,8,7,16,20,10,13
Gm16337,0,1,0,1,0,0
Fabp5,3,9,15,9,8,4
Impa1,4,11,22,12,9,9
Zfand1,0,3,2,4,10,1
Chmp4c,0,0,0,0,1,0
Snx16,3,0,3,1,2,1
Gm38112,0,0,1,0,0,0
Lrrcc1,1,1,8,6,6,6
E2f5,0,0,1,1,5,1
1810022K09Rik,13,12,32,15,15,16
Car13,0,0,0,0,1,0
Car2,5,2,39,8,10,3
Ythdf3,5,5,13,12,6,3
Armc1,4,6,11,9,11,10
Mtfr1,3,4,5,6,8,4
Pde7a,25,15,53,30,29,41
1700064H15Rik,0,0,0,0,1,0
4632415L05Rik,0,0,1,3,0,2
Cp,0,0,0,1,1,0
Hps3,3,3,6,7,8,4
Hltf,3,8,11,9,6,4
Gyg,9,11,7,5,7,5
Gm43672,3,0,2,4,4,1
Tbl1xr1,10,14,19,15,14,7
Nlgn1,0,0,1,0,0,0
Nceh1,1,4,8,1,2,6
Tnfsf10,7,1,7,6,6,4
Fndc3b,0,0,0,4,1,0
Tmem212,0,1,0,0,0,1
Pld1,0,0,1,2,1,0
Tnik,7,7,13,7,9,10
1700112D23Rik,0,0,0,0,1,0
Eif5a2,0,0,0,0,1,0
Rpl22l1,195,147,383,145,229,241
Mynn,1,0,6,7,3,8
4933429H19Rik,1,0,0,0,0,1
Sec62,26,34,94,32,51,43
Gpr160,0,0,2,2,5,0
Phc3,7,10,15,13,7,17
Prkci,0,0,1,1,1,1
Skil,14,15,38,42,26,33
Cldn11,1,4,29,4,4,1
Slc7a14,0,0,0,0,0,1
Zmat3,0,4,2,2,5,1
Pik3ca,6,8,18,3,11,9
Zfp639,3,5,8,4,9,7
Mfn1,2,1,6,1,2,0
Gnb4,1,1,0,1,3,0
Actl6a,2,7,23,10,6,12
Mrpl47,2,1,2,2,0,1
Ndufb5,26,31,70,47,38,32
Pex5l,0,0,6,2,2,0
Ttc14,14,29,46,30,31,31
Gm43140,0,0,0,1,0,0
Fxr1,6,7,22,17,11,13
Dnajc19,6,9,23,15,12,8
Gm20515,0,0,1,0,0,0
Sox2,0,1,3,0,0,1
Gm43003,0,1,0,0,0,0
Atp11b,31,26,28,18,36,19
Dcun1d1,3,8,13,6,13,8
Gm15952,1,1,0,1,1,1
Mccc1,0,1,3,2,2,1
Acad9,5,1,0,2,1,5
D3Ertd254e,0,0,2,2,2,0
Anxa5,10,18,21,11,19,20
1810062G17Rik,0,0,0,1,0,0
Exosc9,0,2,5,2,2,5
4932438A13Rik,14,18,32,24,13,16
Il2,3,3,4,1,2,9
Cetn4,0,1,0,1,1,0
Bbs12,0,2,0,0,1,0
Nudt6,0,0,2,3,3,0
Spata5,2,3,5,1,1,0
Spry1,4,20,13,4,10,6
Gm5148,0,0,2,0,0,0
Gm42921,0,1,0,0,1,0
Ankrd50,2,2,3,1,4,6
Intu,0,0,1,0,1,0
Hspa4l,1,5,8,11,8,10
Plk4,0,1,5,1,2,1
Mfsd8,0,1,4,4,2,1
Abhd18,0,1,3,1,0,4
Larp1b,7,6,13,11,3,7
Pgrmc2,1,10,3,4,3,5
Jade1,4,5,8,7,13,13
Sclt1,3,8,3,5,4,1
D3Ertd751e,1,4,2,3,3,3
Pcdh18,0,0,0,0,1,0
Slc7a11,4,0,0,0,0,0
Noct,2,3,7,3,1,1
Elf2,6,6,15,11,12,5
Mgarp,0,1,0,0,0,0
Ndufc1,10,13,35,11,24,30
Naa15,6,13,9,13,12,13
Rab33b,2,1,7,3,4,3
Setd7,2,5,8,9,4,4
Mgst2,2,8,10,4,6,5
Maml3,0,0,3,0,0,0
Gm37170,0,0,0,0,2,0
Foxo1,7,12,23,15,10,7
Gm20750,0,1,0,0,0,0
Cog6,3,1,8,3,5,2
Nhlrc3,0,0,4,3,5,1
Proser1,5,2,5,3,6,6
Ufm1,3,7,16,5,15,11
Supt20,5,10,25,17,9,15
Exosc8,8,15,29,15,17,13
Alg5,10,7,18,11,8,7
Rfxap,4,5,11,7,7,6
Spg20,2,2,4,4,1,4
Dclk1,0,0,1,1,1,0
Nbea,1,0,4,1,0,1
Tm4sf1,0,1,0,0,1,0
Wwtr1,0,0,0,1,0,0
Commd2,5,10,13,7,6,6
Ankub1,0,0,1,0,0,0
Rnf13,6,11,20,16,13,13
Pfn2,2,2,2,1,3,1
Tsc22d2,16,8,21,42,15,24
Serp1,4,20,40,26,30,15
Eif2a,6,8,5,3,8,9
Selt,12,14,32,11,17,13
Siah2,3,4,9,8,4,8
Med12l,0,0,0,3,0,1
Gpr171,15,15,25,19,32,33
P2ry14,0,0,2,0,4,0
P2ry13,0,0,6,12,4,1
P2ry12,1,0,13,50,26,8
Mbnl1,85,132,195,165,176,149
Rap2b,9,4,7,5,4,3
Arhgef26,1,0,0,0,0,0
Dhx36,5,14,19,14,23,17
E130311K13Rik,0,1,0,1,0,1
Slc33a1,1,1,2,0,1,2
Gmps,3,3,16,14,12,10
Kcnab1,0,1,0,1,0,0
A330015K06Rik,0,0,0,1,0,0
Ssr3,7,8,20,6,7,11
Tiparp,9,10,21,24,3,12
Lekr1,0,0,1,0,0,0
Ccnl1,18,35,57,43,36,31
Gm37305,0,0,1,1,0,0
Rsrc1,6,6,32,5,11,9
Mlf1,1,0,0,0,0,0
Gfm1,2,2,6,3,3,3
Lxn,3,3,8,1,0,3
Mfsd1,6,4,9,5,3,4
Il12a,0,0,0,0,2,0
1110032F04Rik,0,0,0,0,0,1
Ift80,0,1,1,3,3,1
Smc4,14,17,32,21,25,28
Trim59,5,4,16,10,8,5
Kpna4,13,11,26,10,13,12
Ppm1l,0,0,2,1,1,1
B3galnt1,0,0,0,0,1,1
Nmd3,8,7,13,7,11,9
Bche,0,0,0,0,1,0
Pdcd10,13,24,42,34,16,20
Serpini1,2,1,2,1,2,1
Golim4,3,4,13,11,6,9
Rapgef2,2,5,8,3,4,2
6430573P05Rik,0,0,0,0,1,0
Fnip2,1,0,1,0,0,0
4930589L23Rik,0,0,0,1,0,0
Ppid,3,10,21,9,6,3
Etfdh,0,5,6,4,4,6
4930579G24Rik,0,0,1,1,0,0
Rxfp1,0,0,0,0,1,0
Tmem144,0,0,3,0,0,0
Gria2,0,2,1,0,3,0
Glrb,0,0,1,0,1,0
Pdgfc,0,0,0,0,1,0
Ctso,2,3,12,8,9,10
Map9,0,1,0,0,0,0
Plrg1,2,1,8,4,5,3
Sfrp2,1,0,0,0,0,0
Gm26771,0,1,0,2,3,1
Tlr2,0,0,5,10,7,4
D930015E06Rik,2,8,12,7,9,4
Trim2,0,0,9,1,2,3
Fhdc1,0,0,1,0,0,0
Arfip1,1,1,5,6,4,1
Tmem154,2,5,8,3,6,3
Fbxw7,2,3,11,3,2,7
Gatb,1,0,6,2,2,2
Sh3d19,0,1,2,1,1,0
Rps3a1,853,1082,2108,1102,1147,1151
Gm37933,0,0,0,0,0,1
Lrba,7,4,6,6,10,9
Dclk2,0,0,1,0,0,1
Cd1d1,4,2,8,11,6,6
Fcrls,1,1,9,29,9,10
Fcrl1,0,0,0,1,0,0
Etv3,23,7,15,12,9,10
Arhgef11,0,0,3,1,1,2
Pear1,1,1,4,2,1,1
Sh2d2a,13,24,41,32,26,35
Prcc,0,2,3,2,1,3
Hdgf,7,24,29,16,22,22
Mrpl24,21,16,37,27,22,15
Rrnad1,0,3,4,6,9,2
Isg20l2,1,2,2,2,1,2
Bcan,2,0,3,2,2,0
Hapln2,2,0,3,1,2,0
Gpatch4,3,3,6,3,4,4
Apoa1bp,5,2,12,4,11,11
Mef2d,7,12,22,21,21,6
1700113A16Rik,0,1,0,1,1,2
Gm3764,0,0,3,0,5,0
Tsacc,1,0,0,1,1,1
Cct3,22,19,44,21,28,24
Glmp,9,10,13,7,8,11
Smg5,2,2,6,4,4,4
Paqr6,0,0,0,1,1,0
Pmf1,3,1,5,0,1,3
Slc25a44,1,3,1,2,2,3
Sema4a,9,7,23,18,31,18
Lmna,3,4,7,2,0,4
Gm37584,0,0,0,0,2,1
Mex3a,0,2,2,0,3,1
Lamtor2,18,20,58,28,40,29
Ubqln4,2,1,6,1,3,6
Ssr2,6,10,19,10,12,22
Arhgef2,1,5,13,5,11,6
2810403A07Rik,7,8,13,13,10,11
Rit1,3,3,2,1,4,1
Syt11,2,9,30,8,2,2
Gon4l,3,6,11,8,10,8
Gm43713,0,0,0,0,1,0
Msto1,0,0,2,3,1,3
Dap3,8,5,10,6,12,8
Ash1l,7,13,23,19,10,17
Rusc1,3,1,8,5,6,2
Fdps,10,1,7,4,8,7
Clk2,1,1,4,1,4,2
Scamp3,7,10,25,14,16,18
Gm16069,0,0,1,0,0,0
Fam189b,17,21,38,13,18,30
Gba,2,2,4,4,7,1
Mtx1,1,1,3,2,4,5
Thbs3,0,0,1,0,0,0
Muc1,0,1,1,0,0,0
Trim46,0,1,2,0,0,1
Krtcap2,40,59,91,60,74,52
Dpm3,32,30,57,23,46,35
Slc50a1,15,16,37,25,23,17
Adam15,2,1,2,3,5,3
Dcst1,0,0,0,1,0,0
Zbtb7b,2,2,2,3,2,1
Gm15417,0,0,1,1,1,2
Flad1,2,2,5,4,1,4
Cks1b,1,1,4,1,1,1
Shc1,1,4,6,5,2,1
Pygo2,1,1,8,3,4,3
Pbxip1,10,10,23,14,13,17
Pmvk,17,1,5,2,1,2
Adar,1,3,9,5,7,4
Chrnb2,1,0,0,0,0,0
4632404H12Rik,0,0,2,1,0,0
Ube2q1,13,6,20,10,14,19
She,0,0,0,0,0,2
Il6ra,4,2,5,7,3,6
Gm42809,0,1,0,0,0,0
Atp8b2,0,0,6,4,1,1
Hax1,4,4,13,6,4,5
Ubap2l,17,10,29,17,18,13
4933434E20Rik,10,2,21,17,7,18
Tpm3,48,60,126,79,76,69
Rps27,1642,1868,3506,1151,2502,2235
Rab13,0,1,0,0,0,1
Jtb,11,13,21,13,15,11
Slc39a1,1,2,3,3,3,8
Crtc2,1,4,6,0,4,2
Dennd4b,4,1,8,0,1,3
Gatad2b,7,10,27,8,9,17
Slc27a3,1,1,0,0,0,0
Ints3,2,0,4,0,3,2
Npr1,2,0,0,0,0,0
Ilf2,5,10,15,7,9,10
Snapin,4,5,9,9,7,3
Chtop,11,10,19,17,21,15
S100a1,2,6,4,4,5,2
S100a13,31,38,86,32,28,46
S100a16,1,0,7,1,3,0
S100a4,169,202,363,154,266,168
S100a5,1,0,0,0,0,0
S100a6,259,260,450,247,274,329
S100a8,0,6,0,0,1,0
S100a9,0,4,0,1,2,3
Gm9774,1,1,1,1,1,2
S100a11,72,85,102,67,75,92
S100a10,120,234,340,155,140,188
Them4,1,1,4,0,0,1
Rorc,0,1,0,0,0,0
Lingo4,0,1,0,2,0,0
Tdrkh,0,0,2,4,0,0
Mrpl9,10,10,17,5,11,14
Snx27,3,5,17,4,5,4
Tuft1,0,0,0,1,0,0
Pogz,3,4,6,1,5,4
Psmb4,22,21,55,37,34,34
Selenbp1,0,1,1,0,1,1
Rfx5,0,1,1,2,2,0
B230398E01Rik,0,0,2,0,0,0
Pi4kb,2,0,2,0,2,1
A730011C13Rik,0,1,3,0,1,1
Gm15265,0,0,0,0,0,1
Zfp687,2,3,5,4,1,4
Psmd4,15,25,38,20,22,25
Pip5k1a,6,8,23,5,8,12
Vps72,4,4,19,11,9,7
Scnm1,2,4,4,3,4,3
Lysmd1,0,3,4,1,1,2
Tnfaip8l2,9,14,12,15,8,21
Gabpb2,5,6,12,8,16,5
Gm16740,0,3,1,1,0,0
Mllt11,2,1,3,3,3,1
Cdc42se1,10,22,39,16,17,18
Gm128,1,0,0,0,0,0
Prune,1,0,4,0,0,1
Fam63a,0,1,4,0,3,0
Cers2,7,11,21,12,12,11
Setdb1,0,2,6,3,1,5
Arnt,2,3,8,5,4,2
Ctss,27,17,73,185,108,104
Golph3l,1,4,3,1,5,2
Ensa,9,7,18,7,14,2
Mcl1,42,61,126,100,61,95
Ecm1,0,0,0,0,1,1
Tars2,4,4,5,4,4,6
Rprd2,2,4,20,3,8,9
Prpf3,1,1,2,0,0,3
Mrps21,17,17,40,17,19,27
C920021L13Rik,0,0,2,0,1,0
Ciart,2,1,0,2,1,2
BC028528,0,0,0,1,0,1
Aph1a,7,9,18,11,8,8
Car14,0,0,2,0,0,0
Anp32e,8,12,24,18,14,16
Plekho1,5,3,4,6,9,3
Vps45,0,2,1,3,4,0
Otud7b,1,1,6,1,2,3
Gm17690,0,0,1,0,0,0
Sf3b4,6,7,17,6,6,8
Sv2a,0,0,4,0,1,0
Bola1,6,6,6,6,5,6
Gm15444,0,1,0,0,0,0
Hist2h2ac,0,1,1,1,1,0
Hist2h2be,0,1,0,0,0,1
Gm20633,0,0,1,0,0,0
Hist2h2aa1,0,1,1,3,1,2
Hist2h3c1,0,1,0,0,0,0
Hist2h4,2,2,0,3,1,2
Hist2h3b,0,0,2,0,0,0
Hist2h2bb-1,0,0,1,0,1,1
Fcgr1,0,0,2,5,3,9
Gm15441,0,0,0,0,0,1
Txnip,39,85,104,56,88,71
Polr3gl,1,5,7,11,4,8
Lix1l,0,0,0,0,0,1
Rbm8a,12,15,37,21,31,16
Pex11b,1,0,3,1,3,4
Ankrd35,0,1,0,0,0,0
Pias3,2,4,1,2,0,5
Polr3c,2,5,7,1,8,5
Rnf115,6,6,14,7,14,17
Cd160,10,4,26,20,20,16
Pdzk1,0,0,1,0,0,0
Gpr89,2,0,3,2,1,1
Gja5,0,0,1,0,0,0
Acp6,2,1,3,2,3,3
Bcl9,1,0,1,1,1,2
Chd1l,2,1,3,1,2,2
Fmo5,0,1,1,0,0,6
Prkab2,3,0,10,3,2,2
Pde4dip,0,2,0,4,2,1
Gm43076,1,0,0,0,0,0
Sec22b,7,8,14,6,7,9
Gm5544,0,0,0,0,1,0
Notch2,4,6,25,11,4,10
Adam30,0,0,2,0,1,0
Phgdh,10,10,43,23,24,20
Zfp697,0,0,0,0,0,2
Wars2,0,0,1,2,4,1
Wdr3,1,1,4,5,5,4
Gdap2,1,4,6,3,2,0
Fam46c,14,8,12,14,7,7
Man1a2,5,5,11,8,14,7
Trim45,0,0,1,0,0,0
Ttf2,0,1,3,1,1,3
Cd101,1,2,5,4,3,3
Ptgfrn,0,0,2,0,0,0
Cd2,58,58,111,57,80,79
Atp1a1,11,12,31,21,13,12
Slc22a15,1,0,3,4,5,1
Vangl1,0,0,0,0,1,0
Tspan2,1,0,13,0,3,0
Sike1,6,14,13,17,6,4
Csde1,22,25,64,35,29,40
Nras,5,6,14,13,10,7
Dennd2c,0,0,0,2,0,0
Bcas2,16,19,47,25,27,23
Trim33,5,5,12,11,9,7
Syt6,2,0,0,0,0,1
Olfml3,1,1,4,25,20,8
Hipk1,22,14,37,12,22,22
Dclre1b,1,0,1,3,0,2
Ap4b1,1,4,1,2,1,2
Bcl2l15,0,0,3,0,2,2
Ptpn22,55,90,142,76,90,137
Rsbn1,4,9,16,13,10,13
Phtf1,2,2,0,2,3,2
Magi3,0,0,1,0,2,0
Lrig2,1,2,2,3,3,2
Slc16a1,4,8,3,3,4,2
Fam19a3,0,1,4,0,1,0
Ppm1j,0,4,12,4,5,4
Rhoc,2,3,3,4,3,3
Mov10,2,1,9,6,1,4
Capza1,18,18,37,16,26,19
St7l,1,2,9,6,4,2
Cttnbp2nl,3,0,4,8,2,2
Ddx20,0,1,5,2,0,2
Fam212b,1,0,0,0,0,0
Gm43848,1,1,0,0,0,1
Rap1a,25,26,54,47,34,36
Gm5547,4,4,11,5,5,6
Adora3,0,0,1,2,2,0
Tmigd3,0,0,0,0,1,0
I830077J02Rik,0,0,1,0,1,1
Atp5f1,48,45,92,63,64,56
Wdr77,2,5,3,4,4,3
Ovgp1,0,0,1,0,1,0
Gm42722,2,3,9,8,0,2
Chil5,1,0,0,0,0,0
Dennd2d,3,1,8,3,5,3
Cept1,3,11,18,9,8,17
Dram2,2,5,7,4,4,4
Lrif1,3,6,10,9,3,5
Cd53,52,74,116,58,79,88
AI504432,4,5,9,6,10,5
Kcna2,1,0,0,0,0,0
Lamtor5,11,20,26,13,16,11
Rbm15,2,5,4,5,3,3
Slc6a17,0,0,0,1,0,0
Strip1,1,3,6,2,1,1
Ahcyl1,9,6,10,4,4,4
Csf1,1,0,6,0,2,0
4933431E20Rik,0,0,3,1,0,0
Gstm5,3,12,8,4,3,1
Gstm7,1,0,3,0,1,0
Gstm1,1,6,6,1,5,1
Gstm4,0,1,0,1,0,0
Ampd2,5,1,2,1,2,0
Gnai3,15,15,21,7,16,12
Amigo1,1,0,0,0,0,1
Cyb561d1,1,0,2,0,2,0
Atxn7l2,1,0,1,0,1,0
Psma5,11,12,20,19,14,21
Sort1,1,0,6,3,0,0
Sars,20,14,46,20,36,30
Tmem167b,1,3,5,0,1,2
Taf13,4,1,7,8,10,5
Wdr47,0,4,3,1,2,1
Clcc1,7,3,6,1,4,4
Gpsm2,0,0,0,0,0,2
Stxbp3,4,6,10,12,10,13
Prpf38b,15,12,39,26,23,16
Fam102b,3,0,8,10,6,2
Gm43221,0,0,0,0,2,0
Slc25a24,3,1,7,3,3,3
Vav3,0,5,3,0,0,2
Prmt6,0,1,4,1,2,2
Rnpc3,0,2,9,4,3,2
S1pr1,19,26,26,11,26,4
Gm9889,0,0,0,0,0,1
Dph5,4,4,8,5,11,15
Slc30a7,2,1,5,2,4,3
Extl2,0,1,0,0,0,1
Vcam1,0,0,1,0,1,0
Cdc14a,3,3,3,0,2,1
Rtca,4,1,7,3,1,3
Dbt,0,1,5,3,4,2
Trmt13,4,1,7,3,1,3
Sass6,0,2,1,2,1,3
Hiat1,2,7,19,8,10,6
Slc35a3,1,0,4,5,1,2
Agl,1,0,1,3,3,0
Frrs1,3,3,11,8,5,5
Dpyd,0,0,1,0,0,0
Ptbp2,5,4,5,4,5,2
Rwdd3,0,0,1,0,0,0
Alg14,1,0,2,3,2,3
Cnn3,0,1,3,0,0,0
F3,1,0,1,0,0,0
Abcd3,1,2,3,0,1,3
Arhgap29,0,0,0,1,0,0
Abca4,0,0,1,0,0,0
Gclm,6,4,11,7,8,17
Dnttip2,2,9,21,14,20,12
Fnbp1l,0,0,1,0,1,0
Gm43568,0,0,1,0,0,0
Pde5a,0,0,0,0,0,1
1810037I17Rik,38,33,83,49,50,44
Usp53,3,4,9,1,1,1
Sec24d,0,2,1,1,2,1
Mettl14,1,1,3,2,1,4
Gm43591,0,0,1,0,0,0
Prss12,0,1,4,0,0,1
Ugt8a,1,0,3,0,0,0
Camk2d,8,25,23,12,14,19
Ank2,0,3,6,1,2,0
Larp7,5,6,17,4,14,12
Zgrf1,0,0,0,1,0,0
Tifa,0,0,1,9,7,1
Ap1ar,7,4,12,5,5,7
5730508B09Rik,25,15,24,13,12,25
Elovl6,1,1,2,1,3,5
Egf,0,1,0,0,0,0
Rrh,0,0,0,0,1,0
Gar1,8,5,13,9,10,4
Pla2g12a,1,1,1,3,2,1
Casp6,0,1,8,3,3,4
Ccdc109b,4,4,3,2,1,3
Sec24b,3,4,6,5,3,2
Etnppl,0,1,0,0,0,0
Ostc,15,18,27,29,17,22
Rpl34,808,881,1690,648,1043,1087
Gm42997,0,0,1,0,0,0
Gm43352,0,0,1,0,0,0
Lef1,11,12,16,10,11,15
Hadh,7,2,13,9,7,11
Cyp2u1,0,0,1,0,1,0
Papss1,2,3,8,4,9,5
Aimp1,15,23,41,27,24,24
Tbck,2,2,8,5,0,5
Gstcd,0,3,2,1,1,2
Ints12,0,2,4,2,0,1
Gm43254,1,2,0,1,0,0
Ppa2,1,3,5,12,4,7
Tet2,4,4,7,5,1,6
Cenpe,0,0,0,2,0,0
Cisd2,8,11,35,17,10,14
Ube2d3,46,67,122,101,94,89
Manba,2,1,3,2,3,0
Nfkb1,13,19,95,23,23,39
Slc39a8,0,0,1,6,1,2
Gm43603,1,0,0,0,0,0
Bank1,1,0,1,3,2,0
Ppp3ca,13,10,14,17,17,20
Emcn,0,0,0,0,1,0
Gm21962,0,0,0,1,0,0
Gm43403,0,1,0,0,1,0
H2afz,74,271,201,105,142,82
Dnajb14,1,6,16,4,7,6
Lamtor3,10,10,16,8,12,4
Dapp1,5,9,6,10,9,9
Mttp,1,0,2,1,0,0
Trmt10a,1,0,5,0,3,3
Adh5,8,18,28,18,19,27
Metap1,2,3,5,5,6,3
Eif4e,10,14,19,11,10,12
Tspan5,1,2,2,1,2,2
Rap1gds1,2,4,14,10,8,11
Bmpr1b,0,0,0,0,1,0
Pdlim5,6,6,6,3,3,2
Gbp5,1,4,4,2,2,5
Gbp7,14,10,23,18,16,20
Gbp3,1,5,8,4,5,6
Gbp2,6,6,6,7,6,18
Ccbl2,1,0,0,0,0,0
Gtf2b,7,14,23,13,10,16
Pkn2,7,9,14,10,12,11
Lmo4,7,8,55,23,22,29
Hs2st1,2,3,5,5,3,1
Sep15,25,45,63,43,52,34
Sh3glb1,23,34,61,49,36,36
Odf2l,1,0,3,2,0,0
Znhit6,1,2,4,2,2,3
Bcl10,7,16,22,23,16,15
2410004B18Rik,3,9,7,5,9,6
Mcoln3,1,0,0,0,2,0
Mcoln2,0,1,4,3,0,1
Lpar3,0,1,0,0,0,0
Ssx2ip,0,0,2,1,2,3
Ctbs,0,0,2,1,2,2
Spata1,1,2,2,0,0,1
Gng5,73,86,155,97,85,106
Rpf1,5,4,16,8,6,14
Samd13,0,0,0,0,1,0
Prkacb,19,13,46,12,16,17
Ttll7,1,1,9,0,4,0
Ifi44,0,0,0,0,1,2
Dnajb4,6,9,10,8,9,7
Fubp1,25,18,53,31,37,31
Fam73a,1,2,2,1,4,2
Usp33,0,0,0,3,1,2
Zzz3,1,5,11,9,6,5
Pigk,4,4,16,7,5,3
St6galnac5,0,0,0,1,0,0
St6galnac3,2,6,6,5,3,2
Rabggtb,9,12,15,11,14,11
Acadm,8,11,9,8,8,4
Tyw3,1,0,0,0,1,0
Cryz,1,0,0,0,2,1
Fpgt,0,2,3,1,3,5
Negr1,0,0,1,0,0,0
Zranb2,8,9,29,13,11,14
Ptger3,0,0,0,0,2,1
Ankrd13c,3,5,10,10,4,4
Srsf11,21,17,44,28,35,33
Lrrc40,1,0,2,0,0,0
B230334C09Rik,0,0,1,0,0,0
Wls,3,4,3,6,8,8
Tmem68,1,3,2,3,3,0
Tgs1,0,5,10,3,10,8
Lyn,4,1,1,13,8,3
Gm26857,0,0,0,1,0,0
Rps20,777,1111,2129,722,912,1077
Plag1,0,0,0,0,0,1
Chchd7,9,3,14,8,7,16
Gm11808,65,88,174,52,152,146
Impad1,6,4,6,8,5,2
Ubxn2b,0,2,5,1,2,2
Sdcbp,13,21,29,33,17,26
Nsmaf,0,4,15,9,9,6
Tox,5,8,21,7,6,15
Rab2a,13,17,39,13,19,20
Chd7,5,14,28,18,24,13
Asph,1,0,1,6,2,0
2610301B20Rik,0,0,3,0,0,0
Plekhf2,3,4,8,5,4,5
Ndufaf6,0,3,0,1,1,2
Trp53inp1,4,20,23,8,10,7
Ccne2,0,1,2,0,0,0
Ints8,2,1,2,2,3,7
Dpy19l4,0,0,3,4,8,1
1110037F02Rik,4,3,17,10,4,3
Fsbp,0,0,1,0,0,0
Gem,5,5,17,9,13,4
Pdp1,1,3,0,2,2,1
Tmem67,1,0,0,1,1,0
Rbm12b2,2,2,4,1,1,2
Rbm12b1,0,2,1,0,0,1
Fam92a,1,7,10,2,12,6
Runx1t1,0,0,2,0,0,0
Otud6b,0,2,8,5,1,0
Tmem55a,0,1,6,3,4,4
Tmem64,1,12,15,8,4,5
Decr1,1,0,4,0,3,2
Nbn,1,2,1,1,0,2
Osgin2,5,0,5,5,1,6
Ripk2,4,4,8,6,9,3
Cpne3,4,12,14,8,11,18
Rmdn1,3,5,3,2,1,3
Wwp1,1,0,10,2,2,8
Ggh,4,4,17,9,7,5
Ccnc,1,6,7,3,5,4
Tstd3,1,2,0,3,2,3
Usp45,2,1,5,4,0,1
Pnisr,20,25,70,44,33,34
Coq3,0,1,1,2,2,1
Fbxl4,0,0,1,0,0,2
Mms22l,0,2,5,1,0,2
Klhl32,0,0,0,1,0,0
Ndufaf4,5,10,12,9,7,9
Gpr63,0,0,1,0,0,0
Ufl1,5,2,7,9,6,6
Fut9,0,1,0,0,0,0
Manea,2,2,0,2,3,1
Map3k7,1,3,2,3,2,3
Bach2,2,3,7,5,6,4
Bach2os,0,0,0,0,1,0
Casp8ap2,2,7,6,10,12,6
Mdn1,4,6,8,8,3,4
Lyrm2,4,3,6,0,2,2
Rragd,0,0,1,1,0,0
Ube2j1,10,8,11,10,12,7
Srsf12,0,0,0,0,2,0
Pnrc1,75,115,200,157,113,166
Rngtt,5,4,7,6,6,9
Akirin2,6,8,20,19,11,10
Orc3,2,6,9,3,3,5
Rars2,0,3,3,0,1,1
Slc35a1,1,3,5,3,1,1
Smim8,7,2,12,7,4,6
Zfp292,11,12,42,20,23,27
Mob3b,0,0,0,0,3,0
3110043O21Rik,2,1,2,5,1,0
Aco1,3,2,1,0,0,4
Ddx58,4,4,6,10,2,8
Topors,8,5,22,14,10,8
Toporsos,8,14,20,3,15,12
Ndufb6,5,10,19,18,19,15
Aptx,2,0,4,3,2,2
Gm6297,0,0,0,0,0,2
Dnaja1,55,75,219,133,114,101
Smu1,7,10,16,10,7,10
B4galt1,8,24,24,14,23,17
Bag1,14,19,37,31,23,26
Chmp5,7,15,27,19,6,18
Nfx1,1,3,8,7,6,4
Aqp3,4,7,0,1,2,5
Nol6,5,3,6,3,2,1
Ube2r2,7,12,21,9,9,20
Ubap2,3,7,14,3,6,5
Dcaf12,4,3,4,4,9,5
Ubap1,3,6,3,6,2,2
Nudt2,3,0,1,3,4,2
AI464131,0,0,2,0,0,0
1110017D15Rik,0,1,0,0,0,0
Fam219a,0,0,2,1,2,1
Enho,0,1,1,1,0,0
Cntfr,0,2,1,0,0,0
Il11ra1,0,1,0,4,0,0
Rpp25l,3,5,9,8,4,7
Dctn3,14,13,31,19,22,23
Arid3c,0,0,1,0,0,0
Sigmar1,2,3,11,8,6,4
Galt,1,2,2,4,3,2
Ccl27a,0,1,0,1,0,4
Gm20878,0,0,1,0,0,0
Dnajb5,0,0,1,1,0,1
Vcp,10,20,43,25,32,34
Fancg,0,0,4,0,0,0
Pigo,0,1,2,2,1,3
Stoml2,2,8,11,6,10,8
Fam214b,0,0,0,3,3,0
Unc13b,0,1,0,0,0,0
Rusc2,0,0,0,0,1,0
Tesk1,4,5,7,4,6,4
Cd72,4,6,4,6,3,3
Sit1,4,1,15,11,12,11
Ccdc107,11,7,27,25,13,18
Arhgef39,1,0,1,0,0,0
Gm12454,0,0,0,1,1,1
Tpm2,0,0,0,0,1,0
Tln1,17,26,53,34,31,30
Creb3,1,2,7,5,3,10
Gba2,1,2,3,0,4,3
Rgp1,1,0,1,0,2,3
Hint2,10,10,16,7,12,13
Fam221b,0,0,0,1,0,0
Tmem8b,2,0,0,0,0,0
Reck,3,1,3,0,0,1
Glipr2,13,17,62,17,23,27
Clta,61,66,111,87,76,97
Gne,1,2,7,4,1,5
Rnf38,1,1,11,11,5,6
Melk,0,0,1,0,0,0
Zcchc7,13,20,35,15,24,19
Grhpr,2,1,3,5,2,5
Zbtb5,0,2,2,1,0,1
Polr1e,1,2,1,1,3,1
Tomm5,19,17,36,24,22,20
Trmt10b,3,1,1,2,0,1
Exosc3,3,13,18,14,12,7
Dcaf10,2,2,1,0,2,1
Slc25a51,1,11,12,5,10,7
Shb,0,0,0,0,0,1
Aldh1b1,0,0,2,0,0,0
Tdrd7,0,0,2,2,0,1
Tmod1,0,0,3,1,0,0
Tstd2,0,1,5,1,1,0
Ncbp1,3,6,3,4,2,5
Xpa,4,6,6,8,6,10
Trmo,1,2,2,5,1,1
Anp32b,38,44,105,42,59,43
Nans,7,8,14,10,8,8
Trim14,2,2,3,3,4,3
Coro2a,6,5,17,4,15,6
Tbc1d2,0,2,0,0,0,0
Galnt12,0,4,5,3,2,3
Col15a1,0,0,3,1,0,0
Tgfbr1,1,1,13,25,12,5
Alg2,1,0,4,0,0,1
Sec61b,59,87,144,57,82,74
Nr4a3,42,17,76,35,42,27
Stx17,3,6,9,2,4,2
Erp44,13,6,22,7,12,24
Invs,2,2,3,1,3,6
Tex10,0,6,10,3,2,3
Msantd3,0,0,0,0,1,0
Tmeff1,0,0,1,0,0,0
Mrpl50,1,1,4,0,3,4
Zfp189,1,0,0,0,0,1
Tmem246,0,0,1,0,0,0
Rnf20,3,4,9,5,6,9
Smc2,1,1,16,4,3,3
Nipsnap3b,5,8,14,9,12,10
Abca1,0,0,5,4,4,3
Slc44a1,3,2,5,2,2,0
Fsd1l,0,0,1,0,1,0
Fktn,2,2,5,3,1,0
Tmem38b,2,3,2,3,2,2
Rad23b,5,7,17,7,10,20
Klf4,10,10,46,21,75,20
Ikbkap,2,0,1,1,2,2
Fam206a,0,1,0,1,4,2
Ctnnal1,0,0,1,0,0,0
Tmem245,3,7,7,5,2,2
Epb41l4b,0,1,0,0,1,0
Ptpn3,0,0,0,1,0,1
Palm2,0,0,1,0,0,0
D630039A03Rik,1,0,1,0,1,2
Txn1,80,53,153,68,89,64
Lpar1,0,0,6,0,2,0
AI314180,4,5,10,12,5,10
Ptgr1,1,0,1,2,1,0
Dnajc25,1,0,5,3,0,7
Gng10,1,3,3,3,2,1
Ugcg,33,19,45,37,40,33
Susd1,0,1,2,0,1,0
Ptbp3,22,33,52,46,39,39
Hsdl2,4,2,11,7,4,6
E130308A19Rik,0,0,3,0,2,1
Inip,1,2,3,0,2,0
Snx30,3,0,4,5,0,0
Slc46a2,0,1,4,0,0,0
Slc31a2,0,1,3,1,3,2
Fkbp15,1,3,6,3,5,6
Slc31a1,2,1,4,4,4,3
Cdc26,16,14,20,15,17,16
Prpf4,5,5,7,2,2,9
Wdr31,0,0,1,0,0,0
Bspry,0,0,1,4,0,0
Hdhd3,0,1,1,0,0,0
Alad,2,4,4,4,4,5
Pole3,3,5,4,2,7,5
Rgs3,9,2,8,11,19,10
Col27a1,0,0,1,0,2,2
Orm3,0,1,0,0,0,0
Akna,16,15,27,21,30,26
Whrn,0,0,0,0,2,0
Atp6v1g1,22,31,50,30,34,36
6330416G13Rik,0,0,2,3,1,2
Tnfsf8,2,9,7,12,8,12
Trim32,0,1,3,2,1,0
Tlr4,0,0,0,2,1,0
Cdk5rap2,3,3,4,2,3,1
Megf9,1,0,1,1,1,0
Tle1,0,0,10,3,0,3
Kdm4c,2,2,5,3,4,5
A230083N12Rik,0,0,1,0,1,0
Tmem261,13,8,22,14,7,12
Ptprd,0,2,16,2,1,0
Nfib,0,0,0,0,1,0
Zdhhc21,1,4,7,3,3,4
Ttc39b,11,18,23,16,16,15
Snapc3,1,1,3,2,2,5
Psip1,11,11,29,18,10,26
Ccdc171,1,1,1,3,1,0
Cntln,0,1,0,2,1,0
Sh3gl2,0,0,1,1,0,0
Adamtsl1,0,0,1,0,0,0
Rraga,4,10,15,9,11,9
Haus6,0,3,2,1,2,0
Plin2,2,5,3,2,3,2
Dennd4c,5,7,8,7,7,4
Rps6,500,624,1248,618,676,659
Acer2,0,0,1,0,1,0
Slc24a2,1,1,6,0,1,0
Mllt3,3,5,9,11,11,5
Focad,2,0,1,3,2,3
Hacd4,0,0,0,1,1,1
Klhl9,2,4,5,5,6,0
Gm26566,0,0,0,1,0,0
Gm26867,0,0,2,0,0,1
4930553M12Rik,1,0,0,0,0,0
Mtap,3,3,8,8,8,9
Cdkn2a,1,0,3,1,2,1
Cdkn2b,5,0,0,1,0,2
Dmrta1,1,0,9,2,5,2
Elavl2,0,1,0,0,0,1
Tusc1,0,2,0,0,3,1
Caap1,1,4,14,8,3,4
Plaa,2,4,9,2,6,6
Ift74,0,0,0,0,1,0
Tek,0,0,0,0,1,0
Mysm1,9,8,21,11,10,10
Jun,25,15,144,236,225,103
Junos,0,1,1,0,0,0
Hook1,0,1,1,0,4,3
Cyp2j6,0,0,1,0,2,0
E130114P18Rik,0,0,0,1,0,0
Nfia,2,1,6,4,3,3
Tm2d1,6,8,13,22,13,10
Inadl,0,0,2,1,2,0
Usp1,3,5,10,8,6,5
Dock7,0,1,0,0,1,0
Atg4c,0,0,0,3,0,0
Gm12689,1,0,0,0,0,0
Alg6,0,1,2,1,0,1
Itgb3bp,3,4,3,3,2,6
Efcab7,0,0,0,0,1,0
Pgm2,1,2,2,0,3,4
Raver2,0,0,3,0,0,0
Jak1,45,58,101,75,61,52
E130102H24Rik,2,1,11,2,2,4
0610043K17Rik,0,1,0,0,0,0
Dnajc6,0,0,0,0,1,0
Leprot,0,3,5,1,5,8
Pde4b,17,7,30,15,28,23
Sgip1,0,0,0,2,1,0
Wdr78,1,0,1,0,1,1
Mier1,15,22,56,36,26,34
Slc35d1,0,1,2,3,5,2
Gm44037,0,1,0,0,2,0
Oma1,1,1,4,4,4,2
Prkaa2,0,0,0,0,0,1
Plpp3,1,0,5,2,5,0
Usp24,6,5,8,7,2,4
Dhcr24,1,1,2,0,2,2
Pars2,1,0,1,1,0,0
Ttc4,0,4,7,3,2,7
Acot11,0,0,1,0,1,0
Ssbp3,5,6,15,7,9,7
Mrpl37,0,1,3,0,1,3
Cyb5rl,2,0,0,1,1,0
Gm12802,0,0,1,0,0,0
Tceanc2,4,1,4,1,9,0
Tmem59,24,29,61,54,35,56
Lrrc42,2,1,6,2,3,3
Hspb11,3,4,10,3,2,4
Yipf1,3,5,10,9,13,6
Ndc1,1,1,1,0,0,1
4933424M12Rik,0,0,0,0,1,0
Lrp8,1,1,2,2,1,0
Magoh,18,27,48,23,18,19
0610037L13Rik,5,1,5,4,7,3
Cpt2,1,1,2,1,2,0
Scp2,30,23,67,29,33,30
Echdc2,0,0,2,1,0,1
Zyg11b,4,6,16,5,7,11
Coa7,0,3,1,4,3,1
Gpx7,0,0,0,0,0,1
Zcchc11,22,24,62,40,36,32
Prpf38a,3,6,13,3,12,12
Cc2d1b,1,2,6,4,5,3
Btf3l4,4,4,9,9,10,4
Txndc12,2,1,6,4,0,2
A730015C16Rik,0,1,0,1,0,0
Kti12,1,7,3,4,10,4
Nrd1,5,3,18,9,14,6
Osbpl9,3,10,4,4,10,16
Eps15,4,1,5,8,4,6
Rnf11,5,6,6,12,9,7
Cdkn2c,2,4,6,6,5,3
Faf1,4,4,7,9,5,6
Dmrta2,0,0,1,0,0,0
Agbl4,0,0,1,0,0,0
Bend5,1,2,0,1,0,0
Spata6,2,4,5,3,2,2
Foxd2,0,0,1,0,0,0
Cmpk1,11,19,31,19,18,17
Tal1,0,0,2,0,0,0
Efcab14,1,7,11,6,10,6
Atpaf1,1,2,10,4,4,2
Mob3c,4,1,9,10,10,7
Mknk1,0,3,1,4,7,5
Faah,6,9,15,10,7,8
Nsun4,0,3,2,5,4,2
Uqcrh,116,133,258,155,126,160
Lrrc41,1,2,4,1,3,1
Rad54l,0,0,1,0,0,0
Pomgnt1,0,1,3,3,2,1
Pik3r3,0,0,2,2,0,0
Mast2,0,1,1,3,0,0
Ipp,0,0,1,0,1,0
Tmem69,0,1,0,0,0,1
Gpbp1l1,7,10,21,14,14,12
Ccdc17,0,1,0,0,0,0
Nasp,5,18,24,15,11,6
Akr1a1,20,19,51,32,31,28
Prdx1,29,58,96,65,56,50
Mmachc,0,1,0,1,0,0
Ccdc163,1,2,1,1,1,1
Tesk2,0,1,2,0,0,1
Toe1,0,1,6,2,1,4
Mutyh,0,0,1,1,0,0
Urod,4,6,9,2,4,2
Hectd3,0,3,6,2,0,2
Eif2b3,2,0,4,3,5,2
Btbd19,5,2,3,2,1,4
Tctex1d4,1,1,0,0,0,0
Plk3,2,9,12,20,5,11
Rps8,800,937,1888,850,1152,1123
Rnf220,4,4,19,9,10,5
Eri3,3,4,3,3,5,4
Dmap1,1,2,1,1,2,1
Gm12840,38,24,91,18,39,78
Slc6a9,0,0,2,1,2,0
Atp6v0b,16,20,45,26,29,31
Dph2,0,1,0,0,0,0
Ipo13,1,1,3,2,0,0
St3gal3,1,2,1,1,2,0
9530034E10Rik,0,1,1,0,0,0
Kdm4a,2,5,8,2,4,1
Ptprf,0,0,0,0,2,0
Szt2,1,2,1,1,0,1
Med8,4,4,9,7,5,3
Elovl1,3,3,12,7,6,15
Cdc20,0,0,0,1,0,0
Tmem125,0,0,1,0,1,0
Ebna1bp2,12,10,23,14,15,21
Slc2a1,1,2,10,6,3,5
Zfp691,0,0,3,1,0,0
Svbp,7,17,15,18,13,16
AU022252,0,1,2,0,1,1
P3h1,1,0,0,3,3,1
Ybx1,56,82,162,85,104,98
Ppih,2,5,6,3,7,6
Ccdc30,2,1,1,0,1,1
Ppcs,1,2,2,5,3,4
Zmynd12,0,1,0,0,0,0
AA415398,0,0,0,1,1,0
Foxj3,3,3,10,6,6,4
Hivep3,1,0,4,6,6,6
Scmh1,1,0,1,1,1,1
Ctps,1,2,7,5,1,1
Cited4,0,0,2,0,2,1
Nfyc,2,1,10,3,4,6
Exo5,0,1,0,0,0,1
Zfp69,0,0,1,1,0,0
Smap2,19,23,36,27,34,18
Zmpste24,3,3,7,4,1,1
Rlf,3,5,10,8,4,5
Ppt1,3,5,11,11,10,6
Cap1,11,12,44,19,18,13
Mfsd2a,0,3,1,0,1,0
Trit1,2,1,2,1,4,1
Ppie,6,7,19,10,14,7
Pabpc4,3,3,3,5,6,1
Macf1,14,33,52,29,20,23
Ndufs5,12,18,39,21,25,22
Akirin1,12,11,22,7,9,10
Gm26606,0,0,1,0,0,0
Mycbp,2,3,4,1,3,2
Rragc,6,5,11,7,2,7
Pou3f1,0,0,1,0,0,0
Utp11l,11,10,20,7,11,9
Fhl3,0,1,1,1,0,0
Sf3a3,0,7,9,8,10,9
Inpp5b,2,5,6,2,8,5
Mtf1,2,0,5,5,6,1
1110065P20Rik,1,1,4,5,2,5
Yrdc,6,10,18,7,11,6
Cdca8,1,0,1,0,0,0
Rspo1,0,0,0,2,0,0
Gnl2,3,3,10,5,4,7
Dnali1,0,1,0,0,0,0
Snip1,1,4,3,3,4,3
Meaf6,5,7,8,5,7,5
Zc3h12a,5,11,6,10,10,9
Csf3r,0,0,1,4,1,4
Mrps15,8,10,29,17,14,15
Oscp1,0,1,0,0,0,0
Lsm10,1,6,5,1,5,5
Stk40,1,4,5,3,3,8
Eva1b,3,10,7,9,7,10
Thrap3,14,14,22,22,19,18
Map7d1,3,5,6,8,5,5
Trappc3,5,4,11,4,8,8
Adprhl2,3,5,9,4,1,3
Ago3,1,1,5,8,4,5
Ago1,1,0,8,2,4,4
Ago4,0,0,0,0,0,1
Clspn,0,2,3,1,2,0
5730409E04Rik,0,0,0,1,0,1
Psmb2,24,17,44,20,22,27
Ncdn,2,2,3,1,1,3
AU040320,1,4,8,4,0,0
Zmym4,1,2,8,7,1,3
Sfpq,31,34,78,52,43,31
Zmym1,0,3,7,1,1,1
Zmym6,0,3,2,0,0,1
Gm12942,3,2,2,1,0,2
Smim12,4,4,14,5,8,9
Zscan20,0,0,1,0,2,0
Tlr12,0,1,0,0,1,0
Phc2,8,11,13,18,7,13
A3galt2,1,0,0,0,1,0
Zfp362,0,1,5,3,1,3
Trim62,1,0,2,2,0,2
Ak2,8,7,25,11,10,11
Rnf19b,7,9,15,13,29,20
Hpca,0,0,0,0,1,0
Fndc5,0,0,0,0,0,1
S100pbp,1,2,7,2,2,5
Yars,4,1,2,2,4,5
Rbbp4,22,15,38,24,25,21
Gm26722,0,1,2,0,0,0
Zbtb8os,12,5,19,11,12,7
Zbtb8a,0,0,2,3,0,1
Bsdc1,2,1,9,2,7,3
Marcksl1,0,0,3,19,15,5
Hdac1,6,7,24,23,15,18
Lck,60,65,121,63,71,118
Fam167b,0,0,1,0,0,0
Eif3i,32,41,89,38,51,40
Tmem234,22,26,47,31,39,25
Dcdc2b,1,0,0,0,0,0
Iqcc,1,2,3,1,1,2
Ccdc28b,0,0,0,0,0,1
Txlna,0,3,8,3,4,8
Kpna6,2,4,2,4,1,1
Tmem39b,2,0,1,1,0,2
Khdrbs1,13,19,32,28,26,29
Ptp4a2,23,42,54,53,50,36
Adgrb2,0,0,1,1,3,0
Col16a1,0,0,0,0,1,0
Pef1,2,2,1,3,4,1
Tinagl1,0,0,0,0,1,0
Serinc2,0,1,0,0,0,0
Zcchc17,5,4,13,5,12,7
Snrnp40,4,6,19,7,11,7
Pum1,12,13,28,11,16,21
Sdc3,2,0,1,0,0,0
Laptm5,59,94,188,153,126,148
Mecr,1,3,4,4,2,0
Srsf4,0,3,3,4,2,2
Epb41,10,7,15,12,15,7
Oprd1,0,0,1,0,0,0
Ythdf2,2,9,11,6,4,7
Gmeb1,0,2,3,7,4,2
Gm28874,0,0,2,2,0,0
Taf12,1,9,18,8,11,13
Snhg12,20,26,57,32,45,41
Trnau1ap,6,7,18,8,15,4
Rcc1,0,1,3,0,1,2
Gm17300,1,1,0,0,0,0
Phactr4,3,2,10,0,1,7
Med18,0,0,3,0,0,0
Sesn2,2,1,1,1,0,0
Atpif1,21,27,42,20,21,20
Gm12999,0,1,0,0,0,0
Dnajc8,15,29,49,22,36,29
Ptafr,5,1,0,5,6,0
Eya3,1,7,4,2,1,1
Xkr8,0,0,0,0,1,2
Smpdl3b,0,1,1,0,1,1
Rpa2,6,15,13,5,7,16
Themis2,1,0,2,1,2,2
Ppp1r8,3,2,3,1,2,2
Stx12,6,1,8,3,4,8
Fam76a,2,4,16,6,7,4
Fgr,0,1,1,0,3,0
Ahdc1,1,1,2,0,3,1
Wasf2,9,13,16,6,13,11
Sytl1,1,3,5,3,6,0
Tmem222,6,2,6,3,2,5
Wdtc1,3,4,6,1,5,3
Slc9a1,1,1,5,5,3,8
Trnp1,1,0,0,0,0,0
Nudc,10,13,31,21,30,25
Gpatch3,1,0,1,0,0,3
Gpn2,0,3,3,2,0,3
Sfn,3,2,2,4,3,1
Zdhhc18,12,11,33,16,20,19
Pigv,1,1,3,3,5,1
Arid1a,15,27,39,25,21,29
Rps6ka1,2,6,20,12,14,10
Hmgn2,14,9,25,14,12,18
Dhdds,1,1,3,1,4,3
Zfp683,0,0,1,1,0,0
Aim1l,0,0,3,1,0,0
Cd52,363,440,834,464,609,506
Ubxn11,2,1,6,1,0,0
Sh3bgrl3,137,173,344,203,211,182
Cep85,0,1,6,5,6,2
Zfp593,5,2,7,8,5,6
Pdik1l,1,1,2,1,1,0
Stmn1,5,4,66,4,10,3
Paqr7,2,2,6,3,5,4
Mtfr1l,5,14,10,21,19,11
Sepn1,0,4,5,3,8,7
Man1c1,0,0,3,2,0,2
Ldlrap1,2,4,4,5,3,4
Tmem57,3,1,7,2,7,1
Tmem50a,32,51,93,65,56,61
Rsrp1,74,79,216,164,87,63
Syf2,16,28,57,29,37,40
Runx3,19,28,67,42,48,39
Clic4,10,7,7,7,15,4
Srrm1,21,12,24,21,31,24
Ncmap,0,0,0,0,1,0
Rcan3,1,5,0,0,1,0
Nipal3,0,2,11,3,4,1
Srsf10,15,10,24,20,22,8
Pnrc2,6,7,14,15,5,14
Fuca1,12,3,24,14,9,6
Hmgcl,4,3,5,5,6,4
Gale,1,1,2,1,1,1
Lypla2,4,7,20,4,9,6
Pithd1,2,4,9,9,4,6
Tceb3,4,4,7,7,8,4
Gm24362,0,0,0,3,0,1
Rpl11,590,678,1350,711,819,808
Id3,1,5,4,0,0,0
E2f2,0,1,1,2,0,1
Asap3,0,1,1,1,0,0
Zfp46,0,0,1,0,0,1
Hnrnpr,7,8,20,20,21,16
Luzp1,1,2,2,2,6,1
Kdm1a,5,8,11,14,8,6
Ephb2,0,0,0,0,1,0
C1qb,5,10,67,254,92,72
C1qc,2,2,42,128,86,44
C1qa,4,6,63,235,94,75
Zbtb40,0,0,1,1,1,0
Cdc42,58,67,169,107,99,91
2810405F17Rik,0,0,3,1,4,0
Usp48,4,9,21,9,17,10
Rap1gap,0,1,1,0,2,1
Ece1,3,3,0,1,0,3
Gm13012,0,1,0,1,1,0
Eif4g3,6,11,23,10,11,9
Hp1bp3,8,16,59,30,21,24
Sh2d5,0,0,0,0,2,0
Ddost,7,14,30,22,19,28
Pink1,3,13,9,5,8,14
Mul1,1,3,4,2,1,4
Camk2n1,16,13,29,37,27,36
Tmco4,0,1,2,0,0,1
Nbl1,0,0,0,1,0,0
Minos1,16,26,55,30,26,28
Gm16287,0,0,1,0,0,0
Capzb,21,37,84,39,54,50
Pqlc2,0,2,2,0,0,2
Akr7a5,1,4,3,5,1,11
Mrto4,5,10,10,6,12,8
Emc1,2,2,9,2,5,2
Ubr4,7,4,15,6,6,8
2700016F22Rik,0,1,3,0,0,0
Iffo2,2,2,1,2,3,1
Aldh4a1,0,1,4,2,2,0
Arhgef10l,0,1,0,1,0,0
Rcc2,9,8,29,12,18,11
Padi2,5,4,13,11,13,15
Gm13031,0,0,1,1,1,0
Sdhb,12,15,26,23,23,17
Atp13a2,1,2,2,4,2,0
Crocc,0,1,0,0,1,0
Necap2,4,5,10,16,12,7
Szrd1,7,5,10,7,7,5
4921514A10Rik,0,1,0,0,0,0
Fbxo42,1,6,6,1,1,4
Rsg1,0,1,0,0,0,0
Arhgef19,0,0,1,0,0,0
Epha2,0,0,0,0,4,0
Gm13075,1,0,0,0,0,0
Zbtb17,0,0,1,2,2,0
Spen,3,8,13,4,6,2
Plekhm2,0,1,3,2,5,2
Ddi2,1,4,6,5,6,6
Dnajc16,1,0,0,0,2,2
Casp9,0,1,3,4,1,0
Efhd2,23,14,55,36,38,34
Tmem51,0,0,0,0,2,0
Kazn,0,0,1,0,0,0
Prdm2,3,5,8,7,4,4
Pramef8,0,5,1,1,2,3
Dhrs3,0,1,1,3,2,1
Vps13d,4,4,11,1,7,1
Tnfrsf1b,18,19,33,24,23,20
Gm13212,3,2,3,2,2,4
Gm13166,1,0,0,0,1,0
Gm13251,0,2,1,2,0,2
Gm13139,1,0,0,0,1,1
Gm13151,0,0,0,0,0,1
Gm13152,0,0,0,0,1,0
Gm13154,0,0,4,0,0,1
Gm13157,1,1,2,3,3,5
Gm20707,0,1,1,0,2,1
Zfp933,0,0,0,0,1,2
Miip,1,7,7,5,2,3
Fv1,0,0,0,1,0,0
Mfn2,2,1,5,2,4,2
Plod1,0,2,4,7,2,4
2510039O18Rik,1,8,14,15,7,10
Clcn6,0,1,1,0,1,0
Mthfr,0,0,0,2,1,0
Agtrap,0,4,0,1,4,3
Mad2l2,0,3,5,1,2,1
Fbxo6,4,5,8,4,3,6
Fbxo44,1,1,2,2,0,0
Fbxo2,0,3,1,0,1,1
Ubiad1,0,2,1,1,2,1
Mtor,0,0,2,2,2,1
Angptl7,0,0,0,1,0,0
Exosc10,5,3,8,5,5,8
Srm,6,3,9,8,7,7
Tardbp,9,12,18,14,14,13
Casz1,0,1,2,3,2,1
Gm13205,0,0,0,0,0,1
Pex14,0,0,3,2,3,3
Dffa,0,0,2,2,6,0
Apitd1,0,0,1,0,2,0
Pgd,7,5,6,6,7,3
Kif1b,1,10,12,14,12,3
Ube4b,3,3,3,4,6,1
Nmnat1,1,0,0,2,0,1
Lzic,2,4,6,2,4,6
Ctnnbip1,2,1,6,5,2,5
Clstn1,2,3,5,4,2,2
Pik3cd,16,16,39,24,32,26
Tmem201,0,0,2,2,1,0
Slc25a33,4,3,3,0,3,2
Spsb1,2,0,5,6,4,7
H6pd,0,0,5,0,5,1
Gpr157,0,0,0,1,1,0
Slc2a5,0,0,4,7,4,3
Eno1,36,45,101,59,82,82
Rere,3,5,8,6,1,5
Errfi1,7,9,19,8,9,6
Park7,31,57,95,53,59,56
Tnfrsf9,3,0,2,1,2,0
Camta1,3,6,5,5,5,5
Per3,0,0,1,3,5,0
Vamp3,3,4,23,12,9,2
Dnajc11,2,0,3,3,4,1
Thap3,10,11,19,9,10,12
Phf13,0,6,1,1,5,2
Klhl21,3,5,4,4,4,4
Zbtb48,0,0,3,0,1,1
Nol9,1,1,1,3,3,1
Plekhg5,1,0,1,1,1,0
Tnfrsf25,0,3,2,3,1,1
Espn,0,1,0,1,0,1
Acot7,2,3,17,6,6,9
Gpr153,1,0,0,0,0,0
Icmt,1,0,0,1,0,1
Rpl22,444,502,960,399,570,551
Kcnab2,6,2,11,3,7,8
A430005L14Rik,3,2,9,4,3,2
Dffb,0,1,1,1,0,0
Cep104,0,2,0,4,1,0
Lrrc47,2,2,8,4,4,4
Smim1,0,1,2,1,1,0
Wrap73,2,3,2,0,4,3
Tprgl,24,30,54,24,29,40
Prdm16,0,0,0,1,0,0
Fam213b,0,0,2,3,1,1
Tnfrsf14,0,1,0,0,0,1
Hes5,0,1,0,0,0,0
Pank4,0,0,4,1,0,1
Pex10,2,1,0,0,0,2
Rer1,18,26,59,28,19,27
Ski,7,7,18,21,13,9
Faap20,2,5,11,3,8,5
Prkcz,3,8,21,11,12,13
Gm27200,1,0,0,0,0,0
Gabrd,0,0,0,0,1,0
Cfap74,0,0,0,0,3,2
Tmem52,0,0,1,0,0,0
Gnb1,22,27,37,18,22,30
Nadk,3,3,9,8,7,9
Slc35e2,2,4,5,3,4,3
Cdk11b,13,16,20,22,14,16
Mib2,2,3,3,1,3,7
B930041F14Rik,3,1,3,1,1,1
Ssu72,12,16,26,21,16,17
1500002C15Rik,0,0,1,1,0,0
Tmem240,0,2,1,2,0,1
Atad3a,0,2,0,2,3,5
Atad3aos,0,1,2,0,0,1
Tmem88b,1,0,6,0,5,1
Mrpl20,9,12,37,16,12,10
Ccnl2,12,15,27,18,12,18
Aurkaip1,16,14,42,22,21,18
Mxra8,0,0,0,0,1,0
Dvl1,1,3,4,4,3,1
Cptp,0,0,1,0,0,1
Cpsf3l,2,2,8,9,3,4
Pusl1,3,2,3,1,0,1
Acap3,2,1,2,1,0,0
Ube2j2,10,12,19,13,14,6
Fam132a,0,4,4,1,2,1
B3galt6,0,2,0,3,1,1
Sdf4,23,31,47,36,32,36
Tnfrsf4,7,38,1,13,2,0
Tnfrsf18,7,32,27,18,13,25
9430015G10Rik,0,0,2,1,1,0
Agrn,0,0,3,0,2,0
Isg15,12,8,16,7,8,24
AW011738,0,4,4,3,2,1
Klhl17,0,1,0,0,1,2
Noc2l,3,6,18,18,8,9
Cdk6,14,6,28,35,24,28
Gm17590,1,0,1,0,1,0
Fam133b,7,6,19,11,19,16
1700109H08Rik,1,0,1,0,0,0
Rbm48,2,3,5,3,0,10
2510017J16Rik,0,0,1,0,0,0
Pex1,0,2,0,0,0,2
4833413G10Rik,0,0,1,1,0,0
Gatad1,4,6,24,12,18,10
Ankib1,5,2,13,4,6,7
Krit1,14,16,34,23,22,17
Mterf1a,2,5,0,1,4,0
Akap9,6,12,25,12,16,16
Cyp51,1,2,2,3,4,1
Mterf1b,0,1,1,1,0,0
Cdk14,0,2,1,2,0,0
1700015F17Rik,0,0,0,0,1,0
Cldn12,0,0,1,2,0,0
Gtpbp10,2,0,0,4,5,1
Steap1,1,0,0,0,0,0
Gm26825,0,0,2,1,0,0
Sri,45,51,90,40,55,43
Dbf4,1,8,21,9,10,9
Slc25a40,5,5,10,6,11,7
Rundc3b,1,5,4,1,5,5
Abcb1a,3,5,12,9,10,10
Abcb1b,13,11,23,13,19,18
Abcb4,0,0,1,1,1,2
Crot,4,10,12,9,12,16
Tmem243,10,15,19,17,20,11
Dmtf1,4,7,12,9,13,6
9330182L06Rik,0,0,0,1,0,0
Gm8857,0,1,0,0,0,0
Sema3d,0,0,0,1,0,0
Cd36,3,0,0,0,0,0
Gnai1,1,0,2,1,0,0
4921504A21Rik,0,0,0,0,1,0
Magi2,0,3,1,0,1,1
Phtf2,0,2,4,0,0,1
Tmem60,3,4,8,4,6,5
Rsbn1l,22,22,46,32,29,33
A630072M18Rik,0,6,6,4,9,7
Ptpn12,2,0,2,1,5,2
Gsap,4,3,8,6,4,5
Ccdc146,0,0,0,0,1,0
Fgl2,31,22,59,42,50,47
Fam185a,1,1,1,0,1,1
Fbxl13,0,0,0,0,1,0
Lrrc17,0,1,0,0,0,0
Armc10,1,6,9,3,6,7
Napepld,0,0,0,1,0,0
Pmpcb,6,9,13,7,7,8
Dnajc2,10,9,28,21,11,15
Psmc2,12,6,21,17,9,17
Orc5,0,1,2,0,0,2
Lhfpl3,0,0,1,1,0,0
5031425E22Rik,8,10,19,12,9,15
Kmt2e,23,26,45,46,28,39
Srpk2,10,22,33,20,27,18
Pus7,3,0,2,3,2,2
Rint1,1,5,4,4,5,6
Tomm7,53,69,125,49,114,75
2700038G22Rik,1,4,2,1,4,2
Fam126a,0,2,6,2,2,3
Klhl7,0,2,2,2,4,1
Nupl2,0,0,1,0,1,1
Kcnh2,1,0,0,0,0,0
Nos3,0,0,1,0,0,0
Abcb8,1,0,1,1,1,0
Cdk5,5,3,12,3,4,6
Slc4a2,2,3,4,1,5,3
Fastk,3,5,9,2,6,5
Tmub1,2,0,4,4,4,4
Agap3,2,0,6,2,2,4
Abcf2,2,3,6,5,4,6
Chpf2,1,3,6,2,4,3
Smarcd3,0,0,1,0,0,0
Nub1,8,9,16,8,12,17
Gm26648,0,0,0,0,0,1
Rheb,19,25,44,43,27,22
Prkag2,1,0,3,0,2,3
1500035N22Rik,0,1,0,0,1,0
Galnt11,5,7,9,6,12,0
Kmt2c,10,11,24,20,14,8
4831440E17Rik,0,0,0,0,2,1
1700096K18Rik,0,2,1,2,2,0
Xrcc2,0,0,1,3,0,0
Actr3b,1,0,0,0,3,0
Dpp6,0,1,0,0,0,0
Paxip1,2,0,8,1,4,3
Insig1,2,1,5,1,3,3
Rbm33,8,13,12,15,13,5
Rnf32,1,1,0,0,0,0
Lmbr1,1,1,1,0,1,0
Nom1,5,3,5,7,4,2
Ube3c,4,2,7,5,7,6
Gm5129,0,0,0,1,0,0
Dnajb6,23,31,54,40,40,38
Il6,1,0,0,0,0,0
Tyms,1,2,15,1,2,1
3110082J24Rik,0,1,0,0,0,0
Hadha,7,13,16,16,14,17
Hadhb,10,15,27,16,15,23
Ept1,3,3,10,4,1,2
Drc1,0,0,2,0,0,0
1700001C02Rik,0,0,0,0,1,0
Slc35f6,3,0,0,3,1,3
Cenpa,12,14,11,4,4,5
Dpysl5,0,0,1,0,0,0
Mapre3,0,0,1,2,2,0
Tmem214,1,0,3,3,5,0
Agbl5,1,0,1,2,4,0
Ost4,37,44,88,37,66,45
Khk,1,1,1,5,3,3
Preb,3,7,13,6,8,6
Slc5a6,0,0,0,0,1,2
Atraid,4,13,16,10,13,11
Cad,0,1,1,2,6,3
Mpv17,2,2,10,4,4,3
Gm29609,0,0,0,0,1,0
Gtf3c2,2,6,6,6,3,10
Eif2b4,4,2,6,3,4,4
Snx17,8,5,21,18,13,13
Zfp513,1,0,3,1,0,5
Ppm1g,16,25,32,23,22,30
Gm9970,0,0,1,0,0,0
Nrbp1,10,15,22,6,11,17
Krtcap3,2,2,4,2,2,2
Ift172,2,0,0,0,0,1
Fndc4,0,0,1,0,0,0
Zfp512,1,4,15,3,15,13
Gpn1,3,2,10,5,5,3
Supt7l,0,2,3,1,1,0
Slc4a1ap,2,2,9,3,5,5
Gm43660,0,0,0,0,1,0
Mrpl33,20,43,71,37,53,32
Rbks,0,0,1,1,1,3
Bre,6,8,16,11,6,9
Fosl2,44,62,116,73,51,46
Ppp1cb,15,9,25,24,12,11
Gm15614,0,0,1,0,0,0
Yes1,9,6,12,3,3,2
Pisd,1,1,3,7,6,4
Prr14l,1,0,1,4,3,1
Depdc5,3,3,3,3,1,0
Ywhah,15,22,44,22,40,42
Ctbp1,12,17,32,15,21,9
Gm20465,1,0,0,0,0,0
Maea,5,6,13,13,9,9
Uvssa,3,0,4,6,3,3
Fam53a,2,8,16,8,5,11
Slbp,9,11,35,26,19,23
Tmem129,2,2,2,1,0,3
Tacc3,0,0,3,1,1,1
Fgfr3,0,0,1,1,0,0
Letm1,5,6,9,11,5,8
Whsc1,3,1,9,6,5,2
Nelfa,3,2,6,1,2,4
Gm1673,1,2,1,2,3,0
Poln,0,0,0,0,0,1
Haus3,4,3,10,6,9,5
Mxd4,15,9,33,19,31,28
Zfyve28,1,0,4,1,0,0
Rnf4,3,8,15,16,12,11
Fam193a,3,10,13,3,6,10
Tnip2,1,0,2,2,1,0
Sh3bp2,0,0,0,3,1,4
Add1,5,7,19,14,10,8
Mfsd10,2,7,7,7,6,7
Nop14,6,3,14,9,11,11
Grk4,0,2,2,0,0,0
Htt,3,5,14,8,3,7
Rgs12,1,0,1,0,0,1
Hgfac,0,0,1,0,0,0
Lrpap1,1,4,8,12,7,9
Trmt44,0,0,0,1,0,0
Acox3,0,1,2,3,2,1
Htra3,0,0,0,0,1,0
Sh3tc1,0,0,3,0,1,0
Ablim2,1,0,0,0,0,0
Afap1,1,1,1,0,2,0
2210406O10Rik,1,0,1,0,0,0
Grpel1,10,12,27,15,11,13
Tada2b,0,3,2,4,2,1
Tbc1d14,5,3,0,8,3,6
D5Ertd579e,6,4,6,7,6,4
Bloc1s4,5,5,6,1,3,7
Mrfap1,19,32,48,40,30,39
Man2b2,4,2,2,5,3,1
Ppp2r2c,0,0,7,1,2,5
Wfs1,0,0,1,1,3,1
Jakmip1,10,15,29,14,17,33
Crmp1,3,2,2,0,1,1
Evc,0,0,1,0,0,0
Stx18,1,4,5,6,4,1
Nsg1,0,1,0,0,0,0
Zbtb49,0,2,0,1,1,1
Lyar,6,7,15,9,6,6
Tmem128,11,11,25,21,13,16
Slc2a9,0,1,0,2,2,0
Wdr1,8,10,38,20,21,28
Zfp518b,0,0,1,0,0,0
Clnk,0,1,1,0,0,0
Hs3st1,0,0,36,1,2,1
Rab28,4,2,17,5,6,5
Bod1l,15,17,40,19,29,29
Cpeb2,4,1,7,5,3,2
Cc2d2a,0,0,0,0,1,0
Fbxl5,6,6,15,9,11,9
Gm42555,0,1,1,0,0,0
Bst1,0,1,0,0,0,0
Cd38,3,1,2,5,6,6
Tapt1,4,2,14,5,3,0
Qdpr,9,4,33,10,11,15
Gm42413,0,0,1,0,0,0
Lap3,1,4,15,13,4,7
Med28,11,8,27,18,27,28
Ncapg,0,0,1,0,1,0
Lcorl,4,1,7,3,3,6
Pacrgl,0,1,2,0,3,4
Adgra3,0,0,0,0,1,0
Dhx15,10,21,22,12,13,13
Sepsecs,0,1,2,1,0,1
Pi4k2b,0,3,0,0,3,1
Zcchc4,0,0,3,2,1,2
Anapc4,1,4,1,7,5,3
Smim20,3,5,7,6,9,5
Rbpj,11,5,16,15,19,7
Tbc1d19,0,0,1,0,2,1
Stim2,4,7,9,6,4,9
Pcdh7,0,0,1,0,0,0
Gm43042,0,0,0,0,1,0
Arap2,8,24,28,12,18,10
0610040J01Rik,0,0,0,1,0,0
Rell1,5,0,9,4,5,3
5830416I19Rik,0,0,1,0,0,4
Pgm1,2,4,4,2,2,4
Tbc1d1,10,7,20,4,8,10
Klf3,14,21,31,9,7,5
Tlr1,1,0,0,0,2,1
Tlr6,0,0,0,1,0,0
Fam114a1,2,0,2,1,0,0
Tmem156,0,2,4,3,2,2
Klhl5,0,0,1,3,1,1
Wdr19,0,0,0,0,1,1
Rfc1,2,3,22,7,4,6
Rpl9,894,973,2003,1105,1029,1241
Lias,4,2,4,1,4,7
Ugdh,0,5,4,5,3,7
Smim14,12,7,32,32,14,26
Ube2k,7,17,29,12,6,15
Gm42726,1,0,0,0,0,0
Pds5a,11,7,15,8,13,6
N4bp2,1,2,6,1,2,4
Rhoh,38,34,75,47,52,53
Rbm47,0,2,0,1,2,1
Nsun7,0,1,0,0,0,1
Apbb2,0,0,2,3,0,1
Uchl1,0,1,0,0,0,0
Limch1,1,0,1,0,0,0
Gm42670,0,1,3,1,0,0
Tmem33,7,9,15,12,6,19
Slc30a9,0,6,3,3,6,5
Gm43698,1,0,0,0,0,2
Bend4,3,2,3,7,3,8
Gm26756,0,0,1,1,0,0
Atp8a1,0,4,7,12,6,2
Gm15478,0,0,1,0,0,0
Guf1,1,0,3,2,3,5
Gnpda2,4,6,7,11,5,5
Gabrg1,0,0,0,0,1,0
Gabra2,0,0,0,0,1,0
Commd8,12,9,23,23,19,14
Nfxl1,0,1,1,2,4,0
Nipal1,0,1,0,2,0,0
Txk,20,37,81,15,36,24
Tec,1,2,5,4,1,1
Slain2,5,7,8,8,6,9
Fryl,15,23,32,18,21,26
Ociad1,12,15,35,16,9,19
Dcun1d4,1,1,1,3,1,4
Sgcb,0,1,3,3,5,1
Usp46,0,1,2,1,1,1
Dancr,0,1,0,0,0,0
Rasl11b,0,0,7,3,2,2
Scfd2,0,0,0,1,0,2
Fip1l1,8,11,22,10,12,15
Chic2,19,15,49,23,22,17
Pdgfra,0,0,0,0,1,0
Kit,0,0,3,0,0,0
Srd5a3,1,1,7,6,4,8
Tmem165,4,3,18,8,9,9
Clock,5,4,9,5,6,8
Gm7467,0,0,0,0,1,0
Exoc1,4,2,1,4,3,1
Cep135,1,5,1,2,0,3
Aasdh,0,0,2,4,0,0
Ppat,3,4,9,3,2,1
Paics,3,7,18,5,13,8
Srp72,11,8,19,13,16,15
Hopx,28,24,63,29,35,27
Hopxos,1,5,1,0,1,2
Rest,7,4,19,8,9,6
Noa1,2,1,3,4,4,1
Polr2b,2,8,11,9,6,5
Igfbp7,0,0,1,0,0,2
Adgrl3,0,0,0,0,1,0
Cenpc1,1,2,1,2,3,1
Stap1,14,20,27,13,21,16
Uba6,3,3,11,4,3,7
Ythdc1,12,21,49,29,21,29
Utp3,0,12,22,9,12,9
Rufy3,1,0,3,2,3,4
Grsf1,2,3,8,3,1,6
Mob1b,4,2,6,6,2,1
Dck,2,5,4,3,2,2
Slc4a4,0,1,0,1,0,0
Cox18,1,4,5,4,2,6
Ankrd17,9,8,24,25,18,14
Gm9958,0,0,0,0,0,1
Ppbp,0,0,0,0,0,25
Pf4,0,0,0,0,0,40
Cxcl2,0,2,1,1,0,0
Mthfd2l,0,0,4,2,1,1
Areg,3,4,12,4,4,3
Parm1,0,0,2,0,1,0
Rchy1,8,7,27,13,24,12
Cdkl2,0,0,0,0,2,1
G3bp2,16,21,53,36,34,32
Uso1,4,9,9,7,10,4
Naaa,4,0,6,4,1,4
Sdad1,0,4,4,5,2,2
Art3,1,0,0,0,0,0
Cxcl10,1,4,15,3,13,2
Nup54,4,4,5,5,3,0
Scarb2,3,9,14,9,7,10
Stbd1,1,0,0,0,0,0
Sept11,7,13,22,12,11,5
Ccni,14,17,22,18,20,35
2010109A12Rik,0,1,1,0,2,0
Ccng2,8,7,12,13,4,12
Cnot6l,30,26,49,31,18,25
Mrpl1,1,3,6,3,1,3
Anxa3,8,0,7,26,13,5
Gm9484,0,0,1,1,0,1
Bmp2k,1,0,8,8,10,6
Paqr3,0,2,0,1,1,0
Antxr2,1,6,3,1,2,3
Rasgef1b,1,0,2,1,1,0
A930011G23Rik,0,1,2,0,1,1
Hnrnpd,10,21,45,38,29,15
Gm17092,0,0,0,0,1,0
4930524J08Rik,0,0,1,0,0,0
Hnrnpdl,21,22,50,24,33,20
Enoph1,0,0,2,2,1,0
Sec31a,4,8,8,3,6,4
5430416N02Rik,3,0,10,4,3,1
Lin54,3,3,7,12,9,10
Cops4,5,6,14,10,12,7
Plac8,60,9,63,48,75,61
Coq2,6,6,7,4,7,4
Hpse,0,0,1,0,3,0
Helq,0,1,0,0,1,1
Mrps18c,10,15,23,14,12,14
Fam175a,1,0,1,2,3,0
Cds1,1,0,1,1,2,0
Wdfy3,1,1,0,0,1,1
Arhgap24,0,0,0,1,1,0
Mapk10,2,0,1,0,0,0
Ptpn13,0,2,15,5,1,2
Aff1,5,5,5,3,8,4
Klhl8,3,0,0,0,0,1
Hsd17b11,5,3,10,5,6,5
Nudt9,2,7,11,4,6,5
Sparcl1,2,0,5,1,5,0
Dmp1,0,0,1,0,0,0
Spp1,0,0,0,0,1,0
Pkd2,0,1,1,1,0,0
BC005561,3,5,16,16,7,4
D930016D06Rik,0,1,3,2,0,3
Abcg3,1,0,1,0,0,0
Gbp8,7,6,11,9,10,10
Gbp9,2,1,7,7,0,3
Gbp4,16,11,17,15,9,22
Gbp6-1,2,4,4,6,1,2
Lrrc8b,0,0,6,0,0,0
Lrrc8c,7,7,12,9,15,8
Lrrc8d,2,6,13,9,8,2
Zfp326,4,9,15,6,6,3
Zfp644,8,12,19,16,19,13
Cdc7,0,0,3,1,1,0
Tgfbr3,1,2,3,3,3,2
Ephx4,0,0,0,0,0,1
Btbd8,0,0,1,0,0,0
A830010M20Rik,0,0,3,0,0,2
Glmn,3,2,8,1,6,1
Rpap2,1,2,5,2,0,4
A930041C12Rik,0,1,0,0,0,1
Gm26692,0,0,0,2,0,0
Gfi1,1,2,10,2,2,4
Evi5,0,0,3,0,1,1
Rpl5,452,529,1003,584,620,597
Fam69a,4,6,7,7,7,7
Mtf2,4,11,8,6,10,4
Tmed5,13,26,36,25,28,26
Ccdc18,0,0,1,0,0,0
Dr1,2,5,12,6,6,3
Pigg,0,0,0,0,2,0
Gm10419,1,0,0,0,0,0
Atp5k,31,46,79,26,51,37
Pcgf3,2,0,3,3,3,2
Cplx1,0,0,1,0,0,0
Gak,5,2,11,5,4,6
Tmem175,1,1,2,0,3,3
Dgkq,0,0,0,1,1,0
Idua,0,1,1,3,2,0
Fgfrl1,1,0,0,1,0,0
Crlf2,8,20,18,14,24,17
5430403G16Rik,0,2,1,2,2,4
4930522L14Rik,0,0,3,3,2,1
Gm26808,0,1,0,0,0,0
Gm15446,0,2,3,0,1,2
Zfp932,1,2,4,1,1,3
Plcxd1,0,1,0,0,0,0
Gtpbp6,1,3,5,5,4,3
Zfp605,0,0,0,0,0,1
Chfr,5,3,9,6,13,7
Golga3,1,2,2,2,4,4
Ankle2,1,2,6,2,1,3
Pgam5,0,6,7,4,4,3
Pxmp2,0,1,0,0,1,0
Pole,0,0,2,0,1,0
Fbrsl1,5,3,6,7,8,3
A630023P12Rik,1,1,0,0,0,0
Galnt9,0,1,1,0,0,1
Noc4l,3,4,2,3,4,5
Ddx51,0,1,4,0,0,2
Ep400,7,10,18,11,10,9
Pus1,4,2,6,3,5,4
Ulk1,2,1,2,1,2,0
Hscb,8,5,16,7,10,4
Chek2,0,0,3,2,0,1
Ttc28,2,4,8,4,2,4
Pitpnb,2,3,14,3,4,5
Cryba4,0,0,1,3,2,3
Crybb1,0,0,6,10,3,2
Tpst2,16,26,35,23,28,44
Tfip11,3,4,8,5,2,4
Srrd,1,0,4,6,3,3
Hps4,4,2,7,5,4,5
Asphd2,0,0,2,1,0,0
Myo18b,0,0,1,0,0,0
Adrbk2,2,0,0,0,2,1
Crybb3,0,0,0,0,1,0
2900026A02Rik,0,0,1,1,1,1
Wscd2,0,2,3,2,1,0
Cmklr1,0,0,0,1,1,2
Ficd,0,2,1,1,1,2
Sart3,2,1,3,2,2,2
Iscu,13,8,12,18,13,19
Tmem119,1,2,11,15,15,8
Selplg,78,94,232,147,145,186
Coro1c,3,3,8,1,8,6
Ssh1,3,3,5,3,5,5
Usp30,0,0,1,0,3,2
Alkbh2,0,2,2,2,1,0
Ung,3,2,4,2,2,2
Kctd10,4,9,13,7,7,8
Ube3b,1,3,4,2,4,3
Mmab,2,1,2,1,1,0
Mvk,1,1,1,0,1,1
Fam222a,0,1,2,1,0,0
Trpv4,0,0,0,0,1,0
Gltp,10,15,28,13,11,11
Tchp,1,1,3,3,2,3
Git2,13,12,27,32,25,26
4930515G01Rik,0,0,1,0,0,1
Ankrd13a,2,12,7,6,7,5
1500011B03Rik,2,1,2,2,3,3
2610524H06Rik,1,5,6,2,1,1
Oasl2,2,0,0,1,0,3
Gm13822,0,0,2,0,0,0
Oasl1,0,0,0,0,1,3
2210016L21Rik,3,4,9,8,11,9
Sppl3,3,5,17,7,12,15
Acads,7,9,15,13,8,6
Unc119b,3,5,8,5,7,3
Mlec,3,9,19,11,8,7
Pop5,9,14,25,17,15,5
Rnf10,4,14,14,6,7,17
Coq5,2,7,6,4,7,5
Dynll1,35,57,90,53,48,70
Gm13830,0,0,0,0,1,0
Srsf9,9,15,28,22,19,15
Gatc,0,2,1,0,0,0
Triap1,4,2,9,9,3,3
Cox6a1,36,37,78,39,62,40
Msi1,0,0,0,0,1,0
Pla2g1b,0,0,0,0,0,1
Sirt4,1,0,3,1,0,0
Pxn,5,1,4,5,4,6
Rplp0,757,1112,1832,941,1000,1141
Gcn1l1,4,4,8,6,7,1
1110006O24Rik,0,0,1,0,0,0
Rab35,8,5,9,11,11,10
Ccdc64,0,4,6,1,2,1
Cit,1,0,1,0,1,0
Gm14508,0,0,1,2,0,0
Prkab1,1,5,3,8,4,6
Gm13842,0,0,2,0,0,0
Hspb8,0,1,0,0,0,0
Suds3,9,3,22,5,13,18
9530046B11Rik,0,0,0,0,0,1
Taok3,4,7,16,8,17,15
Pebp1,25,38,70,35,50,42
BC051077,0,0,1,0,2,0
Vsig10,0,0,1,0,0,0
Wsb2,3,4,2,8,4,4
Rfc5,0,0,5,1,0,3
Ksr2,0,0,0,0,1,0
Fbxo21,4,2,4,2,5,3
Tesc,8,5,7,13,11,13
Fbxw8,1,1,6,0,1,2
2410131K14Rik,1,1,1,4,1,3
Med13l,6,5,9,7,6,11
Tbx3,0,0,0,0,1,0
Rbm19,0,2,2,0,1,0
Sdsl,0,0,0,0,1,0
Plbd2,1,6,6,10,8,3
Slc8b1,0,2,0,3,3,0
Tpcn1,1,3,3,2,4,5
Ddx54,5,6,11,7,13,8
Rasal1,0,0,1,0,0,0
Dtx1,3,0,1,0,5,6
Oas3,4,2,8,6,2,11
Oas1c,0,1,2,1,2,3
Oas1a,4,3,3,2,1,6
Ptpn11,7,3,13,5,7,4
Rpl6,517,577,1296,595,837,811
Gm15800,3,3,7,2,3,3
Trafd1,10,5,4,9,6,13
Naa25,2,0,6,4,5,2
Erp29,15,14,32,28,32,18
Mapkapk5,1,1,4,1,0,1
Aldh2,2,2,4,2,4,2
Acad12,0,0,1,3,0,0
Acad10,0,0,1,1,0,2
Brap,2,14,10,8,2,4
Atxn2,3,3,9,3,6,7
Gm16552,0,0,1,0,0,0
Sh2b3,6,1,6,7,8,2
Fam109a,0,0,0,0,1,0
Ppp1cc,18,34,71,35,41,34
Hvcn1,8,3,5,10,5,7
Tctn1,0,0,0,1,0,1
Pptc7,6,5,12,9,9,5
Rad9b,0,0,1,1,0,2
Vps29,12,14,38,13,15,15
Fam216a,1,5,9,5,0,1
Gpn3,9,7,19,6,9,3
Arpc3,68,81,156,83,77,107
Anapc7,5,2,3,5,2,1
Atp2a2,4,7,22,14,11,5
Ift81,0,0,0,1,0,0
P2rx7,3,0,12,4,4,5
P2rx4,1,7,8,11,9,8
Camkk2,0,3,7,3,3,2
Anapc5,4,8,29,21,22,14
Rnf34,2,6,6,11,1,5
Kdm2b,9,8,13,10,15,8
A930024E05Rik,3,2,11,2,5,5
Gm2479,0,0,0,0,0,1
Orai1,8,20,36,19,20,15
Rhof,9,9,20,10,7,8
AI480526,3,4,12,3,12,3
Gm38102,0,1,0,0,0,0
4932422M17Rik,0,0,4,0,0,0
Setd1b,9,9,19,6,8,9
Psmd9,2,2,11,9,6,7
Wdr66,0,0,0,1,1,0
Gm15860,0,0,0,1,1,1
Bcl7a,3,2,5,3,1,4
Gm15747,1,0,0,0,1,0
Mlxip,2,1,4,5,2,4
Diablo,7,5,17,7,12,7
Vps33a,1,0,1,4,0,3
Clip1,8,4,10,12,8,10
Zcchc8,1,3,7,4,4,2
Rsrc2,21,30,53,36,41,35
Kntc1,0,0,1,0,0,0
Hcar2,0,0,0,1,1,0
Denr,9,14,40,16,26,15
Ccdc62,0,0,0,0,0,2
Hip1r,2,8,8,6,5,10
Vps37b,64,73,242,126,119,97
Gm34086,0,0,0,0,1,0
Abcb9,0,1,8,3,4,1
Gm16001,0,0,0,1,0,0
Ogfod2,3,0,2,3,3,4
Arl6ip4,8,2,15,14,5,13
Pitpnm2,2,0,4,0,1,0
Mphosph9,0,1,5,4,2,2
2810006K23Rik,2,1,5,3,2,3
Cdk2ap1,8,13,26,21,13,17
Sbno1,17,11,25,16,21,16
Setd8,5,8,17,12,6,11
Rilpl2,6,13,18,17,14,9
Snrnp35,3,1,2,0,0,0
Rilpl1,0,0,4,3,2,2
Tmed2,26,35,66,59,59,64
Ddx55,0,5,7,5,8,3
Eif2b1,1,0,5,3,2,2
Gtf2h3,3,2,5,3,0,7
Atp6v0a2,1,5,12,9,13,8
Ccdc92,4,6,6,4,4,2
Zfp664,2,1,6,1,6,5
Ncor2,5,4,10,3,11,9
Scarb1,1,0,2,0,0,0
Ubc,116,146,411,265,266,182
Gm10382,0,0,1,0,2,0
Dhx37,0,1,1,1,1,0
Bri3bp,1,2,7,7,6,5
Aacs,0,1,2,2,4,2
Tmem132b,0,0,1,1,0,0
Slc15a4,3,2,7,6,9,6
Tmem132d,0,1,0,0,0,0
Gm42500,0,1,0,0,1,0
Stx2,1,2,1,2,2,3
Ran,24,51,88,45,54,42
Adgrd1,0,0,0,0,1,0
Sfswap,1,6,8,9,7,5
Mmp17,0,0,2,1,0,0
Zfp11,0,0,0,1,0,1
Mrps17,5,11,12,6,10,6
Gbas,3,1,3,10,2,3
Psph,2,6,19,9,11,6
Sumf2,2,2,3,3,3,0
Phkg1,0,0,1,0,0,0
Chchd2,96,140,230,140,123,176
Vkorc1l1,2,0,4,4,3,1
Gusb,4,1,10,15,17,7
Asl,3,3,6,8,2,3
Crcp,1,4,3,2,5,1
Tpst1,0,0,3,0,0,0
Kctd7,0,0,0,0,1,2
Rabgef1,2,2,5,2,1,4
Tmem248,4,7,10,6,11,7
Gm42469,0,0,2,1,1,0
Sbds,14,14,28,25,12,21
Tyw1,5,1,3,5,2,3
Auts2,0,1,1,2,1,0
Gatsl2,1,0,6,3,3,1
Wbscr16,1,1,2,1,0,1
Gtf2ird2,0,0,1,0,3,1
Ncf1,3,0,3,7,15,3
Gtf2i,13,30,55,13,26,26
Gtf2ird1,1,0,0,2,0,0
Clip2,1,0,0,0,2,1
Rfc2,5,8,16,13,15,4
Lat2,0,3,3,1,2,0
Eif4h,16,18,38,21,21,14
Limk1,1,1,3,5,1,1
Wbscr27,1,2,0,0,2,0
Abhd11,1,1,5,1,4,0
Stx1a,1,1,2,4,1,3
Wbscr22,6,8,16,6,6,10
Dnajc30,1,2,3,4,1,3
Mlxipl,0,1,1,2,1,0
Tbl2,0,1,2,3,1,0
Bcl7b,7,5,17,6,9,11
Baz1b,3,11,16,12,6,8
Nsun5,0,1,1,0,4,1
Pom121,3,3,16,6,7,6
Hip1,0,3,7,5,7,1
Ccl24,0,0,1,0,0,0
Rhbdd2,0,0,2,4,3,2
Por,1,2,8,4,10,8
Tmem120a,2,2,4,1,3,2
Mdh2,29,31,60,28,37,37
Hspb1,0,1,0,0,1,1
Ywhag,3,5,12,14,4,8
Dtx2,0,1,2,2,2,1
Rasa4,1,0,2,4,6,0
Polr2j,10,9,28,11,12,17
Lrwd1,0,4,9,4,1,3
Alkbh4,1,2,5,2,0,3
Orai2,2,2,4,5,5,6
Prkrip1,0,4,9,6,5,3
Sh2b2,0,0,1,2,3,0
Cux1,4,7,6,12,5,6
Ift22,0,1,5,3,1,0
4933404O12Rik,0,0,0,2,0,1
Fis1,21,32,62,29,41,40
Znhit1,1,5,9,10,5,7
Plod3,1,0,4,2,1,4
Ap1s1,3,7,11,8,3,3
Serpine1,1,0,3,2,7,0
Trim56,6,6,6,1,8,10
Ache,0,0,0,1,2,0
Srrt,3,1,10,3,7,9
Trip6,0,0,0,1,0,1
Slc12a9,1,0,3,3,2,5
Pop7,2,5,12,3,2,5
9130604C24Rik,0,0,0,0,1,0
Gigyf1,3,8,9,7,9,12
Gnb2,33,34,80,62,50,68
Mospd3,2,2,3,2,2,2
Gm36266,0,0,1,1,1,1
Lrch4,5,3,11,8,2,11
Gm20605,0,0,0,0,1,1
Sap25,1,0,0,0,0,0
Agfg2,2,4,2,6,3,1
Nyap1,0,0,0,0,1,0
Tsc22d4,20,28,76,43,46,42
Ppp1r35,4,4,12,6,3,9
Mepce,2,8,16,7,5,6
Zcwpw1,1,0,2,0,4,1
Pilra,0,0,0,0,1,1
Pilrb1,0,0,1,1,0,0
Pilrb2,0,0,0,0,1,0
Gjc3,0,1,4,1,1,0
Zkscan1,0,0,3,4,3,1
Zscan21,0,3,2,2,1,1
Zfp113,0,1,0,1,1,0
Cops6,9,12,30,9,16,13
Mcm7,2,9,13,2,6,5
Ap4m1,0,1,2,2,2,1
Taf6,3,2,3,2,4,2
Cnpy4,2,3,1,1,1,1
Nxpe5,0,1,0,0,0,0
Lamtor4,10,16,31,26,18,24
BC037034,4,2,16,1,7,11
6330418K02Rik,1,1,2,0,2,1
Gal3st4,0,0,1,0,0,0
Zfp157,2,2,4,2,2,4
Zfp68,5,6,11,5,6,5
A430033K04Rik,1,1,0,1,1,1
Pdgfa,0,0,6,5,3,1
Dnaaf5,0,2,0,2,3,0
Sun1,3,1,8,2,2,1
Get4,2,2,8,2,6,4
Adap1,2,0,3,2,2,2
Cox19,3,7,7,5,3,5
3110082I17Rik,1,0,0,0,0,0
Gpr146,0,0,1,7,4,2
Zfand2a,1,2,2,2,0,0
Ints1,2,4,2,4,5,7
Mafk,3,1,4,8,5,6
Psmg3,0,2,3,2,4,2
Mad1l1,0,0,1,1,0,1
Nudt1,1,3,1,1,0,1
Ftsj2,0,0,0,0,1,0
Snx8,0,0,0,0,0,1
Eif3b,2,8,17,18,14,16
Chst12,0,2,4,4,7,4
Gm43703,0,0,1,1,0,0
Lfng,7,15,18,12,23,11
Ttyh3,3,6,5,5,7,1
Iqce,1,1,1,3,2,1
Brat1,0,0,2,1,2,2
Amz1,0,0,0,2,3,1
Gna12,1,0,5,7,4,3
Card11,2,4,8,6,3,12
Foxk1,3,2,7,4,2,1
Ap5z1,0,0,3,2,0,3
Mmd2,0,1,0,0,0,0
Wipi2,0,4,15,3,2,0
Tnrc18,3,3,7,6,4,2
Fbxl18,0,1,4,0,3,1
Actb,922,862,1729,1170,955,986
Fscn1,15,0,4,10,4,2
Rnf216,2,1,2,6,1,2
Rbak,0,1,1,0,2,1
Zfp12,0,0,2,2,2,1
Zfp316,0,0,1,0,2,0
E130309D02Rik,1,4,4,3,3,4
Zdhhc4,2,2,3,1,2,4
0610040B10Rik,1,4,2,1,3,4
Kdelr2,3,10,25,13,9,11
Daglb,2,2,4,4,1,2
Rac1,27,35,75,28,34,56
Fam220a,5,5,7,4,4,6
Cyth3,2,1,6,2,5,3
Usp42,0,2,5,0,3,2
D130017N08Rik,0,1,0,0,0,0
Eif2ak1,1,1,7,5,3,1
Aimp2,5,0,7,5,4,8
Pms2,1,2,4,0,2,3
Rsph10b,0,1,1,0,0,0
Ccz1,9,8,12,10,7,11
Lmtk2,0,3,1,2,2,0
Tecpr1,6,14,39,9,12,21
2900089D17Rik,0,0,1,2,0,0
Bri3,15,19,34,31,20,26
Trrap,6,5,10,3,3,4
Smurf1,2,2,1,2,4,0
Arpc1a,8,8,21,14,9,17
Arpc1b,71,86,181,107,123,101
Pdap1,6,12,35,16,21,19
Bud31,5,8,18,10,6,18
Ptcd1,1,1,1,1,1,4
Cpsf4,5,2,1,2,1,3
Atp5j2,73,71,160,64,115,82
Zkscan14,1,2,5,5,3,3
Zkscan5,0,1,0,1,0,2
Zfp655,3,1,5,4,4,2
Zscan25,0,0,0,0,1,0
Gm43625,0,2,0,0,0,0
Rnf6,3,10,5,6,0,12
Cdk8,2,2,9,7,6,5
Wasf3,1,0,0,1,0,0
Usp12,0,3,2,2,5,0
Rpl21,646,836,1573,755,837,1077
Rasl11a,0,1,0,0,0,0
Gtf3a,8,13,23,9,19,14
Mtif3,0,3,3,0,0,3
Lnx2,2,1,6,4,3,3
Polr1d,36,52,95,57,59,56
Flt3,1,0,0,0,0,0
Pan3,9,11,18,17,10,16
Flt1,0,0,1,0,1,0
Pomp,22,39,53,33,39,41
Slc46a3,2,1,2,2,3,2
Mtus2,0,0,4,0,0,2
Slc7a1,4,4,10,9,4,5
Ubl3,22,35,55,43,31,31
2210417A02Rik,0,0,1,0,1,0
Katnal1,0,1,3,1,2,0
5930430L01Rik,0,0,0,0,1,0
Hmgb1,62,92,218,104,127,100
5730422E09Rik,0,1,0,0,0,0
Uspl1,1,2,6,6,4,1
2310047D07Rik,0,0,1,1,0,0
Gm29264,0,0,0,2,0,0
Alox5ap,1,0,1,7,7,3
Wdr95,3,1,5,1,7,7
Hsph1,10,7,26,11,10,21
B3glct,1,0,3,2,3,0
Fry,1,4,2,2,5,1
Brca2,0,1,1,0,2,0
N4bp2l1,6,14,17,17,8,9
Gm43597,0,0,0,0,0,1
N4bp2l2,9,17,40,18,28,22
Pds5b,1,5,6,4,4,4
D730045B01Rik,1,0,1,0,0,1
Rfc3,0,4,7,3,7,8
Samd9l,8,9,19,9,19,17
Vps50,0,4,1,0,1,0
Gng11,0,0,10,1,0,7
Bet1,6,5,11,6,8,4
Casd1,1,3,4,6,2,0
Sgce,0,0,6,4,1,1
Ppp1r9a,0,0,0,0,1,0
Pon3,0,1,1,1,2,0
Pon2,1,7,13,13,12,14
Asb4,0,0,0,0,1,0
Dync1i1,1,0,0,0,0,0
Slc25a13,0,2,1,0,0,0
Shfm1,53,55,132,49,78,72
Dlx5,0,0,0,1,0,0
Sdhaf3,0,1,4,3,3,2
Asns,0,2,7,2,7,3
C1galt1,7,3,14,3,9,8
Mios,1,1,5,2,6,1
Rpa3,6,4,13,2,7,8
Umad1,0,1,0,3,2,0
Glcci1,2,2,1,3,1,0
Ndufa4,46,77,146,50,76,56
Phf14,5,5,18,14,12,6
Tmem106b,9,16,30,7,14,17
Tmem168,5,2,8,3,5,5
B630005N14Rik,2,3,5,6,7,7
2610001J05Rik,11,11,19,12,10,9
Mdfic,8,15,26,13,16,23
Gm15473,0,0,0,0,1,0
Gm4876,0,0,1,0,2,0
Tes,11,14,35,23,16,16
Cav2,0,0,0,0,0,1
Cav1,1,0,1,0,0,0
Capza2,15,27,55,39,40,41
St7,1,4,4,1,1,2
Gm26809,3,0,4,0,3,1
Gm20186,15,19,90,22,26,42
Lsm8,15,22,37,20,17,26
Ankrd7,0,0,0,1,0,0
Ing3,5,5,8,7,7,2
Fam3c,4,2,12,9,12,7
Ptprz1,1,1,2,3,0,1
Aass,0,0,0,0,1,0
Ndufa5,18,13,46,18,22,24
Wasl,4,7,2,0,5,9
Tmem229a,0,1,2,1,2,0
Gpr37,1,0,4,1,6,2
Pot1a,0,3,4,3,3,4
Zfp800,2,3,7,5,12,8
Gcc1,1,0,3,0,0,1
Arf5,45,54,113,85,48,84
Snd1,4,1,10,3,12,4
Lrrc4,1,0,0,0,0,0
Rbm28,3,9,16,2,12,8
Impdh1,4,11,10,7,3,5
Hilpda,20,16,44,14,12,9
Calu,3,5,7,3,10,5
Ccdc136,0,0,1,2,1,2
Atp6v1f,22,40,66,59,63,40
Irf5,6,0,4,9,2,0
Tnpo3,8,3,17,15,15,11
Tspan33,0,0,0,1,0,0
Smo,1,0,0,0,0,0
Ahcyl2,7,9,13,17,13,5
Strip2,4,0,0,0,0,0
Nrf1,2,4,12,5,10,8
Ube2h,5,21,30,13,19,12
Zc3hc1,2,0,1,3,1,5
Klhdc10,0,0,2,1,1,2
Tmem209,2,1,2,0,1,3
Cpa1,0,0,0,0,1,0
Cep41,1,1,4,1,0,0
Mest,0,5,0,0,0,0
Copg2,0,5,4,0,2,2
Gm27019,1,0,0,0,0,0
Lncpint,15,14,23,28,21,16
Mkln1,10,15,26,16,16,21
Podxl,0,0,1,1,0,0
Plxna4,0,0,1,3,0,0
Plxna4os1,0,0,0,0,0,1
Chchd3,3,13,18,9,15,10
Gm14540,0,0,0,0,1,0
Exoc4,3,5,9,8,8,2
Slc35b4,2,1,3,3,0,1
Akr1b3,14,15,37,21,38,35
Akr1b8,0,0,0,0,1,0
Akr1b10,2,4,6,3,5,3
Bpgm,0,5,6,3,4,4
Cald1,0,0,4,1,0,0
Agbl3,1,1,1,2,1,5
Tmem140,2,0,3,0,2,2
3110062M04Rik,1,2,1,1,0,0
Wdr91,2,3,0,1,2,3
Cnot4,10,4,17,4,15,10
Nup205,2,1,7,3,5,11
1810058I24Rik,20,24,39,18,24,35
Mtpn,14,18,19,8,15,16
Ptn,0,3,17,1,4,1
Creb3l2,0,1,1,1,2,0
Trim24,1,1,4,4,3,2
Zc3hav1l,1,1,1,0,0,0
Zc3hav1,18,29,58,41,36,30
Ubn2,9,9,25,15,22,14
1110001J03Rik,10,11,24,8,18,14
Luc7l2,24,44,71,59,58,38
Gm26699,6,9,10,8,7,7
Hipk2,4,2,6,3,2,3
Tbxas1,0,0,1,2,3,1
Parp12,1,0,4,2,0,1
4930599N23Rik,0,0,2,0,0,0
Kdm7a,10,9,16,15,19,15
Slc37a3,0,3,3,6,6,0
Rab19,2,5,4,6,3,4
Mkrn1,14,14,36,23,21,26
Gm10244,0,0,0,0,1,0
Dennd2a,0,0,2,0,0,0
Adck2,1,2,1,0,3,1
Ndufb2,10,14,35,13,29,26
Braf,1,6,11,2,9,4
Mrps33,15,15,36,12,22,21
Agk,4,1,6,1,5,1
E330009J07Rik,1,1,2,1,5,2
Ssbp1,5,8,28,18,12,11
Clec5a,0,0,0,1,2,0
Prss2,0,0,3,0,0,0
Ephb6,0,1,0,0,0,1
Gstk1,0,1,1,1,1,0
Casp2,1,1,4,4,1,4
Fam131b,0,0,0,1,0,1
Zyx,26,17,37,22,28,33
2010310C07Rik,0,0,0,0,1,0
Tcaf1,0,0,1,0,1,0
Arhgef5,0,0,0,0,2,0
Tpk1,3,0,3,1,2,0
Cul1,5,1,14,10,2,8
Ezh2,1,2,9,5,4,1
Pdia4,5,13,11,9,9,7
Zfp398,4,8,10,6,12,7
Zfp282,3,3,0,1,2,2
Zfp212,2,0,4,4,2,4
Zfp956,0,0,2,0,2,0
Zfp777,1,1,1,4,1,4
Zfp746,1,3,8,2,4,4
RP23-205F19.4,0,1,0,0,0,2
Krba1,3,1,4,2,2,1
Zfp467,0,6,1,4,1,1
Atp6v0e2,0,0,2,0,1,0
Lrrc61,0,1,1,3,0,0
Rarres2,0,1,2,0,1,0
Repin1,0,1,0,1,0,1
Zfp775,0,2,7,2,1,1
AI854703,0,2,4,0,2,1
Gimap8,7,15,28,11,12,14
Gimap9,26,33,56,33,43,51
Gimap4,73,101,206,85,112,113
Gimap6,58,78,170,96,87,87
Gm28053,0,0,1,0,1,0
Gimap7,13,41,102,29,24,61
Gimap1,36,65,109,55,65,81
Gimap5,29,31,32,25,23,32
Gm44226,0,0,1,0,1,1
4833403J16Rik,2,1,7,5,0,6
Gimap3,81,104,188,100,112,124
Tmem176b,7,18,38,47,11,39
Tmem176a,8,19,24,36,9,29
Gpnmb,0,0,0,0,1,0
Malsu1,4,4,13,9,4,5
Igf2bp3,1,4,1,2,1,2
Tra2a,27,40,58,58,37,47
Ccdc126,0,1,0,0,2,1
Fam221a,1,1,0,0,0,1
Mpp6,0,3,6,7,4,4
Dfna5,3,0,6,0,1,2
Osbpl3,6,8,18,13,24,16
Cycs,18,31,55,35,29,28
5430402O13Rik,0,0,0,0,0,1
Hnrnpa2b1,69,67,180,111,95,85
Cbx3,20,30,56,32,33,25
Snx10,2,2,6,5,5,6
Skap2,5,4,9,8,2,5
Gm15050,0,0,0,1,0,0
Hibadh,6,12,4,5,13,9
Tax1bp1,23,28,40,30,39,25
Jazf1,0,0,0,0,0,1
Creb5,0,0,1,0,1,0
Chn2,1,1,4,3,9,4
Prr15,0,0,2,0,0,0
Scrn1,0,0,1,0,1,0
Fkbp14,0,1,0,1,0,1
Plekha8,1,1,0,3,1,1
Mturn,3,3,7,2,2,5
Znrf2,17,11,32,31,25,19
Nod1,2,1,7,2,8,1
Ggct,1,3,9,7,4,3
Gars,4,3,21,6,9,6
Adcyap1r1,0,0,0,0,1,0
Ppp1r17,0,0,1,0,0,0
Pde1c,0,0,3,0,0,1
Lsm5,22,31,34,19,30,35
Avl9,9,10,11,14,17,15
Kbtbd2,3,3,6,8,13,3
Fkbp9,0,0,1,0,0,0
Nt5c3,6,5,12,7,4,6
Ppm1k,1,3,4,11,3,3
Herc6,7,2,8,6,9,17
Pyurf,3,1,5,7,2,7
Lancl2,0,0,2,2,0,0
Vopp1,4,3,4,3,3,3
Abcg2,1,0,3,3,2,2
Herc3,3,10,14,5,7,7
Nap1l5,1,0,5,1,1,0
Fam13a,0,0,0,1,0,0
Tigd2,10,15,16,9,7,9
Gprin3,7,10,18,7,11,14
Snca,0,0,0,1,0,1
Grid2,0,0,1,0,1,0
Smarcad1,3,2,5,2,6,2
Hpgds,5,2,8,20,15,16
Tnip3,6,0,0,0,1,0
Ndnf,2,0,6,1,3,3
Prdm5,0,0,0,1,0,0
Mad2l1,2,1,7,1,1,4
Gng12,0,2,3,1,3,0
Gadd45a,3,3,3,3,6,3
Serbp1,66,55,190,105,124,117
Il12rb2,3,1,3,2,5,9
Tacstd2,0,0,0,0,1,0
Rpia,8,8,20,9,12,7
Eif2ak3,0,2,5,1,4,1
Thnsl2,0,0,0,0,0,2
Smyd1,0,0,5,0,1,0
Krcc1,7,12,30,16,22,21
Cd8b1,102,74,255,100,119,241
Gm44175,3,0,4,1,4,9
Cd8a,68,59,211,94,105,216
Rmnd5a,6,8,3,9,9,3
Rnf103,1,3,7,3,11,1
Chmp3,5,12,17,4,11,13
Kdm3a,4,1,8,6,3,2
Mrpl35,2,3,14,2,9,9
Immt,3,8,14,9,7,11
Ptcd3,3,3,4,6,0,1
Polr1a,2,1,7,2,3,0
St3gal5,0,1,3,2,4,2
Usp39,1,5,6,5,2,5
RP23-60P18.10,1,1,2,2,3,2
0610030E20Rik,3,6,15,7,4,7
Tmem150a,0,0,1,0,0,1
Rnf181,5,5,8,2,4,5
Vamp5,0,1,4,3,7,2
Vamp8,12,23,34,27,22,33
Ggcx,0,2,0,0,0,0
Mat2a,13,23,56,47,43,46
Capg,7,40,24,27,18,25
Elmod3,1,2,3,2,2,1
Retsat,0,0,0,1,1,1
Tgoln1,13,15,43,28,20,30
Kcmf1,7,14,18,14,7,5
Gm26640,0,0,2,0,0,0
Tmsb10,859,722,1631,479,994,1119
Suclg1,10,24,28,18,22,24
Gm44113,0,0,0,0,1,0
Gm9008,0,0,0,0,1,0
Ctnna2,0,0,1,0,0,0
Gcfc2,1,2,2,1,3,1
Mrpl19,5,6,9,4,3,3
Eva1a,0,0,0,1,0,0
Pole4,28,25,45,20,26,25
Hk2,3,1,7,6,13,6
RP23-81F19.2,0,0,1,0,0,0
Gm43878,0,0,0,1,0,0
Sema4f,1,0,1,1,0,2
M1ap,0,0,0,0,1,0
Dok1,7,2,6,5,4,5
Loxl3,0,0,0,0,1,0
Htra2,7,2,3,4,0,5
Aup1,6,11,20,32,24,20
Dqx1,0,0,0,0,2,0
Pcgf1,1,1,6,5,4,5
Lbx2,0,0,1,1,0,0
Ccdc142-1,0,1,0,0,0,0
Ccdc142os,0,0,2,0,0,0
Mrpl53,0,1,2,0,0,0
Mogs,5,8,14,10,13,12
Wbp1,4,11,15,8,7,15
Ino80b,3,5,13,4,14,9
Rtkn,0,0,2,0,2,0
Wdr54,0,0,1,0,0,1
Dctn1,2,5,10,4,6,11
Mthfd2,6,4,14,9,7,8
Mob1a,6,9,19,19,17,10
Bola3,9,9,23,11,12,15
Tet3,3,10,14,5,7,5
Dguok,15,15,40,20,28,27
Stambp,1,2,6,8,5,2
Vax2,0,0,0,0,0,1
Tex261,8,6,18,21,25,24
Nagk,3,2,4,4,2,4
Paip2b,1,4,9,7,7,8
Zfp638,7,2,13,16,5,13
Exoc6b,5,2,8,3,7,2
Spr,5,5,11,9,15,5
Sfxn5,0,0,2,0,0,0
Rab11fip5,0,0,2,2,0,0
Smyd5,1,2,1,2,1,2
Pradc1,0,4,3,2,1,2
Cct7,19,22,62,34,38,43
Alms1,0,0,0,0,1,0
1700019G17Rik,1,0,1,1,0,0
Cml1,1,1,2,2,1,1
Tprkb,2,3,5,2,4,5
Dusp11,22,25,48,25,21,27
Gm19265,0,0,1,0,0,0
Tgfa,0,0,1,3,1,0
Fam136a,1,3,8,5,4,4
Snrpg,119,111,232,52,131,145
Pcyox1,1,0,2,2,2,5
Tia1,7,9,16,10,10,7
C87436,3,3,3,2,5,9
A430078I02Rik,2,0,0,1,0,0
2310040G24Rik,0,0,0,1,0,0
Gm44386,0,0,0,1,1,0
Pcbp1,18,28,48,26,21,39
1600020E01Rik,0,4,3,3,4,3
Mxd1,9,10,9,4,17,9
Snrnp27,9,4,17,9,13,17
Gmcl1,4,0,7,1,2,4
Anxa4,3,1,5,3,0,1
Aak1,7,13,17,17,16,14
Nfu1,7,12,13,7,7,8
Gfpt1,5,4,6,7,3,4
Arhgap25,8,6,15,8,9,6
Aplf,0,1,2,0,1,1
Gp9,0,0,1,1,0,5
Rab43,1,2,4,3,2,5
Isy1,5,16,27,16,15,14
Cnbp,54,77,117,89,68,94
Copg1,6,10,5,5,8,7
Hmces,3,4,2,6,4,5
Rab7,7,15,22,17,27,17
Rpn1,4,10,17,7,9,9
Eefsec,2,3,4,3,4,4
Gm44264,0,1,0,0,1,0
Ruvbl1,4,7,6,13,12,8
Sec61a1,4,12,16,18,7,13
Gm44170,0,0,0,0,0,1
Mgll,0,2,2,1,2,1
Abtb1,1,3,7,1,3,1
Podxl2,0,0,0,0,1,1
Mcm2,1,1,6,1,3,3
Tpra1,1,1,4,2,4,4
Plxna1,0,1,2,1,0,1
Chchd6,0,2,3,3,1,0
Zxdc,2,2,3,2,3,3
Klf15,0,0,2,0,1,0
Gm44421,0,0,1,0,0,0
Aldh1l1,0,1,0,0,0,0
Slc41a3,1,0,2,0,1,2
Iqsec1,3,4,9,9,7,4
Nup210,7,4,15,10,10,8
Hdac11,0,1,1,3,4,0
1810044D09Rik,2,1,1,2,0,2
Chchd4,4,4,3,4,2,3
Tmem43,2,1,3,0,1,4
Xpc,2,0,3,5,3,5
Lsm3,6,13,25,14,17,11
Slc6a6,10,8,11,15,17,11
Ccdc174,1,6,10,4,3,10
4930590J08Rik,1,0,0,0,0,0
Nr2c2,11,7,7,9,9,8
Mrps25,5,5,16,6,4,10
Rbsn,0,0,1,1,0,1
Magi1,0,0,2,1,1,0
Slc25a26,1,0,2,0,0,1
Lrig1,0,1,3,2,0,0
Kbtbd8,0,0,2,1,1,1
Suclg2,2,4,6,3,6,6
Eogt,0,0,1,1,0,0
Tmf1,3,8,7,6,8,2
Uba3,4,3,7,5,7,4
Arl6ip5,25,28,44,19,34,42
Frmd4b,5,3,6,13,11,4
Mitf,2,1,0,1,0,0
Foxp1,35,22,58,26,42,44
Gm20696,1,2,5,1,6,0
Eif4e3,4,5,5,9,1,12
Rybp,2,2,7,7,3,3
Shq1,0,0,2,0,0,2
Ppp4r2,9,11,23,20,9,14
Cntn4,0,0,1,0,0,0
Trnt1,2,5,15,11,7,10
Crbn,13,17,41,22,17,30
Lrrn1,0,0,3,0,1,0
Setmar,0,0,0,0,0,1
Sumf1,1,0,1,1,1,1
Itpr1,6,3,12,6,1,3
Bhlhe40,43,31,68,48,64,63
Arl8b,5,2,7,12,6,9
Edem1,12,15,13,12,11,15
Rad18,1,2,3,2,2,3
Gm26799,2,1,0,0,0,0
Srgap3,0,0,0,0,1,1
Thumpd3,7,3,10,2,8,4
Gt(ROSA)26Sor,7,7,14,11,7,10
Setd5,3,9,12,12,18,6
Lhfpl4,0,0,0,1,0,0
Mtmr14,1,1,5,3,0,1
Cpne9,0,0,1,0,0,0
Brpf1,4,3,6,2,7,3
Ogg1,1,0,1,1,3,4
Camk1,0,1,3,9,3,5
Tada3,2,5,4,5,5,7
Arpc4,26,33,66,40,39,32
Ttll3,3,2,3,1,0,1
Rpusd3,0,0,2,0,0,2
Jagn1,3,5,6,7,5,8
Il17re,0,0,0,1,0,2
Creld1,0,2,1,1,0,2
Emc3,5,9,15,10,13,7
Brk1,24,32,61,41,34,27
Vhl,2,3,3,8,2,0
Irak2,3,4,3,2,1,5
Tatdn2,1,5,12,6,7,7
Gm26982,1,1,2,0,0,0
Sec13,6,4,16,10,14,7
Slc6a11,0,1,0,0,1,0
Slc6a1,0,0,0,0,2,0
Hrh1,0,0,0,0,1,0
Atg7,1,2,5,4,1,1
Vgll4,21,18,37,28,35,61
Tamm41,1,1,3,4,1,2
Syn2,0,0,0,0,1,0
Timp4,0,0,0,0,1,0
Pparg,0,1,2,0,0,1
Tsen2,0,1,1,0,2,1
Mkrn2,2,10,8,9,7,5
Raf1,7,6,19,12,6,7
Cand2,0,2,1,1,0,1
Rpl32,1107,1311,2502,1157,1431,1566
Mbd4,0,1,3,1,0,0
Ift122,0,0,0,0,0,1
Plxnd1,0,4,0,1,0,0
Tmcc1,9,6,19,10,5,9
Fam21,7,5,11,6,6,4
March8,0,1,1,0,1,0
Alox5,0,0,4,2,0,0
Zfp422,2,1,4,0,6,1
Rassf4,0,0,1,8,1,1
Cxcl12,0,0,1,0,0,0
Zfp637,0,1,5,2,4,7
Zfp239,1,1,0,1,1,1
Hnrnpf,64,83,210,113,108,104
Fxyd4,1,0,0,1,1,0
Rasgef1a,0,0,0,2,1,0
Csgalnact2,1,0,1,1,4,2
Ret,0,0,1,0,1,0
Bms1,9,8,9,7,6,11
Zfp248,0,0,0,1,1,0
Ankrd26,3,0,2,1,3,1
Dcp1b,0,1,1,2,2,2
Cacna2d4,1,0,0,0,1,0
Lrtm2,0,0,0,0,1,0
Adipor2,7,2,9,7,5,1
Fbxl14,6,4,14,13,11,11
Erc1,0,1,2,0,2,0
Rad52,0,2,2,1,2,0
Wnk1,21,33,79,68,48,57
Ninj2,0,0,1,0,0,1
Ccdc77,1,2,1,1,3,2
Kdm5a,12,7,25,14,16,9
Il17ra,2,5,12,7,16,8
Cecr6,0,0,0,0,0,1
Cecr5,4,3,8,6,4,6
Gm20692,0,0,1,0,0,0
Slc25a18,0,1,0,0,1,0
Atp6v1e1,19,14,25,14,17,18
Bcl2l13,2,0,5,4,4,2
Bid,1,1,2,3,4,2
Mical3,0,1,0,1,0,1
Pex26,1,1,2,1,0,0
Usp18,2,0,3,3,2,1
Gm44148,0,0,2,0,0,0
Slc6a13,0,0,0,0,0,1
A2m,0,0,1,0,0,0
Klrg1,0,10,1,8,0,3
M6pr,17,13,19,15,16,17
Phc1,1,1,1,1,1,0
Apobec1,1,1,0,2,1,1
Slc2a3,3,7,16,7,6,6
Gm26826,1,0,0,0,0,2
Foxj2,1,5,6,2,3,3
C3ar1,0,0,2,5,2,6
Necap1,0,3,4,2,3,6
Clec4a3,0,0,0,2,0,0
Clec4a2,0,0,2,2,0,1
Pex5,1,1,4,4,3,2
C1rl,0,0,0,0,0,2
Lpcat3,3,1,7,6,2,4
Emg1,30,29,75,33,49,52
Phb2,6,15,47,24,35,25
Ptpn6,9,12,25,19,16,18
Grcc10,23,26,51,20,40,22
Atn1-1,3,3,7,5,3,7
Eno2,1,0,0,0,0,0
Spsb2,1,1,2,3,3,0
Tpi1,7,16,29,15,12,15
Usp5,1,3,5,3,4,2
Cd4,3,11,3,6,1,3
Lag3,2,4,11,9,8,10
Ptms,12,12,20,12,21,9
Mlf2,7,14,26,15,21,15
Cops7a,1,1,4,6,2,3
Pianp,0,1,1,3,0,1
Zfp384,1,1,5,1,6,1
Ing4,6,6,18,7,4,6
Acrbp,0,2,2,0,0,1
Chd4,12,19,33,29,42,23
Nop2,1,1,3,6,2,3
Iffo1,0,0,4,6,7,2
Gapdh,99,173,258,173,195,178
Ncapd2,1,0,1,2,0,0
Mrpl51,9,17,20,16,13,7
Vamp1,1,6,7,5,9,3
Tapbpl,11,8,19,14,13,17
Cd27,15,40,72,40,46,35
Ltbr,0,0,1,1,1,1
Tnfrsf1a,5,6,5,9,4,11
Cd9,14,14,34,25,25,15
Vwf,0,0,0,1,1,0
Kcna1,0,0,3,1,0,0
Kcna6,0,0,4,0,0,0
Ndufa9,7,12,24,15,11,10
Dyrk4,0,0,0,0,1,0
Rad51ap1,0,0,0,0,0,1
D6Wsu163e,0,4,1,3,3,1
Tigar,0,2,1,0,0,0
Gm43126,1,1,0,0,0,0
Ccnd2,60,64,140,98,137,93
9330179D12Rik,1,0,0,0,0,0
Parp11,1,0,4,0,0,3
Tspan9,0,0,1,2,0,2
Gm10010,0,0,1,0,0,0
Tulp3,1,0,3,1,0,0
Rhno1,0,3,8,10,3,7
Itfg2,4,1,1,2,5,4
Fkbp4,17,19,41,21,24,37
Klrb1a,1,0,0,0,1,0
Klrb1c,2,3,0,0,4,0
Klrb1b,0,4,2,0,2,0
Gm44066,1,0,2,0,0,1
Gm44067,0,0,3,1,2,0
BC035044,2,0,0,4,2,2
Clec2i,6,9,26,17,13,22
Gm15987,1,2,1,0,3,0
Klrb1f,0,1,0,0,1,1
Clec2d,60,47,122,37,60,67
2310001H17Rik,6,6,11,3,9,8
Cd69,88,72,121,89,111,142
Clec12a,0,0,2,0,3,2
Clec1b,0,0,0,0,0,6
Clec1a,0,0,0,0,1,0
Gabarapl1,4,4,10,6,3,11
Klre1,2,13,17,8,16,0
Klrd1,26,29,75,28,50,60
Klrk1,21,34,61,42,37,40
Klrc2,7,14,25,33,28,18
Klrc1,19,34,53,37,26,53
Klri2,0,0,3,1,0,0
Gm156,0,2,0,0,0,0
Klra5,0,0,0,0,3,0
Klra6,0,1,1,0,1,0
Klra8,3,0,0,1,0,0
Klra9,0,0,2,0,13,0
Klra7,3,7,0,1,14,0
Klra1,0,0,0,0,2,0
Magohb,4,4,20,7,12,7
Ybx3,7,16,36,23,22,21
Smim10l1,4,8,11,12,16,3
Etv6,1,2,2,2,1,3
Bcl2l14,2,0,0,0,0,0
Lrp6,1,3,6,7,6,4
Mansc1,0,1,0,0,1,0
Borcs5,1,2,5,3,5,2
Dusp16,0,0,4,2,1,1
Crebl2,2,3,7,1,3,4
Gpr19,1,1,1,0,1,0
2810454H06Rik,0,2,5,4,3,1
Cdkn1b,31,35,48,16,29,20
Lockd,2,3,17,1,6,5
Ddx47,4,2,8,5,10,11
Hebp1,0,0,3,2,2,0
Fam234b,1,0,2,1,2,1
Emp1,2,1,3,1,0,2
E330021D16Rik,0,0,0,1,0,0
Atf7ip,12,27,64,22,32,32
Gucy2c,0,0,0,0,1,0
Hist4h4,0,1,5,2,4,5
H2afj,54,67,153,98,87,98
Wbp11,9,13,15,11,14,23
BC049715,1,0,0,3,3,2
Smco3,0,0,1,0,0,0
Art4,0,0,0,0,1,0
Arhgdib,94,127,238,120,171,171
Ptpro,0,0,1,1,1,1
Eps8,0,0,1,0,1,0
Strap,10,9,27,16,9,9
Dera,2,5,6,2,7,5
Lmo3,0,1,0,0,0,1
Plekha5,4,7,12,8,10,6
Aebp2,15,20,36,18,24,16
Slco1c1,0,0,0,0,1,0
Pyroxd1,2,2,2,1,3,2
Recql,1,4,8,4,3,6
Golt1b,3,4,2,4,1,3
Ldhb,3,7,18,17,11,16
Kcnj8,0,2,6,3,4,11
Cmas,6,10,10,7,13,5
St8sia1,2,0,7,4,1,2
C2cd5,2,1,2,3,2,4
Etnk1,9,10,24,15,13,12
Bcat1,0,0,0,0,1,0
Lrmp,1,4,10,5,3,5
Casc1,0,0,1,0,0,0
Lyrm5,1,1,5,1,5,2
Kras,17,11,25,22,10,10
Gm15706,0,1,1,2,1,0
Rassf8,0,0,1,0,1,0
Bhlhe41,1,0,2,1,2,0
Sspn,0,0,2,0,0,0
Itpr2,5,8,25,8,12,13
Asun,1,2,6,0,2,4
Fgfr1op2,11,15,33,25,18,20
Tm7sf3,2,1,11,4,5,0
Med21,5,16,16,13,11,9
Stk38l,2,0,4,1,0,0
Ppfibp1,0,1,1,1,1,0
Rep15,0,0,0,0,1,0
Mrps35,4,6,9,7,10,3
Klhl42,0,4,5,1,4,3
Pthlh,0,0,0,0,1,0
Ccdc91,2,2,6,3,3,0
Ergic2,7,8,9,7,11,13
Ipo8,0,1,2,2,4,4
Caprin2,1,2,1,0,0,0
Fam60a,7,2,5,5,9,1
3010003L21Rik,1,0,1,0,4,2
Dennd5b,1,1,1,0,1,0
Mettl20,4,7,9,6,3,4
Amn1,5,6,7,6,7,10
2810474O19Rik,34,22,58,35,31,50
Bicd1,0,0,2,1,3,3
Gm21814,0,3,0,0,0,0
Myadm,5,1,8,2,3,2
Cacng8,0,0,1,0,0,0
Cacng6,0,0,0,1,0,0
Ndufa3,41,33,64,26,60,55
Tfpt,2,0,2,1,0,5
Prpf31,3,3,7,5,8,10
Cnot3,10,9,20,10,15,14
Leng1,5,5,9,3,6,6
Tmc4,0,0,2,0,0,1
Mboat7,1,3,7,5,8,8
Tsen34,1,3,7,3,1,5
Rps9,754,831,1762,955,1017,1209
Pirb,1,0,1,1,1,0
Lair1,5,1,11,22,15,4
Ttyh1,0,1,1,3,3,0
Leng8,12,16,25,14,13,7
Leng9,2,2,5,4,3,5
Lilra5,0,0,1,0,0,0
Ncr1,1,0,0,0,0,0
Gp6,0,0,0,0,0,4
Rdh13,0,0,0,2,3,2
Eps8l1,1,0,0,1,0,0
Ppp1r12c,6,6,12,11,7,11
Tnnt1,0,0,2,0,0,0
Tmem86b,0,1,3,1,0,0
Ppp6r1,14,7,13,9,15,12
Hspbp1,3,4,12,8,9,12
Brsk1,0,0,1,0,0,0
Suv420h2,2,2,4,1,2,1
Cox6b2,0,0,0,2,0,0
Tmem238,1,8,11,6,8,3
Rpl28,436,551,1049,387,513,522
Ube2s,34,33,75,56,60,47
Shisa7,0,0,2,0,0,1
Isoc2b,1,0,4,2,0,4
Isoc2a,0,0,0,1,1,0
Zfp628,1,1,1,0,2,1
Nat14,1,1,0,0,1,0
Zfp579,0,3,2,2,2,3
Fiz1,2,6,4,0,1,6
Zfp524,5,1,2,3,6,3
Zfp865,1,1,8,3,2,3
Ccdc106,0,0,0,1,1,0
Zfp784,0,0,0,0,0,2
Zfp580,1,0,0,0,1,0
U2af2,10,12,23,17,22,13
Epn1,3,13,18,10,13,14
Rasl2-9,0,0,0,0,1,0
Zfp787,3,0,9,2,6,6
Zfp444,1,5,1,1,4,6
Zfp667,0,1,3,0,3,1
Zfp78,0,0,0,0,1,0
Zfp28,0,0,1,1,2,0
Zfp954,5,3,3,3,4,6
Zfp773,0,2,0,0,0,1
Zfp418,0,0,0,0,0,1
Clcn4,6,4,17,11,8,7
Zik1,0,0,1,0,2,1
Zfp551,0,0,1,0,0,0
Zfp606,0,0,1,0,0,0
Zscan18,0,0,2,0,0,0
Zfp329,2,4,9,5,7,3
Zfp110,0,2,3,3,2,3
Zfp128,0,0,0,0,0,1
Zscan22,1,0,0,1,1,2
Rps5,798,1059,2030,1059,1084,1292
Rnf225,1,0,0,1,0,0
Zfp324,0,0,1,0,1,1
Zfp446,1,0,2,2,0,0
Zbtb45,0,1,2,2,0,3
Trim28,3,6,14,15,15,11
Chmp2a,13,15,44,31,23,20
Ube2m,7,16,41,20,25,24
Mzf1,0,0,1,0,0,0
6330408A02Rik,0,0,0,0,0,1
Lig1,5,4,13,5,5,4
Sepw1,60,67,162,87,89,100
Gltscr2,39,36,81,39,40,59
Gltscr1,0,0,1,0,0,1
Napa,8,8,20,9,11,20
Kptn,1,1,0,2,3,1
Meis3,2,1,1,1,2,3
Dhx34,0,0,3,1,1,4
C5ar2,0,0,0,0,1,0
C5ar1,0,1,0,4,1,10
Inafm1,1,0,5,1,2,0
Ccdc9,6,6,3,9,7,3
Bbc3,4,9,17,8,11,14
Sae1,7,6,14,8,9,9
Zc3h4,0,2,12,3,6,1
Tmem160,15,20,38,22,27,28
Arhgap35,0,0,0,1,1,1
Ap2s1,10,16,22,14,20,14
Slc1a5,13,11,25,15,14,8
Fkrp,6,4,7,3,3,4
Strn4,0,5,5,7,4,2
Prkd2,1,2,18,2,7,8
9330104G04Rik,0,0,0,1,0,0
Dact3,0,0,1,0,0,0
Ptgir,0,0,0,0,1,0
Calm3,10,27,37,25,30,24
Ppp5c,4,1,13,8,4,8
Psg16,0,0,1,0,0,0
RP24-549B12.3,0,0,3,0,1,0
RP24-549B12.4,1,1,3,2,0,1
Pglyrp1,10,11,19,6,13,7
Ccdc61,3,1,2,1,2,3
Mypop,0,2,0,0,0,0
Mypopos,0,1,5,3,2,4
Irf2bp1,1,8,8,4,3,7
Sympk,1,6,9,5,4,6
Dmwd,0,0,0,0,1,0
Dmpk,0,0,1,0,0,0
Fbxo46,3,2,2,5,2,2
Qpctl,1,0,0,1,1,4
Snrpd2,29,37,66,32,42,42
Eml2,2,0,4,1,2,3
Gpr4,0,0,1,0,0,0
Opa3,6,3,7,4,2,2
Vasp,27,32,64,44,50,42
Ppm1n,0,0,1,0,0,4
Rtn2,0,0,0,0,0,1
Gm26802,0,0,0,0,1,0
Fosb,29,18,71,36,44,41
Ercc1,2,1,5,1,3,7
Cd3eap,1,1,6,5,6,8
Ercc2,2,0,1,2,0,1
Gm26852,0,0,1,0,0,0
Klc3,0,0,0,2,1,0
Ckm,0,0,0,0,1,0
A930016O22Rik,0,0,1,1,0,0
Mark4,2,1,2,4,2,0
Bloc1s3,1,1,1,0,1,0
Trappc6a,9,4,21,12,8,9
Ppp1r37,1,1,3,1,1,1
Gemin7,5,11,13,10,5,18
Zfp296,0,1,0,0,0,0
Clasrp,0,1,9,2,3,3
Gm26890,0,1,1,0,0,0
Relb,12,2,5,2,10,5
Clptm1,2,4,8,1,5,6
Apoe,7,31,52,45,41,11
Tomm40,3,8,11,14,13,8
Pvrl2,0,0,0,1,0,1
Bcam,0,1,0,0,0,0
Bcl3,1,2,3,4,5,3
Gm16174,1,0,0,0,2,1
Pvr,4,3,13,8,11,6
Igsf23,0,1,2,0,0,0
Zfp180,0,1,1,2,4,0
Zfp112,1,0,0,0,0,0
Zfp235,1,0,0,0,0,1
Zfp109,0,0,1,0,0,0
Zfp108,0,0,0,0,0,1
Zfp93,0,0,0,0,1,0
Zfp61,0,0,3,3,0,1
Zfp94,0,0,2,0,0,0
Kcnn4,9,16,33,20,13,14
Smg9,1,0,3,4,7,7
Plaur,1,1,3,0,0,5
Cadm4,0,1,2,1,0,0
Zfp428,1,1,0,0,0,1
Irgq,0,0,3,0,1,1
Xrcc1,3,1,7,7,3,4
Zfp575,0,0,1,0,1,1
Ethe1,2,5,8,1,5,3
Phldb3,0,1,1,0,1,0
Gm9844,2,0,1,1,3,0
Rps19,1075,1276,2346,1050,1161,1433
Cd79a,10,0,0,9,0,0
Arhgef1,29,20,64,35,42,42
Rabac1,51,73,128,99,85,102
Atp1a3,0,0,0,0,3,0
Grik5,0,0,1,0,1,0
Zfp574,1,0,2,2,3,2
Pou2f2,5,9,14,24,11,7
Dedd2,1,7,8,7,7,7
Gsk3a,8,7,10,14,9,16
9130221H12Rik,0,1,0,0,0,1
Erf,6,1,8,8,9,8
Cic,5,2,8,8,14,2
Pafah1b3,7,4,18,14,3,1
Megf8,0,0,0,2,0,0
4732471J01Rik,0,0,0,1,0,0
Lipe,1,0,1,0,1,2
Ceacam1,1,0,1,2,1,2
Atp5sl,5,3,2,3,5,1
Bckdha,2,2,5,8,6,2
Exosc5,6,3,19,7,9,10
Tmem91,0,1,0,1,1,0
B9d2,1,0,4,2,2,9
Tgfb1,7,19,30,34,29,33
Ccdc97,4,5,2,1,3,5
Hnrnpul1,9,9,19,11,12,8
Axl,0,2,0,0,3,0
Cyp2s1,0,0,0,0,0,1
Egln2,1,7,5,6,5,10
Rab4b,1,3,4,3,4,5
Mia,0,0,0,0,1,0
Snrpa,7,5,5,7,7,10
BC024978,0,0,1,1,1,1
Itpkc,0,1,2,4,2,2
Adck4,2,3,0,0,2,3
Numbl,0,0,0,0,1,1
Shkbp1,3,5,5,4,2,2
Sptbn4,0,0,1,0,0,0
Blvrb,4,4,8,5,7,4
Sertad3,4,3,4,3,6,5
Sertad1,14,10,28,22,13,18
Prx,0,0,0,0,1,0
Pld3,9,14,25,24,9,22
2310022A10Rik,0,1,4,3,3,4
Akt2,0,5,9,4,5,6
Map3k10,1,4,5,5,1,2
C030039L03Rik,0,0,0,1,0,0
Zfp60,0,1,1,4,1,0
Zfp626,0,0,2,2,0,1
Zfp59,0,1,0,0,0,0
Zfp607,1,0,1,1,3,1
1700049G17Rik,0,0,0,1,0,0
Zfp780b,1,5,6,5,4,3
Zfp850,0,0,1,0,0,0
Psmc4,7,14,27,6,11,21
Fbl,21,12,40,31,33,24
Dyrk1b,0,0,1,0,1,0
Eid2,1,1,7,1,3,2
Eid2b,0,1,1,1,0,0
Timm50,5,2,9,3,6,9
Supt5,9,9,28,8,18,15
Rps16,1081,1475,2797,1243,1430,1650
Plekhg2,4,1,5,2,2,2
Zfp36,23,31,62,146,96,43
Med29,2,4,11,6,8,6
Paf1,1,4,13,4,4,5
Samd4b,5,8,9,6,3,7
Gmfg,39,53,91,62,60,71
Pak4,0,1,2,1,1,0
Fbxo27,0,0,0,1,0,2
Fbxo17,0,0,1,0,1,0
Mrps12,2,7,24,7,7,14
Nfkbib,5,3,6,11,8,3
Sirt2,7,8,30,16,14,14
Rinl,25,29,78,34,62,44
Hnrnpl,17,18,32,33,22,17
Ech1,18,22,27,24,32,26
Lgals4,0,1,1,1,0,0
Lgals7,0,2,0,0,1,1
Actn4,12,16,30,9,19,19
Eif3k,48,60,124,64,56,76
Map4k1,2,3,6,5,7,3
RP24-484I1.3,0,0,3,0,0,1
Rasgrp4,1,0,0,0,0,1
Fam98c,1,4,6,3,4,5
1110035H17Rik,1,0,1,0,1,0
Psmd8,14,25,36,28,22,27
Kcnk6,2,0,0,2,2,0
Yif1b,3,5,17,5,9,5
Spint2,8,13,21,15,12,21
Ppp1r14a,2,1,11,2,4,0
Sipa1l3,0,0,1,2,2,3
Zfp84,0,1,2,2,3,2
Zfp30,0,0,1,0,0,0
Zfp940,0,1,0,0,1,0
Zfp420,2,0,1,0,2,3
Zfp383,0,0,1,1,1,0
Zfp74,2,0,0,0,1,2
Zfp568,0,0,0,2,0,0
Zfp14,0,0,0,0,0,1
Zfp566,0,0,2,3,0,0
Zfp260,4,3,11,4,6,5
Zfp382,2,0,1,1,3,1
Zfp146,0,3,5,4,2,3
Gm5113,1,1,0,0,0,0
Cox7a1,0,0,1,2,1,0
Capns1,13,19,54,33,36,26
Gm26810,0,2,0,0,1,0
Tbcb,14,9,22,19,15,11
Polr2i,4,11,13,5,7,15
Wdr62,0,1,0,0,0,0
Thap8,0,0,1,0,0,0
Clip3,0,0,4,2,0,0
Alkbh6,2,1,4,4,3,3
Sdhaf1,3,6,5,5,3,3
Tyrobp,16,4,19,77,54,20
Hcst,107,131,284,117,212,180
Nfkbid,50,23,69,43,42,53
Aplp1,2,6,45,8,15,3
Arhgap33,0,0,1,1,0,0
Proser3,0,1,0,0,0,2
Hspb6,0,0,2,0,1,0
Lin37,1,0,4,3,7,10
Psenen,24,22,65,22,35,36
U2af1l4,0,0,1,1,0,1
U2af1l4-1,0,1,1,1,3,0
Igflr1,1,1,4,2,0,5
Kmt2b,3,6,10,6,10,7
Zbtb32,1,1,0,1,0,1
Cox6b1,53,63,116,58,79,72
Rbm42,11,12,23,15,19,25
Gm26610,0,0,1,0,0,0
Haus5,0,1,4,2,3,2
Tmem147,7,11,22,15,13,14
Tmem147os,0,0,0,1,0,0
Gm26935,1,1,1,1,1,1
Sbsn,1,0,0,2,0,1
Ffar2,0,0,3,0,0,0
Cd22,1,0,0,1,0,0
Mag,2,2,22,9,10,2
Usf2,15,14,30,15,21,18
Gm4673,0,0,2,0,5,2
Lsr,0,0,0,0,1,1
Fxyd5,115,120,227,152,137,203
Fxyd1,0,0,0,0,1,0
Lgi4,0,0,0,0,1,0
Hpn,0,0,1,0,1,0
Scn1b,0,1,2,4,0,0
Gramd1a,8,15,31,11,13,25
G630030J09Rik,0,0,0,0,0,1
Uba2,8,9,34,18,12,11
Pdcd2l,2,2,2,6,0,0
Gpi1,26,57,82,50,45,70
Gm12758,0,0,1,0,0,0
4931406P16Rik,1,1,11,4,6,3
Lsm14a,13,11,18,20,7,23
Gm12764,1,0,0,0,0,0
Chst8,0,0,1,0,1,0
Pepd,3,4,6,7,1,5
Cebpg,6,3,20,14,9,11
Cebpa,0,0,8,7,7,6
Gpatch1,1,0,3,1,3,3
Rhpn2,0,0,1,0,0,0
Faap24,0,2,0,4,0,1
Cep89,1,1,0,1,1,1
Nudt19,3,3,9,9,7,7
B230322F03Rik,0,1,0,2,0,1
Ankrd27,1,0,4,3,0,2
Pdcd5,17,25,33,26,36,26
Dpy19l3,0,2,0,2,0,1
Zfp507,0,0,2,5,2,2
Gm26790,0,1,0,0,0,0
Tshz3,0,0,1,0,0,0
RP23-291B1.2,0,0,2,0,0,0
Uri1,5,5,21,9,8,6
Ccne1,2,0,1,3,2,0
1600014C10Rik,2,3,7,8,1,9
Plekhf1,1,1,1,2,3,1
Pop4,1,2,10,4,4,6
Zfp619,0,0,0,0,0,1
Gm37494,1,1,1,5,2,1
Gm26526,0,2,4,0,3,1
AI987944,0,3,6,1,4,6
AW146154,0,1,7,0,1,1
2610021A01Rik,0,2,1,2,1,0
Zfp788,4,0,2,2,1,2
Zfp141,2,0,4,0,3,0
9830147E19Rik,1,0,0,0,0,0
Gm5595,0,0,0,1,1,0
Zfp715,0,0,1,0,0,5
Siglecg,1,0,0,0,0,0
Nkg7,199,161,502,238,299,335
Etfb,5,9,22,14,17,7
Vsig10l,0,0,1,0,1,0
Cd33,0,0,9,6,6,2
Zfp658,1,0,0,2,1,1
Zfp719,0,0,1,0,0,0
Siglece,0,0,0,1,0,2
Ctu1,2,0,1,0,0,1
Klk9,0,0,0,0,1,0
Klk8,24,30,53,31,41,29
2410002F23Rik,3,3,4,6,7,7
Clec11a,0,0,1,0,0,0
Lrrc4b,0,0,0,1,0,0
Josd2,0,3,19,10,7,6
RP23-455C13.7,1,0,2,0,1,0
Emc10,21,21,45,25,22,19
Fam71e1,0,0,1,0,0,0
Spib,0,0,0,0,2,0
Pold1,2,1,2,2,2,5
Nr1h2,3,6,16,10,16,15
Napsa,2,2,2,6,5,1
Kcnc3,0,0,0,3,0,0
Zfp473,0,0,0,0,0,1
Vrk3,12,8,25,12,8,11
Atf5,0,1,2,0,6,1
Nup62,2,1,12,3,1,4
Il4i1,2,0,0,1,0,0
Tbc1d17,2,2,4,4,7,9
Akt1s1,0,1,7,2,4,5
Pnkp,2,5,12,1,7,10
Ptov1,5,1,9,4,6,5
Med25,2,9,10,9,4,3
Fuz,1,1,4,1,4,1
Ap2a1,2,3,11,3,2,6
Prmt1,16,12,23,12,15,20
Gm15545,0,0,1,1,1,1
Bcl2l12,2,1,1,2,3,2
Irf3,1,6,19,8,11,7
Scaf1,1,1,4,3,1,5
Rras,6,3,5,2,5,5
Prr12,2,5,9,8,9,10
Prrg2,0,1,2,1,2,0
Nosip,3,6,6,5,8,7
Rcn3,2,1,5,2,2,7
Fcgrt,2,4,0,3,4,0
Rps11,786,909,1908,922,1101,1173
Rpl13a,1139,1289,2722,1446,1543,1720
Flt3l,4,6,17,16,5,9
Aldh16a1,1,0,4,1,0,0
Pih1d1,1,1,3,5,1,6
Dkkl1,2,2,10,3,3,6
Tead2,0,0,0,1,0,0
Cd37,19,26,47,29,25,44
Trpm4,0,0,2,1,0,0
Snrnp70,9,17,40,28,31,17
Kcna7,0,0,0,1,0,0
Ruvbl2,2,1,10,8,8,5
Gys1,0,0,0,0,1,2
Ftl1,361,154,328,295,262,239
Bax,22,23,46,25,17,22
Nucb1,11,11,18,16,16,12
Ppp1r15a,19,34,54,31,36,28
Hsd17b14,0,0,0,0,0,1
Bcat2,1,3,5,1,3,1
Rasip1,1,0,0,0,0,0
Dbp,2,2,2,5,4,2
Sphk2,2,1,5,2,2,1
Rpl18,624,728,1494,802,772,994
Sult2b1,0,0,2,0,0,2
Lmtk3,1,0,1,1,1,1
Cyth2,8,7,18,7,10,12
Grwd1,0,0,4,3,3,0
Kdelr1,5,12,23,17,18,25
Tmem143,1,0,1,1,2,2
Emp3,45,56,94,65,79,45
Nomo1,2,3,3,3,0,2
Kcnc1,1,1,1,1,0,0
Sergef,1,3,1,2,0,3
Saal1,1,5,2,1,3,2
Hps5,0,1,2,2,4,3
Gtf2h1,1,0,6,4,5,5
Ldha,22,58,119,46,47,60
Tsg101,2,6,12,6,10,8
Uevld,1,1,1,0,1,0
Spty2d1,6,13,43,21,15,6
RP23-218K15.3,0,2,1,0,2,2
Tmem86a,0,0,6,7,3,1
Ptpn5,0,0,0,1,1,0
Zdhhc13,2,1,3,1,1,0
Nav2,1,0,9,6,5,1
RP23-378D16.4,0,0,0,2,1,0
Htatip2,4,5,4,5,3,6
Prmt3,2,2,5,3,7,7
Fancf,0,4,1,3,6,2
Gas2,0,1,1,1,0,1
Svip,1,0,2,0,1,0
Luzp2,0,0,1,2,0,0
Siglech,0,0,6,19,33,4
Tubgcp5,2,4,6,8,9,5
Cyfip1,5,5,5,17,9,8
Nipa2,6,6,11,10,6,3
Nipa1,0,1,3,2,0,2
Herc2,3,5,6,4,5,3
Atp10a,1,2,6,0,3,1
Ube3a,10,14,38,20,28,28
Gm38393,0,1,0,0,0,0
Snrpn,0,1,2,0,1,0
RP24-274B19.1,0,0,0,1,0,0
Ndn,0,0,0,0,1,0
Klf13,26,29,55,44,33,42
Trpm1,0,0,0,0,0,1
Mtmr10,0,2,1,2,3,0
Gm20457,0,0,0,1,0,0
Fan1,0,0,0,0,0,2
Mphosph10,7,12,15,9,11,7
Mcee,2,3,5,4,6,7
Apba2,0,0,1,0,0,0
Ndnl2,5,2,10,7,3,6
Tjp1,2,1,8,4,4,7
Tarsl2,0,0,1,0,1,1
Tm2d3,5,2,9,7,5,7
Pcsk6,0,0,0,0,0,1
Snrpa1,3,6,16,8,10,12
Vimp,9,8,19,18,22,18
Chsy1,11,6,17,10,9,8
Lrrk1,8,6,8,6,11,6
RP23-49I18.5,0,0,1,1,0,1
Asb7,1,0,2,2,1,1
Lins1,0,0,1,0,0,0
1700112J16Rik,1,0,0,0,0,0
Lysmd4,0,1,0,1,1,0
Mef2a,11,6,28,21,20,8
Lrrc28,0,0,3,1,2,1
Synm,0,0,2,0,1,0
Igf1r,0,4,8,3,1,4
Pgpep1l,1,0,0,0,0,0
Gm16157,0,0,0,0,0,1
Fam169b,8,20,20,10,10,17
Arrdc4,2,0,4,2,0,5
Mctp2,1,3,12,2,8,2
RP24-136L4.5,0,1,0,0,0,0
Rgma,0,0,0,1,0,0
Chd2,13,19,66,27,26,25
Fam174b,3,0,2,2,1,1
Slco3a1,12,17,31,23,14,27
Sv2b,0,0,0,0,1,0
Akap13,48,66,95,84,68,97
AU020206,11,11,39,37,25,21
Klhl25,0,1,3,1,5,0
Ntrk3,0,1,4,1,1,4
Mrpl46,1,5,11,5,4,0
Mrps11,2,4,9,4,4,6
Det1,1,1,5,0,1,1
Aen,0,3,11,6,3,6
Isg20,14,7,21,21,14,31
Mfge8,2,2,4,2,2,3
Abhd2,8,8,12,5,6,3
Fanci,0,0,0,0,0,1
Polg,1,3,3,5,1,3
RP23-207N5.4,0,0,0,0,1,0
Plin1,0,0,0,0,2,0
Ap3s2,1,2,8,1,2,4
Zfp710,2,0,6,8,4,2
Idh2,1,4,6,5,5,2
Sema4b,2,1,5,1,5,0
Cib1,4,4,15,6,8,9
Gdpgp1,0,1,1,3,4,1
Ngrn,3,4,5,5,1,5
Vps33b,2,2,1,3,1,0
Rccd1,4,2,4,2,1,0
Prc1,0,1,5,1,0,1
Unc45a,1,3,10,6,8,4
Hddc3,0,0,1,0,1,0
Man2a2,6,7,9,4,5,4
Fes,1,1,0,2,0,1
Furin,3,11,13,5,4,11
RP23-137A24.6,0,0,1,0,0,0
Blm,1,1,3,4,0,2
Crtc3,10,8,21,10,6,16
Iqgap1,50,54,81,29,43,33
Zscan2,1,2,8,1,0,0
Wdr73,0,1,2,1,1,1
Nmb,3,5,4,6,5,8
Sec11a,15,21,54,26,32,30
Zfp592,3,4,15,6,11,5
Pde8a,1,2,5,3,3,0
Rps17,147,193,378,156,225,103
Cpeb1,0,0,2,0,0,0
Ap3b2,1,0,0,0,0,0
2900076A07Rik,2,0,5,3,3,0
Whamm,5,5,6,2,6,3
Homer2,0,0,1,0,0,0
Fam103a1,10,15,31,22,17,27
3110040N11Rik,5,9,9,7,3,1
Btbd1,6,12,13,9,4,7
Tm6sf1,12,9,16,12,16,10
Hdgfrp3,9,8,21,10,13,13
Adamtsl3,0,0,0,1,0,0
Saxo2,0,0,0,0,1,0
Eftud1,3,5,5,5,1,4
Mex3b,0,3,1,0,4,1
Gm16638,0,0,1,0,1,1
Stard5,0,0,3,1,2,2
Il16,4,8,13,10,6,18
Mesdc1,0,1,4,6,2,2
Mesdc2,4,5,9,5,1,7
Abhd17c,2,0,2,1,1,3
Arnt2,0,4,3,1,1,0
Zfand6,20,23,34,30,20,27
Grm5,0,0,0,0,2,0
Ctsc,12,11,25,25,21,22
Gm26522,0,0,5,4,5,4
RP24-330M21.1,0,0,0,1,1,0
Tmem135,0,1,2,5,4,0
Fzd4,0,0,5,0,0,0
Me3,0,0,0,0,1,0
Ccdc81,0,1,0,0,0,0
l7Rn6,4,4,12,7,5,7
Eed,5,4,13,8,8,6
Picalm,10,19,44,29,31,18
Sytl2,3,6,12,7,5,5
Ccdc89,0,0,0,0,1,0
Crebzf,6,7,27,15,12,8
Tmem126a,7,8,16,8,2,3
Tmem126b,3,4,6,3,2,3
Dlg2,0,0,0,2,2,0
Ccdc90b,3,0,2,4,3,1
Pcf11,7,9,25,15,13,14
Gm26981,0,0,1,0,0,0
Rab30,0,0,1,0,6,0
Ddias,0,0,0,1,0,0
Prcp,3,4,13,2,5,4
Fam181b,0,1,0,0,0,0
Nars2,1,0,1,0,1,0
Gab2,0,0,0,2,1,0
Usp35,0,0,0,1,0,0
Kctd21,0,1,0,1,0,0
Alg8,0,0,2,1,0,4
Ndufc2,18,17,34,21,27,18
Thrsp,0,1,3,2,1,0
Ints4,0,0,3,2,1,2
Aamdc,3,4,17,3,7,5
Rsf1,5,14,16,14,11,19
Rsf1os1,1,0,0,1,0,0
Clns1a,5,8,29,12,13,15
Pak1,0,0,2,3,3,2
Myo7a,0,0,0,0,1,0
Acer3,0,1,1,4,3,0
Lrrc32,0,5,0,0,0,1
Emsy,4,10,11,9,8,13
Prkrir,3,5,9,3,4,7
Uvrag,7,5,10,9,12,6
RP23-16L19.4,0,1,0,0,0,0
Dgat2,0,1,0,0,0,0
Map6,0,1,0,0,0,0
Serpinh1,0,0,0,0,1,0
Gdpd5,1,0,2,2,0,0
Rps3,859,910,1816,1011,1008,1100
Arrb1,0,1,3,0,1,2
Tpbgl,1,1,1,1,1,3
Slco2b1,2,1,8,9,7,6
Neu3,1,0,0,1,0,0
Spcs2,24,39,89,52,58,53
RP23-428N8.3,0,0,1,0,1,0
Rnf169,3,4,1,2,3,2
Pold3,6,3,4,6,4,3
Pgm2l1,3,8,8,2,6,7
Ppme1,2,4,6,4,3,2
C2cd3,3,3,11,6,1,6
Gm10603,0,1,0,0,0,0
Ucp2,45,73,102,50,82,79
Dnajb13,0,1,0,1,2,1
Coa4,1,1,3,1,1,1
Mrpl48,5,7,9,10,7,6
Rab6a,8,4,11,5,9,13
Plekhb1,0,1,5,0,3,1
Fam168a,2,3,12,1,6,5
Relt,0,0,1,2,0,3
Arhgef17,0,1,0,0,0,0
P2ry6,1,0,0,4,8,2
Fchsd2,8,7,11,11,7,9
Atg16l2,2,6,10,4,3,8
Stard10,1,2,4,2,3,1
Arap1,2,1,4,1,5,2
Pde2a,3,9,4,2,2,1
Art2b,0,0,1,0,0,0
Clpb,1,0,2,3,3,2
Inppl1,1,0,0,1,2,0
Folr1,0,0,1,0,0,0
Anapc15,0,6,5,4,3,1
Lamtor1,13,9,28,13,18,20
Lrrc51,0,1,1,1,1,1
Numa1,9,9,23,15,12,13
Il18bp,3,1,1,0,2,0
Rnf121,1,1,5,4,5,2
Xndc1,1,2,2,2,3,1
Nup98,0,0,1,1,3,3
Pgap2,2,1,2,2,3,4
Rhog,10,8,41,22,24,25
Stim1,1,6,8,5,1,7
Rrm1,2,0,11,1,3,4
Trim21,1,1,0,1,1,1
Trim68,0,0,1,2,0,1
Hbb-bt,1,0,0,0,2,0
Hbb-bs,1,5,1,8,7,0
Trim34a,4,2,8,2,6,5
Trim5,3,4,12,7,10,5
Trim12a,15,9,22,18,23,25
Gm15133,0,1,1,0,0,0
Trim12c,6,7,9,13,18,18
Trim30c,0,2,0,0,0,0
Trim30a,13,8,11,13,13,18
Trim30d,3,1,7,7,5,5
Fam160a2,2,0,3,2,3,1
Prkcdbp,0,1,1,0,0,0
Smpd1,0,5,11,7,7,9
Apbb1,1,1,1,0,2,1
Trim3,2,0,4,0,1,0
Arfip2,2,2,4,3,2,1
Timm10b,10,8,29,19,19,17
Dnhd1,0,0,0,0,1,0
Rrp8,3,2,2,3,3,5
Ilk,9,9,16,7,12,16
Taf10,27,50,71,41,49,36
Tpp1,3,9,13,9,7,8
Dchs1,0,0,0,0,0,1
Mrpl17,4,4,6,12,11,2
Gm4070,4,3,7,5,5,3
Gvin1,1,1,4,5,4,1
Syt9,0,0,0,1,0,0
Olfml1,0,0,1,0,0,0
Ppfibp2,0,0,1,2,0,0
Eif3f,89,114,229,133,126,212
Tub,0,0,0,0,1,0
Ric3,0,0,1,1,0,0
Lmo1,0,1,5,0,0,3
Rpl27a,1106,1314,2463,1200,1456,1470
St5,0,0,2,0,0,1
Akip1,5,3,0,1,5,2
Tmem9b,12,9,27,14,11,24
Nrip3,0,0,1,0,0,0
Dennd5a,1,2,11,4,5,7
Tmem41b,0,5,6,6,1,4
Ipo7,2,4,12,4,10,4
AA474408,2,1,1,0,1,0
Zfp143,1,0,0,2,2,1
Wee1,0,0,0,0,2,0
Swap70,3,1,3,4,2,1
Sbf2,0,2,1,0,0,2
Ampd3,0,0,0,0,1,0
Rnf141,0,0,1,4,1,0
Mrvi1,0,0,0,0,0,1
Ctr9,4,3,8,8,1,2
Eif4g2,29,24,76,40,70,53
Usp47,4,0,8,3,7,7
Dkk3,0,0,0,1,0,0
Mical2,0,0,1,0,1,1
Parva,0,0,1,0,0,0
Arntl,0,5,2,0,0,2
Btbd10,1,2,2,5,5,2
Far1,5,6,23,5,3,9
Spon1,0,2,1,1,1,0
Rras2,5,7,9,10,10,7
Copb1,7,7,20,10,15,13
Psma1,6,17,36,21,22,19
4933406I18Rik,0,0,0,2,0,0
Pde3b,5,11,26,10,18,29
Calca,0,0,36,0,0,32
Insc,0,0,1,0,0,0
Sox6,0,0,1,0,0,0
1110004F10Rik,17,17,36,27,34,24
Plekha7,1,0,1,0,0,0
Rps13,920,1099,1987,1017,1189,1174
RP23-335G1.1,0,2,0,0,2,0
Pik3c2a,3,3,6,4,8,1
Nucb2,0,2,2,0,2,1
Xylt1,1,2,0,2,0,1
Rps15a,1379,1598,3204,1297,1820,2068
Arl6ip1,37,51,84,63,59,80
Smg1,15,11,14,12,13,10
RP23-213H1.2,0,0,0,0,0,1
Itpripl2,0,0,3,4,2,2
Coq7,1,1,6,1,0,2
Tmc7,0,0,0,0,0,1
Gde1,6,2,12,9,14,6
Ccp110,0,0,8,0,1,0
9030624J02Rik,2,1,4,1,5,4
Knop1,6,5,12,5,8,8
Iqck,0,0,0,0,0,1
Gprc5b,0,0,4,1,2,0
Thumpd1,2,5,10,7,3,2
Eri2,1,0,2,0,0,2
2610020H08Rik,1,2,4,7,4,3
Dcun1d3,2,0,4,3,1,3
Lyrm1,2,2,1,1,1,0
Tmem159,0,3,3,4,2,1
Uqcrc2,19,14,41,25,15,25
BC030336,8,9,17,8,5,10
Eef2k,0,2,7,2,7,4
Polr3e,1,0,2,1,1,0
Cdr2,1,1,2,7,0,1
Mettl9,2,5,20,8,5,9
Igsf6,0,0,0,0,0,2
Usp31,4,1,4,3,4,1
Cog7,0,0,1,3,3,2
Gga2,4,1,0,3,0,0
Ears2,2,1,2,4,3,2
Ubfd1,4,3,9,6,8,11
Ndufab1,23,27,43,23,26,19
Palb2,0,0,1,0,0,1
Dctn5,7,4,6,4,6,4
Gm15489,0,0,1,1,0,0
Plk1,0,0,1,0,0,0
Prkcb,4,3,8,9,13,6
Rbbp6,15,21,36,30,30,21
Tnrc6a,7,10,21,20,24,15
Arhgap17,6,5,28,16,12,8
Lcmt1,2,2,11,5,4,4
Kdm8,0,1,0,0,0,0
Nsmce1,9,7,26,9,8,12
Il4ra,11,7,25,11,15,17
Il21r,9,11,41,30,32,34
Gtf3c1,2,7,13,3,2,2
D430042O09Rik,3,1,0,2,0,2
Xpo6,3,10,10,6,4,7
Sbk1,0,0,5,0,0,0
Lat,67,68,134,80,66,125
Spns1,3,5,7,2,4,2
Nfatc2ip,3,1,3,4,2,1
Cd19,1,0,0,0,0,0
Rabep2,2,4,8,1,1,4
Sh2b1,4,6,14,9,8,8
Tufm,3,4,6,4,3,6
Atxn2l,18,19,36,18,18,19
Eif3c,14,32,54,31,25,20
Cln3,0,1,14,4,5,3
Apobr,0,0,1,2,0,1
Il27,0,0,0,1,0,0
Nupr1,0,0,0,2,1,1
2510046G10Rik,1,2,3,0,0,2
Sgf29,4,4,18,5,3,11
Sult1a1,0,0,0,0,2,1
Slx1b,0,1,3,1,1,6
Bola2,44,42,104,23,64,55
Coro1a,145,126,308,167,158,181
Mapk3,1,6,14,9,6,7
Gdpd3,0,0,0,0,1,0
Ypel3,22,22,62,31,44,79
Tbx6,0,0,0,0,1,1
Ppp4c,13,9,19,14,17,29
Aldoa,54,71,118,73,49,108
Ino80e,3,7,6,8,10,8
Hirip3,2,1,8,7,2,2
Taok2,2,6,7,1,10,7
Tmem219,4,7,7,6,3,13
Kctd13,8,2,14,7,11,5
Sez6l2,0,2,2,1,1,1
D830044I16Rik,0,0,1,0,0,0
Cdipt,2,11,21,13,14,9
Mvp,9,1,13,8,7,5
Pagr1a,0,0,1,0,0,0
Maz,8,8,22,19,12,16
RP23-142A14.9,0,0,1,0,0,0
AI467606,11,6,7,8,6,12
Qprt,1,0,0,1,0,0
Spn,14,18,31,20,17,18
Cd2bp2,5,4,11,8,7,5
Tbc1d10b,2,3,13,2,6,8
Mylpf,1,0,3,1,2,1
Sept1,24,46,89,59,52,52
Zfp553,1,1,3,3,2,1
Zfp771,3,3,5,9,6,5
Dctpp1,2,3,16,9,9,7
Sephs2,3,8,6,6,3,6
RP24-443B5.7,0,0,1,0,0,0
Itgal,19,32,50,30,30,20
Zfp768,0,0,1,1,0,0
Zfp747,1,0,1,1,2,1
9130019O22Rik,1,0,0,0,0,1
E430018J23Rik,0,0,2,0,0,0
Zfp764,0,2,1,1,1,1
Zfp688,0,3,1,1,1,1
RP23-4H17.3,0,0,0,0,1,0
Prr14,4,6,7,3,13,9
Fbrs,4,2,10,10,5,3
1700008J07Rik,0,1,1,1,0,0
Srcap,3,1,2,5,5,3
Gm42715,0,0,0,0,3,0
Phkg2,2,3,9,6,8,5
Ccdc189,0,1,2,1,0,0
Rnf40,0,1,1,0,4,2
Bcl7c,2,15,15,12,12,10
Fbxl19,0,0,0,0,1,0
Orai3,2,5,14,5,6,6
Setd1a,3,0,8,2,3,4
Stx4a,5,9,18,13,10,16
Zfp668,1,2,4,2,2,5
Zfp646,2,4,7,5,5,3
Prss53,0,0,0,0,1,0
Vkorc1,3,5,7,9,6,5
Bckdk,1,1,7,4,3,2
Kat8,3,3,4,3,7,2
Prss36,0,0,1,1,0,0
Fus,21,25,75,57,50,51
Gm26690,0,1,0,1,1,0
Pycard,14,19,30,25,30,20
Itgam,3,0,1,17,6,4
Itgam-1,0,0,0,0,1,0
Itgax,2,0,1,0,4,1
Itgad,0,0,1,0,0,0
Cox6a2,0,0,0,0,21,0
Armc5,0,3,4,1,0,0
Rgs10,30,30,72,76,50,54
Tial1,3,10,30,12,18,14
Bag3,2,4,2,3,3,0
Inpp5f,0,2,4,0,1,1
Mcmbp,10,6,21,14,6,10
Sec23ip,0,5,3,3,2,6
Wdr11,0,1,2,1,2,2
Fgfr2,0,0,5,0,2,0
Ate1,1,5,10,7,2,3
Nsmce4a,8,22,28,15,21,21
Tacc2,0,2,1,0,2,0
Plekha1,0,1,9,4,4,3
Htra1,0,0,2,1,3,0
2310057M21Rik,1,1,2,2,1,0
Pstk,5,8,6,5,4,8
RP23-78N8.4,0,0,1,0,0,0
Ikzf5,1,4,9,3,6,3
Acadsb,2,1,6,3,2,5
Bub3,7,14,30,18,13,22
Chst15,0,0,0,0,2,0
Oat,2,7,20,13,7,14
Lhpp,0,0,2,0,0,0
Fam53b,5,11,7,12,8,17
Mettl10,4,4,7,6,1,5
Fam175b,1,3,5,3,1,5
Zranb1,7,2,14,13,11,8
Ctbp2,0,1,0,4,1,0
Edrf1,0,0,4,2,2,1
Uros,0,3,2,3,3,1
Bccip,8,8,20,11,15,13
Dhx32,1,1,5,1,4,5
D7Ertd443e,1,0,0,0,1,0
Dock1,0,0,1,0,1,0
Ptpre,6,7,12,11,14,9
5830432E09Rik,0,2,2,0,1,0
Mki67,0,0,10,1,0,0
Mgmt,0,1,1,0,0,1
9430038I01Rik,1,0,1,5,4,2
Glrx3,12,7,30,19,17,29
Mapk1ip1,0,1,3,2,2,3
Ppp2r2d,3,3,8,9,9,7
Bnip3,2,0,5,4,3,5
Stk32c,0,0,5,2,1,1
Lrrc27,0,0,0,0,1,1
Pwwp2b,0,0,0,0,1,0
Inpp5a,0,1,2,2,0,1
Nkx6-2,0,0,2,0,3,1
Kndc1,0,0,0,1,1,0
Utf1,1,0,0,0,0,0
Gm2044,0,0,0,1,0,0
Adam8,11,1,4,2,5,1
Tubgcp2,1,3,2,5,3,3
Zfp511,9,2,13,7,7,13
Fuom,1,0,3,1,4,4
Echs1,5,3,15,11,12,7
Paox,1,1,2,3,4,3
Mtg1,2,0,6,1,2,3
Cd163l1,0,19,1,0,0,0
5830411N06Rik,1,0,0,1,0,0
Cyp2e1,0,0,1,0,0,0
Bet1l,6,6,11,6,11,8
Ric8,4,2,7,8,5,7
Sirt3,0,1,0,3,3,1
Psmd13,11,7,24,10,14,8
Athl1,1,0,1,1,0,2
Ifitm2,12,6,1,13,2,16
Ifitm1,24,2,0,35,0,17
Ifitm3,6,15,2,17,25,13
B4galnt4,1,0,1,0,1,1
Pkp3,16,21,23,25,26,26
Sigirr,3,3,14,6,6,7
Ptdss2,2,2,2,3,3,0
Rnh1,6,11,18,14,15,8
Hras,5,7,15,7,11,6
Lrrc56,0,1,1,0,0,0
Lmntd2,0,1,0,0,0,0
Rassf7,0,4,0,0,2,0
Phrf1,0,1,7,6,4,6
Irf7,5,5,5,4,6,22
Deaf1,2,1,5,1,2,3
Tmem80,1,2,14,7,2,6
Taldo1,19,29,65,33,31,30
Pddc1,10,4,7,3,8,15
Slc25a22,1,1,4,2,0,2
Rplp2,800,908,1770,670,1138,1001
Pnpla2,2,8,14,4,5,7
Cracr2b,0,0,1,0,0,0
Cd151,0,1,4,1,2,2
Polr2l,9,11,29,6,24,18
Tspan4,1,1,1,5,3,0
Chid1,2,2,3,2,3,4
Ap2a2,8,2,7,2,13,8
Gm16982,0,0,1,0,0,0
Tollip,3,4,5,3,0,2
Brsk2,0,0,0,0,1,0
Mob2,6,7,8,7,7,6
Dusp8,0,0,0,5,2,0
Ifitm10,3,6,17,8,17,17
Ctsd,49,53,167,195,183,124
Tnni2,0,0,0,1,0,0
Lsp1,69,51,96,59,80,89
Mrpl23,18,20,47,19,36,32
Igf2,0,0,2,0,0,0
Tspan32,2,5,20,5,3,6
Cd81,3,6,54,64,44,31
Tssc4,3,3,9,1,3,9
Kcnq1ot1,18,14,36,24,18,18
Cdkn1c,1,0,0,4,3,0
Nap1l4,15,14,21,18,12,14
Cars,1,2,5,6,5,0
Tnfrsf26,5,1,8,1,3,1
RP23-6I17.1,0,2,4,4,1,9
Tnfrsf22,0,0,0,0,0,2
Tnfrsf23,1,2,0,3,0,0
Osbpl5,2,0,1,3,3,1
Nadsyn1,1,0,3,0,0,1
Dhcr7,2,2,3,0,3,3
Shank2,0,0,1,0,0,0
Cttn,0,0,0,0,2,0
Ppfia1,2,4,7,5,3,5
Fadd,0,0,0,1,1,1
Oraov1,1,2,5,2,3,4
Ccnd1,2,0,0,4,11,0
Tpcn2,0,0,0,1,1,0
Ppp1r14c,0,2,0,0,0,0
Plekhg1,0,0,1,0,0,0
Mthfd1l,4,3,3,1,3,1
Akap12,1,0,0,0,0,3
Zbtb2,2,3,3,3,3,1
Gm21781,0,0,2,0,1,2
Rmnd1,2,3,2,6,3,3
Armt1,2,5,1,1,1,3
Esr1,0,0,0,0,1,0
Syne1,5,7,4,4,5,1
Fbxo5,0,0,4,1,0,0
Mtrf1l,0,1,3,5,3,1
Ipcef1,7,12,20,3,7,11
Cnksr3,0,0,1,0,0,0
Ulbp1,0,0,2,0,0,1
Lrp11,0,1,0,0,0,0
Pcmt1,6,8,27,20,14,17
Nup43,0,2,2,0,1,3
Lats1,2,2,4,3,6,5
Katna1,8,5,9,9,10,7
Ginm1,3,5,8,6,3,10
B430219N15Rik,0,0,1,0,0,0
Ppil4,11,4,15,10,2,6
Zc3h12d,5,1,0,0,2,4
Tab2,12,13,30,14,13,16
Ust,1,0,2,1,0,1
Sash1,0,0,2,0,0,0
Stxbp5,3,0,7,2,5,3
Adgb,0,0,0,0,1,0
Rab32,1,1,0,0,1,1
Grm1,0,0,1,0,0,0
Shprh,4,4,10,0,6,3
Fbxo30,3,1,0,1,0,0
Epm2a,0,0,1,1,0,0
Utrn,7,11,10,4,11,15
Stx11,0,4,2,3,2,2
Sf3b5,12,32,45,27,30,30
Plagl1,0,0,1,0,0,0
Ltv1,5,3,9,5,2,2
Phactr2,0,1,2,3,3,2
Fuca2,3,1,6,7,2,5
Pex3,1,5,6,6,9,11
Adat2,0,1,2,1,0,0
Aig1,2,3,11,3,4,3
Hivep2,5,8,13,6,9,13
Vta1,4,6,15,9,5,5
Cited2,23,19,58,40,48,26
Heca,9,3,14,8,7,2
Abracl,34,47,60,41,59,35
Reps1,3,5,10,7,5,5
Ccdc28a,0,1,4,2,1,5
Gm10827,0,3,1,0,0,0
Nhsl1,0,0,1,0,0,0
Perp,2,0,0,0,1,1
Tnfaip3,79,72,212,114,94,93
Ifngr1,75,150,221,111,111,226
Il22ra2,0,0,0,0,0,1
Slc35d3,0,1,0,0,0,0
Pex7,1,2,6,9,3,3
Map3k5,1,1,0,2,1,1
Map7,0,1,5,4,1,1
4933406P04Rik,0,1,0,1,0,0
Bclaf1,11,18,27,18,20,27
Pde7b,0,0,1,0,0,0
Ahi1,1,3,6,3,5,1
Myb,0,0,1,0,2,0
Hbs1l,1,1,2,4,3,5
1700021A07Rik,0,0,0,1,0,0
Sgk1,5,8,47,12,27,8
E030030I06Rik,5,1,6,1,0,1
Gm26740,25,41,51,30,34,43
Slc2a12,1,0,2,0,2,2
Tbpl1,2,6,15,14,14,8
Rps12,933,1173,2153,895,1235,1352
Slc18b1,0,0,0,0,1,0
Stx7,7,4,7,11,12,6
Enpp1,1,1,1,4,6,2
Med23,1,0,0,2,4,4
Akap7,0,0,0,0,0,1
Epb41l2,2,5,11,13,14,7
Samd3,2,6,23,5,7,2
L3mbtl3,2,4,7,3,5,2
Arhgap18,3,1,8,2,5,0
Lama2,0,1,0,0,0,0
Ptprk,0,0,0,1,1,0
Themis,7,17,34,19,28,29
9330159F19Rik,0,0,1,0,0,0
Echdc1,1,0,4,2,3,0
Rnf146,6,8,11,10,9,9
Cenpw,1,5,8,3,4,0
Trmt11,0,2,3,1,2,1
Hint3,8,3,13,4,8,14
Ncoa7,12,5,1,6,5,7
Hddc2,1,4,10,5,3,7
Tpd52l1,0,0,0,0,0,1
Nkain2,0,0,3,0,1,0
Zufsp,1,1,3,0,7,3
Rwdd1,20,24,54,24,35,30
Fam26f,9,4,18,4,3,32
Dse,2,2,10,3,8,6
Tspyl1,8,8,9,10,6,5
Nt5dc1,2,5,3,6,4,6
Gm26564,0,0,1,2,0,0
Tspyl4,1,2,5,1,1,2
Hdac2,6,9,14,7,5,9
Marcks,20,1,5,63,21,18
Fam229b,0,0,1,0,0,0
Tube1,0,1,0,0,0,0
Fyn,14,40,47,26,34,30
Traf3ip2,3,4,7,4,4,5
Rev3l,6,5,16,3,2,6
AA474331,1,0,2,0,1,0
Slc16a10,0,0,1,1,2,0
Rpf2,2,1,7,5,7,4
Gtf3c6,8,8,10,9,4,6
Amd1,9,12,23,25,34,20
Cdk19,2,6,7,0,8,1
Cdc40,10,11,13,10,12,8
Fig4,2,1,4,2,3,1
Ak9,0,0,0,1,0,0
Zbtb24,0,3,2,1,3,1
Mical1,5,6,11,2,8,13
Smpd2,2,1,1,2,2,2
Ppil6,0,0,0,0,1,0
Cd164,16,31,55,35,42,38
Ccdc162,0,0,1,0,0,1
Cep57l1,2,0,4,5,3,2
Sesn1,6,2,9,6,5,3
Armc2,0,0,0,2,0,1
Foxo3,7,3,8,5,6,8
Snx3,17,28,45,35,24,38
Nr2e1,0,1,0,0,1,0
Ostm1,5,0,4,4,5,3
Sec63,1,7,6,6,10,9
Gm26860,0,0,1,0,0,0
Scml4,3,3,5,1,2,1
Pdss2,2,1,0,0,2,2
Bend3,0,0,0,0,1,0
1700021F05Rik,3,0,0,1,1,2
Cd24a,0,1,0,1,1,0
Qrsl1,0,0,1,0,3,2
Rtn4ip1,0,2,1,0,1,0
Aim1,4,8,13,8,12,6
Atg5,5,2,12,13,6,6
Prdm1,5,5,5,3,5,5
Prep,2,0,4,1,1,1
Hace1,1,2,6,4,1,2
Grik2,0,0,0,0,1,0
Ascc3,5,4,16,6,6,3
Lilr4b,6,10,16,6,7,12
Lilrb4a,6,6,20,7,10,15
Gopc,2,3,3,3,1,2
Nus1,5,4,13,5,8,2
Cep85l,0,1,1,2,1,0
Mcm9,0,0,6,1,3,1
Asf1a,3,7,14,12,8,5
Man1a,12,4,21,12,11,6
Tbc1d32,1,0,1,0,0,0
Msl3l2,0,0,0,2,2,0
Gja1,0,1,1,0,2,0
Hsf2,1,0,1,0,4,2
Serinc1,10,25,34,20,25,15
Pkib,8,2,0,0,1,0
Fabp7,0,1,2,1,0,0
Smpdl3a,25,33,49,34,22,37
Gcc2,1,6,13,10,8,5
Lims1,5,8,20,18,17,8
Ranbp2,6,7,13,8,7,8
Ccdc138,0,0,0,0,1,0
Sept10,3,0,2,0,0,0
Sowahc,2,0,3,4,1,5
P4ha1,1,6,12,1,6,7
Gm10273,0,0,0,3,0,0
Mcu,3,3,2,3,1,2
Micu1,0,4,3,4,3,4
Dnajb12,0,3,2,2,2,3
Ddit4,2,3,10,4,4,2
Anapc16,10,14,15,11,17,12
Ascc1,3,2,7,4,5,11
Spock2,0,0,2,1,1,1
Chst3,2,0,0,0,0,0
Psap,21,15,53,54,70,48
Cdh23,0,0,1,0,0,2
Vsir,13,9,32,32,34,28
Slc29a3,1,2,1,8,4,7
Unc5b,0,0,0,0,1,0
Pcbd1,0,0,0,1,0,0
Sgpl1,2,4,8,1,5,1
Prf1,3,1,3,1,3,2
Pald1,1,0,2,4,3,1
Eif4ebp2,0,7,6,7,5,8
Lrrc20,0,0,0,0,0,1
Ppa1,8,4,12,13,7,5
Sar1a,2,11,19,17,18,18
Tysnd1,0,5,7,4,1,2
Aifm2,0,0,0,1,4,0
2010107G23Rik,0,0,3,0,0,0
Hk1,2,8,9,5,10,11
Hk1os,0,0,1,2,1,0
Supv3l1,0,1,0,2,2,1
4930507D05Rik,0,0,0,1,0,0
Vps26a,4,1,8,3,5,5
Srgn,210,246,375,259,247,386
Kif1bp,1,5,8,4,1,5
Ddx21,20,13,51,19,48,22
Ddx50,3,4,21,9,6,6
Ccar1,10,11,20,13,12,12
Tet1,1,0,1,0,0,0
Slc25a16,0,0,1,3,1,4
Rufy2,2,1,4,3,4,2
Hnrnph3,9,2,26,15,11,16
Pbld2,0,1,1,0,3,0
Herc4,6,9,19,8,9,14
Sirt1,2,4,5,9,4,0
Dnajc12,2,1,3,2,2,3
Reep3,1,4,17,18,10,6
Jmjd1c,7,8,24,13,14,14
Nrbf2,7,2,9,8,4,2
Egr2,5,0,3,8,4,5
Ado,3,3,4,7,6,3
Zfp365,0,0,2,1,0,0
Arid5b,1,5,13,8,6,4
Rhobtb1,0,0,0,0,3,0
A930033H14Rik,0,0,0,1,0,1
Cdk1,0,1,3,1,0,1
Ank3,1,0,2,0,4,0
Ccdc6,3,5,9,1,6,2
Fam13c,0,0,0,1,0,0
Phyhipl,0,0,7,1,0,1
Tfam,5,5,15,10,7,11
Ube2d1,4,8,16,6,10,10
Cisd1,2,6,11,2,8,4
Ipmk,0,2,0,5,5,2
Gm9923,0,0,0,0,1,0
Zwint,7,9,20,9,10,9
Pcdh15,0,0,0,0,1,0
Gnaz,0,0,1,0,0,0
Rab36,0,0,0,0,1,1
Bcr,1,0,5,3,1,2
Specc1l,0,0,4,0,1,3
Adora2a,2,5,11,2,4,3
Gucd1,1,0,1,2,0,0
Upb1,0,0,0,0,2,0
Snrpd3,18,18,39,28,34,28
Lrrc75b,1,0,0,0,1,1
Ggt1,0,0,3,0,2,0
Ggt5,0,0,1,0,2,1
Cabin1,2,4,4,9,7,5
Ddt,7,6,20,9,10,6
Gstt2,1,2,2,2,2,2
Mif,45,78,135,78,77,69
Derl3,0,0,1,0,0,0
Smarcb1,2,7,7,4,8,9
Mmp11,0,0,0,1,0,1
Chchd10,7,7,18,11,3,10
Gm867,0,1,0,0,0,0
Zfp280b,0,0,3,1,0,2
Prmt2,1,1,5,5,2,6
S100b,0,1,2,2,1,1
Dip2a,1,1,2,1,2,1
Pcnt,2,3,7,6,2,2
Ybey,0,0,1,1,0,0
Mcm3ap,1,4,2,1,3,0
Lss,0,0,3,1,0,0
Pcbp3,0,0,1,0,0,0
Slc19a1,3,0,0,7,2,3
Pofut2,3,9,6,9,4,6
Adarb1,0,0,0,2,0,0
Fam207a,2,4,9,3,2,5
Itgb2,27,26,58,23,58,25
Pttg1ip,5,11,18,5,10,9
Sumo3,9,7,20,15,10,10
Ube2g2,3,6,21,3,7,11
Lrrc3,0,1,1,2,1,1
Trpm2,0,0,0,1,1,0
1810043G02Rik,0,1,0,0,1,1
Pfkl,2,1,7,3,3,12
Icosl,1,0,0,3,3,0
D10Jhu81e,4,4,8,7,11,6
Pwp2,0,1,3,1,0,0
Trappc10,4,3,15,7,6,4
Agpat3,6,4,15,14,12,7
Gm10146,0,0,0,0,0,1
Rrp1,13,10,21,15,13,26
Cstb,28,12,13,10,12,11
Pdxk,1,1,6,3,3,2
Ilvbl,7,2,4,4,2,9
Syde1,0,0,1,0,0,0
2610008E11Rik,1,0,5,1,1,2
Plpp2,1,0,1,1,0,1
Mier2,1,2,3,3,3,4
Tpgs1,3,5,2,5,4,3
Cdc34,2,8,11,10,8,6
Gzmm,0,2,5,1,6,1
Bsg,23,18,56,30,25,42
Hcn2,0,0,1,0,1,0
Polrmt,2,1,3,1,1,2
Rnf126,3,5,11,8,7,10
Fstl3,0,0,0,0,1,0
Palm,1,1,1,2,0,1
Ptbp1,9,12,40,20,19,21
Med16,1,3,2,1,2,5
R3hdm4,9,9,17,16,16,16
Arid3a,0,1,2,2,0,1
Wdr18,7,2,4,7,7,9
Tmem259,4,6,9,12,8,8
Cnn2,38,33,69,35,55,67
Abca7,3,7,5,5,6,2
Hmha1,47,28,80,44,64,59
Polr2e,11,10,28,20,18,22
Gpx4,54,55,118,71,73,81
Sbno2,1,0,1,1,0,0
Stk11,3,5,15,10,12,9
Cbarp,0,1,5,2,2,2
Atp5d,33,38,91,66,58,55
Midn,8,9,24,16,7,9
Cirbp,11,16,27,21,29,19
1600002K03Rik,1,3,3,5,1,4
Mum1,2,2,6,1,10,0
Ndufs7,17,21,45,29,27,31
Gamt,0,0,3,1,1,0
Dazap1,8,8,22,15,11,11
Rps15,431,526,1082,467,655,649
Apc2,0,0,0,0,1,0
2310011J03Rik,7,6,12,4,7,6
Pcsk4,0,2,1,0,0,0
Plk5,0,0,0,0,1,0
Mex3d,2,0,7,3,1,3
Mbd3,7,9,24,11,18,6
Uqcr11,16,20,56,22,41,42
Tcf3,3,3,15,8,13,4
Rexo1,9,4,8,10,9,10
Klf16,0,1,6,4,1,1
Abhd17a,7,10,19,14,15,12
Adat3,0,1,0,0,0,0
Csnk1g2,12,14,21,8,21,6
Btbd2,4,2,5,3,9,5
Mknk2,9,12,36,16,21,14
Gm26541,0,0,1,1,4,0
Mob3a,4,7,12,6,5,13
Izumo4,6,2,12,7,16,12
Ap3d1,5,2,1,6,7,7
Dot1l,3,4,6,13,4,10
Plekhj1,11,12,39,20,25,18
Sf3a2,5,3,11,7,9,5
Amh,0,0,0,0,0,1
Oaz1,105,135,317,196,189,200
Lsm7,5,6,16,4,15,12
Sppl2b,1,0,0,1,0,2
Timm13,20,23,46,23,27,28
Lmnb2,1,1,3,0,0,2
Gadd45b,92,43,121,113,48,132
Gng7,0,0,1,0,0,0
Slc39a3,0,1,2,3,1,2
Sgta,7,5,14,4,6,7
Thop1,0,1,1,0,2,1
Map2k2,16,13,39,16,24,32
Zbtb7a,9,13,29,25,23,27
Pias4,3,2,10,2,1,5
Eef2,141,155,350,208,219,408
Dapk3,2,3,19,7,6,5
Atcayos,1,0,0,0,0,1
Nmrk2,1,0,0,0,0,0
Atcay,0,0,0,1,0,0
Zfr2,0,0,1,2,3,2
Matk,2,0,2,4,6,2
Mrpl54,9,5,13,10,17,11
Apba3,0,0,3,0,1,2
Tjp3,0,1,1,0,1,1
Pip5k1c,3,3,7,4,8,7
Cactin,0,3,0,1,2,2
Tbxa2r,5,3,8,4,7,8
Hmg20b,6,4,13,10,6,9
Mfsd12,0,0,0,1,1,2
4930404N11Rik,0,0,0,0,2,0
Fzr1,0,0,2,3,5,4
Dohh,4,2,16,9,7,3
Smim24,2,0,0,3,1,1
Nfic,1,1,8,7,3,4
Celf5,0,0,0,0,1,1
Ncln,1,0,0,2,3,6
S1pr4,8,12,19,8,19,14
Gna15,5,11,10,14,11,5
Gna11,1,6,9,4,6,6
Aes,70,82,156,93,105,117
Tle2,2,0,0,0,1,0
BC025920,1,0,1,0,0,1
Sirt6,1,1,1,1,1,1
Ankrd24,0,0,0,0,1,0
Zfp433,2,1,2,1,1,0
Zfp873,0,3,0,0,0,0
AU041133,0,3,2,1,0,4
Zfp938,1,4,4,0,1,0
Gm4924,2,0,1,0,0,0
1190007I07Rik,3,6,13,8,9,5
Tdg,2,2,5,1,4,3
Hcfc2,1,2,7,2,2,1
Nfyb,3,9,22,15,7,17
Txnrd1,11,7,12,8,6,5
Chst11,2,7,6,1,5,1
Slc41a2,0,0,0,1,1,0
D10Wsu102e,2,2,6,5,4,6
A230046K03Rik,2,6,10,6,9,6
Appl2,0,2,2,3,4,1
1500009L16Rik,0,6,5,0,0,1
Nuak1,0,0,2,7,0,1
Ckap4,0,0,0,1,0,0
Tcp11l2,8,14,19,9,6,14
Gm17249,2,0,2,1,0,1
Polr3b,1,1,5,1,3,1
Ric8b,1,1,5,3,2,4
Tmem263,3,4,3,7,4,4
Mterf2,0,0,0,1,1,0
Cry1,2,2,2,4,4,4
Btbd11,3,0,2,3,5,0
Pwp1,0,2,7,5,4,3
Prdm4,0,1,0,1,1,1
Rtcb,9,8,27,11,15,18
A230060F14Rik,0,1,0,0,0,0
Fbxo7,3,3,6,0,2,5
Timp3,0,1,0,0,1,0
1810014B01Rik,2,0,2,0,0,1
Hsp90b1,27,57,88,53,71,48
Fabp3-ps1,0,0,0,0,1,0
Nt5dc3,4,0,0,1,0,0
Pmch,0,0,0,0,1,0
Nup37,2,1,6,5,3,3
Ccdc53,4,12,14,9,12,13
Dram1,0,0,0,0,1,0
Gnptab,4,3,5,5,5,3
Chpt1,3,4,7,4,4,3
Arl1,11,13,19,14,7,13
Utp20,2,2,4,1,5,0
Ano4,0,1,0,1,0,0
Scyl2,1,1,2,2,2,5
1500026H17Rik,0,0,0,0,1,0
Actr6,1,2,4,6,2,0
Uhrf1bp1l,0,2,7,2,4,3
Anks1b,0,0,2,0,1,0
Apaf1,1,4,4,0,5,2
Ikbip,1,0,2,1,4,0
Slc25a3,68,57,138,82,94,79
Tmpo,15,12,40,13,14,16
Nedd1,2,3,9,1,5,4
Cfap54,0,0,0,1,0,0
Cdk17,7,12,19,15,15,20
Elk3,4,5,11,5,11,3
Lta4h,3,10,21,15,12,10
Hal,0,0,2,0,0,0
Amdhd1,1,0,0,0,0,1
Ccdc38,0,0,1,1,2,0
Snrpf,57,56,121,50,93,69
Metap2,7,12,26,15,15,21
Vezt,1,0,1,2,0,0
Fgd6,0,0,0,1,1,0
Nr2c1,1,2,1,1,1,0
Ndufa12,15,16,45,17,28,31
Tmcc3,6,0,6,9,6,2
Cep83os,1,0,0,0,1,0
Cep83,3,2,8,3,2,2
Plxnc1,2,1,1,2,2,1
Cradd,0,1,2,1,4,2
Socs2,4,8,19,4,9,10
Mrpl42,7,8,17,11,14,18
Ube2n,3,9,21,18,18,11
Nudt4,3,10,12,10,8,5
Eea1,5,5,4,4,2,3
Btg1,298,360,652,403,416,367
Atp2b1,20,29,45,39,19,25
Poc1b,0,3,1,2,0,2
Galnt4,0,1,0,2,0,3
Phxr2,0,0,0,0,1,0
Dusp6,6,2,14,8,13,13
Tmtc3,0,1,1,2,0,1
Cep290,0,0,1,2,3,1
4930430F08Rik,0,2,2,1,3,0
Tmtc2,1,0,0,2,1,0
Mettl25,0,1,0,2,0,0
Ccdc59,3,7,19,7,10,10
Ppp1r12a,13,12,33,12,21,26
Pawr,0,0,0,0,1,0
Nav3,0,1,1,11,0,1
E2f7,0,0,2,0,0,0
Csrp2,2,1,1,3,3,0
Zdhhc17,1,2,7,2,3,3
Rpl6l,1,3,4,3,2,1
Osbpl8,5,2,8,2,3,5
Bbs10,1,0,0,0,0,0
Nap1l1,11,17,56,36,21,23
Phlda1,5,4,11,3,4,16
Krr1,6,6,15,4,9,4
Glipr1,13,15,23,20,20,24
Atxn7l3b,11,13,21,29,16,19
Tbc1d15,5,7,8,1,8,8
Rab21,3,8,22,17,9,11
Tmem19,1,2,3,4,1,3
Thap2,4,5,4,1,3,7
Zfc3h1,1,6,11,6,5,6
Ptprb,0,0,0,0,1,0
Kcnmb4,0,2,1,0,2,3
Kcnmb4os2,0,0,0,1,0,0
Cnot2,4,6,18,8,6,7
Rab3ip,4,2,11,1,6,0
Cct2,24,28,77,39,36,38
Frs2,1,1,2,3,1,1
Yeats4,7,9,20,10,8,14
Lyz2,0,1,4,26,6,4
Cpsf6,8,13,18,11,12,17
Cpm,2,2,4,2,0,2
Mdm2,3,4,13,11,9,8
Slc35e3,1,0,3,0,1,0
Nup107,2,3,4,4,1,0
Rap1b,42,53,95,58,60,65
Ifng,134,63,147,141,84,79
Dyrk2,1,0,6,7,1,6
Cand1,3,2,10,4,5,8
Helb,3,5,4,1,0,0
Irak3,1,2,1,1,3,2
Tmbim4,6,6,14,25,15,16
Llph,6,15,42,26,18,24
Lemd3,4,0,6,1,5,4
Tbc1d30,1,0,0,1,0,0
Gns,1,1,4,8,9,6
Rassf3,4,2,0,4,2,0
Tbk1,2,7,12,4,10,9
Xpot,2,1,10,0,1,2
Srgap1,1,0,0,0,0,0
Tmem5,5,4,8,9,7,6
Ppm1h,3,8,17,15,10,14
Mon2,2,0,8,2,4,2
Usp15,7,7,9,6,13,5
Slc16a7,0,0,0,0,4,0
Lrig3,0,0,0,0,1,0
Xrcc6bp1,0,0,0,2,2,0
Ctdsp2,3,7,10,10,7,7
Tsfm,6,4,4,2,2,6
Mettl1,2,4,5,2,10,4
March9,0,1,1,1,4,3
Cdk4,13,11,45,21,19,29
Tspan31,6,9,24,9,10,16
Agap2,0,1,1,3,1,0
Os9,12,8,27,15,13,24
B4galnt1,35,30,73,42,31,67
Dtx3,6,5,11,4,13,2
Pip4k2c,5,1,4,5,1,3
Kif5a,0,0,0,1,6,1
Dctn2,6,9,18,7,15,13
Mbd6,1,2,6,4,2,1
Ddit3,6,2,17,12,11,16
Mars,3,2,3,1,9,5
Arhgap9,10,14,34,21,21,20
R3hdm2,2,4,11,11,13,4
Stac3,0,0,1,0,0,0
Shmt2,5,1,10,2,11,5
Lrp1,1,0,0,4,5,1
Stat6,3,4,9,7,8,10
Nab2,2,5,5,1,5,2
Tmem194,0,0,2,0,2,2
Zbtb39,0,0,0,0,1,1
Prim1,1,1,7,3,4,3
Naca,189,277,425,247,253,282
Ptges3,20,32,55,25,37,37
Atp5b,54,90,142,95,97,90
Baz2a,4,9,17,13,18,12
Rbms2,2,5,13,2,4,5
Spryd4,1,0,0,1,2,1
Gm26847,0,0,1,0,0,0
Timeless,1,1,3,1,0,1
Stat2,1,1,2,2,1,3
Pan2,2,2,2,2,2,1
Cnpy2,7,5,21,10,11,8
Cs,3,5,12,2,8,11
Coq10a,3,3,6,2,3,4
Ankrd52,0,2,2,0,0,2
Slc39a5,0,0,1,0,0,0
Nabp2,3,5,8,9,6,14
Rnf41,0,3,3,2,2,2
Smarcc2,5,8,14,5,11,9
Myl6,156,157,289,154,147,139
Myl6b,0,1,1,0,1,1
A430046D13Rik,1,3,7,2,4,3
Esyt1,5,16,30,19,20,28
Zc3h10,1,1,4,3,0,2
Rpl41,758,877,1709,560,1315,1133
Pa2g4,12,16,28,12,15,27
Erbb3,0,1,1,1,1,1
Rps26,402,477,907,307,531,501
Ikzf4,0,2,0,4,1,1
Suox,0,1,1,0,0,4
Rab5b,3,4,15,0,2,6
Cdk2,1,2,0,1,0,0
Dgka,13,19,17,7,9,25
Pym1,5,7,7,4,2,9
Tmem198b,0,0,0,0,1,0
Dnajc14,3,2,6,4,4,3
Ormdl2,1,7,11,6,14,13
Sarnp,10,20,36,20,29,21
Gdf11,1,3,6,3,1,2
Cd63,16,2,10,16,8,6
Rdh5,1,2,2,3,0,1
Bloc1s1,17,16,30,11,24,21
Itga7,0,1,0,0,0,0
Tespa1,3,10,23,7,18,6
Insr,1,1,1,3,3,2
A430078G23Rik,8,11,3,1,5,3
Arhgef18,5,6,15,5,14,3
Pex11g,2,0,0,0,0,4
Zfp358,1,0,1,1,1,2
Mcoln1,2,2,0,1,1,3
Pnpla6,1,1,0,1,1,0
Camsap3,0,0,0,1,0,0
Xab2,2,3,15,3,9,4
Pet100,18,12,24,9,21,12
Stxbp2,5,4,8,3,6,7
Mcemp1,2,0,0,0,0,0
Trappc5,3,10,14,7,10,6
Evi5l,1,1,4,1,1,0
Map2k7,1,2,7,6,4,2
Snapc2,1,1,4,1,1,2
Ctxn1,0,1,1,1,2,0
Timm44,4,3,13,7,3,3
Elavl1,13,17,32,21,24,23
Ccl25,0,4,0,1,2,0
Cers4,6,10,28,24,24,12
Zfp958,3,4,5,3,4,0
Shcbp1,0,0,1,0,0,0
Efnb2,0,0,1,0,0,1
Arglu1,26,30,69,35,25,19
Fam155a,0,0,0,0,2,0
Lig4,1,1,0,0,0,0
Abhd13,1,0,2,2,1,0
Tnfsf13b,1,0,0,2,2,0
Irs2,5,8,18,12,10,10
Rab20,5,2,14,13,5,11
Carkd,0,3,8,2,8,3
Cars2,1,2,0,0,2,3
Ing1,5,11,25,19,7,15
Ankrd10,11,4,14,19,10,10
Arhgef7,3,2,0,2,1,1
Tubgcp3,0,2,1,2,1,2
Atp11a,0,3,3,0,1,0
Mcf2l,0,0,0,0,1,0
Pcid2,2,0,11,3,0,2
Cul4a,0,0,4,0,5,2
Lamp1,18,26,60,46,40,32
Dcun1d2,3,1,5,4,0,2
Tmco3,2,2,4,1,4,3
Tfdp1,1,0,1,0,0,0
Gas6,1,0,0,2,1,0
Rasa3,6,7,11,4,14,5
Cdc16,0,6,4,1,3,4
Upf3a,2,5,5,1,3,8
Champ1,0,0,4,0,0,0
Coprs,0,0,1,0,0,0
Fbxo25,5,2,4,3,3,1
Tdrp,3,0,4,1,1,1
Erich1,5,2,8,8,9,6
Cln8,2,2,3,1,7,1
Arhgef10,1,1,1,1,2,1
Kbtbd11,5,21,22,6,7,5
5830468F06Rik,2,4,5,1,0,4
Mcph1,2,2,3,0,1,1
Angpt2,0,0,1,0,0,0
Agpat5,3,6,8,9,5,2
Gm6483,2,5,5,3,1,4
Gm26853,2,3,7,3,6,3
Gm21092,8,8,25,15,6,11
Alg11,0,2,0,5,2,0
Nek3,1,1,0,0,1,0
Vps36,7,10,15,11,8,6
Slc25a15,1,0,0,2,1,1
Mrps31,2,2,4,5,3,2
Smim19,2,9,5,5,5,8
Slc20a2,1,1,1,0,1,2
Gm17491,4,3,1,1,1,2
Vdac3,8,12,32,10,13,21
Polb,4,4,7,6,4,5
Gm26909,1,0,1,0,1,0
Ikbkb,25,21,24,13,16,24
Plat,0,2,0,0,0,0
Ap3m2,1,0,2,4,1,1
1700041G16Rik,0,0,1,1,1,1
Kat6a,9,9,17,10,11,14
Gpat4,2,1,5,5,5,5
Gins4,2,7,10,3,5,6
Golga7,8,12,16,7,18,6
Sfrp1,0,0,1,0,0,0
1810011O10Rik,0,0,0,1,0,0
Ido1,0,0,0,1,0,1
Adam9,0,0,2,1,3,0
Tm2d2,6,6,13,11,5,5
Plekha2,4,10,10,8,10,10
Tacc1,3,7,13,10,10,22
Fgfr1,0,0,0,0,2,1
Letm2,1,3,3,3,1,4
Whsc1l1,22,31,58,39,27,48
Plpp5,2,0,0,3,0,1
Ddhd2,2,2,15,6,4,6
Bag4,1,1,6,5,5,4
Lsm1,5,12,13,11,11,7
Ash2l,1,7,21,5,6,3
Hgsnat,0,4,4,2,3,2
Pomk,0,0,0,1,1,0
Fnta,4,8,18,7,3,12
Hook3,4,2,16,8,11,6
Rnf170,3,2,4,0,5,4
Thap1,1,0,3,1,3,3
Zfp703,2,1,7,7,7,6
Erlin2,1,0,0,1,3,3
Prosc,3,3,8,5,12,8
Adgra2,0,0,0,0,1,0
Brf2,0,0,0,1,1,0
Rab11fip1,0,4,2,2,0,1
Eif4ebp1,6,1,6,3,7,8
Dusp26,0,0,0,1,1,0
Rnf122,0,1,2,0,0,0
Tti2,1,1,1,0,1,4
Mak16,4,6,8,8,9,7
Fut10,0,0,0,0,1,0
Nrg1,0,0,1,0,0,0
Wrn,4,9,7,3,5,8
Purg,0,0,2,0,1,0
Ppp2cb,15,15,26,15,16,16
Ubxn8,1,1,6,5,4,6
Gsr,2,4,6,8,4,3
Gtf2e2,5,4,7,3,6,5
Rbpms,1,1,0,1,1,1
Gm9951,0,0,0,1,0,0
Dctn6,6,9,10,6,10,10
Leprotl1,37,42,76,46,40,54
Saraf,59,59,164,89,93,104
Gm29243,2,3,8,0,13,3
Dusp4,0,1,3,2,1,1
Tnks,0,0,2,1,2,1
Ppp1r3b,1,1,3,5,1,3
Eri1,2,2,12,2,5,6
Mfhas1,4,1,6,1,2,1
D8Ertd82e,2,0,6,2,3,2
Lonrf1,1,0,0,1,1,2
Tusc3,1,6,10,6,2,7
Micu3,1,3,1,5,3,4
Zdhhc2,3,5,7,3,3,5
Cnot7,4,3,9,10,17,4
Vps37a,0,6,5,7,6,9
Mtmr7,0,0,2,0,0,0
Mtus1,0,2,3,7,4,2
Pcm1,9,12,15,9,5,3
Asah1,8,2,5,11,7,3
Frg1,15,13,28,13,22,21
Fat1,0,0,1,0,0,0
Cyp4v3,3,2,2,7,0,4
Tlr3,0,0,0,1,0,0
1700029J07Rik,0,1,2,0,0,0
Ufsp2,1,6,5,5,1,3
Ankrd37,1,0,2,0,0,1
Snx25,1,2,3,3,1,3
Cfap97,4,4,6,6,4,4
Gm15634,0,0,0,0,1,0
Slc25a4,24,45,54,35,49,33
Acsl1,1,1,1,4,3,3
Cenpu,0,0,0,0,1,0
Primpol,2,1,6,1,2,0
Casp3,1,0,3,3,1,1
Irf2,15,12,29,29,32,22
Stox2,0,0,1,0,1,0
Trappc11,3,4,3,1,6,1
Rwdd4a,8,2,5,6,4,4
Ing2,2,4,16,7,14,7
AA386476,0,0,0,2,1,1
Cdkn2aip,4,4,6,4,4,0
Wwc2,0,0,1,1,2,0
Dctd,1,1,0,0,0,2
Tenm3,0,0,0,1,0,0
Aga,0,2,5,5,4,0
Spcs3,7,11,12,4,9,9
Gpm6a,0,1,1,0,1,0
Hpgd,0,0,1,5,22,5
Cep44,4,5,5,3,4,4
Fbxo8,4,2,10,2,9,5
Sap30,5,6,12,7,11,4
2500002B13Rik,0,1,0,0,0,0
Hmgb2,51,64,144,58,52,65
Galnt7,6,9,17,15,10,9
2700029M09Rik,11,10,20,14,8,5
Clcn3,4,6,9,4,6,3
Nek1,1,3,3,0,0,0
Sh3rf1,0,0,1,0,0,1
Cbr4,1,1,1,2,1,1
Palld,2,0,0,0,0,0
Ddx60,3,6,4,4,2,2
Spock3,0,0,3,0,3,0
Cpe,1,8,6,3,11,0
Msmo1,5,2,3,5,3,1
Klhl2,5,1,4,4,1,1
Tmem192,1,2,6,4,3,7
March1,1,2,1,0,2,1
Tma16,2,2,5,3,5,1
Naf1,0,2,2,4,4,4
Nat2,0,0,0,0,0,1
Psd3,0,0,0,0,1,0
Csgalnact1,0,2,0,0,0,0
Ints10,0,0,2,3,1,4
Lpl,0,0,1,1,2,0
Atp6v1b2,9,5,4,5,5,11
Lzts1,0,0,0,0,2,0
Zfp930,1,0,1,1,1,1
D130040H23Rik,0,0,2,0,0,0
Gm10311,0,1,1,0,0,0
Zfp868,2,1,3,2,5,2
Zfp964,0,0,0,0,1,0
Zfp869,1,1,0,0,0,0
Zfp963,0,0,2,0,1,1
Zfp866,1,0,2,1,1,0
Atp13a1,2,0,3,4,4,3
Gmip,6,5,15,17,11,9
Lpar2,0,0,0,0,1,1
Pbx4,1,2,1,0,0,0
Yjefn3,0,0,1,0,2,1
Ndufa13,53,64,118,49,86,70
Gatad2a,7,7,11,8,5,12
Mau2,1,7,10,9,9,12
Sugp1,1,2,2,3,2,0
Ncan,3,0,1,0,1,0
Rfxank,2,2,9,0,2,1
Nr2c2ap,5,5,10,9,4,6
Borcs8,6,7,10,2,10,7
Tmem161a,4,1,6,1,4,4
Slc25a42,0,0,1,1,2,1
Armc6,1,2,1,1,1,0
Sugp2,0,4,3,2,2,1
Homer3,1,0,0,0,0,0
Ddx49,5,3,6,4,5,5
Cope,12,9,32,29,22,26
Upf1,5,6,12,6,3,5
Crtc1,1,0,2,0,0,2
Klhl26,0,0,1,2,2,3
Tmem59l,0,0,2,0,0,0
2810428I15Rik,13,13,21,19,19,21
Uba52,585,394,939,211,597,556
Kxd1,8,14,24,18,17,23
Fkbp8,13,16,30,20,29,20
Ell,0,2,4,4,3,1
Isyna1,7,10,10,6,13,7
Ssbp4,10,11,26,22,23,24
Lrrc25,1,1,0,2,3,0
Pgpep1,1,0,2,0,0,1
Lsm4,14,25,55,33,43,27
Jund,129,197,414,341,298,309
Rab3a,1,0,1,1,1,0
Mpv17l2,3,4,6,3,7,5
Ifi30,18,9,10,17,6,16
Pik3r2,2,0,0,1,1,1
2010320M18Rik,0,1,0,0,0,0
Mast3,6,5,20,6,14,6
Il12rb1,3,4,1,0,0,1
Arrdc2,2,2,4,2,3,1
Ccdc124,7,8,20,8,12,12
Rpl18a,939,1172,2352,1234,1322,1507
Map1s,0,2,4,0,3,0
Haus8,2,2,6,4,4,3
Myo9b,4,4,10,11,5,3
Use1,26,26,44,21,24,26
Ocel1,5,1,6,7,6,5
Nr2f6,4,0,8,2,4,2
Ushbp1,0,0,1,0,0,0
Babam1,3,10,11,10,8,11
Ankle1,0,0,1,0,0,0
Abhd8,6,17,28,15,12,13
Mrpl34,8,9,22,8,7,12
Dda1,4,13,17,7,13,14
Ano8,0,0,1,0,0,0
Gtpbp3,1,1,5,1,1,2
Bst2,21,19,42,30,66,41
Mvb12a,8,6,11,12,8,8
Slc27a1,0,1,3,2,4,0
Pgls,21,23,49,29,35,23
Fam129c,0,1,2,0,3,1
Colgalt1,2,5,10,11,9,3
Unc13a,0,0,0,0,1,0
Jak3,1,4,7,10,0,4
Fcho1,1,5,8,3,3,4
Zfp709,0,0,0,1,0,0
Zfp882,0,0,2,2,1,0
Zfp617,0,1,1,0,1,1
Zfp961,0,1,0,1,1,3
Tpm4,20,25,37,35,22,17
Gm26586,0,0,2,0,0,0
Rab8a,18,25,38,22,25,38
Hsh2d,1,1,0,1,0,0
Fam32a,16,16,25,12,14,25
Ap1m1,5,7,14,5,3,4
Gm10282,0,1,0,0,0,0
Klf2,58,140,142,99,86,95
Eps15l1,0,0,4,3,3,3
1700030K09Rik,1,0,1,1,0,0
Cherp,1,1,10,3,3,3
Slc35e1,1,4,3,2,3,3
Med26,0,2,2,0,1,1
Smim7,5,6,13,6,16,8
Sin3b,12,22,34,33,22,20
F2rl3,0,0,0,0,1,0
Large,0,0,3,0,1,0
Hmgxb4,2,4,1,0,3,4
Tom1,0,4,1,0,1,0
Hmox1,1,0,1,6,4,1
Mcm5,2,1,5,3,2,4
Nr3c2,0,1,2,2,1,0
Arhgap10,5,3,8,2,1,2
0610038B21Rik,0,0,2,0,0,0
Prmt10,2,0,2,1,1,3
Tmem184c,0,0,2,1,1,1
Rbmxl1,8,4,15,17,10,9
Slc10a7,2,1,3,1,2,0
Lsm6,11,18,31,12,14,17
Zfp827,1,1,3,1,0,1
Mmaa,0,0,0,0,0,3
Gm4890,0,1,2,2,0,0
Smad1,2,2,2,3,3,2
Otud4,4,3,14,3,9,7
Abce1,1,6,13,3,7,10
Anapc10,2,3,16,5,6,5
Smarca5,17,20,30,14,19,14
Gab1,1,0,3,0,2,0
Usp38,4,3,5,7,3,3
Inpp4b,18,9,52,30,23,25
Il15,1,1,1,3,1,5
Zfp330,4,8,10,8,4,11
Tbc1d9,0,1,1,1,2,0
Elmod2,0,1,1,2,0,2
Clgn,0,0,1,1,0,0
Scoc,1,0,8,9,11,14
Ndufb7,22,20,50,30,39,40
Tecr,18,25,44,26,26,32
Dnajb1,22,13,52,41,17,28
Gipc1,3,5,3,3,2,1
Pkn1,4,12,26,22,9,9
Ddx39,2,3,16,11,16,6
Adgre5,11,12,54,7,26,16
Adgrl1,3,2,2,2,3,3
Gm10644,0,0,1,0,0,0
Asf1b,0,0,2,1,3,1
Prkaca,5,3,4,4,3,3
Samd1,1,2,10,6,2,3
Il27ra,8,3,23,4,5,8
Gm10643,0,0,0,1,0,0
C330011M18Rik,1,0,2,0,0,0
Rfx1,1,1,10,1,3,0
Dcaf15,1,3,4,4,6,3
Podnl1,1,1,4,3,0,2
Cc2d1a,1,1,1,0,1,2
4930432K21Rik,0,0,0,0,1,1
Nanos3,0,0,0,0,0,1
Gm26532,8,19,41,30,32,70
Zswim4,0,2,1,2,2,0
D8Ertd738e,47,53,103,53,52,60
Mri1,5,11,12,13,17,12
Ccdc130,2,0,1,3,2,1
Cacna1a,0,2,2,0,0,1
Gm16183,0,0,0,1,0,0
Ier2,64,82,154,132,133,91
Gm26664,0,0,1,0,0,0
Nacc1,1,3,6,7,3,4
Trmt1,0,3,6,10,6,3
Nfix,4,2,11,4,1,3
Lyl1,0,1,1,7,0,1
G430095P16Rik,3,0,4,2,1,2
Dand5,1,0,0,1,2,1
Gadd45gip1,9,5,17,13,10,11
Rad23a,10,9,17,12,17,11
Calr,45,49,86,64,63,69
Farsa,2,8,6,5,4,13
Syce2,1,2,2,0,2,1
Gcdh,0,4,2,3,2,4
Dnase2a,1,2,3,2,4,3
Mast1,0,0,1,0,0,0
Rnaseh2a,2,3,0,3,2,8
Prdx2,25,41,48,32,42,29
Junb,315,325,826,808,574,666
Hook2,0,0,0,0,3,0
Asna1,2,4,7,4,5,4
2310036O22Rik,23,32,54,32,28,34
Tnpo2,2,2,0,4,3,1
Fbxw9,1,0,0,0,0,1
Dhps,9,7,16,12,6,9
Wdr83,0,3,4,2,3,8
Wdr83os,13,16,40,17,31,22
Man2b1,5,9,18,24,17,10
Vps35,6,2,15,7,8,5
Orc6,0,3,5,1,9,3
4921524J17Rik,3,18,10,9,10,1
Gpt2,0,1,0,1,1,0
Dnaja2,37,17,54,30,36,27
Neto2,0,0,2,0,1,0
Itfg1,0,2,6,2,2,4
Phkb,1,1,6,2,3,5
Lonp2,6,3,12,10,10,5
Siah1a,4,6,18,8,1,8
Gm10638,1,0,0,0,0,0
N4bp1,4,4,8,10,14,9
Cnep1r1,0,3,6,1,6,0
Heatr3,1,2,6,3,1,1
Papd5,3,2,7,7,6,8
Adcy7,17,6,12,4,12,14
Brd7,5,7,11,8,8,9
Nkd1,0,0,0,0,1,0
Snx20,3,7,12,12,11,5
Nod2,0,1,0,1,0,0
Cyld,6,10,21,16,23,12
Sall1,0,0,1,6,1,1
Chd9,2,1,13,6,3,7
Rbl2,5,4,7,10,8,8
Aktip,0,0,5,2,0,0
Rpgrip1l,0,1,0,1,0,0
Fto,5,4,9,3,6,7
Crnde,0,0,0,0,0,1
Irx5,0,1,0,0,0,0
Lpcat2,0,0,14,11,8,10
Gnao1,0,0,11,0,1,1
Amfr,4,8,13,5,13,14
Nudt21,15,15,28,15,16,18
Ogfod1,0,0,1,2,2,0
Bbs2,0,0,2,0,1,1
Mt3,1,14,3,4,8,1
Mt2,1,4,1,1,2,1
Mt1,4,44,15,34,22,2
Nup93,2,0,3,3,2,3
Slc12a3,0,1,0,0,1,0
Herpud1,22,12,28,16,38,21
9330175E14Rik,1,2,2,1,1,5
Nlrc5,7,8,13,6,13,5
Cpne2,5,0,1,1,0,0
Fam192a,3,5,10,6,4,6
Rspry1,4,0,2,9,3,5
Arl2bp,7,17,25,19,13,14
Pllp,0,0,19,0,3,0
Ccl22,1,0,0,0,0,0
Ciapin1,5,3,13,2,6,3
Coq9,3,0,5,0,3,1
Polr2c,12,14,18,12,16,18
Dok4,0,0,0,1,0,0
Ccdc102a,1,3,2,2,1,2
Adgrg5,4,5,5,5,5,3
Adgrg1,4,0,6,10,12,6
Adgrg3,0,1,1,1,4,1
Katnb1,0,7,6,0,2,0
Kifc3,0,0,0,1,1,0
Zfp319,1,0,2,0,1,0
Usb1,5,0,3,2,4,5
Cfap20,2,0,7,5,6,4
Csnk2a2,1,6,10,4,5,3
Ndrg4,0,0,2,0,0,0
Setd6,1,3,4,1,2,2
Cnot1,5,8,16,9,7,9
Gm10094,1,3,0,0,2,1
Slc38a7,0,1,0,2,1,1
Got2,3,3,12,5,8,4
Cdh11,0,0,0,1,0,0
Gm8730,5,8,12,5,4,4
Tk2,1,3,10,11,3,5
Cklf,6,8,11,9,10,9
Cmtm3,1,0,3,4,5,1
Cmtm4,1,0,1,2,1,1
Dync1li2,0,0,6,5,4,2
Nae1,7,5,18,9,5,14
Pdp2,0,0,2,1,2,1
Rrad,2,8,14,19,11,14
Fam96b,7,9,31,19,15,19
Cbfb,7,12,15,12,9,6
D230025D16Rik,1,1,2,3,3,1
B3gnt9,0,0,1,0,0,1
Tradd,3,5,9,7,3,7
Fbxl8,2,2,6,3,2,3
Hsf4,0,0,0,0,0,1
Nol3,0,0,0,1,0,0
4931428F04Rik,0,0,1,0,0,0
E2f4,8,7,14,10,5,16
Elmo3,0,0,1,0,0,0
Lrrc29,0,1,1,1,0,0
Tmem208,4,15,29,13,16,16
Fhod1,1,2,1,1,3,1
Slc9a5,0,0,1,0,0,0
Tppp3,1,2,0,1,4,0
Zdhhc1,0,1,0,1,0,0
Atp6v0d1,9,9,12,8,8,13
Agrp,1,0,0,0,0,0
Fam65a,1,0,2,1,3,2
Gm5914,2,0,6,0,0,2
Ctcf,17,20,38,27,19,15
Rltpr,1,0,4,2,3,0
Acd,2,3,7,1,3,9
Pard6a,4,2,4,4,2,3
Enkd1,0,1,0,0,0,0
Gfod2,0,1,2,0,3,1
Ranbp10,1,3,4,4,5,2
Cenpt,0,0,2,0,2,0
Thap11,2,3,3,4,4,5
Nutf2,2,2,6,6,3,5
Edc4,2,2,7,3,5,1
Nrn1l,0,0,1,0,0,1
Pskh1,2,1,2,2,3,6
Ctrl,0,1,0,1,0,0
Psmb10,20,23,58,45,42,56
Lcat,1,0,0,0,1,0
Slc12a4,0,1,1,1,0,0
Dus2,0,3,2,1,0,1
Ddx28,2,0,3,0,4,2
Nfatc3,6,12,16,10,16,13
Pla2g15,0,1,3,3,8,4
Slc7a6,1,0,8,3,5,2
Slc7a6os,4,4,5,5,2,7
Prmt7,8,1,6,3,5,5
Smpd3,0,0,1,0,0,0
Zfp90,0,0,1,1,3,2
Gm10073,26,36,51,39,15,17
Cdh1,4,3,10,10,13,5
Tango6,0,2,1,2,2,2
Chtf8,6,4,13,4,6,7
Cirh1a,2,4,3,1,4,3
Sntb2,0,2,7,5,4,3
Vps4a,5,2,2,1,2,3
Pdf,0,0,1,0,0,0
Cog8,1,3,9,4,3,6
Nip7,7,3,8,6,6,9
Terf2,2,5,5,0,7,5
Cyb5b,6,6,11,7,13,2
Rps18-ps3,1,1,2,2,0,2
Nfat5,2,9,21,9,14,14
Nqo1,0,0,0,1,0,0
Nob1,4,6,7,4,1,6
Wwp2,2,5,3,2,2,1
Rps26-ps1,3,1,4,3,3,0
Psmd7,7,12,23,12,11,7
Zfhx3,1,0,7,16,9,4
Dhx38,2,4,3,2,6,1
Txnl4b,0,0,2,0,1,1
Dhodh,0,1,1,1,1,2
Pkd1l3,0,1,1,0,0,0
Ist1,3,2,5,6,4,6
Zfp821,0,0,2,0,4,0
Atxn1l,0,0,1,2,2,3
Ap1g1,6,2,10,6,4,5
Phlpp2,0,1,1,3,1,1
Cmtr2,1,0,1,2,0,1
Vac14,0,1,5,4,5,3
Mtss1l,0,1,2,2,0,1
Sf3b3,5,3,15,4,8,13
Cog4,4,6,4,5,3,2
St3gal2,0,0,3,2,4,1
Ddx19a,3,1,8,5,6,7
Ddx19b,1,1,5,2,0,0
Aars,7,11,18,12,11,7
Pdpr,1,0,0,0,1,1
Glg1,7,5,17,4,8,18
Rfwd3,1,3,4,1,3,2
Mlkl,0,0,0,0,0,1
Fa2h,0,1,5,0,2,0
Wdr59,0,0,1,0,0,1
Znrf1,14,13,30,15,13,20
Ldhd,0,1,2,0,0,0
Zfp1,0,4,4,8,9,6
Bcar1,0,0,1,0,0,0
Cfdp1,11,12,27,15,16,22
Tmem170,0,0,0,0,1,0
Chst5,0,1,0,0,0,0
Gabarapl2,29,31,79,36,45,55
Adat1,0,0,0,0,3,1
Kars,7,5,14,14,10,12
Terf2ip,4,9,6,2,0,3
Gm6793,0,1,3,0,0,1
Cntnap4,0,0,1,0,0,0
Mon1b,0,1,7,2,0,3
Nudt7,1,2,3,0,0,2
Wwox,0,2,1,2,0,0
Gm16118,0,0,0,0,1,0
Maf,3,24,24,38,33,26
Dynlrb2,0,0,0,2,0,0
Cdyl2,0,1,4,3,1,1
Cmc2,9,1,5,5,9,5
Cenpn,0,0,1,0,0,0
Atmin,0,1,3,3,1,1
Gcsh,1,1,3,2,0,0
Gan,0,2,7,2,0,0
Cmip,2,12,23,22,23,25
Plcg2,0,0,0,4,3,2
Sdr42e1,0,0,1,1,0,1
Mphosph6,5,5,11,6,3,7
Hsbp1,7,15,23,15,14,17
Mlycd,2,2,4,4,4,5
Osgin1,0,1,2,4,1,1
Mbtps1,3,4,6,3,0,4
Hsdl1,0,2,8,6,1,3
Taf1c,1,2,2,4,1,2
Cotl1,52,66,97,86,74,97
Klhl36,0,1,4,2,2,1
Usp10,2,6,5,1,2,2
Zdhhc7,2,0,4,4,6,4
A130014A01Rik,1,1,2,1,3,0
6430548M08Rik,1,0,0,0,0,0
Gse1,2,0,5,7,3,4
Gins2,4,0,2,1,2,0
1190005I06Rik,1,0,1,1,0,0
Emc8,4,5,10,5,4,3
Cox4i1,95,133,238,145,133,150
Irf8,11,0,2,21,32,7
Mthfsd,1,0,2,2,1,1
Foxc2,1,0,0,0,0,0
5033426O07Rik,0,0,1,0,0,0
Fbxo31,1,3,5,1,4,4
Map1lc3b,35,51,86,40,29,53
Zcchc14,0,3,1,0,1,0
Klhdc4,1,3,6,4,6,1
Gm26812,0,1,0,0,0,0
Slc7a5,2,0,5,0,0,3
Gm27011,0,0,1,0,0,0
Banp,1,3,7,3,5,10
Zfpm1,1,5,8,4,4,4
Zc3h18,1,5,6,4,4,6
Cyba,89,63,169,146,109,123
Mvd,7,0,4,1,0,3
Snai3,0,0,4,1,2,3
Rnf166,7,11,33,18,7,23
Ctu2,2,2,8,2,2,2
Piezo1,2,3,5,5,3,2
Cdt1,5,0,11,8,8,10
Aprt,17,31,52,24,28,31
Galns,1,0,1,1,0,1
Trappc2l,7,13,17,11,17,16
Cbfa2t3,1,0,0,2,0,0
Acsf3,0,0,1,2,0,0
Ankrd11,30,42,91,63,56,71
Spg7,3,4,7,5,5,2
Rpl13,1257,1584,3033,1588,1682,1827
Cpne7,0,0,4,0,0,0
Chmp1a,8,17,20,8,17,20
Spata33,1,0,0,0,0,0
Cdk10,0,2,6,4,4,2
Spata2l,0,1,2,0,0,0
Vps9d1,0,1,2,3,2,1
Zfp276,1,0,1,1,1,1
Tcf25,22,36,52,23,30,37
Tubb3,0,0,0,0,1,0
Def8,0,1,1,1,0,2
Afg3l1,5,3,8,9,6,7
Gas8,0,1,1,1,2,1
Rhou,0,0,0,0,1,0
Rab4a,2,4,3,3,7,2
2810455O05Rik,0,0,1,0,0,0
Ccsap,0,2,3,3,1,4
Nup133,3,1,3,1,2,1
Abcb10,0,0,2,0,1,0
Taf5l,2,1,6,4,3,7
Urb2,0,1,0,0,1,0
Pgbd5,0,0,1,0,0,0
Cog2,2,1,7,3,4,3
Agt,0,0,1,0,0,0
Capn9,0,0,0,0,1,0
2310022B05Rik,1,0,3,1,2,1
Ttc13,1,2,5,7,5,3
Arv1,0,0,1,1,0,0
Fam89a,1,1,0,1,0,0
2810004N23Rik,4,2,9,1,9,4
Gnpat,2,3,5,2,5,5
Exoc8,0,4,3,0,0,2
Egln1,8,8,21,13,13,15
Tsnax,9,8,17,13,13,6
Disc1,0,0,1,1,2,1
Gm16237,0,0,0,0,1,0
Sipa1l2,0,1,1,2,1,0
Map10,0,0,1,0,0,0
Ntpcr,1,1,4,16,7,4
Kcnk1,1,0,2,0,0,0
Coa6,5,5,13,10,4,4
Gm17296,0,0,1,0,1,0
Gm26759,2,1,2,2,1,2
Irf2bp2,21,18,61,27,37,28
Tomm20,56,54,112,73,66,56
Rbm34,3,6,4,4,7,4
Pard3,0,1,4,1,0,1
Nrp1,3,9,10,12,11,8
Itgb1,29,34,69,41,46,56
2610044O15Rik8,2,2,4,1,3,1
Gm3488,0,0,0,1,2,0
Gm3248,0,0,0,1,0,0
Gm3468,0,0,2,0,1,0
Gm3667,0,1,0,0,1,0
Gm3739,0,0,0,1,0,0
Flnb,0,2,3,2,1,1
Abhd6,0,0,8,4,2,1
Rpp14,1,2,3,1,4,5
Pxk,2,4,5,3,4,5
Pdhb,9,5,16,7,14,10
Kctd6,1,0,0,0,3,1
Fam107a,1,0,3,1,1,0
Fhit,1,0,1,0,0,0
Gm3839,1,0,2,0,1,2
Ptprg,0,0,1,0,0,0
3830406C13Rik,3,9,10,4,6,12
Gm11100,0,0,0,1,0,0
Thoc7,7,11,23,9,13,14
Atxn7,4,5,8,5,3,7
Psmd6,8,10,25,8,5,7
Il3ra,0,1,4,2,1,5
Slc4a7,2,6,4,5,7,7
Oxsm,0,0,2,0,0,1
Ngly1,3,10,18,15,11,11
Top2b,11,7,38,16,13,8
Thrb,0,0,1,0,1,0
Nr1d2,4,6,6,3,4,2
Rpl15,343,413,799,371,412,408
Nkiras1,2,3,5,0,2,2
Ube2e1,10,9,19,15,21,17
Ube2e2,0,0,3,0,1,1
Gm21738,0,0,1,0,0,0
Nid2,0,0,0,0,0,1
2700060E02Rik,21,38,61,38,35,36
Gng2,22,25,41,32,30,23
Saysd1,3,6,5,4,7,5
Kcnk5,1,0,3,2,4,1
Nudt13,0,1,3,2,0,0
Ecd,4,5,10,4,1,4
Fam149b,0,4,5,2,1,1
Dnajc9,9,9,30,20,24,13
Mrps16,17,13,48,31,21,26
Anxa7,4,4,20,9,11,17
Mss51,0,0,3,3,0,0
Ppp3cb,3,7,17,11,11,7
1810062O18Rik,0,0,1,0,1,0
Usp54,0,0,1,1,1,0
2810402E24Rik,1,2,2,3,6,1
Sec24c,2,4,7,6,6,4
6230400D17Rik,1,0,1,0,0,0
Fut11,0,1,4,1,2,1
Chchd1,12,11,32,13,9,12
Zswim8,2,3,3,2,6,2
Ndst2,1,1,1,2,0,2
Camk2g,4,2,10,7,8,9
Plau,0,0,0,1,1,0
Vcl,2,0,0,0,0,0
Ap3m1,1,1,4,3,1,5
Adk,0,7,3,3,5,2
Kat6b,4,4,8,5,2,3
Samd8,2,2,3,1,5,1
Vdac2,24,30,57,44,30,33
Comtd1,6,7,1,2,6,2
Kcnma1,0,0,1,0,0,0
Dlg5,0,0,2,1,0,2
Polr3a,0,0,2,3,3,0
Rps24,1877,2441,4728,2046,2437,2824
Gm26660,0,0,1,0,1,0
Zmiz1os1,1,0,0,0,0,0
Zmiz1,7,5,26,16,18,7
Ppif,3,2,9,4,5,8
Zcchc24,0,0,6,1,1,1
Anxa11,11,12,22,8,14,15
Slmap,2,1,6,7,5,4
Dennd6a,1,3,7,3,1,2
Arf4,22,18,51,36,35,37
Pde12,1,3,6,5,3,5
Appl1,6,12,10,7,2,9
Il17rd,0,0,0,0,1,1
Arhgef3,10,3,12,8,6,6
Fam208a,1,5,13,12,2,3
Ccdc66,0,0,1,2,1,2
Selk,37,49,88,73,56,49
Actr8,1,3,8,3,2,4
Chdh,0,0,1,0,0,0
Cacna1d,0,1,0,1,0,0
Dcp1a,1,1,4,4,3,1
Tkt,14,15,37,26,25,24
Prkcd,2,2,7,8,8,10
Rft1,0,1,2,2,1,0
Sfmbt1,0,0,4,2,3,2
Tmem110,1,2,2,2,3,1
Spcs1,11,23,36,23,25,22
Glt8d1,1,3,2,4,5,2
Gnl3,9,6,16,15,15,6
Pbrm1,14,12,37,22,19,30
Smim4,6,10,14,8,20,8
Nt5dc2,0,0,1,0,1,1
Stab1,1,0,4,1,0,1
Nisch,11,19,34,27,18,20
Phf7,0,1,0,0,1,0
Bap1,1,1,5,5,5,2
Capn7,8,6,10,5,4,5
Sh3bp5,7,6,21,2,2,14
Mettl6,1,0,4,4,1,2
Eaf1,2,2,3,2,4,2
Hacl1,1,1,1,1,2,0
Btd,1,0,2,2,2,4
Ankrd28,0,0,2,1,0,0
Dph3,12,14,26,11,14,13
Oxnad1,1,5,2,1,1,3
Ncoa4,0,1,1,4,1,0
Timm23,1,4,4,1,1,0
Parg,2,2,6,2,2,1
Ercc6,0,1,1,0,1,1
1810011H11Rik,0,0,6,4,3,8
Wdfy4,0,0,0,0,0,1
Arhgap22,0,0,0,1,1,1
Mapk8,1,1,10,4,3,5
Rpl23a-ps3,19,9,18,11,6,7
Fam35a,1,0,1,2,2,1
Glud1,14,10,18,20,14,9
Bmpr1a,0,4,2,3,1,2
Ldb3,0,0,1,0,0,0
Wapl,7,19,34,15,22,14
Ccser2,5,1,5,5,4,4
Ghitm,13,19,37,20,18,18
Tspan14,3,12,11,10,5,8
Fam213a,2,3,9,3,4,1
Ptger2,0,0,2,0,0,1
Txndc16,3,0,5,0,1,1
Ero1l,3,9,22,9,9,6
Psmc6,12,11,28,17,14,11
Styx,1,0,1,0,0,0
Gnpnat1,2,1,11,5,10,3
Fermt2,0,3,1,1,1,0
Gm15601,0,0,0,1,0,0
Ddhd1,4,3,3,5,2,3
Cnih1,3,4,13,10,5,11
Gmfb,10,4,9,12,8,7
Gm10101,0,0,0,0,2,0
Cgrrf1,1,2,2,1,3,2
Gch1,7,6,12,10,6,8
Wdhd1,1,0,1,3,0,0
Socs4,3,1,12,1,4,3
Mapk1ip1l,1,8,14,7,3,5
Lgals3,42,15,45,19,18,81
Dlgap5,1,0,3,0,0,1
Fbxo34,0,2,2,6,2,2
Atg14,1,0,1,0,3,3
Ktn1,15,6,17,9,12,7
Peli2,0,0,1,2,4,0
Tmem260,2,0,3,3,1,2
Exoc5,6,8,13,9,11,7
Ap5m1,2,3,4,3,2,2
Naa30,2,2,11,5,9,2
Ttc5,2,4,10,11,2,6
Parp2,1,4,6,6,5,5
Tep1,0,1,2,3,2,0
Gm26782,0,0,0,1,1,3
Osgep,10,6,15,6,15,11
Apex1,1,0,2,5,4,3
Tmem55b,3,4,16,4,11,13
Pnp,2,9,20,27,19,13
Rnase4,1,3,7,20,12,9
Ang,2,0,1,8,7,1
Rnase6,0,0,1,1,8,0
Ear14,0,0,1,0,0,0
Mettl17,1,0,0,2,2,0
Slc39a2,0,0,1,0,0,0
Ndrg2,0,5,4,0,0,1
Arhgef40,0,0,0,2,2,2
Zfp219,0,1,4,2,2,2
Hnrnpc,19,39,64,41,37,31
Rpgrip1,7,12,9,9,9,8
Supt16,5,9,18,13,10,10
Chd8,5,14,15,10,16,10
Rab2b,0,3,3,1,5,4
Tox4,12,7,13,16,13,5
Mettl3,3,2,5,6,7,4
Sall2,0,1,0,1,0,0
Gm43647,0,0,1,0,0,1
Dad1,50,83,119,63,73,72
Abhd4,0,0,5,0,2,2
5330426L24Rik,0,2,1,0,2,0
Oxa1l,0,5,11,3,9,10
Slc7a7,0,0,2,3,2,0
Mrpl52,32,52,78,35,62,57
Mmp14,0,1,0,0,0,0
Lrp10,13,13,25,16,9,19
Prmt5,2,2,7,1,5,4
Haus4,4,3,9,5,6,6
Psmb5,22,20,53,33,30,21
Cdh24,0,0,1,0,0,0
Acin1,11,10,31,21,14,13
1700123O20Rik,3,4,13,11,8,10
Slc7a8,0,0,4,9,2,1
Homez,1,0,2,0,1,0
Ppp1r3e,0,0,1,1,0,1
Bcl2l2,0,0,2,0,1,1
Pabpn1,5,16,23,20,19,20
Slc22a17,0,1,4,1,5,1
Efs,1,0,1,0,0,0
Cmtm5,0,0,2,1,1,0
Ngdn,10,11,17,15,7,14
Thtpa,0,2,1,0,2,0
Zfhx2,3,3,3,5,5,1
Ap1g2,1,3,4,7,5,6
Dhrs4,3,1,8,4,0,0
Pck2,0,0,5,3,1,2
Dcaf11,1,5,12,5,6,4
Psme1,61,62,124,84,90,103
Emc9,0,1,3,1,3,3
Psme2,36,26,58,38,44,69
Rnf31,1,1,4,5,5,0
Irf9,2,5,7,13,11,8
Ipo4,2,3,5,3,1,1
Tm9sf1,0,1,0,0,0,0
Mdp1,11,22,29,10,15,4
Nedd8,24,35,57,36,38,33
Gmpr2,2,0,2,2,3,4
Tinf2,3,3,6,2,0,2
Rabggta,6,4,4,5,4,4
Dhrs1,3,5,11,5,4,4
Nop9,0,2,5,3,5,4
Ltb4r1,0,7,6,1,1,4
Ripk3,2,3,2,1,3,2
Khnyn,3,1,2,4,3,3
Sdr39u1,1,4,3,3,3,3
Gzmc,1,0,0,1,0,0
Gzmb,29,19,66,24,19,55
Rnf17,0,0,0,1,0,0
Cenpj,0,5,3,3,2,2
Parp4,3,8,7,5,6,10
Mphosph8,9,11,14,16,10,14
Pspc1,4,5,7,3,4,7
Zmym5,1,5,9,8,6,8
2410022M11Rik,0,2,0,2,1,2
Zmym2,4,5,5,5,5,4
Gjb6,0,0,1,0,0,1
Cryl1,0,0,0,0,0,1
N6amt2,3,3,12,9,6,6
1700039M10Rik,0,0,1,0,0,0
Xpo4,3,3,2,4,3,3
Lats2,5,6,13,5,3,2
Sap18,27,33,63,26,40,31
Ska3,0,0,1,0,0,0
Mrpl57,10,11,30,10,18,24
Zdhhc20,10,12,32,18,6,9
Micu2,3,7,11,10,3,5
3110083C13Rik,0,1,0,0,2,1
Rpl13-ps3,0,4,1,0,0,1
Rcbtb1,1,5,5,1,5,3
Gm6904,0,0,0,0,1,0
Phf11a,2,0,1,1,0,1
Phf11b,9,8,15,10,9,11
Phf11d,0,0,2,2,1,1
Phf11c,2,3,12,4,3,8
Setdb2,5,2,3,3,1,6
Cab39l,1,4,12,2,7,5
Cdadc1,1,0,2,0,2,3
Atp8a2,0,0,2,4,1,7
Nupl1,1,1,1,0,2,0
Mtmr6,3,3,5,4,3,5
Amer2,0,0,1,0,1,0
Spata13,5,6,16,11,6,7
Mipep,0,0,3,1,0,1
Sacs,2,6,6,3,2,2
Arl11,0,0,0,3,2,1
Ebpl,10,9,12,12,14,6
Kpna3,4,4,4,3,4,4
Spryd7,3,3,4,3,4,6
Trim13,5,1,5,1,4,0
Gm27010,1,0,2,1,2,0
Dleu7,0,1,0,2,0,0
Rnaseh2b,2,5,5,3,3,6
Ints6,2,1,2,3,3,2
Ctsb,13,18,38,58,63,35
Fdft1,3,0,1,3,0,0
Blk,0,5,0,0,0,0
Mtmr9,0,1,0,1,0,0
Xkr6,1,0,1,1,0,2
Pinx1,1,0,1,3,5,2
Msra,3,1,5,1,2,4
Mir124a-1hg,0,0,1,1,0,0
Kif13b,1,1,3,2,1,0
Hmbox1,0,2,1,8,7,2
Ints9,0,3,6,0,0,0
Extl3,4,1,2,3,2,3
Zfp395,2,3,5,9,2,5
Elp3,0,3,8,6,0,2
Esco2,0,1,0,0,0,0
Ccdc25,6,3,6,1,5,3
Clu,1,5,9,4,5,7
Ptk2b,5,15,24,20,13,16
Trim35,2,2,11,3,5,6
Stmn4,2,1,18,2,6,0
Dpysl2,5,5,27,12,8,13
Gm5464,0,0,1,0,0,0
Bnip3l,17,25,55,38,34,41
Ppp2r2a,7,8,27,12,11,12
Cdca2,0,1,0,0,1,0
Kctd9,0,0,5,0,1,1
Gnrh1,1,0,0,0,0,0
Dock5,2,1,3,1,3,1
Nefl,0,1,0,0,0,0
Slc25a37,1,5,8,3,2,2
Gm16867,0,0,2,0,0,2
Loxl2,0,0,0,0,1,0
R3hcc1,0,0,1,3,2,2
Chmp7,0,3,1,6,6,5
4930480K23Rik,0,0,1,0,1,0
Tnfrsf10b,0,1,5,0,0,1
Rhobtb2,0,2,2,2,3,1
Bin3,1,5,4,5,3,5
Ccar2,0,1,4,2,3,3
9930012K11Rik,0,1,0,0,3,0
Pdlim2,4,1,15,5,8,11
Sorbs3,0,0,2,0,1,0
Gm26908,0,0,1,0,0,0
Ppp3cc,9,8,21,26,22,17
Slc39a14,1,1,2,3,1,4
Polr3d,3,0,2,5,5,2
Bmp1,0,0,1,0,0,0
Lgi3,1,1,4,1,3,0
Reep4,3,3,7,6,3,2
Hr,0,0,1,0,0,0
Nudt18,0,3,4,4,5,6
Fam160b2,0,3,6,3,2,5
Xpo7,3,3,10,6,9,3
Dok2,5,14,22,14,12,16
Gfra2,0,0,1,0,1,0
Fndc3a,1,5,14,7,9,8
Cysltr2,3,1,10,4,1,5
Rcbtb2,10,10,42,4,21,13
Rb1,2,7,5,4,9,4
Lpar6,1,0,6,7,10,4
Itm2b,132,220,412,299,252,264
Med4,4,7,8,7,11,7
Sucla2,2,8,10,7,3,6
Esd,10,18,40,25,26,20
Lrch1,3,4,6,3,4,4
5031414D18Rik,0,0,1,2,1,0
Lcp1,45,51,115,73,81,79
Zc3h13,7,13,18,18,13,9
Cog3,5,1,2,2,5,0
Slc25a30,1,0,0,0,0,0
Tpt1,1867,2630,4725,2670,2795,2817
Gtf2f2,1,4,6,3,2,5
Kctd4,0,0,1,0,0,0
Gpalpp1,3,1,7,6,3,4
Nufip1,4,3,5,5,2,0
Rps2-ps6,0,1,1,0,0,2
Tsc22d1,0,2,3,7,7,3
Serp2,0,4,1,0,0,2
Lacc1,2,0,0,1,3,1
Ccdc122,0,0,0,0,1,0
Enox1,0,0,1,0,0,0
Dnajc15,37,49,71,30,42,49
Epsti1,58,32,81,46,58,43
Tnfsf11,2,6,17,11,7,5
Akap11,4,2,7,8,6,4
Vwa8,0,1,2,1,3,1
Rgcc,24,9,24,24,19,30
Naa16,0,3,3,5,2,3
Mtrf1,0,0,1,1,0,1
Kbtbd7,1,0,1,0,2,1
Wbp4,3,8,11,13,14,9
Elf1,20,28,57,26,26,35
Sugt1,20,16,63,17,25,40
Pcdh17,0,0,1,0,0,0
Diaph3,1,0,4,1,1,0
Tdrd3,0,1,3,1,0,3
Pcdh9,0,0,3,1,1,0
Mzt1,5,3,8,10,3,5
Bora,1,0,0,0,1,0
Dis3,3,0,0,0,2,1
Pibf1,0,1,10,1,1,0
Klf5,0,0,1,0,0,3
Tbc1d4,9,4,4,2,1,2
Commd6,12,7,22,7,11,9
Uchl3,14,9,23,21,10,17
Kctd12,8,5,21,41,68,17
Gm26778,0,0,1,1,5,1
Cln5,1,0,3,3,2,8
Fbxl3,7,8,11,7,17,14
Mycbp2,21,31,44,44,27,27
Slain1,4,9,26,5,8,14
Slain1os,1,0,0,0,0,0
Rnf219,0,0,2,0,1,0
Rbm26,2,7,15,11,9,10
Ndfip2,4,11,25,20,12,12
Gm10076,55,50,109,35,35,46
Spry2,8,5,10,4,6,4
Tpm3-rs7,0,0,0,0,0,1
Mir17hg,5,1,10,5,3,0
Tgds,1,3,5,2,4,5
Gpr180,0,2,4,2,4,0
Abcc4,1,1,3,0,0,0
Cldn10,0,2,2,1,0,1
Dzip1,1,0,5,3,0,0
Dnajc3,18,18,39,25,17,34
Uggt2,1,0,0,0,0,0
Mbnl2,17,14,36,13,19,7
Rap2a,3,1,3,5,2,3
Ipo5,2,1,15,3,7,4
Farp1,0,0,1,0,1,0
Stk24,16,11,26,19,11,10
Dock9,3,1,7,6,4,2
1810041H14Rik,3,1,5,2,2,5
Ubac2,14,10,16,18,14,14
Gpr18,8,16,27,17,19,28
Gpr183,29,70,103,71,72,97
Tm9sf2,8,15,25,7,11,10
Clybl,0,0,5,1,0,2
Pcca,5,2,3,4,2,7
Ggact,2,1,3,1,6,4
Tmtc4,1,2,0,1,1,1
Gm15735,1,0,0,0,0,0
Nalcn,0,0,0,0,1,0
Gm26870,2,3,1,0,1,0
Gm10719,0,0,1,0,0,0
Alkbh8,1,0,3,0,0,1
Cwf19l2,3,5,8,7,10,8
Aasdhppt,1,6,7,7,7,6
Kbtbd3,1,5,2,0,1,1
Msantd4,0,1,1,2,0,0
Gria4,0,0,0,0,1,0
Casp1,7,4,24,10,12,17
Casp4,9,4,16,16,4,21
Dync2h1,0,0,0,0,2,0
Dcun1d5,4,21,21,13,22,23
Tmem123,26,10,16,11,14,15
Birc2,30,25,31,35,23,16
Birc3,9,11,13,9,5,9
Yap1,0,1,1,1,1,0
Arhgap42,0,0,0,0,3,0
Jrkl,1,0,2,0,1,0
Ccdc82,5,2,8,2,5,3
Phxr4,6,7,7,8,10,11
Maml2,2,1,6,3,7,5
Mtmr2,3,2,5,4,2,3
Cep57,4,3,13,4,6,11
Fam76b,3,7,8,4,3,5
Sesn3,10,17,29,16,18,15
Endod1,1,2,3,2,5,6
Kdm4d,0,0,1,0,0,0
Cwc15,23,28,55,27,23,30
Amotl1,0,0,0,1,0,0
Ankrd49,1,0,2,1,1,1
Mre11a,1,1,8,3,2,3
Izumo1r,0,11,2,2,2,6
Panx1,3,3,3,6,3,5
Med17,1,3,8,7,4,4
4931406C07Rik,0,0,2,2,0,2
Taf1d,20,27,52,26,36,19
Cep295,2,2,2,2,0,2
Smco4,3,13,16,4,5,7
Slc36a4,0,0,1,0,3,0
Chordc1,5,10,23,6,10,18
Naalad2,0,0,2,2,1,0
Zfp317,0,3,2,3,1,2
Zfp560,3,4,9,5,6,6
Gm26733,0,0,2,0,0,1
Zfp26,0,0,4,0,2,2
Zfp426,0,4,1,4,0,1
Zfp266,0,2,5,1,1,2
Zfp846,0,0,0,1,0,0
Fbxl12,12,8,20,16,12,9
Ubl5,56,79,124,64,81,80
Pin1,5,3,18,6,9,3
Col5a3,0,0,1,0,1,1
A230050P20Rik,2,5,6,1,3,4
Angptl6,0,0,1,0,0,1
Ppan,4,4,6,5,2,1
Eif3g,14,19,31,22,27,20
Dnmt1,0,6,16,5,7,5
S1pr2,0,0,0,0,0,2
Mrpl4,6,8,11,10,12,10
Icam1,8,7,22,15,17,17
Icam4,0,1,1,0,1,1
Icam5,0,1,0,0,0,0
Fdx1l,13,10,12,13,5,8
Raver1,4,4,14,7,8,15
Tyk2,2,1,5,1,4,2
Cdc37,19,14,45,18,29,20
Pde4a,1,0,0,1,3,0
Keap1,0,3,10,12,8,4
S1pr5,1,0,1,1,0,0
Atg4d,2,4,3,4,7,4
Kri1,0,6,3,4,3,7
Cdkn2d,10,23,24,20,19,14
Slc44a2,7,6,10,5,8,14
Ilf3,6,2,12,8,7,2
Gm16853,0,0,0,1,0,0
Qtrt1,1,2,6,3,2,0
Dnm2,3,8,14,7,9,7
Tmed1,1,1,3,2,0,2
AB124611,6,11,20,10,18,19
Carm1,4,2,3,2,5,3
Yipf2,1,0,2,2,1,3
1810026J23Rik,2,1,2,1,1,1
Smarca4,2,5,14,11,13,8
Ldlr,0,0,1,0,1,0
Spc24,1,0,4,2,0,0
Kank2,0,0,0,0,1,0
Dock6,0,0,0,1,2,0
Rab3d,1,2,3,2,2,2
Tmem205,1,0,3,3,3,1
Swsap1,0,0,1,1,0,0
Prkcsh,6,8,13,6,7,9
Elavl3,0,0,10,0,1,0
Zfp653,0,0,4,1,0,3
Gm16845,0,1,0,0,2,0
Ecsit,0,2,3,3,2,2
Elof1,9,10,14,3,7,8
Acp5,20,26,55,18,22,50
Pigyl,6,1,14,5,2,5
Zfp872,1,0,0,0,0,0
Zfp809,1,1,2,4,0,2
Zfp810,0,0,0,1,2,2
Anln,1,2,4,2,3,1
9530077C05Rik,0,1,0,0,0,0
Rp9,13,17,47,26,29,23
Bbs9,1,1,5,4,4,2
Dpy19l1,2,4,8,4,7,6
Herpud2,3,9,9,7,6,16
Gm29375,0,0,1,0,0,0
Sept7,18,29,42,29,32,24
Eepd1,0,0,1,0,2,1
Acad8,0,2,4,0,3,1
Thyn1,3,5,3,6,4,3
Vps26b,2,3,9,3,4,2
Ncapd3,4,5,12,3,3,6
Jam3,1,1,4,0,0,1
Ntm,0,0,0,0,1,0
Snx19,1,1,2,0,3,2
Zbtb44,4,4,13,5,7,6
St14,0,2,2,2,1,1
Aplp2,5,8,22,10,6,15
Prdm10,1,1,0,1,1,0
Nfrkb,0,2,6,7,2,3
Arhgap32,0,0,1,2,1,0
Fli1,11,20,29,25,12,15
Ets1,44,77,132,67,68,55
Gm27240,0,1,0,0,0,0
Kirrel3,0,0,0,0,1,0
St3gal4,3,2,9,10,3,3
Dcps,5,7,18,12,7,10
Tirap,0,0,0,0,1,0
Srpr,11,9,17,10,21,12
Foxred1,0,2,2,2,3,0
Fam118b,0,3,4,1,2,0
Rpusd4,0,2,3,3,3,2
Cdon,0,0,1,1,0,0
Pus3,0,1,2,2,5,1
Hyls1,1,0,2,1,1,0
Chek1,0,0,2,0,0,0
Stt3a,3,11,11,12,10,7
Ei24,5,3,12,9,6,5
Fez1,0,1,18,2,2,0
Tmem218,1,0,1,1,1,1
Slc37a2,1,0,2,2,1,1
Ccdc15,0,0,2,1,3,2
Hepacam,1,1,3,1,1,0
Robo3,0,0,0,0,3,0
Msantd2,2,2,7,2,4,2
Esam,0,0,0,0,1,1
Nrgn,0,0,6,0,5,9
Spa17,0,0,1,0,0,0
Siae,0,0,1,0,3,0
Tbrg1,28,23,41,20,19,34
Vwa5a,2,2,3,3,4,3
Zfp202,0,0,2,0,0,0
Gramd1b,3,2,8,11,10,3
Hspa8,295,337,821,412,267,562
Crtam,3,3,18,9,12,4
Ubash3b,1,4,10,11,11,10
Sorl1,17,18,35,27,26,30
Sc5d,5,3,7,7,4,5
Tbcel,1,3,11,5,3,4
Grik4,0,0,1,0,0,0
Arhgef12,4,2,11,5,5,4
Oaf,0,0,0,0,2,0
Pvrl1,2,0,1,0,0,0
Thy1,64,76,164,95,96,159
Rnf26,0,0,3,0,2,0
Usp2,0,0,6,8,6,2
Gm26737,0,0,0,0,1,0
Mcam,0,0,0,2,1,0
Cbl,6,11,17,15,20,9
Ccdc153,0,2,0,0,0,0
Nlrx1,0,0,0,1,0,1
C2cd2l,0,0,2,1,1,1
Dpagt1,1,2,2,2,0,2
H2afx,4,10,11,8,9,10
Hmbs,1,3,6,7,4,1
Vps11,1,0,3,7,1,3
Hyou1,0,3,2,1,1,0
Slc37a4,1,0,2,1,3,2
Trappc4,14,20,24,13,19,21
Rps25,334,388,733,319,475,324
Ccdc84,1,1,3,5,0,0
Bcl9l,3,2,7,3,4,4
Cxcr5,1,1,2,1,0,0
Ddx6,20,23,31,13,26,21
Phldb1,1,0,7,3,3,1
Arcn1,1,5,12,9,10,13
Ift46,0,1,0,2,2,2
Ttc36,1,0,0,0,0,0
Kmt2a,15,22,49,21,27,31
Atp5l,63,82,168,65,95,85
Ube4a,1,5,7,4,5,3
Cd3g,151,180,369,256,252,249
Cd3d,121,159,283,166,140,206
Cd3e,51,72,103,76,104,174
Mpzl3,3,1,4,2,1,2
Amica1,16,10,42,20,28,44
BC049352,0,0,2,0,0,0
Il10ra,6,8,32,15,16,15
Fxyd2,0,0,0,0,1,0
Dscaml1,0,0,1,0,1,0
Cep164,0,2,6,2,4,10
Bace1,0,4,1,1,0,0
Gm16536,1,3,2,1,3,1
Rnf214,0,2,2,2,3,2
Pcsk7,2,3,0,2,0,3
Sidt2,8,4,26,15,20,7
Pafah1b2,0,5,9,7,9,5
Sik3,0,2,13,7,3,3
Zpr1,9,3,7,10,3,6
Bud13,1,0,5,0,1,0
2900052N01Rik,0,1,1,0,0,0
Cadm1,0,0,2,1,1,0
Rexo2,12,23,36,23,25,17
Rbm7,11,8,15,14,11,9
Gm5617,3,3,7,4,2,1
Zbtb16,0,0,1,0,0,0
Usp28,0,1,0,1,0,1
Zw10,1,3,1,2,1,1
Ncam1,2,1,4,0,2,0
Rpl10-ps3,6,2,11,8,4,5
Pts,3,10,12,6,13,7
Bco2,0,0,0,1,1,1
Il18,0,1,1,2,2,0
Sdhd,7,14,17,8,16,9
Timm8b,6,9,10,10,12,7
AU019823,0,4,7,3,3,1
Pih1d2,0,0,1,0,0,0
Dlat,4,4,7,6,3,5
Dixdc1,0,0,0,1,1,0
Cryab,1,3,37,0,5,2
1110032A03Rik,3,6,6,1,3,0
Fdxacb1,2,0,3,1,1,1
Alg9,2,3,1,1,1,2
Ppp2r1b,0,1,1,0,6,5
Sik2,3,1,10,5,4,4
Pou2af1,3,0,0,2,0,0
Fdx1,2,3,13,6,3,4
Rdx,7,15,41,21,21,34
Zc3h12c,1,0,0,0,0,0
AI593442,0,0,1,0,0,0
Ddx10,6,5,9,10,8,14
Kdelc2,0,0,2,0,0,0
4930550C14Rik,0,0,0,0,2,0
Atm,3,1,4,3,6,6
Npat,5,1,1,2,2,2
Acat1,6,4,15,12,11,11
Cul5,4,5,7,3,5,4
Gm16124,1,3,3,3,2,5
Rab39,0,0,0,2,0,1
Slc35f2,1,0,3,0,0,1
Dmxl2,0,0,0,0,1,0
Cib2,0,1,0,1,4,0
Idh3a,12,3,22,5,11,6
Acsbg1,1,2,9,3,2,3
Dnaja4,1,2,7,3,5,4
Wdr61,6,3,17,9,7,9
Ireb2,1,5,3,2,5,1
Hykk,0,0,0,0,0,1
Psma4,14,21,35,20,25,28
Ube2q2,1,4,2,3,4,5
Fbxo22,2,5,1,1,2,4
Nrg4,0,0,0,0,1,0
Tmem266,0,0,0,0,1,0
Etfa,8,12,12,7,7,8
Scaper,2,1,8,6,6,6
Rcn2,3,10,12,16,4,7
Pstpip1,7,11,30,15,13,26
Tspan3,11,4,17,15,9,8
Peak1,11,7,16,12,11,12
Hmg20a,5,3,2,3,5,0
Cspg4,0,0,0,0,1,0
Snx33,1,1,1,1,1,0
Imp3,16,20,35,32,26,21
Snupn,2,7,4,0,2,1
Ptpn9,0,3,5,1,5,6
Sin3a,2,11,10,5,5,4
2700012I20Rik,0,0,0,0,0,1
Man2c1os,0,0,1,1,0,0
Man2c1,2,2,5,5,4,3
Neil1,1,3,1,3,0,1
Commd4,9,7,14,7,11,15
1700017B05Rik,1,1,6,8,5,5
Ppcdc,1,2,6,10,7,6
Scamp5,0,1,5,1,0,1
Cox5a,38,60,120,41,61,60
Gm26631,0,1,0,1,1,0
Fam219b,2,6,7,2,0,2
Mpi,0,0,0,2,0,2
Scamp2,2,7,12,17,21,18
Ulk3,3,1,3,2,1,3
Cplx3,0,0,0,0,0,1
Csk,17,21,44,16,25,22
Edc3,3,0,0,1,2,5
Clk3,3,2,10,6,7,9
Arid3b,2,1,8,3,3,3
Ubl7,2,5,6,2,5,6
Sema7a,0,2,0,0,0,0
Pml,4,4,7,3,4,4
Stoml1,3,0,1,4,0,3
Nptn,9,18,33,24,19,29
Rec114,0,1,0,0,0,0
Neo1,0,0,3,1,1,0
Adpgk,1,4,1,3,2,0
Bbs4,0,0,0,1,0,2
Arih1,9,8,20,15,9,12
Hexa,3,5,15,28,9,14
Parp6,1,1,6,0,2,1
Pkm,33,38,62,39,40,45
Senp8,0,1,0,1,0,1
Myo9a,0,1,1,2,5,1
Lrrc49,1,1,0,0,0,0
B930082K07Rik,0,0,0,0,0,1
Larp6,0,1,0,1,0,0
Gm10655,0,0,1,1,1,0
Tle3,5,4,11,11,11,9
Rplp1,1559,2042,3642,1538,2129,2312
Kif23,0,1,1,1,0,1
Paqr5,0,0,0,0,1,0
Glce,1,0,3,1,0,1
Anp32a,36,51,69,52,38,61
Coro2b,0,1,1,1,0,0
Fem1b,1,3,5,1,2,2
Gm26609,0,2,2,1,1,0
Cln6,0,2,6,2,0,2
Pias1,4,6,11,10,8,7
Map2k5,1,1,5,2,0,3
2300009A05Rik,2,13,15,6,9,8
Aagab,0,4,4,1,1,4
Smad3,5,3,8,5,3,7
Rpl4,227,314,561,307,364,369
Snapc5,3,4,18,12,8,12
Map2k1,1,3,14,8,11,11
Uchl4,0,0,0,1,0,1
Tipin,0,3,10,8,4,5
Dis3l,1,0,1,0,1,0
Megf11,0,0,0,1,0,0
Rab11a,8,13,19,22,16,19
Dennd4a,11,7,31,17,19,15
Slc24a1,0,1,0,0,0,0
Vwa9,0,0,1,2,5,3
Hacd3,2,1,7,2,4,5
Dpp8,0,4,6,2,1,4
Parp16,1,1,1,1,0,0
Clpx,1,4,6,3,7,3
Pdcd7,4,2,8,6,4,10
Mtfmt,1,1,5,4,3,2
Spg21,8,8,23,14,5,26
Plekho2,3,3,4,6,3,8
Rbpms2,0,0,1,0,0,0
Oaz2,1,3,5,2,4,5
Zfp609,1,2,5,4,1,1
Trip4,7,8,10,12,7,7
2810417H13Rik,0,0,22,0,0,0
Csnk1g1,10,6,14,10,7,3
Ppib,53,89,160,101,78,72
Snx22,0,0,0,0,1,0
Snx1,5,4,14,8,5,9
Fam96a,9,9,27,24,17,10
Dapk2,2,2,12,4,5,4
Herc1,6,11,21,15,22,9
Fbxl22,1,0,0,0,0,0
Usp3,5,7,14,7,5,18
Car12,1,0,1,0,2,0
Aph1b,0,1,1,0,0,1
Aph1c,1,0,0,0,1,0
Rab8b,9,11,28,14,10,11
Rps27l,58,25,51,29,36,33
Lactb,6,5,2,2,5,3
Tpm1,2,1,5,2,5,5
Tln2,0,0,0,1,1,0
Vps13c,0,1,4,3,3,2
Rora,30,21,45,32,22,24
Gm15511,0,0,1,0,0,0
Ice2,0,0,1,1,2,1
Anxa2,9,25,29,17,25,14
Gm28731,0,0,0,0,1,1
Bnip2,2,7,19,13,17,11
Gtf2a2,8,9,17,19,18,9
Myo1e,0,1,0,2,2,0
Rnf111,2,2,7,3,4,2
Sltm,8,18,26,19,25,14
Fam63b,8,7,19,10,9,14
Gm10642,0,1,1,0,0,2
Adam10,7,12,19,11,11,11
Aqp9,2,0,0,0,2,1
Polr2m,9,12,21,23,21,21
Tcf12,10,12,22,20,20,7
Gm27253,0,0,2,2,0,0
Zfp280d,7,6,9,3,6,6
Mns1,1,1,3,0,3,4
Tex9,0,1,7,2,0,0
Rfx7,7,4,12,10,8,8
Nedd4,4,3,18,9,8,8
Prtg,0,0,0,0,1,0
Pygo1,0,0,1,0,0,0
Ccpg1os,1,0,2,1,2,0
Ccpg1,3,2,9,7,5,7
Pigb,0,1,0,2,0,0
Rab27a,3,12,13,4,10,9
Rsl24d1,15,4,26,8,12,12
Fam214a,2,1,1,2,0,1
Arpp19,40,33,73,29,54,48
Myo5a,1,1,2,2,2,2
Mapk6,3,4,4,3,5,4
A130057D12Rik,0,0,1,0,0,0
Leo1,0,5,2,1,2,4
Tmod3,13,6,22,4,10,10
Tmod2,0,1,8,1,0,0
Lysmd2,1,1,11,6,6,9
Scg3,0,0,2,0,0,0
Bmp5,0,0,0,1,0,0
Hmgcll1,0,0,0,0,1,1
Lrrc1,0,3,1,0,3,0
Klhl31,0,0,0,0,1,0
Gclc,3,1,10,3,4,3
Elovl5,4,10,26,7,13,10
Fbxo9,1,6,9,6,5,8
Ick,0,5,0,0,0,0
C920006O11Rik,0,2,2,0,1,4
Gsta4,0,1,0,0,1,0
Gsta2,0,0,0,0,0,3
Ooep,0,0,1,0,0,0
4930542C12Rik,0,0,1,0,0,0
Ddx43,0,0,4,1,1,0
Mb21d1,2,1,4,5,4,0
Mto1,0,1,3,1,1,0
Eef1a1,1267,1517,3169,1578,1762,2445
Slc17a5,0,1,2,4,4,1
Cox7a2,39,56,96,49,79,54
Tmem30a,11,18,33,25,15,12
Filip1,0,1,0,0,0,0
Senp6,8,12,40,17,18,24
Gm17477,2,2,5,0,3,0
Myo6,1,3,13,2,3,4
Htr1b,0,0,1,0,0,0
Phip,4,13,23,19,19,32
Hmgn3,9,0,1,1,3,0
Lca5,1,0,1,0,1,0
Elovl4,0,0,0,0,0,2
Bckdhb,0,2,2,1,1,0
Fam46a,8,5,17,19,22,21
Ibtk,2,3,3,1,3,1
Tpbg,0,0,2,0,0,0
Ube2cbp,1,0,0,1,1,0
Dopey1,1,10,14,3,2,5
Pgm3,2,4,3,3,3,1
Rwdd2a,1,0,0,1,1,1
Me1,0,0,1,0,0,0
Cyb5r4,8,11,14,4,11,11
Cep162,1,2,2,0,3,2
Nt5e,10,13,25,13,7,15
Snx14,4,4,9,4,6,8
Syncrip,14,7,30,22,24,5
Zfp949,1,2,1,3,3,3
9430037G07Rik,0,0,0,0,2,0
Mthfsl,8,9,13,8,11,8
Bcl2a1d,66,39,57,37,34,41
Gm29562,0,0,0,0,1,0
Bcl2a1a,16,6,1,6,2,3
Bcl2a1b,84,127,148,90,62,105
Mthfs,8,7,18,13,9,10
Tmed3,5,5,15,10,15,13
Ctsh,2,2,5,11,27,8
Morf4l1,36,53,116,70,70,58
Gm26882,2,1,2,1,1,0
Tbc1d2b,2,1,7,5,3,4
Zic1,0,0,0,1,0,0
Zic4,0,0,0,0,1,0
Plscr1,7,6,19,10,4,7
Plscr4,1,1,1,0,1,5
Plod2,5,1,2,1,1,1
1190002N15Rik,5,3,7,7,0,6
Slc9a9,4,4,13,7,6,8
Chst2,1,2,4,5,3,0
U2surp,15,15,33,17,19,21
Trpc1,0,0,3,1,2,2
Pls1,0,0,1,0,0,0
Atr,1,4,2,2,3,5
Xrn1,6,12,11,10,4,15
Gk5,0,1,0,1,0,0
Tfdp2,1,1,7,3,2,4
Atp1b3,37,51,65,29,38,36
BC043934,1,0,0,0,2,0
Rnf7,11,10,43,21,15,16
Rasa2,5,7,11,9,11,5
Zbtb38,2,4,9,9,12,15
Pxylp1,1,1,1,1,1,3
Spsb4,0,0,0,0,1,0
Gm19325,1,0,4,1,0,1
Gm26767,0,1,0,1,1,0
Slc25a36,8,5,19,10,12,13
Gm16185,0,1,0,0,0,0
Nmnat3,0,0,1,5,1,1
Rbp1,0,0,0,1,0,0
Rbp2,0,1,0,0,0,0
Copb2,5,9,18,10,13,8
Mrps22,1,3,2,0,8,2
Faim,2,9,17,10,11,4
Gm1123,0,0,0,1,1,0
Pik3cb,1,0,1,0,3,1
Cep70,0,3,3,0,0,6
Mras,0,0,2,0,1,0
Armc8,0,4,7,2,5,3
Dbr1,1,2,5,6,1,3
Il20rb,0,0,0,0,1,1
Nck1,8,4,12,6,6,12
Stag1,8,12,17,10,13,6
Pccb,1,1,0,3,2,0
Msl2,4,10,15,11,5,11
Ppp2r3a,0,0,2,0,1,0
Ephb1,0,0,2,0,0,0
Cep63,0,2,12,2,3,5
Anapc13,5,12,25,18,14,13
Amotl2,0,0,2,0,0,0
Ryk,4,0,8,1,6,11
Rab6b,2,6,4,5,2,3
Srprb,2,3,3,2,1,6
Trf,9,2,54,44,28,19
Topbp1,2,7,9,3,5,8
Cdv3,8,20,19,24,13,17
Bfsp2,0,0,1,0,0,0
Tmem108,2,0,2,0,1,1
Nphp3,0,0,2,0,0,0
Uba5,2,2,13,5,2,2
Acad11,0,0,2,2,0,0
Dnajc13,2,0,11,1,7,3
Acpp,1,2,2,1,1,2
Mrpl3,3,2,10,6,5,7
Nudt16,4,10,8,3,3,4
Aste1,0,1,7,0,2,0
Atp2c1,5,6,11,5,6,9
Pik3r4,3,1,5,1,2,3
Glyctk,0,0,0,0,0,1
Wdr82,7,5,16,13,14,8
Ppm1m,1,5,10,11,4,3
Twf2,12,11,31,16,17,22
Alas1,2,2,6,7,4,2
Poc1a,0,0,2,2,2,0
Dusp7,3,3,4,3,4,3
Rpl29,259,380,693,328,396,538
Acy1,0,2,0,1,1,1
Abhd14a,3,1,6,1,2,0
Abhd14b,2,1,9,2,3,0
Pcbp4,0,2,7,3,3,0
Gpr62,0,0,2,0,0,0
Parp3,1,1,3,0,2,1
Rrp9,3,4,7,3,9,3
Tex264,7,7,8,7,13,10
Rad54l2,2,3,7,2,6,2
Vprbp,3,4,6,3,4,3
Manf,26,21,47,30,28,34
Rbm15b,1,5,1,1,3,3
4930524O07Rik,0,0,0,1,0,0
Mapkapk3,10,4,12,18,7,11
Cish,17,13,35,29,16,43
Hemk1,0,0,3,1,4,3
6430571L13Rik,0,1,1,1,0,0
Cacna2d2,0,0,0,0,1,0
Tmem115,0,2,5,4,3,3
Cyb561d2,4,3,8,4,5,5
Nprl2,2,1,7,1,4,4
Zmynd10,0,0,0,0,1,0
Gm34106,1,1,0,0,0,0
Rassf1,16,10,38,22,10,19
Gm9917,0,0,0,2,0,0
Tusc2,8,5,6,6,4,8
Hyal2,0,1,2,0,0,0
Hyal1,2,0,3,1,3,1
Nat6,1,2,2,1,0,1
Hyal3,0,0,0,1,0,0
Ifrd2,2,4,6,3,2,1
Gnai2,38,76,130,80,92,90
Slc38a3,0,0,1,1,1,0
Sema3f,0,1,0,0,0,0
Rbm5,11,23,30,23,15,37
Gm37850,0,1,0,0,0,0
Rbm6,4,6,18,10,10,13
Mon1a,1,0,2,3,3,4
Uba7,4,1,5,1,3,9
Fam212a,0,0,0,6,0,2
Ip6k1,7,6,18,8,7,11
Gm38134,0,0,0,1,0,0
Gmppb,1,1,4,2,2,2
Rnf123,4,5,8,8,1,7
Mst1,0,0,1,1,0,1
Apeh,3,2,7,8,5,9
Bsn,0,2,1,0,1,0
Dag1,1,1,3,3,0,1
Nicn1,2,0,0,0,0,1
Tcta,0,2,4,1,1,4
Rhoa,49,58,108,76,63,72
Gm37401,0,0,1,0,0,0
Gpx1,24,14,42,38,40,23
Usp4,4,3,11,4,7,6
1700102P08Rik,0,0,2,0,0,0
Klhdc8b,1,0,0,0,2,1
Ccdc71,0,2,0,1,1,5
Lamb2,0,0,0,1,1,0
Usp19,13,10,23,9,9,8
Qars,4,4,15,9,2,15
Qrich1,2,1,10,8,14,9
Impdh2,11,14,47,12,14,22
Ndufaf3,3,5,17,4,4,7
4833445I07Rik,0,0,1,0,1,0
Dalrd3,4,4,8,4,8,4
Wdr6,1,4,6,2,1,5
P4htm,2,0,1,0,1,1
Arih2,0,7,6,8,11,5
Slc25a20,2,1,2,3,5,4
Prkar2a,4,4,6,8,8,7
Ip6k2,2,3,6,3,4,6
Nckipsd,0,0,1,0,2,0
Slc26a6,0,0,0,0,1,0
Uqcrc1,11,14,22,11,16,21
Gm38004,0,0,1,0,0,0
Pfkfb4,0,1,1,0,0,1
Shisa5,122,119,278,158,141,285
Gm42641,0,0,0,0,0,1
Tma7,50,73,118,59,88,79
Ccdc51,1,0,0,1,0,1
Plxnb1,0,0,1,0,1,0
Nme6,1,0,5,1,0,1
Cdc25a,1,1,3,0,2,2
Map4,4,5,10,9,7,12
Dhx30,3,4,7,4,5,5
Smarcc1,3,4,10,3,9,4
Cspg5,2,0,3,0,6,0
Elp6,0,0,0,1,2,2
Scap,3,2,7,0,6,5
Ptpn23,1,2,3,2,3,1
Ngp,0,2,0,0,0,0
Klhl18,1,1,7,5,3,5
Setd2,3,7,10,7,17,7
Nradd,0,1,3,1,0,0
Nbeal2,3,4,8,2,6,3
Ccdc12,22,27,47,27,31,41
Tmie,2,2,0,0,0,0
Als2cl,5,3,5,1,1,0
Ltf,0,1,0,0,0,0
Ccrl2,2,6,11,11,9,4
Lrrfip2,2,3,4,3,5,6
Mlh1,0,2,1,1,0,3
Epm2aip1,2,4,14,1,2,5
Pdcd6ip,15,19,47,13,21,14
Clasp2,5,2,3,0,6,0
Ubp1,4,0,12,8,8,3
Fbxl2,0,0,1,1,0,0
Susd5,0,0,0,0,1,0
Crtap,0,0,5,1,2,4
Glb1,2,1,0,4,3,2
Tmppe,1,0,6,2,2,7
Cnot10,6,4,4,3,2,2
Dync1li1,3,8,7,10,7,5
Cmtm6,10,3,16,23,14,14
Cmtm7,11,17,47,30,21,29
Cmtm8,0,0,0,1,0,0
Gpd1l,0,0,0,2,4,3
Rps27rt,99,87,191,65,130,111
Stt3b,6,1,9,7,6,11
Tgfbr2,10,10,24,27,16,18
Gm26614,1,1,1,1,0,2
Azi2,2,7,12,11,9,18
Cmc1,12,14,25,15,24,18
Eomes,6,16,25,16,16,5
Golga4,4,9,17,10,10,10
Itga9,0,0,0,0,2,1
Gm2415,0,0,1,0,0,0
Ctdspl,0,0,1,0,0,0
Vill,0,1,0,0,0,0
Plcd1,0,0,3,0,2,0
Slc22a13,0,0,0,0,1,0
Oxsr1,3,2,5,6,2,0
Myd88,1,3,15,6,5,4
Acaa1a,6,9,15,8,9,16
Acvr2b,0,0,0,0,0,1
Exog,0,0,1,0,0,0
Wdr48,4,2,4,1,4,1
Cx3cr1,3,2,25,83,81,8
Gorasp1,0,1,0,1,1,0
Csrnp1,30,22,52,30,27,35
Ccr8,0,0,11,1,2,0
Slc25a38,2,3,5,1,1,5
Rpsa,1199,1400,2785,1466,1573,1867
Mobp,3,1,17,8,15,1
Eif1b,11,23,29,24,20,11
Rpl14,438,492,976,523,570,746
5830454E08Rik,0,1,3,0,0,1
Ctnnb1,10,21,26,13,24,22
Ulk4,0,1,1,0,0,0
Trak1,1,1,4,0,4,2
Cck,0,0,1,0,0,0
Vipr1,0,2,0,0,2,0
Sec22c,0,0,4,1,1,1
Deb1,2,2,4,3,4,2
Nktr,17,28,47,41,31,25
Zfp651,0,0,1,1,0,0
Hhatl,0,0,0,0,0,1
Ccdc13,0,0,0,0,1,0
Higd1a,8,16,39,11,18,14
1700048O20Rik,0,0,1,0,0,0
Pomgnt2,0,0,2,0,0,0
Snrk,3,5,10,8,9,4
Ano10,0,3,3,0,1,2
Abhd5,0,0,5,1,1,1
9530059O14Rik,1,0,0,0,0,0
Tcaim,1,0,3,0,1,0
Zfp445,0,0,0,1,0,0
A530083I20Rik,0,0,0,1,1,0
1110059G10Rik,1,2,11,5,5,1
Kif15,1,1,4,0,1,0
Tmem42,2,1,4,2,3,6
Zdhhc3,1,3,2,5,3,5
Exosc7,5,6,13,6,13,5
Tmem158,0,0,1,1,0,1
Lars2,23,23,49,20,23,5
Limd1,7,12,14,14,17,10
Sacm1l,2,2,5,8,3,8
Slc6a20b,0,0,1,1,0,0
Ccr9,0,0,6,0,6,1
Lztfl1,5,3,23,6,12,12
Fyco1,3,4,3,4,9,6
Cxcr6,37,72,171,77,96,144
Xcr1,0,0,0,0,1,0
Ccr1,0,0,0,0,1,0
Ccr3,0,2,0,1,0,0
Ccr2,4,22,33,3,15,7
Ccr5,5,16,26,26,16,24
2010315B03Rik,2,0,1,4,1,2
Ppp2r3d,0,0,2,2,3,4
Sfi1,2,2,5,3,5,6
Drg1,3,6,6,2,8,8
Eif4enif1,0,3,6,7,4,3
Patz1,3,5,7,2,2,5
Pik3ip1,6,9,15,5,14,15
Limk2,0,4,5,1,4,2
Rnf185,1,1,2,0,2,0
Pla2g3,0,0,0,0,1,0
Selm,2,4,10,6,5,4
Morc2a,1,1,1,4,2,3
Dusp18,0,0,0,2,0,0
Slc35e4,0,0,0,2,2,0
Tcn2,2,4,8,6,10,4
Pes1,2,2,2,6,5,1
Gal3st1,0,0,4,0,2,0
Mtfp1,0,1,0,0,0,0
Sec14l2,0,1,0,0,0,0
Rnf215,0,1,4,4,3,4
Ccdc157,0,0,2,0,0,0
Sf3a1,5,5,8,6,6,8
Tbc1d10a,6,2,8,4,2,7
Gatsl3,0,3,1,6,3,1
Osm,0,0,0,7,0,3
Lif,0,0,3,1,1,0
Mtmr3,0,8,8,4,7,1
Ascc2,5,2,1,2,2,1
Uqcr10,26,34,60,22,32,37
Zmat5,5,8,19,11,11,10
Nf2,5,3,5,2,1,2
Nipsnap1,1,2,1,0,2,5
Thoc5,2,3,4,2,4,2
Nefh,0,2,3,5,1,1
Ap1b1,2,0,7,6,2,2
Gas2l1,0,0,1,1,1,3
Ewsr1,17,21,45,23,17,26
Rhbdd3,0,2,0,1,4,0
Emid1,0,1,0,1,1,1
Kremen1,0,0,5,0,2,1
Znrf3,0,1,10,3,1,2
Xbp1,7,9,17,11,28,10
Ccdc117,5,5,8,5,2,6
Mrps24,14,26,43,26,18,28
Urgcp,1,3,2,2,1,2
Dbnl,8,12,34,20,20,28
Polm,2,2,4,1,0,2
Aebp1,0,0,1,0,0,0
Pold2,2,2,10,2,5,6
Ykt6,3,3,3,5,7,5
Camk2b,0,1,1,3,3,1
Nudcd3,14,10,16,5,9,16
A730071L15Rik,0,0,0,0,1,0
Ddx56,3,2,2,2,5,1
Tmed4,5,2,9,5,4,4
Ogdh,8,14,23,17,18,12
Zmiz2,11,6,15,11,16,10
Ppia,298,355,826,447,443,360
H2afv,19,32,58,34,34,33
Purb,27,31,54,35,36,29
Gm11973,0,0,0,0,0,1
Myo1g,16,12,19,6,6,16
Ccm2,6,13,15,4,14,10
Tbrg4,1,2,1,3,1,1
Ramp3,16,6,14,5,5,4
Adcy1,0,0,1,0,0,0
Tns3,1,0,2,2,5,1
Hus1,0,1,3,1,0,3
Zpbp,1,0,0,0,0,0
4930415F15Rik,0,0,1,0,0,0
Gm11998,0,0,1,0,0,0
Ikzf1,21,22,55,22,30,29
Fignl1,0,2,2,0,0,0
Ddc,0,1,1,0,0,1
Cobl,0,0,0,1,0,0
Vstm2a,0,0,0,0,1,0
Sec61g,73,75,165,75,99,108
Egfr,0,0,1,0,0,0
Fbxo48,0,0,0,1,0,0
Plek,2,4,5,18,26,15
Cnrip1,1,3,8,1,3,6
Ppp3r1,4,10,11,9,13,10
Wdr92,2,0,3,3,2,2
Pno1,0,0,3,1,6,5
C1d,2,7,14,8,7,11
Etaa1,1,1,8,0,5,7
Etaa1os,1,0,0,0,0,0
Meis1,0,1,1,1,0,0
Spred2,0,0,1,1,1,2
Actr2,22,39,64,29,31,29
Rab1a,7,10,17,20,7,16
Cep68,1,1,6,3,0,2
Slc1a4,0,0,0,0,1,0
Sertad2,9,8,16,12,7,6
Aftph,6,6,12,8,12,6
Lgalsl,1,1,6,0,2,1
Peli1,34,48,71,35,37,81
Vps54,4,6,7,7,7,11
Ugp2,5,3,8,6,5,5
Mdh1,18,21,60,28,32,38
Wdpcp,0,0,0,1,0,0
Ehbp1,0,0,0,0,1,0
Tmem17,0,0,0,0,0,1
Gm28048,1,0,0,0,0,1
B3gnt2,0,1,1,0,1,1
Commd1,2,3,15,7,7,11
Zrsr1,0,4,1,5,3,1
Cct4,28,28,73,43,48,44
Fam161a,0,1,0,0,0,1
Xpo1,2,7,9,9,2,13
Usp34,3,9,18,6,14,7
Ahsa2,8,7,11,4,3,13
0610010F05Rik,0,0,0,2,1,1
Pex13,2,5,6,7,4,9
Pus10,3,1,2,3,1,3
Rel,21,14,26,15,17,8
Papolg,3,0,10,3,4,5
Bcl11a,0,0,0,2,6,0
Fancl,2,5,6,3,1,2
Vrk2,3,4,8,10,7,5
Pnpt1,0,1,3,2,3,6
Smek2,6,9,27,18,11,13
Cfap36,4,4,9,4,6,8
Ccdc88a,1,0,1,3,3,1
Prorsd1,2,9,7,7,6,5
Mtif2,3,2,7,7,7,2
Rps27a,741,903,1774,825,1036,990
Rtn4,14,19,44,33,28,18
Eml6,1,0,1,1,0,0
4931440F15Rik,0,0,1,0,0,2
Sptbn1,3,11,18,13,5,6
Acyp2,0,0,1,0,0,0
Psme4,4,4,10,5,2,3
Gpr75,0,0,0,1,0,0
Asb3,4,2,8,1,6,4
Erlec1,2,4,8,1,3,8
Chac2,0,0,2,1,1,0
Stc2,0,0,1,2,2,3
Bod1,3,5,3,3,1,2
Cpeb4,1,1,4,7,5,1
Nsg2,5,9,4,7,2,6
Il9r,1,0,1,0,1,0
Snrnp25,0,4,8,4,5,2
Rhbdf1,0,0,1,2,0,0
Nprl3,2,1,0,2,2,1
Mpg,0,3,6,3,1,1
Hba-a1,0,0,0,0,1,2
Hba-a2,0,1,0,1,2,0
Sh3pxd2b,1,0,0,0,0,0
Stk10,6,11,22,18,8,10
Fbxw11,2,3,5,3,0,4
Npm1,189,199,371,243,235,273
Kcnip1,0,0,0,0,0,1
Lcp2,11,29,51,31,23,36
Dock2,15,25,70,34,34,34
Fam196b,1,0,0,0,0,0
Spdl1,1,0,0,0,0,0
Pank3,2,5,9,4,3,1
Rars,2,2,8,4,4,8
Wwc1,0,0,0,0,0,1
Mat2b,13,22,31,14,22,24
Nudcd2,3,3,10,6,9,7
Ccng1,6,10,11,15,8,10
Gabra1,1,0,0,0,0,0
Pttg1,11,24,46,9,11,26
Slu7,4,4,13,6,6,6
Pwwp2a,3,3,9,7,6,3
Ttc1,0,5,11,7,6,5
Ublcp1,2,3,3,3,1,0
Rnf145,7,6,22,9,9,8
Ebf1,2,0,0,4,0,0
Gm12159,1,0,0,0,0,0
Clint1,19,11,38,27,20,24
Lsm11,2,1,3,1,2,3
Thg1l,1,0,0,1,2,0
Gm12166,0,0,2,1,1,0
Adam19,12,11,20,26,33,24
Gm16033,0,0,2,1,3,0
Nipal4,0,1,0,0,0,0
Cyfip2,12,11,22,12,20,13
Itk,25,47,85,40,47,51
Fam71b,0,0,5,2,2,2
Med7,3,2,14,14,4,5
2310031A07Rik,0,0,2,0,0,0
Havcr2,1,0,4,6,1,1
Gnb2l1,478,555,999,536,610,664
Trim41,2,1,7,1,6,3
Trim7,2,0,0,2,0,0
Irgm1,2,8,6,6,3,11
Gm12185,0,0,1,1,0,1
Psme2b,3,3,6,2,5,11
9930111J21Rik1,0,1,0,1,0,1
Tgtp1,1,0,3,1,0,4
9930111J21Rik2,11,15,30,14,23,30
Tgtp2,2,2,11,2,2,7
Ifi47,16,20,43,15,36,46
Zfp62,1,2,10,10,7,5
Mgat1,3,5,7,7,4,5
Cnot6,5,6,12,7,12,7
Mapk9,1,4,7,5,5,5
Rasgef1c,0,0,0,0,0,1
Rnf130,8,1,26,19,16,12
Tbc1d9b,3,1,10,4,5,4
Gm12195,0,0,2,0,0,0
Sqstm1,15,11,31,16,15,26
Mgat4b,2,0,4,0,2,1
Ltc4s,1,1,4,9,7,2
Gm26542,0,1,1,2,0,0
Maml1,0,1,2,5,0,0
Canx,13,13,27,28,16,13
Hnrnph1,26,19,49,33,21,19
Rufy1,1,1,4,1,2,0
Adamts2,0,0,0,0,1,0
Grm6,0,0,1,0,0,0
Zfp2,0,0,1,0,0,0
BC049762,0,0,0,1,0,0
Clk4,9,12,13,23,17,15
Col23a1,0,0,1,0,0,0
Phykpl,0,1,4,0,2,1
Hnrnpab,14,30,54,47,48,32
Nhp2,15,6,20,14,19,22
Rmnd5b,2,3,1,5,6,9
N4bp3,0,0,2,0,1,1
D930048N14Rik,0,1,0,0,0,0
0610009B22Rik,0,1,6,1,2,0
Sec24a,4,4,10,3,6,4
Sar1b,9,14,15,10,10,16
Jade2,5,4,11,4,4,8
Gm26551,4,5,5,0,1,2
Cdkn2aipnl,5,5,9,8,3,8
Ube2b,42,46,79,34,29,56
Cdkl3,1,1,5,2,0,0
Ppp2ca,15,21,43,40,33,36
Skp1a,7,11,20,17,12,12
Tcf7,22,35,41,17,16,49
A630014C17Rik,0,0,0,0,0,1
Vdac1,15,10,18,23,16,20
9530068E07Rik,2,3,10,2,8,10
Hspa4,4,6,26,14,14,10
Zcchc10,1,6,18,2,3,4
Aff4,9,7,18,7,12,8
Uqcrq,20,36,62,27,47,43
Sowaha,0,0,0,1,0,0
Sept8,0,5,2,1,8,0
Kif3a,1,1,4,0,0,0
Il4,0,0,2,0,0,0
Il13,0,0,5,0,1,0
Rad50,3,8,10,12,14,5
Irf1,17,17,32,15,19,22
Gm17334,1,0,0,0,2,0
Gm12216,6,7,7,7,9,13
Slc22a5,0,1,3,2,0,1
Slc22a21,0,0,0,2,0,0
Pdlim4,1,0,2,4,1,2
P4ha2,0,0,1,0,0,0
Csf2,1,0,64,0,0,0
Fnip1,4,1,9,9,8,4
Rapgef6,33,30,45,36,29,31
Cdc42se2,12,8,28,10,22,23
Lyrm7,0,0,1,0,1,0
Hint1,47,64,149,65,79,68
Tnip1,5,3,9,7,6,11
Anxa6,15,29,56,27,41,40
Ccdc69,0,4,2,1,2,1
Gm2a,7,12,16,15,17,5
Slc36a3,0,0,1,0,0,0
Slc36a3os,0,0,2,1,0,0
Slc36a1,0,0,2,5,3,1
Sparc,1,1,12,49,27,27
Atox1,33,26,38,12,18,34
G3bp1,23,20,56,32,35,25
Gria1,0,1,0,0,1,0
Fam114a2,3,4,15,8,8,6
Mfap3,3,1,1,4,2,7
Galnt10,0,3,5,1,2,4
Sap30l,9,11,21,12,18,18
Larp1,11,11,35,16,17,22
Cnot8,7,8,7,5,9,10
Gemin5,2,1,0,2,0,0
Mrpl22,1,0,3,3,7,2
Igtp,12,11,17,9,7,25
Irgm2,1,1,3,2,0,2
Zfp692,0,3,2,2,0,1
Zfp672,4,2,4,7,5,8
Sh3bp5l,0,2,2,2,4,0
2810021J22Rik,0,0,0,0,0,1
Zfp39,0,0,1,0,0,0
Rnf187,11,24,51,20,31,43
Hist3h2ba,0,7,10,4,5,5
Hist3h2a,4,2,11,4,5,7
Trim11,2,3,3,2,4,7
Iba57,1,0,0,0,0,1
Gjc2,0,0,2,1,1,0
Guk1,12,9,18,20,14,11
Mrpl55,2,6,11,3,1,4
2310033P09Rik,3,4,12,5,2,9
Arf1,26,38,78,38,54,44
Snap47,5,0,2,2,1,3
Jmjd4,1,1,0,0,1,1
Zfp867,0,3,1,1,0,0
Zkscan17,1,2,0,2,1,0
Nlrp3,0,0,1,4,3,3
Mprip,2,4,11,6,9,5
Pld6,0,0,0,1,0,0
Flcn,1,4,2,5,3,3
Gm16062,0,0,2,0,0,0
Cops3,2,2,5,10,10,4
Nt5m,3,0,5,3,1,3
Med9,4,0,4,0,3,3
Rasd1,1,0,0,0,0,1
Pemt,0,1,0,0,0,0
Rai1,2,2,2,4,4,5
4930412M03Rik,0,0,0,0,1,0
Srebf1,1,4,5,3,3,3
Tom1l2,3,0,1,1,2,2
Lrrc48,0,0,1,0,0,0
Atpaf2,1,3,7,4,4,2
Gid4,6,2,6,0,4,2
Drg2,3,1,2,1,2,3
Alkbh5,9,10,21,12,12,17
Llgl1,0,0,3,2,1,2
Flii,1,4,13,9,10,6
Mief2,1,0,1,0,2,0
Top3a,0,0,3,0,1,4
Smcr8,0,1,0,1,2,0
Dhrs7b,1,0,4,2,3,2
Tmem11,4,3,7,4,0,4
Natd1,1,1,1,3,0,1
Map2k3os,0,0,0,1,0,0
Map2k3,1,9,13,11,7,11
Kcnj12,0,0,0,0,1,0
Tnfrsf13b,0,3,2,6,4,0
Usp22,4,1,9,11,5,1
Aldh3a2,2,3,8,6,3,1
Mapk7,0,1,1,1,1,0
B9d1,0,1,1,0,0,0
Epn2,0,1,4,1,2,0
Grap,14,18,41,15,25,22
Fam83g,0,0,0,0,0,1
Prpsap2,3,0,13,2,5,6
Ulk2,0,1,7,9,5,3
A530017D24Rik,1,1,0,1,0,1
Akap10,0,2,3,6,2,2
Specc1,1,1,4,4,4,2
Zswim7,0,3,2,1,1,2
Ttc19,7,10,17,15,6,13
Ncor1,39,33,79,48,54,40
Pigl,0,0,2,0,0,0
Gm12278,0,0,0,1,0,0
Cenpv,1,4,4,0,4,2
Ubb,330,451,850,548,527,486
Trpv2,4,9,11,3,9,16
Lrrc75a,0,0,0,1,0,0
Lrrc75aos2,0,0,1,0,0,0
Mmgt2,6,6,3,2,9,9
Zfp287,0,0,4,4,0,0
Gm10428,0,0,1,0,0,0
Tvp23b,3,6,11,13,7,7
Pmp22,0,0,5,9,7,6
Hs3st3b1,0,3,5,2,7,1
Cox10,1,2,2,3,3,1
2810001G20Rik,2,3,10,4,4,3
Elac2,2,2,4,1,3,3
Map2k4,1,1,4,6,5,4
Zkscan6,0,0,0,2,1,2
Tmem220,0,0,1,0,0,1
Adprm,3,3,7,6,8,6
Sco1,0,2,1,0,0,0
Gas7,0,0,2,0,4,0
Stx8,8,10,15,11,10,7
Pik3r5,8,13,8,6,10,5
Pik3r6,3,0,0,0,1,0
Ndel1,5,6,14,7,11,15
Rpl26,582,838,1470,699,835,772
Arhgef15,0,1,0,0,0,0
Slc25a35,0,0,0,0,2,0
Rangrf,2,0,4,0,3,1
Pfas,0,0,3,1,2,0
Ctc1,1,2,1,2,5,3
Aurkb,0,0,1,0,0,0
9330160F10Rik,1,1,5,0,3,2
Borcs6,0,0,5,7,5,2
Tmem107,0,1,2,0,1,3
Vamp2,6,9,20,11,16,14
Per1,11,12,26,13,14,14
9130213A22Rik,0,0,0,1,0,0
Hes7,0,0,2,0,1,0
Aloxe3,0,0,0,1,0,0
Alox8,0,0,1,0,1,0
Cntrob,0,0,1,1,1,0
Trappc1,2,6,11,10,9,9
Chd3os,0,0,1,1,0,1
Chd3,19,34,70,29,38,49
Cyb5d1,0,0,2,1,0,0
Naa38,5,16,27,9,12,18
Tmem88,1,1,5,1,3,1
Kdm6b,26,18,35,39,23,25
Kdm6bos,0,2,2,0,0,0
Dnah2,5,0,0,0,0,0
Efnb3,0,0,2,0,2,0
Wrap53,1,1,0,1,0,2
Trp53,14,11,37,19,15,26
Atp1b2,0,0,3,0,0,0
Fxr2,3,3,14,9,2,3
Mpdu1,3,3,5,6,7,5
Cd68,0,0,7,7,9,6
Eif4a1,61,63,173,94,88,99
Senp3,1,1,6,3,5,3
Tnfsfm13,1,0,0,0,0,0
Tnfsf12,1,1,0,2,2,1
Polr2a,12,15,31,11,16,23
Zbtb4,2,1,13,12,11,7
Chrnb1,0,0,0,0,2,0
Nlgn2,1,0,1,0,0,0
Tmem256,13,13,25,7,22,9
Plscr3,2,1,2,2,3,0
Kctd11,0,0,0,2,0,1
Acap1,8,14,20,18,16,18
Neurl4,0,3,4,0,2,3
Gps2,3,11,17,10,14,10
Eif5a,82,74,148,84,107,111
Elp5,0,7,3,2,4,5
Ctdnep1,5,5,20,10,8,17
Gabarap,45,49,114,65,71,50
Phf23,1,4,8,6,7,4
Dvl2,1,3,5,5,3,4
Acadvl,2,5,7,3,11,5
Dlg4,0,0,3,0,2,2
Slc16a11,0,0,0,0,1,0
Slc16a13,0,0,1,0,0,0
0610010K14Rik,2,10,14,10,10,10
Gm21988,0,3,4,0,4,0
Rnasek,1,1,0,0,0,0
Alox12,0,0,0,0,0,5
Pelp1,2,1,4,4,1,3
Arrb2,6,15,26,12,26,22
Med11,4,4,10,2,3,6
Cxcl16,18,0,0,3,1,1
Zmynd15,5,0,0,0,0,0
Tm4sf5,4,0,0,0,0,0
Psmb6,7,20,43,27,19,30
Pld2,0,0,1,1,1,1
Mink1,0,4,14,3,8,14
Chrne,1,3,5,1,3,1
Slc25a11,5,6,24,18,18,14
Rnf167,5,9,30,26,25,20
Pfn1,176,209,447,281,317,306
Eno3,4,0,4,3,2,1
Spag7,9,9,20,7,13,10
Camta2,3,3,3,5,4,5
Kif1c,2,0,0,1,1,3
Zfp3,4,0,5,0,0,3
Rabep1,4,4,10,5,2,7
Nup88,7,5,7,6,6,9
Rpain,5,3,13,7,1,5
C1qbp,11,17,32,18,23,18
Dhx33,0,0,2,3,1,3
Derl2,3,7,21,3,8,9
Mis12,1,0,1,1,1,0
6330403K07Rik,0,0,1,0,1,0
Gm12326,0,0,0,1,1,0
Wscd1,0,1,7,1,1,0
4933427D14Rik,1,1,3,1,1,0
Txndc17,49,23,39,23,28,27
Med31,2,12,7,8,3,2
Xaf1,2,3,10,7,8,10
Tekt1,0,0,0,0,1,0
Mybbp1a,6,4,19,12,8,5
Spns2,0,0,1,1,0,0
Spns3,0,0,4,2,1,0
Ube2g1,4,9,16,10,8,13
Ankfy1,4,1,8,8,7,2
Cyb5d2,0,2,2,0,2,2
Zzef1,6,7,8,11,3,10
Atp2a3,13,9,15,8,14,8
P2rx1,0,0,0,0,0,1
4732414G09Rik,0,0,0,0,1,0
Camkk1,1,0,1,1,0,0
Ncbp3,3,4,15,7,9,6
Itgae,12,5,15,16,10,28
Gsg2,1,3,2,2,3,0
P2rx5,1,0,0,0,0,0
Emc6,15,14,33,16,16,23
Tax1bp3,1,2,7,4,3,0
Ctns,1,1,5,1,1,0
Aspa,0,0,6,2,0,0
Rap1gap2,0,1,2,0,1,2
Cluh,0,0,3,2,1,3
Pafah1b1,18,20,67,36,32,22
Mettl16,6,0,4,7,5,5
Mnt,4,4,12,3,6,3
Sgsm2,1,1,1,0,3,1
Tsr1,2,4,1,4,0,3
Srr,0,0,0,0,2,1
Smg6,4,10,6,12,8,7
Hic1,2,2,4,3,2,4
Ovca2,0,0,0,0,1,1
Dph1,0,0,0,0,1,0
Rtn4rl1,0,0,1,1,2,4
Rpa1,4,2,12,5,12,5
Smyd4,3,1,4,1,1,3
Serpinf1,0,1,0,3,0,0
Wdr81,0,2,2,3,1,0
Tlcd2,0,0,0,0,1,1
Prpf8,5,11,22,19,17,11
Slc43a2,1,2,2,5,1,0
Pitpna,8,16,41,24,30,20
Inpp5k,2,3,8,8,10,7
Myo1c,3,1,0,2,2,3
Crk,6,7,7,13,11,6
Ywhae,21,22,55,33,24,32
Gm26836,0,0,1,1,0,0
Rph3al,0,1,0,1,1,0
1700016K19Rik,0,0,0,0,0,1
Fam101b,1,3,4,2,3,6
Vps53,2,6,8,10,2,7
Glod4,8,8,20,9,10,7
Fam57a,1,1,0,0,0,0
Gemin4,0,0,0,1,0,0
Rnmtl1,2,2,2,1,3,2
Nxn,2,1,2,1,6,2
Timm22,4,3,4,3,11,2
Abr,2,8,12,6,9,7
Gosr1,3,5,7,6,5,6
Cpd,2,1,4,4,2,1
Tmigd1,0,0,0,0,0,3
Blmh,12,8,7,5,5,6
Nsrp1,6,8,18,13,9,9
Ssh2,23,21,51,36,34,30
Ankrd13b,0,1,2,0,1,1
Git1,5,3,3,3,3,2
Trp53i13,1,9,10,3,8,2
Abhd15,0,0,0,0,0,2
Gm10392,2,0,1,0,0,0
Taok1,14,9,15,6,7,5
Nufip2,15,13,34,31,17,17
Myo18a,0,1,7,3,2,3
Phf12,6,8,9,6,5,5
Dhrs13os,0,0,1,0,0,0
Dhrs13,0,1,2,1,1,2
Flot2,3,0,6,1,2,2
Eral1,2,1,4,1,1,1
Fam222b,3,2,2,0,0,1
Traf4,6,7,8,5,3,11
Nek8,1,1,4,2,1,3
Tlcd1,2,0,2,1,1,1
Rpl23a,286,341,648,298,444,358
Rab34,0,0,1,2,0,0
Supt6,5,11,8,10,5,5
Sdf2,11,6,23,16,7,15
2610507B11Rik,6,7,7,7,4,3
BC030499,0,0,0,1,0,0
Spag5,1,0,1,0,0,0
Aldoc,1,17,3,1,5,3
Pigs,3,2,8,3,3,5
Unc119,2,5,6,6,4,7
Slc46a1,0,0,0,2,1,0
Vtn,0,0,0,1,0,0
Tmem199,2,4,5,3,1,5
Poldip2,0,2,3,3,8,1
Tnfaip1,1,2,3,0,0,2
Ift20,12,10,23,14,18,15
Tmem97,1,0,2,2,1,0
Nlk,5,4,12,5,5,4
Fam58b,1,6,12,3,3,7
Lyrm9,1,2,16,4,7,6
Lgals9,6,5,11,9,15,14
Ksr1,1,2,4,3,1,2
Wsb1,3,7,11,26,15,18
Nf1,0,0,2,3,2,0
Omg,0,0,2,0,0,0
Gm21975,2,5,5,4,7,6
Evi2b,0,0,0,0,1,0
Evi2a,17,19,35,21,17,26
Rab11fip4,2,0,5,6,5,4
Gm11205,0,0,0,0,1,0
Utp6,1,5,5,5,2,2
Suz12,8,6,13,14,14,6
Gm26563,1,0,0,0,0,0
Crlf3,21,56,66,32,45,24
Atad5,0,0,3,0,0,0
Tefm,0,0,1,2,0,0
Adap2,0,0,0,6,2,1
Adap2os,0,0,1,2,3,2
Rnf135,0,2,2,3,2,0
Rhot1,1,2,2,5,3,1
Rhbdl3,0,1,0,0,2,1
5730455P16Rik,0,0,1,1,1,2
Zfp207,9,15,29,13,14,15
Psmd11,13,11,31,13,22,16
Cdk5r1,2,0,0,4,4,0
Myo1d,0,0,2,0,1,0
Tmem98,0,0,1,0,0,0
Ccl2,0,0,3,4,15,0
Ccl7,0,0,1,1,2,1
Ccl12,0,2,0,3,2,1
Ccl1,0,0,46,0,1,0
Cct6b,0,0,1,0,1,0
Zfp830,3,2,8,5,2,8
Gm11423,1,0,1,1,0,2
Lig3,0,1,6,6,0,1
Rffl,0,0,3,1,1,3
Rad51d,1,1,3,1,2,1
Nle1,1,1,5,2,2,0
Slfn5,2,2,0,0,2,4
Slfn9,0,0,1,0,0,1
Slfn8,2,3,7,5,10,10
Slfn2,41,52,101,41,55,75
Slfn1,9,16,21,8,14,21
Slfn4,0,1,0,0,0,0
AI662270,7,16,23,13,18,14
Pex12,0,2,2,1,0,2
Ap2b1,2,10,9,5,14,6
1700020L24Rik,2,0,1,0,1,0
Taf15,9,16,28,20,26,21
Heatr9,0,0,0,1,0,0
Ccl5,926,1004,2317,709,1711,1467
Ccl9,0,0,13,0,1,1
Ccl6,0,1,0,1,1,1
Ccl3,3,4,36,38,36,21
Ccl4,203,48,343,223,230,234
Wfdc17,0,1,0,2,1,0
Heatr6,4,1,6,4,8,2
Ddx52,6,4,6,7,7,7
Synrg,5,6,11,6,5,5
Dusp14,0,2,0,0,0,1
Tada2a,1,0,2,2,1,0
Acaca,0,1,6,0,2,0
Aatf,4,2,12,7,1,9
Mrm1,1,2,4,2,5,2
Dhrs11,0,0,3,3,2,0
Ggnbp2,9,15,30,22,17,25
Pigw,0,0,0,0,0,1
Myo19,0,0,0,1,0,0
Znhit3,1,7,7,2,4,3
Usp32,2,5,2,1,1,2
Appbp2,6,5,10,9,6,7
Appbp2os,1,0,0,0,0,0
Ppm1d,1,3,5,8,4,1
Bcas3,0,4,5,2,2,3
Tbx2,0,0,0,0,1,0
Brip1,0,0,1,0,0,1
Brip1os,2,1,4,2,4,5
Ints2,3,0,5,1,0,0
Med13,7,2,12,11,5,1
Rnft1,4,11,10,5,4,7
Rps6kb1,3,15,12,8,13,10
Tubd1,1,0,0,1,1,1
Vmp1,11,19,42,21,39,30
Ptrh2,0,5,3,2,0,8
Cltc,7,8,27,14,10,11
Dhx40,7,8,7,6,5,7
Ypel2,1,0,3,1,2,1
Gdpd1,0,0,1,0,0,1
Smg8,0,3,0,2,5,0
Ska2,2,1,4,3,2,0
Trim37,1,0,0,1,1,2
Rad51c,1,0,0,0,0,0
Tex14,1,0,0,0,0,0
Sept4,0,1,41,10,10,2
Mtmr4,3,1,3,0,1,1
Rnf43,0,1,2,5,2,0
Supt4a,27,48,66,46,24,45
Mir142hg,12,12,24,17,24,25
Bzrap1,0,1,2,0,0,0
Mks1,1,0,1,2,0,1
Dynll2,9,8,21,14,12,12
2010015M23Rik,1,0,1,0,1,2
Srsf1,15,18,32,10,23,24
Vezf1,5,4,23,11,6,9
Cuedc1,2,2,3,0,1,1
Mrps23,6,10,13,9,9,7
Msi2,10,12,22,15,8,9
C030037D09Rik,0,0,1,0,1,0
Akap1,0,1,1,0,2,1
Scpep1,0,0,6,2,4,1
Coil,0,0,1,0,1,4
Trim25,4,0,10,5,1,3
Dgke,1,4,0,1,5,1
Pctp,1,0,0,1,1,0
Tmem100,0,0,0,1,0,0
Mmd,2,5,3,2,5,1
Hlf,0,1,4,4,4,1
Stxbp4,0,0,0,0,0,2
Cox11,2,3,1,1,3,2
Tom1l1,0,0,0,1,0,0
Utp18,1,5,10,7,7,8
Mbtd1,2,3,16,8,4,11
Nme2,5,14,28,12,13,13
Nme1,37,23,73,35,57,25
Spag9,14,10,26,15,19,10
Tob1,6,8,18,6,14,27
Luc7l3,9,12,28,21,28,12
Ankrd40,2,6,6,6,6,4
Abcc3,0,0,0,0,1,1
Rsad1,1,1,0,1,0,0
Acsf2,2,1,4,2,1,3
Lrrc59,2,5,10,6,7,4
Mrpl27,0,4,8,9,4,6
Xylt2,0,1,5,2,3,1
Ppp1r9b,6,8,19,10,9,15
Pdk2,0,0,1,0,1,2
Itga3,0,0,0,0,1,1
Kat7,0,9,12,3,8,6
Fam117a,2,2,9,6,9,9
Slc35b1,2,3,6,6,3,3
Spop,15,10,26,9,11,19
Phb,14,12,24,27,23,11
Gm26830,0,0,1,0,0,0
Gm9796,0,0,0,1,0,0
Zfp652os,0,0,0,1,0,0
Zfp652,9,11,27,11,19,15
B130006D01Rik,0,0,0,0,3,0
Abi3,1,2,12,13,15,13
Gngt2,4,2,16,5,18,4
Snf8,12,11,22,14,22,11
Ube2z,3,3,7,5,3,7
Atp5g1,34,39,84,41,61,43
Hoxb4,0,1,3,0,0,0
Skap1,38,57,114,68,78,70
Snx11,0,2,6,1,3,7
Cbx1,7,15,19,8,12,9
Nfe2l1,9,3,2,7,4,4
Copz2,0,0,0,1,1,0
Cdk5rap3,6,4,10,12,8,5
Pnpo,0,2,5,0,1,0
Sp2,5,4,4,2,1,6
Sp6,0,0,1,0,0,0
Scrn2,0,0,4,2,1,1
Mrpl10,3,3,8,3,4,2
Osbpl7,1,0,4,2,3,2
Tbx21,7,8,28,22,9,17
Tbkbp1,1,0,1,0,4,1
Kpnb1,6,6,15,13,5,10
Npepps,6,10,13,10,8,9
Mrpl45,3,3,4,2,5,1
Socs7,1,0,2,2,6,1
Arhgap23,2,1,5,1,4,0
Srcin1,0,1,2,1,1,0
E130012A19Rik,1,0,3,4,1,1
Mllt6,2,3,16,4,8,7
Cisd3,1,4,5,3,3,3
Pcgf2,0,3,3,0,2,1
Psmb3,27,23,84,31,63,58
Pip4k2b,2,4,14,4,9,2
Cwc25,3,3,14,5,2,3
Rpl23,1251,1477,2896,1184,1630,1819
Lasp1,8,4,16,18,13,20
B230217C12Rik,0,0,0,0,1,1
Plxdc1,0,0,1,2,1,0
Arl5c,4,6,7,10,6,1
Cacnb1,0,1,0,1,0,0
Rpl19,905,1130,2152,1113,1182,1262
Stac2,0,0,2,0,0,0
Fbxl20,2,7,9,6,7,3
Med1,12,8,15,13,7,10
Cdk12,7,9,15,16,13,8
Ppp1r1b,0,0,1,0,0,1
Stard3,2,2,6,8,7,10
Pgap3,1,0,0,2,0,3
Mien1,17,17,33,16,19,31
Grb7,0,1,0,1,0,0
Ikzf3,7,15,25,9,20,12
Ormdl3,4,5,9,6,5,4
Gm12355,0,0,1,1,1,0
Psmd3,8,3,17,12,8,6
Med24,1,1,2,0,2,0
Thra,1,4,7,5,4,8
Nr1d1,0,3,0,0,2,0
Msl1,3,4,8,11,7,8
Gm12359,0,0,0,0,0,1
Casc3,5,5,11,4,13,5
Wipf2,4,2,6,3,2,3
Rara,1,5,5,4,5,2
Top2a,1,3,7,3,1,7
Igfbp4,1,3,1,4,12,15
Tns4,0,2,1,0,0,0
Ccr7,60,25,16,8,29,5
Smarce1,9,7,17,22,12,8
Krt10,2,2,3,4,2,5
Eif1,314,391,806,483,451,478
Hap1,1,0,0,0,2,0
Jup,0,1,1,5,1,1
P3h4,0,0,3,2,0,0
Nt5c3b,5,3,16,3,3,5
Klhl10,0,0,0,1,0,0
Klhl11,0,1,2,0,0,0
Acly,6,3,14,9,7,10
Cnp,13,15,93,16,23,23
Dnajc7,11,17,35,21,25,19
Nkiras2,0,0,1,3,1,2
Dhx58,1,1,0,1,1,2
Kat2a,2,0,8,1,3,2
Rab5c,17,11,26,22,24,21
Ghdc,0,1,0,3,0,2
Stat5b,3,3,7,7,5,7
Stat5a,1,5,4,4,5,1
Stat3,18,19,23,26,31,24
Ptrf,0,1,0,0,0,0
Atp6v0a1,0,0,1,3,2,1
Naglu,1,1,3,1,1,2
Coasy,3,0,5,2,2,5
Mlx,2,9,10,4,10,12
Psmc3ip,1,1,1,1,0,1
Fam134c,3,5,2,4,8,8
Tubg1,0,2,6,0,2,1
Plekhh3,0,0,0,1,0,0
Cntnap1,0,1,0,0,3,0
Ezh1,2,5,14,4,5,6
Ramp2,0,0,0,1,1,0
Vps25,0,3,0,2,1,1
Coa3,9,10,19,9,19,7
Becn1,7,6,19,10,4,12
Psme3,4,5,12,4,4,9
Aoc2,0,0,1,0,0,0
Gm27029,0,0,2,0,1,1
Aarsd1,1,0,2,0,0,0
Ptges3l,1,0,2,0,0,0
Rundc1,0,0,3,2,0,2
Rpl27,446,481,958,345,710,576
Ifi35,6,12,19,10,11,24
Vat1,3,1,2,3,0,1
Rnd2,0,1,0,0,1,0
Brca1,0,0,2,0,0,0
Nbr1,4,3,10,4,5,8
Tmem106a,2,1,0,1,2,0
Rdm1,2,4,16,5,4,15
Arl4d,0,0,3,5,3,2
Dhx8,5,3,8,1,9,2
Dusp3,2,1,3,3,3,0
Mpp3,1,0,0,0,0,0
Mpp2,0,0,0,0,0,1
Tmem101,3,2,5,1,0,3
Lsm12,8,15,25,17,11,22
G6pc3,5,2,5,1,2,2
Hdac5,3,2,8,2,2,2
BC030867,0,0,1,0,0,0
Tmub2,4,0,6,5,3,8
Atxn7l3,5,3,6,5,6,4
Ubtf,4,10,26,16,13,13
Rundc3a,0,1,2,0,1,1
Slc25a39,4,3,11,4,8,5
Grn,3,2,12,25,17,16
Fam171a2,0,0,0,0,1,0
Itga2b,0,0,0,0,0,6
Gpatch8,7,13,22,10,14,15
Ccdc43,0,1,4,1,2,2
Eftud2,1,5,6,3,6,9
Gm26668,0,0,1,0,1,0
C1ql1,0,0,0,1,1,0
Dcakd,0,1,2,5,4,1
Nmt1,7,9,18,18,31,11
Acbd4,4,2,1,1,3,1
Hexim1,6,3,12,8,8,8
Hexim2,0,0,0,1,3,1
Fmnl1,12,13,34,8,13,30
1700023F06Rik,1,0,0,0,0,0
Map3k14,5,6,9,7,5,8
Arhgap27,0,3,3,5,5,4
Arhgap27os3,2,2,4,1,1,3
Arhgap27os2,0,0,0,1,4,0
Arhgap27os1,0,0,0,0,0,1
Plekhm1,0,0,2,3,4,3
Gosr2,5,3,9,6,8,3
Nsf,2,5,4,5,5,14
Arf2,4,1,2,2,4,1
Mapt,0,1,5,2,1,0
Kansl1,16,23,22,21,13,22
Cdc27,2,0,2,4,4,3
Myl4,0,1,0,0,0,0
Itgb3,0,3,5,1,0,1
Mettl2,2,0,3,1,1,1
1700052K11Rik,1,1,1,2,1,0
Tlk2,2,2,7,3,3,5
Mrc2,1,0,1,2,0,0
Tanc2,0,1,2,9,6,1
Cyb561,0,1,1,0,0,0
Dcaf7,0,4,5,7,13,9
Taco1,0,1,1,0,0,0
Map3k3,3,3,9,3,3,1
Limd2,50,69,110,89,59,107
Strada,0,2,5,1,2,5
Ccdc47,3,8,16,11,14,9
Ddx42,2,7,7,9,9,6
Ftsj3,4,5,9,5,8,8
Psmc5,8,14,23,8,22,13
Smarcd2,6,6,17,8,6,10
Cd79b,5,1,2,3,0,0
Prr29,0,0,0,0,1,0
Icam2,2,8,8,2,3,3
Ern1,1,3,1,2,2,0
Tex2,1,2,6,3,2,1
Pecam1,1,3,3,3,5,4
Milr1,1,0,1,2,2,2
Polg2,5,9,7,5,7,2
Ddx5,149,225,457,258,283,255
Cep95,1,0,3,3,1,1
Smurf2,4,2,6,4,7,3
Gm11707,2,6,4,1,3,2
Kpna2,1,2,3,3,3,2
1810010H24Rik,0,0,0,1,0,0
Bptf,15,31,52,33,29,29
Nol11,1,4,4,4,2,3
Pitpnc1,19,19,53,18,14,23
Gm11713,4,4,12,7,17,3
Psmd12,6,9,18,14,16,6
Helz,4,8,12,8,9,7
Cacng4,0,0,0,0,1,0
Prkca,25,20,48,20,29,34
Axin2,2,2,3,6,1,7
Rgs9,0,0,0,1,0,0
Gm11696,0,0,2,1,0,0
Gna13,27,25,36,33,25,25
9930022D16Rik,0,0,1,0,0,0
Amz2,6,7,9,5,2,6
Slc16a6,3,6,12,16,16,13
Arsg,1,0,2,1,0,0
Wipi1,0,1,6,0,2,2
Prkar1a,23,34,83,37,40,54
Fam20a,2,0,0,0,1,1
1700012B07Rik,0,1,0,0,0,0
Abca8b,0,0,1,0,1,0
Abca8a,0,0,4,0,3,0
Abca9,0,0,0,1,0,1
Abca6,0,0,0,0,0,1
Abca5,0,1,0,0,2,2
Map2k6,1,5,3,3,1,0
Kcnj16,0,1,0,0,0,0
Kcnj2,0,0,0,0,1,0
Sox9,0,1,0,0,1,0
2610035D17Rik,1,0,0,1,1,1
Slc39a11,2,0,2,0,3,1
Cog1,1,2,2,2,0,3
Fam104a,13,12,22,20,15,14
D11Wsu47e,0,0,2,1,0,2
Cdc42ep4,0,1,1,2,1,1
Rpl38,1026,1003,2307,735,1570,1488
Ttyh2,1,1,1,1,1,1
Kif19a,0,0,0,0,1,1
Cd300a,2,0,1,5,3,2
AF251705,0,0,8,19,16,5
Rab37,4,6,20,12,9,9
Cd300lf,1,0,0,0,0,0
Slc9a3r1,10,19,30,11,17,29
Nat9,2,3,1,1,0,1
Tmem104,1,0,0,1,1,3
Fdxr,2,3,3,2,3,3
Fads6,0,0,2,1,2,0
Otop3,0,0,1,0,0,0
Hid1,1,1,7,2,5,6
Cdr2l,0,0,2,0,0,0
Ict1,7,9,16,12,16,17
Atp5h,78,121,228,117,106,128
Kctd2,1,3,9,6,7,7
Slc16a5,0,0,0,1,0,0
Armc7,6,2,7,10,5,2
Nt5c,17,16,34,20,14,32
Hn1,34,39,94,56,57,65
Sumo2,63,84,149,102,104,101
Nup85,2,3,3,4,4,3
Gga3,2,3,5,2,5,3
Mrps7,3,3,6,4,3,6
Mif4gd,7,7,16,7,10,13
Slc25a19,3,3,0,5,5,2
Grb2,20,15,31,32,34,12
Tmem94,1,3,1,1,0,5
Caskin2,0,0,1,0,1,0
Tsen54,2,1,4,2,1,0
Llgl2,0,1,0,0,1,1
Recql5,1,0,3,2,0,2
Smim5,0,0,0,0,1,0
Smim6,0,0,0,0,1,0
Sap30bp,3,5,3,3,4,2
Sap30bpos,0,1,0,0,0,0
Itgb4,0,0,1,1,0,0
Galk1,1,4,3,3,6,4
H3f3b,190,286,498,335,324,251
Unk,1,0,4,0,2,1
Unc13d,1,9,6,9,5,12
Wbp2,9,10,20,14,20,17
Trim47,1,0,0,2,3,3
Trim65,2,2,8,4,0,4
Mrpl38,4,8,19,8,4,10
Fbf1,0,0,0,0,0,1
Acox1,0,1,5,2,4,5
Ten1,4,8,13,10,4,10
Evpl,0,0,1,0,0,0
Srp68,3,1,10,4,5,8
Exoc7,0,1,4,3,3,5
Foxj1,0,0,1,0,0,0
Rnf157,2,7,11,4,8,20
Ubald2,36,39,73,44,41,70
Prpsap1,9,9,16,13,10,14
Ube2o,0,0,6,0,3,3
Aanat,0,0,0,0,2,0
Rhbdf2,1,0,0,1,2,2
1810032O08Rik,2,1,3,4,4,3
St6galnac2,0,0,1,0,0,1
Jmjd6,3,3,19,17,4,4
Mettl23,21,28,50,35,29,28
Srsf2,45,44,89,45,44,44
Mfsd11,1,0,3,2,2,2
Mgat5b,0,1,0,1,0,0
Snhg20,7,6,12,11,9,5
Sec14l1,0,1,2,6,2,2
Sept9,9,10,24,20,16,17
Tnrc6c,8,13,37,17,23,22
Tmc6,3,10,7,3,7,6
Tmc8,3,1,5,1,5,3
Syngr2,18,5,13,8,15,21
Tk1,0,2,2,0,0,0
Afmid,0,2,0,0,0,0
Birc5,0,0,3,0,0,0
Tha1,1,0,2,1,0,7
Socs3,11,38,23,43,44,24
Pgs1,8,5,19,14,9,8
Cyth1,6,5,13,13,11,10
Usp36,6,2,17,8,8,7
Timp2,1,7,7,20,9,6
BC100451,0,0,0,1,0,0
Lgals3bp,8,7,13,7,10,14
Cant1,6,3,4,4,4,4
Engase,1,0,0,0,3,0
Cbx2,0,0,1,0,0,1
Cbx8,3,2,3,1,4,2
Cbx4,15,13,35,33,16,24
Tbc1d16,0,0,2,3,1,1
Gm26888,0,0,1,0,1,0
Ccdc40,0,0,0,0,1,0
Gaa,1,0,3,3,6,5
Eif4a3,12,10,25,20,15,18
Sgsh,1,0,8,0,2,3
Slc26a11,1,3,5,1,1,1
Rnf213,7,6,13,5,8,20
Endov,0,0,2,0,2,1
Nptx1,0,0,1,0,0,0
Rptor,3,3,4,6,3,2
Chmp6,1,3,4,2,2,6
Gm11767,0,0,0,0,1,0
Baiap2,2,2,3,1,1,1
Aatk,0,0,2,1,3,1
Cep131,0,0,0,1,1,0
Enthd2,0,0,0,1,0,1
1810043H04Rik,8,6,23,10,22,14
Slc38a10,3,1,4,3,3,6
Bahcc1,0,0,1,0,0,0
Gm11772,1,0,0,0,0,0
Actg1,392,224,550,344,295,424
0610009L18Rik,3,0,2,0,2,0
Faap100,2,2,4,2,1,2
Nploc4,3,1,4,3,2,3
Pde6g,0,0,0,0,1,0
Oxld1,1,2,3,1,1,0
Ccdc137,0,3,3,1,3,0
Arl16,1,0,1,1,4,1
Hgs,0,5,4,3,2,6
Mrpl12,6,13,19,12,15,13
Slc25a10,0,0,1,1,2,3
Fam195b,7,12,11,6,7,11
P4hb,8,7,17,13,16,6
Arhgdia,28,26,65,40,50,42
Alyref,8,12,28,12,15,17
Anapc11,6,18,16,18,15,16
Npb,1,0,0,0,1,0
Pcyt2,7,5,12,3,7,4
Sirt7,15,16,23,20,19,9
Mafg,3,9,10,12,15,5
Gm17586,0,0,0,0,1,0
Pycr1,0,0,0,0,1,0
Aspscr1,1,5,5,4,11,6
Stra13,8,14,25,20,14,21
Lrrc45,1,1,1,2,4,2
Rac3,0,0,1,0,1,2
Dcxr,1,0,4,0,2,2
Hmga1-rs1,1,0,0,1,4,3
Rfng,1,0,3,0,2,0
Gps1,6,6,12,8,8,7
Dus1l,1,2,7,5,6,6
Fasn,1,0,9,4,3,4
Slc16a3,3,0,5,2,2,1
Csnk1d,5,6,22,11,9,9
Cd7,18,14,34,11,35,47
Ogfod3,0,1,2,2,1,3
Hexdc,0,0,4,0,2,2
BC017643,6,3,16,11,11,9
Narf,6,4,6,5,5,3
Foxk2,2,3,9,3,1,3
Wdr45b,5,8,13,3,7,3
Fn3k,0,0,0,0,0,1
Tbcd,0,2,2,1,3,0
B3gntl1,0,0,0,1,1,0
Metrnl,15,9,23,11,16,25
Gdi2,31,32,60,44,31,43
Fam208b,2,1,4,4,4,4
Asb13,2,3,8,6,3,4
Net1,6,2,1,1,1,3
Akr1c13,1,1,4,5,3,2
Akr1c12,1,1,0,0,0,1
Akr1e1,2,0,2,1,1,1
Klf6,90,64,237,185,196,169
Pitrm1,1,0,3,2,2,1
Pfkp,15,16,43,23,32,21
Wdr37,1,4,3,4,3,1
Idi1,11,2,4,5,4,1
Gtpbp4,6,12,21,17,14,10
Larp4b,7,9,14,14,12,8
Dip2c,0,0,0,0,0,1
Zmynd11,9,7,22,19,16,10
Mtr,1,1,3,0,2,3
Actn2,1,11,8,5,9,12
Heatr1,2,0,2,2,2,1
Lgals8,3,7,12,4,9,8
Edaradd,2,0,5,1,1,3
Ero1lb,3,3,2,3,2,2
Gpr137b-ps,1,0,0,0,0,0
Gpr137b,4,0,2,1,1,1
Lyst,2,4,7,1,3,3
Gng4,0,0,1,0,0,0
B3galnt2,1,1,5,0,3,6
Tbce,2,2,6,2,1,4
Ggps1,4,4,5,2,3,1
Arid4b,10,13,25,28,24,16
Mrpl32,9,12,23,7,14,9
Psma2,35,38,57,36,46,29
AW209491,0,1,2,0,0,1
Gli3,0,1,0,0,0,0
Mplkip,3,13,18,6,7,13
Cdk13,5,3,16,14,12,11
Rala,4,8,35,11,14,10
Yae1d1,0,1,5,3,1,0
Vps41,2,3,4,2,3,4
Amph,0,0,1,0,1,1
Stard3nl,6,6,15,11,11,11
Epdr1,0,0,1,0,2,0
Elmo1,7,11,22,21,16,15
Aoah,0,0,0,1,1,0
Trim27,8,6,18,17,9,16
Zscan12,0,0,0,1,1,1
Zkscan3,3,6,12,5,15,8
Pgbd1,0,0,0,0,1,0
Zscan26,0,8,12,7,5,7
Zkscan8,0,0,2,1,0,0
Hist1h2bl,0,0,0,0,0,1
Hist1h2ai,0,0,1,0,0,0
Hist1h4j,0,1,0,1,0,0
Hist1h2ak,0,1,1,0,1,0
Hist1h2bn,0,0,0,1,0,0
Hist1h1b,0,0,0,1,0,0
Hist1h3i,0,0,1,0,0,0
Hist1h2ao,0,0,0,0,1,0
Hist1h4n,1,1,0,1,1,0
Hist1h2ap,6,1,18,7,6,6
Zfp184,0,0,0,0,1,0
Prss16,0,1,1,1,1,1
Hist1h4i,0,0,7,2,3,1
Hist1h2bj,2,0,2,0,1,0
Zfp322a,2,1,4,2,1,1
Abt1,1,11,12,6,4,4
C230035I16Rik,0,1,1,0,0,0
Hist1h4h,0,0,3,2,3,0
Hist1h1d,1,1,2,0,2,0
Hist1h3e,0,0,0,2,0,1
Hist1h2ae,1,0,1,1,0,0
Hist1h2bg,0,0,1,0,1,0
Hist1h2bf,0,1,0,0,0,0
Hist1h2ad,0,0,0,1,0,0
Hist1h4d,0,2,9,3,3,1
Hist1h2be,2,1,4,2,0,0
Hist1h1e,7,3,5,2,1,3
Hist1h2bc,10,8,7,4,7,1
Hist1h4c,1,3,3,2,1,3
Hfe,1,0,2,1,1,1
Hist1h1c,10,13,17,17,21,14
Hist1h2ab,0,0,1,0,0,0
Hist1h4b,1,0,2,0,0,1
Hist1h4a,2,0,1,0,0,1
Hist1h3a,0,1,5,2,2,0
Hist1h1a,1,0,0,1,1,0
Lrrc16a,0,0,0,2,1,0
Cmah,5,5,3,1,8,1
Fam65b,6,9,24,16,19,12
C530050E15Rik,0,1,0,0,1,0
Gmnn,2,6,12,7,3,3
BC005537,16,19,36,26,13,26
Acot13,1,6,11,10,9,3
Tdp2,5,2,8,5,4,5
Aldh5a1,1,0,2,0,0,0
Gpld1,0,0,2,0,1,0
Mrs2,3,0,1,1,1,1
Dcdc2a,0,0,0,1,0,0
Nrsn1,0,0,1,0,0,0
Gm26735,0,0,0,1,0,0
Sox4,1,0,1,1,3,2
Cdkal1,2,3,8,3,1,6
E2f3,0,1,0,0,2,1
Mboat1,1,0,7,3,2,3
Uqcrfs1,10,17,26,15,16,29
Dusp22,1,2,3,1,1,2
Irf4,12,3,17,10,13,11
Exoc2,2,2,7,1,5,3
Foxq1,0,0,0,1,0,1
Foxc1,0,1,0,0,0,0
Gmds,2,2,3,1,7,1
Wrnip1,1,2,3,10,3,3
Serpinb1a,8,9,15,6,3,3
Serpinb6b,30,21,5,6,13,6
Serpinb9,23,18,20,16,13,26
Serpinb1b,1,0,0,0,0,0
Serpinb6a,11,9,20,9,17,11
1110046J04Rik,0,0,1,0,1,1
Nqo2,1,1,4,1,2,2
Ripk1,1,5,4,7,5,4
Bphl,1,2,1,2,6,2
Tubb2a,6,4,16,14,23,6
Tubb2b,0,5,1,4,5,0
Psmg4,10,12,19,18,16,11
Slc22a23,1,0,0,0,0,0
Pxdc1,1,0,0,7,0,1
Prpf4b,15,10,11,20,28,13
Eci2,5,4,6,7,9,4
Cdyl,0,1,11,1,2,4
Rpp40,0,0,1,1,0,2
Lyrm4,2,0,4,3,4,3
Fars2,1,0,6,3,3,5
Nrn1,0,4,0,0,2,1
Ly86,3,1,12,31,16,8
Rreb1,1,0,7,4,5,4
Ssr1,6,9,24,16,10,10
Cage1,0,0,0,0,1,0
Riok1,4,7,7,7,6,5
Dsp,0,1,0,0,0,0
Snrnp48,5,7,13,8,12,16
Txndc5,3,5,14,4,7,2
Bloc1s5,0,1,2,1,4,1
Eef1e1,5,5,11,9,11,8
Slc35b3,3,8,13,3,2,5
Gcnt2,1,1,3,0,4,0
Pak1ip1,7,5,21,18,12,13
Tmem14c,12,18,30,30,13,16
Gcm2,0,0,0,2,0,0
Smim13,0,2,1,3,2,1
Nedd9,9,7,22,15,11,15
Tmem170b,2,2,1,3,8,1
Gm28707,2,1,0,1,0,3
Hivep1,6,1,2,4,2,2
Edn1,0,0,0,0,1,0
Phactr1,0,0,0,0,1,0
Tbc1d7,1,1,0,2,0,0
Gfod1,0,0,6,4,1,2
Sirt5,2,0,1,2,4,2
Nol7,17,39,62,42,35,33
Ranbp9,5,5,8,8,9,6
Mcur1,0,4,7,4,6,5
Rnf182,1,0,0,0,0,0
Cd83,21,1,25,28,40,12
Jarid2,5,8,13,8,13,6
Dtnbp1,4,5,13,4,11,6
Mylip,3,6,16,15,14,11
Gmpr,0,1,0,1,2,0
Atxn1,5,8,13,8,8,8
5033430I15Rik,0,1,2,2,0,1
Rbm24,0,1,0,1,1,0
Cap2,0,1,0,0,0,0
Fam8a1,0,5,5,5,4,2
Nup153,3,9,17,3,5,7
Kif13a,3,1,1,1,0,1
Kdm1b,0,3,4,1,4,1
Dek,13,19,62,33,37,20
Rnf144b,0,0,0,2,0,0
Zfp169,2,0,3,1,0,0
A830005F24Rik,0,1,0,0,0,0
6720427I07Rik,0,0,3,3,5,1
Ptpdc1,0,0,1,0,0,0
Phf2,1,6,8,3,2,2
Fam120a,4,11,17,5,8,7
Fam120aos,0,1,2,1,0,1
Wnk2,0,0,0,0,1,0
Ninj1,3,5,7,7,6,6
Card19,3,6,10,11,15,10
Susd3,4,4,15,10,10,11
Fgd3,1,3,3,2,7,3
Bicd2,0,2,7,4,6,5
Ippk,0,2,2,3,0,1
Nol8,2,4,9,5,7,3
Iars,2,3,4,6,2,7
Fbxw17,2,2,4,2,1,3
Spin1,5,3,11,7,7,7
Cks2,5,12,14,6,7,3
Secisbp2,2,4,15,4,5,8
Gm15440,1,1,9,1,2,2
Sema4d,16,8,14,11,11,20
Gadd45g,2,1,3,34,3,3
Diras2,0,0,0,0,1,0
Syk,3,0,0,2,5,2
Auh,4,8,20,11,10,11
Nfil3,11,6,9,10,12,11
Sptlc1,3,3,3,2,2,2
Sfxn1,9,3,14,13,12,13
Hrh2,0,0,1,1,0,0
Cplx2,0,0,0,0,2,1
Thoc3,3,3,8,5,6,4
Simc1,0,1,0,0,2,2
4833439L19Rik,1,3,6,6,5,4
Arl10,0,0,2,2,2,0
Nop16,3,2,4,5,3,1
Higd2a,9,18,41,13,18,30
Cltb,6,3,18,7,11,9
Faf2,2,4,9,1,8,2
Rnf44,7,7,9,2,9,11
Tspan17,2,0,2,0,0,0
Unc5a,3,1,4,1,1,2
Hk3,0,0,0,1,0,1
Uimc1,2,9,7,8,15,9
Zfp346,3,0,3,0,2,1
Nsd1,8,15,28,17,14,8
Rab24,5,7,15,18,16,11
Prelid1,18,27,50,25,33,35
Lman2,9,13,30,13,17,28
Rgs14,2,3,7,9,6,3
Grk6,14,9,17,13,9,15
Prr7,4,7,3,12,1,4
Pdlim7,0,0,1,2,3,1
Dok3,0,0,1,2,1,1
Ddx41,5,6,11,11,9,6
Fam193b,0,1,2,2,2,1
Tmed9,15,30,51,48,31,23
B4galt7,2,2,2,3,1,4
Caml,0,6,1,6,0,1
Ddx46,6,5,19,11,15,7
B230219D22Rik,2,15,5,4,11,9
Txndc15,8,6,10,5,9,4
Pcbd2,12,12,20,10,15,16
H2afy,52,54,106,72,101,83
Tifab,0,0,1,2,3,0
Cxcl14,0,0,0,4,1,0
Fbxl21,0,0,0,0,1,1
Tgfbi,0,0,0,2,1,0
Smad5,1,2,6,3,0,5
Spock1,0,0,3,0,0,0
Klhl3,1,0,1,0,0,0
Hnrnpa0,44,65,151,101,81,71
Idnk,11,24,24,18,15,26
Ubqln1,4,2,9,6,4,5
Gkap1,0,0,3,5,1,1
2210016F16Rik,3,4,7,7,9,5
Hnrnpk,34,37,113,87,62,74
Rmi1,0,2,1,3,3,1
Ntrk2,0,2,2,1,1,0
Agtpbp1,1,3,3,0,3,2
Naa35,1,2,8,10,5,11
Golm1,3,8,19,13,10,4
Isca1,7,7,19,10,11,12
Zcchc6,5,4,11,3,10,10
Gas1,0,0,1,0,0,0
Dapk1,0,0,1,0,0,0
4930486L24Rik,1,0,4,4,2,2
Ctla2b,3,11,13,4,6,4
Ctla2a,42,87,155,88,62,86
Gm3604,1,0,0,1,0,0
Zfp935,0,0,2,0,0,1
6720489N17Rik,0,1,0,0,0,0
Gm5141,0,1,0,0,0,2
2010111I01Rik,6,7,20,6,9,12
Fancc,0,1,0,0,2,0
Ptch1,2,1,2,3,5,1
Ercc6l2,8,3,5,2,3,2
Slc35d2,0,0,1,2,1,1
Zfp367,0,1,3,0,3,2
Habp4,0,0,1,1,2,1
Cdc14b,1,1,2,0,1,2
1810034E14Rik,0,0,3,0,3,0
Aaed1,0,0,4,0,1,1
Ctsl,4,5,43,49,22,42
Cdk20,0,0,1,0,0,0
Hiatl1,3,8,6,6,1,4
Zfp369,1,1,2,2,1,0
Uqcrb,30,47,86,26,60,48
Mterf3,0,4,5,3,5,5
Ptdss1,3,1,6,3,0,3
Zfp712,0,0,1,0,0,0
Gm28557,0,0,3,1,0,1
Zfp759,0,0,0,0,0,1
Rsl1,0,1,2,0,0,0
Zfp455,0,0,0,1,0,0
Zfp595,2,0,7,2,1,0
Gm28044,0,0,1,0,0,0
Zfp953,1,1,1,0,1,1
Gm28041,0,0,0,0,0,1
Zfp456,0,0,3,0,0,1
Zfp429,0,0,1,1,1,4
Zfp459,0,0,0,1,0,0
Zfp874a,0,2,2,0,0,1
Zfp874b,0,1,3,0,1,4
Zfp58,0,2,2,0,3,1
Zfp87,3,4,3,1,1,4
Zfp748,2,0,0,1,1,0
9430065F17Rik,0,0,1,0,0,1
Zfp729b,1,0,3,1,0,0
Zfp729a,0,0,1,0,0,1
Zfp738,4,1,0,0,0,3
Zfp65,0,1,1,1,2,1
Zfp85os,0,0,1,0,1,0
Zfp85,1,1,0,0,0,1
Zfp493,0,0,0,1,0,0
Zfp273,0,0,2,0,0,0
Mtrr,1,2,2,1,0,2
Fastkd3,0,3,1,0,0,0
Papd7,3,0,7,3,2,1
Nsun2,6,4,17,16,12,7
Srd5a1,0,1,1,0,0,0
Med10,10,21,21,22,25,32
Ice1,1,2,6,6,5,1
Gm10263,1,0,0,0,0,0
Ndufs6,19,25,34,18,32,23
Mrpl36,3,6,18,8,7,13
Lpcat1,3,2,4,4,4,1
Clptm1l,7,6,18,12,12,15
Slc6a19,2,0,0,0,0,0
Slc12a7,5,3,4,3,2,7
Nkd2,1,0,0,0,0,0
Trip13,0,0,1,0,0,0
Brd9,3,3,9,3,8,9
Gm15912,0,0,2,2,0,0
Tppp,1,0,4,1,1,0
Cep72,0,0,0,1,0,0
Exoc3,1,7,18,8,13,8
Ahrr,1,0,0,0,0,0
Pdcd6,12,13,31,15,21,16
Sdha,15,15,40,16,26,20
Ccdc127,1,2,4,8,6,4
Zfp825,1,1,4,2,5,1
Erap1,4,5,12,6,8,8
Cast,4,7,19,8,8,8
Ell2,1,3,3,1,4,3
Glrx,8,11,18,19,15,20
Rhobtb3,0,0,5,0,1,0
Rfesd,2,5,4,2,3,2
Arsk,2,0,3,2,2,3
Ttc37,0,0,2,0,3,0
Mctp1,1,0,0,0,2,0
Slf1,2,0,10,3,4,2
2210408I21Rik,0,1,0,0,0,0
Fam172a,3,2,13,7,8,9
Pou5f2,3,2,3,0,3,5
Nr2f1,0,0,0,0,1,0
Arrdc3,1,3,12,7,12,6
Adgrv1,0,0,1,1,0,0
Lysmd3,0,6,7,4,6,4
Polr3g,0,0,2,3,0,2
Mblac2,1,1,1,1,2,2
Gm17259,1,1,2,0,0,1
Cetn3,6,11,28,14,24,9
Mef2c,2,0,8,22,18,6
Gm17750,0,0,0,0,1,0
Tmem161b,1,1,7,2,3,0
Ccnh,4,6,13,10,9,11
Rasa1,8,3,18,6,8,8
Cox7c,93,108,200,95,158,125
Edil3,0,2,10,0,1,1
Hapln1,0,0,1,0,0,0
Vcan,0,0,0,0,1,0
Xrcc4,4,3,2,2,6,3
Tmem167,10,18,35,20,26,25
Rps23,965,1196,2205,983,1401,1207
Atg10,1,1,1,4,1,4
A830009L08Rik,0,1,0,0,0,0
Ssbp2,17,13,55,28,40,45
4833422C13Rik,0,0,0,1,0,0
Zcchc9,5,8,15,13,16,14
Msh3,6,0,7,5,3,2
Dhfr,0,0,2,1,0,0
Fam151b,0,0,1,0,1,1
Zfyve16,2,0,6,2,3,3
Serinc5,1,1,5,0,1,0
Mtx3,0,1,0,2,1,1
Cmya5,0,0,0,0,1,0
Papd4,3,3,2,1,7,2
Homer1,2,2,4,2,0,1
Jmy,2,4,10,4,6,3
Arsb,6,6,12,7,7,3
Lhfpl2,0,0,2,1,3,1
Scamp1,0,0,1,1,0,0
Gm9776,0,0,0,0,1,0
Ap3b1,2,7,15,4,11,8
Tbca,36,34,98,32,40,45
Wdr41,0,0,0,3,0,0
Pde8b,0,1,0,0,0,0
Zbed3,0,0,4,0,3,0
Aggf1,1,3,11,3,5,5
S100z,0,0,1,0,0,0
F2rl1,3,7,4,3,9,5
F2r,6,20,25,20,15,12
Iqgap2,3,9,18,5,11,5
F2rl2,0,1,1,0,1,3
Sv2c,1,1,1,4,2,2
Poc5,0,0,2,3,2,2
Polk,2,2,1,1,5,2
Col4a3bp,2,6,7,3,3,4
Hmgcr,6,9,8,7,4,4
Gcnt4,0,0,0,0,1,0
Nsa2,55,72,133,76,92,111
Gfm2,1,4,2,3,4,4
Hexb,9,7,75,224,111,78
Enc1,0,0,0,4,3,1
Gm26619,0,0,1,0,0,0
Gm10260,0,1,0,0,0,0
Utp15,2,2,2,0,5,1
Ankra2,6,4,7,4,12,7
Btf3,134,176,314,187,188,187
Gm9828,2,1,1,2,0,0
Tmem171,0,0,1,2,2,1
Fcho2,0,7,8,8,6,6
Tnpo1,10,3,14,10,6,5
Ptcd2,3,2,9,5,3,4
Mrps27,0,1,2,1,2,2
Map1b,0,0,1,0,2,0
Mccc2,2,1,2,0,1,2
Bdp1,8,5,11,13,5,5
Serf1,0,0,1,2,0,0
Smn1,2,2,4,1,3,4
Naip2,1,0,0,0,3,1
Naip5,1,0,1,2,1,0
Naip6,0,1,0,4,0,0
Gtf2h2,1,1,5,3,10,2
Marveld2,0,0,0,3,0,0
Rad17,5,4,6,1,4,7
Ak6,2,2,5,2,3,1
Taf9,0,0,0,1,0,0
Ccdc125,0,2,2,2,1,2
Cdk7,0,3,8,3,1,6
Mrps36,12,17,23,13,15,15
Cenph,0,0,2,0,0,0
Ccnb1,0,0,1,0,0,1
Slc30a5,0,4,6,2,3,0
Pik3r1,17,31,71,24,36,30
Cd180,1,0,0,3,1,3
Mast4,0,1,9,3,3,2
Srek1,2,4,10,7,6,2
Erbb2ip,8,10,16,8,7,7
Nln,0,0,0,1,0,0
Sgtb,0,0,0,0,1,0
Trappc13,2,10,4,4,6,6
Trim23,1,3,4,0,1,2
Ppwd1,2,5,5,5,4,7
Cenpk,0,1,4,0,0,0
Adamts6,0,0,1,0,1,1
Cwc27,3,1,2,2,2,2
2610204G07Rik,0,0,1,0,0,0
Srek1ip1,3,2,5,3,5,5
Rgs7bp,0,0,0,0,2,0
Ipo11,0,0,0,2,3,2
Dimt1,0,1,2,4,6,5
Kif2a,3,7,12,6,6,4
Zswim6,2,8,6,3,7,3
Smim15,4,9,12,9,8,7
Ndufaf2,4,3,9,8,10,10
Ercc8,1,1,3,3,3,1
Elovl7,0,1,1,1,0,0
Pde4d,8,3,12,9,4,11
Rab3c,0,0,0,1,2,0
Gapt,1,0,0,0,3,0
Plk2,2,1,1,8,4,2
Gpbp1,12,17,25,20,11,10
Mier3,0,3,1,2,3,1
Map3k1,12,8,15,20,19,7
Gm15326,0,0,0,1,1,0
Il6st,7,7,4,5,3,3
Slc38a9,1,2,1,4,1,3
Plpp1,0,0,0,1,0,0
Skiv2l2,4,2,9,5,3,4
Dhx29,1,3,1,2,3,2
Ccno,1,0,0,0,1,0
Gzma,270,5,47,72,76,51
Gzmk,18,24,55,17,24,39
Esm1,1,0,0,2,0,0
Snx18,7,4,10,19,9,6
Hspb3,0,0,0,1,0,0
Arl15,2,3,2,3,1,2
Ndufs4,9,20,33,15,20,20
Mocs2,0,3,8,4,3,10
Itga2,0,0,1,0,0,0
Itga1,4,5,7,6,5,2
Pelo,5,6,8,11,11,5
Parp8,4,4,3,6,5,6
Gm17509,0,0,0,0,1,0
Emb,27,71,83,40,30,55
Mrps30,3,5,7,5,4,8
Nnt,1,1,3,8,7,2
Paip1,5,2,7,8,4,4
4833420G17Rik,3,9,7,3,11,3
Gm7120,0,0,0,0,1,0
Gm21967,0,0,0,1,3,0
Hmgcs1,4,3,2,2,4,6
Nim1k,0,0,1,0,0,0
Zfp131,4,3,10,6,4,2
BC147527,3,0,3,2,2,1
Rab10os,3,4,10,1,2,7
Rab10,19,24,31,20,26,26
Gm26520,0,0,1,0,0,2
Kif3c,0,0,1,0,2,0
1110002L01Rik,0,1,0,2,1,3
Asxl2,13,11,19,11,27,15
Dtnb,0,0,4,1,2,6
Dtnbos,0,0,0,0,1,0
Dnmt3a,0,4,5,3,4,6
Pomc,0,0,0,0,1,0
Efr3b,0,0,0,0,0,1
Dnajc27,0,1,0,0,1,0
Adcy3,0,2,3,1,3,1
Cenpo,0,1,2,0,1,2
Ptrhd1,4,3,5,3,2,1
Ncoa1,3,2,10,6,7,8
Itsn2,3,4,11,2,9,7
Pfn4,0,0,0,1,0,0
Sf3b6,26,36,44,37,30,34
Fkbp1b,0,1,0,0,1,0
BC068281,0,0,0,0,1,1
Mfsd2b,0,0,0,0,0,1
Ubxn2a,8,7,13,4,5,9
Atad2b,1,2,7,3,3,1
Ldah,3,2,4,8,8,4
Hs1bp3,3,0,2,1,6,1
Rhob,3,5,62,54,82,49
Pum2,17,14,31,16,12,20
Laptm4a,14,13,28,23,34,20
Ttc32,2,6,7,4,7,4
Rdh14,1,3,4,6,7,3
Gen1,0,0,0,0,2,0
Smc6,6,14,30,15,14,15
Fam49a,3,2,3,4,2,4
Rpl36-ps3,0,0,2,0,1,0
Mycn,0,0,2,0,0,0
Ddx1,4,4,6,4,0,5
Nbas,0,1,4,1,2,0
Fam84a,0,0,2,1,0,0
Trib2,0,6,5,3,10,6
Lpin1,6,4,12,4,6,2
Ntsr2,0,0,1,0,1,0
E2f6,2,0,5,1,2,1
Rock2,4,4,9,13,9,2
Pqlc3,3,4,6,7,3,13
Pdia6,14,13,29,21,20,26
Nol10,1,0,6,7,4,7
Odc1,17,29,42,35,32,34
Hpcal1,11,8,13,5,13,13
5730507C01Rik,0,0,0,0,0,1
Gm5784,0,0,1,0,0,0
Asap2,2,1,5,0,1,0
Itgb1bp1,5,8,17,12,8,11
Cpsf3,4,7,10,8,6,6
Iah1,4,5,16,4,6,5
Adam17,3,2,5,6,3,3
Ywhaq,43,45,95,32,38,37
Gm4419,0,0,0,1,0,0
9030624G23Rik,0,0,0,1,0,0
Taf1b,3,4,9,6,3,4
Grhl1,0,0,1,0,0,0
Klf11,2,2,0,0,1,0
Rrm2,0,0,2,0,1,0
Mboat2,0,0,1,0,0,0
Kidins220,7,5,12,2,8,6
Id2,77,62,80,62,106,132
Rnf144a,4,1,6,0,1,2
Rsad2,1,2,1,4,1,13
Cmpk2,2,3,0,0,0,5
Dcdc2c,0,3,1,1,0,0
Rps7,985,1265,2287,1178,1313,1237
Rnaseh1,2,7,3,4,4,5
Adi1,3,2,11,2,10,4
Trappc12,2,1,3,1,1,0
Tssc1,2,0,6,3,1,5
Tmem18,1,0,3,2,0,0
Acp1,8,7,26,9,8,8
Sh3yl1,1,0,1,0,0,0
Lamb1,1,0,0,0,0,0
Dld,5,6,11,9,6,3
Cbll1,3,6,5,7,2,5
Bcap29,3,4,5,4,5,9
Dus4l,0,0,1,0,0,1
Cog5,0,2,3,1,1,1
Hbp1,3,4,16,13,15,6
Prkar2b,1,2,3,1,0,3
Pik3cg,3,4,4,3,6,5
Ccdc71l,2,3,7,1,6,4
Nampt,3,7,4,8,5,5
Gdap10,0,0,5,2,2,0
Sypl,2,1,8,6,10,5
Atxn7l1,5,8,16,7,8,11
Twistnb,7,16,24,14,22,13
Snx13,2,3,2,0,1,2
Ahr,4,3,10,7,6,4
Tspan13,4,19,34,19,12,25
Bzw2,5,4,11,7,12,10
Ankmy2,3,3,2,2,3,1
Agmo,0,0,0,2,3,0
Etv1,0,0,1,0,0,0
Arl4a,3,19,19,5,17,14
Scin,1,0,0,0,0,0
Gm17056,1,3,6,1,5,1
Ifrd1,24,28,46,29,23,22
Zfp277,2,3,3,3,1,5
Dock4,0,0,0,1,0,1
Immp2l,1,0,0,1,1,0
Lrrn3,0,0,0,3,0,1
Dnajb9,6,11,7,20,6,11
Pnpla8,4,6,7,10,4,8
Stxbp6,0,1,5,0,1,0
Nova1,0,0,2,0,1,1
Foxg1,0,1,0,0,0,0
G2e3,2,2,6,2,4,2
Scfd1,1,5,11,5,7,6
Strn3,6,9,16,13,10,7
Ap4s1,1,6,8,8,6,5
Hectd1,13,14,32,15,27,17
Heatr5a,2,1,1,1,2,3
Gm26517,0,3,2,1,1,3
Dtd2,2,1,4,5,4,1
Nubpl,1,1,4,3,1,3
Arhgap5,1,10,10,15,8,3
Akap6,0,0,1,0,0,0
Egln3,1,0,1,0,1,1
Sptssa,21,17,64,31,34,27
Eapp,6,14,20,10,12,18
Snx6,3,11,16,6,6,12
Cfl2,4,7,17,11,5,4
Baz1a,12,15,29,11,18,20
2700097O09Rik,0,2,6,2,3,2
Fam177a,8,3,22,11,8,13
Srp54b,18,16,32,9,13,16
1700047I17Rik2,0,1,3,0,2,0
Ppp2r3c,2,4,7,5,1,6
1110008L16Rik,0,0,1,1,1,1
Psma6,15,17,32,12,15,20
Nfkbia,89,95,211,112,123,95
Ralgapa1,3,4,6,8,6,3
Brms1l,0,0,3,0,0,1
Mbip,2,0,5,2,7,6
Prps1l3,1,2,4,0,1,1
Mipol1,2,0,1,3,3,1
Sec23a,2,2,1,4,0,1
Gemin2,3,3,5,4,4,2
Trappc6b,10,17,25,19,22,14
Pnn,15,23,51,44,21,24
Ctage5,6,12,16,17,20,7
Fbxo33,2,6,12,8,11,3
Gm527,0,1,0,0,1,0
Klhl28,1,0,1,2,2,0
Fam179b,2,2,8,2,2,5
Prpf39,5,5,13,4,7,1
Fkbp3,32,36,64,40,49,33
Fancm,0,0,2,0,0,0
Mdga2,0,0,0,0,2,0
Rps29,1432,1531,3234,903,1897,1501
Rpl36al,118,140,314,135,198,184
Mgat2,4,4,13,11,15,12
Dnaaf2,2,4,4,3,2,2
9330151L19Rik,4,2,5,0,2,2
Pole2,2,1,3,3,0,3
Klhdc1,1,2,3,0,1,1
Klhdc2,2,9,7,6,5,6
Nemf,6,11,9,7,11,10
Arf6,23,21,51,35,27,24
Vcpkmt,1,4,3,5,7,6
Sos2,0,5,9,3,4,1
L2hgdh,0,1,1,0,1,1
Atp5s,0,1,0,0,1,1
Map4k5,2,1,1,0,1,0
Atl1,0,0,0,0,2,0
Gm3086,0,0,1,0,0,0
Sav1,3,3,6,3,2,2
Nin,7,5,10,2,2,7
Pygl,4,2,8,5,3,4
Tmx1,3,6,19,10,8,14
Frmd6,0,0,2,0,1,0
Actr10,7,12,29,13,16,16
Psma3,38,45,78,61,53,51
3110056K07Rik,3,0,8,2,4,5
Arid4a,9,18,29,11,14,19
Timm9,3,3,8,7,5,5
2700049A03Rik,2,3,2,1,2,0
Daam1,0,0,4,2,1,0
Gpr135,0,0,0,0,1,0
L3hypdh,0,0,0,1,0,0
Jkamp,4,2,10,13,13,3
Rtn1,0,0,0,3,2,0
Lrrc9,0,0,2,0,0,0
Pcnxl4,1,3,1,4,3,3
Dhrs7,8,13,19,12,18,10
Ppm1a,3,8,7,5,12,4
Mnat1,1,1,5,4,4,5
Trmt5,1,0,2,1,1,0
Slc38a6,0,0,0,1,0,0
Prkch,10,11,36,17,14,23
Hif1a,6,30,11,22,13,14
Snapc1,3,5,19,6,9,5
Ppp2r5e,0,5,6,1,2,5
Wdr89,32,41,78,56,42,44
Sgpp1,2,11,16,7,4,7
Syne2,5,0,7,6,5,2
Mthfd1,0,1,3,4,2,2
Zbtb25,2,4,11,5,6,10
Zbtb1,7,7,12,11,14,10
4930426I24Rik,0,0,0,1,0,0
Hspa2,1,0,0,2,1,2
Plekhg3,0,1,3,0,3,0
Churc1,12,6,36,19,16,29
Fntb,2,0,3,2,2,3
Max,8,9,17,12,12,9
Fut8,0,3,5,3,2,1
Gphn,4,2,1,3,4,5
Mpp5,1,1,2,1,3,3
Atp6v1d,9,8,14,11,12,7
Eif2s1,8,8,30,19,11,9
Tmem229b,0,0,6,3,6,4
Plekhh1,0,0,0,1,0,0
Pigh,2,0,3,1,1,0
Vti1b,5,8,16,8,11,7
Rdh11,2,1,4,1,2,4
Rdh12,0,0,2,0,1,2
Zfyve26,2,1,3,0,2,2
Zfp36l1,75,65,117,93,97,97
Gm26669,7,10,6,8,8,4
2310015A10Rik,1,1,1,2,0,0
Actn1,5,6,7,1,8,5
Dcaf5,3,3,9,4,7,4
Exd2,2,2,6,2,1,1
Erh,21,27,61,40,41,23
Slc39a9,1,2,4,3,0,2
Susd6,7,7,19,8,14,4
Gm26545,1,0,0,0,0,0
Srsf5,45,65,110,83,77,50
Smoc1,0,0,0,0,1,0
Gm20498,0,0,2,0,0,0
Cox16,15,10,14,7,12,10
Gm4787,0,0,0,0,1,0
Synj2bp,5,6,16,16,8,12
Med6,2,0,8,4,2,6
Ttc9,0,0,0,0,0,1
Map3k9,0,0,0,0,0,3
Pcnx,1,1,7,2,1,0
Sipa1l1,3,3,5,3,9,4
Dcaf4,1,2,1,1,0,3
Zfyve1,0,1,0,0,0,0
Rbm25,20,31,69,54,37,39
Gm29361,0,0,0,0,0,1
Psen1,2,4,5,4,3,6
Numb,1,4,7,3,3,5
2410016O06Rik,2,2,6,10,5,3
Acot2,4,4,4,2,5,5
Acot1,0,3,0,0,0,0
Acot6,0,0,1,0,0,0
Elmsan1,5,15,30,21,7,13
Ptgr2,0,2,5,2,5,3
Zfp410,1,2,7,0,1,2
Fam161b,0,0,0,1,0,0
Coq6,0,1,1,2,0,1
Entpd5,1,2,4,6,3,4
Bbof1,1,0,1,0,0,0
Rnf113a2,3,4,3,1,9,2
Aldh6a1,1,0,1,1,2,0
Lin52,0,3,4,0,1,1
Abcd4,0,2,0,0,2,1
Npc2,60,60,92,63,45,86
Isca2,2,4,11,11,6,6
Arel1,3,3,1,1,3,0
Fcf1,5,11,12,9,5,8
Ylpm1,6,9,13,6,6,4
Prox2os,0,0,1,0,0,0
Prox2,0,0,0,1,2,0
Dlst,2,2,5,8,7,6
Eif2b2,2,3,10,2,6,12
Mlh3,0,2,3,2,1,2
Acyp1,9,6,14,9,7,7
Nek9,1,2,7,3,1,1
Tmed10,7,18,29,31,23,14
Fos,72,25,113,165,207,92
Jdp2,1,1,13,5,0,3
Batf,3,11,17,5,7,4
0610007P14Rik,6,7,14,14,13,20
Ttll5,1,0,1,4,1,2
Tgfb3,0,0,1,0,0,0
Ift43,0,0,1,1,0,0
Gpatch2l,1,0,1,0,0,1
Vash1,1,0,0,0,0,0
Angel1,0,0,2,0,1,1
Irf2bpl,7,11,44,30,20,24
Gm26698,0,0,0,1,3,0
Cipc,3,5,16,6,10,11
Pomt2,1,1,2,0,0,0
Gstz1,0,0,1,0,0,0
Tmed8,1,1,7,5,2,1
Vipas39,1,1,0,0,2,4
Ahsa1,17,17,24,12,12,35
Sptlc2,5,6,10,6,5,6
Gm26764,0,1,0,1,4,0
Alkbh1,7,13,16,12,10,14
Slirp,9,12,14,4,11,6
Snw1,9,14,26,20,23,21
Adck1,0,3,3,2,2,1
Nrxn3,0,0,2,0,0,0
Cep128,0,1,2,0,0,0
Gtf2a1,2,4,5,3,3,1
Ston2,1,0,1,0,0,0
Sel1l,1,3,7,5,7,1
Flrt2,0,0,0,1,0,0
Galc,2,0,2,0,0,0
Gpr65,14,21,44,13,37,40
Spata7,0,0,1,1,1,1
Ptpn21,0,0,1,0,0,0
Zc3h14,2,8,15,9,12,13
Eml5,0,1,5,2,1,3
Ttc8,0,0,0,1,0,0
Foxn3,3,5,14,8,7,10
Tdp1,0,1,2,1,1,3
Kcnk13,0,1,1,2,0,0
Psmc1,5,7,12,4,8,5
Nrde2,0,3,0,4,0,1
Calm1,213,132,269,157,162,131
Ttc7b,2,3,4,1,4,1
Rps6ka5,0,1,0,1,1,1
9030617O03Rik,0,0,0,1,1,0
Gpr68,5,8,12,6,6,13
Ccdc88c,0,3,5,1,2,3
Smek1,4,6,11,5,2,7
D130020L05Rik,0,0,1,0,0,0
Trip11,3,8,21,13,14,10
Atxn3,4,4,6,1,4,1
Cpsf2,3,3,9,7,5,7
Rin3,3,3,3,6,3,4
Lgmn,0,4,20,67,44,32
Golga5,2,4,5,4,3,1
Itpk1,4,2,10,2,6,6
Gm20069,2,5,9,0,3,3
Gm20604,0,0,0,3,0,1
Tmem251,5,10,12,6,8,12
AK010878,1,4,8,2,4,7
Ubr7,3,2,6,4,4,2
Btbd7,0,2,5,3,5,2
Unc79,0,0,0,0,1,0
Asb2,0,0,0,1,4,2
Otub2,0,0,1,0,0,0
Ddx24,11,18,32,29,30,26
Ifi27,32,24,60,55,40,55
Ifi27l2a,44,59,68,77,74,113
Serpina3f,0,0,0,2,14,6
Serpina3g,11,18,32,14,19,48
Serpina3n,0,0,1,0,0,0
Dicer1,5,0,6,8,5,3
Clmn,0,0,2,0,3,0
Gm28875,1,3,2,4,2,7
Syne3,0,3,1,0,1,2
Glrx5,6,14,20,14,14,15
D430019H16Rik,0,1,0,0,0,0
Atg2b,0,1,2,2,4,2
Gskip,3,0,9,2,8,3
Papola,14,22,26,28,18,19
Vrk1,3,8,12,4,10,5
Bcl11b,23,24,73,45,51,50
Setd3,7,10,17,12,13,11
Ccnk,4,4,7,7,4,1
Eml1,0,0,1,0,2,0
Evl,24,21,50,29,34,42
Degs2,0,0,2,0,2,0
Yy1,8,13,33,30,18,22
Slc25a29,1,0,1,1,0,1
Wars,0,4,5,5,3,4
Wdr25,0,0,1,0,1,0
Begain,0,0,0,0,1,0
Meg3,0,2,2,3,2,0
Ppp2r5c,5,11,21,11,14,7
Dync1h1,12,8,18,11,12,11
Hsp90aa1,49,62,184,117,80,100
Wdr20,1,5,11,6,11,6
Zfp839,2,0,0,0,0,0
Cinp,1,1,7,1,3,2
Tecpr2,1,1,3,0,1,1
Ankrd9,1,1,1,6,0,0
Rcor1,0,1,9,12,6,9
Traf3,1,4,5,4,2,4
Cdc42bpb,0,0,2,1,1,0
Tnfaip2,0,0,1,2,1,0
Eif5,18,28,64,50,40,42
Mark3,3,9,4,3,5,2
Ckb,5,29,65,47,30,21
Trmt61a,1,0,5,3,0,3
Bag5,0,6,3,6,5,3
Apopt1,3,9,16,9,8,11
Klc1,2,5,9,6,10,7
Zfyve21,0,3,2,1,4,1
Ppp1r13b,1,3,7,2,3,7
2010107E04Rik,49,40,94,25,70,51
Tdrd9,0,3,0,0,0,0
Inf2,3,0,2,0,4,1
Adssl1,0,0,4,0,1,2
Siva1,1,9,16,10,11,8
Akt1,4,8,18,11,5,15
Zbtb42,1,2,2,0,2,1
Cep170b,1,1,1,2,2,7
Pld4,0,1,10,20,12,7
Cdca4,0,3,6,2,2,6
Gpr132,14,18,56,13,24,29
Nudt14,2,4,5,2,4,3
Gm26583,1,0,1,0,1,0
Brf1,1,2,5,1,1,2
Btbd6,1,1,6,0,1,2
Pacs2,4,3,10,6,6,2
Mta1,8,8,14,8,6,4
Crip2,2,2,1,1,1,1
Crip1,214,204,362,151,202,147
4930427A07Rik,0,0,1,1,0,0
Tmem121,0,0,3,1,0,0
Gm19331,0,1,1,0,0,0
Zfp386,2,3,7,5,8,5
Gm11027,0,0,0,0,0,1
Esyt2,3,6,23,6,20,9
Ncapg2,0,0,1,1,0,0
Rapgef5,0,0,1,0,3,0
Cdca7l,2,4,6,4,5,5
Sp4,6,4,7,8,9,7
Itgb8,0,0,2,1,1,0
Sepp1,2,13,21,46,18,7
Fbxo4,4,4,8,1,2,0
AW549877,1,4,8,5,2,1
Gm2093,0,0,0,1,0,0
Oxct1,8,13,20,12,14,14
Card6,2,0,8,3,13,4
Rpl37,939,912,1955,674,1246,1119
Gm10250,0,0,1,0,0,1
Prkaa1,0,0,6,4,2,4
Ttc33,2,4,7,6,5,5
Ptger4,22,24,55,26,38,45
Fyb,45,64,83,84,84,57
Gm2245,0,2,3,0,0,0
Rictor,0,4,12,4,7,3
Lifr,0,1,1,0,4,0
Wdr70,1,4,5,0,3,2
Nup155,1,1,1,2,0,1
2410089E03Rik,3,5,6,2,1,5
Nipbl,9,11,26,18,13,17
Slc1a3,0,0,0,6,5,2
Nadk2,2,1,1,4,0,2
Skp2,1,0,2,0,0,0
Lmbrd2,0,1,0,0,2,1
Capsl,0,0,1,0,0,1
Il7r,82,106,165,49,105,141
Spef2,2,0,1,0,0,0
Prlr,0,1,0,0,1,0
Dnajc21,6,6,16,9,5,10
Brix1,2,3,11,10,8,4
Rad1,4,1,5,1,4,3
Amacr,0,0,3,1,0,1
Tars,2,3,5,3,10,3
Sub1,128,109,216,126,137,114
Zfr,3,7,9,17,8,7
Mtmr12,1,3,4,2,0,2
Golph3,3,4,9,6,7,7
6030458C11Rik,0,2,2,0,1,3
Drosha,1,1,2,1,3,4
Cdh10,0,0,1,0,0,0
Basp1,37,0,14,40,20,7
Myo10,0,0,1,1,1,0
Fam134b,2,8,13,10,23,10
Zfp622,14,12,24,8,17,9
Ank,1,4,12,5,2,5
Otulin,10,6,20,15,17,6
Fam105a,6,13,30,26,24,20
Trio,3,2,4,1,6,0
Ctnnd2,0,0,1,0,0,1
Dap,9,13,21,14,14,21
Ankrd33b,1,0,0,0,0,0
Ropn1l,0,0,1,0,0,0
March6,5,4,10,7,9,6
Cmbl,0,0,1,0,0,0
Cct5,25,20,45,29,31,40
Fam173b,3,1,4,3,4,2
Sdc2,0,0,1,0,0,0
Cpq,0,3,1,2,0,1
Mtdh,13,12,33,30,36,32
Laptm4b,0,0,2,0,0,1
Rpl30,881,1206,2199,939,1368,1254
Hrsp12,0,1,3,2,3,2
Pop1,1,0,3,1,0,1
Stk3,0,0,0,2,1,1
Vps13b,5,7,9,3,4,1
Cox6c,80,88,203,91,134,110
Polr2k,5,9,28,14,21,19
Spag1,0,0,1,0,0,0
Rnf19a,1,6,6,3,3,2
Ankrd46,2,1,5,1,0,1
Pabpc1,101,115,267,139,155,231
Ywhaz,43,39,78,46,57,47
Gm10384,0,0,0,1,0,0
Zfp706,14,23,52,37,33,30
Ncald,2,3,2,1,6,3
Rrm2b,7,5,9,9,7,5
Ubr5,2,6,7,5,5,5
Klf10,2,4,5,0,3,1
Azin1,8,5,10,13,9,7
Atp6v1c1,0,1,15,5,3,8
Slc25a32,0,1,1,3,0,2
Dcaf13,5,2,8,6,2,6
Oxr1,6,5,15,3,7,8
Eif3e,71,92,125,68,87,96
Emc2,5,12,17,18,7,12
Nudcd1,1,2,0,1,1,2
Eny2,7,17,28,22,16,11
Ebag9,0,5,7,5,3,5
Sybu,0,0,1,0,0,0
2310069G16Rik,0,0,1,0,0,0
Csmd3,0,0,2,1,3,2
Trps1,4,6,12,6,10,1
Eif3h,74,94,171,79,81,117
Utp23,1,1,6,2,2,3
Rad21,10,8,34,12,16,14
Gm10020,7,11,16,6,14,11
Med30,12,8,23,27,32,16
Ext1,1,1,2,3,2,2
Enpp2,3,2,22,5,5,0
Taf2,6,5,3,4,8,3
Dscc1,0,0,1,1,0,0
Gm9920,0,0,0,0,1,1
Deptor,0,0,2,0,0,0
Mrpl13,7,9,18,15,15,14
Mtbp,0,1,0,1,1,1
Sntb1,0,3,6,1,4,2
Zhx2,2,3,1,1,1,0
Derl1,7,9,21,11,11,18
Tbc1d31,0,0,2,1,1,2
9130401M01Rik,1,2,14,2,8,3
Gm29394,0,1,1,0,1,0
Zhx1,1,3,3,1,6,6
Atad2,6,6,19,5,4,12
Wdyhv1,3,3,6,3,3,5
Fbxo32,3,3,8,2,2,5
D15Ertd621e,2,5,6,9,6,6
Tmem65,1,0,6,6,6,3
Trmt12,0,1,0,2,0,1
Rnf139,2,3,9,4,1,5
Tatdn1,0,0,3,2,2,0
Ndufb9,17,34,60,34,30,44
Mtss1,0,0,0,2,0,0
Sqle,3,0,1,3,1,2
E430025E21Rik,0,0,2,1,3,1
Nsmce2,2,3,18,9,5,3
Trib1,1,2,7,8,5,4
Fam84b,0,0,1,3,0,3
Myc,25,15,31,10,16,35
Pvt1,1,0,13,3,5,2
Fam49b,19,23,72,38,42,40
Asap1,5,8,15,5,4,3
Efr3a,11,12,35,21,10,21
Kcnq3,0,0,0,1,0,0
Lrrc6,0,2,0,0,0,0
Tmem71,10,9,23,3,15,6
Phf20l1,14,8,18,10,12,9
Sla,14,17,29,23,13,28
Wisp1,0,1,0,0,0,0
Ndrg1,4,2,12,6,4,10
St3gal1,1,4,2,1,4,0
Zfat,0,1,4,0,0,0
Khdrbs3,0,0,2,3,0,0
Trappc9,2,3,4,3,6,2
Chrac1,11,12,20,17,24,10
Ago2,9,6,13,18,10,18
Ptk2,0,1,4,0,2,0
Dennd3,0,0,0,0,1,0
Slc45a4,1,1,1,3,3,0
Ptp4a3,7,4,17,14,8,13
Adgrb1,0,0,1,1,0,1
Arc,0,0,0,3,0,0
Jrk,0,0,1,0,1,0
Them6,3,3,18,10,6,10
Lynx1,0,1,0,1,1,0
Ly6d,5,0,0,4,40,0
Ly6k,0,2,4,1,1,1
2010109I03Rik,0,0,0,2,0,0
Ly6e,98,111,177,119,166,206
Ly6a,93,98,106,90,78,151
Gm28068,0,0,0,1,0,1
Ly6c1,0,1,6,0,2,1
Ly6c2,77,77,169,112,74,115
Ly6h,0,0,1,0,0,0
Zfp41,0,0,1,0,0,0
Top1mt,1,1,2,1,3,1
Zc3h3,1,1,1,3,0,4
Gsdmd,3,6,10,9,8,6
Naprt,1,0,0,0,0,0
Eef1d,75,84,161,101,103,134
Tigd5,0,0,0,0,1,0
Pycrl,0,1,3,2,2,2
Tsta3,10,1,10,8,5,8
Zfp623,1,0,1,0,0,0
Zfp707,3,2,3,3,2,3
Ccdc166,1,2,1,2,1,0
Mapk15,0,0,0,1,0,0
Scrib,1,4,3,3,3,2
Puf60,6,13,29,17,20,17
Nrbp2,1,0,3,2,1,1
BC024139,0,0,0,0,1,0
Plec,7,8,19,8,15,12
Parp10,1,2,4,5,6,3
Grina,2,5,16,8,18,14
Smpd5,0,3,3,6,1,0
Oplah,0,0,3,0,1,0
Exosc4,3,4,9,3,9,5
Gpaa1,4,7,9,4,9,4
Cyc1,8,15,35,13,21,23
Sharpin,5,3,13,7,9,7
Maf1,8,13,14,12,18,19
Hgh1,1,1,1,0,1,2
Mroh1,4,2,5,3,1,2
Bop1,4,2,2,5,4,2
Hsf1,2,4,5,2,6,4
Dgat1,13,3,8,4,8,2
Fbxl6,2,5,11,4,5,5
Slc52a2,1,1,3,1,2,3
Adck5,3,3,3,1,2,3
Cpsf1,0,0,8,0,1,2
Slc39a4,1,1,0,3,1,3
Tonsl,20,28,47,47,38,47
Cyhr1,5,7,16,14,11,11
Kifc2,0,0,0,0,1,2
Ppp1r16a,1,0,1,1,2,0
Gpt,1,2,3,0,2,2
Mfsd3,0,0,1,0,1,0
Recql4,0,0,1,0,0,0
Lrrc14,1,1,3,2,0,2
Lrrc24,3,2,5,1,2,2
Arhgap39,2,1,6,1,4,3
Zfp251,0,1,0,2,1,2
Zfp7,0,1,1,2,0,0
Commd5,0,0,2,1,0,5
Rpl8,595,687,1425,668,720,799
1110038F14Rik,9,7,8,10,13,7
Rbfox2,2,0,1,0,0,0
Apol9a,0,0,1,0,0,2
Apol7b,0,0,1,0,0,0
Apol7c,2,0,0,0,0,0
Apol10b,3,0,1,3,1,2
Apol11b,1,0,1,1,0,1
Apol7e,4,2,4,1,1,4
Apol9b,1,0,7,2,0,5
Myh9,36,26,80,45,50,39
Txn2,18,12,27,20,26,19
Foxred2,1,0,0,0,4,3
Eif3d,16,19,31,13,17,29
Gm17638,0,0,0,1,0,0
Ift27,3,0,12,4,4,4
Ncf4,5,8,26,12,9,12
Csf2rb2,2,0,0,0,0,0
Csf2rb,11,0,4,2,0,0
Tst,0,1,1,0,4,0
Mpst,1,2,5,8,3,1
Kctd17,0,0,0,0,1,0
Il2rb,19,19,51,16,30,50
C1qtnf6,0,2,0,1,1,1
Rac2,109,131,254,119,159,202
Cyth4,8,7,27,35,16,16
Mfng,5,12,15,11,11,18
Cdc42ep1,0,0,1,0,1,1
Lgals2,0,0,2,0,0,0
Gga1,4,6,9,5,10,10
Sh3bp1,9,10,27,14,14,16
Lgals1,72,104,150,79,102,88
Nol12,2,4,8,7,3,2
Triobp,0,5,8,5,3,4
H1f0,4,2,4,4,3,1
Gcat,2,1,5,1,1,2
Ankrd54,6,7,6,4,0,6
Eif3l,5,7,18,9,10,13
Micall1,0,4,3,3,2,3
Polr2f,11,13,34,24,24,24
Sox10,0,0,8,2,2,1
Pick1,2,1,3,0,1,3
Pla2g6,1,0,2,1,0,1
Maff,0,3,8,5,6,2
Tmem184b,2,2,1,0,1,1
Csnk1e,2,2,13,17,8,6
Ddx17,8,8,10,13,15,11
Cby1,0,0,2,0,1,0
Tomm22,11,29,48,20,29,34
Josd1,1,0,9,3,4,2
Gm26884,1,0,0,0,0,0
Gtpbp1,3,3,7,4,4,4
Sun2,14,10,22,23,24,19
Gm16576,0,1,1,1,0,1
Dnal4,2,3,1,1,1,2
Nptxr,0,0,2,0,0,0
Cbx6,0,2,4,2,6,3
Apobec3,33,50,74,34,57,61
Cbx7,5,13,20,13,13,6
Pdgfb,0,2,2,2,9,5
Rpl3,556,622,1259,664,644,792
Syngr1,0,1,7,11,3,0
Tab1,2,0,0,0,0,1
Mgat3,1,0,0,0,1,0
Mief1,2,0,0,3,0,0
Atf4,27,19,55,42,31,25
Rps19bp1,7,6,6,2,8,2
Grap2,11,9,26,12,10,11
Tnrc6b,16,25,54,28,26,25
Adsl,4,8,7,2,3,2
Sgsm3,0,0,1,1,0,1
Mkl1,2,5,6,4,2,5
Slc25a17,3,3,8,1,6,5
St13,20,27,40,18,13,26
Xpnpep3,0,0,1,1,0,1
Rbx1,21,49,77,35,48,54
Ep300,11,8,23,12,16,12
L3mbtl2,0,1,2,5,1,2
Chadl,0,0,0,0,1,0
Rangap1,8,4,11,11,9,11
Zc3h7b,1,3,1,3,2,1
Tef,0,2,2,3,7,6
Gm8444,0,0,1,0,0,0
Tob2,19,28,63,43,53,21
Phf5a,6,11,20,11,9,10
Aco2,8,9,22,10,16,14
Polr3h,1,1,3,1,1,1
Pmm1,1,8,7,2,3,0
Xrcc6,2,1,5,2,8,1
Desi1,5,4,14,4,13,8
Nhp2l1,25,37,82,34,34,43
Ccdc134,2,0,3,4,1,3
Srebf2,8,5,14,10,2,5
Cenpm,0,0,2,0,1,0
Naga,4,2,6,4,6,2
Fam109b,0,0,0,1,0,1
Smdt1,17,25,43,23,32,45
Ndufa6,30,56,76,38,44,67
Cyp2d22,0,0,1,0,2,0
Tcf20,4,2,17,3,7,5
Gm20324,0,4,2,0,2,0
Nfam1,0,0,1,0,2,0
Serhl,4,0,6,0,8,1
Rrp7a,4,3,11,6,7,6
Poldip3,3,6,6,14,9,6
Cyb5r3,2,4,8,3,4,3
Arfgap3,1,1,2,2,0,3
Pacsin2,2,0,3,6,3,4
Ttll1,0,0,2,3,0,3
Bik,0,4,4,4,1,4
Mcat,1,1,0,2,2,0
Tspo,45,63,108,78,70,83
Ttll12,0,0,4,0,1,2
Samm50,8,5,28,12,15,16
Parvg,4,1,9,8,12,6
Ldoc1l,0,0,0,0,1,0
Prr5,2,0,0,0,2,0
Phf21b,0,0,1,0,0,0
Gm29666,0,2,0,0,1,0
Nup50,4,6,7,4,11,6
5031439G07Rik,1,0,7,4,3,3
Fam118a,1,0,3,2,3,0
Atxn10,5,9,11,10,12,12
Cdpf1,0,4,11,3,8,3
Ttc38,1,0,3,0,0,2
Gtse1,0,0,2,1,0,0
Trmu,0,2,4,4,3,2
Celsr1,1,1,3,3,8,2
Gramd4,3,3,5,1,4,1
Cerk,2,3,4,6,4,3
Tbc1d22a,0,3,4,5,2,1
Fam19a5,0,0,1,0,0,0
Brd1,9,13,22,13,10,11
Zbed4,1,0,0,0,0,1
Alg12,0,1,3,0,2,1
Creld2,0,1,8,2,6,2
Pim3,8,7,32,10,8,6
Mlc1,1,0,0,0,1,0
Trabd,4,6,12,9,7,9
Selo,5,2,4,1,3,6
Tubgcp6,0,1,1,2,0,1
Hdac10,1,0,4,1,0,3
Mapk12,0,0,1,0,2,0
Mapk11,0,2,1,0,0,0
Plxnb2,0,0,1,2,2,4
Dennd6b,0,0,2,0,0,1
Gm26798,0,1,0,0,0,0
Ppp6r2,1,0,0,0,0,0
Sbf1,9,4,11,9,5,7
Lmf2,1,1,5,3,3,2
Ncaph2,4,0,16,3,5,8
Sco2,2,1,6,3,3,3
Chkb,1,2,9,8,3,4
C730034F03Rik,2,0,1,3,2,4
Mapk8ip2,0,1,0,0,0,0
Arsa,0,0,1,2,2,1
C230037L18Rik,1,0,2,0,0,0
Shank3,0,0,0,0,0,1
Rabl2,0,1,1,0,0,0
Alg10b,2,1,2,0,1,0
Cpne8,0,0,1,0,0,0
Kif21a,0,0,4,0,0,0
Abcd2,0,0,0,4,0,0
Slc2a13,0,0,1,0,0,0
Cntn1,1,1,4,1,0,0
Gm26760,0,0,0,0,0,1
Gxylt1,4,7,16,5,6,7
Yaf2,3,10,19,8,7,7
Zcrb1,11,14,22,19,13,17
Pphln1,4,2,6,5,0,0
Pus7l,1,1,1,0,0,1
Irak4,1,5,3,4,5,7
Twf1,1,2,6,5,1,6
Dbx2,0,0,0,0,1,0
A130051J06Rik,0,0,2,0,1,1
Ano6,4,5,7,7,5,0
2610037D02Rik,0,1,10,4,4,6
Arid2,1,2,6,5,4,9
Scaf11,5,18,19,14,14,25
Slc38a1,7,9,17,11,16,9
Slc38a2,24,30,37,29,33,24
Amigo2,0,0,0,0,2,0
Pced1b,2,1,4,3,6,3
Rpap3,3,1,2,2,3,2
Endou,0,0,0,1,0,0
Rapgef3,0,1,2,0,0,0
Slc48a1,1,5,12,6,6,8
Hdac7,4,9,11,8,8,8
Vdr,0,1,0,0,0,0
Tmem106c,0,3,5,2,5,2
Senp1,1,6,2,3,6,3
Pfkm,0,1,1,0,1,2
Gm26513,0,0,0,0,0,1
Asb8,0,5,1,0,2,3
Ccdc184,0,0,5,0,0,1
Kansl2,4,0,2,2,10,3
Ccnt1,16,16,28,19,23,23
9330020H09Rik,2,0,1,3,0,3
Adcy6,2,0,0,1,0,0
Cacnb3,1,0,0,0,0,0
Ddx23,2,6,3,2,2,2
Fkbp11,0,0,0,1,0,0
Arf3,2,5,16,10,10,10
B130046B21Rik,0,0,1,0,1,0
Prkag1,3,7,12,2,4,12
Kmt2d,6,7,17,8,10,12
Rhebl1,0,0,6,0,0,1
Lmbr1l,3,3,4,2,5,6
Tuba1b,31,29,86,43,68,28
Tuba1a,21,14,50,23,20,24
Tuba1c,3,2,7,10,4,6
Spats2,0,0,2,1,0,0
Mcrs1,4,5,11,12,6,6
Prpf40b,0,0,1,1,3,0
Fmnl3,1,0,3,1,5,0
Tmbim6,31,45,103,54,46,64
Nckap5l,0,0,0,2,0,2
Nckap5los,0,0,0,1,0,0
Bcdin3d,0,1,1,0,2,1
Faim2,0,1,1,0,0,0
Racgap1,1,8,7,3,5,9
Asic1,1,0,0,0,0,0
Smarcd1,4,4,10,3,3,2
Gpd1,0,0,0,1,1,0
Cox14,16,24,32,16,18,23
Cers5,5,4,14,4,7,5
Gm17058,1,0,0,0,0,0
Lima1,6,0,0,4,0,0
Larp4,5,1,5,9,5,4
2310068J16Rik,1,0,1,1,0,0
Dip2b,10,3,9,7,16,7
Atf1,7,14,25,12,7,19
Mettl7a1,2,3,4,6,4,4
Slc11a2,1,5,7,3,3,3
5330439K02Rik,0,0,1,0,0,0
Letmd1,3,0,4,4,3,6
Csrnp2,1,0,3,0,0,1
Tfcp2,0,0,3,0,0,0
Pou6f1,3,3,3,0,4,0
Gm27209,0,1,0,0,0,0
Dazap2,6,13,40,21,27,23
Smagp,1,0,1,4,1,0
Bin2,16,16,47,25,31,23
Cela1,0,0,0,0,0,1
Galnt6,2,5,4,1,6,2
Slc4a8,4,0,0,0,0,0
Acvrl1,0,0,0,2,1,0
Acvr1b,2,0,3,1,0,2
Grasp,7,2,6,3,1,2
Nr4a1,28,31,163,74,53,74
Atg101,4,11,21,21,8,19
5430421N21Rik,1,0,7,8,4,7
Eif4b,21,18,45,30,26,35
Spryd3,1,2,4,2,1,9
Igfbp6,0,0,0,1,2,0
Soat2,1,0,1,2,4,0
Csad,0,0,1,1,0,1
Zfp740,2,4,11,5,4,4
Itgb7,38,44,90,62,38,86
Rarg,0,2,2,3,1,4
Mfsd5,0,2,3,1,3,3
Espl1,0,0,0,2,0,0
Pfdn5,94,116,260,154,133,171
Myg1,2,7,9,1,6,6
Aaas,1,6,4,4,0,0
Sp1,3,3,4,3,11,10
Gm26518,1,6,10,1,6,7
Prr13,40,30,66,47,34,47
Pcbp2,40,64,91,59,58,75
Map3k12,0,1,1,2,1,0
Tarbp2,3,3,6,5,5,8
Npff,0,0,0,0,0,1
Atf7,4,4,16,6,12,8
Atp5g2,78,79,183,84,113,123
Calcoco1,1,0,1,1,7,1
Smug1,1,0,1,0,0,0
Cbx5,2,8,5,3,8,4
Hnrnpa1,39,38,88,55,64,38
Nfe2,0,0,1,0,0,0
Copz1,6,5,8,7,7,12
Gpr84,0,0,1,8,4,3
Zfp385a,1,0,0,1,2,0
Nckap1l,3,11,14,13,11,11
Pde1b,0,0,0,0,1,0
Zfp263,0,1,11,3,3,5
Zfp597,0,1,2,0,0,0
Naa60,4,4,1,0,3,3
1700037C18Rik,1,2,3,0,2,2
Cluap1,3,0,9,4,3,1
Gm15537,0,0,1,0,0,0
Nlrc3,4,3,12,8,7,13
Slx4,1,0,3,0,0,1
Trap1,5,2,8,3,5,6
Crebbp,11,13,33,15,15,21
Adcy9,0,0,1,5,0,0
Srl,0,0,0,1,0,0
Tfap4,0,1,1,3,2,2
Pam16,10,14,20,14,10,13
Coro7,2,1,9,2,2,4
Dnaja3,1,1,6,3,5,3
Nmral1,0,0,1,2,0,1
Hmox2,3,7,10,11,12,8
Gm15859,0,1,0,1,1,0
Cdip1,0,0,5,0,3,1
Ubald1,5,6,30,9,10,15
Mgrn1,2,1,4,6,2,2
Gm16861,0,0,0,1,0,0
Nudt16l1,3,9,14,4,6,5
Anks3,0,2,5,0,4,4
Rogdi,8,1,2,2,0,2
Glyr1,4,4,9,9,8,5
Ubn1,5,10,21,8,12,13
Nagpa,1,2,2,5,1,10
Alg1,4,0,6,2,4,6
Eef2kmt,7,4,8,4,2,6
Mettl22,0,0,4,2,1,1
Abat,1,0,1,0,1,0
Tmem186,1,1,2,2,3,1
Pmm2,1,2,8,4,6,7
Carhsp1,0,3,6,4,7,2
Usp7,6,6,23,17,18,7
1810013L24Rik,3,3,9,0,4,1
Rpl39l,0,0,0,2,0,0
Emp2,0,0,0,1,0,0
Nubp1,5,9,21,7,8,8
Ciita,0,0,0,0,1,0
Dexi,2,5,6,4,6,9
Clec16a,1,0,0,1,2,1
Socs1,10,17,36,30,29,47
Tnp2,0,2,0,0,0,1
Rmi2,1,0,4,1,1,1
Gm21859,0,0,0,0,0,1
Litaf,11,7,35,15,20,31
Snn,0,0,0,2,3,0
Txndc11,7,2,7,4,2,5
Zc3h7a,9,12,10,16,9,11
Rsl1d1,19,12,28,22,14,20
2610020C07Rik,0,0,0,0,0,1
Gspt1,4,7,16,11,12,12
Tnfrsf17,0,0,0,1,0,0
Snx29,1,0,2,2,2,2
Cpped1,0,1,2,3,0,1
Ercc4,3,3,4,2,3,2
Mkl2,2,2,4,1,0,0
Parn,2,3,2,3,6,3
Bfar,3,3,10,14,10,13
3110001I22Rik,1,1,1,2,2,1
Rrn3,3,3,5,4,5,3
Ntan1,7,17,37,18,13,18
Pdxdc1,3,0,8,5,3,8
Mpv17l,0,1,2,2,1,2
2900011O08Rik,0,0,0,0,1,0
Marf1,1,9,16,15,5,7
Nde1,2,1,4,3,6,7
Fopnl,3,7,8,9,5,5
Abcc1,2,2,3,1,7,1
Ube2v2,6,4,11,9,10,12
Mcm4,3,4,10,1,4,6
Prkdc,0,3,2,1,0,0
Mzt2,2,2,4,5,8,2
Spidr,0,1,5,0,0,1
Yars2,0,1,4,3,2,2
Dnm1l,5,5,8,2,2,2
Fgd4,0,0,0,0,2,0
Spag6l,0,0,0,1,0,0
Vpreb1,1,0,1,0,0,0
Top3b,2,3,7,1,6,6
Ppm1f,0,1,3,3,1,2
Mapk1,10,11,27,10,21,15
1700056N10Rik,0,0,0,1,2,0
Ypel1,0,2,1,0,1,1
Ppil2,9,4,19,10,14,13
2610318N02Rik,0,0,0,0,1,1
Sdf2l1,6,5,9,11,12,3
Ydjc,1,0,3,2,3,2
Ube2l3,18,12,45,21,23,30
Gm15648,2,1,1,2,0,0
Hic2,1,0,2,0,0,2
Tmem191c,0,3,5,4,9,4
Pi4ka,1,4,7,2,5,2
Snap29,4,1,4,1,3,3
Crkl,0,1,0,1,0,1
Aifm3,0,1,0,0,0,0
Lztr1,0,2,4,3,2,3
Thap7,2,8,5,4,5,4
Smpd4,3,0,1,1,0,0
Med15,3,2,4,3,5,7
Klhl22,0,0,0,1,1,1
Scarf2,0,0,0,1,0,0
Dgcr2,3,2,4,0,1,0
Dgcr14,0,2,2,1,1,1
Slc25a1,2,2,3,5,10,3
Dgcr6,1,4,8,6,4,0
Prodh,0,1,2,2,0,1
Zdhhc8,6,1,5,5,2,5
Ranbp1,13,16,43,30,24,21
Trmt2a,3,0,5,8,0,1
Dgcr8,1,1,5,5,1,1
Tango2,1,0,4,5,5,3
Arvcf,0,0,0,1,0,1
Comt,1,6,10,13,12,13
Txnrd2,2,5,4,1,6,1
Gnb1l,0,0,2,0,0,0
Gp1bb,0,0,0,0,0,5
Cldn5,0,1,0,0,0,0
Ufd1l,2,3,1,7,12,8
2510002D24Rik,8,12,18,12,11,6
Mrpl40,3,8,10,7,5,7
Hira,3,2,3,0,5,3
B3gnt5,4,1,5,0,3,0
Klhl6,8,13,25,9,16,15
Klhl24,0,6,10,7,1,6
Yeats2,3,2,8,2,2,1
Map6d1,0,0,2,0,2,0
Parl,4,12,17,10,6,10
Abcc5,1,4,10,3,2,1
Eif2b5,1,0,4,2,4,5
Dvl3,0,1,1,0,1,1
Ap2m1,8,14,21,17,10,17
Abcf3,2,6,9,3,2,3
Alg3,1,1,0,2,0,0
Ece2,2,1,0,0,0,2
Camk2n2,0,0,1,1,1,0
Psmd2,9,10,20,12,16,12
Eif4g1,9,9,22,16,17,15
Fam131a,0,0,1,1,1,1
Polr2h,4,5,10,6,9,6
Vps8,2,1,2,1,3,2
2510009E07Rik,0,0,1,2,0,1
Ehhadh,0,0,1,0,1,2
1300002E11Rik,2,4,10,10,7,11
Tmem41a,1,2,2,1,0,1
Senp2,1,2,2,7,0,5
Igf2bp2,0,0,2,0,0,1
Tra2b,42,45,121,52,75,65
Etv5,1,0,0,1,1,0
Tbccd1,0,0,1,1,0,1
Dnajb11,9,6,22,11,8,16
Eif4a2,56,62,140,75,66,70
Rfc4,1,5,8,5,3,8
St6gal1,2,3,5,2,2,1
Rtp4,6,1,4,6,9,16
Bcl6,4,5,1,6,3,1
Lppos,1,2,9,6,3,2
Lpp,1,3,2,5,10,4
P3h2,0,0,1,0,2,0
Il1rap,0,0,6,4,3,2
Ccdc50,2,6,17,13,12,6
Opa1,0,8,6,4,6,2
Hes1,0,1,17,1,0,14
Gp5,0,0,0,0,0,1
Atp13a3,6,5,10,21,8,3
Tmem44,0,0,0,1,0,1
Lsg1,4,5,6,2,5,8
Fam43a,0,0,0,0,5,3
Xxylt1,0,0,0,0,0,1
Acap2,3,4,3,6,7,8
Ppp1r2,10,7,16,9,14,21
Apod,2,4,23,8,16,4
Bdh1,0,1,2,0,0,7
Gm15743,0,0,1,0,0,0
Dlg1,2,4,9,2,1,2
Pigz,0,1,4,0,1,0
0610012G03Rik,10,11,20,16,10,16
Ncbp2,1,5,10,8,4,7
Senp5,0,1,5,2,4,1
Pak2,14,33,51,35,38,41
Pigx,9,13,22,14,10,14
Cep19,1,2,3,4,2,3
Nrros,6,4,8,3,6,5
Fbxo45,1,1,3,1,3,2
Wdr53,0,1,0,1,0,0
Rnf168,2,0,7,1,2,1
Ubxn7,4,6,6,9,6,2
Tctex1d2,3,0,2,1,2,0
Pcyt1a,2,1,0,1,4,2
Tfrc,3,0,3,0,9,0
Tnk2,2,4,6,4,7,2
Rubcn,0,0,1,1,5,3
Fyttd1,3,7,5,3,6,5
Lrch3,3,4,6,5,3,8
Iqcg,1,0,0,0,0,0
Rpl35a,643,831,1494,519,837,775
Osbpl11,6,3,6,5,1,1
Snx4,2,4,6,7,4,3
1700007L15Rik,0,1,2,2,0,0
Zfp148,8,10,27,16,16,9
Slc12a8,0,0,1,0,0,0
Heg1,0,1,4,7,3,3
Itgb5,0,2,9,20,12,4
Umps,2,0,3,2,5,4
Kalrn,0,0,1,0,1,0
Ccdc14,0,1,0,0,1,1
Hacd2,1,3,9,1,3,14
Adcy5,0,0,1,0,0,0
Sec22a,0,2,3,2,3,3
Pdia5,0,0,0,0,1,1
Dirc2,2,4,7,2,2,2
Hspbap1,0,1,0,1,1,1
Parp14,10,8,27,19,6,10
Dtx3l,2,2,11,4,1,10
Parp9,2,8,2,3,6,4
Kpna1,4,7,6,5,12,5
Fam162a,5,10,15,9,14,10
Ccdc58,1,0,4,6,1,1
2010005H15Rik,0,0,2,0,0,0
Cd86,3,5,6,3,4,3
Ildr1,2,2,1,0,5,3
Slc15a2,0,2,1,1,1,0
Eaf2,1,0,0,0,0,0
Iqcb1,3,0,2,1,1,1
Golgb1,3,8,19,14,15,5
Hcls1,12,12,29,21,32,25
Fbxo40,0,0,0,1,0,0
Stxbp5l,0,1,0,0,0,0
Gtf2e1,2,1,3,0,2,2
Rabl3,0,0,1,1,2,1
Ndufb4,32,18,50,19,33,20
Fstl1,0,0,1,0,0,0
Lrrc58,5,6,8,4,9,4
Gsk3b,11,21,35,18,21,16
Cox17,38,35,101,37,74,58
Adprh,5,5,12,11,15,8
D930030I03Rik,0,0,1,0,0,0
Cd80,0,0,1,0,2,1
Timmdc1,0,1,2,0,3,1
Poglut1,2,1,3,3,1,2
Tmem39a,6,1,1,0,0,0
Arhgap31,9,30,35,30,18,16
B4galt4,0,0,2,1,3,2
Upk1b,0,0,1,2,1,2
Igsf11,1,1,1,0,0,0
Lsamp,0,1,0,0,0,0
Zbtb20,12,20,23,23,28,25
Tigit,2,0,0,0,0,2
Qtrtd1,2,1,2,0,3,2
Ccdc191,2,1,2,5,3,4
Gramd1c,0,1,1,0,0,2
Atp6v1a,3,2,4,11,6,2
Naa50,8,7,15,11,9,4
Usf3,2,0,3,1,2,0
Sidt1,5,10,6,3,7,0
Spice1,2,2,2,0,4,3
Nepro,0,0,0,0,1,2
Gtpbp8,1,4,4,1,0,3
Cd200r1,1,3,11,3,5,2
Cd200r4,4,5,3,2,4,4
Ccdc80,0,1,0,0,0,0
Slc35a5,0,1,3,4,2,3
Atg3,10,6,22,15,14,7
Btla,4,1,3,3,2,3
Cd200,0,0,1,1,0,2
Tagln3,1,0,2,0,0,0
Abhd10,3,3,7,5,2,5
Gm15638,1,0,2,1,0,0
Plcxd2,30,10,56,18,36,30
Cd96,8,10,10,9,14,20
Pvrl3,0,0,1,0,0,0
Morc1,0,0,1,0,2,0
Trat1,0,2,5,0,1,0
Dzip3,0,4,3,1,2,3
C330027C09Rik,0,0,0,1,0,1
Ift57,3,0,4,2,1,1
Gm15518,0,0,0,0,1,0
Cd47,65,70,140,85,98,90
Bbx,7,9,21,12,14,10
Dubr,0,0,3,2,2,2
Cblb,6,14,15,14,9,2
Alcam,0,2,1,2,2,1
Nfkbiz,16,24,42,42,68,36
Nxpe3,4,6,5,8,5,3
Cep97,1,5,9,5,5,5
Rpl24,392,464,970,459,531,612
Zbtb11os1,1,2,0,1,3,0
Zbtb11,6,6,17,11,8,3
Pcnp,14,21,30,28,28,14
Trmt10c,4,3,12,6,4,6
Senp7,3,1,15,19,7,8
Abi3bp,0,5,0,0,0,0
Tfg,0,3,15,4,7,7
Tomm70a,2,2,8,3,6,7
Nit2,1,4,7,1,2,2
Tbc1d23,1,0,7,2,4,0
Cmss1,3,0,3,0,2,2
Filip1l,3,2,8,5,4,6
Dcbld2,0,0,2,0,0,0
St3gal6,15,12,48,19,23,23
Cpox,3,1,10,4,4,2
Cldnd1,7,11,25,21,7,19
Mina,3,1,11,9,6,8
Crybg3,0,1,3,1,1,0
Arl6,1,0,0,0,1,1
Nsun3,0,1,3,0,2,1
Arl13b,1,3,8,3,3,3
Pros1,0,0,2,12,2,3
Epha3,0,1,1,0,0,1
4930453N24Rik,11,12,20,17,15,13
Zfp654,1,6,9,3,7,2
Cggbp1,13,18,35,22,24,19
Chmp2b,3,3,10,5,10,9
Cadm2,0,0,1,1,0,0
Gbe1,1,2,4,0,3,4
Rbm11,0,0,0,0,1,0
Hspa13,2,2,3,2,3,0
Samsn1,57,24,81,24,43,34
Nrip1,19,23,44,22,24,30
Gm9843,2,5,20,14,5,7
Usp25,10,3,22,15,14,15
Cxadr,3,1,3,1,0,1
Btg3,17,25,24,23,12,18
D16Ertd472e,14,21,24,21,13,17
Gm21833,0,0,0,1,0,0
Mir155hg,5,2,1,2,5,7
Mrpl39,3,3,5,8,2,4
Jam2,0,1,6,2,4,0
Atp5j,43,56,113,53,66,55
Gabpa,4,2,3,1,4,3
App,0,3,19,2,6,0
Cyyr1,0,1,0,0,0,0
Adamts1,0,0,5,2,33,0
N6amt1,3,2,4,7,7,7
Ltn1,4,0,7,4,1,2
Rwdd2b,1,0,1,2,2,0
Usp16,8,6,5,11,14,7
Cct8,19,22,45,38,33,33
Bach1,2,4,3,4,7,2
Tiam1,0,3,1,1,0,0
Sod1,15,10,29,13,15,10
Scaf4,1,2,6,2,4,2
Mis18a,2,2,9,10,3,5
Gm17518,0,0,1,0,0,0
Mrap,0,1,0,0,0,0
Urb1,1,0,4,1,1,0
1110004E09Rik,0,1,6,1,4,3
Synj1,5,4,6,2,4,14
Paxbp1,10,4,11,7,7,4
4932438H23Rik,0,0,0,0,0,1
Olig2,1,0,4,0,0,0
Olig1,1,2,11,2,6,0
Ifnar2,12,11,32,32,24,14
Il10rb,9,13,39,17,16,20
Ifnar1,7,15,25,19,26,18
Ifngr2,7,0,11,16,2,8
Tmem50b,2,4,8,6,2,4
Dnajc28,0,0,0,0,0,1
Gart,5,2,8,6,6,9
Son,48,65,137,70,97,81
Donson,5,2,11,5,7,7
Atp5o,28,35,53,47,36,46
Cryzl1,2,5,4,2,2,2
Itsn1,0,0,4,0,3,0
Mrps6,3,4,4,3,2,6
Slc5a3,1,3,4,4,3,3
Smim11,7,11,25,11,12,23
Rcan1,0,0,0,0,4,2
Clic6,0,0,1,0,0,0
Runx1,1,9,9,8,5,3
1700029J03Rik,0,0,0,0,1,0
Setd4,2,6,2,2,3,0
Cbr1,9,2,14,3,8,8
Dopey2,2,3,1,7,4,2
Morc3,6,4,11,17,16,10
Chaf1b,1,2,2,0,1,1
Hlcs,3,0,7,1,3,0
Ripply3,0,0,1,0,0,0
Pigp,9,7,21,15,13,13
Ttc3,6,10,18,13,15,10
Dscr3,1,3,5,4,6,6
Dyrk1a,3,4,7,10,3,8
Ets2,2,1,5,5,3,1
Psmg1,5,1,12,6,6,6
Brwd1,2,6,10,6,0,9
Hmgn1,9,11,24,17,13,18
Wrb,2,1,2,0,2,1
Sh3bgr,0,0,0,0,1,0
B3galt5,1,2,3,2,1,0
Igsf5,0,0,1,0,0,0
Mx1,3,0,3,0,1,0
Prdm15,0,0,2,2,0,1
C2cd2,0,2,0,0,1,1
Zbtb21,0,2,3,1,3,2
C030010L15Rik,0,0,1,0,0,0
B230307C23Rik,3,2,8,5,3,0
Scaf8,1,5,6,7,3,3
Tiam2,0,0,1,0,0,0
Tfb1m,0,0,2,0,0,1
Arid1b,2,6,9,5,3,6
Tmem242,3,2,2,0,2,3
Zdhhc14,0,0,0,1,1,0
Snx9,0,0,0,0,0,1
Synj2,0,0,1,0,1,2
Gtf2h5,15,12,13,15,25,17
Tulp4,4,4,10,3,10,6
Tmem181a,4,3,5,6,4,1
Dynlt1a,0,3,2,2,0,1
Dynlt1b,0,0,0,2,0,0
Dynlt1c,3,8,8,5,7,3
Dynlt1f,3,3,6,2,5,3
Sytl3,5,8,7,9,13,15
Ezr,19,22,46,27,27,25
Rsph3b,0,0,0,1,1,0
Tagap1,0,0,1,1,0,1
Rnaset2b,27,42,81,61,54,44
E430024P14Rik,2,1,1,0,0,1
Tagap,28,16,55,27,39,37
Rsph3a,1,0,1,1,1,2
Rnaset2a,36,44,81,60,52,54
Fgfr1op,1,2,6,6,5,1
Ccr6,0,0,0,0,0,2
Mpc1,26,17,41,18,19,16
Sft2d1,9,11,24,24,22,12
Prr18,1,0,2,0,0,0
Gm16702,0,2,3,0,0,0
1700010I14Rik,0,0,1,2,0,1
Qk,14,5,30,39,31,7
A230009B12Rik,0,0,1,0,0,1
Gm16168,0,0,1,0,0,0
Park2,1,0,1,1,0,0
Agpat4,2,5,11,5,4,4
Map3k4,2,2,10,6,8,2
Igf2r,9,3,9,11,9,14
Airn,0,1,1,1,2,2
Mrpl18,14,9,30,11,9,8
Tcp1,9,21,42,23,28,35
Acat2,4,7,10,2,2,4
Wtap,6,3,16,9,8,15
Sod2,11,13,34,22,22,13
Mllt4,5,0,4,0,3,1
1600012H06Rik,1,1,3,2,4,2
Phf10,1,3,4,7,4,2
Gm3448,0,1,0,0,1,0
Ermard,2,5,2,4,1,3
Tcte3,0,0,0,0,1,0
Fam120b,0,0,3,3,2,1
Psmb1,44,63,96,61,91,77
Tbp,1,2,2,5,1,1
Pdcd2,5,9,16,12,7,11
Prdm9,0,0,0,1,0,0
Chd1,18,9,18,20,7,15
Rgmb,0,1,1,4,2,1
BC002059,0,0,1,1,0,1
Zfp960,1,0,0,0,0,0
Zfp97,2,1,2,0,0,0
Gm6712,0,0,0,0,0,1
Lnpep,3,2,8,8,8,3
Spaca6,0,0,0,0,1,0
Vmn2r96,0,1,1,0,0,0
Ppp2r1a,4,11,25,12,10,12
Zfp160,1,0,1,1,2,0
Zfp677,3,0,2,5,1,3
Zfp51,0,1,7,2,1,3
Zfp53,3,1,7,2,5,3
Zfp52,1,0,0,1,1,1
3110052M02Rik,0,0,0,0,1,0
Zfp760,0,1,1,3,1,1
2210404O09Rik,1,1,1,0,1,2
Zfp942,3,2,5,3,0,1
Zfp943,2,0,2,1,2,1
Gm4944,1,3,5,2,1,2
Zfp944,0,1,1,1,5,0
Zfp758,1,1,5,1,3,0
Zfp946,0,1,3,3,0,2
Zfp945,1,5,13,6,10,12
Zfp40,0,1,1,1,1,0
Zfp213,1,1,1,1,2,1
Zfp13,0,0,1,0,0,0
Mmp25,3,0,0,1,0,0
Thoc6,4,2,0,0,2,0
Hcfc1r1,11,7,18,11,13,9
Tnfrsf12a,2,2,3,3,1,2
Pkmyt1,3,0,7,2,3,2
Paqr4,0,0,2,0,1,0
Kremen2,0,0,0,0,0,1
9530082P21Rik,0,0,0,1,0,0
Flywch1,0,3,1,3,1,2
Flywch2,1,0,0,0,1,0
D930048G16Rik,0,1,0,0,0,0
Srrm2,51,67,129,97,76,76
Tceb2,56,72,127,49,92,82
Prss41,0,1,0,0,0,0
Prss32,0,0,1,0,0,0
Prss30,0,0,0,0,0,1
Kctd5,0,3,3,3,1,0
Pdpk1,5,11,9,5,12,7
Amdhd2,0,3,5,2,5,3
Gm43796,1,1,0,2,0,1
Atp6v0c,0,1,1,0,0,0
Tbc1d24,0,0,1,1,3,1
1600002H07Rik,0,1,0,2,0,0
Abca3,0,0,0,5,4,1
Rnps1,7,4,16,12,11,8
Eci1,11,5,18,6,8,13
E4f1,3,4,5,1,11,2
Pgp,2,5,9,5,11,7
Mlst8,0,1,1,1,0,1
Caskin1,0,1,0,0,0,0
Traf7,4,1,6,6,7,9
Rab26,0,0,0,0,1,1
Rab26os,2,2,7,1,1,1
Pkd1,3,4,7,3,0,2
Tsc2,3,1,4,1,3,4
Nthl1,0,0,2,0,1,2
Slc9a3r2,1,0,0,0,1,0
Zfp598,3,4,7,3,1,2
Gfer,1,2,11,7,3,8
Tbl3,2,4,2,6,3,2
Rps2,667,725,1605,855,920,963
Snhg9,2,2,6,10,11,4
Ndufb10,18,31,67,36,37,32
Msrb1,5,7,8,5,4,4
Hagh,5,6,11,7,13,5
Fahd1,1,0,0,0,2,1
Nubp2,2,3,8,2,3,2
Spsb3,5,5,9,4,6,5
Eme2,0,0,0,3,1,3
Mapk8ip3,1,2,9,4,5,3
Mrps34,2,11,12,5,13,9
Nme3,0,3,3,2,2,0
Hn1l,1,1,1,1,0,0
Cramp1l,3,2,3,1,4,1
Ift140,0,1,1,1,2,0
Telo2,0,1,3,2,3,2
Clcn7,0,0,2,2,1,2
BC003965,3,7,12,10,13,6
Unkl,4,4,5,11,1,4
Gnptg,4,4,18,10,10,12
Tsr3,2,4,5,4,6,1
Baiap3,6,3,6,1,3,4
Ube2i,27,44,76,34,53,51
Sox8,0,0,1,1,0,0
Lmf1,2,1,2,0,6,2
Gng13,0,0,0,0,2,0
Chtf18,0,1,2,0,1,0
Rpusd1,0,0,1,0,1,1
Narfl,0,5,4,1,1,1
Haghl,1,4,4,3,7,1
Fam173a,9,14,30,25,22,25
Metrn,1,2,3,3,9,5
Wdr24,0,1,2,0,2,1
Jmjd8,0,0,3,1,1,3
Stub1,10,13,39,17,33,14
Rhot2,2,3,7,1,4,7
Wdr90,1,1,1,1,0,1
Fam195a,0,0,3,1,1,2
0610011F06Rik,5,5,14,7,10,7
Rab40c,1,0,5,0,3,4
Pigq,2,2,7,2,3,0
A930017K11Rik,0,0,0,1,0,0
Capn15,1,0,4,2,2,1
1700022N22Rik,0,1,0,0,1,0
Rab11fip3,0,0,0,3,1,1
Decr2,1,0,2,0,0,0
Nme4,0,1,1,0,0,0
Gm8186,11,13,17,3,9,4
Tmem8,2,1,2,4,0,2
Mrpl28,2,6,15,6,8,12
Axin1,4,3,17,5,6,10
Rgs11,0,2,0,0,0,0
Fam234a,0,1,3,1,1,2
Luc7l,3,6,20,14,11,5
Neurl1b,0,0,1,0,0,0
Dusp1,50,35,89,81,109,74
Ergic1,2,3,4,0,5,3
Atp6v0e,48,49,76,59,52,58
Crebrf,5,13,23,20,21,13
Bnip1,2,1,1,0,2,2
Kifc5b,0,0,1,0,1,0
Phf1,9,6,12,5,9,12
Cuta,17,13,32,10,17,22
Syngap1,0,0,1,0,0,0
Ggnbp1,0,0,0,1,0,0
Bak1,1,6,6,7,4,4
Itpr3,3,3,6,4,4,0
Uqcc2,13,28,48,12,18,21
Lemd2,3,1,10,4,7,6
Gm26724,2,0,2,3,1,0
Gm10505,0,0,1,0,0,0
Hmga1,3,4,10,9,8,8
AI413582,4,3,15,11,10,11
Nudt3,4,10,15,9,7,6
Rps10,941,1191,2199,1086,1273,1254
Pacsin1,3,0,4,2,5,2
D17Wsu92e,2,1,12,8,10,4
Snrpc,7,11,22,7,17,17
Uhrf1bp1,0,0,0,0,2,0
Taf11,1,4,11,6,10,2
Anks1,0,1,4,1,0,3
Tcp11,0,0,0,0,0,1
Zfp523,0,2,4,1,0,2
Def6,6,10,18,7,10,9
Ppard,1,1,0,2,2,3
Fance,0,1,4,4,2,1
Rpl10a,401,484,981,452,522,616
Tead3,0,0,1,0,0,0
Fkbp5,3,12,5,4,14,7
Gm20109,0,1,0,0,1,0
E230001N04Rik,2,1,1,2,1,2
Srpk1,19,22,39,22,35,34
Mapk14,3,3,10,8,2,7
Brpf3,1,1,1,2,2,2
Kctd20,4,2,6,3,1,5
Stk38,15,10,30,8,17,10
Srsf3,35,39,97,70,67,48
Cdkn1a,5,5,19,18,26,14
Ppil1,2,7,4,2,2,5
BC004004,5,8,9,7,6,9
Mtch1,4,7,18,10,9,5
Fgd2,0,1,1,9,7,1
Pim1,62,74,105,69,69,75
Tbc1d22b,3,3,7,4,2,1
Rnf8,1,1,6,6,3,2
Gm28043,0,0,0,0,1,0
Cmtr1,3,0,2,1,1,1
Ccdc167,2,3,4,5,0,0
Mdga1,0,0,0,0,1,0
Zfand3,5,6,3,6,7,9
Btbd9,3,7,4,7,3,8
Glo1,11,6,25,6,10,13
1700097N02Rik,1,3,1,3,2,4
Dnah8,1,2,1,2,4,3
Abcg1,7,7,14,9,8,12
Ubash3a,3,4,12,5,8,5
Rsph1,0,0,0,1,0,0
Slc37a1,1,1,7,2,3,3
Wdr4,1,1,0,1,1,0
Ndufv3,25,25,59,20,23,39
Pknox1,3,3,9,1,5,6
Cbs,0,0,0,0,1,0
U2af1,7,16,37,17,23,16
Sik1,6,8,14,10,9,9
Rrp1b,1,2,3,11,5,6
Notch3,0,0,1,0,1,0
Brd4,7,10,29,13,23,20
Akap8,3,6,9,8,15,6
Akap8l,3,3,16,6,6,13
Wiz,2,2,4,5,2,1
Rasal3,10,19,42,22,13,20
Pglyrp2,6,1,9,7,8,5
Cyp4f16,1,1,0,3,1,3
Cyp4f15,0,0,1,0,0,0
Zfp871,5,7,12,8,11,9
Gm17115,0,0,2,0,0,0
Zfp811,0,0,1,0,0,0
Zfp799,0,0,4,1,0,0
Cyp4f13,0,0,2,1,0,4
Zfp472,1,0,4,1,6,2
Zfp952,1,1,3,0,4,2
Zfp763,1,1,1,0,2,0
Zfp563,0,0,0,1,0,0
Zfp955a,1,0,0,0,0,0
Zfp955b,0,1,1,0,0,0
Zfp81,1,3,2,1,0,0
Zfp101,2,2,11,1,0,3
Adamts10,1,0,8,4,7,3
Myo1f,9,6,6,5,7,6
Zfp414,3,3,3,3,1,1
Pram1,0,0,1,0,0,0
Hnrnpm,14,23,39,25,30,33
March2,8,9,14,12,7,15
Rab11b,16,8,34,18,17,24
Kank3,0,2,1,1,0,0
Rps28,736,650,1413,353,1260,733
Ndufa7,35,41,77,44,55,55
Cd320,0,1,1,1,4,3
Kifc1,0,0,1,0,0,0
Platr17,1,0,3,1,1,0
BC051226,0,1,1,2,1,0
Daxx,2,6,9,6,4,4
Tapbp,23,22,52,28,25,54
Zbtb22,0,0,5,1,3,3
Rgl2,0,3,6,4,5,3
Pfdn6,7,10,26,9,19,14
Wdr46,3,3,6,6,4,5
B3galt4,0,3,1,0,0,0
Rps18,1213,1285,2417,1233,1464,1218
Vps52,2,0,6,3,2,2
H2-K1,502,530,1155,601,608,816
Ring1,1,3,10,7,2,4
H2-Ke6,9,8,18,9,13,14
Slc39a7,8,5,18,9,8,11
Rxrb,4,7,11,6,8,10
Col11a2,0,0,1,1,0,0
H2-Oa,1,1,4,3,2,0
Brd2,16,20,48,48,44,25
H2-DMa,8,8,5,12,13,6
H2-DMb2,1,0,0,2,0,0
H2-DMb1,2,3,0,3,4,1
Psmb9,38,37,85,38,45,40
Tap1,14,20,35,29,29,37
Psmb8,127,118,230,169,168,157
Tap2,10,16,36,21,22,23
H2-Ob,0,0,0,2,1,1
Gm20506,0,2,0,0,0,0
H2-Ab1,12,4,0,15,0,0
H2-Aa,69,4,1,19,1,1
H2-Eb1,74,3,0,18,1,1
H2-Eb2,0,0,0,1,0,0
BC051142,0,0,1,0,0,0
Gpsm3,20,24,34,21,21,33
Pbx2,1,3,3,4,3,3
Rnf5,3,2,13,8,7,5
Agpat1,1,5,5,3,5,3
Egfl8,0,1,1,1,0,0
Ppt2,1,6,9,3,7,4
Prrt1,2,3,8,3,5,5
Fkbpl,0,1,4,0,0,1
Atf6b,4,3,7,6,5,4
C4b,0,1,2,2,1,1
Stk19,0,2,5,5,5,0
Dxo,2,8,2,6,1,8
Skiv2l,2,2,3,7,4,5
Nelfe,3,4,8,3,9,1
C2,0,0,1,0,0,0
Zbtb12,0,2,0,0,1,0
Ehmt2,3,4,11,2,7,7
Neu1,2,8,9,8,9,14
Hspa1b,2,2,8,12,3,0
Hspa1a,1,2,29,25,2,5
Gm10501,0,0,0,1,0,0
Lsm2,4,11,16,14,6,13
Vars,9,6,21,9,11,13
Vwa7,0,0,1,0,0,0
Sapcd1,0,0,2,0,0,1
Msh5,0,0,0,0,1,0
Clic1,65,72,149,93,92,97
Ddah2,0,0,1,2,1,0
Ly6g6d,0,0,0,0,1,0
Abhd16a,9,3,18,7,9,6
Ly6g5b,0,4,1,0,1,0
Csnk2b,17,17,31,16,31,29
Gpank1,9,1,4,3,3,5
D17H6S53E,0,2,0,1,1,1
Bag6,2,6,14,6,10,10
Prrc2a,8,5,32,15,19,14
Aif1,2,0,5,22,8,12
Lst1,2,3,3,2,4,3
Ltb,105,108,196,101,93,170
Tnf,20,6,12,12,31,10
Lta,1,0,1,4,1,1
Nfkbil1,4,8,14,4,7,5
Atp6v1g2,0,0,2,0,0,1
Ddx39b,23,23,58,30,22,35
H2-D1,433,476,983,548,537,602
Gm11131,1,5,3,5,3,4
H2-Q4,47,44,116,80,72,88
H2-Q6,48,53,99,64,82,95
H2-Q7,159,227,437,236,224,248
H2-Q10,3,11,10,6,3,7
Pou5f1,0,0,0,1,0,1
Tcf19,0,1,4,0,4,1
Cchcr1,0,0,2,1,0,0
Vars2,0,1,0,0,1,0
Gtf2h4,3,2,4,5,3,5
Ddr1,0,0,6,1,0,0
Ier3,7,10,43,39,37,10
Flot1,0,6,10,7,11,9
Tubb5,45,66,154,77,73,96
Mdc1,4,1,2,1,1,2
Ppp1r18os,0,0,0,0,1,0
Nrm,3,2,9,3,3,5
Ppp1r18,25,24,51,40,39,54
Dhx16,1,1,7,3,4,3
2310061I04Rik,3,2,10,3,3,5
Atat1,0,0,1,0,3,0
Mrps18b,3,2,2,4,3,3
Ppp1r10,7,5,31,17,19,13
Abcf1,3,7,20,16,15,16
Prr3,1,5,3,4,4,2
Gnl1,4,5,9,7,8,6
A930015D03Rik,0,0,0,1,0,0
H2-T24,0,1,0,0,0,1
H2-T23,55,65,117,89,79,66
H2-T22,27,41,53,37,42,41
Rpp21,12,21,23,13,16,11
Trim39,1,3,4,1,2,3
Trim26,9,20,26,4,8,18
Ppp1r11,15,29,42,30,27,26
Znrd1,15,12,38,18,21,14
Znrd1as,0,3,0,0,0,0
Mog,1,1,16,2,1,0
Gabbr1,5,0,21,7,5,4
H2-M3,6,10,25,15,12,18
H2-M2,2,0,0,0,0,0
Gm26917,22,36,83,108,62,31
Gm42418,394,434,1148,430,539,103
AY036118,107,97,230,89,88,10
9130008F23Rik,0,0,0,3,0,0
Cenpq,6,4,8,6,6,4
Mut,1,2,6,6,4,4
Adgrf4,0,1,0,0,0,0
Cd2ap,2,5,6,14,2,6
Tnfrsf21,0,0,2,1,2,1
Adgrf5,0,0,0,2,0,0
Pla2g7,0,2,0,0,1,0
Slc25a27,1,0,1,0,1,0
Rcan2,2,1,1,0,1,1
Enpp5,0,1,10,1,0,1
Enpp4,2,1,6,3,2,4
Clic5,0,0,1,0,0,0
Runx2,3,6,11,7,16,12
Runx2os1,0,1,2,0,1,0
Supt3,3,3,9,1,7,6
Cdc5l,3,9,38,18,19,22
B230354K17Rik,1,1,3,3,2,0
Aars2,0,0,1,1,0,0
Nfkbie,4,2,3,10,9,1
Slc35b2,5,1,9,5,3,6
Hsp90ab1,217,238,540,329,306,433
Slc29a1,0,1,6,6,7,2
Tmem63b,2,1,2,1,5,5
Mrpl14,7,6,12,6,5,17
Vegfa,1,0,1,0,1,0
Mrps18a,1,9,6,7,16,8
Mad2l1bp,4,1,11,6,4,4
Gtpbp2,8,8,29,17,16,19
Polh,0,1,0,0,0,0
Xpo5,0,0,2,0,2,0
Polr1c,2,4,10,8,7,3
Yipf3,8,5,17,12,7,14
Lrrc73,0,1,0,0,0,0
Tjap1,2,2,6,0,2,5
Abcc10,1,0,1,0,0,0
Zfp318,2,3,7,2,4,4
Crip3,0,0,0,0,1,0
Dnph1,0,1,0,0,0,0
Cul9,1,1,1,0,0,0
Srf,3,1,6,5,4,3
Klc4,0,3,1,0,0,3
Mrpl2,5,3,7,5,4,7
Cul7,1,0,0,1,0,0
Rrp36,2,2,2,2,3,2
Klhdc3,3,2,6,1,5,1
Mea1,4,3,7,9,7,6
Ppp2r5d,2,4,1,2,8,4
Pex6,3,5,6,3,1,4
Cnpy3,6,1,14,4,10,9
Ptcra,0,0,0,1,0,0
2310039H08Rik,5,6,3,7,5,5
Rpl7l1,11,1,15,12,12,7
Gltscr1l,2,1,7,3,5,2
A330017A19Rik,0,1,4,0,2,1
Tbcc,0,2,4,1,5,5
Ubr2,4,10,21,15,5,8
Mrps10,2,4,6,6,7,2
Guca1a,0,0,1,0,0,0
1700001C19Rik,0,0,0,0,0,1
Taf8,0,1,4,1,3,1
Ccnd3,34,28,83,27,54,60
Bysl,2,2,5,2,5,2
Med20,1,3,3,4,4,1
Gm20517,0,0,0,0,1,0
Tomm6,7,8,16,11,8,15
Frs3,0,0,1,0,0,0
Tfeb,0,2,3,1,2,2
Mdfi,0,0,0,1,0,0
Foxp4,1,0,3,2,0,0
Treml2,3,0,3,0,1,3
B430306N03Rik,0,0,0,1,0,1
Trem2,1,1,21,54,34,16
Treml1,0,0,0,0,0,3
Nfya,1,5,7,5,3,8
Oard1,3,13,10,8,9,9
Apobec2,1,0,0,0,2,0
Unc5cl,1,3,3,1,1,1
Mocs1,0,0,1,0,0,2
Daam2,0,0,3,1,0,2
Rftn1,5,4,13,4,9,8
Plcl2,7,4,8,6,2,0
Gm7334,0,1,2,1,1,2
Tbc1d5,1,0,5,3,1,3
Satb1,41,18,43,54,33,23
Gm19585,10,4,11,12,10,7
Rab5a,7,6,15,17,12,12
Kat2b,3,9,5,3,4,7
Sgol1,0,0,1,0,0,0
Pot1b,2,2,1,1,3,1
Zfp119a,0,0,0,2,0,2
Zfp959,2,0,4,4,2,4
Zfp119b,0,0,0,2,1,0
Ebi3,0,0,1,2,0,0
Ccdc94,0,2,2,0,0,0
Fsd1,0,0,1,0,0,0
Mpnd,5,6,6,11,7,11
Sh3gl1,4,4,16,9,7,15
Chaf1a,0,0,2,0,0,0
Ubxn6,5,7,22,9,14,11
Hdgfrp2,5,3,13,7,9,13
Plin4,0,0,0,1,0,0
Sema6b,0,0,0,1,0,0
Tnfaip8l1,0,0,0,0,0,1
Mydgf,5,5,17,11,7,8
Dpp9,2,1,7,6,1,7
Fem1a,0,0,3,2,3,2
Ticam1,0,0,2,0,2,2
Plin3,4,4,3,3,1,3
Uhrf1,0,0,3,0,0,0
Kdm4b,3,2,2,2,1,2
Ptprs,3,1,1,0,3,0
Safb2,11,8,22,12,9,14
Safb,3,3,12,12,4,16
2410015M20Rik,22,26,64,23,31,43
Rpl36,695,791,1634,645,1057,1110
Lonp1,3,2,3,2,3,3
Ranbp3,2,0,3,4,5,2
Vmac,0,2,5,1,3,1
Ndufa11,13,21,28,18,20,23
Dus3l,1,1,1,1,4,1
Rfx2,0,0,1,0,1,1
Mllt1,2,3,4,2,3,4
Clpp,5,3,6,6,6,6
Alkbh7,1,3,3,2,2,1
Gtf2f1,6,2,9,4,4,5
Khsrp,3,5,17,10,5,5
Slc25a23,2,0,1,2,1,2
Crb3,0,1,0,0,0,0
Dennd1c,5,4,18,15,5,9
Tubb4a,0,0,15,1,10,1
Gm11110,2,4,3,2,4,0
Tnfsf9,2,2,6,4,1,1
Tnfsf14,1,4,3,3,1,3
Gpr108,4,3,7,4,13,4
Trip10,0,1,2,2,3,1
Vav1,3,5,15,15,8,18
Adgre1,0,0,0,9,3,0
Rpl7a-ps5,0,0,0,0,2,0
Nudt12,0,0,1,0,0,0
Fbxl17,0,6,3,3,5,4
Fer,1,0,0,1,0,0
Pja2,5,3,5,9,4,4
Man2a1,4,9,9,8,9,4
Vapa,15,29,42,27,26,28
Rab31,0,0,2,1,1,0
Ppp4r1,0,0,1,2,2,5
Ralbp1,8,18,27,20,26,21
Twsg1,0,2,1,1,2,3
Ankrd12,16,20,46,39,46,35
Ndufv2,12,15,26,15,19,23
Wash1,3,2,7,4,1,3
Ddx11,0,1,2,2,1,1
Mtcl1,0,1,0,0,0,0
Rab12,1,3,4,5,5,5
Epb41l3,0,0,7,1,1,0
Zbtb14,0,0,1,6,2,1
A930029G22Rik,2,1,1,0,1,1
C030034I22Rik,1,3,2,4,5,3
Dlgap1,0,0,0,1,1,1
Tgif1,25,11,31,19,29,13
Myl12b,55,95,145,81,87,99
Myl12a,56,61,94,57,82,68
Myom1,2,0,0,0,0,0
Lpin2,1,2,11,11,5,9
Emilin2,0,0,1,0,0,0
Smchd1,27,19,32,42,11,32
Gm4707,3,4,10,7,6,9
Ndc80,1,0,1,0,0,0
Spdya,0,0,1,0,0,0
Wdr43,9,8,14,16,16,6
Ypel5,6,6,6,4,6,8
Lbh,13,11,36,12,17,6
Lclat1,1,1,1,2,2,1
Ehd3,3,7,12,7,4,4
Xdh,1,0,0,0,0,0
Memo1,1,0,4,2,2,2
Dpy30,9,12,30,13,9,11
Spast,4,2,4,3,0,2
Slc30a6,1,1,2,1,1,0
Yipf4,9,15,17,21,11,12
Birc6,9,21,34,24,13,16
Gm26749,1,1,0,0,0,0
Ttc27,3,2,4,1,4,2
Rasgrp3,0,0,3,6,4,0
Fam98a,0,1,2,2,4,2
Crim1,3,4,11,5,2,5
Fez2,3,0,6,5,6,1
Strn,1,6,3,2,2,3
Heatr5b,1,1,3,0,2,2
Gpatch11,5,2,9,4,4,5
Eif2ak2,4,0,5,3,4,2
Cebpzos,5,8,14,16,4,8
Cebpz,9,11,23,21,21,16
Ndufaf7,2,1,1,2,3,3
Prkd3,2,3,15,10,8,9
Qpct,12,1,24,15,10,23
Cdc42ep3,13,11,29,15,12,18
Gm17315,0,0,0,0,1,0
Atl2,3,4,7,2,4,2
Hnrnpll,2,4,14,7,9,8
Galm,1,1,3,2,4,2
Srsf7,12,13,46,20,30,21
Gemin6,1,1,1,2,3,1
Dhx57,0,1,3,2,2,1
Morn2,0,1,0,0,1,0
Sos1,2,3,1,2,10,2
Map4k3,0,0,1,2,0,0
Tmem178,0,0,1,0,0,0
Thumpd2,2,0,1,0,0,1
Eml4,8,6,7,13,8,8
Cox7a2l,76,96,164,107,115,115
Mta3,9,10,24,10,14,12
Haao,1,1,1,0,1,0
Zfp36l2,100,136,389,137,198,273
Thada,0,7,7,0,4,4
Plekhh2,0,0,0,0,1,0
Dync2li1,0,1,1,0,0,0
Lrpprc,1,3,7,6,3,2
Ppm1b,3,6,19,4,10,8
Prepl,1,2,0,0,1,0
Camkmt,1,0,2,0,0,0
Six3,0,0,1,0,2,0
Srbd1,1,2,1,4,1,1
Prkce,2,1,7,2,4,5
Epas1,0,0,3,2,0,0
Rhoq,1,2,0,2,7,1
Pigf,2,5,5,2,4,4
Cript,14,18,43,14,14,16
Socs5,0,1,2,0,1,0
Mcfd2,1,4,5,2,1,2
Ttc7,6,8,8,1,8,7
Calm2,32,57,101,72,88,75
Epcam,0,0,1,2,2,0
Msh2,2,7,10,5,5,3
Kcnk12,0,0,0,1,0,1
Msh6,1,1,3,4,1,0
Fbxo11,4,7,13,4,8,1
Foxn2,6,8,16,7,10,6
Ppp1r21,3,1,6,2,6,6
Nrxn1,0,0,0,0,3,0
Mettl4,0,0,0,0,1,1
Gm26734,0,0,0,1,0,0
Kdm5d,3,0,9,6,2,6
Eif2s3y,8,15,20,12,11,22
Gm29650,0,0,0,0,1,0
Uty,3,1,5,3,4,6
Ddx3y,16,14,40,21,22,25
Gm28633,0,1,0,0,0,2
Gm28632,0,0,0,0,0,3
Gm29416,0,1,0,0,0,0
Erdr1,12,20,68,35,27,37
Crem,13,23,28,19,9,14
Cul2,3,1,3,3,4,3
Bambi,1,4,19,2,3,3
Map3k8,10,13,21,14,8,4
Mtpap,2,5,11,4,6,4
9430020K01Rik,0,0,0,0,1,0
Svil,3,3,9,13,8,5
Zeb1,8,6,19,9,10,2
Arhgap12,0,3,9,5,2,6
Kif5b,15,27,40,31,35,32
Rpl27-ps3,13,10,29,8,13,10
Epc1,3,8,18,11,14,4
Rab18,4,11,25,17,15,17
Mpp7,2,2,1,0,0,1
Wac,7,21,30,15,23,18
Ccny,7,7,14,4,6,3
Thoc1,2,3,8,5,3,4
Usp14,4,7,8,10,6,9
Rock1,14,24,52,22,23,35
Esco1,3,5,8,10,10,5
Snrpd1,10,11,38,11,25,14
Abhd3,0,0,1,0,2,0
Mib1,2,1,6,5,3,2
Rbbp8,2,1,3,2,0,2
Cables1,0,2,2,4,0,1
Tmem241,0,1,4,0,1,0
Riok3,6,13,13,8,3,7
3110002H16Rik,2,3,9,5,1,3
Npc1,5,1,11,7,14,3
Ankrd29,0,1,0,0,1,0
Ttc39c,5,8,16,6,5,5
Osbpl1a,0,1,4,1,1,0
Impact,5,12,24,11,10,5
Ss18,5,5,30,14,8,5
Taf4b,1,2,3,4,1,0
Kctd1,1,1,2,2,0,0
Aqp4,0,1,0,0,0,0
Gm10036,0,0,1,0,0,0
Cdh2,0,0,2,0,0,0
Dsg2,0,0,1,0,0,0
Ttr,65,69,265,2,6,11
Gm10269,0,0,2,0,0,0
B4galt6,0,1,0,2,1,0
Trappc8,1,4,7,6,2,3
Rnf125,7,15,21,8,9,20
Rnf138,17,43,35,18,18,22
Dtna,0,0,1,0,0,0
Mapre2,8,5,14,16,6,9
Zfp397,2,3,2,2,7,5
Zscan30,0,0,0,1,0,0
Zfp35,2,0,2,2,4,0
Zfp24,3,1,6,0,4,3
Ino80c,3,0,4,4,1,2
Galnt1,5,14,19,17,17,5
2700062C07Rik,0,2,5,2,0,4
Rprd1a,0,0,1,2,2,1
Slc39a6,3,4,9,3,7,12
Elp2,3,2,4,3,3,6
Mocos,1,0,0,0,0,0
Tpgs2,3,6,13,3,7,11
AW554918,1,1,6,1,6,1
Celf4,0,0,2,0,0,1
Pik3c3,3,1,7,4,6,5
Rit2,0,0,0,1,0,0
Syt4,0,0,1,0,0,0
Slc25a46,3,4,7,1,3,6
Sap130,0,2,4,3,2,2
Ammecr1l,2,0,4,3,0,4
Polr2d,1,5,6,3,1,2
Wdr33,3,2,7,2,9,5
Sft2d3,4,2,3,3,6,3
Lims2,1,0,0,0,3,0
Gpr17,0,1,1,0,0,0
Iws1,4,4,7,5,3,6
Map3k2,1,3,14,3,7,3
Ercc3,1,5,2,3,1,0
Bin1,6,8,28,37,21,17
Gypc,0,0,2,3,2,0
4930455D15Rik,0,0,0,0,1,0
Wdr36,1,2,5,3,2,1
Camk4,3,3,8,2,1,3
Stard4,2,4,11,3,1,5
Nrep,0,0,0,1,0,0
Epb41l4aos,10,12,32,8,13,18
Epb41l4a,0,1,0,0,0,0
Apc,0,2,13,8,2,5
Srp19,8,12,18,15,15,14
Reep5,16,26,60,51,34,39
Fam13b,2,2,6,5,3,3
Nme5,0,0,0,1,0,0
4933408B17Rik,0,0,0,0,1,0
Brd8,10,8,23,8,11,9
Cdc23,2,2,3,3,3,3
Gm3550,1,0,0,0,0,0
Fam53c,0,4,5,4,2,6
Kdm3b,0,4,7,3,5,4
Egr1,7,5,46,127,141,31
Etf1,9,7,19,18,13,10
Hspa9,5,10,34,24,18,20
Ctnna1,13,3,10,1,3,3
Lrrtm2,1,0,0,0,0,0
Sil1,2,0,1,0,4,1
Matr3,21,25,53,35,36,38
Paip2,29,47,75,32,46,44
Slc23a1,0,0,1,0,0,0
Mzb1,0,0,0,1,7,0
Spata24,0,0,5,2,2,1
Dnajc18,2,1,4,3,1,2
1700066B19Rik,0,0,1,1,1,1
Ecscr,0,0,4,5,4,4
Tmem173,3,5,16,16,4,7
Ube2d2a,17,20,41,22,25,29
Cxxc5,0,0,3,3,1,2
Psd2,0,0,1,0,0,0
Nrg2,2,0,1,0,1,0
Pura,17,28,60,31,44,56
Cystm1,6,2,4,0,0,0
Pfdn1,4,12,28,9,11,11
Hbegf,0,0,2,0,0,0
Ankhd1,3,10,13,6,8,11
Sra1,11,21,28,19,17,18
Slc35a4,3,2,5,3,3,5
Cd14,0,0,5,10,10,14
Tmco6,2,0,2,2,3,0
Ndufa2,43,42,85,41,70,45
Ik,10,17,22,12,14,17
Wdr55,0,0,4,2,0,2
Hars,2,6,10,1,6,8
Hars2,0,1,5,1,2,3
Zmat2,9,12,30,17,14,17
Pcdhb9,0,0,2,0,0,0
Pcdhb10,0,1,0,0,0,0
Pcdhb16,0,0,1,0,1,0
Pcdhb19,0,0,0,0,1,0
Slc25a2,0,0,0,0,0,1
Taf7,7,5,13,16,8,3
3222401L13Rik,0,0,0,0,1,0
Pcdhgb6,0,1,0,0,0,0
Pcdhgb7,0,0,1,0,0,0
Pcdhga12,0,0,0,0,1,0
Pcdhga8-1,0,0,1,0,1,0
Gm29994,0,0,0,1,0,0
Diaph1,13,25,39,22,28,17
Hdac3,4,5,10,3,5,2
Rell2,1,1,1,0,0,0
Fchsd1,0,1,1,2,0,1
Arap3,0,0,0,4,1,0
0610009O20Rik,0,1,2,1,3,1
Rnf14,5,5,10,6,5,11
Gnpda1,0,5,2,3,1,8
Ndfip1,10,13,38,22,16,25
Arhgap26,1,2,9,6,1,2
Fgf1,0,0,0,2,0,0
Nr3c1,5,16,15,10,17,18
Yipf5,5,8,7,9,7,2
Prelid2,3,12,8,7,5,11
Lars,2,2,11,7,11,4
Rbm27,4,10,14,12,8,7
Tcerg1,8,4,13,11,8,9
Ppp2r2b,0,1,0,0,0,0
Dpysl3,0,0,0,0,0,1
Eif3j2,1,0,0,1,0,0
Dcp2,5,6,9,4,11,5
Ythdc2,3,2,3,2,2,1
Trim36,2,3,0,5,2,1
Pggt1b,0,1,0,0,0,1
Fem1c,0,2,11,4,3,3
Ticam2,0,0,0,0,0,1
Tmed7,7,4,14,10,14,11
Eif1a,12,9,4,11,7,7
Atg12,2,4,7,6,7,11
Ap3s1,10,12,15,12,4,12
Commd10,0,2,5,4,2,1
Sema6a,0,0,3,1,0,0
Dtwd2,0,1,4,1,1,0
Dmxl1,7,5,12,10,10,5
Tnfaip8,22,31,44,35,36,44
Hsd17b4,8,8,10,6,6,3
Srfbp1,1,0,3,1,0,0
Sncaip,0,0,0,3,0,0
Snx2,5,12,10,12,12,6
Snx24,0,0,2,1,1,0
Ppic,2,2,1,1,0,0
Cep120,1,8,8,3,8,1
Csnk1g3,4,4,14,12,7,6
Zfp608,0,0,0,0,5,1
Gramd3,50,61,89,26,48,65
Aldh7a1,1,1,4,3,0,1
Phax,2,5,19,4,10,8
Lmnb1,5,4,12,12,11,4
March3,2,0,0,0,0,1
C330018D20Rik,0,2,1,0,1,2
Megf10,0,0,1,0,1,0
Prrc1,0,0,2,4,5,2
Slc12a2,2,5,12,3,4,2
Isoc1,2,5,4,2,2,3
Gm4841,0,0,1,2,1,0
F830016B08Rik,0,0,1,0,0,0
Iigp1,1,6,0,2,1,8
Smim3,4,3,3,5,7,9
Dctn4,3,4,8,3,7,4
Rbm22,7,8,13,10,13,11
Ndst1,0,0,2,1,2,3
Rps14,851,1070,2034,1161,1213,1318
Cd74,114,9,0,49,2,6
Tcof1,13,4,13,7,8,9
Camk2a,0,0,0,0,0,1
Csf1r,2,1,25,53,38,20
Hmgxb3,0,4,3,2,3,0
Slc26a2,1,1,4,5,4,0
Ppargc1b,1,3,2,2,2,3
Csnk1a1,29,22,57,38,36,35
Gm38165,0,0,0,0,1,0
Pcyox1l,0,0,1,0,0,0
Grpel2,0,2,7,1,2,0
1500015A07Rik,0,0,3,1,7,0
Afap1l1,0,0,1,2,1,0
Ablim3,0,1,0,0,0,0
Adrb2,2,4,10,12,6,12
Gm9949,0,0,0,1,0,0
Fbxo38,2,3,6,4,3,5
Spink10,0,0,0,0,1,1
Spink13,0,0,0,0,0,1
2700046A07Rik,0,0,1,0,0,0
Napg,3,3,10,9,7,5
Txnl1,9,21,32,24,21,14
Wdr7,0,0,1,0,1,1
St8sia3,0,0,0,0,1,0
Onecut2,0,0,1,0,0,0
Fech,1,2,4,2,1,4
Nars,12,3,10,7,21,16
Nedd4l,0,4,1,0,0,2
Alpk2,0,0,0,0,0,1
Malt1,10,13,14,11,7,3
Zfp532,0,0,1,0,0,0
Sec11c,18,35,56,46,43,33
Lman1,8,6,11,10,4,12
Pmaip1,3,8,13,15,5,5
Gnal,0,0,0,1,1,0
Mppe1,0,1,2,0,0,1
Impa2,3,4,15,6,3,4
Tubb6,2,0,0,1,2,0
Afg3l2,3,3,3,3,5,5
Slmo1,0,0,2,0,0,0
Spire1,0,1,0,0,1,0
Cep76,0,3,1,0,0,2
Psmg2,3,3,18,8,8,2
Ptpn2,5,8,14,9,7,12
Gm26910,0,0,0,0,1,0
Seh1l,4,6,13,7,6,2
Cep192,2,1,5,1,4,1
Ldlrad4,8,3,19,15,5,7
Fam210a,2,1,1,2,1,3
Rnmt,1,4,7,10,11,8
Tcf4,0,4,13,5,28,9
Rab27b,1,0,9,0,1,5
4930503L19Rik,0,1,4,1,3,0
Poli,0,0,1,0,1,2
Mbd2,37,36,91,39,51,72
Mex3c,2,4,6,10,5,5
Smad4,3,11,14,12,8,11
Elac1,1,0,4,4,1,1
Me2,5,2,11,14,4,10
Ska1,0,0,1,0,0,0
Cxxc1,7,3,11,6,2,6
Mbd1,0,1,5,3,3,4
Acaa2,5,7,16,7,10,6
Rpl17,1005,1251,2253,1272,1324,1640
BC031181,14,21,45,26,22,23
Dym,0,3,5,4,4,3
Smad7,24,35,70,59,44,26
Ctif,1,0,0,0,0,0
Zbtb7c,0,1,0,0,0,0
Smad2,5,1,3,5,3,1
Ier3ip1,11,23,39,24,21,27
Hdhd2,0,1,5,3,4,2
Pias2,3,1,3,4,2,2
Rnf165,0,0,2,0,1,1
8030462N17Rik,0,0,1,1,3,1
Haus1,0,1,1,3,1,1
Atp5a1,41,45,92,49,64,53
Epg5,0,0,3,0,4,1
Slc14a1,1,1,0,0,1,1
Gm6133,0,0,1,0,0,0
Setbp1,0,2,5,2,1,0
Pard6g,0,0,1,0,0,0
Adnp2,0,2,4,3,2,2
Rbfa,4,4,8,3,12,7
Gm16286,16,13,35,22,23,15
Txnl4a,4,7,11,13,5,8
Pqlc1,0,1,3,1,3,0
Ctdp1,4,1,4,1,0,0
Nfatc1,9,11,28,13,10,12
Atp9b,0,3,1,6,2,1
Sall3,0,0,3,4,1,1
Mbp,18,20,64,29,68,12
Zfp236,1,2,1,2,0,0
Zfp516,1,0,2,0,0,1
Tshz1,2,10,14,6,9,6
Zadh2,2,4,6,2,2,2
Zfp407,2,1,3,1,6,0
Cndp2,2,3,12,7,5,5
Cyb5a,13,30,37,20,35,14
Timm21,0,0,7,9,2,3
Socs6,0,3,4,3,9,4
Rttn,0,2,1,2,2,2
Cd226,18,9,27,25,14,18
Dok6,0,0,0,1,0,0
Tmx3,5,9,10,6,18,9
Ighmbp2,0,1,2,2,0,1
Mrpl21,11,10,33,14,10,21
Cpt1a,1,1,1,0,3,2
Ppp6r3,2,5,5,4,7,3
Lrp5,0,1,0,1,2,1
1810055G02Rik,0,1,1,0,2,3
Suv420h1,3,4,7,7,12,7
Chka,0,7,9,8,15,8
Tcirg1,2,3,2,8,6,5
Ndufs8,9,10,27,11,15,16
Aldh3b1,0,0,1,1,2,0
Unc93b1,2,1,12,28,23,12
Nudt8,4,1,4,1,3,6
Doc2g,0,0,2,0,0,1
Ndufv1,4,10,24,14,11,5
Gstp1,43,39,98,38,40,56
BC021614,8,2,23,12,16,13
Cdk2ap2,31,57,70,36,56,54
Pitpnm1,1,7,5,4,4,8
Aip,8,8,29,13,11,22
Coro1b,8,5,22,10,12,13
Ptprcap,51,86,135,74,92,108
Rps6kb2,3,1,4,2,2,4
Carns1,0,1,3,3,2,2
Gm17552,0,0,0,0,0,1
Tbc1d10c,8,20,41,14,22,31
Ppp1ca,49,35,118,54,48,68
Rad9a,0,2,3,2,4,1
Clcf1,6,2,12,5,7,2
Pold4,10,11,20,17,16,19
Ssh3,0,0,2,0,0,0
Adrbk1,21,21,42,12,27,31
Kdm2a,20,18,22,24,15,13
Syt12,0,0,0,0,1,0
Pcx,0,1,0,0,0,1
Rce1,2,2,8,5,6,6
Sptbn2,0,0,0,0,1,0
Gm21992,0,1,2,0,0,0
Rbm4b,5,2,17,13,12,14
Rbm4,2,1,1,1,0,1
Rbm14,2,4,6,4,4,4
Ccs,3,7,10,4,11,6
Ctsf,0,0,5,3,1,1
Zdhhc24,1,1,0,0,0,0
Dpp3,0,3,7,3,5,4
Mrpl11,6,7,24,6,13,6
B4gat1,0,1,3,1,2,0
Brms1,5,4,11,6,9,4
Tmem151a,2,1,5,0,2,1
Yif1a,0,2,2,9,2,6
Rab1b,5,12,15,10,8,9
Klc2,0,1,2,2,0,2
Pacs1,4,3,9,6,10,7
Sf3b2,15,27,51,37,33,51
Banf1,14,14,34,22,25,17
Eif1ad,3,5,10,3,3,9
Sart1,4,3,11,3,3,7
4930481A15Rik,0,0,2,0,0,0
Drap1,17,24,57,23,35,25
AI837181,1,5,13,9,5,9
Fosl1,0,0,0,0,0,1
Ccdc85b,3,1,22,6,1,6
Fibp,4,6,6,9,6,11
Ctsw,55,43,115,84,100,68
Efemp2,0,0,1,2,1,1
Mus81,0,2,0,0,2,4
Cfl1,124,169,298,193,208,183
Snx32,1,0,2,0,2,2
Ap5b1,0,1,0,1,0,0
Rnaseh2c,15,21,46,22,30,25
Kat5,0,5,4,0,5,2
Rela,5,5,10,11,7,10
Sipa1,5,18,31,21,18,23
Pcnxl3,2,3,7,2,6,5
Map3k11,2,0,2,4,0,3
Kcnk7,1,0,4,1,1,0
Ehbp1l1,2,0,8,4,0,4
Fam89b,0,2,1,2,2,2
Sssca1,2,1,8,7,7,6
Ltbp3,0,1,1,0,0,0
Scyl1,1,1,5,7,3,5
Malat1,2593,2864,5838,3523,4439,3779
Neat1,16,27,57,43,39,15
Frmd8,4,5,23,7,12,19
Slc25a45,4,5,6,5,1,2
Dpf2,6,9,19,4,10,10
Pola2,1,2,5,4,2,1
Capn1,7,7,18,7,8,12
Syvn1,1,0,6,4,5,1
Mrpl49,4,4,5,4,2,3
Fau,931,1172,2166,1012,1358,1572
Znhit2,2,7,6,6,4,5
Tm7sf2,0,0,1,0,1,0
Vps51,1,4,8,3,0,6
Zfpl1,1,3,4,2,4,3
Cdca5,0,0,1,0,0,0
Sac3d1,1,2,1,2,2,2
Snx15,0,3,2,6,0,3
Arl2,3,3,4,4,8,5
Batf2,0,0,0,0,0,1
Ppp2r5b,0,1,0,0,3,1
Atg2a,8,3,4,9,4,8
Ehd1,13,5,16,7,8,16
Cdc42bpg,0,0,0,0,1,1
Men1,2,3,0,4,5,4
Map4k2,1,7,11,6,6,6
Gm14966,0,0,1,0,1,1
Sf1,13,13,34,30,19,23
Pygm,0,0,1,0,0,0
Rasgrp2,6,8,25,6,9,15
Nrxn2,0,0,3,0,0,1
Gm14964,0,0,1,1,0,0
Rps6ka4,1,3,4,0,3,4
Ccdc88b,0,2,8,6,4,3
Prdx5,12,24,34,30,30,33
Trmt112,26,28,55,39,37,34
Esrra,1,1,4,4,5,5
Gpr137,0,0,3,0,3,1
Bad,1,4,10,2,0,6
Plcb3,1,3,0,0,2,1
Ppp1r14b,30,24,54,34,46,30
Fkbp2,3,7,10,8,13,14
Vegfb,2,2,7,3,0,1
Dnajc4,3,2,6,4,4,6
Nudt22,1,2,3,3,6,2
Trpt1,0,0,0,1,0,0
Fermt3,14,17,23,27,22,24
Stip1,8,14,38,9,11,24
Macrod1,0,2,6,4,3,2
Otub1,3,10,15,5,8,12
Cox8a,129,152,248,129,165,136
Naa40,0,5,3,1,1,2
Mark2,7,12,26,14,15,17
Gm17227,0,1,2,0,0,0
AI846148,1,1,0,1,2,2
2700081O15Rik,0,0,0,1,2,0
Rtn3,10,8,31,13,13,15
Atl3,4,0,10,8,3,2
Pla2g16,18,28,59,20,23,39
Slc3a2,35,42,89,73,44,68
Wdr74,5,4,5,6,7,4
Stx5a,3,8,25,11,12,11
Nxf1,13,12,37,19,28,12
Taf6l,9,16,26,9,8,17
Polr2g,8,13,29,15,10,15
Zbtb3,0,1,1,0,0,0
Ttc9c,4,0,6,2,4,10
Hnrnpul2,7,8,25,12,19,13
Gng3,0,0,2,3,0,0
Bscl2,8,8,15,9,21,11
Ubxn1,18,20,63,28,33,33
Uqcc3,6,9,17,12,16,14
Lbhd1,0,0,0,1,2,0
1810009A15Rik,2,2,1,1,0,0
Ints5,0,0,3,1,2,2
Ganab,6,5,13,2,6,7
B3gat3,5,8,16,7,4,7
Rom1,0,0,1,1,0,2
Eml3,0,0,2,3,4,2
Mta2,5,8,19,9,10,10
Tut1,3,3,1,2,2,1
Eef1g,112,122,259,138,147,120
Ahnak,22,43,90,61,75,30
Asrgl1,5,19,11,7,8,3
Incenp,1,2,3,4,0,4
Fth1,292,346,804,577,513,487
Rab3il1,0,0,2,8,3,1
Fads2,0,0,1,0,0,0
Fads1,0,0,2,2,1,3
Fen1,2,2,4,2,1,2
Tmem258,21,43,66,26,52,32
Myrf,2,0,2,1,1,0
Dagla,0,0,0,0,3,0
Syt7,0,0,1,0,0,0
Sdhaf2,5,2,8,6,5,6
Cpsf7,2,4,10,5,5,3
Tmem216,2,0,3,2,2,0
Tmem138,1,1,0,0,2,0
Tkfc,0,0,1,0,0,1
Ddb1,2,5,15,9,9,5
Vps37c,0,0,1,3,0,1
Cd5,11,28,25,16,14,13
Cd6,4,17,29,24,18,17
Slc15a3,0,0,1,3,1,1
Tmem132a,0,0,0,0,1,0
Tmem109,6,4,7,2,6,11
Prpf19,5,3,7,6,7,9
Ccdc86,2,2,7,6,1,1
AW112010,225,174,421,223,223,337
Ms4a1,1,0,0,0,0,0
Gm28935,1,2,5,3,6,5
Ms4a4a,0,0,0,0,1,0
Ms4a4c,7,3,4,7,4,3
Ms4a4b,224,240,454,235,293,294
Gm37387,2,1,6,5,1,5
Ms4a6c,4,7,19,8,8,6
Gm8369,47,72,51,14,29,41
Gm19261,0,0,2,0,1,4
Ms4a6b,88,140,188,117,117,133
Ms4a6d,1,1,3,6,4,5
Mrpl16,8,2,9,6,5,3
Stx3,0,0,2,0,0,0
Patl1,1,3,1,2,7,1
Osbp,4,7,13,3,4,0
Mpeg1,3,0,1,6,9,4
Dtx4,1,1,5,1,1,9
Fam111a,3,14,29,13,17,6
Zfp91,7,15,44,15,10,20
Lpxn,11,14,21,12,17,23
Olfr1444,0,0,0,0,0,1
Tle4,12,10,27,14,26,12
Psat1,2,2,16,3,3,0
Cep78,1,0,1,1,2,0
Gnaq,1,0,2,4,5,4
Vps13a,3,8,10,4,8,5
Gcnt1,0,0,2,2,3,1
Rfk,5,5,12,4,4,6
Ostf1,48,47,86,34,52,52
Nmrk1,13,1,8,17,4,28
Carnmt1,5,3,14,20,11,13
D030056L22Rik,4,7,22,13,13,7
Rorb,0,0,0,0,1,0
Anxa1,0,1,2,5,4,4
1500015L24Rik,0,0,1,0,0,0
Aldh1a1,0,0,0,0,0,2
Zfand5,6,16,47,36,33,13
1110059E24Rik,0,4,2,6,4,3
Abhd17b,2,3,16,10,3,4
Tmem2,0,1,3,3,1,1
2410080I02Rik,0,0,1,0,0,0
Klf9,2,11,19,9,12,10
Smc5,3,5,4,12,0,4
Gm9493,1,1,3,2,0,2
Gm6563,1,0,0,0,1,1
Ptar1,0,0,0,1,0,2
Gm9938,0,0,0,0,0,1
Apba1,0,0,0,0,0,1
Fam189a2,0,0,1,0,0,0
Tjp2,0,1,2,0,3,0
Fxn,1,2,5,1,2,2
Pip5k1b,1,1,5,2,2,2
Fam122a,3,0,6,7,1,6
Cbwd1,0,2,5,1,2,2
Dock8,9,9,29,10,13,16
Smarca2,8,12,25,6,17,10
Vldlr,0,0,6,0,0,0
Pum3,5,8,10,4,9,9
Rfx3,1,2,4,4,1,2
Glis3,0,0,0,0,1,0
4430402I18Rik,0,0,0,1,0,0
Plpp6,0,5,5,1,4,1
Cdc37l1,3,2,8,5,6,9
Ak3,0,1,10,1,8,3
1700018L02Rik,0,0,0,1,0,0
Rcl1,6,3,6,7,4,4
Jak2,11,6,11,5,7,8
Insl6,4,6,4,5,6,12
Plgrkt,9,10,29,20,22,16
Cd274,9,5,12,9,5,10
Pdcd1lg2,7,0,2,3,1,4
Ric1,5,7,9,3,1,2
Ermp1,1,2,5,5,3,4
9930021J03Rik,3,4,11,6,14,7
Ranbp6,0,0,1,2,3,0
Il33,0,1,11,1,1,1
Uhrf2,10,26,41,38,16,28
Cstf2t,2,3,4,3,3,1
Asah2,0,1,0,0,0,0
Sgms1,2,6,5,7,3,4
Rpl9-ps6,1,2,6,4,3,3
Minpp1,1,4,5,4,3,2
Papss2,1,0,1,0,0,0
Atad1,1,4,12,9,7,5
Pten,15,13,24,12,16,17
Rnls,0,0,0,0,1,0
Lipo1,0,0,3,0,1,0
Stambpl1,3,0,1,4,4,3
Acta2,1,0,0,0,0,0
Fas,2,2,4,1,3,3
Ch25h,0,0,1,0,1,0
Lipa,5,2,4,6,7,3
Ifit2,1,0,2,2,1,2
Ifit3,3,0,2,1,0,14
Ifit1bl1,0,1,5,0,2,6
Ifit3b,0,0,1,0,0,5
Ifit1,2,0,0,4,1,13
Pank1,1,3,1,1,1,1
Kif20b,0,1,4,1,0,2
A830019P07Rik,0,1,0,0,0,0
Rpp30,3,3,9,2,4,2
Pcgf5,7,2,10,6,4,8
Hectd2,1,0,0,1,0,0
Tnks2,11,12,31,7,17,12
Fgfbp3,4,3,2,1,0,0
Btaf1,5,3,9,2,5,2
Cpeb3,0,0,1,1,2,0
March5,8,10,15,13,9,12
Ide,3,5,10,10,5,7
Kif11,0,0,2,0,0,0
Hhex,0,0,4,10,4,1
Exoc6,3,0,6,2,4,4
Fra10ac1,1,1,8,3,6,5
Slc35g1,0,2,5,7,3,2
Noc3l,1,1,2,0,4,1
Tbc1d12,2,2,1,1,1,1
Hells,1,1,7,0,1,1
Pdlim1,7,5,14,3,12,6
Aldh18a1,3,4,9,2,4,3
Tctn3,0,0,0,0,1,3
Entpd1,2,1,10,8,9,14
Zfp518a,2,7,3,2,2,1
Blnk,0,0,3,3,4,2
Dntt,0,0,0,0,2,0
Opalin,0,0,12,0,0,0
Tm9sf3,8,23,40,27,35,14
Pik3ap1,0,1,1,0,1,0
Lcor,1,1,5,2,1,2
Gm340,0,0,0,0,0,1
AI606181,1,0,1,1,0,2
Arhgap19,0,0,1,0,1,0
Frat2,7,4,16,13,12,7
Rrp12,2,0,3,0,1,0
Pgam1,18,16,50,20,21,17
Exosc1,4,4,10,6,3,2
Zdhhc16,3,3,3,1,4,2
Mms19,2,1,4,6,4,5
Ubtd1,1,0,2,1,1,0
Morn4,0,0,2,0,0,0
Pi4k2a,7,12,5,2,5,5
Avpi1,3,8,11,6,3,1
Marveld1,3,4,4,0,4,3
Zfyve27,1,3,6,5,8,4
Crtac1,0,0,1,0,0,0
R3hcc1l,0,4,10,2,3,1
Hps1,1,0,5,2,2,6
Cnnm1,1,1,2,0,0,0
Got1,21,11,22,18,11,8
Slc25a28,3,6,5,9,3,5
Entpd7,0,1,2,0,0,0
Cox15,0,1,1,6,1,1
Cutc,1,0,2,2,6,3
Dnmbp,0,0,0,1,0,0
Erlin1,4,0,1,1,3,1
Chuk,6,1,1,2,3,8
Cwf19l1,0,0,1,0,1,2
Bloc1s2,5,5,7,9,8,11
Scd2,4,7,28,9,17,4
Scd1,1,0,0,0,0,0
Sec31b,0,0,0,1,0,0
Ndufb8,17,22,45,25,36,25
Hif1an,1,1,8,2,1,5
Fam178a,2,3,8,5,9,4
Sema4g,0,0,0,1,0,0
Mrpl43,5,8,9,14,14,11
Peo1,2,1,3,2,0,2
Lzts2,0,0,1,0,1,1
Sfxn3,2,7,8,5,3,6
Btrc,1,0,0,1,1,2
Poll,1,1,2,0,1,1
Dpcd,6,7,28,11,15,12
Fbxw4,6,3,11,3,4,6
Npm3,29,18,35,35,41,46
Mgea5,6,8,24,13,9,8
Kcnip2,0,0,0,1,1,0
9130011E15Rik,0,0,0,0,0,1
Hps6,0,0,1,1,1,1
Ldb1,8,9,16,13,7,18
Pprc1,0,1,2,2,3,2
Nolc1,2,7,15,4,21,9
Gbf1,4,4,10,7,6,7
Nfkb2,9,4,5,1,7,6
Psd,2,0,2,2,1,0
Fbxl15,1,1,2,4,1,0
Cuedc2,7,4,10,12,6,12
Tmem180,1,0,0,0,0,0
Actr1a,2,1,10,6,7,6
Sufu,1,2,0,3,0,4
Trim8,7,6,15,10,8,9
Arl3,3,2,8,2,2,7
Sfxn2,1,1,3,1,2,2
Wbp1l,1,2,4,7,7,7
Borcs7,1,3,3,1,8,0
As3mt,1,2,4,2,2,2
Cnnm2,0,0,1,0,1,0
Nt5c2,1,2,3,3,5,1
Pcgf6,2,4,2,4,6,0
Taf5,2,3,4,4,2,1
Usmg5,26,23,74,19,42,39
Pdcd11,2,3,10,3,8,9
Calhm2,1,1,5,3,1,5
Neurl1a,0,0,0,1,1,0
Sh3pxd2a,0,1,0,1,1,0
Obfc1,2,2,3,3,3,2
Gm19557,1,0,0,0,1,0
Slk,5,6,13,10,12,19
Sfr1,17,28,43,41,40,29
Cfap43,1,1,2,3,1,1
Gsto1,6,3,12,4,6,10
Gsto2,0,0,0,1,0,0
Xpnpep1,1,1,2,3,3,2
Add3,10,10,17,15,13,7
Mxi1,3,5,11,3,5,5
Smndc1,1,9,22,15,11,11
Mirt1,10,5,12,10,12,13
4833407H14Rik,1,1,4,0,0,1
Dusp5,59,61,116,57,70,91
Nutf2-ps1,0,0,0,0,0,1
Smc3,7,11,13,18,14,16
Pdcd4,41,71,126,40,91,81
Bbip1,4,7,19,7,11,12
Shoc2,2,2,5,6,7,4
Acsl5,5,7,14,6,10,7
Zdhhc6,2,3,6,4,3,0
Vti1a,0,0,2,2,6,3
Tcf7l2,0,0,0,1,2,0
Habp2,0,0,0,1,0,0
Casp7,4,0,1,0,3,0
Plekhs1,1,0,0,0,0,0
Dclre1a,0,1,2,1,2,1
Nhlrc2,3,2,5,2,2,1
Adrb1,1,2,3,2,5,2
Ccdc186,4,3,8,5,7,3
Ablim1,18,32,83,38,50,52
B230217O12Rik,0,0,1,0,0,0
Fam160b1,1,5,3,5,9,1
Trub1,2,5,2,5,4,2
Atrnl1,1,1,0,0,0,0
Gfra1,0,0,1,0,0,0
Shtn1,0,0,2,0,0,0
Pdzd8,5,5,11,10,8,5
Rps12-ps3,4,11,8,10,8,12
Rab11fip2,5,3,8,4,8,5
Fam204a,3,11,25,13,15,22
Cacul1,4,3,4,4,2,5
Nanos1,0,4,2,0,3,1
Eif3a,17,21,68,48,32,29
Fam45a,0,1,3,1,1,2
Sfxn4,0,1,0,0,1,0
Prdx3,10,10,22,11,8,14
Grk5,0,1,0,0,1,0
Zfp950,6,7,14,9,6,4
Csf2ra,9,1,7,4,7,3
mt-Nd1,440,437,1060,502,721,452
mt-Nd2,420,509,1290,603,782,577
mt-Co1,1503,1916,3342,1728,2190,2240
mt-Co2,1368,1721,3147,1674,2049,1564
mt-Atp8,13,17,59,15,54,21
mt-Atp6,2019,2581,4968,2772,2997,2335
mt-Co3,1816,2470,4464,2527,2788,2497
mt-Nd3,221,149,564,118,360,218
mt-Nd4l,45,29,90,36,68,25
mt-Nd4,435,523,1135,702,758,808
mt-Nd5,69,117,224,132,146,92
mt-Nd6,6,6,11,6,14,7
mt-Cytb,653,851,1810,1072,1214,962
Vamp7,4,4,7,6,4,6
Tmlhe,0,0,0,0,2,0
Csprs,2,2,2,0,0,1
AC125149.3,2,1,0,1,0,0
AC168977.2,0,1,0,1,1,0
PISD,26,35,39,23,56,39
DHRSX,8,3,11,4,5,5
CAAA01147332.1,1,0,1,0,0,0
