,0,1,2,3,4,5
Xkr4,18,15,22,23,28,20
Gm37323,0,0,0,1,0,0
Mrpl15,33,22,68,55,55,55
Lypla1,26,11,36,23,29,24
Tcea1,71,36,108,83,120,93
Rgs20,16,14,23,10,19,26
Gm16041,0,0,0,0,0,1
Atp6v1h,61,49,101,108,79,88
Rb1cc1,68,53,131,160,148,91
4732440D04Rik,5,6,8,9,9,8
St18,6,0,4,49,35,3
Pcmtd1,100,58,118,132,120,96
Gm26901,7,1,7,10,8,1
Sntg1,49,30,67,65,57,30
Rrs1,27,10,33,52,42,46
Adhfe1,9,5,11,4,5,6
3110035E14Rik,325,188,566,314,379,312
Mybl1,3,5,8,6,13,6
Vcpip1,61,32,80,68,67,50
1700034P13Rik,0,0,1,2,0,0
Sgk3,30,24,31,33,40,35
Mcmdc2,2,0,3,3,1,2
Snhg6,34,22,45,50,58,33
Tcf24,0,0,1,0,1,1
Ppp1r42,0,1,0,0,0,0
Cops5,81,46,110,149,112,85
Cspp1,62,28,65,73,69,42
Arfgef1,37,28,61,86,57,61
Prex2,2,7,8,4,5,3
A830018L16Rik,1,0,1,1,1,2
Sulf1,27,19,50,27,29,23
Slco5a1,3,1,6,6,3,5
Ncoa2,78,48,82,65,74,62
Tram1,63,42,90,64,65,85
Lactb2,7,7,8,13,8,9
Eya1,51,43,97,56,76,63
Kcnb2,21,17,25,15,20,16
Terf1,30,15,29,36,21,26
Sbspon,0,0,1,0,0,0
4930444P10Rik,0,0,3,1,0,1
Rpl7,258,208,385,432,312,307
Rdh10,12,7,24,10,20,15
Stau2,42,26,69,42,42,52
Gm7568,0,0,0,0,1,0
Ube2w,41,21,51,49,56,50
Tceb1,92,60,149,112,123,109
Tmem70,28,17,46,40,42,37
Ly96,6,2,12,7,10,5
Jph1,3,0,2,11,6,1
Gdap1,48,53,72,50,61,54
Crispld1,0,0,0,0,2,0
Mcm3,11,6,15,8,17,1
6720483E21Rik,0,0,1,1,1,0
Paqr8,32,17,44,27,40,24
Efhc1,0,0,0,2,0,0
Tram2,3,3,2,4,2,1
Tmem14a,24,18,60,46,36,45
Gsta3,3,0,1,5,3,2
Gm28836,0,0,0,1,0,0
Khdc1b,0,0,0,0,1,0
Kcnq5,6,2,13,5,13,4
Rims1,17,12,21,22,17,15
Gm27028,1,0,0,0,0,0
Gm29107,0,6,5,5,0,1
Ogfrl1,38,37,63,57,53,56
B3gat2,115,51,173,73,109,101
Smap1,77,70,109,101,131,114
Sdhaf4,46,44,66,36,39,51
Fam135a,25,12,44,32,38,14
Col9a1,2,0,2,3,12,4
Lmbrd1,134,92,183,155,155,121
Adgrb3,74,28,83,88,97,56
Gm9898,0,0,0,0,1,0
Phf3,103,50,155,165,144,110
Ptp4a1,127,74,184,240,146,96
Khdrbs2,81,41,96,68,76,84
Gm5415,0,1,0,1,2,0
Gm37724,0,0,1,0,0,0
Prim2,22,10,29,21,27,19
Rab23,31,15,42,51,29,27
Bag2,14,3,14,11,6,12
Zfp451,68,47,91,98,89,72
Bend6,29,6,16,26,36,20
Dst,236,146,304,377,252,207
Gm37233,0,0,2,1,2,0
Ccdc115,27,24,35,36,42,29
Imp4,36,17,35,42,32,30
Ptpn18,3,7,1,20,6,5
Amer3,0,0,1,0,0,0
Arhgef4,17,9,24,25,26,15
Gm38336,0,0,1,2,0,0
Fam168b,66,28,79,75,69,45
Plekhb2,30,14,34,41,38,31
1110002O04Rik,1,0,0,0,0,0
Hs6st1,14,13,22,24,22,17
Gm33280,1,0,0,0,0,0
Uggt1,44,19,62,38,48,33
Neurl3,7,1,4,12,8,0
Arid5a,14,10,16,10,15,4
4930403P22Rik,1,1,1,1,0,0
Kansl3,37,19,54,47,44,52
Lman2l,41,26,67,50,49,57
Cnnm4,10,8,13,5,7,3
Cnnm3,36,30,62,28,44,43
Ankrd23,0,1,0,0,0,0
Ankrd39,19,11,16,33,24,14
Sema4c,12,6,6,18,8,11
Fam178b,1,0,0,0,0,0
Cox5b,229,182,397,310,364,318
Actr1b,54,39,61,49,68,36
4933424G06Rik,1,0,1,0,0,0
Tmem131,28,15,40,40,33,41
Vwa3b,0,0,0,1,0,1
Inpp4a,40,17,46,43,61,36
Coa5,16,6,25,32,35,17
Unc50,74,47,96,129,95,58
Mgat4a,40,25,40,35,40,32
2010300C02Rik,7,6,10,6,11,7
Tsga10,15,10,21,17,10,10
Lipt1,1,2,3,2,5,0
Mitd1,16,14,30,18,25,21
Mrpl30,65,42,76,90,79,97
Txndc9,67,60,93,108,117,118
Eif5b,126,71,175,155,153,116
Rev1,26,17,47,34,52,40
Aff3,5,5,10,2,3,3
Gm16152,1,0,2,2,1,5
Lonrf2,23,10,47,26,35,21
Chst10,25,9,39,16,30,30
Pdcl3,44,22,64,75,46,52
Npas2,2,1,0,0,0,1
Rpl31,180,112,286,196,267,186
Tbc1d8,6,4,10,14,19,13
Cnot11,20,17,29,26,16,28
Rnf149,23,18,35,37,33,30
Creg2,77,44,126,74,92,69
D930019O06Rik,0,0,1,0,0,0
Rfx8,0,0,0,1,2,0
Map4k4,223,144,343,411,339,282
Il1r2,0,0,1,0,0,0
Gm16894,6,1,3,2,1,5
Il1r1,1,0,1,1,2,0
Il1rl2,0,0,0,0,1,0
Slc9a2,2,0,1,1,2,1
Mfsd9,2,3,6,3,2,2
Gm9915,0,0,1,0,2,0
Pantr1,67,47,96,62,96,91
Pou3f3,180,139,291,185,239,185
Dalir,2,0,0,0,0,0
Mrps9,19,13,36,27,41,28
Gpr45,32,16,34,24,43,30
Tgfbrap1,32,20,52,35,47,21
Gm28782,6,1,9,2,6,6
8430432A02Rik,2,1,2,0,0,3
AI597479,13,9,26,14,20,14
Fhl2,2,5,6,7,4,4
Nck2,7,6,19,5,7,8
1500015O10Rik,24,10,8,1,2,15
Gm29155,0,0,1,0,0,1
Uxs1,30,13,36,31,31,38
Tpp2,39,23,61,56,49,53
Mettl21c,1,0,1,1,0,1
Tex30,9,2,7,17,22,6
Kdelc1,12,7,14,19,18,15
Bivm,9,8,24,15,13,7
Ercc5,23,12,40,38,37,23
Gulp1,1,2,7,2,6,3
Col5a2,1,0,0,0,0,0
Wdr75,19,16,29,24,23,10
Slc40a1,3,3,5,6,5,6
Dnah7b,9,9,20,8,9,6
Dnah7c,0,0,0,1,1,0
Slc39a10,34,36,66,41,54,45
Gm28151,4,3,7,2,2,1
Tmeff2,107,50,124,401,190,95
Gm28322,0,0,1,0,0,0
Gm29325,2,1,1,10,2,1
9330175M20Rik,1,0,0,1,0,0
Sdpr,1,2,4,3,6,1
Nabp1,4,4,7,9,7,4
Myo1b,8,6,7,10,5,4
Stat1,26,22,48,29,30,68
Gls,81,57,114,122,98,51
Nab1,16,15,30,37,20,26
Gm553,0,0,1,0,0,0
Tmem194b,11,4,8,6,13,7
Mfsd6,49,41,68,64,46,62
Inpp1,12,15,35,17,19,25
Hibch,19,18,25,35,30,24
1700019D03Rik,21,20,42,31,38,28
1700019A02Rik,0,1,0,0,0,0
Pms1,13,8,14,12,16,7
Ormdl1,22,14,28,42,36,25
Osgepl1,19,4,24,24,23,13
Gm28551,0,0,2,1,1,0
Asnsd1,14,6,33,18,25,25
Dnah7a,2,3,5,0,0,2
Stk17b,1,5,9,12,13,8
Hecw2,26,15,27,22,31,18
Ccdc150,0,0,0,1,0,0
Gtf3c3,24,18,22,26,33,23
Pgap1,45,24,49,52,54,32
Ankrd44,30,27,86,91,90,69
4930444A19Rik,0,0,0,0,1,0
Sf3b1,172,125,267,243,256,193
Coq10b,59,27,98,94,112,47
Hspd1,112,55,166,143,141,129
Hspe1,201,120,338,304,275,267
Mob4,72,58,117,109,95,97
Rftn2,55,40,88,61,83,71
Gm10561,4,6,10,5,13,17
Mars2,11,7,17,18,25,9
Boll,0,0,1,0,0,1
Plcl1,21,14,21,88,42,14
Satb2,0,0,1,0,0,0
1700066M21Rik,45,19,52,54,58,55
Tyw5,22,12,38,22,37,15
9430016H08Rik,21,12,36,29,41,22
Spats2l,52,44,75,54,67,57
Kctd18,11,14,18,23,24,16
Sgol2a,3,2,1,3,0,2
Aox1,1,3,3,1,1,2
Bzw1,109,61,153,172,153,111
Clk1,204,101,260,296,300,182
Ppil3,15,11,14,28,32,33
Nif3l1,19,10,27,21,23,21
Orc2,18,12,34,27,28,16
Gm15834,0,0,0,2,0,1
Fam126b,51,35,78,66,73,49
Ndufb3,142,115,210,166,161,136
Cflar,13,21,28,24,35,24
Casp8,2,6,0,7,8,3
Trak2,9,4,15,17,13,9
Stradb,19,7,22,24,16,14
Tmem237,21,21,44,46,49,36
G730003C15Rik,1,0,1,3,0,2
Mpp4,0,0,0,0,0,1
Als2,2,2,7,4,7,3
Fzd7,5,10,2,3,5,5
Gm973,0,0,0,0,2,1
Sumo1,100,56,146,134,129,132
Nop58,35,25,56,55,55,42
Bmpr2,96,59,137,98,111,71
Fam117b,35,30,47,39,48,36
Ica1l,6,2,9,6,9,2
Wdr12,31,22,43,38,36,32
Carf,20,18,24,27,22,19
Nbeal1,47,25,77,65,64,44
Cyp20a1,19,17,30,57,40,46
Abi2,131,80,185,129,145,110
Raph1,89,40,108,105,115,96
Cd28,0,0,0,0,0,1
Icos,0,0,1,0,0,0
Pard3b,7,5,7,4,4,2
Nrp2,25,23,36,35,32,29
Gm29083,3,6,6,4,2,7
Ino80d,70,32,102,69,99,52
Ino80dos,10,9,15,21,8,3
Gm20342,37,25,46,54,49,51
Ndufs1,52,25,83,71,89,62
Eef1b2,148,105,200,251,178,167
Adam23,52,29,71,74,60,26
Fastkd2,9,3,15,13,11,8
Klf7,86,64,135,218,160,120
Gm26649,1,3,3,3,1,0
Creb1,50,49,69,55,44,45
Mettl21a,8,9,21,12,15,21
Ccnyl1,10,3,2,25,12,4
Fzd5,1,1,3,4,2,2
Plekhm3,14,8,28,33,25,18
D630023F18Rik,2,0,1,1,2,1
Idh1,50,42,83,80,105,72
Pikfyve,20,30,35,49,38,23
Map2,211,136,341,264,318,197
Gm10558,1,0,2,2,0,0
Unc80,56,41,107,67,108,74
Rpe,34,21,57,39,36,41
Kansl1l,28,18,46,37,40,28
Acadl,52,30,58,62,62,65
Lancl1,43,20,42,51,48,44
Erbb4,71,56,115,99,102,59
Ikzf2,50,42,75,54,65,63
Bard1,2,1,2,3,1,1
Atic,32,21,37,37,54,40
Fn1,5,1,8,3,4,4
Mreg,0,0,2,1,1,0
D230017M19Rik,10,5,6,5,10,6
Pecr,8,1,10,9,16,7
Tmem169,10,7,12,8,11,14
Xrcc5,23,17,31,30,28,22
March4,0,0,2,0,0,0
Smarcal1,13,8,17,4,16,17
Rpl37a,540,356,706,452,792,571
Igfbp2,30,19,48,9,23,27
Igfbp5,22,16,25,3,13,9
6030407O03Rik,13,7,21,15,26,12
Tns1,8,7,20,20,18,14
Rufy4,0,0,0,0,1,0
Arpc2,132,76,172,193,184,180
Aamp,89,56,132,117,136,105
Pnkd,105,65,120,122,124,99
Tmbim1,42,18,56,152,89,34
Catip,0,0,0,3,1,0
Slc11a1,3,5,3,7,3,3
Ctdsp1,27,17,40,27,46,27
Usp37,39,17,40,24,35,29
Rqcd1,21,6,21,15,22,13
Plcd4,3,9,6,2,3,2
Zfp142,28,17,29,33,29,15
Bcs1l,25,8,29,13,19,26
Rnf25,12,13,18,17,16,17
Stk36,2,2,2,1,5,0
Ttll4,6,6,13,8,17,8
Cyp27a1,4,3,9,35,18,5
Wnt10a,3,0,0,0,1,0
Cdk5r2,21,11,18,18,12,19
Ihh,0,0,0,1,0,0
Nhej1,1,2,2,4,6,4
Cnppd1,21,12,33,50,39,36
Fam134a,52,38,86,66,84,93
Zfand2b,18,14,20,30,10,27
Abcb6,5,2,2,11,12,3
Atg9a,60,35,81,46,67,59
Ankzf1,9,4,9,19,18,11
Glb1l,1,1,3,1,5,2
Stk16,28,22,45,61,54,45
Tuba4a,5,4,1,1,4,3
Dnajb2,43,15,50,137,70,41
Ptprn,128,90,159,64,86,179
Gm28294,0,1,0,0,0,0
Resp18,3,5,5,1,1,7
Dnpep,29,18,41,29,33,47
Des,3,0,1,1,1,1
Speg,12,6,19,10,16,6
Gmppa,7,13,16,22,20,22
Asic4,21,19,62,29,40,37
Chpf,33,23,49,30,51,37
Obsl1,11,7,17,10,27,21
Tmem198,15,9,24,11,17,8
Inha,5,8,10,4,10,1
Stk11ip,8,2,6,10,10,6
Slc4a3,34,18,46,31,36,26
Epha4,18,15,27,61,50,27
Sgpp2,0,1,0,0,1,0
Farsb,26,21,43,28,34,33
BC035947,1,0,1,0,2,0
Mogat1,1,0,4,1,3,1
Acsl3,78,72,136,164,130,108
Utp14b,22,11,45,64,53,17
Kcne4,4,0,0,9,3,0
Scg2,2,0,0,0,2,0
Wdfy1,42,45,26,79,97,10
Mrpl44,19,11,31,24,32,28
Serpine2,967,636,1562,820,1174,1195
Cul3,61,36,78,92,116,62
Dock10,92,64,105,205,114,75
Nyap2,9,6,2,2,1,4
Irs1,23,19,20,23,34,17
Rhbdd1,3,7,9,14,10,6
Gm28940,0,0,0,0,1,0
Col4a4,1,3,2,2,3,4
Col4a3,0,0,4,0,0,1
Mff,124,79,172,164,192,154
Agfg1,75,56,133,87,96,109
Krtap28-13,0,0,0,0,1,0
Sphkap,3,0,1,1,0,0
Pid1,213,113,314,192,257,273
Dner,188,104,245,143,190,183
Trip12,77,49,101,129,93,71
Fbxo36,5,1,3,13,7,4
Slc16a14,3,2,3,2,2,3
C130026I21Rik,0,1,0,1,0,0
A530032D15Rik,0,0,0,1,0,0
Sp110,0,1,2,5,3,0
Sp140,1,0,0,0,1,0
Sp100,0,0,0,0,0,1
A630001G21Rik,2,1,0,4,4,1
Cab39,81,56,118,113,136,69
Itm2c,262,167,422,275,276,472
4933407L21Rik,2,1,2,1,2,3
Gpr55,0,0,0,0,1,0
Spata3,0,0,1,1,1,0
2810459M11Rik,19,8,37,16,20,24
Psmd1,64,47,83,98,74,78
Armc9,5,9,19,9,11,13
B3gnt7,12,9,28,14,21,24
Gm28626,2,4,4,2,2,2
Ncl,144,84,248,242,255,202
Ptma,726,464,1112,1862,1205,982
Pde6d,63,31,71,155,74,69
Cops7b,19,11,22,25,16,14
Nppc,1,1,2,2,2,1
Dis3l2,14,5,25,28,20,29
Eif4e2,40,17,46,57,54,45
Efhd1,11,0,8,30,15,4
Gigyf2,49,36,76,80,84,54
Kcnj13,4,4,6,0,1,7
3110079O15Rik,0,2,2,1,0,0
Ngef,12,6,9,5,7,7
Inpp5d,3,3,6,17,19,6
Atg16l1,19,18,28,37,20,19
Sag,3,0,4,5,11,3
Dgkd,28,19,30,19,30,19
Usp40,48,25,63,55,71,59
Ugt1a7c,0,0,0,1,0,0
Dnajb3,2,1,7,1,0,7
Mroh2a,0,0,1,0,0,0
Hjurp,70,36,91,65,61,61
Gm29538,3,0,0,0,0,0
Glrp1,0,0,0,2,1,0
Arl4c,25,22,47,48,56,28
Platr5,0,0,0,4,0,0
Sh3bp4,162,116,293,154,233,298
Gm28342,0,0,1,0,0,0
Agap1,144,89,204,217,187,187
Asb18,0,0,1,2,2,0
Ackr3,51,34,73,27,59,60
Gm28723,0,0,1,0,0,1
Cops8,61,43,68,92,76,67
Col6a3,0,0,0,2,0,3
Mlph,7,1,4,2,3,2
Lrrfip1,64,35,85,47,64,35
Ramp1,283,182,508,183,275,403
Ube2f,27,13,32,34,41,45
Scly,9,5,21,14,16,10
Ilkap,61,29,63,65,49,58
Hes6,39,18,41,41,31,36
Per2,14,10,28,23,31,14
Traf3ip1,9,8,19,8,7,7
Asb1,12,5,16,14,14,17
Gm29100,0,0,0,0,1,0
Hdac4,22,24,45,25,37,30
Gm26720,1,0,4,2,7,1
Ndufa10,67,40,105,117,123,102
Myeov2,106,61,155,139,143,168
Otos,13,6,30,13,13,12
Gpc1,57,46,80,67,86,75
Ankmy1,0,0,0,0,1,0
Dusp28,5,4,5,12,7,11
5033417F24Rik,2,1,3,1,0,3
Rnpepl1,42,22,72,72,73,66
9430060I03Rik,2,0,3,1,1,0
Capn10,19,19,26,29,28,13
Gpr35,1,0,0,0,0,0
Kif1a,126,94,201,160,168,153
Sned1,8,5,10,4,9,9
Mterf4,16,5,23,22,19,16
Gm28535,0,0,0,1,0,0
Pask,1,1,2,2,1,0
Ppp1r7,43,24,65,55,53,52
Hdlbp,28,26,57,65,47,40
Sept2,129,71,166,177,191,127
Farp2,6,4,3,6,8,6
Stk25,37,29,74,72,68,59
Bok,5,3,24,9,10,11
Thap4,12,10,18,18,24,16
Atg4b,22,20,31,24,29,17
Dtymk,59,33,58,56,67,48
Ing5,7,2,7,16,8,4
D2hgdh,2,3,15,6,6,5
Neu4,364,234,579,346,530,366
Pdcd1,0,1,0,0,0,0
Fam174a,46,40,56,122,68,49
St8sia4,12,7,13,18,18,15
Panct2,0,0,1,0,0,0
D1Ertd622e,10,6,30,52,32,14
Ppip5k2,24,11,15,30,19,15
Gin1,32,13,45,34,46,30
Pam,36,23,60,28,47,38
Gm7967,1,0,2,0,3,1
Cntnap5b,4,1,4,1,1,1
Cdh20,43,24,54,33,40,37
Rnf152,13,10,12,9,10,10
Pign,18,9,16,28,26,10
2310035C23Rik,60,29,48,52,49,40
Tnfrsf11a,1,0,0,3,2,0
Gm7160,0,0,0,2,2,0
Zcchc2,5,6,23,17,14,9
Phlpp1,134,76,153,192,159,99
Bcl2,28,30,48,29,49,51
Kdsr,32,16,49,31,69,30
Vps4b,28,11,40,54,51,29
Serpinb8,1,0,0,0,0,0
Cdh7,1,1,2,4,3,1
Cdh19,25,22,32,30,38,14
Dsel,27,10,21,19,23,12
9330185C12Rik,0,0,0,0,0,2
Cntnap5a,1,1,1,0,0,1
Tsn,114,51,177,158,113,163
Nifk,32,18,44,47,46,44
Clasp1,56,33,62,56,51,46
2900060B14Rik,6,7,8,9,5,13
Tfcp2l1,0,0,1,0,0,0
Gli2,0,0,0,0,1,0
Gm29455,4,3,4,1,1,3
Inhbb,26,14,37,20,37,24
Ralb,29,16,31,29,32,17
Gm27184,2,0,1,0,2,0
Tmem185b,15,7,12,11,12,12
Epb41l5,12,8,19,20,23,11
Ptpn4,63,46,91,64,60,44
Tmem177,5,7,7,11,10,14
Cfap221,0,0,0,0,1,0
Tmem37,0,3,1,10,6,5
Dbi,2112,1646,3238,1439,1892,2652
3110009E18Rik,10,6,15,14,13,9
Steap3,0,0,3,3,1,2
C1ql2,48,44,81,60,55,59
En1,0,2,1,4,7,7
Celrr,4,1,4,2,4,8
Insig2,35,20,53,45,35,39
Ccdc93,13,9,22,22,13,19
Ddx18,80,36,94,61,68,66
Dpp10,50,32,70,36,65,31
Actr3,81,58,111,113,96,79
Slc35f5,21,10,25,32,23,24
Lypd1,28,23,70,24,43,41
Nckap5,49,37,98,86,91,73
Mgat5,31,14,28,33,27,18
Tmem163,86,59,159,201,199,158
2900009J06Rik,3,1,4,0,1,4
Ccnt2,91,65,124,110,143,141
Map3k19,0,0,0,0,1,0
Rab3gap1,40,17,40,40,51,27
Zranb3,3,2,3,3,3,0
R3hdm1,140,59,165,228,171,136
Ubxn4,81,52,118,103,125,105
Lct,0,0,1,0,0,0
Mcm6,20,5,15,9,11,3
Dars,60,46,82,70,66,64
Cxcr4,1,3,3,2,1,1
Gm26686,0,0,0,0,1,0
Thsd7b,10,3,13,10,12,7
Gm15675,0,0,1,0,0,0
Cd55,4,1,2,1,5,2
Gm16083,2,0,1,0,2,0
Gm29427,0,0,1,1,1,0
Pfkfb2,10,5,14,14,10,10
Yod1,31,25,49,43,66,42
AA986860,1,0,2,4,2,0
Fcmr,0,0,0,0,1,0
Mapkapk2,29,23,47,34,39,26
Dyrk3,2,1,1,0,1,1
Eif2d,14,14,30,19,28,20
Rassf5,1,2,4,5,2,0
Ikbke,1,0,3,1,1,0
Gm28913,0,0,0,0,1,0
Srgap2,36,27,44,62,54,22
Fam72a,4,0,4,0,5,1
Rab7b,2,0,3,26,1,1
Pm20d1,0,0,0,0,0,2
Slc41a1,24,13,33,27,36,28
Rab29,1,0,7,4,4,3
Nucks1,154,76,191,168,174,123
Slc45a3,0,0,0,2,1,0
Elk4,14,17,38,26,36,17
Mfsd4,16,14,16,11,10,6
Cdk18,1,7,14,19,34,7
Lemd1,3,0,2,2,1,0
Klhdc8a,0,0,0,6,2,0
Nuak2,1,2,1,6,1,1
Tmcc2,31,18,36,64,53,28
Dstyk,49,34,80,70,82,40
Rbbp5,23,12,29,17,32,19
Tmem81,0,1,5,5,2,0
Cntn2,22,2,16,67,27,11
Nfasc,159,105,290,1033,756,299
Gm10538,0,0,0,0,1,0
Lrrn2,82,52,136,53,96,99
Mdm4,59,28,71,98,75,34
Pik3c2b,15,16,19,24,25,11
Ppp1r15b,46,31,68,66,68,45
Plekha6,23,11,31,24,20,24
Etnk2,3,2,0,3,0,0
Sox13,6,1,12,11,18,10
Snrpe,115,87,158,109,141,139
Zc3h11a,16,11,45,22,27,18
Gm38394,5,1,3,6,10,1
Atp2b4,17,12,23,14,26,9
Optc,0,1,3,0,0,1
Prelp,0,6,5,1,0,0
Fmod,0,1,1,0,0,0
Btg2,83,64,127,255,141,84
Chil1,7,5,9,7,12,9
Mybph,2,0,1,0,1,0
Adora1,151,113,214,109,176,184
Ppfia4,6,5,2,19,9,9
Tmem183a,29,24,40,30,42,38
Cyb5r1,3,1,0,7,8,4
Adipor1,35,18,41,62,59,50
Klhl12,23,15,24,29,30,13
Rabif,15,10,23,27,27,14
Kdm5b,40,32,72,63,57,66
Syt2,0,0,1,0,0,0
Ppp1r12b,19,8,23,17,33,18
Ube2t,1,0,0,0,0,0
Lgr6,0,0,1,0,1,0
Arl8a,150,109,215,183,196,193
Gm15445,1,0,2,1,3,1
Gpr37l1,759,527,1152,675,718,1009
Rnpep,48,23,64,68,74,56
Timm17a,57,27,65,85,72,43
Shisa4,181,80,229,440,265,226
Ipo9,22,19,27,29,26,29
Nav1,366,262,593,433,536,381
Gm4793,1,0,0,1,1,1
Gm38399,21,12,26,15,27,29
Csrp1,89,86,160,327,185,119
Phlda3,64,33,85,173,98,65
Tnni1,2,0,1,66,16,1
Lad1,22,20,36,18,25,32
Tnnt2,0,0,0,5,2,1
Igfn1,1,0,0,0,0,0
Tmem9,44,33,69,45,73,84
Cacna1s,1,0,0,2,0,1
Kif21b,70,45,118,99,74,61
Mroh3,4,1,9,6,6,4
5730559C18Rik,79,39,108,79,80,108
Gm26568,0,0,1,0,1,0
Gm37552,0,0,0,0,0,1
Gm26781,0,0,2,0,1,0
Gpr25,0,0,0,0,1,0
Camsap2,47,29,77,75,85,61
Ddx59,7,4,10,19,11,12
Platr23,0,0,1,0,0,0
Zfp281,47,26,59,74,81,53
Gm19705,9,1,4,6,7,4
Nr5a2,1,0,0,0,0,0
A430106G13Rik,2,0,3,10,3,13
Ptprc,2,3,2,18,9,2
Nek7,35,33,67,52,41,36
Lhx9,0,0,0,0,1,0
2310009B15Rik,15,6,32,18,32,19
Dennd1b,30,20,43,46,30,25
Crb1,1,0,0,0,0,1
Zbtb41,29,15,36,21,25,15
Aspm,0,0,1,0,1,0
Cfh,4,5,3,17,13,4
Kcnt2,2,0,8,8,10,4
Cdc73,45,28,68,66,64,36
B3galt2,17,18,30,15,31,13
Glrx2,66,38,83,63,74,68
Trove2,78,56,119,118,125,86
Uchl5,17,11,24,21,19,19
Rgs2,14,12,15,47,38,18
Rgs1,0,2,1,6,4,6
Gm29514,15,6,17,9,19,25
Brinp3,230,142,366,191,329,229
Pla2g4a,5,7,9,19,10,6
Ptgs2,1,0,0,0,0,1
BC003331,35,21,50,58,40,37
Tpr,111,61,136,129,152,100
Hmcn1,0,0,0,1,1,0
Gm10138,5,4,6,7,5,11
Ivns1abp,36,34,47,67,70,42
Swt1,48,31,56,72,57,51
Trmt1l,26,29,46,37,47,44
Rnf2,19,21,34,32,28,22
Fam129a,0,1,0,2,0,0
2810414N06Rik,2,1,7,1,2,3
Edem3,19,12,23,10,23,14
1700025G04Rik,103,54,147,91,155,103
Tsen15,33,15,41,23,30,28
Colgalt2,3,3,5,2,2,4
Rgl1,6,12,5,6,5,2
Arpc5,97,67,138,172,124,128
Ncf2,2,6,3,14,11,4
Smg7,50,31,62,49,71,34
Nmnat2,95,73,161,56,113,87
Lamc1,42,48,108,43,81,69
Shcbp1l,0,0,4,3,2,0
Dhx9,56,25,80,88,88,41
Npl,0,2,2,6,5,0
Rgs16,0,2,5,0,12,10
Rnasel,0,0,0,2,0,0
Teddm2,1,0,0,0,4,0
Glul,100,135,201,211,190,165
Cacna1e,24,21,48,26,31,26
Ier5,64,33,64,161,119,26
Mr1,0,3,3,2,2,1
Stx6,63,39,98,116,84,55
BC034090,4,1,4,6,6,3
Xpr1,121,93,187,113,162,143
Gm5532,0,0,1,0,0,0
Acbd6,53,32,72,61,61,66
Qsox1,19,12,35,24,37,26
Cep350,26,29,56,65,45,33
Tor1aip1,56,46,91,76,81,56
Tor1aip2,66,33,85,77,87,55
Fam163a,5,0,1,6,9,0
Gm2000,7,5,1,6,6,2
Soat1,58,44,110,43,92,59
Gm10031,1,1,4,2,1,2
Abl2,23,15,41,27,33,22
Tor3a,10,4,14,7,16,20
Fam20b,22,22,31,34,34,22
Ralgps2,53,33,83,41,69,51
Angptl1,68,70,160,54,124,131
Rasal2,36,26,37,49,51,42
BC026585,11,3,9,9,12,8
Sec16b,0,0,1,0,0,0
Brinp2,40,14,43,32,50,36
Astn1,121,91,167,101,134,87
Rfwd2,52,31,80,88,69,58
Tnr,803,657,1336,1005,1248,953
Gm38039,13,6,39,15,31,4
4930523C07Rik,2,2,4,3,1,1
4930562F07Rik,0,0,1,0,0,1
Mrps14,95,46,103,97,95,95
Cacybp,100,63,166,117,92,185
Rabgap1l,74,50,109,116,119,61
Gm36975,1,0,0,2,0,0
Rc3h1,46,13,57,50,62,42
Serpinc1,2,0,3,3,1,1
Zbtb37,32,20,57,40,43,21
Gm37362,0,0,0,1,0,0
Dars2,4,5,11,9,6,10
Gm37634,0,0,1,0,0,0
Cenpl,6,4,4,3,4,2
Klhl20,10,11,24,23,15,9
Ankrd45,0,0,0,0,1,1
Prdx6,128,109,204,182,152,180
Tnfsf18,0,0,0,0,1,0
Suco,27,17,29,58,42,34
4930558K02Rik,0,0,1,0,1,0
Pigc,18,16,19,27,25,19
Gm38304,1,0,0,0,0,0
Dnm3,204,111,273,293,257,222
2810442N19Rik,0,0,1,0,1,0
Dnm3os,5,2,4,4,6,2
Mettl13,8,7,13,15,11,5
Vamp4,43,35,70,62,58,67
Prrc2c,154,97,237,281,239,169
Fmo1,0,2,0,2,1,0
Fmo2,0,0,0,1,0,0
Prrx1,73,52,97,98,86,92
Gm26523,12,10,21,9,13,18
Gorab,8,9,21,14,25,20
Mettl11b,0,0,1,0,0,0
Kifap3,106,74,162,105,159,135
Scyl3,9,5,24,14,11,6
BC055324,0,2,2,1,2,1
Mettl18,4,2,6,6,0,2
Sell,0,2,0,0,0,0
F5,0,0,0,1,0,0
Slc19a2,4,4,9,5,7,2
Ccdc181,8,8,9,9,6,9
Blzf1,18,13,31,21,15,18
Nme7,6,4,8,8,13,8
Atp1b1,55,45,98,63,64,77
Sft2d2,12,10,11,25,16,2
Tiprl,40,21,46,68,69,57
Gpr161,6,10,24,13,13,10
Dcaf6,13,8,33,22,23,16
Mpc2,149,88,205,226,181,177
Adcy10,2,4,2,3,2,2
Mpzl1,142,114,255,401,380,239
Rcsd1,4,1,1,7,9,1
Creg1,61,40,56,52,55,56
Pou2f1,37,21,80,55,44,32
Ildr2,4,5,9,3,1,2
Gm15853,4,2,2,2,2,3
Tada1,38,18,45,53,59,52
Pogk,27,25,55,34,39,28
Gm16701-1,0,0,0,0,0,1
Fam78b,1,4,7,3,1,5
Uck2,4,5,10,11,5,10
Tmco1,77,44,134,114,116,112
Aldh9a1,20,12,38,34,38,25
Mgst3,33,30,56,35,39,33
Rxrg,7,3,15,3,15,7
Pbx1,166,106,301,176,195,193
Nuf2,1,0,0,0,0,0
Rgs5,0,0,0,1,2,0
Rgs4,1,1,3,3,3,5
Ccdc190,2,5,5,3,2,3
Hsd17b7,9,10,25,34,26,15
3110045C21Rik,4,0,3,4,1,3
Ddr2,6,3,7,11,1,2
Uap1,22,12,28,33,28,23
Uhmk1,20,12,26,27,34,25
Gm7694,1,5,2,2,8,2
Nos1ap,10,8,16,13,16,9
Olfml2b,1,0,6,11,5,1
Atf6,34,25,36,33,40,23
Dusp12,19,9,20,26,17,13
Gm26620,0,1,1,0,0,0
Fcrla,1,0,0,0,0,0
Fcgr2b,3,2,1,12,4,8
Fcgr4,0,1,1,0,0,1
Fcgr3,9,50,7,35,26,28
Cfap126,5,1,3,2,4,0
Sdhc,73,68,100,88,126,79
Pcp4l1,4,3,2,0,1,11
Tomm40l,13,3,19,9,15,12
Apoa2,0,0,1,2,1,0
Fcer1g,23,68,20,98,53,43
Ndufs2,97,56,144,140,119,116
Adamts4,11,5,12,131,42,15
B4galt3,23,10,36,45,38,31
Ppox,15,6,25,19,20,18
Usp21,24,11,28,32,22,16
Ufc1,66,49,107,110,101,84
Gm20045,5,3,12,16,7,10
Dedd,17,14,29,23,32,23
Nit1,25,22,50,34,43,36
Pfdn2,112,74,159,162,117,119
Klhdc9,1,0,1,1,0,4
Pvrl4,16,4,15,12,14,15
Arhgap30,2,1,3,7,5,2
Usf1,41,17,54,52,51,45
Tstd1,0,0,0,2,0,1
F11r,7,12,10,30,14,7
B930036N10Rik,1,0,0,1,0,0
Alyref2,11,13,16,12,19,17
Cd244,0,1,0,0,0,1
Ly9,0,3,0,1,0,0
Cd48,1,1,3,3,2,1
Slamf1,1,1,1,1,2,0
Cd84,2,5,2,6,4,2
Gm37065,0,0,0,0,0,1
Slamf6,1,0,0,2,1,0
Vangl2,61,45,117,74,78,65
Ncstn,43,27,61,53,59,45
Copa,112,62,171,139,139,121
Gm37756,0,0,0,0,0,1
Pex19,32,25,55,51,54,40
Dcaf8,76,48,99,109,101,65
Pea15a,107,72,167,156,129,99
Casq1,0,1,1,3,0,0
Gm17224,0,1,0,0,1,0
Igsf8,87,31,80,448,102,55
Atp1a2,585,560,977,389,607,781
Kcnj9,2,0,0,1,0,0
Kcnj10,137,97,249,165,180,172
Pigm,14,9,21,26,24,13
Slamf9,0,0,0,2,1,3
Igsf9,3,0,6,2,1,1
Tagln2,91,53,130,125,124,75
Cfap45,0,2,0,1,0,1
Vsig8,0,0,0,1,0,0
Slamf8,0,0,0,0,1,1
Fcrl6,0,0,0,0,1,0
Dusp23,19,6,19,23,15,18
Ackr1,6,2,9,10,6,8
Cadm3,45,27,59,40,43,34
Aim2,2,2,0,5,3,1
Pydc4,0,0,0,0,1,0
Pyhin1,0,0,0,0,1,0
AI607873,1,0,0,0,0,0
Ifi204,1,1,0,0,2,0
Mnda,0,0,0,1,0,0
Spta1,0,0,0,1,0,0
Fmn2,71,37,113,82,75,39
Rgs7,35,14,51,32,53,28
Fh1,40,22,60,56,47,39
Opn3,0,0,4,2,3,1
Chml,11,5,10,10,15,2
Exo1,0,0,2,2,3,0
Pld5,8,7,8,9,10,10
Rbm8a2,3,0,2,1,3,1
Gm38101,2,1,0,1,0,0
Cep170,69,48,96,112,64,60
Sdccag8,14,12,16,23,20,11
Akt3,12,12,21,23,20,17
Gm26801,0,0,0,0,0,2
Zbtb18,33,22,46,24,37,30
Gm37306,0,0,0,1,1,0
Adss,22,15,58,50,41,37
Gm16432,1,1,0,1,2,0
Desi2,50,31,72,69,88,53
B230369F24Rik,3,1,8,3,5,2
Cox20,57,42,83,72,57,66
Gm16586,26,12,23,48,34,22
Hnrnpu,153,88,207,182,180,152
Efcab2,2,4,7,4,7,6
Kif26b,2,2,12,6,11,4
Smyd3,8,7,25,31,34,18
Tfb2m,23,10,15,20,14,12
Cnst,18,8,15,13,15,16
Sccpdh,55,25,76,102,53,51
Ahctf1,22,23,34,51,29,23
Cdc42bpa,101,55,144,191,111,92
Adck3,11,6,14,13,10,9
Gm37336,0,0,0,0,2,0
Psen2,8,10,33,22,32,28
Itpkb,41,45,77,51,70,51
6330403A02Rik,0,0,3,0,0,0
Parp1,40,27,67,60,67,68
Lin9,13,6,11,8,8,12
Acbd3,25,25,58,63,63,50
Gm37768,2,0,1,1,1,0
H3f3a,657,473,963,1063,951,745
Gm17275,0,1,3,1,2,1
H3f3aos,0,1,0,0,1,1
Sde2,21,14,34,44,40,20
Pycr2,35,29,63,71,79,43
Lefty1,5,1,0,2,1,2
Tmem63a,8,3,11,55,13,2
Ephx1,5,5,18,8,12,4
Nvl,23,16,44,45,42,24
Cnih4,63,34,79,66,67,60
Wdr26,73,54,128,129,133,69
A430110L20Rik,5,1,2,2,1,3
Cnih3,0,0,0,1,3,0
Ccdc121,0,0,1,0,0,0
Dnah14,0,1,1,4,1,2
Lbr,32,18,28,40,32,23
Enah,214,142,297,195,256,226
Srp9,80,50,96,158,105,104
Degs1,98,50,159,230,167,165
1700047M11Rik,95,23,74,212,143,62
Fbxo28,40,27,55,56,47,45
Trp53bp2,16,11,28,35,47,17
Capn2,35,23,44,42,40,27
Gm37885,0,1,0,1,1,0
Susd4,71,41,123,122,85,83
Tlr5,5,0,3,2,1,2
Gm38079,0,0,2,2,2,0
Disp1,1,1,4,5,7,2
Brox,28,23,53,50,58,33
Aida,29,16,38,35,42,19
Mia3,58,40,122,80,100,60
Taf1a,5,4,3,2,8,4
Gm37986,2,0,0,1,3,0
Hhipl2,1,0,0,0,0,0
Dusp10,12,3,12,51,19,8
1700056E22Rik,1,0,3,3,1,0
Hlx,0,1,0,1,0,0
Gm34342,0,0,0,1,0,0
Marc2,112,93,258,136,174,203
Mark1,13,12,32,16,30,23
Rab3gap2,49,31,66,50,55,33
Iars2,19,14,31,28,29,12
Bpnt1,33,18,43,64,35,33
4930532G15Rik,1,1,0,4,0,2
Eprs,81,54,124,171,116,97
Slc30a10,0,2,2,3,0,0
Lyplal1,2,4,14,6,10,3
Tgfb2,27,7,51,21,28,17
Rrp15,16,7,23,22,23,18
A430105J06Rik,1,2,2,6,2,2
Gpatch2,19,13,34,36,24,23
Gm38155,1,0,0,0,0,0
Esrrg,5,2,5,3,1,2
Gm36388,0,1,0,0,0,1
Kctd3,34,11,52,36,46,34
Kcnk2,112,72,159,80,134,105
A430027H14Rik,6,2,10,1,7,6
Cenpf,0,0,0,1,2,2
Ptpn14,15,12,39,25,34,19
Gm37422,0,1,0,2,1,0
Smyd2,32,12,45,39,37,33
Prox1,46,19,53,101,38,23
Prox1os,5,1,3,16,8,4
Rps6kc1,16,7,18,14,13,20
Angel2,50,33,71,54,78,63
Vash2,3,2,4,4,4,4
Mfsd7b,12,5,20,23,27,2
Tatdn3,12,10,21,15,20,8
Nsl1,1,0,0,2,0,0
Batf3,0,1,0,6,3,1
Atf3,65,42,31,172,86,7
D730003I15Rik,8,4,25,21,16,11
Nenf,143,95,189,139,148,151
Tmem206,12,8,17,12,14,16
Ppp2r5a,25,24,28,40,34,31
Dtl,3,0,7,1,2,0
Ints7,13,0,14,19,14,10
Lpgat1,19,11,36,83,41,14
1700034H15Rik,0,0,1,0,0,0
Slc30a1,25,12,41,47,44,21
Rd3,0,0,0,0,0,1
Gm26670,2,0,1,0,4,1
Traf5,5,0,10,5,9,4
Gm26879,2,1,0,1,1,3
Rcor3,33,25,35,42,38,25
Gm10516,1,0,0,2,2,0
Kcnh1,0,0,2,0,1,0
Hhat,2,0,3,0,2,1
Sertad4,6,1,9,5,5,4
Syt14,16,17,28,11,20,15
Diexf,12,6,10,13,23,12
A130010J15Rik,14,8,13,12,19,19
Traf3ip3,4,1,3,2,0,1
Lamb3,2,1,1,1,0,1
Hsd11b1,0,5,4,1,1,2
G0s2,216,169,342,159,230,226
Camk1g,0,2,8,3,5,2
Plxna2,27,19,54,20,33,28
Cd34,2,2,4,8,1,4
Gm16897,0,0,0,1,1,1
Gm32250,0,1,1,2,2,1
Cd46,1,0,5,7,6,2
Cr1l,24,20,38,41,31,24
Cr2,2,1,2,0,3,0
Fam171a1,7,14,16,15,11,9
Nmt2,25,13,38,27,48,44
Rpp38,12,5,10,10,21,15
Acbd7,1,2,0,0,0,0
Meig1,0,1,0,1,1,0
Dclre1c,5,2,14,11,4,6
Suv39h2,0,3,5,5,5,8
Hspa14,34,21,53,57,58,36
Fam107b,0,3,7,12,6,3
Frmd4a,28,51,181,264,282,190
1700080N15Rik,0,0,2,0,0,0
Gm13175,0,0,0,0,1,0
Prpf18,24,25,49,36,41,17
Bend7,23,11,36,28,33,24
Sephs1,28,7,23,30,23,23
Phyh,38,27,56,49,49,53
Mcm10,0,0,2,0,0,0
Optn,19,11,20,14,23,12
4930551O13Rik,1,1,1,1,3,0
Camk1d,8,2,14,12,20,11
Cdc123,59,40,86,72,86,77
Nudt5,42,24,73,51,51,71
Gm13199,0,3,1,3,1,0
Sec61a2,37,26,53,69,63,49
Dhtkd1,11,4,6,12,6,5
Upf2,38,15,47,41,49,41
Proser2,1,2,0,1,3,1
Echdc3,0,2,1,0,1,0
Gm13383,1,0,0,0,0,0
Usp6nl,18,5,13,27,14,6
Celf2,187,137,241,223,241,206
Gm26565,0,0,1,1,1,1
Taf3,19,14,44,29,30,36
Atp5c1,184,99,294,253,238,206
Kin,22,16,18,33,36,23
Itih5,5,5,12,8,10,23
Sfmbt2,2,0,1,4,3,1
Prkcq,79,56,108,132,101,104
Gm13293,0,0,0,5,0,0
Pfkfb3,11,4,9,10,7,2
Rbm17,38,15,49,53,55,39
Il15ra,0,2,7,4,2,4
Fbxo18,12,20,32,28,32,24
Ankrd16,24,25,30,18,35,18
Itga8,6,4,6,1,8,1
Fam188a,30,18,45,57,39,43
Pter,6,9,16,9,14,9
C1ql3,53,42,82,56,102,72
Rsu1,132,70,182,164,175,146
Cubn,1,0,0,0,0,0
Trdmt1,8,1,6,3,8,4
Vim,38,11,55,33,57,18
St8sia6,0,1,0,0,1,1
Hacd1,33,18,65,54,53,64
Stam,60,35,72,76,88,57
Tmem236,0,0,0,0,2,0
Mrc1,0,0,0,0,0,1
Slc39a12,2,9,8,1,0,2
Cacnb2,10,10,14,11,13,10
Gm10848,2,1,0,0,2,0
Gm13269,1,0,0,0,1,0
Nsun6,18,10,15,9,25,12
Arl5b,27,13,30,27,35,21
Plxdc2,32,29,34,83,37,18
Nebl,73,53,128,84,89,100
H2afb1,0,0,0,1,0,0
A930004D18Rik,1,1,1,2,1,0
Skida1,1,1,2,1,2,2
Mllt10,24,24,33,46,31,33
Dnajc1,54,30,84,66,79,75
Commd3,97,51,111,152,115,101
Bmi1,40,28,70,51,61,49
Carlr,1,1,4,0,0,0
Pip4k2a,46,26,61,73,39,41
4930426L09Rik,0,0,0,1,0,0
Armc3,0,0,2,2,0,1
4930447M23Rik,0,1,0,0,0,0
Msrb2,17,11,32,21,15,25
Otud1,14,9,21,14,14,20
Etl4,1,0,2,2,0,0
Arhgap21,47,45,80,40,43,34
Gm13375,3,1,1,0,0,0
Enkur,1,1,3,0,0,1
Thnsl1,22,13,22,10,22,12
Gpr158,21,11,44,19,19,17
Gad2,1,0,1,1,0,0
Apbb1ip,12,10,18,56,50,27
Pdss1,9,4,10,15,14,7
Abi1,70,43,88,80,77,54
Acbd5,56,36,79,80,71,37
Mastl,4,0,3,4,5,0
Yme1l1,70,45,119,90,76,65
Spopl,21,13,41,38,32,18
Hnmt,21,21,41,19,29,38
Psd4,1,0,0,1,2,1
Cacna1b,8,6,16,7,13,6
Ehmt1,44,22,59,60,67,33
Arrdc1,1,2,2,7,3,7
Zmynd19,10,5,24,21,21,19
Dph7,18,11,23,8,28,13
Mrpl41,62,34,84,83,91,74
Pnpla7,4,8,15,10,8,6
Nsmf,53,25,69,73,63,53
Gm13387,0,0,0,0,1,0
Nrarp,44,29,49,27,48,35
Gm38287,1,0,0,0,0,0
Tor4a,1,0,0,0,0,0
Nelfb,47,20,63,50,59,37
Tubb4b,78,51,126,156,125,132
Slc34a3,0,1,1,0,0,0
Cysrt1,0,0,0,0,1,0
Rnf208,51,31,88,65,92,56
Ndor1,12,4,4,15,19,9
Tmem203,13,9,20,27,30,17
Tprn,8,8,11,94,59,16
Ssna1,36,18,70,100,76,58
Anapc2,47,25,43,47,49,47
Grin1,11,8,20,11,15,7
AA543186,0,0,0,0,1,0
Man1b1,40,29,41,28,41,24
Dpp7,12,14,32,17,20,21
Uap1l1,4,7,16,21,20,17
Sapcd2,65,30,78,44,79,76
Entpd2,1,3,6,1,4,4
Npdc1,133,82,166,129,166,168
Abca2,64,37,93,178,111,52
BC029214,29,20,38,71,46,29
Clic3,0,0,0,0,1,5
Ptgds,133,61,373,3557,1004,695
C8g,0,1,1,0,0,1
Fbxw5,19,13,30,28,31,19
Traf2,11,10,11,8,13,8
Edf1,157,114,251,247,209,210
Mamdc4,2,1,3,1,2,0
Phpt1,65,30,78,39,70,72
Gm996,8,7,13,20,11,4
Gm26702,0,0,0,0,1,0
Rabl6,38,28,52,70,87,54
Fcnaos,0,0,1,0,4,0
Tmem141,37,7,16,266,77,27
Fcna,0,0,0,2,0,0
Bmyc,83,51,102,145,110,97
Lcn11,0,0,0,1,0,0
Kcnt1,6,5,8,8,9,12
Camsap1,24,13,43,35,44,27
Ubac1,25,12,26,44,31,31
Nacc2,122,89,187,153,110,114
C330006A16Rik,20,12,30,21,36,21
1810012K08Rik,0,0,0,0,1,0
Qsox2,12,3,21,18,16,14
Gpsm1,27,19,34,31,44,18
Dnlz,46,26,64,69,57,43
Card9,0,0,2,3,0,1
Snapc4,8,2,12,3,9,3
Gm13563,1,0,4,1,1,1
Sdccag3,36,19,43,52,42,37
Pmpca,29,13,36,39,37,17
Inpp5e,6,10,14,12,17,4
Sec16a,21,15,31,21,21,21
Notch1,120,91,219,120,174,151
Egfl7,0,1,0,2,9,5
Agpat2,4,5,7,3,7,5
Fam69b,84,37,120,62,116,86
Surf6,9,2,19,7,13,4
Med22,19,15,41,44,44,34
Rpl7a,318,221,466,466,461,351
Surf1,26,20,32,42,34,45
Surf2,20,8,22,41,28,28
Surf4,48,30,71,55,73,63
Stkld1,0,0,0,1,1,0
Rexo4,24,12,26,38,20,16
Adamts13,0,0,4,1,1,0
Cacfd1,31,18,39,30,25,23
Slc2a6,8,2,6,1,5,9
Tmem8c,0,1,0,5,2,1
Sardh,3,1,3,4,5,1
Vav2,20,16,36,18,17,19
AA645442,0,0,0,0,0,1
Brd3,71,45,94,88,99,89
Wdr5,13,8,18,23,16,20
Rxra,7,11,22,12,13,11
Col5a1,2,0,5,1,1,0
Olfm1,61,60,114,59,85,128
Ppp1r26,11,5,20,11,15,14
1700007K13Rik,0,0,0,1,1,2
Mrps2,13,8,19,17,24,17
Ralgds,77,55,100,102,85,90
Gtf3c5,12,8,16,13,16,7
Tsc1,35,18,44,57,32,47
Ak8,0,0,0,0,0,1
Gtf3c4,23,14,39,8,36,21
Ddx31,2,1,8,5,8,10
Ttf1,18,11,28,37,16,14
Setx,34,26,34,24,38,26
Ntng2,0,0,1,0,0,0
Med27,15,10,24,35,29,21
Rapgef1,29,16,38,39,49,40
Gm13420,0,0,0,1,0,0
Trub2,23,6,23,19,23,11
Coq4,6,8,12,8,12,4
Slc27a4,33,9,29,31,35,25
Urm1,38,13,52,101,61,49
2600006K01Rik,0,1,0,1,0,1
Cercam,14,12,18,14,10,17
Odf2,28,20,50,41,55,28
Gle1,33,26,46,63,39,48
Sptan1,134,83,140,128,152,114
Wdr34,15,7,16,8,14,4
Set,190,112,278,273,252,203
Zdhhc12,21,13,21,48,22,30
Zer1,52,33,66,65,85,63
Tbc1d13,18,11,31,20,15,10
Endog,17,9,21,20,30,16
D2Wsu81e,16,12,20,22,22,14
Ccbl1,11,6,15,5,14,7
1700084E18Rik,1,1,0,2,2,1
Lrrc8a,34,38,57,37,47,54
Gm28035,0,0,0,0,0,1
Phyhd1,0,0,1,0,1,0
Dolk,24,17,24,33,22,25
Nup188,9,11,14,5,14,8
Sh3glb2,52,33,67,70,81,62
Fam73b,11,5,11,16,18,18
Dolpp1,23,17,41,22,25,19
Crat,15,8,27,17,28,13
Ppp2r4,79,46,120,67,101,93
Ier5l,12,3,25,22,15,13
Cstad,0,1,1,1,0,0
9330198N18Rik,0,0,0,0,0,1
1700001O22Rik,4,3,5,7,3,8
Ntmt1,41,26,47,41,47,44
Asb6,5,6,14,16,14,16
Ptges,1,4,1,2,0,0
Tor1b,34,24,53,52,62,36
Tor1a,48,25,48,53,57,43
BC005624,36,22,42,84,60,56
Usp20,13,9,28,38,26,39
Fnbp1,20,10,29,84,35,21
Gpr107,34,14,61,52,50,31
Gm13405,0,0,0,0,0,1
Ncs1,0,0,1,1,1,2
Ass1,0,0,0,0,1,0
Fubp3,47,35,77,85,68,32
Exosc2,10,6,19,16,31,9
Abl1,30,17,52,54,46,33
Fibcd1,4,2,6,8,4,5
Aif1l,20,11,19,14,22,31
Nup214,27,10,31,40,32,24
Fam78a,3,0,1,0,0,2
Plpp7,25,12,30,23,18,22
Prrc2b,77,70,145,102,120,95
Pomt1,21,10,29,17,18,18
Uck1,22,15,30,36,31,30
Swi5,124,76,184,179,157,162
Golga2,21,10,26,28,35,21
Dnm1,24,19,49,44,29,14
Ciz1,17,14,22,23,26,25
1110008P14Rik,22,9,32,37,33,32
Lcn2,0,3,0,0,1,1
Ptges2,8,5,13,17,17,11
Slc25a25,12,3,16,18,19,21
Naif1,2,2,4,5,4,0
Fam102a,84,47,109,166,126,82
Dpm2,43,20,69,50,53,52
St6galnac4,18,14,32,23,29,25
St6galnac6,15,14,36,15,27,18
Ak1,11,4,23,19,17,10
Eng,1,2,1,2,2,0
Fpgs,9,3,10,11,10,6
Cdk9,21,19,31,47,47,40
Sh2d3c,0,1,0,2,0,1
Ttc16,0,0,0,0,1,0
Tor2a,27,23,51,45,42,43
Ptrh1,3,1,2,3,2,4
Cfap157,0,0,0,0,0,1
Stxbp1,39,21,49,36,42,39
Fam129b,3,0,2,8,4,7
Lrsam1,8,2,8,7,11,5
Rpl12,196,157,314,367,298,251
Slc2a8,26,5,23,29,22,28
Garnl3,5,0,0,6,1,0
Ralgps1,32,26,45,65,36,26
Angptl2,1,0,0,0,1,1
Zbtb34,4,2,12,9,13,4
Zbtb43,4,8,16,22,25,11
Mvb12b,68,60,105,87,98,68
Gm13403,1,0,1,0,1,2
Gm13404,6,5,4,4,4,4
Pbx3,13,6,18,15,25,10
Mapkap1,26,20,49,35,48,43
Gapvd1,80,53,139,141,113,92
Hspa5,304,193,479,275,192,872
Rabepk,14,13,18,19,24,13
Fbxw2,45,30,46,58,65,40
Psmd5,16,9,35,31,28,24
Phf19,2,1,3,3,3,2
Traf1,3,3,4,1,1,4
Hc,0,0,0,0,1,0
AI182371,0,1,0,0,0,0
Cntrl,25,17,24,29,37,14
Rab14,231,184,390,390,402,362
Gsn,198,69,156,475,162,132
Stom,9,6,16,13,14,7
Ggta1,1,0,0,3,2,1
Dab2ip,37,24,55,33,46,31
Ttll11,2,0,6,1,3,1
9030204H09Rik,0,0,0,0,1,0
Ndufa8,123,88,206,160,154,151
Morn5,2,0,0,0,0,4
Rbm18,39,24,59,54,59,58
Mrrf,8,4,12,6,15,3
Ptgs1,4,4,6,28,11,4
Pdcl,35,29,60,46,64,42
Rc3h2,70,35,113,95,131,72
Zbtb6,23,13,37,21,22,16
Zbtb26,10,1,21,14,13,13
Rabgap1,77,55,97,102,83,65
Strbp,70,50,110,69,98,68
Gpr21,4,1,3,2,3,2
Crb2,0,0,0,0,0,1
Dennd1a,34,29,66,47,54,48
Lhx2,7,12,13,3,10,7
Gm13589,0,0,0,0,1,0
Nek6,16,9,12,12,20,13
Psmb7,101,44,144,150,106,104
Nr6a1,8,3,14,10,14,8
Nr6a1os,0,1,0,0,0,0
Olfml2a,3,3,6,1,1,1
Gm13496,0,0,0,0,0,1
Wdr38,0,0,1,0,0,1
Rpl35,282,161,384,211,352,297
Arpc5l,73,41,100,91,82,94
Golga1,35,29,51,38,64,35
Scai,60,32,75,46,49,36
Ppp6c,39,24,62,68,54,48
Lrp1b,205,124,354,262,258,264
Arhgap15,0,0,0,2,2,0
Gtdc1,19,17,21,33,42,22
Zeb2,308,155,440,743,493,326
Zeb2os,8,10,12,22,16,6
Gm13479,1,1,5,1,2,0
Acvr2a,18,8,35,17,27,12
Orc4,27,23,39,54,57,28
Mbd5,31,22,37,43,42,20
Epc2,39,13,37,41,54,29
Kif5c,18,7,14,26,29,23
Lypd6b,1,0,4,1,3,5
Lypd6,18,15,32,35,31,10
Mmadhc,31,20,37,57,50,38
Rnd3,2,4,6,3,3,5
Rbm43,9,3,8,5,9,12
Nmi,10,5,7,9,8,6
Tnfaip6,25,8,34,96,45,15
Rif1,52,38,73,68,55,39
Arl5a,35,30,71,68,62,39
Cacnb4,32,27,63,129,82,34
Stam2,29,26,38,38,25,16
Fmnl2,50,38,96,70,93,49
Gm26603,0,0,0,1,0,0
Prpf40a,85,53,109,159,101,111
Arl6ip6,33,11,28,37,36,24
Rprm,113,49,160,62,96,115
Galnt13,51,45,94,56,68,38
Gm26794,0,0,0,1,0,0
Kcnj3,14,10,19,16,13,21
Nr4a2,13,6,27,16,12,10
Gpd2,12,8,27,19,31,25
Ermn,55,4,26,384,45,15
Cytip,0,1,0,0,1,0
Acvr1,20,12,30,17,18,19
Upp2,28,14,20,15,22,19
Ccdc148,12,5,17,8,20,9
Pkp4,24,13,27,52,45,14
Tanc1,63,34,96,81,67,82
Wdsub1,15,4,13,34,22,26
Baz2b,29,19,61,76,60,46
Gm13572,1,0,0,0,0,0
Gm13620,0,0,3,0,1,1
March7,73,52,111,117,99,69
Cd302,88,52,129,58,104,104
Pla2r1,0,0,0,1,0,1
Rbms1,38,23,41,37,46,38
Tank,26,23,29,27,42,30
Psmd14,54,25,59,84,92,69
Tbr1,0,0,0,1,0,0
Slc4a10,39,29,59,31,47,36
Ifih1,1,0,1,2,0,7
Gca,10,7,12,9,12,6
Kcnh7,7,5,4,4,5,5
Fign,61,37,122,90,98,63
Grb14,119,35,123,530,207,88
Cobll1,33,23,58,39,53,50
Gm13594,2,3,7,3,9,6
Slc38a11,0,0,1,0,1,0
Scn3a,77,46,120,87,80,82
Gm13595,1,1,1,1,3,0
Scn2a1,57,26,64,65,53,43
Csrnp3,24,18,49,37,45,14
Gm13619,1,0,0,0,2,0
Galnt3,25,15,46,37,24,23
Ttc21b,13,10,23,17,27,13
Scn1a,28,18,39,40,39,33
Gm13629,0,0,2,0,0,0
Scn9a,1,0,0,0,0,0
Scn7a,0,1,0,0,0,0
B3galt1,9,6,22,14,24,8
Stk39,28,15,47,69,47,46
Cers6,8,5,15,12,10,7
Spc25,0,0,1,1,0,0
Lrp2,0,0,1,0,0,0
Bbs5,4,4,6,9,9,7
Klhl41,0,1,0,0,1,0
Fastkd1,6,7,10,14,13,13
Ppig,83,74,138,141,114,105
Ccdc173,7,3,14,12,7,10
Phospho2,13,8,24,13,8,23
Klhl23,27,14,37,37,33,15
Ssb,143,95,177,221,178,156
Mettl5,20,15,28,25,29,28
Mettl5os,2,0,0,0,2,0
Ubr3,46,21,69,88,65,35
Sp5,1,1,4,2,0,3
Erich2,1,0,1,0,0,0
Gad1,34,17,44,39,42,26
Gm26558,0,0,1,0,0,0
Gorasp2,47,33,54,53,60,50
Tlk1,29,25,45,40,44,31
Mettl8,9,10,16,15,11,13
Dcaf17,52,24,56,97,274,35
Cybrd1,1,1,3,1,2,1
Dync1i2,172,115,289,299,353,222
Slc25a12,35,23,40,43,48,32
Hat1,18,11,17,21,17,15
Metap1d,25,12,44,48,36,28
Itga6,2,2,8,9,6,6
Pdk1,20,6,25,29,31,17
Rapgef4,19,4,17,20,22,13
Rapgef4os3,0,0,2,0,0,0
Zak,4,2,9,7,9,4
Cdca7,3,0,6,3,8,1
Sp3,55,43,66,68,78,60
Sp3os,11,11,19,18,12,10
Ola1,55,22,60,85,62,56
Sp9,0,2,0,0,0,0
Cir1,49,31,70,82,87,59
Scrn3,9,5,27,26,14,5
Gpr155,62,53,84,69,117,67
Gm13703,0,1,0,0,0,0
Wipf1,85,56,93,96,97,72
Chrna1os,6,3,9,3,6,4
Chn1os3,0,0,1,1,1,0
Chn1,39,24,52,29,52,47
Atf2,58,38,76,62,68,45
Gm10822,0,0,0,2,0,0
Atp5g3,134,95,206,157,196,153
Lnp,40,25,59,67,59,56
Hoxd1,0,0,0,1,0,0
Mtx2,36,9,43,32,43,32
2600014E21Rik,12,4,21,20,21,14
Hnrnpa3,238,135,357,335,315,258
Nfe2l2,15,7,20,43,20,21
Agps,33,19,54,40,50,27
Ttc30b,8,9,23,13,15,8
Ttc30a1,4,3,6,2,6,4
Cyct,0,0,0,0,0,2
Rbm45,5,4,9,8,6,2
Osbpl6,26,13,49,36,36,26
Prkra,31,19,45,33,41,32
Dfnb59,0,0,0,0,0,1
Fkbp7,14,7,24,16,11,11
Plekha3,20,12,36,16,21,27
Ccdc141,1,2,0,1,2,1
Sestd1,19,17,30,30,25,29
Zfp385b,0,0,0,0,0,1
Cwc22,12,2,24,19,18,11
Ube2e3,105,55,149,120,109,122
Itga4,4,3,2,7,7,3
Cerkl,0,0,0,0,1,0
Ssfa2,44,31,81,60,51,38
Pde1a,19,14,17,14,23,26
Dnajc10,56,23,53,40,55,37
Frzb,13,12,30,18,29,24
Nckap1,183,137,299,220,218,192
Dusp19,24,11,42,31,26,34
Nup35,32,19,50,43,38,46
Zfp804a,8,1,8,12,12,4
Zc3h15,93,83,132,117,106,110
Itgav,190,138,284,185,226,140
Fam171b,114,80,194,134,162,116
Calcrl,120,96,168,102,152,106
Tfpi,1,0,7,3,3,2
Ctnnd1,67,40,93,65,75,60
Btbd18,1,0,0,0,0,0
2700094K13Rik,44,19,65,45,45,49
Tmx2,69,45,127,92,116,89
Med19,29,29,60,42,49,54
Zdhhc5,21,14,24,24,34,20
Clp1,5,1,7,13,10,8
Ypel4,8,8,19,11,23,14
Gm19426,1,2,2,2,6,2
Ube2l6,5,2,5,16,5,11
Timm10,40,10,61,54,57,45
Rtn4rl2,1,0,0,0,0,0
Slc43a3,2,0,1,0,0,0
Ssrp1,52,24,57,54,81,71
Tnks1bp1,11,8,20,19,15,12
Aplnr,1,0,1,0,0,0
Lrrc55,0,0,1,1,2,1
Ptprj,57,38,100,69,92,53
4933423P22Rik,2,0,4,4,6,0
Nup160,4,1,15,16,13,6
Fnbp4,30,26,41,46,47,31
Agbl2,4,3,4,4,5,2
Mtch2,101,54,180,137,157,150
C1qtnf4,87,36,130,41,63,61
Ndufs3,64,64,119,114,119,135
Kbtbd4,9,6,14,12,14,16
Celf1,139,79,185,142,168,106
Rapsn,0,1,0,1,2,2
Psmc3,76,40,124,153,132,119
Slc39a13,23,10,31,32,24,15
Spi1,8,14,6,33,5,6
Madd,39,26,54,47,50,43
Nr1h3,0,2,4,0,2,1
Acp2,57,42,96,63,108,67
Ddb2,3,3,7,6,14,4
A330069E16Rik,5,2,13,9,15,6
Gm17281,0,1,1,0,1,0
Pacsin3,27,15,48,36,45,43
Arfgap2,37,24,52,88,71,68
1110051M20Rik,29,27,24,42,31,37
Lrp4,33,22,30,17,30,37
Ckap5,71,48,78,67,86,49
Zfp408,2,1,7,7,5,7
Arhgap1,42,25,47,38,53,38
Atg13,28,14,39,31,27,18
Harbi1,7,5,14,8,4,6
Ambra1,11,6,21,25,22,15
Mdk,147,105,248,102,140,187
Dgkz,33,22,28,27,28,26
Creb3l1,11,8,19,9,14,14
Phf21a,50,42,87,86,61,69
Gyltl1b,0,0,0,1,0,0
Pex16,11,2,25,31,12,15
1700029I15Rik,1,0,1,1,1,0
Mapk8ip1,63,28,81,197,126,73
Cry2,11,15,28,54,46,11
Slc35c1,3,6,6,10,5,7
Chst1,6,6,7,3,6,3
Syt13,0,1,1,1,1,1
Prdm11,9,10,15,11,14,7
Trp53i11,9,3,5,6,3,0
Tspan18,0,0,2,3,4,0
Cd82,28,4,11,92,32,12
Ext2,45,27,57,40,69,42
Accs,11,9,21,13,11,11
Accsl,0,0,0,0,1,0
Gm13889,80,55,132,163,137,135
Alkbh3,12,6,12,15,12,8
Hsd17b12,141,94,208,143,202,136
E530001K10Rik,4,0,2,4,4,2
Ttc17,10,11,27,16,17,18
Api5,51,40,79,66,66,42
Lrrc4c,132,76,185,116,166,119
4930445B16Rik,0,1,0,0,0,0
Gm10800,0,0,0,0,1,0
B230118H07Rik,60,43,75,84,72,66
Rag1,0,0,0,1,0,0
Traf6,19,17,21,32,40,18
Prr5l,6,1,6,23,7,2
Commd9,31,16,41,71,38,39
Ldlrad3,30,22,56,58,39,41
Trim44,51,34,75,80,73,38
Fjx1,19,9,29,56,48,27
Pamr1,1,0,3,3,4,3
Slc1a2,396,395,819,335,521,499
Gm13872,0,0,1,0,0,0
Cd44,0,0,1,0,0,0
Pdhx,18,16,38,40,49,28
Apip,27,13,42,46,50,41
Cat,68,39,89,102,89,53
Abtb2,77,54,127,82,111,95
Nat10,11,4,10,12,18,11
Caprin1,97,60,130,124,116,92
Lmo2,15,10,5,19,21,9
Fbxo3,55,40,71,67,85,73
Cd59b,0,0,0,1,0,0
Cd59a,2,2,2,11,4,0
D430041D05Rik,19,5,34,15,37,23
Hipk3,20,12,21,25,23,12
Cstf3,29,20,50,41,46,42
Tcp11l1,13,12,24,25,25,15
Depdc7,0,1,0,4,2,2
Qser1,28,13,49,33,38,22
Prrg4,0,0,1,0,1,0
Ccdc73,5,0,3,3,8,4
Eif3m,59,47,91,98,106,104
Them7,0,0,1,0,0,0
Rcn1,64,45,94,64,68,90
Pax6,6,12,19,9,18,7
Elp4,30,15,32,20,31,15
Immp1l,46,27,66,71,47,77
Dnajc24,53,21,62,89,66,46
Mpped2,104,67,148,133,167,137
Arl14ep,31,23,45,41,50,31
Kcna4,0,1,4,3,4,0
Mettl15,10,7,16,10,10,14
Kif18a,3,0,7,4,6,3
Bdnf,0,0,0,0,0,2
Lin7c,30,22,54,54,53,19
Lgr4,4,3,12,7,3,4
Ccdc34,27,21,58,60,55,42
Bbox1,1,1,0,0,0,0
Fibin,0,0,0,1,0,0
Ano3,5,1,4,1,5,1
Lpcat4,0,0,3,7,5,4
Nop10,81,29,85,68,87,94
Slc12a6,49,19,58,53,57,32
Emc4,45,34,81,63,70,73
Katnbl1,30,18,37,37,45,37
Emc7,124,71,196,277,205,182
Aven,15,2,18,21,14,20
Ryr3,13,3,9,9,14,15
Fmn1,5,0,6,8,5,2
Grem1,1,0,0,0,0,0
Scg5,122,80,209,132,164,201
Arhgap11a,0,1,3,5,1,2
Gjd2,0,1,2,0,0,0
C130080G10Rik,0,1,0,0,0,0
Aqr,41,22,66,61,71,33
Zfp770,38,18,45,31,37,35
Dph6,22,10,31,24,27,15
BC052040,6,2,13,11,8,8
Meis2,63,47,102,78,110,86
2700033N17Rik,1,1,0,4,4,1
G630016G05Rik,0,0,1,0,0,1
D330050G23Rik,4,2,5,2,8,0
Gm29340,1,0,0,0,0,0
Spred1,213,134,302,242,259,168
Fam98b,38,28,46,35,63,35
Rasgrp1,0,0,0,1,0,0
Thbs1,0,2,0,1,2,0
Fsip1,0,0,0,0,1,0
A930104D05Rik,0,0,0,0,0,1
Gpr176,8,7,7,1,8,6
Eif2ak4,10,9,17,9,16,13
Srp14,155,116,216,258,208,165
Bmf,2,1,1,6,3,0
Bub1b,1,0,0,0,0,0
Pak6,7,3,14,8,11,4
Plcb2,0,0,0,0,3,0
Inafm2,10,10,21,17,27,16
A430105I19Rik,3,1,4,4,3,0
Disp2,43,33,81,34,55,40
Knstrn,1,1,6,0,0,0
Ivd,27,22,40,23,29,35
Bahd1,12,9,26,19,15,11
Chst14,5,3,8,6,8,6
Ccdc32,36,27,50,51,44,27
Rpusd2,0,1,2,2,7,1
Casc5,1,0,0,1,0,0
Rad51,2,0,1,3,1,0
Rmdn3,29,15,32,36,39,19
Gchfr,1,0,0,0,0,0
Dnajc17,22,12,31,27,28,18
Zfyve19,9,7,21,22,15,17
Spint1,0,1,1,8,1,3
Rhov,0,0,0,1,0,0
Vps18,12,10,39,35,23,20
Chac1,0,0,0,0,2,1
Ino80,21,13,27,21,34,18
Chp1,42,24,44,51,34,31
1700020I14Rik,73,36,117,121,115,77
Oip5,0,0,1,0,0,1
Nusap1,0,0,1,1,0,0
Ndufaf1,5,15,19,15,26,21
Rtf1,78,65,118,82,107,86
Ltk,1,2,1,0,1,1
Rpap1,13,7,28,21,24,14
Tyro3,37,19,49,87,65,18
Mga,77,54,107,93,73,75
Mapkbp1,8,2,12,10,11,6
Jmjd7,3,3,3,8,15,6
Ehd4,8,6,19,24,15,13
Pla2g4e,0,0,0,0,1,0
Pla2g4d,1,0,0,0,0,0
Vps39,24,12,29,17,22,27
Tmem87a,21,7,27,24,23,9
Ganc,6,7,15,13,15,14
Capn3,1,1,3,3,1,1
Zfp106,34,26,42,47,41,39
Gm26899,0,0,0,2,0,0
Snap23,19,15,30,39,34,29
Lrrc57,35,29,52,46,45,39
Haus2,19,19,46,33,37,22
Stard9,63,28,64,51,64,34
Cdan1,23,11,17,26,19,8
Ttbk2,30,20,35,30,31,28
Ubr1,45,23,58,31,51,33
Tmem62,24,18,33,44,45,31
Ccndbp1,21,17,46,76,68,52
Lcmt2,2,9,8,8,13,12
Adal,9,6,18,9,13,20
Zscan29,13,7,12,11,15,14
Tubgcp4,28,19,38,37,29,32
Trp53bp1,34,18,46,40,59,34
Map1a,62,28,78,203,137,64
Ppip5k1,12,10,29,32,19,21
Ckmt1,4,1,6,1,3,5
Strc,1,0,0,1,0,1
Catsper2,1,0,6,4,6,0
Pdia3,166,115,287,254,142,324
Ell3,0,0,0,1,0,0
Serinc4,0,0,1,0,2,1
Serf2,203,181,365,400,360,289
Hypk,56,47,111,73,80,58
Mfap1b,25,31,81,56,55,57
Mfap1a,52,24,58,46,45,46
Wdr76,9,8,19,10,16,7
Frmd5,12,11,19,34,15,12
Casc4,100,54,139,117,119,96
Ctdspl2,38,18,53,48,50,36
Eif3j1,92,67,124,125,120,130
Spg11,13,5,17,15,12,11
B2m,110,122,161,157,173,124
Sord,2,6,3,10,13,10
Duox1,1,0,0,1,0,0
Shf,12,12,22,12,17,27
Gatm,408,186,553,776,595,424
AA467197,1,0,0,1,1,1
Slc30a4,12,14,18,21,30,18
Bloc1s6os,0,1,0,1,0,0
Bloc1s6,19,12,21,17,20,21
Sqrdl,8,5,14,10,14,13
Sema6d,79,30,109,126,98,54
4930583P06Rik,1,0,1,0,0,0
Slc24a5,76,69,112,115,72,75
Myef2,109,79,154,155,141,91
Ctxn2,1,1,0,3,0,0
Dut,42,23,48,40,34,31
Fbn1,5,6,11,11,21,19
Gm9913,2,0,1,1,1,1
Cep152,3,0,2,5,3,4
Shc4,136,65,195,106,131,127
Eid1,150,66,181,267,213,150
Secisbp2l,56,48,108,229,131,74
Cops2,46,18,51,52,47,38
Galk2,19,7,18,37,27,23
Fgf7,0,0,1,0,1,0
Dtwd1,11,0,14,4,11,8
Hdc,2,0,1,0,0,0
Gabpb1,9,4,14,17,14,15
Gm27003,0,0,1,3,1,1
Usp8,32,23,63,51,43,47
Usp50,14,9,31,12,27,9
Trpm7,58,33,63,62,72,45
Sppl2a,86,56,169,92,130,78
Ap4e1,5,3,8,9,20,8
Blvra,22,17,46,32,34,37
Ncaph,1,0,0,1,2,0
Itpripl1,1,1,0,4,1,2
1810024B03Rik,6,2,3,14,11,8
Snrnp200,33,20,67,57,42,38
Ciao1,27,20,42,32,29,36
Tmem127,43,28,75,42,58,38
Stard7,62,36,60,63,61,59
Dusp2,2,0,4,7,1,1
Adra2b,0,0,1,0,0,0
Fahd2a,20,14,30,19,28,29
Kcnip3,345,181,509,297,377,353
Prom2,0,0,0,1,0,0
Zfp661,4,5,10,7,5,3
Mrps5,56,36,80,65,90,67
Mal,457,15,156,1898,563,30
Nphp1,9,9,18,7,13,10
1500011K16Rik,49,42,79,58,77,59
Bcl2l11,5,5,4,11,5,1
Anapc1,74,52,104,83,86,48
Mertk,26,45,42,18,41,31
Gm14011,1,0,0,0,1,0
Tmem87b,22,18,34,35,48,38
Fbln7,2,0,4,3,2,5
Zc3h8,10,6,14,13,9,13
Gm10762,4,3,17,8,6,4
Zc3h6,9,3,9,14,12,4
Ttl,13,5,16,16,32,25
Polr1b,5,8,9,7,6,8
Chchd5,8,7,28,19,21,12
Slc20a1,9,13,24,16,22,12
A730036I17Rik,0,0,0,0,1,0
Ckap2l,1,1,2,1,0,1
Il1a,14,36,13,58,22,7
Il1b,25,3,15,20,2,3
Sirpa,67,55,115,82,80,53
Stk35,11,8,15,8,16,9
Snrpb,94,63,130,136,134,111
Nop56,53,34,60,96,78,44
Idh3b,63,28,69,48,67,76
Ebf4,24,16,21,20,13,10
Cpxm1,43,27,64,40,50,36
Pced1a,7,5,7,5,9,1
Vps16,18,9,30,24,22,17
Ptpra,120,64,180,136,124,123
Mrps26,44,24,64,78,74,56
Ubox5,5,3,5,7,8,5
Fastkd5,4,3,8,4,9,8
Lzts3,8,5,12,14,12,3
Ddrgk1,80,57,145,177,131,142
Itpa,40,14,41,40,36,34
4930402H24Rik,84,50,108,181,134,91
Atrn,65,57,117,132,114,79
Gfra4,8,3,18,10,13,14
Siglec1,0,0,0,1,2,0
Hspa12b,3,0,1,2,2,1
1700037H04Rik,15,5,11,15,21,7
Spef1,2,3,4,2,4,2
Cenpb,23,15,32,53,41,36
Cdc25b,3,6,5,7,12,8
Ap5s1,8,7,18,13,21,19
Mavs,12,9,23,18,15,17
Pank2,25,10,22,27,26,14
Rnf24,20,12,27,17,37,19
Smox,86,83,153,105,117,182
Prnp,219,181,367,292,274,280
Rassf2,42,36,96,67,85,77
Slc23a2,65,18,45,51,61,35
Tmem230,45,26,46,40,44,40
Pcna,42,21,63,75,76,28
AV099323,1,0,3,4,1,1
Cds2,56,35,82,65,66,52
Gpcpd1,71,42,106,88,146,97
1110034G24Rik,29,11,36,14,21,25
Chgb,13,10,16,12,30,40
Trmt6,29,11,27,38,43,29
Mcm8,1,0,2,2,3,4
Crls1,32,18,54,40,42,37
Lrrn4,1,0,0,0,0,0
Bmp2,14,2,10,15,12,9
Tmx4,119,76,154,172,178,89
Plcb1,76,63,119,106,118,100
Plcb4,29,20,27,16,22,21
Lamp5,0,0,1,0,0,0
Pak7,24,8,25,77,59,35
Gm14218,0,0,0,1,0,0
Ankef1,3,1,0,1,1,1
Snap25,57,39,66,71,75,54
Mkks,52,28,68,52,68,57
Slx4ip,24,8,19,17,16,19
Jag1,17,16,37,43,41,12
Btbd3,8,9,36,31,34,16
Ism1,0,0,0,0,1,0
Tasp1,4,6,3,4,7,8
Esf1,32,25,55,51,56,47
Ndufaf5,6,7,19,20,14,16
Macrod2,47,41,63,52,58,59
Flrt3,34,24,59,60,77,64
Macrod2os2,1,0,1,0,1,0
Kif16b,2,2,1,9,9,2
Snrpb2,44,25,59,59,60,44
Otor,0,0,0,0,1,1
Pcsk2os1,19,14,13,12,20,12
Pcsk2,95,66,133,89,112,114
Bfsp1,1,0,2,1,1,1
Dstn,191,105,237,247,263,212
Rrbp1,130,61,194,209,200,168
Snx5,52,42,67,113,87,76
Mgme1,21,10,31,25,24,22
Csrp2bp,7,10,14,15,20,5
Dzank1,16,8,8,10,19,13
Polr3f,19,9,26,26,30,20
Rbbp9,53,36,58,52,50,49
Sec23b,34,26,40,43,39,44
Gm561,58,26,65,49,65,53
Dtd1,52,36,73,43,59,62
Slc24a3,35,20,27,20,33,35
Rin2,50,32,93,69,88,52
Naa20,74,30,92,78,86,72
Crnkl1,14,7,30,17,22,27
Insm1,1,0,0,1,0,0
Ralgapa2,24,11,30,27,24,14
Kiz,6,8,25,23,15,13
Xrn2,45,35,65,67,92,64
Nkx2-2,90,37,134,99,106,104
Nkx2-2os,4,0,1,3,4,0
6430503K07Rik,9,5,8,15,14,13
Thbd,0,0,0,0,1,0
Cd93,0,0,0,0,1,0
Nxt1,15,9,29,16,22,22
Gzf1,11,6,20,14,20,10
Napb,15,9,25,24,24,23
Cst3,989,2030,1623,2226,1640,1311
Syndig1,4,0,3,0,3,3
Zfp120,14,17,21,10,17,20
Zfp937,9,3,13,10,5,8
Gm21994,3,0,1,1,1,1
Gm14124,0,0,1,0,0,0
3300002I08Rik,4,2,5,8,8,1
Zfp442,17,4,11,12,12,16
Cst7,0,1,0,1,0,0
Apmap,40,15,44,32,39,31
Acss1,23,19,34,25,37,23
Platr15,1,0,0,0,0,0
Entpd6,13,19,20,23,38,21
Pygb,13,12,16,9,19,11
Abhd12,193,108,264,212,288,270
Gins1,0,1,4,1,3,0
Ninl,4,1,7,12,14,4
Nanp,1,1,1,2,3,0
Nsfl1c,57,37,84,70,78,62
Gm14167,0,0,0,2,0,0
Fkbp1a,134,59,171,389,204,196
Sdcbp2,1,0,0,1,0,0
Snph,9,6,16,10,15,11
Tmem74b,2,3,1,2,2,2
Psmf1,19,2,26,28,19,20
Angpt4,0,0,0,2,0,0
Gm14154,0,0,0,0,1,0
Fam110a,7,11,8,20,20,19
Srxn1,14,8,26,15,29,13
Tcf15,0,0,0,0,0,1
Csnk2a1,139,77,173,165,204,167
Tbc1d20,42,30,40,43,48,27
Rbck1,35,8,41,45,40,37
Trib3,0,0,1,0,0,0
Nrsn2,0,0,1,0,1,0
Sox12,38,18,41,62,59,42
Zcchc3,16,13,37,35,35,36
6820408C15Rik,1,0,0,0,1,0
H13,69,39,81,92,75,85
Mcts2,11,7,16,19,16,17
Id1,2,1,11,8,9,5
Bcl2l1,22,19,22,39,19,19
Tpx2,1,4,1,3,0,6
Foxs1,0,0,0,1,3,0
Dusp15,62,26,98,149,136,72
Ttll9,0,0,0,0,1,3
Pdrg1,34,14,36,60,54,38
Hck,2,2,5,6,4,1
Tm9sf4,106,65,113,91,116,89
Tspyl3,2,2,12,5,9,8
Plagl2,10,7,13,18,9,9
Pofut1,30,27,43,36,41,47
Kif3b,16,6,18,13,15,8
Asxl1,15,5,25,27,25,12
Nol4l,28,19,47,46,47,32
Commd7,34,26,47,53,34,37
Dnmt3b,5,1,4,3,0,5
Mapre1,100,70,140,168,166,114
Cdk5rap1,5,3,4,4,3,3
Snta1,3,4,6,8,9,3
Cbfa2t2,10,5,8,14,16,6
Necab3,0,0,0,1,0,0
1700003F12Rik,0,1,0,1,1,0
E2f1,1,0,3,0,0,0
Pxmp4,0,3,5,4,8,1
Zfp341,0,1,11,1,2,2
Chmp4b,76,43,91,142,128,93
Raly,47,34,82,100,79,66
Eif2s2,156,98,242,238,270,211
Ahcy,2,4,6,4,10,2
Itch,82,51,131,136,112,88
Dynlrb1,146,112,217,225,203,194
Map1lc3a,101,51,186,230,163,144
Pigu,23,17,39,33,34,34
Trp53inp2,18,14,17,37,20,7
Ncoa6,29,28,44,41,53,37
Ggt7,27,10,44,38,34,22
Acss2,15,14,28,33,20,15
Gss,13,6,10,53,14,13
Trpc4ap,67,64,86,82,90,81
Edem2,29,18,39,41,42,33
Mmp24,5,4,6,3,4,2
BC029722,11,12,31,21,32,30
Eif6,33,31,57,77,42,58
Gm16098,0,0,0,0,0,1
Uqcc1,22,10,19,20,20,20
Cep250,18,8,12,7,10,9
6430550D23Rik,2,0,2,3,1,1
Ergic3,135,72,164,134,179,154
Spag4,0,0,2,0,1,0
Rbm12,23,15,29,26,27,21
Nfs1,29,17,50,43,41,44
Romo1,111,96,179,112,173,130
Rbm39,390,259,580,622,630,522
Phf20,29,25,76,77,72,62
Scand1,145,97,236,199,148,167
Cnbd2,22,1,8,9,19,7
Gm14252,0,0,0,0,0,1
Epb41l1,34,14,51,46,69,57
Aar2,11,8,13,17,19,20
Gm14168,1,0,3,4,5,2
Dlgap4,70,59,129,112,91,119
Myl9,2,3,4,4,1,4
Tgif2,1,2,0,7,1,2
4930518I15Rik,14,5,3,4,4,6
1110008F13Rik,46,32,77,80,47,70
Sla2,1,0,0,0,0,1
Ndrg3,91,46,120,86,114,104
Dsn1,0,0,2,0,2,1
Soga1,23,11,30,59,44,38
Samhd1,18,18,27,22,29,18
Rbl1,5,5,13,5,12,6
Rpn2,153,92,226,188,191,190
Ghrh,0,1,0,1,0,0
Manbal,48,26,68,68,67,73
Src,80,39,83,58,77,76
Gm14286,2,3,0,2,0,0
Blcap,35,32,69,41,65,49
Nnat,446,320,675,305,414,450
Ctnnbl1,22,14,46,25,27,30
Tti1,17,8,14,16,13,10
Rprd1b,18,21,32,29,30,23
Tgm2,3,11,9,9,3,10
D630003M21Rik,3,5,8,4,9,6
Lbp,7,2,0,0,0,1
Snhg11,119,69,177,128,164,118
Ralgapb,29,18,57,30,38,26
Slc32a1,0,0,0,1,0,0
Actr5,12,4,18,21,15,19
Ppp1r16b,87,31,127,284,184,92
Fam83d,1,0,1,7,1,0
Dhx35,12,6,13,11,15,7
Gm826,0,0,1,0,0,1
Mafb,65,57,54,91,59,66
Top1,250,147,353,306,324,331
Plcg1,16,3,22,20,26,16
Zhx3,32,33,62,34,31,45
Gm16751,1,1,5,1,5,0
Lpin3,0,0,1,0,1,0
Emilin3,0,0,1,0,0,0
Chd6,105,64,145,139,139,134
Ptprt,63,49,101,48,85,57
Srsf6,109,71,159,210,213,108
L3mbtl1,0,0,2,1,1,1
Sgk2,5,1,3,25,9,1
Ift52,10,8,18,16,8,8
Mybl2,1,0,0,1,0,0
Gtsf1l,0,0,0,0,0,1
Tox2,6,2,9,9,9,8
Oser1,11,8,23,39,19,19
2900093K20Rik,10,16,14,13,16,11
Gdap1l1,15,11,19,14,14,18
Fitm2,19,12,15,20,17,8
Ttpal,19,9,8,20,20,7
Serinc3,94,76,93,231,159,82
0610039K10Rik,0,0,0,0,1,0
Pkig,8,18,20,36,21,32
Gm16316,0,0,0,1,0,0
Ada,1,0,1,5,2,2
Rims4,3,1,4,0,2,4
Ywhab,201,137,327,237,269,194
Tomm34,28,19,37,37,37,40
Stk4,19,5,34,35,23,35
Kcns1,1,0,1,0,1,0
Wfdc12,0,0,0,0,1,0
Slpi,2,3,1,0,2,0
Matn4,764,519,1075,625,857,1023
Rbpjl,26,8,40,19,38,21
Sdc4,7,15,16,7,12,5
Sys1,55,40,86,130,91,104
Gm14302,1,0,2,0,0,0
Dbndd2,36,12,68,213,76,64
Pigt,79,47,113,91,94,98
Wfdc2,4,0,1,0,1,0
Wfdc3,0,0,1,0,0,0
Dnttip1,31,14,41,39,24,34
Gm11457,0,0,0,0,1,0
Ube2c,1,0,0,6,1,0
Snx21,33,16,52,28,35,25
Acot8,19,9,14,20,20,17
Zswim3,0,0,4,3,4,2
Zswim1,3,5,11,8,8,4
Neurl2,1,2,3,4,3,1
Ctsa,64,39,77,127,97,65
Pltp,2,2,5,0,2,7
Pcif1,42,35,91,60,83,62
Zfp335,14,13,13,13,16,5
Zfp335os,1,1,2,0,4,2
Mmp9,0,0,1,0,0,1
Slc12a5,2,5,7,4,6,1
Ncoa5,19,13,38,16,21,27
Cdh22,12,8,13,8,16,12
Slc35c2,22,8,24,15,29,27
Elmo2,15,13,21,21,19,23
Zfp334,8,6,12,12,20,7
Ocstamp,0,0,0,1,0,0
Slc13a3,2,1,1,2,0,0
Trp53rka,17,7,40,33,34,26
Slc2a10,0,1,1,0,0,0
Eya2,1,0,1,1,8,1
Zmynd8,103,85,158,130,131,155
Ncoa3,22,24,32,33,35,22
Sulf2,504,386,841,545,790,654
Prex1,221,156,347,222,254,238
Trp53rkb,12,4,8,8,9,12
Arfgef2,9,6,19,8,16,12
Cse1l,43,13,45,25,46,31
Stau1,41,25,50,51,55,41
Ddx27,24,10,32,28,22,18
Znfx1,11,3,20,15,15,19
Zfos1,48,31,46,61,73,56
Kcnb1,40,47,74,50,70,41
Ptgis,0,0,0,0,0,1
B4galt5,13,5,14,10,15,8
Slc9a8,14,7,13,17,22,19
Spata2,12,13,31,41,36,18
Rnf114,25,14,32,27,35,17
Ube2v1,3,2,9,8,13,2
Tmem189,45,14,52,57,59,27
Cebpb,43,25,28,40,43,13
Ptpn1,34,23,50,60,58,68
Gm20716,1,0,0,0,0,0
Adnp,7,3,6,12,13,7
Dpm1,89,53,103,146,135,92
Mocs3,4,0,7,3,7,9
Kcng1,0,1,0,0,1,0
Nfatc2,44,15,72,72,64,67
Atp9a,166,102,231,214,199,202
Zfp64,18,6,25,12,10,18
Gm9873,2,0,1,0,2,2
Tshz2,44,58,114,83,90,89
Gm26883,0,0,0,2,1,0
Zfp217,4,3,7,4,9,5
Bcas1,229,95,240,449,313,306
Bcas1os2,0,0,0,1,0,0
Bcas1os1,0,0,2,3,3,0
Pfdn4,39,25,52,54,59,50
Gm16796,0,0,1,0,0,0
Dok5,10,6,17,5,9,18
Cbln4,0,1,0,1,1,1
Fam210b,1,2,6,1,2,3
Aurka,3,2,1,2,2,0
Cstf1,11,6,11,15,10,10
Cass4,0,0,1,1,0,0
Rtfdc1,31,17,48,42,57,50
Fam209,0,1,0,0,0,0
Bmp7,46,33,79,38,57,64
Rae1,33,17,26,48,33,28
Rbm38,3,4,6,5,6,4
Zbp1,0,0,0,0,0,1
Pmepa1,118,88,250,198,211,129
Rab22a,32,29,56,44,43,28
Vapb,61,39,76,60,70,59
Stx16,97,62,114,111,95,87
Npepl1,24,23,45,32,28,23
Gm10714,0,0,2,0,0,0
Nespas,3,0,2,3,3,3
Gnas,691,488,1062,958,839,713
Gm20721,1,1,4,3,2,0
Nelfcd,17,13,25,31,22,21
Ctsz,51,57,49,135,86,56
Atp5e,307,184,427,277,393,300
Slmo2,20,19,38,54,34,40
Edn3,0,0,0,1,0,0
Gm14399,7,4,4,4,4,4
Gm14443,1,0,1,1,4,0
Gm14391,2,5,2,4,4,4
Gm4631,25,18,35,25,27,24
Gm4723,7,2,7,14,6,7
Gm4724,3,0,0,1,2,0
Gm8923,1,2,2,0,1,1
Gm6710,22,16,39,35,20,21
Gm8898,4,3,1,12,7,4
Gm2026,0,1,7,2,1,0
Gm11008,1,0,1,0,0,1
Gm14435,0,0,0,3,1,0
Gm14308,2,0,2,0,1,0
Gm14306,2,1,0,1,0,1
Gm14305,32,21,62,38,35,43
Gm14295,12,9,27,15,19,14
Gm14296,30,27,47,52,27,34
Gm14419,7,1,16,8,5,9
Gm14410,2,0,0,1,4,1
Gm14412,0,0,0,1,2,0
Gm14418,7,14,19,12,10,14
Gm14420,2,1,3,4,4,1
Gm14403,1,2,4,2,3,2
Gm14322,7,2,6,4,6,1
Gm14325,2,1,2,6,4,1
Gm14327,11,1,8,4,15,9
C330013J21Rik,0,0,0,1,0,0
Gm14326,7,3,6,3,7,4
Etohi1,4,2,6,11,3,0
Gm26869,2,0,0,0,0,0
Zfp931,17,16,26,17,25,22
Phactr3,172,96,221,189,193,208
Sycp2,2,0,2,1,0,0
Ppp1r3d,8,5,5,8,6,7
Fam217b,12,5,33,20,8,18
Cdh26,0,0,0,0,0,1
Cdh4,23,9,32,23,27,9
Taf4a,18,11,24,14,23,19
Lsm14b,24,17,37,29,34,28
Psma7,140,99,226,232,221,184
Ss18l1,4,15,24,21,19,7
Mtg2,31,6,31,23,24,21
Hrh3,0,0,0,1,1,0
Osbpl2,26,21,35,29,26,33
Adrm1,33,28,53,59,57,54
Lama5,0,1,0,0,1,0
Rps21,351,256,512,455,634,583
Cables2,10,4,10,7,11,9
B230312C02Rik,0,0,0,0,4,0
Slco4a1,0,1,0,0,2,1
Mrgbp,21,10,34,27,44,18
Ogfr,32,9,58,51,58,59
Col9a3,57,33,96,134,128,117
Tcfl5,1,0,0,0,0,0
Dido1,45,28,69,72,61,30
Gid8,27,20,44,37,37,37
Slc17a9,0,0,0,0,2,1
Gm27032,0,0,0,2,1,0
Ythdf1,43,21,59,45,67,51
Nkain4,28,30,58,26,43,63
Arfgap1,22,26,34,55,42,43
Col20a1,4,0,5,9,4,7
Chrna4,34,27,69,20,47,39
Kcnq2,28,29,43,18,41,34
Eef1a2,127,82,165,82,116,97
Ppdpf,87,55,113,181,120,121
Ptk6,0,0,1,0,0,0
Srms,0,0,2,1,3,1
BC051628,0,0,0,0,0,1
Helz2,2,2,4,1,2,0
Gmeb2,10,3,13,12,10,4
Stmn3,161,99,263,121,169,209
Rtel1,11,5,8,9,5,2
Arfrp1,28,21,53,55,51,43
Zgpat,24,7,20,21,23,22
Lime1,0,0,0,0,0,1
Zbtb46,5,1,3,7,3,4
Tpd52l2,75,44,101,101,74,55
Dnajc5,57,42,101,96,89,77
Uckl1,28,11,35,34,32,20
Uckl1os,0,0,0,0,1,0
Zfp512b,32,15,63,49,46,21
Prpf6,39,10,40,31,16,25
Samd10,8,4,15,4,8,13
Sox18,0,0,0,0,1,0
Tcea2,12,6,18,11,16,10
Rgs19,10,6,12,16,13,14
Oprl1,78,23,83,32,53,54
Myt1,57,43,105,67,76,45
Pcmtd2,97,66,127,106,123,77
Polr3k,31,15,39,52,47,42
Nudt11,16,29,31,22,33,18
AU022751,0,3,0,2,2,0
Nudt10,25,16,41,15,37,35
Shroom4,0,2,2,0,5,1
Dgkk,1,0,2,0,3,2
Clcn5,21,10,33,35,32,24
Usp27x,14,2,8,5,6,6
Ppp1r3f,5,5,11,7,5,2
Ppp1r3fos,1,0,1,2,1,3
Ccdc22,9,3,20,28,12,18
Cacna1f,0,0,0,0,0,1
Syp,28,23,43,26,34,32
Gm14703,3,1,3,8,6,3
Prickle3,0,1,3,1,4,2
Plp2,4,2,4,2,6,2
Gpkow,9,12,19,16,20,13
Wdr45,17,13,25,20,33,25
Praf2,34,30,55,40,37,59
Ccdc120,6,4,14,6,3,7
Tfe3,16,14,41,33,40,16
Gripap1,39,25,56,52,44,32
Kcnd1,6,4,10,5,6,5
Otud5,27,20,43,17,40,35
Pim2,8,3,14,12,9,6
Slc35a2,32,24,64,84,67,52
Pqbp1,62,29,82,56,66,73
Timm17b,41,18,49,37,37,47
Pcsk1n,734,410,1188,649,726,1094
Hdac6,16,12,26,17,27,21
Suv39h1,6,5,16,9,22,9
Was,1,0,0,3,2,0
Wdr13,31,24,38,38,32,27
Rbm3,67,34,91,123,153,90
Rbm3os,0,0,0,1,0,0
Tbc1d25,1,2,5,4,3,5
Ebp,18,19,28,60,22,15
Porcn,48,19,70,46,38,47
Ftsj1,20,13,38,42,36,18
Slc38a5,0,0,0,1,0,0
B630019K06Rik,11,6,6,16,27,23
Lancl3,1,0,0,0,0,0
Xk,6,3,11,7,8,4
1700012L04Rik,1,0,0,1,0,1
Cybb,0,0,1,1,0,0
Dynlt3,56,38,78,88,73,72
Hypm,0,0,1,1,0,0
Sytl5,1,1,0,4,2,1
Srpx,3,0,4,1,5,3
Rpgr,13,5,13,12,7,5
Tspan7,344,212,493,262,375,311
Gm10489,0,0,0,1,0,0
Mid1ip1,96,52,130,107,86,125
Bcor,12,8,13,18,18,10
Atp6ap2,84,48,122,153,124,84
1810030O07Rik,8,7,26,12,17,19
Med14,15,13,32,25,24,14
Usp9x,92,62,138,133,112,79
Ddx3x,97,60,109,179,178,103
Cask,149,88,236,165,154,132
Gpr34,11,24,8,43,44,18
Gpr82,2,0,1,1,0,0
Maoa,43,37,71,53,56,32
Maob,1,2,0,6,2,3
Ndp,16,5,29,15,19,16
Efhc2,0,0,0,0,0,1
Fundc1,32,24,67,38,49,42
Kdm6a,28,15,37,43,42,28
Gm26652,1,0,1,1,1,1
Chst7,47,35,74,39,55,52
Slc9a7,10,2,7,4,4,5
Rp2,20,23,37,21,21,10
Jade3,4,2,3,4,10,6
Rgn,0,1,0,0,0,0
Ndufb11,202,119,246,216,189,227
Rbm10,23,14,33,28,38,19
Uba1,87,38,124,75,113,86
Cdk16,38,32,47,45,51,53
Usp11,15,11,23,32,29,15
Araf,78,61,108,119,112,61
Syn1,26,17,28,14,39,27
Timp1,1,0,0,0,0,0
Cfp,11,5,7,10,6,0
Elk1,16,8,20,14,23,14
Uxt,7,8,11,14,9,13
Zfp182,7,2,11,10,6,2
Spaca5,0,0,0,1,0,0
Zfp300,3,2,6,5,6,6
Gm6938,0,1,0,0,0,0
Klhl13,63,38,112,59,71,57
Wdr44,11,6,19,21,26,7
Dock11,13,8,17,14,20,8
Il13ra1,1,0,1,0,4,1
Zcchc12,28,7,18,17,31,18
Lonrf3,3,0,2,3,4,0
Pgrmc1,140,89,197,145,137,120
Akap17b,7,4,17,9,15,13
Slc25a43,1,1,1,1,0,0
Slc25a5,157,93,252,221,232,208
2310010G23Rik,0,0,1,0,1,1
C330007P06Rik,25,15,37,42,42,36
Ube2a,26,17,50,48,51,38
Nkrf,4,5,14,14,19,8
Sept6,7,5,13,14,12,7
Rpl39,442,304,590,427,610,486
Upf3b,69,41,99,118,95,91
Nkap,24,20,48,42,56,34
Ndufa1,105,68,170,58,113,110
Rnf113a1,7,0,3,4,12,4
Rhox8,1,0,0,1,0,0
Zbtb33,36,27,46,38,49,21
Tmem255a,76,50,105,75,83,81
Lamp2,144,105,186,230,207,156
Gm7598,1,0,2,3,0,1
Cul4b,9,9,17,18,20,13
Mcts1,33,14,55,59,34,62
C1galt1c1,36,17,41,51,31,34
Gria3,251,129,381,193,243,165
Thoc2,94,50,108,125,132,93
Xiap,90,68,139,105,121,80
Stag2,56,50,81,88,97,56
Sh2d1a,1,0,0,1,0,0
Tenm1,57,30,92,66,84,45
Dcaf12l2,12,1,12,5,5,9
Dcaf12l1,52,28,81,61,82,59
Prr32,0,1,1,0,0,1
Smarca1,27,31,50,36,47,49
Ocrl,41,45,54,38,65,49
Apln,0,5,6,5,0,0
Sash3,0,1,1,0,2,0
Zdhhc9,24,13,20,86,44,25
Utp14a,20,12,16,25,29,17
Bcorl1,15,4,16,24,19,10
Elf4,2,0,0,2,1,2
Aifm1,22,7,26,24,36,17
Rab33a,18,12,28,78,69,19
Zfp280c,26,10,33,33,31,12
Slc25a14,21,7,24,20,16,20
Rbmx2,17,7,18,15,24,6
Enox2,9,1,4,8,7,8
Igsf1,4,0,2,0,2,1
Stk26,0,0,0,3,1,0
Frmd7,2,1,2,2,1,2
Rap2c,13,9,27,20,26,15
Hs6st2,14,5,14,9,12,7
Gpc4,2,1,3,1,1,1
Ccdc160,1,0,2,1,1,2
Phf6,49,22,77,34,80,43
Hprt,28,16,27,19,17,19
Gm28730,0,0,0,0,1,0
Fam122b,11,3,12,7,15,10
Mospd1,16,11,28,33,24,21
Cxx1c,0,0,0,1,0,0
Cxx1a,149,83,205,124,201,191
Cxx1b,80,48,93,82,101,88
4930502E18Rik,0,0,0,0,1,0
Xlr,0,4,0,8,1,2
3830403N18Rik,0,0,0,2,0,2
Zfp449,2,6,8,7,5,10
Smim10l2a,4,2,6,5,9,5
Ddx26b,46,14,51,62,65,27
Gm648,0,0,0,1,2,0
Mmgt1,20,23,36,33,50,22
Slc9a6,31,24,35,29,35,29
Fhl1,37,13,31,23,25,27
Htatsf1,32,15,48,41,39,28
Arhgef6,12,8,24,14,24,16
Rbmx,74,52,139,124,116,120
Zic3,1,0,0,0,0,0
Fgf13,34,14,31,19,27,15
F9,0,1,0,0,0,0
Mcf2,5,1,7,4,3,8
Atp11c,15,3,18,10,15,10
Sox3,88,57,111,40,65,91
Gm14662,1,1,3,0,2,4
Gm14664,0,0,0,1,1,1
Cdr1,0,0,6,2,2,2
4931400O07Rik,0,0,0,0,1,0
Slitrk4,33,30,43,33,39,23
4930447F04Rik,1,0,0,2,0,0
Slitrk2,103,79,181,68,127,89
Fmr1,61,46,89,77,88,56
Fmr1nb,0,2,0,0,1,1
Gm14698,42,27,50,55,40,42
Aff2,10,3,9,13,9,6
Ids,48,43,96,75,59,40
1110012L19Rik,14,16,23,18,21,21
BC023829,18,11,20,23,16,20
Mamld1,10,9,22,17,19,13
Mtm1,17,9,30,25,22,23
Mtmr1,17,8,24,23,28,15
Cd99l2,27,14,40,35,41,29
Hmgb3,27,17,49,38,46,28
Vma21,55,39,70,64,57,62
Prrg3,22,13,26,19,24,18
Fate1,0,0,0,0,1,0
Gabre,2,0,4,3,7,2
Gabra3,28,13,38,17,25,13
Gabrq,2,0,0,3,2,1
Cetn2,29,18,35,29,44,31
Nsdhl,11,12,27,23,17,5
Zfp185,0,0,0,0,0,2
Pnma3,9,3,13,14,13,11
Xlr4a,0,0,0,1,0,0
Xlr3a,0,2,1,0,0,1
Xlr3b,3,3,7,4,0,2
Xlr4b,0,2,0,2,3,2
F8a,26,7,28,31,42,20
Zfp275,18,21,22,27,27,21
Zfp92,5,1,1,2,0,0
Haus7,18,13,15,11,22,14
Bgn,7,1,3,8,5,2
Atp2b3,4,4,6,3,9,8
Dusp9,4,1,6,13,12,11
Pnck,20,14,26,20,25,26
Slc6a8,36,24,51,49,64,29
Bcap31,72,59,136,117,109,115
Abcd1,8,12,23,14,10,17
Plxnb3,67,34,78,117,119,70
Srpk3,16,14,26,31,24,15
Idh3g,53,32,64,60,55,61
Ssr4,100,69,180,168,173,127
Pdzd4,10,7,19,10,7,16
L1cam,37,25,47,25,38,28
Arhgap4,0,1,1,3,4,1
Naa10,36,14,43,44,47,33
Renbp,3,4,2,3,8,3
Hcfc1,36,28,57,51,58,41
Irak1,41,22,71,64,65,57
Mecp2,54,41,104,88,97,60
Flna,20,16,25,27,34,12
Emd,31,13,50,23,43,41
Rpl10,313,254,449,547,408,493
Dnase1l1,1,0,0,0,0,0
Taz,47,21,71,62,65,61
Atp6ap1,114,84,165,160,161,187
Gdi1,92,82,129,166,168,128
Fam50a,33,11,33,45,40,37
Plxna3,35,23,55,33,40,22
Lage3,70,41,68,60,47,56
Ubl4a,15,10,31,38,27,33
Slc10a3,1,0,0,1,5,0
Fam3a,24,13,32,34,28,33
Ikbkg,12,6,24,16,18,7
G6pdx,22,18,26,25,22,19
Gab3,5,3,9,7,6,3
Dkc1,27,20,32,27,28,27
Mpp1,15,8,24,24,23,13
F8,1,1,4,6,3,7
Fundc2,45,31,48,71,56,65
Cmc4,22,14,40,35,18,32
Mtcp1,6,5,12,14,12,3
Brcc3,37,27,50,28,37,35
Vbp1,39,38,101,117,81,79
Rab39b,29,16,36,35,40,35
Pls3,28,17,48,37,36,32
Tbl1x,52,32,74,63,53,61
Prkx,6,15,19,23,27,16
Prrg1,25,16,42,30,24,19
Gm7173,4,0,0,2,2,1
Mageb16,1,1,4,5,0,1
Gm26775,0,0,1,1,1,0
Tmem47,39,51,68,53,51,37
Dmd,88,75,140,103,117,86
Tab3,3,3,10,9,17,7
Gk,21,13,30,14,18,18
Gm14764,0,0,1,0,0,0
5430427O19Rik,0,0,0,5,1,0
Il1rapl1,93,50,112,99,129,45
Arx,1,2,2,1,2,2
Pola1,5,2,6,4,5,6
Pcyt1b,18,19,33,30,28,32
Pdk3,11,11,17,21,24,26
Zfx,28,17,39,45,30,11
Eif2s3x,39,28,59,48,60,26
Klhl15,14,9,7,9,16,6
Apoo,18,16,33,26,23,36
Gm14827,4,1,1,4,3,2
Maged1,292,185,428,288,373,297
Gspt2,18,8,27,20,24,14
Zxdb,9,6,27,9,20,9
RP23-9K14.6,0,0,0,0,0,1
Spin4,2,3,3,2,11,3
Arhgef9,51,33,82,52,66,48
Amer1,13,7,9,18,26,15
Zc4h2,21,17,26,30,22,27
Zc3h12b,3,0,11,9,15,8
Las1l,31,12,42,37,48,29
Msn,22,12,17,35,33,13
F630028O10Rik,0,1,0,0,0,0
Heph,0,1,0,0,0,0
Gpr165,2,3,3,3,7,1
Eda2r,3,0,4,1,2,0
Ar,7,7,6,4,11,3
Ophn1,57,25,69,63,70,45
Yipf6,33,22,42,55,48,27
Stard8,1,1,3,3,2,3
Efnb1,14,13,22,26,19,19
Gm14808,1,0,0,0,0,0
Pja1,58,33,90,92,78,79
Tmem28,4,5,5,1,5,2
Eda,1,0,2,2,1,1
Igbp1,28,19,41,42,44,46
Pdzd11,28,12,38,58,43,26
Kif4,0,0,0,0,1,0
Gdpd2,5,2,6,4,3,3
Dlg3,24,31,51,21,25,32
Slc7a3,61,46,90,62,88,69
Snx12,14,9,21,20,23,21
Foxo4,16,13,14,6,10,5
Med12,14,14,22,17,21,22
Nlgn3,251,156,413,227,291,269
Gjb1,17,8,23,60,28,17
Zmym3,22,25,34,25,44,31
Nono,101,65,158,110,101,116
Taf1,39,23,57,44,66,40
Ogt,217,182,334,311,308,244
Nhsl2,2,2,13,5,19,11
Rgag4,1,1,7,5,1,3
Pin4,37,25,54,34,57,46
Ercc6l,0,0,0,0,1,1
Rps4x,246,198,386,430,332,382
Cited1,8,5,11,4,10,17
Hdac8,25,10,35,33,25,14
Phka1,32,32,35,26,34,30
Dmrtc1a,1,1,3,0,2,0
Nap1l2,16,15,36,11,23,26
Chic1,24,29,49,28,28,25
Tsx,1,0,0,0,0,0
Tsix,0,0,2,0,1,1
Xist,1,0,1,1,0,1
Jpx,18,8,18,11,15,12
Ftx,8,5,14,16,14,4
Slc16a2,47,27,71,43,50,54
Rlim,48,25,51,73,78,43
C77370,28,18,62,28,45,33
Abcb7,16,13,41,24,20,11
Uprt,1,0,4,2,2,3
Zdhhc15,5,5,16,11,8,7
Magee2,7,8,11,8,7,7
Pbdc1,16,16,23,25,31,24
Magee1,48,31,88,77,71,64
5330434G04Rik,57,31,79,78,108,68
Atrx,147,87,206,206,148,145
Magt1,59,37,79,67,45,55
Cox7b,174,142,278,162,218,179
Atp7a,11,6,12,14,13,13
Tlr13,0,0,3,1,1,0
Pgk1,18,18,39,36,18,39
Taf9b,44,16,51,49,50,58
Cysltr1,0,1,1,5,3,3
Lpar4,6,7,11,15,12,11
A630033H20Rik,3,6,5,2,5,4
Itm2a,23,16,38,20,40,41
2610002M06Rik,16,14,21,21,27,21
Fam46d,0,0,0,0,0,1
Brwd3,9,11,31,29,16,10
Hmgn5,23,14,47,35,43,45
Sh3bgrl,56,25,65,35,46,41
Gm6377,1,0,0,0,0,0
RP23-240M8.2,0,0,2,1,0,1
Pou3f4,9,4,7,6,9,5
Rps6ka6,15,9,11,9,11,5
Hdx,7,8,8,9,16,6
RP23-466J17.3,0,0,1,0,0,0
Tex16,0,0,1,0,1,0
4933403O08Rik,0,0,0,0,1,0
Apool,14,7,19,17,17,14
Zfp711,10,9,24,20,15,10
Chm,43,27,60,53,56,29
Dach2,10,5,4,18,10,5
Klhl4,15,4,9,22,6,9
Pabpc5,6,3,9,8,5,3
Pcdh11x,119,71,168,121,164,126
H2afb3,1,0,0,0,0,0
Nap1l3,23,9,23,24,33,23
Cldn34c1,15,11,17,19,13,23
Gm14951,1,0,0,0,0,0
Diaph2,27,14,44,24,29,30
Pcdh19,27,11,43,28,42,28
Gm26851,0,1,0,0,0,0
Tspan6,84,53,120,63,117,91
Cstf2,47,33,68,55,55,41
Nox1,0,0,2,0,0,0
Xkrx,0,0,1,0,0,0
Trmt2b,13,5,21,12,11,15
Tmem35,31,19,57,27,28,49
Cenpi,1,0,1,0,1,0
Drp2,3,2,10,6,9,4
Timm8a1,9,5,10,9,6,5
Btk,0,1,1,3,1,2
Rpl36a,197,124,251,168,284,216
Gla,8,4,19,13,16,12
Hnrnph2,69,46,71,81,79,68
Armcx4,22,13,23,12,27,15
Armcx1,16,11,29,23,29,18
Armcx6,8,10,18,7,17,11
Armcx3,63,32,82,83,77,70
Armcx2,32,9,37,28,24,17
Zmat1,21,10,29,22,19,26
Tceal6,22,19,33,12,32,26
Gm5128,0,0,1,1,0,0
Armcx5,11,10,16,33,27,22
Gprasp1,93,93,155,102,134,106
Bhlhb9,43,30,63,51,64,46
Gprasp2,38,21,63,34,50,50
Arxes2,110,77,166,91,144,115
Arxes1,53,48,114,51,64,74
Bex2,147,82,276,166,252,204
Nxf3,4,2,0,0,0,0
Bex4,60,33,101,70,99,76
Tceal8,63,43,89,97,106,80
Tceal5,43,16,72,33,50,49
Bex1,62,54,98,54,87,66
Wbp5,115,70,182,142,220,137
Ngfrap1,155,83,222,156,227,214
Tceal3,94,48,123,49,91,92
Tceal1,63,30,71,59,69,89
Morf4l2,114,74,181,210,171,155
Plp1,2645,507,2087,17175,5966,2040
Rab9b,9,4,18,12,8,5
Tmsb15l,11,7,10,8,12,12
Tmsb15b2,6,2,11,1,4,4
Tmsb15b1,10,6,24,7,6,15
Slc25a53,12,5,17,13,13,16
Zcchc18,103,76,149,108,119,115
Fam199x,23,19,33,40,21,21
Mum1l1,2,4,8,10,10,10
Rnf128,31,30,39,33,40,43
Tbc1d8b,9,1,14,7,10,12
Cldn2,0,1,0,0,0,0
Morc4,5,7,8,5,8,6
Rbm41,4,3,13,6,10,2
Prps1,1,4,3,7,3,2
Tsc22d3,34,36,38,73,35,24
Mid2,0,0,0,1,1,0
Psmd10,15,5,24,32,28,17
Atg4a,2,5,9,8,9,6
Gucy2f,14,19,28,3,14,14
Nxt2,42,24,52,34,30,47
Kcne1l,0,0,0,3,0,0
Acsl4,24,10,15,13,11,12
Tmem164,4,12,9,9,14,11
Ammecr1,10,7,15,14,20,16
Rgag1,0,0,0,0,1,0
Chrdl1,4,1,2,2,0,1
Pak3,61,49,99,101,92,74
Capn6,0,1,0,4,3,1
Dcx,53,41,98,88,78,55
Alg13,9,12,15,11,15,5
Trpc5,9,5,9,8,5,5
Zcchc16,14,7,21,1,14,12
Amot,4,8,4,2,1,1
Htr2c,1,0,0,0,0,0
Lrch2,49,28,82,77,58,43
Gm15097,1,0,0,1,0,0
Tmem29,36,21,58,31,45,49
Apex2,6,4,19,11,11,7
Alas2,0,0,0,13,0,0
Pfkfb1,0,0,0,0,1,1
Tro,27,29,45,38,59,51
Maged2,63,41,91,58,86,73
Gnl3l,45,20,70,45,58,45
Fgd1,15,11,36,21,34,20
Tsr2,22,17,25,39,42,16
Gm15138,0,0,2,0,0,0
Wnk3,27,19,40,37,33,20
A230072E10Rik,0,0,2,0,2,1
Fam120c,10,7,6,10,16,11
Phf8,26,10,23,29,30,18
Huwe1,78,46,122,94,98,64
Hsd17b10,41,28,67,71,50,69
Smc1a,86,41,95,92,77,77
Iqsec2,11,20,15,18,19,12
Kdm5c,38,16,45,51,37,38
Kantr,3,2,3,2,6,2
Tspyl2,26,27,33,49,43,40
Gpr173,13,3,12,14,18,9
Shroom2,31,13,43,55,44,33
Usp51,11,2,15,7,20,10
Mageh1,101,68,159,117,119,140
Rragb,7,5,10,6,14,10
Klf8,4,2,2,4,5,2
Ubqln2,95,62,148,102,106,105
Kctd12b,20,13,44,24,23,20
RP23-106P7.5,0,0,1,1,1,2
2210013O21Rik,20,20,48,47,51,41
Spin2c,6,5,16,11,20,6
Sat1,82,77,139,167,144,76
Acot9,5,10,6,10,10,8
Prdx4,37,21,71,29,59,53
Ptchd1,1,0,4,0,3,2
Gm15155,0,0,1,0,0,0
Phex,1,0,0,1,0,0
Sms,46,23,53,41,50,54
Mbtps2,20,10,24,34,23,22
Klhl34,0,0,1,0,0,0
Cnksr2,10,4,5,11,13,5
Rps6ka3,19,20,34,32,32,24
Eif1ax,62,32,84,97,61,67
Map7d2,67,49,100,42,88,66
A830080D01Rik,15,13,27,23,20,17
Sh3kbp1,31,18,35,21,27,20
Map3k15,0,0,0,2,3,0
Pdha1,66,38,76,71,73,40
Adgrg2,5,2,0,2,5,0
Phka2,6,4,19,14,20,15
Rs1,0,0,0,0,1,0
Cdkl5,44,31,51,47,57,31
Gja6,1,0,2,0,0,1
Scml2,2,3,4,1,0,2
Rai2,9,2,10,3,3,2
Nhs,1,0,0,3,0,0
Reps2,28,9,31,20,25,14
Rbbp7,69,30,75,70,76,66
Txlng,20,13,27,35,24,22
Syap1,18,6,24,22,26,15
Ctps2,18,9,12,10,6,15
S100g,0,0,0,0,0,1
Rnf138rt1,1,1,4,3,0,1
Ap1s2,10,9,16,7,16,14
Zrsr2,33,16,41,52,42,28
Car5b,0,0,1,0,0,0
Siah1b,2,2,4,4,7,4
Pir,4,0,12,8,7,2
Figf,0,0,0,1,2,0
Piga,3,5,13,16,7,7
Mospd2,21,15,34,37,33,19
Fancb,1,2,2,2,4,1
Gemin8,3,2,8,6,6,8
Gpm6b,1096,741,1599,1081,1024,1253
Ofd1,6,4,12,17,12,9
Trappc2,35,26,46,59,47,45
Rab9,66,47,93,78,83,66
Tceanc,4,2,5,11,4,2
Egfl6,2,0,1,0,0,0
Gm15232,0,0,0,1,0,0
Tmsb4x,1627,1278,1680,3471,2233,2092
Tlr7,0,6,1,6,2,1
Prps2,19,12,32,25,23,17
Frmpd4,5,0,4,3,3,0
Msl3,11,15,26,16,16,16
Arhgap6,0,1,4,3,2,0
Gm15261,1,0,3,1,0,0
Hccs,40,16,37,42,39,38
Mid1,8,13,5,16,19,7
Gm21887,3,0,1,2,2,3
1110015O18Rik,8,6,19,12,12,11
Gm17308,1,0,0,1,0,0
Zfhx4,8,5,12,11,11,12
Pex2,50,35,74,122,64,72
Gm8797,17,12,28,28,17,10
Pkia,64,45,85,51,79,52
Zc2hc1a,36,29,44,28,33,38
Stmn2,0,0,1,1,1,0
Hey1,22,10,31,43,39,39
Mrps28,32,21,57,48,40,37
Tpd52,23,14,27,87,58,31
Zbtb10,12,7,14,26,15,19
Zfp704,77,49,75,87,86,46
Pag1,35,26,45,46,50,26
Gm16337,0,0,0,1,1,0
Fabp5,128,110,207,441,315,161
Gm9833,0,2,4,1,4,0
Fabp12,1,0,0,0,0,0
Impa1,45,43,81,71,68,71
Zfand1,15,6,28,28,28,15
Snx16,30,9,44,43,45,27
Gm2464,4,7,9,3,9,3
Gm38112,40,20,56,36,39,18
Gm2464-1,2,2,2,2,3,0
Ralyl,40,15,30,25,22,28
Lrrcc1,36,22,54,44,42,59
E2f5,20,14,27,35,23,28
1810022K09Rik,63,34,75,68,90,64
Car2,58,10,116,461,104,24
Ythdf3,62,44,74,85,80,48
Mir124-2hg,26,11,53,34,28,45
Bhlhe22,12,3,6,19,11,7
Cyp7b1,13,7,16,15,25,23
Armc1,77,41,112,103,89,84
Mtfr1,2,7,11,9,3,10
Pde7a,29,15,37,52,55,29
Crh,2,1,5,1,2,0
4632415L05Rik,24,15,38,31,25,22
Cp,59,37,101,66,99,85
Hps3,13,11,12,22,22,11
Hltf,30,18,43,32,35,34
Gyg,47,30,67,75,57,51
Gm43674,0,0,0,0,2,0
Gm43672,14,6,6,23,12,8
Tbl1xr1,53,40,79,80,102,56
Naaladl2,13,3,8,5,2,5
Nlgn1,166,110,247,180,211,163
A830092H15Rik,5,1,8,2,4,10
Ect2,1,0,2,0,0,0
Nceh1,68,41,132,80,90,93
Fndc3b,13,20,22,28,30,20
Tmem212,0,0,2,1,0,1
Pld1,32,17,44,38,50,39
Tnik,97,55,128,133,131,108
1700112D23Rik,1,0,2,0,0,0
Eif5a2,11,7,29,21,23,14
Gm32950,1,0,0,0,0,0
Rpl22l1,182,86,241,218,246,194
Egfem1,6,0,1,6,3,1
Mecom,0,0,1,0,0,0
Mynn,32,12,41,42,49,33
Gm15462,0,0,0,1,0,0
4933429H19Rik,2,0,0,0,0,0
Sec62,305,173,463,382,408,405
Gpr160,1,1,0,0,1,0
Phc3,61,34,92,84,85,50
Prkci,29,19,46,22,47,9
Skil,33,28,48,95,69,42
Cldn11,319,69,221,2126,819,311
Slc7a14,7,1,4,8,9,1
Gm38025,1,0,2,2,5,2
Zmat3,55,28,90,54,46,47
Pik3ca,58,31,55,62,76,41
Zfp639,28,20,44,52,51,32
Mfn1,45,48,70,61,91,54
Gnb4,106,43,145,216,182,137
Gm37640,0,0,0,0,0,1
Actl6a,32,28,54,86,66,67
Mrpl47,9,5,21,14,16,14
Ndufb5,103,83,191,159,183,141
Usp13,15,9,19,13,10,13
Gm37459,0,1,0,0,0,0
Pex5l,20,9,40,129,59,43
Gm43666,1,0,0,1,0,0
Ttc14,193,100,236,237,235,195
Ccdc39,17,10,10,14,12,11
Gm43140,1,0,0,0,0,0
Fxr1,92,49,133,125,108,97
Dnajc19,42,51,91,99,73,70
Gm20515,4,5,4,12,10,4
Gm29135,3,2,3,5,5,0
Gm42695,1,0,1,2,1,0
Sox2,220,167,352,369,308,282
Atp11b,50,31,47,83,64,26
Dcun1d1,55,29,67,82,65,56
Gm15952,2,1,7,2,3,3
Mccc1,19,13,29,43,19,28
Mccc1os,0,0,0,0,0,1
Acad9,20,18,33,27,21,23
D3Ertd254e,26,8,38,25,30,31
Anxa5,3,7,2,8,9,2
Exosc9,16,7,29,18,31,17
Ccna2,0,2,1,2,0,1
Bbs7,10,9,27,21,26,9
Trpc3,8,1,1,3,3,6
4932438A13Rik,56,34,79,60,85,47
Il2,0,7,7,5,7,0
Cetn4,10,5,3,7,8,6
Bbs12,3,2,1,3,5,2
Fgf2,3,3,10,6,9,4
Nudt6,3,0,4,5,8,6
Spata5,8,3,9,7,12,9
Spry1,105,81,180,183,186,171
Gm5148,1,1,4,4,5,10
Gm43536,0,0,0,1,1,0
Ankrd50,21,4,26,15,20,16
Fat4,8,4,14,10,8,9
Intu,6,3,8,10,7,3
Hspa4l,43,36,88,68,59,64
Plk4,10,4,9,15,21,4
Mfsd8,15,23,39,26,18,29
Abhd18,39,20,44,52,53,38
1700034I23Rik,0,1,0,0,0,0
Larp1b,4,3,5,8,7,4
Pgrmc2,71,42,90,57,72,49
Jade1,26,13,41,29,40,35
Sclt1,23,17,42,25,27,21
D3Ertd751e,20,16,32,22,15,21
Pcdh10,197,151,336,261,288,183
Pabpc4l,9,1,4,6,3,4
Pcdh18,1,1,4,0,1,1
Slc7a11,1,7,7,1,1,0
Noct,9,5,5,9,15,18
Elf2,40,23,51,63,58,30
Mgarp,0,0,0,0,1,0
Ndufc1,136,97,188,120,179,144
Naa15,51,13,63,87,82,58
Rab33b,41,24,54,49,56,39
Setd7,59,25,81,64,74,43
Maml3,12,10,31,22,23,12
Gm37229,0,0,0,0,1,0
Gm20089,1,0,1,0,0,0
Foxo1,20,10,23,16,22,12
Gm30173,1,0,0,0,0,0
Gm2447,1,0,0,0,0,0
Cog6,23,10,22,24,34,31
Lhfp,3,5,3,2,6,2
Nhlrc3,8,4,21,15,17,7
Proser1,30,20,46,54,51,31
Frem2,0,0,0,0,1,0
Ufm1,39,26,44,55,44,35
Supt20,45,23,62,71,60,40
Exosc8,31,16,39,27,31,22
Alg5,40,31,63,62,56,49
Smad9,4,4,8,1,8,3
Rfxap,30,21,53,50,43,40
Sertm1,11,2,17,8,14,7
Spg20,36,11,55,82,51,31
Ccdc169,0,2,0,0,2,0
Dclk1,228,200,441,254,308,288
Gm43549,0,0,0,0,2,0
Nbea,72,46,118,93,114,72
Mab21l1,0,1,0,0,0,1
Tm4sf1,0,4,0,0,2,0
Wwtr1,8,6,6,8,5,3
Gm26671,0,0,1,0,0,0
Commd2,40,14,49,42,57,56
Ankub1,1,1,1,8,0,0
Rnf13,140,85,175,349,171,137
Pfn2,205,123,266,433,324,309
4921539H07Rik,0,0,0,1,0,0
Tsc22d2,53,29,73,121,71,57
Serp1,78,44,85,115,83,97
Eif2a,32,28,66,60,54,52
Selt,184,111,249,210,208,176
Erich6,0,0,0,1,0,0
Siah2,11,12,21,32,24,18
Clrn1,1,0,0,0,0,1
Gm43570,1,2,4,4,8,4
Med12l,12,17,19,19,27,8
Gpr171,1,0,1,0,0,0
P2ry14,16,7,28,12,20,7
P2ry13,0,4,2,26,11,1
P2ry12,10,28,14,92,47,21
Igsf10,11,12,14,22,24,12
Gm38186,1,2,1,0,1,0
Mbnl1,92,63,140,166,131,90
Gm37035,1,1,1,4,2,0
P2ry1,16,18,22,14,22,16
Gm37696,0,1,0,1,3,1
Rap2b,41,28,82,50,60,46
B430305J03Rik,2,0,0,0,0,0
9330121J05Rik,2,3,3,3,2,2
Arhgef26,42,26,70,35,40,53
Dhx36,129,92,192,160,162,132
Gpr149,4,0,4,3,4,3
E130311K13Rik,14,0,9,12,11,13
Slc33a1,28,24,39,43,18,31
Gmps,52,24,68,62,44,60
Kcnab1,8,8,21,17,12,11
A330015K06Rik,2,0,0,2,0,0
Ssr3,146,88,190,148,181,111
Tiparp,37,23,36,33,54,32
Lekr1,19,6,24,15,29,17
Ccnl1,56,41,80,152,111,68
Gm37305,4,1,0,2,7,2
Shox2,0,0,0,0,0,1
Rsrc1,50,35,71,77,71,52
Mlf1,4,3,6,14,27,5
Gfm1,11,4,17,23,18,10
Lxn,5,3,13,11,12,12
Rarres1,1,0,3,1,1,0
Mfsd1,47,21,60,52,54,43
Iqcj,2,1,1,4,1,1
Schip1-1,14,4,25,40,27,21
1110032F04Rik,1,1,1,1,1,2
Ift80,14,7,13,13,18,10
Smc4,5,5,9,27,11,6
Trim59,16,1,14,85,14,8
Kpna4,38,30,62,65,73,58
Ppm1l,80,54,138,78,139,105
B3galnt1,19,13,30,17,15,16
Nmd3,26,13,38,27,36,22
Sis,0,0,0,3,3,0
Slitrk3,65,54,101,73,66,75
Gm20754,10,3,9,7,6,3
4930509J09Rik,0,1,0,0,0,0
Bche,5,2,7,12,4,2
Pdcd10,74,60,93,136,106,90
Serpini1,11,5,9,11,8,8
Golim4,70,64,111,84,92,63
Fstl5,36,16,36,36,45,7
Rapgef2,42,24,64,51,63,30
6430573P05Rik,1,0,0,0,0,1
Fnip2,14,8,14,9,26,9
4930589L23Rik,0,0,1,2,1,1
Ppid,51,45,76,77,49,68
Etfdh,24,13,29,21,19,27
4930579G24Rik,8,3,6,8,8,4
Rxfp1,0,0,0,0,1,0
Tmem144,26,22,28,23,28,18
Fam198b,3,0,3,3,4,1
Gria2,603,478,967,865,998,773
Glrb,72,47,130,161,133,118
Pdgfc,2,3,1,8,10,6
Ctso,31,19,46,43,45,39
Tdo2,0,1,0,2,0,0
Gucy1b3,24,13,43,36,36,30
Gucy1a3,38,38,87,50,61,43
Map9,10,6,13,10,15,14
Npy2r,0,0,0,0,1,0
Rbm46,0,1,0,0,0,1
Lrat,0,0,0,0,1,0
Plrg1,18,9,30,20,26,22
Dchs2,0,0,0,1,0,0
Sfrp2,0,1,0,0,0,0
Gm26771,1,0,0,1,0,0
Tlr2,8,5,1,12,8,5
D930015E06Rik,11,6,13,10,13,11
Mnd1,0,0,0,4,1,0
Trim2,58,46,111,113,92,83
Gm6525,1,0,0,0,1,0
Fhdc1,2,2,3,1,3,4
Arfip1,24,6,29,16,30,24
Tigd4,2,0,0,0,0,0
Tmem154,0,0,0,0,1,1
Fbxw7,17,14,33,38,36,27
Gatb,7,5,6,4,7,6
Fam160a1,0,0,0,0,1,1
Glt28d2,1,0,0,0,0,0
Sh3d19,74,34,94,80,79,89
Rps3a1,365,257,496,678,441,475
Lrba,31,20,35,28,48,14
Gm37876,0,0,2,0,0,0
Dclk2,44,39,51,44,60,28
Cd1d1,6,2,5,0,3,4
Kirrel,1,0,3,0,2,0
Fcrls,20,41,15,57,30,30
Cd5l,0,0,0,0,0,1
Fcrl1,0,2,0,2,1,2
Etv3,22,14,30,39,30,14
Arhgef11,38,13,38,32,39,19
Lrrc71,0,0,1,1,0,0
Prcc,21,10,35,21,32,25
Hdgf,99,61,142,130,168,128
Mrpl24,46,32,86,71,62,55
Rrnad1,31,14,41,33,42,33
Isg20l2,21,13,31,13,21,14
Crabp2,1,0,0,0,1,0
Nes,5,1,7,12,7,1
Bcan,782,607,1281,844,1136,1457
Hapln2,6,3,14,63,17,9
Gpatch4,10,6,17,13,10,22
Apoa1bp,71,48,96,69,95,116
Iqgap3,0,0,1,2,1,0
Mef2d,33,17,51,56,65,30
1700113A16Rik,4,2,7,3,7,9
AI849053,1,0,2,3,4,6
Gm3764,157,113,267,240,325,141
Tsacc,3,1,2,3,5,2
Cct3,110,78,181,166,139,171
Glmp,54,35,68,70,73,69
Tmem79,1,0,1,0,1,0
Smg5,23,26,25,29,35,14
Paqr6,0,1,5,3,0,0
Pmf1,3,2,10,8,5,1
Slc25a44,34,17,36,31,33,26
Sema4a,3,1,11,8,13,11
Lmna,11,4,14,18,17,13
Gm37584,1,0,0,3,0,0
Mex3a,23,6,18,21,26,11
Lamtor2,98,54,148,95,114,99
Ubqln4,19,11,27,20,27,15
Ssr2,117,51,173,145,133,148
Arhgef2,35,11,37,105,60,43
Gm20652,0,0,0,0,0,1
Gm43714,0,0,1,0,1,1
2810403A07Rik,49,30,77,81,66,38
Rit1,20,16,51,33,40,39
Gm17146,4,0,0,3,0,1
Syt11,901,527,1402,1610,1462,971
Gon4l,26,21,52,54,28,39
Gm43713,2,1,2,2,0,0
Msto1,8,9,25,19,20,19
Dap3,34,24,79,52,60,67
Ash1l,96,59,161,123,113,128
Rusc1,17,13,27,21,16,20
Fdps,54,35,93,149,70,53
Pklr,0,0,0,1,0,0
Hcn3,5,5,4,3,3,4
Clk2,13,7,28,23,21,20
Scamp3,51,31,89,75,71,84
Fam189b,15,11,15,13,27,13
Gba,9,7,16,23,17,9
Mtx1,27,25,45,41,33,29
Thbs3,15,1,2,86,8,2
Muc1,0,1,0,3,0,0
Trim46,14,5,23,11,18,11
Krtcap2,154,105,232,173,191,180
Dpm3,125,83,173,107,162,144
Slc50a1,51,47,118,89,95,77
Efna1,8,3,5,16,5,6
Efna3,0,0,1,0,2,1
Gm15998,0,0,1,0,0,0
Efna4,1,0,1,0,1,1
Adam15,28,20,40,44,38,25
Dcst2,0,0,1,1,0,0
Zbtb7b,5,4,2,10,10,2
Gm15417,5,8,9,38,14,4
Lenep,0,0,0,0,0,1
Flad1,12,7,26,12,14,8
Cks1b,5,1,3,9,7,6
Shc1,7,0,13,17,10,7
Pygo2,17,14,22,13,26,16
Pbxip1,12,9,18,16,16,8
Pmvk,35,20,30,67,43,31
Kcnn3,7,2,15,7,7,4
Adar,19,12,27,33,31,24
Chrnb2,2,0,2,0,3,2
4632404H12Rik,5,2,6,4,6,3
Ube2q1,50,28,66,46,47,54
Il6ra,4,8,2,12,11,1
Atp8b2,9,14,21,14,15,12
Hax1,27,14,38,27,31,43
Ubap2l,103,56,120,92,139,122
4933434E20Rik,63,40,81,108,89,80
Tpm3,68,31,78,140,110,79
Rps27,414,253,546,442,685,481
Rab13,7,6,22,11,14,10
Jtb,78,44,116,112,99,96
Slc39a1,73,28,71,42,76,85
Crtc2,17,13,17,18,27,8
Dennd4b,10,9,18,10,17,16
Gatad2b,128,74,178,197,210,149
Slc27a3,11,4,10,7,30,3
Ints3,24,20,34,30,34,38
Npr1,6,0,5,4,11,8
Ilf2,62,42,108,153,96,96
Snapin,33,21,66,72,65,62
Chtop,98,68,151,141,132,72
S100a1,729,508,1159,605,789,1017
S100a13,394,140,449,249,333,370
S100a14,0,0,0,0,1,0
S100a16,668,299,965,631,695,928
S100a3,35,9,34,30,19,36
S100a2,0,1,0,0,1,0
S100a4,37,14,34,12,16,35
S100a6,201,90,154,182,219,176
S100a7a,0,0,1,0,0,0
S100a8,0,16,1,0,4,2
S100a9,1,21,2,0,9,2
Lor,4,4,3,3,6,8
Gm43740,2,1,2,4,0,4
Gm9774,2,2,5,8,6,1
Lce3a,0,0,0,1,0,0
Tchh,3,0,10,6,6,3
S100a11,1,0,3,0,8,1
S100a10,4,4,7,5,4,0
Them4,26,16,38,32,27,23
C2cd4d,1,2,1,1,0,0
Rorc,0,2,1,0,0,0
Lingo4,2,1,4,3,4,6
1700040D17Rik,2,0,6,0,2,1
Tdrkh,28,10,37,50,42,34
Oaz3,0,0,0,1,1,0
Mrpl9,31,21,64,41,44,33
Riiad1,1,2,1,1,1,1
Celf3,22,22,18,13,29,20
Snx27,91,67,129,91,113,88
Tuft1,0,1,4,1,4,0
Cgn,2,2,4,2,4,3
Pogz,60,24,70,57,71,64
Psmb4,127,85,164,156,147,141
Selenbp1,5,5,5,8,7,1
Rfx5,17,7,11,19,13,7
B230398E01Rik,1,0,2,0,1,0
Pi4kb,11,5,22,7,16,14
A730011C13Rik,1,0,0,3,3,0
Gm15265,0,4,0,0,0,0
Zfp687,27,8,21,28,22,28
Psmd4,85,53,132,126,123,120
Pip5k1a,41,29,43,45,68,36
Vps72,51,32,60,55,78,53
Tmod4,0,0,0,0,1,0
Scnm1,39,22,45,51,50,45
Lysmd1,8,6,11,16,7,7
Tnfaip8l2,3,2,3,15,6,6
Sema6c,15,10,28,14,16,10
Gabpb2,25,13,33,31,33,16
Gm16740,2,0,5,5,4,5
Mllt11,24,18,38,66,37,39
Cdc42se1,72,44,103,92,87,97
Gm128,0,0,0,2,1,0
Prune,11,5,11,11,20,17
Fam63a,48,23,56,59,68,61
Anxa9,0,0,1,2,0,0
6330562C20Rik,1,1,5,8,7,3
Cers2,104,31,96,369,127,76
Setdb1,29,15,46,32,44,32
Arnt,31,21,30,28,38,23
Ctsk,2,1,3,32,5,2
Ctss,40,159,53,249,122,124
Golph3l,18,14,39,21,20,15
Ensa,55,37,74,74,72,42
Mcl1,82,57,104,207,156,65
Adamtsl4,0,0,1,4,4,1
Ecm1,1,2,2,2,0,1
Tars2,14,12,23,31,17,13
Rprd2,45,26,67,66,70,45
Prpf3,10,8,21,15,8,13
Mrps21,92,54,133,92,124,98
C920021L13Rik,2,1,1,4,4,0
Ciart,13,5,17,34,36,15
BC028528,1,6,5,4,3,1
Aph1a,53,28,67,78,81,52
Car14,16,1,13,95,9,2
Anp32e,58,36,104,92,77,82
Plekho1,41,33,61,55,33,51
Vps45,26,18,35,31,35,32
Otud7b,41,20,38,108,74,49
Mtmr11,10,7,13,4,13,4
Gm17690,1,1,3,0,0,0
Sf3b4,34,27,47,49,58,72
Sv2a,61,49,87,152,104,68
Bola1,32,20,51,46,34,37
Hist2h2ab,0,0,1,0,2,0
Hist2h2be,1,1,5,3,2,3
Hist2h3c2,0,0,2,1,0,2
Gm20632,0,3,2,2,2,0
Hist2h2aa1,4,2,5,4,2,1
Hist2h3c1,3,6,3,8,2,8
Hist2h4,1,0,0,0,0,0
Gm20628,3,0,0,0,0,0
Hist2h2bb-1,0,0,1,0,0,0
Fcgr1,1,5,0,17,6,6
Txnip,20,23,18,39,31,10
Polr3gl,29,17,27,20,21,21
Ankrd34a,0,0,0,0,1,1
Lix1l,59,41,104,55,88,72
Rbm8a,83,39,114,112,132,91
Pex11b,18,20,33,20,19,25
Gm42957,1,0,2,1,0,0
Itga10,2,1,0,2,0,0
Ankrd35,0,1,1,0,2,3
Pias3,12,6,18,16,19,16
Nudt17,6,2,11,2,3,11
Polr3c,7,12,14,10,17,15
Rnf115,40,23,52,54,48,48
Gpr89,27,12,23,24,23,15
Acp6,11,11,19,14,22,8
Bcl9,19,17,40,27,39,32
Chd1l,5,1,5,10,10,9
Fmo5,0,2,4,3,2,1
Prkab2,21,15,36,20,17,20
Pde4dip,73,66,143,108,123,82
Gm43076,1,3,3,5,4,0
Sec22b,38,31,39,46,55,40
Notch2,3,4,4,4,7,6
Hmgcs2,0,0,1,2,1,1
Phgdh,65,34,93,209,107,84
Zfp697,14,11,16,7,12,13
Hsd3b2,3,0,2,4,1,0
Hsd3b3,0,0,0,0,3,0
Wars2,2,1,5,6,8,7
Spag17,0,0,0,1,0,0
Wdr3,20,11,15,13,14,10
Gdap2,4,3,19,16,18,21
Fam46c,1,4,7,19,9,3
Man1a2,75,65,126,87,115,95
Trim45,5,3,7,5,5,3
Ttf2,4,3,6,1,4,3
Cd101,0,2,3,1,1,1
Ptgfrn,47,68,78,44,91,64
Igsf3,0,1,0,6,5,0
Atp1a1,146,108,230,167,201,168
Slc22a15,37,14,47,36,40,43
Vangl1,24,13,18,26,19,19
Gm16160,0,1,1,1,1,0
A230001M10Rik,2,0,2,2,0,0
Gm43242,0,0,0,1,0,0
Ngf,2,0,0,2,2,5
Gm42678,0,0,0,0,1,0
Gm42682,0,0,1,0,0,0
Tspan2os,0,2,1,3,1,0
Tspan2,210,54,146,1168,326,65
Tshb,0,1,2,2,0,0
Sike1,53,22,65,50,48,42
Csde1,156,117,224,243,253,164
Nras,53,31,69,90,69,69
Gm43062,2,0,3,1,1,0
Dennd2c,4,0,1,6,3,0
Bcas2,78,65,141,145,117,124
Trim33,36,27,59,44,64,38
Syt6,13,8,22,18,15,14
Olfml3,16,19,10,60,36,40
Hipk1,49,34,53,67,61,33
Dclre1b,5,6,9,7,13,8
Ap4b1,6,4,11,12,5,14
Bcl2l15,0,0,1,0,0,0
Rsbn1,34,29,72,40,61,34
Phtf1os,0,0,4,1,1,0
Phtf1,12,8,19,9,14,15
Magi3,9,5,15,10,13,15
Lrig2,16,15,22,18,31,21
Slc16a1,19,9,19,43,36,15
Ppm1j,1,1,1,0,0,0
Rhoc,96,77,145,76,111,159
Mov10,4,2,5,3,8,3
Capza1,63,39,77,67,66,40
St7l,38,26,49,52,49,48
Wnt2b,0,1,0,0,1,0
Cttnbp2nl,37,36,63,46,58,62
Kcnd3os,0,3,2,1,0,2
Kcnd3,49,45,97,59,65,53
Ddx20,9,7,11,16,8,7
Fam212b,61,25,103,60,67,66
Gm43848,2,0,3,8,4,4
Rap1a,145,81,163,476,209,138
Gm5547,0,0,0,1,0,0
Adora3,0,2,1,1,1,5
Tmigd3,0,0,0,1,0,0
I830077J02Rik,1,0,1,3,2,0
Atp5f1,199,115,261,317,275,278
Wdr77,23,13,29,32,33,35
Ovgp1,0,0,1,0,3,2
Pifo,0,2,0,0,0,1
Gm42722,1,0,0,0,0,1
Chil3,0,2,0,0,2,0
Cept1,40,24,38,54,47,44
Dram2,39,30,64,59,65,46
Lrif1,31,24,38,57,46,35
Cd53,4,16,6,35,22,7
Gm27008,0,0,0,1,0,0
Kcna3,0,0,0,1,0,0
AI504432,16,4,26,29,16,13
Kcna2,71,44,110,102,146,67
Lamtor5,61,49,88,98,92,75
Slc16a4,0,1,1,0,2,0
Rbm15,23,8,34,39,28,20
Kcnc4,0,4,13,11,4,2
Slc6a17,3,1,5,3,7,2
Strip1,44,30,50,48,53,38
Ahcyl1,78,70,98,119,126,80
Csf1,13,6,29,48,26,11
4933431E20Rik,32,24,53,52,66,36
Gstm5,176,126,266,183,203,231
Gstm7,14,10,28,57,25,30
Gstm6,0,0,2,3,0,1
Gstm2,0,0,0,0,0,3
Gstm1,22,46,43,33,27,32
Gstm4,4,3,3,8,4,6
Ampd2,16,9,26,15,15,13
Gm12500,0,0,0,0,0,1
Gnai3,41,24,73,69,60,50
Gpr61,0,0,1,1,0,0
Amigo1,0,3,7,2,0,2
Cyb561d1,1,0,1,2,3,0
Atxn7l2,6,2,6,7,4,3
Psma5,65,41,111,126,108,102
Sort1,10,15,20,35,25,11
Psrc1,0,0,0,0,0,1
Celsr2,67,34,107,46,91,53
Sars,83,57,147,116,126,117
5330417C22Rik,2,1,0,0,1,2
Tmem167b,21,11,33,18,28,22
Taf13,37,17,39,56,41,21
Wdr47,25,15,30,28,23,21
Clcc1,26,21,45,32,36,33
Gpsm2,50,33,50,33,56,46
Gm27244,0,0,1,0,0,1
Stxbp3,38,20,48,140,81,63
Fndc7,0,0,0,2,0,0
Prpf38b,72,36,98,110,142,70
Henmt1,0,0,1,0,2,3
Gm9857,0,1,0,0,0,0
Fam102b,41,38,62,60,81,50
Gm43221,0,0,3,5,4,0
Slc25a24,4,0,2,3,7,1
Vav3,11,3,17,10,14,4
Ntng1,3,4,10,5,3,3
Prmt6,8,6,17,25,29,22
C130013H08Rik,2,3,4,7,1,5
Amy1,1,2,1,4,2,2
Rnpc3,25,33,52,51,38,32
Col11a1,29,19,36,29,36,30
Olfm3,8,3,5,6,5,6
S1pr1,4,11,27,6,6,3
Dph5,23,9,36,29,18,20
Slc30a7,16,16,23,20,20,14
Extl2,44,31,77,49,54,50
Vcam1,11,7,13,6,21,10
Cdc14a,23,5,28,30,26,24
Rtca,19,8,19,19,26,22
Gm26530,0,0,1,1,0,0
Dbt,30,22,50,28,34,35
Lrrc39,0,0,0,0,2,1
Trmt13,34,18,34,29,38,24
Sass6,12,4,13,10,10,10
Gm42893,0,1,0,0,1,0
Hiat1,44,29,53,76,50,32
4930512P04Rik,0,1,0,0,0,0
Slc35a3,17,12,28,22,17,15
Agl,56,28,54,52,50,48
Frrs1,25,12,39,18,30,15
Palmd,13,10,10,8,8,14
Plppr4,33,25,53,44,53,25
Plppr5,126,90,169,121,156,159
Snx7,10,6,11,12,14,13
Gm9916,0,0,0,2,0,1
Dpyd,47,39,76,55,58,43
Ptbp2,88,57,107,125,145,81
Rwdd3,9,2,11,7,10,8
Tmem56,15,10,27,23,21,16
Alg14,17,14,27,31,12,17
Cnn3,158,87,235,143,179,216
A730020M07Rik,2,4,4,0,0,3
F3,111,120,156,57,131,108
Abcd3,71,32,119,104,115,105
Arhgap29,1,0,3,0,0,2
Abca4,1,0,0,0,1,0
Gclm,62,47,92,140,93,70
Dnttip2,32,20,40,53,49,24
Bcar3,0,1,0,1,1,0
Fnbp1l,34,32,70,43,51,32
Pde5a,4,4,1,1,2,1
1810037I17Rik,250,134,381,358,342,210
Usp53,50,16,74,51,66,43
Sec24d,6,7,12,9,7,10
Mettl14,11,5,18,20,29,16
Gm43591,0,0,0,0,1,0
Prss12,1,0,4,2,1,0
Ndst3,3,3,5,13,5,0
Tram1l1,40,29,64,46,61,39
Gm42825,1,0,0,1,0,0
Ndst4,0,0,0,2,1,2
Ugt8a,140,75,196,480,246,120
Arsj,5,2,15,3,9,10
Camk2d,63,38,67,58,58,73
Ank2,118,63,184,250,158,95
Gm16958,0,0,0,4,0,0
Larp7,20,14,34,24,34,26
Zgrf1,6,4,4,5,6,4
Alpk1,0,1,1,1,3,1
Tifa,5,2,1,8,9,4
Ap1ar,19,9,29,28,30,32
5730508B09Rik,16,2,12,17,15,8
Elovl6,67,38,111,155,113,65
Egf,5,2,8,8,4,2
Rrh,1,1,0,0,0,1
Gar1,13,8,32,24,22,25
Pla2g12a,29,12,41,32,33,41
Casp6,3,5,7,8,5,6
Ccdc109b,0,0,1,0,1,0
Sec24b,31,16,35,28,36,31
Col25a1,0,0,1,1,0,0
Etnppl,0,14,0,0,1,1
Ostc,111,51,123,120,114,145
Rpl34,317,217,380,345,422,392
Hadh,29,18,35,80,37,37
Cyp2u1,24,6,30,20,27,26
4930534D22Rik,1,0,0,0,0,0
Sgms2,0,2,2,3,1,2
Papss1,207,123,278,279,261,245
Aimp1,82,49,110,90,101,102
Tbck,27,13,28,38,50,34
Gm29811,0,0,1,0,0,0
Npnt,0,1,1,2,2,0
Gstcd,6,2,6,4,15,6
Ints12,18,8,19,17,21,12
Gm43254,3,2,2,1,4,6
Ppa2,54,22,59,44,45,82
Tet2,45,26,49,67,60,22
Gm42567,0,0,1,0,0,1
Gm26691,3,5,13,6,11,3
Cxxc4,59,26,87,53,61,54
Gm26820,0,0,0,1,0,0
Cenpe,0,0,1,1,2,1
Bdh2,1,0,0,0,0,1
Cisd2,107,52,125,139,125,92
4930539J05Rik,3,3,3,2,5,0
Ube2d3,162,78,213,294,239,230
Manba,5,4,8,10,7,7
Nfkb1,29,36,39,42,52,49
Slc39a8,1,1,0,0,0,2
Gm43603,0,0,0,0,1,0
Bank1,0,1,1,3,2,0
Ppp3ca,184,131,296,277,262,212
Ddit4l,2,1,2,0,0,1
Gm21962,0,1,1,0,0,0
Gm43403,2,0,0,0,0,1
H2afz,167,92,282,256,262,195
Dnajb14,96,59,168,121,121,119
Gm43087,1,1,1,2,2,0
Gm43689,1,0,0,2,0,0
Lamtor3,48,29,77,65,72,48
Dapp1,4,4,1,9,7,0
Gm5105,0,0,0,0,1,0
Mttp,15,7,23,16,26,11
Trmt10a,24,8,19,19,23,16
Adh5,68,50,107,116,107,111
Metap1,29,21,29,37,31,25
Eif4e,56,41,96,100,68,74
Tspan5,20,10,36,31,20,20
Rap1gds1,43,35,66,91,60,44
Gm15688,4,1,1,1,1,1
Unc5c,109,74,127,120,163,82
Gm15689,0,0,0,0,1,0
Bmpr1b,0,0,0,1,1,0
Pdlim5,73,39,90,70,85,69
Gbp7,3,1,1,10,5,4
Gbp3,0,0,1,2,0,8
Gbp2,1,1,0,0,0,0
Ccbl2,7,3,6,15,5,5
Gtf2b,44,22,61,56,69,39
Pkn2,93,39,109,74,91,72
9530052C20Rik,1,0,0,0,0,0
Lmo4,118,83,193,126,227,188
Hs2st1,59,47,113,93,89,71
Sep15,342,199,494,443,405,336
Sh3glb1,124,102,224,256,243,204
Clca3a1,1,0,0,0,0,1
Gm34866,0,0,1,0,0,0
Gm16233,0,0,0,1,0,0
Odf2l,8,12,22,17,20,12
Col24a1,2,0,1,1,0,3
Znhit6,35,17,47,28,37,34
Cyr61,38,31,63,42,74,51
Gm17501,13,5,13,3,11,11
Ddah1,102,76,181,95,124,170
Bcl10,31,21,51,55,56,47
2410004B18Rik,34,28,57,49,66,55
Syde2,3,4,9,9,10,6
Gm43861,0,0,0,0,1,0
Wdr63,0,0,0,0,1,1
Lpar3,0,0,1,1,4,0
Ssx2ip,17,8,25,10,25,13
Ctbs,7,8,21,10,13,10
Spata1,5,3,15,7,6,11
Gng5,237,144,326,250,262,274
Rpf1,20,14,23,15,29,20
Samd13,1,1,0,0,1,0
Prkacb,80,58,115,87,111,73
Ttll7,69,26,66,256,99,40
Adgrl2,0,1,0,1,1,1
Gm43573,0,1,0,0,0,0
Adgrl4,1,1,0,0,4,0
Ptgfr,0,0,0,1,0,0
Gm43455,0,0,0,0,2,0
Dnajb4,82,45,133,101,119,114
Fubp1,186,123,271,328,302,228
Nexn,2,1,2,2,1,2
Fam73a,44,25,63,61,66,51
Usp33,40,24,47,54,54,32
Zzz3,52,34,67,71,56,53
Ak5,7,0,9,9,7,7
AI115009,0,0,0,0,1,0
Pigk,15,8,29,30,40,19
St6galnac5,0,2,6,0,1,1
St6galnac3,22,10,28,50,26,8
Msh4,0,0,0,1,0,0
Rabggtb,25,16,21,31,38,33
Acadm,40,33,57,43,60,48
Slc44a5,11,9,22,13,11,4
Tyw3,8,3,8,6,13,12
Cryz,6,4,14,13,16,8
Erich3,4,1,10,5,10,6
Fpgt,12,11,24,30,11,18
Lrriq3,0,0,0,4,1,1
4930570G19Rik,17,5,12,14,21,13
Negr1,64,45,122,62,107,75
Zranb2,138,99,212,162,182,149
Gm33466,0,0,0,0,1,0
Cth,0,1,1,1,0,2
Ankrd13c,54,34,80,62,58,47
Srsf11,135,83,173,239,210,165
Lrrc40,7,7,11,12,15,5
B230334C09Rik,33,24,54,26,36,32
Lrrc7,39,27,63,44,47,59
Wls,60,46,66,101,96,68
Tmem68,15,16,33,28,38,22
Tgs1,47,29,100,71,96,66
Lyn,14,14,16,23,21,13
Gm26857,0,0,0,0,1,0
Rps20,291,214,422,434,433,378
Plag1,1,0,1,1,0,0
Chchd7,5,5,10,11,8,7
Gm11808,36,18,43,26,55,35
Penk,0,0,0,0,0,1
Impad1,159,115,267,229,256,177
Fam110b,34,16,75,38,45,54
Ubxn2b,28,17,44,32,28,27
Sdcbp,96,70,162,136,135,80
Nsmaf,25,22,39,31,27,14
Tox,42,28,63,43,61,52
Car8,75,28,123,57,75,55
Rab2a,141,91,251,234,240,259
Chd7,103,68,141,125,147,153
Clvs1,1,1,2,2,5,0
Asph,23,29,39,34,36,29
2610301B20Rik,14,11,39,25,34,23
Plekhf2,13,13,17,19,13,18
Ndufaf6,9,3,12,9,19,12
Trp53inp1,30,19,29,25,27,15
Ccne2,1,3,9,1,2,3
Ints8,20,11,22,21,18,32
Dpy19l4,43,30,63,63,37,29
Esrp1,0,0,1,0,1,0
1110037F02Rik,20,10,46,37,26,32
Rad54b,1,0,0,0,0,0
Fsbp,2,0,0,1,2,1
Gem,10,3,15,22,11,7
Pdp1,10,11,17,11,11,15
Tmem67,8,3,5,8,3,8
Rbm12b2,21,15,16,17,16,12
Rbm12b1,9,8,18,14,9,8
Fam92a,53,40,72,68,71,66
Triqk,9,2,17,5,13,9
Runx1t1,38,26,54,38,62,45
Otud6b,18,20,45,40,40,39
Tmem55a,38,32,46,37,47,52
Gm11837,3,3,18,8,9,12
Necab1,0,0,1,1,0,0
Tmem64,21,16,24,27,25,24
Calb1,1,0,1,1,2,1
Decr1,23,16,31,21,43,23
Nbn,13,12,26,12,19,12
Osgin2,31,22,44,47,47,48
Ripk2,6,3,9,6,10,4
Mmp16,158,92,186,119,139,126
Cpne3,73,51,120,82,90,78
Rmdn1,21,16,29,24,26,30
Wwp1,30,21,52,40,37,31
Ttpa,1,0,1,3,0,0
Ggh,81,55,148,96,100,107
Nkain3,24,22,35,26,42,45
Ccnc,28,12,51,33,33,23
Tstd3,22,7,26,14,20,23
Usp45,23,11,30,25,19,7
Pnisr,310,242,508,425,446,389
Coq3,2,5,8,11,11,14
Faxc,4,6,7,11,7,5
Fbxl4,13,17,9,17,13,14
Pou3f2,99,64,123,115,128,117
Gm30731,3,0,0,1,1,0
Gm27243,0,0,1,1,0,0
Mms22l,1,0,6,1,5,1
Klhl32,30,21,33,27,33,30
Ndufaf4,43,21,59,53,49,50
Gpr63,0,1,0,2,0,0
Ufl1,27,32,52,63,55,50
Fut9,155,111,216,147,200,151
Manea,31,24,55,56,56,27
Epha7,3,4,11,8,11,2
Gm11915,0,0,0,0,0,1
Gm11924,1,0,0,0,1,0
Map3k7,25,23,49,40,43,26
Bach2,18,18,40,33,37,23
Bach2os,1,1,0,0,0,0
Casp8ap2,26,12,39,44,33,28
Mdn1,20,12,43,21,20,18
Lyrm2,24,12,26,27,37,27
Ankrd6,31,28,51,27,42,33
Rragd,26,20,28,23,21,14
Ube2j1,23,27,52,28,45,33
Gabrr2,2,1,0,4,2,1
Gabrr1,1,0,0,0,0,0
Pm20d2,1,0,2,0,2,2
Srsf12,3,3,8,6,5,8
Pnrc1,62,39,104,158,138,87
Rngtt,21,11,28,28,26,14
Cnr1,24,9,51,27,27,20
Spaca1,0,0,0,0,1,0
Akirin2,65,37,107,101,75,87
Orc3,19,4,30,24,31,17
Rars2,14,11,20,15,13,9
Slc35a1,32,15,41,37,47,34
Cfap206,0,0,0,0,0,1
Smim8,18,12,33,33,26,37
Zfp292,56,48,77,77,70,57
Mob3b,2,3,17,16,19,5
3110043O21Rik,18,17,23,24,22,13
Lingo2,7,3,16,15,9,8
Aco1,23,27,50,39,43,32
Ddx58,17,7,22,11,15,16
Topors,30,16,60,73,61,43
Toporsos,16,12,28,14,20,19
Ndufb6,88,58,128,108,109,120
Aptx,13,7,24,19,20,17
Gm6297,2,0,5,2,4,3
Dnaja1,261,178,343,440,354,391
Smu1,46,14,50,54,57,58
B4galt1,3,7,3,6,10,4
Bag1,32,18,54,50,40,57
Chmp5,57,34,94,118,80,85
Nfx1,40,25,49,36,51,32
Nol6,23,14,27,19,22,21
Ube2r2,90,40,142,114,113,129
Ubap2,35,9,37,29,42,21
Dcaf12,32,24,62,38,76,49
Ubap1,36,19,45,42,51,42
Kif24,2,0,0,0,0,0
Nudt2,30,26,40,30,35,29
AI464131,8,18,19,7,21,18
1110017D15Rik,7,0,7,0,5,0
Fam219aos,0,0,0,1,0,0
Fam219a,47,24,65,47,52,38
Dnaic1,0,0,2,0,2,2
Enho,103,104,184,97,133,203
Cntfr,87,73,146,107,102,108
Il11ra1,9,10,18,11,14,12
Rpp25l,43,26,59,51,52,61
Dctn3,65,49,144,140,127,106
Sigmar1,41,20,41,41,38,28
Galt,27,6,14,17,25,25
Ccl27a,25,13,29,14,37,32
Gm13307,1,0,0,0,0,0
Gm20878,1,1,0,1,1,0
Gm13305,0,0,0,0,0,1
Gm10600,0,0,22,0,0,10
Gm2163,0,0,0,0,1,0
Ccl27b,0,0,0,0,1,0
4930578G10Rik,0,0,0,0,1,0
Gm12395,0,0,1,0,1,0
Ccl21a,0,0,1,0,0,0
Fam205a1,0,0,0,2,0,0
Phf24,1,2,11,8,10,3
Dnajb5,15,8,26,9,20,13
1700022I11Rik,0,0,0,2,0,0
Vcp,222,101,283,244,271,222
Fancg,6,2,5,10,2,6
Pigo,21,10,14,15,11,16
Stoml2,41,21,62,41,59,52
Fam214b,14,14,28,22,19,22
Gm26881,0,3,6,1,6,0
Unc13b,26,9,20,20,15,14
Atp8b5,1,0,2,0,1,2
Rusc2,38,26,52,38,45,32
Fam166b,0,0,0,1,0,0
Tesk1,42,26,58,38,42,35
Cd72,0,0,1,1,0,1
Ccdc107,74,57,114,76,80,93
Car9,0,0,0,0,2,0
Tpm2,1,0,1,2,3,1
Tln1,35,27,53,58,81,61
Creb3,28,15,34,49,35,30
Gba2,11,10,10,8,12,7
Rgp1,8,8,14,10,9,8
Npr2,23,24,59,18,26,25
Spag8,0,3,0,1,0,1
Hint2,45,28,64,53,49,80
Fam221b,0,0,1,0,0,0
Tmem8b,20,17,33,17,32,20
Hrct1,0,0,0,0,1,0
Reck,9,4,7,6,11,1
Glipr2,0,0,0,0,1,0
Clta,109,93,188,271,182,162
Gne,6,9,18,18,24,12
Rnf38,24,22,41,49,51,28
Melk,1,0,0,0,0,0
Zcchc7,82,61,126,139,155,110
Grhpr,24,11,22,38,22,48
Zbtb5,15,4,20,24,18,14
1700055D18Rik,1,0,1,2,1,1
Polr1e,2,3,10,6,6,7
Fbxo10,14,7,16,8,11,11
Tomm5,50,40,89,86,79,74
Frmpd1,8,10,11,15,11,10
Frmpd1os,0,0,0,0,0,1
Trmt10b,14,8,11,12,15,11
Exosc3,18,8,29,24,22,18
Dcaf10,11,12,21,22,20,15
Slc25a51,39,28,58,67,59,38
Shb,2,1,6,6,3,1
Aldh1b1,4,4,4,3,5,5
Igfbpl1,0,0,0,1,0,0
Tdrd7,28,25,54,31,38,32
Tmod1,19,5,19,71,17,12
Tstd2,18,9,21,33,23,21
Ncbp1,31,23,43,42,42,32
Xpa,26,13,30,56,37,25
Trmo,1,2,8,4,6,5
Anp32b,58,24,65,107,89,65
Nans,17,14,25,28,19,26
Trim14,0,0,0,1,0,1
Tbc1d2,4,2,4,1,3,1
Gabbr2,40,26,64,24,46,44
Anks6,6,3,12,4,6,4
Galnt12,0,0,1,1,5,2
Col15a1,0,0,0,1,1,0
Tgfbr1,29,39,39,53,51,33
Alg2,78,48,95,57,79,82
Sec61b,89,50,176,109,127,142
Nr4a3,8,3,7,8,6,10
Stx17,21,25,32,35,33,11
Erp44,55,42,65,61,55,91
Invs,23,4,25,13,19,28
Tex10,26,16,34,35,37,22
Msantd3,20,5,27,14,22,17
Tmeff1,103,62,156,209,134,118
Murc,4,1,7,6,6,5
Plppr1,90,55,146,74,108,82
Mrpl50,40,17,43,46,44,38
Zfp189,2,1,10,7,8,7
Tmem246,44,26,68,49,51,70
Rnf20,37,28,49,65,55,45
Grin3a,193,120,282,172,254,192
Ppp3r2,4,1,11,3,4,4
Smc2os,1,0,1,0,1,0
Smc2,20,12,19,25,24,15
Nipsnap3b,27,16,23,60,46,47
Abca1,100,64,140,98,162,113
Slc44a1,185,79,224,437,388,268
1700060J05Rik,1,0,0,0,0,0
Fsd1l,54,24,74,68,68,43
Fktn,40,30,62,64,52,48
Tal2,0,0,0,1,0,0
Tmem38b,23,13,21,22,30,12
Zfp462,150,99,209,151,178,144
Rad23b,55,39,91,68,67,55
Klf4,14,9,37,76,87,20
Gm12511,0,0,1,0,0,0
Ikbkap,15,11,38,22,40,17
Fam206a,9,10,15,18,8,13
Ctnnal1,18,14,33,61,51,22
Tmem245,47,29,51,54,62,43
Frrs1l,66,40,87,58,70,41
Epb41l4b,26,15,38,29,26,19
Palm2,1,0,1,4,6,1
Akap2,0,0,0,1,0,1
D630039A03Rik,1,0,0,0,0,0
Txn1,101,55,142,101,134,107
Svep1,0,0,0,0,1,0
Musk,0,0,0,1,0,0
Lpar1,29,3,11,249,68,14
AI314180,54,45,93,72,83,61
Zkscan16,2,0,1,0,0,2
Ptgr1,0,0,0,0,0,1
Dnajc25,7,2,18,17,14,10
Gng10,13,11,12,17,10,13
Ugcg,43,31,67,45,51,36
Susd1,0,0,2,0,2,2
Ptbp3,97,70,148,128,158,125
Hsdl2,38,17,60,42,37,55
E130308A19Rik,47,22,43,58,55,57
Inip,20,6,25,15,22,21
Snx30,29,12,40,81,49,25
Slc46a2,2,1,2,8,1,0
Zfp37,23,19,29,40,25,23
Slc31a2,22,7,19,35,22,22
Fkbp15,48,16,34,48,34,57
Slc31a1,14,17,29,22,26,26
Cdc26,56,28,62,83,77,61
Prpf4,18,8,39,22,23,26
Wdr31,1,2,2,2,0,2
Bspry,1,0,2,1,0,1
Hdhd3,3,4,6,13,9,6
Alad,33,14,39,40,49,30
Pole3,19,6,15,27,18,14
4933430I17Rik,1,0,0,0,2,0
Rgs3,28,12,23,74,49,20
Zfp618,1,2,1,3,3,2
Col27a1,35,41,67,38,47,43
Akna,2,4,9,14,15,3
Whrn,11,12,18,13,9,8
Atp6v1g1,184,133,240,280,205,237
6330416G13Rik,3,3,4,5,6,3
Tnc,10,0,14,5,13,3
Pappa,1,3,0,0,0,0
Astn2,54,31,65,31,49,50
Trim32,80,45,85,65,70,88
Tlr4,0,1,1,2,3,0
Brinp1,156,102,256,152,196,195
Cdk5rap2,30,16,50,46,44,30
Megf9,61,39,114,81,100,54
Gm11232,1,0,0,0,0,0
Tle1,19,15,26,58,37,26
Frmd3,5,8,9,6,8,5
Kdm4c,26,18,43,28,23,14
Tmem261,41,30,65,41,52,38
Ptprd,175,93,155,615,288,115
Gm11261,1,0,0,1,0,0
Lurap1l,22,9,28,23,22,19
Mpdz,36,23,63,47,46,26
Gm11412,0,0,0,0,1,0
Nfib,310,222,492,293,422,384
Gm11266,3,5,8,2,6,4
Zdhhc21,44,35,82,85,83,61
Frem1,1,0,3,0,0,0
Ttc39b,8,8,16,16,25,8
Snapc3,34,11,42,30,41,32
Psip1,183,108,225,219,240,212
Ccdc171,3,1,11,5,3,1
Cntln,31,7,36,25,17,25
Sh3gl2,31,10,44,38,50,20
Adamtsl1,8,0,6,9,6,4
Rraga,85,46,105,123,112,112
Haus6,6,6,13,9,11,2
Plin2,21,11,20,14,22,24
Dennd4c,21,10,41,25,28,23
Rps6,187,119,287,389,270,262
Acer2,0,0,1,1,3,0
Slc24a2,11,0,14,117,32,3
Mllt3,27,19,38,29,33,19
Focad,13,5,13,12,10,14
Hacd4,1,1,0,1,2,1
Ifnab,1,0,0,0,0,0
Klhl9,113,89,150,137,133,89
Gm26566,1,0,0,1,0,0
Gm26525,1,1,1,1,3,0
Gm26867,1,0,0,0,1,2
Mtap,27,14,25,47,34,33
Cdkn2a,13,7,25,13,15,16
Cdkn2b,8,5,11,3,6,11
Dmrta1,4,1,3,6,4,6
Elavl2,8,4,8,4,10,4
Tusc1,17,7,10,8,16,24
Caap1,17,16,35,24,31,19
Gm10306,0,0,0,0,1,0
Plaa,23,24,23,33,43,19
Ift74,22,11,30,22,33,25
Tek,0,0,0,0,1,0
Eqtn,0,0,0,2,0,0
Mysm1,57,37,90,110,80,61
Jun,682,439,1110,1261,1765,909
Junos,5,1,0,1,2,2
Fggy,2,2,6,4,6,10
Hook1,12,14,30,37,32,12
Cyp2j12,0,0,0,11,0,1
Cyp2j8,0,0,0,2,0,0
Cyp2j6,130,85,195,194,197,154
Cyp2j9,87,58,117,65,84,113
E130114P18Rik,65,39,104,64,87,73
Nfia,334,238,509,342,415,330
Tm2d1,55,32,62,70,68,57
Inadl,6,2,7,7,6,5
Kank4,0,1,1,0,0,0
Usp1,27,12,31,31,32,24
Dock7,0,5,5,6,4,2
Angptl3,0,0,0,1,0,0
Atg4c,12,6,16,29,13,9
Gm12689,2,0,8,7,4,1
Alg6,27,21,49,17,34,25
Itgb3bp,17,7,18,22,22,19
Efcab7,2,3,3,6,3,3
Pgm2,20,21,31,28,33,24
Ror1,0,1,0,0,1,4
Ube2u,0,0,0,0,1,0
Cachd1,15,9,25,8,17,21
Raver2,14,5,23,5,12,3
Jak1,43,35,77,70,68,75
E130102H24Rik,27,15,38,24,39,16
Ak4,5,8,17,8,9,6
Dnajc6,2,1,7,23,13,0
Leprot,84,38,82,115,69,60
Pde4b,95,59,137,217,160,116
Sgip1,75,39,111,88,92,104
Insl5,0,0,0,0,0,1
Wdr78,4,2,0,3,1,0
Mier1,57,50,94,83,83,52
Slc35d1,18,15,42,29,33,22
Gm44037,0,1,1,0,3,1
Oma1,11,13,23,21,18,18
Dab1,59,20,64,63,72,42
Prkaa2,18,14,19,15,18,15
Plpp3,409,411,612,438,492,520
Usp24,180,135,252,201,208,162
Dhcr24,14,9,9,29,21,9
Ttc22,2,0,0,1,0,0
Pars2,4,4,2,5,2,2
Ttc4,51,24,89,55,78,50
Mroh7,1,2,0,0,1,0
Fam151a,0,0,0,1,0,0
Acot11,1,4,4,1,0,1
Ssbp3,60,34,81,63,59,64
Mrpl37,14,6,14,22,27,19
Cyb5rl,1,1,4,5,2,5
Gm12802,0,1,2,4,1,1
Tceanc2,3,7,9,22,17,10
Tmem59,304,226,506,511,436,390
Lrrc42,15,6,28,72,69,32
Hspb11,21,10,36,54,37,31
Dio1,1,0,0,0,0,0
Yipf1,44,31,69,71,77,54
Ndc1,6,10,4,19,13,8
Glis1,7,1,7,3,2,5
Dmrtb1,5,0,11,8,5,3
4933424M12Rik,0,1,0,1,0,0
Lrp8,26,12,23,10,24,15
Magoh,56,44,73,64,82,75
0610037L13Rik,41,27,62,38,50,40
Cpt2,4,6,14,14,8,14
Podn,1,0,0,1,0,2
Scp2,132,115,247,245,220,146
Echdc2,6,10,12,7,12,10
Zyg11b,49,45,87,37,67,43
Coa7,6,2,13,22,22,11
Gpx7,24,9,24,13,16,35
Zcchc11,87,48,112,93,96,72
Prpf38a,22,6,32,39,41,25
Orc1,1,0,0,0,0,0
Cc2d1b,12,13,19,24,8,19
Gm17354,6,4,11,4,6,11
Zfyve9,25,21,46,46,34,37
3110021N24Rik,36,18,48,35,50,54
Btf3l4,66,44,106,102,95,92
Txndc12,48,20,78,59,64,73
Kti12,12,5,17,14,15,10
Rab3b,4,2,3,2,7,1
Nrd1,53,56,81,132,100,63
Osbpl9,15,15,29,21,41,21
Calr4,0,0,0,0,0,1
Eps15,12,16,23,67,39,20
Rnf11,60,44,120,81,94,66
Cdkn2c,8,0,3,13,6,6
Faf1,18,9,34,29,29,24
Dmrta2os,0,1,4,0,1,2
Dmrta2,19,4,47,24,32,21
Elavl4,93,53,118,88,142,139
Agbl4,1,0,3,3,1,3
Bend5,10,6,22,11,14,16
Spata6,4,1,14,9,14,10
Skint3,0,0,0,1,0,0
Cmpk1,67,29,87,103,92,72
Tal1,2,1,0,4,0,0
Cyp4x1,3,1,2,1,3,0
Cyp4x1os,0,0,0,0,2,0
Efcab14,64,59,121,179,147,105
Atpaf1,25,11,34,28,36,26
Mob3c,8,7,10,23,13,8
Mknk1,12,8,12,23,19,15
Faah,18,8,30,21,26,19
Nsun4,12,8,22,11,11,10
Uqcrh,226,154,356,306,285,241
Lrrc41,32,21,47,43,41,39
Rad54l,3,1,4,3,3,0
Pomgnt1,38,11,47,35,34,38
Lurap1,5,1,13,6,17,7
Pik3r3,16,24,86,47,104,48
Mast2,32,20,41,23,43,27
Ipp,6,4,2,5,6,4
Tmem69,2,2,8,8,14,6
Gpbp1l1,35,15,36,40,42,19
Ccdc17,0,2,0,3,0,0
Nasp,43,20,69,83,67,42
Akr1a1,103,58,159,140,163,153
Prdx1,280,167,418,554,356,319
Mmachc,4,2,6,7,7,4
Ccdc163,5,4,8,11,13,6
Tesk2,5,0,4,11,9,5
Toe1,12,7,9,15,10,15
Mutyh,3,1,2,1,2,3
Hpdl,1,1,1,0,0,0
Zswim5,28,13,27,25,29,18
Urod,26,16,35,34,29,39
Hectd3,11,11,31,20,13,14
Eif2b3,11,0,21,28,16,14
Btbd19,0,0,0,4,0,4
Tctex1d4,0,0,0,0,1,0
Plk3,9,4,10,53,19,14
Rps8,531,351,736,752,748,697
Kif2c,0,0,0,1,0,0
Gm1661,1,0,0,0,0,0
Tmem53,3,3,1,0,2,1
Rnf220,48,31,51,80,47,43
Gm12843,0,0,1,0,0,0
Gm12827,0,0,0,1,0,0
Eri3,43,18,68,58,60,58
Dmap1,21,13,27,32,21,28
Gm12840,1,0,1,3,2,4
Slc6a9,35,24,54,55,52,33
Ccdc24,0,0,1,3,0,1
B4galt2,30,24,56,30,35,39
Gm12841,0,0,0,0,0,1
Atp6v0b,328,208,488,586,460,401
Dph2,6,6,16,5,12,10
Ipo13,34,17,51,60,47,43
Artn,0,0,0,0,1,0
St3gal3,3,8,14,13,9,11
9530034E10Rik,7,2,3,1,3,4
Kdm4a,24,21,47,31,33,30
Ptprf,32,23,52,24,53,37
Szt2,5,4,14,19,11,10
Med8,37,20,44,59,62,45
Elovl1,34,11,48,118,41,31
Cdc20,1,0,1,3,0,0
Tie1,0,0,1,0,1,0
Tmem125,15,0,8,89,32,2
Cfap57,0,0,0,0,1,0
Ebna1bp2,45,20,54,54,47,60
Slc2a1,18,16,18,40,32,16
Zfp691,13,2,9,11,8,11
Ermap,1,0,0,0,0,0
Svbp,54,37,84,52,93,60
AU022252,26,8,34,27,21,21
4930538K18Rik,0,0,0,1,0,0
P3h1,9,3,14,9,14,13
Ybx1,260,163,379,349,303,348
Ppih,14,10,14,20,23,18
Ccdc30,5,7,7,10,10,6
Ppcs,5,3,11,11,12,14
Rimkla,6,3,11,17,22,12
AA415398,4,1,3,3,4,3
Foxj3,31,27,42,40,27,22
Hivep3,4,8,14,11,15,9
Foxo6,2,2,6,9,9,5
Scmh1,42,36,59,56,74,86
Ctps,44,4,17,223,25,12
Cited4,2,1,1,0,3,0
Kcnq4,1,1,1,4,7,2
Nfyc,15,14,25,16,27,17
Rims3,5,4,4,4,5,5
Exo5,7,3,13,10,17,11
Zfp69,2,1,0,0,0,0
Smap2,47,37,92,93,72,78
Col9a2,11,10,15,7,16,11
Zmpste24,70,33,69,51,86,62
Rlf,18,12,27,30,18,18
Ppt1,124,64,168,128,153,185
Cap1,30,16,50,58,44,33
Mfsd2a,183,134,235,84,139,188
Mycl,51,29,56,153,89,70
Trit1,8,6,7,23,29,14
Bmp8b,0,0,0,1,2,0
Ppie,30,11,32,27,34,19
Hpcal4,4,0,2,3,5,2
Nt5c1a,0,0,1,0,1,0
Heyl,0,3,1,1,1,0
Pabpc4,11,8,22,17,14,16
Macf1,122,97,162,140,129,118
Gm12925,1,0,0,0,0,0
Ndufs5,197,128,320,227,226,214
Akirin1,64,53,107,102,106,68
Rhbdl2,4,8,11,8,19,4
Gm26606,1,1,4,3,0,2
Mycbp,8,3,16,15,13,7
Rragc,29,22,49,30,34,31
1700057H15Rik,0,0,0,1,0,0
Gm27247,0,1,2,0,1,0
4933407E24Rik,0,0,1,0,1,1
3100002H09Rik,23,11,35,20,23,21
Pou3f1,138,108,302,256,240,373
Utp11l,57,29,72,67,78,79
Fhl3,0,2,3,0,6,0
Sf3a3,25,24,31,50,46,41
Inpp5b,14,15,35,33,30,13
Mtf1,27,13,26,52,25,13
1110065P20Rik,51,36,77,114,109,58
Yrdc,9,10,24,33,29,12
Maneal,43,24,79,31,37,55
Epha10,0,0,1,0,0,0
Cdca8,1,1,2,1,1,1
Rspo1,0,0,0,0,1,0
Gnl2,21,14,33,43,48,29
Dnali1,0,0,1,0,0,0
Snip1,12,8,14,21,9,9
Gm12932,0,0,0,1,0,0
Meaf6,52,38,50,61,46,44
Zc3h12a,4,0,2,7,1,0
Grik3,40,28,56,41,42,36
Csf3r,1,8,2,15,10,1
Mrps15,30,21,50,53,49,49
Oscp1,8,10,15,9,7,8
Lsm10,17,10,26,22,25,19
Stk40,12,7,16,16,13,10
Eva1b,1,0,2,3,0,2
Thrap3,81,43,97,91,104,67
Map7d1,65,34,71,174,113,71
Trappc3,52,58,107,72,79,87
Adprhl2,36,18,39,36,24,22
Tekt2,0,0,0,0,1,0
Ago3,64,31,74,87,81,55
Ago1,48,31,67,46,47,37
Ago4,31,26,48,23,24,30
Clspn,2,0,3,3,5,0
5730409E04Rik,10,6,17,12,7,9
Psmb2,121,82,192,191,151,164
Ncdn,51,41,69,78,79,68
AU040320,29,11,34,40,50,27
Zmym4,51,36,102,75,81,57
Sfpq,243,159,356,326,317,322
Zmym1,13,6,11,6,6,8
Zmym6,19,6,20,20,21,13
Gm12942,6,2,2,3,3,0
Dlgap3,4,7,6,7,6,3
Smim12,31,17,56,38,43,41
Gja4,0,0,0,0,1,0
CK137956,1,0,0,2,1,0
Csmd2,65,36,98,83,82,62
Hmgb4,0,0,1,0,0,0
Zscan20,7,3,4,3,5,7
Phc2,53,29,60,78,74,37
Zfp362,31,17,37,31,26,18
Gm12968,1,0,4,3,8,2
Trim62,36,18,66,41,46,50
Azin2,10,5,18,15,14,12
Ak2,26,24,51,46,46,36
1700086P04Rik,2,0,0,0,2,0
Rnf19b,31,17,47,39,26,28
Hpca,2,2,1,0,1,3
Fndc5,41,30,49,24,27,37
S100pbp,23,14,26,23,34,21
Yars,31,16,49,46,33,46
C77080,18,8,27,9,19,17
Gm12976,8,1,4,2,11,3
Sync,0,0,0,1,4,0
Rbbp4,96,71,132,169,165,124
Gm26722,4,1,9,7,9,2
Zbtb8os,22,10,44,25,31,36
Zbtb8a,5,4,7,1,8,6
Zbtb8b,3,0,4,1,1,1
Bsdc1,31,18,61,53,47,44
Fam229a,0,1,1,0,0,0
Marcksl1,333,176,435,465,458,337
Hdac1,34,16,54,70,57,50
Fam167b,0,2,0,1,0,1
Eif3i,49,43,93,102,88,82
Tmem234,111,69,138,165,137,119
Dcdc2b,2,3,3,2,2,3
Iqcc,17,7,23,24,19,16
Ccdc28b,45,31,64,64,67,49
Txlna,27,12,47,53,48,32
Kpna6,24,19,56,40,36,27
Tmem39b,12,8,30,24,18,22
Khdrbs1,91,73,129,139,167,94
Ptp4a2,105,78,169,173,178,152
E330017L17Rik,0,0,0,0,1,1
Spocd1,0,1,1,0,1,0
1700003M07Rik,1,1,1,0,1,1
Adgrb2,83,65,149,99,99,68
Col16a1,22,17,31,35,29,21
Pef1,21,17,31,40,35,35
Hcrtr1,2,0,0,0,1,0
Tinagl1,0,1,0,0,0,0
Gm853,0,0,0,0,1,0
Serinc2,1,0,7,1,10,1
Gm10570,0,0,1,0,0,0
Fabp3,13,6,16,8,10,9
Zcchc17,69,27,87,69,76,78
Snrnp40,35,19,51,64,35,44
Nkain1,5,1,7,25,7,1
Pum1,142,77,160,172,196,113
Gm26516,0,0,0,1,0,0
Sdc3,661,506,1154,578,749,683
Gm26716,2,0,0,0,2,0
Laptm5,11,34,21,61,48,22
Matn1,11,6,14,47,27,42
Ptpru,14,17,19,15,18,17
Mecr,2,4,7,13,7,12
Srsf4,54,34,66,36,51,56
Tmem200b,0,0,0,1,0,0
Epb41,43,23,54,36,46,46
Gm13063,0,0,0,1,0,0
Ythdf2,59,45,78,82,76,85
Gmeb1,21,9,14,13,21,13
Gm28874,0,0,1,0,1,0
Taf12,23,11,32,26,18,21
Rab42,2,2,6,0,2,1
Snhg12,44,24,47,73,73,56
Trnau1ap,32,14,39,30,53,21
Rcc1,11,5,15,7,19,13
Phactr4,15,9,33,21,24,8
Med18,2,3,4,1,8,5
Sesn2,8,7,12,9,20,13
Gm12981,0,0,1,2,0,1
Atpif1,166,114,262,189,257,179
Dnajc8,83,59,135,90,134,125
Ptafr,1,4,0,7,5,1
Eya3,4,0,8,14,6,7
Xkr8,6,7,8,3,4,5
Rpa2,12,7,22,18,19,14
Themis2,1,0,1,2,1,0
Ppp1r8,15,13,24,26,23,20
Stx12,83,57,111,98,94,90
Fam76a,25,31,44,62,79,53
Ahdc1,36,14,31,23,40,29
Gm26615,2,0,1,0,0,2
Wasf2,36,35,51,71,66,42
Gpr3,2,0,4,2,6,2
Cd164l2,0,0,2,0,0,0
Map3k6,0,0,0,1,0,0
Sytl1,0,0,0,0,1,0
Tmem222,46,32,96,70,67,64
Wdtc1,22,18,43,31,33,31
Slc9a1,28,16,47,34,41,36
Trnp1,58,17,71,35,43,44
Nudc,82,52,132,116,110,79
Gpatch3,2,1,4,5,1,2
Gpn2,11,8,14,18,21,8
Sfn,2,0,4,1,2,2
Zdhhc18,16,14,30,18,26,19
Pigv,11,6,14,8,11,6
Arid1a,68,55,126,131,118,85
Rps6ka1,3,1,1,10,10,3
Hmgn2,86,61,127,166,139,110
Dhdds,16,6,32,17,26,20
Aim1l,0,0,1,0,1,0
Cd52,2,7,2,6,3,6
Ubxn11,0,1,0,2,4,1
Sh3bgrl3,61,51,99,159,110,85
Cep85,11,6,19,13,19,7
Zfp593,16,6,13,22,20,14
E130218I03Rik,1,0,0,0,0,0
Pdik1l,25,14,28,21,18,21
Extl1,23,15,28,15,17,11
Pafah2,7,3,3,6,6,4
Stmn1,79,36,103,327,91,54
Paqr7,8,5,22,14,18,11
Mtfr1l,40,22,65,52,52,54
Sepn1,34,30,51,39,58,45
Man1c1,4,11,26,43,36,17
Ldlrap1,0,1,1,23,6,1
Tmem57,49,48,90,80,111,57
Rhd,1,0,1,0,0,0
Tmem50a,93,71,169,185,146,144
Rsrp1,422,290,561,719,672,405
Syf2,66,36,117,131,106,93
Clic4,63,31,82,267,103,57
Srrm1,116,64,158,171,168,115
Ncmap,1,0,2,5,5,4
Rcan3,19,12,27,16,25,17
Nipal3,29,24,56,49,50,35
Stpg1,0,1,1,0,2,1
Grhl3,0,0,0,0,0,1
Srsf10,101,51,151,151,132,113
Pnrc2,50,31,61,75,77,51
Cnr2,0,1,0,0,0,0
Fuca1,76,51,111,95,85,97
Hmgcl,22,20,63,50,53,38
Gale,4,8,10,6,5,7
Lypla2,31,27,48,29,47,38
Pithd1,41,23,39,31,45,30
Tceb3,15,9,32,20,44,11
Gm13008,0,0,1,0,0,0
Gm24362,2,1,0,1,4,0
Rpl11,438,287,660,648,615,540
Id3,11,19,19,17,30,16
E2f2,2,0,8,0,2,2
Asap3,4,5,13,8,16,7
Tcea3,0,0,0,0,1,0
Zfp46,15,12,22,15,19,16
Hnrnpr,159,71,205,187,189,173
Gm27022,0,1,1,0,0,1
6030445D17Rik,0,0,0,1,0,0
Luzp1,21,9,35,25,28,21
Kdm1a,74,44,109,96,117,81
Ephb2,15,4,15,8,19,16
C1qb,84,258,87,435,214,185
C1qc,48,182,44,242,114,125
C1qa,63,282,55,420,195,170
Zbtb40,13,7,14,4,18,13
Wnt4,15,10,29,13,15,20
Cdc42,321,231,458,418,436,293
2810405F17Rik,3,1,2,4,2,1
Hspg2,7,2,6,3,2,7
Usp48,33,26,54,28,53,22
Rap1gap,243,144,291,209,241,241
Alpl,9,2,17,5,5,4
Ece1,42,33,57,49,57,55
Gm13012,0,0,0,0,1,0
Eif4g3,105,63,139,165,130,109
Hp1bp3,117,104,195,164,173,118
Sh2d5,1,1,1,1,0,1
Kif17,1,2,0,0,3,2
Ddost,114,63,179,135,180,160
Pink1,49,29,72,70,62,68
Cda,1,0,0,1,2,0
Fam43b,10,3,14,6,9,10
AB041806,0,0,0,0,1,0
Mul1,19,13,31,19,31,25
Camk2n1,132,111,216,169,159,208
Ubxn10,1,2,1,0,0,1
Pla2g2c,0,0,0,0,0,1
Pla2g5,2,0,2,1,0,3
Otud3,2,1,5,3,2,2
Tmco4,2,1,1,7,2,3
Htr6,0,3,0,0,0,2
Nbl1,20,17,43,25,35,36
Minos1,126,81,207,148,173,156
Capzb,93,63,150,138,138,114
Pqlc2,7,2,16,7,10,15
Akr7a5,27,12,46,42,23,31
Mrto4,41,30,67,66,59,58
Emc1,99,70,148,87,101,73
Ubr4,36,24,56,36,39,30
2700016F22Rik,3,4,5,6,6,2
Iffo2,20,9,16,8,23,11
Aldh4a1,13,16,26,13,19,14
Klhdc7a,0,1,1,0,0,0
Igsf21,104,60,131,69,115,140
Arhgef10l,35,17,51,33,37,29
Rcc2,47,33,68,65,84,53
Padi2,13,0,13,47,15,6
Gm13031,7,7,3,2,2,1
Sdhb,88,50,114,128,133,138
Atp13a2,34,37,50,37,48,41
Mfap2,21,10,37,17,27,24
Crocc,8,3,8,14,8,5
Necap2,16,16,39,54,35,23
Szrd1,19,16,40,33,39,26
Fbxo42,10,8,16,10,20,16
Rsg1,0,0,0,0,1,0
Arhgef19,28,19,32,29,37,17
Epha2,3,1,0,6,6,1
Fam131c,4,2,2,0,2,2
Gm13075,1,1,1,0,0,0
Zbtb17,13,10,25,11,15,11
Spen,54,41,94,90,93,71
Fblim1,0,0,0,1,0,1
Tmem82,0,0,0,0,0,1
AI507597,0,0,0,0,0,1
Slc25a34,0,0,1,0,0,0
Plekhm2,16,15,26,26,21,20
Ddi2,27,12,35,29,16,17
Dnajc16,11,6,12,6,17,8
Casp9,6,5,16,11,11,13
Efhd2,5,15,6,29,19,7
Gm29367,0,0,0,1,0,0
Fhad1,1,0,0,1,2,1
Tmem51,7,2,16,1,10,13
Tmem51os1,2,2,0,3,0,2
Kazn,62,57,94,166,121,97
Gm13062,0,1,0,0,0,0
Gm13052,1,0,4,3,1,1
Prdm2,32,21,45,41,46,24
Pdpn,48,27,71,23,39,42
Lrrc38,3,2,8,2,0,2
Pramef8,11,7,16,13,15,12
Dhrs3,3,9,3,5,10,5
Vps13d,35,21,32,29,39,24
Tnfrsf1b,1,0,1,6,9,0
Gm13212,0,0,0,1,0,0
Gm13166,1,1,0,0,0,0
Gm13251,0,1,3,4,0,1
Gm13139,3,0,3,5,4,0
Gm26624,2,6,3,5,2,4
Gm13152,4,4,5,7,5,3
Gm16503,8,4,10,9,13,5
2610305D13Rik,3,1,1,1,2,2
Gm13157,1,0,4,3,0,0
Gm20707,0,0,0,2,0,0
Zfp933,6,8,9,8,11,4
Miip,5,8,16,17,19,10
Fv1,1,0,1,0,1,2
Mfn2,26,16,41,29,31,23
Plod1,46,19,66,50,34,43
2510039O18Rik,29,17,32,28,35,39
Nppa,0,0,0,1,1,0
Gm13054,1,0,1,0,0,1
Clcn6,41,40,82,66,70,54
Mthfr,5,5,5,5,9,7
Agtrap,1,0,2,2,3,2
Draxin,0,0,2,0,4,2
Mad2l2,19,6,33,25,22,21
Fbxo6,13,12,16,14,10,14
Fbxo44,34,24,48,30,60,43
Fbxo2,32,24,41,34,25,39
Ptchd2,20,16,22,2,16,16
Ubiad1,7,6,7,6,16,7
Mtor,18,11,26,25,23,16
Angptl7,0,0,0,0,1,0
Exosc10,29,16,47,29,50,30
Srm,33,13,38,55,46,40
Masp2,0,1,1,0,0,0
Tardbp,93,57,103,118,112,61
Casz1,0,1,0,2,0,0
Gm13205,0,0,2,1,0,0
Pex14,16,10,17,20,23,24
Dffa,14,7,16,18,19,11
Cort,0,0,1,0,0,0
Apitd1,5,1,9,4,5,2
Pgd,48,23,47,41,41,31
Kif1b,246,143,346,514,353,220
Ube4b,32,36,48,35,43,34
Ube4bos1,0,0,1,0,0,0
Nmnat1,10,2,11,5,12,11
Lzic,15,10,34,24,31,22
Ctnnbip1,68,48,101,58,62,81
Clstn1,232,166,350,189,251,239
Pik3cd,7,2,2,6,4,1
Tmem201,20,7,31,27,27,21
Slc25a33,8,9,15,16,5,6
Spsb1,24,17,26,72,53,34
H6pd,3,3,8,3,4,2
Gpr157,1,0,2,1,2,0
Slc2a5,0,7,3,16,7,2
Car6,1,0,3,1,1,2
Eno1,290,181,438,226,322,430
Rere,72,52,102,84,74,77
Gm13091,0,0,1,0,0,0
Slc45a1,9,7,20,12,19,13
Errfi1,34,25,47,42,57,38
Park7,135,92,240,178,171,154
Tnfrsf9,0,0,0,1,0,0
Camta1,74,53,97,83,103,70
Per3,63,57,118,114,122,78
Vamp3,48,23,60,76,73,41
Dnajc11,21,16,30,34,33,29
Thap3,47,12,46,62,48,35
Phf13,8,5,5,9,13,7
Klhl21,8,5,12,11,15,11
Zbtb48,5,3,4,10,9,6
Nol9,8,7,10,12,15,7
Plekhg5,3,3,6,5,6,7
Tnfrsf25,0,1,0,0,0,0
Espn,4,1,0,1,0,2
Acot7,33,14,39,65,29,34
Gpr153,20,19,36,15,36,40
Icmt,13,3,16,18,25,8
Rpl22,138,114,238,228,239,231
Chd5,32,8,42,27,23,17
Kcnab2,3,1,11,1,5,5
Nphp4,3,1,4,3,2,2
Ajap1,4,3,7,4,2,1
A430005L14Rik,15,4,34,30,23,28
Dffb,6,5,11,7,6,3
Cep104,19,8,11,23,13,8
Lrrc47,20,12,22,30,24,19
Smim1,18,6,16,29,18,7
Wrap73,11,7,13,16,16,14
Tprgl,78,42,104,189,94,112
Prdm16,0,0,2,1,0,0
Gm13111,0,1,2,0,0,0
Ttc34,1,0,3,1,2,0
Gm13112,0,0,0,0,1,0
Fam213b,28,12,45,47,52,28
Hes5,106,43,164,61,71,133
Pank4,4,3,14,8,17,8
Plch2,1,0,2,0,2,0
Pex10,8,4,15,8,7,4
Rer1,81,55,132,155,139,112
Morn1,1,0,3,4,2,0
Ski,57,45,113,91,92,64
Faap20,33,14,42,30,38,38
Prkcz,42,28,78,144,79,56
Gm27200,9,3,12,14,7,3
Gabrd,1,0,0,1,0,0
Cfap74,1,0,1,2,4,1
Tmem52,1,2,0,0,0,0
Gnb1,202,141,300,309,281,248
Nadk,43,35,45,38,47,35
Slc35e2,25,16,46,30,26,18
Cdk11b,39,29,58,57,56,62
Mmp23,0,0,1,1,0,5
Mib2,17,7,29,19,29,14
B930041F14Rik,11,23,26,18,28,27
Ssu72,43,25,57,83,65,60
1500002C15Rik,1,0,2,2,1,1
Tmem240,12,7,15,12,19,15
Atad3a,15,7,37,37,22,24
Atad3aos,4,1,7,1,9,1
Vwa1,16,6,32,18,35,30
Gm26840,0,1,0,0,1,3
Tmem88b,28,8,34,208,60,25
Mrpl20,90,38,112,146,127,84
Ccnl2,95,70,146,136,114,120
Aurkaip1,69,35,104,112,104,76
Mxra8,6,0,4,4,2,1
Dvl1,28,22,44,43,26,37
Tas1r3,1,0,0,1,0,0
Cptp,9,7,14,11,5,12
Cpsf3l,18,10,26,15,16,24
Pusl1,18,8,22,29,35,15
Acap3,99,74,146,103,146,131
Ube2j2,68,37,92,93,75,63
Fam132a,3,1,14,2,2,8
B3galt6,23,13,17,18,25,10
Sdf4,61,50,127,117,117,80
Tnfrsf4,0,0,0,0,0,1
9430015G10Rik,10,4,10,9,9,4
Agrn,82,44,116,75,83,52
Isg15,0,0,2,4,1,0
AW011738,6,2,5,8,10,1
Perm1,1,0,1,3,0,0
Plekhn1,2,0,1,2,1,0
Klhl17,10,8,27,18,23,19
Noc2l,24,10,30,35,43,24
Cdk6,31,10,17,13,19,25
Gm17590,0,0,0,0,0,1
Gm42435,0,1,0,0,1,0
Fam133b,85,58,122,126,134,112
1700109H08Rik,1,1,3,5,2,1
Rbm48,12,14,23,28,24,20
2510017J16Rik,1,1,1,2,2,4
Pex1,23,12,27,37,17,24
Gm43825,0,0,0,0,0,1
4833413G10Rik,2,1,2,1,5,5
Gatad1,61,45,99,86,82,54
Ankib1,41,24,74,79,67,28
Krit1,125,86,161,166,155,148
Lrrd1,1,0,0,0,1,2
Mterf1a,8,3,18,7,13,8
Akap9,109,78,172,159,154,131
Cyp51,35,17,40,83,38,15
Mterf1b,1,1,6,3,4,1
Fzd1,13,5,23,10,14,9
Cdk14,76,44,125,127,127,90
Cldn12,16,11,23,8,18,13
Gtpbp10,13,4,13,12,11,13
Gm8773,0,0,1,1,0,0
Cfap69,4,4,6,2,4,1
Steap2,28,19,50,37,40,28
Steap1,4,1,3,1,2,2
Gm26825,1,2,3,1,2,3
Sri,92,55,121,113,110,96
Adam22,49,43,93,78,61,53
Dbf4,5,2,3,0,6,1
Slc25a40,18,10,28,17,25,11
Rundc3b,5,7,13,9,16,11
Abcb1a,0,0,1,0,1,0
Abcb1b,8,1,6,23,12,5
Abcb4,32,18,34,31,34,45
Crot,43,22,44,46,49,46
Gm15611,0,0,2,0,0,0
Tmem243,47,17,61,81,77,30
Dmtf1,48,31,64,84,85,52
9330182L06Rik,12,5,15,16,20,12
Grm3,4,0,0,16,0,0
Sema3d,153,118,239,152,207,114
Sema3a,0,3,1,0,0,0
Sema3e,18,22,28,27,30,34
Pclo,23,26,48,36,38,28
Gm3510,0,0,2,0,0,0
Cacna2d1,60,40,86,66,98,57
Gm43000,0,1,0,1,0,0
Hgf,0,0,0,0,0,1
Sema3c,2,0,1,1,1,0
Cd36,1,0,0,0,0,0
Gnai1,29,12,53,107,45,50
4921504A21Rik,4,2,4,11,3,3
Magi2,87,50,109,112,104,93
Phtf2,13,2,19,12,13,8
Tmem60,42,28,70,91,95,67
Rsbn1l,56,42,81,68,81,62
A630072M18Rik,4,3,6,8,7,4
Ptpn12,38,17,44,28,33,33
Gsap,40,35,84,50,64,47
Ccdc146,0,0,1,1,0,0
Fgl2,0,0,0,4,1,0
Fam185a,3,4,13,6,7,2
Armc10,6,5,6,7,16,13
Napepld,4,3,9,6,7,2
Pmpcb,37,32,67,50,65,61
Dnajc2,29,15,35,32,27,25
Psmc2,70,43,114,116,98,74
Slc26a5,0,0,0,0,1,0
Reln,5,8,3,2,5,3
Orc5,18,7,17,20,18,20
6030443J06Rik,44,26,43,50,48,24
A930003O13Rik,5,4,6,12,9,1
Lhfpl3,681,433,986,671,795,573
5031425E22Rik,52,32,69,52,49,35
Kmt2e,116,71,162,167,173,135
Srpk2,115,92,177,195,153,126
Pus7,22,15,29,44,64,25
Rint1,36,10,33,40,30,23
Tomm7,167,103,232,138,212,183
2700038G22Rik,8,3,10,4,7,10
Fam126a,16,15,31,23,26,17
Klhl7,42,32,70,49,67,39
Nupl2,6,7,10,13,17,10
Kcnh2,11,7,21,8,11,9
Nos3,1,2,3,1,2,4
Atg9b,0,0,2,0,0,0
Abcb8,24,16,44,32,18,33
Cdk5,40,19,40,74,67,31
Slc4a2,9,7,28,28,17,5
Fastk,29,22,49,42,53,44
Tmub1,13,6,13,24,20,7
2310074N15Rik,0,1,1,1,1,0
Agap3,40,31,56,38,49,64
Abcf2,20,13,33,27,27,24
Chpf2,17,11,32,25,15,13
Smarcd3,28,21,56,32,49,47
Nub1,33,16,31,51,54,24
Rheb,147,86,206,185,162,144
Prkag2,6,3,19,9,11,8
Galnt11,65,35,87,54,81,31
Kmt2c,80,79,117,104,87,84
4831440E17Rik,0,2,4,2,4,4
1700096K18Rik,14,9,21,20,16,18
Xrcc2,9,7,17,14,5,6
Actr3b,12,7,14,6,19,8
Gm21680,1,0,0,0,0,0
Speer4a,0,0,1,2,1,0
Gm7347,0,0,0,1,0,0
Gm10471,0,0,1,0,0,0
Gm7361,0,1,1,0,0,0
Dpp6,165,98,254,116,181,166
Speer4b,0,0,0,1,1,0
Gm16058,1,0,1,1,4,2
Paxip1,15,10,28,19,26,12
Htr5a,6,5,10,2,3,4
Insig1,35,27,55,64,55,27
En2,1,0,3,4,1,0
Rbm33,27,26,50,60,44,30
Shh,7,8,11,3,9,6
9530036O11Rik,3,4,5,2,5,9
Gm26894,3,4,2,0,1,6
Rnf32,10,4,9,10,12,10
Lmbr1,22,14,33,25,31,30
Nom1,19,15,28,48,35,21
Ube3c,43,22,70,52,58,46
Dnajb6,108,61,145,165,151,131
Il6,0,1,1,0,2,0
Tyms,7,3,11,8,10,12
3110082J24Rik,3,2,5,3,6,3
Gareml,9,8,13,12,13,8
Hadha,67,44,105,118,120,103
Hadhb,78,54,126,135,125,135
Ept1,41,16,61,84,68,44
Drc1,2,0,0,0,2,1
1700001C02Rik,0,0,0,0,2,0
Kcnk3,61,28,121,32,58,101
Slc35f6,25,14,27,19,28,20
Cenpa,3,2,3,4,4,1
Dpysl5,15,4,16,9,14,13
Mapre3,57,27,68,60,59,49
Tmem214,30,19,42,46,38,45
Agbl5,7,7,20,8,15,13
Ost4,88,42,112,66,113,96
Emilin1,0,2,2,1,2,2
Khk,12,2,10,12,5,7
Cgref1,6,3,9,3,7,3
Preb,51,26,59,44,54,49
Slc5a6,10,4,15,12,22,21
Atraid,130,78,195,190,180,166
Cad,6,4,21,6,13,14
Ucn,0,0,1,0,0,1
Mpv17,74,40,108,75,87,91
Gm29609,0,0,1,3,0,1
Gtf3c2,53,30,75,59,71,42
Eif2b4,31,20,42,30,56,45
Snx17,51,38,64,95,72,58
Zfp513,27,8,29,32,29,21
Ppm1g,70,31,93,64,74,60
Gm9970,0,1,0,0,0,0
Nrbp1,24,30,51,53,63,40
Krtcap3,0,2,1,0,0,1
Ift172,10,2,11,9,10,6
Fndc4,60,49,110,52,100,92
Zfp512,39,22,54,50,52,62
Gpn1,26,20,30,29,32,31
Supt7l,20,17,28,24,29,15
Slc4a1ap,9,10,17,26,23,12
Gm43660,3,0,2,1,1,1
Mrpl33,102,63,120,92,99,90
Rbks,0,2,5,11,4,0
Bre,35,32,73,59,74,70
Fosl2,2,2,4,14,3,1
Ppp1cb,175,102,231,228,266,184
Gm15614,0,0,0,0,0,2
Yes1,30,19,45,46,49,26
Pisd,33,10,36,34,43,30
Prr14l,18,8,20,26,26,11
Depdc5,8,10,22,27,15,15
Ywhah,72,62,123,152,123,96
Ctbp1,116,47,149,170,129,112
Maea,16,19,35,28,32,29
Uvssa,31,15,31,65,35,26
Fam53a,22,8,35,36,36,20
Slbp,32,16,36,52,35,28
Tmem129,17,16,21,16,16,23
Tacc3,3,2,6,3,5,5
Fgfr3,29,28,33,15,33,27
Letm1,42,21,65,35,49,38
Whsc1,81,32,98,102,102,88
Nelfa,25,9,38,40,43,29
Gm42849,0,1,0,0,0,0
Gm42851,7,2,8,6,8,6
Gm1673,162,67,237,71,147,117
Nat8l,29,21,50,27,39,34
Haus3,8,4,7,15,20,7
Mxd4,140,62,160,110,149,116
Zfyve28,6,7,11,4,10,7
Rnf4,45,24,63,53,69,46
Fam193a,52,29,78,74,77,59
Tnip2,8,4,6,15,13,8
Sh3bp2,5,4,3,6,9,3
Add1,101,53,102,217,189,92
Mfsd10,21,10,15,14,12,16
Nop14,11,8,24,16,29,24
Gm15522,0,1,0,0,0,0
Grk4,3,5,8,6,9,2
Htt,60,28,86,75,69,55
Msantd1,1,1,0,2,1,0
Rgs12,18,11,15,11,8,18
Dok7,12,6,13,9,13,2
Lrpap1,102,63,146,94,124,133
Adra2c,1,3,5,4,6,4
Trmt44,2,2,0,5,5,2
Acox3,21,9,24,30,26,16
Htra3,22,6,27,23,19,29
Sh3tc1,1,0,0,1,1,1
Ablim2,16,4,9,113,39,8
Afap1,23,26,65,36,45,42
Sorcs2,5,5,18,16,9,7
2210406O10Rik,2,0,3,1,0,4
Grpel1,54,28,67,74,52,56
Tada2b,14,11,18,18,24,22
Ccdc96,0,0,1,1,1,0
Tbc1d14,43,44,96,85,66,52
D5Ertd579e,47,50,98,115,89,72
Bloc1s4,14,8,30,43,27,24
Mrfap1,217,142,297,393,243,265
Man2b2,8,6,11,5,12,26
Ppp2r2c,27,12,34,54,30,21
Wfs1,4,5,6,15,6,5
Jakmip1,10,3,12,9,6,4
Gm1043,0,0,0,0,1,0
Crmp1,23,21,44,21,21,18
Evc,8,5,17,10,13,11
Evc2,2,6,11,6,3,4
Stk32b,0,1,1,0,2,0
Msx1,5,4,5,7,10,8
Stx18,15,8,19,20,16,24
Nsg1,128,94,208,125,147,190
Zbtb49,5,4,9,13,16,3
Lyar,20,10,22,27,20,22
Tmem128,68,31,75,94,95,52
Drd5,1,0,0,1,3,3
Slc2a9,2,4,6,1,4,2
Wdr1,178,113,220,153,193,181
Zfp518b,15,6,15,12,19,11
Hs3st1,24,8,14,80,28,12
Rab28,39,21,57,43,51,36
Bod1l,48,37,84,118,78,65
Gm16223,0,0,0,1,1,0
Gm42711,0,0,0,0,0,1
Gm7854,1,2,0,0,1,1
Cpeb2,61,27,91,82,98,57
Cc2d2a,38,24,49,46,50,30
Fbxl5,72,29,71,132,92,61
Gm42555,0,0,1,0,0,0
Cd38,1,1,0,2,0,0
Prom1,1,3,20,57,43,18
Tapt1,17,10,30,33,28,22
Ldb2,8,5,17,5,13,1
Qdpr,90,22,123,429,124,60
Lap3,62,30,75,231,93,68
Med28,47,30,60,86,73,70
Fam184b,9,2,12,13,17,8
9630001P10Rik,2,1,4,2,5,4
Ncapg,2,0,1,1,0,0
Lcorl,66,30,104,154,163,91
Slit2,9,9,20,13,10,11
Pacrgl,16,13,29,28,23,12
Kcnip4,3,0,2,0,0,0
Adgra3,29,21,43,30,45,32
Ppargc1a,30,23,59,36,40,42
Dhx15,63,39,98,85,91,75
Sod3,2,0,3,0,0,1
Ccdc149,6,1,6,4,3,11
Lgi2,11,1,27,13,15,13
8030423F21Rik,1,2,1,0,4,1
Sepsecs,15,5,21,19,15,6
Pi4k2b,2,0,5,8,4,3
Zcchc4,12,5,11,18,9,7
Anapc4,24,17,45,44,44,24
Sel1l3,14,5,13,11,18,6
Smim20,31,26,41,39,34,46
Smim20-1,7,2,4,6,2,5
Rbpj,30,22,44,50,62,27
Tbc1d19,25,15,30,30,28,34
Stim2,40,17,52,39,55,26
Pcdh7,121,80,173,188,232,127
Arap2,40,27,42,168,91,39
Nwd2,4,0,0,2,2,0
0610040J01Rik,51,30,74,36,37,43
Rell1,27,22,39,85,70,50
5830416I19Rik,0,0,0,0,0,1
Pgm1,8,10,14,10,15,18
Tbc1d1,12,9,23,14,24,14
C030018K13Rik,0,0,0,1,0,0
Gm26761,1,0,0,0,0,0
Klf3,51,33,91,107,62,59
Tlr1,0,0,0,2,0,0
Tlr6,1,1,0,2,1,1
Fam114a1,35,15,36,33,37,27
Klhl5,108,73,174,201,198,143
Wdr19,7,1,4,10,5,4
Rfc1,46,25,61,44,51,48
Klb,1,0,0,1,0,0
Rpl9,369,256,534,575,489,471
Lias,19,15,29,37,35,23
Ugdh,151,98,224,151,221,247
Smim14,79,52,123,140,103,97
Ube2k,86,53,130,110,117,94
Gm42726,0,3,1,2,0,2
Pds5a,59,28,86,71,82,47
N4bp2,25,17,29,29,16,21
Rhoh,2,5,4,15,6,3
Rbm47,1,2,2,3,2,2
Nsun7,15,6,21,17,13,27
Apbb2,38,25,53,49,49,49
Uchl1,64,54,108,74,88,105
Limch1,51,34,66,163,82,46
Gm42670,1,1,0,2,1,0
Tmem33,87,70,128,142,128,102
Slc30a9,36,32,51,52,69,47
Bend4,12,8,20,12,9,13
Gm26756,1,0,3,0,1,0
Atp8a1,119,61,129,160,159,88
Gm15478,0,0,1,0,1,0
Gm15477,0,0,1,2,1,0
Kctd8,11,5,15,13,11,6
Guf1,41,19,39,36,37,41
Gnpda2,60,37,94,71,73,63
Gabrg1,29,23,56,35,44,44
Gabra2,35,21,31,23,25,18
Cox7b2,1,0,2,1,4,0
Gabra4,16,7,19,12,14,12
Gabrb1,42,47,85,46,62,73
Commd8,40,35,62,78,49,48
Corin,0,0,0,0,1,0
Nfxl1,23,11,27,18,21,13
Gm5868,1,0,0,0,0,0
Tec,1,1,2,3,1,0
Slain2,26,20,43,44,40,32
Fryl,93,75,138,164,170,105
Ociad1,102,60,112,117,111,114
Ociad2,10,6,23,16,9,15
Cwh43,0,0,2,0,0,1
Dcun1d4,14,9,18,20,19,19
Sgcb,42,20,43,60,51,36
Usp46,23,26,44,29,34,27
Dancr,0,0,0,1,0,0
Dancr-1,5,0,1,0,1,0
Rasl11b,4,1,5,17,6,4
Scfd2,31,18,50,31,46,30
Fip1l1,262,143,358,247,310,238
Lnx1,93,61,133,65,91,86
Gm15985,0,0,0,0,0,1
Chic2,62,29,81,67,93,77
Gsx2,1,1,5,1,0,2
Pdgfra,1459,1214,2154,1203,1802,1303
Gm42802,1,1,0,0,2,0
Kit,14,5,11,13,21,13
Kdr,0,0,2,1,2,2
Srd5a3,15,15,35,30,27,30
Tmem165,63,38,88,111,104,82
Clock,78,28,91,87,71,52
Gm7467,1,1,0,5,1,6
Exoc1,34,19,44,47,68,36
Cep135,4,0,5,8,7,3
C530008M17Rik,26,20,48,29,47,28
Aasdh,14,7,14,8,13,2
Ppat,11,10,9,14,12,8
2310040G07Rik,0,0,0,3,1,0
Paics,68,24,78,71,78,52
Srp72,58,21,60,70,91,52
Hopx,4,2,16,8,6,2
Rest,26,24,48,37,52,40
Noa1,19,5,14,22,17,18
Polr2b,47,29,61,45,47,43
Igfbp7,8,9,6,18,39,15
Adgrl3,192,111,267,172,231,177
Epha5,182,104,237,147,203,166
Gm43532,0,1,0,1,0,1
Cenpc1,32,31,37,36,37,22
Stap1,0,0,1,1,0,0
Uba6,28,14,57,36,42,19
Ythdc1,81,60,118,101,110,99
Jchain,0,0,1,0,0,0
Utp3,21,16,35,36,44,26
Rufy3,132,99,250,137,163,185
Grsf1,29,11,35,28,35,31
Mob1b,40,19,48,36,52,26
Dck,13,5,22,15,7,5
Slc4a4,29,51,51,33,46,27
Adamts3,0,3,1,8,3,3
Cox18,17,8,17,8,18,13
Ankrd17,93,52,156,154,133,108
Gm9958,1,0,3,2,3,0
Afp,0,0,0,1,0,0
Pf4,1,1,3,2,0,0
Cxcl1,0,0,0,1,0,0
Cxcl2,1,2,6,3,1,0
Mthfd2l,53,35,75,50,47,34
Gm19619,3,0,2,3,0,4
Btc,2,0,0,2,0,2
Parm1,10,7,13,24,23,14
Rchy1,53,36,68,115,78,81
Cdkl2,2,1,0,1,1,4
Gm26582,1,0,0,2,1,0
G3bp2,115,77,187,202,207,137
Uso1,42,19,52,43,38,38
Naaa,3,5,2,9,3,0
Sdad1,8,8,19,19,16,11
Art3,1,0,0,0,1,0
Cxcl10,4,2,2,4,0,1
Nup54,12,13,18,19,23,10
Scarb2,82,40,130,150,138,87
Shroom3,0,0,3,0,1,1
Sept11,13,8,20,21,18,12
Ccni,53,43,91,79,58,69
2010109A12Rik,2,4,1,0,1,2
Ccng2,16,12,21,26,32,26
Cnot6l,53,49,90,62,79,73
Mrpl1,20,15,20,26,19,24
Fras1,2,1,4,1,2,1
Anxa3,6,11,20,43,32,8
Gm33370,0,0,1,0,0,0
Gm9484,0,3,1,1,1,0
Bmp2k,14,15,21,50,22,9
Paqr3,6,3,6,10,9,6
Antxr2,1,3,7,1,3,2
Prdm8,0,0,0,0,1,1
Bmp3,2,0,2,0,2,1
Prkg2,55,38,91,37,54,72
Rasgef1b,24,13,48,46,69,32
Gm43252,1,0,0,0,1,0
A930011G23Rik,16,8,15,28,20,22
Gm35911,0,0,0,1,0,0
Hnrnpd,102,73,163,157,160,97
Gm17092,1,0,0,1,0,0
4930524J08Rik,4,1,6,4,2,2
Hnrnpdl,146,75,183,226,280,92
Enoph1,19,5,25,30,28,25
Tmem150c,2,2,4,2,0,0
Sec31a,38,19,57,53,53,42
5430416N02Rik,11,7,14,27,20,12
Lin54,12,7,8,23,21,8
Cops4,55,32,96,83,75,79
Plac8,0,1,1,0,5,1
Coq2,18,22,38,38,27,31
Helq,5,5,8,14,11,7
Mrps18c,41,27,67,49,70,66
Fam175a,13,3,9,7,15,12
4930458D05Rik,1,0,1,0,0,0
Agpat9,3,0,0,2,3,3
Cds1,3,0,1,4,4,1
Wdfy3,41,44,70,64,76,53
Gm20548,0,0,1,0,0,0
Gm29707,0,0,0,1,0,0
1700013M08Rik,0,0,0,0,1,0
Arhgap24,31,31,48,38,51,34
Mapk10,56,34,81,77,75,49
Ptpn13,13,7,11,22,6,8
Slc10a6,0,0,0,0,1,0
Aff1,12,10,21,4,12,15
Klhl8,8,9,15,15,14,13
Hsd17b13,0,0,2,0,0,0
Hsd17b11,77,60,91,89,106,93
Nudt9,50,32,74,52,58,57
Gm17660,0,0,0,0,1,0
Sparcl1,595,502,1020,447,606,859
Gm26703,1,2,1,0,2,0
Dmp1,0,0,0,1,0,0
Pkd2,49,30,81,73,74,50
BC005561,94,60,140,189,125,99
D930016D06Rik,24,20,42,38,29,29
Zfp951,2,0,3,1,3,3
Abcg3,0,0,0,1,0,0
Gbp9,0,0,0,1,0,0
Gbp4,0,0,0,0,2,0
Gbp6-1,0,0,0,3,1,0
Gm26519,2,0,1,3,1,0
Gm42749,1,1,1,5,2,0
Lrrc8b,38,22,52,94,71,26
Lrrc8c,26,14,16,26,22,6
Lrrc8d,58,28,79,75,50,54
Zfp326,73,47,104,94,99,94
Gm28050,3,0,1,1,0,2
Zfp644,80,69,118,132,121,102
Hfm1,6,0,2,4,7,3
Cdc7,15,6,31,20,30,5
Tgfbr3,4,4,4,2,2,1
Brdt,17,10,27,32,35,22
Gm42902,2,0,0,4,0,0
Ephx4,17,10,35,27,23,31
Gm17202,0,0,1,0,0,0
Btbd8,0,1,5,5,1,3
A830010M20Rik,19,11,17,26,18,13
Gm42669,1,0,2,0,2,1
1700028K03Rik,0,0,2,0,0,1
Glmn,13,6,25,23,26,19
Rpap2,11,12,14,20,14,9
Gm26692,0,0,1,0,1,0
Evi5,56,41,83,57,79,88
Rpl5,256,155,364,386,325,303
Fam69a,27,12,47,37,41,29
Mtf2,35,23,37,49,43,37
Tmed5,117,86,218,183,189,174
Ccdc18,7,3,10,2,4,1
Dr1,39,26,51,43,46,55
Pigg,20,7,27,16,21,12
Gm42518,0,1,1,1,1,0
Gm42517,11,14,24,11,26,21
Gm10419,11,6,21,9,20,13
Atp5k,199,111,303,145,318,197
Mfsd7a,0,0,0,0,0,2
Pcgf3,26,18,40,27,30,18
Cplx1,8,8,13,7,15,11
Gak,16,14,27,19,35,17
Tmem175,12,15,30,48,27,30
Dgkq,12,8,16,16,18,10
Idua,7,3,10,13,8,5
Slc26a1,3,2,9,2,4,4
Fgfrl1,77,31,100,67,79,87
Crlf2,23,11,20,27,32,23
5430403G16Rik,13,3,11,8,8,9
4930522L14Rik,3,6,8,12,9,4
A430073D23Rik,2,2,3,4,5,6
Gm26779,0,0,1,0,0,0
Gm26808,0,0,2,2,1,3
Gm15446,2,0,30,1,1,29
1010001B22Rik,0,0,6,0,0,8
Zfp932,32,21,59,51,41,30
Gm17655,0,1,0,1,0,0
Plcxd1,0,0,0,1,2,0
Gtpbp6,14,5,16,29,21,17
Zfp605,8,4,15,21,19,10
Chfr,42,23,67,66,67,43
Gm43136,0,1,0,0,0,0
Golga3,21,13,29,28,12,13
Gm43137,1,1,0,0,2,0
Ankle2,18,14,38,22,30,20
Pgam5,16,11,26,19,25,22
Gm26718,0,1,0,0,0,0
Pxmp2,5,6,8,3,0,3
Pole,1,2,2,0,5,0
P2rx2,1,0,0,1,0,0
Fbrsl1,33,26,47,37,43,22
Galnt9,0,0,0,0,1,0
Noc4l,8,2,15,17,18,7
Ddx51,1,3,7,9,11,3
Gm42595,6,2,6,3,4,3
Ep400,75,29,80,77,78,77
Gm15559,0,1,4,3,2,1
Pus1,9,4,16,12,18,17
Gm26515,1,0,0,0,1,0
Ulk1,20,13,41,24,25,19
Hscb,6,2,13,11,12,9
Chek2,2,1,0,1,2,3
Ttc28,65,34,96,71,100,65
Pitpnb,32,18,41,52,42,40
Gm43118,0,0,1,0,0,0
Mn1,10,5,10,6,9,11
C130026L21Rik,1,0,1,1,1,3
E130006D01Rik,2,1,0,1,1,1
Miat,32,19,38,26,38,9
Cryba4,2,1,2,6,1,3
Crybb1,2,40,7,19,21,10
Tpst2,17,13,30,35,36,18
Tfip11,12,11,22,18,17,15
Srrd,10,3,34,22,19,15
Hps4,21,14,22,22,24,14
Asphd2,40,23,62,39,39,58
Sez6l,164,119,285,113,232,162
Gm6588,2,2,1,0,1,0
Gm42865,0,0,0,0,1,0
Myo18b,1,0,1,2,0,0
Adrbk2,23,21,36,12,28,47
Crybb3,0,0,0,0,1,1
2900026A02Rik,0,0,2,1,1,1
Sgsm1,18,16,28,19,19,16
Wscd2,1,1,2,6,2,1
Cmklr1,0,2,0,1,1,2
Ficd,4,8,13,12,9,15
Sart3,15,13,14,16,19,19
Iscu,43,30,59,63,43,61
Tmem119,9,24,12,56,35,19
Selplg,19,36,17,101,55,41
Coro1c,49,36,51,56,51,52
Ssh1,23,15,42,23,29,24
Svop,7,6,9,3,12,8
Usp30,11,5,14,21,18,13
Alkbh2,2,1,2,3,5,3
Ung,3,0,4,4,1,1
Acacb,0,0,1,1,1,2
Kctd10,9,8,14,11,16,7
Ube3b,25,13,35,24,23,14
Mmab,4,0,6,7,8,6
Mvk,13,10,16,39,24,15
Fam222a,15,3,11,43,26,21
Trpv4,0,1,2,7,4,2
Gltp,202,118,276,374,254,242
Tchp,4,6,7,8,12,3
Git2,65,38,78,122,92,63
Ankrd13a,29,17,31,44,28,30
1500011B03Rik,34,25,64,62,55,39
2610524H06Rik,25,11,40,41,35,21
Gm9936,0,0,2,0,2,0
Oasl2,0,0,0,0,0,2
Oasl1,0,0,1,0,2,0
2210016L21Rik,52,47,88,88,91,68
Sppl3,84,64,140,97,117,109
Acads,20,14,24,23,34,26
Unc119b,23,13,35,25,13,16
Mlec,48,34,74,41,56,67
Cabp1,4,7,5,7,10,6
Pop5,67,38,110,89,86,99
Rnf10,70,39,99,100,83,90
Coq5,27,11,37,41,36,31
Dynll1,626,421,875,1072,745,1052
Gm13830,5,4,14,12,11,13
Srsf9,70,35,100,118,106,72
Gatc,12,11,17,15,23,19
Triap1,20,11,39,41,40,23
Cox6a1,199,125,265,230,271,237
Msi1,53,40,74,38,59,24
Sirt4,9,12,10,23,23,13
Pxn,29,15,34,27,28,24
Rplp0,216,148,319,450,310,331
Gcn1l1,46,25,55,60,53,56
1110006O24Rik,2,0,3,4,1,2
Rab35,38,12,44,21,34,36
Ccdc64,11,4,21,7,9,10
Cit,73,43,117,57,93,83
Gm14508,1,3,0,1,3,0
Prkab1,9,11,25,22,21,8
C330018A13Rik,0,0,1,0,0,0
B230112J18Rik,0,2,4,2,1,2
Hspb8,9,3,0,2,3,4
Srrm4,0,0,1,0,1,0
Suds3,25,20,45,40,48,45
Taok3,68,39,112,84,94,79
Pebp1,231,151,353,321,334,355
BC051077,1,2,2,5,1,1
Gm10399,0,0,3,2,2,2
Vsig10,15,8,24,22,21,16
Wsb2,24,19,66,63,39,44
Rfc5,2,3,7,3,8,4
Gm15728,2,0,1,0,0,0
Ksr2,15,10,12,12,15,13
Nos1,0,0,0,0,1,1
Fbxo21,63,39,71,90,85,66
Tesc,0,1,0,0,0,0
Fbxw8,22,17,40,25,23,32
Hrk,35,17,42,18,22,35
Rnft2,20,8,31,20,23,15
2410131K14Rik,11,6,14,13,12,12
Med13l,77,47,81,88,105,100
Tbx3,0,0,0,1,0,0
Rbm19,4,2,6,7,8,5
Sdsl,5,2,6,1,2,5
Gm15690,0,0,1,1,0,0
Plbd2,17,14,27,31,27,12
Slc8b1,6,1,4,4,4,2
Tpcn1,13,10,23,21,16,13
Iqcd,0,0,2,1,0,0
Rita1,13,4,16,12,20,15
Ddx54,20,22,36,42,50,40
Gm43579,0,0,0,0,0,1
Rasal1,5,0,0,17,11,0
Dtx1,22,21,48,27,49,40
Oas1h,0,0,0,1,2,0
Oas1a,0,1,0,0,0,0
Rph3a,32,19,55,29,62,47
Ptpn11,39,30,49,56,58,55
Rpl6,337,203,455,511,517,518
Gm15800,49,20,54,42,53,26
Trafd1,60,35,97,53,87,91
Gm42918,1,2,4,0,5,3
Naa25,25,12,34,34,29,22
Erp29,149,97,204,196,173,176
Tmem116,0,1,0,4,0,0
Adam1a,0,0,0,1,0,0
Gm42878,0,0,2,2,0,1
Mapkapk5,3,8,5,7,5,7
Aldh2,51,42,71,42,70,68
Acad12,4,5,7,6,3,7
Acad10,0,1,4,2,2,1
Brap,24,14,34,29,33,16
Atxn2,82,56,124,132,115,78
Gm16552,1,0,0,1,1,1
Sh2b3,10,6,13,25,24,11
Fam109a,11,10,17,12,17,17
Cux2,43,24,45,45,49,32
Myl2,0,2,2,0,3,1
Ppp1cc,71,53,131,116,130,115
Hvcn1,0,1,0,3,4,0
Tctn1,7,4,13,4,8,3
Pptc7,26,18,23,17,32,21
Rad9b,9,5,6,8,13,12
Vps29,94,61,130,146,142,102
Fam216a,29,13,46,32,44,33
Gpn3,24,12,19,23,20,24
Arpc3,109,66,152,147,132,89
Anapc7,27,10,31,22,44,25
Atp2a2,181,146,324,232,211,235
Ift81,17,21,25,13,16,22
P2rx7,51,36,79,58,79,64
P2rx4,27,21,38,35,43,38
Camkk2,17,22,33,21,21,20
Anapc5,65,39,96,81,75,86
Rnf34,32,32,50,62,37,40
Kdm2b,34,24,51,56,60,49
A930024E05Rik,3,2,5,5,7,6
Gm2479,0,0,0,0,0,1
Orai1,89,55,185,86,130,154
Morn3,0,0,1,0,0,0
Gm26745,1,0,0,1,3,0
Tmem120b,4,0,3,6,10,4
Rhof,3,4,6,3,4,1
AI480526,40,32,58,25,33,36
4932422M17Rik,2,2,4,2,4,1
Setd1b,49,22,83,62,58,50
Psmd9,64,28,56,80,74,50
Wdr66,3,0,4,0,2,1
Gm15860,0,3,2,6,6,3
Bcl7a,75,53,97,115,135,94
Gm15747,1,0,2,0,1,0
Mlxip,13,17,27,24,19,12
Diablo,53,44,87,114,87,77
B3gnt4,1,0,0,3,2,3
Vps33a,10,10,24,23,23,12
Clip1,16,5,23,33,37,21
Zcchc8,17,23,33,35,30,32
Rsrc2,144,76,196,235,214,159
Kntc1,0,0,1,0,0,0
Hcar2,0,0,0,1,0,1
Denr,54,30,69,77,80,69
Gm43518,0,0,0,0,1,0
Ccdc62,4,0,7,6,4,4
Hip1r,146,93,220,192,190,145
Vps37b,37,23,62,67,71,53
Abcb9,1,0,0,1,0,1
Gm16001,0,0,0,0,1,1
Ogfod2,11,3,10,17,13,12
Arl6ip4,28,14,37,32,30,28
Pitpnm2,13,14,21,15,15,17
Pitpnm2os2,0,0,0,3,2,0
Mphosph9,19,16,54,36,38,21
2810006K23Rik,13,11,17,17,12,14
Cdk2ap1,190,128,319,199,277,276
Sbno1,72,60,149,135,125,101
Setd8,44,15,56,101,63,38
Rilpl2,23,15,30,31,35,26
Snrnp35,9,3,7,7,8,10
Rilpl1,16,4,22,36,28,26
Tmed2,97,74,156,216,148,182
Ddx55,30,23,40,47,37,35
Eif2b1,32,21,30,21,26,24
Gtf2h3,19,10,25,19,24,22
Atp6v0a2,45,23,86,90,117,49
4930404A12Rik,0,0,0,0,1,0
Dnah10,0,0,2,0,3,0
Ccdc92,22,7,19,22,29,23
Zfp664,37,36,71,52,72,41
Fam101a,2,1,1,3,4,2
Ncor2,44,26,50,103,77,56
Gm42839,0,0,1,0,0,0
Scarb1,13,9,24,30,28,24
Ubc,395,260,560,1057,807,478
Gm10382,1,0,1,1,0,0
Dhx37,8,4,8,12,9,5
Bri3bp,42,24,64,47,64,52
Aacs,11,3,20,25,22,11
Tmem132b,203,162,309,204,246,220
Tmem132c,8,11,12,4,20,18
Slc15a4,32,12,39,87,57,56
Glt1d1,4,1,4,3,6,2
Tmem132d,11,10,32,17,28,18
Gm42817,0,0,2,0,1,0
Fzd10,0,0,0,1,0,0
Rimbp2,25,9,25,11,11,7
Stx2,17,8,20,27,34,15
Ran,139,93,206,204,229,203
Adgrd1,0,0,2,0,2,0
Sfswap,51,28,77,71,65,61
Mmp17,22,16,35,29,24,34
Zfp11,3,0,5,11,18,5
Mrps17,67,43,97,74,87,76
Gbas,50,27,53,49,49,46
Psph,51,42,84,60,47,54
Sumf2,14,12,22,22,8,13
Phkg1,0,6,3,1,5,3
Chchd2,458,278,670,742,547,547
Zbed5,5,3,8,10,9,5
Nupr1l,1,2,4,3,3,0
Vkorc1l1,31,21,62,45,66,26
Gusb,20,15,26,39,37,40
Asl,16,12,26,18,16,20
Crcp,12,7,14,14,15,17
Tpst1,40,23,51,63,40,42
Kctd7,7,5,16,12,14,13
Rabgef1,12,9,22,12,16,11
Tmem248,22,4,45,25,23,15
Gm42469,4,3,3,3,6,0
Sbds,63,39,81,124,94,56
Tyw1,16,17,27,28,27,24
Caln1,0,0,1,2,0,0
Wbscr17,11,10,24,20,22,12
Auts2,100,60,135,180,173,135
2810432F15Rik,0,0,0,0,1,0
Gm15627,2,1,2,3,2,2
Gatsl2,63,76,94,73,100,103
Wbscr16,5,1,13,12,10,13
Gtf2ird2,7,2,8,10,7,10
Ncf1,6,8,5,16,10,5
Gtf2i,153,107,275,181,201,172
Gtf2ird1,24,16,22,17,26,28
Clip2,56,52,99,76,74,67
Rfc2,43,17,44,49,54,44
Lat2,1,7,1,6,4,2
Eif4h,151,99,214,237,198,122
Limk1,19,11,26,10,17,18
Eln,14,6,19,6,15,12
Wbscr27,3,4,2,14,5,13
Abhd11,20,11,23,23,27,18
Stx1a,14,6,13,9,16,6
Wbscr22,21,16,28,42,36,24
Dnajc30,17,8,30,34,48,32
Vps37d,18,10,29,12,36,20
Mlxipl,1,1,1,3,4,0
Tbl2,7,8,33,10,15,13
Bcl7b,38,26,54,47,45,41
Baz1b,54,33,80,79,68,51
Fzd9,74,46,138,51,87,138
Nsun5,8,7,8,15,13,7
Pom121,36,16,46,56,66,28
Hip1,170,143,253,160,173,232
Ccl24,1,0,0,0,0,0
Rhbdd2,26,13,51,35,57,23
Por,48,31,73,48,79,50
Tmem120a,13,12,18,18,19,20
Styxl1,0,0,0,0,0,1
Mdh2,105,60,159,154,136,133
Srrm3,48,32,66,52,49,58
Hspb1,4,1,3,3,6,1
Ywhag,72,55,143,110,108,60
Ssc4d,0,1,3,1,1,0
Dtx2,11,7,12,13,15,6
Rasa4,1,0,2,6,6,1
Polr2j,78,43,135,99,92,107
Gm43604,0,1,0,0,0,0
Lrwd1,17,10,17,16,18,12
Alkbh4,6,5,6,14,15,12
Orai2,4,6,15,7,11,16
Prkrip1,13,17,27,21,27,24
Sh2b2,6,3,7,8,8,3
Cux1,68,53,84,78,80,71
Col26a1,11,3,6,8,6,12
Ift22,16,6,27,27,29,18
4933404O12Rik,7,4,6,6,2,7
Fis1,111,99,169,253,205,135
Znhit1,27,10,49,46,45,52
Plod3,27,19,44,33,51,38
Vgf,0,0,0,0,1,0
Ap1s1,29,15,48,42,45,49
Serpine1,4,0,3,4,10,0
Trim56,3,5,20,9,11,7
Muc3a,1,0,0,0,0,0
Ache,37,17,64,32,43,35
Ufsp1,17,12,21,11,16,17
Srrt,36,31,39,50,46,41
Trip6,3,0,4,8,9,5
Slc12a9,56,31,82,87,78,64
Zan,1,0,0,1,0,0
Pop7,20,17,30,33,25,29
9130604C24Rik,2,0,0,1,2,2
Gigyf1,60,42,63,64,80,49
Gnb2,281,180,409,579,440,397
Actl6b,4,4,11,6,6,17
Tfr2,2,2,2,1,1,0
Mospd3,25,20,33,30,37,34
Pcolce,0,0,1,0,0,0
Fbxo24,0,0,0,1,1,0
Gm36266,0,1,1,0,28,0
Lrch4,0,1,0,2,2,0
Gm20605,0,0,0,0,0,1
Sap25,0,0,1,1,1,0
Agfg2,9,9,15,9,12,7
Nyap1,1,0,4,4,4,6
Tsc22d4,279,201,373,491,443,375
Ppp1r35,40,17,35,37,39,41
Mepce,27,24,32,38,36,27
Zcwpw1,10,9,11,11,17,6
Pilra,0,0,1,2,2,1
Cyp3a13,1,0,5,5,1,1
Gjc3,409,319,687,674,661,468
Azgp1,0,0,0,0,0,1
Zkscan1,38,38,63,68,78,36
Zscan21,15,14,29,27,36,26
Zfp113,25,6,28,13,27,12
Cops6,50,24,74,81,74,87
Mcm7,30,10,28,26,39,11
Ap4m1,14,13,13,19,32,18
Taf6,22,17,37,27,27,24
Cnpy4,17,10,19,29,17,12
Mblac1,0,2,4,1,9,3
Nxpe5,0,0,1,0,0,0
Lamtor4,90,55,133,134,97,100
BC037034,12,8,28,24,28,23
6330418K02Rik,3,1,10,5,2,6
Gal3st4,2,0,2,1,1,2
Gm43720,0,0,0,1,0,0
Gpc2,0,1,1,1,2,1
Stag3,0,1,0,1,2,0
Gm10874,0,0,0,1,1,0
Zfp157,65,40,74,73,55,60
Zfp68,44,25,75,63,63,32
A430033K04Rik,13,9,25,9,21,10
Fam20c,19,15,33,18,18,23
Pdgfa,26,19,59,66,93,60
6330403L08Rik,2,3,7,8,6,7
Prkar1b,15,13,32,16,27,20
Dnaaf5,3,1,6,3,4,3
Sun1,33,29,42,34,46,24
Get4,20,17,27,45,37,25
Adap1,9,3,12,45,17,2
Cox19,24,16,43,48,34,35
3110082I17Rik,9,1,8,6,7,3
Gpr146,15,9,38,51,35,18
Zfand2a,10,7,13,9,18,13
Micall2,3,3,2,3,1,1
Ints1,24,14,47,40,34,29
Mafk,5,11,5,12,9,5
Psmg3,22,15,40,31,38,39
Elfn1,54,32,96,23,71,55
Mad1l1,11,7,13,24,19,13
Nudt1,5,2,8,16,4,6
Ftsj2,7,8,14,11,12,13
Snx8,13,8,14,15,22,10
Eif3b,54,30,60,69,66,45
Chst12,15,2,16,20,12,43
Gm43703,0,0,0,0,0,1
Lfng,4,13,13,9,8,20
Ttyh3,80,51,115,81,90,72
Iqce,12,10,25,26,17,22
Brat1,10,8,21,19,19,11
Amz1,78,45,122,74,94,80
Gna12,102,46,118,169,120,80
Card11,1,0,0,1,1,0
Sdk1,12,4,14,11,15,15
Foxk1,26,7,19,26,20,11
Ap5z1,34,18,36,59,34,36
Radil,0,0,3,2,3,2
Papolb,0,0,0,0,1,0
Mmd2,181,170,304,187,204,216
Wipi2,58,31,74,56,63,45
Slc29a4,7,6,16,8,7,10
Tnrc18,50,32,81,49,60,61
Fbxl18,16,9,23,16,25,8
Actb,3786,2288,4890,4570,4420,3754
Fscn1,125,106,203,206,250,212
Rnf216,49,40,90,63,69,63
Rbak,15,6,18,22,20,9
Zfp12,9,14,22,18,21,17
Zfp316,20,11,20,10,11,14
BC030343,0,0,1,0,2,3
Zfp853,0,0,2,0,1,0
E130309D02Rik,15,11,26,10,28,20
Zdhhc4,10,8,17,23,19,17
0610040B10Rik,7,5,16,15,16,14
Grid2ip,2,2,0,4,6,3
Gm20635,0,0,0,1,0,0
Kdelr2,112,53,121,87,112,88
Daglb,29,18,35,41,41,31
Rac1,247,170,359,396,368,312
Fam220a,54,26,68,112,92,92
Cyth3,20,6,21,17,19,19
Usp42,15,11,28,12,17,20
D130017N08Rik,10,3,9,7,11,4
Eif2ak1,24,16,34,34,52,28
Ankrd61,0,2,2,0,0,0
Aimp2,26,9,37,33,13,27
Pms2,16,4,19,24,20,11
Gm42421,0,0,1,0,0,1
Rsph10b,1,2,0,0,3,4
Ccz1,40,26,50,64,59,40
Lmtk2,26,17,53,26,54,21
Tecpr1,45,30,51,48,51,41
2900089D17Rik,0,1,0,2,0,0
Bri3,98,70,131,144,126,132
Nptx2,15,8,20,11,12,20
Tmem130,1,1,0,0,1,0
Trrap,31,36,59,52,52,28
Smurf1,17,7,21,36,19,6
Arpc1a,162,93,226,520,287,230
Arpc1b,35,44,48,297,123,61
Pdap1,91,49,111,104,122,101
Bud31,41,29,86,93,79,75
Ptcd1,12,8,17,11,9,12
Cpsf4,11,4,15,17,22,12
Atp5j2,327,204,402,284,355,297
Zkscan14,8,5,14,17,7,11
Zkscan5,8,6,20,8,13,7
Zfp655,17,9,12,36,29,18
Zscan25,0,0,0,0,1,1
1700001J03Rik,0,0,0,0,1,0
B230303O12Rik,1,0,2,6,5,0
Gm43625,0,0,0,2,0,0
Rnf6,22,13,29,34,28,37
Cdk8,40,22,59,54,46,37
Wasf3,28,24,53,51,46,33
Usp12,13,8,19,16,20,9
Rpl21,379,299,608,551,512,521
Rasl11a,21,6,23,16,39,32
Gtf3a,26,11,56,60,39,58
Mtif3,15,5,16,20,16,16
Lnx2,1,4,11,3,8,8
Polr1d,125,51,138,173,145,116
Gsx1,15,15,27,42,45,32
Pan3,56,35,77,58,50,48
Flt1,0,0,1,1,5,0
Pomp,126,85,183,197,154,162
Slc46a3,8,4,12,8,13,11
Mtus2,11,9,14,8,9,6
Slc7a1,11,5,13,18,23,18
Ubl3,197,139,263,403,306,203
Katnal1,22,13,40,48,25,27
Gm15410,0,0,1,0,0,0
Gm15406,0,0,0,0,2,0
5930430L01Rik,7,6,18,11,17,11
Hmgb1,393,254,622,634,603,546
Gm43332,0,0,0,2,0,0
Uspl1,13,14,30,21,28,19
2310047D07Rik,1,0,0,0,1,1
Alox5ap,3,17,5,31,7,11
Medag,0,3,8,5,1,3
Tex26,0,0,1,0,0,0
Hsph1,109,63,182,78,68,141
B3glct,38,18,64,45,56,52
Fry,182,146,289,199,286,247
Brca2,9,3,5,7,5,5
N4bp2l1,24,8,27,16,23,18
Gm43598,0,0,0,4,1,1
Gm43597,6,3,2,8,4,6
N4bp2l2,93,52,107,113,125,77
Pds5b,46,28,84,68,72,53
Kl,3,0,4,0,0,4
Stard13,15,18,33,21,37,16
D730045B01Rik,1,0,0,2,1,0
Vmn2r18,0,0,1,0,0,0
Rfc3,19,9,36,23,38,26
Samd9l,9,4,26,15,18,28
Vps50,48,27,66,63,70,66
Tfpi2,0,0,0,0,1,0
Gng11,70,35,124,102,84,91
Bet1,72,34,110,78,81,66
Col1a2,0,2,0,0,0,0
Casd1,36,24,42,41,44,22
Sgce,97,46,138,98,113,97
Peg10,6,11,18,14,15,3
Ppp1r9a,79,61,131,113,101,78
Pon3,1,1,1,3,2,1
Pon2,14,12,16,41,5,14
Dync1i1,1,3,5,2,3,4
Slc25a13,7,2,17,3,26,12
Shfm1,252,147,322,278,324,261
Sdhaf3,18,14,22,23,22,26
Tac1,31,10,50,13,26,22
Asns,26,7,25,27,29,32
C1galt1,56,40,106,63,75,43
Mios,15,10,30,21,30,14
Rpa3,27,15,38,44,29,14
Umad1,18,6,21,21,17,17
Glcci1,14,8,19,25,31,15
Ica1,30,17,30,26,37,23
Nxph1,251,163,369,270,292,246
Ndufa4,398,268,609,356,427,454
Phf14,104,70,165,136,120,101
Thsd7a,43,33,79,67,71,37
Tmem106b,147,100,233,159,206,111
Tmem168,14,17,14,31,32,15
B630005N14Rik,33,23,46,35,44,39
Gpr85,36,28,67,47,63,53
2610001J05Rik,85,46,131,94,122,79
1110019D14Rik,5,2,10,10,3,4
Foxp2,14,8,18,16,14,3
Mdfic,4,2,5,7,7,3
Gm15473,0,0,0,1,0,0
Gm4876,16,25,33,21,36,33
Tes,5,7,8,4,6,2
Gm15581,1,0,0,0,0,0
Cav2,114,81,179,82,98,100
Cav1,114,85,163,60,120,117
Met,0,0,2,0,1,0
Capza2,138,96,227,205,196,156
St7,33,24,40,19,23,27
Cftr,2,0,0,0,0,0
Cttnbp2,149,102,235,172,210,224
Gm15594,18,7,18,8,15,4
Gm26809,3,0,5,7,5,1
Gm20186,3,3,3,6,7,1
Lsm8,61,30,79,78,62,73
Kcnd2,116,90,186,99,140,127
Tspan12,31,19,58,29,38,29
Ing3,28,12,45,48,31,37
Cped1,1,0,0,1,1,0
Fam3c,98,47,148,116,113,100
Ptprz1,2054,1408,3118,1739,2528,1814
Aass,0,0,2,2,3,0
Cadps2,14,7,19,9,9,6
Iqub,1,0,1,0,0,1
Ndufa5,196,144,286,148,230,224
Wasl,60,49,99,78,106,74
Tmem229a,29,22,49,79,38,27
Gpr37,41,8,29,254,49,10
Pot1a,22,7,31,25,36,13
Grm8,0,1,0,1,1,0
6530409C15Rik,0,0,1,4,2,2
Zfp800,21,11,39,52,27,27
Gcc1,5,5,8,9,9,9
Arf5,181,118,269,279,232,242
Snd1,32,20,49,29,39,35
Lrrc4,81,70,145,65,132,102
Rbm28,67,41,74,66,83,64
Prrt4,9,7,5,2,13,4
Impdh1,9,10,17,12,23,14
Hilpda,18,9,13,25,21,23
Fam71f2,0,0,0,0,2,1
Calu,44,35,74,35,81,69
Opn1sw,0,0,0,1,0,0
Ccdc136,3,3,8,4,5,2
Flnc,1,2,0,0,0,0
Atp6v1f,117,99,193,175,170,166
Irf5,4,11,0,19,7,4
Tnpo3,61,24,75,66,64,45
Tspan33,2,4,2,5,4,1
Smo,15,12,14,12,10,15
Ahcyl2,46,30,61,61,50,59
Strip2,1,0,1,0,1,0
Nrf1,26,16,35,31,30,29
Ube2h,94,54,125,98,99,70
Zc3hc1,15,14,20,25,27,14
Klhdc10,50,28,76,39,54,47
1700012C14Rik,0,0,1,0,0,1
Tmem209,30,9,32,28,32,20
Cpa2,4,1,6,3,2,2
Cpa4,0,0,2,0,0,0
Cep41,5,2,8,3,14,10
Mest,18,9,25,12,24,25
Copg2,32,18,31,39,33,29
Tsga13,0,0,0,1,0,0
Gm27019,0,0,0,0,1,0
Lncpint,9,7,13,13,16,12
Mkln1os,2,0,1,2,1,5
Mkln1,147,78,181,160,175,115
Podxl,0,1,2,0,1,0
Plxna4,5,7,14,8,15,8
Plxna4os1,0,0,0,2,1,0
Chchd3,42,23,68,60,65,68
Gm14540,1,0,0,0,0,0
Exoc4,77,55,120,80,96,61
Slc35b4,38,17,47,31,41,34
Akr1b3,32,22,72,67,44,39
Akr1b10,26,16,38,22,31,28
Bpgm,81,48,104,185,109,94
Cald1,106,79,200,191,182,158
Agbl3,21,7,24,27,16,11
Tmem140,2,2,0,1,1,0
3110062M04Rik,19,6,17,14,10,14
Wdr91,13,4,12,31,13,11
2010107G12Rik,0,0,0,1,1,0
Cnot4,55,38,81,75,74,85
Nup205,18,10,21,15,23,16
1810058I24Rik,51,30,76,89,88,67
Slc13a4,1,0,0,0,1,0
Mtpn,87,71,156,106,139,83
Chrm2,3,0,1,1,1,1
Ptn,1373,683,2125,1445,1329,1591
Dgki,5,4,3,8,3,1
Creb3l2,55,31,81,49,83,56
Trim24,40,15,58,50,56,58
Atp6v0a4,2,0,0,0,0,1
D630045J12Rik,52,36,80,63,74,45
Zc3hav1l,11,6,17,16,17,11
Zc3hav1,30,32,46,38,41,31
Ttc26,4,2,1,2,8,2
Ubn2,114,78,143,167,146,112
1110001J03Rik,84,46,132,68,80,111
Luc7l2,200,112,255,340,319,203
Gm26699,36,22,41,46,37,41
Clec2l,36,12,48,19,31,34
Hipk2,86,58,126,174,125,121
Tbxas1,5,5,1,10,7,1
Parp12,11,12,14,11,9,29
4930599N23Rik,1,0,0,0,0,0
Kdm7a,27,26,49,55,45,53
Slc37a3,26,20,26,16,23,19
Mkrn1,99,52,89,115,96,89
Gm10244,2,1,4,2,3,0
Dennd2a,55,51,94,57,81,72
Adck2,14,12,25,22,20,26
Ndufb2,144,93,204,131,163,160
Braf,42,35,83,68,65,51
Mrps33,130,77,199,196,157,123
Gm26833,0,0,0,0,1,0
Tmem178b,52,40,73,69,69,49
Gm26807,0,0,1,0,0,0
Agk,15,13,27,27,37,20
E330009J07Rik,32,10,38,34,49,30
Wee2,0,0,0,1,0,0
Ssbp1,65,34,92,63,77,73
Clec5a,1,2,3,4,5,2
Ephb6,31,19,49,22,24,19
Gstk1,13,7,24,9,14,17
Casp2,30,6,19,25,24,14
Clcn1,0,0,0,1,0,0
Fam131b,15,10,24,16,27,15
Zyx,29,8,25,37,33,18
Tcaf2,0,0,0,1,1,2
Tcaf1,103,60,192,136,122,101
Arhgef5,1,1,5,2,4,3
Tpk1,9,4,10,9,8,9
9430018G01Rik,1,0,0,1,0,1
Cntnap2,1,0,5,5,2,5
Cul1,55,38,75,107,90,80
Ezh2,11,6,22,30,32,12
Gm26625,1,1,0,0,0,1
Pdia4,45,24,82,59,54,126
Zfp786,2,0,4,6,4,3
Zfp398,35,22,49,58,56,60
Zfp282,18,15,27,25,24,14
Zfp212,10,10,21,12,21,22
Zfp956,14,6,8,14,11,8
Zfp777,18,13,24,18,20,13
Zfp746,26,23,48,49,49,37
Gm16630,0,0,1,0,0,2
Krba1,14,9,26,24,27,10
Zfp467,18,15,25,29,25,22
Sspo,1,0,2,3,0,0
1700026J14Rik,0,0,0,1,1,1
Atp6v0e2,91,59,126,117,121,122
Lrrc61,7,1,8,7,16,7
Rarres2,1,3,1,1,4,1
Repin1,26,16,32,19,30,21
Zfp775,12,6,6,10,7,6
AI854703,4,3,9,9,7,7
Gimap9,0,0,0,1,0,0
Gimap4,0,0,0,0,1,0
Gimap6,0,0,0,4,4,1
Gimap1,0,0,0,2,1,0
Gimap5,0,0,1,0,0,0
Tmem176b,375,243,555,294,427,488
Tmem176a,249,158,369,179,258,268
Gm7932,8,7,5,7,6,7
Gpnmb,38,27,51,9,45,101
Malsu1,40,17,61,52,57,42
Igf2bp3,15,12,36,28,28,28
Tra2a,304,203,485,611,507,362
Ccdc126,2,6,14,9,8,9
Fam221a,3,1,1,2,0,1
Npy,30,11,50,22,30,19
Mpp6,50,30,80,64,64,71
Dfna5,61,28,83,40,58,30
Osbpl3,10,10,13,14,7,10
Cycs,89,74,133,149,130,115
5430402O13Rik,0,0,2,1,1,0
4921507P07Rik,0,0,0,1,0,0
Npvf,0,0,0,0,1,0
C530044C16Rik,1,0,2,1,0,2
Nfe2l3,4,2,2,33,14,7
Hnrnpa2b1,447,299,657,681,676,464
Cbx3,230,133,290,292,286,234
Snx10,40,35,53,58,54,58
Skap2,7,4,19,21,19,10
Hotairm1,2,2,4,1,0,0
Hibadh,71,40,103,59,85,80
Tax1bp1,129,68,156,164,180,142
Jazf1,3,1,0,1,5,1
Creb5,87,71,124,223,135,113
Tril,181,139,328,195,286,220
Gm43938,0,1,2,3,1,1
Gm16499,8,6,6,8,4,7
Chn2,70,29,86,302,272,167
9530036M11Rik,0,0,0,1,0,0
Prr15,2,0,1,0,0,0
Wipf3,0,0,1,0,3,0
Scrn1,27,19,56,71,49,38
Fkbp14,15,19,31,21,19,24
Plekha8,11,4,15,10,17,6
Mturn,3,1,8,2,7,9
Znrf2,5,1,13,14,15,5
Nod1,3,1,0,4,3,0
Ggct,8,2,15,40,9,9
Gars,29,18,30,37,49,52
Crhr2,1,0,0,0,0,0
Fam188b,3,0,3,2,2,7
Aqp1,0,0,1,0,0,1
6430584L05Rik,0,0,0,0,0,1
Adcyap1r1,227,149,338,113,196,178
Ppp1r17,0,0,0,1,0,0
Pde1c,29,16,33,34,33,31
Lsm5,52,24,49,50,64,41
Avl9,39,34,41,56,60,32
Kbtbd2,26,11,27,23,22,23
Fkbp9,31,24,34,54,47,33
Nt5c3,41,31,51,52,47,55
Vmn1r4,0,0,1,0,0,0
Ppm1k,30,30,40,30,40,22
Herc6,14,3,13,11,6,11
Pyurf,18,16,41,38,26,32
Lancl2,24,9,30,19,30,17
Vopp1,24,20,31,11,30,17
Abcg2,48,27,63,47,54,51
Herc3,19,8,32,17,27,7
Nap1l5,340,201,523,339,415,370
Fam13a,23,16,36,19,35,27
BB365896,0,0,1,0,0,0
Tigd2,29,32,59,47,52,51
Gprin3,4,4,5,9,1,2
Snca,34,20,50,31,36,25
Ccser1,8,7,19,16,15,10
Grid2,91,59,138,141,126,136
Smarcad1,45,25,55,60,48,32
Hpgds,4,12,3,29,11,9
Ndnf,3,1,6,0,3,1
Gm16838,0,0,0,2,0,1
Prdm5,21,10,24,24,13,19
Mad2l1,4,5,7,6,5,6
Gng12,134,117,171,247,195,143
Gadd45a,9,8,20,28,28,11
Serbp1,172,115,278,264,285,209
Rpia,25,15,37,34,30,15
Eif2ak3,30,18,26,27,33,25
Thnsl2,3,5,7,4,5,12
Krcc1,32,29,59,73,52,59
Cd8b1,0,0,1,0,0,0
Cd8a,0,0,0,0,1,0
Rmnd5a,54,16,59,48,47,32
Rnf103,38,25,41,48,52,27
Gm44195,0,0,0,1,0,0
Chmp3,33,16,55,53,42,35
Kdm3a,20,18,40,28,33,25
Reep1,68,56,76,58,77,45
Mrpl35,24,24,39,49,44,54
Immt,51,38,93,110,81,89
Ptcd3,29,12,23,27,24,19
Polr1a,12,1,21,13,20,11
St3gal5,54,22,64,41,59,57
RP24-416M6.5,0,1,0,0,0,0
Atoh8,3,1,5,0,1,4
Usp39,11,8,18,34,25,31
RP23-60P18.10,2,5,3,7,4,7
0610030E20Rik,28,18,43,55,42,35
Tmem150a,17,7,17,18,20,26
Rnf181,48,26,51,64,56,50
Vamp5,6,2,4,9,6,5
Vamp8,10,18,20,23,26,22
Ggcx,10,9,14,12,16,12
Mat2a,218,146,312,244,285,311
Sh2d6,1,0,0,2,5,0
Capg,2,2,1,5,1,1
Elmod3,14,9,21,18,21,22
Retsat,5,10,7,3,5,3
Tgoln1,105,72,131,138,112,91
Tcf7l1,11,7,9,8,24,9
Gm15401,1,0,0,0,0,0
Gm15402,0,0,1,2,0,0
Kcmf1,53,33,79,88,65,66
Tmsb10,240,124,315,153,299,214
Dnah6,0,0,2,0,1,0
Suclg1,75,54,118,110,122,98
Gm9008,0,0,1,1,2,0
Ctnna2,82,48,74,70,66,53
Lrrtm1,44,19,73,37,39,61
Gm4409,0,0,1,1,1,0
Lrrtm4,69,54,107,71,90,62
Gcfc2,12,10,19,22,15,14
Mrpl19,31,13,31,36,33,23
Eva1a,1,7,5,1,2,3
Tacr1,1,0,0,0,0,0
Pole4,38,19,51,32,40,29
Hk2,2,11,1,6,4,3
Gm17034,0,0,1,0,0,0
RP23-81F19.2,2,2,1,0,2,4
Gm43878,1,0,0,0,0,0
Sema4f,9,6,13,21,16,8
M1ap,0,0,0,0,1,0
Dok1,9,4,12,13,13,10
Loxl3,9,6,29,13,17,17
Htra2,21,14,33,27,28,19
Aup1,67,35,74,65,78,55
Dqx1,2,0,0,0,2,0
Tlx2,0,0,1,0,0,0
Pcgf1,8,6,6,11,15,10
Lbx2,0,1,0,0,0,0
Ccdc142os,1,0,3,2,2,0
Mrpl53,4,1,3,0,4,0
Mogs,10,7,22,18,18,16
Wbp1,24,13,38,44,34,28
Ino80b,27,12,35,42,51,30
Rtkn,75,69,104,120,76,107
Wdr54,7,4,5,2,7,1
Dctn1,52,46,98,89,75,64
Mthfd2,10,5,12,11,14,10
Mob1a,42,25,57,41,45,31
Bola3,37,18,40,34,43,45
Tet3,25,24,49,79,61,32
Dguok,53,24,69,83,39,50
Stambp,21,12,33,42,39,32
RP23-361O12.3,0,0,0,2,0,0
1700124L16Rik,1,0,0,2,0,3
Tex261,60,27,109,91,96,105
Nagk,22,7,41,36,52,33
Paip2b,14,7,26,24,20,22
Zfp638,117,66,179,154,157,111
Dysf,0,0,0,0,1,0
Cyp26b1,4,4,14,10,12,5
Exoc6b,38,15,67,105,55,50
Spr,25,12,39,30,22,45
Emx1,0,0,0,0,1,0
Sfxn5,29,17,40,26,30,32
Rab11fip5,14,12,28,15,17,12
Smyd5,9,9,13,6,20,6
Pradc1,7,3,5,12,8,8
Cct7,121,74,179,204,152,158
Fbxo41,16,7,15,9,17,13
Alms1,8,8,19,23,12,8
Cml3,0,0,2,0,0,0
Gm11128,0,0,1,0,0,1
Cml5,1,0,3,1,0,1
Nat8,2,0,2,0,0,1
Cml2,0,0,0,1,0,0
1700019G17Rik,4,3,2,1,5,1
Cml1,36,35,52,17,42,45
Tprkb,49,47,72,62,75,74
Dusp11,118,74,182,159,146,111
Gm19265,2,2,1,1,0,0
4930553P18Rik,0,0,2,0,1,2
Add2,19,11,19,13,15,24
Tgfa,162,132,278,165,179,160
Fam136a,23,13,28,26,24,23
Snrpg,121,66,161,108,182,145
Pcyox1,60,53,101,73,94,79
Tia1,177,129,260,254,273,233
C87436,32,14,35,38,33,30
A430078I02Rik,0,0,1,0,0,0
2310040G24Rik,0,2,0,2,0,1
Gm44386,1,1,0,2,1,0
Pcbp1,164,104,252,297,260,248
1600020E01Rik,18,12,21,13,17,12
Asprv1,0,1,0,0,1,0
Mxd1,30,25,28,48,49,28
Snrnp27,65,50,104,96,115,88
Gmcl1,29,23,47,34,45,33
Anxa4,2,2,0,4,0,0
Aak1,42,33,81,64,61,50
Nfu1,32,24,52,51,46,40
Gfpt1,50,46,82,72,86,65
D6Ertd527e,0,0,0,0,1,1
Antxr1,46,32,52,28,51,36
Arhgap25,0,1,1,4,3,1
Prokr1,3,1,1,3,5,0
Aplf,4,3,9,6,9,10
Efcc1,0,0,0,1,0,0
Gp9,0,0,1,1,0,0
Rab43,4,1,2,6,1,0
Isy1,13,7,19,16,21,27
Cnbp,160,88,195,270,236,237
Copg1,40,27,71,57,72,36
Hmces,10,7,26,26,14,14
H1fx,18,14,27,30,25,19
Gm5577,10,7,8,11,13,6
Rab7,93,85,175,159,149,122
Rpn1,121,94,192,147,139,166
Gata2,1,0,0,0,1,1
Eefsec,22,11,23,16,26,22
Gm44264,1,0,0,0,1,0
Ruvbl1,20,12,39,37,29,32
Sec61a1,71,34,100,83,113,89
Kbtbd12,0,0,1,0,0,0
Gm26588,7,0,5,8,5,13
Mgll,140,69,200,232,182,177
Abtb1,12,9,15,16,13,20
Podxl2,139,88,198,114,167,203
Gm15612,0,1,0,0,0,0
Mcm2,20,7,27,16,23,0
Tpra1,8,7,13,14,15,9
Gm26811,0,1,1,0,0,0
Plxna1,15,7,26,12,29,14
Chchd6,31,30,58,30,41,40
Txnrd3,4,1,3,6,1,7
Zxdc,24,13,37,26,34,31
Cfap100,8,5,12,3,6,3
Gm44117,1,0,0,0,0,0
Klf15,26,28,43,22,42,41
Gm44421,2,6,5,4,2,5
Aldh1l1,1,0,4,2,2,1
Slc41a3,2,0,5,6,5,0
Iqsec1,19,15,32,38,30,8
Nup210,16,11,32,17,36,21
Hdac11,20,11,30,38,28,18
Fbln2,13,13,14,7,12,22
Wnt7a,34,20,47,34,47,40
4930471M09Rik,0,0,0,2,0,0
1810044D09Rik,7,3,7,2,4,6
Chchd4,25,9,37,20,39,32
Tmem43,37,31,43,27,37,23
Xpc,9,9,12,22,22,16
Lsm3,41,31,57,71,53,48
Slc6a6,35,31,62,155,95,31
Grip2,0,1,0,1,0,0
Ccdc174,63,36,80,102,81,66
4930590J08Rik,0,0,1,2,1,3
Fgd5,0,0,1,0,0,0
Nr2c2,36,29,70,50,66,38
Mrps25,58,37,88,58,69,57
Rbsn,23,13,35,44,43,32
Prickle2,24,18,26,34,35,21
Adamts9,4,3,16,15,10,5
A730049H05Rik,0,0,0,1,1,1
9530026P05Rik,0,1,1,2,2,2
Magi1,54,23,75,61,60,49
Slc25a26,13,8,8,16,13,7
Lrig1,19,7,19,26,20,17
Kbtbd8,9,4,11,13,15,6
Suclg2,26,20,46,23,38,31
Fam19a1,68,62,106,74,109,75
Fam19a4,20,9,36,22,20,19
Eogt,12,15,24,10,12,8
Tmf1,53,41,94,83,70,61
Uba3,45,26,76,65,47,37
Arl6ip5,49,40,101,78,73,96
Frmd4b,10,3,8,64,48,13
Mitf,14,8,15,24,16,7
Foxp1,39,23,55,43,61,60
Gm20696,2,3,3,3,3,4
Eif4e3,6,5,13,7,13,5
Gpr27,16,12,28,10,17,21
Rybp,17,10,31,36,35,15
Shq1,4,0,2,2,3,2
Gxylt2,0,0,0,0,0,1
Ppp4r2,57,37,68,74,72,67
Pdzrn3,0,0,0,6,1,0
Cntn3,11,8,12,4,5,5
Chl1,188,126,299,159,215,156
Cntn6,26,22,61,39,52,31
Gm15631,4,3,12,0,9,11
Cntn4,53,32,70,46,60,53
Trnt1,29,13,38,71,41,28
Crbn,15,15,26,40,47,28
Lrrn1,277,189,434,294,332,282
Setmar,2,5,2,2,5,4
Sumf1,10,10,23,14,20,13
Itpr1,13,12,19,10,25,16
0610040F04Rik,0,0,0,1,0,0
Bhlhe40,44,24,67,51,91,58
Arl8b,81,56,121,95,98,75
Edem1,23,12,19,41,21,14
Gm20387,1,1,2,1,4,1
Grm7,12,6,20,19,16,6
Lmcd1,22,12,39,29,39,59
5031434C07Rik,0,0,0,0,1,0
Rad18,9,1,8,9,6,1
Srgap3,34,26,54,36,59,49
Thumpd3,22,14,25,38,23,28
Gt(ROSA)26Sor,36,34,54,57,38,38
Setd5,82,59,150,141,139,96
Lhfpl4,39,18,58,29,29,35
Mtmr14,10,11,16,21,12,14
Cpne9,1,3,0,1,0,2
Brpf1,18,10,19,21,22,19
Gm15492,0,0,1,1,0,0
Ogg1,5,4,10,10,10,5
Camk1,141,79,179,134,149,144
Tada3,45,30,67,58,53,51
Arpc4,74,52,110,140,101,93
Ttll3,5,3,6,11,9,4
Rpusd3,3,5,7,5,6,6
Cidec,0,0,0,1,0,0
Jagn1,45,28,47,75,37,64
Il17re,1,0,0,0,0,1
Il17rc,1,2,1,0,1,2
Creld1,30,22,36,32,24,64
Prrt3,2,2,6,4,7,5
Emc3,90,53,114,124,118,90
Brk1,123,73,178,188,159,169
Vhl,20,28,46,29,35,25
Irak2,1,5,7,8,3,3
Tatdn2,10,8,17,17,7,8
Gm26982,4,2,1,1,4,3
Gm44053,1,0,0,1,2,1
Sec13,44,38,74,75,69,71
Atp2b2,31,21,50,23,60,27
Slc6a11,30,48,50,37,37,31
Slc6a1,299,198,509,283,379,312
Hrh1,17,6,32,6,17,14
Atg7,17,14,33,31,21,19
Vgll4,91,61,125,133,112,147
Tamm41,7,6,8,5,9,7
Syn2,114,66,167,90,144,129
Timp4,124,87,208,177,165,207
Pparg,0,0,0,0,0,1
Tsen2,24,17,31,24,26,30
Mkrn2,16,6,22,25,19,11
Raf1,85,43,105,84,116,77
Tmem40,6,1,10,7,7,11
Cand2,16,4,26,7,21,12
Rpl32,365,268,460,506,490,492
Efcab12,1,1,1,0,1,5
Mbd4,12,9,10,6,16,14
Ift122,16,12,29,26,24,32
Plxnd1,8,11,18,10,9,10
Tmcc1,87,71,158,205,167,141
Fam21,37,24,66,73,68,60
Zfand4,5,2,0,1,1,0
March8,63,33,90,91,95,64
Alox5,0,1,0,1,2,1
Gm5580,0,0,0,0,1,0
Zfp422,46,42,89,69,63,75
Rassf4,8,6,11,13,18,3
Tmem72,1,0,0,0,3,2
Cxcl12,0,1,1,7,7,0
Zfp637,40,29,64,58,57,56
Zfp239,13,8,16,7,8,5
Hnrnpf,164,104,256,256,215,196
Fxyd4,1,0,1,0,1,0
Rasgef1a,1,3,5,3,2,2
Csgalnact2,11,6,11,11,11,4
Ret,0,0,2,0,0,0
Bms1,20,11,36,32,29,17
Zfp248,8,4,11,8,16,7
Zfp9,8,11,36,17,16,11
Ankrd26,24,12,24,20,28,17
Cacna1c,20,10,23,20,15,10
Dcp1b,14,9,32,19,36,12
Cacna2d4,0,0,0,1,0,0
Lrtm2,44,23,70,28,36,61
Adipor2,29,21,53,51,41,50
Wnt5b,0,1,1,1,5,2
Fbxl14,30,10,26,38,44,24
Erc1,25,7,26,34,40,31
4930540M05Rik,0,1,0,1,0,0
Rad52,5,8,7,15,10,6
Wnk1,172,108,198,296,196,151
Ninj2,20,6,33,69,36,15
D330020A13Rik,0,0,0,0,1,0
Ccdc77,6,6,14,14,14,6
Kdm5a,63,33,57,82,73,56
Il17ra,14,4,20,25,17,7
Cecr6,5,2,3,2,2,6
Cecr5,22,9,22,20,22,14
Cecr2,10,14,16,13,25,12
Slc25a18,12,6,25,7,12,9
Atp6v1e1,100,67,141,159,164,123
Bcl2l13,30,29,54,30,31,27
Bid,3,1,7,6,7,1
Mical3,62,27,79,149,94,61
Gm43915,0,0,2,0,0,2
Pex26,5,4,16,4,14,7
Usp18,0,0,0,0,0,6
A2m,1,0,2,0,0,4
M6pr,88,59,103,108,125,81
Phc1,23,19,31,41,47,27
Rimklb,39,23,82,51,60,40
Mfap5,0,1,0,1,1,1
Apobec1,1,2,2,2,0,1
Nanog,0,1,1,0,0,0
Slc2a3,22,13,32,23,30,34
Gm26826,1,2,0,0,4,1
Foxj2,26,19,29,29,28,17
C3ar1,2,5,5,12,13,1
Necap1,30,19,44,43,21,29
Clec4a1,0,0,0,1,1,0
Clec4a3,0,1,1,3,1,2
Clec4a2,0,2,2,9,5,1
Clec4n,0,0,0,1,0,0
Cd163,1,0,1,0,0,0
Pex5,22,22,48,32,39,20
Clstn3,48,28,76,41,55,53
C1rl,0,0,0,0,1,0
C1ra,0,1,0,1,0,0
C1s1,0,1,0,0,1,0
C1s2,0,0,0,1,0,0
Lpcat3,23,17,41,33,31,38
Emg1,43,37,84,56,54,73
Phb2,64,33,123,108,108,111
Ptpn6,3,4,0,6,10,1
Grcc10,81,40,115,51,98,98
Atn1-1,80,34,106,70,86,75
Eno2,7,5,19,16,12,9
Lrrc23,0,1,0,0,1,0
Spsb2,13,6,11,23,28,12
Tpi1,57,42,81,82,116,73
Usp5,37,23,73,42,49,47
Cdca3,2,0,0,0,0,0
P3h3,24,13,21,30,23,35
Gpr162,24,20,44,19,45,26
Lag3,0,5,4,18,5,8
Ptms,203,123,319,192,208,222
A230083G16Rik,2,0,0,0,3,0
Mlf2,199,127,297,233,349,238
Cops7a,35,21,50,37,57,56
Pianp,107,62,156,63,97,70
Zfp384,15,14,30,28,31,14
Ing4,57,31,77,69,78,70
Acrbp,14,5,17,16,8,15
Chd4,131,73,185,189,187,169
Nop2,5,7,13,16,14,9
Iffo1,52,25,54,84,84,56
Gapdh,480,414,806,644,625,685
Ncapd2,11,4,6,8,11,6
Mrpl51,72,47,104,73,87,76
Vamp1,7,6,14,7,10,11
Tapbpl,10,8,14,15,13,17
Cd27,2,3,5,5,11,2
Ltbr,28,20,58,29,45,35
Scnn1a,1,0,0,0,2,0
Tnfrsf1a,59,37,74,47,61,72
Cd9,1282,433,1373,2415,1346,1098
Gm28809,3,3,4,8,3,1
Vwf,6,0,5,3,5,6
Ano2,0,0,0,0,1,1
Kcna5,2,0,2,1,1,0
Kcna1,34,13,54,98,60,35
Kcna6,76,31,68,80,81,49
Gm26673,1,1,1,0,0,1
Ndufa9,61,40,101,88,96,90
Rad51ap1,3,0,0,3,0,2
D6Wsu163e,13,7,15,16,21,17
Tigar,8,0,6,6,13,4
Ccnd2,50,24,82,80,97,65
9330179D12Rik,2,2,1,0,0,5
Parp11,20,14,37,37,28,18
Prmt8,3,3,7,3,4,7
Gm42738,0,0,0,1,0,0
Tspan11,4,3,4,3,2,9
Tspan9,16,11,17,36,19,17
9330102E08Rik,0,0,0,1,3,0
Gm10010,1,0,1,0,0,3
Tulp3,21,11,80,14,54,13
Rhno1,14,9,25,15,27,25
Foxm1,1,1,1,2,1,2
4933413G19Rik,0,0,0,5,1,0
Nrip2,2,0,1,1,2,0
Itfg2,36,16,37,56,37,37
Fkbp4,111,73,165,153,99,163
Gm10069,1,0,1,0,1,2
BC035044,2,1,0,4,2,1
Clec2d,3,4,3,1,0,3
2310001H17Rik,0,0,0,0,1,0
Clec1b,0,0,0,0,1,0
Clec1a,4,0,7,4,3,8
Gabarapl1,112,84,155,113,183,122
Klrk1,0,0,0,0,1,0
Magohb,28,21,51,33,44,27
Styk1,4,1,3,0,5,4
Ybx3,31,19,63,61,50,51
Smim10l1,90,60,150,135,155,144
Etv6,22,9,34,20,50,25
Lrp6,75,43,93,86,96,62
Gm43949,0,0,2,0,0,0
Mansc1,1,0,4,1,0,1
Borcs5,21,16,23,23,34,19
Dusp16,23,15,25,56,40,21
Crebl2,16,18,29,21,20,21
Gpr19,20,13,28,21,21,29
2810454H06Rik,7,2,9,6,8,8
Cdkn1b,42,33,78,74,68,28
Lockd,2,0,0,1,0,0
Apold1,0,0,4,3,5,0
Ddx47,27,18,30,30,31,27
Gprc5d,1,0,0,0,0,0
Hebp1,6,7,12,76,23,8
Fam234b,29,19,65,47,38,43
Gsg1,0,0,0,3,1,0
Gm44276,0,0,0,1,0,0
Grin2b,1,0,2,1,0,0
Atf7ip,113,64,165,160,173,116
Plbd1,0,0,1,0,0,0
Hist4h4,1,1,3,0,0,0
H2afj,81,45,101,356,154,86
Wbp11,47,29,78,70,72,64
BC049715,0,0,1,1,0,1
Smco3,2,1,7,35,8,1
Mgp,0,1,0,3,5,1
Erp27,1,0,0,0,0,0
Arhgdib,3,8,4,14,5,7
Pde6h,0,0,0,1,0,0
Rerg,2,0,4,3,2,3
Ptpro,87,53,123,104,86,62
Eps8,89,51,138,129,135,124
Strap,72,33,105,104,87,77
Dera,11,5,13,14,15,12
Mgst1,1,9,0,3,1,5
Lmo3,27,15,30,18,31,29
A830011K09Rik,0,1,2,0,0,3
4922502N22Rik,0,1,0,0,1,0
Plekha5,22,16,27,46,36,30
Aebp2,66,36,79,86,87,50
Gm30524,0,1,0,0,0,0
Gm28523,9,1,6,2,4,3
Pde3a,23,13,19,18,17,12
Slco1c1,0,1,4,2,3,3
Slco1a4,0,2,0,1,4,0
Slco1a5,0,0,0,0,0,1
Pyroxd1,6,7,13,16,20,10
Recql,11,6,12,12,18,14
Golt1b,19,15,48,21,26,38
Spx,2,0,0,0,0,0
Ldhb,176,150,309,166,196,274
Abcc9,0,0,1,0,0,0
Cmas,17,13,38,15,24,13
St8sia1,51,42,88,41,49,34
C2cd5,40,38,51,51,57,40
Etnk1,138,91,201,189,195,111
Sox5,110,90,150,124,165,115
Sox5os3,3,0,0,0,1,0
Bcat1,45,23,57,29,57,44
Gm15687,1,0,0,0,1,1
Lrmp,0,1,0,5,0,0
Casc1,1,0,2,2,1,0
Lyrm5,7,14,31,25,22,26
Kras,24,24,51,43,44,49
Gm15706,10,4,13,11,10,1
2010013B24Rik,0,0,0,1,0,0
Lmntd1,0,1,0,0,1,0
Gm15704,1,0,0,1,0,0
Rassf8,23,5,31,36,19,11
Bhlhe41,66,34,111,92,116,58
Sspn,23,12,21,31,22,25
Sspnos,0,0,0,0,1,0
Gm44269,0,0,0,0,1,0
Itpr2,128,97,218,211,229,218
Asun,16,13,34,27,34,28
Fgfr1op2,50,33,70,107,73,75
Tm7sf3,105,77,159,198,192,164
Med21,65,48,97,101,80,71
Stk38l,6,8,17,17,11,6
Arntl2,1,2,4,3,1,2
Ppfibp1,165,141,292,247,264,195
1700034J05Rik,0,1,3,1,0,0
Rep15,9,8,11,18,10,12
Mrps35,17,9,24,21,23,27
Mansc4,0,0,0,1,0,1
Klhl42,15,15,43,27,32,19
Ccdc91,8,5,8,18,10,9
Far2,3,0,6,6,9,6
Ergic2,65,36,102,83,95,78
Gm17216,0,1,0,0,0,0
Tmtc1,4,5,6,8,5,4
Ipo8,42,29,51,26,37,24
Caprin2,13,8,12,11,20,10
Gm43913,1,0,0,0,0,0
Fam60a,7,3,7,4,6,5
3010003L21Rik,0,2,4,4,2,3
Dennd5b,68,54,119,89,64,89
Gm26540,0,0,0,1,2,0
Mettl20,1,2,6,3,5,1
Amn1,36,24,69,65,44,32
2810474O19Rik,59,23,52,52,66,50
Bicd1,106,77,159,172,164,138
Gm21814,1,1,3,0,3,1
Myadm,16,7,24,17,27,13
Prkcg,4,1,5,1,6,0
Cacng7,14,6,14,12,14,12
Gm44257,24,11,38,17,27,32
Cacng8,14,4,14,8,8,17
Oscar,0,0,1,1,0,0
Ndufa3,165,97,247,144,224,219
Tfpt,14,8,25,33,19,23
Prpf31,22,23,44,41,37,35
Cnot3,56,39,91,98,107,101
Leng1,8,7,14,29,20,11
Tmc4,3,3,0,3,4,2
Mboat7,36,21,63,45,55,32
Tsen34,89,61,151,100,125,118
Rps9,334,210,462,632,497,459
Pirb,1,0,1,3,3,1
Pira2,0,0,0,0,1,0
RP23-292B24.1,0,0,0,1,0,0
Lair1,4,6,2,33,20,7
9430041J12Rik,2,1,5,2,3,1
Ttyh1,293,174,456,407,294,288
D030047H15Rik,0,1,0,0,0,0
Leng8,127,94,182,177,129,66
Leng9,12,7,21,14,12,21
Cdc42ep5,17,5,29,5,11,19
Lilra5,0,0,0,0,1,0
Rdh13,12,8,10,7,20,16
Eps8l1,3,1,9,5,8,9
Ppp1r12c,32,20,42,44,39,27
Tnnt1,0,1,0,0,0,0
Dnaaf3,1,1,0,1,0,0
Syt5,4,1,7,4,2,3
Tmem86b,3,7,10,6,9,7
Ppp6r1,39,23,48,32,42,32
Hspbp1,11,9,18,20,20,21
Brsk1,28,9,30,37,30,29
Tmem150b,1,0,1,0,0,0
Suv420h2,11,8,12,19,12,8
Cox6b2,18,7,10,18,12,12
Il11,2,1,0,3,2,0
Tmem238,10,9,18,16,12,8
Rpl28,431,285,663,638,630,594
Ube2s,150,93,201,184,172,184
Shisa7,88,43,136,54,87,54
Isoc2b,7,3,12,12,1,4
Isoc2a,9,1,5,4,6,9
Zfp628,10,7,20,12,14,13
Nat14,19,7,23,13,21,20
Ssc5d,0,0,0,1,1,0
Sbk2,0,0,0,0,1,0
Sbk3,0,1,1,1,0,2
Zfp579,31,23,80,63,32,60
Fiz1,19,10,25,29,29,30
Zfp524,4,6,7,9,3,7
Zfp865,29,13,36,21,38,17
Ccdc106,15,15,21,10,25,21
Zfp784,1,0,2,3,1,5
Gm15510,1,0,0,0,1,1
Zfp580,25,13,45,37,23,50
U2af2,67,67,126,91,109,75
Epn1,49,22,75,63,69,63
Rasl2-9,0,0,1,2,3,0
Zfp787,20,22,29,20,44,38
Zfp444,29,19,32,26,33,37
RP24-445D7.2,0,0,0,0,1,0
Zfp667,7,4,17,12,13,9
Zfp583,10,3,10,7,8,6
RP23-143D11.1,0,1,3,0,1,0
Zfp78,0,3,1,3,3,1
Zfp28,11,2,9,6,3,8
Smim17,0,0,1,0,0,0
Zim1,7,5,6,6,5,2
Peg3,108,91,159,97,142,103
Usp29,41,19,43,34,39,30
Zfp954,4,7,8,12,12,7
Zfp773,5,3,3,2,5,11
Zfp418,2,0,5,2,1,5
Zfp772,8,5,10,11,18,6
Vmn2r29,0,1,4,1,3,0
Clcn4,84,62,158,173,166,149
Zik1,11,6,28,14,11,8
Zfp551,4,3,6,6,8,4
Zfp606,29,15,33,29,37,19
Zscan18,17,8,19,25,21,10
Zfp329,68,47,77,75,84,49
Zfp110,16,9,17,14,18,14
Zfp128,10,3,9,5,3,6
Zscan22,8,5,17,11,11,26
Rps5,298,195,419,546,420,393
Rnf225,1,1,1,1,2,0
1810019N24Rik,0,0,0,1,1,0
Zfp324,8,3,8,4,8,13
Zfp446,7,5,12,7,12,9
Zbtb45,18,7,19,12,12,18
Trim28,53,32,90,70,89,81
Chmp2a,112,68,157,171,175,157
Ube2m,87,45,140,129,123,114
Mzf1,3,2,3,0,7,4
6330408A02Rik,6,9,16,11,18,13
Lig1,27,9,27,31,40,19
Pla2g4c,1,1,0,0,0,0
Vmn1r90,0,1,1,2,1,0
Sepw1,331,198,455,459,412,337
Gltscr2,40,18,39,68,51,50
Ehd2,1,2,2,1,3,2
Gltscr1,0,0,3,3,2,1
Napa,53,26,77,112,77,62
Kptn,18,11,32,19,25,28
Slc8a2,18,15,33,10,11,21
Meis3,32,27,37,39,27,30
Dhx34,5,7,10,14,10,9
C5ar2,0,3,1,4,0,0
C5ar1,5,1,0,10,8,1
Inafm1,19,13,35,18,26,18
Ccdc9,14,9,11,14,15,11
Bbc3,8,6,15,32,13,19
Sae1,31,15,58,27,25,36
Zc3h4,22,24,34,14,43,22
Tmem160,41,33,55,56,43,53
Npas1,7,0,13,8,7,4
Arhgap35,65,44,132,98,128,97
Ap2s1,75,54,114,126,85,97
Slc1a5,1,0,1,2,0,1
Fkrp,15,12,28,34,28,27
Strn4,113,69,162,128,196,92
Prkd2,6,4,6,1,5,6
9330104G04Rik,4,4,3,10,2,7
Dact3,47,24,71,97,53,52
Gng8,4,3,2,28,5,3
Calm3,181,100,243,246,240,223
Pnmal2,97,71,137,91,97,128
Pnmal1,21,18,43,20,49,16
Ccdc8,0,1,0,0,1,0
Ppp5c,22,17,46,39,42,39
Hif3a,0,10,2,1,2,4
Psg16,0,0,0,0,2,0
Mill2,1,1,0,0,0,0
Pglyrp1,2,3,1,0,3,2
Ccdc61,6,2,8,7,10,7
Nova2,66,32,67,49,70,63
Gm26821,1,0,1,0,2,0
Nanos2,0,0,0,1,1,0
Mypop,33,22,45,22,30,40
Mypopos,0,0,1,1,0,0
Irf2bp1,38,16,59,58,63,70
Sympk,54,19,67,73,81,43
Dmwd,46,23,65,79,72,45
Dmpk,5,7,14,17,16,3
Six5,0,1,0,0,0,1
Fbxo46,15,9,20,15,23,13
Qpctl,13,8,22,22,28,13
Snrpd2,146,101,209,158,190,187
Eml2,26,11,46,73,51,29
Gpr4,6,1,2,3,3,2
Opa3,22,17,59,36,41,45
Vasp,22,11,32,26,26,19
1700058P15Rik,0,0,2,2,0,0
Rtn2,48,24,64,48,71,57
Gm26802,3,0,1,3,3,9
Fosb,369,215,575,470,766,293
RP23-85B15.7,0,0,2,0,0,0
RP23-85B15.8,0,1,0,0,0,0
Ercc1,19,15,49,18,24,32
Cd3eap,23,17,30,39,34,20
Ppp1r13l,8,3,8,3,3,8
Ercc2,16,18,18,16,22,23
Gm26852,0,0,1,0,1,0
Klc3,21,22,42,21,33,30
Ckm,0,2,0,0,0,0
A930016O22Rik,1,0,0,0,0,1
Mark4,24,16,44,29,40,30
Bloc1s3,4,3,9,7,8,9
Trappc6a,9,5,14,27,12,17
Nkpd1,0,0,0,1,0,0
Ppp1r37,59,37,63,63,59,69
Gemin7,29,18,51,53,41,53
Zfp296,0,0,0,0,0,2
Clasrp,43,18,54,51,36,32
Gm26890,11,10,33,21,25,37
Relb,11,3,10,17,13,11
Clptm1,117,70,183,128,182,139
Apoc1,1,0,0,1,2,1
Apoe,3174,1893,4264,2076,2895,3656
Tomm40,60,36,80,78,81,82
Pvrl2,34,20,67,26,46,34
Bcam,3,4,9,7,8,8
Cblc,0,0,1,0,0,0
Bcl3,0,0,0,2,0,0
Gm19345,1,0,1,0,0,0
Pvr,21,7,20,32,22,16
Nlrp5,1,0,2,0,0,0
Zfp180,11,12,21,25,16,13
Zfp112,15,2,5,14,8,2
Zfp235,14,7,9,10,21,16
Zfp114,3,4,5,8,6,4
Zfp111,8,7,12,8,10,16
Zfp109,1,1,0,1,1,0
Zfp108,2,2,3,4,4,4
Zfp93,4,2,8,4,5,0
Zfp61,2,9,17,15,22,7
Zfp94,3,4,7,4,11,8
Kcnn4,1,2,1,1,4,1
Smg9,21,8,31,30,29,34
Plaur,1,2,2,5,4,1
Cadm4,334,170,508,346,423,303
Zfp428,68,39,89,53,74,76
Irgq,21,12,32,20,26,21
Xrcc1,8,12,17,15,19,23
Zfp575,5,2,5,5,8,3
Ethe1,13,11,26,19,23,30
Phldb3,0,0,0,1,0,0
Rps19,302,199,484,462,403,432
Cd79a,0,0,0,0,1,1
Arhgef1,44,29,71,51,52,39
Rabac1,179,131,268,296,240,234
Atp1a3,29,23,44,14,27,34
Grik5,81,54,124,79,106,81
Zfp574,19,8,23,17,21,27
Pou2f2,26,19,60,45,56,39
Dedd2,6,4,9,16,6,9
Zfp526,0,0,1,1,0,3
Gsk3a,49,38,70,65,63,53
9130221H12Rik,14,2,6,6,7,1
Erf,40,14,52,72,73,58
Cic,25,17,42,36,55,29
Pafah1b3,41,32,74,46,61,46
Prr19,0,0,0,0,2,0
Tmem145,11,10,24,9,14,20
Megf8,20,14,22,18,18,19
4732471J01Rik,1,1,2,0,4,1
Lipe,6,2,11,11,16,11
Ceacam1,0,0,0,3,1,1
Atp5sl,17,6,11,21,19,12
B3gnt8,1,0,0,0,1,0
Bckdha,29,34,48,53,77,52
Exosc5,13,6,18,42,34,25
Tmem91,0,0,2,0,2,2
B9d2,5,3,13,12,12,5
Tgfb1,4,3,2,29,10,7
Ccdc97,27,9,19,20,19,28
Hnrnpul1,68,38,98,81,88,71
Axl,15,8,29,12,21,21
Cyp2s1,1,0,1,0,0,0
Egln2,39,24,43,36,45,46
Rab4b,13,4,10,17,7,3
Mia,3,4,1,0,1,0
Snrpa,69,44,93,72,85,101
BC024978,14,4,9,7,6,7
Itpkc,1,0,7,12,9,9
Adck4,6,6,9,17,17,8
Gm15567,0,0,0,0,1,0
Numbl,28,21,29,17,21,24
Ltbp4,33,27,70,30,46,25
Shkbp1,18,8,27,27,25,17
Sptbn4,10,4,12,11,15,12
Blvrb,21,9,24,23,14,23
Sertad3,12,9,14,17,11,16
Sertad1,15,2,10,36,15,10
Prx,0,1,0,0,0,0
Gm15541,0,0,0,0,1,0
Pld3,42,28,72,60,68,71
2310022A10Rik,3,11,20,17,17,17
Akt2,32,24,50,45,53,45
Ttc9b,8,9,23,18,12,16
Map3k10,32,21,20,28,27,31
C030039L03Rik,7,5,8,9,7,16
Zfp60,23,12,31,24,24,19
Zfp626,7,7,12,16,12,7
Zfp59,0,0,0,3,3,1
Zfp607,3,3,6,5,8,5
1700049G17Rik,5,6,5,8,15,4
Zfp780b,13,11,36,24,19,19
Zfp850,4,1,1,3,3,2
Psmc4,78,47,98,123,96,88
RP23-278M8.1,0,0,1,0,0,0
Fcgbp,1,0,0,0,2,0
Fbl,41,33,70,68,92,57
Dyrk1b,11,3,10,14,10,3
Eid2,54,49,91,53,77,70
Eid2b,15,9,37,25,17,11
Dll3,37,39,72,42,58,76
Timm50,32,22,62,56,38,59
Supt5,42,22,68,68,74,48
Rps16,336,270,503,591,556,477
Plekhg2,4,4,12,9,5,5
Zfp36,50,45,32,181,91,33
Med29,59,18,58,44,55,58
Paf1,28,13,36,43,56,33
Samd4b,119,72,155,145,142,122
Gmfg,1,7,0,6,5,1
Lrfn1,16,16,40,24,28,36
Nccrp1,1,0,0,1,0,2
Pak4,48,27,93,120,100,99
Fbxo27,2,0,6,10,5,6
Fbxo17,5,2,13,8,10,7
Mrps12,51,26,72,81,55,83
Sars2,2,3,11,10,9,8
Ccer2,0,0,0,0,0,1
Nfkbib,29,18,59,41,51,48
Sirt2,577,333,873,1822,1301,1157
Rinl,4,1,6,10,11,5
Hnrnpl,86,49,109,122,130,92
RP23-36D15.6,0,0,0,0,0,1
Ech1,50,54,99,130,73,79
Lgals4,1,0,8,5,3,2
RP23-36D15.9,0,0,0,0,0,1
Actn4,50,30,66,80,55,39
Eif3k,85,69,133,122,136,147
Rasgrp4,0,0,0,2,0,0
Fam98c,14,12,31,20,30,20
1110035H17Rik,1,2,10,6,5,2
Spred3,32,14,35,33,48,41
Ggn,1,0,1,0,1,0
Psmd8,80,54,88,105,101,104
Catsperg1,0,0,0,0,1,0
Kcnk6,1,2,0,3,1,1
Yif1b,34,22,44,52,47,32
2200002D01Rik,1,0,0,0,0,1
Spint2,6,1,1,1,1,4
Ppp1r14a,57,3,33,322,73,12
Dpf1,12,7,26,18,23,16
Sipa1l3,20,19,32,20,21,22
Zfp84,9,8,15,18,19,11
Zfp30,20,15,40,36,38,40
Zfp790,3,5,5,7,5,4
Zfp940,6,1,12,7,3,10
Zfp420,11,7,20,17,11,19
Zfp27,9,5,13,14,14,13
Zfp383,18,16,18,17,16,9
Zfp74,14,12,19,19,24,16
Zfp568,3,3,4,2,3,2
Zfp14,9,7,9,14,11,11
Zfp82,2,0,2,0,3,0
Zfp566,7,2,10,12,13,6
Zfp260,68,48,130,81,129,73
Zfp382,4,1,2,1,4,1
Zfp146,5,4,5,13,12,8
Gm5113,6,1,8,8,9,9
Cox7a1,1,2,3,3,1,1
Capns1,94,50,144,138,103,87
Tbcb,117,59,162,164,125,130
Polr2i,49,38,84,44,70,74
Wdr62,3,1,1,0,0,1
Thap8,0,0,0,2,0,0
Clip3,234,120,325,305,283,229
Alkbh6,28,8,29,24,26,19
Syne4,0,1,1,0,0,3
Sdhaf1,31,21,44,52,69,35
Lrfn3,19,10,20,16,22,20
Tyrobp,25,84,30,102,76,53
Hcst,0,0,0,0,1,1
Nfkbid,14,5,9,35,16,3
Aplp1,258,94,358,1175,507,251
Kirrel2,0,2,0,0,0,0
Arhgap33,24,15,36,44,32,26
Proser3,3,3,3,3,8,4
Hspb6,2,4,4,3,4,0
Lin37,16,6,26,22,27,19
Psenen,152,95,215,171,165,217
U2af1l4,3,1,2,4,2,1
U2af1l4-1,1,0,0,3,0,0
Igflr1,1,0,0,2,1,0
Kmt2b,35,20,42,40,41,31
Cox6b1,328,209,489,306,357,335
Rbm42,61,54,111,95,114,92
Gm26610,1,0,0,0,0,0
Haus5,5,4,7,8,14,4
Atp4a,0,1,3,1,4,3
Tmem147,78,54,136,143,130,130
Tmem147os,1,0,3,1,2,4
Gm26935,2,2,7,5,8,6
Sbsn,15,6,16,13,15,14
Dmkn,0,0,0,1,0,0
Cd22,0,1,0,0,0,1
Mag,287,47,182,2623,767,160
RP24-63G4.13,0,0,1,0,0,0
Usf2,116,70,148,145,121,85
Gm4673,15,3,12,15,13,7
Lsr,0,0,0,1,1,0
Fam187b,1,0,0,0,1,0
Fxyd5,1,3,0,4,2,0
Fxyd7,8,3,19,5,11,10
Fxyd1,3,7,6,5,5,11
Lgi4,0,5,4,0,3,0
Scn1b,27,14,32,22,27,31
Gramd1a,38,22,37,49,47,42
G630030J09Rik,0,0,0,0,0,2
Gm10640,0,0,0,0,1,0
Wtip,20,15,36,17,21,24
Uba2,50,31,71,93,79,65
Pdcd2l,8,7,12,22,27,14
Gpi1,83,70,120,108,97,101
Gm26762,0,0,1,0,0,0
Gm12758,0,0,0,2,5,0
4931406P16Rik,49,42,74,94,91,50
Lsm14a,40,35,73,70,61,49
RP23-324J22.6,0,0,2,0,1,0
Kctd15,17,10,35,15,23,20
Chst8,13,10,18,31,29,27
Pepd,18,24,30,42,27,30
Cebpg,23,27,56,51,59,55
Cebpa,18,23,10,25,18,10
Slc7a10,40,30,52,17,47,44
Lrp3,59,45,92,53,70,58
Gpatch1,16,8,19,22,23,14
Rhpn2,3,0,1,7,1,4
Faap24,4,3,13,10,6,5
Cep89,5,1,7,15,10,6
Tdrd12,0,1,0,0,0,0
Nudt19,39,20,64,42,57,63
B230322F03Rik,1,1,3,0,1,0
Ankrd27,19,10,35,21,17,20
Pdcd5,126,84,206,135,163,143
Dpy19l3,44,23,57,20,30,29
Zfp507,19,12,21,18,19,10
Gm26790,0,0,1,0,0,0
Tshz3,33,22,39,26,67,38
RP23-291B1.2,20,6,25,72,43,20
Zfp536,50,28,78,100,78,47
Uri1,23,15,37,53,49,39
Ccne1,3,0,5,4,1,0
1600014C10Rik,6,10,15,12,17,10
Plekhf1,12,15,24,28,33,30
Pop4,49,28,65,77,82,53
Zfp619,4,6,11,10,9,7
Gm37494,35,25,56,96,58,33
Gm26526,1,2,12,8,8,5
A230077H06Rik,14,5,17,8,11,12
Gm28307,1,0,1,0,0,0
Vstm2b,85,61,131,58,84,75
AI987944,17,10,36,24,34,21
Gm17102,0,0,0,0,1,1
Gm20449,0,0,1,1,0,0
AW146154,5,3,6,11,9,7
2610021A01Rik,9,8,23,16,15,13
Zfp788,14,14,25,24,27,17
Zfp141,9,9,17,7,19,10
Gm7221,0,1,1,0,4,1
9830147E19Rik,12,4,17,9,17,9
Gm5595,9,3,10,11,7,2
Zfp715,24,13,18,23,26,16
Siglecf,0,0,1,1,0,1
Nkg7,0,0,2,0,1,0
Etfb,82,57,100,115,93,123
Vsig10l,5,3,5,3,2,4
Iglon5,53,28,69,31,51,37
Cd33,4,4,0,18,8,4
Zfp658,6,1,2,8,10,7
Zfp719,7,4,11,21,11,12
Siglece,1,1,0,3,2,0
Ctu1,7,4,8,7,9,7
Klk13,0,0,0,0,1,1
Klk9,0,0,1,1,0,0
Klk8,3,1,6,13,6,3
Klk6,1,0,0,2,1,0
1700028J19Rik,1,1,1,0,5,2
2410002F23Rik,37,25,59,77,57,50
Acpt,0,1,0,0,0,0
Clec11a,0,0,2,0,2,1
Shank1,25,15,36,20,32,24
1700008O03Rik,3,0,1,1,1,1
Syt3,13,8,21,12,21,9
Lrrc4b,245,193,438,286,338,339
Aspdh,4,4,5,4,5,3
Josd2,73,45,97,304,116,86
RP23-455C13.7,2,2,4,1,2,1
Emc10,132,72,185,226,171,164
Fam71e1,3,3,9,5,3,3
Pold1,10,4,10,9,9,5
Nr1h2,30,23,53,44,58,34
Gm15396,0,0,0,0,1,0
Kcnc3,39,28,64,49,69,52
RP24-325H17.1,1,1,0,0,0,0
Myh14,10,5,12,11,7,8
2310016G11Rik,0,0,0,0,1,0
Zfp473,1,1,0,0,1,1
Vrk3,27,15,43,35,38,44
Atf5,6,4,11,17,11,1
Nup62,9,11,18,24,13,19
Il4i1,0,0,0,1,0,0
Tbc1d17,33,27,44,49,40,46
Akt1s1,33,19,77,61,67,48
Pnkp,14,11,17,22,22,16
Ptov1,219,142,304,245,238,281
Med25,57,31,75,79,86,62
Fuz,23,12,26,25,26,13
Ap2a1,204,92,257,363,269,263
Cpt1c,38,30,66,42,60,50
RP24-308M10.2,0,0,0,1,2,1
Prmt1,79,41,101,97,86,115
Gm15545,1,0,3,0,0,2
Bcl2l12,5,3,1,6,5,0
Irf3,37,19,47,40,43,41
Scaf1,36,26,64,46,58,39
Rras,8,7,17,36,17,20
Prr12,43,13,63,53,49,42
Prrg2,5,6,15,16,11,10
Nosip,19,11,33,31,31,22
Rcn3,16,9,16,22,21,18
Fcgrt,1,2,2,12,4,4
Rps11,422,247,573,607,527,489
Rpl13a,414,259,555,622,508,501
Flt3l,10,5,7,2,8,6
Aldh16a1,3,2,5,2,7,5
Pih1d1,10,9,25,20,20,19
Slc17a7,0,2,1,0,0,0
Tead2,0,1,0,0,0,0
Cd37,6,5,1,11,8,7
Trpm4,0,2,4,2,11,0
Ppfia3,12,7,17,8,14,14
Lin7b,3,0,2,1,3,1
Snrnp70,142,91,187,199,191,140
Lhb,0,0,1,0,0,0
Ruvbl2,19,21,28,36,33,26
Gys1,4,4,13,7,10,10
Ftl1,701,444,1082,1220,1042,1174
Bax,119,67,168,123,154,112
Dhdh,5,0,3,3,2,0
Nucb1,57,20,91,46,73,53
Ppp1r15a,36,20,36,73,71,22
Plekha4,1,0,1,1,0,2
Hsd17b14,0,1,0,1,0,0
Bcat2,6,6,10,5,5,15
Rasip1,6,0,4,2,4,4
Mamstr,0,0,0,0,0,1
Car11,31,19,62,43,48,37
Dbp,33,30,70,72,139,50
Sphk2,17,22,24,33,14,19
Rpl18,390,249,534,522,497,485
Fam83e,0,0,1,0,0,0
Lmtk3,43,32,56,60,61,51
Cyth2,38,29,45,104,99,59
Grwd1,8,7,9,11,7,7
Grin2d,1,0,0,0,0,0
Kdelr1,88,41,110,79,111,97
Syngr4,0,0,0,1,0,0
Tmem143,3,0,4,2,5,0
Emp3,2,0,1,1,3,0
Ccdc114,15,8,16,14,14,13
Abcc6,0,0,0,0,1,0
Nomo1,22,18,34,16,26,22
Kcnc1,24,17,39,19,40,35
Sergef,8,6,10,7,12,12
Tph1,1,1,0,0,0,5
Saal1,10,8,19,16,17,12
Hps5,10,7,16,33,24,9
Gtf2h1,17,21,36,43,47,34
Ldha,68,53,139,53,90,110
Tsg101,56,40,74,94,93,75
Uevld,1,2,3,7,6,7
Spty2d1,19,8,25,32,30,26
RP23-218K15.3,7,7,5,3,6,7
Tmem86a,57,24,77,95,90,63
Ptpn5,20,14,55,26,40,25
Zdhhc13,14,9,19,8,14,18
Csrp3,1,0,0,0,0,0
E2f8,5,6,5,16,6,6
Nav2,152,92,208,212,234,152
RP23-378D16.4,7,8,10,10,8,3
RP23-378D16.5,0,0,0,0,1,0
Htatip2,7,2,7,7,7,5
Prmt3,22,7,32,30,34,29
Nell1,1,0,1,1,1,0
Ano5,1,0,1,2,2,0
Fancf,8,1,4,11,10,12
Gas2,16,12,20,18,22,17
Svip,34,23,46,47,52,29
Luzp2,449,294,738,417,537,435
Siglech,5,19,8,48,11,14
Tubgcp5,20,19,38,50,32,13
Cyfip1,61,55,126,93,100,110
Nipa2,38,17,54,68,65,32
Nipa1,39,23,60,94,44,36
Herc2,34,34,72,63,50,55
Oca2,0,0,0,1,0,1
Gabrg3,29,10,26,12,33,13
Gm9962,1,0,2,1,1,0
Gabra5,3,0,1,1,0,0
Gabrb3,83,66,106,63,98,53
Atp10a,0,0,0,1,0,0
Ube3a,137,99,266,247,211,170
Gm38393,9,4,10,12,15,7
Snrpn,81,56,125,164,134,120
RP24-236C17.2,6,10,10,11,6,12
RP24-236C17.3,2,1,5,8,2,4
RP23-407N2.2,41,34,60,51,72,76
RP24-274B19.1,2,2,2,1,5,0
RP24-274B19.2,1,1,1,1,0,1
RP23-54G8.4,15,8,26,16,13,11
Gm9801,10,4,12,10,9,5
Ndn,58,49,61,56,81,36
Mkrn3,16,10,13,13,10,17
Peg12,3,0,2,2,1,0
Chrna7,0,0,0,2,1,0
Otud7a,6,4,4,9,15,8
RP23-212H18.4,0,0,1,0,3,0
Klf13,95,29,101,283,157,102
RP23-402A4.1,0,0,1,2,1,0
Mtmr10,31,26,76,65,75,43
Gm20457,0,0,0,0,1,0
Fan1,5,6,6,10,5,8
Mphosph10,23,17,30,40,42,33
Mcee,53,26,54,54,54,52
Apba2,108,57,143,88,123,111
Fam189a1,16,6,22,11,14,13
Ndnl2,40,19,51,99,75,53
Tjp1,68,55,102,102,70,61
BC046251,0,0,0,2,1,0
Tarsl2,18,6,28,39,20,10
Tm2d3,53,45,88,49,77,81
Pcsk6,28,26,39,28,30,33
Snrpa1,60,21,81,56,61,41
Vimp,133,82,194,231,191,193
Chsy1,22,9,22,17,32,14
Lrrk1,2,2,0,2,3,2
RP23-49I18.5,0,0,1,0,1,0
Aldh1a3,0,0,0,0,2,0
Asb7,13,11,30,27,22,22
Lins1,4,4,9,9,8,3
Cers3,1,0,0,0,0,0
Adamts17,4,1,3,0,3,2
1700112J16Rik,0,0,1,0,1,0
Lysmd4,7,6,8,7,6,9
Mef2a,87,51,113,150,110,62
RP23-152B12.3,1,0,0,1,1,0
Lrrc28,9,10,15,25,17,20
Ttc23,0,0,1,1,0,1
Synm,24,25,50,23,35,34
Igf1r,56,69,128,102,112,62
Pgpep1l,0,0,0,0,0,1
Arrdc4,9,3,8,11,4,5
RP23-474J16.2,2,0,0,0,0,1
RP24-286L23.3,0,0,1,0,0,0
Nr2f2,23,6,44,21,34,19
RP23-449M8.6,3,0,1,1,1,1
RP23-449M8.5,3,0,1,3,3,0
A730056A06Rik,1,2,2,3,3,3
Rgma,49,38,71,47,55,50
Chd2,64,33,89,88,86,46
RP23-32A8.5,0,2,0,0,0,0
RP23-32A8.10,2,0,0,3,0,0
Fam174b,29,8,41,17,22,23
RP23-235M8.7,0,0,0,0,1,0
Slco3a1,12,3,27,20,19,20
Sv2b,0,0,0,1,0,0
Akap13,66,44,111,81,98,93
AU020206,2,6,5,4,8,2
Klhl25,14,5,19,17,19,16
Agbl1,0,0,1,1,0,0
Ntrk3,179,93,229,148,173,146
Gm9885,8,8,20,19,13,27
Mrpl46,11,14,36,18,23,16
Mrps11,29,16,49,45,45,46
Det1,5,5,2,8,4,5
Aen,17,11,22,19,22,24
Isg20,0,0,0,3,0,0
Gm26633,0,0,1,0,0,0
Acan,53,20,70,37,43,69
Hapln3,18,6,24,3,14,8
Mfge8,135,41,213,72,144,146
Abhd2,280,163,361,185,280,224
Rlbp1,293,169,507,183,289,300
Fanci,1,0,1,1,0,0
Polg,130,80,131,121,163,126
AI854517,62,40,83,71,104,31
RP23-207N5.2,26,8,33,16,20,23
RP23-207N5.5,3,0,2,0,2,1
RP23-207N5.4,9,5,15,12,21,16
Rhcg,7,5,17,10,7,7
Ticrr,1,1,4,3,0,0
Kif7,5,0,6,5,10,4
9330171B17Rik,0,0,0,0,1,0
Plin1,1,0,0,0,0,0
Pex11a,17,5,11,8,11,6
Mesp2,1,1,1,0,0,0
Ap3s2,25,21,41,40,39,19
Gm26646,0,0,0,1,0,1
Arpin,5,3,10,11,12,9
Zfp710,14,8,14,24,15,11
RP24-259P13.2,2,0,1,2,2,1
Idh2,31,24,43,33,50,50
Sema4b,15,11,12,10,21,12
Cib1,11,5,12,27,23,13
Gdpgp1,1,2,5,6,4,6
Ttll13,0,0,0,1,1,0
Ngrn,9,11,21,16,18,15
Vps33b,14,9,10,15,20,13
Rccd1,6,6,13,11,10,17
Prc1,0,0,2,0,0,0
6330403N20Rik,0,0,0,0,1,0
Unc45a,20,7,23,35,27,24
Hddc3,8,9,21,17,10,12
Man2a2,48,48,80,88,87,58
Fes,1,0,0,6,3,2
Furin,24,16,31,28,50,27
RP23-137A24.6,1,0,0,0,0,0
Blm,6,3,15,14,5,4
Crtc3,47,33,81,52,70,47
Gm15880,0,1,0,0,0,1
Iqgap1,14,17,35,32,37,25
Zscan2,4,3,6,11,9,3
Wdr73,9,10,11,10,14,13
Nmb,1,3,4,2,4,2
Sec11a,81,51,112,92,82,75
Zfp592,24,9,30,22,17,11
Pde8a,36,8,36,61,31,17
Rps17,340,239,419,316,401,324
Cpeb1,28,15,27,45,34,26
Ap3b2,42,27,55,29,45,37
2900076A07Rik,19,8,26,27,37,9
Whamm,15,6,23,17,43,21
Homer2,13,14,35,40,25,28
Fam103a1,50,28,61,44,54,49
3110040N11Rik,5,1,9,6,5,6
Btbd1,45,23,83,74,75,51
Tm6sf1,11,6,13,14,8,5
Hdgfrp3,96,64,135,93,134,90
Sh3gl3,44,26,43,365,154,55
Adamtsl3,8,9,15,9,6,7
Saxo2,8,5,5,4,9,6
Eftud1,10,7,12,25,16,12
Mex3b,40,13,32,81,46,34
Tmc3,0,0,0,1,0,0
Gm16638,2,5,7,8,6,4
Stard5,10,6,12,10,17,7
Il16,0,1,0,3,0,2
Mesdc1,11,8,16,7,16,13
Mesdc2,40,42,76,51,73,47
Cemip,1,0,2,0,0,0
Abhd17c,17,22,35,26,38,28
Arnt2,92,47,128,84,92,69
Gm2115,11,6,6,5,13,7
Fah,10,3,4,27,14,3
Zfand6,82,64,106,100,110,117
2610206C17Rik,0,0,0,0,1,0
Folh1,5,2,12,10,1,8
Nox4,1,1,0,0,0,0
Grm5,126,80,215,167,198,143
Ctsc,8,11,10,24,24,14
Gm26522,1,1,0,0,1,0
RP24-330M21.1,0,1,0,0,1,0
Rab38,0,0,2,0,2,3
Tmem135,30,26,51,46,32,26
Fzd4,6,7,11,3,1,4
Prss23,16,15,41,19,26,35
A230065N10Rik,1,0,0,1,0,1
Me3,39,12,45,25,40,44
Ccdc81,1,0,0,0,0,0
l7Rn6,44,35,77,61,65,53
Eed,18,8,24,22,19,18
Picalm,75,69,99,152,118,74
Sytl2,20,6,19,160,35,8
Ccdc89,0,0,1,3,2,1
Crebzf,65,41,95,124,104,79
Tmem126a,42,33,66,52,58,56
Tmem126b,22,10,31,15,28,31
RP24-267C3.3,38,23,64,58,67,21
Dlg2,21,13,19,31,19,9
Ccdc90b,27,18,37,40,51,34
Ankrd42,0,3,3,2,4,2
Pcf11,43,27,67,71,79,43
Gm26981,6,0,4,1,4,2
Rab30,18,9,21,16,27,17
Ddias,0,0,0,2,0,0
Prcp,16,9,19,21,14,18
Fam181b,87,42,152,52,91,125
Tenm4,2,0,2,7,4,0
Nars2,12,9,21,15,20,13
Gab2,15,15,15,15,20,11
Usp35,1,5,3,10,9,3
Kctd21,7,6,10,10,2,11
Alg8,4,2,9,4,9,4
Ndufc2,236,173,321,249,279,239
Thrsp,9,5,3,6,12,6
Kctd14,1,2,4,0,2,3
Ints4,36,13,45,30,49,30
Aamdc,47,31,72,69,74,76
Rsf1,86,52,131,95,123,104
Rsf1os1,3,0,2,0,1,0
Rsf1os2,0,0,0,0,0,1
Clns1a,65,30,73,91,68,62
Aqp11,8,4,20,8,13,12
Pak1,66,34,55,192,92,45
Myo7a,2,4,2,5,7,4
Capn5,25,17,29,43,52,24
B3gnt6,0,0,1,0,1,0
Acer3,19,12,26,28,38,14
Tsku,1,0,3,1,2,0
Lrrc32,0,0,0,0,0,1
Emsy,66,37,92,99,78,72
Prkrir,38,28,49,45,60,46
Uvrag,24,16,31,35,40,32
RP23-16L19.5,1,0,0,0,0,0
RP23-16L19.4,0,0,0,0,1,1
Dgat2,7,14,18,26,43,20
Map6,10,2,17,20,13,22
Serpinh1,7,7,26,7,11,25
Gdpd5,14,3,15,14,6,6
Klhl35,1,0,0,1,1,0
Rps3,287,191,340,509,422,367
Arrb1,39,38,61,41,52,33
Tpbgl,5,6,7,2,5,11
Gm10605,3,4,6,4,7,5
Slco2b1,4,16,13,24,25,8
RP23-152P5.3,0,0,0,0,1,0
Neu3,1,1,1,1,2,2
Spcs2,215,154,365,287,257,296
Xrra1,0,0,1,0,0,0
Rnf169,12,6,21,11,18,18
Pold3,14,4,10,15,18,13
Lipt2,6,3,7,10,7,7
Pgm2l1,7,6,6,7,11,10
Ppme1,48,21,59,43,69,45
C2cd3,12,14,18,15,18,11
Gm10603,0,0,1,1,0,0
Ucp3,0,0,1,0,0,0
Ucp2,21,14,7,44,34,17
Coa4,9,6,7,11,7,9
Mrpl48,50,34,80,74,89,87
Rab6a,116,103,220,212,218,186
Plekhb1,141,92,229,231,201,199
RP23-299D2.2,0,0,0,0,0,2
Fam168a,137,94,194,158,152,146
Relt,9,2,7,7,5,2
Arhgef17,24,15,26,6,13,15
P2ry6,1,7,1,4,6,6
P2ry2,3,1,2,1,5,1
Fchsd2,217,165,326,270,306,263
Atg16l2,19,12,17,22,24,18
Stard10,18,10,27,29,23,20
Arap1,36,24,40,40,40,19
Pde2a,51,43,71,34,47,57
Clpb,28,14,34,31,35,19
Inppl1,21,20,39,76,52,39
Folr2,1,0,5,1,1,1
Folr1,7,5,1,0,0,4
Anapc15,9,4,11,13,10,8
Lamtor1,68,43,115,122,142,89
Lrrc51,3,2,1,6,4,5
Numa1,86,44,123,85,108,85
Il18bp,3,4,5,1,0,1
Rnf121,25,14,59,32,37,26
Xndc1,22,7,32,25,27,15
Xntrpc,1,2,1,6,0,2
Art1,1,2,1,1,0,0
Nup98,4,7,10,6,7,3
Pgap2,29,17,34,43,45,40
Rhog,37,25,55,117,85,43
Stim1,9,5,15,20,11,7
Rrm1,18,8,30,17,25,19
Olfr543,0,1,0,0,0,0
Trim21,1,3,1,1,3,3
Trim68,3,2,8,5,11,5
Hbb-bt,1,2,0,399,3,0
Hbb-bs,2,9,2,4385,37,2
Trim34a,0,0,0,0,1,1
Trim5,0,0,0,3,0,0
Trim12a,0,0,0,2,3,0
Trim12c,0,4,0,0,0,0
Trim30a,0,3,1,3,1,2
Trim30d,0,0,0,2,0,0
Gm5900,0,0,0,0,1,0
Fam160a2,21,12,31,16,17,21
Cnga4,0,0,0,0,1,1
Prkcdbp,29,19,49,43,42,47
Smpd1,57,26,75,58,69,70
Apbb1,65,28,77,135,111,98
Trim3,21,10,39,45,44,29
Arfip2,23,14,26,45,36,24
Timm10b,79,52,111,103,122,84
Dnhd1,1,1,5,5,2,0
Rrp8,9,8,23,13,16,19
Ilk,45,29,88,94,117,95
Taf10,47,29,85,77,84,55
Tpp1,73,62,151,114,134,120
Dchs1,22,13,45,28,29,36
Mrpl17,54,26,50,77,62,55
Gm4070,0,2,0,0,0,0
Syt9,6,6,12,10,9,9
Olfml1,3,1,1,9,1,3
RP23-170L10.2,0,0,0,1,0,0
Ppfibp2,16,13,21,53,29,15
Cyb5r2,4,2,4,3,7,7
Eif3f,76,47,123,141,103,139
Tub,88,66,145,90,90,67
Gm26599,0,0,0,0,1,0
Ric3,48,31,63,48,47,46
Lmo1,42,36,73,32,53,51
Stk33,4,0,4,3,8,3
1700095J03Rik,0,0,2,0,1,1
Trim66,0,1,0,0,0,0
Rpl27a,480,352,697,736,710,569
St5,17,6,25,9,11,10
Akip1,4,5,7,6,12,6
BC051019,0,0,0,0,1,0
Tmem9b,114,68,165,139,152,152
Dennd5a,116,76,188,225,165,118
Tmem41b,46,32,77,91,87,76
1600010M07Rik,0,0,0,1,1,0
Ipo7,35,22,52,44,54,39
AA474408,1,0,2,1,2,2
Zfp143,6,3,10,12,11,17
Wee1,5,3,5,2,2,0
Swap70,17,6,24,13,24,12
Sbf2,78,54,120,90,107,86
Gm28863,0,0,1,0,0,0
Adm,43,33,46,17,48,52
Ampd3,159,127,265,83,164,142
Rnf141,35,28,45,42,27,30
Ctr9,47,28,59,89,67,50
Eif4g2,314,210,400,385,382,311
Galnt18,0,0,0,0,2,0
Usp47,15,26,45,43,46,32
Dkk3,5,2,12,5,5,4
Mical2,0,2,0,0,1,0
Parva,7,4,7,4,3,7
Tead1,31,30,45,22,28,31
Rassf10,0,3,13,35,24,20
Arntl,8,2,8,3,5,7
Btbd10,34,18,52,54,55,22
Far1,91,53,109,132,111,82
Spon1,259,145,403,237,322,306
Rras2,6,4,17,15,19,21
Copb1,59,30,88,92,86,81
Psma1,75,33,103,110,90,91
4933406I18Rik,1,2,4,1,1,5
Pde3b,15,10,30,23,31,13
Cyp2r1,0,0,0,0,0,1
Calca,1,0,0,0,0,0
Insc,4,1,3,34,10,3
Sox6,259,179,327,334,337,265
Sox6os,1,0,3,2,1,4
1110004F10Rik,129,81,187,167,180,182
Gm4353,1,0,2,0,0,0
Plekha7,5,1,5,9,4,5
Rps13,319,249,487,468,440,377
RP23-335G1.1,3,5,4,6,3,3
Pik3c2a,35,28,53,55,53,23
Nucb2,4,8,10,7,8,8
RP24-143K11.1,0,1,0,0,0,0
RP24-143K11.2,1,0,0,0,1,0
Xylt1,540,317,806,494,527,558
Rps15a,372,261,473,424,442,506
Arl6ip1,336,201,501,346,376,394
Smg1,59,22,53,56,43,32
Syt17,2,1,4,3,6,3
Itpripl2,4,2,5,4,2,2
Coq7,63,34,69,65,52,41
Tmc7,6,3,8,13,11,2
RP24-185P7.1,3,0,3,1,2,0
Gde1,115,60,140,412,170,115
Ccp110,26,10,27,102,35,7
9030624J02Rik,34,26,69,57,65,51
Knop1,30,20,54,60,53,42
Iqck,5,0,0,1,4,4
RP23-446E13.1,1,0,3,4,1,2
Gprc5b,65,36,82,100,67,46
Gpr139,2,0,0,0,0,1
Gp2,0,0,0,1,0,0
Pdilt,0,0,0,1,0,0
Thumpd1,15,7,16,40,20,16
Eri2,9,8,9,11,16,6
2610020H08Rik,5,3,2,5,1,1
Dcun1d3,11,8,21,30,26,8
Lyrm1,6,5,11,7,6,8
Tmem159,8,6,20,34,22,4
Crym,0,0,0,3,0,0
Uqcrc2,111,63,170,126,162,142
9030407P20Rik,1,1,2,3,2,0
BC030336,61,24,76,59,60,48
Vwa3a,0,0,0,0,1,0
Eef2k,25,17,28,33,44,36
Polr3e,80,25,45,63,64,27
Cdr2,13,2,13,3,0,9
4933427G17Rik,0,0,1,0,0,0
Mettl9,123,67,165,146,135,136
Igsf6,1,1,0,2,2,2
Usp31,24,18,36,22,23,14
Cog7,28,15,32,23,43,33
Gga2,25,14,17,20,23,19
Ears2,7,6,12,9,9,8
Ubfd1,42,17,45,49,37,36
Ndufab1,139,95,196,144,161,144
Palb2,3,0,0,2,3,2
Dctn5,33,21,31,33,42,39
Gm15489,1,0,0,0,0,0
Plk1,0,0,0,0,1,0
Prkcb,121,62,154,97,105,115
Rbbp6,101,77,156,172,161,135
Tnrc6a,116,78,181,143,164,105
Slc5a11,2,0,2,1,1,1
Arhgap17,50,32,75,70,67,42
Lcmt1,33,27,41,62,65,47
Zkscan2,22,11,19,28,18,14
Kdm8,3,0,4,7,4,2
Nsmce1,34,22,52,42,52,46
Il4ra,5,16,4,12,11,6
Il21r,1,3,0,9,1,5
Gtf3c1,63,32,57,73,49,34
D430042O09Rik,35,15,34,34,47,32
Gsg1l,22,11,29,10,12,20
Xpo6,45,31,59,63,66,45
Sbk1,45,30,83,39,58,41
Lat,0,0,0,0,1,0
Spns1,57,31,79,54,83,76
Nfatc2ip,10,5,8,9,8,8
Cd19,0,0,1,0,0,0
Rabep2,7,8,13,12,14,11
Atp2a1,0,0,0,0,0,1
Sh2b1,24,20,28,39,32,32
Tufm,29,11,31,20,25,22
Atxn2l,97,60,103,99,99,54
Eif3c,132,77,167,146,164,166
Cln3,32,23,52,58,68,44
Apobr,1,1,0,0,7,2
Il27,0,0,1,0,0,0
Nupr1,1,5,3,6,6,2
2510046G10Rik,4,3,2,3,1,3
Sgf29,16,6,26,18,18,21
Sult1a1,1,5,0,4,1,5
Slx1b,23,16,32,30,44,34
Bola2,99,55,110,79,103,91
Coro1a,6,27,16,45,25,12
Mapk3,22,20,44,157,80,41
Gdpd3,0,0,0,1,0,3
Ypel3,116,70,154,169,181,160
Tbx6,0,0,2,2,0,0
Ppp4c,43,13,67,57,58,49
Aldoa,253,186,373,278,322,275
Fam57b,21,14,25,17,26,27
Doc2a,0,0,1,0,1,0
Ino80e,22,16,40,31,40,34
Hirip3,12,5,11,8,9,12
Taok2,26,21,43,38,43,31
Tmem219,24,16,29,40,34,33
Kctd13,39,13,38,185,43,32
Asphd1,0,0,2,1,0,1
Sez6l2,47,17,52,78,57,41
D830044I16Rik,0,0,2,2,1,0
Cdipt,54,33,75,59,72,42
Mvp,3,3,7,13,2,5
Pagr1a,1,0,3,1,0,1
Gm42742,1,0,0,0,1,0
Prrt2,0,0,1,0,1,0
Maz,69,40,91,62,86,70
Kif22,6,1,12,4,3,8
AI467606,0,1,0,0,1,0
Cd2bp2,23,14,30,42,28,32
Tbc1d10b,25,16,48,43,46,30
Mylpf,1,1,2,1,1,1
Sept1,12,13,16,14,25,13
Zfp553,14,6,16,27,35,21
Zfp771,26,24,61,56,49,46
Dctpp1,19,19,33,23,25,24
Sephs2,20,9,33,20,24,19
Itgal,0,0,0,1,1,0
Zfp768,14,14,15,19,19,25
Zfp747,0,2,2,6,5,5
9130019O22Rik,3,0,4,5,5,4
E430018J23Rik,1,4,2,2,0,5
Zfp764,1,4,0,2,5,1
Zfp688,11,5,21,15,15,15
RP23-4H17.3,1,1,9,1,6,4
Zfp689,4,3,9,9,8,6
Prr14,30,14,25,48,29,27
Fbrs,15,7,30,39,22,25
1700008J07Rik,2,2,4,3,4,8
Srcap,13,9,33,24,25,11
Gm42715,5,3,5,4,3,5
Phkg2,23,12,24,37,43,33
Ccdc189,4,1,2,1,3,1
Rnf40,12,6,24,21,14,15
RP24-159C12.10,1,0,2,1,2,1
Zfp629,17,6,17,11,18,12
Bcl7c,44,33,71,46,72,74
Ctf1,3,1,5,10,0,2
Fbxl19,17,9,28,15,29,12
Orai3,21,3,13,18,16,17
Setd1a,11,8,17,12,13,7
Hsd3b7,0,1,2,0,0,0
Stx1b,29,17,45,31,52,34
Stx4a,37,25,67,64,73,44
Zfp668,1,9,11,10,20,11
Zfp646,13,3,22,12,25,11
Prss53,0,0,1,2,0,0
Vkorc1,39,32,70,75,63,70
Bckdk,20,19,31,39,43,20
Kat8,15,8,26,30,21,16
Prss8,0,0,0,1,0,0
Prss36,3,6,10,7,3,9
Fus,237,158,326,336,318,279
Gm26690,2,0,0,1,0,0
Pycard,5,10,7,18,11,15
Trim72,0,0,0,0,1,0
Itgam,4,8,5,17,18,7
Itgam-1,1,0,0,2,0,1
Itgax,0,0,1,0,0,1
Itgad,1,0,1,18,5,0
Cox6a2,0,0,0,1,0,0
9130023H24Rik,5,5,10,3,7,8
Armc5,13,10,17,17,16,17
Tgfb1i1,16,5,20,17,22,18
BC017158,9,7,14,10,8,7
Rgs10,17,57,21,72,42,21
Tial1,81,59,121,108,98,74
Bag3,12,9,23,15,12,16
RP24-143L4.3,1,0,1,0,1,0
Inpp5f,42,25,63,54,63,41
Mcmbp,53,38,82,70,76,49
Sec23ip,30,16,30,25,34,24
Plpp4,92,54,131,51,79,149
RP23-223O9.2,7,3,29,9,16,18
Wdr11,16,12,24,28,26,20
Fgfr2,18,1,13,94,34,0
Ate1,59,30,75,84,82,65
RP23-182F18.2,0,1,2,0,0,1
Nsmce4a,34,23,58,61,51,41
Tacc2,76,62,132,67,110,111
Etos1,0,0,1,0,0,0
Btbd16,1,0,1,11,10,0
Gm5602,0,0,0,1,0,1
Plekha1,36,23,55,267,126,39
Htra1,126,164,203,112,134,217
1700007K09Rik,0,0,1,0,0,0
2310057M21Rik,9,8,20,19,20,10
Pstk,26,21,39,45,44,34
RP23-78N8.4,2,1,2,5,4,0
Ikzf5,49,35,61,55,66,35
Acadsb,41,36,75,53,73,52
Bub3,53,39,90,119,99,79
Gpr26,4,2,7,5,5,2
Cpxm2,4,0,5,2,7,3
Gm15677,0,0,0,1,0,0
Chst15,16,16,29,34,36,17
Oat,36,23,67,54,60,73
Lhpp,9,6,11,9,5,5
Gm15582,0,0,0,0,2,0
Fam53b,14,4,25,54,30,27
Mettl10,14,10,18,28,13,26
Fam175b,13,9,20,24,13,26
1500002F19Rik,1,0,0,0,0,0
Zranb1,72,42,79,106,96,72
Ctbp2,24,13,35,22,18,26
Edrf1,12,6,11,15,6,10
Uros,12,3,12,5,11,12
Bccip,40,21,44,51,43,29
Dhx32,3,8,10,15,20,8
Adam12,31,14,54,29,22,32
D7Ertd443e,5,0,4,12,3,1
RP23-44H21.1,3,0,2,7,1,0
Dock1,69,45,91,67,83,57
Fam196a,1,1,4,0,1,2
Nps,0,1,0,0,1,0
Ptpre,99,64,266,209,280,225
5830432E09Rik,1,0,1,3,2,0
Mki67,0,1,2,0,1,1
Mgmt,5,1,3,3,5,4
Ebf3,0,2,1,1,1,0
9430038I01Rik,16,3,12,15,8,9
Glrx3,68,57,83,101,82,93
Tcerg1l,5,3,5,2,5,9
Mapk1ip1,20,12,26,33,22,14
Ppp2r2d,29,22,58,55,45,37
Bnip3,21,11,26,48,26,21
Jakmip3,1,2,1,13,5,0
Dpysl4,23,8,39,33,38,20
Stk32c,2,3,8,7,15,8
Lrrc27,1,1,2,0,0,2
Pwwp2b,0,0,7,4,4,3
Inpp5a,1,7,9,9,15,6
Nkx6-2,17,4,27,180,55,15
Cfap46,2,3,1,2,0,1
Adgra1,30,25,57,27,30,41
Kndc1,20,2,10,124,44,7
6430531B16Rik,0,0,1,1,1,0
Adam8,2,2,3,1,3,2
Tubgcp2,17,20,20,23,23,14
Zfp511,15,18,36,20,28,32
Caly,119,57,134,68,97,147
Fuom,22,9,40,19,32,29
Echs1,59,31,66,78,71,82
Paox,2,1,3,1,6,1
Mtg1,11,7,17,16,10,15
Sprn,40,22,41,26,34,27
Cyp2e1,0,1,0,1,0,0
Zfp941,9,6,8,12,15,12
Bet1l,32,22,50,47,50,46
Ric8,36,16,38,59,32,26
Sirt3,11,7,17,14,26,13
Psmd13,61,32,78,84,90,78
Cox8b,4,0,0,0,1,5
Nlrp6,1,0,0,0,0,0
Athl1,8,10,2,4,5,12
Ifitm2,1,2,1,2,2,4
Ifitm1,0,0,0,0,0,1
Ifitm3,1,4,0,1,0,15
B4galnt4,4,4,7,1,1,3
Ptdss2,45,20,54,58,48,41
Rnh1,26,18,35,43,44,27
Hras,42,30,64,72,65,52
Lrrc56,2,1,3,2,1,1
Phrf1,20,12,38,27,31,26
Irf7,0,1,0,2,0,5
Deaf1,17,16,36,26,36,34
Tmem80,60,27,71,46,60,48
Eps8l2,0,1,1,0,0,2
Taldo1,150,93,219,576,291,240
Pddc1,28,20,46,30,44,36
Cend1,30,11,25,40,28,26
Slc25a22,12,6,23,11,12,5
Pidd1,2,0,1,1,0,0
Rplp2,309,211,478,415,493,420
Pnpla2,11,10,17,17,19,16
Cracr2b,3,1,1,1,0,0
Cd151,26,23,45,25,32,36
Polr2l,49,19,65,30,78,42
Tspan4,11,12,7,17,14,18
Chid1,20,24,35,29,27,23
Ap2a2,72,45,108,78,102,94
Gm16982,1,0,1,0,2,0
Tollip,30,20,54,39,47,44
Brsk2,30,13,31,19,33,14
Mob2,16,11,30,28,29,26
Dusp8,61,35,84,81,70,86
Ifitm10,45,41,88,51,73,82
Ctsd,205,278,275,475,402,321
Tnni2,1,0,0,2,0,0
Lsp1,1,1,0,6,4,2
Mrpl23,80,37,116,77,96,109
Igf2,2,0,0,0,0,0
Ins2,1,0,1,0,0,0
Ascl2,0,0,1,0,2,0
Tspan32os,0,0,1,0,2,1
Tspan32,4,4,8,3,10,13
Cd81,1345,913,1942,3264,2096,2330
Tssc4,50,24,60,86,58,53
Kcnq1ot1,419,185,488,493,442,323
Cdkn1c,32,14,42,41,40,64
Nap1l4,105,57,132,124,128,99
Cars,18,17,35,40,29,43
Tnfrsf26,0,0,1,0,0,0
Tnfrsf22,3,1,0,2,2,0
Tnfrsf23,0,0,0,1,0,0
Osbpl5,16,6,19,8,15,7
Mrgpre,13,10,22,11,16,10
Nadsyn1,5,3,4,4,4,1
Dhcr7,22,15,47,32,32,30
Shank2,6,4,16,12,13,12
Cttn,38,13,47,38,54,28
Ppfia1,24,17,26,37,29,29
Fadd,8,3,6,6,4,5
Ano1,1,1,2,0,1,1
Gm26793,0,0,0,0,1,1
Oraov1,30,12,30,31,44,22
Ccnd1,662,516,1120,845,937,776
Tpcn2,4,1,3,3,6,0
Ppp1r14c,51,45,79,50,80,94
Plekhg1,12,5,23,55,29,14
Mthfd1l,12,3,14,12,21,8
Akap12,31,8,34,30,42,21
Zbtb2,10,5,5,16,5,5
Gm21781,10,3,6,12,7,9
Rmnd1,24,16,19,17,20,19
Armt1,13,10,20,18,15,11
Esr1,0,1,1,1,2,0
Syne1,61,45,98,75,70,60
Gm10097,0,0,0,2,1,0
Myct1,0,0,0,1,0,0
Fbxo5,6,1,6,12,2,2
Mtrf1l,6,8,17,17,11,12
Rgs17,43,24,48,37,51,41
Ipcef1,0,0,2,1,0,0
Cnksr3,5,15,25,31,48,36
Lrp11,25,11,39,16,16,31
Pcmt1,61,39,118,89,96,77
Nup43,6,2,8,2,7,7
Lats1,35,25,33,27,35,32
Katna1,12,8,13,29,26,10
Ginm1,36,15,45,45,50,40
B430219N15Rik,1,0,0,1,0,0
Ppil4,33,24,57,46,75,43
Zc3h12d,0,0,0,0,0,1
Tab2,44,24,65,73,77,45
Ust,28,23,61,88,60,56
Sash1,140,89,242,114,215,141
Gm26674,0,0,1,0,0,0
Gm9930,1,2,1,2,2,2
Samd5,3,3,5,3,3,1
Stxbp5,20,22,24,29,36,17
Adgb,0,2,2,4,0,3
Rab32,3,4,6,7,6,4
Shprh,50,26,72,79,66,42
4930432B10Rik,0,1,0,0,1,0
Fbxo30,19,9,18,16,24,10
Epm2a,8,1,5,10,11,3
Gm9797,0,0,1,0,0,0
Utrn,10,13,39,17,24,14
B230208H11Rik,1,0,2,2,5,0
Stx11,0,1,0,0,0,0
Sf3b5,67,58,124,96,99,93
Plagl1,7,6,6,9,5,1
Ltv1,6,7,16,15,16,19
Phactr2,9,17,19,16,18,10
Fuca2,51,16,60,29,41,42
Pex3,48,28,54,39,75,46
Adat2,1,2,4,5,5,8
Aig1,62,42,99,109,72,92
Hivep2,27,13,36,26,22,28
Vta1,40,29,55,75,62,50
Nmbr,1,0,0,0,1,0
Cited2,41,8,36,80,58,32
Heca,5,4,9,16,10,5
Abracl,19,15,40,24,25,18
Reps1,38,26,44,46,40,36
Ccdc28a,11,4,16,9,10,8
Gm10827,4,2,5,1,6,4
Nhsl1,43,28,65,39,58,35
Hebp2,8,2,10,9,7,10
Arfgef3,18,5,29,15,23,21
Perp,0,0,3,1,0,4
Tnfaip3,15,7,11,25,22,1
Ifngr1,33,30,43,60,40,40
Pex7,27,22,43,37,46,45
Map3k5,17,7,11,13,12,9
Map7,32,25,45,126,76,35
4933406P04Rik,1,0,1,0,0,1
Bclaf1,101,63,119,148,168,122
Pde7b,25,6,23,13,13,25
Ahi1,97,61,172,81,114,103
Myb,0,0,2,3,2,0
Gm26577,4,0,0,0,0,0
Hbs1l,24,12,39,35,39,28
Sgk1,167,92,173,279,327,169
E030030I06Rik,0,0,0,1,0,0
Gm26740,0,0,0,1,1,2
Slc2a12,13,7,13,11,9,23
Tbpl1,26,10,35,40,34,21
Eya4,2,0,3,4,1,1
Rps12,288,213,410,422,472,405
Slc18b1,15,16,27,22,16,18
Stx7,83,49,93,123,101,119
Moxd1,0,0,2,2,0,1
Ctgf,0,0,1,0,2,0
Enpp1,0,0,1,2,5,2
Enpp3,1,0,1,0,0,0
Med23,19,13,21,18,23,15
Akap7,40,22,61,36,72,42
Epb41l2,57,38,88,178,147,94
Tmem200a,12,3,17,10,7,8
L3mbtl3,12,3,10,11,7,11
Arhgap18,2,0,3,0,0,0
Lama2,0,0,1,3,0,0
Ptprk,31,13,45,32,38,41
2310057J18Rik,0,0,0,0,0,1
Gm9996,2,1,3,2,3,2
Soga3,79,49,135,94,89,88
9330159F19Rik,73,84,121,66,101,86
Echdc1,16,15,24,32,32,22
Rnf146,57,39,72,64,61,44
Rspo3,0,1,0,0,0,0
Cenpw,0,1,2,1,5,3
Trmt11,7,9,8,11,9,7
Hint3,17,7,23,19,15,16
Ncoa7,25,12,33,34,39,27
Hey2,20,14,31,17,16,26
Hddc2,22,10,43,28,32,20
Tpd52l1,16,11,22,9,22,27
Rnf217,30,19,31,28,30,18
Nkain2,4,3,3,24,9,0
Trdn,0,0,0,0,1,0
Clvs2,11,8,25,5,7,4
Rsph4a,0,0,1,0,0,0
Zufsp,11,5,15,11,19,10
Rwdd1,64,54,126,99,99,102
Fam26e,4,3,8,1,4,4
Fam26f,0,0,0,0,0,1
Dse,13,3,13,8,15,5
Tspyl1,103,38,129,100,120,94
Nt5dc1,4,4,2,9,2,3
Gm26564,12,4,12,11,14,16
Tspyl4,143,71,207,110,164,140
Col10a1,0,0,0,1,0,0
Hs3st5,0,0,1,0,0,0
Hdac2,60,37,90,78,88,68
Marcks,1931,1428,2985,1702,2502,2376
Lama4,16,12,38,15,28,23
Fam229b,17,6,23,25,25,24
Tube1,1,0,2,1,2,2
Wisp3,0,0,1,1,1,2
Fyn,315,168,472,675,677,441
Gm16364,0,0,0,0,1,0
Gm16365,0,0,1,1,0,0
Traf3ip2,3,2,5,5,6,5
Rev3l,124,71,189,150,212,107
Gm26824,1,1,0,0,0,0
AA474331,2,0,0,4,2,1
Slc16a10,0,1,1,1,0,0
Rpf2,20,14,20,24,36,21
Gtf3c6,29,32,49,40,50,46
Amd1,60,40,111,120,171,63
Cdk19os,0,0,0,0,1,0
Cdk19,28,31,34,75,75,26
Ddo,2,1,1,0,0,0
Mettl24,0,0,3,0,1,0
Cdc40,36,19,38,51,28,44
Wasf1,46,33,80,104,88,84
Fig4,24,19,29,16,26,18
Zbtb24,9,8,15,16,19,16
Mical1,8,5,16,22,23,14
Smpd2,28,23,57,54,43,43
Ppil6,0,1,0,0,1,0
Cd164,60,48,86,70,101,60
Ccdc162,0,0,0,0,0,1
Gm17196,0,0,0,0,1,0
Gm29096,0,0,0,0,1,0
Cep57l1,14,4,19,21,19,12
Sesn1,22,14,35,22,36,32
Armc2,4,1,2,1,3,1
Foxo3,26,19,45,42,38,28
Lace1,8,9,27,9,22,14
Snx3,236,150,350,266,253,262
Nr2e1,11,8,23,9,9,17
Ostm1,35,18,52,56,42,39
Gm15200,0,0,0,1,0,0
Sec63,56,40,72,82,77,69
Gm26860,0,0,0,1,0,0
Sobp,38,35,82,53,61,63
9030612E09Rik,5,2,3,3,1,3
Pdss2,12,14,13,15,15,16
Bend3,2,1,6,4,1,1
Gm9803,0,0,1,1,2,1
1700021F05Rik,13,5,31,17,21,24
Cd24a,1,2,6,2,3,1
Qrsl1,4,8,14,14,17,7
Rtn4ip1,6,4,8,6,2,1
Atg5,20,14,33,42,31,37
Prdm1,1,0,0,7,1,2
Prep,9,6,10,16,8,4
Bves,5,0,10,2,6,4
Hace1,21,12,18,35,29,19
Grik2,36,21,56,64,62,34
Gm26543,0,2,4,8,4,4
Ascc3,17,14,33,27,21,23
Lilr4b,1,0,0,1,0,0
Lilrb4a,1,0,0,0,0,0
Dcbld1,15,3,20,11,21,13
Gopc,27,13,44,31,29,19
Nus1,47,25,61,48,52,39
Slc35f1,228,160,322,159,246,211
Cep85l,5,2,4,7,6,2
Pln,0,1,1,0,0,0
Mcm9,9,3,11,15,7,11
Asf1a,40,17,60,62,54,45
Fam184a,31,17,41,35,24,23
Man1a,10,8,1,84,14,6
Tbc1d32,12,5,20,13,17,9
Msl3l2,19,12,22,19,21,38
Gja1,3,19,24,2,6,3
Hsf2,32,11,36,24,44,30
Serinc1,328,195,461,495,409,365
Pkib,2,2,0,2,3,2
Fabp7,573,237,779,188,173,476
Smpdl3a,29,16,50,16,31,32
Gcc2,42,21,53,54,53,34
Lims1,92,52,104,100,87,78
Ranbp2,23,16,43,46,31,28
Ccdc138,2,3,5,3,0,1
Edar,0,0,0,0,0,1
Sh3rf3,6,4,12,6,9,8
Sept10,41,12,30,20,27,18
Sowahc,47,41,54,56,54,36
P4ha1,65,44,102,56,60,84
Gm10273,1,3,2,3,1,0
Mcu,37,16,49,30,37,20
Micu1,42,17,52,53,58,41
Dnajb12,28,16,43,46,38,32
Ddit4,36,17,36,66,44,39
Anapc16,76,46,97,106,79,103
Ascc1,12,6,17,16,9,14
Spock2,126,89,165,94,134,112
Chst3,21,14,43,35,36,22
Psap,476,417,684,691,707,1140
Cdh23,0,0,0,2,1,0
Vsir,15,13,24,27,30,17
Slc29a3,17,6,19,34,17,11
Unc5b,9,2,4,63,23,7
Gm26947,0,0,0,1,0,0
Pcbd1,15,4,16,15,15,12
Sgpl1,88,50,143,78,98,87
Pald1,0,5,2,16,6,3
Nodal,0,0,0,1,0,0
Eif4ebp2,16,12,26,22,23,21
D830039M14Rik,0,0,0,1,0,0
Lrrc20,5,2,9,4,3,3
Ppa1,32,24,67,40,37,46
Sar1a,43,36,70,74,64,64
Tysnd1,13,7,19,22,16,26
Aifm2,5,2,2,3,4,2
H2afy2,48,40,75,46,51,68
2010107G23Rik,11,7,20,11,13,17
Tspan15,55,18,48,277,98,33
Hk1,31,15,50,28,48,34
Hk1os,1,0,2,0,2,2
Supv3l1,9,7,16,10,11,13
Vps26a,33,18,57,55,43,40
Srgn,8,20,13,43,23,7
Kif1bp,83,43,79,142,124,102
4933428P19Rik,0,0,0,0,0,2
Ddx21,37,22,25,51,66,40
Ddx50,26,20,40,36,50,28
Stox1,2,1,1,4,1,0
Ccar1,58,50,77,71,71,77
Tet1,25,20,52,40,41,32
Slc25a16,11,11,35,20,27,11
Dna2,3,0,4,3,4,0
Rufy2,31,18,37,61,38,40
Hnrnph3,69,64,103,82,111,90
Pbld2,2,0,1,3,5,4
Herc4,15,11,20,15,19,7
Gm26789,1,0,0,3,1,0
Sirt1,19,15,17,18,17,17
Dnajc12,21,17,25,23,35,27
Ctnna3,2,1,3,3,1,1
Gm10118,13,3,4,3,3,3
Lrrtm3,179,125,277,200,259,238
1110002J07Rik,1,2,0,0,1,0
Gm26576,0,0,1,0,0,0
Reep3,117,63,150,254,158,88
Jmjd1c,122,80,149,161,154,120
Nrbf2,8,16,22,33,31,10
Egr2,4,2,6,19,5,2
Ado,45,31,69,138,116,64
Zfp365,56,32,85,110,93,69
Rtkn2,7,1,4,6,4,0
Arid5b,9,4,13,24,24,15
1700040L02Rik,0,0,1,0,0,1
Rhobtb1,3,0,3,4,4,1
A930033H14Rik,1,1,0,2,3,2
Cdk1,0,0,1,1,0,0
Ank3,194,114,271,643,367,196
Ccdc6,19,12,34,23,31,22
Slc16a9,2,3,3,1,1,2
Fam13c,19,7,38,58,69,56
Phyhipl,176,79,215,467,301,253
Bicc1,13,4,7,26,24,11
Tfam,24,15,37,33,43,35
Ube2d1,47,31,59,105,48,57
Cisd1,96,54,152,246,137,128
Ipmk,21,10,23,26,28,15
Gm9923,1,0,0,0,0,0
Zwint,77,51,125,94,117,95
Pcdh15,414,218,538,354,439,379
Gnaz,21,11,24,13,21,26
Rab36,6,5,17,6,19,8
Bcr,20,14,23,15,20,12
Specc1l,14,13,26,20,18,12
Gucd1,7,4,9,16,11,9
Snrpd3,81,51,119,105,139,114
Lrrc75b,11,13,20,7,10,11
Ggt1,0,0,1,0,2,0
Ggt5,0,0,1,4,0,0
Cabin1,25,23,28,16,40,19
Ddt,44,30,79,60,55,61
Gstt3,0,0,0,0,1,1
Gstt1,27,11,62,11,41,46
Gstt2,0,1,2,2,0,0
Mif,264,173,393,286,443,282
Derl3,6,3,2,5,2,7
Smarcb1,83,46,123,115,132,134
Mmp11,8,1,7,4,5,5
Chchd10,25,39,32,22,18,49
Vpreb3,0,0,0,0,0,1
Zfp280b,2,4,7,14,4,5
Gm16222,0,7,0,1,0,0
Prmt2,62,23,81,37,58,67
S100b,483,298,742,434,658,611
Dip2a,32,26,39,102,55,27
Pcnt,18,16,27,15,23,21
Ybey,7,3,6,9,9,5
Mcm3ap,15,7,18,16,19,12
Lss,13,5,26,29,19,5
Col6a2,0,0,0,1,1,0
Col6a1,0,0,0,0,1,0
Pcbp3,12,13,26,15,16,25
Slc19a1,24,11,12,15,12,7
Col18a1,21,12,27,12,17,13
Gm10941,3,0,2,0,2,2
Pofut2,42,18,38,33,39,29
Adarb1,15,8,29,22,19,18
Fam207a,17,16,18,20,16,25
2810425M01Rik,0,0,1,0,0,0
Itgb2,3,4,3,14,11,5
Pttg1ip,60,49,94,87,81,77
Sumo3,49,25,47,67,65,35
Ube2g2,14,5,15,13,12,23
Tspear,0,0,0,1,0,0
Lrrc3,1,0,2,7,5,5
Trpm2,1,1,4,2,2,0
1810043G02Rik,8,8,11,8,14,7
Pfkl,22,20,23,17,18,31
Aire,0,0,0,0,1,0
Icosl,2,2,1,5,1,0
D10Jhu81e,17,14,21,32,42,31
Pwp2,5,3,9,6,3,3
Trappc10,44,24,54,57,47,31
Agpat3,91,53,150,108,113,98
Gm10146,1,0,4,0,1,1
Rrp1,77,58,114,115,114,110
Cstb,34,20,46,88,73,51
Pdxk,24,14,32,57,46,34
Ilvbl,24,8,36,40,35,35
Syde1,10,6,12,20,15,12
Slc1a6,9,9,19,5,14,19
2610008E11Rik,26,23,52,32,39,29
Plpp2,14,1,10,53,24,10
Mier2,16,10,10,15,8,17
C2cd4c,6,4,10,9,9,5
Shc2,20,18,39,19,16,24
Odf3l2,2,1,6,3,3,9
Tpgs1,39,28,65,52,65,40
Cdc34,12,10,21,26,19,15
Gzmm,3,2,2,2,1,1
Bsg,329,189,519,280,353,470
Hcn2,13,6,15,16,15,21
Polrmt,14,8,18,8,13,14
Rnf126,30,14,26,35,31,34
Palm,14,11,27,20,26,15
Ptbp1,35,19,32,55,46,33
Plppr3,0,0,3,1,0,0
Prtn3,0,1,0,0,0,0
Med16,10,10,14,21,12,16
R3hdm4,50,27,70,65,74,79
Kiss1r,0,0,0,1,0,1
Arid3a,1,2,0,1,1,1
Wdr18,17,14,35,32,41,26
Grin3b,1,0,1,1,2,0
Tmem259,77,54,140,113,103,87
Cnn2,28,9,29,35,29,21
Abca7,15,4,14,15,19,11
Hmha1,4,4,2,10,4,4
Polr2e,52,49,101,75,74,73
Gpx4,171,113,235,417,244,255
Sbno2,0,1,1,2,0,0
Stk11,38,12,54,51,41,32
Cbarp,54,21,65,55,79,54
Atp5d,138,89,214,236,171,202
Midn,174,103,265,215,280,269
Cirbp,65,25,109,129,162,71
1600002K03Rik,6,4,14,10,3,12
Efna2,27,13,40,34,35,30
Mum1,25,16,28,28,25,25
Ndufs7,122,86,189,149,158,148
Gamt,44,8,29,365,65,26
Dazap1,51,29,68,111,64,53
Rps15,308,194,369,357,449,367
Apc2,105,39,117,78,100,76
2310011J03Rik,16,19,27,48,41,25
Pcsk4,2,0,3,1,3,1
Reep6,4,2,9,2,7,3
Plk5,6,16,14,3,7,27
Mex3d,19,11,20,39,34,25
Mbd3,59,41,85,101,87,87
Uqcr11,274,160,327,222,332,283
Tcf3,72,39,70,86,66,78
Onecut3,0,2,0,0,0,0
Atp8b3,1,0,1,0,1,0
Rexo1,31,13,33,44,51,31
Klf16,7,1,11,3,7,6
Gm26710,1,0,7,1,8,0
Abhd17a,54,31,97,121,100,60
Adat3,0,0,1,0,2,0
Csnk1g2,25,15,34,37,29,31
Btbd2,27,31,43,27,31,36
Mknk2,14,8,19,39,28,16
Gm26541,1,0,3,1,0,0
Mob3a,13,4,13,6,11,10
Izumo4,26,16,22,37,22,31
Ap3d1,21,12,50,47,47,46
Dot1l,41,17,53,67,59,39
Plekhj1,34,29,79,73,73,84
Sf3a2,28,16,29,36,44,47
Jsrp1,0,0,1,0,0,0
Oaz1,264,187,375,509,393,410
Lingo3,41,21,60,30,37,41
Lsm7,45,21,63,31,54,61
Sppl2b,63,34,112,65,71,101
Timm13,106,88,167,160,152,125
Lmnb2,15,3,14,19,15,16
Gadd45b,6,2,17,31,11,3
Gng7,18,14,33,38,30,32
Diras1,5,0,4,16,5,2
Slc39a3,28,18,34,31,37,26
Sgta,78,41,101,76,90,92
Thop1,37,8,29,24,37,33
Creb3l3,6,1,8,2,1,4
Map2k2,79,50,109,104,87,115
Zbtb7a,57,30,99,87,106,87
Pias4,28,17,38,40,37,66
Eef2,196,112,259,300,274,328
Dapk3,24,17,44,38,37,33
Atcayos,2,1,1,3,3,0
Atcay,65,39,91,58,73,55
Zfr2,18,9,19,20,20,12
Matk,28,22,40,34,30,30
Mrpl54,42,18,51,65,62,48
Apba3,17,4,14,11,32,9
Tjp3,1,2,0,0,2,2
Pip5k1c,41,28,59,43,52,38
Cactin,8,6,22,17,12,7
Hmg20b,28,19,41,51,43,48
Mfsd12,13,9,13,12,14,7
4930404N11Rik,0,0,1,0,1,1
Fzr1,22,4,18,22,20,21
Dohh,30,14,41,48,51,37
Smim24,0,2,0,1,0,0
Nfic,51,47,94,106,111,82
Celf5,47,27,50,33,30,27
Gm16105,8,2,8,3,5,2
Ncln,45,31,70,60,60,41
Gna15,0,3,0,10,9,1
Gna11,74,36,115,120,100,104
Aes,176,85,236,292,178,221
Tle2,49,24,66,50,45,65
Tle6,6,4,15,7,15,15
BC025920,1,0,9,4,3,1
Sirt6,11,3,16,13,16,17
Ankrd24,12,4,27,22,28,16
Gm10778,0,0,0,1,1,0
Zfp433,11,2,11,20,20,11
Zfp873,3,3,2,5,5,0
AU041133,16,12,31,24,21,12
Gm15608,1,0,0,1,0,0
Zfp938,41,21,45,30,36,33
Gm4924,4,2,7,9,6,9
1190007I07Rik,16,11,29,13,24,9
Tdg,49,22,61,48,49,53
Hcfc2,18,9,34,30,35,26
Nfyb,22,17,53,37,42,42
Txnrd1,28,24,50,44,60,40
Chst11,169,117,341,139,165,181
1700025N21Rik,0,2,0,2,0,0
Slc41a2,15,17,26,13,20,16
D10Wsu102e,19,12,23,18,12,19
Aldh1l2,18,6,25,18,14,11
A230046K03Rik,34,31,48,54,72,42
Appl2,36,34,50,42,63,35
1500009L16Rik,15,7,14,11,13,8
Nuak1,7,10,5,13,12,10
Ckap4,32,28,36,42,56,50
Tcp11l2,35,13,36,61,60,46
Gm17249,2,0,1,0,1,2
Polr3b,9,8,16,10,8,8
Rfx4,35,6,40,23,36,30
Ric8b,17,12,30,16,14,13
Fhl4,2,0,2,1,0,0
Tmem263,37,39,75,56,69,48
Mterf2,2,4,14,10,15,11
Cry1,6,4,13,18,29,13
Btbd11,10,2,11,6,13,6
Pwp1,21,10,38,30,35,31
Prdm4,7,5,11,17,13,5
Ascl4,0,4,3,2,1,2
Rtcb,64,28,84,78,71,81
Bpifc,0,0,0,0,1,0
A230060F14Rik,0,0,1,0,1,0
Fbxo7,89,47,128,135,138,123
Syn3,11,10,14,16,22,8
Timp3,210,134,311,170,260,201
1810014B01Rik,9,2,3,4,0,0
Hsp90b1,435,268,646,509,389,765
Ttc41,2,2,4,1,1,4
Fabp3-ps1,2,0,6,1,3,1
Nt5dc3,10,13,20,11,29,12
Stab2,0,0,0,0,1,0
Ascl1,96,83,167,106,190,158
Parpbp,0,0,1,0,0,0
Nup37,4,7,6,9,7,5
Ccdc53,24,18,32,29,31,22
Dram1,3,4,8,3,6,6
Gnptab,38,25,66,58,54,23
Chpt1,261,174,326,213,285,258
Sycp3,1,0,0,0,1,0
Mybpc1,4,3,0,0,1,0
Spic,0,1,0,0,0,2
Arl1,87,67,146,132,119,94
Utp20,10,11,13,11,12,10
Slc5a8,0,0,2,2,0,0
Ano4,31,14,24,67,44,17
Slc17a8,0,1,0,0,0,0
Scyl2,16,9,19,20,18,16
1500026H17Rik,9,11,18,8,17,16
Actr6,19,13,29,35,22,24
Uhrf1bp1l,11,9,22,24,30,22
Anks1b,344,207,549,513,448,315
Apaf1,9,10,18,7,7,11
Ikbip,37,21,36,45,37,36
Slc25a3,216,144,310,331,316,275
Tmpo,65,46,101,79,88,60
Gm26765,1,0,1,0,0,0
Rmst,0,3,5,0,0,0
Gm26700,0,0,1,0,0,0
Nedd1,13,6,7,8,16,15
Cfap54,0,1,2,0,2,0
Cdk17,38,23,42,49,45,38
Elk3,11,6,16,18,28,12
Lta4h,23,7,26,18,25,20
Snrpf,141,98,188,126,227,126
4933408J17Rik,0,0,0,1,0,0
Ntn4,16,14,29,13,23,11
Metap2,115,79,175,152,186,165
Vezt,45,36,69,57,66,56
Fgd6,4,1,6,2,0,5
Nr2c1,19,11,25,26,23,18
Ndufa12,119,100,205,147,175,195
Tmcc3,82,61,114,146,122,115
Cep83os,3,5,13,5,7,6
Cep83,10,10,9,16,11,7
Plxnc1,26,14,37,20,19,19
Cradd,7,6,7,10,5,9
Mrpl42,82,48,95,63,62,91
Ube2n,93,75,136,145,106,141
Nudt4,56,23,52,215,59,25
Eea1,27,21,60,48,34,27
Btg1,100,62,175,177,223,118
Lum,0,0,1,0,0,0
Atp2b1,136,113,205,139,173,157
Poc1b,14,6,21,20,15,19
Galnt4,2,0,1,6,1,1
Phxr2,0,0,2,1,0,0
Dusp6,67,34,64,75,106,73
Kitl,0,0,1,0,2,0
Tmtc3,15,7,27,24,19,10
Cep290,9,5,10,25,22,7
4930430F08Rik,15,14,33,28,32,46
Mgat4c,1,0,5,1,1,5
Lrriq1,1,0,0,0,1,0
Slc6a15,9,5,6,9,17,10
Tmtc2,14,16,24,30,34,20
Mettl25,5,3,11,6,13,8
Ccdc59,70,47,97,101,88,85
C230021G24Rik,1,0,0,0,0,2
Ppfia2,14,14,27,28,39,20
Lin7a,29,5,30,20,23,13
Ptprq,1,0,0,0,0,0
Ppp1r12a,43,28,62,75,86,83
Pawr,1,1,1,1,0,2
Syt1,12,3,2,6,6,2
Nav3,80,48,117,91,86,91
Csrp2,8,2,2,4,4,4
Zdhhc17,57,39,87,73,67,45
Rpl6l,0,0,1,2,1,1
Osbpl8,20,31,46,34,41,22
Bbs10,2,2,8,2,4,3
Nap1l1,108,64,160,159,129,129
Phlda1,213,123,263,297,251,292
Gm28592,0,1,0,0,0,0
Krr1,18,13,28,29,22,17
Glipr1,1,0,1,2,0,0
Caps2,0,0,0,0,0,1
Kcnc2,11,1,12,6,11,5
Atxn7l3b,291,208,444,454,479,416
Trhde,0,1,0,2,0,0
Tbc1d15,27,16,37,50,38,23
Rab21,38,25,58,44,47,54
Tmem19,28,19,42,49,40,41
Thap2,22,16,43,32,43,38
Zfc3h1,18,22,41,39,27,24
Lgr5,8,3,9,5,5,5
A930009A15Rik,61,37,64,31,38,33
Tspan8,2,0,0,0,0,0
Ptprr,9,9,24,10,27,19
Ptprb,1,1,12,2,3,2
Kcnmb4,65,39,114,71,87,100
Kcnmb4os2,8,0,12,11,15,12
Cnot2,43,23,55,55,68,58
Rab3ip,13,15,27,28,20,37
Cct2,110,56,138,170,132,129
Frs2,15,6,17,16,18,8
Yeats4,32,26,37,33,48,23
Lyz2,7,32,4,31,13,7
Cpsf6,124,75,188,179,187,129
Cpm,8,2,6,34,21,6
Mdm2,43,20,44,112,64,35
Slc35e3,28,13,34,23,24,16
Nup107,2,2,11,4,10,5
Rap1b,52,35,72,76,70,71
Mdm1,10,2,9,2,3,4
Dyrk2,1,1,1,5,3,2
Cand1,34,31,59,39,40,38
Grip1,7,3,11,9,5,9
Grip1os1,1,0,0,0,0,0
Helb,3,5,11,5,8,4
Irak3,0,0,1,1,1,0
Tmbim4,89,69,118,147,111,104
Llph,37,20,47,70,50,42
Msrb3,26,22,33,14,31,11
Lemd3,21,20,29,34,33,28
Tbc1d30,4,4,14,11,3,4
Gns,70,38,71,61,60,61
Rassf3,4,1,7,6,10,2
Tbk1,20,11,27,27,27,17
Xpot,36,23,50,30,59,38
BC048403,0,2,6,5,6,1
Srgap1,85,82,117,83,112,121
Tmem5,55,29,65,77,71,39
Ppm1h,19,12,24,29,19,22
Mon2,50,30,55,76,60,43
Usp15,15,17,38,45,35,26
Fam19a2,28,16,45,17,43,26
Slc16a7,4,7,6,9,12,13
Lrig3,14,9,16,17,11,23
Xrcc6bp1,8,9,12,8,3,6
Ctdsp2,76,64,115,92,118,98
Avil,0,1,0,0,0,0
Tsfm,32,9,36,29,38,28
Mettl21b,2,0,0,0,0,0
Mettl1,17,4,26,27,24,16
March9,35,12,42,22,34,34
Cdk4,79,43,145,133,143,142
Tspan31,70,60,94,90,86,102
Agap2,25,23,42,29,25,28
Os9,136,89,186,169,167,230
B4galnt1,24,15,42,22,32,36
Arhgef25,15,25,33,17,31,23
Dtx3,71,50,123,71,98,57
F420014N23Rik,0,1,1,0,0,0
Pip4k2c,26,22,37,31,31,16
Kif5a,36,20,28,47,65,29
Dctn2,104,60,150,177,136,143
Mbd6,55,28,62,62,59,55
Ddit3,28,29,55,66,37,67
Mars,22,15,37,43,31,41
Arhgap9,0,0,0,3,1,0
Gli1,0,2,0,0,0,0
R3hdm2,46,44,90,65,87,50
Stac3,1,0,1,2,2,0
Ndufa4l2,0,0,0,0,1,0
Shmt2,12,6,25,23,26,18
Nxph4,0,3,0,0,0,0
Lrp1,570,323,854,457,669,543
Stat6,3,4,3,4,0,1
Nab2,5,3,8,9,13,7
Tmem194,4,2,4,3,8,4
Gm16230,0,0,0,1,0,0
Zbtb39,12,6,16,16,27,9
Gpr182,0,0,0,0,1,0
Rdh9,0,0,1,0,0,0
Prim1,9,10,18,11,14,6
Naca,320,196,522,444,386,399
Ptges3,160,96,207,206,160,141
Atp5b,326,193,447,455,448,425
Baz2a,38,21,35,55,44,28
Rbms2,1,7,17,9,16,3
Gls2,1,1,4,1,4,0
Spryd4,7,3,12,17,6,9
Gm26847,2,2,2,1,2,2
Timeless,3,0,4,3,4,3
Stat2,7,3,18,16,12,6
Il23a,3,0,0,1,0,2
Pan2,11,10,21,15,10,12
Cnpy2,116,86,163,149,139,147
Cs,54,27,73,34,56,56
Coq10a,9,10,25,28,27,27
Ankrd52,4,3,5,12,10,6
Nabp2,53,29,84,96,68,82
Rnf41,18,15,41,28,36,26
Smarcc2,90,57,137,109,126,96
Myl6,199,111,261,266,228,208
Myl6b,1,2,6,2,5,2
A430046D13Rik,5,10,7,4,19,9
Esyt1,6,2,5,4,6,1
Gm29585,0,0,0,1,0,0
Zc3h10,7,4,12,13,5,9
Rpl41,539,317,680,643,941,815
Pa2g4,46,39,97,78,60,77
Erbb3,58,46,92,133,91,49
Rps26,305,182,394,373,460,425
Ikzf4,9,15,21,18,18,18
Gm26876,1,0,0,0,1,0
Suox,11,6,20,12,11,9
Rab5b,45,39,73,66,73,60
Cdk2,5,5,10,7,18,11
Pmel,10,3,15,11,12,22
Dgka,11,9,9,14,18,9
Pym1,13,12,25,29,26,19
Tmem198b,22,11,33,20,21,23
Dnajc14,24,16,37,30,33,22
Ormdl2,33,15,22,45,19,41
Sarnp,64,46,120,91,108,103
Gdf11,29,28,71,42,47,42
Cd63,268,167,386,411,358,350
Rdh5,8,0,8,3,2,9
Bloc1s1,66,41,85,60,99,73
Itga7,0,1,0,0,0,0
Insr,46,24,51,72,73,26
Arhgef18,22,16,23,24,23,16
Pex11g,2,2,8,1,3,3
Zfp358,12,4,20,29,28,24
Mcoln1,15,7,16,14,19,12
Pnpla6,26,8,35,34,21,37
Camsap3,9,2,16,9,11,7
Xab2,24,11,35,33,34,23
Pet100,63,44,91,65,114,66
Stxbp2,2,0,2,8,5,0
Mcemp1,0,1,0,0,0,0
Fcor,23,6,8,22,26,11
RP23-316J6.4,1,0,3,1,4,3
RP23-316J6.5,0,1,0,0,0,0
Trappc5,36,28,64,67,61,56
Cd209a,0,0,0,1,0,0
Cd209c,1,1,1,0,1,0
4932443L11Rik,0,1,2,1,1,1
Evi5l,88,48,157,98,151,106
Prr36,29,17,42,23,26,40
Map2k7,37,21,52,50,62,37
Tgfbr3l,2,3,2,2,6,1
Snapc2,26,15,50,24,45,34
Ctxn1,102,69,137,72,101,101
Timm44,47,17,43,43,74,38
Elavl1,126,68,141,141,114,143
Ccl25,28,17,43,39,35,28
Cers4,121,72,165,109,127,118
Zfp958,10,1,3,11,10,9
Gm6410,0,0,1,0,0,0
Shcbp1,1,3,1,0,1,1
Efnb2,11,4,13,3,5,6
Arglu1,274,156,386,330,348,219
Fam155a,85,65,125,83,92,69
Lig4,9,7,4,11,17,8
Abhd13,20,8,33,22,28,16
Tnfsf13b,1,0,3,2,1,1
Myo16,11,9,27,19,16,11
3930402G23Rik,2,0,0,0,0,0
Irs2,66,45,82,102,98,69
9530052E02Rik,2,2,1,2,1,0
Gm15418,0,0,1,0,1,0
Col4a1,10,8,10,11,10,11
Col4a2,6,6,12,8,10,10
Rab20,7,3,5,7,13,9
E230013L22Rik,0,0,0,2,0,0
Carkd,75,54,121,100,95,120
Cars2,15,12,14,13,15,21
Ing1,36,25,47,49,45,39
Ankrd10,33,23,42,48,46,32
1700016D06Rik,0,0,0,0,1,0
Arhgef7,46,39,82,47,84,43
Sox1,10,20,12,10,13,16
Tubgcp3,20,12,30,30,32,15
Atp11a,31,16,45,50,42,31
Mcf2l,36,20,68,34,50,32
Gm15351,1,0,0,0,0,0
F10,0,1,0,0,1,1
Pcid2,17,6,25,19,17,16
Cul4a,28,13,41,32,47,22
Lamp1,365,211,510,774,599,514
Grtp1,19,11,27,16,23,22
2810030D12Rik,0,0,2,1,0,0
Dcun1d2,24,16,27,17,24,15
Tmco3,88,79,131,118,132,130
Tfdp1,2,1,1,1,2,1
Tmem255b,89,61,95,48,73,78
Gas6,29,39,63,38,43,44
Rasa3,94,61,130,72,102,93
4932443I19Rik,3,0,4,0,2,2
Cdc16,47,17,58,64,55,55
Upf3a,19,7,24,22,31,16
Champ1,17,19,39,29,26,23
Coprs,33,17,62,26,32,35
Fbxo25,38,18,49,39,45,25
Tdrp,8,6,4,3,8,5
Erich1,8,7,18,17,19,9
Gm10699,5,1,6,1,6,3
Dlgap2,0,1,0,0,0,1
Cln8,28,21,62,76,58,54
Arhgef10,29,22,49,90,49,40
Kbtbd11,59,37,114,35,65,81
Csmd1,154,93,167,121,158,123
Gm16347,1,0,0,0,0,0
Mcph1,5,8,7,9,12,6
Angpt2,6,2,7,4,5,4
Agpat5,153,147,259,140,182,177
Xkr5,2,1,3,2,1,3
Gm6483,47,24,79,82,78,53
Gm26853,10,17,16,36,24,13
Gm26804,2,1,2,1,3,0
Gm15319,2,2,4,5,4,0
Gm21092,121,65,159,213,203,84
Atp7b,9,9,6,8,14,4
Alg11,32,14,21,23,34,28
Nek5,0,0,0,1,1,1
Nek3,1,5,4,5,6,8
Ckap2,6,1,2,9,19,7
Vps36,45,22,70,69,84,55
Thsd1,0,2,1,3,2,1
Slc25a15,16,17,37,17,32,31
1810012K16Rik,0,0,0,0,1,0
Mrps31,11,13,26,25,26,16
Smim19,25,14,51,32,41,48
Slc20a2,21,12,32,42,29,20
Gm17491,4,8,8,29,8,6
Vdac3,122,61,141,151,135,150
Polb,43,18,42,53,51,35
Gm26909,9,8,25,19,19,1
Ikbkb,30,24,35,54,49,38
Plat,35,11,50,137,48,23
Ap3m2,8,10,21,19,14,17
1700041G16Rik,1,1,3,2,5,6
Kat6a,54,38,85,55,74,50
Ank1,17,10,24,13,18,18
Gm15816,0,0,1,1,0,0
Gpat4,41,32,84,57,68,59
Gins4,21,15,29,49,36,23
Golga7,103,50,130,275,168,107
Sfrp1,9,4,5,7,10,8
Zmat4,1,1,1,2,1,2
Gm26714,0,0,0,1,0,0
1810011O10Rik,6,1,1,1,2,2
Ido2,1,0,1,0,1,1
Adam18,1,4,9,1,6,1
Adam5,2,0,2,3,2,1
Adam32,1,0,0,3,2,1
Adam9,105,57,186,117,126,87
Tm2d2,105,64,151,189,145,117
Plekha2,47,23,47,48,59,47
Tacc1,16,14,41,34,30,25
Fgfr1,56,33,69,46,54,49
Letm2,9,11,14,10,12,8
Whsc1l1,79,41,108,100,85,64
Plpp5,21,9,25,13,26,12
Ddhd2,38,19,38,38,40,15
Gm17484,5,3,1,5,3,3
Bag4,38,20,32,33,24,20
Lsm1,38,27,53,60,53,58
Ash2l,28,26,36,54,43,43
Kcnu1,1,1,7,3,9,2
Hgsnat,16,8,25,22,28,21
Pomk,11,8,20,12,17,15
Fnta,54,40,95,116,93,83
Hook3,121,71,168,192,166,96
Rnf170,17,12,42,23,28,35
Thap1,5,3,14,8,11,7
Zfp703,8,6,20,14,17,11
Erlin2,45,26,42,41,46,30
Proscos,2,3,3,0,1,0
Prosc,37,27,56,73,67,43
Adgra2,2,0,1,2,6,1
Brf2,4,1,3,6,7,5
Rab11fip1,0,0,0,0,0,1
Got1l1,0,0,0,0,0,1
Adrb3,0,1,1,1,0,0
Eif4ebp1,11,3,7,6,13,6
Gm1698,0,0,1,0,0,0
Unc5d,2,0,1,1,1,0
Dusp26,76,38,87,126,101,101
Rnf122,35,18,75,106,89,41
Tti2,5,9,15,16,19,9
Mak16,12,9,29,37,29,20
Fut10,5,8,18,10,11,6
Gm5117,0,0,0,1,1,1
Nrg1,17,14,30,25,37,21
Wrn,12,3,13,14,18,17
Purg,29,19,33,38,34,17
5930422O12Rik,2,0,2,1,0,2
Tex15,3,1,1,2,2,0
Ppp2cb,108,63,144,146,126,107
Ubxn8,17,7,22,27,23,18
Gsr,27,10,26,34,35,38
1700104B16Rik,0,0,2,0,0,1
Gtf2e2,24,11,29,23,39,23
Smim18,1,0,1,0,1,0
Rbpms,0,1,0,2,2,1
Gm26632,0,2,0,0,1,0
Dctn6,35,23,62,59,65,56
Leprotl1,49,29,72,55,64,48
Saraf,136,101,206,301,225,150
Gm4889,0,0,1,0,0,0
Dusp4,1,0,3,5,3,5
Tnks,11,9,23,22,20,20
Ppp1r3b,0,0,0,0,2,3
Eri1,11,3,16,18,11,15
Mfhas1,14,12,31,25,37,28
RP24-134N2.1,0,0,2,0,0,0
D8Ertd82e,20,17,44,50,57,17
Lonrf1,9,9,20,22,26,15
6430573F11Rik,3,8,6,5,11,3
Dlc1,22,19,19,7,26,15
AI429214,0,2,2,3,1,2
Sgcz,19,13,28,13,22,11
Tusc3,43,34,58,48,64,68
Micu3,44,27,56,50,69,48
Zdhhc2,133,92,234,132,163,135
Cnot7,48,29,64,76,69,57
Vps37a,51,28,64,85,67,49
Mtmr7,7,4,13,6,16,9
Slc7a2,12,9,15,8,12,7
Pdgfrl,5,5,15,1,13,12
Mtus1,4,5,3,29,9,7
Pcm1,129,81,152,165,181,125
Asah1,55,46,98,89,85,97
Frg1,39,34,71,54,76,69
Fat1,34,22,66,65,64,38
Gm2366,0,1,0,1,0,0
Cyp4v3,1,5,4,3,1,2
Fam149a,24,8,21,14,24,20
Tlr3,2,2,5,5,3,3
Sorbs2,79,35,85,44,72,58
Pdlim3,0,0,0,0,2,0
1700029J07Rik,4,9,5,15,8,7
Ufsp2,31,17,48,49,49,41
Ankrd37,5,2,11,6,5,2
Lrp2bp,0,2,0,0,0,0
Snx25,46,33,68,44,78,59
Cfap97,26,13,29,24,29,30
Gm15634,2,0,2,2,0,1
Slc25a4,555,356,822,690,664,707
Acsl1,11,7,11,42,24,13
Cenpu,1,0,0,1,1,1
Primpol,3,0,6,4,7,1
Casp3,9,2,19,9,5,7
Irf2,44,25,59,55,81,58
Enpp6,24,21,70,181,131,103
Stox2,92,61,129,130,117,110
4930448N21Rik,0,0,0,1,1,0
Trappc11,22,21,30,33,28,21
Rwdd4a,30,14,38,38,34,20
Ing2,17,10,25,36,30,27
AA386476,2,1,2,3,3,4
Cdkn2aip,14,10,22,8,19,14
E030037K01Rik,0,0,0,1,1,0
Wwc2,43,20,59,42,56,44
Dctd,4,4,4,5,4,5
Tenm3,4,5,8,3,10,4
Aga,17,8,14,25,25,12
Vegfc,5,4,6,2,3,2
Spcs3,41,24,72,49,44,35
Asb5,1,1,1,0,4,1
5330439A09Rik,1,0,0,0,0,0
Wdr17,8,6,2,8,9,8
Gm15758,0,0,0,0,1,0
Gpm6a,500,362,746,372,515,493
Glra3,1,0,0,0,0,0
Hpgd,10,9,15,35,40,4
Cep44,23,20,32,39,32,22
Fbxo8,60,29,90,74,90,65
Scrg1,342,247,501,298,413,607
Sap30,58,35,64,31,68,41
2500002B13Rik,5,1,3,2,3,0
Hmgb2,49,32,78,52,69,35
Galnt7,36,17,36,21,33,19
Galntl6,0,0,1,1,2,0
Gm26905,0,0,0,0,1,0
BC030500,0,1,1,0,1,0
Aadat,1,0,0,1,0,0
Mfap3l,16,5,18,9,17,11
2700029M09Rik,41,18,63,58,72,52
Clcn3,167,107,221,241,219,122
B230317F23Rik,0,0,1,0,1,0
Nek1,6,11,21,12,14,13
Sh3rf1,25,19,46,37,36,21
Cbr4,3,3,14,10,14,15
Palld,7,1,5,5,6,3
Ddx60,2,2,0,2,4,10
Spock3,6,1,6,29,7,1
Cpe,382,289,571,282,456,501
Msmo1,63,37,113,135,95,51
Klhl2,31,12,22,175,68,21
Tmem192,6,4,17,18,11,18
March1,87,49,116,84,105,96
Gm15354,0,0,1,0,0,0
Gm15356,0,0,1,0,0,0
Tma16,7,11,21,38,25,15
Naf1,35,16,42,29,45,41
Nat1,0,0,0,1,0,0
Nat2,0,0,2,3,1,3
Psd3,50,27,67,103,57,29
Gm21807,1,0,0,1,2,0
Csgalnact1,21,19,28,29,42,22
Ints10,25,20,44,27,25,24
Lpl,2,0,3,2,3,2
Atp6v1b2,62,59,110,81,91,87
Lzts1,0,0,1,0,0,0
Zfp930,3,1,1,2,6,1
D130040H23Rik,3,9,9,4,7,3
Gm10033,0,0,1,0,1,0
Gm10311,3,3,3,3,5,6
Gm9495,1,1,0,0,0,0
Gm43263,1,1,3,3,4,0
Gm7697,0,0,0,1,0,0
Zfp868,18,10,30,27,35,26
Zfp964,2,0,3,3,3,2
Zfp869,0,2,2,1,3,0
Zfp963,4,3,7,6,4,1
Zfp866,18,15,17,14,21,16
Atp13a1,27,19,50,26,35,29
Gmip,1,1,5,7,9,3
Lpar2,1,1,0,0,2,3
Pbx4,12,5,11,5,9,5
Cilp2,2,0,5,0,2,3
Yjefn3,0,1,4,3,4,5
Ndufa13,334,212,503,292,372,318
Tssk6,0,1,1,0,0,1
Gatad2a,29,13,53,46,50,48
Mau2,49,39,66,74,61,64
Sugp1,6,4,14,10,11,16
Tm6sf2,0,0,2,1,0,0
Hapln4,0,0,1,1,4,1
Ncan,229,129,348,176,241,182
Rfxank,5,5,8,11,13,10
Nr2c2ap,19,9,18,26,20,18
Borcs8,15,7,22,20,20,12
Tmem161a,26,20,35,44,36,26
Slc25a42,16,6,15,13,20,13
Armc6,7,7,18,16,20,20
Sugp2,30,14,51,37,30,29
Homer3,16,12,14,24,11,9
Ddx49,21,13,29,28,28,18
Cope,73,45,118,125,108,102
Cers1,5,3,4,8,5,4
Upf1,36,28,44,45,44,30
Crtc1,23,17,31,29,40,17
Klhl26,8,3,15,16,13,10
Tmem59l,94,61,120,71,95,111
Crlf1,1,0,0,1,0,3
2810428I15Rik,96,59,177,135,108,115
Uba52,172,70,196,97,212,153
Kxd1,21,18,39,51,31,33
Fkbp8,116,54,196,159,138,121
Ell,9,6,17,15,17,11
Isyna1,4,5,2,6,5,6
Ssbp4,65,46,73,75,100,75
Lrrc25,1,1,0,4,1,1
Gdf15,1,0,0,29,0,0
Pgpep1,70,36,107,71,83,76
Lsm4,49,35,83,65,80,49
Jund,711,498,1100,1285,1437,1036
Gm11175,1,0,1,2,2,1
Pde4c,0,0,0,1,0,0
Rab3a,38,13,51,93,70,55
Mpv17l2,12,11,15,23,27,14
Ifi30,6,21,6,16,9,11
Pik3r2,45,27,59,56,47,56
2010320M18Rik,13,10,18,12,25,14
Mast3,26,21,30,48,36,20
Il12rb1,0,0,0,1,1,0
Arrdc2,11,4,7,19,8,8
Kcnn1,8,2,13,6,7,8
Ccdc124,41,20,59,51,70,59
Slc5a5,0,0,0,2,1,0
Rpl18a,342,247,510,590,498,518
Map1s,10,9,26,23,42,31
Gm10654,0,0,0,1,1,0
Haus8,9,6,19,11,10,10
Myo9b,16,16,41,31,21,20
Use1,32,33,54,58,67,56
Ocel1,2,2,3,7,5,5
Nr2f6,33,13,34,24,23,50
Ushbp1,0,0,0,1,0,0
Babam1,32,13,35,45,31,30
Abhd8,12,21,45,18,34,20
Mrpl34,46,24,44,69,39,46
Dda1,31,22,65,80,66,44
Ano8,30,9,22,27,17,24
Gtpbp3,10,5,10,21,14,6
Plvap,1,2,5,5,2,5
Bst2,1,9,1,6,6,3
Mvb12a,9,6,17,18,29,15
Tmem221,0,0,0,1,0,1
Nxnl1,0,0,0,0,0,1
Slc27a1,24,17,20,23,19,29
Pgls,83,47,123,104,104,99
Fam129c,1,0,3,1,1,2
Colgalt1,30,18,54,47,50,61
Unc13a,7,6,9,10,9,7
Jak3,0,0,0,2,3,0
Fcho1,16,6,17,8,17,7
Zfp709,9,3,5,6,10,3
Zfp882,12,3,10,15,13,13
Zfp617,25,9,30,34,22,20
Zfp961,6,8,16,16,16,6
Cyp4f18,0,0,0,0,1,0
Tpm4,29,14,35,33,33,22
Gm26586,0,0,2,0,1,0
Rab8a,34,36,59,42,56,43
Fam32a,30,14,49,53,38,34
Ap1m1,28,21,33,39,37,45
Gm10282,1,0,1,1,0,0
Klf2,41,14,39,168,127,43
Eps15l1,17,12,16,22,24,8
Calr3,1,0,4,2,0,2
1700030K09Rik,15,6,13,12,13,18
Cherp,22,20,22,24,25,22
Slc35e1,15,7,28,27,18,14
Gm17435,0,0,0,0,1,0
Med26,6,5,11,8,5,10
Smim7,71,68,121,136,127,88
Tmem38a,27,17,41,31,44,29
Nwd1,5,1,7,4,6,3
Sin3b,69,52,101,94,91,81
Large,44,34,61,48,66,58
Hmgxb4,20,16,29,23,28,18
Tom1,15,12,18,29,24,17
Hmox1,18,6,31,36,23,25
Mcm5,9,3,14,7,20,1
Rasd2,4,2,6,1,4,6
Nr3c2,11,7,9,16,12,6
Arhgap10,2,0,9,1,6,3
Prmt10,9,11,13,27,22,18
Tmem184c,58,34,72,62,83,50
Ednra,17,8,10,10,17,8
Rbmxl1,58,37,88,86,105,71
Slc10a7,7,10,12,4,11,8
Lsm6,100,48,149,107,127,86
Zfp827,29,14,49,41,40,26
Mmaa,16,14,22,16,17,17
Gm4890,0,1,2,4,1,1
Smad1,60,29,67,59,62,53
Otud4,22,16,44,36,28,17
Abce1,39,18,71,66,58,35
Anapc10,23,17,45,25,36,29
Hhip,15,3,7,31,12,1
Gypa,0,0,0,14,0,0
Smarca5,87,60,125,169,140,117
Gab1,132,85,140,199,192,102
Usp38,23,19,35,25,35,20
Inpp4b,43,20,59,45,46,42
Il15,3,6,7,1,13,6
Zfp330,21,11,23,37,32,26
Rnf150,15,10,20,14,19,10
Gm10645,0,0,1,1,2,3
Tbc1d9,16,11,38,17,32,33
Elmod2,23,11,35,30,26,18
Clgn,17,9,25,24,21,10
Scoc,91,71,140,174,124,94
Ndufb7,160,113,261,207,217,187
Tecr,325,197,492,496,439,405
Dnajb1,44,40,94,87,63,70
Gipc1,38,32,105,130,134,89
Ptger1,1,2,14,2,7,0
Pkn1,34,9,30,40,35,30
Ddx39,13,4,16,18,27,13
Adgre5,5,0,2,1,1,3
Gm26721,4,2,7,1,5,3
Adgrl1,100,77,134,109,110,77
Gm10644,3,0,2,0,0,0
Asf1b,3,1,1,0,3,0
Prkaca,49,19,70,70,82,58
Samd1,32,27,56,49,34,51
1700067K01Rik,0,0,1,0,0,0
2210011C24Rik,3,3,11,19,7,4
Palm3,0,0,0,0,0,1
Il27ra,0,0,0,1,1,0
Gm10643,0,0,3,1,0,1
C330011M18Rik,0,0,1,1,2,2
Rfx1,3,5,10,6,9,5
Dcaf15,19,3,14,21,30,18
Cc2d1a,11,7,18,9,21,12
4930432K21Rik,0,0,1,2,1,0
Nanos3,1,1,6,2,5,2
Gm26532,11,3,22,25,39,12
Zswim4,5,4,10,7,10,0
D8Ertd738e,114,60,142,211,144,123
Mri1,11,8,25,23,25,15
Ccdc130,9,3,17,8,11,18
Cacna1a,64,25,90,74,62,65
Gm16183,2,4,6,3,5,0
Ier2,103,48,148,174,221,166
Gm26664,0,0,2,5,0,1
Nacc1,46,26,58,38,46,46
Trmt1,34,19,42,48,44,30
Nfix,196,154,343,263,279,258
Lyl1,2,6,0,16,6,1
G430095P16Rik,0,0,0,1,0,0
Dand5,10,5,18,14,15,11
Gadd45gip1,43,19,66,69,71,64
Rad23a,49,32,58,59,69,39
Calr,562,346,804,633,400,1026
Farsa,36,24,49,45,51,39
Syce2,4,2,8,2,4,4
Gcdh,17,11,26,25,26,18
Klf1,1,0,1,0,0,0
Dnase2a,15,10,26,19,19,23
Mast1,5,6,12,8,15,5
Rtbdn,1,1,3,0,1,0
Rnaseh2a,12,8,17,18,14,20
Prdx2,374,191,469,514,466,478
Junb,300,167,355,629,668,319
Hook2,1,2,11,4,5,2
Asna1,29,23,51,29,48,48
2310036O22Rik,110,75,171,157,153,155
Tnpo2,25,15,39,19,31,28
Fbxw9,14,7,13,23,20,12
Dhps,30,16,35,44,55,36
Wdr83,13,15,26,29,30,18
Wdr83os,59,36,98,73,78,70
Man2b1,45,33,53,47,65,46
Vps35,103,60,138,158,116,81
Orc6,22,10,24,44,35,17
Mylk3,0,0,0,0,0,1
4921524J17Rik,32,15,37,36,35,24
Gpt2,267,225,380,162,246,256
Dnaja2,90,52,138,120,115,133
Neto2,28,15,72,27,35,44
Itfg1,73,70,129,92,105,83
Phkb,19,10,35,19,26,22
Lonp2,34,8,43,53,46,36
Siah1a,43,30,45,50,48,35
Gm10638,1,0,1,1,2,3
N4bp1,29,13,65,36,24,41
Cbln1,6,4,20,6,3,7
Gm2694,5,4,13,8,8,6
Zfp423,8,9,14,10,6,3
Cnep1r1,40,38,74,67,60,34
Heatr3,30,9,37,71,35,16
9430002A10Rik,0,0,1,0,1,0
Papd5,25,13,32,44,51,17
Adcy7,1,1,2,3,4,1
Brd7,60,48,95,81,102,98
Nkd1,54,22,58,50,33,45
Snx20,1,0,2,10,1,0
Nod2,0,0,0,0,0,1
Cyld,52,29,74,60,59,39
Sall1,44,31,42,45,47,43
Tox3,93,61,107,109,115,119
Chd9,64,42,71,60,83,39
Gm6658,0,0,1,1,0,0
Rbl2,29,21,38,35,38,27
Aktip,28,28,52,50,52,34
Rpgrip1l,4,4,16,16,16,4
Fto,83,59,122,115,136,98
Irx3,11,5,13,7,5,8
Irx3os,1,0,2,0,0,1
Crnde,7,4,9,11,5,10
Gm21817,0,0,2,0,0,0
Irx5,7,1,5,5,0,5
Irx6,5,9,11,9,5,11
Mmp2,41,22,66,34,47,60
Lpcat2,97,54,115,99,83,75
Capns2,1,0,2,0,0,2
Gm26843,0,1,1,3,1,0
Gnao1,96,72,165,106,123,112
Amfr,113,75,173,109,139,125
Nudt21,34,16,47,40,58,35
Ogfod1,19,15,24,12,18,14
Bbs2,3,12,13,14,9,4
Mt3,317,321,473,157,298,474
Mt2,53,67,61,69,74,60
Mt1,288,363,355,459,526,345
Nup93,6,7,19,17,14,11
Gm15890,0,0,0,0,0,1
Herpud1,53,41,85,94,76,83
Cpne2,57,40,110,49,79,80
Fam192a,51,25,70,64,61,55
Rspry1,50,25,71,63,73,57
Arl2bp,310,198,533,294,352,360
Pllp,549,267,718,833,686,753
Ccl22,1,2,2,3,7,0
Cx3cl1,52,32,75,42,73,42
Ciapin1,44,24,58,64,58,50
Coq9,27,13,24,40,26,29
Polr2c,48,24,59,62,60,63
Dok4,1,0,3,3,2,2
Ccdc102a,0,0,1,0,0,0
Adgrg1,100,80,178,83,108,123
Katnb1,11,6,16,15,25,23
Kifc3,26,24,61,29,49,27
Zfp319,9,7,16,22,14,7
Usb1,2,0,7,6,2,7
Mmp15,158,75,211,133,172,118
Cfap20,37,26,27,29,37,36
Csnk2a2,12,10,25,21,17,17
Ccdc113,0,0,0,0,1,1
Gins3,1,2,4,0,1,2
Ndrg4,59,42,74,35,50,27
Setd6,10,7,11,8,9,7
Cnot1,30,19,45,33,50,21
Gm10094,9,4,10,4,4,5
Slc38a7,11,9,19,14,29,15
Got2,43,29,50,47,64,48
Cdh8,0,3,3,1,0,0
A330008L17Rik,0,1,0,0,0,0
Cdh11,49,35,116,64,102,55
Gm8730,0,3,2,3,3,3
Cdh5,0,0,1,0,0,0
Bean1,11,6,19,12,16,9
Tk2,12,17,17,22,21,10
Cklf,9,9,20,10,26,13
Cmtm3,34,17,37,26,37,29
Cmtm4,114,87,196,102,124,108
Dync1li2,56,25,82,106,79,55
Ccdc79,0,0,1,0,0,0
Nae1,73,41,84,66,69,87
Car7,1,0,2,0,2,1
Pdp2,4,1,9,4,3,6
Rrad,4,2,4,15,9,0
Fam96b,48,27,51,82,80,62
Cbfb,33,41,73,74,71,46
D230025D16Rik,14,10,7,17,25,15
B3gnt9,4,1,4,28,16,6
Tradd,9,6,18,14,12,13
Fbxl8,1,2,2,0,2,3
Hsf4,1,0,1,1,0,0
Nol3,7,7,23,19,18,16
4931428F04Rik,23,13,15,15,24,11
Exoc3l,0,0,4,0,0,0
E2f4,27,9,39,27,24,28
Elmo3,0,0,0,2,0,2
Lrrc29,0,0,0,1,5,2
Tmem208,77,48,94,110,85,79
Fhod1,2,1,0,2,3,2
Slc9a5,3,2,17,2,5,4
Plekhg4,0,0,0,0,0,1
Lrrc36,0,1,0,0,0,0
Tppp3,9,3,17,93,30,10
Zdhhc1,8,5,11,8,20,9
Atp6v0d1,102,59,142,114,149,104
Gm38250,0,0,1,0,0,0
Fam65a,17,8,29,25,26,18
Gm5914,15,13,16,18,18,10
Ctcf,77,50,97,90,87,95
Rltpr,1,0,1,0,1,1
Acd,12,6,22,15,28,11
Pard6a,30,17,42,36,21,33
Enkd1,5,3,8,7,7,1
Gfod2,34,13,16,8,35,17
Ranbp10,15,13,23,23,20,9
Tsnaxip1,0,0,0,0,0,1
Cenpt,14,3,21,17,16,12
Thap11,28,23,46,39,54,57
Nutf2,20,14,30,38,27,31
Edc4,13,11,26,19,24,14
Nrn1l,4,3,2,2,6,4
Pskh1,10,5,5,12,9,8
Psmb10,29,17,40,33,40,43
Lcat,10,19,25,9,4,6
Slc12a4,63,49,107,55,85,64
Dus2,11,5,19,25,18,16
Ddx28,4,3,11,6,11,10
Nfatc3,24,10,17,25,17,18
Esrp2,0,0,0,0,1,0
Pla2g15,10,13,13,19,19,14
Slc7a6,6,5,5,11,9,5
Slc7a6os,14,13,18,17,16,13
Prmt7,23,11,25,26,19,29
Smpd3,14,7,28,12,25,19
Gm10629,0,0,1,1,0,0
Zfp90,16,7,27,25,20,11
Cdh3,1,0,0,0,0,0
Gm10073,9,7,9,15,3,7
Cdh1,0,0,0,0,1,0
Tango6,7,1,4,3,4,6
Has3,2,0,2,0,0,0
Chtf8,30,22,46,43,24,37
Cirh1a,7,5,14,12,19,8
Sntb2,4,5,4,8,6,10
Vps4a,45,22,70,61,59,54
Pdf,0,2,2,0,1,1
Cog8,24,15,37,36,38,34
Nip7,28,20,38,53,40,36
Terf2,28,19,37,33,43,28
Cyb5b,28,20,43,39,40,26
Rps18-ps3,0,0,0,1,2,1
Nfat5,94,48,111,127,145,90
Nqo1,3,3,3,2,2,4
Nob1,25,15,39,24,50,26
Wwp2,12,7,24,12,29,18
Rps26-ps1,3,0,1,2,3,3
Psmd7,96,50,110,165,126,108
Zfhx3,39,35,50,51,48,27
Dhx38,20,9,25,20,19,16
Txnl4b,3,4,6,7,4,10
Dhodh,14,10,21,17,19,12
Ist1,38,37,76,47,73,67
Zfp821,14,10,31,24,30,17
Atxn1l,24,16,23,29,32,15
Ap1g1,33,23,61,47,38,39
Gm17344,0,0,1,2,0,0
Phlpp2,37,15,38,31,41,35
Marveld3,0,0,0,0,1,0
Zfp612,16,8,17,13,20,20
Calb2,21,13,46,14,24,40
Cmtr2,7,6,8,11,13,7
Hydin,0,1,0,0,0,0
Vac14,12,7,13,10,12,12
Mtss1l,348,260,609,307,374,366
Il34,0,0,1,1,0,0
Sf3b3,27,17,37,27,28,26
Cog4,26,19,27,29,43,27
Fuk,5,2,3,5,3,3
St3gal2,28,17,35,15,43,33
Ddx19a,22,18,31,16,37,29
Ddx19b,9,12,21,14,15,7
Aars,81,51,121,102,109,69
Clec18a,1,0,0,0,0,1
Pdpr,8,3,8,8,11,12
Glg1,98,84,136,124,165,164
Rfwd3,17,8,21,7,12,7
Mlkl,0,2,1,1,0,0
Fa2h,81,39,92,214,116,83
Wdr59,2,8,9,13,12,4
Znrf1,38,33,78,112,106,41
Ldhd,2,0,2,10,7,3
Zfp1,17,7,31,26,27,18
Bcar1,20,19,37,54,56,30
Cfdp1,75,68,130,101,110,87
Tmem170,2,0,2,0,1,0
Chst5,55,31,85,39,70,52
Tmem231,3,2,4,4,7,5
Gabarapl2,167,96,201,276,172,209
Adat1,7,3,7,5,7,7
Kars,25,26,41,37,35,26
Terf2ip,33,27,40,40,50,43
Gm6793,3,0,5,4,1,3
Cntnap4,0,1,4,2,0,0
Mon1b,6,7,20,10,7,15
Adamts18,0,0,0,1,0,0
Nudt7,1,1,1,2,1,1
Vat1l,67,20,53,29,60,37
Wwox,28,14,25,16,36,14
Gm16116,0,0,0,0,0,1
Gm16118,0,2,0,0,2,0
Maf,61,57,128,88,83,81
Gm15655,0,0,2,0,1,0
Dynlrb2,2,1,0,0,0,3
Cdyl2,6,8,20,7,17,9
Cmc2,15,9,22,22,19,27
Cenpn,1,0,3,1,4,0
Atmin,20,11,41,21,30,26
1700030J22Rik,1,1,6,2,4,2
Gcsh,33,17,37,36,36,31
Gan,12,14,32,30,22,22
Cmip,67,53,143,161,160,102
Plcg2,4,0,5,2,8,7
Sdr42e1,10,4,14,15,11,8
Hsd17b2,0,0,0,1,0,0
Mphosph6,35,22,54,39,55,47
Cdh13,122,70,166,116,151,125
Hsbp1,145,104,235,231,199,188
Mlycd,26,16,37,34,39,24
Osgin1,0,1,0,0,0,0
Necab2,11,4,25,22,25,20
Mbtps1,31,20,46,51,53,27
Hsdl1,16,11,29,24,26,11
Dnaaf1,0,0,0,0,1,0
Taf1c,5,4,10,6,7,9
Wfdc1,0,0,0,0,1,0
Tldc1,0,0,1,1,0,2
Cotl1,74,56,101,95,79,74
Klhl36,11,2,9,7,7,3
Usp10,24,15,71,51,46,37
Zdhhc7,18,8,18,23,22,18
A130014A01Rik,6,8,19,22,14,9
6430548M08Rik,17,15,34,8,16,12
Gse1,25,21,33,44,42,24
Gins2,2,0,4,3,6,0
1190005I06Rik,2,2,4,25,6,4
Emc8,21,18,34,55,43,30
Cox4i1,382,297,592,620,578,474
Irf8,10,6,7,40,25,10
Mthfsd,9,5,19,16,14,11
5033426O07Rik,31,15,56,12,17,39
Gm26747,0,0,1,0,2,0
Fbxo31,28,13,37,30,34,20
Map1lc3b,138,99,234,261,205,228
Zcchc14,56,30,82,82,69,30
Gm27030,1,1,0,0,1,2
Jph3,25,14,60,17,35,24
Klhdc4,14,8,14,19,18,15
Gm20406,0,0,0,1,1,0
Slc7a5,2,1,16,3,5,14
Banp,19,17,40,36,33,47
Gm22,38,22,56,22,49,49
Zfpm1,12,10,24,38,22,20
Zc3h18,31,26,42,48,43,23
Cyba,13,32,15,42,21,17
Mvd,10,9,21,37,18,20
Rnf166,13,3,22,13,19,17
Ctu2,10,11,17,17,20,13
Piezo1,0,1,0,2,2,1
Cdt1,4,0,9,2,7,1
Aprt,63,30,60,79,63,39
Galns,4,1,2,0,2,2
Trappc2l,38,21,62,73,63,60
Cbfa2t3,1,0,0,4,4,0
Acsf3,11,5,10,8,7,1
Cdh15,2,1,1,0,0,4
Ankrd11,301,146,448,371,391,377
Spg7,30,21,51,38,43,37
Rpl13,2036,1084,3253,1808,2401,2211
Cpne7,4,3,2,5,9,3
Chmp1a,22,25,53,42,48,30
Spata33,1,0,0,0,1,2
Cdk10,18,10,19,14,19,13
Spata2l,0,1,6,3,2,2
4933417D19Rik,0,0,2,0,0,0
Vps9d1,19,9,52,33,32,40
Zfp276,38,30,45,38,41,40
Fanca,0,0,1,0,2,0
Spire2,18,8,13,7,5,11
Tcf25,143,97,224,229,236,214
Mc1r,1,0,0,0,0,0
Tubb3,97,117,137,92,126,144
Def8,40,29,61,35,41,36
Afg3l1,47,25,45,64,66,48
Dbndd1,2,5,13,3,3,3
Gas8,6,4,11,18,8,14
Rhou,26,7,19,50,34,20
4732419C18Rik,0,0,1,0,0,0
Rab4a,30,17,42,75,58,41
2810455O05Rik,0,2,2,2,3,0
Ccsap,0,0,4,3,2,0
Nup133,16,9,19,16,21,10
Abcb10,12,5,14,20,18,10
Taf5l,15,7,21,16,19,16
Urb2,2,7,2,3,9,4
Galnt2,2,0,1,1,3,0
Gm15775,0,1,0,0,0,0
Pgbd5,19,26,26,18,39,23
Cog2,20,11,26,28,27,16
Agt,1,18,5,0,5,2
Capn9,0,0,1,1,0,2
2310022B05Rik,32,23,42,50,48,28
Ttc13,27,8,27,20,20,29
Arv1,10,5,9,8,7,9
Fam89a,72,55,135,73,75,99
Trim67,19,21,35,18,21,25
2810004N23Rik,31,13,40,46,45,33
Gnpat,38,7,39,28,41,27
Exoc8,8,10,19,15,23,12
Sprtn,2,2,1,0,1,0
Egln1,49,32,74,62,68,70
Tsnax,33,24,42,45,46,34
Disc1,16,6,9,12,11,22
Sipa1l2,47,50,99,72,67,58
Map10,1,1,8,5,6,5
Ntpcr,14,15,18,36,19,10
Pcnxl2,2,1,3,1,0,0
A730098A19Rik,0,0,1,0,0,0
BC021891,0,1,2,0,0,0
Kcnk1,49,36,86,29,49,50
Slc35f3,7,1,6,9,4,2
Coa6,48,28,46,51,40,36
Gm26759,3,2,2,2,1,0
Irf2bp2,104,75,173,136,130,117
Tomm20,136,77,189,273,215,158
Rbm34,16,12,21,32,25,17
Pard3,25,19,38,47,50,29
Nrp1,5,4,4,11,5,8
Itgb1,97,67,140,152,134,126
2610044O15Rik8,16,8,34,23,24,12
Gm2897,0,0,0,1,0,0
D830030K20Rik,2,3,1,1,1,2
2610042L04Rik,0,0,0,1,0,0
Gm3164,0,0,0,1,0,0
Gm3252,1,0,0,0,0,0
Gm3278,0,0,0,1,0,0
Gm3526,0,0,0,0,1,0
Gm3500,1,0,0,0,0,0
Gm3488,0,0,1,2,1,0
Gm8237,0,0,1,0,1,3
Gm3248,2,1,4,1,2,0
Gm8206,1,0,0,0,1,1
Gm3468,1,2,2,7,1,3
Gm3411,1,0,1,0,2,0
Gm3591,1,0,0,0,0,0
Gm3636,5,1,5,4,4,2
Gm3667,0,0,0,2,0,2
Gm10406,0,0,1,2,0,1
Gm3696,1,0,0,1,2,0
Gm3512,3,0,2,2,1,0
Gm3739,2,2,2,6,4,1
Gm3558,3,1,3,2,0,0
Flnb,15,6,15,18,9,11
Abhd6,27,15,45,32,39,23
Rpp14,22,15,35,32,34,36
Pxk,34,25,55,43,46,35
Pdhb,46,25,58,50,53,52
Kctd6,12,9,18,17,10,10
Acox2,1,0,0,0,1,0
Fam107a,8,25,15,11,9,8
4930452B06Rik,1,0,5,1,1,1
Fhit,2,2,2,3,8,1
Gm3839,1,1,3,0,1,1
Ptprg,91,74,182,79,97,111
3830406C13Rik,31,11,31,33,33,23
Fezf2,0,0,1,0,0,0
Cadps,36,35,67,40,36,47
Gm5087,1,0,0,0,0,0
Synpr,4,0,2,41,19,4
Gm11100,0,0,1,0,0,1
Thoc7,64,36,81,100,96,85
Atxn7,23,19,31,28,25,16
Psmd6,77,39,140,128,112,102
Il3ra,0,0,3,4,1,2
Slc4a7,41,17,39,31,40,28
Lrrc3b,7,3,7,4,3,5
Oxsm,6,3,10,6,6,3
Ngly1,31,18,34,36,36,24
Top2b,127,85,191,132,143,102
Rarb,4,1,1,4,5,2
Thrb,19,10,20,11,30,15
Nr1d2,56,42,81,73,93,60
Rpl15,291,197,487,388,338,363
Nkiras1,27,16,44,59,38,34
Ube2e1,77,48,88,99,79,86
Ube2e2,84,52,99,131,131,104
Gm2237,5,0,2,5,5,2
Nid2,0,0,0,1,2,0
2700060E02Rik,72,49,111,98,90,92
Gng2,30,17,51,39,43,34
Saysd1,20,13,26,27,24,27
Kcnk5,0,0,1,2,0,0
Nudt13,12,11,20,16,23,15
Ecd,23,12,40,25,28,28
Fam149b,7,10,18,13,8,13
Dnajc9,40,11,39,34,31,17
Mrps16,53,32,79,61,75,59
Cfap70,0,1,1,0,0,0
Anxa7,21,14,25,31,32,25
Mss51,4,0,3,1,0,2
Ppp3cb,67,37,78,78,91,62
1810062O18Rik,2,0,3,1,3,0
Usp54,42,26,33,46,35,34
2810402E24Rik,10,7,5,9,14,14
Sec24c,37,30,39,51,42,34
6230400D17Rik,1,2,0,0,5,1
Fut11,16,9,21,16,20,21
Chchd1,52,32,72,76,78,59
Zswim8,36,16,65,50,45,36
Ndst2,11,10,20,14,14,9
Camk2g,33,22,48,33,42,35
Plau,1,0,1,1,0,0
Vcl,12,8,22,18,13,12
Ap3m1,46,27,51,59,56,44
Adk,42,24,67,46,36,42
Kat6b,41,29,66,65,89,54
Samd8,50,37,76,52,82,49
Vdac2,153,70,227,209,214,177
Comtd1,15,11,30,35,27,36
Zfp503,26,26,55,41,60,36
1700112E06Rik,1,0,12,1,4,7
Gm10248,0,0,1,1,0,0
Kcnma1,29,25,52,30,42,24
A830039N20Rik,13,14,18,12,10,10
Dlg5,14,7,10,8,15,13
E330034G19Rik,0,0,0,3,1,0
Polr3a,9,5,15,6,18,9
Rps24,335,272,422,437,377,399
Gm26660,9,5,9,5,4,2
Zmiz1os1,0,0,1,0,1,0
Zmiz1,151,100,232,228,215,171
Gm26772,2,0,3,2,1,0
Ppif,10,5,18,10,19,12
Zcchc24,357,300,580,284,411,393
Anxa11,1,2,1,2,0,4
Duxbl1,2,0,0,0,1,0
Tmem254c,0,0,1,0,0,0
Plac9b,0,0,1,0,0,0
Duxbl3,1,0,3,0,2,1
Slmap,20,10,32,25,32,22
Dennd6a,28,14,46,27,36,17
Arf4os,0,1,0,0,1,0
Arf4,107,77,207,198,195,187
Pde12,5,9,18,21,14,17
Dnah12,1,0,0,0,0,0
Appl1,56,53,83,78,84,73
Il17rd,13,6,25,3,12,6
Arhgef3,18,10,28,5,8,17
Fam208a,80,53,94,95,89,52
Ccdc66,20,6,16,27,17,19
Erc2,13,6,14,16,8,12
Wnt5a,2,1,0,0,0,0
Cacna2d3,7,8,16,6,12,16
Lrtm1,1,4,1,3,0,0
Selk,446,299,690,730,476,524
Actr8,11,11,27,32,23,18
Il17rb,1,1,0,1,1,1
Chdh,4,2,4,6,0,3
Cacna1d,25,18,44,17,41,35
Dcp1a,7,8,8,11,13,9
Tkt,107,60,156,199,116,115
Prkcd,5,3,0,20,4,2
Rft1,8,6,16,19,7,8
Sfmbt1,11,8,18,20,23,17
Tmem110,18,4,13,27,20,12
Itih3,6,8,3,84,13,0
Nek4,6,1,9,5,5,3
Spcs1,84,39,131,169,134,153
Glt8d1,36,21,44,44,40,40
Gnl3,34,14,26,28,51,34
Pbrm1,95,47,153,169,145,118
Smim4,16,12,40,21,48,31
Nt5dc2,11,7,20,10,18,22
Stab1,0,4,0,9,6,5
Nisch,178,102,240,235,277,206
Tnnc1,1,0,0,0,0,0
Phf7,2,2,3,6,4,0
Bap1,33,18,37,22,30,18
Dnah1,0,0,0,0,0,1
Capn7,25,16,45,34,42,21
Sh3bp5,52,18,80,41,32,51
Mettl6,19,5,19,11,16,17
Eaf1,12,11,16,12,11,5
Colq,0,0,0,0,2,0
Hacl1,11,6,11,16,12,12
Btd,40,31,78,38,59,51
Ankrd28,30,28,41,50,69,12
Galnt15,1,0,0,0,0,0
Dph3,41,31,102,74,108,71
Oxnad1,17,5,22,15,14,11
Ncoa4,7,5,14,10,10,10
Timm23,3,4,8,7,6,3
Parg,14,6,19,22,30,23
Gm17210,0,1,0,1,0,0
Ogdhl,0,2,1,1,2,1
Ercc6,6,10,19,11,12,6
Prrxl1,0,0,1,1,0,0
1810011H11Rik,1,1,2,2,1,1
Vstm4,2,3,13,3,3,6
Wdfy4,0,2,0,2,0,0
Arhgap22,10,7,14,10,13,13
Gm15512,0,0,1,0,0,0
Mapk8,30,21,52,57,58,40
FRMPD2,0,2,0,0,0,0
Ptpn20,2,1,8,0,3,1
Zfp488,72,38,63,65,87,69
Rpl23a-ps3,8,5,5,8,5,5
Gprin2,0,0,1,0,0,0
Syt15,0,0,1,0,0,0
Fam35a,3,0,4,10,7,3
Glud1,112,62,148,104,113,83
Sncg,0,0,1,0,2,1
Mmrn2,0,0,1,1,0,1
Bmpr1a,48,37,74,67,65,51
Ldb3,3,0,0,1,1,0
Wapl,43,32,65,93,70,44
Grid1,69,44,104,65,91,72
Ccser2,78,40,134,125,147,95
Cdhr1,0,1,2,0,0,0
2610528A11Rik,0,0,0,0,0,1
Ghitm,67,56,121,107,118,105
Nrg3,4,4,15,12,16,10
Gm20642,0,1,0,0,1,1
Tspan14,13,15,15,31,25,13
Fam213a,130,70,201,103,105,122
Dydc2,0,0,1,1,0,0
Gm8113,0,0,3,1,4,1
Ptger2,1,1,0,0,0,0
Txndc16,90,54,143,180,167,92
Gpr137c,7,1,13,10,13,9
Ero1l,21,17,23,27,27,22
Psmc6,62,52,88,106,85,80
Styx,2,2,2,2,1,0
Gnpnat1,9,6,15,17,20,24
Fermt2,150,94,262,211,160,158
Gm15601,2,1,4,1,1,0
Ddhd1,68,59,114,97,93,61
Bmp4,50,21,45,186,135,74
Gm15222,4,1,1,13,6,2
Cnih1,57,31,73,96,74,69
Gmfb,43,34,82,62,71,48
Gm10101,1,0,0,1,1,0
Cgrrf1,26,21,42,33,48,33
Samd4,28,11,44,41,34,53
Gm10371,2,1,3,3,7,2
Gch1,1,1,0,1,3,0
Wdhd1,9,5,14,7,6,3
Socs4,31,15,51,36,43,29
Mapk1ip1l,47,33,58,44,56,27
Lgals3,2,1,1,0,2,1
Dlgap5,1,1,1,0,0,1
Fbxo34,14,5,26,16,17,19
Atg14,15,4,20,12,23,11
Ktn1,170,95,224,302,265,230
Peli2,38,22,51,40,59,34
Tmem260,17,7,32,31,17,19
Otx2,1,0,0,0,0,3
Exoc5,57,41,80,58,68,54
Ap5m1,11,8,16,11,26,13
Naa30,30,12,33,33,35,23
Slc35f4,0,0,1,0,0,0
3632451O06Rik,163,84,244,160,169,189
Ttc5,22,14,27,46,45,39
Ccnb1ip1,1,0,0,0,0,0
Parp2,23,14,25,25,26,21
Tep1,2,2,2,6,1,2
Gm26782,7,2,14,7,10,6
A930018M24Rik,0,0,0,1,0,0
Osgep,42,30,58,43,47,41
Apex1,17,12,25,34,56,27
Tmem55b,36,20,47,110,71,54
Pnp,17,27,23,37,35,24
Pnp2,0,0,2,1,0,1
Rnase4,7,26,6,18,14,6
Ang,1,2,1,6,5,2
Rnase1,0,0,0,0,1,0
Mettl17,14,8,19,19,25,16
Slc39a2,2,0,2,0,3,1
Ndrg2,288,261,410,241,303,422
Arhgef40,69,29,70,41,84,65
Gm16617,1,0,0,1,1,0
Zfp219,66,63,132,59,96,76
Hnrnpc,181,118,244,197,200,186
Rpgrip1,36,20,43,25,36,29
Supt16,73,54,92,63,77,51
Gm26590,0,0,1,0,0,0
Chd8,43,27,66,83,92,68
Rab2b,36,16,45,48,52,40
Tox4,52,26,59,67,78,37
Mettl3,23,16,35,39,32,37
Sall2,62,36,88,42,57,64
Dad1,204,123,316,245,285,250
Abhd4,65,40,84,66,69,63
Oxa1l,31,22,45,42,45,32
Slc7a7,0,1,1,3,2,4
Mrpl52,172,107,225,95,206,164
Mmp14,23,14,24,14,35,28
Lrp10,59,40,71,61,76,44
Rem2,3,0,1,5,4,1
Prmt5,25,15,47,31,40,45
Haus4,3,3,3,4,6,3
4931414P19Rik,2,4,4,4,4,7
Psmb5,176,86,254,217,222,242
Cdh24,2,0,0,1,2,0
Gm20726,1,0,0,2,1,0
Acin1,111,52,120,107,121,83
4930579G18Rik,1,0,0,0,0,0
1700123O20Rik,28,17,55,49,41,39
Slc7a8,18,5,24,22,20,7
Homez,4,3,10,6,9,8
Ppp1r3e,2,2,20,12,14,9
Bcl2l2,23,17,19,36,26,16
Pabpn1,201,117,294,215,257,247
Slc22a17,454,297,760,470,503,642
Efs,68,49,132,66,89,104
Il25,1,0,1,1,1,0
Cmtm5,115,49,145,330,153,135
Ngdn,30,18,39,44,31,40
Thtpa,7,11,9,9,16,17
Zfhx2,35,15,34,45,37,19
Zfhx2os,2,0,0,4,1,0
Ap1g2,0,0,3,0,1,0
Jph4,17,4,12,22,11,4
Dhrs4,10,2,15,13,9,14
Lrrc16b,10,8,17,9,17,13
Cpne6,0,1,0,0,1,0
Pck2,10,13,17,18,8,7
Dcaf11,38,16,42,48,43,52
Fitm1,0,0,1,0,0,0
Psme1,47,21,62,53,59,76
Emc9,13,4,10,15,15,18
Psme2,20,16,47,32,41,45
Rnf31,11,5,5,10,10,10
Irf9,8,4,16,12,9,33
Rec8,0,0,0,1,0,0
Ipo4,20,12,21,15,18,20
Tm9sf1,3,6,3,3,1,7
Mdp1,32,21,36,46,42,32
Nedd8,149,97,229,207,169,178
Gmpr2,12,12,28,26,22,23
Tinf2,9,2,6,7,8,2
Tgm1,0,0,0,0,1,0
Rabggta,10,10,12,13,14,8
Dhrs1,52,43,94,60,100,65
Nop9,24,8,15,22,9,17
Cideb,1,1,2,0,2,1
Ltb4r2,0,0,0,1,0,0
Ltb4r1,1,3,0,0,0,0
Nfatc4,0,0,0,0,0,1
Nynrin,11,10,14,7,19,11
Khnyn,1,2,9,3,7,8
Sdr39u1,0,0,2,2,2,3
Gzmc,1,0,0,0,0,0
Gzmb,0,0,1,0,0,0
Rnf17,0,1,0,1,0,0
Cenpj,4,3,6,4,14,4
Parp4,6,7,13,5,14,8
Mphosph8,63,34,94,80,95,92
Gm16973,2,3,6,13,8,9
Pspc1,45,16,38,39,42,38
Zmym5,37,30,50,54,42,39
2410022M11Rik,4,5,5,5,7,5
Zmym2,41,21,55,44,36,34
Gjb2,1,1,3,0,0,0
Gjb6,2,11,5,1,1,0
Cryl1,17,9,34,27,48,26
Ift88,2,3,15,7,3,4
Il17d,64,30,98,52,59,72
N6amt2,34,19,39,33,25,50
1700039M10Rik,0,0,0,1,1,0
Xpo4,27,7,36,35,35,28
Lats2,24,16,43,33,24,39
Sap18,101,69,146,111,114,113
Ska3,1,0,0,1,0,0
Mrpl57,45,23,80,60,90,54
Zdhhc20,59,50,107,112,85,75
Micu2,21,16,39,22,24,23
3110083C13Rik,0,1,0,0,0,2
Fgf9,0,0,0,0,1,0
Rpl13-ps3,2,2,4,3,1,3
Rcbtb1,40,25,51,80,46,30
Phf11b,0,0,0,1,3,0
Phf11d,0,0,1,1,1,0
Phf11c,0,0,1,0,0,2
Setdb2,11,5,7,2,8,0
Cab39l,18,14,33,22,20,22
Cdadc1,13,7,10,18,21,7
Shisa2,0,0,0,0,2,3
Atp8a2,13,3,8,9,5,4
Nupl1,5,5,4,4,5,2
Mtmr6,50,14,42,49,47,34
Amer2,53,23,85,55,81,82
Spata13,23,16,23,21,35,17
Mipep,5,4,16,9,8,7
Tnfrsf19,31,25,59,37,38,32
Sacs,34,19,36,34,32,25
Arl11,0,2,0,1,1,2
Ebpl,57,29,79,74,62,68
Kpna3,46,30,60,53,42,49
Spryd7,26,9,31,31,25,22
Trim13,12,3,13,41,25,12
Gm27010,1,3,3,3,3,6
Gm27017,1,0,0,0,1,0
Dleu7,20,2,14,16,12,7
Rnaseh2b,20,6,31,33,38,29
Gucy1b2,0,0,0,1,3,3
Fam124a,11,4,27,12,24,16
Ints6,11,8,6,10,7,8
4931440J10Rik,1,0,0,0,0,1
Gm26536,1,0,2,0,0,0
Wdfy2,1,2,3,6,3,0
Defb42,1,0,0,3,0,0
Ctsb,297,231,415,405,433,408
Fdft1,22,15,20,45,24,18
Neil2,0,0,1,0,0,1
Fam167a,1,1,0,0,0,1
Mtmr9,0,5,6,7,2,6
Xkr6,30,22,50,34,27,31
Pinx1,22,2,16,15,14,8
Gm17116,1,0,0,0,0,0
Msra,23,13,22,20,23,20
Mir124a-1hg,28,20,30,27,55,33
Kif13b,5,3,8,14,3,0
Hmbox1,50,37,97,77,68,50
Ints9,12,10,20,18,12,7
Extl3,34,21,79,45,47,38
Fzd3,21,14,30,30,22,17
Fbxo16,0,0,0,1,2,1
Zfp395,17,7,16,19,17,11
Elp3,25,9,24,16,27,20
Pbk,0,0,0,0,1,0
Esco2,1,0,2,0,0,0
Ccdc25,22,17,32,29,42,38
Scara3,1,2,2,0,2,0
Clu,190,141,287,95,205,283
Ephx2,1,2,2,0,3,2
Ptk2b,2,0,1,6,8,2
Trim35,43,23,61,74,67,39
Stmn4,166,55,138,415,148,124
Adra1a,10,7,16,10,22,11
Dpysl2,207,148,314,509,348,328
Gm5464,1,0,1,0,2,0
Pnma2,9,5,9,7,13,9
Bnip3l,126,73,216,228,182,165
Ppp2r2a,82,60,131,216,145,138
Cdca2,0,0,0,1,1,0
Kctd9,4,2,8,6,5,2
Gnrh1,1,0,0,0,0,3
Dock5,2,1,0,4,1,0
Nefm,3,4,5,4,6,4
Nefl,0,0,0,1,0,0
Stc1,2,0,0,0,0,0
Slc25a37,16,10,13,21,21,4
Gm16867,0,0,2,0,3,6
Loxl2,0,0,8,0,1,0
R3hcc1,7,2,17,9,11,18
Chmp7,35,18,56,48,51,39
4930480K23Rik,6,4,2,4,6,3
Rhobtb2,37,12,36,26,38,23
Bin3,3,3,19,17,6,5
Ccar2,21,6,24,23,25,11
9930012K11Rik,0,0,0,2,0,0
Pdlim2,50,0,11,375,66,4
Sorbs3,11,4,11,19,24,12
Gm26908,0,0,0,0,1,0
Ppp3cc,14,6,19,16,17,10
Slc39a14,15,9,18,22,21,19
Polr3d,18,8,33,26,36,35
Phyhip,2,2,1,1,1,1
Bmp1,24,17,27,43,27,22
Sftpc,0,0,1,4,2,1
Lgi3,52,10,27,176,76,25
Reep4,4,9,6,8,2,5
Hr,5,3,14,17,14,11
Nudt18,18,7,19,41,28,25
Fam160b2,12,10,15,13,23,8
Dmtn,10,3,6,4,8,4
Npm2,0,0,0,0,1,0
Xpo7,41,32,53,46,53,47
Gfra2,25,18,30,13,21,14
Fndc3a,67,41,88,58,72,70
Rcbtb2,28,19,35,31,38,30
Rb1,24,19,41,40,41,14
Lpar6,4,6,10,24,14,7
Itm2b,806,663,1229,1175,889,1081
Med4,20,15,39,34,36,21
Nudt15,0,1,1,1,0,1
Sucla2,37,22,40,44,47,50
Esd,72,59,122,106,101,99
Lrch1,6,6,11,15,12,10
5031414D18Rik,0,0,0,2,2,0
Lcp1,3,11,4,15,8,6
Zc3h13,33,19,85,67,60,50
Siah3,1,0,0,0,0,1
Cog3,16,6,20,13,18,8
Slc25a30,0,0,0,1,0,0
Gm4285,1,2,1,2,1,1
Tpt1,824,622,1187,1450,1108,1011
Gtf2f2,11,6,21,29,38,19
Kctd4,70,63,122,106,104,80
Gpalpp1,11,11,17,19,19,11
Nufip1,11,7,15,12,21,11
Rps2-ps6,0,1,0,0,0,0
Tsc22d1,500,337,724,354,599,552
4930444M15Rik,1,0,0,0,0,0
Serp2,37,16,51,32,36,27
Lacc1,3,9,3,7,8,6
Ccdc122,0,1,0,1,3,2
Enox1,7,2,6,7,11,5
Gm6994,0,0,1,0,1,0
Dnajc15,16,15,29,32,31,23
Epsti1,1,3,1,4,1,0
Akap11,72,46,108,86,118,73
Dgkh,0,2,3,2,1,2
Vwa8,9,11,26,9,20,6
Rgcc,431,237,572,252,343,390
Naa16,17,9,25,22,18,18
Mtrf1,3,6,5,8,8,7
Kbtbd7,35,18,56,26,38,24
Kbtbd6,0,0,2,2,0,0
Wbp4,46,27,56,79,80,52
Elf1,27,15,32,47,33,29
Sugt1,44,26,74,72,56,59
Lect1,3,2,4,10,6,3
Pcdh8,31,6,36,15,14,32
Gm9748,0,0,1,1,0,0
Pcdh17,166,128,278,224,432,226
Diaph3,9,16,16,13,21,19
Tdrd3,11,10,26,18,18,7
Pcdh20,74,49,122,59,80,71
Gm10110,1,1,0,0,0,1
Pcdh9,188,140,278,391,244,213
Klhl1,0,0,0,1,0,0
Dach1,8,11,10,6,8,10
Mzt1,43,28,60,58,56,40
Bora,2,0,3,4,1,1
Dis3,9,3,7,12,10,4
Pibf1,14,13,25,18,35,17
Klf5,0,0,1,0,1,1
Klf12,1,1,2,2,1,0
Tbc1d4,3,3,7,13,6,6
Commd6,68,31,85,81,76,57
Uchl3,72,36,104,89,92,88
Lmo7,0,0,1,0,0,1
Kctd12,29,26,29,80,107,12
Gm26778,0,1,3,0,1,0
Cln5,16,7,27,23,18,18
Fbxl3,62,46,87,85,77,32
Mycbp2,102,70,178,138,135,129
Scel,32,27,39,25,43,33
Slain1,71,24,79,243,96,54
Ednrb,309,172,612,235,389,253
Pou4f1,1,0,0,1,0,0
Rnf219,24,10,47,23,36,24
Rbm26,74,44,119,98,111,64
Ndfip2,85,50,105,141,131,75
Gm10076,45,12,38,35,27,35
Spry2,87,72,134,95,131,79
Slitrk1,67,50,109,56,80,74
Slitrk6,9,9,17,16,13,20
Slitrk5,70,38,128,68,100,76
Tpm3-rs7,0,1,1,1,1,0
Mir17hg,1,0,2,1,7,3
Gpc5,109,77,151,61,107,122
Gpc6,53,21,83,51,41,33
Dct,14,9,21,20,148,19
Tgds,9,9,13,12,15,9
Gpr180,29,18,49,41,57,48
Sox21,70,69,128,84,104,119
1700044C05Rik,0,0,0,0,2,0
Abcc4,4,3,6,1,7,5
Cldn10,21,45,56,29,27,43
Dzip1,35,21,37,21,22,21
Dnajc3,54,56,89,103,78,129
Uggt2,23,12,29,30,30,16
Oxgr1,0,0,0,0,0,1
Mbnl2,179,73,222,265,310,152
Rap2a,97,49,148,220,181,106
Ipo5,51,34,59,42,61,37
Farp1,48,32,56,36,34,42
Stk24,9,8,18,11,14,9
Slc15a1,1,0,0,0,0,0
Dock9,114,53,142,106,118,78
1810041H14Rik,0,1,0,1,0,0
Ubac2,33,29,46,44,44,41
Gpr183,5,3,4,14,6,0
Tm9sf2,115,59,136,122,123,105
Clybl,6,3,8,0,5,7
Zic5,0,1,0,0,0,0
Pcca,21,12,34,18,40,24
Ggact,1,4,1,4,4,4
Tmtc4,1,1,1,1,1,1
Nalcn,47,45,79,37,52,56
Itgbl1,1,0,0,0,0,0
Fgf14,13,4,14,8,12,2
Gm17615,2,1,3,0,1,0
Gm26870,0,2,2,5,0,10
Alkbh8,12,8,27,24,19,18
Cwf19l2,36,21,28,24,44,24
Gucy1a2,9,5,10,3,9,4
Aasdhppt,39,13,35,39,38,43
Kbtbd3,14,10,15,27,16,12
Msantd4,29,8,32,29,26,32
Gria4,142,76,211,104,129,100
Casp1,1,2,1,4,1,1
Casp4,5,5,3,6,5,1
Casp12,0,0,0,1,0,2
Pdgfd,0,0,4,1,2,2
Dync2h1,21,10,36,29,17,23
Dcun1d5,56,28,88,80,72,65
Mmp8,0,1,0,0,0,0
Gm10709,3,1,3,2,5,3
Tmem123,7,7,7,33,14,10
Birc2,67,32,84,166,72,52
Birc3,1,1,2,2,7,1
Yap1,7,4,10,6,9,5
9230110C19Rik,0,1,1,0,4,2
Cep126,2,5,5,7,4,1
Trpc6,0,0,0,1,0,0
Pgr,5,0,8,2,6,1
Gm16485,3,0,2,0,0,0
Arhgap42,10,6,10,7,11,11
Jrkl,5,11,9,19,16,14
Ccdc82,7,4,6,6,9,6
Phxr4,38,28,60,56,55,60
Maml2,55,41,87,81,95,87
Mtmr2,19,17,25,54,27,9
Cep57,19,9,43,21,24,16
Fam76b,22,11,43,36,38,15
Sesn3,98,99,202,118,144,129
Endod1,31,19,48,117,53,28
Kdm4d,1,1,1,1,0,1
Cwc15,97,59,134,149,139,92
Amotl1,23,13,28,23,33,20
Fut4,0,1,0,1,0,0
1700012B09Rik,1,0,0,0,0,0
Ankrd49,17,3,14,28,31,10
Mre11a,10,5,19,19,13,6
Gm16302,0,1,0,0,0,0
Panx1,21,19,53,31,38,59
Vstm5,17,11,19,9,14,11
Med17,27,19,33,43,34,30
4931406C07Rik,31,15,32,31,35,28
Taf1d,36,24,52,65,88,58
Cep295,18,5,28,17,22,17
Smco4,16,9,24,15,15,16
Slc36a4,28,11,15,19,24,15
Fat3,36,17,49,25,30,20
Chordc1,25,21,35,39,40,59
Naalad2,0,3,0,1,2,1
Zfp558,3,0,2,0,1,0
Zfp317,18,11,28,16,18,14
Zfp560,34,27,38,35,38,47
Gm26733,10,3,12,4,9,0
Zfp26,24,16,28,30,25,7
Zfp426,23,11,30,20,24,19
Zfp266,51,33,69,64,59,36
Zfp846,5,2,7,8,8,7
Fbxl12os,1,3,4,5,1,5
Gm26521,1,1,2,7,3,2
Fbxl12,20,5,15,23,25,18
Ubl5,195,124,261,202,234,207
Pin1,38,18,44,62,48,50
Olfm2,76,36,121,33,38,70
Col5a3,21,21,25,28,20,39
A230050P20Rik,17,23,34,32,34,32
Angptl6,8,10,18,13,11,20
Ppan,16,9,25,22,24,25
Eif3g,45,51,83,94,72,67
Dnmt1,31,4,49,45,38,33
S1pr2,28,17,36,11,27,40
Mrpl4,40,32,81,45,68,63
Icam1,10,10,8,36,21,8
Icam5,0,1,1,0,3,2
Gm26592,0,0,0,1,0,0
Zglp1,2,1,1,2,0,0
Fdx1l,31,15,44,39,33,29
Raver1,41,24,27,35,40,24
Tyk2,10,7,8,10,4,5
Cdc37,46,23,69,74,74,72
Pde4a,20,15,25,27,27,24
Keap1,35,13,53,52,51,53
S1pr5,10,0,5,48,20,3
Atg4d,10,9,21,25,18,8
Kri1,14,4,17,24,18,15
Cdkn2d,28,7,39,65,39,34
Slc44a2,23,11,36,16,28,29
Ilf3,53,30,71,50,69,48
Gm16853,0,0,1,0,1,0
Qtrt1,5,8,19,9,17,11
Dnm2,51,22,61,79,74,59
Tmed1,50,21,53,33,55,37
AB124611,0,0,1,1,0,0
Carm1,18,10,17,35,47,23
Yipf2,12,7,21,16,19,13
1810026J23Rik,23,17,27,27,21,22
Smarca4,82,46,117,98,108,86
Gm26511,0,0,0,0,1,0
Ldlr,4,3,7,9,5,0
Spc24,2,2,3,3,3,0
Kank2,4,4,11,1,5,2
Dock6,6,3,7,6,6,10
Rab3d,3,0,2,3,4,4
Tmem205,38,32,54,72,58,64
Ccdc159,0,0,0,1,1,0
Plppr2,41,16,30,26,34,20
Swsap1,2,2,10,9,8,7
Epor,0,0,0,3,0,0
Rgl3,9,7,13,3,5,9
Ccdc151,0,0,0,2,1,0
Prkcsh,69,44,87,82,81,69
Elavl3,118,68,180,343,256,172
Zfp653,15,4,8,12,8,15
Gm16845,0,1,0,1,0,0
Ecsit,22,14,33,25,44,36
Elof1,42,31,60,57,54,53
Acp5,0,1,0,0,2,0
Pigyl,71,51,104,124,96,92
Zfp872,0,0,1,1,1,0
Zfp809,7,3,6,3,2,2
Zfp599,3,0,1,2,1,0
Zfp810,3,3,7,4,14,3
Anln,2,2,14,33,11,3
9530077C05Rik,14,6,16,9,35,13
Rp9,34,15,44,57,37,21
Bbs9,5,5,9,13,6,7
Bmper,10,2,13,8,9,8
Dpy19l1,86,52,135,90,84,79
Herpud2,40,28,56,69,75,51
Gm29375,0,0,0,2,1,0
Sept7,616,411,825,1169,959,938
Eepd1,3,0,4,2,4,0
B3gat1,119,59,198,110,172,96
Glb1l2,0,0,0,1,0,0
Acad8,16,11,35,24,25,21
Thyn1,42,18,51,35,37,49
Vps26b,39,19,61,35,51,31
Ncapd3,20,22,15,27,19,16
Jam3,126,62,205,344,223,218
Igsf9b,3,3,6,3,1,2
Spata19,0,0,0,1,1,0
Opcml,487,315,646,577,549,558
Ntm,247,169,356,238,417,309
Gm15520,1,3,3,5,2,0
Snx19,17,10,31,26,39,16
Adamts8,2,1,2,0,0,0
Zbtb44,37,24,38,41,45,14
St14,0,0,3,2,3,1
Aplp2,339,206,444,438,365,372
Prdm10,3,1,3,2,3,1
Nfrkb,29,5,23,22,10,14
Barx2,5,7,15,6,42,19
Arhgap32,30,32,46,35,45,40
Kcnj5,0,0,1,2,0,1
Fli1,4,1,3,11,11,5
Ets1,22,20,26,34,26,19
Kirrel3,14,3,14,25,23,12
Gm26662,0,0,0,0,1,0
St3gal4,19,10,13,28,20,9
Dcps,21,9,47,40,31,35
Tirap,5,2,4,8,8,10
Srpr,48,22,44,53,50,51
Foxred1,9,3,13,16,15,6
Fam118b,17,10,21,28,29,28
Rpusd4,8,4,9,10,18,8
Cdon,11,3,13,7,6,4
Ddx25,10,6,25,15,17,15
Pus3,15,5,23,22,17,15
Hyls1,4,0,2,1,1,2
Pate2,0,0,1,1,0,0
Gm17252,0,0,0,1,0,0
9230113P08Rik,1,0,0,0,0,0
Chek1,5,0,4,1,1,1
Stt3a,56,26,73,81,66,53
Ei24,58,28,62,81,67,81
Fez1,242,110,358,549,237,252
Pknox2,28,21,43,28,29,17
Gm3896,0,1,0,1,0,0
Tmem218,5,2,9,6,5,4
Slc37a2,0,1,0,0,2,5
Ccdc15,3,1,3,3,1,1
Hepacam,113,85,163,123,163,129
Robo3,1,0,0,0,0,0
Msantd2,24,11,29,18,30,28
Esam,0,0,3,1,1,1
Nrgn,0,1,3,4,3,2
Spa17,8,5,8,5,7,3
Siae,12,13,18,10,23,8
Tbrg1,40,20,52,57,47,49
Vwa5a,11,10,13,24,7,6
Olfr920,0,0,0,1,0,0
AW551984,3,1,4,2,2,1
Zfp202,4,2,3,3,10,2
Scn3b,15,8,9,11,19,10
Gramd1b,49,27,81,53,50,47
Hspa8,1058,711,1667,1613,871,1804
4931429I11Rik,0,0,0,0,0,1
Crtam,0,0,0,1,1,0
Ubash3b,9,1,9,19,10,6
1700063D05Rik,1,0,1,0,2,1
Sorl1,4,6,7,7,5,3
Sc5d,32,20,43,88,51,28
Tecta,0,1,2,0,0,0
Tbcel,21,22,33,28,42,26
Grik4,31,17,56,36,43,59
Arhgef12,58,29,84,71,70,40
Tmem136,19,16,34,16,29,14
Oaf,4,4,11,12,5,2
Pvrl1,60,31,103,56,66,75
Thy1,6,3,25,5,5,2
Rnf26,23,20,32,23,37,33
Usp2,51,34,80,68,92,73
Mfrp,0,0,0,0,1,0
Gm26737,0,0,0,1,8,0
Gm10687,1,0,0,7,3,1
Mcam,15,15,31,150,55,15
Cbl,81,55,127,88,87,89
Ccdc153,1,0,1,2,0,0
Nlrx1,9,0,8,6,8,6
Abcg4,16,10,17,16,11,15
Hinfp,1,1,4,2,1,0
C2cd2l,11,6,17,15,23,9
Dpagt1,7,5,10,14,12,17
H2afx,25,12,35,44,32,42
Hmbs,16,10,15,21,17,21
Vps11,16,20,38,33,39,29
Hyou1,22,15,38,31,23,37
Slc37a4,13,14,20,15,22,20
Trappc4,47,22,68,109,66,76
Rps25,271,200,347,367,421,289
Ccdc84,8,7,7,7,5,5
Gm9830,0,0,0,0,0,1
C030014I23Rik,2,1,2,3,2,2
Bcl9l,20,7,21,16,27,21
Ddx6,133,103,220,158,185,149
Phldb1,187,104,263,272,229,194
Arcn1,48,37,61,78,77,60
Ift46,25,21,32,35,42,26
Tmem25,1,4,7,4,5,1
Ttc36,0,1,0,1,1,0
Kmt2a,80,64,143,113,92,122
Atp5l,229,132,337,274,306,271
Ube4a,38,34,66,49,50,36
Cd3g,1,0,1,0,0,0
Cd3d,0,0,1,0,0,0
Mpzl3,2,0,0,0,5,0
Scn2b,9,2,16,6,10,19
Il10ra,5,4,3,27,13,3
Fxyd6,239,82,286,119,234,226
Fxyd2,6,2,7,0,0,2
Dscaml1,40,13,47,35,43,60
Cep164,14,8,31,16,16,24
Bace1,57,29,93,112,121,71
Gm16536,12,13,18,15,27,13
Rnf214,34,15,39,36,29,27
Pcsk7,6,2,8,11,11,5
Sidt2,24,16,50,37,43,22
Pafah1b2,55,39,84,109,74,55
Sik3,48,38,89,98,71,52
Apoa1,4,0,0,0,0,0
Zpr1,23,13,23,39,22,26
Bud13,3,6,5,7,8,9
2900052N01Rik,1,3,2,1,1,0
Cadm1,144,119,243,203,240,277
Nxpe2,0,0,0,0,1,0
Nxpe4,2,4,11,14,12,4
Rexo2,87,42,138,107,71,100
Rbm7,46,36,74,83,79,70
Gm5617,11,9,23,10,29,12
Zbtb16,15,19,16,4,5,8
Usp28,12,6,16,2,11,0
Zw10,10,7,9,13,8,11
Tmprss5,0,0,0,3,6,0
Ttc12,0,0,1,2,0,0
Ncam1,464,298,648,505,572,473
Gm11149,0,0,0,1,0,0
Rpl10-ps3,2,1,7,4,3,5
Plet1os,0,0,1,0,1,3
Pts,20,16,49,35,33,20
Bco2,0,1,2,0,3,0
Il18,84,33,84,81,83,78
Sdhd,41,36,58,67,64,58
Timm8b,82,52,121,106,112,88
AU019823,14,13,20,36,24,28
Pih1d2,1,0,2,0,0,2
Dlat,32,16,34,42,45,39
Dixdc1,19,11,23,69,34,24
Hspb2,1,0,0,1,1,0
Cryab,366,173,526,1323,589,391
1110032A03Rik,34,16,57,38,45,36
Fdxacb1,4,0,4,7,8,8
Alg9,19,12,29,29,27,26
Ppp2r1b,13,15,20,19,29,21
Sik2,16,17,36,39,39,27
Layn,0,0,1,2,1,0
2010007H06Rik,0,1,0,0,0,0
Gm7293,1,1,0,0,0,0
Arhgap20,42,17,71,48,64,43
Arhgap20os,0,0,1,0,0,0
Fdx1,30,28,43,33,30,24
Rdx,181,93,262,345,247,239
Zc3h12c,6,3,14,20,18,9
AI593442,25,9,18,19,14,18
Ddx10,13,3,21,12,17,23
Kdelc2,17,5,18,11,17,11
4930550C14Rik,0,0,0,0,1,0
Atm,24,3,25,23,25,20
Npat,22,11,34,39,20,21
Acat1,67,43,80,79,83,84
Cul5,52,39,97,98,97,71
Gm16124,0,1,1,1,1,3
Rab39,0,5,2,2,5,2
Slc35f2,0,0,1,1,2,1
Elmod1,8,6,14,6,17,11
Tnfaip8l3,0,1,0,0,0,2
Dmxl2,33,19,52,40,45,31
Cib2,16,11,26,12,18,22
Idh3a,31,27,67,78,64,70
Acsbg1,7,11,11,2,4,4
Dnaja4,13,8,26,25,17,17
Wdr61,46,21,68,31,58,50
Ireb2,35,32,49,45,40,27
Hykk,3,3,4,5,12,7
Psma4,118,82,164,163,169,132
Ube2q2,19,16,32,29,32,26
Fbxo22,28,13,38,37,44,37
Nrg4,0,0,1,0,1,0
Tmem266,4,2,7,7,12,6
Etfa,30,28,59,50,50,28
Scaper,21,16,47,41,32,40
Rcn2,110,85,203,119,145,122
Pstpip1,6,3,6,5,4,4
Tspan3,703,464,1136,767,772,926
Peak1,36,16,51,46,55,48
Hmg20a,30,14,48,39,38,27
Lingo1,87,49,153,55,75,109
Cspg4,553,350,809,435,626,606
Snx33,16,5,27,20,11,19
Imp3,78,45,113,130,107,100
Snupn,11,4,15,15,19,14
Ptpn9,32,20,36,30,34,15
Sin3a,13,6,25,22,30,18
2700012I20Rik,0,0,2,2,2,2
Man2c1os,0,0,1,3,3,0
Man2c1,14,7,21,31,19,12
Neil1,8,2,9,5,7,3
Commd4,71,44,51,72,82,64
1700017B05Rik,13,3,6,9,17,5
Ppcdc,7,8,12,10,15,6
Scamp5,90,71,161,137,167,93
Rpp25,6,1,2,2,4,3
Cox5a,104,75,195,193,156,177
Gm26631,1,1,1,3,4,5
Fam219b,17,8,31,25,22,17
Mpi,9,5,13,17,18,13
Scamp2,68,44,132,131,117,129
Ulk3,9,7,13,14,13,15
Cplx3,1,0,0,2,20,0
Csk,42,24,50,54,70,38
Edc3,11,10,12,10,20,12
Clk3,19,13,32,36,40,25
Gm17231,1,0,0,0,0,0
Arid3b,9,1,2,15,6,1
Ubl7,25,13,34,29,67,31
Sema7a,23,16,36,17,33,22
Ccdc33,0,0,0,0,1,0
Stra6,0,0,1,0,0,1
Islr,4,0,3,1,0,4
Islr2,0,0,0,2,0,0
Pml,5,5,10,6,14,10
Stoml1,27,14,37,25,22,25
Loxl1,2,2,7,2,1,1
6030419C18Rik,27,17,51,24,33,25
Cd276,24,7,30,24,31,19
Nptn,106,88,205,141,160,168
Rec114,1,0,0,1,0,0
Hcn4,0,0,0,1,0,0
Neo1,102,61,143,122,130,85
Adpgk,8,7,18,16,24,17
Bbs4,14,11,14,8,17,18
Arih1,45,31,46,61,55,47
Tmem202,0,0,0,0,1,1
Hexa,66,48,95,102,65,74
Celf6,2,0,0,0,3,1
Parp6,10,8,14,14,17,10
Pkm,196,122,263,190,226,280
Gramd2,0,1,0,0,0,0
Senp8,10,7,8,14,12,17
Myo9a,42,24,56,57,50,30
Thsd4,6,2,9,5,8,2
Lrrc49,42,23,69,41,44,43
B930082K07Rik,2,0,1,1,0,2
Larp6,8,6,13,34,20,17
1700036A12Rik,1,0,0,0,0,0
Uaca,1,0,0,1,2,1
Gm10655,0,0,1,0,0,1
Tle3,56,21,63,46,38,36
Rplp1,530,363,678,801,782,752
Kif23,0,0,1,0,0,0
Paqr5,1,0,0,0,0,1
Glce,17,11,25,15,13,14
Anp32a,121,56,151,136,119,137
Coro2b,2,1,3,23,12,0
Fem1b,36,16,66,45,54,40
Gm26609,4,4,6,3,2,2
Cln6,9,4,13,3,14,6
Calml4,7,1,1,0,3,8
Pias1,44,23,68,39,80,56
Map2k5,23,11,31,29,28,34
2300009A05Rik,34,13,36,46,33,38
Aagab,17,13,16,19,14,6
Smad3,28,8,33,25,29,26
Smad6,0,0,0,1,1,0
Lctl,0,0,0,2,0,0
Zwilch,1,0,2,2,0,0
Rpl4,119,83,175,260,178,193
Snapc5,26,11,42,56,44,50
Map2k1,38,29,72,68,57,38
Uchl4,2,2,1,4,3,3
Tipin,29,13,31,32,30,10
Dis3l,12,5,18,12,14,16
Megf11,198,139,307,174,225,191
Rab11a,143,78,230,215,204,207
Dennd4a,46,30,72,67,75,50
Slc24a1,1,0,0,1,0,0
Vwa9,43,24,42,45,38,35
Hacd3,60,34,95,55,73,57
Dpp8,18,9,24,15,24,18
Igdcc4,10,9,28,13,16,7
Igdcc3,4,4,4,0,2,5
Parp16,6,3,7,1,4,1
Clpx,15,15,43,36,31,24
Pdcd7,16,6,19,25,17,30
Kbtbd13,1,0,0,1,0,0
Rasl12,15,8,19,6,13,5
Mtfmt,10,8,15,8,9,5
Spg21,34,29,57,49,59,65
Plekho2,4,9,10,15,13,8
Rbpms2,1,1,2,0,1,1
Oaz2,56,26,57,48,55,57
Zfp609,19,14,20,21,30,18
Trip4,48,23,50,51,52,30
2810417H13Rik,3,0,1,2,1,0
Csnk1g1,29,16,37,44,55,48
Ppib,395,259,591,494,471,460
Snx22,140,103,266,157,210,249
Snx1,183,111,281,177,183,225
Fam96a,55,37,72,73,68,57
Dapk2,2,0,10,6,4,5
Herc1,74,66,126,107,98,90
Fbxl22,1,1,1,0,1,0
Usp3,37,21,52,36,30,40
Car12,2,2,2,2,3,1
Aph1b,40,33,57,28,45,50
Gm10647,1,0,2,1,1,0
Aph1c,15,10,28,10,21,16
Rab8b,72,45,82,61,77,44
Rps27l,120,95,175,137,163,166
Lactb,37,13,33,24,31,36
Tpm1,287,117,434,291,325,331
Tln2,36,17,50,30,27,27
M5C1000I18Rik,1,0,2,0,3,0
C2cd4b,0,0,1,2,1,0
Vps13c,10,9,19,16,22,15
Rora,35,39,67,59,73,45
Ice2,17,14,20,18,11,11
Anxa2,2,3,1,4,1,5
Bnip2,27,28,47,35,38,39
Gtf2a2,84,43,123,109,98,91
Fam81a,1,1,0,2,3,0
Myo1e,3,0,5,8,4,2
Ccnb2,0,0,0,1,0,1
Rnf111,15,9,24,28,30,32
Sltm,39,35,81,79,82,73
Fam63b,120,69,177,131,157,109
Gm10642,0,2,3,0,0,1
Adam10,91,63,108,86,89,66
Polr2m,43,19,68,60,60,37
Tcf12,124,91,206,212,211,144
Gm27253,2,0,2,2,0,0
Zfp280d,62,35,76,97,76,50
BC065403,0,1,0,0,0,0
Mns1,2,6,4,6,3,1
Tex9,15,12,18,25,10,20
Rfx7,46,27,101,73,63,61
Nedd4,154,133,267,236,267,209
Prtg,4,7,14,17,8,13
Pygo1,37,31,44,45,32,33
Dyx1c1,5,0,4,3,3,2
Ccpg1os,6,3,11,2,12,12
Ccpg1,25,20,27,41,26,24
Pigb,13,8,10,15,20,15
Rab27a,9,6,9,11,6,2
Khdc3,0,0,2,0,0,0
Rsl24d1,41,33,52,56,66,63
Unc13c,29,27,60,24,48,37
Fam214a,11,8,16,56,21,6
Arpp19,97,55,139,115,129,110
Myo5a,107,91,187,126,138,86
Myo5c,1,0,1,1,1,0
Gnb5,0,1,0,0,1,0
Mapk6,14,18,30,47,32,26
4933433G15Rik,0,0,0,1,1,0
A130057D12Rik,0,0,1,0,0,0
Leo1,19,13,32,30,28,20
Tmod3,24,17,31,33,19,17
Tmod2,92,58,113,179,141,102
Lysmd2,27,24,51,32,29,37
Scg3,80,68,146,69,130,134
Bmp5,1,0,5,1,0,0
Hmgcll1,19,5,16,14,15,13
Mlip,1,0,1,1,2,0
5730403I07Rik,0,0,1,1,1,0
Lrrc1,13,9,25,24,24,24
Gclc,29,18,42,49,54,33
Elovl5,49,52,104,70,73,63
Fbxo9,30,14,36,54,48,32
Ick,61,26,67,143,105,50
C920006O11Rik,8,4,14,12,13,9
Gsta4,16,16,46,12,25,42
Ddx43,6,0,7,10,7,1
Mb21d1,0,0,0,3,0,1
Gm17324,0,0,1,0,0,0
Mto1,28,11,19,23,24,21
Eef1a1,802,507,1236,1499,1259,1376
Slc17a5,14,12,15,27,34,20
Cd109,0,1,0,0,0,0
Cox7a2,200,148,301,208,270,248
Tmem30a,156,121,201,225,177,162
Filip1,1,0,3,4,2,0
Senp6,112,52,142,142,164,116
Gm17477,10,8,16,7,15,4
Myo6,36,33,58,127,83,35
Mei4,1,1,5,1,3,2
Irak1bp1,25,15,47,32,35,37
Phip,132,71,170,138,169,160
Hmgn3,90,70,128,141,125,112
Lca5,9,3,16,17,8,11
Sh3bgrl2,7,2,3,8,1,2
Gm2109,0,1,0,0,0,0
Elovl4,47,20,55,34,41,47
Ttk,1,0,2,0,0,0
Bckdhb,13,6,34,23,8,20
Fam46a,18,11,23,39,29,27
Ibtk,14,10,32,31,20,24
Tpbg,0,6,6,1,4,4
Ube2cbp,1,0,3,3,1,2
Dopey1,54,25,65,71,76,47
Pgm3,14,11,20,28,16,24
Rwdd2a,10,6,9,6,8,11
Me1,40,36,66,48,48,47
A330041J22Rik,1,3,2,2,2,6
Prss35,2,1,3,2,3,1
Snap91,33,28,52,30,59,47
Ripply2,10,11,7,7,12,13
Cyb5r4,24,18,25,31,31,20
Cep162,10,6,23,24,26,16
Nt5e,15,6,20,7,14,14
Snx14,55,33,71,41,69,53
Gm20537,0,0,1,0,0,0
Syncrip,77,43,120,125,85,76
Zfp949,22,7,27,15,19,15
Trim43a,0,0,0,1,0,0
9430037G07Rik,1,2,0,0,1,1
Gm29415,0,0,0,1,0,0
Mthfsl,38,31,53,48,63,60
Gm10634,0,1,0,0,0,0
Bcl2a1d,0,0,2,1,0,2
Trim43c,1,0,0,0,0,0
Bcl2a1a,2,0,3,5,1,4
4930579C12Rik,0,0,0,1,0,0
Bcl2a1b,12,13,9,21,10,8
Mthfs,17,23,34,28,24,26
AF529169,3,1,9,3,4,2
Tmed3,44,32,88,71,72,77
Rasgrf1,35,24,55,26,43,40
Ctsh,6,8,8,47,11,15
Morf4l1,299,188,436,434,476,369
Gm26882,8,4,10,13,21,3
Adamts7,3,1,3,1,1,1
Tbc1d2b,4,4,4,6,2,2
Zic1,3,1,1,3,0,3
Zic4,0,0,0,0,1,0
Plscr1,9,3,6,7,8,9
Plscr2,1,0,1,4,1,2
Plscr4,20,9,21,13,23,16
Plod2,11,10,21,21,19,16
1190002N15Rik,26,14,36,38,26,31
Slc9a9,22,10,52,43,37,34
Chst2,222,304,346,168,324,358
U2surp,98,71,147,154,124,117
Gm28424,0,2,0,0,2,1
Paqr9,17,10,21,8,17,5
Pcolce2,16,22,17,23,10,9
Trpc1,44,22,61,61,60,50
Pls1,7,4,10,26,18,7
1700065D16Rik,0,1,1,0,0,0
Atr,29,16,41,26,36,24
Gm16794,4,3,7,5,6,1
Xrn1,37,20,56,38,54,46
Gk5,4,4,2,11,3,7
Tfdp2,26,21,38,75,50,40
Atp1b3,74,54,129,106,86,79
BC043934,0,1,0,1,1,1
Rnf7,120,71,156,248,174,130
Rasa2,72,46,86,76,62,73
Zbtb38,44,29,93,73,88,85
A930006L05Rik,1,1,0,0,0,0
Pxylp1,14,7,11,7,8,15
Spsb4,16,11,29,13,27,27
Gm19325,2,0,1,3,0,0
Gm26767,1,0,3,1,1,1
Slc25a36,56,34,92,96,101,61
Gm16185,0,0,0,2,1,0
Clstn2,3,2,4,6,4,4
Nmnat3,1,0,2,1,5,2
Rbp1,7,7,15,4,7,26
Rbp2,0,0,0,1,0,0
Copb2,50,36,70,81,75,58
Mrps22,21,7,26,18,24,29
Gm37637,0,0,0,0,1,0
Faim,40,22,73,73,63,56
Gm1123,0,1,0,0,0,0
Pik3cb,16,12,18,13,17,14
Cep70,8,4,12,12,12,11
Mras,38,34,66,30,48,49
Armc8,33,22,37,41,41,29
Dbr1,9,4,11,12,14,8
Dzip1l,12,11,13,11,15,10
Il20rb,0,0,0,1,0,0
Nck1,23,14,34,22,28,27
Slc35g2,0,1,0,2,0,0
Stag1,58,41,65,50,65,56
Pccb,21,13,27,31,33,24
Msl2,40,30,56,50,57,43
Ppp2r3a,66,48,113,130,123,96
Ephb1,11,5,18,39,42,30
Gm26846,0,0,0,1,0,0
Ky,1,0,2,1,1,0
Cep63,18,7,23,20,16,15
Anapc13,94,56,106,84,129,86
Amotl2,69,47,95,88,108,74
Ryk,63,37,117,84,101,90
Slco2a1,0,0,1,0,1,1
Rab6b,62,36,100,86,82,86
Srprb,29,14,40,31,43,38
Trf,120,35,161,875,163,95
1300017J02Rik,0,0,0,0,1,0
Topbp1,25,10,25,22,19,13
Cdv3,101,45,153,182,107,118
Bfsp2,52,24,78,166,171,119
Tmem108,117,42,162,238,209,162
4932413F04Rik,0,1,0,2,1,0
Nphp3,18,6,16,12,7,9
Uba5,37,19,77,58,49,72
Acad11,11,6,10,6,18,7
Ackr4,0,0,0,1,0,0
Dnajc13,18,16,41,31,34,34
Mrpl3,40,17,45,45,41,42
Nudt16,18,7,13,20,16,9
Nek11,0,0,1,0,0,1
Aste1,9,4,28,15,14,10
Atp2c1,97,64,139,136,104,79
Pik3r4,20,16,25,25,17,18
Col6a6,1,0,0,0,0,1
D030055H07Rik,0,0,0,1,0,0
Glyctk,0,2,0,1,0,0
Wdr82,46,35,88,49,86,55
Ppm1m,6,4,10,16,15,8
Twf2,21,16,23,36,25,24
Alas1,12,7,13,17,21,16
Poc1a,7,2,4,21,15,11
Dusp7,40,18,68,74,65,38
Rpl29,229,125,340,325,320,321
Acy1,1,3,5,12,5,8
Abhd14a,23,28,64,38,28,40
Abhd14b,8,3,11,11,10,10
Gm28959,0,1,0,0,0,0
Pcbp4,145,71,176,264,204,181
Gpr62,18,4,11,100,19,11
Parp3,0,1,1,2,1,0
Rrp9,19,12,25,32,33,21
Tex264,59,28,80,68,50,68
Rad54l2,18,10,19,25,18,12
Vprbp,23,11,41,26,21,25
Manf,160,132,274,147,86,384
Rbm15b,24,12,36,40,44,36
4930524O07Rik,1,2,0,0,0,0
Dock3,38,24,49,52,58,34
Mapkapk3,0,2,3,1,2,2
Cish,0,0,1,2,0,1
Hemk1,11,4,14,10,12,9
6430571L13Rik,3,1,2,2,4,0
Cacna2d2,30,24,65,26,43,28
Tmem115,26,19,53,45,37,45
Cyb561d2,16,9,31,33,24,25
Nprl2,16,7,28,22,18,27
Zmynd10,0,0,0,0,0,1
Rassf1,31,15,34,69,59,62
Gm9917,1,1,1,2,1,0
Tusc2,27,17,44,34,43,41
Hyal2,13,6,18,13,19,28
Hyal1,1,4,6,9,4,2
Nat6,6,3,13,16,17,12
Hyal3,3,1,3,0,1,2
Ifrd2,6,3,9,7,10,1
Gm38150,2,0,0,1,0,0
Sema3b,3,0,3,6,4,7
Gnai2,329,184,461,409,422,447
Slc38a3,54,29,107,44,85,52
Gnat1,0,0,1,0,1,0
Sema3f,1,0,2,0,0,0
Rbm5,141,85,176,203,190,182
Gm37850,1,1,0,2,1,0
Rbm6,52,20,90,84,57,61
Mon1a,9,4,12,11,11,15
Camkv,0,1,3,2,2,1
Traip,1,0,1,0,0,0
Uba7,0,1,0,2,1,2
Fam212a,2,0,2,12,3,1
Cdhr4,0,0,0,0,1,0
Ip6k1,56,47,85,72,92,72
Gm38134,0,0,2,2,2,0
Gmppb,14,9,12,10,12,15
Rnf123,11,9,14,17,15,14
Amigo3,2,0,2,0,4,2
Apeh,7,6,15,13,11,15
Bsn,15,7,16,12,23,9
Dag1,132,64,229,102,165,146
Nicn1,23,12,51,37,30,47
Amt,20,22,32,14,31,14
Tcta,13,10,23,27,28,11
Rhoa,178,147,313,348,250,222
Gm37401,0,0,0,1,0,0
Gpx1,36,25,55,124,79,81
Usp4,39,31,66,46,52,58
1700102P08Rik,0,1,1,1,0,2
Ccdc36,0,0,0,0,1,1
Klhdc8b,8,16,23,23,21,11
Ccdc71,7,6,13,11,14,12
Lamb2,0,1,0,0,0,1
Usp19,55,40,73,71,77,52
Qars,13,11,25,35,32,23
Qrich1,42,32,68,83,87,52
Impdh2,43,25,58,53,48,43
Ndufaf3,27,19,41,31,25,33
Dalrd3,28,18,32,23,22,31
Wdr6,38,41,69,53,72,37
P4htm,16,19,31,45,34,34
Arih2,26,19,33,32,39,20
Slc25a20,24,15,31,31,32,29
Prkar2a,62,30,72,49,74,61
Ip6k2,54,32,78,66,66,47
Nckipsd,3,6,14,8,10,10
Celsr3,1,5,0,1,7,2
Slc26a6,4,1,3,5,9,1
Uqcrc1,85,52,103,100,113,99
Col7a1,0,1,1,2,0,1
Ucn2,1,0,0,0,0,0
Pfkfb4,4,6,13,16,11,1
Shisa5,31,20,44,28,32,49
Gm42641,0,1,1,0,0,1
Atrip,6,0,1,3,3,0
Tma7,150,111,228,182,195,158
Ccdc51,4,3,7,11,4,7
Gm7628,1,0,2,0,2,0
Plxnb1,49,25,73,60,72,52
Gm42756,0,0,1,1,1,0
Nme6,10,4,13,13,15,14
Camp,0,2,0,0,0,0
Cdc25a,14,3,14,21,8,2
Map4,56,34,78,66,66,49
Dhx30,89,44,112,101,100,92
Smarcc1,77,37,100,80,109,80
Cspg5,2548,1543,4009,2127,3020,2934
Elp6,20,9,17,24,27,11
Scap,37,31,79,43,57,31
Ptpn23,16,14,33,32,31,35
Ngp,0,2,0,0,1,0
Klhl18,15,8,24,19,26,17
Kif9,0,0,1,0,1,1
Setd2,76,34,92,96,89,78
Nradd,8,0,4,8,11,5
Nbeal2,3,2,3,4,5,7
Ccdc12,61,43,111,108,71,69
Gm42762,0,0,0,0,1,0
Pth1r,14,12,25,13,36,20
Prss50,1,0,2,1,3,4
Tmie,6,4,6,7,7,7
Als2cl,6,9,22,5,15,16
Tdgf1,0,0,0,0,0,1
Lrrc2,7,8,2,3,4,5
Ltf,0,0,0,0,0,1
Ccrl2,6,7,5,7,14,6
Lrrfip2,17,19,36,31,40,30
Mlh1,6,3,13,5,10,5
Epm2aip1,59,45,65,75,87,62
Trank1,5,5,11,11,14,13
Arpp21,85,70,122,114,95,107
2310075C17Rik,0,0,0,0,1,0
2900079G21Rik,4,10,7,6,10,14
Pdcd6ip,25,22,69,94,65,39
Clasp2,79,63,144,112,142,73
Ubp1,32,23,66,39,47,25
Fbxl2,23,7,27,11,23,22
Susd5,135,94,213,88,121,140
Crtap,17,10,23,16,22,17
Glb1,20,13,28,30,21,19
Tmppe,7,6,15,15,11,15
Cnot10,33,18,43,46,36,34
Dync1li1,34,9,34,50,44,41
Cmtm6,25,21,40,37,43,29
Cmtm7,3,9,3,8,5,1
Cmtm8,2,0,0,1,1,1
Gpd1l,23,24,29,18,36,24
Osbpl10,2,4,7,3,3,5
Rps27rt,33,18,38,26,45,20
Stt3b,42,32,82,57,62,68
Tgfbr2,2,3,2,9,7,7
Rbms3,6,6,6,3,15,2
Gm26614,0,0,0,1,1,0
Azi2,29,21,46,46,48,33
Cmc1,19,13,30,22,39,23
Gm17399,2,0,3,0,1,2
Golga4,36,23,46,46,31,33
Itga9,83,65,124,59,66,66
Gm2415,3,0,11,7,5,12
Ctdspl,27,27,38,24,39,50
Plcd1,13,6,17,4,12,14
Dlec1,0,0,2,0,0,0
Acaa1b,0,1,0,1,0,0
Oxsr1,12,6,8,9,17,6
Myd88,3,5,4,12,4,3
Acaa1a,72,34,107,139,121,115
Xylb,1,2,4,4,1,1
Acvr2b,7,3,10,18,21,17
Exog,11,4,13,12,20,8
Scn5a,0,1,0,0,1,0
Gm2449,0,0,1,0,0,1
Wdr48,21,17,31,21,30,22
Cx3cr1,21,56,17,155,60,29
Gorasp1,13,6,19,15,11,17
Csrnp1,12,6,13,32,13,4
Slc25a38,20,12,22,38,18,15
Rpsa,290,193,420,605,488,484
Mobp,219,15,68,1724,239,79
Myrip,7,2,9,10,6,3
Eif1b,331,210,477,439,476,345
Entpd3,0,0,0,1,0,0
Rpl14,267,158,386,469,395,427
5830454E08Rik,4,3,2,0,6,4
Ctnnb1,144,113,235,207,202,146
Ulk4,6,0,3,2,3,6
Trak1,15,10,29,15,26,20
Cck,0,1,1,1,0,0
Vipr1,0,1,0,0,1,0
Sec22c,20,9,15,11,13,13
Deb1,125,51,186,263,263,183
Nktr,192,98,262,265,269,246
Zfp651,32,14,55,49,37,28
Klhl40,3,0,4,1,2,4
Hhatl,0,1,0,2,0,1
Ccdc13,4,3,8,15,9,6
Higd1a,61,38,102,87,69,62
1700048O20Rik,4,3,4,5,5,7
Fam198a,2,1,1,0,2,2
Pomgnt2,15,5,28,9,25,34
Snrk,28,16,50,30,46,44
Ano10,17,7,25,25,22,16
Gm26797,9,2,3,9,11,6
Abhd5,14,13,21,38,28,22
9530059O14Rik,16,10,26,102,88,58
Tcaim,9,6,11,19,7,7
Zfp445,13,5,11,18,7,11
A530083I20Rik,4,4,12,6,8,13
Zkscan7,1,0,0,3,3,1
Zfp105,9,4,11,15,4,12
1110059G10Rik,31,27,53,43,54,49
Kif15,1,0,0,1,1,0
Tmem42,13,12,32,22,22,22
Tgm4,0,0,1,1,0,1
Zdhhc3,39,25,54,56,39,46
Exosc7,33,23,55,44,51,48
Clec3b,0,0,0,0,0,1
Tmem158,21,9,40,19,22,32
Lars2,174,159,345,288,256,45
Limd1,74,33,159,70,99,96
Sacm1l,30,21,36,30,23,23
Slc6a20b,1,3,4,1,2,2
Gm17120,0,0,1,0,0,0
Slc6a20a,1,0,1,0,1,0
Lztfl1,40,28,69,73,87,53
Fyco1,22,16,36,40,42,41
Cxcr6,0,0,0,0,1,0
Ccr1,3,1,0,0,0,0
Ccr2,0,0,0,0,1,0
Ccr5,3,7,2,16,5,3
2010315B03Rik,12,8,18,12,26,12
Ppp2r3d,12,9,24,24,27,22
Sfi1,7,7,16,18,17,11
Drg1,41,17,51,66,53,56
Eif4enif1,23,17,30,28,30,21
Patz1,50,24,59,47,42,41
Pik3ip1,53,43,70,82,85,61
Limk2,7,13,31,19,15,18
Rnf185,9,7,19,18,12,16
Pla2g3,1,1,0,0,1,1
Inpp5j,5,2,4,4,5,3
Selm,131,93,201,191,163,162
Smtn,0,4,4,3,6,4
Morc2a,13,11,29,28,28,11
Osbp2,0,0,1,3,1,1
Dusp18,19,2,43,22,25,30
Slc35e4,22,17,41,46,46,27
Tcn2,34,25,31,31,44,50
Pes1,14,7,24,19,32,18
Gal3st1,133,69,188,288,202,171
Mtfp1,10,2,10,4,10,8
Sec14l2,11,10,20,15,15,7
Rnf215,17,16,29,24,19,24
Ccdc157,6,2,4,4,8,5
Sf3a1,43,18,48,37,51,38
Tbc1d10a,1,3,13,8,7,6
Gatsl3,0,3,0,1,2,0
Osm,1,0,1,6,7,0
Hormad2,0,0,0,1,0,0
Mtmr3,42,38,69,55,62,38
Ascc2,8,6,18,19,12,8
Uqcr10,190,110,245,171,221,187
Zmat5,40,37,69,62,59,55
Cabp7,5,3,2,1,5,11
Nf2,16,6,15,14,23,16
Nipsnap1,15,5,11,11,19,21
Thoc5,8,5,13,12,18,22
Ap1b1,22,19,38,25,33,18
Gas2l1,21,8,17,15,14,11
Rasl10a,2,0,0,0,0,0
Ewsr1,115,70,122,157,166,101
Rhbdd3,15,8,23,17,14,20
Emid1,99,56,162,90,134,121
Kremen1,13,9,19,12,17,9
Znrf3,14,7,19,14,22,8
Gm11963,0,0,1,0,1,0
Xbp1,72,54,118,73,58,163
Ccdc117,15,5,22,15,13,18
Mrps24,80,55,119,120,97,99
Urgcp,18,10,32,29,31,22
Dbnl,36,22,47,45,56,36
Polm,8,5,1,12,6,5
Aebp1,19,7,33,31,42,18
Pold2,14,11,22,20,27,32
Gck,0,0,0,0,2,1
Ykt6,32,19,53,36,51,44
Camk2b,28,11,44,19,27,21
Nudcd3,76,43,103,81,102,72
A730071L15Rik,0,0,0,1,0,0
Ddx56,19,6,26,13,28,17
Tmed4,67,39,108,117,81,93
Ogdh,48,30,62,60,80,47
Zmiz2,42,31,74,56,56,42
Ppia,528,491,924,1038,892,756
H2afv,117,88,214,130,155,159
Purb,159,86,277,254,265,203
Myo1g,1,0,1,1,0,0
Ccm2,18,9,25,21,20,18
Nacad,26,13,23,29,33,18
Tbrg4,6,4,7,5,14,10
Adcy1,20,6,23,9,13,8
Igfbp3,95,54,118,114,136,79
Tns3,155,138,279,230,296,245
Pkd1l1,2,0,0,0,0,0
Hus1,24,21,33,20,28,20
Upp1,0,1,0,0,0,0
Vwc2,33,16,65,19,39,36
Zpbp,2,1,0,1,1,0
4930415F15Rik,0,0,0,1,0,1
Ikzf1,5,10,0,7,4,5
Fignl1,5,0,5,7,5,2
Ddc,4,5,13,13,22,12
1700042O10Rik,0,0,0,0,1,0
Grb10,3,3,1,2,1,2
Cobl,67,44,112,99,84,83
Gm12002,0,1,1,1,0,0
Vstm2a,40,21,60,30,37,31
Sec61g,198,100,285,172,260,273
Egfr,1,3,1,0,1,0
Fbxo48,1,1,3,1,1,1
Plek,16,21,11,32,34,8
Cnrip1,83,46,121,85,88,103
Ppp3r1,40,29,53,56,52,48
Wdr92,10,3,8,15,3,8
Pno1,13,3,14,25,29,22
C1d,50,33,83,86,61,68
Etaa1,7,9,10,16,13,11
Etaa1os,2,0,1,5,3,3
Meis1,16,13,26,38,21,11
Gm16141,2,1,2,2,1,2
Gm12027,1,0,0,0,1,0
Spred2,30,31,45,39,57,39
Actr2,121,68,139,125,126,65
Rab1a,87,41,121,123,135,119
Cep68,13,15,39,20,33,24
Slc1a4,36,31,43,22,49,30
Sertad2,39,29,83,79,87,53
Aftph,34,38,59,48,49,46
Lgalsl,68,61,140,65,108,67
Peli1,98,73,191,180,236,152
Vps54,26,9,22,18,18,16
Ugp2,58,41,90,84,63,77
Mdh1,102,82,171,161,141,167
Wdpcp,10,13,7,10,8,6
Otx1,0,0,0,2,0,0
Ehbp1,22,13,25,21,16,7
Tmem17,12,7,13,12,17,12
Gm26829,0,2,1,1,0,2
B3gnt2,1,0,0,1,0,1
Commd1,47,30,94,81,49,42
Zrsr1,14,10,19,30,24,16
Cct4,94,57,136,120,101,148
Fam161a,2,3,2,2,6,2
Xpo1,42,34,75,58,49,34
Usp34,64,40,104,97,102,75
Ahsa2,34,21,43,61,32,53
0610010F05Rik,23,9,11,16,28,13
Pex13,47,21,62,48,54,32
Pus10,3,5,6,6,5,7
Rel,7,8,13,34,17,8
Papolg,10,8,19,13,16,13
5730522E02Rik,1,1,1,0,1,1
Fancl,7,2,13,10,12,12
Vrk2,4,3,5,9,5,5
Ccdc85a,8,5,15,10,8,4
Efemp1,3,0,2,4,3,3
Pnpt1,12,4,22,13,24,22
Smek2,40,27,58,83,50,33
Cfap36,48,32,83,87,70,55
Ccdc88a,322,263,495,436,436,410
Prorsd1,9,2,6,12,18,9
Gm12089,0,0,2,1,0,1
Mtif2,32,11,29,34,30,20
Rps27a,406,337,601,757,660,630
Clhc1,0,0,1,1,0,0
Gm12092,0,0,0,3,9,0
Rtn4,252,156,344,914,561,342
Eml6,13,13,11,9,7,10
4931440F15Rik,0,2,3,1,1,2
Sptbn1,114,75,215,175,149,137
Acyp2,33,29,46,61,35,30
Psme4,31,16,34,49,49,25
Gpr75,15,9,17,7,4,7
Asb3,25,8,33,34,27,22
Erlec1,36,19,44,50,64,49
Chac2,10,8,12,13,11,8
Stc2,2,1,0,0,2,1
Bod1,41,35,77,51,45,61
D630024D03Rik,2,1,0,0,0,0
Cpeb4,64,43,122,103,89,37
Nsg2,95,60,148,75,90,93
Snrnp25,16,9,17,22,21,12
Rhbdf1,20,9,21,22,15,25
Nprl3,15,8,19,14,20,11
Mpg,9,2,12,15,13,7
Hba-a1,1,2,1,1276,7,1
Hba-a2,0,0,0,810,9,2
Sh3pxd2b,20,6,20,10,26,10
Ubtd2,4,1,8,10,12,8
Efcab9,1,0,0,1,0,0
Stk10,5,9,7,11,16,4
Fbxw11,40,28,75,55,59,31
Fgf18,0,1,1,0,0,0
Npm1,162,99,220,243,197,217
Tlx3,0,0,1,0,0,0
Gm12116,1,0,0,0,0,0
Ranbp17,12,2,11,14,9,13
Kcnip1,33,22,50,30,52,49
Gm12120,2,0,0,0,0,0
Kcnmb1,0,0,1,0,0,0
Lcp2,2,3,1,13,5,2
Dock2,2,7,0,5,5,1
Fam196b,12,9,23,8,19,12
Spdl1,0,0,1,0,1,0
Slit3,0,0,0,0,2,0
Pank3,57,42,82,76,62,49
Fbll1,19,10,17,14,22,27
Rars,36,14,66,53,52,37
Wwc1,18,13,31,18,25,21
Tenm2,5,1,6,5,2,9
Gm12128,0,0,1,1,0,0
Mat2b,37,30,55,60,51,44
Nudcd2,36,23,55,81,59,49
Ccng1,13,16,31,24,14,27
Gabrg2,6,5,5,0,3,5
Gabra1,32,15,37,23,26,40
Gabrb2,10,5,11,7,10,3
Gm9972,0,0,0,3,0,0
Atp10b,1,1,8,8,7,1
Pttg1,37,18,45,50,50,34
Slu7,33,24,42,53,41,37
C1qtnf2,4,2,11,4,4,7
Ccnjl,4,5,6,9,10,7
4933415A04Rik,2,2,1,4,2,0
Pwwp2a,40,29,53,69,47,50
Ttc1,29,15,54,61,56,39
Adra1b,0,1,5,2,4,3
Ublcp1,31,17,50,43,51,25
Rnf145,43,26,42,46,56,42
Ebf1,45,30,106,53,51,71
Gm12158,1,0,0,0,0,0
Clint1,38,16,51,59,51,41
Lsm11,6,2,25,14,10,3
Thg1l,1,1,5,8,4,4
Sox30,0,0,1,0,0,0
Gm12166,0,1,2,4,8,3
Adam19,5,4,12,11,5,4
Gm16033,0,0,0,1,1,0
Nipal4,3,0,2,19,2,0
Cyfip2,105,56,133,130,175,129
Fndc9,0,0,0,0,1,0
Itk,0,0,0,0,1,0
Med7,38,22,47,49,54,48
Havcr2,1,2,1,5,7,1
Sgcd,27,19,29,24,31,16
Gnb2l1,187,133,268,296,256,224
Trim41,19,12,35,25,36,18
Gm12184,2,4,8,8,3,5
Trim7,15,3,16,8,17,9
Irgm1,14,11,29,11,11,22
Gm5431,1,1,3,0,1,4
Psme2b,1,2,0,1,1,1
9930111J21Rik2,2,1,0,7,2,1
Zfp62,37,26,46,63,49,34
Mgat1,45,24,70,44,65,35
Flt4,0,0,0,0,1,0
Cnot6,100,55,130,97,95,87
Gfpt2,16,9,21,23,20,16
Mapk9,36,28,48,42,65,36
Rnf130,66,34,77,191,91,61
Tbc1d9b,27,17,41,34,24,27
Gm12195,1,0,0,0,0,0
3010026O09Rik,9,3,8,13,13,4
Sqstm1,59,41,87,135,117,76
Mgat4b,45,24,58,47,51,27
Ltc4s,2,17,5,23,12,8
Gm26542,0,0,2,0,1,0
Maml1,11,6,20,8,16,10
Canx,287,167,405,332,304,275
Cby3,0,0,0,0,0,1
Hnrnph1,145,112,242,207,215,127
Rufy1,38,20,41,33,26,38
Adamts2,2,3,5,6,2,0
Zfp354c,25,21,41,46,45,28
Zfp879,1,1,5,1,1,3
Zfp454,6,3,6,5,11,10
Zfp2,11,13,30,20,23,26
Zfp354b,1,2,5,7,9,8
Zfp354a,7,6,12,12,14,15
BC049762,0,0,0,1,0,0
Clk4,76,46,94,97,118,86
Col23a1,0,0,1,0,0,0
Phykpl,12,2,12,12,19,7
Hnrnpab,100,64,132,165,147,107
Nhp2,35,17,47,60,62,46
Rmnd5b,22,14,37,28,41,20
N4bp3,3,1,2,1,1,3
D930048N14Rik,1,1,0,2,0,0
0610009B22Rik,57,29,67,71,62,54
Sec24a,32,21,51,52,57,64
Sar1b,138,85,209,184,188,138
Jade2,8,14,7,5,12,9
Gm26551,3,0,0,0,0,0
Cdkn2aipnl,12,12,22,15,22,10
Ube2b,85,48,153,145,156,114
Gm12204,1,0,0,0,0,0
Cdkl3,12,4,22,10,10,7
Ppp2ca,167,122,268,417,300,286
9430098F02Rik,0,0,0,1,0,0
Skp1a,109,77,160,118,157,130
Gm12207,1,0,0,0,0,0
Tcf7,0,1,3,1,2,0
A630014C17Rik,0,0,0,1,2,0
Vdac1,117,99,151,142,144,145
9530068E07Rik,60,45,80,86,105,71
Fstl4,3,1,5,4,2,3
Hspa4,66,26,87,82,75,66
Zcchc10,19,8,30,23,27,22
Aff4,89,64,140,138,156,76
Uqcrq,166,115,267,221,266,214
Gdf9,2,2,2,1,5,5
Shroom1,6,4,7,17,13,9
Sowaha,43,28,56,36,72,35
Gm9945,19,9,17,16,18,36
Sept8,225,153,352,231,263,171
Kif3a,112,68,164,150,125,154
Rad50,17,14,28,22,19,29
Irf1,19,8,11,24,17,12
Gm17334,1,1,4,2,2,1
Gm12216,16,5,17,11,16,14
Slc22a5,14,4,12,12,11,4
Slc22a21,1,5,10,7,7,6
Slc22a4,1,4,5,3,5,3
Pdlim4,3,6,12,16,10,12
Acsl6,32,16,51,27,51,22
Gm12224,0,0,0,0,1,0
Fnip1,49,29,60,69,70,51
Rapgef6,42,23,36,33,23,27
Cdc42se2,90,57,123,201,155,110
Gm12227,0,0,0,1,0,0
Lyrm7,3,2,7,3,5,0
Hint1,261,192,410,369,332,353
Gpx3,3,4,4,2,5,17
Tnip1,9,5,14,15,11,13
Anxa6,49,23,92,52,50,56
Ccdc69,1,0,1,0,0,3
Gm2a,440,328,618,338,502,536
Slc36a3os,0,0,0,0,0,1
Slc36a2,0,0,0,0,1,0
Slc36a1,19,15,25,19,22,16
Sparc,43,98,89,182,111,115
Atox1,97,66,127,106,112,148
G3bp1,104,52,132,144,143,117
Glra1,0,0,0,0,1,0
Gria1,10,7,6,12,8,3
Fam114a2,29,25,57,56,61,58
Mfap3,32,30,53,40,37,42
Galnt10,73,56,134,59,86,74
4933426K07Rik,0,0,0,0,1,0
Sap30l,38,23,81,60,58,56
Larp1,71,27,86,74,88,59
Cnot8,31,21,50,40,44,29
Gemin5,6,0,17,15,11,6
Mrpl22,33,17,44,36,37,34
Igtp,1,1,9,4,6,8
Irgm2,1,2,4,0,1,1
Zfp692,14,7,20,26,17,11
Zfp672,13,7,20,26,14,14
Sh3bp5l,20,8,30,26,37,14
Olfr330,0,0,1,0,0,0
Fam183b,0,2,1,0,2,0
Gm12258,12,14,30,18,17,17
2810021J22Rik,4,3,16,9,12,7
Zfp39,9,2,8,7,8,7
Rnf187,95,64,160,144,136,125
Hist3h2ba,85,62,133,171,129,98
Trim17,1,1,1,0,0,0
Hist3h2a,59,73,119,81,69,92
Trim11,32,20,29,32,31,27
Obscn,0,0,1,0,1,1
Iba57,2,2,6,4,5,1
Gjc2,25,0,11,158,44,4
Guk1,40,22,52,63,67,45
Mrpl55,26,25,53,52,49,40
2310033P09Rik,15,5,12,31,16,14
Arf1,156,116,263,220,229,209
Wnt9a,2,2,0,0,1,1
Snap47,72,43,124,86,107,83
Jmjd4,2,4,9,8,11,2
Zfp867,3,8,15,7,11,6
Zkscan17,10,13,24,13,30,22
Nlrp3,11,3,2,14,12,7
Mprip,61,30,66,91,77,41
Pld6,3,0,0,1,1,1
Flcn,21,13,36,32,37,27
Gm16062,1,1,0,1,4,2
Cops3,47,27,66,77,72,54
Nt5m,28,18,41,35,39,38
Med9os,2,0,3,3,3,0
Med9,15,14,24,19,26,23
Rasd1,1,0,0,0,0,0
Pemt,6,3,7,4,1,2
Rai1,29,15,41,35,38,20
Srebf1,74,46,101,74,80,64
Tom1l2,36,26,56,54,47,36
Gm12265,0,0,1,0,0,0
Lrrc48,0,0,1,0,0,1
Atpaf2,9,1,13,15,11,8
Gid4,22,15,47,31,36,32
Drg2,24,15,41,48,40,31
Myo15,0,0,0,1,1,0
Alkbh5,53,42,80,92,86,61
Llgl1,37,11,43,62,44,33
Flii,28,20,38,39,36,40
Mief2,16,6,18,15,11,8
Top3a,1,2,5,8,3,2
Smcr8,4,3,11,16,14,12
Shmt1,2,0,2,8,4,5
Dhrs7b,28,15,43,36,27,36
Tmem11,17,21,34,43,49,26
Gm26534,0,0,0,1,1,0
Natd1,12,8,23,28,22,24
Map2k3os,2,0,3,2,5,0
Map2k3,23,13,20,20,18,15
Kcnj12,0,2,6,1,2,2
Tnfrsf13b,1,5,0,5,2,0
Usp22,115,58,160,171,188,94
Aldh3a2,28,21,43,38,58,31
Rnf112,11,5,10,10,8,5
Mapk7,40,25,70,44,47,39
B9d1os,7,3,21,7,15,7
B9d1,3,1,4,4,5,6
Epn2,720,503,1094,765,951,822
Grap,3,2,1,4,5,2
Slc5a10,0,1,2,0,0,2
Fam83g,1,0,0,0,0,0
Prpsap2,37,30,46,42,57,31
Ulk2,38,33,63,50,59,35
A530017D24Rik,6,6,9,10,21,9
Gm26964,1,1,1,1,0,2
Akap10,12,10,22,22,28,20
Specc1,65,37,116,156,115,70
Adora2b,12,3,39,12,25,38
Zswim7,17,7,12,15,13,14
Ttc19,110,69,137,137,130,139
Ncor1,142,108,201,205,198,186
Pigl,4,2,2,10,6,10
Gm12278,1,0,0,0,0,1
Cenpv,76,37,106,67,73,72
Gm12279,0,0,0,0,2,1
Ubb,1700,1133,2602,2746,2229,2124
Trpv2,11,12,21,8,16,6
Lrrc75a,5,3,1,2,1,3
Lrrc75aos2,0,0,2,2,1,0
Mmgt2,9,7,14,11,13,11
Zfp287,20,14,30,19,21,18
Zfp286,10,4,15,11,16,5
Fbxw10,1,1,1,0,0,0
Tvp23b,32,16,49,38,24,30
Tvp23bos,0,0,0,0,1,0
Cdrt4,0,1,0,0,0,0
Pmp22,71,44,119,80,90,87
Cox10,12,12,20,18,21,15
2810001G20Rik,24,21,45,20,35,33
Elac2,8,7,17,18,11,15
Arhgap44,19,11,21,13,31,17
1700086D15Rik,1,0,0,0,0,0
Map2k4,30,18,46,44,44,34
Zkscan6,7,1,13,3,13,8
Dnah9,0,1,0,2,0,1
Shisa6,17,3,17,16,7,9
Pirt,1,0,3,0,0,2
Tmem220,0,1,0,2,3,0
Adprm,13,15,25,19,25,11
Sco1,7,0,12,11,7,7
Myh3,0,0,0,0,1,0
Myh13,0,1,0,0,0,0
Gas7,11,8,17,66,51,8
Cfap52,2,0,0,0,0,0
Stx8,43,29,58,56,60,41
C78197,0,0,1,0,2,0
Ntn1,90,68,148,80,85,102
Pik3r5,1,1,0,4,3,0
Pik3r6,0,0,1,3,1,0
Myh10,35,17,55,22,35,27
Ndel1,32,14,45,46,32,35
Rpl26,372,279,542,553,504,460
Arhgef15,2,1,0,0,2,2
Slc25a35,3,0,3,2,5,4
Rangrf,21,9,20,17,18,20
Pfas,24,12,36,22,22,31
Ctc1,28,18,15,31,23,11
9330160F10Rik,1,4,2,0,6,7
Borcs6,20,12,28,46,27,21
Tmem107,2,3,7,4,4,6
Vamp2,71,41,140,116,139,110
Per1,36,13,52,28,60,31
9130213A22Rik,0,1,1,0,1,0
Hes7,2,3,4,1,1,3
Aloxe3,0,0,1,0,4,1
Gucy2e,1,0,1,0,0,0
Cntrob,6,6,18,10,9,7
Trappc1,41,26,46,39,63,50
Kcnab3,1,0,3,6,4,5
Chd3os,9,11,11,20,14,12
Chd3,27,8,40,37,61,31
Gm17305,0,0,2,0,0,0
Cyb5d1,1,0,0,2,1,0
Naa38,52,33,78,48,53,65
Tmem88,2,0,0,2,1,0
Kdm6b,65,54,101,90,92,94
Kdm6bos,1,1,1,1,1,0
Dnah2,1,4,3,1,4,0
Dnah2os,0,0,0,0,1,0
Efnb3,37,16,39,186,61,23
Wrap53,12,4,7,26,13,8
Trp53,28,19,45,84,63,31
Atp1b2,140,156,263,111,133,183
Sat2,23,13,46,41,44,30
Fxr2,40,26,43,46,38,33
Sox15,1,1,0,0,0,0
Mpdu1,51,28,66,74,89,62
Cd68,11,11,7,25,11,9
Eif4a1,248,124,258,440,341,308
Senp3,27,16,42,35,30,26
Tnfsf13os,0,1,1,0,0,0
Tnfsfm13,3,2,7,2,2,4
Tnfsf12,29,18,49,30,28,41
Polr2a,36,16,48,64,54,40
Zbtb4,48,39,87,72,76,63
Chrnb1,0,0,3,1,0,0
Fgf11,31,25,52,20,40,18
Spem1,0,0,0,1,0,1
Nlgn2,148,99,255,143,218,177
Tmem256,146,87,171,144,191,191
Plscr3,18,10,21,24,29,27
Tnk1,2,0,3,1,1,0
Kctd11,4,2,11,6,5,7
Acap1,0,1,0,0,0,0
2810408A11Rik,2,1,0,2,0,0
Neurl4,19,6,26,21,19,13
Gps2,25,22,53,34,41,55
Eif5a,142,85,201,242,188,169
Ybx2,1,0,0,0,0,0
Elp5,17,15,30,29,50,36
Ctdnep1,53,40,90,73,97,85
Gabarap,224,146,307,437,312,339
Phf23,24,13,31,32,43,31
Dvl2,11,6,15,24,31,14
Acadvl,24,26,50,45,41,34
Dlg4,23,19,47,24,31,27
Asgr1,0,0,1,0,0,0
Asgr2,1,0,0,0,0,0
Slc16a11,1,0,2,1,2,4
Slc16a13,7,4,5,5,11,7
Bcl6b,5,1,10,3,8,0
0610010K14Rik,25,21,36,39,32,42
Gm21988,9,6,13,8,5,16
Rnasek,8,1,4,2,3,4
Pelp1,18,7,17,13,27,10
Arrb2,20,16,19,28,40,18
Med11,9,8,13,8,21,10
Cxcl16,4,3,5,4,2,4
Zmynd15,1,1,0,0,2,0
Vmo1,0,1,0,0,0,0
Psmb6,126,87,184,207,221,187
Pld2,12,1,13,10,12,10
Mink1,30,16,32,41,41,24
Slc25a11,44,21,47,74,51,48
Rnf167,40,30,54,69,65,54
Pfn1,159,94,223,331,234,227
Eno3,1,0,1,2,3,0
Spag7,52,43,87,75,74,73
Camta2,15,9,25,19,29,13
Inca1,1,0,1,1,3,1
Kif1c,17,11,30,18,22,10
Zfp3,3,3,12,13,14,11
Rabep1,41,26,61,63,64,56
Nup88,32,25,47,34,39,25
Rpain,22,26,38,24,30,32
C1qbp,59,27,88,90,117,71
Dhx33,11,5,10,19,17,6
Derl2,35,25,47,53,52,70
Mis12,3,5,17,13,15,10
6330403K07Rik,70,64,111,64,106,107
Gm12326,2,0,0,4,1,1
Wscd1,185,98,323,308,243,276
Fam64a,0,0,1,0,0,0
Pitpnm3,7,2,5,4,3,3
4933427D14Rik,12,6,9,9,11,5
Gm43951,0,1,0,0,1,0
Txndc17,51,41,70,135,69,58
Med31,41,19,75,90,66,44
Slc13a5,24,10,42,15,32,26
Xaf1,2,3,2,8,4,9
Tekt1,5,0,1,1,1,0
Smtnl2,9,8,13,3,7,6
Mybbp1a,26,10,44,41,40,31
Spns2,20,10,13,26,27,20
Ube2g1,46,23,42,94,60,44
Ankfy1,47,21,57,54,59,32
Cyb5d2,8,13,29,14,23,23
Zzef1,42,16,50,56,67,31
Atp2a3,0,0,0,0,0,1
P2rx1,0,1,0,1,0,0
4732414G09Rik,0,1,1,0,1,0
Camkk1,6,4,7,9,10,6
Ncbp3,34,15,45,49,48,25
Gsg2,0,0,1,0,0,0
P2rx5,0,0,2,0,0,0
Emc6,57,36,123,100,107,93
Tax1bp3,17,12,27,29,38,37
Ctns,18,11,28,24,26,20
Shpk,3,0,4,1,2,0
Trpv3,1,0,0,1,1,0
Aspa,13,2,14,86,25,6
Rap1gap2,15,11,32,17,27,14
E130309D14Rik,8,1,14,6,10,7
Cluh,21,12,25,18,19,9
Pafah1b1,200,100,263,335,310,190
Mettl16,20,11,51,37,30,27
Mnt,11,7,18,24,25,10
Sgsm2,30,8,36,25,35,21
Tsr1,9,1,8,14,12,10
Srr,18,10,35,22,25,25
Smg6,20,13,40,39,34,23
Ovca2,3,3,8,6,9,6
Dph1,0,0,0,2,1,0
Rtn4rl1,2,2,0,8,5,0
Rpa1,14,5,31,15,20,8
Smyd4,13,6,22,19,22,14
Serpinf1,1,0,3,2,1,1
Serpinf2,0,0,0,0,1,0
Wdr81,13,8,20,15,17,11
Prpf8,60,57,87,81,86,69
Rilp,0,1,2,0,0,0
Slc43a2,37,24,39,61,58,33
Pitpna,59,31,80,88,91,66
Inpp5k,12,7,18,20,20,16
Myo1c,6,8,6,4,9,3
Crk,70,53,109,81,89,54
Ywhae,470,302,755,651,602,514
Gm26836,1,1,4,2,2,0
Doc2b,2,0,1,1,1,1
1700016K19Rik,1,0,1,0,1,0
Fam101b,5,3,5,2,5,3
Vps53,20,15,39,38,45,29
Glod4,37,14,57,94,68,41
Fam57a,11,8,15,18,17,9
Gemin4,0,0,1,0,0,0
Dbil5,3,0,1,2,3,1
Rnmtl1,15,8,19,16,15,11
Nxn,15,9,15,20,20,14
Timm22,35,23,62,61,64,48
Abr,68,55,117,83,78,56
Gm26780,0,0,0,0,2,0
Bhlha9,0,0,0,0,1,0
Tusc5,0,0,1,0,0,0
Gosr1,26,15,37,23,34,17
Cpd,38,35,66,52,66,35
Blmh,47,15,53,77,57,53
Nsrp1,36,17,35,40,35,30
Efcab5,0,0,0,2,1,1
Ssh2,36,28,52,75,58,33
Coro6,0,0,0,2,0,1
Ankrd13b,13,6,21,31,12,12
2210008F06Rik,1,0,0,0,2,0
Git1,33,20,35,58,40,32
Trp53i13,6,8,14,3,9,9
Abhd15,0,0,2,4,0,1
Gm10392,0,0,0,1,0,0
Taok1,124,79,156,161,141,98
Nufip2,44,38,78,116,92,50
Cryba1,1,0,0,0,0,0
Myo18a,26,26,59,81,59,42
Gm10277,2,1,2,3,2,2
Sez6,56,23,67,41,66,47
Phf12,34,24,44,49,59,31
Dhrs13os,1,1,0,3,2,0
Dhrs13,22,9,37,20,20,36
Flot2,18,12,33,19,28,21
Eral1,15,8,15,12,15,11
Fam222b,39,23,59,58,48,63
Traf4,184,106,259,205,222,315
Nek8,7,2,7,10,8,4
Tlcd1,30,25,42,21,18,43
Rpl23a,231,121,273,270,300,239
Rab34,42,28,63,81,75,67
Proca1,0,1,3,0,0,3
Supt6,60,28,102,59,74,52
Sdf2,74,67,134,77,107,100
2610507B11Rik,61,47,88,81,95,78
BC030499,1,0,2,1,0,2
Spag5,2,2,1,0,1,1
Aldoc,173,394,370,181,253,560
Pigs,56,42,94,64,64,84
Unc119,42,29,86,48,54,71
Slc46a1,10,7,5,7,16,12
Sarm1,6,9,12,14,12,8
Vtn,1,1,1,2,4,0
Tmem199,16,11,31,39,29,31
Poldip2,34,30,49,49,66,53
Tnfaip1,26,27,63,32,41,38
Ift20,73,47,107,115,92,97
Tmem97,8,1,20,10,15,10
Nlk,60,46,91,87,85,52
Fam58b,33,25,78,44,55,49
Lyrm9,13,8,18,22,19,20
Nos2,3,1,0,0,2,1
Lgals9,2,4,3,6,8,0
Ksr1,19,11,27,24,20,10
Wsb1,64,40,93,122,94,23
Nf1,97,67,184,142,144,91
AU040972,0,0,1,2,0,0
Omg,169,120,229,263,194,199
Gm21975,2,0,2,3,0,1
Evi2a,52,20,36,172,58,59
Rab11fip4,10,7,23,6,18,11
Rab11fip4os1,0,0,0,0,1,0
Utp6,11,17,19,28,21,17
Suz12,32,12,41,53,57,38
Gm26563,1,0,4,2,4,0
Crlf3,70,60,120,94,105,89
Atad5,6,6,5,11,9,8
Tefm,6,3,10,3,10,11
Adap2,1,3,1,11,6,2
Adap2os,0,0,0,4,2,0
Rnf135,4,3,7,11,7,7
Rhot1,39,18,49,72,49,40
Rhbdl3,9,9,13,9,12,6
5730455P16Rik,28,19,47,50,37,29
Zfp207,126,78,189,133,166,157
Psmd11,99,65,125,146,135,127
Cdk5r1,58,37,75,77,80,62
Myo1d,4,1,4,23,12,1
Tmem98,16,5,19,52,19,11
Asic2,45,38,39,26,31,42
Gm11417,0,0,0,0,1,0
5530401A14Rik,0,0,1,0,1,0
Ccl2,3,4,9,5,10,3
Ccl7,1,1,3,0,2,3
Ccl12,3,3,9,26,12,7
Ccl8,0,1,0,0,0,0
Ccl1,0,0,1,0,0,0
Tmem132e,18,11,26,20,27,20
Cct6b,0,0,1,0,0,0
Zfp830,15,7,20,35,25,15
Gm11423,2,0,3,2,5,0
Lig3,17,7,37,34,26,24
Rffl,9,3,13,47,23,7
Rad51d,21,7,21,12,19,10
Nle1,3,2,10,10,18,10
Slfn9,0,0,0,1,1,0
Slfn8,0,2,1,2,2,4
Slfn2,1,2,1,1,6,1
Slfn4,0,1,0,0,0,0
Slfn3,0,0,1,0,0,0
AI662270,0,0,1,0,0,0
Pex12,10,4,17,8,5,16
Ap2b1,73,42,120,76,88,68
Rasl10b,18,7,26,15,22,12
1700020L24Rik,2,3,4,2,1,3
Mmp28,0,0,0,1,1,0
Taf15,67,52,104,84,84,57
Ccl5,0,0,0,1,2,2
Ccl9,2,4,2,9,5,4
Ccl6,1,2,5,3,4,3
Ccl3,14,11,31,129,98,17
Ccl4,28,34,48,207,118,9
Wfdc17,0,3,1,0,3,1
Wfdc18,0,0,1,10,1,0
Wfdc21,0,1,0,0,0,0
Heatr6,21,17,38,32,23,32
Hnf1b,1,0,0,0,0,0
Ddx52,21,15,46,36,30,33
Synrg,65,47,109,94,101,85
Dusp14,2,3,12,8,3,4
Tada2a,7,14,15,21,26,10
Acaca,35,25,45,72,51,45
Aatf,20,18,23,34,32,23
Lhx1,3,2,0,1,0,0
Lhx1os,0,0,1,0,1,0
Gm11431,0,0,1,0,0,0
Mrm1,4,2,3,5,5,3
Dhrs11,3,0,4,3,3,3
Ggnbp2,73,36,98,102,107,84
Pigw,2,0,1,4,0,2
Myo19,2,1,5,6,7,1
Znhit3,20,12,42,29,32,27
Car4,2,0,2,1,4,0
Usp32,39,27,53,43,42,29
Appbp2,104,81,150,126,108,84
Appbp2os,0,0,0,0,0,1
Ppm1d,17,8,19,40,30,22
Bcas3,39,12,41,30,34,26
Bcas3os1,2,0,7,2,2,3
Tbx2,2,0,0,1,0,0
Gm11444,0,0,1,0,0,0
Brip1,1,0,0,0,0,0
Brip1os,23,17,50,29,29,24
Ints2,29,21,50,33,31,16
Med13,68,48,82,106,90,48
Rnft1,21,19,35,20,28,31
Rps6kb1,73,45,108,89,83,63
Tubd1,5,1,3,8,6,4
Vmp1,99,54,113,313,170,78
Ptrh2,16,11,27,38,18,11
Cltc,168,116,231,211,199,165
Dhx40,24,12,38,33,36,31
Ypel2,21,5,11,114,26,7
Gdpd1,43,22,52,75,64,56
Smg8,9,6,12,9,10,7
Prr11,2,3,0,0,2,1
Ska2,21,5,26,19,28,17
Gm11491,0,0,1,0,0,0
Trim37,9,6,14,14,21,15
Ppm1e,26,18,33,15,40,20
Rad51c,1,1,3,3,4,8
Sept4,102,40,143,678,279,104
Mtmr4,11,10,27,21,15,20
Hsf5,1,0,1,1,3,0
Rnf43,17,13,37,24,33,24
Supt4a,76,56,99,91,83,77
Mir142hg,0,0,0,3,1,0
Bzrap1,35,21,37,27,26,18
Mpo,0,0,1,0,0,0
Lpo,1,4,7,2,6,7
Mks1,10,2,11,11,7,11
Dynll2,197,132,224,344,276,259
2010015M23Rik,5,3,8,7,4,1
Srsf1,124,82,161,169,172,111
Gm15892,0,0,0,0,0,1
Vezf1,105,70,166,121,190,119
Cuedc1,82,58,109,121,121,142
Mrps23,16,20,43,42,27,37
RP24-402O2.2,0,1,1,1,2,0
Msi2,82,73,155,139,144,99
Gm15893,0,1,0,2,4,1
C030037D09Rik,1,0,1,1,3,0
Akap1,18,8,27,20,14,8
Scpep1,20,3,21,20,20,21
Coil,18,16,13,16,25,10
Trim25,15,8,39,27,30,27
Dgke,10,3,12,27,17,10
Dgkeos,1,0,0,0,1,0
Gm525,0,0,0,0,1,0
Nog,5,3,11,9,12,11
Ankfn1,2,1,2,2,1,0
Tmem100,326,190,520,192,352,523
Mmd,19,14,23,20,24,17
Hlf,78,56,130,81,114,93
Stxbp4,37,19,29,27,25,20
Cox11,13,7,11,16,9,19
Tom1l1,16,13,15,13,12,13
Car10,25,16,37,34,25,30
Utp18,23,10,39,32,27,35
Mbtd1,39,34,77,79,72,45
Nme2,18,12,24,22,21,23
Nme1,150,80,201,193,179,142
Spag9,230,176,349,310,319,198
Tob1,57,43,85,95,116,65
Wfikkn2,0,0,1,1,0,2
Luc7l3,193,124,220,254,223,189
Ankrd40,50,31,75,74,73,48
Abcc3,1,2,1,6,0,0
Cacna1g,6,2,14,5,8,1
Spata20,1,0,0,0,0,0
Epn3,1,0,1,0,1,2
Mycbpap,0,0,1,0,1,0
Rsad1,10,5,14,14,15,18
Acsf2,1,2,5,3,2,1
Lrrc59,33,18,47,26,37,35
Mrpl27,46,25,61,48,70,46
Xylt2,24,10,29,17,33,23
Col1a1,0,1,0,0,0,0
Ppp1r9b,38,24,57,42,60,47
Samd14,35,16,57,26,36,50
Pdk2,27,27,50,40,58,40
Itga3,12,5,9,2,14,8
Dlx4,0,0,0,0,0,1
Dlx4os,0,0,0,0,0,1
Gm11515,0,0,0,1,0,0
Kat7,24,23,31,34,33,28
Gm11520,0,1,2,1,1,0
Fam117a,10,8,16,13,21,11
Slc35b1,46,21,75,85,83,100
Spop,47,33,72,98,51,27
Ngfr,0,0,0,1,0,1
Phb,63,35,97,73,72,64
Gm26830,1,1,1,2,3,1
Gm9796,1,0,1,2,1,1
Zfp652os,4,6,4,0,4,3
Zfp652,55,32,48,62,73,40
B130006D01Rik,5,0,3,3,3,5
Abi3,4,5,5,24,12,5
Gngt2,1,3,6,19,5,8
Gm11527,0,0,0,0,1,0
Snf8,56,25,93,77,63,68
Ube2z,19,16,27,18,45,31
Atp5g1,135,94,187,226,218,171
Hoxb4,0,0,0,0,1,0
Hoxb3,0,0,0,0,1,0
Snx11,17,8,14,15,17,17
Cbx1,82,53,103,98,113,76
Nfe2l1,43,20,60,48,43,40
Copz2,1,2,0,2,0,1
Cdk5rap3,32,16,28,39,27,22
Gm11525,0,0,2,0,0,0
Pnpo,2,3,3,4,7,3
Sp2,13,3,9,14,20,8
Sp6,0,0,2,1,1,1
Scrn2,16,9,23,13,20,15
Lrrc46,0,2,2,1,1,0
Mrpl10,18,7,22,25,31,22
Osbpl7,8,1,17,13,12,17
Tbx21,0,0,1,1,0,1
Tbkbp1,16,10,21,20,26,12
Kpnb1,65,31,84,85,83,46
Npepps,80,48,109,105,109,125
Mrpl45,25,15,34,21,36,30
Gpr179,0,2,0,1,0,1
Socs7,25,13,39,15,24,18
Arhgap23,33,9,35,113,50,15
Srcin1,27,4,43,146,84,36
E130012A19Rik,9,4,10,2,9,5
Mllt6,22,17,24,33,31,20
Cisd3,24,16,22,21,12,16
Pcgf2,32,10,28,26,33,36
Psmb3,152,93,192,187,172,159
Pip4k2b,21,18,53,19,39,22
Cwc25,24,9,31,18,29,30
1700001P01Rik,0,0,0,2,0,0
Rpl23,405,319,643,590,572,516
Lasp1,90,48,122,61,60,64
B230217C12Rik,20,12,45,25,31,28
Plxdc1,1,2,0,1,2,0
Arl5c,1,3,3,4,2,5
Cacnb1,11,5,13,16,13,10
Rpl19,469,315,637,740,637,525
Stac2,0,2,1,1,0,1
Fbxl20,31,13,48,37,43,20
Med1,52,26,69,57,52,40
Cdk12,28,20,46,73,52,41
Neurod2,0,0,0,0,0,1
Ppp1r1b,4,3,0,2,1,12
Stard3,32,16,54,75,37,36
Tcap,0,0,0,1,1,1
Pgap3,3,2,7,7,6,2
Erbb2,2,0,0,0,0,0
Mien1,62,51,98,135,89,88
Ormdl3,34,24,54,58,51,38
Gm12355,1,0,4,3,6,2
Psmd3,56,38,75,93,77,85
Med24,13,12,28,10,24,18
Thra,247,141,289,445,376,392
Nr1d1,69,20,93,78,94,57
Msl1,58,43,95,92,103,71
Gm12359,0,2,3,1,0,1
Casc3,30,15,58,38,54,32
Rapgefl1,7,3,14,8,13,7
Wipf2,36,15,48,25,47,35
Cdc6,0,0,1,1,0,0
Rara,12,3,10,4,5,3
Top2a,2,0,3,0,1,0
Igfbp4,10,5,21,9,11,7
Smarce1,61,32,91,90,76,53
Krt222,10,6,12,5,6,13
Krt28,1,0,2,1,0,3
Krt10,49,40,52,37,52,49
Gm11940,0,0,2,4,2,0
Krt15,0,0,1,1,0,0
Krt17,0,0,1,0,0,0
Eif1,589,374,869,1105,846,796
Hap1,68,33,86,44,87,52
Jup,6,10,15,31,21,10
P3h4,17,4,23,59,27,22
Fkbp10,1,1,1,1,1,0
Nt5c3b,44,14,40,28,36,33
Klhl10,1,1,0,0,0,0
Klhl11,8,5,7,11,11,7
Acly,46,35,78,82,63,73
Ttc25,0,0,3,2,3,0
Cnp,551,173,599,3377,1465,650
Dnajc7,85,47,116,128,107,102
Nkiras2,9,7,17,23,19,25
Dhx58,2,0,1,3,0,2
Kat2a,17,12,31,27,32,24
Rab5c,107,83,173,148,164,149
Kcnh4,2,1,0,1,3,2
Hcrt,0,1,1,0,0,0
Ghdc,13,9,31,24,12,10
Stat5b,26,41,48,27,35,38
Stat5a,4,2,6,4,6,1
Stat3,86,49,122,94,89,79
Ptrf,1,0,1,2,1,0
Atp6v0a1,64,32,73,57,86,71
Naglu,11,3,9,22,11,14
Coasy,19,11,19,35,29,16
Mlx,24,20,32,47,34,30
Psmc3ip,1,6,8,4,2,4
Fam134c,29,8,44,39,30,43
Tubg1,19,16,40,31,27,38
Tubg2,9,6,11,12,4,14
Plekhh3,24,8,25,22,26,21
Cntnap1,5,5,2,2,6,1
Ccr10,1,0,0,0,0,0
Ezh1,19,10,16,18,27,19
Ramp2,56,35,104,58,65,81
Vps25,8,7,9,12,7,8
Coa3,67,52,100,103,87,108
Cntd1,0,2,0,0,0,0
Becn1,24,18,42,32,27,22
Psme3,34,28,66,41,39,34
Aoc2,2,0,0,2,1,1
Gm27029,4,2,5,2,9,2
Aarsd1,12,8,19,7,9,12
Ptges3l,2,2,0,2,10,1
Rundc1,18,11,19,17,26,20
Rpl27,310,152,407,302,451,362
Ifi35,0,1,2,3,0,7
Vat1,40,36,63,72,77,94
Rnd2,64,59,139,195,239,173
Brca1,0,8,12,25,33,17
Nbr1,90,74,154,107,123,84
Tmem106a,1,0,1,2,1,1
Rdm1,6,6,18,9,4,17
Arl4d,4,2,3,5,11,2
Dhx8,18,5,29,14,24,22
Etv4,50,32,110,74,77,81
Meox1,34,17,60,34,22,34
Sost,0,0,0,1,0,1
Dusp3,38,18,46,54,56,35
Mpp3,4,8,11,10,9,6
Mpp2,25,22,49,71,51,38
Tmem101,42,24,71,64,47,57
Lsm12,37,21,75,65,63,48
G6pc3,54,19,68,60,42,56
Hdac5,22,33,48,69,66,35
Asb16,1,0,0,1,0,1
Tmub2,33,22,60,35,55,42
Atxn7l3,22,18,30,33,33,29
Ubtf,58,51,98,98,79,75
Slc4a1,0,0,0,1,0,0
Rundc3a,52,26,62,94,52,52
Slc25a39,33,26,63,61,67,57
Grn,71,52,80,83,81,77
Fam171a2,60,32,79,51,50,55
Itga2b,1,1,0,0,2,1
Gpatch8,92,64,159,119,154,116
Gm11627,0,0,1,0,1,0
Fzd2,1,6,6,1,10,5
2810433D01Rik,0,0,3,1,4,0
Meioc,0,0,0,0,0,1
Ccdc43,6,9,17,18,12,15
Adam11,38,21,42,28,50,30
Gjc1,1,1,0,0,0,0
Higd1b,0,0,0,1,1,0
Eftud2,27,17,62,42,40,34
Gm26668,4,2,2,3,1,0
Ccdc103,0,1,0,0,0,0
Fam187a,0,0,1,0,1,0
Gfap,2,0,3,4,0,1
C1ql1,564,284,911,359,541,808
2410004I01Rik,0,0,1,0,0,1
Dcakd,37,31,61,45,50,42
Nmt1,54,35,90,83,127,70
Plcd3,2,0,1,2,2,2
Acbd4,21,9,22,23,31,22
Hexim1,58,41,91,80,77,74
Hexim2,3,5,10,2,7,5
Fmnl1,5,3,10,14,12,8
1700023F06Rik,3,0,3,0,2,0
Spata32,0,0,1,0,0,0
Map3k14,8,0,9,6,4,4
Arhgap27,3,3,4,11,3,1
Arhgap27os3,0,0,0,0,0,1
Arhgap27os2,3,2,6,1,5,7
Plekhm1,7,8,16,13,12,10
Gosr2,28,18,34,35,44,36
Wnt3,1,1,2,22,10,1
Nsf,66,40,91,59,88,62
Arf2,12,18,32,30,40,14
Crhr1,0,0,0,1,1,1
Mapt,171,97,301,386,260,276
Kansl1,62,53,93,109,101,60
Cdc27,27,13,35,30,40,30
Myl4,0,0,0,2,2,1
Itgb3,3,0,1,5,2,0
Mettl2,19,9,17,16,12,11
1700052K11Rik,4,1,4,5,4,2
Tlk2,25,19,35,39,46,31
Mrc2,1,2,0,0,0,0
March10,0,0,1,0,0,0
Tanc2,61,42,95,99,93,67
Cyb561,1,1,0,0,1,0
Ace,0,6,8,3,1,4
Kcnh6,0,0,0,1,0,0
Dcaf7,54,38,81,52,68,54
Taco1os,15,5,14,4,9,9
Taco1,1,1,5,4,4,0
Map3k3,8,8,14,8,11,12
Limd2,11,12,14,23,22,15
Strada,20,7,22,21,24,25
Ccdc47,99,40,131,127,95,85
Ddx42,48,21,65,60,59,47
Ftsj3,12,4,17,24,25,16
Psmc5,71,54,120,120,117,93
Smarcd2,7,5,14,12,14,8
Cd79b,0,0,0,1,0,0
Ern1,8,4,7,5,13,7
Tex2,11,10,17,20,25,17
Pecam1,1,2,2,3,3,1
Milr1,0,1,0,4,5,0
Polg2,8,6,5,16,8,6
Ddx5,498,368,802,910,918,642
Cep95,5,5,11,16,15,8
Smurf2,46,18,36,37,43,24
Kpna2,5,4,6,17,18,9
1810010H24Rik,15,8,25,13,12,29
Bptf,115,78,194,170,171,122
Nol11,35,16,63,47,54,31
Pitpnc1,65,38,87,48,67,82
Gm11713,9,12,15,10,19,9
Psmd12,54,45,79,80,95,67
Helz,74,48,106,83,84,75
Cacng1,0,0,0,2,0,0
Cacng4,346,222,634,329,507,378
Cacng5,17,7,16,7,15,12
Prkca,113,82,193,102,101,113
Cep112,2,1,3,3,5,4
Cep112os1,0,0,1,0,0,0
Axin2,21,17,35,17,23,14
Rgs9,15,13,20,15,20,8
Gm11696,2,0,3,1,0,0
Gna13,54,34,66,54,43,41
Amz2,24,18,43,38,34,52
Slc16a6,10,9,10,19,11,6
Arsg,13,1,8,35,12,9
Wipi1,32,13,38,83,42,27
Prkar1a,118,83,219,209,201,160
Fam20a,0,3,3,0,0,0
Abca8b,17,11,39,24,44,16
Abca8a,5,0,7,30,16,1
Abca9,0,3,1,5,2,3
Abca6,11,6,31,15,12,17
Abca5,28,23,49,42,36,27
Map2k6,1,5,3,1,3,3
Kcnj16,53,16,86,29,62,72
Kcnj2,1,4,0,4,5,0
Sox9,2,7,4,1,5,4
Gm11681,0,1,0,0,0,0
2610035D17Rik,41,49,71,42,68,70
Slc39a11,5,5,4,5,9,5
Sstr2,0,1,1,1,0,1
Cog1,10,5,12,18,11,14
Fam104a,70,34,99,79,75,79
D11Wsu47e,5,2,8,4,9,9
Cdc42ep4,55,35,59,29,38,34
Sdk2,4,5,10,6,6,7
4932435O22Rik,0,0,1,1,2,0
Rpl38,459,303,630,391,785,541
Ttyh2,29,10,39,72,58,34
Dnaic2,3,1,1,2,2,0
Kif19a,3,2,14,19,25,22
Btbd17,4,9,15,5,8,6
Cd300a,1,2,1,7,3,3
AF251705,8,9,8,35,13,3
Cd300e,0,0,0,2,0,0
Cd300lf,0,1,0,0,0,0
Slc9a3r1,6,4,8,14,3,12
Nat9,12,8,21,17,28,16
Tmem104,14,7,10,13,10,6
Grin2c,0,2,2,2,1,0
Fdxr,34,11,34,37,34,25
Fads6,33,14,40,28,27,33
Otop2,0,0,0,0,0,1
Ush1g,0,2,2,1,2,2
Otop3,2,0,2,0,0,1
Hid1,24,13,42,44,39,29
Cdr2l,43,33,62,43,39,44
Ict1,32,31,54,70,46,55
Atp5h,338,216,527,419,388,373
Kctd2,13,18,35,38,31,27
Trim80,0,0,0,0,2,0
Armc7,5,5,5,9,3,3
Nt5c,41,29,53,45,60,53
Hn1,82,37,87,98,92,83
Sumo2,296,247,444,397,430,404
Nup85,19,5,15,16,18,17
Gga3,20,13,26,34,20,25
Mrps7,96,45,94,169,135,132
Mif4gd,95,54,110,134,97,117
Slc25a19,26,11,27,31,20,22
Gm26613,0,0,0,1,0,0
Grb2,53,36,75,125,86,59
Tmem94,13,13,19,15,29,15
Caskin2,209,128,311,166,192,242
Tsen54,8,6,10,4,14,8
Llgl2,1,1,0,0,0,0
Recql5,9,4,7,4,10,4
Smim5,0,0,1,0,0,1
Sap30bp,37,23,35,34,30,28
Sap30bpos,0,0,1,0,2,0
Itgb4,2,0,1,12,2,1
B230344G16Rik,0,0,0,1,0,0
Galk1,12,10,19,40,26,13
H3f3b,534,345,751,1080,771,517
Unk,15,5,21,27,30,17
Unc13d,3,3,3,5,5,2
Wbp2,133,75,174,158,172,168
Trim47,1,0,0,8,7,0
Trim65,8,4,4,5,6,6
Mrpl38,23,16,53,51,46,49
Fbf1,16,11,15,21,22,15
Acox1,89,56,144,121,136,107
Ten1,51,23,74,69,61,62
Evpl,2,0,3,1,3,3
Srp68,37,25,52,40,38,35
Exoc7,37,20,33,34,31,28
Gm26730,0,0,0,0,1,0
Foxj1,4,0,3,7,6,4
Rnf157,26,16,52,38,50,40
Ubald2,43,25,64,60,83,53
Prpsap1,57,42,74,106,93,74
Sphk1,2,0,0,0,2,0
Ube2o,18,18,44,36,34,21
Cygb,19,20,39,25,24,26
Gm11744,4,0,0,0,1,5
1810032O08Rik,12,6,15,26,13,13
St6galnac2,2,1,0,0,5,1
Mxra7,5,3,8,8,10,5
Jmjd6,49,28,51,56,45,49
Mettl23,46,24,69,69,67,51
Srsf2,219,138,253,319,309,200
Mfsd11,32,22,30,28,42,36
Mgat5b,80,40,101,43,60,59
Snhg20,80,45,116,94,68,61
Sec14l1,31,18,55,53,53,54
Sept9,3,0,7,0,9,2
Tnrc6c,83,60,144,117,163,100
Tmc6,1,3,6,5,9,6
Tmc8,0,0,0,0,1,0
Syngr2,19,7,22,38,26,25
Tk1,0,0,1,0,0,1
Afmid,0,0,0,2,0,2
Birc5,3,0,1,0,0,0
Tha1,5,1,2,6,2,6
Gm11725,0,0,0,2,0,0
Socs3,133,84,224,208,251,126
Pgs1,17,13,22,25,28,23
Cyth1,17,14,34,61,29,11
Usp36,20,14,28,32,41,18
Timp2,122,81,164,207,187,157
BC100451,1,0,0,1,2,0
Lgals3bp,1,2,2,3,3,9
Cant1,42,23,43,36,50,42
C1qtnf1,0,0,0,0,1,1
Engase,3,0,1,7,3,3
Rbfox3,0,1,0,0,0,0
Cbx2,3,2,1,1,3,2
Cbx8,14,7,18,28,20,17
Cbx4,26,21,48,52,41,33
Gm26508,0,2,2,0,0,0
Tbc1d16,16,7,17,59,24,14
Ccdc40,0,0,1,3,1,1
Gaa,72,67,120,68,110,107
Eif4a3,53,39,72,90,113,70
Card14,1,0,0,0,0,0
Sgsh,5,1,11,6,14,6
Slc26a11,8,3,6,12,12,4
Rnf213,7,6,14,5,10,9
Endov,11,8,8,21,18,8
Nptx1,13,2,4,13,7,3
Rptor,32,31,40,44,44,26
Chmp6,22,13,24,14,26,21
Gm11767,0,0,0,0,1,1
Baiap2,16,12,24,24,30,28
Aatk,88,43,120,294,182,91
Cep131,12,2,8,15,8,11
Enthd2,6,3,15,10,10,8
1810043H04Rik,42,10,51,28,45,30
Slc38a10,25,14,32,41,39,24
Bahcc1,33,16,21,36,18,21
Gm11772,4,3,4,9,3,1
Actg1,624,400,766,1173,848,911
0610009L18Rik,29,10,25,18,14,20
Fscn2,0,0,1,1,2,0
Faap100,11,7,30,15,18,20
Nploc4,16,9,17,24,19,17
Oxld1,11,8,8,4,4,3
Ccdc137,8,9,22,10,16,26
Arl16,12,5,15,15,13,20
Hgs,44,24,54,52,54,46
Mrpl12,40,22,62,59,77,52
Slc25a10,1,0,1,7,0,2
Gcgr,0,0,0,0,1,0
Fam195b,59,36,80,122,91,87
P4hb,91,54,111,125,116,101
Arhgdia,98,71,174,191,146,148
Alyref,33,11,44,68,37,60
Anapc11,62,34,118,110,138,108
Npb,3,0,1,43,18,9
Pcyt2,44,29,41,203,72,43
Sirt7,46,15,36,55,48,38
Mafg,63,33,85,120,117,104
Gm17586,3,1,5,6,3,5
Pycr1,2,4,8,11,11,6
Myadml2,0,0,0,1,1,0
Aspscr1,29,12,45,44,38,28
Stra13,33,18,44,37,48,55
Lrrc45,14,10,19,19,14,14
Rac3,31,11,32,20,25,36
Dcxr,12,3,16,22,13,8
Hmga1-rs1,3,1,2,0,2,3
Rfng,25,6,25,29,26,31
Gps1,85,46,116,103,100,95
Dus1l,10,8,17,17,7,14
Fasn,67,40,110,67,101,66
Ccdc57,2,0,1,0,2,4
Gm11773,0,1,0,0,0,0
Slc16a3,5,1,1,5,5,4
Csnk1d,93,42,100,94,97,67
Ogfod3,15,1,26,18,19,30
Hexdc,14,8,20,25,14,9
BC017643,21,13,31,31,29,26
Narf,26,12,36,32,33,18
Foxk2,30,15,38,34,31,32
Wdr45b,58,23,81,63,90,60
Rab40b,6,1,9,7,5,7
Fn3krp,11,5,16,7,15,6
Fn3k,12,5,16,9,9,13
Tbcd,4,7,18,10,10,15
Zfp750,0,0,0,1,0,0
B3gntl1,4,3,5,7,4,3
Metrnl,14,9,26,18,20,14
2810429I04Rik,0,1,1,3,2,2
Gdi2,83,42,113,135,108,134
Fam208b,14,12,21,27,24,10
Asb13,33,19,38,33,34,37
Net1,1,1,1,2,2,2
Akr1c13,0,0,1,0,2,0
Akr1e1,23,19,54,44,33,35
Klf6,191,75,218,201,308,126
Pitrm1,19,14,22,19,30,11
Pfkp,24,19,31,26,38,28
Gm9742,3,1,1,1,1,1
Adarb2,27,17,44,24,41,29
Wdr37,24,15,38,38,34,15
Idi1,28,11,39,75,39,16
Gtpbp4,29,11,36,34,30,37
Larp4b,52,43,68,77,86,51
Dip2c,30,29,48,45,47,35
Gm26601,6,4,18,13,16,6
Zmynd11,90,58,106,105,117,87
Chrm3,1,0,2,2,0,0
Ryr2,3,2,0,4,4,5
Mtr,2,2,4,4,1,1
Heatr1,6,3,13,9,7,2
Lgals8,35,23,42,60,44,36
Edaradd,1,0,0,1,0,0
Ero1lb,7,4,8,8,2,10
Gpr137b-ps,6,5,10,11,13,10
Gpr137b,19,11,35,23,19,31
Nid1,1,0,1,0,0,0
Lyst,7,3,12,13,19,8
Gng4,4,10,16,16,26,7
B3galnt2,19,11,20,21,23,25
Tbce,38,20,44,74,58,32
Ggps1,27,8,15,27,22,10
Arid4b,62,52,99,188,130,94
Hecw1,8,4,13,7,6,1
Mrpl32,39,27,54,53,50,50
Psma2,128,76,197,195,189,171
AW209491,11,6,20,18,20,30
Inhba,4,4,9,6,8,9
Mplkip,31,17,43,41,33,45
Cdk13,35,25,45,55,54,45
Rala,58,29,87,75,84,69
Yae1d1,42,37,76,66,56,56
Vdac3-ps1,0,0,0,1,1,0
Pou6f2,6,2,8,2,6,8
Vps41,41,20,63,49,48,45
Amph,38,31,54,61,53,39
Stard3nl,73,43,81,86,83,73
Epdr1,72,54,107,85,78,99
Sfrp4,3,1,4,4,4,3
Gpr141,1,0,0,0,0,0
Elmo1,64,45,70,103,94,91
Trim27,20,7,30,33,25,35
Zscan12,4,1,6,5,11,6
Zkscan3,76,49,98,97,125,121
Pgbd1,2,1,7,3,5,5
Zscan26,35,33,65,61,64,42
Nkapl,2,1,1,1,3,3
Zkscan4,10,3,7,3,4,4
AK157302,1,3,1,2,3,0
Zkscan8,20,13,23,26,25,16
Hist1h2bn,0,0,0,0,1,0
Gm11274,0,0,0,2,0,0
Hist1h1b,1,0,0,2,0,0
Hist1h2ap,5,4,20,2,11,6
Zfp184,0,0,1,3,0,1
Hist1h4i,1,0,1,6,3,1
Hist1h2ag,0,0,0,0,1,0
Zfp322a,47,29,71,62,72,56
Abt1,15,5,26,30,17,14
C230035I16Rik,5,6,13,11,11,9
Hist1h4h,7,3,5,17,6,4
Hist1h3e,0,0,2,1,1,1
Hist1h2ae,1,0,4,3,7,0
Hist1h2bg,0,0,0,1,0,0
Hist1h2bf,0,0,2,0,0,1
Hist1h3d,2,1,4,1,0,0
Hist1h4d,5,1,9,2,9,2
Hist1h2be,9,4,18,16,6,6
Hist1h1e,13,6,11,10,16,6
Hist1h2bc,87,70,175,174,89,98
Hist1h4c,0,1,1,0,3,0
Hfe,4,5,6,15,7,9
Hist1h1c,27,26,21,97,28,13
Hist1h2ab,1,0,1,0,0,0
Hist1h4a,0,0,1,1,1,0
Hist1h3a,1,0,0,0,0,0
Hist1h1a,0,0,1,0,0,0
Slc17a2,1,0,0,0,0,0
Scgn,0,0,1,0,0,0
Lrrc16a,27,16,33,26,35,26
Cmah,0,1,0,0,0,0
Fam65b,2,0,8,10,15,2
Gmnn,4,3,1,10,10,1
BC005537,128,89,198,136,162,111
Acot13,51,29,75,60,60,46
Tdp2,16,13,12,10,16,13
Aldh5a1,23,14,36,29,25,19
Gpld1,109,73,185,75,135,102
Mrs2,6,3,4,10,15,9
Dcdc2a,10,4,18,7,13,9
Nrsn1,4,5,9,10,11,7
Gm26735,55,26,58,39,77,22
Sox4,272,195,410,407,539,584
A330102I10Rik,19,10,41,31,30,24
Cdkal1,30,21,46,40,48,29
E2f3,11,12,13,24,15,9
Mboat1,16,5,10,16,15,15
Agtr1a,0,2,0,1,0,0
Uqcrfs1,53,47,111,112,120,112
Dusp22,9,8,10,11,10,6
Irf4,0,0,0,1,1,0
Exoc2,15,17,22,21,31,15
Hus1b,2,0,1,1,1,0
Foxq1,0,0,0,0,1,0
Foxf2,0,0,0,1,0,0
Foxc1,1,0,0,0,0,0
Gmds,20,19,22,32,25,38
Wrnip1,16,8,29,30,26,17
Serpinb1a,4,1,8,21,5,0
Serpinb6b,0,0,0,0,1,0
Serpinb9,4,5,14,8,3,12
Serpinb9b,0,0,1,0,0,0
Serpinb1b,2,1,0,1,0,0
Serpinb6a,18,9,27,42,27,39
1110046J04Rik,7,5,8,10,8,14
Nqo2,5,5,12,12,9,8
Ripk1,10,5,5,17,14,7
Bphl,28,17,26,22,26,34
Tubb2a,190,141,287,223,180,240
Tubb2b,437,300,533,692,551,433
Psmg4,41,24,29,40,28,35
Slc22a23,125,94,223,242,195,159
Pxdc1,156,85,244,162,195,160
Prpf4b,77,68,128,132,127,88
Eci2,46,35,49,59,56,50
Cdyl,5,4,19,34,22,14
Rpp40,4,3,9,9,2,4
Ppp1r3g,0,2,0,0,0,0
Lyrm4,16,8,33,15,31,18
Fars2,11,4,27,23,14,14
Nrn1,26,11,42,30,42,28
F13a1,0,0,1,1,0,0
Ly86,6,25,6,51,12,27
Rreb1,4,3,12,8,8,2
Ssr1,136,85,175,153,155,99
Cage1,2,0,2,2,1,0
Riok1,15,11,16,18,19,19
Snrnp48,21,20,37,37,33,30
Txndc5,47,16,61,39,45,50
Bloc1s5,16,3,10,17,14,15
Eef1e1,29,16,49,55,52,44
Slc35b3,13,5,16,17,11,13
Gm26514,0,0,2,1,1,1
5033403F01Rik,1,1,2,0,2,0
Gcnt2,0,0,0,1,2,0
Pak1ip1,41,31,67,64,53,55
Tmem14c,61,39,125,106,96,80
Elovl2,0,1,0,0,0,0
Smim13,28,28,49,46,28,24
Nedd9,7,8,14,5,13,7
Tmem170b,29,16,41,29,38,17
Gm28707,0,1,0,0,1,0
Hivep1,5,9,17,18,18,10
Edn1,1,0,0,2,2,0
Phactr1,25,29,53,87,66,40
Tbc1d7,26,11,32,23,50,29
Gfod1,15,8,19,32,23,18
Sirt5,15,10,13,18,12,13
Nol7,64,51,105,116,88,70
Ranbp9,71,48,85,79,81,61
Mcur1,31,18,58,26,41,32
Rnf182,29,22,59,36,27,38
Cd83,54,61,53,83,83,29
Gm5083,1,0,1,1,3,1
Jarid2,54,33,79,76,74,43
Dtnbp1,35,7,38,37,31,31
Mylip,6,5,5,46,17,3
Gmpr,50,26,59,48,66,57
Atxn1,40,26,51,41,43,42
5033430I15Rik,0,2,1,1,1,1
Rbm24,2,4,6,2,4,0
Cap2,14,13,15,9,18,20
Fam8a1,35,24,44,55,54,45
Nup153,15,17,42,19,17,14
Kif13a,47,27,78,48,75,55
Nhlrc1,11,5,12,14,20,13
Tpmt,3,2,9,3,2,8
Kdm1b,8,5,8,22,11,4
Dek,74,64,135,124,128,110
Rnf144b,18,19,43,25,27,18
Id4,3,8,8,2,3,5
A330048O09Rik,0,0,1,0,0,0
Zfp169,2,1,5,8,5,8
A830005F24Rik,0,2,0,1,0,0
6720427I07Rik,26,14,32,27,57,10
Ptpdc1,24,8,24,43,41,15
Phf2,32,22,49,29,28,17
Phf2os1,0,0,1,3,0,0
Fam120a,52,39,73,73,69,42
Fam120aos,4,0,2,1,9,4
Wnk2,21,22,22,13,24,18
Ninj1,21,13,19,51,26,28
Card19,37,17,28,142,69,34
Susd3,1,3,1,15,4,4
Fgd3,2,0,0,2,5,1
Bicd2,26,28,47,70,44,43
Ippk,9,2,11,15,12,8
Cenpp,3,0,4,2,4,0
Ecm2,1,0,0,0,0,0
Ogn,0,0,1,0,0,0
Nol8,6,7,29,31,15,14
Iars,37,17,29,47,27,43
Fbxw17,15,6,13,21,22,10
Spin1,61,23,87,53,65,56
S1pr3,1,1,1,1,0,0
Shc3,3,3,2,1,3,1
Cks2,4,3,6,6,6,3
Secisbp2,29,12,23,37,19,33
Gm15440,25,8,33,139,126,32
Sema4d,16,10,23,36,44,17
Gadd45g,31,17,29,47,34,15
Diras2,18,14,33,11,18,20
Syk,1,1,2,3,3,1
Auh,30,20,40,71,69,55
Nfil3,0,4,7,7,3,1
Ror2,0,0,0,0,0,1
Sptlc1,38,20,54,50,37,22
Gm2762,0,0,0,1,0,0
Drd1,0,0,0,1,0,0
Sfxn1,65,36,75,70,90,68
Hrh2,0,0,0,1,0,0
Cplx2,10,7,10,14,17,10
Thoc3,9,6,26,26,24,20
Simc1,9,2,16,9,9,8
4833439L19Rik,66,40,76,80,84,62
Arl10,1,5,4,10,4,3
Nop16,14,3,24,24,24,19
Higd2a,107,102,185,178,170,151
Cltb,56,30,109,94,105,99
Faf2,29,24,59,43,49,50
Rnf44,35,24,36,37,52,35
Cdhr2,0,0,0,0,1,0
Gprin1,6,5,4,2,9,10
Sncb,10,4,10,4,19,7
Tspan17,13,6,8,51,31,7
Unc5a,15,8,19,15,12,9
Hk3,0,0,0,5,1,4
Uimc1,33,14,36,25,34,22
Zfp346,5,10,10,19,11,4
Nsd1,60,49,81,113,87,75
Rab24,52,24,72,70,59,55
Prelid1,26,32,51,53,35,60
Mxd3,0,0,0,1,0,0
Lman2,52,55,103,58,68,77
Rgs14,0,0,1,0,1,0
Grk6,17,3,10,18,22,11
Prr7,16,8,25,17,25,11
Dbn1,15,21,34,20,15,23
Pdlim7,4,4,3,4,1,2
Dok3,2,1,4,2,2,0
Ddx41,23,14,22,19,19,21
Fam193b,27,18,26,21,33,17
Tmed9,159,105,239,194,192,191
B4galt7,14,12,18,12,19,10
Caml,44,27,67,76,87,69
Ddx46,41,24,74,54,63,39
B230219D22Rik,80,50,118,123,128,100
Txndc15,105,65,162,127,112,164
Pcbd2,27,10,25,24,12,30
Catsper3,1,1,1,0,3,0
Pitx1,0,0,0,0,1,0
H2afy,114,93,181,177,183,173
Tifab,1,2,1,6,1,3
Neurog1,0,0,1,1,1,0
Cxcl14,69,45,99,32,56,72
Slc25a48,0,0,0,0,1,0
Fbxl21,1,2,1,0,2,0
Tgfbi,0,0,0,1,1,1
Smad5,62,42,85,65,75,63
Trpc7,2,0,0,0,1,1
Spock1,14,8,11,26,23,14
Klhl3,4,0,3,2,0,0
Hnrnpa0,254,193,371,342,324,252
Idnk,17,15,25,38,21,17
Ubqln1,41,31,69,61,66,57
Gkap1,45,20,77,108,94,62
Kif27,0,0,1,0,0,0
2210016F16Rik,10,9,9,17,11,14
Hnrnpk,325,227,516,548,511,533
Rmi1,18,6,10,15,19,11
Ntrk2,345,303,554,271,368,362
Agtpbp1,39,14,45,52,51,22
Naa35,43,34,73,53,70,57
Golm1,9,10,12,21,18,12
Isca1,30,21,41,51,34,27
Zcchc6,23,17,51,39,44,27
Gas1,47,46,94,62,77,69
Dapk1,0,2,1,3,0,1
Ctla2b,2,3,0,6,5,2
Ctla2a,0,1,0,2,6,0
Zfp808,1,1,0,2,4,1
Gm3604,5,0,0,1,1,0
Zfp935,1,0,5,7,5,0
Zfp934,1,0,1,0,1,0
6720489N17Rik,3,2,4,3,3,4
Platr25,2,0,1,1,2,0
Gm5141,13,4,6,8,13,9
Fbp1,2,1,1,2,2,2
2010111I01Rik,13,7,28,29,37,14
Gm16907,2,0,1,0,0,0
Fancc,3,5,10,10,14,6
Ptch1,54,47,92,47,71,57
Ercc6l2,9,9,27,14,24,6
Slc35d2,2,1,1,2,3,1
Zfp367,4,6,11,8,9,6
Habp4,15,16,24,22,20,11
Cdc14b,20,11,17,17,20,17
Aaed1,2,1,4,4,6,0
Ctsl,140,105,230,454,448,238
Cdk20,4,0,6,2,2,6
Hiatl1,67,38,88,85,71,52
Gm10775,0,0,1,0,0,0
Zfp369,10,12,42,25,25,14
Uqcrb,250,189,355,216,288,295
Gm10767,1,0,5,2,0,0
Mterf3,23,20,32,22,27,24
Ptdss1,67,39,75,57,85,47
Zfp712,8,6,4,5,3,4
Gm28557,1,1,4,2,2,0
Rslcan18,0,0,0,2,1,0
Zfp759,4,2,3,5,6,4
Rsl1,0,1,0,1,1,1
Zfp455,2,6,6,3,7,8
Zfp458,6,3,9,15,6,5
Zfp457,0,0,0,1,0,0
Zfp595,7,5,8,8,8,8
Zfp953,2,2,4,3,2,1
Gm28041,1,1,2,0,0,2
Gm17039,0,0,1,0,0,0
Zfp456,2,1,0,2,1,1
Zfp429,2,7,2,4,4,6
Zfp459,0,0,3,0,0,0
Zfp874a,6,4,7,7,7,4
Zfp874b,11,12,27,13,20,15
Zfp58,5,3,7,10,5,7
Zfp87,8,9,13,12,8,12
Zfp748,9,5,21,14,23,12
9430065F17Rik,3,5,9,4,4,2
Zfp729b,7,7,19,18,14,10
Gm37276,4,3,4,4,3,8
Zfp729a,12,12,11,13,14,5
Zfp738,17,7,20,16,18,14
Zfp65,14,5,16,9,15,9
Zfp85os,3,1,2,1,3,1
Zfp85,5,2,6,7,11,4
Zfp493,4,5,5,6,2,3
4930525G20Rik,1,2,2,2,2,0
Zfp273,12,9,10,6,7,10
Mtrr,8,3,11,12,7,9
Fastkd3,2,5,6,6,7,3
1700001L19Rik,3,0,2,0,4,0
Adcy2,14,8,18,7,16,7
Papd7,18,13,34,21,27,18
Nsun2,23,16,42,23,33,26
Srd5a1,8,4,14,11,19,11
Ube2ql1,43,34,47,16,42,34
Med10,53,34,84,78,68,62
Ice1,31,15,44,30,29,30
Adamts16,2,0,0,1,2,0
Irx1,29,19,50,20,37,34
Irx2,0,3,4,5,2,4
Gm10263,2,0,0,0,0,1
Ndufs6,96,57,139,165,139,128
Mrpl36,50,49,96,67,80,63
Lpcat1,96,49,128,84,103,68
Slc6a3,1,2,1,1,4,0
Clptm1l,78,53,90,79,88,61
Slc6a19,2,2,0,0,6,1
Slc12a7,8,1,2,1,2,1
Nkd2,5,5,15,3,6,7
Trip13,1,2,0,0,2,1
Brd9,55,25,71,52,97,46
Gm15912,1,2,6,22,11,4
Tppp,36,18,60,184,109,25
Cep72,3,4,3,5,3,0
Exoc3,41,30,84,66,68,70
Ahrr,0,2,0,1,1,1
Pdcd6,79,46,117,117,104,109
Sdha,86,71,119,139,145,106
Ccdc127,56,27,73,59,58,38
Lrrc14b,0,0,0,1,1,0
Zfp72,2,0,0,2,0,0
Gm10116,15,12,23,21,16,23
Zfp825,4,5,8,11,9,9
Erap1,3,3,7,9,4,7
Cast,0,0,2,3,5,3
Pcsk1,1,1,2,0,0,0
Ell2,16,2,15,35,19,15
Glrx,17,8,27,14,23,19
Rhobtb3,78,47,83,123,88,59
Spata9,0,0,0,0,1,0
Rfesd,7,3,17,14,13,14
Gpr150,0,0,1,2,3,2
Arsk,18,21,54,23,28,21
Ttc37,5,2,2,6,10,6
Mctp1,1,4,4,6,3,2
Slf1,18,9,20,30,25,22
2210408I21Rik,5,2,11,4,9,5
Fam172a,42,35,75,57,75,44
Pou5f2,6,3,8,10,12,4
Nr2f1,80,54,123,75,119,109
A830082K12Rik,22,11,27,32,27,20
Arrdc3,46,14,69,94,69,31
Gm4211,0,0,0,1,0,0
9330111N05Rik,0,0,1,2,0,0
Adgrv1,4,6,3,10,15,6
Lysmd3,8,7,24,29,26,13
Polr3g,0,1,5,8,4,4
Mblac2,20,14,27,39,49,26
Gm17259,3,2,6,2,2,3
Cetn3,96,58,149,133,114,105
Mef2c,16,22,33,54,49,34
C130071C03Rik,61,42,82,90,77,45
Gm26803,2,0,2,2,2,0
2810049E08Rik,6,3,3,0,4,2
Gm17750,8,5,15,2,12,14
A230107N01Rik,4,2,2,0,1,0
Tmem161b,26,15,29,21,27,22
Ccnh,71,46,107,81,85,85
Rasa1,38,27,83,64,59,58
Cox7c,468,314,600,421,628,401
Edil3,206,140,294,312,245,213
Hapln1,17,13,33,12,10,18
Vcan,704,593,1015,589,835,589
Xrcc4,27,21,41,39,31,32
Tmem167,186,153,255,223,259,213
Atp6ap1l,12,4,12,1,14,17
Rps23,387,304,623,574,619,481
Atg10,18,7,15,15,11,16
A830009L08Rik,0,0,1,0,2,0
Ssbp2,63,57,81,55,81,85
4833422C13Rik,13,5,20,9,16,11
Acot12,1,0,0,0,0,0
Zcchc9,61,26,60,36,81,51
Rasgrf2,5,8,5,4,6,7
Msh3,19,11,27,33,45,18
Gm20379,0,0,0,0,1,0
Dhfr,9,3,12,22,7,12
Ankrd34b,3,1,3,3,6,2
Fam151b,5,10,16,9,15,5
Zfyve16,21,14,25,24,16,19
Serinc5,180,144,304,250,234,224
Mtx3,8,5,22,15,11,6
Papd4,11,10,8,13,5,10
Homer1,29,16,50,46,41,18
Jmy,59,30,83,76,104,65
Bhmt,1,0,0,0,0,0
Bhmt2,1,0,0,0,1,0
Dmgdh,0,0,0,0,0,2
AW495222,21,10,26,14,15,13
Arsb,160,105,212,195,216,174
Gm26527,3,0,1,0,2,1
Lhfpl2,44,24,65,59,61,51
Scamp1,71,46,100,56,83,80
Gm9776,6,3,7,2,6,8
Ap3b1,23,23,26,43,35,28
Tbca,66,57,114,83,93,111
Wdr41,24,16,35,26,30,19
Pde8b,29,17,43,22,39,28
Zbed3,41,16,47,37,49,43
Aggf1,20,7,49,44,30,20
F2r,42,32,55,27,56,31
Iqgap2,12,5,15,7,10,11
Sv2c,2,2,1,6,4,1
Poc5,7,10,15,12,18,9
Ankdd1b,0,0,1,0,1,0
Polk,15,6,22,23,24,15
Col4a3bp,25,17,33,30,40,27
Hmgcr,54,43,106,64,94,31
Gcnt4,0,0,0,1,2,0
Fam169a,23,16,27,21,25,14
Gm6169,1,0,3,0,2,1
Nsa2,58,35,105,74,109,100
Gfm2,10,11,22,23,19,10
Hexb,81,216,111,444,230,166
Enc1,73,34,89,63,88,53
5330416C01Rik,6,2,5,2,4,2
Gm10260,0,0,0,1,1,0
Arhgef28,21,8,37,45,43,33
Utp15,17,3,26,19,10,12
Ankra2,57,47,92,95,93,89
Btf3,244,166,398,457,354,376
Gm9828,4,2,5,8,4,2
Foxd1,0,0,4,4,0,1
Gm10320,0,0,1,1,1,0
Fcho2,71,34,85,90,83,57
Tnpo1,166,106,229,132,163,138
Gm807,0,2,0,0,0,2
Zfp366,1,0,0,0,0,0
Ptcd2,32,28,37,25,36,51
Mrps27,4,2,13,9,9,8
6430562O15Rik,0,0,1,0,0,1
Map1b,115,47,137,213,187,179
Gm26559,0,0,0,2,1,1
Cartpt,0,0,0,0,1,0
Mccc2,16,15,17,21,16,7
Bdp1,26,15,37,40,32,21
Serf1,86,53,116,70,84,84
Smn1,34,13,38,21,48,45
Naip2,0,0,0,5,1,1
Naip5,0,0,0,3,0,2
Naip6,1,0,0,1,1,0
Gtf2h2,20,7,16,28,23,19
Ocln,7,5,4,1,2,2
Marveld2,1,1,0,0,1,0
Rad17,16,17,32,37,38,26
Ak6,11,10,28,24,36,19
Taf9,1,0,0,0,1,0
Cdk7,20,7,38,27,37,29
Mrps36,53,37,79,51,71,61
Cenph,3,1,1,0,2,0
Ccnb1,0,0,1,0,0,0
Slc30a5,43,24,58,65,57,44
Gm29502,2,1,3,3,2,2
Pik3r1,230,182,302,253,218,206
Cd180,0,0,1,3,0,0
Mast4,42,26,61,101,48,46
Srek1,59,44,86,91,83,63
Erbb2ip,55,33,79,155,76,43
Nln,5,3,10,14,10,8
Sgtb,5,3,4,3,7,4
Trappc13,38,19,62,67,61,41
Trim23,22,21,27,30,26,16
Ppwd1,27,10,27,18,38,33
Cenpk,7,0,4,2,1,3
Adamts6,3,2,5,8,2,1
Cwc27,8,16,27,20,20,21
2610204G07Rik,1,1,1,1,0,1
Srek1ip1,47,22,38,38,39,44
Fam159b,2,0,0,0,1,0
Rgs7bp,38,36,85,55,61,61
Rnf180,8,3,9,5,5,8
Ipo11,15,8,21,22,19,10
Dimt1,19,18,20,24,24,20
Kif2a,66,34,72,72,72,70
3830408C21Rik,0,1,0,0,1,1
Apoo-ps,1,0,0,0,0,0
Zswim6,39,24,72,84,67,46
Smim15,49,29,66,73,73,60
Ndufaf2,57,30,88,79,73,55
Ercc8,18,5,16,24,18,16
Elovl7,31,14,44,155,112,49
Depdc1b,1,0,1,4,0,0
Pde4d,39,16,43,61,43,40
Rab3c,14,12,32,30,36,15
Plk2,53,36,83,55,79,72
Gpbp1,79,48,116,90,88,69
Mier3,21,13,31,25,29,21
Map3k1,68,44,75,88,91,65
Gm15326,0,0,0,0,1,0
Ankrd55,1,0,0,3,0,0
Il6st,74,42,115,73,82,67
Ddx4,1,0,0,0,1,0
Slc38a9,11,9,28,22,24,19
Plpp1,18,6,15,13,9,18
Skiv2l2,26,16,40,35,31,26
Dhx29,14,7,17,17,20,17
Ccno,0,0,0,0,0,1
Gpx8,2,4,2,1,0,2
BC067074,1,3,7,5,8,3
Snx18,35,28,88,74,84,45
Hspb3,0,3,2,2,1,0
Arl15,22,11,32,14,24,23
Ndufs4,92,58,152,119,95,93
Mocs2,72,43,85,93,88,77
Itga2,0,0,0,0,1,0
Itga1,0,0,1,1,1,0
Pelo,15,8,20,18,18,27
Parp8,20,18,28,14,25,27
Gm17509,1,0,2,0,1,1
Emb,13,4,15,12,10,21
Hcn1,2,0,0,0,1,5
Mrps30,11,11,24,22,15,12
Nnt,29,17,31,26,26,14
Paip1,38,19,45,55,52,32
4833420G17Rik,24,30,48,43,48,30
3110070M22Rik,0,0,2,0,8,2
Gm7120,0,1,0,0,0,0
Gm21967,24,8,26,24,28,25
Ccl28,0,0,0,1,1,0
Hmgcs1,87,46,91,275,80,54
Nim1k,31,27,73,27,37,40
Zfp131,33,16,47,48,44,35
Rab10os,22,13,31,40,39,36
Rab10,195,125,261,287,269,213
Gm26520,3,1,1,1,0,0
Kif3c,43,30,62,81,82,43
1110002L01Rik,2,2,12,6,6,8
Asxl2,46,25,52,79,84,48
Dtnb,24,15,41,36,28,34
Dtnbos,0,0,0,2,1,0
Dnmt3a,60,30,92,115,87,68
Dnmt3aos,0,0,1,1,0,0
Pomc,7,0,3,7,8,6
Efr3b,6,10,25,12,17,7
Dnajc27,9,3,17,15,9,6
Adcy3,39,16,50,38,42,37
Cenpo,5,1,6,4,4,2
Ptrhd1,15,12,23,31,35,14
Ncoa1,63,41,117,77,99,81
Itsn2,16,9,28,44,21,18
Gm17541,0,0,1,1,1,0
Fam228a,2,1,5,3,1,1
Fam228b,10,12,11,18,21,13
Pfn4,3,1,3,5,9,0
Sf3b6,133,88,218,195,191,168
Fkbp1b,2,2,3,2,8,4
BC068281,13,4,16,10,21,24
Mfsd2b,0,1,0,0,0,3
Ubxn2a,25,12,40,38,41,34
Atad2b,11,9,18,26,11,17
Klhl29,0,1,2,1,3,1
Ldah,31,21,43,39,44,34
Hs1bp3,10,13,21,21,25,5
Rhob,196,121,176,564,283,174
Pum2,102,51,144,131,133,113
Sdc1,0,2,4,5,1,2
Laptm4a,295,218,505,305,394,342
Wdr35,13,11,30,13,16,19
Ttc32,16,17,19,26,16,22
Osr1,0,0,1,0,0,0
Rdh14,31,23,35,37,33,41
Pgk1-rs7,0,1,0,0,0,1
Gen1,1,0,0,0,0,0
Smc6,61,37,64,60,77,72
Vsnl1,41,26,77,26,46,49
Rad51ap2,4,2,3,6,5,0
Fam49a,38,31,56,33,40,36
Rpl36-ps3,2,1,0,2,1,0
Mycn,3,1,7,6,11,5
Ddx1,60,52,97,115,85,77
Nbas,15,11,26,27,19,21
Fam84a,1,0,2,1,1,1
Trib2,96,54,155,86,149,97
Lpin1,26,21,46,39,50,31
Ntsr2,46,60,66,31,50,67
Greb1,1,0,0,0,0,1
E2f6,13,7,20,7,18,15
Rock2,68,48,94,94,96,64
Pqlc3,0,0,0,1,0,0
2410004P03Rik,0,0,0,0,1,0
Kcnf1,2,5,6,2,2,1
Pdia6,222,130,288,213,153,377
Atp6v1c2,1,0,0,0,0,0
Nol10,10,2,12,8,8,5
Odc1,36,30,63,65,67,36
Hpcal1,5,3,4,9,7,12
B430203G13Rik,5,0,2,1,1,1
Gm5784,2,0,1,4,1,0
Gm10479,1,0,0,0,0,0
Asap2,30,30,56,28,59,33
Itgb1bp1,23,11,36,46,26,29
Cpsf3,29,27,48,41,54,52
Iah1,15,15,35,30,26,23
Adam17,37,17,47,54,58,26
Ywhaq,254,139,305,819,398,278
Gm4419,1,0,4,8,6,0
2410018L13Rik,3,1,4,0,0,2
9030624G23Rik,0,1,0,0,0,0
Taf1b,7,7,21,9,16,11
Grhl1,1,1,1,2,2,1
Klf11,9,6,13,23,13,5
Cys1,12,12,27,16,23,25
Rrm2,2,2,0,2,1,2
Mboat2,37,39,76,74,55,71
Kidins220,108,56,136,105,101,76
Id2,134,78,185,177,183,161
Rnf144a,114,73,159,102,145,117
Rsad2,2,1,3,4,3,0
Cmpk2,8,4,11,6,12,13
Gm9866,1,0,0,0,1,0
Sox11,104,52,176,138,131,139
Dcdc2c,1,1,2,3,0,2
Colec11,0,0,0,0,2,0
Rps7,243,189,398,550,419,385
Rnaseh1,23,3,27,21,26,7
Adi1,24,16,41,49,36,38
Trappc12,13,15,32,15,30,23
Tssc1,14,9,17,19,25,16
Myt1l,26,13,39,27,34,21
Pxdn,10,9,16,11,20,13
Sntg2,0,0,0,1,1,0
Tmem18,28,14,41,17,37,28
Acp1,262,134,366,219,249,197
Sh3yl1,6,2,10,11,5,6
Lamb1,0,0,1,0,0,0
Dld,44,24,64,66,57,46
Cbll1,20,17,33,36,39,31
Gm29542,0,1,0,0,0,0
Gm29541,0,0,0,1,0,0
Bcap29,46,15,34,47,31,37
Dus4l,1,2,10,4,8,6
Cog5,4,6,9,10,10,5
Gpr22,3,6,8,5,5,2
Hbp1,45,29,55,56,74,46
Prkar2b,19,15,37,32,37,19
Pik3cg,2,2,3,8,3,2
Ccdc71l,18,7,18,29,27,15
Nampt,31,21,57,49,60,43
Gdap10,7,4,11,13,17,9
4933406C10Rik,1,0,3,1,2,1
Sypl,75,39,86,191,102,72
Cdhr3,0,1,0,0,0,0
Atxn7l1,9,8,14,15,7,13
Efcab10,4,1,1,1,1,0
Twistnb,20,12,24,35,29,30
Gm18025,1,0,1,2,0,0
Hdac9,11,7,22,12,13,3
Snx13,29,18,33,39,45,19
Ahr,2,0,0,1,0,0
Tspan13,132,77,196,84,129,141
Bzw2,42,20,53,41,66,55
Ankmy2,31,13,31,29,25,20
Lrrc72,0,1,1,1,0,0
Sostdc1,2,3,3,0,0,2
D630036H23Rik,0,1,0,2,0,0
Ispd,10,4,18,11,11,11
Agmo,2,12,11,13,12,6
Dgkb,20,6,39,26,31,20
Etv1,113,114,178,99,147,119
Arl4a,79,43,112,152,129,80
Arl4aos,0,0,0,0,1,0
Gm17056,4,2,3,1,2,2
Ifrd1,38,41,50,71,49,43
Gm17024,1,0,1,0,0,0
Gm7008,3,2,2,3,1,1
Zfp277,28,14,28,25,20,19
Dock4,14,13,30,32,31,13
Immp2l,13,7,6,6,11,14
Lrrn3,41,45,85,53,60,66
Dnajb9,42,19,63,81,65,67
Pnpla8,34,12,45,69,53,41
Nrcam,89,55,134,84,95,89
Stxbp6,30,21,50,49,38,17
Nova1,86,53,115,93,114,65
Gm1818,0,0,0,2,1,0
Foxg1,89,64,125,75,85,82
3110039M20Rik,1,0,3,0,0,0
3110039M20Rik-1,4,6,6,3,7,1
Prkd1,7,11,23,18,18,20
G2e3,22,18,17,49,32,25
Scfd1,22,14,35,49,28,32
Strn3,91,45,108,122,115,106
Ap4s1,46,40,62,59,51,58
Hectd1,63,38,87,101,91,72
Heatr5a,11,10,12,11,14,15
Dtd2,25,8,30,25,33,22
Nubpl,8,4,7,9,9,5
Arhgap5,72,60,127,222,195,92
1700031P21Rik,0,0,0,1,0,0
Akap6,17,13,34,28,33,21
Npas3,119,49,165,101,120,122
Egln3,6,3,8,3,6,6
Sptssa,80,71,164,171,132,141
Eapp,37,22,59,47,49,56
Snx6,74,46,111,118,92,92
Cfl2,112,56,134,287,163,129
Baz1a,2,4,1,6,4,1
2700097O09Rik,28,14,44,41,52,37
Fam177a,61,21,69,226,107,61
Srp54b,95,51,135,198,129,102
1700047I17Rik2,3,0,3,11,8,4
Ppp2r3c,22,10,32,39,33,29
1110008L16Rik,1,3,8,13,11,5
Psma6,63,51,102,124,105,117
Nfkbia,37,44,34,110,80,38
Ralgapa1,36,19,47,52,53,25
Brms1l,27,22,29,29,41,22
Mbip,42,18,36,41,46,25
Nkx2-1,0,0,1,0,0,0
Prps1l3,1,4,6,7,6,4
Mipol1,4,5,8,15,15,3
Sstr1,30,6,35,15,20,22
Clec14a,15,3,21,12,8,5
Gm17529,2,2,3,1,0,1
Sec23a,50,23,61,61,52,34
Gemin2,3,1,11,10,13,7
Trappc6b,54,39,89,71,70,62
Pnn,147,103,210,223,220,183
Ctage5,50,29,83,69,60,38
Fbxo33,29,10,23,46,46,40
Lrfn5,62,32,76,52,55,56
Gm527,1,3,6,7,6,3
Klhl28,4,2,12,10,13,9
Fam179b,19,4,16,27,18,13
Prpf39,32,19,42,48,45,19
Fkbp3,61,45,85,103,83,77
Fancm,7,9,17,11,18,5
Mis18bp1,0,1,0,1,0,0
Mdga2,69,45,99,92,115,76
Rps29,654,523,949,743,1231,740
Lrr1,0,0,0,1,0,1
Rpl36al,179,96,219,224,210,190
Mgat2,37,22,54,49,40,48
Dnaaf2,8,3,12,9,15,8
9330151L19Rik,34,12,41,23,19,34
Pole2,1,0,4,3,2,0
Klhdc1,4,1,5,7,8,6
Klhdc2,60,37,71,80,82,66
Nemf,43,20,41,56,51,44
Arf6,43,20,53,59,66,38
Vcpkmt,3,0,4,3,4,3
Sos2,24,8,41,25,30,37
L2hgdh,16,8,15,13,10,8
Atp5s,14,5,16,13,15,19
Cdkl1,1,0,0,0,0,0
Map4k5,41,23,64,74,74,38
4931403G20Rik,1,0,0,0,1,0
Atl1,25,19,36,37,26,29
Gm3086,1,0,1,0,1,1
Sav1,10,11,30,31,22,20
Nin,34,24,49,41,58,27
Pygl,1,0,0,1,0,0
Trim9,51,25,87,37,59,48
Tmx1,49,37,95,74,76,70
Frmd6,17,12,26,24,24,18
Actr10,74,43,87,110,92,79
Psma3,149,89,209,264,203,208
3110056K07Rik,19,9,27,17,14,13
Arid4a,39,35,62,56,49,52
Timm9,33,19,46,50,52,23
2700049A03Rik,7,1,13,14,14,12
Dact1,7,2,20,19,9,7
Daam1,48,35,60,131,83,37
Gpr135,0,0,2,0,3,1
L3hypdh,3,1,6,7,4,5
Jkamp,62,41,122,105,89,110
Rtn1,608,427,1096,701,814,782
Lrrc9,1,0,0,0,1,3
Pcnxl4,18,10,11,24,19,13
Dhrs7,61,44,82,68,84,84
Ppm1a,48,19,55,84,84,49
Six4,4,4,5,5,11,2
Mnat1,35,15,37,29,41,35
Trmt5,2,1,4,2,3,7
Slc38a6,15,7,13,21,17,9
Prkch,0,0,2,2,1,0
Hif1a,93,61,163,144,155,117
Snapc1,40,29,43,44,39,51
Syt16,41,27,41,24,47,35
1700086L19Rik,53,23,69,43,54,54
Dbpht2,59,22,74,36,63,54
Kcnh5,13,5,15,11,9,6
Rhoj,35,14,37,26,15,17
Ppp2r5e,61,38,72,71,60,46
Wdr89,27,20,37,51,41,27
Sgpp1,49,18,66,59,63,29
Syne2,28,14,57,33,36,46
Esr2,0,0,1,0,0,0
Mthfd1,21,15,32,28,30,22
Akap5,4,3,7,2,2,2
Zbtb25,3,2,10,15,9,7
Zbtb1,19,9,35,41,41,46
4930426I24Rik,1,0,0,0,2,0
Hspa2,17,11,26,53,23,10
Ppp1r36,0,0,0,1,1,0
Plekhg3,11,3,9,37,13,10
Sptb,8,6,13,5,9,8
Churc1,46,37,79,84,70,54
Fntb,10,7,24,18,16,13
Rab15,6,6,6,7,5,2
Max,35,24,41,30,33,47
Fut8,51,29,65,67,70,58
Gphn,57,34,63,76,70,71
Fam71d,1,0,0,0,0,0
Mpp5,42,39,81,63,76,54
Atp6v1d,50,28,77,75,93,69
Eif2s1,37,15,47,55,51,49
Tmem229b,19,14,26,15,25,20
Plekhh1,14,3,7,57,18,4
Pigh,28,7,26,27,17,22
Vti1b,39,24,60,68,46,52
Rdh11,25,18,29,35,37,21
Rdh12,5,1,12,2,9,3
Zfyve26,4,6,13,11,13,6
Rad51b,0,0,0,1,0,0
Zfp36l1,365,275,511,420,487,401
Gm26669,21,16,31,22,22,8
2310015A10Rik,16,14,32,22,27,31
Actn1,3,2,10,2,9,1
Dcaf5,19,10,46,21,32,19
Exd2,20,11,30,33,24,12
Gm26777,2,2,4,2,3,1
Galnt16,61,29,69,44,49,49
Erh,177,113,293,218,249,255
Slc39a9,21,18,46,35,32,23
Plekhd1,3,2,1,0,3,0
Ccdc177,12,7,23,4,10,12
Susd6,25,22,42,26,42,25
Gm26545,0,0,0,1,0,0
Srsf5,220,127,280,368,374,163
Slc10a1,0,0,0,1,0,0
Smoc1,114,89,140,52,115,118
Slc8a3,17,13,27,18,34,22
Gm3693,0,0,2,0,0,0
Gm20498,4,7,7,7,16,4
Cox16,17,7,25,13,16,15
Gm4787,0,0,2,1,1,0
Adam4,0,0,1,0,0,0
Synj2bp,40,32,52,50,33,44
Med6,18,13,26,21,26,17
Ttc9,7,1,8,10,9,8
Map3k9,8,7,13,8,8,10
Pcnx,37,21,47,31,42,26
Sipa1l1,32,27,63,30,53,35
Rgs6,0,0,1,0,0,0
Dpf3,4,8,18,6,9,13
Dcaf4,9,10,18,12,10,14
Zfyve1,9,4,17,15,14,4
Rbm25,191,105,257,299,244,214
Gm29361,4,1,0,0,0,0
Psen1,22,16,27,34,28,35
Numb,26,21,43,46,49,32
2410016O06Rik,4,7,13,14,12,15
Acot2,48,27,74,41,51,38
Acot1,25,10,33,45,46,44
Acot4,0,1,1,0,0,0
4732463B04Rik,7,7,5,1,3,4
Acot3,0,0,2,0,0,0
Acot5,0,0,1,0,1,0
Acot6,11,4,6,6,8,7
Dnal1,12,8,23,14,13,9
Pnma1,0,0,0,2,0,0
Elmsan1,5,3,2,9,8,5
Ptgr2,11,10,14,34,18,15
Zfp410,24,15,27,23,26,18
Fam161b,6,3,7,5,4,6
Coq6,11,5,9,20,17,11
Entpd5,15,21,34,26,22,17
Bbof1,3,1,4,4,2,3
Rnf113a2,9,10,17,23,29,28
Aldh6a1,25,35,50,55,60,44
Lin52,12,6,17,6,24,12
Abcd4,16,11,28,28,31,18
Syndig1l,0,1,2,0,0,0
Npc2,89,74,172,295,179,128
Isca2,56,30,60,70,56,43
Arel1,24,19,54,25,40,15
Fcf1,33,21,55,32,59,38
Ylpm1,51,35,89,64,72,66
Prox2os,1,0,4,0,0,1
Prox2,1,3,1,2,0,2
Dlst,27,19,45,34,36,29
Rps6kl1,23,11,23,30,23,24
Pgf,5,0,2,2,5,1
Eif2b2,22,10,28,46,35,14
Mlh3,19,17,28,34,23,14
Acyp1,27,21,28,37,32,24
Zc2hc1c,1,0,1,0,1,0
Nek9,20,19,39,27,30,21
Tmed10,158,102,242,325,228,205
Fos,1213,636,2170,1156,2481,1296
Jdp2,21,11,26,34,27,21
Batf,0,1,0,2,1,0
0610007P14Rik,99,59,142,133,106,105
Ttll5,17,8,11,21,12,6
Tgfb3,3,2,4,8,5,9
Ift43,27,9,25,47,34,19
Gpatch2l,8,1,6,16,15,6
4732487G21Rik,0,0,0,0,1,0
Esrrb,1,2,0,1,2,0
Vash1,6,6,9,9,6,8
Angel1,8,9,18,9,15,10
Irf2bpl,46,34,118,94,92,117
Cipc,97,91,153,125,137,97
Zdhhc22,5,4,6,3,3,8
Tmem63c,1,1,2,3,0,0
Ngb,7,1,7,0,1,3
Pomt2,20,15,29,20,23,21
Gstz1,14,9,16,18,22,13
Tmed8,12,15,23,22,18,13
Samd15,3,2,3,1,0,5
Vipas39,18,12,35,27,19,21
Ahsa1,64,47,89,107,73,106
Ism2,0,0,0,0,0,1
Sptlc2,38,10,52,63,38,27
Gm26764,3,3,4,3,3,1
Alkbh1,31,17,28,47,68,33
Slirp,72,47,98,72,78,60
Snw1,56,41,104,106,119,116
Adck1,15,3,19,12,8,20
Nrxn3,130,67,157,109,129,119
Dio2,29,14,41,20,30,32
Gm26512,4,4,5,4,2,2
Cep128,2,3,3,5,2,1
Tshr,1,0,1,0,0,0
Gtf2a1,17,8,33,32,25,23
Ston2,1,1,0,2,0,1
Sel1l,131,72,197,112,121,125
Flrt2,24,19,35,19,30,19
Galc,31,19,48,29,34,32
Gpr65,1,2,0,1,0,0
Kcnk10,11,6,17,9,21,20
Spata7,11,7,17,14,24,19
Ptpn21,8,5,13,13,11,12
Zc3h14,46,32,49,37,62,42
Eml5,19,16,20,35,34,19
Ttc8,12,5,29,25,20,12
Gm28933,0,0,1,0,1,0
Foxn3,66,32,61,184,93,58
3300002A11Rik,0,0,0,0,1,0
1700064M15Rik,0,0,1,0,0,0
Efcab11,0,0,0,0,0,2
Tdp1,11,6,32,35,29,23
Kcnk13,22,6,15,25,18,16
Psmc1,52,24,57,81,57,79
Nrde2,12,3,17,18,14,12
Calm1,602,438,948,937,887,703
Ttc7b,21,19,35,20,33,23
Rps6ka5,3,3,6,11,6,2
9030617O03Rik,0,2,0,0,0,0
Gpr68,0,0,0,0,2,1
Ccdc88c,4,1,7,5,5,5
Smek1,36,31,52,52,48,33
D130020L05Rik,2,4,6,5,4,5
Fbln5,2,9,3,3,6,9
Trip11,47,29,68,88,85,52
Atxn3,16,12,30,28,17,13
Cpsf2,26,16,52,48,42,37
Gm16339,0,0,0,0,0,1
Slc24a4,0,1,1,1,0,0
Rin3,0,2,4,4,2,0
Lgmn,88,87,98,361,210,135
Golga5,9,11,15,15,17,9
Chga,29,19,30,19,23,41
Itpk1,22,16,38,52,23,29
Gm20069,0,0,0,1,0,0
Gm20604,5,10,9,12,17,8
Tmem251,17,7,34,29,23,39
AK010878,19,12,24,23,22,14
Ubr7,28,19,25,26,25,23
Btbd7,17,4,20,16,12,10
Unc79,36,23,57,47,46,35
Prima1,3,0,2,6,4,3
Fam181a,0,0,4,2,0,0
Gm29508,1,1,2,0,0,1
Asb2,0,1,1,7,0,0
Otub2,7,2,13,8,14,5
9330161L09Rik,0,0,1,1,1,0
Ddx24,81,51,118,131,105,115
Ifi27,166,97,261,261,212,546
Ifi27l2a,1,5,1,3,2,22
Ppp4r4,12,0,16,10,9,12
Serpina9,0,0,0,1,0,0
Serpina3g,0,0,0,0,1,0
Serpina3n,33,18,49,23,46,35
Dicer1,35,21,44,81,61,40
Clmn,19,10,17,117,31,8
4930408O17Rik,0,0,0,1,1,0
Gm28875,1,0,2,8,5,0
Syne3,0,2,1,3,0,1
Glrx5,46,36,75,96,87,70
Tunar,2,1,12,10,8,9
D430019H16Rik,28,15,33,24,35,18
Bdkrb2,0,0,0,0,1,0
Atg2b,27,11,22,16,24,23
Gskip,11,10,29,29,20,20
Ak7,0,0,1,0,0,0
Papola,96,48,139,114,123,108
Vrk1,14,3,18,11,16,8
Gm16087,1,0,0,1,0,0
Bcl11b,9,6,7,10,7,3
Setd3,32,25,56,73,67,50
Ccnk,18,19,44,35,39,33
Ccdc85c,1,0,0,0,0,0
Hhipl1,0,0,0,1,0,0
Cyp46a1,4,5,10,15,11,10
Eml1,23,5,23,52,30,11
Gm16596,0,0,0,1,0,0
Evl,32,21,64,40,56,46
Degs2,0,0,2,0,2,0
Yy1,38,37,76,86,92,52
Slc25a29,21,14,23,26,21,27
Slc25a47,3,1,1,8,8,3
Wars,30,15,58,21,40,34
Wdr25,3,1,2,0,4,1
Begain,0,0,9,2,8,2
Gm28498,0,0,1,0,0,0
Meg3,467,270,703,492,578,567
Gm26906,1,0,0,0,0,0
Gm26945,0,0,2,3,1,0
B830012L14Rik,2,2,1,0,2,1
Mirg,2,1,1,2,1,7
Ppp2r5c,62,33,61,94,77,47
Dync1h1,92,77,196,162,184,91
Gm17111,0,0,1,0,0,0
Hsp90aa1,629,371,925,1173,762,849
Wdr20,32,16,40,67,53,31
Mok,4,1,3,7,3,2
4921507G05Rik,1,0,0,0,0,0
Zfp839,9,4,9,14,5,10
Cinp,23,12,32,27,25,16
Tecpr2,13,6,27,21,27,16
Ankrd9,0,1,6,11,4,5
Rcor1,24,12,30,45,30,22
Traf3,16,7,31,12,33,13
Amn,0,1,0,1,0,0
A230087F16Rik,0,0,0,1,0,0
Cdc42bpb,21,17,33,31,30,19
Exoc3l4,0,0,0,1,0,0
Tnfaip2,0,1,2,0,0,1
Gm266,4,6,11,2,6,7
Eif5,89,57,125,230,161,120
2810029C07Rik,6,3,15,9,12,4
Mark3,55,44,70,92,75,56
Ckb,2192,1599,3330,2320,2233,2934
Trmt61a,2,6,5,7,7,8
Bag5,25,25,44,51,44,34
Apopt1,31,15,46,48,46,36
Gm15996,0,0,1,0,0,0
Klc1,78,39,83,67,100,54
Xrcc3,2,0,3,11,3,1
Zfyve21,16,7,26,25,40,25
Ppp1r13b,11,10,15,25,13,28
2010107E04Rik,132,93,166,80,157,166
Rd3l,1,0,0,0,0,2
Kif26a,5,5,17,22,14,11
Tmem179,100,37,190,86,115,151
Inf2,22,7,24,63,34,14
Adssl1,8,0,9,80,28,10
Siva1,30,19,53,45,49,39
Akt1,77,45,93,66,97,67
Cep170b,10,7,23,16,19,14
Pld4,5,8,4,38,25,10
Ahnak2,0,0,0,0,0,1
BC022687,3,3,4,3,11,4
Cdca4,7,2,6,6,9,4
Gpr132,0,1,0,0,0,0
Jag2,0,0,0,0,1,0
Nudt14,5,2,7,10,12,8
Gm26583,0,0,0,0,1,0
Brf1,7,4,9,17,14,9
Btbd6,10,5,10,15,19,13
Pacs2,32,20,65,95,66,33
Mta1,33,21,61,37,62,29
Crip2,25,29,46,24,33,90
Crip1,5,5,15,6,11,9
4930427A07Rik,0,0,4,1,1,1
Tmem121,120,69,185,83,138,161
Zfp386,24,11,37,31,43,24
Vipr2,12,7,17,10,6,11
Wdr60,9,7,14,11,11,12
Gm11027,1,1,1,1,2,1
Esyt2,37,24,44,52,46,26
Ncapg2,8,2,9,14,8,1
Ptprn2,6,3,6,9,8,6
Rapgef5,3,2,6,6,2,1
Cdca7l,1,2,1,0,1,2
Dnah11,2,2,3,1,1,0
Sp4,21,11,29,24,21,20
Itgb8,273,223,417,255,316,237
Gm6768,0,0,1,1,0,0
Tmem196,1,0,8,4,8,6
Sepp1,22,51,36,103,43,34
Ghr,6,15,21,12,12,20
Fbxo4,9,1,23,11,22,14
AW549877,58,29,65,58,93,35
Oxct1,129,76,149,120,146,115
Gm15632,1,0,0,0,0,0
Plcxd3,9,3,9,8,11,9
Mroh2b,0,0,0,1,0,0
Card6,1,2,3,1,1,2
Rpl37,461,308,629,448,795,545
Gm10250,1,0,2,0,4,0
Prkaa1,17,16,26,29,17,15
Ttc33,23,25,29,29,30,41
Ptger4,0,0,1,0,0,1
Dab2,49,26,55,56,63,43
Fyb,0,5,3,15,7,4
Gm2245,2,0,0,0,0,0
Rictor,35,19,51,64,59,34
Lifr,61,40,105,47,79,56
Egflam,0,0,1,0,2,0
Wdr70,9,2,13,10,18,16
Nup155,10,8,17,8,13,9
2410089E03Rik,38,18,63,46,53,44
Nipbl,65,41,86,97,95,77
Slc1a3,176,175,281,179,221,183
Nadk2,23,17,27,34,40,23
Skp2,7,5,14,10,12,10
Lmbrd2,9,7,22,10,9,14
Capsl,0,1,0,0,0,1
Il7r,0,0,0,2,1,0
Prlr,4,0,0,1,1,1
Dnajc21,19,5,23,44,16,10
Brix1,22,17,39,42,26,26
Rad1,10,5,25,11,17,24
Rai14,2,2,0,0,1,1
4930556M19Rik,0,0,0,0,1,0
Amacr,16,7,10,8,9,17
Tars,13,7,18,21,15,20
Sub1,159,101,228,196,213,154
Zfr,130,90,198,134,154,142
Mtmr12,9,4,2,9,11,9
Golph3,67,37,71,63,46,52
Pdzd2,88,54,167,90,114,75
6030458C11Rik,15,7,16,20,18,6
Drosha,34,17,30,30,29,24
Cdh6,5,2,5,0,8,4
Cdh9,1,0,2,1,0,1
Cdh10,71,42,103,94,93,74
Cdh12,1,0,1,2,1,2
Cdh18,10,2,10,7,11,3
Gm2824,4,8,4,7,10,4
Basp1,494,354,791,512,546,668
Gm5468,2,0,1,1,4,1
Myo10,90,55,155,85,100,105
Fam134b,37,28,49,125,50,50
Zfp622,17,15,25,26,36,19
March11,3,2,7,1,3,3
Ank,44,25,72,75,54,45
Otulin,21,11,28,43,32,24
Fam105a,8,9,2,20,9,10
Trio,136,87,180,199,234,165
Dnah5,14,2,17,8,6,7
Ctnnd2,165,140,251,181,197,171
Dap,20,15,37,20,23,21
Ankrd33b,1,0,0,1,2,0
Ropn1l,4,0,1,2,1,2
March6,85,50,94,63,99,52
Cmbl,11,6,23,9,12,21
Cct5,96,62,130,146,144,177
Fam173b,16,7,22,27,9,18
Snhg18,11,6,13,5,18,9
Sema5a,132,88,237,126,216,142
Sdc2,63,25,94,70,58,72
Cpq,117,78,201,98,125,152
Tspyl5,9,7,19,7,24,11
Mtdh,128,90,223,258,212,238
Laptm4b,84,48,106,91,79,100
Matn2,2,3,3,5,9,9
Rpl30,379,297,465,477,506,445
Hrsp12,11,22,27,27,21,17
Pop1,6,0,5,9,9,11
Nipal2,0,2,7,5,7,8
Stk3,13,6,22,20,12,18
Vps13b,37,19,40,32,35,23
Cox6c,428,297,582,356,531,407
Fbxo43,0,0,0,0,1,0
Polr2k,77,38,76,82,79,77
Spag1,6,4,9,6,5,2
Rnf19a,22,9,18,19,16,7
Ankrd46,56,40,93,61,79,60
Pabpc1,88,59,120,154,141,122
Ywhaz,177,134,262,236,291,160
Zfp706,114,66,151,236,155,140
Ncald,385,189,598,332,426,496
Gm28221,2,0,0,1,0,0
Rrm2b,16,25,46,45,41,22
Ubr5,36,29,55,69,71,31
Gm8705,0,0,0,0,1,0
Klf10,3,5,7,12,11,10
Azin1,56,62,82,70,65,68
Atp6v1c1,35,17,38,57,55,32
Baalc,4,4,6,3,5,5
Fzd6,1,1,3,0,3,0
Cthrc1,35,18,65,29,34,41
Slc25a32,4,3,6,10,7,3
Dcaf13,15,6,19,30,28,18
Rims2,38,25,34,31,34,32
Dpys,0,0,0,1,0,0
Lrp12,7,12,17,18,9,13
Zfpm2,28,14,21,24,23,14
Oxr1,50,37,69,67,67,47
Gm26854,0,0,1,0,0,0
Angpt1,6,2,6,2,1,1
Eif3e,68,78,134,124,125,122
Emc2,56,28,65,73,66,72
Tmem74,0,1,0,2,1,1
Nudcd1,8,12,18,8,17,8
Eny2,60,28,94,83,88,75
Ebag9,11,6,31,30,22,20
Sybu,14,12,24,23,15,16
2310069G16Rik,2,5,2,4,2,2
Kcnv1,3,1,3,0,2,1
Csmd3,212,128,242,229,220,155
Trps1,69,48,73,85,79,74
Eif3h,87,60,133,149,130,145
Utp23,16,10,16,15,13,8
Rad21,89,54,122,79,129,76
Aard,7,1,10,6,5,1
Gm10020,6,2,15,7,9,12
Med30,52,42,94,83,72,59
Ext1,48,20,57,43,42,40
Samd12,6,8,14,7,10,5
Tnfrsf11b,12,2,12,8,5,7
Mal2,0,0,0,0,2,0
Nov,0,0,0,0,1,0
Enpp2,424,193,493,901,516,497
Gm26684,1,0,0,0,0,1
Taf2,24,12,33,27,30,8
Dscc1,0,0,0,1,0,0
Deptor,2,1,0,7,2,3
Col14a1,0,0,0,0,1,0
Mrpl13,48,19,41,32,50,55
Mtbp,3,3,5,5,5,2
Has2,12,6,25,15,21,1
Zhx2,6,2,9,9,11,8
Gm16006,0,0,1,0,0,0
Derl1,41,34,71,76,67,57
Tbc1d31,15,10,13,12,9,9
9130401M01Rik,25,11,26,27,26,18
Gm29394,2,0,7,0,4,1
Zhx1,36,23,50,50,26,28
Atad2,7,2,17,8,7,5
Wdyhv1,15,7,18,22,16,12
Fbxo32,10,6,19,49,29,7
Klhl38,1,0,0,1,0,0
D15Ertd621e,27,22,43,53,64,32
Tmem65,30,24,47,53,43,33
Trmt12,6,0,2,4,4,3
Rnf139,26,27,44,39,35,37
Tatdn1,6,4,12,10,7,7
Ndufb9,188,153,305,285,277,231
Mtss1,104,70,143,109,127,88
Sqle,40,15,44,58,40,37
E430025E21Rik,17,14,28,10,37,24
Nsmce2,24,19,42,49,40,30
Trib1,48,35,69,66,106,80
Fam84b,2,3,6,8,12,6
Myc,7,4,4,6,7,1
Pvt1,7,1,2,10,3,0
Fam49b,77,43,69,123,74,75
Asap1,69,48,128,99,106,92
Adcy8,12,6,20,4,8,9
Efr3a,35,42,90,52,68,56
Kcnq3,44,31,79,78,72,52
Gm27153,0,0,0,0,1,0
Lrrc6,0,0,0,0,1,0
Tmem71,0,0,1,0,1,0
Phf20l1,34,28,63,62,63,45
Sla,1,2,0,4,2,1
Wisp1,0,0,0,1,0,0
Ndrg1,25,4,30,108,34,12
Gm17035,0,0,0,1,0,0
St3gal1,0,0,1,1,1,0
Zfat,2,5,3,3,4,3
Gm20732,1,0,0,0,0,0
Khdrbs3,98,56,142,74,117,97
Fam135b,1,1,3,1,1,0
Trappc9,18,15,36,28,28,19
Chrac1,42,11,47,48,41,37
Ago2,52,32,88,64,65,60
Ptk2,44,26,56,71,65,30
Dennd3,0,1,0,2,3,0
Slc45a4,21,22,28,27,43,13
Gpr20,1,1,0,0,0,0
Ptp4a3,38,18,39,32,28,28
Gm6569,0,0,0,0,1,0
Adgrb1,144,106,231,116,139,142
Arc,1,1,0,13,3,1
Jrk,5,4,7,5,5,8
Them6,9,4,15,20,13,15
Lynx1,9,4,15,13,7,11
2010109I03Rik,0,1,0,0,0,0
Ly6e,57,44,66,57,85,73
Ly6a,1,2,2,1,5,3
Ly6c1,2,0,1,0,5,2
Ly6h,181,81,231,118,177,181
Zfp41,13,5,19,10,14,11
Top1mt,0,2,2,12,6,2
Rhpn1,7,2,10,2,5,7
Zc3h3,12,5,20,12,20,15
Gsdmd,1,2,3,6,2,3
Naprt,7,4,11,11,16,10
Eef1d,97,71,161,142,112,142
Tigd5,4,3,3,7,5,1
Pycrl,33,13,29,17,22,21
Tsta3,13,11,18,30,11,21
Zfp623,6,3,13,7,15,3
Zfp707,6,6,9,8,11,9
Ccdc166,7,3,12,10,6,9
Mapk15,0,0,0,0,1,0
Fam83h,0,0,0,2,1,0
K230010J24Rik,0,0,0,0,1,0
Scrib,25,15,34,60,41,16
Puf60,69,39,114,131,113,97
Nrbp2,46,27,52,67,57,21
Plec,21,7,26,8,24,21
Parp10,0,0,0,0,2,0
Grina,133,102,185,134,162,167
Smpd5,2,1,1,2,0,0
Oplah,15,8,16,12,12,9
Exosc4,26,16,43,44,49,41
Gpaa1,38,17,47,38,59,57
Cyc1,104,79,139,133,140,137
Sharpin,26,7,37,24,31,33
Maf1,59,33,64,67,71,56
WDR97,1,1,0,0,1,1
Hgh1,8,5,11,2,6,9
Mroh1,23,3,23,17,17,30
Bop1,7,7,20,21,22,22
Scx,0,0,0,1,0,1
Hsf1,26,10,28,30,21,15
Dgat1,18,13,29,11,28,22
Scrt1,5,6,9,4,8,7
Fbxl6,20,6,24,33,17,24
Slc52a2,13,3,14,15,15,13
Adck5,13,4,20,9,19,10
Cpsf1,21,12,28,5,23,13
Slc39a4,0,0,0,0,1,0
Tonsl,96,61,143,138,120,112
Cyhr1,82,53,140,153,117,111
Kifc2,15,7,15,14,11,15
Ppp1r16a,13,8,27,13,19,14
Gpt,5,4,5,7,5,4
Mfsd3,4,0,6,6,13,9
Recql4,1,0,1,0,0,3
Lrrc14,13,10,13,15,20,15
Lrrc24,17,11,22,15,28,25
Arhgap39,24,28,45,36,37,27
Zfp251,8,5,20,21,18,17
Zfp7,2,0,3,1,1,0
Commd5,13,8,23,20,20,20
Rpl8,325,205,494,556,489,428
Zfp647,1,0,0,0,0,0
1110038F14Rik,43,32,65,48,60,53
Rbfox2,35,23,58,48,64,49
Apol11b,0,0,0,2,1,0
Myh9,25,21,34,26,24,23
Txn2,82,38,119,90,104,114
Foxred2,7,4,17,12,17,12
Eif3d,46,27,73,80,69,78
Gm17638,0,0,1,0,2,0
Ift27,35,25,45,38,45,34
Pvalb,4,1,1,6,9,2
Ncf4,0,1,4,3,1,1
Csf2rb2,1,0,0,1,0,0
Csf2rb,0,0,0,2,2,1
Tst,2,5,17,9,8,5
Mpst,29,18,49,49,38,48
Kctd17,3,0,4,4,4,1
C1qtnf6,20,9,38,22,20,22
Rac2,3,3,2,11,9,6
Cyth4,8,4,2,26,14,5
Elfn2,49,44,106,62,74,94
Mfng,5,3,4,7,6,1
Card10,1,0,3,3,3,1
Cdc42ep1,83,47,131,103,128,98
Lgals2,0,0,6,4,4,1
Gga1,21,18,36,29,42,30
Sh3bp1,69,37,82,64,76,63
Lgals1,2,5,9,3,8,9
Nol12,23,18,30,21,30,12
Triobp,11,2,14,13,14,8
H1f0,63,49,69,76,71,61
Gcat,7,1,10,8,10,5
Ankrd54,15,9,17,19,16,22
Eif3l,23,31,55,72,72,62
Micall1,21,12,17,58,27,5
1700088E04Rik,5,2,2,2,5,4
Polr2f,140,87,188,172,160,124
Sox10,420,288,692,451,724,465
Gm10863,4,0,2,2,3,2
Pick1,24,17,45,52,39,31
Slc16a8,0,0,2,0,0,1
Baiap2l2,0,2,4,1,2,0
Pla2g6,12,12,30,25,14,19
Maff,6,1,5,11,11,2
Tmem184b,28,14,35,30,32,28
Csnk1e,131,99,170,159,138,127
Gm16059,0,0,2,1,2,1
Kcnj4,0,0,0,1,0,0
Kdelr3,1,0,0,1,0,0
Ddx17,177,120,193,205,176,127
Fam227a,8,3,11,14,6,3
Cby1,27,16,45,37,37,35
Tomm22,72,52,97,130,124,92
Josd1,22,11,41,25,39,18
Gtpbp1,18,7,13,18,20,12
Sun2,13,11,18,21,32,22
Gm16576,0,0,0,1,0,0
Dnal4,17,6,35,36,32,26
Nptxr,29,28,45,29,30,25
Cbx6,90,62,184,113,144,110
Apobec3,10,5,13,14,10,8
Cbx7,9,11,20,13,16,9
Pdgfb,1,4,1,16,8,0
Rpl3,258,172,379,515,400,409
Syngr1,45,37,98,83,76,61
Tab1,19,6,19,26,33,11
Mgat3,51,37,97,50,77,51
Mief1,14,4,21,16,26,18
Atf4,149,76,175,175,208,119
Rps19bp1,30,25,48,45,44,32
Cacna1i,1,0,0,0,1,0
Fam83f,0,0,0,0,1,0
Tnrc6b,120,96,213,181,198,120
Adsl,11,8,17,24,41,13
Sgsm3,12,11,21,10,16,12
Mkl1,8,2,9,10,8,7
Mchr1,0,0,0,0,1,2
Slc25a17,31,29,50,47,54,33
St13,216,120,284,225,225,247
Xpnpep3,4,3,7,9,6,6
Gm17025,0,1,0,0,1,0
Rbx1,213,117,242,217,243,195
Ep300,65,43,102,88,99,61
L3mbtl2,10,8,15,16,4,14
Chadl,153,97,224,212,219,225
Rangap1,28,10,27,46,23,26
Zc3h7b,42,38,79,66,73,37
Gm17597,0,0,1,1,3,0
Tef,91,74,128,145,161,94
Tob2,50,37,79,80,81,43
Phf5a,47,32,53,70,65,59
Aco2,131,70,191,180,197,149
Polr3h,59,20,66,87,90,77
Csdc2,7,10,7,3,7,5
Pmm1,33,36,50,56,57,49
Xrcc6,13,7,21,33,18,26
Desi1,62,11,58,189,52,47
Nhp2l1,105,51,154,152,136,131
Ccdc134,16,13,30,25,15,29
Srebf2,55,37,78,44,54,39
Shisa8,11,15,21,28,16,23
Tnfrsf13c,2,0,1,2,3,3
Cenpm,2,0,4,2,0,2
1500009C09Rik,14,11,32,26,30,31
Sept3,59,32,94,52,76,56
Naga,13,12,43,26,27,27
Fam109b,0,0,1,0,1,0
Smdt1,209,142,289,313,269,236
Ndufa6,109,74,196,115,166,187
Cyp2d22,2,6,10,5,7,6
Tcf20,33,13,32,28,37,24
Gm20324,0,0,0,0,1,1
Gm29019,0,0,3,0,2,1
AW121686,1,1,4,1,2,0
Nfam1,0,2,0,3,1,1
Serhl,2,5,9,7,3,6
Rrp7a,10,12,23,27,22,30
Poldip3,58,43,94,53,81,50
Cyb5r3,8,13,16,14,18,11
Arfgap3,9,9,11,21,19,13
Pacsin2,24,21,53,43,29,44
Ttll1,29,11,25,19,24,22
Mcat,11,7,19,18,10,23
Tspo,3,4,3,5,6,9
Ttll12,14,11,29,25,13,16
Scube1,1,0,1,0,0,0
Mpped1,24,19,29,10,24,23
Sult4a1,19,7,31,9,22,18
Pnpla3,12,2,9,12,12,10
Samm50,26,12,32,44,19,30
Parvb,12,16,36,68,51,40
Parvg,0,0,1,3,2,0
1810041L15Rik,143,63,219,185,182,149
Ldoc1l,19,15,31,30,35,19
Prr5,4,0,9,3,4,5
Phf21b,8,8,15,15,16,9
Gm29666,12,2,12,4,14,3
Nup50,15,11,36,31,29,24
5031439G07Rik,54,29,85,119,94,59
Fam118a,13,8,13,16,11,8
Smc1b,1,0,0,1,0,0
Fbln1,1,0,0,1,2,2
Atxn10,151,98,235,165,185,195
Wnt7b,55,24,76,35,69,45
AU022754,3,3,1,3,4,2
D130051D11Rik,0,0,0,0,1,0
Ppara,4,2,2,5,4,6
Cdpf1,9,10,16,20,16,7
Pkdrej,0,1,3,1,1,0
Ttc38,6,4,10,8,6,10
Gtse1,2,1,0,0,1,0
Trmu,12,7,10,26,11,15
Celsr1,0,0,0,0,1,0
Gramd4,18,20,27,20,27,10
Cerk,25,19,48,37,37,34
Tbc1d22a,8,6,22,11,14,9
Fam19a5,84,72,137,100,130,118
Brd1,39,23,54,73,61,38
Zbed4,24,17,31,27,26,25
Alg12,8,5,11,8,7,16
Creld2,26,22,32,23,15,85
Pim3,62,52,89,267,175,93
Mlc1,13,6,10,2,8,2
Panx2,10,4,12,5,7,3
Trabd,24,15,32,43,28,28
Selo,18,11,28,34,29,18
Tubgcp6,4,3,13,6,11,2
Hdac10,4,4,13,15,9,7
Mapk12,4,4,1,1,6,2
Mapk11,0,1,1,0,0,0
Plxnb2,64,43,86,57,88,54
Dennd6b,14,10,21,11,16,12
Gm26798,6,2,9,4,10,1
Ppp6r2,4,2,6,9,7,4
Sbf1,36,22,44,130,70,24
Lmf2,23,13,30,30,35,19
Ncaph2,24,13,43,22,28,21
Sco2,9,10,30,23,15,19
Cpt1b,1,1,0,0,0,0
Chkb,28,15,32,44,47,33
C730034F03Rik,10,4,27,14,15,8
Mapk8ip2,37,32,68,31,61,42
Arsa,6,1,18,19,12,11
C230037L18Rik,4,0,12,12,9,3
Shank3,5,2,8,4,4,3
Acr,1,1,0,1,3,0
Rabl2,20,9,15,12,17,15
Syt10,1,1,1,0,0,1
Alg10b,4,4,3,7,10,0
Cpne8,34,23,43,40,59,41
Kif21a,11,7,18,65,28,11
Abcd2,4,1,2,2,2,1
Slc2a13,16,8,12,7,17,13
Lrrk2,6,6,4,4,4,5
Cntn1,1081,859,1750,933,1100,1155
Gm26760,0,0,1,0,1,1
Pdzrn4,54,33,79,60,87,79
Gxylt1,21,11,21,24,26,15
Yaf2,58,33,104,110,102,93
Zcrb1,62,49,112,124,89,93
Pphln1,23,19,36,36,33,21
Prickle1,7,3,11,89,40,13
Adamts20,1,1,3,6,4,1
Pus7l,9,1,9,9,2,8
Irak4,2,0,4,4,3,3
Twf1,52,40,108,96,83,68
Tmem117,4,2,7,6,6,3
Nell2,78,93,115,69,80,157
Dbx2,32,29,56,26,71,46
A130051J06Rik,2,0,0,0,1,0
Ano6,21,7,23,19,24,14
2610037D02Rik,26,22,42,50,32,40
Arid2,38,41,70,58,79,50
Scaf11,62,60,95,96,122,93
Slc38a1,27,17,38,36,27,19
Slc38a2,103,64,127,156,138,89
Amigo2,3,0,4,1,1,3
Pced1b,2,1,2,2,8,2
Rpap3,18,12,23,21,23,15
Rapgef3,43,51,69,42,66,74
Rapgef3os1,1,0,0,0,0,0
Rapgef3os2,1,0,2,0,1,3
Slc48a1,55,33,92,224,99,56
Hdac7,15,10,34,27,35,9
Tmem106c,26,13,36,32,27,28
Senp1,25,6,28,26,38,16
Pfkm,25,20,57,20,31,26
Gm26513,1,0,0,0,1,0
Asb8,28,21,46,38,36,27
Ccdc184,22,11,32,9,25,22
Zfp641,4,2,4,9,6,9
Kansl2,31,26,60,61,59,27
Ccnt1,45,26,54,93,61,73
9330020H09Rik,4,3,6,6,5,3
4930415O20Rik,2,1,1,0,0,0
Adcy6,6,4,16,8,13,13
Cacnb3,22,7,31,26,15,20
Ddx23,5,10,9,10,14,7
Rnd1,4,4,9,4,12,3
Fkbp11,2,0,0,2,0,1
Arf3,58,49,92,49,76,55
Ddn,0,0,0,1,2,0
B130046B21Rik,3,0,0,1,2,0
Prkag1,28,17,40,33,27,38
Kmt2d,33,17,48,38,38,33
Rhebl1,4,2,8,13,6,7
Dhh,0,0,0,2,1,1
Lmbr1l,2,7,6,13,5,2
Tuba1b,142,75,180,198,229,172
Tuba1a,1099,661,1603,2974,2152,1949
Tuba1c,1,1,1,4,3,6
Dnajc22,1,0,0,0,0,0
Spats2,37,29,61,33,50,43
Kcnh3,1,0,0,0,0,0
Mcrs1,50,29,62,56,66,61
Fam186b,0,0,0,0,0,1
Prpf40b,23,13,28,25,28,26
Fmnl3,8,7,11,13,20,9
Tmbim6,410,290,682,466,559,505
Nckap5l,13,7,19,24,16,13
Bcdin3d,15,1,11,17,13,10
Faim2,96,58,151,95,134,84
Aqp5,4,1,6,0,2,5
Racgap1,2,1,4,0,6,3
Asic1,118,94,182,88,138,162
Gm17349,0,0,1,0,0,0
Smarcd1,147,86,175,132,173,163
Gm16537,0,0,0,0,1,0
Gpd1,127,204,165,103,193,272
Cox14,81,55,122,99,120,132
Cers5,53,36,72,66,61,85
Gm17058,0,1,2,1,2,1
Lima1,121,71,209,159,179,152
Gm17057,0,0,0,1,0,0
Gm21917,0,0,1,1,1,0
Larp4,42,34,75,72,77,45
2310068J16Rik,0,0,0,0,2,1
Dip2b,43,29,66,89,94,28
Atf1,17,9,18,22,23,15
Mettl7a1,8,17,26,23,23,20
Mettl7a2,0,0,0,0,1,0
Slc11a2,9,5,26,30,26,15
Gm5475,0,0,1,0,0,0
5330439K02Rik,1,1,2,2,3,1
Letmd1,14,14,33,19,19,11
Csrnp2,6,3,8,12,5,3
Tfcp2,13,13,17,10,15,12
Pou6f1,35,23,56,34,50,19
Gm20680,1,0,0,0,0,0
Gm27209,0,2,1,0,1,1
C330013E15Rik,0,0,0,1,2,1
Dazap2,67,51,108,143,134,94
Smagp,1,0,0,3,1,0
Bin2,2,8,3,28,6,6
Cela1,8,9,10,15,15,4
Galnt6,9,0,3,30,10,2
Slc4a8,23,15,33,39,30,24
Scn8a,33,13,40,47,40,25
Fignl2,3,0,6,8,7,2
Acvrl1,0,0,1,3,1,1
Acvr1b,31,21,34,22,33,29
A330009N23Rik,0,0,2,0,1,0
Grasp,5,3,8,14,4,10
Nr4a1,169,110,347,112,197,164
Atg101,26,17,35,42,41,35
6030408B16Rik,0,0,0,0,0,1
Krt73,0,1,0,0,0,0
Krt1,31,18,40,33,33,37
Krt8,1,0,1,0,0,1
Krt18,0,4,0,0,0,6
Eif4b,42,43,92,61,71,64
Tns2,4,2,9,8,9,3
Spryd3,12,10,15,13,15,16
Igfbp6,1,0,0,1,0,0
Csad,38,25,50,76,86,78
Zfp740,43,19,49,60,51,27
Itgb7,3,2,3,10,5,5
Rarg,17,3,15,10,3,22
Mfsd5,25,19,33,29,42,27
Espl1,0,0,1,1,0,0
Pfdn5,176,106,238,217,183,207
Myg1,24,10,27,30,28,22
Aaas,5,6,6,5,6,3
Sp7,1,0,1,6,1,0
Sp1,58,33,69,43,69,32
Gm26518,16,10,23,34,54,13
Prr13,44,29,52,44,53,49
Pcbp2,247,153,322,337,307,235
Map3k12,17,13,22,28,25,21
Tarbp2,15,7,23,25,29,34
Npff,2,1,3,1,1,0
Atf7,39,23,49,52,59,32
Atp5g2,218,126,347,263,361,300
Calcoco1,20,16,46,34,42,26
Smug1,11,12,13,16,15,10
Cbx5,110,70,163,134,139,85
Hnrnpa1,93,55,138,168,178,125
Copz1,34,31,50,42,51,49
Gpr84,6,5,2,23,8,2
Zfp385a,13,11,14,17,20,10
Itga5,0,0,1,1,1,0
Nckap1l,2,8,0,8,6,4
Pde1b,4,0,8,8,10,3
Ppp1r1a,12,2,15,13,13,8
Mucl2,0,0,0,2,0,0
Zfp263,15,15,18,27,24,12
Zfp174,11,4,7,6,4,5
Zfp597,12,5,27,20,21,5
Gm26675,1,0,1,0,1,0
Naa60,45,19,51,48,55,34
1700037C18Rik,1,2,10,8,3,4
Cluap1,21,12,18,19,19,20
Gm15537,0,0,1,0,0,0
Nlrc3,0,0,4,4,2,2
Slx4,8,1,18,6,9,8
Gm15879,6,0,4,0,1,0
Trap1,19,12,27,36,25,22
Crebbp,87,60,148,95,142,105
Adcy9,10,11,13,10,12,10
Srl,0,0,5,0,1,2
Tfap4,7,4,3,4,7,6
Glis2,10,10,19,21,25,16
Pam16,60,52,133,97,106,92
Coro7,10,4,20,25,22,15
Vasn,4,3,14,3,9,1
Dnaja3,25,11,48,26,23,21
Nmral1,18,6,31,68,17,26
Hmox2,55,40,71,90,69,61
Gm15859,0,0,0,1,1,1
Cdip1,59,25,86,82,84,65
Ubald1,48,29,74,61,64,63
Mgrn1,18,29,53,56,54,37
Gm16861,0,1,0,2,1,0
Nudt16l1,66,26,71,43,60,58
Anks3,16,14,25,22,13,15
4930451G09Rik,2,0,0,0,1,0
Smim22,0,0,1,0,0,1
Rogdi,23,12,26,25,29,25
Glyr1,71,48,70,64,64,50
Ubn1,31,21,47,55,55,37
Nagpa,11,3,7,14,12,10
AU021092,0,0,0,0,1,0
Alg1,27,18,34,25,17,24
Eef2kmt,9,4,12,14,19,9
Rbfox1,15,13,30,24,27,26
Mettl22,12,3,23,17,28,16
Abat,35,19,62,45,48,52
Tmem186,8,6,9,8,18,15
Pmm2,19,7,27,29,26,24
Carhsp1,21,19,51,111,69,60
Usp7,49,46,87,82,85,62
1810013L24Rik,18,19,36,30,31,30
Grin2a,0,0,0,0,1,0
Emp2,13,10,16,7,19,18
Tekt5,0,1,0,0,0,0
Nubp1,13,6,7,14,9,7
Tvp23a,13,8,35,24,21,18
Dexi,31,19,44,34,33,37
Clec16a,9,9,17,26,22,11
Socs1,2,4,11,10,16,7
Rmi2,3,1,8,4,3,0
Litaf,20,29,57,53,48,24
Snn,31,21,46,23,29,36
Txndc11,23,17,25,31,33,29
Zc3h7a,49,30,62,55,48,46
4930509G22Rik,0,0,1,0,0,0
Rsl1d1,61,36,103,108,104,92
2610020C07Rik,1,4,5,6,3,2
Gspt1,40,25,69,71,71,43
Snx29,20,15,27,26,38,27
Gm4279,0,0,0,0,3,0
Cpped1,30,21,46,13,37,33
Shisa9,46,28,67,28,50,28
Ercc4,14,10,20,22,32,17
Mkl2,15,7,33,17,26,25
Parn,9,10,11,14,18,13
Bfar,54,21,74,54,58,65
3110001I22Rik,0,1,2,3,2,3
Rrn3,26,13,28,26,21,16
Ntan1,45,41,77,82,68,52
Pdxdc1,41,24,44,56,63,39
Mpv17l,18,11,21,23,30,15
Ifitm7,11,5,6,10,9,8
2900011O08Rik,59,35,99,71,48,68
Marf1,39,26,72,57,48,44
Nde1,20,13,39,42,22,35
Myh11,0,0,1,0,0,1
Fopnl,36,20,63,58,53,57
Abcc1,4,12,31,11,20,12
Snai2,0,2,8,8,6,0
Efcab1,0,1,7,1,4,3
Gm21897,1,0,2,0,2,0
Ube2v2,60,46,99,77,94,67
Mcm4,14,12,18,19,13,7
Prkdc,8,4,16,20,7,13
Mzt2,41,26,56,45,42,41
Spidr,11,5,12,17,9,4
Yars2,9,6,13,15,17,13
Dnm1l,57,37,87,68,86,59
Fgd4,13,9,15,19,26,10
Spag6l,0,0,0,2,0,3
Vpreb1,2,0,0,0,2,1
Top3b,25,7,33,40,30,30
Ppm1f,19,9,20,13,8,11
Mapk1,87,57,142,105,124,88
1700056N10Rik,3,2,0,1,2,2
Ypel1,10,6,24,23,20,20
Ppil2,35,26,60,56,43,42
Sdf2l1,55,33,93,62,34,141
Ydjc,3,0,5,7,6,3
Ube2l3,104,84,178,132,149,135
Gm15648,6,3,5,4,8,3
Rimbp3,4,1,1,0,6,5
Hic2,11,1,18,14,14,11
Tmem191c,47,27,67,45,44,32
Pi4ka,53,21,83,59,81,46
Serpind1,20,5,30,26,15,33
Snap29,17,15,20,21,27,19
Crkl,4,5,9,6,8,3
Aifm3,1,0,1,0,2,1
Lztr1,20,11,19,34,30,20
Thap7,15,9,35,28,40,16
Slc7a4,7,4,12,7,6,6
Smpd4,21,9,11,15,13,11
Ccdc74a,1,1,0,3,4,3
Med15,20,10,26,14,30,21
Klhl22,23,15,36,29,31,25
Scarf2,0,0,0,0,1,0
Gm20518,0,1,0,0,0,0
Dgcr2,73,43,103,79,64,68
Dgcr14,8,2,13,16,19,13
Slc25a1,39,27,64,46,55,29
Dgcr6,33,23,58,48,59,47
Prodh,2,1,1,0,1,1
Rtn4r,1,0,2,0,2,1
Zdhhc8,28,25,47,35,38,24
Ranbp1,122,58,166,149,132,108
Trmt2a,17,15,35,27,41,23
Dgcr8,15,10,20,20,20,12
Tango2,24,12,39,34,45,37
Arvcf,54,38,87,44,63,47
Comt,94,72,120,126,111,108
Txnrd2,11,5,14,17,21,13
Gnb1l,1,1,2,1,6,4
Gm16314,0,0,0,0,1,0
Gp1bb,8,0,8,18,14,18
Sept5,7,3,5,11,10,6
Cldn5,0,0,0,0,5,1
Cdc45,1,1,1,1,1,2
Ufd1l,29,20,43,51,53,38
2510002D24Rik,26,10,26,21,21,19
Mrpl40,18,13,33,29,30,32
Hira,18,9,25,24,26,21
B3gnt5,21,12,32,13,27,18
A930003A15Rik,0,1,5,2,3,1
Klhl6,0,0,1,6,4,1
Klhl24,41,27,43,54,55,31
Yeats2,31,5,44,41,46,25
Map6d1,25,5,17,79,35,19
Parl,37,32,57,70,46,40
Abcc5,108,63,130,135,98,75
Eif2b5,28,17,26,35,31,39
Dvl3,9,8,11,7,13,17
Ap2m1,124,78,186,152,153,149
Abcf3,24,16,41,35,47,24
Vwa5b2,7,6,13,9,16,3
Alg3,18,15,29,17,25,24
Ece2,48,24,55,42,45,42
Camk2n2,36,21,62,32,39,48
Psmd2,66,37,95,95,96,105
Eif4g1,88,56,139,145,136,98
Fam131a,31,15,38,30,33,21
Clcn2,15,12,23,17,15,12
Polr2h,39,24,61,40,58,40
Thpo,0,1,1,1,0,1
Chrd,8,10,17,9,15,10
Ephb3,35,29,66,31,46,33
Vps8,22,15,36,23,32,26
2510009E07Rik,45,40,79,57,59,38
Ehhadh,1,4,6,3,2,2
1300002E11Rik,13,13,31,22,22,19
Map3k13,1,3,2,1,2,4
Tmem41a,10,1,9,2,8,8
Liph,0,1,1,0,2,1
Senp2,12,16,30,28,18,9
Tra2b,194,122,219,235,284,172
Etv5,125,78,222,96,181,140
Dgkg,3,1,4,4,4,6
Tbccd1,18,8,24,22,21,13
Dnajb11,94,44,134,110,79,138
Eif4a2,273,159,344,341,263,246
Rfc4,6,8,11,17,12,4
BC106179,1,0,2,4,1,0
St6gal1,45,28,64,30,66,51
Rtp1,0,1,0,0,0,0
Masp1,1,0,1,1,1,1
Rtp4,1,3,6,14,1,49
Sst,0,1,0,0,0,0
Bcl6,33,27,51,15,60,39
Lppos,7,13,21,10,9,12
Lpp,33,16,33,32,31,21
Gm4524,2,0,0,1,0,0
P3h2,7,5,11,6,10,2
Il1rap,108,63,155,127,184,84
Ccdc50,67,51,86,82,79,46
Fgf12,43,27,62,42,46,47
Mb21d2,56,24,72,48,44,75
Hrasls,15,9,21,14,17,18
Atp13a5,0,0,2,0,2,1
Atp13a4,5,2,6,6,4,7
Opa1,34,16,41,48,60,26
Gm26834,0,1,4,0,1,1
Gm26569,0,0,0,0,1,0
4632428C04Rik,1,0,0,0,0,0
Hes1,40,17,79,51,95,54
Atp13a3,46,31,65,53,78,36
Tmem44,9,7,19,14,13,11
Lsg1,22,7,29,35,20,21
Fam43a,4,2,0,8,10,7
Xxylt1,2,0,2,2,1,3
Acap2,59,24,65,100,87,41
Ppp1r2,54,27,84,72,55,79
Apod,46,9,79,455,89,68
Bdh1,27,15,49,43,57,50
Gm15743,0,0,1,1,4,0
Dlg1,31,18,60,71,49,31
Mfi2,0,0,0,1,1,1
Pigz,14,3,14,28,10,12
0610012G03Rik,84,61,125,132,123,98
Ncbp2,65,26,81,78,66,63
Senp5,9,10,17,14,17,13
Pak2,86,67,136,124,105,96
Pigx,34,15,42,32,33,49
Cep19,17,2,17,10,19,16
Nrros,3,3,3,15,4,4
Fbxo45,24,14,27,26,16,18
Wdr53,9,6,12,15,9,9
Rnf168,16,9,28,28,22,20
Ubxn7,14,16,39,33,38,22
Tctex1d2,5,4,10,19,9,7
Pcyt1a,28,18,43,37,52,25
Slc51a,0,0,0,0,1,1
Tfrc,9,7,15,19,11,3
Tnk2,29,20,52,30,48,36
Rubcn,30,15,36,27,30,23
Fyttd1,55,40,59,58,79,46
Lrch3,43,25,79,68,46,38
Iqcg,0,1,2,0,0,1
Rpl35a,375,297,602,457,554,492
Lmln,3,5,3,2,4,5
Osbpl11,16,13,25,22,17,14
Snx4,35,22,51,52,51,31
1700007L15Rik,0,0,0,1,3,0
Zfp148,67,47,115,87,104,73
Heg1,1,0,1,2,2,2
Itgb5,11,20,7,44,16,21
Umps,12,10,12,7,11,12
Gm15829,3,0,1,0,1,0
Kalrn,11,11,19,15,12,16
Ccdc14,1,3,2,5,5,2
Mylk,0,5,1,1,3,1
Hacd2,24,30,39,53,46,30
Adcy5,40,17,47,45,30,29
Sec22a,35,19,53,45,39,29
Pdia5,3,3,8,3,7,8
Sema5b,91,48,101,85,79,67
Dirc2,58,53,84,64,78,66
Hspbap1,6,3,6,3,1,2
Parp14,1,1,0,2,0,2
Dtx3l,4,3,9,2,9,10
Parp9,2,5,9,3,2,10
Kpna1,41,24,58,44,56,45
Wdr5b,2,1,4,3,1,5
Fam162a,40,26,59,58,53,56
Ccdc58,5,8,23,22,23,13
Cd86,0,6,4,12,1,1
Ildr1,0,0,0,0,1,0
Slc15a2,15,15,12,18,21,3
Eaf2,1,0,0,2,0,0
Iqcb1,26,17,34,28,23,23
Golgb1,66,46,100,88,92,79
4930565N06Rik,0,0,1,1,0,0
Hcls1,0,5,1,7,6,2
Polq,0,1,1,2,2,0
Stxbp5l,14,30,42,45,27,28
Gtf2e1,16,15,29,15,12,23
Rabl3,12,7,12,14,12,9
Ndufb4,230,122,315,165,285,235
Fstl1,5,4,7,5,6,3
Lrrc58,111,94,213,168,159,130
Gpr156,0,0,1,1,1,3
Gsk3b,208,128,328,293,311,251
Maats1,1,0,1,0,0,0
Cox17,107,68,143,120,167,96
Gm21987,0,0,0,1,0,0
Adprh,89,52,127,100,98,109
D930030I03Rik,0,1,3,3,0,3
Timmdc1,13,10,17,5,15,14
Poglut1,33,10,43,33,29,23
Tmem39a,15,5,14,17,10,16
Gm17103,1,0,0,1,0,0
Arhgap31,405,248,604,376,484,505
B4galt4,26,24,27,29,32,38
Upk1b,0,2,0,3,4,1
Igsf11,20,9,24,21,33,21
Lsamp,382,288,613,491,516,441
Gm28750,0,0,1,0,0,0
Gap43,81,39,124,98,96,53
Zbtb20,656,442,1030,807,852,818
Gm9968,1,1,0,0,0,0
Qtrtd1,14,6,19,10,17,10
Ccdc191,4,6,6,8,14,7
Zdhhc23,0,1,1,1,0,1
Gramd1c,6,4,5,7,4,2
Atp6v1a,118,87,199,160,175,117
Naa50,42,21,38,54,37,43
Usf3,15,15,18,18,18,12
Sidt1,0,0,0,1,0,2
Gm26732,0,0,0,1,0,0
Spice1,14,8,16,15,5,6
Boc,5,4,14,10,7,11
Nepro,3,1,4,4,6,1
Gtpbp8,19,16,28,25,23,17
Ccdc80,1,0,0,1,1,1
Slc35a5,62,56,101,108,91,52
Atg3,62,37,97,90,72,92
Btla,0,0,0,0,1,0
Cd200,66,39,83,71,83,63
BC016579,0,0,0,0,1,0
Tmprss7,6,2,1,1,1,0
Tagln3,71,58,119,60,102,102
Abhd10,20,15,36,25,32,29
Phldb2,23,13,23,12,18,19
Gm15640,0,0,1,0,0,0
Plcxd2,9,8,22,10,19,15
Cd96,0,0,0,0,0,1
Gm4737,0,1,0,0,0,0
Pvrl3,72,35,76,56,67,50
Dppa2,0,0,0,1,1,0
Retnlg,0,4,0,0,0,0
Dzip3,70,28,83,67,74,50
C330027C09Rik,1,3,6,4,2,0
Ift57,29,15,40,35,33,29
Cd47,220,131,254,358,287,194
Bbx,23,19,49,51,40,37
Dubr,1,0,1,14,5,0
Cblb,15,10,16,18,16,9
Alcam,220,139,314,174,288,205
Nfkbiz,22,20,17,85,52,11
Nxpe3,6,6,11,15,3,3
Cep97,23,10,25,48,25,29
Rpl24,367,246,579,488,531,446
Zbtb11os1,4,1,7,9,9,5
Zbtb11,22,12,25,29,23,25
Pcnp,118,53,150,148,125,78
Trmt10c,19,10,20,33,29,19
Senp7,44,35,86,71,68,61
Impg2,1,0,3,1,0,0
Abi3bp,0,1,1,0,1,1
Tfg,47,51,87,99,68,89
Tmem45a,0,0,1,0,0,0
Tomm70a,30,21,56,46,40,36
Nit2,28,12,40,30,34,30
Gm16892,0,1,0,0,0,0
Tbc1d23,27,18,48,48,45,31
Tmem30c,1,0,2,1,0,1
Cmss1,5,1,8,6,9,7
Filip1l,6,4,11,10,3,1
Dcbld2,14,14,21,18,25,11
St3gal6,43,28,56,44,61,47
Gm813,0,0,0,0,1,1
E330017A01Rik,0,0,0,1,0,0
Cpox,34,14,58,197,76,44
Cldnd1,153,103,221,283,258,149
Mina,7,3,12,15,18,7
Crybg3,1,2,3,5,5,5
Arl6,22,13,28,29,29,21
Nsun3,4,2,4,7,4,5
Arl13b,12,9,17,28,21,13
Stx19,1,0,0,0,2,0
Pros1,8,5,16,14,20,21
Epha3,0,0,1,1,0,0
4930453N24Rik,32,22,46,41,41,42
Zfp654,16,13,21,14,25,11
Cggbp1,56,51,111,92,90,59
Htr1f,0,0,1,0,0,0
Chmp2b,34,24,59,52,49,51
Cadm2,259,184,452,336,447,337
Gbe1,10,5,15,15,9,7
Robo1,47,33,71,42,52,32
Robo2,0,1,2,5,8,0
Rbm11,8,5,19,11,15,18
Hspa13,61,37,94,70,92,63
Samsn1,1,5,1,27,5,1
Nrip1,56,29,77,99,78,74
Gm9843,4,0,5,5,11,4
Usp25,17,13,21,37,29,19
Cxadr,45,35,74,42,72,35
Btg3,5,13,24,15,8,10
D16Ertd472e,7,3,12,33,16,8
Chodl,3,3,0,0,0,2
Ncam2,55,29,83,80,75,63
Gm21833,4,2,1,4,2,0
Mir155hg,1,0,0,0,0,0
Mrpl39,21,17,25,26,22,26
Jam2,84,68,123,80,99,101
Atp5j,248,181,359,295,343,266
Gabpa,23,18,37,36,39,19
App,326,183,503,816,603,415
Cyyr1,0,0,0,0,0,2
Adamts1,26,15,24,50,61,37
Adamts5,21,11,15,19,26,7
N6amt1,25,10,35,44,26,37
Ltn1,26,27,45,42,39,38
Rwdd2b,4,2,4,7,12,3
Usp16,52,21,55,114,101,80
Cct8,133,91,172,163,180,156
Bach1,20,19,29,37,50,25
2810407A14Rik,0,0,0,1,2,0
Grik1,2,5,16,13,8,4
Krtap7-1,0,0,0,0,0,1
Tiam1,23,12,20,14,23,17
Sod1,65,56,115,82,105,58
Scaf4,23,6,29,19,31,22
Hunk,26,11,42,29,31,19
Mis18a,6,4,7,5,8,8
Gm17518,0,0,1,0,0,0
Urb1,11,7,13,10,8,13
Eva1c,1,1,2,2,2,1
1110004E09Rik,17,10,38,31,26,24
Synj1,47,34,59,47,70,44
Gm15965,0,1,0,1,2,0
Paxbp1,36,19,47,49,42,38
4932438H23Rik,0,2,0,2,2,0
Gm9881,0,2,1,2,1,0
Olig2,619,409,931,771,828,905
Olig1,3184,2325,4600,3035,3390,3710
Ifnar2,37,32,57,57,60,58
Il10rb,17,11,21,19,9,15
Ifnar1,43,18,71,46,48,36
Ifngr2,10,10,17,23,17,15
Tmem50b,28,26,43,51,41,36
Dnajc28,3,2,4,4,4,5
Gart,29,20,26,48,30,34
Son,413,270,609,565,659,369
Donson,5,2,9,6,5,3
Atp5o,151,112,204,216,220,203
Cryzl1,42,26,51,70,62,54
Itsn1,19,11,37,31,33,15
Mrps6,31,20,40,25,25,45
Slc5a3,26,17,42,31,26,29
Kcne2,3,0,2,0,0,2
Smim11,70,33,103,59,82,69
Rcan1,21,14,40,21,32,24
Clic6,2,1,2,1,0,6
Runx1,3,8,0,8,7,2
Setd4,4,1,11,10,10,4
Cbr1,67,31,78,62,81,98
Cbr3,28,12,63,31,34,44
Dopey2,22,13,20,40,28,19
Morc3,18,7,20,33,25,18
Chaf1b,0,0,2,2,1,0
Cldn14,1,0,0,28,5,0
Hlcs,2,6,9,6,7,9
Pigp,37,19,62,69,66,60
Ttc3,207,121,322,238,275,242
Dscr3,20,12,31,26,22,28
Dyrk1a,35,25,47,31,45,39
Kcnj6,0,0,0,2,0,0
Gm7976,0,0,0,1,0,0
Ets2,8,11,23,20,19,9
Psmg1,15,12,26,26,16,25
Brwd1,52,51,79,72,66,45
1700093J21Rik,1,0,0,0,0,0
Hmgn1,120,81,184,160,187,161
Wrb,27,24,63,35,43,34
Lca5l,3,0,4,3,1,2
Sh3bgr,0,1,1,1,1,4
B3galt5,5,6,11,17,11,5
Pcp4,90,24,116,19,43,39
Dscam,164,105,274,175,236,206
Bace2,1,3,1,8,4,2
Mx1,0,0,1,0,2,0
Gm9242,1,0,0,0,0,0
Prdm15,7,8,14,14,8,20
C2cd2,9,4,4,13,13,9
Zbtb21,22,12,32,20,18,11
C030010L15Rik,0,1,0,1,3,1
B230307C23Rik,11,4,15,10,10,12
Scaf8,23,11,49,29,31,19
Tiam2,0,1,0,0,1,0
Tfb1m,1,0,8,5,1,2
Arid1b,40,36,68,40,46,43
Tmem242,17,11,41,33,45,13
Zdhhc14,38,25,87,71,79,70
3300005D01Rik,0,0,0,0,1,0
Snx9,8,6,24,18,24,18
Synj2,0,0,3,17,3,0
Serac1,3,0,3,1,3,1
Gtf2h5,81,55,133,147,115,118
Tulp4,75,46,105,171,146,62
Tmem181a,37,19,46,37,48,17
Dynlt1a,6,1,7,5,2,10
Gm26848,2,0,0,0,1,0
Dynlt1b,18,0,1,4,8,0
Dynlt1c,124,46,66,76,82,49
Dynlt1f,20,15,23,29,34,22
Sytl3,0,0,1,0,0,0
Ezr,3,8,6,2,1,1
Gm2885,1,0,2,3,2,1
Rsph3b,2,1,0,2,0,0
Tagap1,5,3,8,10,8,7
Rnaset2b,31,20,50,70,49,29
Rps6ka2,4,0,2,2,4,4
Fndc1,6,2,18,7,6,12
E430024P14Rik,1,1,2,4,4,1
Tagap,3,8,3,8,3,2
Rsph3a,6,5,3,2,3,3
Gm1604a,0,0,0,0,1,0
Rnaset2a,37,21,54,59,50,44
Fgfr1op,19,2,18,17,14,16
Ccr6,0,0,0,1,0,0
Mpc1,132,87,217,295,202,145
Sft2d1,53,36,68,107,79,60
Prr18,32,17,34,52,34,22
Gm16702,6,4,8,6,6,2
Pde10a,118,53,231,91,123,147
1700010I14Rik,0,1,4,0,0,0
6530411M01Rik,1,0,0,1,2,0
Qk,905,547,1263,2231,1685,1171
Pacrg,9,5,3,11,8,7
A230009B12Rik,0,1,3,5,2,3
Gm16168,6,2,7,11,10,1
Park2,21,20,33,33,24,25
Gm28505,0,0,1,0,0,0
Agpat4,87,43,116,266,156,108
Map3k4,31,25,55,43,33,51
4732491K20Rik,7,4,9,9,11,8
Slc22a3,5,0,5,2,7,3
Igf2r,20,11,25,15,16,15
Airn,5,3,1,5,2,3
Mrpl18,57,27,89,107,94,68
Tcp1,74,40,105,136,119,113
Acat3,0,1,0,1,0,2
Acat2,32,18,39,36,44,35
Wtap,40,31,55,46,53,37
Sod2,84,54,115,123,117,94
Tcp10b,0,0,0,1,0,0
Unc93a,0,0,0,1,0,0
Tcte2,1,2,6,4,4,3
Gm16052,0,0,3,2,1,0
Gm16049,0,0,1,0,0,0
Mllt4,34,20,44,46,48,34
Dact2,1,0,1,1,0,1
Smoc2,0,0,4,1,0,1
Thbs2,0,0,2,1,1,0
1600012H06Rik,17,13,21,30,18,16
Phf10,33,16,40,48,45,29
Gm3448,0,0,0,3,2,1
Ermard,33,14,28,42,45,16
Tcte3,0,0,0,0,1,0
Gm28873,1,1,6,3,1,0
Dll1,46,39,71,34,51,33
Fam120b,24,15,32,19,39,22
Psmb1,143,92,231,246,187,186
Tbp,19,13,18,24,18,17
Pdcd2,19,15,31,38,31,25
Prdm9,2,2,1,0,1,3
Chd1,31,29,59,53,59,41
Rgmb,7,6,7,6,10,4
BC002059,10,9,14,12,10,5
Zfp960,1,0,0,5,1,4
Zfp97,1,1,3,1,2,0
Gm6712,0,0,1,0,3,3
Gm26873,0,1,0,0,1,0
Lix1,1,3,2,3,2,0
Lnpep,5,6,7,11,14,3
Spaca6,24,12,28,32,34,11
Gm7535,0,0,0,1,1,1
Ppp2r1a,132,100,188,149,231,165
Zfp160,8,6,13,20,13,11
Zfp677,4,4,8,10,11,11
Zfp54,4,2,2,6,3,7
Zfp51,3,2,13,3,8,3
Gm26753,0,0,0,0,0,1
Zfp53,4,5,9,8,12,10
9330136K24Rik,2,0,2,1,3,1
Zfp52,3,0,3,1,8,1
Zfp948,6,6,10,10,17,5
3110052M02Rik,1,2,0,3,1,1
Gm10509,0,0,0,1,0,0
Gm10226,0,0,0,1,1,0
Zfp760,18,11,30,37,23,16
Zfp229,7,5,6,9,7,4
Zfp820,0,0,0,0,4,2
2210404O09Rik,7,6,6,2,7,5
Zfp942,14,7,24,21,24,17
Zfp943,18,13,20,19,22,13
Zfp947,0,2,2,1,1,0
Gm4944,8,6,19,13,16,10
Zfp944,5,10,14,15,11,14
Zfp758,15,7,8,12,2,8
Zfp946,6,9,28,14,21,20
Gm9805,0,0,0,1,0,0
Gm5493,0,1,1,0,0,0
Gm16386,3,5,5,5,8,0
Zfp945,35,19,43,49,51,34
Zfp40,12,9,25,27,20,8
Zfp213,6,6,16,10,10,13
Zfp13,9,3,11,8,7,10
Thoc6,8,4,9,16,4,15
Hcfc1r1,53,50,76,76,82,68
Tnfrsf12a,6,2,11,11,5,5
1520401A03Rik,0,0,0,0,1,0
Pkmyt1,2,1,6,3,1,2
Paqr4,34,22,64,55,50,39
9530082P21Rik,6,2,10,4,11,5
Flywch1,28,16,40,41,33,40
Flywch2,8,8,17,12,11,14
D930048G16Rik,3,1,5,7,4,5
Srrm2,305,212,423,453,422,365
Tceb2,312,246,505,291,407,374
Prss41,0,0,0,0,0,1
Prss30,0,0,0,1,0,0
Prss27,0,0,0,0,1,0
Kctd5,29,21,47,29,36,33
Pdpk1,38,20,39,43,40,28
Amdhd2,9,5,27,30,34,14
Gm43796,4,4,7,12,4,5
Atp6v0c,2,0,2,5,8,3
Tbc1d24,43,27,47,53,65,48
1600002H07Rik,3,2,6,3,6,1
Ccnf,0,3,0,2,3,2
Abca3,31,25,52,30,48,40
Rnps1,41,29,74,73,77,59
Eci1,37,37,63,54,70,48
Dnase1l2,1,0,3,3,1,0
E4f1,19,9,37,20,33,22
Pgp,135,72,223,219,222,226
Mlst8,19,8,30,23,27,17
Bricd5,12,10,32,22,21,39
Caskin1,68,47,119,64,86,91
Traf7,14,16,37,22,30,21
Rab26,3,0,4,0,2,0
Rab26os,15,4,24,10,14,7
Pkd1,29,11,37,38,30,23
Tsc2,13,11,44,27,34,27
Nthl1,3,4,10,10,10,4
Slc9a3r2,18,4,16,133,44,12
Npw,0,1,0,0,0,0
Zfp598,13,9,41,18,25,14
Syngr3,22,12,49,24,27,27
Gfer,29,7,27,19,20,21
Noxo1,7,4,8,6,10,7
Tbl3,18,13,24,27,29,19
Rps2,395,242,552,621,523,495
Snhg9,30,27,32,46,63,12
Ndufb10,113,91,173,156,193,161
Msrb1,28,14,37,51,27,31
Hagh,35,27,57,72,56,50
Fahd1,15,12,18,19,26,19
Igfals,0,1,0,0,0,0
Nubp2,16,8,23,28,27,16
Spsb3,20,10,33,26,28,33
Eme2,0,2,3,7,5,4
Mapk8ip3,69,52,90,97,85,48
Mrps34,20,14,53,57,49,41
Nme3,16,7,25,14,13,15
Hn1l,16,2,12,6,7,7
Cramp1l,19,5,40,23,35,19
Ift140,10,8,16,15,11,8
Tmem204,0,0,0,2,0,1
Telo2,32,23,34,41,29,30
Clcn7,21,17,41,30,31,25
BC003965,34,21,50,45,31,47
Unkl,15,12,11,18,18,12
Gnptg,56,44,132,95,104,71
Tsr3,27,14,31,39,30,24
Ube2i,77,31,103,98,112,80
Prss34,0,0,0,0,3,0
Cacna1h,7,4,7,4,8,11
Sox8,152,125,194,249,218,178
Lmf1,28,12,40,42,44,31
Gng13,2,3,1,2,7,2
Chtf18,2,0,3,0,3,1
Rpusd1,7,5,16,11,14,12
Narfl,10,8,20,14,17,8
Haghl,75,26,104,75,82,66
Ccdc78,5,1,2,2,1,0
Fam173a,81,89,157,110,130,110
Metrn,157,61,209,155,158,124
Gm26694,0,0,1,0,0,1
Fbxl16,16,18,40,25,34,15
Wdr24,11,2,14,9,17,13
Jmjd8,27,12,22,26,26,26
Stub1,66,41,101,124,110,103
Rhot2,9,13,26,27,20,17
Wdr90,5,2,4,6,6,1
Fam195a,12,11,15,9,14,15
0610011F06Rik,48,27,65,62,69,56
Rab40c,21,9,20,31,35,12
Pigq,26,21,29,31,29,24
Nhlrc4,0,0,1,0,0,0
A930017K11Rik,0,0,0,1,0,0
Capn15,6,6,5,5,8,7
1700022N22Rik,1,0,0,0,0,0
Rab11fip3,17,19,40,33,37,20
Decr2,7,5,15,10,9,16
Nme4,10,4,15,17,9,16
Gm8186,16,6,18,9,7,12
Tmem8,0,3,8,5,5,2
Mrpl28,43,21,71,64,46,52
Axin1,18,14,14,15,27,10
Arhgdig,10,11,19,12,20,14
Rgs11,2,3,3,3,4,0
Fam234a,37,25,57,32,30,36
Luc7l,63,35,86,75,90,62
Neurl1b,1,0,0,0,0,0
Dusp1,122,85,191,159,235,122
Gm8225,1,0,0,0,0,0
Ergic1,48,29,88,38,55,56
Atp6v0e,314,199,414,338,315,336
Crebrf,81,69,152,98,147,84
Bnip1,14,6,36,24,19,20
Gm17382,0,0,0,0,1,0
Kifc5b,0,0,0,0,1,1
Phf1,17,3,25,10,21,11
Cuta,79,61,162,109,129,126
Syngap1,8,4,6,6,10,5
Ggnbp1,8,3,6,6,8,6
Bak1,34,23,40,49,46,50
Itpr3,0,1,0,0,1,0
Uqcc2,208,133,302,200,266,221
Ip6k3,0,0,0,0,1,0
Lemd2,33,16,53,49,50,35
Gm26724,29,14,34,33,40,23
Grm4,7,3,6,3,6,3
Hmga1,7,7,14,5,7,13
AI413582,22,5,30,33,30,20
Nudt3,64,44,92,71,76,50
Rps10,327,238,450,492,408,411
Pacsin1,11,9,16,14,9,5
D17Wsu92e,36,25,45,46,37,39
Snrpc,49,43,88,91,96,99
Uhrf1bp1,6,6,14,13,13,12
Taf11,38,18,53,71,64,45
Anks1,12,8,14,17,15,15
Tcp11,0,0,0,0,1,0
Scube3,0,0,3,0,0,0
Zfp523,29,13,27,28,37,25
Def6,0,0,0,0,3,0
Ppard,11,6,18,10,24,18
Fance,21,13,16,31,24,17
Rpl10a,208,131,302,312,338,282
Tead3,8,1,6,2,8,1
Fkbp5,27,29,41,18,29,17
Gm20109,1,1,1,0,0,0
E230001N04Rik,4,1,3,1,2,2
Lhfpl5,0,1,0,0,0,0
Srpk1,28,28,58,61,69,49
Slc26a8,0,0,1,0,1,2
Mapk14,14,14,16,13,27,17
Brpf3,11,2,7,12,15,10
Kctd20,25,15,43,28,40,25
Stk38,60,41,68,56,92,51
Srsf3,224,117,327,320,328,245
Trp53cor1,4,0,7,2,3,7
Cdkn1a,10,10,15,30,9,14
Ppil1,17,13,35,24,25,17
BC004004,31,29,54,62,50,61
Mtch1,81,63,139,164,135,103
Fgd2,2,4,3,16,5,4
Gm26885,0,0,1,0,0,0
Pim1,5,5,3,11,4,3
Tmem217,1,0,0,0,0,0
Tbc1d22b,12,9,25,24,24,11
Tbc1d22bos,0,0,1,0,2,0
Rnf8,12,6,24,18,16,19
Gm28043,0,2,0,1,0,0
Cmtr1,5,9,9,22,13,11
Ccdc167,11,5,15,12,21,15
Mdga1,4,5,4,4,3,3
Zfand3,52,41,58,56,67,47
Btbd9,23,15,57,49,30,52
Glo1,94,46,102,83,83,85
Dnah8,8,3,7,4,5,3
Abcg1,66,39,139,109,86,78
Rsph1,1,1,0,0,1,2
Slc37a1,3,1,3,3,0,1
Pde9a,1,5,3,3,13,8
Wdr4,9,7,10,15,12,8
Ndufv3,63,47,116,94,94,109
Pknox1,7,9,16,26,9,13
Cbs,1,3,4,3,2,1
U2af1,70,46,108,115,124,89
Sik1,2,0,3,2,3,2
Rrp1b,10,7,12,13,7,7
Notch3,0,1,0,0,0,0
Brd4,62,58,96,87,86,110
Gm26549,0,0,3,2,2,7
Akap8,39,26,42,37,46,33
Akap8l,49,27,52,69,64,40
Wiz,22,17,37,26,29,27
Rasal3,1,1,3,7,8,0
Cyp4f17,1,2,4,0,6,1
Cyp4f16,12,2,11,8,9,13
Cyp4f15,0,3,1,1,0,1
Zfp871,53,42,81,91,88,64
Zfp811,24,9,25,12,22,25
Gm26693,1,0,0,1,0,1
Zfp799,14,11,14,19,25,11
Zfp870,3,3,12,8,5,9
Cyp4f14,0,5,1,0,1,0
Cyp4f13,9,12,16,17,22,12
Zfp472,9,2,14,11,14,5
Zfp952,14,7,19,24,29,20
Zfp763,19,13,17,20,26,16
Zfp563,2,3,2,7,8,11
Zfp955a,6,1,1,4,2,4
Zfp955b,5,3,3,7,3,2
Zfp81,20,4,29,25,31,9
Zfp101,16,7,26,31,30,25
Adamts10,10,13,16,15,20,12
Myo1f,1,1,2,3,3,0
Zfp414,32,17,35,33,23,38
Pram1,0,0,1,0,0,2
Hnrnpm,106,70,152,103,129,136
March2,41,23,52,66,71,46
Rab11b,89,64,139,108,128,140
Angptl4,0,3,1,0,3,1
Kank3,5,4,3,1,5,5
Rps28,343,179,384,238,645,293
Ndufa7,190,127,295,207,231,221
Cd320,24,13,32,31,24,34
Kifc1,0,0,0,1,0,1
BC051226,20,17,15,15,19,18
Daxx,7,4,23,14,16,19
Tapbp,25,10,37,27,32,32
Zbtb22,11,7,9,9,14,10
Gm19412,5,3,4,3,3,1
Rgl2,38,23,49,44,32,28
Pfdn6,78,65,123,116,112,98
Wdr46,12,8,18,15,25,19
B3galt4,5,3,6,11,10,3
Rps18,436,245,559,517,555,434
Vps52,26,18,56,32,24,27
H2-K1,87,52,115,102,83,96
Ring1,36,15,38,47,48,33
H2-Ke6,26,20,44,44,31,45
Slc39a7,37,19,52,72,67,54
Rxrb,13,20,38,46,43,32
Col11a2,67,32,86,47,65,55
H2-Oa,0,0,0,1,0,2
Brd2,112,49,141,163,172,92
H2-DMa,9,12,13,12,12,14
H2-DMb1,0,2,1,4,4,2
Psmb9,2,1,3,5,6,2
Tap1,1,4,4,6,6,8
Psmb8,9,12,5,13,9,19
Tap2,22,19,40,23,28,22
H2-Ob,1,0,2,1,1,0
Gm20506,0,0,0,1,0,0
H2-Ab1,2,0,1,2,4,0
H2-Aa,1,2,1,0,1,0
H2-Eb1,1,1,3,0,2,1
BC051142,6,6,11,16,11,8
Notch4,0,3,1,2,2,8
Gpsm3,2,1,1,2,4,1
Pbx2,30,13,32,31,35,30
Ager,0,0,1,1,0,1
Rnf5,77,54,132,126,126,98
Gm20463,0,0,1,0,0,0
Agpat1,24,21,38,47,41,30
Egfl8,1,0,0,7,2,1
Ppt2,30,21,53,32,40,36
Prrt1,31,22,36,43,44,26
Fkbpl,1,3,4,6,13,3
Atf6b,38,26,59,37,52,48
Tnxb,0,0,0,0,1,0
C4b,12,21,58,41,29,53
Cyp21a1,0,0,1,0,0,0
Stk19,21,20,41,31,27,20
Dxo,19,13,24,17,25,15
Skiv2l,24,12,32,31,33,26
Nelfe,14,19,33,22,36,26
C2,0,2,0,1,1,0
Zbtb12,7,2,9,14,6,11
Ehmt2,61,26,65,47,51,49
Slc44a4,0,0,1,0,0,0
Neu1,30,21,46,47,44,32
Hspa1b,8,10,34,37,23,6
Hspa1a,58,24,33,69,37,24
Gm20481,0,1,0,0,0,0
Hspa1l,0,0,1,0,0,1
Gm10501,5,0,1,3,2,1
Lsm2,24,22,36,24,44,43
Vars,33,20,36,37,50,32
Vwa7,1,0,0,0,0,0
Sapcd1,19,14,15,22,38,41
Msh5,1,3,3,3,4,4
Clic1,42,26,28,62,62,39
Ddah2,113,62,130,101,126,109
Ly6g6d,3,1,4,11,4,2
Ly6g6e,1,3,0,0,2,1
Ly6g6f,1,0,0,5,2,0
Abhd16a,46,30,60,59,78,51
Ly6g5b,1,0,0,2,1,0
Csnk2b,79,39,89,95,94,95
Gpank1,13,5,16,24,14,13
Gm20522,3,0,2,1,0,0
D17H6S53E,9,9,27,5,17,15
Bag6,86,72,129,101,98,78
Prrc2a,106,52,165,99,133,111
Gm17705,0,1,1,0,0,1
Aif1,6,17,10,36,30,9
Lst1,2,8,2,3,7,3
Ltb,0,0,2,2,1,0
Tnf,3,6,10,19,19,2
Nfkbil1,12,7,21,19,22,14
Atp6v1g2,21,12,34,13,19,30
Ddx39b,130,83,195,171,202,144
H2-D1,104,82,186,133,135,132
H2-Q4,6,3,5,10,15,14
H2-Q6,0,1,3,2,0,1
H2-Q7,0,2,0,3,2,1
H2-Q10,0,1,0,1,1,0
Pou5f1,0,0,1,1,0,2
Tcf19,0,1,5,3,0,1
Cchcr1,0,1,0,1,0,0
Dpcr1,0,0,0,0,0,1
Vars2,8,6,14,8,8,7
Gtf2h4,13,12,24,9,21,23
Ddr1,114,69,138,326,172,80
Gm20443,0,0,0,0,2,0
Gm20442,0,0,0,0,1,0
Ier3,44,25,40,93,73,26
Flot1,26,21,32,50,49,45
Tubb5,282,171,443,417,435,378
Mdc1,11,5,12,17,18,8
Ppp1r18os,1,0,1,0,0,0
Nrm,19,2,16,28,29,19
Ppp1r18,44,25,55,39,59,51
Dhx16,17,6,25,20,17,11
2310061I04Rik,32,24,51,41,47,37
Gm16279,0,0,1,2,0,0
Atat1,90,46,136,127,127,108
Mrps18b,10,6,15,23,8,17
Ppp1r10,39,22,46,53,52,41
Abcf1,39,31,48,71,52,60
Prr3,26,20,38,45,36,31
Gnl1,38,17,40,39,34,40
A930015D03Rik,0,1,2,2,0,2
H2-T24,0,0,1,1,1,0
H2-T23,19,9,17,18,19,33
H2-T22,18,8,20,15,25,26
Rpp21,42,33,75,46,63,50
Trim39,13,10,17,23,13,7
Trim26,48,47,60,64,54,61
Trim10,0,0,0,1,0,1
Ppp1r11,59,38,120,103,90,83
Znrd1,45,33,62,49,60,67
Znrd1as,3,4,6,1,5,2
2410137M14Rik,2,0,0,0,0,0
H2-M5,1,1,4,3,2,3
Zfp57,11,10,26,18,19,12
Mog,167,2,54,1077,185,14
Gabbr1,184,110,247,200,201,175
H2-M3,9,4,21,8,6,10
Gm26917,60,63,94,91,46,39
Gm42418,3223,2899,5251,3977,3886,453
AY036118,423,313,622,464,381,14
9130008F23Rik,2,1,1,1,2,0
Cenpq,16,6,36,23,30,8
Mut,26,24,42,37,35,29
Ptchd4,1,3,4,2,4,0
Adgrf4,0,0,0,0,3,0
Cd2ap,31,24,51,72,61,32
Tnfrsf21,58,44,99,63,84,74
Adgrf5,0,0,0,0,2,1
Pla2g7,74,79,122,42,66,82
Slc25a27,13,6,13,16,13,17
Cyp39a1,0,0,0,0,3,0
Rcan2,53,54,74,79,57,60
Enpp5,76,33,123,99,92,77
Enpp4,29,28,52,63,68,23
Clic5,1,1,2,3,1,0
Runx2,8,4,6,10,12,4
Runx2os1,0,0,0,1,0,1
Supt3,18,11,28,21,27,23
Cdc5l,58,47,106,81,89,105
B230354K17Rik,42,40,80,48,57,69
Spats1,2,1,2,5,2,4
Aars2,6,3,12,7,10,8
Tmem151b,19,21,23,14,21,15
Nfkbie,11,6,14,13,7,3
Slc35b2,82,46,122,113,108,94
Hsp90ab1,853,540,1218,1503,1012,1283
Slc29a1,15,4,26,15,21,8
Capn11,0,0,0,4,0,0
Tmem63b,131,95,230,181,179,171
Mrpl14,44,27,61,65,62,55
1600014C23Rik,0,1,0,2,0,0
F630040K05Rik,0,0,0,0,1,0
Vegfa,131,116,311,50,99,62
Mrps18a,36,22,68,46,45,52
Rsph9,42,15,37,15,32,29
Mad2l1bp,1,3,8,11,12,7
Gtpbp2,39,24,73,51,58,51
Polh,3,1,1,4,2,0
Xpo5,6,3,6,11,5,4
Polr1c,19,13,29,27,32,27
Yipf3,40,34,78,80,74,67
Lrrc73,11,3,33,17,15,13
Tjap1,16,14,27,44,31,25
Gm26785,1,0,0,0,2,0
Dlk2,5,4,15,18,18,8
Abcc10,8,4,19,11,9,10
Zfp318,43,31,75,62,69,41
Crip3,2,1,0,0,2,1
Gm5093,0,0,1,1,0,0
Ttbk1,5,5,11,10,5,9
Dnph1,5,3,9,7,4,5
Cul9,25,15,35,20,35,32
Srf,34,17,59,34,36,28
Ptk7,14,9,17,19,24,10
Klc4,9,8,16,16,8,11
Mrpl2,27,12,28,42,43,30
Cul7,22,13,33,31,37,18
Rrp36,11,6,11,25,10,10
Klhdc3,38,32,44,39,50,34
Mea1,39,17,46,44,46,56
Ppp2r5d,26,13,39,29,27,25
Pex6,17,18,30,20,22,22
Gnmt,1,0,0,0,1,0
Cnpy3,40,24,59,58,40,44
Ptcra,1,0,0,1,2,0
2310039H08Rik,13,12,24,17,19,21
Rpl7l1,44,22,61,64,59,46
Gltscr1l,23,9,26,29,30,23
A330017A19Rik,20,12,21,16,17,27
Tbcc,13,14,27,35,33,19
Ubr2,55,26,75,74,93,51
Mrps10,35,26,70,34,48,38
Guca1b,0,0,1,0,1,1
Guca1a,0,1,2,0,1,0
1700001C19Rik,0,0,0,1,0,0
Taf8,6,11,18,19,17,9
Ccnd3,92,45,118,81,78,78
Bysl,12,4,21,14,12,14
Med20,28,23,33,54,45,27
Gm20517,1,2,1,2,1,0
Usp49,8,4,6,16,11,3
Tomm6,23,18,13,19,34,26
Tomm6os,0,1,2,0,2,4
Prickle4,0,1,0,1,1,0
Frs3,11,5,15,16,16,6
Tfeb,18,8,17,40,28,19
Mdfi,1,0,3,3,4,5
Foxp4,13,5,17,21,16,16
9830107B12Rik,0,0,0,0,1,0
Trem1,0,0,0,0,1,0
Treml2,0,0,0,1,0,1
B430306N03Rik,0,0,1,0,0,0
Trem2,16,46,24,126,55,20
Nfya,20,15,32,22,16,6
Oard1,24,13,26,23,36,33
Apobec2,0,0,0,1,0,0
Lrfn2,12,3,25,13,15,11
Mocs1,3,1,7,9,8,6
Daam2,3,2,6,32,11,0
Kif6,0,0,0,3,2,0
Rftn1,1,1,3,6,2,1
Plcl2,4,3,4,8,3,1
Gm7334,0,1,1,0,0,0
Tbc1d5,16,28,30,47,48,33
Satb1,74,57,123,69,72,62
Gm27217,1,3,3,2,1,1
Kcnh8,20,16,30,17,30,21
Efhb,0,0,1,3,0,1
Rab5a,79,52,134,136,138,95
Pp2d1,0,0,1,0,0,0
Kat2b,18,13,17,38,25,18
Slc5a7,18,20,25,32,20,18
St6gal2,21,7,14,9,19,10
Gm26547,0,0,0,0,2,0
Pot1b,2,5,6,8,9,3
Zfp119a,3,1,4,9,6,2
Zfp959,6,7,5,7,4,8
Zfp119b,4,1,4,4,5,3
Ebi3,1,1,0,2,2,0
Ccdc94,5,1,5,4,2,0
Shd,39,15,62,42,46,33
Fsd1,28,12,38,13,21,23
Stap2,0,0,0,2,0,0
Mpnd,23,12,39,23,36,27
Sh3gl1,36,22,36,43,29,24
Chaf1a,5,0,1,3,3,1
Ubxn6,46,32,67,56,56,68
Hdgfrp2,30,22,39,45,41,37
Plin4,0,2,0,2,0,0
Plin5,0,1,0,1,0,0
Sema6b,35,15,61,34,51,37
Tnfaip8l1,3,1,4,2,4,3
Mydgf,80,40,100,113,82,87
Dpp9,27,15,26,35,26,19
Fem1a,33,23,53,34,60,29
Ticam1,11,3,20,16,22,27
Plin3,3,2,10,18,5,5
Uhrf1,4,1,7,8,4,1
Kdm4b,15,14,40,21,19,29
Ptprs,358,209,479,266,425,256
Safb2,67,25,74,86,89,70
Safb,48,37,90,83,101,74
2410015M20Rik,75,42,91,122,69,90
Rpl36,477,297,639,432,602,522
Lonp1,21,16,23,38,40,32
Catsperd,0,0,3,1,0,2
Ranbp3,33,15,39,40,47,28
Vmac,11,6,15,21,20,9
Ndufa11,133,96,221,149,182,177
Nrtn,3,0,1,4,0,0
Dus3l,16,13,27,24,24,21
Prr22,2,1,0,1,0,0
Rfx2,1,1,0,0,0,1
Mllt1,29,14,23,11,28,18
Clpp,61,33,83,92,88,76
Alkbh7,9,10,15,21,14,25
Gtf2f1,19,14,18,39,35,22
Khsrp,38,25,44,38,37,32
Slc25a23,44,32,110,111,107,95
Crb3,1,0,0,2,0,2
Dennd1c,1,0,0,2,2,0
Tubb4a,163,93,266,802,558,360
Gm11110,0,2,1,1,0,2
Tnfsf9,3,2,10,14,19,6
Cd70,12,3,8,3,8,6
C3,0,0,3,0,0,1
Gpr108,18,12,29,29,25,28
Trip10,2,3,7,3,6,2
Vav1,3,2,3,5,7,2
Adgre1,3,6,1,9,4,6
Rpl7a-ps5,0,1,1,0,3,1
Nudt12,5,0,3,2,4,1
Efna5,1,0,0,0,0,0
Fbxl17,18,9,17,22,25,25
Fer,5,9,10,26,7,11
Pja2,109,65,179,95,135,112
Man2a1,6,9,15,15,14,14
Tmem232,0,1,0,0,0,0
Vapa,194,131,370,354,328,276
Txndc2,1,0,0,0,1,0
Rab31,123,136,248,183,167,139
Ppp4r1,18,12,39,29,34,15
Ralbp1,76,41,118,102,99,86
Twsg1,25,15,35,29,28,21
Ankrd12,145,116,205,230,253,192
Ndufv2,135,81,212,173,158,187
Wash1,23,14,29,37,35,33
Ddx11,1,2,1,2,2,1
Mtcl1,16,10,47,24,36,24
Rab12,63,49,80,87,66,57
Ptprm,18,14,25,10,20,19
Lama1,2,1,1,1,1,0
Arhgap28,0,1,0,0,0,0
Tmem200c,0,0,3,0,0,0
Epb41l3,45,23,56,118,35,47
2410021H03Rik,0,0,0,1,0,0
Zbtb14,10,12,20,15,26,13
A930029G22Rik,0,1,3,0,2,0
C030034I22Rik,10,5,17,11,14,11
Dlgap1,261,166,444,231,327,340
5031415H12Rik,0,2,1,1,0,0
Tgif1,5,5,4,8,9,1
Myl12b,52,54,110,119,103,86
Myl12a,41,19,46,66,53,52
Myom1,1,0,0,1,1,0
Lpin2,30,24,54,41,35,47
Emilin2,1,0,2,2,1,0
Smchd1,56,31,77,81,92,60
Gm4707,9,1,5,4,6,6
Spdya,2,2,3,5,8,2
Wdr43,34,7,45,51,51,31
Fam179a,0,0,0,1,0,0
Clip4,40,20,64,40,37,28
Alk,1,0,1,5,0,0
Ypel5,25,17,31,58,50,36
Lbh,175,155,292,145,235,159
Lclat1,11,13,17,12,13,13
Galnt14,2,2,4,2,3,0
Ehd3,113,94,155,111,164,171
Memo1,13,12,18,19,20,19
Dpy30,42,37,71,59,58,56
Spast,47,33,76,61,64,54
Slc30a6,14,4,14,11,20,10
Yipf4,54,26,87,94,77,68
Birc6,94,43,135,127,127,98
Gm26749,0,1,0,3,1,0
Ttc27,15,8,7,7,13,12
Ltbp1,36,50,89,45,77,63
Rasgrp3,5,5,7,22,16,2
Fam98a,21,18,31,31,41,28
Crim1,39,27,39,28,39,35
Fez2,36,10,41,46,26,29
Gm10093,1,0,0,0,0,0
Vit,0,0,1,0,0,1
Strn,44,20,52,112,73,30
Heatr5b,17,2,24,20,16,15
Gpatch11,28,11,31,26,31,27
Eif2ak2,2,3,5,7,6,7
Cebpzos,31,29,71,48,55,52
Cebpz,49,46,90,68,89,67
Ndufaf7,40,22,50,43,38,35
Prkd3,83,53,127,121,121,70
Qpct,263,160,355,171,240,292
Cdc42ep3,11,14,20,33,31,16
Gm17315,0,0,2,2,0,0
Rmdn2,9,8,15,12,15,13
4921513D11Rik,0,0,0,2,0,0
Atl2,14,11,28,25,17,8
Hnrnpll,38,26,63,41,63,39
Galm,0,1,1,0,1,2
Srsf7,110,65,151,142,142,128
Gemin6,7,5,9,8,9,4
Dhx57,13,16,20,16,19,7
Morn2,20,11,23,23,26,21
Arhgef33,2,0,0,0,0,1
Sos1,33,22,56,71,44,27
Cdkl4,1,0,0,1,2,0
Map4k3,25,22,37,21,25,30
Tmem178,13,6,28,50,11,11
Thumpd2,8,4,15,11,9,7
Slc8a1,1,5,7,7,4,2
Pkdcc,15,2,18,18,21,11
Eml4,42,19,45,40,48,33
Cox7a2l,81,50,90,126,81,124
Mta3,23,18,39,32,26,23
Haao,0,0,0,0,2,0
Zfp36l2,158,128,286,211,227,192
Thada,9,5,7,8,12,2
Plekhh2,2,2,6,7,4,3
Dync2li1,20,14,26,17,19,27
Lrpprc,21,15,24,32,36,26
1110020A21Rik,1,1,3,1,3,1
Ppm1b,44,26,60,59,56,45
Prepl,2,3,9,16,14,4
Camkmt,7,2,14,1,8,4
Six3,4,7,2,0,4,6
Srbd1,11,7,13,15,7,11
Prkce,25,15,36,34,36,29
Gm10309,1,0,0,0,0,0
Epas1,112,86,229,95,152,139
Atp6v1e2,0,0,0,0,0,1
Rhoq,35,35,65,93,54,57
Pigf,31,17,27,31,29,32
Cript,50,33,54,64,72,62
Socs5,24,9,29,29,24,18
Mcfd2,38,27,31,38,49,41
4833418N02Rik,3,2,3,6,1,1
Ttc7,5,2,8,11,7,3
Calm2,241,145,324,308,331,289
Epcam,20,1,0,36,13,10
Msh2,31,10,36,27,34,12
Kcnk12,4,1,6,2,3,5
Msh6,7,5,7,10,11,7
Fbxo11,54,41,78,52,59,61
Foxn2,52,31,84,69,71,45
Ppp1r21,57,42,102,81,105,68
Ston1,1,1,7,1,5,1
Gm10184,0,1,0,1,0,0
Nrxn1,750,464,1234,607,1012,636
Gm10308,0,0,0,2,1,0
Mettl4,3,5,4,8,3,5
Gm1976,0,1,0,1,3,0
Gm26734,2,1,2,3,2,2
Gm20939,1,1,4,3,3,1
Uba1y,1,0,0,1,1,0
Gm28587,0,1,0,0,0,0
Kdm5d,36,9,29,32,24,23
Eif2s3y,47,42,105,82,106,85
Gm29650,3,1,3,1,3,1
Uty,18,15,23,30,31,12
Ddx3y,51,39,48,95,66,66
Gm28244,0,0,0,0,0,1
Gm29671,0,0,1,0,0,0
Gm28355,0,0,0,0,0,1
Gm21943,0,0,1,0,0,0
Gm29568,0,0,0,0,1,3
Gm20854,0,0,0,0,0,1
Gm28405,0,0,0,0,1,0
Gm29392,1,0,0,0,0,0
Erdr1,45,118,184,229,218,168
Crem,14,9,13,15,12,16
Gm6225,2,0,1,0,0,0
Cul2,34,23,49,38,46,26
G430049J08Rik,0,0,0,1,1,0
Bambi,13,5,17,8,16,7
Map3k8,6,3,5,8,4,3
Mtpap,24,11,19,26,26,26
9430020K01Rik,7,0,4,29,9,4
Svil,49,46,77,54,69,65
Gm26682,5,1,5,3,2,3
Zfp438,7,6,10,10,13,6
Zeb1,217,151,334,261,320,225
Arhgap12,33,19,60,45,60,47
Kif5b,102,55,138,179,147,123
Rpl27-ps3,5,0,15,8,14,10
Epc1,58,32,87,76,114,62
Gm28529,0,0,1,0,2,1
Rab18,86,65,145,133,151,112
Mkx,7,4,8,5,7,1
Mpp7,6,0,4,5,5,0
Wac,93,65,142,128,132,122
Fzd8,7,3,20,13,12,7
Ccny,45,35,63,55,52,44
Colec12,1,3,2,2,0,1
Thoc1,12,7,30,23,28,23
Usp14,56,26,72,67,82,48
Rock1,96,62,168,166,141,103
Greb1l,1,1,5,1,3,5
Esco1,23,13,20,24,22,24
Snrpd1,140,83,199,157,182,159
Abhd3,62,34,78,89,85,48
Mib1,51,30,88,60,72,37
Rbbp8,4,0,9,5,9,5
Gm6277,1,0,0,0,0,1
Cables1,15,27,41,11,30,16
Tmem241,1,0,5,5,2,1
Riok3,32,14,39,53,41,29
3110002H16Rik,4,7,10,11,11,8
Npc1,203,155,269,243,239,217
Gm15956,0,1,0,1,0,0
Ankrd29,6,6,21,4,15,11
Ttc39c,15,4,19,22,27,23
Cabyr,1,0,0,0,0,0
Osbpl1a,49,35,69,251,173,113
Impact,62,32,76,87,61,77
Zfp521,15,14,48,12,28,25
Ss18,60,24,80,77,72,52
Taf4b,2,2,2,2,6,1
Kctd1,13,10,32,13,14,16
Aqp4,9,16,21,14,8,14
Cdh2,143,89,211,119,144,138
Gm15485,0,0,1,0,0,0
Gm15328,0,0,1,0,0,0
Dsc2,1,0,0,0,0,0
Ttr,1418,1056,1015,8,34,1327
Gm10269,0,0,1,0,1,0
B4galt6,86,78,126,66,81,97
Trappc8,16,15,35,38,32,16
Rnf125,2,0,0,1,0,1
Rnf138,29,23,36,45,49,22
Garem,7,1,5,3,7,1
Asxl3,11,10,28,20,16,23
Nol4,14,11,31,13,23,18
Dtna,62,29,86,57,67,68
Gm15972,2,1,1,2,0,0
Mapre2,76,53,129,101,122,74
Zfp397,47,29,37,68,53,37
Zfp35,4,4,4,14,9,10
Zfp24,77,52,136,88,141,93
Ino80c,10,9,8,14,12,6
Galnt1,108,52,134,113,134,84
2700062C07Rik,9,11,10,16,18,9
Rprd1a,60,22,84,55,60,46
Slc39a6,53,43,78,55,55,35
Elp2,24,21,31,25,41,40
Mocos,0,1,0,2,0,0
Fhod3,1,5,11,5,9,1
Tpgs2,24,22,45,25,44,36
AW554918,9,3,14,13,22,9
Celf4,37,15,31,27,30,35
Pik3c3,20,11,27,13,17,23
Rit2,38,31,40,43,29,49
Syt4,9,7,24,24,18,15
Slc25a46,33,19,56,47,60,32
B930094E09Rik,1,0,0,0,1,0
Sap130,9,6,12,10,20,12
Ammecr1l,34,23,43,38,48,38
Gm26533,0,1,0,1,1,0
Polr2d,22,20,49,39,43,20
Wdr33,28,8,34,37,44,30
Gm26823,0,0,0,0,1,0
Sft2d3,14,9,25,43,35,29
Lims2,229,99,326,255,268,302
Gpr17,584,281,802,670,562,606
Iws1,21,32,59,48,50,40
Map3k2,24,23,55,53,63,23
Ercc3,16,5,26,25,18,20
A830052D11Rik,1,0,0,6,3,2
Bin1,152,56,132,813,303,128
Wdr36,15,10,10,10,14,10
Camk4,6,9,12,9,19,15
Stard4,2,8,8,11,11,1
Nrep,18,10,28,24,26,19
Epb41l4aos,19,16,28,31,39,27
Epb41l4a,9,11,12,11,16,11
Apc,79,54,117,112,121,71
Srp19,73,38,112,101,95,84
Reep5,194,170,306,490,371,303
Pkd2l2,0,0,0,1,0,0
Fam13b,8,4,11,9,9,5
Nme5,1,4,5,3,3,1
4933408B17Rik,0,3,3,3,3,4
Brd8,80,52,134,94,124,95
Kif20a,0,0,1,0,0,0
Cdc23,32,26,63,48,40,42
Fam53c,30,15,50,51,44,30
Kdm3b,30,16,34,35,27,25
Gm26538,1,0,1,0,1,1
Reep2,40,17,55,28,54,47
Egr1,212,105,309,369,488,338
Etf1,25,16,37,56,59,32
Hspa9,76,42,110,101,100,82
Ctnna1,33,18,39,71,37,31
Lrrtm2,91,75,142,154,173,111
Sil1,22,20,33,32,27,44
Gm5239,1,0,0,0,0,0
Matr3,170,113,218,261,225,222
Paip2,109,73,177,224,140,126
Slc23a1,1,0,0,0,2,0
Mzb1,0,1,0,0,0,0
Prob1,3,6,8,3,6,0
Spata24,4,3,5,9,6,2
Dnajc18,50,40,80,50,61,50
1700066B19Rik,0,0,0,1,2,0
Ecscr,2,5,1,13,7,3
Tmem173,4,6,2,17,4,3
Ube2d2a,106,56,155,176,138,158
Cxxc5,80,39,110,92,93,84
Gm29417,0,0,0,1,0,0
Psd2,5,11,12,10,14,11
Nrg2,7,5,18,10,5,13
Pura,313,209,495,407,419,339
Cystm1,62,32,88,87,82,74
Pfdn1,86,57,126,86,108,88
Hbegf,30,23,57,35,36,33
Slc4a9,1,0,0,0,0,1
Ankhd1,28,20,36,37,39,39
Sra1,37,27,62,74,57,55
Slc35a4,45,26,68,56,60,50
Cd14,16,9,7,22,11,5
Tmco6,5,5,8,8,6,4
Ndufa2,204,100,269,194,249,229
Ik,55,33,64,86,93,94
Wdr55,5,2,14,6,4,10
Dnd1,0,0,2,1,2,1
Hars,31,15,45,56,36,45
Hars2,8,11,23,18,12,9
Zmat2,67,38,89,96,97,81
Gm37751,0,0,0,1,0,0
Pcdha2,0,0,0,0,1,1
Pcdha3,2,0,2,0,1,2
Pcdha4,2,1,2,5,1,1
Pcdha5,1,1,1,2,1,0
Pcdha6,0,0,0,2,0,1
Pcdha8,1,0,4,3,0,1
Pcdha9,1,1,3,2,5,1
Pcdha11,3,1,4,2,1,0
Gm10545,0,0,0,1,0,0
Pcdha11-1,10,5,14,11,10,3
Pcdha12,3,1,3,3,1,0
Pcdhac1,0,0,0,2,3,0
Pcdhac2,3,0,0,3,0,1
Pcdhb2,13,10,28,16,21,12
Pcdhb3,14,20,32,22,24,26
Pcdhb4,2,1,9,5,1,2
Pcdhb5,3,2,8,3,7,6
Pcdhb6,1,1,1,6,2,0
Pcdhb7,9,7,33,13,25,17
Pcdhb8,1,3,0,3,0,0
Pcdhb9,92,68,176,103,117,109
Pcdhb10,14,4,20,1,9,10
Pcdhb11,1,1,7,3,4,1
Pcdhb12,1,7,4,2,3,4
Pcdhb13,0,2,2,0,2,1
Pcdhb14,10,8,26,21,9,11
Pcdhb15,2,3,2,1,0,1
Pcdhb16,16,7,17,19,11,11
Pcdhb17,10,6,21,10,26,12
Pcdhb18,5,8,11,10,24,4
Pcdhb19,9,8,15,5,13,11
Pcdhb20,15,10,36,17,19,8
Pcdhb21,4,8,16,7,6,5
Pcdhb22,8,1,9,13,10,4
Slc25a2,0,1,0,0,0,0
Taf7,22,9,28,46,31,17
3222401L13Rik,21,24,28,35,30,23
Pcdhga1,0,0,1,0,0,0
Pcdhga2,0,1,1,3,0,3
Pcdhga3,0,2,3,0,1,1
Pcdhgb1,1,0,1,3,2,0
Pcdhga4,0,0,0,2,6,3
Pcdhgb2,1,1,2,2,2,1
Pcdhga5,1,0,8,6,6,0
Pcdhga6,6,3,11,16,6,5
Pcdhga7,5,3,2,7,7,4
Pcdhgb4,6,1,7,4,4,5
Pcdhga8,5,0,4,2,1,1
Pcdhgb5,5,2,8,8,1,0
Pcdhga9,7,4,6,5,6,3
Pcdhgb6,2,3,6,3,1,1
Pcdhga10,1,1,1,4,1,1
Pcdhgb7,0,1,2,0,6,0
Pcdhga11,4,1,8,2,4,3
Pcdhgb8,2,0,2,2,3,0
Pcdhga12,23,12,36,26,26,26
BC037039,5,3,5,9,7,7
Pcdhgc3,11,9,22,15,16,5
Pcdhga8-1,10,8,28,21,25,19
Pcdhgc5,7,5,15,14,19,8
Gm29994,1,0,3,1,0,1
Diaph1,20,19,29,22,33,17
Hdac3,36,18,45,53,45,36
Rell2,2,0,8,2,4,2
Fchsd1,2,3,7,8,6,0
Arap3,1,1,1,4,0,2
Pcdh1,31,16,34,18,31,19
1700086O06Rik,4,4,7,7,4,1
0610009O20Rik,19,20,41,28,32,43
Rnf14,43,17,50,37,59,40
Gnpda1,19,9,33,22,26,25
Ndfip1,47,23,44,53,61,37
Spry4,85,54,130,115,144,92
Arhgap26,18,8,22,12,17,17
Fgf1,8,5,6,14,12,5
Nr3c1,118,97,214,150,145,156
Yipf5,63,38,67,83,68,69
2900055J20Rik,9,6,13,19,15,11
Prelid2,0,0,1,0,0,0
Sh3rf2,0,0,0,0,0,1
Lars,27,15,42,36,39,35
Rbm27,31,18,49,54,46,34
Tcerg1,43,22,54,56,39,24
Ppp2r2b,88,50,124,79,99,97
Stk32a,33,22,50,28,40,24
Dpysl3,136,73,200,120,156,115
Eif3j2,3,1,2,6,3,6
Jakmip2,33,18,33,34,43,35
Dcp2,18,8,37,28,27,15
Mcc,2,2,5,1,4,4
A930012L18Rik,0,0,1,1,1,1
Ythdc2,25,11,23,28,34,19
Kcnn2,14,20,15,13,18,18
Trim36,2,0,1,11,0,0
Pggt1b,11,3,13,9,7,6
Ccdc112,17,8,23,25,22,14
Fem1c,18,15,37,30,27,28
Ticam2,0,0,0,1,1,1
Tmed7,137,107,228,206,193,143
Eif1a,19,16,50,29,38,32
Cdo1,304,131,439,160,311,339
Atg12,33,20,53,32,47,33
Ap3s1,45,28,75,53,57,51
Commd10,12,15,36,24,23,21
Sema6a,82,49,150,219,192,87
Eno1b,1,0,1,0,1,1
Dtwd2,8,2,4,3,4,5
Dmxl1,31,28,70,85,63,43
Tnfaip8,3,9,12,11,5,1
Hsd17b4,82,44,96,127,114,99
Prr16,4,3,5,2,4,4
Srfbp1,7,6,5,10,12,6
Lox,1,0,0,0,0,0
Zfp474,0,1,1,0,0,0
Sncaip,13,9,26,7,13,18
Snx2,41,25,60,62,73,52
Snx24,29,11,30,31,33,20
Ppic,0,0,0,0,1,0
Cep120,17,9,18,23,17,12
Csnk1g3,48,16,83,47,70,51
Redrum,0,0,0,0,1,0
Zfp608,52,45,76,77,84,44
Gm26742,0,1,2,2,0,0
Gm4221,6,1,6,30,9,3
Gramd3,16,14,23,60,42,23
Aldh7a1,43,22,72,43,51,37
Phax,39,33,77,63,83,68
Lmnb1,21,12,25,29,28,19
March3,1,0,1,4,3,1
C330018D20Rik,10,8,8,20,12,6
Megf10,27,15,54,34,52,42
Prrc1,16,10,25,24,37,18
1700011I03Rik,0,0,1,0,0,0
Slc12a2,146,62,180,416,240,90
Fbn2,7,4,10,16,16,15
Isoc1,20,16,36,35,26,53
A730017C20Rik,72,35,127,64,83,77
Chsy3,0,0,0,1,0,0
Gm4841,0,0,0,0,2,0
Smim3,8,7,6,27,14,6
Dctn4,64,54,73,54,80,49
Rbm22,57,33,74,75,88,73
Synpo,1,0,0,2,2,0
Ndst1,21,18,30,45,45,36
Rps14,286,216,471,538,473,450
Cd74,5,0,7,5,5,1
Tcof1,23,13,30,29,25,25
Camk2a,1,1,0,3,0,1
Csf1r,20,61,18,123,61,40
Hmgxb3,9,7,8,30,19,6
Slc26a2,20,9,17,35,26,27
Ppargc1b,1,2,5,1,5,2
Csnk1a1,252,171,334,341,370,266
Bvht,0,0,0,0,2,0
Pcyox1l,62,20,91,48,40,65
Grpel2,16,6,22,26,20,15
1500015A07Rik,6,6,7,10,9,5
Afap1l1,6,3,13,26,19,6
Ablim3,3,2,8,1,3,4
Sh3tc2,2,3,1,3,3,0
Adrb2,4,0,7,26,7,3
Fbxo38,18,10,25,17,17,13
Spink10,5,0,4,2,9,2
2700046A07Rik,0,0,1,3,0,0
Napg,23,16,49,57,51,38
Piezo2,1,0,0,2,0,0
Txnl1,85,56,118,120,99,97
Wdr7,23,6,34,24,38,18
St8sia3,40,42,62,47,68,46
Onecut2,3,0,0,36,3,0
Fech,22,15,47,32,43,25
Nars,63,37,90,78,65,99
Atp8b1,2,2,3,11,6,1
Nedd4l,8,3,15,11,11,16
Malt1,4,0,4,11,9,3
Zfp532,22,12,39,40,20,29
Sec11c,164,103,270,243,195,195
Grp,0,1,1,1,0,0
Lman1,60,43,66,61,75,47
Ccbe1,10,4,7,5,2,5
Pmaip1,0,0,1,0,0,0
Mc4r,2,3,3,1,0,2
Gnal,27,15,33,23,37,17
Mppe1,0,0,1,0,0,0
Impa2,0,1,2,2,1,2
Tubb6,0,1,0,0,0,0
Afg3l2,27,12,25,16,24,12
Slmo1,14,4,10,7,16,8
Spire1,43,35,68,42,53,35
Gm17669,1,2,6,2,2,0
Cep76,9,3,3,7,3,4
Psmg2,37,13,50,32,38,37
Ptpn2,15,9,17,22,21,14
Gm26910,7,3,5,5,5,5
Seh1l,14,14,31,25,22,22
Cep192,15,8,15,11,10,7
Ldlrad4,13,5,23,25,15,10
Fam210a,22,21,37,24,31,27
Rnmt,23,18,32,49,45,32
Mc5r,0,0,0,0,0,1
Tcf4,793,563,1161,1233,1114,883
Rab27b,24,21,46,27,36,32
4930503L19Rik,13,6,14,21,12,8
Stard6,2,1,1,3,1,1
Poli,2,0,4,7,5,3
Mbd2,38,24,53,58,44,49
Dcc,15,11,21,13,9,9
Mex3c,29,19,40,52,30,35
Smad4,35,32,67,65,51,57
Elac1,5,4,16,11,11,5
Me2,10,3,16,14,20,14
Mro,69,48,96,54,92,69
Mapk4,8,9,14,14,10,4
Gm9925,1,1,5,2,2,0
Cxxc1,31,16,52,32,39,25
Mbd1,11,7,24,20,24,15
Cfap53,0,0,1,0,0,0
Acaa2,6,6,3,2,6,5
Rpl17,300,215,465,471,404,374
BC031181,139,89,177,223,170,150
Dym,13,12,18,21,20,17
Smad7,41,21,57,156,105,28
Ctif,14,8,18,20,11,14
Gm10532,1,0,0,1,0,0
Zbtb7c,3,4,2,3,2,4
Smad2,17,13,34,21,33,9
Ier3ip1,68,46,111,93,130,82
Hdhd2,54,24,74,88,68,73
Katnal2,0,2,1,0,1,0
Pias2,43,18,48,35,45,28
St8sia5,0,3,0,0,1,0
Rnf165,33,16,41,32,39,45
8030462N17Rik,5,0,3,5,5,1
Haus1,10,6,10,9,7,7
Atp5a1,245,185,383,350,344,299
Pstpip2,2,0,7,4,5,4
Epg5,10,7,11,8,13,9
Slc14a1,13,4,14,3,14,5
Setbp1,25,14,40,32,33,34
Pard6g,33,17,35,41,48,39
Adnp2,12,10,13,14,10,5
Rbfa,20,12,23,46,31,32
Gm16286,61,36,79,87,95,61
Txnl4a,29,13,47,50,45,49
Hsbp1l1,0,0,0,2,1,0
Pqlc1,13,9,22,15,10,13
Kcng2,1,1,1,1,0,0
Ctdp1,10,4,15,12,13,7
Nfatc1,17,13,34,23,24,19
Atp9b,17,16,21,19,17,16
Sall3,25,26,37,29,40,38
Gm27239,3,3,6,5,6,9
Mbp,489,162,576,2874,1559,643
Zfp236,19,10,27,11,17,24
Zfp516,34,15,63,48,53,39
Tshz1,90,44,138,127,115,115
Zadh2,19,25,26,18,30,27
Zfp407,11,7,19,20,12,11
Cndp1,0,0,0,0,0,1
Cndp2,18,20,25,34,52,34
Fam69c,11,9,14,15,12,19
Cyb5a,150,99,237,284,192,191
Timm21,33,13,41,41,32,36
Neto1,38,22,44,38,54,32
Cbln2,0,1,0,1,5,0
Socs6,30,18,48,31,41,32
Rttn,6,3,4,8,6,4
Cd226,0,0,1,0,0,0
Dok6,15,7,16,16,13,5
Tmx3,76,59,113,124,112,69
Ighmbp2,10,3,11,5,6,4
Mrpl21,33,39,63,48,48,39
Cpt1a,12,12,18,22,25,9
Mtl5,0,1,1,0,1,0
Ppp6r3,36,32,63,47,63,34
Lrp5,26,16,40,9,17,23
1810055G02Rik,11,18,33,18,40,26
Suv420h1,53,40,93,87,80,61
Chka,54,47,74,126,106,74
Tcirg1,12,8,21,25,20,7
Ndufs8,80,57,126,116,116,116
Aldh3b1,10,5,5,19,11,6
Unc93b1,21,24,16,43,29,24
Nudt8,9,5,15,10,11,19
Doc2g,2,1,3,0,1,2
Ndufv1,47,33,53,86,71,72
Gstp1,95,42,127,339,114,116
Gstp2,0,0,1,0,1,2
Cabp2,0,0,0,1,0,0
Cdk2ap2,56,30,61,63,69,73
Pitpnm1,16,5,23,9,21,17
Aip,39,25,49,50,62,49
Coro1b,39,19,34,52,56,55
Rps6kb2,29,9,16,31,41,20
Carns1,2,1,1,7,2,3
Gm17552,0,0,0,1,1,0
Ppp1ca,93,65,135,170,134,156
Rad9a,3,5,3,4,6,3
Clcf1,3,3,1,9,5,0
Pold4,27,15,38,40,30,31
Ssh3,4,1,2,16,15,8
Ankrd13d,8,2,17,9,10,9
Adrbk1,42,23,62,43,45,39
Kdm2a,66,39,109,111,96,83
Rhod,2,0,1,1,0,0
Syt12,1,1,4,2,8,4
Pcx,21,9,21,15,22,15
Lrfn4,21,10,29,11,33,21
Rce1,26,7,30,16,23,26
Gm960,0,0,0,2,2,2
Sptbn2,20,11,22,15,11,9
Gm21992,0,1,3,3,0,0
Rbm4b,92,53,142,99,126,107
Rbm4,9,7,17,18,11,13
Rbm14,25,21,31,27,24,31
Ccs,20,9,24,43,23,28
Ctsf,30,24,45,55,53,57
Actn3,0,0,1,0,0,0
Zdhhc24,10,9,20,15,20,22
Bbs1,14,4,15,14,9,7
Dpp3,17,10,15,38,26,18
Peli3,0,2,0,0,1,1
Mrpl11,49,29,51,60,53,57
Npas4,1,0,1,0,0,0
Slc29a2,7,7,5,7,14,9
B4gat1,72,36,108,83,92,82
Brms1,10,9,19,26,20,15
Rin1,0,0,1,1,0,0
Cd248,7,2,7,3,12,3
Tmem151a,34,4,30,225,72,14
Yif1a,40,18,52,67,60,44
Cnih2,22,12,24,23,30,25
Rab1b,43,26,62,47,68,48
Klc2,21,7,15,20,19,20
Pacs1,21,20,35,12,26,16
Sf3b2,128,100,205,160,213,213
Gal3st3,18,8,16,3,21,10
Cst6,3,1,5,0,1,1
Banf1,63,46,107,89,101,83
Eif1ad,24,18,39,38,30,35
Sart1,23,21,35,38,32,24
4930481A15Rik,2,0,5,4,2,6
Drap1,135,73,205,166,162,146
AI837181,35,27,54,35,62,37
Fosl1,0,0,1,0,0,0
Ccdc85b,89,23,111,81,69,70
Fibp,40,24,45,53,50,42
Ctsw,1,0,0,2,0,0
Efemp2,9,6,17,10,14,10
Mus81,18,15,29,17,26,18
Cfl1,587,386,909,1030,838,770
Snx32,57,45,90,77,90,59
1700020D05Rik,2,0,3,2,1,0
Ap5b1,1,0,1,0,0,2
Rnaseh2c,36,18,48,57,64,29
Kat5,26,21,41,34,40,38
Rela,17,13,52,38,28,26
Sipa1,8,7,15,22,8,10
Pcnxl3,41,28,47,42,57,23
Map3k11,7,4,11,19,21,6
Ehbp1l1,3,1,1,5,4,1
Fam89b,7,3,7,6,8,5
Sssca1,29,21,54,46,52,39
Ltbp3,41,26,63,34,42,32
Scyl1,17,14,40,22,35,27
Malat1,47351,33113,65657,76675,78638,51479
Neat1,39,16,48,127,64,35
Frmd8,52,34,81,100,69,65
Slc25a45,6,2,6,3,11,2
Tigd3,2,0,4,1,2,2
Dpf2,69,25,73,62,69,62
Cdc42ep2,10,0,11,110,31,6
Pola2,5,4,3,6,4,4
Capn1,0,0,0,0,0,1
Syvn1,28,19,36,34,37,23
Mrpl49,19,14,45,31,29,29
Fau,329,293,547,558,545,496
Znhit2,5,3,11,16,10,9
Tm7sf2,6,3,12,7,6,6
Vps51,4,7,18,13,12,13
Zfpl1,29,18,39,27,37,27
Naaladl1,0,1,0,0,0,0
Sac3d1,13,6,15,9,18,19
Snx15,37,22,38,122,39,36
Arl2,31,16,40,141,70,57
Ppp2r5b,21,19,34,48,47,30
Atg2a,19,8,25,15,18,15
Ehd1,42,22,63,51,55,77
Cdc42bpg,2,0,2,1,1,2
Men1,19,18,39,36,28,24
Map4k2,7,9,15,14,17,10
Gm14966,1,2,4,4,1,7
Sf1,70,41,106,91,96,79
Pygm,0,1,1,1,0,2
Rasgrp2,24,9,30,7,28,25
Nrxn2,732,480,1092,482,767,907
Gm14964,1,3,3,2,3,1
Rps6ka4,11,14,18,18,14,11
Ccdc88b,0,0,1,3,4,5
Prdx5,116,93,175,127,126,169
Trmt112,68,44,89,82,80,79
Esrra,13,8,19,20,22,17
Gpr137,29,13,33,31,37,22
Bad,21,17,48,36,29,38
Plcb3,16,8,16,16,16,20
Ppp1r14b,383,363,544,394,561,655
Fkbp2,134,92,186,110,128,199
Vegfb,42,34,75,42,57,79
Dnajc4,16,20,34,20,17,24
Nudt22,18,8,19,14,21,14
Trpt1,7,5,7,12,8,7
Fermt3,2,4,4,19,10,5
Stip1,70,43,95,56,73,96
Macrod1,2,2,6,11,6,3
Flrt1,57,61,117,59,86,97
Otub1,48,34,82,57,58,70
Cox8a,501,355,703,532,667,554
Naa40,16,8,14,16,26,19
Rcor2,7,5,9,13,10,4
Mark2,55,32,98,76,68,61
Gm17227,5,3,0,0,2,0
AI846148,13,5,19,15,17,18
1700105P06Rik,1,0,1,1,4,0
2700081O15Rik,51,22,58,48,50,37
Rtn3,348,209,485,421,406,331
Atl3,20,10,37,25,34,10
Pla2g16,80,38,102,154,86,74
Slc22a8,0,0,0,0,1,0
Chrm1,16,16,28,18,28,19
Slc3a2,98,60,172,137,151,157
Wdr74,11,9,33,22,21,23
Stx5a,41,34,61,76,80,58
Nxf1,162,87,189,179,160,153
Taf6l,23,15,32,36,44,50
Polr2g,53,34,85,105,80,69
Zbtb3,2,2,3,0,0,0
Ttc9c,9,6,31,21,33,20
Hnrnpul2,57,38,64,87,83,49
Gng3,250,158,346,208,304,336
Bscl2,112,65,156,94,133,119
Ubxn1,73,69,147,117,161,94
Uqcc3,33,23,48,56,66,54
Lbhd1,1,1,7,3,5,5
1810009A15Rik,3,2,3,2,1,3
Ints5,17,4,26,17,24,17
Ganab,61,60,103,66,83,60
B3gat3,49,34,66,67,54,64
Rom1,2,2,1,3,4,2
Eml3,5,7,13,9,7,14
Mta2,24,22,49,45,41,24
Tut1,3,2,3,5,12,4
Eef1g,110,73,156,135,132,129
Ahnak,0,0,1,2,2,0
Asrgl1,259,168,457,348,376,321
Pcna-ps2,0,1,0,0,0,0
Incenp,5,4,3,4,4,2
Fth1,945,482,1261,4184,1122,1067
Rab3il1,9,10,9,20,11,7
Fads3,4,4,7,6,3,5
Fads2,10,3,18,8,6,3
Fads1,54,40,111,47,75,47
Fen1,10,5,9,14,11,3
Tmem258,140,66,188,147,174,126
Myrf,47,14,67,137,124,70
Dagla,9,5,21,8,20,9
Syt7,12,13,16,13,25,18
Ppp1r32,0,1,0,0,0,0
Sdhaf2,31,13,34,28,33,38
Cpsf7,47,39,73,48,67,42
Tmem216,12,7,22,12,10,14
Tmem138,10,10,15,14,13,23
Cyb561a3,0,0,0,2,0,0
Tkfc,6,3,4,4,7,7
Ddb1,97,62,154,83,158,87
Vwce,1,0,2,2,0,0
Vps37c,7,1,10,6,4,7
Cd5,0,0,0,0,1,0
Slc15a3,3,2,3,7,8,1
Tmem132a,66,23,83,44,62,46
Tmem109,28,21,56,50,30,47
Prpf19,87,47,128,110,113,87
Ccdc86,21,8,19,26,32,24
AW112010,0,0,3,1,3,2
Ms4a6c,1,1,1,4,1,1
Ms4a6b,2,3,0,3,1,1
Ms4a6d,0,2,2,5,0,0
Mrpl16,13,11,24,36,23,27
Stx3,19,6,20,28,36,18
Patl1,20,15,25,24,24,15
Osbp,30,16,31,48,30,27
Mpeg1,1,5,2,13,10,3
Dtx4,15,12,28,24,31,26
Fam111a,7,7,8,14,8,3
Zfp91,78,45,112,104,125,86
Lpxn,0,1,5,4,5,0
Tle4,46,37,76,80,77,71
Psat1,97,70,169,161,154,160
Cep78,13,10,15,13,16,6
C130060C02Rik,0,0,0,0,1,1
Gnaq,121,57,156,129,124,140
Vps13a,18,11,23,19,18,23
Prune2,72,45,97,51,64,53
Gcnt1,0,2,0,8,5,1
Rfk,51,24,71,39,43,36
Pcsk5,6,4,5,6,2,2
Ostf1,138,95,220,137,185,187
Nmrk1,25,14,31,32,25,31
Carnmt1,54,46,104,65,76,80
D030056L22Rik,30,21,52,39,42,38
Trpm6,1,1,2,3,2,4
Rorb,41,33,64,40,58,40
Anxa1,0,3,0,0,1,0
Aldh1a1,2,4,8,5,4,11
Aldh1a7,0,0,1,0,0,0
Zfand5,96,65,151,293,200,80
Gda,0,1,0,0,0,0
1110059E24Rik,17,11,38,35,34,23
Abhd17b,155,116,208,252,280,202
Tmem2,8,4,15,9,14,16
Trpm3,3,7,10,7,7,1
2410080I02Rik,2,2,0,3,5,3
Klf9,71,80,135,87,191,111
Smc5,39,26,46,49,46,36
Mamdc2,0,0,0,0,1,0
1700028P14Rik,1,0,0,0,0,0
Gm9493,1,2,0,1,2,0
Gm6563,4,0,2,2,5,4
Ptar1,6,6,2,6,3,10
Gm9938,1,4,4,6,1,1
Apba1,15,11,22,39,19,15
Fam189a2,7,5,12,11,5,7
Tjp2,60,48,78,73,75,57
Fxn,6,5,10,10,14,13
Pip5k1b,5,6,13,19,21,11
Fam122a,15,4,28,22,27,30
Pgm5,0,0,1,0,1,0
Gm10053,1,0,0,0,0,0
Cbwd1,10,4,14,12,18,6
Dock8,2,0,1,5,2,1
Kank1,138,118,223,210,215,172
Dmrt3,0,0,3,1,1,5
Smarca2,80,65,164,90,121,95
Vldlr,106,68,199,206,168,143
Kcnv2,1,0,0,0,0,0
Pum3,17,10,29,34,22,21
Rfx3,30,14,37,47,39,21
Glis3,0,0,1,0,0,0
Slc1a1,155,81,265,226,259,174
4430402I18Rik,88,59,170,132,122,98
Plpp6,11,9,23,7,21,11
Cdc37l1,44,23,52,131,84,42
Ak3,33,26,63,43,64,44
1700018L02Rik,1,1,1,2,3,0
Rcl1,7,1,13,17,10,12
Jak2,27,27,38,36,37,25
Rln1,0,0,0,0,1,0
Plgrkt,78,51,96,70,69,84
Cd274,0,1,2,1,1,2
A930007I19Rik,0,0,1,1,2,0
Ric1,29,20,38,23,26,19
Ermp1,48,41,100,64,67,75
Mlana,0,0,0,1,0,0
9930021J03Rik,43,27,86,82,68,53
Ranbp6,15,13,15,17,23,12
Il33,14,4,36,80,21,2
Uhrf2,99,41,96,113,109,102
Gldc,13,9,22,13,11,14
Prkg1,12,7,13,13,10,13
Cstf2t,43,30,57,52,54,43
Asah2,5,3,6,4,8,4
Sgms1,46,23,65,37,50,46
2700046G09Rik,2,2,6,8,5,3
Rpl9-ps6,3,0,2,1,0,2
Minpp1,34,13,54,41,35,37
Papss2,0,0,1,0,1,0
Atad1,89,60,123,104,88,79
Pten,110,69,173,124,138,95
Rnls,2,2,6,5,1,1
Lipo1,6,2,6,4,11,4
Stambpl1,18,7,29,20,25,18
Acta2,0,0,0,1,0,1
Fas,0,0,2,0,0,2
Ch25h,0,0,0,1,1,0
Gm26902,0,0,0,0,1,0
Lipa,23,20,30,39,26,39
Ifit2,36,20,44,14,37,18
Ifit3,5,4,18,7,15,33
Ifit1bl1,0,1,1,0,5,2
Ifit3b,3,1,12,10,12,13
Ifit1bl2,0,0,4,1,1,0
Ifit1,6,1,6,2,5,24
Slc16a12,8,9,15,8,18,6
Pank1,28,17,24,17,25,35
Kif20b,3,2,2,4,2,0
A830019P07Rik,0,0,0,0,1,0
Htr7,0,0,3,0,0,0
Rpp30,26,17,49,38,41,24
Pcgf5,9,9,20,19,17,20
Hectd2,23,13,33,22,18,15
Ppp1r3c,1,3,6,2,2,10
Tnks2,73,55,107,107,94,67
Fgfbp3,22,10,32,22,20,31
Btaf1,11,12,21,24,11,19
Cpeb3,23,17,40,47,47,36
A330032B11Rik,0,1,0,0,0,0
March5,45,26,78,77,86,59
Ide,60,47,103,62,66,73
Kif11,2,0,1,0,0,0
Hhex,3,2,0,7,5,3
Exoc6,3,12,3,11,13,6
I830134H01Rik,0,1,0,0,0,1
Rbp4,10,8,18,6,14,11
Pde6c,0,0,1,0,0,0
Fra10ac1,10,6,14,14,14,12
Lgi1,20,16,40,15,34,34
Slc35g1,4,6,8,9,6,3
Plce1,35,27,64,30,43,38
Noc3l,8,5,26,25,24,19
Tbc1d12,67,31,76,57,74,65
Hells,18,2,7,8,7,3
Pdlim1,1,1,0,7,0,0
Sorbs1,7,4,8,6,9,5
Aldh18a1,31,16,17,24,14,22
Gm27042,0,0,0,0,0,2
Tctn3,7,2,6,9,6,10
Entpd1,5,16,20,23,19,12
Ccnj,2,9,13,9,7,8
E030044B06Rik,0,0,0,1,0,0
Zfp518a,13,13,25,22,19,13
Blnk,1,2,0,5,1,3
Opalin,113,0,23,756,128,4
Tm9sf3,107,77,176,178,160,141
Pik3ap1,0,0,0,1,0,0
Lcor,22,13,25,31,28,15
Gm340,0,0,1,0,4,0
AI606181,12,7,13,18,5,2
Slit1,9,4,5,9,9,10
Arhgap19,5,0,2,4,0,3
Frat2,7,2,8,23,14,4
Rrp12,0,2,4,3,6,6
Pgam1,137,91,192,178,177,178
Exosc1,22,9,22,29,26,25
Zdhhc16,17,11,32,34,21,27
Mms19,22,12,26,31,29,25
Ubtd1,2,0,3,8,11,5
Hoga1,0,0,2,1,3,1
Morn4,23,5,20,14,19,16
Pi4k2a,24,11,38,29,32,26
Avpi1,5,6,15,10,9,3
Marveld1,10,8,20,22,18,26
Zfyve27,18,8,33,38,44,16
Sfrp5,0,0,0,0,2,0
Golga7b,1,0,1,0,0,0
Crtac1,16,9,19,24,21,7
R3hcc1l,15,2,21,11,9,14
Pyroxd2,0,1,2,2,1,1
Hps1,14,6,16,21,25,20
Cnnm1,1,0,7,2,9,1
Got1,12,9,18,29,27,16
Slc25a28,17,10,28,37,37,19
Entpd7,5,3,16,14,8,11
Cox15,10,6,13,18,12,5
Cutc,6,0,10,1,7,9
Dnmbp,2,0,2,3,3,0
Erlin1,14,9,23,13,20,22
Chuk,45,24,56,62,64,58
Cwf19l1,4,1,6,9,9,7
Bloc1s2,33,17,48,53,37,24
Pkd2l1,0,0,2,0,0,0
Scd3,1,0,0,1,0,1
Scd2,592,500,947,987,892,538
Scd4,1,0,0,0,0,0
Scd1,21,3,36,19,15,8
Ndufb8,153,97,258,212,227,204
Hif1an,19,13,36,65,50,13
Fam178a,46,32,62,42,52,25
Sema4g,21,11,33,18,29,18
Mrpl43,44,35,72,98,95,62
Peo1,8,3,6,12,11,10
Lzts2,45,20,50,79,59,37
Pdzd7,1,0,1,2,1,0
Sfxn3,11,13,30,21,23,21
Kazald1,6,5,8,6,6,9
Gm29595,1,0,3,3,2,6
Btrc,35,30,55,36,50,38
Poll,11,4,9,3,13,11
Dpcd,10,10,20,18,23,19
Fbxw4,21,18,32,25,22,15
Fgf8,0,0,1,0,0,0
Npm3,38,20,36,29,48,49
Mgea5,68,56,88,83,71,67
Kcnip2,8,1,2,4,11,2
9130011E15Rik,0,3,6,3,4,2
4930505N22Rik,0,0,0,2,0,0
Hps6,2,2,10,6,5,9
Ldb1,29,15,41,33,45,26
Pprc1,9,3,11,16,18,5
Nolc1,33,21,43,62,47,41
Elovl3,0,0,0,1,0,0
Pitx3,0,1,0,0,0,0
Gbf1,58,34,73,58,62,59
Nfkb2,0,0,1,4,3,0
Psd,33,13,44,30,25,31
Fbxl15,30,19,50,15,40,38
Cuedc2,113,67,183,159,179,138
Gm26792,0,0,2,1,1,0
Tmem180,30,12,31,19,34,24
Actr1a,51,35,78,65,80,68
Sufu,11,7,21,17,22,4
Trim8,65,50,93,93,104,99
Arl3,95,58,125,83,105,92
Sfxn2,12,8,12,12,11,6
Wbp1l,37,22,35,24,43,29
Borcs7,30,20,38,46,48,40
As3mt,32,31,53,34,38,32
Cnnm2,7,7,16,13,15,6
Nt5c2,18,21,38,24,25,25
Ina,31,18,59,30,42,35
Pcgf6,9,7,17,17,20,9
Taf5,9,4,8,10,8,5
Usmg5,190,106,218,131,301,206
Pdcd11,13,13,36,25,27,32
Calhm2,2,0,2,2,3,7
Neurl1a,16,10,23,14,15,14
Sh3pxd2a,3,1,1,1,3,1
Obfc1,6,0,6,14,8,4
Gm19557,0,0,0,1,0,0
Slk,36,23,47,141,63,37
Sfr1,114,90,202,183,181,155
Cfap43,2,2,2,2,5,0
Gsto1,20,11,39,54,68,18
Gsto2,1,2,5,3,2,0
Sorcs3,79,47,136,71,110,83
Sorcs1,64,28,78,64,77,34
Xpnpep1,19,13,43,29,22,41
Add3,38,38,95,90,86,65
Mxi1,75,52,118,92,92,96
Smndc1,47,31,60,47,62,53
Mirt1,0,0,0,1,0,0
Dusp5,4,2,3,4,4,3
Nutf2-ps1,0,0,1,0,0,0
Smc3,84,59,123,109,136,117
Rbm20,1,2,1,3,2,0
Gm16299,0,0,1,0,0,0
Pdcd4,118,71,160,247,349,207
Bbip1,62,43,101,94,76,63
Shoc2,19,23,38,31,38,21
Adra2a,0,1,2,0,1,0
Gpam,0,3,4,4,3,1
Acsl5,15,4,23,15,17,19
Zdhhc6,19,15,31,20,24,26
Vti1a,5,1,9,7,8,8
Tcf7l2,80,60,196,143,258,152
Nrap,0,2,3,0,2,2
Casp7,12,6,8,16,12,11
Dclre1a,13,9,13,11,24,8
Nhlrc2,26,17,28,30,22,27
Adrb1,8,1,4,8,7,6
Ccdc186,22,25,61,44,43,22
Afap1l2,122,78,173,91,112,117
Ablim1,1,3,1,0,3,1
B230217O12Rik,1,0,0,2,3,0
Fam160b1,19,12,41,30,44,20
Trub1,18,10,36,29,26,23
Atrnl1,11,6,10,12,9,3
Gfra1,111,86,198,122,156,122
Pnlip,7,7,28,8,17,24
Hspa12a,1,3,4,4,3,1
Eno4,0,0,1,0,0,0
Shtn1,19,6,21,24,21,8
Vax1,0,0,0,0,1,0
Slc18a2,1,0,2,1,1,0
Pdzd8,50,31,62,69,93,47
Rps12-ps3,4,3,5,3,4,4
Emx2os,14,10,16,9,11,15
Emx2,13,15,21,11,16,14
Gm17203,1,0,2,2,0,0
Rab11fip2,53,39,88,85,103,95
E330013P04Rik,0,0,0,1,3,2
Fam204a,43,25,57,106,63,48
Cacul1,26,15,35,41,46,28
Nanos1,11,3,23,9,17,11
Eif3a,131,74,166,197,155,170
Fam45a,30,20,45,50,38,25
Sfxn4,16,3,8,4,7,10
Prdx3,41,20,48,55,45,47
Grk5,4,4,11,3,8,8
Zfp950,79,36,127,102,99,89
Csf2ra,58,39,57,56,63,47
mt-Nd1,3038,2192,3927,4594,4243,2431
mt-Nd2,3881,2850,5659,5663,5423,3410
mt-Co1,7321,5355,9352,10080,8082,7742
mt-Co2,7481,5263,9522,10592,8740,5993
mt-Atp8,120,73,166,137,229,47
mt-Atp6,12941,9260,16963,19628,14839,9820
mt-Co3,12431,8957,15677,18326,14062,10284
mt-Nd3,1492,823,2288,919,2297,1363
mt-Nd4l,371,203,377,321,508,173
mt-Nd4,3986,2945,5161,6292,4995,4192
mt-Nd5,545,356,682,773,720,293
mt-Nd6,51,39,73,65,83,21
mt-Cytb,6722,4926,9046,10571,7992,6104
Vamp7,62,30,69,75,48,27
Spry3,4,2,13,3,12,5
Tmlhe,4,3,4,4,4,2
AC132444.6,1,0,0,1,0,0
Gm10931,1,0,0,0,1,0
PISD,451,149,203,345,821,485
DHRSX,27,15,28,25,34,36
CAAA01147332.1,2,0,0,1,0,0
