"","logFC","AveExpr","t","P.Value","adj.P.Val","B"
"Ttr",-4.39081311088579,6.99411819825749,-6.94682594546118,1.0756376098e-05,0.0295800342695,2.30063092517366
"Ctss",1.77876907408038,8.38805801864108,5.73239860077033,7.22558210186652e-05,0.0993517539006647,1.92767478941866
"Hexb",2.43550985674661,7.9188604045541,4.63514651156317,0.000481096425793736,0.24530196810725,0.151888037292201
"Fcgr3",3.62333582692656,4.72211260041361,4.62079111121221,0.000493700655644649,0.24530196810725,-1.1071034367045
"Rgs2",0.95978798642643,8.2510387825066,4.59384378040235,0.000518295066721515,0.24530196810725,0.0497146366138699
"Rps20",-0.60763626461361,12.3991906813348,-4.3241917575705,0.000847101944133608,0.24530196810725,-0.730967991181354
"Gm10076",-0.92895827175014,8.0466524590358,-4.3147979341951,0.000861855258501478,0.24530196810725,-0.430640875842702
"Cd14",3.24579846216922,4.21931579245279,4.27714342186242,0.000923708361048533,0.24530196810725,-1.47029774185072
"Jun",1.91980746135132,8.73526026405792,4.26732780598272,0.000940572938347182,0.24530196810725,-0.541610730645046
"C1qa",2.62565624357154,7.62552118581814,4.24080219736201,0.000987755664735035,0.24530196810725,-0.499299220789313
"C1qb",2.44930027796439,7.80753738841136,4.21311370351788,0.00103961740155208,0.24530196810725,-0.56226526844117
"Klf3",-1.66995373562736,6.01493711606889,-4.19734055367355,0.00107040858810437,0.24530196810725,-0.683697303460174
"Plek",2.31091042813585,5.50945035682339,4.09343951424642,0.00129816101266595,0.245470066066679,-1.16062328114644
"Ctsd",0.929614914923109,9.17722519490648,4.06983177867817,0.00135653185113901,0.245470066066679,-0.93926889114866
"Ywhaq",-0.807119075938569,7.87666455061613,-4.02853129276523,0.00146522180260361,0.245470066066679,-0.927008742105121
"Ctsb",1.09624136123951,7.40896187162365,4.02742465751824,0.00146825421163075,0.245470066066679,-0.893416533308107
"Rpl28",-0.567955530912877,11.4596581432259,-4.00979166324037,0.0015174513175031,0.245470066066679,-1.22555825279167
"Hilpda",-1.19242449758587,6.47354859144719,-3.95400661375562,0.00168453562069482,0.257359608717264,-0.977346751672365
"Sparc",2.96867990115312,5.70328408895672,3.85826278332839,0.00201659546614875,0.291875659574161,-1.60324491358921
"Ifitm3",2.48415340819474,5.7911678799816,3.82349865887723,0.00215314223200678,0.296057056900933,-1.25265998779962
"Crip1",-0.723837731445815,10.0409997627053,-3.76428582161498,0.00240786476641643,0.306093338599099,-1.56677423756214
"Iqgap1",-0.899850599454139,7.89677449880375,-3.75244089027844,0.00246240591188643,0.306093338599099,-1.42206339049573
"Psap",0.957396171160696,7.64057064437455,3.73188799454379,0.00256005337737429,0.306093338599099,-1.43584564296769
"Tex261",1.09047716521456,6.32076719353392,3.62425551062882,0.00313978729667172,0.358474700247328,-1.52642344498969
"Hpgds",1.71712894070617,5.57313538075546,3.6046702697912,0.00325886091133935,0.358474700247328,-1.68183749084954
"Marcks",2.79556633701129,6.04003270441235,3.52595638867855,0.00378556457541644,0.400396253169047,-1.73338992931077
"Rpl35a",-0.550235673508035,12.0197619264589,-3.45657557857136,0.00432108610810991,0.411947596342395,-2.31755927609905
"Lgmn",2.87534584521458,6.05270685708341,3.43170740474364,0.00453118071729902,0.411947596342395,-2.04572030420587
"Scamp2",1.32897084347183,5.8085872188235,3.40186722610075,0.00479695841979556,0.411947596342395,-1.90760341531235
"Egr1",2.28741433031413,7.37260332065648,3.39591304052202,0.00485184660468222,0.411947596342395,-1.9548963440753
"Tyrobp",1.91739270995519,6.8525715616211,3.38839121919686,0.00492209328878418,0.411947596342395,-1.94498211717785
"Ptp4a1",-1.02481901283319,6.40351594518063,-3.38462913267564,0.00495761181630074,0.411947596342395,-1.94574659411178
"C1qc",2.46087945572846,6.8638467715173,3.3735360415993,0.00506385652824039,0.411947596342395,-1.93922437964348
"Wsb1",1.38479965066515,5.89053748328275,3.37051668240693,0.00509317028205142,0.411947596342395,-1.94754738617125
"Trim12c",1.21240887991688,5.87381655933482,3.32970440025438,0.00550660508937941,0.428813218820318,-2.00912525166913
"Il17a",4.46661735632683,5.75651654464134,3.31964937032471,0.00561355486455688,0.428813218820318,-2.34745845572736
"Adam19",0.905054190862766,6.69125615583006,3.29364227334613,0.00589997836052106,0.438511905173862,-2.12683738788306
"Rhob",1.69742319600188,7.03504687997562,3.27874710766385,0.00607059852262583,0.439319629926869,-2.13053718221954
"Rps29",-0.624559608229986,13.033279514796,-3.2641769934555,0.00624229406328254,0.440161760872487,-2.79354171222073
"Rps19",-0.426486021979629,12.7504786244959,-3.24237203104137,0.0065084036870158,0.447452753482336,-2.8023151073529
"Rpl15",-0.427062500417595,11.1453953841136,-3.22067263429073,0.0067845320827352,0.455060078720044,-2.67402719438544
"Fam46a",1.02162988225856,6.18225747368683,3.20083616975396,0.00704722457610113,0.461425418673288,-2.2303073149358
"AY036118",-1.76643066974315,8.6269553582148,-3.14782688763869,0.00780031564044951,0.491933545952859,-2.57669603919653
"Cdkn1b",-0.897052195289451,7.20422939232074,-3.14312144208708,0.00787093673524574,0.491933545952859,-2.44976287941249
"Fos",1.17321284878406,8.91529443470492,3.10472374230056,0.0084716306244062,0.507253294116993,-2.6846402006554
"Grn",1.59124343426398,5.63884816339816,3.08793748949893,0.00874841564498374,0.507253294116993,-2.43294394866197
"Hmgb2",-0.576185791458495,8.45075566654808,-3.0832329635239,0.0088275937740231,0.507253294116993,-2.69040849385788
"Rps24",-0.353105029611906,13.7105121120199,-3.05877740134269,0.00925084296762103,0.507253294116993,-3.25445984380794
"Kctd12",1.64848770694519,6.63156017353942,3.05828752637582,0.0092595246275744,0.507253294116993,-2.49023793850563
"Aup1",0.952178824734655,6.46500510599538,3.05512254511931,0.00931581100752958,0.507253294116993,-2.50535960045739
"Txk",-0.906881310388759,7.31794614302025,-3.04914551371036,0.00942303841660302,0.507253294116993,-2.63184316905255
"Mtdh",0.734554043402289,6.97026831454361,3.03987981901761,0.00959169865239404,0.507253294116993,-2.60617084606637
"Rps18",-0.38608181357772,12.8436407952744,-3.02405488963311,0.00988673134991126,0.510431102228654,-3.22370748530041
"Lars2",-1.25588144904322,6.72065901562704,-2.98645358270989,0.0106244491823684,0.510431102228654,-2.66511732241629
"Cript",-0.757887214281611,6.5807635436022,-2.97774952376762,0.0108028669794508,0.510431102228654,-2.6747807659424
"Vsir",0.811698061556188,6.86713540133354,2.97277214041426,0.0109062279417835,0.510431102228654,-2.70863150614131
"Lpcat2",2.55769729788709,4.34586175176801,2.95836918596979,0.0112108820514442,0.510431102228654,-2.87444678590031
"Myl6",-0.51498519391145,9.76344153044771,-2.95810984242173,0.0112164444017221,0.510431102228654,-3.03522257529792
"Flna",-1.06826646250436,6.38626602500218,-2.93499905669538,0.0117232636744532,0.510431102228654,-2.70872976757674
"Rps7",-0.32856575902671,12.7431260858076,-2.92976861347321,0.011841079573969,0.510431102228654,-3.38795279900677
"Rps17",-0.668608689345265,9.89654118557684,-2.91810970840716,0.0121079328143457,0.510431102228654,-3.12107463981848
"Arhgap15",-0.77806708233033,7.40115940815083,-2.91791108095067,0.0121125302669043,0.510431102228654,-2.87570770190877
"Zfp36",1.08986129624858,8.15694295712884,2.91732285321475,0.0121261555867714,0.510431102228654,-2.94902258354751
"Mdp1",-1.25005504020369,6.10472402195847,-2.90951971952606,0.0123083438386062,0.510431102228654,-2.70214458744214
"Eef1b2",-0.427383213711499,11.0808168601299,-2.9047237457751,0.0124216616854191,0.510431102228654,-3.25469725532792
"Rps16",-0.347463718450154,12.9534596440691,-2.90425617280669,0.0124327644148695,0.510431102228654,-3.46043637929939
"Rpl26",-0.365121608877811,12.0639644942342,-2.90047641599959,0.0125228775263662,0.510431102228654,-3.36455541307966
"Rpl35",-0.678703108856506,11.3753013298478,-2.87327671855249,0.0131906637639668,0.510431102228654,-3.34122131350948
"Fcer1g",1.30087255119915,6.94673260747779,2.85783461377222,0.0135853135218243,0.510431102228654,-2.90579164168721
"Pdcd6ip",-0.76478768103004,6.67707244749459,-2.85460400164815,0.0136693396205538,0.510431102228654,-2.89932945713823
"Gpr34",1.46921803224719,5.93551919782194,2.84096635382983,0.0140297313467876,0.510431102228654,-2.78589888026089
"Il1a",2.32753502211435,5.23894702213731,2.83671776399431,0.0141439076807316,0.510431102228654,-2.90786068931269
"S100a10",-0.554604383352338,9.89755158929533,-2.82500897671113,0.014463329351663,0.510431102228654,-3.29150589396599
"Ndufa4",-0.582807825765414,8.49327760900975,-2.81863545812354,0.0146401780947735,0.510431102228654,-3.17252632007931
"Uqcc2",-0.808597911989863,6.78018532733591,-2.80432969133909,0.0150449147625897,0.510431102228654,-2.99850156755608
"Arglu1",-0.715901464867944,7.34983680676373,-2.80049302340927,0.0151553207715437,0.510431102228654,-3.0787060769063
"Dut",-0.871882982432891,6.19938578020887,-2.79788568216529,0.0152308054621275,0.510431102228654,-2.92662899654846
"Nfkbiz",0.737469675169318,7.49659829549733,2.79778357634993,0.0152337690220499,0.510431102228654,-3.09861164727689
"Gm42418",-1.17792578727882,11.0475519713307,-2.7947836224581,0.0153210944295949,0.510431102228654,-3.45213188616213
"Tgfb1",0.772520524912593,6.89902235733763,2.79170496846802,0.0154112224656051,0.510431102228654,-3.02818819410195
"Srp54b",-0.838440095094126,6.42287862139595,-2.79122980711228,0.0154251792404023,0.510431102228654,-2.97125318346348
"Junb",0.463364954242145,11.4597427240073,2.78836502824833,0.0155095892284553,0.510431102228654,-3.50601626973776
"Camk2n1",0.73217981543402,7.01596248819645,2.78138242071809,0.0157172365857134,0.510431102228654,-3.06564907899643
"Rpl8",-0.344228960381633,11.9758109690407,-2.77805260337036,0.0158172176361635,0.510431102228654,-3.58043104534032
"Tmbim4",1.00811685549354,6.02395391642016,2.77416531582787,0.015934727938512,0.510431102228654,-2.92354890720025
"Rps26",-0.498808529666848,11.3133795660954,-2.77324832867393,0.0159625726515143,0.510431102228654,-3.51871704536399
"Magoh",-0.660840994340465,6.97566960881732,-2.73955152370981,0.0170195865002779,0.53145085674324,-3.1373418688791
"Rps25",-0.452393887230319,11.0458636599873,-2.73358451737916,0.0172137860227669,0.53145085674324,-3.56456942016201
"Pitpnc1",-0.735398997985625,6.85802365532569,-2.73342455214691,0.0172190219563452,0.53145085674324,-3.13216156692262
"Tesc",1.10526191846784,5.61682821854574,2.72667397166562,0.0174414079846896,0.53145085674324,-2.96860527931908
"Gm8369",-1.15659284782663,7.6276293327933,-2.72232418522885,0.0175861919867763,0.53145085674324,-3.24062717247097
"Cdk6",0.920293972715107,6.70041750010207,2.71203748195371,0.0179332865037048,0.536049324839001,-3.13071569362207
"Unc93b1",1.95793210340126,5.46598818939912,2.68883485934316,0.0187409843170194,0.549040425773304,-3.04738686435365
"Rps10",-0.307040694224059,12.6845233601623,-2.6880982546203,0.0187672000082511,0.549040425773304,-3.82666813541467
"Amd1",0.762223779724372,6.63312027560967,2.67320005245437,0.019305181668345,0.558834206188934,-3.1932602285841
"Atp1b3",-0.639882025681832,7.75030727725794,-2.65981898410966,0.0198011940152982,0.562373465309976,-3.37251572037395
"Slc16a6",0.996683105134776,5.70152897770802,2.65888047273388,0.0198364458672973,0.562373465309976,-3.07237115171141
"Pld4",2.45639065606204,4.68323766814927,2.64380664095567,0.0204110977450395,0.57276039590672,-3.21174928765704
"Rps3a1",-0.284237681922486,12.585564554809,-2.59699507693106,0.0223009470228073,0.582781954232552,-3.9803024183372
"Rps6",-0.312662266559245,11.7989026966618,-2.59573110296365,0.0223542652573481,0.582781954232552,-3.89224081003129
"Rps23",-0.340073400139089,12.6821365360016,-2.59528138386411,0.0223732656202885,0.582781954232552,-3.994838708503
"Socs1",0.701693145829654,7.05141804820896,2.5909070648993,0.022558898280537,0.582781954232552,-3.39839659800986
"Maf",1.03424648383773,6.71856968189971,2.58527226088022,0.0228002276363155,0.582781954232552,-3.33407475696945
"Il21r",0.710646715257026,6.90366763393523,2.58462538656623,0.0228280920718383,0.582781954232552,-3.38490923646411
"Sec61b",-0.500117670375202,8.69429710644794,-2.58180028608147,0.022950172622719,0.582781954232552,-3.61153262120979
"Rpl22",-0.390943836867256,11.4659767231273,-2.56777829332709,0.0235655389970105,0.582781954232552,-3.90639974335256
"Cd81",1.31961951576212,6.82567781170992,2.56575400184687,0.0236556882108299,0.582781954232552,-3.34047453119183
"Gm10073",-0.858058838051798,7.20089215192162,-2.56221931731487,0.0238139030863588,0.582781954232552,-3.46917654172032
"Csf1r",1.96063437807028,6.02649479411475,2.54775932453417,0.0244718873958836,0.582781954232552,-3.21773977440534
"mt-Atp6",-0.284982825633041,13.83037496195,-2.54677117925977,0.0245174889267843,0.582781954232552,-4.21369477203062
"Mat2a",0.595406459959104,7.48257675448973,2.54668198387507,0.0245216092162565,0.582781954232552,-3.53610026618256
"S100a13",-0.58572466967926,7.71449310425452,-2.54662128222735,0.0245244136501223,0.582781954232552,-3.56632598136905
"Rgs3",1.24393081002801,5.51207455711228,2.5426315673297,0.0247094221645765,0.582781954232552,-3.23503029174468
"Klf6",0.548378180314237,9.52925108052248,2.53429715450392,0.025100268861076,0.582781954232552,-3.77658414429789
"Rplp1",-0.341111501890261,13.4110656909881,-2.52444618768687,0.0255699503495695,0.582781954232552,-4.21003232221475
"Mbnl2",-0.877204876609683,6.38968603049686,-2.52185073139303,0.0256951059797462,0.582781954232552,-3.41878798345715
"Prkacb",-0.752800155717373,6.60180485893437,-2.51775890500365,0.0258936215726304,0.582781954232552,-3.46374047227815
"Pttg1",-0.918112732144079,6.5651146384564,-2.51740294790545,0.0259109607916996,0.582781954232552,-3.45596957758265
"Rps27a",-0.30435436170323,12.3365616331144,-2.51701576630447,0.0259298337432775,0.582781954232552,-4.09453120226703
"Rnf19b",0.901390170440535,6.21965737849612,2.51632652132289,0.0259634634801305,0.582781954232552,-3.37822175793001
"Rpl27a",-0.294236765500787,12.8687046595639,-2.5077131670257,0.0263872971572076,0.582781954232552,-4.17490903612554
"Ctsz",0.99261584639074,6.78347554293081,2.50079512515754,0.0267325408481807,0.582781954232552,-3.49298068035863
"Rps12",-0.354623014313958,12.6380441730691,-2.4947614653671,0.0270372054418626,0.582781954232552,-4.16995065272032
"Rpl36a",-0.457441278677655,11.5647571361796,-2.49472219215524,0.0270391994411612,0.582781954232552,-4.04708105087762
"Abi3",1.440203708054,5.20476089924857,2.49376250076899,0.0270879694884424,0.582781954232552,-3.30927088547806
"Tmed2",0.478928397304502,7.99127668116709,2.49275020836555,0.0271395045945327,0.582781954232552,-3.69114569009122
"Atpif1",-0.600265699322407,6.99537191061618,-2.49168261567244,0.0271939574589746,0.582781954232552,-3.56529326413158
"Gm8186",-1.39325755742937,5.47446453458388,-2.4905548920536,0.0272515917587864,0.582781954232552,-3.29989483096467
"Rps13",-0.298602176063425,12.5873793123749,-2.48606238986694,0.0274823604828008,0.582781954232552,-4.17945445236802
"Gm26532",0.882749493997755,7.175734714974,2.48475845590483,0.0275496923819024,0.582781954232552,-3.59238503411003
"Stat4",-0.672331948490031,7.72584211899226,-2.46964769069491,0.0283416627144023,0.592964645207883,-3.6991324245739
"Rpl19",-0.276233556733978,12.6469231514869,-2.4657241149539,0.0285508603863404,0.592964645207883,-4.22282555046882
"Dynlrb1",-0.669572440590871,6.90691752498308,-2.4627865279072,0.0287084592719601,0.592964645207883,-3.60020221243228
"Rpl23",-0.340708857947691,13.0404691301083,-2.45628476359022,0.0290602555550676,0.592964645207883,-4.28766681473685
"Mrpl18",-0.876163104586699,6.01824090871322,-2.45538668394108,0.0291091734920233,0.592964645207883,-3.44851760556053
"Cmip",0.918543943155171,6.24218128695215,2.44160253546546,0.0298699966931097,0.603988903720968,-3.48169625010811
"Git2",0.627381821590097,6.80277738507006,2.43381613666235,0.0303081797862143,0.60788210668629,-3.63049481743598
"mt-Co2",-0.291529830070757,13.2206208369197,-2.425062085437,0.0308081887523275,0.60788210668629,-4.36562056542957
"Actr3",-0.443643196436086,8.61935194143651,-2.42432022928168,0.0308509236838766,0.60788210668629,-3.8790659536772
"Rplp0",-0.310946592386424,12.4566957263769,-2.40990525714776,0.0316926794435382,0.60788210668629,-4.29868171773042
"Sri",-0.497394721460272,8.08086628582382,-2.40911364153774,0.0317395376919466,0.60788210668629,-3.8498003532238
"St13",-0.702601128386958,6.89747838979622,-2.40854172996935,0.0317734322667353,0.60788210668629,-3.68961248629784
"Marc2",0.670242751037213,6.6011945147692,2.40764609264196,0.0318265822930318,0.60788210668629,-3.63338946455191
"Morc3",0.971337080617941,5.69562808835282,2.40729946058399,0.0318471754252361,0.60788210668629,-3.46762114200361
"Adss",-0.838106182395482,5.87901353397389,-2.40386398845288,0.0320519656252771,0.60788210668629,-3.49917829293902
"Rpl32",-0.298046287888243,12.8744220353905,-2.39294073358509,0.0327115211976394,0.612609452376984,-4.37917675150175
"Mrpl43",0.894471551549634,5.70803220250629,2.3899930864178,0.0328917169872992,0.612609452376984,-3.50568336379781
"Trem2",2.26342050801753,5.78852332540872,2.38813148964906,0.0330060092681754,0.612609452376984,-3.44365452339723
"Map1lc3b",-0.577116132317678,7.9081138680611,-2.38511045640698,0.033192293965153,0.612609452376984,-3.86837208070244
"Dusp1",0.558317990429155,8.47471756820158,2.37760035869119,0.0336597533164914,0.61346978653948,-3.93916925451732
"Ppp3cc",0.72072447941734,6.38742649543804,2.37310402438597,0.0339426289736683,0.61346978653948,-3.64663262789819
"Gramd3",-0.683974325127277,8.1099408931729,-2.37066899059813,0.0340967699821521,0.61346978653948,-3.91718974046902
"Trim26",-1.06861455025914,6.00234807939014,-2.37011210938868,0.0341321151878001,0.61346978653948,-3.56231262308746
"Rpl30",-0.319804864552699,12.6540436611724,-2.36452690501113,0.0344885489959421,0.61346978653948,-4.40203356382925
"Rplp2",-0.384896285011612,12.3309745873982,-2.36314341057455,0.0345773879685889,0.61346978653948,-4.3656293114234
"Mpc1",-0.66636854094878,6.83088998368318,-2.35782249697239,0.0349211026459257,0.615596360745485,-3.7644769100753
"Ankrd12",0.519609150783105,7.35793981821146,2.3464388148051,0.0356674358404758,0.623610364874317,-3.86073359088133
"Ube2b",-0.603595878213863,7.88110441107994,-2.34064378470126,0.0360531865904245,0.623610364874317,-3.93957119551379
"Tm9sf2",-0.783454828921713,5.95845029390789,-2.33619521035686,0.0363520039094973,0.623610364874317,-3.62892216489057
"Ctsl",1.16957286649813,6.63612467731161,2.33429768236375,0.0364801803053704,0.623610364874317,-3.69954070389349
"Irf8",2.78582340300353,5.06914341827963,2.33386375325173,0.0365095522708236,0.623610364874317,-3.54345798739605
"Srsf2",-0.465155614599971,8.02340877432587,-2.32068390527991,0.0374124802952204,0.633562907503675,-3.99313511960175
"Ccl3",1.12716731216921,6.37730460534188,2.31866002160466,0.0375530014265815,0.633562907503675,-3.66950680111647
"Rpl13",-0.244256791054224,13.1487108959256,-2.30855145818845,0.0382624007246709,0.639824357961376,-4.5608870760012
"Rpl37a",-0.422656425549392,12.9371477388309,-2.30636517063639,0.0384174968581559,0.639824357961376,-4.53791441579922
"Tbca",-0.510636380032395,7.83404343110345,-2.30349346233578,0.0386221248805776,0.639824357961376,-3.99719413472043
"Btg2",0.542479951092108,9.78847407131883,2.29865737838124,0.0389690695173227,0.640131038753243,-4.21019882154307
"Jund",0.360567543603437,10.410452867735,2.29002810850624,0.0395955038396399,0.640131038753243,-4.28676529736589
"Usp19",-0.793862904800191,5.91649315669195,-2.28810262590113,0.0397365808742196,0.640131038753243,-3.68775455587863
"Cdkn1a",0.867096588407455,6.03557792780849,2.28803495986241,0.0397415473206268,0.640131038753243,-3.69909902679986
"Actr2",-0.504643140234464,7.460545736258,-2.28717778557135,0.0398045118642925,0.640131038753243,-3.97534961184115
"Bcl2a1b",-0.580841747126491,9.00168810829811,-2.28145562144569,0.0402272693301192,0.642495885688779,-4.15870398520686
"Vimp",0.655816058103744,6.29089994942302,2.2735486268504,0.0408184536581504,0.642495885688779,-3.79198885855432
"Comt",1.11788300598764,5.3408663551895,2.27348268761378,0.0408234181972152,0.642495885688779,-3.60118562261367
"Ndufa1",-0.596335138101897,7.56648294101726,-2.26807064219168,0.0412328448420919,0.642495885688779,-4.01947307526669
"Bfar",1.05366682094537,5.37101008039302,2.26789313066758,0.041246339417199,0.642495885688779,-3.61587736933812
"Ilkap",-0.723680244193915,6.08472070555534,-2.26625415023038,0.0413711338163693,0.642495885688779,-3.77284693186681
"Akirin1",-0.780712107098195,5.9033756782311,-2.26343001995524,0.0415870064191282,0.642495885688779,-3.72251083569688
"Lbh",-0.845040336319652,6.19261670622594,-2.25654088810885,0.0421180833347415,0.64381872717789,-3.8116071396338
"Lasp1",0.835471253475891,5.97292035497599,2.25193260381462,0.0424769063683614,0.64381872717789,-3.75376983882281
"Chchd1",-0.689712064885913,6.17505074327272,-2.2416629563954,0.0432869749323107,0.64381872717789,-3.83876116636793
"Pin4",-1.00924722505859,6.10379069066149,-2.23942401784194,0.0434655098629292,0.64381872717789,-3.80184036335494
"Snrpg",-0.668137531173098,9.28579012652625,-2.23895398799935,0.0435030786866191,0.64381872717789,-4.25792985451156
"Rpl27-ps3",-0.730727602993532,6.0797271726485,-2.23579333016534,0.0437565031793493,0.64381872717789,-3.81992125225544
"P2ry12",3.10439115847767,5.17121534614072,2.23080645787368,0.0441591916808712,0.64381872717789,-3.67055267027599
"S1pr1",-1.1367372603149,6.39608297257425,-2.22997483101061,0.0442266846659707,0.64381872717789,-3.87226865105516
"Zdhhc20",-0.851496480438238,6.07170155303165,-2.22630006823371,0.044526087265173,0.64381872717789,-3.83040325759863
"Bax",-0.55847515967583,7.01550158495931,-2.22569521045308,0.044575551168938,0.64381872717789,-4.01124095633805
"Med30",0.746713589587474,6.5579794706681,2.22442206092319,0.0446798358844293,0.64381872717789,-3.92262565161018
"Tram1",-0.675841363611262,6.59865333295691,-2.22140377783914,0.0449279860202826,0.64381872717789,-3.95178455132451
"Klrc2",0.694816039657881,6.6265961330589,2.22039723956925,0.0450110277828344,0.64381872717789,-3.94190523097032
"Rps4x",-0.272168885664437,12.3445711617709,-2.21644954481388,0.0453381205739245,0.64381872717789,-4.62039614102334
"Rps15a",-0.316345929945336,13.186361785162,-2.21368847178231,0.0455682238291081,0.64381872717789,-4.72880501948704
"Psmb10",0.483030747721679,7.62228623500418,2.21202671975497,0.0457072414445115,0.64381872717789,-4.12153616598223
"Rpl37",-0.410206199125071,12.4444299715824,-2.21025081180313,0.045856250624598,0.64381872717789,-4.64266990389429
"Bst2",0.628420026396188,7.44932740158457,2.20818204246417,0.0460304095401003,0.64381872717789,-4.10214951712152
"Ifi203",-0.660056051625177,7.68500833801577,-2.20711084742771,0.0461208324560161,0.64381872717789,-4.13507169270083
"Sema4a",0.721524865124607,6.38657348514699,2.19334419251435,0.0472979004422024,0.652979585082399,-3.93194084792283
"Polr2m",0.582375041927741,6.48983568573277,2.19272951296885,0.0473511098258262,0.652979585082399,-3.96541095152658
"Atp5k",-0.533273017330336,7.78106810958816,-2.1911347242309,0.047489424369629,0.652979585082399,-4.17585882647647
"Clec2d",-0.537640081226612,8.3106169341373,-2.1873712043459,0.0478173381800476,0.654217313408612,-4.24879522840094
"Mtfr1l",0.918175321144658,6.02646771025989,2.18081662431566,0.0483935210056242,0.656331841048034,-3.88095041394064
"Ptpn1",0.625294644083249,6.79723752441765,2.18018685513917,0.0484492231755458,0.656331841048034,-4.04123195433366
"Rpl39",-0.459910635421191,13.1312673538367,-2.17543434789512,0.0488715210807479,0.656771041004574,-4.7864943925174
"Med28",0.650372434415005,6.57165581659079,2.17380642052898,0.049016968114004,0.656771041004574,-4.00821782082116
"Map3k8",-0.932384499638468,5.81711430214315,-2.16898952483658,0.049449716048147,0.656771041004574,-3.83471521422022
"Phf21a",0.910558463078443,5.37293263536261,2.16449470289627,0.0498567591720724,0.656771041004574,-3.7782597333471
"Gltp",-0.614203311963723,6.19921040950037,-2.16385491648742,0.0499149518858157,0.656771041004574,-3.96865276238956
"Ets1",-0.430834632027787,8.49746953790784,-2.16154972227794,0.0501251527049343,0.656771041004574,-4.31045371720062
"Hnrnpr",0.643823146870316,6.23232726925832,2.15871823682102,0.0503844792892119,0.656771041004574,-3.95700774506472
"Leng8",-0.72012022490148,6.18238033989976,-2.15863359388157,0.0503922507825328,0.656771041004574,-3.96538210199157
"0610007P14Rik",0.733702628344662,5.94159651769678,2.15494575545119,0.0507319423123934,0.658079440373028,-3.90472415468654
"Rpl34",-0.366854796006631,12.3058299423528,-2.14979187219845,0.0512102676620667,0.658141369253056,-4.72822832821758
"Ipcef1",-1.01149707880762,5.55999225985314,-2.14973719513394,0.0512153647346014,0.658141369253056,-3.80057780163309
"Ccr2",-1.2996799190579,5.76835940194619,-2.14629166732469,0.0515375212788309,0.659200853566441,-3.84062727372739
"Cox5a",-0.447119087934348,8.25813393059243,-2.13932974856725,0.052194255274422,0.662099439728632,-4.32210126038554
"Dbi",-0.537832211307144,7.11419623992196,-2.13878822843165,0.0522456648804048,0.662099439728632,-4.1685669617632
"Atp6ap2",-0.691656951137472,5.99656091830505,-2.13245273132945,0.0528506575276298,0.666694074316431,-3.96120403033056
"Tmsb4x",-0.287564100684121,13.7930591710686,-2.12419682016562,0.0536488618950533,0.673672923339711,-4.94684790594358
"Rpn2",0.581059768675288,6.80944779455957,2.11822966074985,0.0542327766178334,0.674509885190377,-4.14795989855084
"Zeb2",0.765070617588483,6.19223177780307,2.11627999937877,0.0544248421027897,0.674509885190377,-4.00408296602533
"S100a4",-0.41502457230641,10.0854396570113,-2.11320131835044,0.05472942244253,0.674509885190377,-4.55425714195571
"Phip",0.742950222333274,6.38107015023845,2.10830665392829,0.0552169362944972,0.674509885190377,-4.05522979183134
"Tmpo",-0.602718537271292,6.46816873584835,-2.10761959884269,0.0552856908452424,0.674509885190377,-4.1110225880821
"Atp5l",-0.390447201714788,8.83236055367555,-2.10700856718787,0.0553469046585233,0.674509885190377,-4.43249363004706
"Cnot6l",-0.582065481423354,7.22683672311673,-2.10299193343018,0.055750870310909,0.674509885190377,-4.241623389988
"Rnf167",0.675330012363635,6.43497359436515,2.09742100881622,0.0563157039578324,0.674509885190377,-4.08426338273948
"Uba52",-0.660129589280084,11.3290916884432,-2.09550349043852,0.0565113498422537,0.674509885190377,-4.70693640553431
"Ptpn18",-0.320139140997068,9.78796951248237,-2.09455450541358,0.0566084093962104,0.674509885190377,-4.55327572854271
"Cox8a",-0.371849262554111,9.65344598208451,-2.09394664699922,0.0566706609664078,0.674509885190377,-4.53923365633413
"Pmepa1",0.882758335182975,6.74445752159678,2.09333753318369,0.0567331050093614,0.674509885190377,-4.13334056015207
"Card19",0.848653273261086,5.49733917459908,2.09049293468979,0.0570255711089035,0.674509885190377,-3.90516467056582
"Tmem119",1.36792959998318,5.106692551514,2.08250321837383,0.0578545488081032,0.674509885190377,-3.8355106499257
"Vps29",-0.554017292239838,6.44095852398813,-2.08205807824202,0.0579010624807865,0.674509885190377,-4.14685643985445
"Zbtb7a",0.522996158412429,6.68461321125617,2.07907194378545,0.0582139899707605,0.674509885190377,-4.18539793621408
"Tmem71",-1.00980389764728,5.64511200564665,-2.07800504520869,0.0583261745364805,0.674509885190377,-3.91821647845402
"Rps21",-0.426019566387753,12.9427459240928,-2.07495203031273,0.0586483102199194,0.674509885190377,-4.93089816675247
"Dpy30",-0.636215119809947,6.09379088463994,-2.07399402305751,0.0587497334828405,0.674509885190377,-4.08225428330306
"Ostf1",-0.472339032945257,8.05920991094326,-2.07383812031536,0.0587662541513846,0.674509885190377,-4.4042268698323
"Fnbp1",-0.607701189060059,6.9443670507793,-2.07289471070015,0.0588663172529783,0.674509885190377,-4.24283965287746
"Gstp1",-0.457872603810914,8.00157314414521,-2.06733280077705,0.0594594657930473,0.676095345819899,-4.40744215138213
"Prpf4b",0.861801758453106,6.33820875092722,2.06677844869478,0.0595188875259651,0.676095345819899,-4.12871113674385
"Rpl7",-0.267661041476019,11.4937862236032,-2.06319909855902,0.0599038911287011,0.676095345819899,-4.77856280653414
"Skil",0.540792610618353,7.08270195379373,2.0578248941544,0.0604862930951097,0.676095345819899,-4.28724412709496
"Tor2a",0.94867528763926,5.61045843650269,2.05748400563357,0.0605234116222416,0.676095345819899,-3.97499913441778
"Ssbp4",0.519989492235343,6.58646648681931,2.05486008155032,0.0608098318493387,0.676095345819899,-4.20363038564801
"Rnf138",-0.687464019945892,6.97443012588005,-2.0504655743755,0.0612923386569763,0.676095345819899,-4.28178023137432
"Crem",-0.688785996589429,6.4579207318056,-2.04881256146243,0.0614747517208403,0.676095345819899,-4.19710990586244
"Cst3",1.19424124377368,10.7863759397027,2.04874225282215,0.0614825215456746,0.676095345819899,-4.7237874326532
"Ndufab1",-0.507002249433379,7.09344181359141,-2.04850346138815,0.0615089172342398,0.676095345819899,-4.30781064285847
"mt-Co3",-0.206227001046967,13.7451168460558,-2.04088016027452,0.0623571206594429,0.676095345819899,-5.08128432469519
"Ifi27l2a",0.521976736771756,8.50071199760942,2.03757678418827,0.0627280196625718,0.676095345819899,-4.50628772339905
"Cmtm6",0.84914986405062,5.95474410025366,2.03394279767163,0.0631383952200997,0.676095345819899,-4.07933199209109
"Clk4",0.703089730494118,6.24976444663093,2.03347910861256,0.063190936466888,0.676095345819899,-4.16118123176998
"Rpl31",-0.402133988411098,9.39646183976007,-2.03294358167784,0.0632516680538089,0.676095345819899,-4.60985930383985
"Pole4",-0.510879999810029,7.16414251548034,-2.03290483962456,0.0632560636995675,0.676095345819899,-4.34364344589465
"Avl9",0.703565105771621,6.05318575168885,2.03210052595677,0.0633473843559854,0.676095345819899,-4.1238119365149
"Dock10",0.47584979646635,7.53044537784057,2.03049604654499,0.0635299187817875,0.676095345819899,-4.40142970337767
"Fosl2",-0.443411336242422,8.32414713980079,-2.02921602990051,0.0636758889335832,0.676095345819899,-4.50698249942256
"Rps8",-0.262295317504141,12.4418012844636,-2.02426840358871,0.064243022973217,0.679493512216719,-4.95245418644218
"Atox1",-0.747877133437861,7.03941291554868,-2.01868216564757,0.0648889633120548,0.67972251453568,-4.33959878522402
"Calm1",-0.497919884278524,9.79305874713555,-2.016704607032,0.0651190624826703,0.67972251453568,-4.6793467109874
"Rps3",-0.248039338454359,12.4471468975546,-2.01642172663159,0.0651520385536671,0.67972251453568,-4.96589192454736
"Stxbp3",0.76928479836303,5.54459842541224,2.01555336910085,0.0652533613954253,0.67972251453568,-4.02952461832048
"Psmb9",-0.405981065097273,7.87362270420821,-2.00900984372912,0.0660215678321101,0.685129477503029,-4.48321074029581
"Smarca5",-0.556151136262205,6.60546397727295,-2.0064818693505,0.0663205767129921,0.685645060002738,-4.29092255787517
"H2afz",-0.695145211561062,9.40244995736566,-2.00135245459398,0.0669311217890349,0.689365486591183,-4.65960414375773
"Lgals9",0.755310172122617,5.6595642345313,1.99262244843541,0.0679821504698064,0.694987384064096,-4.09023597289156
"Dhx9",-0.759285231790787,5.85286416695843,-1.99223842816051,0.0680287305258321,0.694987384064096,-4.11836894883762
"Cwc15",-0.44475461946376,7.27707132172534,-1.98910392849158,0.0684100313143945,0.694987384064096,-4.43101001454712
"Ube2k",-0.758825364034248,6.07185936260206,-1.98325052543813,0.0691273424158151,0.694987384064096,-4.20670995936513
"Rer1",-0.490621049892465,7.15761513757435,-1.98325018584615,0.0691273842312233,0.694987384064096,-4.42179398053514
"Padi2",0.739084001493789,5.63845619770746,1.97882512767931,0.0696742377253794,0.694987384064096,-4.09687388652504
"Use1",-0.483036766772546,7.15238611481128,-1.97806661380713,0.0697683736165011,0.694987384064096,-4.42768496690065
"Uqcr10",-0.467075134746919,7.45203250731072,-1.97601919425599,0.0700230533796206,0.694987384064096,-4.47541721024904
"Npm3",0.546299540183123,7.41993936530824,1.97435955563056,0.0702301228171307,0.694987384064096,-4.47293359135615
"Gtf2i",-0.611006733497985,6.98410273546011,-1.97221321111724,0.0704987508414706,0.694987384064096,-4.4077575658404
"Vgll4",0.585027185430475,7.33392262420499,1.96214135857087,0.0717719376922621,0.694987384064096,-4.47709135708439
"Pgam1",-0.510360348741629,6.83983433989978,-1.96197443486823,0.0717932150262099,0.694987384064096,-4.40042964253346
"Carnmt1",0.859569359097335,5.66243604900923,1.96120348076869,0.0718915615759529,0.694987384064096,-4.11192015060318
"Hcls1",0.509138202184321,6.75087677233462,1.95831924002508,0.072260584643114,0.694987384064096,-4.38620664109313
"Rpl10a",-0.274491190649192,11.4735531798558,-1.9575890403674,0.0723542845979064,0.694987384064096,-4.94718883958155
"Tpt1",-0.193625651009129,13.8233495205746,-1.95660807265503,0.072480338525882,0.694987384064096,-5.2267773151751
"Rpl3",-0.260951714560696,11.8755132781818,-1.95569331204635,0.0725980660428573,0.694987384064096,-4.99578219789201
"Irf2",0.522916393766753,6.84856780060629,1.95458854227929,0.0727404806964315,0.694987384064096,-4.40993444724719
"Samsn1",-0.658836990712474,7.69815885690452,-1.95271588499827,0.0729824672086322,0.694987384064096,-4.54333915538924
"Dnajc15",-0.462738408777932,7.86689647275474,-1.95205395409268,0.0730681786448657,0.694987384064096,-4.57064037085174
"Taf6l",-0.665627223269762,6.11646045906641,-1.95024240168365,0.073303222372482,0.694987384064096,-4.26963588267729
"Smc3",0.643319573400777,6.08516930488972,1.94562653581744,0.0739052479796898,0.694987384064096,-4.25651826238676
"Fam50a",1.06699009175704,5.1898279931661,1.94284794084043,0.0742698237679759,0.694987384064096,-4.02130154264275
"Stk38",-0.674182442602532,6.18336027451616,-1.94244145153578,0.0743232963392135,0.694987384064096,-4.29710288056079
"H3f3a",-0.338284649719921,10.160679666206,-1.94186863800857,0.074398708150746,0.694987384064096,-4.83853130556468
"Rpl9",-0.241267451719648,12.5517014835371,-1.94140319426921,0.0744600360545047,0.694987384064096,-5.09958786639802
"Eef1g",-0.322789760271543,9.53584330008337,-1.93996930824454,0.0746492586003759,0.694987384064096,-4.77352753922912
"Ifitm2",1.89865740513966,5.04405257007343,1.93995004574782,0.0746518035613637,0.694987384064096,-4.0292332724451
"Tnks2",-0.64400087613138,6.1730958611757,-1.93743320269043,0.0749850115674857,0.694987384064096,-4.30544735207858
"Iscu",0.705603904991451,6.15829948587293,1.93425847345271,0.0754072555124566,0.694987384064096,-4.29242618840333
"Anp32b",-0.395018784283773,8.0707697751762,-1.93378185670114,0.0754708334081875,0.694987384064096,-4.62741557982274
"Bin1",0.732324193250445,6.43650105518225,1.9330834675939,0.0755640828491508,0.694987384064096,-4.33270360978677
"Ppp2ca",0.430743387153494,7.27216926809241,1.92884344971019,0.0761324744523158,0.695769430776579,-4.5197465679163
"Emb",-0.568456994477826,7.93396430749485,-1.9285040201411,0.0761781446171448,0.695769430776579,-4.61591520347352
"Fam53b",0.898012832742955,5.66072225227787,1.92613365564986,0.0764977739844915,0.695769430776579,-4.19027806317654
"Cope",0.546745016228389,6.70506923531597,1.92266932199968,0.0769671191909593,0.695769430776579,-4.42862770280239
"Surf1",0.74513523679089,5.86907842760094,1.92015765513865,0.0773090380298493,0.695769430776579,-4.22853307508133
"Rgs19",0.699265691245637,5.63301754486204,1.91930614205374,0.0774252702963538,0.695769430776579,-4.19321632887666
"Nars",0.958018402302307,5.73915421661242,1.91844132247708,0.0775434818997739,0.695769430776579,-4.21050958369142
"Ubash3b",1.02073029690197,5.13341559253823,1.91640830915261,0.0778220210969175,0.695769430776579,-4.05136219835304
"Hspe1",-0.353703602095094,8.93895649446423,-1.91539497682896,0.0779611958998864,0.695769430776579,-4.74856122435299
"Fus",0.4228484884386,7.79019069871207,1.91372177754173,0.0781914955549743,0.695769430776579,-4.61857968086489
"Eif3b",0.745822652335681,5.81072495476533,1.91121968521483,0.0785370403334207,0.695769430776579,-4.21414627951176
"Ifrd1",-0.4638378447932,7.18828182702525,-1.90879797140155,0.0788728079537829,0.695769430776579,-4.54028085601606
"Mgat2",0.737460919994603,5.57169987611018,1.90734833198564,0.0790744232142043,0.695769430776579,-4.17743482168599
"Tonsl",0.418090393817673,7.56344044664415,1.90651014636407,0.0791912115756615,0.695769430776579,-4.59987581098201
"Med10",0.573402378466322,6.77422341315116,1.902923815478,0.0796926860528878,0.696079246505181,-4.4743195866178
"Selt",-0.523526029888276,6.35763079474843,-1.89997121041504,0.0801077125383083,0.696079246505181,-4.40700562031697
"Sar1a",0.713992338770657,5.98215488556731,1.89966651769091,0.0801506526560671,0.696079246505181,-4.2720674732307
"Scand1",-0.398421475138508,7.7644427939552,-1.89877365992063,0.0802766029371762,0.696079246505181,-4.63906512258523
"Myo1g",-0.846093952721968,5.93879556317174,-1.89724914779657,0.0804920728685992,0.696079246505181,-4.26317091331049
"Osbpl3",0.628529113744829,6.10419911434198,1.87670984342495,0.0834466804686889,0.718781911143586,-4.35207535899738
"Trim28",0.713665320759213,5.66859625125856,1.87538853948807,0.0836400769330719,0.718781911143586,-4.24374860782361
"Ddx17",0.678350094390878,5.83562269488019,1.86671826328208,0.0849192305426474,0.727428124133112,-4.31817902995183
"Gusb",1.22327568365914,5.22523702387949,1.86326949610708,0.0854329408504006,0.727428124133112,-4.12054975735659
"Tsc22d2",0.760709653946618,6.62504435022417,1.86281135311033,0.0855013945165103,0.727428124133112,-4.49697465322661
"Mrpl20",-0.589093579635827,6.23583623683675,-1.85865245309706,0.0861250708565887,0.727428124133112,-4.44152700438691
"Tnrc6a",0.561013412904414,6.31096303793398,1.85759326247587,0.086284564635366,0.727428124133112,-4.43226945169993
"Rpl12",-0.208914582435433,12.8815817854665,-1.85737073774305,0.0863181064985127,0.727428124133112,-5.27332340159957
"Lsm6",-0.504732679334015,6.42587712373792,-1.85513333481333,0.0866560127134308,0.727428124133112,-4.48681891071851
"Ddx24",0.442377966335444,6.91842187859945,1.85403728830175,0.0868219800132651,0.727428124133112,-4.57437950979
"Ago2",0.701197559076958,5.95472103052986,1.84408656024954,0.0883419366143009,0.727428124133112,-4.37050202764811
"Cd3e",0.497198007682127,8.86426234517917,1.84181087108662,0.0886928994452224,0.727428124133112,-4.8528692192816
"Eif3h",-0.359105538068084,8.99257517705514,-1.84011957856653,0.0889545488751385,0.727428124133112,-4.86979852536191
"Ly86",1.49265481489649,5.39319296534276,1.837404446872,0.0893760453705772,0.727428124133112,-4.15231859463786
"Rel",-0.667683115972425,6.3994926113949,-1.83654226059849,0.0895102669746212,0.727428124133112,-4.50214143057576
"Ppp3ca",0.600618908249012,6.30585854232869,1.83590642361521,0.0896093677691245,0.727428124133112,-4.47317947712617
"D8Ertd738e",-0.346333556828031,8.26553876482794,-1.83480900303134,0.0897806429618661,0.727428124133112,-4.80233560222157
"Ier5",0.585331667767269,8.46888541636657,1.83249188913346,0.090143245374135,0.727428124133112,-4.82076722356138
"Dusp11",-0.423474913773861,7.14301473101348,-1.82995449253327,0.0905418316647129,0.727428124133112,-4.65206335880754
"Gpr171",0.524948677584255,6.86142074674801,1.82850806851816,0.0907697520227255,0.727428124133112,-4.60214594821852
"Fkbp2",0.758955442123382,5.50345692906344,1.82821267043226,0.0908163628354205,0.727428124133112,-4.27719293834515
"Rpl23a-ps3",-0.859820594282395,5.84792044385596,-1.82796059472112,0.0908561548477747,0.727428124133112,-4.32803226470863
"Pnp",0.80516382516314,5.99381739048229,1.82734644887807,0.0909531679821556,0.727428124133112,-4.36549463516383
"Rrad",0.775409979154232,5.69136073278441,1.82305292644234,0.0916339983360537,0.727428124133112,-4.31244064405056
"Dkc1",0.681340863996986,5.65597321745347,1.82293043437662,0.0916534891523642,0.727428124133112,-4.32866901571947
"Ndufv3",-0.484058983083655,7.27823955785302,-1.82274876741046,0.0916824026838839,0.727428124133112,-4.68363429458968
"Psma6",-0.499487061793329,6.54588315675572,-1.82162743422289,0.0918610520740215,0.727428124133112,-4.55807518702324
"Abhd12",1.15888777093624,5.16505478703336,1.81457343653884,0.0929920783853139,0.727428124133112,-4.16996802598135
"Gimap4",-0.319051745349246,9.1378392870382,-1.81342130013704,0.0931779937104374,0.727428124133112,-4.92552420961087
"Rab24",0.640864343584859,5.88529587684524,1.81126316189133,0.0935271414703878,0.727428124133112,-4.39478775948082
"Zfp622",-0.620942095830852,6.13251128267513,-1.80915127134999,0.0938699435196637,0.727428124133112,-4.47681645711566
"Pon2",0.844977209473138,5.45288543015888,1.80856497948178,0.0939653101426213,0.727428124133112,-4.2517509401067
"Rps27",-0.375449279246693,13.3539734486194,-1.80656905373246,0.0942906207266821,0.727428124133112,-5.4107990351427
"Tmem106b",-0.607209843486432,6.22184347890672,-1.80424529088665,0.0946706369655607,0.727428124133112,-4.51342600602129
"Bola2",-0.550874216459246,8.02776046133839,-1.80382240673838,0.0947399407802287,0.727428124133112,-4.81847083983588
"Osbpl9",1.16044896131145,5.19834686420876,1.80368292904694,0.0947628088722588,0.727428124133112,-4.23245729249608
"Emc10",-0.435121392551077,7.00397535036011,-1.80108220986689,0.0951901175928523,0.727428124133112,-4.6700867487663
"Rps5",-0.215813972035375,12.5599523087248,-1.80089541005671,0.0952208759325029,0.727428124133112,-5.32023535613667
"Ociad1",-0.563246161773448,6.42322846112082,-1.80050334407091,0.095285462238144,0.727428124133112,-4.56517999155053
"Nudc",0.457640058760844,6.72795992967883,1.79819724226445,0.0956661489720081,0.727428124133112,-4.62037020118138
"Trp53inp1",-0.816548217382646,5.780430668795,-1.79796242393867,0.0957049886489889,0.727428124133112,-4.37434697993558
"Lamtor5",-0.536468409957363,6.3576208813686,-1.79659502373897,0.0959314415966178,0.727428124133112,-4.55645657227732
"Ndufb6",0.554800097303323,6.13334174175846,1.79425062155988,0.0963208110791292,0.727428124133112,-4.47824063041392
"P2ry10",-0.474158683185554,7.44340528077051,-1.79321594296768,0.0964931050012819,0.727428124133112,-4.75104975974013
"Atxn2l",-0.44088701193786,6.76713939814762,-1.79278322199841,0.0965652431555356,0.727428124133112,-4.64038057964209
"Cenpa",-1.2728649770652,5.3397546763126,-1.79273791965073,0.0965727982211177,0.727428124133112,-4.19622654169573
"H13",0.506427722947909,6.70804952171628,1.79161561582469,0.0967601336311861,0.727428124133112,-4.62663712930243
"Bmyc",-0.640955668206738,6.22248675620197,-1.79052514871861,0.0969424662691637,0.727428124133112,-4.52856844159481
"Sun2",0.506363284825715,6.56844995404758,1.78851390351467,0.097279565039972,0.727428124133112,-4.60172880721928
"Sap18",-0.397809529630087,7.51583854451612,-1.78686271033785,0.0975570999018857,0.727428124133112,-4.77145854561241
"Slc6a6",0.651793330808844,5.97070513314489,1.78443135908831,0.097967053726883,0.727428124133112,-4.46616688308649
"Timm17b",0.653586608029212,5.79046491449485,1.78202376348289,0.0983745188029953,0.727428124133112,-4.42309625180967
"Mrpl32",-0.600349154517398,5.94550315907833,-1.78179779110406,0.0984128403403514,0.727428124133112,-4.46006780124346
"Ctsc",0.466786372812284,6.60737232936681,1.78103997189829,0.0985414525386387,0.727428124133112,-4.62094075525364
"Rpl21",-0.248228545450635,12.2038404213192,-1.77610590563794,0.09938250784969,0.727428124133112,-5.31432978177871
"Gsk3a",0.694957330485516,5.79180346382693,1.77577030244864,0.0994399465149514,0.727428124133112,-4.43315345455251
"Trim12a",0.526488522070198,6.5573819624721,1.77413292461957,0.0997206097987504,0.727428124133112,-4.61944847821816
"Tmsb10",-0.435405583261671,12.1869819255095,-1.77340212599668,0.0998461041778954,0.727428124133112,-5.31606770099532
"Lgals1",-0.342551704363476,8.96578396652044,-1.7687523600669,0.100647878039191,0.727428124133112,-4.97433874733189
"Tagln2",-0.328228693016054,8.57035764574487,-1.76644541975389,0.101047798025199,0.727428124133112,-4.93713321341002
"Laptm5",0.318320743949194,9.28145595617621,1.76575274536392,0.101168152903101,0.727428124133112,-5.01421430345572
"Crlf3",-0.530430419417523,7.61007429089253,-1.76488902254215,0.101318407089422,0.727428124133112,-4.81590725789588
"Rcbtb2",-0.836948487222313,6.12649172256624,-1.76377989478008,0.101511643823911,0.727428124133112,-4.534631389649
"Cr1l",0.76605356110972,6.03829078929804,1.76283938532208,0.101675760409734,0.727428124133112,-4.50017323643938
"2700029M09Rik",-0.715498963172661,5.81535902231057,-1.76079281374832,0.102033699134162,0.727428124133112,-4.43192921647184
"Slk",0.667899447086158,5.74169699429199,1.75785338916183,0.102549758259394,0.727428124133112,-4.43556410318669
"Zcchc9",0.565260671078205,5.89536678038639,1.7562411320786,0.102833799267969,0.727428124133112,-4.47832800923084
"Rpl23a",-0.276085588258732,10.9393998659149,-1.75371114363809,0.103280933963917,0.727428124133112,-5.20535214970922
"Pgrmc1",-0.699655449196177,5.68834511969102,-1.75337139375576,0.103341110826946,0.727428124133112,-4.40824694325338
"Impdh2",-0.550944491805958,6.52648935602364,-1.74914487191443,0.10409232800941,0.727428124133112,-4.65940005220842
"Sept11",-0.683892866123876,5.83238804232751,-1.74874975489542,0.104162803197947,0.727428124133112,-4.4634179811667
"Nhp2l1",-0.373239263746017,7.6902343252521,-1.7472248522325,0.104435190850592,0.727428124133112,-4.85519201405612
"Pglyrp1",-0.668585330057678,5.79622445150091,-1.74627481571348,0.104605212172975,0.727428124133112,-4.44578741385239
"Tap1",0.409045621135922,7.09553870064404,1.74625098026459,0.104609480995639,0.727428124133112,-4.76296312967103
"Impact",-0.722681783184577,5.71785932423244,-1.74582931613901,0.104685024754319,0.727428124133112,-4.43270707384369
"Kpna4",-0.514175450215421,6.16854638714916,-1.74470636894461,0.104886444207115,0.727428124133112,-4.58511681638807
"Chd4",0.474159289932029,7.00930295527771,1.74364392191724,0.10507732878673,0.727428124133112,-4.75062938323758
"Ppia",-0.25614018449906,11.1154001318774,-1.74254099690404,0.105275812168518,0.727428124133112,-5.24050410162988
"Eif3i",-0.35063713482355,7.89803456463279,-1.74141859912821,0.105478141601442,0.727428124133112,-4.8939080982888
"Mri1",0.613864098019844,5.89478729479109,1.73752776880906,0.106182198451807,0.727428124133112,-4.50803564707037
"Rab35",0.670108881337913,5.57468510060306,1.73665831915919,0.106340096727999,0.727428124133112,-4.43118507250026
"Tbc1d1",-0.764170468430056,5.58671876397852,-1.73584611561191,0.106487786842497,0.727428124133112,-4.38637997263954
"Atp5h",-0.301265447272238,9.31436366982242,-1.73503076341807,0.106636232473107,0.727428124133112,-5.06134811926356
"Mob4",-0.477496906355759,6.21783223792057,-1.73479036533988,0.106680035135845,0.727428124133112,-4.6138488162627
"Nek7",0.450734826915815,6.54147051126648,1.73415889649823,0.106795170375952,0.727428124133112,-4.67266624070365
"Rps11",-0.210046914351806,12.4519274261415,-1.73377179691246,0.106865804418101,0.727428124133112,-5.40833782560074
"Rgs10",0.397487227414793,7.98983578512607,1.72876466602882,0.107783195002989,0.730358677259635,-4.92056134614168
"Cnp",-0.675435982309207,6.93723289842434,-1.72852381004046,0.107827499260877,0.730358677259635,-4.76213524144111
"Eif4a2",-0.313009775510434,8.59457923165294,-1.72572626349192,0.108343277091008,0.732049169533838,-4.99947011240438
"Dph3",-0.475791935297557,6.26333923136798,-1.72074363796224,0.109267325642545,0.736483199796564,-4.64387220285435
"Rps15",-0.247745400056982,11.6093275526096,-1.71757261948305,0.109859029083682,0.738485939837398,-5.33209451421321
"Utp11l",-0.595586332443999,5.86094312399289,-1.71595588140845,0.110161797292376,0.738485939837398,-4.51595897923412
"Malt1",-0.911774653281543,5.57614011486455,-1.71484595890334,0.110370080462971,0.738485939837398,-4.38724722585455
"Inpp5d",0.482597628893802,6.73865519006852,1.70986276111052,0.111309500355408,0.739764182412058,-4.7463211701318
"Rlim",0.659623253592184,5.89726182951633,1.70793541499657,0.111674728516047,0.739764182412058,-4.52718356449421
"Tigd2",-0.681753928285112,5.83458346173569,-1.70738357843327,0.111779495077187,0.739764182412058,-4.50670605480934
"Fam105a",0.498622368093179,6.55001569275971,1.70680997971809,0.111888485154165,0.739764182412058,-4.70457079045709
"Wnk1",0.390945042603313,7.9270865286551,1.70631440781265,0.111982724798848,0.739764182412058,-4.94515190833244
"Csk",-0.418828059203668,6.90896684261124,-1.70423267784823,0.112379359307265,0.739764182412058,-4.79270506025686
"Socs3",0.672311400115413,7.18202856912571,1.7036387646242,0.112492745345981,0.739764182412058,-4.835288054276
"Wbp4",0.67603931440633,5.58217050424899,1.70140627016155,0.112919861810675,0.739764182412058,-4.46916838087351
"Atp5j",-0.31506747360787,8.31578058820027,-1.7010812349381,0.112982166041114,0.739764182412058,-5.00544588638392
"Isg20",0.627038295002038,6.44441821902702,1.69803140251751,0.113568249918435,0.741835361699992,-4.69424102373451
"Tor1a",0.76684512328731,5.40737344206794,1.69605780843379,0.113948940538198,0.742558261801053,-4.39858619812765
"Tomm34",-0.603211217275093,5.97615836275062,-1.6944620440847,0.114257572441587,0.742809277102517,-4.59659452353549
"Ctbp1",-0.533075315215575,6.43962381561251,-1.69043137351791,0.11504041278393,0.744413991682651,-4.72420874340995
"Kdelr1",0.530695579506951,6.3138142800049,1.69040372630717,0.115045798714591,0.744413991682651,-4.66602186390596
"Glrx",0.497520097392024,6.27191266536631,1.68502855514899,0.116097156181495,0.749260994313316,-4.67419633618402
"Rbck1",0.536134687275379,6.36929139554961,1.68279537679233,0.116536433793195,0.749260994313316,-4.69968947148674
"Rpl11",-0.205881326053836,12.0062579206365,-1.6824106617741,0.116612256569491,0.749260994313316,-5.43020099315294
"Gnai3",-0.604227702078581,6.19060759593532,-1.67796313202325,0.117491964845942,0.752627958692246,-4.67441831062647
"Bcl2a1d",-0.553955554697856,7.85513051810633,-1.67587697935976,0.117906604346981,0.752627958692246,-4.97903335907643
"Nfkbia",-0.294894297031339,9.22319716744196,-1.67467195253993,0.118146697997907,0.752627958692246,-5.13936256918426
"Cd83",1.12167167251762,6.28568268326887,1.67360847333709,0.118358945613327,0.752627958692246,-4.64061821247741
"Macf1",-0.458832182989666,7.10782448405056,-1.67112923077658,0.118855048984727,0.752627958692246,-4.87560511377511
"Higd1a",-0.517298369666501,6.37341355349896,-1.67019244460107,0.119042976857975,0.752627958692246,-4.73989077640169
"Rps27rt",-0.397839979025542,9.12418541795382,-1.66827012614431,0.119429427778372,0.752627958692246,-5.1375723815352
"Sub1",-0.324755134230825,9.44632788168657,-1.66769503376572,0.119545254337244,0.752627958692246,-5.17372985114283
"Cdc42se1",-0.454176791986047,6.63082151076871,-1.66742623919585,0.11959942470855,0.752627958692246,-4.79411568933479
"Zc3h12a",0.775169684303476,5.48830715787181,1.66572577551177,0.119942619344049,0.753064390858756,-4.49972867065435
"Arap2",-0.580298042272059,6.33242282885118,-1.66167409427161,0.120763826388907,0.756493217698165,-4.73994199306608
"Akr1b3",0.445805144376271,7.01627361771773,1.65707781225479,0.121701372131919,0.760448759820448,-4.87468469657996
"Nmt1",0.650861184805381,6.21473566921021,1.65587227614156,0.121948328393025,0.760448759820448,-4.68819187962507
"Itgae",0.726444200042935,6.09015549508253,1.65419735421025,0.122292166810532,0.760867553685434,-4.66199419347271
"Cd96",0.672032919339007,5.92490091589858,1.64999035391689,0.123159547565383,0.764534437482623,-4.63785498878343
"Txn1",-0.387428008747665,8.69023352015472,-1.6477976860583,0.123613750001378,0.765625703837364,-5.12163919512156
"Rpl24",-0.227214008329184,11.4614880491633,-1.64498214216991,0.124199124027332,0.767522676573399,-5.42136495356035
"Dad1",-0.323447916868553,8.58748266670407,-1.64142106937191,0.124942964750243,0.768454245271576,-5.11999167527614
"Kcmf1",-0.709863124728128,5.73541257685546,-1.64090109503005,0.12505190217988,0.768454245271576,-4.56575734364087
"Gnb2l1",-0.226356871257417,11.6493892505057,-1.63905518092379,0.125439300646254,0.768454245271576,-5.45124885615587
"Rab2a",-0.429648712750168,6.63327338138728,-1.63804975628496,0.125650747205585,0.768454245271576,-4.83508655903933
"Necap2",0.743512676073505,5.47177704049907,1.63636128807677,0.126006540995696,0.768454245271576,-4.51766801974266
"Fam173a",0.413123775236972,6.68119948696684,1.63626671095254,0.126026496224538,0.768454245271576,-4.84002447974477
"Fasl",0.55397930689244,6.94990782436055,1.63328818421697,0.126656359134068,0.770586255793555,-4.89020015696818
"Paip2",-0.356504458669677,7.82366845791918,-1.63003910166276,0.127346561794098,0.773075154379182,-5.04202551811951
"Hexa",0.851762149420605,5.72893811153534,1.62816985142829,0.127745128899246,0.773786573728914,-4.56965105775609
"Tm2d1",0.638405173064908,5.89928256303686,1.62651087561655,0.128099769643022,0.774229376963318,-4.65408635262391
"H2-Q7",-0.240555059489182,10.297915316768,-1.6244187159995,0.128548233624766,0.774720012809935,-5.32950209464913
"Nr4a2",0.350138198942787,8.43962902376554,1.62226833388915,0.129010600349232,0.774720012809935,-5.12566643751752
"Plac8",0.768717143216963,7.85835913662269,1.62177433526323,0.129117022015621,0.774720012809935,-5.05108209109548
"Trim30a",0.607993702473904,6.04983132747018,1.62088958799931,0.129307813047186,0.774720012809935,-4.7118940052345
"Nt5e",-0.545084078022403,6.10824199507782,-1.61811083313344,0.129908630879599,0.776085591905845,-4.74058577994908
"Ndufb4",-0.498303416522619,7.13548722845694,-1.61722733679425,0.130100166497671,0.776085591905845,-4.95337755867297
"Pcna",-0.455748417526714,6.53632752531799,-1.6086242689846,0.131978104517106,0.779834789670516,-4.85587609134644
"mt-Co1",-0.192387123240918,13.3934801624146,-1.60856590754989,0.131990923944551,0.779834789670516,-5.71135867846583
"Ctsa",0.70301295202659,5.89348577127581,1.60626599159115,0.132496974189668,0.779834789670516,-4.65246547391726
"Cd5",-0.544290526827051,6.48333120403952,-1.60593371507932,0.132570223819073,0.779834789670516,-4.84731171635663
"Naa15",0.635391640666874,5.84512220387403,1.60484308826014,0.132810896822441,0.779834789670516,-4.67852910896378
"Azi2",0.73185908847794,5.51124416846575,1.60325462388181,0.13316210688675,0.779834789670516,-4.55733290332048
"Plp1",-1.19743309528393,7.37344236281111,-1.60084345975976,0.133696753556526,0.779834789670516,-5.00622899142866
"Epb41l4aos",-0.518590393871267,6.22069873833651,-1.59939764255688,0.134018236790802,0.779834789670516,-4.79930480486568
"Ddrgk1",0.422236297414449,6.79785650322461,1.59919582276953,0.134063165409675,0.779834789670516,-4.91654772302163
"Ssbp2",0.459678791839855,7.26216138968349,1.59775695130519,0.134383861356287,0.779834789670516,-4.99776409497491
"Scp2",-0.375830157811197,7.44257644317803,-1.59501573920017,0.134996660501329,0.779834789670516,-5.03394476779534
"Hspa14",-0.61541032551927,5.68078774922061,-1.59130699578092,0.135829597509003,0.779834789670516,-4.61747077010438
"Ngfrap1",-0.406029382677775,6.77685725796381,-1.59021061807236,0.136076679254208,0.779834789670516,-4.92716839955686
"Hdac1",0.532423672425492,6.19235433015877,1.5895439021788,0.136227121418415,0.779834789670516,-4.76753666045534
"Snrpb",-0.332473363093078,7.79562773329097,-1.58925448097879,0.136292473039834,0.779834789670516,-5.09489164967693
"Rpp21",-0.505296985225262,6.36023344485462,-1.58829788152232,0.136508666966216,0.779834789670516,-4.84512607313052
"Sod1",-0.498351004346245,6.25740088554182,-1.58790346264288,0.136597892851664,0.779834789670516,-4.82275177468934
"Sfxn1",0.614906756468404,5.71345698668746,1.58707752755387,0.136784900008342,0.779834789670516,-4.65523198735921
"Msi2",-0.53524053683789,6.00524344489305,-1.58654678356869,0.136905187021856,0.779834789670516,-4.74805026454551
"Adgre5",-0.672890020534365,6.47144248925553,-1.58545427136768,0.137153079858804,0.779834789670516,-4.87303136861624
"Rpl10",-0.218929798458124,11.7697675978078,-1.58472895491219,0.137317869306406,0.779834789670516,-5.54246835797224
"Atp5e",-0.336053438062126,9.55182518785722,-1.58140459760865,0.138075340214577,0.779834789670516,-5.30788794752789
"Sat1",0.455817059400285,7.32411964917576,1.57850620714861,0.138738690832503,0.779834789670516,-5.0353188801288
"Ccr7",-1.24245405473275,6.5465112505414,-1.57744226023097,0.138982883363041,0.779834789670516,-4.8436693905985
"Kdm7a",0.480207020536151,6.18204686510186,1.5773528300398,0.139003425864357,0.779834789670516,-4.8003805158632
"Nrbp1",-0.579014856973285,6.06758313600546,-1.57645606694279,0.139209560944283,0.779834789670516,-4.77738377152905
"Tmod3",-0.738249702344759,5.6859312431714,-1.57616120496159,0.139277397123399,0.779834789670516,-4.62279387705491
"Tmem256",-0.593049781765799,6.17378647451243,-1.57507262821461,0.139528082677769,0.779834789670516,-4.81133546516113
"Fam134b",0.750297548341443,5.61955823848845,1.57119687295033,0.140423778215644,0.779834789670516,-4.62727512967675
"Ogt",-0.327260906180054,8.00976402156683,-1.5689440222207,0.140946688356514,0.779834789670516,-5.15332228989006
"Tacc1",0.696376021098132,5.65991137618519,1.56874699994439,0.140992498853448,0.779834789670516,-4.65191327737263
"Abcf1",0.558380994355743,5.88810489446372,1.56865577652131,0.141013713942409,0.779834789670516,-4.70777141634343
"Atf3",0.747241680784016,6.97072345965765,1.5664464536789,0.141528357466867,0.779834789670516,-4.97269647880606
"Zbtb20",0.42826071506576,6.80495809154645,1.56614279486328,0.141599218398321,0.779834789670516,-4.96288527160313
"Prdx5",0.383128083095226,7.08475027527433,1.56457247164274,0.141966151426936,0.779834789670516,-5.0147195946399
"Mllt10",0.766331819117853,5.81142820996175,1.56407424673525,0.142082740934699,0.779834789670516,-4.72477197216644
"Eif4h",-0.410120197512938,6.74083197093474,-1.56385379736254,0.142134354506077,0.779834789670516,-4.95543498135297
"Rab11a",0.460451444881599,6.36054154870346,1.56373697168706,0.142161713306684,0.779834789670516,-4.86111556758667
"Ppp1r18",0.354231837919899,7.59988301408382,1.56324402764739,0.142277203168491,0.779834789670516,-5.10226342182693
"H2-D1",-0.205925819645203,11.5360225518003,-1.56293544425826,0.142349540950118,0.779834789670516,-5.54599778938048
"Rab8b",-0.471845468835923,6.09868119217051,-1.56201013364123,0.142566640759695,0.779834789670516,-4.81592552651987
"Nfatc1",-0.46416622138386,6.10154798229611,-1.56166724323429,0.142647163192603,0.779834789670516,-4.81734682321798
"Psmd7",-0.533542153459112,5.89891527898258,-1.56041637251215,0.142941241894145,0.779834789670516,-4.74774807310356
"Snrpe",-0.328952798963756,8.26795500269885,-1.55929200090959,0.143206025012222,0.779834789670516,-5.19923937656272
"Aamp",0.486501258412764,6.33423734877209,1.55646253978412,0.143874211140873,0.781925060548221,-4.85782897280719
"Cx3cr1",1.86520075421144,6.30590849037771,1.5543459766234,0.144375791996206,0.782380842037387,-4.66052206336869
"Actb",-0.233760137845254,12.4351614773468,-1.5534022170945,0.144599926244306,0.782380842037387,-5.66659659161084
"Slirp",-0.748784136028074,5.55958977823011,-1.5525121546529,0.144811581308011,0.782380842037387,-4.59577375798709
"Hint1",-0.285617193772595,8.5772116455215,-1.54873947841447,0.145711667831277,0.785092799317013,-5.2474378350089
"Ube2e1",0.450950754956246,6.27487308875215,1.5469529636391,0.146139565133583,0.785092799317013,-4.86300078713758
"Slc25a5",-0.302386447948069,8.35326493287343,-1.54669086318241,0.146202432608716,0.785092799317013,-5.22591690444106
"Brd8",-0.527941529766654,5.85119478697534,-1.544586483704,0.146708029584969,0.785092799317013,-4.74658313333397
"Itgal",-0.388539961423523,7.23314258163012,-1.54444954837439,0.146740981399616,0.785092799317013,-5.07076318771253
"Gtf2h5",0.573608797283641,6.38711532783713,1.54289175284095,0.147116292098316,0.785572433534696,-4.9000881095951
"Naca",-0.245154045004278,10.4514157209603,-1.54073422714377,0.147637448871249,0.786827489139411,-5.46183562919196
"Rpsa",-0.179832826340304,13.0570544921918,-1.53809960605872,0.148275990417973,0.788702076691347,-5.76672381899477
"Fkbp1a",-0.389495925196862,7.23388314404965,-1.5319153555179,0.149784120628358,0.790940106443379,-5.08783887357964
"Rpl27",-0.313784161952015,11.484799967885,-1.53186221667927,0.149797135959351,0.790940106443379,-5.58303563023708
"Pla2g16",-0.411352658079779,7.22782167382814,-1.53167112143917,0.149843949023746,0.790940106443379,-5.08701451179534
"Runx2",0.678057380059487,5.47339079939863,1.53165785929021,0.149847198348,0.790940106443379,-4.64713168059655
"Nmrk1",1.27292061086137,5.46220969534689,1.5275283740119,0.150861882124048,0.792597970591644,-4.61293187722522
"Rps28",-0.475351497302726,11.9721417313867,-1.52486453742532,0.15151953684713,0.792597970591644,-5.64914821107455
"Hopx",-0.351967649105888,7.41064695380627,-1.52475680615975,0.151546185164096,0.792597970591644,-5.12413913927501
"2010107E04Rik",-0.468172665938965,8.04062892735553,-1.52415839821905,0.151694279605066,0.792597970591644,-5.21744547183445
"S100a6",-0.268759030459327,10.5816737651374,-1.52062868996692,0.152570326242554,0.792597970591644,-5.50237439407008
"mt-Nd3",-0.494560064505986,10.2539882994267,-1.52048020730013,0.152607272779524,0.792597970591644,-5.46975448418905
"Ptpra",1.23896292475459,4.75394222497842,1.51911142115889,0.152948223152105,0.792597970591644,-4.44665657073559
"Gpbp1",-0.497693574255473,6.32214053792323,-1.51671097472568,0.153547715497999,0.792597970591644,-4.93116933184747
"Mxd4",0.459154419578546,6.76293874436825,1.51511304347335,0.153947893847979,0.792597970591644,-5.0191806118837
"Ndufb3",-0.332728588909778,7.2343473317874,-1.51510429183721,0.153950088007347,0.792597970591644,-5.11046268514006
"Nr1h2",0.583340120758649,5.69282398457926,1.51491577737176,0.153997357718161,0.792597970591644,-4.7267025536824
"Snhg6",-0.539229786918411,6.31320451025978,-1.513431907858,0.154369866967979,0.792597970591644,-4.9336449458156
"Csnk1g2",-0.622117193174347,6.05935275818205,-1.51067144535143,0.155064889852197,0.792597970591644,-4.85310259603167
"Tcp11l2",-0.579364342699427,5.87517359622446,-1.50875073720374,0.155550048944577,0.792597970591644,-4.79433057347005
"Smarca2",-0.551522595630365,5.97327197104262,-1.50706742534899,0.15597630299281,0.792597970591644,-4.83949414676574
"Eif5b",-0.411003708062315,6.78007900437147,-1.50689709244421,0.156019490500333,0.792597970591644,-5.03772996069313
"Vrk3",-0.520400356685594,5.97874544257883,-1.50685717438516,0.156029613099049,0.792597970591644,-4.8423508817081
"Rpl18a",-0.170898636819908,12.7802755461274,-1.5043265368085,0.156672482736751,0.792597970591644,-5.77761192742881
"Tceb1",-0.355463723099026,7.08869224124314,-1.50287739342528,0.157041626699436,0.792597970591644,-5.10094718075145
"Casp8",-0.479480652705101,5.89976921006601,-1.50166533243507,0.15735094457632,0.792597970591644,-4.82603956222954
"Mir142hg",0.406088888369428,6.58878128701511,1.50161057456083,0.15736493097529,0.792597970591644,-5.00104885915056
"Epb41l2",0.743494897809376,5.3397546763126,1.50115284297694,0.157481887225628,0.792597970591644,-4.62057376420502
"Il7r",-0.444872314034103,9.03011343138198,-1.4993359503713,0.157946853770161,0.792597970591644,-5.36164576552093
"R3hdm4",0.43847010455282,6.16202794955031,1.49902449973127,0.158026674809537,0.792597970591644,-4.89601324957514
"Pik3r1",-0.372941490429256,7.36925888552929,-1.4981761778128,0.158244262922207,0.792597970591644,-5.15319283092594
"Tomm40",0.619481710023795,5.55542639221678,1.49664571113411,0.15863745830729,0.792597970591644,-4.72128077855446
"Laptm4a",0.413784144674377,6.780045186654,1.49625743712787,0.158737342144242,0.792597970591644,-5.04940048930537
"Dock11",0.614863456008908,5.74669651747373,1.49622814754318,0.158744879077123,0.792597970591644,-4.78737899886163
"Grap2",-0.464745081977034,6.04549879801144,-1.49431641633728,0.159237470776154,0.792597970591644,-4.88442140884419
"Toporsos",-0.70573331492785,5.82037509310159,-1.4931468528081,0.159539467488912,0.792597970591644,-4.77797859327416
"Shfm1",-0.30987727435138,8.48391085943039,-1.49289756439877,0.159603899699726,0.792597970591644,-5.31260058416012
"Izumo4",0.738090534730726,5.41253536715654,1.49124256194029,0.160032217953604,0.792597970591644,-4.665316206765
"Prpf40a",0.462072818523303,6.53857948506143,1.48921317658788,0.160558754670642,0.792597970591644,-4.99891700735778
"Glul",0.617454751625316,6.79739493724357,1.48614524075143,0.161357531567237,0.792597970591644,-5.04496408978666
"Edf1",-0.340745143728354,7.9384654946941,-1.48576377091205,0.161457086636142,0.792597970591644,-5.25493940752199
"Basp1",1.35355503189935,5.81748993068817,1.48558780187988,0.161503028101397,0.792597970591644,-4.74375229133101
"Chic2",-0.403606831884534,6.87642123494589,-1.48546711869062,0.161534542092102,0.792597970591644,-5.08356243219054
"Ewsr1",-0.37162628738074,6.94816367173765,-1.48451843249484,0.161782453489361,0.792597970591644,-5.09855362043813
"Calm2",0.291869442697773,8.43882674266256,1.48388669948328,0.161947716711194,0.792597970591644,-5.31509262337981
"Uqcrh",-0.255237215668536,9.62382394566639,-1.48258237825026,0.162289382281641,0.792597970591644,-5.45105258506545
"mt-Nd1",-0.254954112335629,11.5183538281822,-1.48171026700074,0.162518170391568,0.792597970591644,-5.65500064937563
"Cd160",0.558875972849808,6.21058471712887,1.48162784763246,0.162539806222129,0.792597970591644,-4.91120996987886
"Lamtor3",-0.660362611101174,5.65735338212962,-1.48157135165748,0.16255463833225,0.792597970591644,-4.72938361517363
"Rpl13a",-0.164074530970521,12.9917162413891,-1.47920573087789,0.163176720614015,0.793384264605839,-5.83874329226508
"Tgfbr1",1.40278553494499,4.98572882489727,1.47618845304642,0.163973082350196,0.793384264605839,-4.50971855704376
"Mff",-0.482311609555864,6.02660790364538,-1.47541204489319,0.164178532258238,0.793384264605839,-4.9053280937536
"Sept6",-0.357056229447841,7.05286332153589,-1.47536556224126,0.164190839189156,0.793384264605839,-5.13043829517245
"Cops6",-0.447343878936327,6.18059624519018,-1.47460268593238,0.164392932517816,0.793384264605839,-4.95177702198174
"Mylip",0.55707509290213,5.68362921942049,1.47419891815459,0.164499979364575,0.793384264605839,-4.77486234491021
"Dhx15",-0.470188381378296,6.27965229388442,-1.47048414310656,0.165487599671663,0.793384264605839,-4.97967021937272
"Cdc73",0.605526644052566,5.52661218083737,1.46891227761208,0.165907001601886,0.793384264605839,-4.74898956247531
"Brd2",0.40832271448882,7.32729631278051,1.46675703744934,0.166483512893202,0.793384264605839,-5.18444385407641
"Tle3",0.57841968640822,5.44363621618143,1.46668557317668,0.166502657919686,0.793384264605839,-4.72275989969884
"Nabp1",-0.388903828992604,7.35657224382582,-1.46402289359285,0.167217301946042,0.793384264605839,-5.19560880970113
"Rpl5",-0.186730925904676,11.6243457617083,-1.46336054312155,0.167395472223791,0.793384264605839,-5.69173832991902
"Commd6",-0.547871252116245,5.82247120703606,-1.46038616591796,0.168197539814373,0.793384264605839,-4.83456577558221
"Eif3k",-0.279585098203904,8.46356989457587,-1.45998624095316,0.168305629120409,0.793384264605839,-5.35362222292172
"Hnrnph1",-0.418314326854882,7.10571379215359,-1.4597905510009,0.168358540283695,0.793384264605839,-5.15936797025109
"Hsd17b10",-0.470087735753567,6.20061984597138,-1.45805648431083,0.168828012686339,0.793384264605839,-4.97633456331157
"Huwe1",-0.42689927410999,6.20641410826553,-1.45654611920448,0.169237816720989,0.793384264605839,-4.98004079937256
"Nasp",-0.610729350789645,5.94594001806013,-1.45606868586945,0.169367531264638,0.793384264605839,-4.89434937958498
"Hnrnph2",0.560481848522057,5.6817854650649,1.45560048905374,0.16949481737312,0.793384264605839,-4.80911011746268
"Hmox2",0.599994028223798,5.42921520382022,1.45535263511762,0.169562232567335,0.793384264605839,-4.73105315211752
"Vdac1",0.464596390073183,6.45439156164052,1.45229033963992,0.170397021876259,0.793384264605839,-5.03290761331191
"Gm4955",-0.559642432969099,6.09000700091479,-1.45157328961363,0.170592988842441,0.793384264605839,-4.93954142224741
"Nfil3",0.574308361727491,5.70758534194109,1.45084935916664,0.170791027896524,0.793384264605839,-4.83458634830277
"Eif3c",-0.397504912177479,7.1449396164028,-1.45002015527992,0.171018102459836,0.793384264605839,-5.17996424243436
"Ppp4c",0.494775697656484,6.39532859854967,1.44897558232134,0.171304515258665,0.793384264605839,-5.01917871768052
"Rab5a",0.499415861210961,5.86539488600421,1.44893241287011,0.171316360591411,0.793384264605839,-4.87350757321059
"Fam189b",-0.429189085352451,6.82187663551527,-1.44884239632099,0.171341062580162,0.793384264605839,-5.11964638287836
"Rbm4b",0.641293958920552,5.56353578548829,1.44867032935096,0.171388288830304,0.793384264605839,-4.75170794555769
"Ict1",0.450811627216934,6.03843214164718,1.44792583003602,0.171592753081019,0.793384264605839,-4.92494522320946
"Bcl11b",0.311864252461251,7.73922083102621,1.44524253263616,0.172331372075765,0.793384264605839,-5.27823729034902
"Rpl18",-0.191361806953785,12.12570227773,-1.44381741120166,0.172724740051342,0.793384264605839,-5.77720643560506
"Cebpb",0.301296293835776,8.28799853806169,1.44349073202189,0.172815017225656,0.793384264605839,-5.34977196366408
"Cyth4",0.563934518158655,6.37134930066658,1.44326412172025,0.172877663751971,0.793384264605839,-5.00218344747369
"Ppib",-0.293518664784605,8.8175708837123,-1.44296188725202,0.172961246194398,0.793384264605839,-5.41369755498463
"Arid4b",0.419636735442344,6.58757858999108,1.44193816593741,0.173244605942289,0.793384264605839,-5.07502925320057
"Arcn1",0.745072036553279,5.21620500715222,1.4417400960565,0.173299475287107,0.793384264605839,-4.63470138827775
"Fam107b",-0.433101473328594,7.29092294486449,-1.44046673720929,0.173652568603518,0.793384264605839,-5.21551821435372
"Nhp2",0.502570878276364,6.31021193980998,1.44037140367736,0.173679028106442,0.793384264605839,-5.00676714020063
"Degs1",0.528187563484999,5.84433754859563,1.43796413464552,0.174348275855526,0.79361382812249,-4.88173501348886
"Grcc10",-0.386051463443762,7.22868537210847,-1.43589391178459,0.174925543807114,0.79361382812249,-5.21155337733597
"Sp110",0.471459775646586,6.77337431918852,1.43560265934793,0.175006885623584,0.79361382812249,-5.12257238703419
"Gimap8",-0.432985455197295,6.15553722608563,-1.43558582774044,0.17501158736893,0.79361382812249,-4.9937935524578
"Ypel3",0.43894264017491,7.65487234707774,1.43501102633582,0.175172215880128,0.79361382812249,-5.27810750646286
"Got1",-0.573067540384004,6.24600087756991,-1.43024484716936,0.176508875610665,0.798354289357447,-5.01478036231297
"Maf1",0.483279634991475,6.17548173470028,1.42590966327497,0.177732044211682,0.799185249625833,-4.9917444336695
"Tmed3",0.513462020283202,5.69805134639749,1.42490808728474,0.1780156406235,0.799185249625833,-4.84985879442439
"Tcf25",-0.350704771675482,7.38731922466776,-1.4243247631654,0.178180982632096,0.799185249625833,-5.25092681273383
"AU020206",0.43565353584714,6.81537679047583,1.42341723609747,0.178438473646459,0.799185249625833,-5.14548466638457
"Tbrg1",-0.419000959227523,7.12130737880703,-1.4232627947841,0.178482323848188,0.799185249625833,-5.20782678222186
"Rabgap1l",-0.465345756399279,6.05693736037863,-1.42271253140809,0.178638631950752,0.799185249625833,-4.97882508481806
"Pum2",-0.41634663457996,6.53736559078634,-1.42222145493705,0.178778223642494,0.799185249625833,-5.09818962220372
"Dhx36",0.46848168121666,6.22641916529527,1.41894248974401,0.179712620387118,0.799185249625833,-5.00435262143048
"Cox14",-0.384792533821483,6.78395923476025,-1.41714659116788,0.180226112178531,0.799185249625833,-5.15265197425776
"Ddost",0.405947237152968,6.58660025884167,1.41582004850632,0.180606186572243,0.799185249625833,-5.10424451636994
"Cbx1",-0.499047087675691,5.88993049412011,-1.41476850532613,0.180907942767212,0.799185249625833,-4.92110480034805
"Sf3b2",0.346763140349231,7.43621870910433,1.41361275171833,0.181240087002642,0.799185249625833,-5.27182158527182
"Tsn",-0.365655976524699,6.98292123176931,-1.41329600408698,0.181331203386103,0.799185249625833,-5.19589023486801
"Ms4a4b",-0.221956670033251,10.5068953774422,-1.41284672155689,0.181460510353222,0.799185249625833,-5.6377907283483
"Capza2",0.312072955620965,7.46041489467744,1.41083635233983,0.182040048638448,0.799185249625833,-5.27963171607675
"Ube2v2",0.549164094048519,5.48197918283864,1.40998400924863,0.182286221004326,0.799185249625833,-4.80501839002509
"Uqcrb",-0.377417328590643,7.89929416715831,-1.407153973465,0.183105570188994,0.799185249625833,-5.35034697826464
"Fermt3",0.3836206388601,6.77393713551901,1.40666739443871,0.183246751457011,0.799185249625833,-5.16313615529775
"Elk4",0.548073233187504,5.48197918283864,1.40466650795276,0.183828259513032,0.799185249625833,-4.8111016244931
"Taf1d",-0.361363699580821,7.21169196058478,-1.4038472698667,0.184066791819343,0.799185249625833,-5.24958312770771
"Khdrbs1",0.330094184184278,6.95332639125638,1.40375793646826,0.184092817959868,0.799185249625833,-5.20106018461269
"Pop5",-0.569145700671233,6.08918201531769,-1.403632088786,0.184129487244098,0.799185249625833,-5.00613521845932
"Stip1",-0.518091246254609,6.30204616434716,-1.40291981578689,0.184337142255382,0.799185249625833,-5.07132015017044
"Strap",-0.481038595219189,6.02928351523116,-1.40263176778285,0.18442117443748,0.799185249625833,-4.99243884804928
"Slc1a5",-0.458527193530696,6.17739370705852,-1.40174330960627,0.184680564115744,0.799185249625833,-5.03829716247142
"Sit1",0.756916573449809,5.26898520163891,1.39931501036505,0.18539106010635,0.799185249625833,-4.68747724319686
"Raly",-0.361327494015313,7.38582561874595,-1.39776412239053,0.185846017577915,0.799185249625833,-5.28408051672882
"Hnrnpab",0.360332465723489,7.49381436940138,1.39639588063123,0.186248162103485,0.799185249625833,-5.30279526970995
"Tnpo3",0.554235075881903,5.77831710874634,1.39446221874173,0.186817718558254,0.799185249625833,-4.90456136186159
"Eprs",-0.436503093098142,7.09159784991195,-1.39420395892218,0.186893897424301,0.799185249625833,-5.24094825159381
"Klre1",-1.37871084269537,4.92530047833316,-1.39320921227172,0.187187557747912,0.799185249625833,-4.57426384027114
"Btg1",-0.197220854523295,11.0265536576207,-1.39296320137824,0.187260241716439,0.799185249625833,-5.71701628237852
"Dpf2",-0.58976494558935,5.56702943214018,-1.39145640583286,0.18770593394095,0.799185249625833,-4.82003353764215
"Zfp91",-0.501967337346779,6.37578889502331,-1.39104776470039,0.18782695611775,0.799185249625833,-5.1032437800591
"Tab2",-0.37172210750336,6.36676515692415,-1.39020868722921,0.188075657378321,0.799185249625833,-5.10219180977883
"Cds2",-0.56471009458133,5.60958012320699,-1.38926666852054,0.188355194317773,0.799185249625833,-4.84106835696048
"Hnrnpk",0.310500852696599,8.33565047448598,1.38880178139876,0.188493272458002,0.799185249625833,-5.4248367284256
"Ldhb",0.532183020477422,5.80579754517498,1.3887152018584,0.188518997053261,0.799185249625833,-4.91027537410295
"Dnajb9",0.736707532489421,5.65438220733619,1.38821027873948,0.188669078044888,0.799185249625833,-4.88994322254826
"Supt4a",-0.393666439676367,7.71867759700488,-1.38765068804663,0.188835523398953,0.799185249625833,-5.34707795864883
"Cox7b",-0.297308942414895,8.07622857692375,-1.38739042620688,0.188912977293906,0.799185249625833,-5.40046904013781
"Sms",-0.365262001346959,7.06330899727897,-1.38660439941211,0.189147057984481,0.799185249625833,-5.24445434719314
"Zbtb4",0.886018507663948,4.9916556891011,1.38646383191641,0.189188944547788,0.799185249625833,-4.62161525904143
"Mrpl54",0.515773425128892,5.78687605423657,1.38385680378052,0.189967179932487,0.79985187499287,-4.93341154489195
"Ubl5",-0.263693032620911,8.66629723882182,-1.38325753155722,0.190146444029064,0.79985187499287,-5.47389497886555
"Cebpz",0.381327904019199,6.40614154088921,1.38301404804115,0.190219318634668,0.79985187499287,-5.10323431728064
"Pcif1",-0.503141753658064,5.98330979466216,-1.38127041255849,0.190741861791522,0.799906117890818,-5.00244537441078
"Yrdc",-0.539848049924626,5.6078250119583,-1.38103011430857,0.190813968485955,0.799906117890818,-4.85005079978341
"Ncl",0.250789704867926,8.73634846740738,1.37699386103414,0.192028494174667,0.803772235890919,-5.48789657195436
"Nsd1",-0.459859926072909,6.1938538857532,-1.3730998622682,0.193206239154802,0.80715921209063,-5.07975092381113
"Vav1",0.627721387197793,5.61432377729038,1.37192222455287,0.193563585023381,0.80715921209063,-4.86635029670676
"Selplg",0.240400860721566,9.47737928031919,1.3714132070527,0.193718210901751,0.80715921209063,-5.57950815641343
"Ctcf",-0.375266731331924,6.83140451673768,-1.36529441371155,0.195584892412174,0.810425130901608,-5.22580383778262
"Snw1",0.346165682305976,6.56434697825442,1.36066839551711,0.197005946378765,0.810425130901608,-5.17111490760823
"Stk24",-0.460930108924915,6.28516757051184,-1.36040127570071,0.197088260021552,0.810425130901608,-5.11658100534998
"Rpl38",-0.295225640160088,12.6732563844239,-1.35940377741409,0.197395890820693,0.810425130901608,-5.95439312396917
"Gpr132",-0.422639215385932,6.89228350236776,-1.35904470172021,0.197506726867719,0.810425130901608,-5.24520193218974
"Spty2d1",-0.615057919903239,6.19883646579628,-1.35721201794464,0.19807321658022,0.810425130901608,-5.09994761917326
"Foxo1",-0.480648591628716,5.92876454353823,-1.3544937621277,0.198915889614496,0.810425130901608,-5.01365069816444
"Cntrl",0.394611647522996,6.42711713628842,1.35395817684223,0.19908226926284,0.810425130901608,-5.14116917526574
"Ifi27",0.328987798487083,7.78307832089957,1.35364585304681,0.199179345244267,0.810425130901608,-5.4000245656512
"Ccr5",0.455673125429451,6.47210298433169,1.35197107479632,0.199700557895262,0.810425130901608,-5.14751135840952
"Eno1",0.265676008052122,8.36737743390964,1.35179960925399,0.19975398307607,0.810425130901608,-5.47562625503092
"Pabpn1",0.418641737649191,6.37879468552769,1.35172569383463,0.199777017224334,0.810425130901608,-5.12643073254148
"Ppig",0.416178492058648,6.58975301367539,1.3517051992638,0.19978340430044,0.810425130901608,-5.1823048748257
"Cblb",-0.784549361982814,5.52571682041807,-1.35117429410623,0.199948917611649,0.810425130901608,-4.82375507173108
"Hipk1",-0.422735389022859,6.73667707663026,-1.35107761649739,0.199979069579757,0.810425130901608,-5.22435341610727
"mt-Nd4l",-0.447223465664274,7.84406880930836,-1.35075372772787,0.200080111618324,0.810425130901608,-5.4115605528234
"Atp5j2",-0.291474380349235,8.85485316253609,-1.35037381747755,0.200198683593706,0.810425130901608,-5.53511799461353
"Atxn10",0.48364032339925,5.68746636431008,1.34993068559198,0.200337059933951,0.810425130901608,-4.94426319890855
"Naa10",-0.542552553420259,6.02477216036237,-1.34967721529112,0.200416245983362,0.810425130901608,-5.04901703345746
"Akna",0.352221839117766,6.84645333091542,1.34872884939005,0.200712749614551,0.810425130901608,-5.24896656347433
"Gnb1",-0.370971575752283,7.05798709921101,-1.34829047057338,0.200849928454275,0.810425130901608,-5.28938326358787
"Adprh",0.536377382767281,5.55696463835632,1.3464462146424,0.201427877730677,0.810425130901608,-4.90039592584469
"Stat3",0.390917704286574,6.93053365895692,1.34619838238038,0.201505646319632,0.810425130901608,-5.26813555875824
"Atxn7l3b",0.418520334417794,6.52183348264991,1.34597796590796,0.2015748325588,0.810425130901608,-5.17814364732966
"Man2b1",0.524517600293651,6.04449501282385,1.34329441633707,0.20241872464213,0.811875161479798,-5.03915289329416
"Klf4",0.636181942436069,6.92664374178419,1.34121494753382,0.203074632508261,0.811875161479798,-5.25980189285943
"Rab7",0.408549717092229,6.434452174189,1.33957999734744,0.203591545910637,0.811875161479798,-5.16056055645448
"Ddit3",0.600380661756837,5.59621839842633,1.33862995063593,0.203892409349366,0.811875161479798,-4.89698923164
"Aebp2",-0.340807275486484,6.76399624973032,-1.3371952533464,0.204347439751002,0.811875161479798,-5.2472082675185
"Trf",0.815647242200257,6.52431881541594,1.33604299672093,0.204713489485621,0.811875161479798,-5.12721455532692
"Ccnd2",0.259075267603756,8.92509969934486,1.33477374142481,0.205117325180576,0.811875161479798,-5.5618453541852
"Fam133b",0.455587622324682,5.99332302038065,1.33425482023478,0.205282615629543,0.811875161479798,-5.0412708277341
"Elf1",-0.300449496224912,7.30922789895877,-1.33212947659463,0.205960726463037,0.811875161479798,-5.3533854703966
"Rnf4",0.500126951176049,5.71244560571323,1.3316555833241,0.20611217469942,0.811875161479798,-4.9587397858446
"Brd1",-0.401113759166742,6.06321371472172,-1.32967946609802,0.206744684549208,0.811875161479798,-5.09077852128334
"Ube2d3",0.238491914586078,8.74630896020438,1.32936899883706,0.206844201261673,0.811875161479798,-5.54804870268023
"Rps12-ps3",0.57790687606742,5.51973892465797,1.3287423304329,0.207045191204111,0.811875161479798,-4.91327562018331
"Zfos1",-0.356749797862291,7.27607134300835,-1.32842124652229,0.207148233188187,0.811875161479798,-5.35236010712107
"Ppil4",-0.834392580939827,5.21270263318129,-1.3278963835717,0.207316761487777,0.811875161479798,-4.73584979423959
"Fbxl14",0.492403273597292,5.62403407073047,1.32766825372366,0.207390046442159,0.811875161479798,-4.94215628923583
"Crot",0.504916335815585,5.72602062199449,1.32764795831317,0.207396567205439,0.811875161479798,-4.97811781438766
"Cdk13",0.53559568350637,5.59173784940117,1.32511849275214,0.208210570075857,0.811875161479798,-4.92058827130952
"Rps2",-0.158632195294577,12.2078581479828,-1.32478121909758,0.208319303216787,0.811875161479798,-5.93969471627456
"Tgfbr2",0.401553522353502,6.44139986392986,1.32410476342758,0.20853752364068,0.811875161479798,-5.18151374504348
"Rpl22l1",-0.288434922182904,10.0926051782686,-1.32393742678605,0.208591534017922,0.811875161479798,-5.70726882833118
"Arpc3",-0.249000632815836,8.89310798780939,-1.32363171712254,0.208690235645231,0.811875161479798,-5.57213137431385
"Top2b",-0.526456087692984,6.13297180842117,-1.32102799647518,0.20953241103804,0.811875161479798,-5.12302893462182
"Atp8b4",0.505982012244694,5.83761756096529,1.3207944844048,0.209608075158555,0.811875161479798,-5.01893338613284
"2700094K13Rik",0.369068561303612,6.52295705397548,1.32003407678908,0.209854620965836,0.811875161479798,-5.20969451052579
"Themis",0.386722762194562,6.72658010785247,1.31967422743352,0.209971376285744,0.811875161479798,-5.254455023431
"Mdh2",-0.287448943174399,7.54719348344787,-1.31822145094076,0.2104432738568,0.811875161479798,-5.40687629248441
"Slc25a11",0.456484505164103,6.04421936711224,1.31760482615427,0.210643828335733,0.811875161479798,-5.06233145860037
"Eif3e",-0.283090178537965,8.83639064645013,-1.31597648336793,0.211174183829348,0.811875161479798,-5.57527840574542
"Ifnar1",0.377529846726452,6.49502259706927,1.31529184804036,0.211397493938863,0.811875161479798,-5.20502950601739
"Srrm1",0.407428366936214,6.81948876771727,1.31390784581379,0.211849502937384,0.811875161479798,-5.28489623321671
"Hspa8",-0.294261912963076,11.064846124831,-1.31324900371177,0.21206495243049,0.811875161479798,-5.82103661977511
"Hnrnpu",0.362728946532251,6.85932215573921,1.31084698895465,0.212851942294092,0.811875161479798,-5.29573712310759
"Lrrfip1",-0.337206192331567,7.01481849025703,-1.31062996113249,0.212923164884511,0.811875161479798,-5.32804701473429
"Adrb2",0.702581771791117,5.18102831869889,1.31047706949832,0.212973351298897,0.811875161479798,-4.77665820203674
"1300002E11Rik",0.654317472180884,5.15346463149118,1.31016506353448,0.213075796382033,0.811875161479798,-4.77152341063231
"Ghitm",-0.320431326813935,6.70990240713199,-1.30910825428095,0.213423088620379,0.811875161479798,-5.27035669135696
"Myeov2",-0.357799610312304,7.24811508750843,-1.30904243490296,0.213444733529184,0.811875161479798,-5.37122824636259
"Ndufa13",-0.279847184996439,8.50980349770536,-1.30736235856317,0.21399783255928,0.811875161479798,-5.55046868578774
"Pttg1ip",-0.533359176054497,5.58432846509621,-1.30710730487591,0.214081900064811,0.811875161479798,-4.92530758892325
"Eif4g3",-0.428489405711335,5.85937411892491,-1.30590998487845,0.214476901732913,0.811875161479798,-5.0467202496919
"Tcf7",-0.494276688818847,7.17225344982644,-1.30559832396935,0.21457981662714,0.811875161479798,-5.35964264667794
"Rpl36",-0.222910402708364,12.2427570187838,-1.30503674646885,0.214765358176182,0.811875161479798,-5.96828115053989
"Txndc17",-0.47069645925712,7.31173534911596,-1.30355475942277,0.215255618758975,0.811875161479798,-5.38559918962604
"Mrpl30",0.325641008181348,7.16688669161395,1.30207832395263,0.215744940165841,0.811875161479798,-5.36087733069585
"Mirt1",0.476027987043337,5.75008560688368,1.30166624443594,0.215881671880493,0.811875161479798,-5.01923523742634
"Bzw1",0.316279945047374,7.23700212099494,1.30124518593045,0.2160214550632,0.811875161479798,-5.3745138063727
"Hnrnpdl",-0.321396787647744,7.13808794472816,-1.30098939995932,0.21610640661935,0.811875161479798,-5.36241557876168
"Baz2a",0.446841903079744,5.89486331413206,1.29916733569962,0.21671232939411,0.81251974172768,-5.05243556423807
"Eif4g2",0.325137702670014,7.86490939554144,1.29869716446128,0.216868905610224,0.81251974172768,-5.47723297968093
"Serf2",-0.23220967310298,9.51412415026116,-1.29589478516758,0.217804043718159,0.81491308874141,-5.67540015522418
"Chtop",0.378583459831675,6.32081216252105,1.29453978289411,0.218257363014943,0.815499658004202,-5.18938860942463
"Btf3",-0.19708754159051,9.95094408702277,-1.29333029557747,0.218662640861213,0.81590537634781,-5.72885535518279
"Tnfaip3",-0.256931746485506,9.06438317398739,-1.29049036160467,0.219616631681978,0.816077161462651,-5.63086935619761
"Cuta",-0.409010088901353,6.52230652726411,-1.28865788211873,0.22023397181903,0.816077161462651,-5.25534885499219
"Fbxl3",0.525990885121542,5.77098621599855,1.28824169641517,0.220374373797157,0.816077161462651,-5.03973324520272
"Ankrd17",0.416767684662498,6.31730119948858,1.28630063014874,0.221030150188348,0.816077161462651,-5.18896100841102
"Grina",0.608817751361162,5.53241638838072,1.28401964494011,0.221802766582366,0.816077161462651,-4.92546071391269
"Ube2a",0.489442085895792,6.06027833861797,1.28383757918528,0.221864529226044,0.816077161462651,-5.12907607754407
"Arid4a",-0.383161904392371,6.37013606564593,-1.28326917787687,0.222057438246232,0.816077161462651,-5.22921060561888
"Vcp",0.33030780205921,7.03499630506967,1.282563785601,0.222297027469265,0.816077161462651,-5.36017297677121
"Nrp1",0.528048457677,5.48605469012606,1.28036476524562,0.223045263500612,0.816077161462651,-4.95096554565562
"Fgl2",0.295367069164444,7.70254268429206,1.27914032931165,0.223462762407123,0.816077161462651,-5.47830018552505
"Pfdn1",-0.474692914639797,5.85926165438896,-1.27880871539558,0.223575941260681,0.816077161462651,-5.08045835266609
"Tceb2",-0.288942804729884,8.62255817992084,-1.27819501552025,0.223785516302691,0.816077161462651,-5.59762570846408
"Arid5a",0.350833972503328,7.25600010894595,1.27804371108771,0.223837210075347,0.816077161462651,-5.40554261868417
"Tecpr1",-0.48476438157113,6.23234953579342,-1.2771194367638,0.22415319974808,0.816077161462651,-5.20298796000225
"Ormdl2",0.709569980246434,5.25709509386886,1.27705086387752,0.224176657575905,0.816077161462651,-4.8316711903113
"Actn4",-0.395273092644172,6.44192781554308,-1.27574539995418,0.224623613426725,0.816077161462651,-5.25344674602941
"Zfp207",-0.346163527502411,6.3109464960441,-1.27474711176714,0.224965881380187,0.816077161462651,-5.22538826749581
"Gmps",0.567240833615193,5.46118431109151,1.27420560219046,0.225151715002537,0.816077161462651,-4.91306985188466
"Dusp6",0.587023047237743,5.44857232485461,1.27359451099676,0.22536157484744,0.816077161462651,-4.9264437175548
"Chchd10",-0.622738364066062,5.49338602552229,-1.27345826036869,0.225408387111324,0.816077161462651,-4.92044131265373
"Ddx6",-0.389456404251152,6.83539013110313,-1.2715961561773,0.226048938355804,0.816077161462651,-5.33664130961811
"Icam1",0.382231582111489,6.15213602880995,1.27156054217695,0.226061203493071,0.816077161462651,-5.16082453994067
"Hnrnpa3",-0.219066912118855,8.72884607866168,-1.27018211463688,0.226536330083549,0.816077161462651,-5.61849260571559
"Cyth1",0.459522791560716,5.63322883588924,1.26967830174677,0.226710186951805,0.816077161462651,-5.01304421893807
"Ikzf1",-0.29120708186491,7.20526908267177,-1.26914413882404,0.226894633436339,0.816077161462651,-5.41144603261095
"Rangap1",0.494347176456599,5.54830808661694,1.26835909139586,0.227165927779264,0.816077161462651,-4.98820636534184
"Notch2",-0.632961084258418,5.47374028953789,-1.26800205613437,0.22728939659333,0.816077161462651,-4.9409687519106
"Ufc1",0.374835027030918,6.20600062104332,1.26775356274323,0.22737536140784,0.816077161462651,-5.17664524468797
"Clip1",0.52014873931355,5.49786483577827,1.26750227190901,0.227462320368936,0.816077161462651,-4.97146418828169
"Rgs1",0.348954198175978,8.38237103524825,1.2670718208912,0.227611339215219,0.816077161462651,-5.57754995187047
"2610001J05Rik",-0.411027858886526,5.97174575872795,-1.26331356610475,0.228915729367231,0.819009884238924,-5.12996480987556
"Coro1a",-0.22065726026624,9.80850415760444,-1.26232053843888,0.229261376237044,0.819009884238924,-5.74967186462251
"Rbm3",0.317174835561172,8.87486970813986,1.26054769869671,0.229879488984778,0.819009884238924,-5.64512170698755
"Psma2",-0.31549951425543,7.68124957098137,-1.25936033017685,0.230294214763157,0.819009884238924,-5.49646726507517
"Spop",-0.431357989180439,6.22419552858101,-1.25922354675168,0.230342028911755,0.819009884238924,-5.21837424619326
"Zbtb1",0.441254441164315,5.74089084172491,1.25910557878924,0.230383272255071,0.819009884238924,-5.06302713751149
"Glrx3",0.423892174307792,6.49877661725159,1.25588061680331,0.231513044835489,0.819009884238924,-5.27223646732134
"Gzmk",-0.356172807193358,7.14669999678765,-1.25520136856623,0.231751560744369,0.819009884238924,-5.41718395595486
"Tmed7",0.466313297730752,5.65375071025602,1.25444909465216,0.232015947347963,0.819009884238924,-5.03496346688388
"Amica1",0.422465949992491,6.95435420390308,1.25384286832302,0.23222917993808,0.819009884238924,-5.37693060749533
"Samhd1",-0.304505484291214,8.2101473544163,-1.25380420865858,0.232242783276284,0.819009884238924,-5.57951893582396
"Celf2",0.277651703263823,8.43878788080145,1.25378396706116,0.232249906024606,0.819009884238924,-5.60202429189399
"Adrbk1",-0.396453052243899,6.97971059462259,-1.25363882306466,0.232300985347767,0.819009884238924,-5.3855588876198
"Armc1",0.476295619640376,5.46193014388569,1.25218489603271,0.232813146533459,0.819764600469925,-4.97253658322579
"Rasal3",-0.373273145783422,6.65087507938071,-1.25052472576351,0.233399055386485,0.820776729300299,-5.32629772919397
"Glipr2",-0.370199046162144,6.92150561355202,-1.24853524383334,0.234102726437126,0.821146399610396,-5.38185288815278
"Fau",-0.179791958914758,12.7273552212764,-1.24811078883212,0.234253071968128,0.821146399610396,-6.09788206615326
"Grpel1",-0.355511926622756,6.21067106501331,-1.24721696860388,0.234569921071508,0.821146399610396,-5.2306328525099
"Psmc4",-0.494574964808267,6.06839083809255,-1.24685432512722,0.23469857094319,0.821146399610396,-5.18545714609075
"Ms4a6b",-0.238862692551997,9.36467161729742,-1.2450387301452,0.235343505167359,0.822356593659767,-5.71808020607042
"Rps14",-0.140113292348836,12.6322752247261,-1.2433604333656,0.235940916886856,0.823397869846261,-6.09141513543514
"Tnf",0.620232657250144,6.15485812399694,1.24199490919797,0.236427878849224,0.824051542250148,-5.2024938752033
"Rpl41",-0.282084829453932,12.3226669099965,-1.24028313659317,0.237039440632837,0.824837167172648,-6.05596133176931
"Glo1",-0.503689022230581,5.82631982577455,-1.23875945893198,0.237584854493459,0.824837167172648,-5.09816187031218
"Smim14",0.474878430613786,6.56587185942088,1.23744844134616,0.238054938835227,0.824837167172648,-5.30741877635023
"Arl4c",-0.316212811204482,7.60476299705971,-1.23658442682114,0.238365145553815,0.824837167172648,-5.51089198656237
"Phb2",0.412937848890164,6.81253687297411,1.23494756884743,0.238953701733234,0.824837167172648,-5.3663574850662
"Rora",-0.342489815123854,7.20126246355523,-1.23410657886201,0.239256538088053,0.824837167172648,-5.45021507047419
"Aprt",-0.287331938983937,7.24325592254754,-1.23399839461751,0.239295516696427,0.824837167172648,-5.45797918059692
"Eif4e",-0.390664133255299,6.05154725012891,-1.23356375205939,0.239452168255486,0.824837167172648,-5.1930951020166
"Cd28",0.246266056458207,8.51903540356502,1.23318328932186,0.239589359064216,0.824837167172648,-5.63555543519134
"Polr2f",0.302121756739252,6.74082512378977,1.23300771653773,0.239652689662162,0.824837167172648,-5.36064422097445
"Gatad2b",-0.439734161094061,5.95984806649086,-1.23146135171638,0.24021104751826,0.825139133856923,-5.16694739791503
"Gnb2",0.257011804028475,8.07356761185322,1.2311031682493,0.240340525897962,0.825139133856923,-5.58361068122052
"Csnk1g1",-0.6346764273347,5.37852472864778,-1.22653400224032,0.241997050908317,0.829790386531011,-4.90728016642765
"4932438A13Rik",-0.355341646914718,6.61960682246941,-1.22483015505149,0.242617068879295,0.829966291423127,-5.34836640393452
"2510002D24Rik",-0.45406228221769,5.8370795926702,-1.22434591407848,0.242793508829645,0.829966291423127,-5.11750238335833
"Spry1",-0.711100212497891,5.4598156576634,-1.22390631883912,0.242953768943861,0.829966291423127,-4.93442173900563
"Atp6v1f",0.292064656655037,7.88736421384576,1.22280707913573,0.243354875373232,0.830305095876413,-5.5690945435045
"Ltb",-0.282128561068284,9.32345692081693,-1.22004773185294,0.244364041311946,0.831499000999397,-5.74209131289669
"Kars",0.438069040603563,5.7220508520748,1.22000306307341,0.244380404883396,0.831499000999397,-5.09518916659195
"Pim1",-0.253824053468596,8.59936436233298,-1.21937141943645,0.244611887930368,0.831499000999397,-5.66355346265312
"Eef2",0.277383958736815,10.2081199855822,1.21696265278602,0.245496228079598,0.832608807944413,-5.84435190945997
"Map2k1",0.684546613123772,5.09978874444417,1.21683297965604,0.245543906633789,0.832608807944413,-4.82320001383021
"Parp14",-0.500880104011177,5.97552443878837,-1.21398814244927,0.246591734286524,0.834394502288624,-5.18823102181514
"Rps27l",-0.42049456294862,7.59694911380535,-1.21375609892153,0.246677356494782,0.834394502288624,-5.53404295197199
"Esyt1",0.392795439590412,6.52070910143301,1.21150554693123,0.247509002618089,0.836179062898948,-5.32379180215887
"Capza1",-0.314235540972123,6.81988158498867,-1.20747225399671,0.249004921541943,0.837899567336668,-5.40737223143285
"Rab14",0.324285930540081,6.75458518367482,1.20669200637077,0.249295125239264,0.837899567336668,-5.39201922889944
"Ifitm10",0.517066610603411,5.69949230461305,1.2062626712178,0.249454924140926,0.837899567336668,-5.08241308672837
"Ier5l",0.362409219348106,8.25501394925445,1.20503965623791,0.249910570726136,0.837899567336668,-5.6340560351433
"Cap1",-0.367067502734628,6.51779032647453,-1.20472410478239,0.250028238204538,0.837899567336668,-5.34980872526834
"Pet100",-0.429053476549992,6.33331919213894,-1.20427468955717,0.250195897577955,0.837899567336668,-5.30655831388498
"Psmb2",-0.316662865431334,7.01072306698222,-1.20411873210336,0.250254099794277,0.837899567336668,-5.44879255501094
"Ptma",-0.193931443601483,10.7459771334549,-1.2029632271652,0.250685655907305,0.837899567336668,-5.9180915568375
"Taf10",-0.273310397740055,7.83458507312596,-1.20168004091056,0.251165579687876,0.837899567336668,-5.58672759042611
"Tprgl",-0.286548302410756,7.39411361636851,-1.20165965980939,0.251173208200273,0.837899567336668,-5.51793461997347
"Zrsr2",0.412131824464825,6.22072483369682,1.20090407001635,0.251456148277015,0.837899567336668,-5.26592763728362
"Tomm20",-0.24235987450054,8.44852091942604,-1.20032125433958,0.251674560952759,0.837899567336668,-5.66838889058829
"Wbp2",0.343404159154876,6.25941004215423,1.19916677663519,0.252107643803558,0.838326505997323,-5.2779539890273
"Cbx3",-0.268402227323281,7.34719965757471,-1.19292300147052,0.254459977436361,0.843235920247763,-5.52049094607879
"Prdx3",-0.389536038672735,5.99322350495274,-1.19262662529184,0.254572060538233,0.843235920247763,-5.21865258364448
"Eif5",0.265363964625453,7.61247839206424,1.19260088998924,0.254581794890977,0.843235920247763,-5.56353203570201
"Cisd2",-0.390106375113708,6.22570010784295,-1.19150255493182,0.254997509317101,0.843235920247763,-5.29583209709137
"Hadha",0.372141940029615,6.1586129406593,1.19118659940256,0.255117194780414,0.843235920247763,-5.25845318903426
"Emd",-0.355981942395976,6.4195078345476,-1.19035037063175,0.255434173283106,0.843270079866197,-5.34411895542172
"Stap1",-0.34111857430155,6.57271439748145,-1.18817643084266,0.256259654928314,0.843317840549652,-5.3787341058199
"B2m",-0.160442713075871,11.3791559097661,-1.18739240780334,0.256557870293158,0.843317840549652,-6.00456906248367
"Tmem59",0.282861024380651,7.73197085015124,1.18655574739455,0.256876404641697,0.843317840549652,-5.58834363956848
"Ikbkb",-0.435307602537203,6.72353978363671,-1.18579430106008,0.257166570519748,0.843317840549652,-5.40966600023499
"Ptpre",0.427353405669465,5.68241737725781,1.1834697060409,0.258053984327732,0.843317840549652,-5.12365489394552
"Ddx39b",-0.291350286335654,7.29428787862171,-1.18175598344061,0.258709718938487,0.843317840549652,-5.52443290956868
"Anapc5",0.436343169882368,6.18832950560136,1.18160740101789,0.25876663301688,0.843317840549652,-5.24862409486474
"Ost4",-0.265516888294606,8.02965012218923,-1.18151339147328,0.258802648126053,0.843317840549652,-5.63776679935956
"2310036O22Rik",-0.25919093025689,7.42046176147479,-1.18130386538746,0.258882931681376,0.843317840549652,-5.544787077198
"Mrpl51",-0.436551078148287,6.10913034125524,-1.18077187693346,0.259086859102141,0.843317840549652,-5.26905632498276
"Mtpn",-0.431931204900759,6.27545619100147,-1.18045262284417,0.259209298761867,0.843317840549652,-5.31607004318049
"Lair1",0.960893143354753,5.23296296316145,1.18024087940814,0.2592905309132,0.843317840549652,-4.89411653449792
"Snrnp48",0.446897436145113,5.68512836036453,1.17986381752741,0.259435233856366,0.843317840549652,-5.12563151958849
"Gimap3",-0.200549764352639,9.20886501823984,-1.17782909578122,0.260217168634292,0.844860937124325,-5.77735814049419
"Rif1",0.817177786026331,5.05372017064603,1.17617139909539,0.260855563391438,0.845934904866102,-4.84245645315215
"Sh3bgrl",-0.499337351808277,5.65716571914703,-1.17351657796196,0.26188048612865,0.845952200957552,-5.08147611679959
"Rhog",0.371404313387448,6.64127587886446,1.17267440916731,0.262206264853715,0.845952200957552,-5.39968444787719
"Eomes",-0.509092766373542,6.0298877220366,-1.1719751790285,0.262476988303874,0.845952200957552,-5.25281979855811
"Thap3",-0.373923283053435,5.94987166984824,-1.17180437740897,0.262543151021808,0.845952200957552,-5.22234976780858
"Gm21092",-0.456200905414788,5.87323271740858,-1.17140392792047,0.262698322049417,0.845952200957552,-5.19680143181011
"Bcl2l11",-0.604498515280535,5.94489039350035,-1.17027146240661,0.263137527337899,0.845952200957552,-5.20423267285394
"Kras",-0.432553443238094,6.30260092537584,-1.16984584581482,0.263302741325813,0.845952200957552,-5.33654722442041
"Cdk17",0.347943041327809,6.21932348750528,1.16979663551318,0.263321848734423,0.845952200957552,-5.29637669351804
"Klf2",-0.292929703739946,9.00368968674448,-1.16829933501382,0.263903733948272,0.846832285131563,-5.76490515783598
"Taldo1",-0.255398913179139,7.39823700277941,-1.16304422393637,0.265953850079406,0.851999153135034,-5.56148560962853
"1810022K09Rik",-0.309409405982272,6.43129092341553,-1.16160880171914,0.266515964645885,0.851999153135034,-5.37759075106365
"Rgcc",0.418008008727116,6.75367398293478,1.16111551782977,0.266709346935499,0.851999153135034,-5.44306407037973
"Taf15",0.300842722322996,6.64179935937408,1.16060612008485,0.266909159775889,0.851999153135034,-5.4179043142047
"mt-Nd2",-0.17369430436608,11.7132160144646,-1.16021410531139,0.2670630072736,0.851999153135034,-6.07388197193481
"Rpl17",-0.14653119011841,12.8299234866591,-1.15877387793208,0.26762881562964,0.852193722389756,-6.21402356272163
"Polr2g",-0.35130851077248,6.20659178862042,-1.15848154780536,0.267743773143545,0.852193722389756,-5.3257505858194
"R3hdm1",-0.308585014675357,6.48191685223774,-1.15610338758414,0.268680386416563,0.854186199590229,-5.39434326971376
"Arl1",-0.411715569073079,6.04957634422944,-1.15422660497201,0.269421314542301,0.855552673200147,-5.27596397335972
"Tnrc6b",-0.263097498747314,7.15534781536678,-1.152607562111,0.270061751145654,0.855616487059271,-5.53331807453544
"Slfn2",-0.257769880984346,8.22938803310245,-1.15260269884589,0.270063676642708,0.855616487059271,-5.69570244982719
"Dbnl",0.327097003831043,6.60028080109975,1.15108224477967,0.270666182200254,0.856538551266627,-5.41497048103924
"Ap3s1",-0.528311494044479,5.77697576655441,-1.14959634204556,0.271255992513749,0.85741836714116,-5.15605866700298
"Rac1",-0.289628189731174,7.69082538351781,-1.14734693487201,0.272150741574908,0.85776196414951,-5.62426830975656
"Gls",-0.292955765620999,7.4424233009707,-1.14697473623606,0.272299009323155,0.85776196414951,-5.58554278238564
"Pkp3",0.326243290504332,6.89456021203841,1.14697115950556,0.272300434437281,0.85776196414951,-5.48857578664283
"Mif",-0.218540525240386,8.63134965878799,-1.14472871551886,0.273195040407202,0.858895980932579,-5.75008933223547
"Coq10b",-0.280490437142372,7.3119749747683,-1.14441242046964,0.273321404839609,0.858895980932579,-5.56757561614802
"Snrpd2",-0.239511032142768,7.70362352600952,-1.14302583973018,0.27387589197737,0.858895980932579,-5.63116956616659
"Ralbp1",0.312880498561516,6.63397673828028,1.14044115004335,0.274911794531916,0.858895980932579,-5.43700768376201
"Pura",0.285530502230468,7.56134598011003,1.14035397110619,0.274946786624525,0.858895980932579,-5.61243195525001
"Bzw2",0.475028025802843,5.38497167994883,1.13995276663024,0.275107866942294,0.858895980932579,-5.05525030200893
"Sec62",-0.265132159187659,7.79405774450287,-1.13990857178676,0.275125615220737,0.858895980932579,-5.64871564942024
"Yy1",0.339249741959711,6.62572177146457,1.1398253476556,0.275159039709673,0.858895980932579,-5.4330480836013
"Rsrp1",-0.333600599104827,9.05099359303455,-1.13816634181774,0.275825977649907,0.860001630994609,-5.8031530194408
"Usmg5",-0.336732869188811,7.45234983754573,-1.13630363887812,0.276576274799183,0.861192814809837,-5.59840922193961
"Ctla2a",-0.259754492616396,8.7038730293128,-1.13517587480491,0.277031295044099,0.861192814809837,-5.76845230165591
"Gsk3b",-0.298649124189027,6.66558889422461,-1.13488807385851,0.277147505856984,0.861192814809837,-5.45558179631786
"Mrpl42",0.366696479508725,5.98808001100195,1.13401660098779,0.277499623705215,0.861313730462011,-5.26670963720046
"Ly6e",0.24309980262322,9.51311956260576,1.13298450104236,0.277917084004868,0.861636957174056,-5.86303165226458
"Ccni",0.361356051597129,6.73495281559138,1.1313069955326,0.278596617031575,0.862716017730936,-5.47118440005391
"Csnk2a1",-0.338711034832928,6.09417701510074,-1.13021444190027,0.279039874899615,0.862716017730936,-5.32077170833897
"Mrps33",-0.319136521566038,6.64567308597577,-1.12980463625265,0.279206274829285,0.862716017730936,-5.45667287894937
"Wdr1",0.343087682727102,6.59618681226721,1.12693458405356,0.28037376603575,0.864953944054798,-5.4371596908328
"Ccl4",0.452770711520975,9.90550158079898,1.12612873560103,0.280702239133436,0.864953944054798,-5.91241170626329
"Mrpl13",0.333174296651811,6.05741539766279,1.12504202703446,0.281145657327683,0.864953944054798,-5.29705539626532
"Kcnn4",-0.327892708516476,6.42377977009388,-1.12337885585421,0.281825324761504,0.864953944054798,-5.41591609902232
"Hist1h1c",0.346599029736657,6.3173106673427,1.12058844839292,0.282968448344606,0.864953944054798,-5.38041531988154
"Def6",-0.400317488941737,5.67719888896234,-1.11716583606719,0.284375362340471,0.864953944054798,-5.16785775336661
"Ube3a",0.293052471001947,6.79237738115719,1.11654557150353,0.284630897538227,0.864953944054798,-5.49753876484969
"Cd3d",-0.20158112618789,9.80117999940314,-1.11608297978454,0.284821588262723,0.864953944054798,-5.91383507467156
"Reep5",0.274317506565565,7.50063847312151,1.11508652882377,0.285232676509039,0.864953944054798,-5.62932463734264
"Tmem258",-0.303197938958196,7.60047862778402,-1.11385501367326,0.285741361621244,0.864953944054798,-5.64566383732387
"Elovl5",-0.435742394637544,5.7596842824549,-1.11319852840195,0.286012807434446,0.864953944054798,-5.21683503003686
"Cox6b1",-0.21088426713314,8.52855697968411,-1.11290700345293,0.286133410728952,0.864953944054798,-5.77288321651395
"Pold4",0.309345606505225,6.32439300566898,1.11228919283977,0.286389124920181,0.864953944054798,-5.3900981474704
"Cyld",0.369662916755624,6.16261805863785,1.11215412938106,0.286445051225181,0.864953944054798,-5.33386686396661
"Uqcc3",0.345242115419359,5.97295480803079,1.11188282815579,0.286557415046473,0.864953944054798,-5.28457179294725
"Alg5",-0.421459121288635,5.70673734538774,-1.11139589654552,0.286759169303269,0.864953944054798,-5.17982834107468
"Sh3bgrl3",-0.168667039618675,10.0149064367071,-1.1111392194086,0.286865563611242,0.864953944054798,-5.94343060313829
"Dpm3",-0.293305049097316,7.5426562132034,-1.10920321048747,0.28766901326047,0.864953944054798,-5.64121409909533
"Smpdl3a",-0.291301990473747,7.40181911525116,-1.10853974628045,0.287944743755826,0.864953944054798,-5.61962606031905
"1110008F13Rik",-0.302115841176058,6.66913910545535,-1.10828517797428,0.288050593312415,0.864953944054798,-5.48376691394091
"Lsm8",-0.28534721262462,6.85057847812217,-1.10821222305291,0.288080933401389,0.864953944054798,-5.52001658913393
"Sptbn1",-0.537455028049814,5.44482939634663,-1.10770103290831,0.28829359203204,0.864953944054798,-5.08591019754359
"Ankrd10",0.46635619682856,5.8058920520735,1.10690219083455,0.288626153159292,0.864953944054798,-5.23873294148274
"Idh3a",-0.614301074162534,5.47339079939863,-1.10633322636754,0.288863191837067,0.864953944054798,-5.08021545323438
"Mecp2",0.414168831960282,5.71993100935916,1.10619263779773,0.288921785661314,0.864953944054798,-5.21017206831844
"Tuba1a",-0.306637624937189,6.94719253806446,-1.10611692963058,0.288953342660179,0.864953944054798,-5.54173794310511
"Taok3",0.432939222661901,5.75099986339764,1.10585524072317,0.289062440970925,0.864953944054798,-5.21431542219777
"Cuedc2",0.495496234201029,5.44518873548575,1.1047030240071,0.289543170704829,0.864953944054798,-5.11513678529814
"Mrpl4",0.39692729599578,5.65896714102917,1.10457619582692,0.289596122981781,0.864953944054798,-5.19615320405008
"Ankrd44",-0.249895488091551,7.65171028826547,-1.1040564716284,0.289813190310042,0.864953944054798,-5.66454143202649
"Tbpl1",0.495435258397153,5.49897270838586,1.10363294882991,0.289990168984288,0.864953944054798,-5.11202712805853
"Celf1",-0.327854496298379,6.87512579995252,-1.10362027141189,0.289995467788554,0.864953944054798,-5.52952136889305
"Slbp",0.312154688815416,6.61716590158379,1.10072102970264,0.291209186920723,0.86589057273853,-5.47222035034601
"Tmem30a",-0.340646894922125,6.5472382749452,-1.10006869888677,0.291482800777905,0.86589057273853,-5.46679598023661
"Mbnl1",0.195542053614565,9.55846443521911,1.0998854320702,0.291559705085449,0.86589057273853,-5.90358808573231
"Tubb4b",-0.28858832489767,6.84780417420328,-1.09986335329633,0.291568971038501,0.86589057273853,-5.52815465221793
"Ube2j2",-0.408085343064342,5.97478855704037,-1.09774182884927,0.292460360182108,0.867229231983833,-5.30579156430833
"Ube2n",0.420654755751676,5.93964386215209,1.09697602983087,0.292782624683806,0.867229231983833,-5.26908953193864
"Sfr1",0.264831135951019,7.36941605099103,1.09654102609468,0.292965802368357,0.867229231983833,-5.62663369933036
"Psmc3",0.377239785733286,6.5255662744097,1.09551216710245,0.293399392055465,0.867578847475838,-5.44291095144699
"Brk1",-0.25096183570314,7.50972717658783,-1.09242905880174,0.294701586374613,0.868319722890983,-5.6540157841645
"Ubr2",-0.493557455435108,5.61724087409867,-1.09173658388077,0.294994658633861,0.868319722890983,-5.17381976068359
"Dnttip2",0.448262069548635,5.8448928079913,1.09162655667364,0.295041244955151,0.868319722890983,-5.23717597296285
"Tmem261",-0.402888079784008,5.99279641927478,-1.09158855791881,0.295057335187075,0.868319722890983,-5.32041057188556
"Cirbp",0.289732987463631,6.69291218454344,1.09118394486404,0.295228705782934,0.868319722890983,-5.50291649284818
"Rab5c",0.303759388884793,6.68790673635108,1.08964032994859,0.29588317715741,0.869314890152646,-5.50385723452496
"Irf1",-0.285794590070526,6.70437212798192,-1.08714025073621,0.296945482415082,0.871190037198617,-5.51247285734847
"Tmem230",-0.572041512665966,5.431040585888,-1.08596368113463,0.297446404371606,0.871190037198617,-5.06236750670228
"Hspa9",0.363864616258747,6.39263933465847,1.08590407552265,0.297471798156182,0.871190037198617,-5.41564224092819
"Abcb1a",0.440175463767205,5.35950873081085,1.08397959794236,0.298292555668056,0.872664391582078,-5.09280830995137
"Fam169b",-0.391364658884066,6.15505533473056,-1.08282039823024,0.298787751698751,0.873184184029292,-5.38584704919041
"2810428I15Rik",0.296828588820469,6.52449270780833,1.08113339275953,0.299509517537341,0.873226917266716,-5.47524364368242
"Bnip2",0.444546164075831,5.68930011331966,1.0806185443481,0.299730048717864,0.873226917266716,-5.19892913115246
"Elmo1",0.319161726925474,6.26016802130616,1.07895407660353,0.300443839895552,0.873226917266716,-5.39983957622087
"Rnf115",0.433180540170024,5.72781038908086,1.07730559911939,0.301152023583941,0.873226917266716,-5.24131213314637
"Spag7",-0.368699413389679,5.85355830790839,-1.07717541516592,0.301208003440596,0.873226917266716,-5.2805866787094
"Stag1",-0.407469945164145,5.82034899774128,-1.07691367263493,0.301320577738322,0.873226917266716,-5.26151829028612
"Dazap2",0.335394835965589,6.62853963974799,1.0765048920611,0.301496455207293,0.873226917266716,-5.49580451979407
"Rela",0.446884290169608,5.391299654982,1.0757987109696,0.301800469294433,0.873226917266716,-5.12044145767357
"Neurl3",-0.274487392950207,7.8994717467827,-1.07556423761855,0.301901461627686,0.873226917266716,-5.73214158172544
"Pag1",0.392325819814824,5.95955863019533,1.07538717004457,0.301977744843872,0.873226917266716,-5.31662673706025
"Msn",-0.222993366624457,8.00946642947409,-1.07327824187183,0.302887405538818,0.873628938418731,-5.75047336899087
"Gimap6",-0.187781701908602,8.88122332563772,-1.07217047061354,0.303366046001084,0.873628938418731,-5.8544428412059
"Btg3",-0.378824747318999,6.67302731758456,-1.07064308426,0.304026914634413,0.873628938418731,-5.52127451922061
"Acat1",0.394507995096898,5.62156473787556,1.06845470298625,0.304975647545345,0.873628938418731,-5.21148854633894
"Ndufv1",-0.471672860545916,5.70529568892542,-1.06801251903336,0.305167615298979,0.873628938418731,-5.23626008306475
"Atf1",-0.398320186397582,6.08121553872457,-1.06756161462279,0.305363461353887,0.873628938418731,-5.37898236641969
"Nudcd3",-0.467556985443269,5.87671551401641,-1.06674385789843,0.30571888442223,0.873628938418731,-5.28044067797602
"Bhlhe40",0.251333116181641,8.05532126368101,1.0666616182634,0.305754645377239,0.873628938418731,-5.76016407285926
"Mrps21",-0.276039701516413,6.8347180469168,-1.06533593109955,0.306331533784009,0.873628938418731,-5.5606153248948
"Pgk1",-0.459427976221163,5.8494029639571,-1.06504074510571,0.306460097353033,0.873628938418731,-5.279998781053
"H2-K1",-0.158005375563492,11.7611968370491,-1.06498673954957,0.306483622947239,0.873628938418731,-6.18220924560236
"Sp100",0.288667365018773,7.78843817005793,1.06431304122873,0.306777208228639,0.873628938418731,-5.72658743304682
"Ppp3r1",0.4061470739905,5.61579735234304,1.06225547429355,0.307675149373306,0.873628938418731,-5.22055847318317
"H2afy",0.206661540680065,8.60998934295623,1.06107279213143,0.308192163738482,0.873628938418731,-5.83399494434338
"Cct8",0.232057046121062,7.3163103620659,1.06073027460739,0.308342016815761,0.873628938418731,-5.65401981648936
"Ywhah",0.284767095208162,7.22945402807155,1.06056695151489,0.30841349046185,0.873628938418731,-5.63780920563896
"Copa",-0.329649846254432,5.97693761941316,-1.05965696924236,0.308811942650198,0.873628938418731,-5.35022715515678
"Anxa11",-0.336756511568881,6.12879311405343,-1.05853802397509,0.309302415379655,0.873628938418731,-5.40235504173139
"5730508B09Rik",-0.40641586274406,6.5877246376296,-1.057105903152,0.309931004667566,0.873628938418731,-5.51632181469882
"Zcchc7",-0.274825688997348,6.72172371584082,-1.05609624999952,0.31037473115419,0.873628938418731,-5.54731789456371
"Fmnl1",-0.408268610553491,6.4157005208479,-1.05582171816386,0.310495464703346,0.873628938418731,-5.48191138155167
"Mrps36",-0.30059941326955,6.36747591278815,-1.05538935297557,0.310685680555125,0.873628938418731,-5.47120336297486
"Commd7",0.31540436038868,6.28648539749186,1.05508684563499,0.310818817611178,0.873628938418731,-5.435378769674
"Syngr2",0.482606075081825,6.0175906146939,1.05494481519848,0.310881341427503,0.873628938418731,-5.36070228241704
"Arf4",0.242097557959541,7.3616741089028,1.05399419884388,0.311300055522406,0.873628938418731,-5.66864849007528
"Aak1",0.322953707001391,6.17276109025705,1.05388904403485,0.311346398207261,0.873628938418731,-5.40393656574635
"Vmp1",0.288840415349347,7.0154975411489,1.05325997040832,0.311623743123662,0.873628938418731,-5.60575919304437
"Sec61g",-0.198791955726665,8.94319872977937,-1.05280899399155,0.311822681082263,0.873628938418731,-5.88110908471014
"Psmd13",-0.376271263322647,5.93279515838863,-1.05266977130836,0.311884114929402,0.873628938418731,-5.33818725203859
"Psenen",-0.266796772655152,7.36420966868184,-1.05266243702573,0.311887351526177,0.873628938418731,-5.67120021930044
"Ankrd11",0.207623119409004,8.17306839889079,1.05248660786096,0.31196495182807,0.873628938418731,-5.78926110375129
"Glipr1",0.280520802749327,6.63455563549562,1.050259784892,0.312948969423972,0.874219154748627,-5.53146685607357
"Abhd8",-0.336884113180629,6.20490000782837,-1.0499324499646,0.313093809225208,0.874219154748627,-5.43479358438768
"Usp25",0.422803194911624,5.94529105874362,1.04985201832824,0.313129406337235,0.874219154748627,-5.32500803331115
"Efhd2",0.281827923338211,7.33099476081713,1.04684189661839,0.314463759985824,0.875935558133156,-5.66966712417033
"Psmc6",-0.307536203157555,6.28749690392006,-1.04680837438244,0.314478643564321,0.875935558133156,-5.46016008231068
"Nudt21",-0.27677022569634,6.52719562095119,-1.04631049909341,0.314699756885658,0.875935558133156,-5.51616902463785
"Ldha",-0.282737096023113,8.08413492933363,-1.04459991460447,0.315460323251866,0.876209050245073,-5.78986407002748
"Grap",-0.270257075768262,6.79579930603097,-1.04407466602328,0.3156941323597,0.876209050245073,-5.57412078865968
"Mapkapk3",0.473342316454984,5.67664197111411,1.04394049075183,0.315753879561043,0.876209050245073,-5.25803073265566
"Ppp2cb",-0.282307056555237,6.48219081997251,-1.04291181303608,0.316212217999575,0.87659637046253,-5.50955860559354
"Cdh1",0.544202808233086,5.19834686420876,1.04141521558277,0.316879916179988,0.877396223245764,-5.05866457149604
"Rbm42",0.295545143185413,6.47464636068739,1.0408354506609,0.317138853056833,0.877396223245764,-5.50132573250399
"Drap1",-0.250028033308732,7.19668192009212,-1.0392362711031,0.317853890254922,0.878490651458327,-5.65739291825846
"Gpr183",0.247920513719665,8.47943989919954,1.03776098219104,0.318514581150172,0.878585191233613,-5.84131242892659
"AI413582",0.434192895853107,5.43079414402899,1.03536600091768,0.319589289324723,0.878585191233613,-5.15766382618863
"H2-Q4",0.203422280733834,8.51700899959309,1.03503936961376,0.319736065375278,0.878585191233613,-5.84910782147073
"Gmip",0.402795607608104,5.70478123816753,1.03452354444503,0.319967958724157,0.878585191233613,-5.27202865588216
"Ifitm1",1.86717297017295,4.5715858951411,1.0335185018086,0.320420137473539,0.878585191233613,-4.85162105040826
"Gltscr2",-0.234551287133547,7.93243821184204,-1.03344956562709,0.320451169688573,0.878585191233613,-5.77956095370632
"Crebrf",0.342299453439584,6.25357658822607,1.03306874538098,0.320622638845665,0.878585191233613,-5.43693495844048
"Cct3",-0.249827553203657,7.05678344242245,-1.03271674395286,0.320781191679379,0.878585191233613,-5.6379213659834
"Rpl36al",-0.177578511869959,9.79609238599168,-1.03246240190375,0.32089579127229,0.878585191233613,-6.00014549335125
"Kxd1",0.285897712572009,6.4445543683565,1.0320471613795,0.321082951705375,0.878585191233613,-5.50000555351976
"Psmd4",-0.252014535479024,6.93818098856115,-1.03090306690397,0.321599039957209,0.8791226241375,-5.61570941069609
"Smarca4",0.464338510224131,5.36985005058623,1.02939056526444,0.322282243192676,0.879888380910155,-5.13101258590189
"Tpi1",-0.309180232087418,6.26667064504527,-1.02886677935787,0.322519086529977,0.879888380910155,-5.47203072763439
"Ccl5",-0.238448295469878,12.6584931954559,-1.02766463314718,0.32306314876619,0.880499166607554,-6.33164464768249
"Polr2e",0.276782506174371,6.50357919249526,1.02571594011593,0.323946503032776,0.881212126697696,-5.52172046021701
"Znrf1",-0.287032708954189,6.47068149123612,-1.02567380660441,0.323965621851408,0.881212126697696,-5.52387060854056
"Mrps18c",-0.29147562828316,6.24579467671125,-1.02409907817719,0.324680772808245,0.882284708718057,-5.47111553186988
"Znrd1",-0.291116645024315,6.59539757528491,-1.02297067500087,0.325193935909575,0.882806834897663,-5.55364824700082
"Ebp",-0.371924090406743,6.02493314470689,-1.02217398072815,0.325556603749404,0.882919783344044,-5.39978167646074
"Irf2bpl",0.339104743622067,6.67050541072041,1.01923951052216,0.326894961506369,0.884433941591074,-5.56220773274619
"Timm13",-0.226838186935454,7.13899759036086,-1.01833224061037,0.327309559552763,0.884433941591074,-5.66769256929503
"Commd8",0.312762194024574,6.39303198599296,1.01815570681318,0.327390275186413,0.884433941591074,-5.50069315010932
"Acp5",-0.325701475002148,7.24220892760603,-1.01754335978586,0.327670367602654,0.884433941591074,-5.68599323486854
"Ppm1h",0.384496136331377,5.74040713399008,1.01742838609536,0.327722976902292,0.884433941591074,-5.29221923200338
"Zranb1",0.470645457633575,5.4444265467481,1.01661215135925,0.328096643524302,0.8845742840116,-5.18568479093508
"Hspa5",-0.191716485078323,8.54888211235924,-1.01433380526364,0.329141292133181,0.884593539828294,-5.87578141600876
"Cers4",0.362631334002099,6.33546172141402,1.0139367367141,0.329323599533975,0.884593539828294,-5.47520326711491
"Per1",-0.274012911080303,6.26333923136798,-1.01392597907866,0.329328539742152,0.884593539828294,-5.48544861243662
"Polr2k",0.333434636133211,6.22062406838865,1.01379113782136,0.329390467194245,0.884593539828294,-5.43988371600266
"Gng5",-0.184304292911162,8.98146851447656,-1.0106235681514,0.330847642179924,0.887640015604675,-5.92753481764265
"Lilr4b",-0.402397243762498,5.60036417653283,-1.00965007722353,0.331296413614752,0.887920418243629,-5.23252418935627
"Cul3",0.384926985391086,6.06614178687391,1.00834911338091,0.33189683541383,0.887920418243629,-5.40676304769183
"Atp2b1",-0.289064504372394,7.20390754976397,-1.00829723139759,0.331920796347073,0.887920418243629,-5.68856808393744
"Gata3",-0.454770490805162,6.33410889619265,-1.00696041857758,0.332538615505791,0.888708642022278,-5.51004244332058
"Mogs",0.339763900858242,5.73496397752109,1.00414152032883,0.333844117887691,0.889812114643294,-5.31472569202272
"Ubxn4",-0.254028067720368,6.84906421185858,-1.00400629610459,0.333906836560968,0.889812114643294,-5.62383513360229
"Erp29",0.28121851028303,6.8521839344599,1.00348210152919,0.334150044953205,0.889812114643294,-5.62431365934907
"Ccnt2",-0.444070556371931,5.7941012661958,-1.0032758211783,0.33424578706419,0.889812114643294,-5.31702100831659
"Leprotl1",-0.210489090195947,7.95943965058169,-1.0013915027658,0.335121283767592,0.891280010020191,-5.81500276956948
"Ddx27",-0.541734373411837,5.44540002651295,-0.999811164380708,0.335856819192554,0.891535547364407,-5.14103674174761
"Id2",0.31909826432745,8.75616921963063,0.999031435404451,0.336220156221892,0.891535547364407,-5.91266417356616
"Sfpq",-0.234513907197641,7.78812356026314,-0.998892329182382,0.336285006512443,0.891535547364407,-5.79157029767782
"Creg1",0.540645507995754,5.23275167213425,0.998400974040932,0.336514144787001,0.891535547364407,-5.09227057950324
"2410015M20Rik",-0.249451484454623,7.40327672878946,-0.99699917652595,0.337168476356071,0.89200603126005,-5.73201108155524
"Gpx1",0.301886960542453,7.20952574433867,0.995218585342757,0.338000941436094,0.89200603126005,-5.69834855181548
"Snrpf",-0.224156802756316,8.52139597128711,-0.994879990687334,0.338159408981307,0.89200603126005,-5.89181719063352
"Cox4i1",-0.162538660703005,9.53816807707978,-0.994604631510784,0.338288320736443,0.89200603126005,-6.00733107537003
"Purb",-0.22039989680909,7.49381433082373,-0.99455072809073,0.338313560219721,0.89200603126005,-5.74891345435506
"Cox6c",-0.181007269436989,9.17605324468172,-0.992785349628826,0.33914092119497,0.893128894645724,-5.96682371105342
"Arpc4",-0.207831912969196,7.62152299000112,-0.992256658306982,0.339388979965375,0.893128894645724,-5.77190221888122
"Polr2a",-0.292323026957119,6.48528744102483,-0.988962320138413,0.340937599610979,0.894080698084654,-5.56182637341
"Rnf130",0.543936177135796,5.76464093665408,0.988071039451512,0.341357447350555,0.894080698084654,-5.28570421184856
"Znrf2",0.292529684781545,6.80402792762641,0.987828254418697,0.341471878169218,0.894080698084654,-5.62872055773744
"Serbp1",0.205553447296242,9.03246847534654,0.987625013065747,0.341567692178889,0.894080698084654,-5.95592095825647
"Rassf1",-0.353770712667928,6.51448635269953,-0.987528282689418,0.341613300518623,0.894080698084654,-5.56951078813816
"Phf5a",-0.326739468910121,5.82653464441498,-0.986332164373229,0.34217763059553,0.894080698084654,-5.36103887462874
"Srsf1",-0.31586859639973,6.66024681716837,-0.986063278966171,0.34230458294414,0.894080698084654,-5.60178550171183
"Snx17",0.3488731599016,5.98437247999,0.985373934081475,0.342630206364697,0.894080698084654,-5.40309764468248
"Nfkb1",-0.363730447723828,7.20742071599803,-0.985044651350107,0.342785826741909,0.894080698084654,-5.71153595779507
"Adipor1",0.30488621995277,6.07860015823114,0.984587699671713,0.343001867810658,0.894080698084654,-5.43895572508314
"Becn1",-0.449902671731059,5.552113073667,-0.982509356300606,0.343985712178334,0.895796125464411,-5.24132234380288
"Myc",-0.396515631823834,6.73403458881576,-0.979304691789223,0.345506684673565,0.89727579180438,-5.62184523643587
"Nop14",0.396069540551217,5.47911239271304,0.97772311478204,0.346259087313049,0.89727579180438,-5.23978015351263
"Birc6",-0.30876890127873,6.56842591432589,-0.977203486988231,0.346506544442685,0.89727579180438,-5.59103444765585
"Setd5",0.46169819585242,5.57778919903584,0.97662297363267,0.34678314561734,0.89727579180438,-5.27945082074427
"Vps36",-0.384456786016379,5.62978602326949,-0.976385339327102,0.346896418261889,0.89727579180438,-5.27278225290615
"Tcp1",0.271740320663389,6.97244274750413,0.975513693664561,0.347312129560882,0.89727579180438,-5.67261159233254
"Crtc3",-0.380357449590054,5.87617392906731,-0.975167482869829,0.347477345282663,0.89727579180438,-5.38574874241509
"Ppp1r2",0.362160161508477,6.01493711606889,0.97494760229796,0.347582303857922,0.89727579180438,-5.43211283433568
"Fbl",0.278032473109819,7.04698286680478,0.974530408234302,0.347781510832719,0.89727579180438,-5.68866887159172
"H2-Q6",0.196020077567413,8.52447167370518,0.973714175383099,0.348171490920333,0.89727579180438,-5.9099634483982
"Kif5b",0.22452560917094,7.23977469637059,0.969856499103339,0.350018825078295,0.89727579180438,-5.72853325472403
"Mafb",0.602455938063051,5.72625192044169,0.969731128726898,0.350078978139614,0.89727579180438,-5.18278400894982
"Fbxw2",0.360412748633467,6.08891116293931,0.969101814905662,0.350381035665902,0.89727579180438,-5.45757719528692
"Lin7c",0.353917147714528,5.58475774291339,0.968719581416452,0.350564590127262,0.89727579180438,-5.29369867038944
"Ptgds",-0.824287170939297,6.44171094779562,-0.968261724847532,0.350784549849442,0.89727579180438,-5.57115786036284
"Nrip1",-0.223989259776955,7.0944786791514,-0.967103912236425,0.351341213904785,0.89727579180438,-5.7081239275481
"S100a11",-0.236097940586992,8.72294846611548,-0.966552866645293,0.351606370866674,0.89727579180438,-5.94134495042479
"Wasf2",-0.36808992256075,5.87332426778691,-0.965289938786768,0.35221461303769,0.89727579180438,-5.38614345410457
"Snrpd3",0.221366982041624,7.1184732099895,0.964891648843649,0.352406589207236,0.89727579180438,-5.71148992140388
"Arpc5l",0.264595790244705,6.60128293133481,0.964491039070128,0.35259975834798,0.89727579180438,-5.60112405546322
"Anapc11",0.332853489376338,6.22936304898285,0.962733423350103,0.353448145925086,0.89727579180438,-5.50549708326258
"Gm26917",0.35801155508954,7.99730744728076,0.962320467930209,0.353647685873004,0.89727579180438,-5.85239903023842
"Mob1a",0.335022631293034,6.04243656740454,0.962037829673934,0.353784302565977,0.89727579180438,-5.4447729882762
"Snrnp27",0.375949011298816,5.81551347662954,0.961138219751831,0.35421938879533,0.89727579180438,-5.37649383559003
"Bnip3l",0.209620005518147,7.42672032491349,0.960280523415704,0.354634556395289,0.89727579180438,-5.77047377367496
"Acap1",0.27326685712166,6.33002399783445,0.959535779500811,0.354995328461541,0.89727579180438,-5.5389231217789
"Uchl5",0.339510276824517,5.68369636523871,0.959114436699311,0.355199552049382,0.89727579180438,-5.33720549563492
"Ctsw",0.212097393515988,8.57548648490515,0.958705046576907,0.355398061736987,0.89727579180438,-5.92999009017887
"Pdcd4",-0.256788491737349,8.48933827226895,-0.95762221349734,0.355923495879978,0.89727579180438,-5.92368299180456
"Dgka",-0.437837286069586,6.20177724739811,-0.957270698341993,0.356094183074765,0.89727579180438,-5.51309931394301
"Dcun1d5",0.372266516540904,6.33960520940194,0.957193470122787,0.356131690959836,0.89727579180438,-5.53216086849816
"Npc2",-0.253358004064387,8.41901046417791,-0.955865474850508,0.356777102697392,0.89727579180438,-5.91747133664652
"Gabarap",-0.192696125758021,8.34028469413954,-0.955839177542285,0.356789891638086,0.89727579180438,-5.90781075227613
"Atp5c1",-0.179550320703155,8.30877833454935,-0.954267160725009,0.357554984542172,0.89727579180438,-5.90538985551493
"Ndufa9",-0.299654640221016,6.04156326901924,-0.953874957048153,0.357746048344843,0.89727579180438,-5.47251083161547
"Eif1",-0.125265849512138,11.2362486823607,-0.952581648522563,0.358376599368252,0.89727579180438,-6.23292019088743
"Sept9",0.264729968454259,6.3333385361089,0.950626859370726,0.359331139750861,0.89727579180438,-5.54597289374524
"Itch",-0.434683744161888,5.61969548773297,-0.949936645982696,0.35966860397746,0.89727579180438,-5.30801376473218
"Pde4b",0.338403545656837,6.58707223695666,0.949122120431805,0.360067134566342,0.89727579180438,-5.61319759227787
"Tbl1xr1",-0.341281602835467,6.07810263888098,-0.948488457348941,0.360377387566457,0.89727579180438,-5.48722441435986
"Qpct",0.555589413906113,5.82641306914145,0.947127001740384,0.361044616573497,0.89727579180438,-5.35827996284363
"Mrpl9",-0.376671952107405,5.82812328795312,-0.947026373272712,0.361093967502439,0.89727579180438,-5.38211990050429
"Rad50",0.464146214314205,5.41037521417011,0.946430346647475,0.361386372273605,0.89727579180438,-5.24067308676956
"Ndufb11",-0.201801132488741,7.87884684677194,-0.946090391631072,0.36155322529544,0.89727579180438,-5.8553165933221
"Fam193a",-0.510366821611651,5.17808653422861,-0.945535680305013,0.361825598794888,0.89727579180438,-5.10807409819599
"Ppdpf",0.293411027329652,6.43254503887994,0.944988027755282,0.362094647567022,0.89727579180438,-5.56926948851947
"Ndufb7",0.214628642509309,7.38263866128642,0.942980968118384,0.363081868405586,0.89727579180438,-5.77887091079095
"Myl12b",-0.180190825418856,8.86785520321592,-0.941872307970178,0.363627998038843,0.89727579180438,-5.98041215900205
"Psma5",0.27820955066684,6.38474423575602,0.941208327273883,0.363955352545599,0.89727579180438,-5.57239970512585
"Igbp1",-0.278184686851773,6.27989879633497,-0.94106858214637,0.364024275708,0.89727579180438,-5.5564430860784
"Elmsan1",-0.396595671801545,6.10770923574258,-0.940772717583365,0.364170228103595,0.89727579180438,-5.50625772978563
"Mia3",0.274929626078503,6.1413749961943,0.940661630494101,0.3642250388477,0.89727579180438,-5.49926957457051
"Tubb2a",0.48130830514303,5.70693594988042,0.940335546677148,0.364385963062308,0.89727579180438,-5.34899823045005
"Litaf",0.340740789777241,6.51384586751157,0.940083965013433,0.364510154051862,0.89727579180438,-5.59801936098036
"Cyba",0.206875591288254,9.16823339469587,0.940003894206982,0.364549686488497,0.89727579180438,-6.01678762807659
"Gimap7",-0.374514779870397,7.57718695453775,-0.939612179403692,0.364743126573702,0.89727579180438,-5.81347895256913
"Mafg",0.465122081306152,5.45315521207887,0.938529113422357,0.365278349649214,0.89727579180438,-5.2659570811997
"Fli1",-0.300904366163549,6.54134702459406,-0.937859660820906,0.365609450306659,0.89727579180438,-5.62072525570022
"Rdx",0.298460454547489,6.73517126648651,0.937567182498634,0.365754171297886,0.89727579180438,-5.65625016813519
"Serinc3",0.203258273503328,8.6320907524223,0.93727743527706,0.365897580396325,0.89727579180438,-5.95646752381455
"Gpr18",0.271721989932103,6.56243986991663,0.937078662792364,0.365995984679274,0.89727579180438,-5.61835606426575
"Xbp1",0.381741732437455,6.04111963573199,0.936876340853152,0.36609616514685,0.89727579180438,-5.46864839854385
"Dstn",-0.544602313698546,5.26214408092113,-0.936724098267743,0.366171561267699,0.89727579180438,-5.13185710472496
"Wbp5",-0.399901086469195,5.94507649968106,-0.936428583027905,0.366317942237755,0.89727579180438,-5.45085689876534
"1110004F10Rik",0.227299039351416,7.02780531709706,0.936389423539893,0.366337342625562,0.89727579180438,-5.72117263136494
"Zc3h14",0.381545989751763,5.53735095788345,0.936185709564597,0.366438278152792,0.89727579180438,-5.29106558244988
"Arfgef1",-0.380939362606411,5.76281106934738,-0.934628428866672,0.367210516270208,0.89727579180438,-5.36847091683978
"Zap70",0.318776015785613,6.5959493347883,0.9345947815797,0.367227214112648,0.89727579180438,-5.6312405073249
"Itm2c",0.327960879220865,6.72077381578381,0.934559248381694,0.367244848434855,0.89727579180438,-5.65381640464223
"Spn",-0.236121637977421,6.65914166114047,-0.933989980420022,0.367527443823993,0.89727579180438,-5.64951894418437
"Lrp10",-0.304674943323583,6.32896191555951,-0.93355524725863,0.367743355746293,0.89727579180438,-5.5755743290409
"Atp1a1",-0.282807015897501,6.36392563522772,-0.932744320989224,0.368146341863046,0.89727579180438,-5.58488805243967
"Ier2",0.183491385268068,9.08151735206499,0.932263900702296,0.368385229736692,0.89727579180438,-6.01368824454427
"Gtf2a2",0.336352129496353,6.07021729416134,0.927236790420853,0.37089142873636,0.89727579180438,-5.48919946317644
"Sft2d1",0.299960480317917,6.39174428987163,0.92638076944505,0.371319365294355,0.89727579180438,-5.58231575321155
"Mta3",-0.274086906037778,6.06049278056883,-0.924773960857223,0.372123556997422,0.89727579180438,-5.50442775161826
"Arpp19",-0.236649393269991,7.84503317498317,-0.924726535443686,0.372147311306024,0.89727579180438,-5.8693038679781
"Mrpl24",-0.270929123071879,6.85678899669867,-0.924567954734288,0.37222674841436,0.89727579180438,-5.69788374046022
"Dync1i2",0.291971604400978,6.42099374797549,0.92421844592814,0.372401867820803,0.89727579180438,-5.59015526657426
"Dusp5",-0.194910853038236,8.56935115838717,-0.924037927345948,0.372492338026116,0.89727579180438,-5.96349685690106
"Xcl1",0.256966079391089,8.69325232945807,0.923028085566505,0.372998720125067,0.89727579180438,-5.9762441765019
"Ppp1r16b",-0.281490419769885,6.45010857633767,-0.922818428772895,0.373103911726043,0.89727579180438,-5.61371029041962
"Gzmb",-0.333209512640574,7.35528382140787,-0.922325104276216,0.373351509759798,0.89727579180438,-5.7929851175207
"Tiparp",-0.501263442504146,5.89104632371106,-0.921967843754808,0.373530888824543,0.89727579180438,-5.43326741445988
"Pigt",0.366792930792872,5.45523507080643,0.921634027981816,0.373698550364878,0.89727579180438,-5.28118609827504
"4921524J17Rik",-0.723494013816206,5.14136340713386,-0.921174545633825,0.373929414214517,0.89727579180438,-5.07249702487726
"Ppp1ca",-0.22419488877858,8.22463725563358,-0.921099533546893,0.373967112921682,0.89727579180438,-5.92575990441275
"Mrps24",-0.244116917737463,7.00215934588179,-0.920975074021535,0.374029668160594,0.89727579180438,-5.73172988856248
"Cyb5a",-0.31098158254476,6.91559515747782,-0.920825930262905,0.374104639618031,0.89727579180438,-5.71285379481318
"Pak1ip1",0.332744841693562,5.9357718869849,0.920331123360645,0.374353443297515,0.89727579180438,-5.44435729519266
"Psme2",0.248999824234432,7.81056967880096,0.919711713371381,0.374665062640915,0.89727579180438,-5.86864631156856
"1700123O20Rik",0.398147504905622,5.32489282352397,0.917731045078767,0.375662723405948,0.89727579180438,-5.21750447310547
"Cbfb",-0.364262932721197,5.71850230208731,-0.917686344826943,0.375685260067133,0.89727579180438,-5.36229450027534
"Pak2",0.223380734722612,7.43599851661824,0.917491908345211,0.375783300576952,0.89727579180438,-5.81091838164576
"Sh2d2a",0.224511175232883,7.14308657668605,0.917326564552813,0.375866685630026,0.89727579180438,-5.75854843177046
"Ak2",-0.307748891653175,5.88667790151958,-0.917306141287745,0.375876986239507,0.89727579180438,-5.44763104950782
"Sepp1",0.606048232438679,6.06207173658213,0.916268313106925,0.376400678782395,0.897746631961479,-5.45215814911486
"Irak1",0.352136951981044,5.74595087634537,0.913951845918331,0.377571396212111,0.898720566568807,-5.39877226939982
"Sike1",-0.480279581712591,5.58780054122581,-0.913585759175583,0.377756642272246,0.898720566568807,-5.29600277472176
"Pam16",-0.28307080835922,6.13781393966476,-0.913520945857824,0.377789445437651,0.898720566568807,-5.53922057155154
"Mysm1",-0.293331534318614,5.88061653440082,-0.912731911044999,0.378188947531623,0.898893349794264,-5.44659213028995
"Rpl7a",-0.137461397003275,10.8143454037553,-0.907822773989607,0.380681073780945,0.904035365196544,-6.22824774009689
"Eif3d",-0.277226379067387,6.71462285426421,-0.906119269457588,0.38154849399227,0.904507790544839,-5.6852738303287
"Nr3c1",0.340418157749034,6.06715385818828,0.905405867203377,0.381912159923102,0.904507790544839,-5.50705053857393
"Sash3",-0.271053906169137,6.34878455519584,-0.905270266161128,0.381981311217189,0.904507790544839,-5.60475325980455
"Baz1a",-0.258096755563351,6.46418502853697,-0.903815136767813,0.382723912377636,0.904507790544839,-5.63352649251037
"Rps9",-0.113607700575492,12.3978874295821,-0.90160273760813,0.383854871202738,0.904507790544839,-6.41934848230641
"Mtch2",0.302622544454918,5.94825791094868,0.901277683781103,0.384021228714714,0.904507790544839,-5.4773178181115
"Plgrkt",0.253640758797847,6.43842241688079,0.901189750369271,0.384066240164142,0.904507790544839,-5.61697351610711
"Nckap1l",0.336347318217095,5.70079276381901,0.901084131590573,0.384120309198342,0.904507790544839,-5.389609548194
"Furin",-0.474996226130604,5.24209504196818,-0.900318686576285,0.384512316562867,0.904507790544839,-5.17264771352284
"Ndufa2",-0.208337714554942,8.08440327770185,-0.900310674303515,0.384516421337251,0.904507790544839,-5.9260911044477
"Rala",-0.362322270844264,5.89914043859251,-0.900166445790146,0.38459031630556,0.904507790544839,-5.46813288746127
"Ntan1",-0.282436713060386,6.44210563864418,-0.898804577937908,0.385288544047172,0.904507790544839,-5.63238567535634
"Rpl6",-0.127858031109382,11.8892827229304,-0.897843293370037,0.38578191541646,0.904507790544839,-6.35973007743937
"Mplkip",-0.40739184846575,5.55796015019291,-0.897599674603944,0.385907019360978,0.904507790544839,-5.32157847285897
"Mrpl21",-0.298072853360023,6.31206317288272,-0.896301039733614,0.386574366991797,0.904507790544839,-5.60361435137884
"Jak1",-0.18575075584322,8.35875122244868,-0.8962869203185,0.386581627065568,0.904507790544839,-5.96405747909175
"Minos1",-0.205275895292664,7.21202092365949,-0.89602730628623,0.386715134831684,0.904507790544839,-5.79300443696125
"Wbp11",0.321452388318904,6.18449840404175,0.895426718938119,0.387024110526097,0.904507790544839,-5.55595739179214
"Rbmxl1",0.365356065016101,5.69915990027353,0.894233733525925,0.387638349009266,0.904507790544839,-5.39536917270358
"Cd8a",0.263422450783006,9.16212930373963,0.893480581909775,0.388026470590692,0.904507790544839,-6.05825319579011
"Cyb5r4",-0.396349131444421,5.6499836668976,-0.893448261070589,0.388043132420092,0.904507790544839,-5.34172301818693
"Parl",-0.366734380136039,5.60699767787583,-0.891927397688964,0.388827710065487,0.904507790544839,-5.3460511862346
"Rnf125",-0.337736208838434,6.03235688590064,-0.891797581611098,0.388894729200468,0.904507790544839,-5.52151074739734
"Aurkaip1",-0.231489750498425,6.77553076044647,-0.891569630446967,0.389012430828098,0.904507790544839,-5.71071993961551
"Impa1",-0.32847782004314,5.75648309431421,-0.889650628943664,0.390004261851933,0.904507790544839,-5.42020379021022
"Diaph1",-0.240461406867174,6.89982783585763,-0.889456178192699,0.390104859241104,0.904507790544839,-5.73803544580846
"Rpl4",-0.127323176079412,10.7962127680767,-0.88926367034096,0.39020446889132,0.904507790544839,-6.24294076365013
"Aars",-0.312130969889956,5.82134365902152,-0.887330212511185,0.391205861330401,0.904507790544839,-5.44121945271058
"Clptm1l",0.291481713859136,5.87875661078487,0.886197465587809,0.391793354241303,0.904507790544839,-5.46251762115156
"Cdc42ep3",-0.256572263185363,6.36374094479454,-0.886016639653101,0.39188719408545,0.904507790544839,-5.62520716681037
"Cish",0.308564809278734,6.93629093309608,0.885231934668274,0.392294594657241,0.904507790544839,-5.74724806878701
"Naa38",-0.3223245257235,6.10004496929367,-0.885093710916399,0.392366387004984,0.904507790544839,-5.55133678534946
"Tpm4",-0.2641015975588,7.04058776087652,-0.884551272558701,0.392648211511975,0.904507790544839,-5.77056511419446
"Gm20186",-0.306165076743267,7.26374269979288,-0.881759040220617,0.394101093284102,0.904507790544839,-5.81400788442469
"Nr4a3",-0.298454535311147,7.55840114338945,-0.881192995897443,0.394396066818831,0.904507790544839,-5.86199857606973
"Uba2",-0.299952845620947,6.17243893638786,-0.880940176275131,0.394527862950259,0.904507790544839,-5.57692993175606
"Krcc1",0.250539857666476,6.44297389812179,0.880709835633969,0.394647966654164,0.904507790544839,-5.633729039221
"Gspt1",0.303840805183661,5.69105522456835,0.880685822230482,0.394660489095185,0.904507790544839,-5.40190160023806
"Vdac3",-0.287499911214003,6.2568339698487,-0.879960742829324,0.395038728204243,0.904507790544839,-5.60251712693884
"Chmp5",-0.365934004544624,6.17526486959112,-0.878484290364711,0.395809681178208,0.904507790544839,-5.58068140135661
"Nme2",-0.287075000124739,6.08629685290427,-0.878481114700832,0.395811340497808,0.904507790544839,-5.5515725074397
"Rapgef6",-0.230795194138798,7.46136933255925,-0.877624411744091,0.396259149191964,0.904507790544839,-5.84938364032528
"Dnajc5",-0.296108342114896,6.1770363683928,-0.877406976218088,0.396372859791492,0.904507790544839,-5.58217834490287
"Oser1",0.342934841998265,5.66594176556963,0.875698226800023,0.397267239360876,0.904507790544839,-5.40133679228907
"Chmp3",-0.391182775380253,5.64913209673569,-0.875403912633687,0.39742142439318,0.904507790544839,-5.36949691363256
"Runx3",0.188598108748523,7.62033994199568,0.874778294004463,0.397749307150385,0.904507790544839,-5.87905439064829
"Ppp1r15a",-0.200429399051545,7.3959921320594,-0.874513209651949,0.397888291252775,0.904507790544839,-5.84188281789468
"Ran",-0.198740050098913,7.94467218631485,-0.872560990886045,0.398912851878962,0.904507790544839,-5.93045893343597
"Itk",-0.187181230613018,7.91169781649691,-0.871972065236746,0.399222279976763,0.904507790544839,-5.92608886733088
"Gbp8",0.323341546452716,5.56288365403368,0.871683698271573,0.399373850180884,0.904507790544839,-5.36470883448382
"Fam111a",-0.408165953258148,5.89107274986515,-0.871504997245904,0.399467797706205,0.904507790544839,-5.48860576799612
"Rsf1",0.312147024093765,6.04043319976075,0.870754365897694,0.399862585711265,0.904507790544839,-5.52725826973814
"Cd53",-0.178735069644729,8.61038345052128,-0.870708451835859,0.399886742337683,0.904507790544839,-6.01520850049275
"Ech1",0.23860496554796,7.01025193043075,0.870505088028254,0.399993749340493,0.904507790544839,-5.7762929640251
"Sept2",-0.260397579221794,6.23773087061553,-0.869107427079051,0.400729699312632,0.904507790544839,-5.60630827656981
"Zfp638",0.488613952060209,5.40937778803549,0.868743666331399,0.40092138990069,0.904507790544839,-5.29309824176724
"Epsti1",-0.236270499792598,8.05129583479624,-0.868460987437099,0.401070395465757,0.904507790544839,-5.94924613296204
"Mrps14",0.240421252426414,6.87014270436898,0.868232248358509,0.401190995563869,0.904507790544839,-5.7504988444823
"Clec2i",0.285167912822944,6.21102643283006,0.867665345252573,0.401489993944675,0.904507790544839,-5.57279348787611
"H3f3b",-0.143064573575055,10.6029989533413,-0.86717321132671,0.40174967870783,0.904507790544839,-6.24206768979739
"Bloc1s1",-0.268836054840662,6.6471330540225,-0.866315067357961,0.402202766323493,0.904507790544839,-5.70516298239958
"Cycs",-0.19912343619587,7.3433794389841,-0.866192679457722,0.402267413326693,0.904507790544839,-5.84037709705008
"Mcmbp",-0.353666578920932,5.78060122117729,-0.865973139272736,0.402383395016544,0.904507790544839,-5.44042923811716
"Srsf11",0.204564674698815,7.21564247035584,0.865071297514089,0.40286006790786,0.904507790544839,-5.81738645148184
"Ddx3x",0.25495166731028,7.1852937684608,0.864286575818265,0.403275144711147,0.904507790544839,-5.81287039280068
"Pcmt1",0.282020049078737,6.18798759750018,0.863927358661299,0.40346524754281,0.904507790544839,-5.56731916980565
"Stx16",0.400827441519535,5.60054622295121,0.863762384777301,0.403552574211124,0.904507790544839,-5.3645862391712
"Atp6v1e1",-0.259132215602495,6.53772887150953,-0.863425776164404,0.403730792696069,0.904507790544839,-5.68382714908112
"Nelfb",0.33369858143781,5.61916622249129,0.862431195994306,0.404257684606781,0.904507790544839,-5.39467727104308
"Dock8",-0.270139860622059,6.13065740265734,-0.862326286559267,0.404313288617812,0.904507790544839,-5.57983953438489
"Limd1",0.301731169728511,6.00035941845941,0.862028162663226,0.404471327972899,0.904507790544839,-5.52755563267513
"Birc2",-0.311537467144837,7.0905033314949,-0.861857784353942,0.404561666316419,0.904507790544839,-5.79824427207611
"Trim27",0.318411570754317,5.93880131169362,0.859345316742003,0.405895401352667,0.906290609783495,-5.50307513376538
"Mphosph10",-0.322704077495246,5.73286174271226,-0.858579522799355,0.406302504839918,0.906290609783495,-5.41884307589967
"Zranb2",-0.266293621711363,6.09471852546636,-0.85849443835278,0.406347753404745,0.906290609783495,-5.57116272269403
"Rbm22",0.290412436179371,5.77230918590265,0.857414727445376,0.406922244633926,0.906836444686626,-5.45558694883638
"Sugt1",-0.278044728446468,7.12433941132402,-0.856275708703002,0.407528880278459,0.907064837828639,-5.81138932580892
"Churc1",0.325482200200502,6.49340119162879,0.855983860353973,0.407684414384072,0.907064837828639,-5.6648945763643
"Sorl1",0.199016588283519,7.02372471718728,0.854491550206123,0.408480327261288,0.907763368587625,-5.79185766211582
"Cyhr1",0.291396595415011,5.75494475604004,0.85311895561592,0.409213305171279,0.907763368587625,-5.44800593973113
"Pdcd10",-0.260596212093483,6.91721769309424,-0.853110528141489,0.409217808224827,0.907763368587625,-5.77234740760884
"Pdcd1",0.501533569890064,6.8285151577268,0.852876806418475,0.409342705942354,0.907763368587625,-5.74240092228718
"Smu1",-0.308650425640595,5.70816247905102,-0.851868734419775,0.40988169695163,0.907763368587625,-5.41751610147536
"Ndufa5",-0.235225414601731,6.83889388006144,-0.85158055782302,0.410035864637196,0.907763368587625,-5.7575084145722
"Gm12840",-0.351167173858242,7.73648306353103,-0.851070099419695,0.410309042601607,0.907763368587625,-5.91553335234181
"Cotl1",0.176120485161571,8.64197210402663,0.847750505083717,0.412088517863383,0.909164702488875,-6.03688559096115
"Pdia6",0.21798093071039,6.70351600932177,0.847337964210704,0.412310018904565,0.909164702488875,-5.73088165215674
"Pigx",-0.254206982178827,6.13613247006083,-0.846220996543013,0.412910136842671,0.909164702488875,-5.59500750378015
"Tmem176b",0.414112637710177,6.83236268498196,0.845956199605637,0.413052490374003,0.909164702488875,-5.75309129844253
"Nptn",0.233000996576661,6.75334541287733,0.845403344610882,0.41334980745544,0.909164702488875,-5.74281309791627
"Zfp644",0.251463646393373,6.21920873094431,0.844239783140278,0.41397601691145,0.909164702488875,-5.6066974719424
"Phf20l1",-0.299460030876583,5.94214093723305,-0.843355662128994,0.414452256365516,0.909164702488875,-5.52213216517373
"Ccdc107",0.295407180119452,6.34373762839141,0.842779121502605,0.414763010409393,0.909164702488875,-5.63795039704111
"Scaf11",0.312695350964443,6.25942030512491,0.842523899411509,0.414900623776286,0.909164702488875,-5.61321306767779
"Eif4g1",0.23747978475135,6.22157147755025,0.842359393401372,0.414989339900902,0.909164702488875,-5.60764988696844
"Svbp",0.295956810210868,6.20215870091426,0.841956725662882,0.415206546786511,0.909164702488875,-5.60440107046758
"Rap1gds1",0.39429457888598,5.26117060115629,0.841613511340028,0.415391742723671,0.909164702488875,-5.23548688335868
"Cox7c",-0.164265172372766,9.33784380438455,-0.84139141167027,0.415511615207397,0.909164702488875,-6.12241257407503
"D16Ertd472e",-0.264446878682005,6.57053969385829,-0.841281546766679,0.415570920374006,0.909164702488875,-5.70912436560006
"Bscl2",0.314832606052192,5.92345391874743,0.839095147192497,0.416752305125768,0.909599810087894,-5.51986809755749
"Eif1b",-0.28034418722793,6.61174415954686,-0.839059466517658,0.416771602972716,0.909599810087894,-5.7200967022207
"Ccnh",0.314243117350927,5.5004844015701,0.83880385914082,0.416909865155641,0.909599810087894,-5.36497457597426
"Cbx7",-0.33149398061957,5.8326555238802,-0.838465642915185,0.417092858371213,0.909599810087894,-5.48841703016572
"Hnrnpul1",-0.276828007324047,5.87499758803764,-0.836870619706894,0.417956566736514,0.910219482567337,-5.50485394798543
"Susd3",0.328775401299845,5.4693484017134,0.836215484939111,0.418311665229628,0.910219482567337,-5.34844801627481
"BC021614",0.381031660788149,5.77016081575106,0.835840300818187,0.418515113445495,0.910219482567337,-5.44757990840633
"Timm10b",0.24537313466712,6.37939301057579,0.835489396990872,0.418705454407046,0.910219482567337,-5.65548301587961
"Ndufs3",-0.27243324118801,6.36631613350164,-0.834887727920488,0.419031950883727,0.910219482567337,-5.6674493042261
"Cxcr6",0.215162335349776,8.84802449452016,0.833190826277212,0.419953680163427,0.910359009628787,-6.07286646326318
"Fam204a",0.315884870363894,6.06968773739341,0.832316407209869,0.420429171013562,0.910359009628787,-5.54749232454231
"Fdx1l",-0.399849855705431,5.71778172869374,-0.832081096902416,0.420557188310062,0.910359009628787,-5.41241811905229
"Mbd3",-0.329472984226203,5.90280504806479,-0.831267986852943,0.420999746856968,0.910359009628787,-5.52298897536079
"Fth1",0.117289637724973,11.2669927123307,0.83029669732682,0.421528800295503,0.910359009628787,-6.34526096202539
"Nmi",0.324123312827516,6.05128661625611,0.830292440457459,0.421531119938397,0.910359009628787,-5.54323308768088
"Vps4b",-0.292250267611262,5.84294733166699,-0.830238197205672,0.421560678773498,0.910359009628787,-5.49342805512156
"Csrnp1",-0.206592483680479,7.36875456959088,-0.829900921802495,0.421744501188027,0.910359009628787,-5.87450263140315
"Golga7",-0.352754050535841,5.80105735419274,-0.829117446446529,0.422171715431991,0.910436490601034,-5.46913313692864
"mt-Nd5",-0.17224321730363,9.29931063563552,-0.828300527085653,0.42261746851769,0.910436490601034,-6.12890301072904
"Klhl6",-0.255040411506202,6.16252348732809,-0.827932815955555,0.422818211321565,0.910436490601034,-5.61774130701958
"Srp14",-0.193991648848025,7.61359200036008,-0.827408297824983,0.423104667268408,0.910436490601034,-5.91696448505848
"Fkbp3",-0.184352669890485,7.74542712269135,-0.825304193108988,0.424255064301712,0.910588067262798,-5.93945958732696
"Cstb",-0.417692655032427,6.16753609501796,-0.824852978898344,0.424502027440028,0.910588067262798,-5.60618666580107
"G3bp2",0.184316796657917,7.29111499742378,0.824647922436512,0.424614292124169,0.910588067262798,-5.86415400059889
"Ppt1",0.37526572479569,5.27008581485386,0.823683257802989,0.425142689221525,0.910588067262798,-5.27221054735391
"Adrm1",0.275830306553814,5.90300858018502,0.822891674837848,0.425576601671791,0.910588067262798,-5.52503062320274
"Psmb5",-0.20935189517816,7.204635110911,-0.82269193947563,0.425686133927034,0.910588067262798,-5.853252363645
"Atrx",-0.2804883238127,7.26563737010624,-0.822641377472228,0.425713864390397,0.910588067262798,-5.86299407729105
"Map4k4",-0.267012332166022,6.96615327631823,-0.821635580844369,0.426265733626508,0.910588067262798,-5.80664910444718
"Rab18",0.270760037160583,6.132086989857,0.820847934484938,0.426698232485506,0.910588067262798,-5.58331585260431
"Zfp945",0.451952190530143,5.12495704126848,0.819237459394293,0.427583440555047,0.910588067262798,-5.18206644140542
"2810403A07Rik",0.281560912355589,5.77230918590265,0.818955163848625,0.427738729456308,0.910588067262798,-5.48545910194668
"Prkca",-0.213904079333747,7.19874283248819,-0.818578235028061,0.42794613283235,0.910588067262798,-5.85556024871102
"Cd63",0.452636751618403,5.4674639351948,0.818359507551802,0.428066516698215,0.910588067262798,-5.36685512583705
"Pten",-0.237890374222242,6.39252904635634,-0.818135855293422,0.428189633908073,0.910588067262798,-5.68741050343195
"Sesn3",-0.215753769224369,6.4710224299757,-0.817289455073354,0.42865577346469,0.910588067262798,-5.70632224281157
"Camk2d",-0.288487590351517,6.38592728900973,-0.81710754562414,0.428755999941847,0.910588067262798,-5.68661427924933
"Mfng",0.292528705223747,5.9213181153227,0.817020075065977,0.42880419894739,0.910588067262798,-5.53451849778405
"Arl6ip1",0.166037190331475,8.29074421292506,0.815234263421729,0.429789008330357,0.910970380522651,-6.02113993416287
"Ube2h",-0.299708544867576,6.28573781951618,-0.815016292965223,0.42990931171757,0.910970380522651,-5.66270372172257
"Cltc",-0.272869871000605,5.96057013662354,-0.814891823084705,0.429978019606691,0.910970380522651,-5.55910521163957
"Eid1",-0.31138946547837,5.73466899306638,-0.812920693830655,0.431067043138097,0.911530609178234,-5.46985878747147
"Ccm2",-0.370406009960593,5.67393237423907,-0.8125090432664,0.431294700789974,0.911530609178234,-5.42309790832858
"Lncpint",0.247507104667452,6.64736039013529,0.811744119753214,0.431717938479136,0.911530609178234,-5.7467067687789
"Evi2a",-0.210354196418462,6.84362464615275,-0.811406994387828,0.431904557943902,0.911530609178234,-5.79070924947362
"Lmo4",0.31652278675373,6.65528359932875,0.81133486087663,0.431944495043431,0.911530609178234,-5.73792072147483
"Prdx2",-0.209652027675123,7.52927111823798,-0.810817072616771,0.432231241588515,0.911530609178234,-5.91599944870366
"Fam174a",-0.292698289702771,5.86786421885912,-0.807951169469591,0.433820585691124,0.91292618612527,-5.52849593493265
"Ikzf3",-0.273537017873449,6.16611587519961,-0.807393796318497,0.434130127231131,0.91292618612527,-5.63490527142283
"Cnppd1",-0.421431941873894,5.40980120206104,-0.806277150696977,0.434750695080229,0.91292618612527,-5.33718044308854
"Ccnl2",-0.228022536861847,6.44267040501887,-0.805289204667095,0.435300217180372,0.91292618612527,-5.7092377503249
"Fam32a",-0.260614774179613,6.52488723382609,-0.804423074374913,0.435782351271374,0.91292618612527,-5.72845891756266
"Mdm4",-0.342523599956386,5.82316990351414,-0.804053923237632,0.435987945195371,0.91292618612527,-5.49882573917328
"Arrb2",0.274206996129281,6.41000558652552,0.803370205376351,0.436368898386267,0.91292618612527,-5.68688568609534
"Sf1",0.218855791112148,6.76714586076704,0.80333602132525,0.43638795065826,0.91292618612527,-5.78001683578108
"Sirt7",-0.281125720299211,6.44298471895687,-0.802971698482042,0.436591037124321,0.91292618612527,-5.71099779697574
"Cdc5l",0.319471351661371,6.25377082540189,0.801359664411306,0.437490373863695,0.91292618612527,-5.61491921729509
"Aldoa",-0.208306920064107,8.60353773386806,-0.801025672641253,0.437676853595186,0.91292618612527,-6.07235298541495
"Cdc37",-0.224376163228053,6.88577892819862,-0.800689041976371,0.437864858548267,0.91292618612527,-5.80816976664828
"Cox16",-0.3277810239838,5.89356770530826,-0.800434839448465,0.438006862667741,0.91292618612527,-5.52455662730447
"Cox20",0.257255865123851,6.23662268904519,0.799273871376954,0.438655786625602,0.91292618612527,-5.64709356590935
"Jtb",-0.23523186678385,6.19186787948738,-0.798718454144302,0.438966456263614,0.91292618612527,-5.64941049108686
"Plekha2",0.320903170578564,5.50675080486701,0.798045025982808,0.439343324536917,0.91292618612527,-5.39732682330728
"Tnfaip8",0.184037275316471,7.49566980925691,0.797922838597258,0.439411726141133,0.91292618612527,-5.92189317009788
"Chchd2",-0.147768673565858,9.55594525306491,-0.795997244441089,0.440490595454821,0.91292618612527,-6.1855897794997
"Chd2",-0.219501347458121,7.0818541603301,-0.794033903831794,0.441592363529388,0.91292618612527,-5.8536345177584
"Pou2f2",0.367460212446155,5.80405830306392,0.793728013822001,0.441764178905036,0.91292618612527,-5.50994650737659
"Immp1l",0.237317962217422,6.12801148256957,0.793357618285987,0.441972283770966,0.91292618612527,-5.61802118878313
"Maz",0.252410075234861,6.14237976703669,0.7932033594652,0.442058971849007,0.91292618612527,-5.61901074732924
"Ppp2r2a",-0.255651101071781,5.96680579689739,-0.791076417160915,0.443255350224252,0.91292618612527,-5.57933064084431
"Babam1",0.323187414520681,5.49007063606231,0.790980471851138,0.443309367079315,0.91292618612527,-5.39680608387007
"Ifnar2",0.261423579229778,6.64978198442096,0.790898205528349,0.443355686070407,0.91292618612527,-5.76138966725694
"Prex1",0.243782142848072,6.63304634630387,0.790688122488759,0.443473984668999,0.91292618612527,-5.7593385931734
"Snx6",-0.362216258337752,5.43898231982072,-0.790653063380388,0.443493728559657,0.91292618612527,-5.35366703736952
"Exosc8",-0.22218427056479,6.32941938764812,-0.789476866900637,0.444156441440613,0.91292618612527,-5.69356567589729
"Emc6",-0.211621621243855,6.62258181362685,-0.788697982288442,0.444595642359025,0.91292618612527,-5.762384973741
"Tma7",-0.158008745895951,8.60596344009268,-0.788411237949252,0.44475740291132,0.91292618612527,-6.08248292242772
"Snrpd1",-0.266101125792769,6.40841358468018,-0.788146218542141,0.444906941253877,0.91292618612527,-5.71416045626618
"Mitd1",0.288802861120276,5.75179125426185,0.7864888519697,0.445842845821195,0.91292618612527,-5.50268823197269
"Akap13",0.169095567112307,8.59211887235179,0.785586250334802,0.446353067370503,0.91292618612527,-6.08153157647359
"Qk",0.465516964361101,6.44165808566794,0.785278194078452,0.446527290234735,0.91292618612527,-5.70100545330253
"Gzma",0.699241843485807,8.0744027943467,0.785080933672814,0.446638874680506,0.91292618612527,-6.01243019716089
"Lamtor4",0.209025814961038,6.69665373755647,0.78456997761439,0.446927990232886,0.91292618612527,-5.77834785999382
"Cd40lg",0.561832956957957,6.22233516302699,0.78430504547636,0.447077944392049,0.91292618612527,-5.64146008888157
"Hmgb1",-0.145555674265786,9.13921112836534,-0.783845461588476,0.447338149355927,0.91292618612527,-6.1463744064265
"Ly6c2",-0.16678955878305,9.00932272036241,-0.783236110728892,0.447683297351011,0.91292618612527,-6.13196316314416
"Ndufa6",-0.197296976669399,8.00691450112953,-0.782868130291525,0.447891810604838,0.91292618612527,-6.01285807204772
"Nme1",-0.24448062840926,7.6440982824708,-0.782630732100553,0.448026363242519,0.91292618612527,-5.95683110673802
"Ski",0.298306182362524,5.94436027042491,0.781384787736113,0.448732961757837,0.91292618612527,-5.56516029697079
"Tespa1",-0.371929096504106,5.63081536188115,-0.78135970028035,0.448747196600763,0.91292618612527,-5.45136651703386
"Ier3",0.391892248415249,6.64681927851368,0.781089104595051,0.448900753220381,0.91292618612527,-5.75835481576797
"Stk11",0.313084360312617,5.45315521207887,0.780896180354797,0.449010253536193,0.91292618612527,-5.38102338788624
"Cct2",-0.167251294856662,7.61632723445009,-0.779495683949712,0.44980565885648,0.91292618612527,-5.9556394950829
"Cd69",0.18854032578357,9.03761803755579,0.778889196077309,0.450150388254401,0.91292618612527,-6.13885917743523
"Jkamp",0.528625078825909,5.06919129014789,0.778537681355453,0.450350266946226,0.91292618612527,-5.19743576405033
"Rpl29",-0.135142274565508,11.0511119816916,-0.778274592492201,0.450499901671919,0.91292618612527,-6.36342641883501
"Safb",0.482757995600065,5.22176477330996,0.778048749885821,0.450628377331577,0.91292618612527,-5.26317005157249
"BC005537",-0.235247156752725,6.82403276729749,-0.77769437104459,0.450830020569513,0.91292618612527,-5.81272275100948
"Brd4",0.24364465645501,6.34378778693378,0.777426133638218,0.450982686966096,0.91292618612527,-5.68753284674123
"Cct7",0.17368373579162,7.46252356476169,0.776843477740829,0.451314416480568,0.91292618612527,-5.93246057102725
"Pcbp1",-0.205002099287174,7.21901157913626,-0.776347530813189,0.451596900892194,0.91292618612527,-5.89212725775964
"Ube2s",0.159652185206138,7.98929391499602,0.776052835991022,0.451764807976778,0.91292618612527,-6.0135676952035
"Polr2j",-0.239640646892204,6.16394723475969,-0.775031579842422,0.452346990901474,0.91292618612527,-5.65838923559767
"AB124611",0.259368620928641,6.11376233024675,0.77429699626727,0.452766045194575,0.91292618612527,-5.62451670889673
"Gm19585",0.328780851102094,5.54045264730574,0.773537735974091,0.453199434724047,0.91292618612527,-5.42855313699871
"Api5",-0.352809486877803,5.56878454338888,-0.772686105955018,0.453685861355142,0.91292618612527,-5.41071163782347
"Vamp8",0.203781358233046,6.97668646565617,0.772503674113749,0.453790104082027,0.91292618612527,-5.84785674062442
"Cmpk1",-0.198982560662368,6.60403833254162,-0.772298855181389,0.453907156968503,0.91292618612527,-5.77087903916195
"Cytip",-0.177392278206746,8.39245927769973,-0.771621991754598,0.454294116325054,0.91292618612527,-6.07124833946781
"Atp5g1",-0.162229121048061,7.96458822819445,-0.771311592915273,0.454471639399984,0.91292618612527,-6.01568131212649
"Snhg12",0.166541192841345,7.50833528168235,0.770651127657109,0.454849517905341,0.91292618612527,-5.94511034967531
"Gm26740",-0.190859597594575,7.57166964768096,-0.770524347349786,0.454922076649229,0.91292618612527,-5.95460670928544
"AI314180",0.366676292312906,5.28852109490725,0.769027892411575,0.45577907754581,0.91292618612527,-5.32249125949234
"Eif2s1",-0.283845882200713,6.06273366730346,-0.768905612128135,0.455849150871263,0.91292618612527,-5.62966504617418
"Zc3h7a",0.320459094241724,5.88563866837508,0.768746224323501,0.455940499038602,0.91292618612527,-5.5652437957071
"Hprt",-0.172591916812027,7.09288315356008,-0.768335883611002,0.456175726135968,0.91292618612527,-5.87549800716388
"Pkm",-0.16325392039759,7.77732211707826,-0.766878476084351,0.457011800206854,0.91292618612527,-5.99066095371315
"BC031181",-0.181433389110132,6.96337501466554,-0.766362459166101,0.457308055753923,0.91292618612527,-5.85135612564594
"Ezr",-0.168840862942698,7.12756769845252,-0.764192436646558,0.458555230358001,0.91292618612527,-5.88515350532325
"Plk3",0.42768147498578,5.46135077880207,0.763719554339995,0.458827292734769,0.91292618612527,-5.39536007849915
"Ddx39",0.431106794739196,5.27598670420906,0.763106485354296,0.459180159243933,0.91292618612527,-5.28172921363441
"Gimap5",-0.243214513458327,7.22425334799369,-0.763073200530589,0.459199321992986,0.91292618612527,-5.90262391234535
"Ktn1",-0.317369694890193,5.79940677328235,-0.762887766610941,0.459306089252697,0.91292618612527,-5.5166860186271
"Atp5a1",-0.147921464319795,8.16835228156005,-0.762176902158613,0.45971552785748,0.91292618612527,-6.05052377867147
"Rad21",-0.245999953392856,6.2247305534104,-0.762013689533782,0.459809566195566,0.91292618612527,-5.68537107445906
"Atp11b",-0.28646003747532,7.0727696384989,-0.761696994700026,0.459992070898304,0.91292618612527,-5.87414332460754
"Sdha",-0.200104814736312,6.76532608293208,-0.761046836206642,0.460366886119715,0.91292618612527,-5.8133300388189
"Kcnq1ot1",-0.206519677116936,6.750787131734,-0.759808092499042,0.461081549150079,0.91292618612527,-5.81116600439129
"1110001J03Rik",-0.248135905172656,6.14988895339203,-0.759640941249536,0.461178036155797,0.91292618612527,-5.66568727514764
"mt-Nd4",0.0933016302490595,11.8073329450766,0.758361638761318,0.461916923908186,0.91292618612527,-6.4663262650847
"Ccng1",0.302619535618397,5.71069049446453,0.758211259751052,0.462003827039012,0.91292618612527,-5.50758753164618
"Smc4",0.182274155705728,6.85917653855561,0.756553496030154,0.462962516164709,0.91292618612527,-5.83661470629947
"Orai1",-0.222508938168339,6.57430620566833,-0.755917549090532,0.463330615479706,0.91292618612527,-5.77638110191342
"Nedd8",-0.160771106904117,7.55774909999855,-0.755866431416767,0.463360211383862,0.91292618612527,-5.96378495792693
"Cbl",0.275422295366225,6.02113463583099,0.755781226551171,0.463409545575389,0.91292618612527,-5.61143219998587
"Rabac1",0.13774018125363,8.80660032525713,0.753834766767689,0.464537451604815,0.91292618612527,-6.13134213888905
"Uqcrc2",-0.222669304401998,6.83855282251016,-0.752831237816427,0.465119629857185,0.91292618612527,-5.83461211955579
"Pde3b",0.299571473703133,6.23486252707024,0.752594538263689,0.465257012813316,0.91292618612527,-5.66717463539408
"Pitpna",0.218026581344471,6.77062381227437,0.752012009702415,0.465595226232594,0.91292618612527,-5.81854252136723
"Rb1cc1",-0.233952439329262,6.02958686662767,-0.751959635028647,0.465625642225429,0.91292618612527,-5.63054511621631
"Ndel1",0.295187312360427,5.60272474822545,0.750750501254985,0.466328176623048,0.91292618612527,-5.47046512064451
"Ppp2r5c",-0.277040529477188,5.81858986193064,-0.750608338449971,0.466410819754934,0.91292618612527,-5.55078641696532
"Ggnbp2",0.204117155570597,6.60671165200564,0.749733009846636,0.466919872872532,0.91292618612527,-5.7828639332752
"Rwdd1",-0.168953358909729,7.27491462834789,-0.749183521296009,0.467239607882366,0.91292618612527,-5.92196655417522
"Cd52",-0.10443979275641,11.3838101589002,-0.748740657941969,0.467497399039302,0.91292618612527,-6.42376706483416
"Kdm2a",-0.266720706689686,6.59941656977277,-0.747010183932071,0.468505555930901,0.91292618612527,-5.78766293975738
"Pik3cd",0.176580606643393,6.99523573233254,0.744269358393506,0.470105089558383,0.91292618612527,-5.87275931684453
"Cox6a1",-0.167676967781028,7.92275438823095,-0.744188242344573,0.470152479966934,0.91292618612527,-6.03001756942308
"1810058I24Rik",-0.203064234183693,7.0773000369256,-0.74356098975488,0.470519039388361,0.91292618612527,-5.89074843225057
"R3hdm2",0.441195819815713,5.11293946790731,0.743172134957293,0.470746370530883,0.91292618612527,-5.23949777580885
"Eif4e2",0.234394056345784,6.06685419567008,0.74294969575646,0.470876442809844,0.91292618612527,-5.62902509336524
"Tmed10",0.256093602467774,6.6004473460498,0.74284800364352,0.470935915110145,0.91292618612527,-5.78434656977777
"Ep400",-0.243547973052859,5.81438592861499,-0.742750619550878,0.470992872315747,0.91292618612527,-5.55178672678029
"Hnrnpm",0.173869265153833,7.0999082933948,0.742548941290213,0.471110841774109,0.91292618612527,-5.89333363828914
"Pdrg1",-0.299703434914724,5.67676572262146,-0.742415466620867,0.471188926340514,0.91292618612527,-5.49572491360857
"Arf6",-0.18198977139224,7.23783635101698,-0.742395026506482,0.471200884802197,0.91292618612527,-5.92079875122536
"Ncf4",-0.265087853962385,5.83738368380637,-0.742133485589334,0.471353915519258,0.91292618612527,-5.56663467645525
"Rpl7l1",0.408705446984346,5.41186183961956,0.741368540159018,0.471801670433595,0.91292618612527,-5.38909222223361
"Tpst2",0.209235190816098,7.16652021427158,0.741247244891608,0.471872693801655,0.91292618612527,-5.90634705775745
"Cd164",0.166702288514966,7.47597696682335,0.740955694220554,0.472043435711278,0.91292618612527,-5.96188199530788
"Emsy",0.297714966436541,5.56498825542164,0.740924394313672,0.472061768259381,0.91292618612527,-5.46240586910579
"Abi1",-0.201683664907897,6.26811321890324,-0.739802070483014,0.472719410579301,0.91292618612527,-5.71380444990298
"Cdk2ap2",-0.182589625538295,7.99239274471826,-0.73949031738565,0.47290218717134,0.91292618612527,-6.04372800941496
"Aplp2",-0.302080567740709,5.71659138381973,-0.739469193468924,0.472914573411932,0.91292618612527,-5.51717705483723
"Ptbp3",0.161114220097161,7.60545923455169,0.739130867887418,0.473112981588404,0.91292618612527,-5.9849706113204
"Stard3nl",0.251241239786767,5.68993481837241,0.738611423577765,0.473417705158044,0.91292618612527,-5.51224828744304
"Zfp706",0.173376701369424,7.2610513130637,0.738468608391146,0.473501506559516,0.91292618612527,-5.92510203452724
"Rbpj",0.319454732723523,5.89795401905079,0.738461690497635,0.473505566087966,0.91292618612527,-5.58555011228041
"Rsbn1",0.257929536493896,5.7630310594574,0.738124931757514,0.473703207326591,0.91292618612527,-5.53643084759161
"Rpl14",-0.111265556347812,11.5996439549039,-0.737561968540258,0.474033719764928,0.91292618612527,-6.45740076642559
"Ik",-0.219082944293163,6.3097368388825,-0.737521182600701,0.474057670467959,0.91292618612527,-5.72751665118228
"Cd6",0.262289504076473,6.39152409830543,0.736003976156883,0.474949147889083,0.913482010745361,-5.72601051168305
"2510039O18Rik",0.387586555274493,5.3329429935446,0.735899377768964,0.475010645587588,0.913482010745361,-5.34000265706414
"Tia1",-0.26446706683858,5.68409749416182,-0.734358399283268,0.475917217525583,0.914585847795495,-5.49616163266275
"Rrbp1",0.267575241012051,6.48153539872159,0.731936961661648,0.477343916605314,0.91668699068758,-5.75924445170732
"Tcea1",-0.221668670319345,6.36000200405079,-0.730597330246794,0.478134346151236,0.91713955089225,-5.74492599214733
"Rbbp7",0.187303755212086,6.49631812791812,0.729612543658148,0.47871591565315,0.91713955089225,-5.77080120561005
"Cxcr4",-0.191224386368941,7.08736079204647,-0.728441383230765,0.479408112113259,0.91713955089225,-5.90392694352626
"Chordc1",-0.297637124100565,5.82039928250614,-0.728144451725903,0.47958370612696,0.91713955089225,-5.56736501723529
"2700060E02Rik",-0.159634856680374,7.57596188586836,-0.727810698989915,0.479781121733005,0.91713955089225,-5.98758927238988
"Adh5",0.209467031722878,6.60331146907571,0.727698428201386,0.479847541354078,0.91713955089225,-5.79804800752982
"Ubb",-0.0971861846590037,11.3669624081375,-0.727194256316329,0.480145879690719,0.91713955089225,-6.43802862063095
"Synj2bp",0.28393946584444,5.69897098365245,0.726903567472852,0.48031794318945,0.91713955089225,-5.52034613471796
"Srp72",0.218950320063366,6.14395870724546,0.725814408149473,0.480962969179382,0.91713955089225,-5.67669858390736
"Serinc1",-0.218144599415737,6.72854802898321,-0.725725467370079,0.481015665348862,0.91713955089225,-5.83138464252581
"Thoc7",-0.2257326378189,6.00994745157869,-0.725333174782001,0.481248135250006,0.91713955089225,-5.6424417912666
"Sdhb",0.191911693958586,6.6297134950699,0.724642458859513,0.481657615253149,0.917284239574903,-5.80789776939522
"Lamp1",0.167646100134735,7.49524349664703,0.723529827555829,0.48231766747743,0.917307018301501,-5.97782234780715
"Crlf2",0.249446323397298,6.41171489384658,0.722992347626915,0.48263671679584,0.917307018301501,-5.75494139813186
"Itpkb",-0.180793131365008,8.25090281533945,-0.722935827526039,0.482670274720826,0.917307018301501,-6.09015484868181
"Pycard",0.186356682943263,6.87478042184992,0.722193375813435,0.483111225641916,0.9175109603006,-5.86506152144914
"Itgb2",-0.222779996610886,7.44847851604969,-0.720214840738769,0.484287497140699,0.91911015675426,-5.971562442166
"Gtpbp2",0.217198371296901,6.28841589707042,0.71894631428423,0.485042571256484,0.919908324796779,-5.71495762711515
"Hnrnpc",-0.171041082848671,7.56589926053328,-0.717769463228628,0.485743715110081,0.920603181635232,-5.99319383985206
"Actg1",-0.174448202223447,10.8517602939856,-0.71599434015853,0.486802458670284,0.92151239096802,-6.38906547048456
"Golm1",-0.351683242648769,5.45186620065818,-0.714898989675509,0.487456459198741,0.92151239096802,-5.42077855442707
"Ifng",-0.235749415804547,9.05616435389513,-0.714370928266842,0.487771938388588,0.92151239096802,-6.18891899352562
"Map3k1",0.307997095442078,6.07486790931586,0.712559020401085,0.48885536252501,0.92151239096802,-5.66425148983527
"Thrap3",0.199505108718275,6.56806184380001,0.712374561078258,0.488965740768965,0.92151239096802,-5.80310382154663
"Ubac2",0.235947734655755,6.23899253142387,0.71233508097629,0.48898936714199,0.92151239096802,-5.71796663433979
"Rock1",-0.185017325602695,7.09949545330254,-0.711315668698011,0.489599660186245,0.92151239096802,-5.91838930873108
"Tnfaip8l2",0.307728348913024,6.07192265001326,0.710613155760684,0.490020501846679,0.92151239096802,-5.66672526539366
"Pum1",-0.207664500299154,6.40661697193581,-0.710001808892449,0.490386907656182,0.92151239096802,-5.77075340996386
"Kmt2e",0.179817989446691,7.44666346921396,0.709729115849869,0.490550397241557,0.92151239096802,-5.97948217458293
"Sipa1",0.232240198190558,6.50838652919487,0.709649535839189,0.490598114594126,0.92151239096802,-5.78184177876235
"Chsy1",-0.268213309632436,5.71580662733502,-0.709347983366484,0.490778955282394,0.92151239096802,-5.52451191591656
"Zmiz2",0.254152464418255,5.89205312969559,0.708736472687698,0.491145800752091,0.92151239096802,-5.60785757063963
"Ivns1abp",0.247372262970106,6.43507188889669,0.707355786810033,0.491974681271384,0.92151239096802,-5.77227818566888
"Safb2",-0.232657140446105,6.01108164789621,-0.706780649589467,0.492320206908269,0.92151239096802,-5.65519389470583
"Agpat3",0.295495435240229,5.57452268431257,0.706111199642445,0.492722576433367,0.92151239096802,-5.48792497125394
"Mat2b",-0.198697827773093,6.73373529215998,-0.705953941459173,0.49281712430758,0.92151239096802,-5.84632274948878
"Rnf7",-0.225169410008693,6.49958755908771,-0.705168193457891,0.493289700409106,0.92151239096802,-5.79533660850925
"Cd2",-0.143459729243757,8.54079441980414,-0.704696136364474,0.493573742615708,0.92151239096802,-6.13771745999982
"Hif1a",0.354955390226212,6.24555131679601,0.704026552822534,0.493976806970279,0.92151239096802,-5.72062831541964
"Eci1",-0.300805860939033,5.65818071621208,-0.703572406177583,0.494250298595265,0.92151239096802,-5.50148436875281
"Apbb1ip",0.166453608545644,7.51143860437787,0.703409506831597,0.494348420306037,0.92151239096802,-5.99494378607725
"Ywhaz",-0.148589556088,8.03494945978253,-0.703383021472148,0.494364374749753,0.92151239096802,-6.07583304031
"Tomm7",-0.177512362610791,8.62546067599524,-0.703306987385984,0.494410178430245,0.92151239096802,-6.14846732860059
"Prrc2c",-0.167948722545359,7.96486067202329,-0.702990547239051,0.494600832388653,0.92151239096802,-6.06606597140968
"Wapl",-0.221879096085079,6.4697824947479,-0.702130800746367,0.495119048578264,0.921853340277743,-5.79057969913958
"Adam10",-0.218475104617912,5.93678036130181,-0.700653911698433,0.496010008442695,0.922887363475922,-5.63132126696379
"Me2",0.417858079180554,5.15649873072078,0.699811978717823,0.496518348273849,0.923002414954532,-5.29449423911893
"Mcts1",0.227815569478744,6.0031684877169,0.699439870414492,0.496743117866439,0.923002414954532,-5.64184986547143
"Tkt",0.164809256490913,6.87831648867576,0.698093217646849,0.497557062319591,0.923890561363184,-5.88240709925604
"U2surp",-0.174054022902075,6.6715465161892,-0.696688328711017,0.4984070531835,0.92434268609088,-5.83966443872662
"Nap1l4",-0.220162511384786,6.36059665102369,-0.69642095491909,0.498568918560929,0.92434268609088,-5.76898971115779
"Arhgap30",0.165570236725966,6.98770431401406,0.696024599221587,0.498808925875951,0.92434268609088,-5.90588380493016
"Hbp1",0.341002493581714,5.44084081149069,0.693387069204911,0.500407793992725,0.925312752170694,-5.42699711349648
"Tapbpl",0.212980963448039,6.14207097096666,0.693060729597577,0.500605832239445,0.925312752170694,-5.69869718941939
"Odc1",0.159264032348157,7.31930061452503,0.691506573405842,0.501549605892478,0.925312752170694,-5.96983458973219
"Gtf2b",-0.217641160597574,6.12081779701813,-0.691122590404766,0.501782945113616,0.925312752170694,-5.70362821138138
"Timm8b",0.28043993662318,5.58293269298663,0.690933680688113,0.501897765603451,0.925312752170694,-5.49994116789293
"Pafah1b1",-0.18939384125893,7.26028562182173,-0.690465525103674,0.502182380576463,0.925312752170694,-5.96142377922932
"Ywhae",-0.162918008207891,7.27159131006294,-0.689759377202252,0.502611863766639,0.925312752170694,-5.96385741376017
"Atf7ip",-0.195071390683363,7.19781319608393,-0.688953728983505,0.503102129210078,0.925312752170694,-5.9516454942098
"Ndufb5",-0.153156776794481,7.65293483131843,-0.687169499792464,0.504188902736517,0.925312752170694,-6.02905687507901
"Spag9",-0.221137538937725,6.30399701998196,-0.686877476282223,0.504366906219662,0.925312752170694,-5.76103066663963
"Fam103a1",0.186854466928717,6.6566894631432,0.686817414618021,0.504403521523884,0.925312752170694,-5.8395406649681
"Wdr82",0.259900263726356,5.72081582792333,0.686538413749079,0.504573629003453,0.925312752170694,-5.55780247871138
"Prpf8",0.233415021422235,6.10449019304709,0.685454717258971,0.505234682591174,0.925312752170694,-5.6805931781798
"Ubap2l",-0.211314916166505,6.45195244486955,-0.68537959725669,0.505280524639175,0.925312752170694,-5.79830113719207
"Ppp2r1a",-0.242301276884952,5.8766315661989,-0.683953335719155,0.506151367527019,0.925312752170694,-5.62099733853144
"Capns1",0.174641875689307,7.16769259084966,0.683936638220285,0.506161567876579,0.925312752170694,-5.946172834111
"Atp5g2",-0.129157380363824,9.08613040126189,-0.6838400779909,0.50622055801471,0.925312752170694,-6.21426529830395
"Mettl23",-0.152846412130306,7.33274895500738,-0.683271596832714,0.50656793407249,0.925312752170694,-5.97853959344426
"Ubn2",0.204778459929587,6.28102634434952,0.683245349425011,0.506583976201952,0.925312752170694,-5.74194729082609
"Ptges3",-0.158686342910554,7.41970761705904,-0.683175597485134,0.506626609281333,0.925312752170694,-5.99310789125338
"Rpa2",-0.328396394269857,5.67234785994834,-0.681859675188278,0.507431309924965,0.925312752170694,-5.51213634881678
"Lcp1",0.121365377661567,8.52019582642402,0.68174812284684,0.507499559939576,0.925312752170694,-6.14961983685365
"Rrp1",0.226400070021713,6.37072020702537,0.681387216051485,0.507720407122805,0.925312752170694,-5.77327885330231
"Park7",-0.137020154903113,8.17841830166645,-0.680244146590728,0.508420250470649,0.925312752170694,-6.11090911005663
"Bcl10",0.212808188573439,6.36836073135233,0.679477128698665,0.508890174103388,0.925312752170694,-5.77038004874197
"Dynll1",-0.14660435096858,8.19831025565228,-0.679412651776086,0.50892968835613,0.925312752170694,-6.11423791985765
"Rtn3",-0.212583624267634,6.18914646627286,-0.679376337784838,0.508951943936732,0.925312752170694,-5.73206256973328
"Samd9l",0.23200157850999,6.08287543636689,0.679286010677874,0.509007304752707,0.925312752170694,-5.68614002306083
"Trappc2l",0.217380865587101,6.11702458374529,0.679150683528375,0.509090252376095,0.925312752170694,-5.69905019534889
"Ybx3",0.192204335143814,6.63794387865846,0.677273146075118,0.510241891128603,0.926793395378903,-5.83987551235699
"Atp2a2",-0.305602911259337,5.60391509309946,-0.675857540411396,0.511111199894414,0.927171473880257,-5.51422103209615
"Gramd1a",-0.226015716744291,6.36394352845391,-0.675836142046552,0.511124347055443,0.927171473880257,-5.78296875027741
"Sdhd",-0.246766095734532,5.91463106285463,-0.670986336154357,0.514109168598775,0.927184068402509,-5.63988644657176
"Yeats4",-0.229115010268733,5.84399644470354,-0.670674288124548,0.514301566388808,0.927184068402509,-5.61453539325548
"Stx8",-0.244606730302777,5.74509897404244,-0.669519826833435,0.515013730926365,0.927184068402509,-5.56402698996263
"Efr3a",-0.223937784177605,6.46264324881895,-0.669309889544331,0.515143298768008,0.927184068402509,-5.81110913792164
"Gbp7",0.192282103940896,6.43835567576397,0.669051156574174,0.515303008122911,0.927184068402509,-5.80038066647888
"Atp5d",0.131386451204407,8.13041431437763,0.668740743297809,0.515494656430718,0.927184068402509,-6.10980690997939
"Atp2a3",-0.259142325823007,5.86729421650276,-0.668387989680262,0.515712495855104,0.927184068402509,-5.61329429649728
"Ubald1",-0.269365058155151,5.81648286939081,-0.667593064402549,0.516203590030814,0.927184068402509,-5.60852850262825
"Wdr89",-0.139395710692465,7.93519643636344,-0.667303179728479,0.516382744473296,0.927184068402509,-6.08629089875043
"Ccdc47",0.254054176235359,5.63042160711482,0.666622423620008,0.516803607105236,0.927184068402509,-5.53320909013046
"Dnajc9",0.213942598754222,6.39459816845686,0.666362228318292,0.516964519757933,0.927184068402509,-5.78335862746824
"BC003965",0.293660874403494,5.40326560765309,0.666318331457553,0.516991669771622,0.927184068402509,-5.44094844530597
"Map2k3",0.335527055815177,5.29260655324085,0.666059826912538,0.51715157046731,0.927184068402509,-5.37494703754127
"Arpc5",-0.155093557856625,7.99454973558222,-0.665561467339237,0.517459916959982,0.927184068402509,-6.09614046015905
"Crebbp",-0.18041801621639,6.48217388659141,-0.664876285619403,0.517884028588231,0.927184068402509,-5.81847258364405
"4933434E20Rik",0.356865697282212,5.76666409099083,0.664593770617454,0.518058957472893,0.927184068402509,-5.5749778500668
"Pdia3",0.154124852049694,7.6748659903585,0.664519402775677,0.518105010572106,0.927184068402509,-6.04850349403685
"Eef1a1",-0.0940416074364017,13.2304662529847,-0.664415387590717,0.518169427090926,0.927184068402509,-6.71621943019445
"1810043H04Rik",0.245537428561776,6.04974837011657,0.66406248663107,0.518388012933419,0.927184068402509,-5.67895051296959
"Pds5a",-0.272196843449026,5.69021436983361,-0.663026513991903,0.519029999757953,0.927184068402509,-5.53676333776223
"Fam65b",0.212060962177891,6.12509614984828,0.662819813518067,0.519158145984583,0.927184068402509,-5.70272271427188
"Pfn1",0.093360716664355,10.4835448553245,0.66276312067315,0.519193296533639,0.927184068402509,-6.38711472305108
"Ppp1r15b",0.244280318231112,5.78679845869787,0.662642563123104,0.519268048885481,0.927184068402509,-5.60013080781871
"Itpr2",-0.238417595383487,5.81989560507367,-0.661913696565117,0.519720119025928,0.927184068402509,-5.61330339583505
"Rsl24d1",-0.297053008675005,5.90684404709775,-0.661160426168472,0.520187564258566,0.927184068402509,-5.64329913857796
"Cpne3",0.266192351305404,5.78434794077921,0.661114105854064,0.52021631645505,0.927184068402509,-5.59769792955307
"Sgk1",-0.330430612199654,6.14054601802711,-0.660474313217801,0.520613545880001,0.927184068402509,-5.72575914604922
"Fuca1",-0.338087016308337,5.68101941300902,-0.660288587445609,0.520728890618778,0.927184068402509,-5.54850444697963
"Mphosph8",0.229541000419465,6.02300171621455,0.659998839683498,0.520908867520682,0.927184068402509,-5.68517862032833
"Mndal",0.224087512238818,7.58421451303543,0.658306801035717,0.521960594164873,0.928168495580045,-6.03792084724645
"Cox7a2",-0.140977024323638,8.27344799056594,-0.658023239366701,0.522136968240847,0.928168495580045,-6.13807816807526
"Pdcd5",0.168681885497525,7.1212183854625,0.656089234514056,0.52334082536834,0.929707538606546,-5.95789730459339
"Ptp4a2",0.162775167841104,7.75591907266993,0.65544343413998,0.523743170905511,0.929821639761236,-6.06717477712491
"BC017643",0.268122866878525,5.51018124675152,0.653461912277617,0.524978804046142,0.931414007178638,-5.49327987113339
"Mrps17",-0.290554058254239,5.43898231982072,-0.652281428067365,0.525715721872474,0.931655126010483,-5.4294059390702
"Polr1d",-0.121107321408334,8.20930549610729,-0.650470091657591,0.526847600820185,0.931655126010483,-6.13484106520831
"Mrpl52",-0.155765794777568,8.03435047168195,-0.649218170427034,0.527630722882642,0.931655126010483,-6.11262738045463
"Tomm5",-0.161773680986386,6.88041200585743,-0.648068278507408,0.52835060742612,0.931655126010483,-5.91610853792915
"Timm17a",0.258300012648726,5.64815861697085,0.646188345673655,0.529528736930626,0.931655126010483,-5.55701191872013
"Stag2",-0.231264660556321,6.03867994708889,-0.645239542381268,0.530123907425676,0.931655126010483,-5.70523229408023
"Coa3",-0.245372262778756,5.92995246306555,-0.645127028963842,0.530194510697471,0.931655126010483,-5.66282861180401
"Sppl3",0.280446152021914,5.51914332480072,0.644833929457982,0.530378458631473,0.931655126010483,-5.49664247981291
"Fkbp8",0.165253860124581,6.75693555217953,0.644468185510992,0.530608048800999,0.931655126010483,-5.89165694445762
"Agfg1",0.198455423283253,6.25448353188436,0.643692779689679,0.531094984824671,0.931655126010483,-5.75861738129878
"Hnrnpa2b1",-0.125037121422134,8.95027337248297,-0.642755066165999,0.53168418522726,0.931655126010483,-6.22646843280502
"Srsf5",-0.144604085475779,8.476834612837,-0.642276358156913,0.531985118376687,0.931655126010483,-6.17275864495433
"Ssrp1",0.191057738618182,6.4372714762448,0.641777868526052,0.532298589679938,0.931655126010483,-5.81777281055677
"Ppil2",0.239758267167183,5.82038132486872,0.640835062497391,0.53289175224906,0.931655126010483,-5.62118149731157
"Was",0.245479147072211,6.01102504164388,0.640359243599457,0.533191253952829,0.931655126010483,-5.68740251821577
"Sra1",-0.174188220062409,6.60345043695906,-0.639832916536416,0.53352265880197,0.931655126010483,-5.86247274825524
"Mapkapk2",0.295541586904063,5.47305602847997,0.639528904561557,0.533714134809542,0.931655126010483,-5.48696931252164
"Supt5",-0.219713170705348,6.13228414228541,-0.639101930103704,0.533983122001448,0.931655126010483,-5.74072024388567
"Ptp4a3",0.25720301616112,5.68671287465525,0.639054022191265,0.53401330801814,0.931655126010483,-5.5730954863712
"Nemf",0.27317900456306,5.58475774291339,0.63882213623908,0.53415942932782,0.931655126010483,-5.52973299748553
"Luc7l3",0.210881086843128,6.47358866190316,0.638712887839724,0.534228279278901,0.931655126010483,-5.8246558685383
"Psmd14",-0.217902736166623,5.84973773487575,-0.638178816459587,0.534564931164264,0.931655126010483,-5.63757981618484
"Reep3",0.402030263313666,5.23337138684193,0.637587293091795,0.534937937839828,0.931655126010483,-5.32619657355537
"Klk8",-0.143026965187609,7.45595397794705,-0.637080384746173,0.535257704390272,0.931655126010483,-6.02959658915518
"Nsfl1c",0.237292507094442,5.70597158304153,0.637078853507328,0.535258670485717,0.931655126010483,-5.58503073616099
"Anxa7",0.269681655192494,5.63533696489044,0.636976583682156,0.535323197209163,0.931655126010483,-5.5444609498625
"Thy1",0.135925360198548,9.05528410771903,0.636614815791553,0.53555148840936,0.931655126010483,-6.24270095028483
"Psmb3",0.183990021199735,7.79783410445572,0.635843358206801,0.536038495026396,0.931655126010483,-6.08570486681367
"Stk10",-0.235070708428354,5.9364892825967,-0.63553043308153,0.536236109944244,0.931655126010483,-5.67399408960645
"Srp19",0.185968148448039,6.15349888465828,0.634562223024408,0.536847803042769,0.931655126010483,-5.74017305767129
"Ndufs4",-0.176228217948484,6.59245272058947,-0.634381010462608,0.536962332675838,0.931655126010483,-5.8632713382034
"Ubl3",-0.15013167829437,7.50789445340456,-0.634376574028937,0.536965136755136,0.931655126010483,-6.03999154483988
"Creb1",-0.265751632027663,5.83251754235675,-0.633821168364581,0.537316249974361,0.931655126010483,-5.6149325824269
"Xlr4a",-0.389128660665227,5.16620664156416,-0.633310669115721,0.537639088468168,0.931655126010483,-5.32021423963623
"Tmem176a",0.293145840008199,6.58696955355127,0.632629902005097,0.538069773706917,0.931655126010483,-5.8559075844879
"Echs1",0.279513864775807,5.41818981465273,0.632516536177941,0.538141513090676,0.931655126010483,-5.46440457487939
"Asnsd1",0.21570286884203,5.84526605937334,0.631030306767036,0.539082515733508,0.931655126010483,-5.63485643997244
"Stt3a",0.270089069951564,5.50189838962133,0.630444083194816,0.539453935717882,0.931655126010483,-5.50581767182758
"Ndufs6",-0.17473026744691,7.01110155722355,-0.62997136918981,0.539753542767303,0.931655126010483,-5.95481394712535
"Mpc2",-0.19279024778766,6.7979042282851,-0.629925047326642,0.539782906673403,0.931655126010483,-5.91033761408285
"Glmp",-0.248240459482685,5.68781585444934,-0.629851520740939,0.5398295177728,0.931655126010483,-5.55473749671508
"Arf3",0.271171757369029,5.36942556610229,0.627224133031879,0.541496591864887,0.931655126010483,-5.43554053401221
"Ucp2",-0.143692437861281,8.4897018387028,-0.627201977154208,0.541510661976093,0.931655126010483,-6.18404103135233
"Abracl",-0.160889504000619,7.87178248532294,-0.627185746977086,0.541520969095284,0.931655126010483,-6.10288189958614
"Xiap",-0.226631619519599,5.77357345466295,-0.627087517922431,0.541583352676889,0.931655126010483,-5.60986754353366
"Rtf1",0.162835554241873,7.08919411243206,0.626735132826032,0.541807179451825,0.931655126010483,-5.97117834940367
"Ugcg",0.170520429910507,7.45131520479189,0.626701912640528,0.541828282804189,0.931655126010483,-6.03590466027507
"Madd",-0.262739851025273,5.63512214625,-0.626361842133102,0.542044341369782,0.931655126010483,-5.53252899355681
"Hnrnpf",-0.111320106809401,9.10365235302906,-0.626057865030928,0.54223750929239,0.931655126010483,-6.2548506341493
"Crebzf",-0.236178656806153,5.88134211068009,-0.625999623400607,0.542274524413209,0.931655126010483,-5.65904845545786
"Ube2i",-0.139893104832362,7.87747004215677,-0.625813733332769,0.542392675179194,0.931655126010483,-6.1047213880121
"Stx4a",0.212502465756742,5.88704313956748,0.624265776738958,0.543377106510301,0.931780366342338,-5.65376914593726
"Suz12",0.262798587972058,5.69550651089091,0.624166047758445,0.543440563845611,0.931780366342338,-5.58865517861142
"Usf2",-0.164270952788878,6.59111272819827,-0.624100811934047,0.543482075495676,0.931780366342338,-5.86956005662355
"Tmem167",0.156974774007396,6.78721050074325,0.623184256805778,0.544065495840078,0.932199447701069,-5.91156105968645
"Ptpn6",0.166547993494408,6.3862176740723,0.62202304967465,0.544805146753246,0.932303436629658,-5.8140197968278
"Traf1",-0.14832526625412,7.54077481687774,-0.621736690241052,0.544987634310543,0.932303436629658,-6.05338458242814
"Man1a",-0.281900765801632,5.72029185088105,-0.62142319864874,0.54518745129377,0.932303436629658,-5.58737691177917
"Tspan31",-0.214316151624716,5.91026057111251,-0.62096078351076,0.545482265286225,0.932303436629658,-5.67302027817243
"Kmt2c",-0.216675559363827,6.17457205989022,-0.619620314312639,0.546337385499382,0.933184975231863,-5.76672394563663
"Pgls",-0.145909190591349,7.23517275706631,-0.618426314352732,0.54709969538696,0.933488503217051,-6.00433415571528
"Fip1l1",-0.185965532482666,6.05118251866196,-0.617722809468654,0.547549124418893,0.933488503217051,-5.72672685079694
"Rps6ka1",0.259705648544935,5.58132028678699,0.617263753592263,0.547842499218461,0.933488503217051,-5.52768601230839
"Arhgap31",-0.216111734526107,6.78780734807597,-0.617216209524933,0.547872888797207,0.933488503217051,-5.91584907056115
"Spcs2",0.126512965454493,7.99037181476693,0.615353958937757,0.549063950292777,0.93493861504962,-6.12587305239122
"Actl6a",-0.295249249654084,5.45564469471041,-0.61449202236147,0.549615713399747,0.93529901723348,-5.49419421080755
"Il16",0.277751240744936,5.58805552446655,0.612620197449304,0.550815003745186,0.936673236872316,-5.55245567108434
"Snrnp70",0.18486795925311,6.81172679721286,0.611750514430113,0.551372705750131,0.936673236872316,-5.92309448832515
"Emp3",-0.140768630275477,8.3263606532083,-0.611637688946578,0.551445080180465,0.936673236872316,-6.17451928974619
"Atg101",0.261763075315084,6.02212147040174,0.608909099895834,0.553196986400519,0.937335086312636,-5.69840486764737
"Hnrnph3",0.293150145352439,5.83896262401514,0.608900781783022,0.553202331762379,0.937335086312636,-5.62926236314003
"Bag1",0.147053972016158,6.9743064049368,0.608843720546115,0.553239001055812,0.937335086312636,-5.96007149607142
"Ppp1r12c",0.237556211579253,5.5354329048623,0.608480275551201,0.553472593227977,0.937335086312636,-5.53208406775178
"Mrpl33",-0.155003375074303,7.69447793709417,-0.608377008429649,0.553538974607898,0.937335086312636,-6.08713178867816
"AW112010",-0.126458957796449,10.367384783351,-0.606725998798914,0.554600857027586,0.937901772283373,-6.41206560013751
"Trappc4",-0.183019312825867,6.5851074358305,-0.606144774070955,0.554974949709956,0.937901772283373,-5.87908816154735
"Lims1",0.238591645382632,5.92408216395406,0.605998003339854,0.555069437352709,0.937901772283373,-5.67242336110178
"Ppp1r10",0.230952240442356,6.12117036185179,0.605347696188209,0.555488196175708,0.937901772283373,-5.72776638663671
"1810037I17Rik",-0.125906435603125,7.94895480880315,-0.603463974750603,0.55670217464129,0.937901772283373,-6.12926638397666
"Idh3g",-0.238598140924849,5.80502571964553,-0.603426352177144,0.55672643554186,0.937901772283373,-5.64259870050227
"Fryl",-0.158149320975293,6.85143980756359,-0.602816122025212,0.557120022801783,0.937901772283373,-5.93803278332023
"Ttc39b",-0.170970048756118,6.42407266964362,-0.602751716978726,0.557161571732881,0.937901772283373,-5.84391325387837
"Cers2",-0.181454279339186,5.98030648956141,-0.602267306186518,0.557474128600709,0.937901772283373,-5.71019434497411
"Dusp10",-0.271141819751848,5.75391779558692,-0.60121596357462,0.558152816303658,0.937901772283373,-5.61817456298157
"Sap30l",0.175201342234011,6.24572740677161,0.601059036664865,0.558254158093803,0.937901772283373,-5.78755994286941
"Dnaja2",-0.183356059977357,7.37367582292995,-0.600726190679569,0.558469139788009,0.937901772283373,-6.03833038500722
"Rexo2",-0.160140302152118,6.82640235105347,-0.600574761347019,0.558566961306411,0.937901772283373,-5.93436445382117
"Etv3",-0.273877911447746,5.98560402984408,-0.600448702223047,0.558648401090969,0.937901772283373,-5.70193976679629
"Higd2a",-0.196349196054039,6.65689096852819,-0.599490306406272,0.559267778589837,0.938368756023217,-5.898732358001
"Psma7",-0.138634277723344,7.89313026389645,-0.597316227700668,0.5606741922745,0.940154895582241,-6.1247285123737
"Rab1b",-0.224708156613941,5.66650653194432,-0.596399838646942,0.56126757969859,0.940372206557053,-5.5780674216634
"Tmbim6",-0.124828046168029,8.11849653465008,-0.595613725949203,0.561776880679542,0.940372206557053,-6.15753959682752
"Cxcr3",0.18713249122186,7.06798190234687,0.594639091926819,0.562408666831302,0.940372206557053,-5.98628602154906
"Rac2",-0.114150066800043,9.64985545164686,-0.594563314674418,0.562457803954147,0.940372206557053,-6.33900952778097
"Arhgdia",0.125822483448138,7.70258886457231,0.593681483418397,0.563029790739298,0.940372206557053,-6.09792849404769
"Arid1a",-0.150379449245238,7.03908620225307,-0.593528066528761,0.563129334429261,0.940372206557053,-5.98329081741616
"Ppp2r4",-0.268328642025439,5.55589044557607,-0.592642304906618,0.563704241797636,0.940372206557053,-5.53509304311257
"Ssr2",0.212469339323533,6.0200055606766,0.592445927679751,0.563831744177604,0.940372206557053,-5.71770292120586
"Ssna1",-0.233854811519129,5.55639987198162,-0.592369500599984,0.563881370404575,0.940372206557053,-5.53588043904255
"Psme1",0.109434834754117,8.77939338305475,0.59149524827924,0.564449214397874,0.940748690663123,-6.23886497894937
"Ppp1cc",-0.135130936914932,7.55416791036827,-0.588776928820189,0.566216783767168,0.942049131025634,-6.07613624481404
"Stra13",0.170737890526763,6.41225237136525,0.58803024505742,0.566702830536268,0.942049131025634,-5.84075372463378
"Tob1",0.278743326514166,5.92516394120134,0.586383693168598,0.567775429503044,0.942049131025634,-5.68730428675417
"Bclaf1",0.158288587998895,6.67943123572944,0.586229661293312,0.567875824808014,0.942049131025634,-5.90953902446824
"Bcas2",-0.134733910089428,7.02031219151997,-0.585607556692421,0.568281398620695,0.942049131025634,-5.98434098928576
"Sema4d",0.230774815171981,6.10139352797714,0.585563959203573,0.568309827311567,0.942049131025634,-5.75861273386096
"Asxl2",0.207226907583468,6.33946949207427,0.58534963571499,0.568449592682572,0.942049131025634,-5.82633062527437
"Irf4",0.243556813550703,5.74418471752848,0.58474070313429,0.568846792333019,0.942049131025634,-5.62891463708051
"Ywhab",-0.135463849114682,7.31289818994296,-0.583004903606497,0.569979848952998,0.942049131025634,-6.03891507967637
"Txn2",0.166607236651638,6.7032318737277,0.582348572079066,0.570408588431614,0.942049131025634,-5.91750447006645
"Ergic3",-0.181867499811451,5.94386745037822,-0.58127236538443,0.571111977989593,0.942049131025634,-5.7085540066777
"Cyth2",-0.207951723447958,5.72678638434069,-0.580768730473803,0.571441303622161,0.942049131025634,-5.615631910838
"Rbm26",0.242968830697572,5.42677819809274,0.580389252055154,0.571689510473509,0.942049131025634,-5.49548615267819
"Uqcr11",0.160819702202309,7.28537597426673,0.580249923038305,0.571780656331429,0.942049131025634,-6.03393223276505
"Il10rb",-0.164186444704188,6.50861203335,-0.57960235540844,0.572204381836021,0.942049131025634,-5.87644443291325
"Fam96b",0.179199695523227,6.31182434600962,0.579589541240873,0.572212768267461,0.942049131025634,-5.81037582934032
"Cd48",0.120704449046194,7.51448249349124,0.579427915321863,0.572318552482482,0.942049131025634,-6.07540459653762
"Slfn1",-0.207217888166468,6.21735704566308,-0.579335799587585,0.572378846915304,0.942049131025634,-5.80351477353421
"Cd7",0.247072712756305,6.93882846613695,0.578925668108116,0.572647339846811,0.942049131025634,-5.9699872257504
"Baz1b",-0.254361490432697,5.50348617367226,-0.578186433132477,0.573131449796306,0.942049131025634,-5.52307013308039
"Apobec3",-0.140914847162195,8.00897425035464,-0.577570108868409,0.573535234222132,0.942049131025634,-6.15354604511287
"H2afv",-0.124469904198389,7.44585335848043,-0.577425223982414,0.573630177385954,0.942049131025634,-6.06461102617998
"Phgdh",0.173432743545654,6.66137938953526,0.577236256860692,0.573754020208152,0.942049131025634,-5.90793827044936
"Ube2m",0.1703058852251,6.69747643873551,0.577147250842429,0.573812356735376,0.942049131025634,-5.91655112540097
"Kmt2a",-0.138176978376883,7.07902628565286,-0.576838286139658,0.574014883515962,0.942049131025634,-6.00088296840891
"Zfp148",-0.188201066911699,6.1352838375181,-0.575333830326911,0.575001598061109,0.942049131025634,-5.77853277778736
"Sdcbp",0.173787120393852,6.86682254393128,0.575019949327616,0.575207573748055,0.942049131025634,-5.95819174869228
"Ubc",0.114929413680273,10.0966418903705,0.574205367948212,0.575742302373869,0.942049131025634,-6.40147008641206
"Apoa1bp",0.320611586068305,5.14268535204168,0.573809351211538,0.576002360932954,0.942049131025634,-5.36426493551921
"Anxa2",-0.186868528209803,6.61275542570255,-0.573713228015394,0.576065493037299,0.942049131025634,-5.90430074309492
"Kdelr2",-0.226244246407831,5.76872032564438,-0.573500275561556,0.576205369671588,0.942049131025634,-5.64571834427369
"Faim",-0.294670612227974,5.33313171682473,-0.573287068839162,0.576345431306822,0.942049131025634,-5.45600423763111
"Cited2",0.156673834169615,7.4319810641921,0.572522194631122,0.576848047227436,0.942049131025634,-6.06511441005774
"Stk17b",-0.111771359633348,9.43057003570414,-0.572478706035725,0.576876631508061,0.942049131025634,-6.32606569333511
"Slc20a1",-0.206128958769062,5.77997744903709,-0.571509541264013,0.577513840287197,0.942530006403437,-5.6421164681128
"Ncor1",-0.125173288409608,7.93409122652704,-0.570059755438046,0.57846774158635,0.942563031435703,-6.14700257216565
"Prr13",-0.141635960909305,7.79799212413052,-0.570055780839872,0.578470357853776,0.942563031435703,-6.12618890724173
"Ptprc",-0.10106712876573,9.7459160425659,-0.569916069776346,0.578562326204897,0.942563031435703,-6.36517332239864
"Anp32a",-0.139222625661274,8.02211000298023,-0.568412976735294,0.579552262034034,0.942636216830923,-6.16077605814299
"Peli1",-0.167919643768276,7.96824164922828,-0.567700989543122,0.580021486803663,0.942636216830923,-6.15345792014081
"Smc6",-0.171899916989596,6.24489649368787,-0.566617538118075,0.580735902304036,0.942636216830923,-5.81488756531983
"Nsun2",0.244377460922371,5.63477265611074,0.566560345568444,0.580773627242214,0.942636216830923,-5.59394662587197
"Zfand5",0.242708116132728,6.75655633212102,0.566301944123245,0.580944088167372,0.942636216830923,-5.93390239176915
"Fyb",0.134148329302753,8.46063706783318,0.565600135037357,0.581407186299128,0.942636216830923,-6.21621289960082
"Hnrnpa1",-0.130189476612043,8.05407496613627,-0.563879787157158,0.582543198519437,0.942636216830923,-6.16770306461271
"Ndufb10",-0.126277236695384,7.48640120732973,-0.562829540064382,0.583237287505158,0.942636216830923,-6.07990546260813
"Sys1",0.161834265859124,6.8062908433365,0.562388955498036,0.583528590308067,0.942636216830923,-5.95217235787675
"Fam49b",0.128778928023917,7.5416291559444,0.561602980879126,0.584048444373095,0.942636216830923,-6.09020898249087
"Tra2b",-0.114120402398912,8.34031977231086,-0.561266828429124,0.584270853802683,0.942636216830923,-6.20584374042066
"Ccdc53",0.205792576130404,5.75538011452012,0.561153789834397,0.584345653745596,0.942636216830923,-5.64659276267589
"Rap1b",-0.104309468888042,8.29413083406073,-0.560595693715136,0.584715030477775,0.942636216830923,-6.20070023528799
"Gdi2",-0.130206591487285,7.67138585325206,-0.5601023663771,0.585041641154842,0.942636216830923,-6.11182973487465
"Ccar1",-0.164262695875444,6.08831309342686,-0.55960806972208,0.585368988820318,0.942636216830923,-5.77314173108186
"Psmb7",-0.18361850865264,5.92385180286203,-0.559264850272119,0.585596341751962,0.942636216830923,-5.710257504009
"9930111J21Rik2",0.165914634862725,6.6609416806282,0.559194376739667,0.585643030000154,0.942636216830923,-5.92010498485476
"Ctage5",0.233938828824525,5.99937715664003,0.55887933820978,0.58585176460781,0.942636216830923,-5.73221560830275
"Ppp6r1",0.21317625931622,5.92993106698318,0.558579055566058,0.586050758430548,0.942636216830923,-5.71535897437173
"Puf60",0.163077454874986,6.36132260059479,0.55772503336894,0.586616900996187,0.942636216830923,-5.83941393494343
"Vamp2",0.174024931855096,5.99095060035669,0.557450198196636,0.586799153236234,0.942636216830923,-5.72839347640822
"Smdt1",0.146767630207685,7.25720840917739,0.557053465950387,0.587062291260193,0.942636216830923,-6.04276327153227
"Scamp3",0.1606020589789,6.21621818931135,0.556826757416308,0.587212686243063,0.942636216830923,-5.79897703703426
"Acbd6",-0.158514476191616,6.54189897795911,-0.556088227787028,0.58770275407825,0.942636216830923,-5.89817311719454
"Sec11c",0.132351466608901,7.57356970672628,0.555872762424569,0.587845770865424,0.942636216830923,-6.09890516397146
"Slamf7",0.255733291813986,5.66742602443995,0.555525711190369,0.588076166691024,0.942636216830923,-5.61504544172467
"Herpud1",0.196260373628812,6.81998200173649,0.554117971904253,0.589011197505618,0.942636216830923,-5.95998491867722
"Tnpo1",-0.284167779335019,5.30394823248591,-0.553909671186689,0.58914961764387,0.942636216830923,-5.432713603665
"Pbrm1",0.153927116142079,6.77541597059122,0.553190442634713,0.589627689129895,0.942636216830923,-5.95002002407725
"Pnrc1",0.108496667203684,9.40943239588998,0.552766894350967,0.589909315544395,0.942636216830923,-6.33583694903641
"Ndufa8",0.128338335930354,6.98777109396986,0.552549733960077,0.590053737109806,0.942636216830923,-5.99590982984412
"Vamp4",-0.238204717210511,5.54579877563226,-0.552370797534997,0.590172751705573,0.942636216830923,-5.54620865355238
"Ngly1",0.20552320642473,5.77071553806009,0.551983745728174,0.590430230836419,0.942636216830923,-5.65080575182599
"Ablim1",0.133775830683657,7.74476938460644,0.55162590221236,0.590668331218498,0.942636216830923,-6.12858356732534
"Chd7",0.188400233454688,6.3238667725386,0.550853890683845,0.591182177467708,0.942636216830923,-5.82929274818578
"0610010K14Rik",0.225779636989681,5.49383767942072,0.549947298981613,0.591785893279643,0.942636216830923,-5.54563037648956
"Ilf2",-0.206716770348646,5.59448802983802,-0.54920393812384,0.592281147293566,0.942636216830923,-5.57228256519444
"Tsc22d4",0.119699697297149,7.67552839999405,0.549126407965369,0.592332812969919,0.942636216830923,-6.1193006834985
"Cd3g",0.0796701926889037,10.2380262430807,0.54891506202414,0.592473664520377,0.942636216830923,-6.43183904288136
"Rab20",0.300202975877096,5.26517818015073,0.548809190403124,0.592544229156198,0.942636216830923,-5.43171011153526
"Dnajc19",-0.192542173823743,5.90038645334477,-0.548407135527611,0.592812242620109,0.942636216830923,-5.71016077884349
"Sf3b1",0.107840111702838,7.98498755646053,0.547770969492046,0.593236443877567,0.942636216830923,-6.16551517346779
"Tes",-0.150577818962004,6.56475240941303,-0.547605731723828,0.593346651394301,0.942636216830923,-5.9077877081861
"Llph",0.181011890608466,6.6383263207279,0.545680691562617,0.594631355863925,0.9441317717239,-5.91833338138679
"Serp1",0.225759338200018,6.61567140114206,0.544851382051968,0.595185246585474,0.944465913508398,-5.91034123578153
"Zmynd11",0.189022624553595,6.0971053769626,0.54392056871381,0.595807245193063,0.944907684129714,-5.77025936492461
"Gnai2",0.108806782038812,8.68801198351099,0.542308723853309,0.59688511507822,0.945911261835825,-6.25651292799211
"Ube2r2",-0.196756575479935,6.00737764449749,-0.541945746032476,0.597127982017088,0.945911261835825,-5.75368586259221
"Pcmtd1",0.204682928456018,6.03619005122831,0.541329825560649,0.597540207012068,0.946019326012197,-5.76142785055205
"Psmc5",-0.192172360054762,6.17468057053223,-0.54073966206116,0.597935329209483,0.946100204445384,-5.81132124531176
"Smarce1",0.218427404873269,5.95352009145769,0.539637022156649,0.59867391713006,0.94672413577209,-5.72830694843685
"Polr2l",-0.223686553655832,6.23209712369034,-0.537937298910527,0.599813360354953,0.947980885618461,-5.82979659920009
"Tpp2",0.176929673896943,6.31566389815213,0.537261672305684,0.600266585353711,0.948152274395581,-5.84104499578218
"Zfp292",0.147586975603936,6.74735949119736,0.536103382965655,0.601043994507952,0.948698699723908,-5.95232269995031
"Myl12a",-0.116059817776559,8.47477125592009,-0.534615314055797,0.602043488886678,0.948698699723908,-6.2371001731849
"Nab1",-0.186967556355126,6.12430082655676,-0.534516451454346,0.602109921867308,0.948698699723908,-5.79823660838806
"Gprin3",-0.186796795520224,5.83515703770061,-0.534010125914857,0.602450216880215,0.948698699723908,-5.68899187716957
"Pa2g4",-0.166879955066091,6.51906663872975,-0.533876803045956,0.602539837640949,0.948698699723908,-5.90503971873213
"Rab27a",-0.261253717304041,5.37168597450913,-0.533664727713292,0.602682410333697,0.948698699723908,-5.4762050354446
"Mrpl15",0.197794267631109,5.68199646638243,0.531774035475174,0.603954224749342,0.94974171326122,-5.62873517177811
"Rnf166",-0.223336424648841,6.23022030840546,-0.531460776421444,0.604165075505659,0.94974171326122,-5.8306526311776
"Slc38a2",-0.14264063772051,7.25859254191719,-0.531139902296,0.60438109025714,0.94974171326122,-6.05892086733118
"Fyn",-0.149241449206868,7.29145269177363,-0.530158720988801,0.605041869362918,0.949804735619404,-6.06498184478373
"Npepl1",0.208987012562327,5.48683944661078,0.529083156846522,0.605766627464382,0.949804735619404,-5.5535791336254
"Eif4a3",0.149579177729541,6.40727465509221,0.528760361395868,0.605984224866555,0.949804735619404,-5.87483886379859
"Txnip",-0.128085996795537,8.51508258996913,-0.528180133754162,0.606375456598706,0.949804735619404,-6.24525398097734
"Cst7",-0.13350604017893,7.09198958937431,-0.527841797146227,0.60660364617506,0.949804735619404,-6.03068640280296
"Arl6ip5",-0.152560295172491,7.33303561571252,-0.527157257860283,0.60706546203954,0.949804735619404,-6.07351002326426
"Nucks1",-0.142918088813309,7.05407723470134,-0.526943289186709,0.607209849408716,0.949804735619404,-6.02366844217747
"Hypk",0.147861100922134,6.44376262776169,0.526544632586574,0.607478911129885,0.949804735619404,-5.88689147406542
"Psmb6",0.17023888781725,6.81978877690325,0.526033940570122,0.607823674975325,0.949804735619404,-5.97326177562157
"Matr3",0.10877184194515,7.44339376625812,0.525097041208523,0.608456421856286,0.949804735619404,-6.09366207516307
"4930523C07Rik",-0.126123774455846,7.65612121990085,-0.524354755429873,0.608957967269372,0.949804735619404,-6.12919899053624
"Nfatc3",0.174267107222725,5.96568939449488,0.52332526471002,0.60965391144838,0.949804735619404,-5.7425269027119
"Yme1l1",-0.15383192322958,6.26429989544271,-0.523028176708759,0.609854818989876,0.949804735619404,-5.84737144824019
"Itga4",-0.124652314697055,7.71840781508489,-0.522992835171891,0.609878721109177,0.949804735619404,-6.14008688375249
"Mcl1",0.117618963148187,8.61995688935325,0.522704951659656,0.610073439290586,0.949804735619404,-6.25906196597184
"Ppp6c",-0.189244364845444,5.70849959845505,-0.522559484497645,0.610171841895075,0.949804735619404,-5.63671749797404
"N4bp2l1",-0.202842078412742,5.89437073287448,-0.522014922210658,0.61054028616473,0.949804735619404,-5.71987864124702
"Mlx",0.274233344719164,5.23035315674998,0.521577173884201,0.610836541559877,0.949804735619404,-5.43893265023293
"Ssr1",-0.179013006578941,5.9343255560017,-0.521360092181477,0.610983482658445,0.949804735619404,-5.73670088036937
"Med1",-0.201246804663406,5.82557635955951,-0.519981910349344,0.611916773668778,0.949905377571873,-5.68521498680006
"Guk1",0.175577063834735,6.17569655334071,0.519865603016198,0.611995568171271,0.949905377571873,-5.81451167638373
"Cnpy2",-0.197943557988644,5.66829608073806,-0.518953865890544,0.61261341512777,0.949905377571873,-5.62961437351963
"Etf1",0.178283013125653,6.00178765231331,0.518375313805115,0.613005636325858,0.949905377571873,-5.75556906021223
"Amfr",0.230714598052328,5.5497371260298,0.518297064723117,0.61305869372108,0.949905377571873,-5.58672955245439
"Sf3b6",-0.131275694567547,7.47923437077348,-0.517581740266774,0.613543830283085,0.949905377571873,-6.10304158017525
"Tmem189",0.18677628926453,5.66521752052364,0.517046230854997,0.613907139557576,0.949905377571873,-5.63391956927797
"Vasp",0.103289839965269,7.7620229878711,0.516937110665804,0.613981183736842,0.949905377571873,-6.15052926922273
"Alyref",-0.147147099875306,6.25089864294845,-0.516678027159502,0.614157004117378,0.949905377571873,-5.84437825718309
"Snx2",0.228794767896986,5.61626743737928,0.514814585394834,0.61542231279934,0.95070171712526,-5.61248705631409
"Hint2",-0.182980993259747,5.89141842464284,-0.51478422244498,0.615442940386663,0.95070171712526,-5.71882932905767
"Trappc5",-0.226905863506729,5.37852472864778,-0.514368315424274,0.615725528176773,0.95070171712526,-5.49708910936667
"Mta2",-0.178316469007686,5.67978438885756,-0.513837853668855,0.616086042764853,0.95070171712526,-5.63708572091694
"Ndufs8",-0.149967970893189,6.19293405515728,-0.513375399553838,0.616400422412487,0.95070171712526,-5.82938230400096
"Itm2b",0.084382067081497,10.3317094470129,0.512575720647929,0.616944235915641,0.951007090116599,-6.46177869832925
"Gna13",-0.142646607273011,7.21139946402855,-0.510976570190458,0.618032427979718,0.951215134784545,-6.06146944591545
"Fam195b",-0.230053141032832,5.56984138444021,-0.510958998191498,0.618044390620639,0.951215134784545,-5.56140370514522
"Pdcd6",-0.13477101524325,6.50245434921331,-0.510852507835658,0.61811688940363,0.951215134784545,-5.91274371995818
"Slc25a4",-0.129835678299417,7.65828817242121,-0.510123945099932,0.618613007662334,0.951334091415073,-6.13684165432333
"Cdk12",0.185413897033602,5.8682676962676,0.509479847281438,0.61905177139681,0.951334091415073,-5.71572023489529
"Gnptg",0.202080678671904,5.5319402832067,0.508740671433474,0.619555490396965,0.951334091415073,-5.5789199850316
"Snx5",-0.187545941906427,6.60748530058456,-0.508707722772255,0.619577948263417,0.951334091415073,-5.93804337557973
"Mknk2",-0.147761533434006,6.43734923778013,-0.507351070411636,0.620502990050989,0.952024760347386,-5.89812117496081
"Qdpr",-0.221627391921913,5.92797744832678,-0.506851841797269,0.620843561628335,0.952024760347386,-5.74110328555515
"Arl6ip4",0.274616721465508,5.44162244297454,0.506393797413048,0.621156117619744,0.952024760347386,-5.5431197538031
"Rcc2",-0.166041124088381,6.1347920351518,-0.506018120908735,0.621412525390385,0.952024760347386,-5.81450463829316
"Dennd1b",-0.196133808846539,5.6944802852421,-0.504531952128688,0.622427374169181,0.952517639272075,-5.64542293902287
"Dnajc8",-0.127523304809113,7.20739399663237,-0.50416767144148,0.622676250589382,0.952517639272075,-6.06401944226729
"Slc9a3r1",-0.169026189851093,6.55963204949368,-0.503564222250813,0.623088633132591,0.952517639272075,-5.92994943080577
"Bcl7c",0.211744275042244,5.68736630223061,0.503518738332805,0.623119721109259,0.952517639272075,-5.64719116413951
"Lsm4",0.127235648238031,7.30484364977911,0.501067819751902,0.624796020401903,0.954549475614019,-6.08111461278135
"Neat1",-0.175377756816934,7.26433528893909,-0.499266277711304,0.626029569406226,0.954823631894905,-6.07646020310732
"Kansl1",-0.172743187417902,6.66294811932589,-0.498583530893039,0.626497365561921,0.954823631894905,-5.95523773931009
"Gm10020",-0.18847399135821,5.795112772624,-0.498261522699608,0.626718053670023,0.954823631894905,-5.68674856443888
"Tpr",0.123186630684519,7.24557031246989,0.498018302602056,0.626884769230092,0.954823631894905,-6.07220852729684
"St3gal6",-0.140761908311489,6.8010654266601,-0.497993231779069,0.626901955275363,0.954823631894905,-5.98554336519805
"Cdk9",0.298344142794038,5.60476808147268,0.497764560738267,0.62705871970989,0.954823631894905,-5.6160730682926
"Ubn1",-0.171234935111619,5.82967793745017,-0.496263260562598,0.628088397829093,0.955353671954032,-5.70889298902275
"Ccdc124",-0.16537120949631,5.82348799294518,-0.496243998492965,0.628101614142869,0.955353671954032,-5.7053848815048
"Abhd17a",0.148049498913851,6.04241517132218,0.494535715425343,0.629274251966645,0.955822061271389,-5.78127729888562
"Tpm3",-0.0886741334903945,8.56747147004182,-0.494374017612354,0.629385302539427,0.955822061271389,-6.26883461095119
"U2af2",0.144023193076828,6.36343889584393,0.494229918774995,0.629484274427684,0.955822061271389,-5.88054795873078
"Eif3j1",0.155845690759469,6.22786767072946,0.493356192547848,0.630084538345344,0.955822061271389,-5.84190794584598
"Gpsm3",-0.135928110122539,7.03554205012796,-0.493032969735037,0.630306666984634,0.955822061271389,-6.03733887882369
"Atp6v0e",-0.108590798420824,8.1966554334852,-0.492454205741303,0.630704504917327,0.955822061271389,-6.22540875220475
"Zc3h15",-0.137174648060795,6.33673232406847,-0.492253407043789,0.630842560439117,0.955822061271389,-5.88096313996156
"Vdac2",-0.113123955317413,7.51289074783398,-0.490924707463659,0.631756447483571,0.955972041009745,-6.1226740098899
"Snapc5",0.21404013668047,5.46262596755383,0.490519686063714,0.632035149004184,0.955972041009745,-5.55198686261457
"Ahsa1",-0.193960526304112,6.58743044540894,-0.489603992138982,0.63266546813747,0.955972041009745,-5.94305034113396
"Zbtb8os",-0.197521608672723,5.77947434401815,-0.48959527966171,0.632671466819759,0.955972041009745,-5.68522859299031
"Nipsnap3b",0.171618629654691,5.65047064606777,0.489555690569298,0.632698724894715,0.955972041009745,-5.6417764707643
"Rtfdc1",-0.225009277719399,5.47521584932538,-0.488806109513554,0.633214935550725,0.955972041009745,-5.53059863036492
"Pebp1",-0.102938935506289,7.75166001147562,-0.48711517598402,0.634380158005806,0.955972041009745,-6.16395630589777
"Pkn1",-0.208445152896301,5.95720951073191,-0.486770288419675,0.634617944904874,0.955972041009745,-5.76117082208293
"Prdx1",-0.107397301714944,8.17852092471868,-0.486556034109921,0.634765686405989,0.955972041009745,-6.22555740213011
"G3bp1",-0.117731206682189,7.29845123143498,-0.486420663572036,0.634859041106678,0.955972041009745,-6.08868435493476
"Lax1",0.162559758373568,5.82543031192098,0.486392316370212,0.634878590826366,0.955972041009745,-5.70890987956618
"Oaz1",0.0760086253912458,9.85993437899993,0.486052364920913,0.635113061427202,0.955972041009745,-6.42387820968709
"Npm1",-0.0774843937463151,10.3100204841357,-0.483326771401604,0.636994432737618,0.957353521289482,-6.4753830108945
"Ube2q1",0.175519837392847,6.09373785951426,0.482881597397837,0.637301968763716,0.957353521289482,-5.80566575550875
"Erh",-0.124832994649732,7.43891075914492,-0.482842589477156,0.637328919632044,0.957353521289482,-6.11430971278658
"Prmt1",-0.149967441098821,6.40204849349748,-0.482326730300831,0.637685381181006,0.957353521289482,-5.90349706956617
"Bcl2",0.111973790393515,9.77477069620655,0.482202108740837,0.637771509455393,0.957353521289482,-6.41611104096261
"Otub1",-0.2171320281987,5.42641110004666,-0.480224097638722,0.639139282677926,0.958436857243015,-5.53629807402713
"Tmem14c",-0.156335146998012,6.62131885790762,-0.479445672717145,0.639677932694869,0.958436857243015,-5.95570295305528
"Serpinb6b",-0.451972551572313,5.86434132412371,-0.478446007625693,0.640369987458014,0.958436857243015,-5.6486448801713
"Tgoln1",0.126936778810267,6.91450899335652,0.47753791393211,0.640998952481305,0.958436857243015,-6.01939221359207
"Serpina3g",0.182086948435845,6.78542108104762,0.476104306558003,0.641992487396109,0.958436857243015,-5.9920916772319
"Sept7",-0.114747129446051,7.20584255883806,-0.475994704929113,0.642068474350255,0.958436857243015,-6.07785282332379
"Tubb5",-0.0931118610125045,8.68610686439622,-0.475326304452362,0.642531968140307,0.958436857243015,-6.29208604427057
"Srpr",0.166124568580609,6.09617635818258,0.475171540962681,0.6426393091571,0.958436857243015,-5.8124745018941
"Metap2",0.138489525188952,6.30452865180277,0.474986218201658,0.642767856504883,0.958436857243015,-5.86872606874144
"Hcst",-0.0949078081369829,9.70948916350999,-0.47495284107354,0.642791009502111,0.958436857243015,-6.41212357237515
"Psmb1",0.0980278232335784,8.50084353321642,0.474726781610116,0.642947832331272,0.958436857243015,-6.26971875898632
"Idh3b",-0.163090623121975,6.08399998812259,-0.473595969323157,0.643732571238882,0.958436857243015,-5.81529331467466
"Gpatch8",-0.144609796873033,6.09532886963154,-0.473448555873806,0.643834903156887,0.958436857243015,-5.8179499986998
"Fxr1",0.161524409985299,5.95346053010651,0.473396504376412,0.643871038231691,0.958436857243015,-5.75510107262096
"Tuba1b",-0.138880648020491,7.81371068147781,-0.473269686630498,0.643959081313827,0.958436857243015,-6.18034874010735
"Dpysl2",-0.196410728966376,5.73337946323036,-0.473110552302666,0.644069568067306,0.958436857243015,-5.68237329562943
"Ybx1",-0.0820962598050244,8.91531797439906,-0.470506613633315,0.645878729556176,0.960154053200421,-6.32074121035207
"Krtcap2",-0.0980091051930054,8.30274869587897,-0.470444637967493,0.645921817607556,0.960154053200421,-6.24936335380313
"Pdcl3",0.160198691814343,6.02252888080073,0.468469083702251,0.647296001612037,0.960595273402691,-5.78886316725989
"Rchy1",0.168079454422862,6.16716899697188,0.468136243222895,0.647527656344797,0.960595273402691,-5.82656533630793
"Serpinb9",-0.182922287259547,6.64377393223402,-0.467905414221163,0.647688334241741,0.960595273402691,-5.96565096776097
"Rnaseh2c",-0.108771412927181,7.03808049124257,-0.467366075017532,0.648063834869425,0.960595273402691,-6.05057074555262
"Gng2",-0.114695215093549,7.2101431945519,-0.466883431698139,0.648399947553318,0.960595273402691,-6.08303228568852
"Psmd11",-0.134978530871666,6.46011856582772,-0.466522606558271,0.648651278535401,0.960595273402691,-5.92431622179821
"Cdv3",0.165943832826757,6.40719078722478,0.466504645957126,0.648663790075926,0.960595273402691,-5.90613259916236
"Rbmx",0.263065742871794,5.28162248970776,0.46462505671745,0.649973745001231,0.962017114506666,-5.45801197389499
"Rps6kb1",0.197835881405132,5.64232041396769,0.463468534634779,0.650780370945131,0.962304158251985,-5.65014800951686
"Zfp512",0.333323351152438,5.07322830709211,0.463343593314752,0.650867539763161,0.962304158251985,-5.35794023519789
"Ptms",-0.160239128144144,6.19619335624705,-0.461237672599013,0.652337598615545,0.962575152401446,-5.85769887729984
"Kdm5a",-0.161672240344044,6.09788700844645,-0.46096430548596,0.652528536426004,0.962575152401446,-5.82529482232096
"Denr",-0.140105779107701,6.56435278185978,-0.460829856271652,0.652622454078016,0.962575152401446,-5.95092660594541
"Phb",0.161871755729565,6.53165080761186,0.459805886270777,0.653337936599872,0.962575152401446,-5.94124723476132
"Csde1",-0.104076455658223,7.46026552681165,-0.459609639127981,0.653475101943974,0.962575152401446,-6.12914440816581
"Clk1",-0.0907040212127441,8.80598053319991,-0.458835487595759,0.65401631677634,0.962575152401446,-6.3138437570233
"Dctn3",0.114748178234798,6.68930664717581,0.457299617625904,0.655090657673573,0.962575152401446,-5.97936410523246
"Rc3h2",0.155298280457769,5.99347626728483,0.45570353330411,0.656207966729873,0.962575152401446,-5.78365906681512
"Ndufc2",-0.118350638088917,6.84636432810036,-0.454971171851618,0.656720931449879,0.962575152401446,-6.01577983086122
"Rnf13",0.139289881816714,6.05826168298266,0.454512001418076,0.657042638682806,0.962575152401446,-5.80346118115108
"Gtf3a",-0.146165529884471,6.16701620298653,-0.454258014623709,0.65722061930446,0.962575152401446,-5.85042168847881
"H2afx",0.180527349370547,5.50455990885752,0.453443504921737,0.657791531875692,0.962575152401446,-5.59307023242585
"Aimp1",-0.105013887886978,7.01807521509348,-0.453053156783366,0.658065217096544,0.962575152401446,-6.05330693234096
"Bptf",-0.108760097906343,7.28182405602145,-0.452631727931047,0.65836075161949,0.962575152401446,-6.10192053774754
"Snx20",0.210663762992682,5.36646646121737,0.452106461351985,0.658729187936656,0.962575152401446,-5.53455391320131
"Wdr43",0.19175687328924,5.86607443367897,0.451526846740032,0.659135853188726,0.962575152401446,-5.74321534925406
"Xrn2",0.110237171187112,6.90376492694517,0.450455106380639,0.659888097745834,0.962575152401446,-6.03057283671551
"Msl2",-0.196097223846334,5.53947359345894,-0.45037470006482,0.659944549740394,0.962575152401446,-5.59925987822155
"Pigp",0.139924641342726,6.04315024564373,0.44963389728623,0.660464757599351,0.962575152401446,-5.80212110527642
"Srpk1",0.111703608697285,7.17416800522932,0.449465993953525,0.660582688551656,0.962575152401446,-6.08296866552351
"Luc7l2",0.108029717050397,7.91602182180677,0.449442640334233,0.660599092277224,0.962575152401446,-6.206213711718
"Csnk2b",0.129542261834146,6.89233505750074,0.44920574773105,0.660765497421082,0.962575152401446,-6.02883634096149
"Acin1",-0.13761282701878,6.35768997495386,-0.448887538630021,0.660989052889685,0.962575152401446,-5.90640693082881
"Prrc2a",0.16942420021408,6.14678151544786,0.448575359720551,0.661208404823148,0.962575152401446,-5.82308639001451
"Tmem123",-0.192943949867738,6.2857030922777,-0.447022076755798,0.662300300517355,0.962575152401446,-5.88906568886297
"Tnfrsf1b",-0.111543355522618,6.88360712845904,-0.446875827077439,0.662403149677582,0.962575152401446,-6.02748736771656
"Gm16286",-0.124621578831664,6.69391904913586,-0.446333438451946,0.662784643321297,0.962575152401446,-5.98676688216388
"Sumo1",-0.119786629420724,7.79304897678385,-0.445945126658742,0.663057825939033,0.962575152401446,-6.18988771786153
"Pea15a",-0.231865386167438,5.29479744925034,-0.445571738377994,0.663320557020546,0.962575152401446,-5.4880752889557
"Vapa",-0.107256652248296,7.13370796225556,-0.445340876859649,0.663483023727958,0.962575152401446,-6.07909218796151
"Zfp36l1",0.0917718055906583,8.85395784503479,0.445268422743665,0.663534016313226,0.962575152401446,-6.32553291440901
"Gimap1",-0.093905184136911,8.39807482292194,-0.44405192177212,0.664390439880226,0.962575152401446,-6.27316459878516
"Etnk1",-0.128287679524924,6.1369570130095,-0.4436041277226,0.664705813171843,0.962575152401446,-5.84489821561038
"Trnt1",0.205675592577278,5.29536221562503,0.443431563207866,0.664827365011326,0.962575152401446,-5.49473754381097
"Cd44",-0.179027494902355,6.36956835249457,-0.443361869400593,0.664876459076656,0.962575152401446,-5.9134481621273
"Cct5",0.108093153203196,7.32523204298817,0.442139634616975,0.665737693498786,0.962575152401446,-6.11379909566019
"Mkrn1",0.108943249473339,6.80473465091208,0.441666342554894,0.666071326402683,0.962575152401446,-6.01282809848377
"Frat2",0.181518075741428,5.60678188322506,0.441467194766888,0.666211731742635,0.962575152401446,-5.64537772382633
"Evl",0.103630779749254,7.38559863654019,0.440993911888113,0.66654546336451,0.962575152401446,-6.12494371238659
"Rnf149",-0.164062481053615,6.02400463392917,-0.43990767344175,0.667311695266845,0.962575152401446,-5.80634199544442
"Ddx5",-0.0658337762582751,10.3751442337023,-0.439558736747464,0.667557917546403,0.962575152401446,-6.50317033713334
"Serpinb6a",-0.145577087224613,6.04061020932643,-0.439537418884362,0.667572961497367,0.962575152401446,-5.81495560984895
"Dap",0.129532567301089,6.29752563511012,0.438774299866312,0.668111590800876,0.962575152401446,-5.88839985868141
"Rbbp6",0.109359075862537,7.0119787248652,0.438403314534749,0.668373511134448,0.962575152401446,-6.05780870191296
"Pcbd2",-0.135015084248884,6.208336588681,-0.437891254650129,0.668735106197801,0.962575152401446,-5.87157418245522
"Lsm5",-0.132147019353016,7.19289857465532,-0.437132816470917,0.669270841416806,0.962575152401446,-6.09377266975446
"Gna15",0.205811262964799,5.57168881044822,0.436252987999493,0.669892559016288,0.962575152401446,-5.62803352816181
"Pde7a",0.121717136645948,7.29505929207092,0.43605169875311,0.670034832691292,0.962575152401446,-6.11072179710973
"Rap1a",0.0994648113197742,7.54176367344918,0.435937867288635,0.670115296019422,0.962575152401446,-6.15411374449355
"Pkn2",0.144626849329797,5.79773032803075,0.435322103998282,0.670550630224665,0.962575152401446,-5.72409675793389
"Nt5c",-0.135254812123507,6.78899161687501,-0.43525857241822,0.670595553031638,0.962575152401446,-6.01218985087531
"Eif2s2",-0.0899280383957813,8.09155994170082,-0.435241013885189,0.67060796879991,0.962575152401446,-6.23850570635428
"Hn1",0.0831813415849201,8.14791448991128,0.434618755760771,0.671048037161413,0.962575152401446,-6.24427980833441
"Phc2",0.178995943570454,5.90849850971102,0.433329771687832,0.671960024118713,0.962575152401446,-5.76706185889121
"Cbx4",0.133319925748928,6.79964523023014,0.433318426762005,0.671968053329012,0.962575152401446,-6.01527686685579
"Ly9",-0.192144103395031,5.51595230393646,-0.432904092080299,0.672261321544333,0.962575152401446,-5.59878705471812
"Epc1",-0.215042581078428,5.47826439615969,-0.432622848037919,0.672460419366464,0.962575152401446,-5.5873095688143
"Tnfrsf18",-0.172449845706317,6.59353860455332,-0.43208966690921,0.672837938712831,0.962575152401446,-5.97114214837648
"Rhoa",-0.0816789624435697,8.48351691449693,-0.431475389024828,0.673272993242582,0.962575152401446,-6.28901406349237
"Ifi30",0.221799462590472,5.98961040861503,0.430927092678992,0.673661420678043,0.962575152401446,-5.79975478785006
"Rab1a",0.176819272661004,5.99186250838528,0.430903380247954,0.67367822138346,0.962575152401446,-5.7934306912882
"Bola3",-0.129208353335376,6.06431760502963,-0.430845987233508,0.673718886173539,0.962575152401446,-5.82630632151551
"Rbm25",0.101284503693566,7.66140067661429,0.43044316527112,0.67400432850144,0.962575152401446,-6.17641547148708
"Ass1",0.179723647162372,6.4154522482726,0.430174910309342,0.674194444930847,0.962575152401446,-5.92878717658487
"H2-T23",-0.0843336850769343,8.62836404631612,-0.430060081557169,0.674275832964612,0.962575152401446,-6.306631057295
"Fis1",-0.094627340010192,7.53763277189673,-0.429981691308096,0.674331396660826,0.962575152401446,-6.15562306108966
"Fam46c",-0.195167475817688,5.74581825131527,-0.429621339069061,0.674586843084362,0.962575152401446,-5.68152255786993
"Rbbp4",-0.113064150200313,6.94001386393243,-0.426928317684936,0.676497200240001,0.962575152401446,-6.04860603781164
"Sepw1",-0.0751231987513074,8.85665010298518,-0.426910219142267,0.676510046774753,0.962575152401446,-6.33423849461976
"Bri3",0.110337540480316,6.93745377735047,0.426902046225369,0.676515848031165,0.962575152401446,-6.04816627440799
"Ngdn",-0.157817626446762,5.99634626538301,-0.426555581209735,0.676761793766235,0.962575152401446,-5.80390268144841
"Tgif1",-0.158576420866768,6.71834121455172,-0.426526398149747,0.67678251176117,0.962575152401446,-6.00076338608897
"Srsf3",0.0916198981458965,8.18183087807708,0.426439788211645,0.676844000561559,0.962575152401446,-6.25216040564526
"Tra2a",0.102936685691733,7.81241012496621,0.425580103705299,0.677454465137625,0.962575152401446,-6.20219670741259
"Tsnax",-0.163357251037942,5.81478923158355,-0.425416683013991,0.677570537534322,0.962575152401446,-5.73014398550128
"Eny2",-0.142065562312376,6.35712001564295,-0.425155382359101,0.677756148702749,0.962575152401446,-5.91630694304413
"Tnrc6c",0.12023581390866,6.57679021570939,0.42480800857311,0.678002934618764,0.962575152401446,-5.96482511349833
"Sla2",-0.158969245368977,5.8766315661989,-0.423433583403118,0.678979751419697,0.963464559548074,-5.75950777164164
"Cmtm7",0.115056589849464,6.94603216972568,0.422324844721592,0.679768182922148,0.963932222854758,-6.05067014355015
"Rnps1",0.165469502617311,5.59832299981429,0.421920741730574,0.680055640920204,0.963932222854758,-5.64997237894796
"Sep15",-0.100358211136013,7.77474423910496,-0.420991464676562,0.680716878253101,0.963932222854758,-6.19826430678625
"Stk4",-0.1376611496105,6.68838333629066,-0.420953269678946,0.68074406221355,0.963932222854758,-5.99676626363543
"Ccdc59",-0.171701996572483,5.48417007884813,-0.420347780404159,0.68117506018447,0.963932222854758,-5.59814151496049
"Ndufb2",0.131909576101583,6.66322397314898,0.419495979825206,0.681781584337612,0.963932222854758,-5.9889932755217
"Cd247",0.148684656437223,6.47436257360256,0.417704198856302,0.683058172915675,0.963932222854758,-5.94686203898624
"Nras",0.164071247680241,5.54763252464184,0.417549733668307,0.683168272226052,0.963932222854758,-5.63026836310123
"Rad23a",0.133762669902943,6.04667940188973,0.417352396505915,0.683308940701004,0.963932222854758,-5.82195664087754
"Atp6v1g1",-0.0907218988375007,7.42837969186614,-0.416791452694686,0.683708867326903,0.963932222854758,-6.14283370504633
"Rbx1",-0.10415939302393,7.84390622698651,-0.415962897410852,0.684299770276376,0.963932222854758,-6.21113559925107
"Herc1",0.152101060999274,6.09301510740911,0.41586299020207,0.684371036004918,0.963932222854758,-5.82989988522082
"Pfdn2",-0.099873743624935,7.00390262562673,-0.415417043772121,0.684689176537846,0.963932222854758,-6.06696932897257
"Mapk1",-0.129230137542263,6.28064414593709,-0.415144607430969,0.684883564909045,0.963932222854758,-5.90045664906774
"Gadd45gip1",0.148348615352407,5.78687605423657,0.414914635294102,0.685047672485981,0.963932222854758,-5.72772165448675
"Slc50a1",-0.106635351487519,6.79959227103828,-0.414910434330856,0.685050670438414,0.963932222854758,-6.02340244765701
"Tecr",-0.0937529961871003,7.17494469268601,-0.414279658235681,0.685500877082315,0.963932222854758,-6.10014438516197
"Nxf1",-0.134460206368022,6.60059301677169,-0.414114606225169,0.685618701055966,0.963932222854758,-5.98006683362349
"Casp4",0.238328244161138,5.71944630085693,0.413439230172683,0.686100913991095,0.964117278219474,-5.70099684422394
"Arl4a",-0.206010676266973,5.83978371431438,-0.412626880867062,0.686681114446232,0.964439767480663,-5.74919780116878
"Swi5",-0.106591146694813,7.31144381167086,-0.412117945960839,0.687044714091733,0.964454436742426,-6.12487864038034
"Ube2d1",-0.163637231608892,5.50011730352401,-0.4116305798062,0.687392980369147,0.964454436742426,-5.60108820045798
"Cebpg",0.175947644088773,5.61811073413988,0.41054942471225,0.688165826673916,0.96456683237357,-5.65776216435445
"Rnpepl1",0.184789975041607,5.45903135877367,0.409554012781224,0.68887770363588,0.96456683237357,-5.594056111437
"Arf1",-0.0851791115862396,7.83564655599705,-0.409407984576847,0.688982162888137,0.96456683237357,-6.21268500864392
"Egln1",0.122513023040528,6.04650150788516,0.40907939208522,0.689217241268367,0.96456683237357,-5.82067120279268
"Ebna1bp2",0.119735692043079,6.34050863664034,0.409065968043878,0.689226845677842,0.96456683237357,-5.91411909867475
"Cfl1",-0.0630378396388075,9.93671789904931,-0.40652487594062,0.691045912930491,0.965684216493588,-6.46992400508574
"Larp4b",0.145933634941908,5.80265773762111,0.405971068380491,0.691442627723803,0.965684216493588,-5.73797833791235
"mt-Cytb",-0.0502844214765892,12.3909128899728,-0.405708242777391,0.691630933573806,0.965684216493588,-6.75117295164648
"Rad23b",0.170280770134359,5.72770209159842,0.405533329288063,0.691756265146194,0.965684216493588,-5.70735854262398
"Snrpa1",0.161100668745235,5.48161208479255,0.404799850263556,0.69228193125275,0.965684216493588,-5.6054818078737
"Rbm6",0.148451224055812,5.63886462138795,0.404742340356025,0.692323154194493,0.965684216493588,-5.6714999365622
"Pcbp2",-0.0846479853238405,8.34736860236712,-0.402337951310826,0.694047525995569,0.965684216493588,-6.28537581872231
"Anxa6",0.0994791955292028,7.39451912755241,0.402277929033096,0.6940905953372,0.965684216493588,-6.14304542016492
"Psmb4",0.0886641528730834,7.39537476947141,0.402145386139919,0.694185706197724,0.965684216493588,-6.14336160521013
"Slc3a2",0.0930271516850735,8.17170649784405,0.402036003949899,0.694264201337409,0.965684216493588,-6.26137631834625
"Add3",-0.146429957353849,5.95728992767595,-0.401388907382106,0.69472864764612,0.965684216493588,-5.7990210762033
"Elavl1",0.0952410494938302,6.78599151300436,0.401217718525977,0.694851538017758,0.965684216493588,-6.02596776531278
"Dnajb6",0.0827976602930615,7.57673115696883,0.40072159745307,0.695207736375941,0.965684216493588,-6.17507271622565
"Lat",-0.0945719520196204,8.80298336758815,-0.399669385646658,0.695963438719133,0.965684216493588,-6.33978751473836
"Esf1",0.135845756643282,5.76803606458646,0.398462129055221,0.696830911617461,0.965684216493588,-5.72681003958315
"Tmco1",0.121178742572292,6.122660369244,0.397709346431371,0.697372047756432,0.965684216493588,-5.85472664315028
"Cdc42se2",0.142847405833729,6.36946928522837,0.397563852154378,0.697476655901042,0.965684216493588,-5.92407994727354
"Mien1",-0.113634682702634,6.80759646357711,-0.397121594017324,0.697794672239371,0.965684216493588,-6.0323282869598
"Mbp",-0.182823436420999,7.23610187386029,-0.396809996571445,0.698018769585755,0.965684216493588,-6.11828242850584
"Setd8",-0.156746450405802,5.62631377269996,-0.396638326818362,0.698142245130406,0.965684216493588,-5.66403843555899
"Chrac1",0.137063464846084,6.31252128828052,0.396166642497314,0.698481555861956,0.965684216493588,-5.91187381406396
"Kdm2b",0.147624313073001,5.78968362111129,0.395612303808086,0.698880411123393,0.965684216493588,-5.73674656279037
"Mt1",-0.340050271607273,6.12266794769752,-0.395420521004253,0.699018423511504,0.965684216493588,-5.86097927155467
"Sec13",0.164053238042929,5.54763252464184,0.394268656369904,0.69984757257234,0.965684216493588,-5.63945077807964
"Topors",-0.153834834040191,5.76505935179472,-0.394147891642279,0.69993452613884,0.965684216493588,-5.72692762636229
"Slc25a3",-0.0772612765852758,8.75209319818328,-0.393998569091006,0.7000420481334,0.965684216493588,-6.33629075086379
"Top1",-0.0941974117818778,7.78252911542105,-0.393663974900979,0.700283002272245,0.965684216493588,-6.21095512584685
"Hmgn2",-0.122761678483532,6.28391194941138,-0.393512521781316,0.700392080600496,0.965684216493588,-5.91104303047141
"Smndc1",0.186826030176718,5.58998510473161,0.393445557440414,0.700440311318408,0.965684216493588,-5.63234357173453
"Ten1",-0.184673068220037,5.36344708120838,-0.392587863880468,0.701058180248328,0.965684216493588,-5.54119843300476
"Psma1",0.12043604833349,6.57281910987574,0.392388509332973,0.701201823880642,0.965684216493588,-5.97647385673484
"Chd3",-0.0961930021893399,7.58768525559499,-0.392195173742879,0.701341142023481,0.965684216493588,-6.1800980226352
"Hsp90ab1",0.0641603582445041,10.7230802086319,0.391591076605059,0.701776528518951,0.965684216493588,-6.56075232495418
"Spint2",0.121579020147993,6.25112994139566,0.391143930184841,0.702098867743288,0.965684216493588,-5.89374518000181
"Syncrip",-0.201424209744809,6.24590846379592,-0.390073001513502,0.702871123604645,0.965684216493588,-5.9019200445992
"Eif6",-0.144938618043791,6.04830882847075,-0.390063940007547,0.702877659401933,0.965684216493588,-5.83141499879195
"Ndufa10",-0.101218715090077,6.82398993672245,-0.389869222141262,0.703018109607332,0.965684216493588,-6.0391449330199
"Ifi47",0.132567879214642,7.12365276593242,0.387757636937232,0.704541926734873,0.96651155487313,-6.09934287834707
"Calm3",0.107121056657907,6.97236927430721,0.387641510504598,0.704625767547498,0.96651155487313,-6.07106800890757
"Nol7",-0.0962864356350357,7.53965376521311,-0.387573615457205,0.704674788189318,0.96651155487313,-6.17378043084113
"Nucb1",0.117555255489864,6.20051150027149,0.385397879722032,0.70624640935039,0.968184260076556,-5.88467136734785
"Ckb",0.178621996322373,7.08603377758781,0.384186491422379,0.70712205291968,0.968547227033677,-6.09006528171138
"Ifi35",0.145177487483451,6.06235577418723,0.38405714573586,0.707215575230409,0.968547227033677,-5.83505742719368
"Arl2bp",-0.119098776743308,6.30345282767877,-0.381964616186122,0.708729248051214,0.970096145802999,-5.9192038252973
"Cdkn2d",-0.12015747216694,6.54606643876231,-0.381518541508244,0.709052092023283,0.970096145802999,-5.98104341093901
"Ptk2b",0.12720594994836,6.23316978244562,0.380924062366186,0.709482433885379,0.970202234303725,-5.88583425441376
"Igtp",-0.165179262432905,6.05629865153244,-0.378106666889206,0.711523349367648,0.972509548091964,-5.84492654505884
"Prkar1a",-0.0853154183842222,7.76625298574694,-0.376882147670759,0.712411112343444,0.973239224512901,-6.21528003115691
"Lonp2",0.179781358340989,5.2682607649271,0.375527528201926,0.713393705474159,0.973459985341005,-5.51713576408666
"Smad4",0.149170400284512,5.60960435928644,0.374552908055602,0.714100990322492,0.973459985341005,-5.67262625342027
"Eif5a",-0.0738130505667364,8.99393822278251,-0.374446494206394,0.714178231864202,0.973459985341005,-6.3718154654312
"Prrc2b",-0.128159316035147,6.12338100420302,-0.372565008376013,0.715544468133064,0.973459985341005,-5.86571988590518
"Nfat5",0.15419308502825,5.69564286035436,0.37187720113443,0.716044172868939,0.973459985341005,-5.69803306452597
"Jakmip1",0.119882558812691,6.58272621340869,0.371094131665002,0.716613253309753,0.973459985341005,-5.98995999310165
"Pabpc1",0.0729604867947404,9.67568130008402,0.371050614519004,0.716644883721621,0.973459985341005,-6.45396924684349
"Mrfap1",0.0877620987053656,7.44931637634947,0.371000212353018,0.716681519186922,0.973459985341005,-6.16511947297703
"Nfe2l2",-0.106149244405714,6.24922532269772,-0.369627571103681,0.71767952179186,0.973459985341005,-5.90985387464826
"Trip11",0.138723443430265,5.75668595557903,0.369429319191059,0.717823708961421,0.973459985341005,-5.72551862561724
"Os9",0.122464792247301,6.34171994943494,0.369429019124777,0.717823927205977,0.973459985341005,-5.92782982708232
"Lgals3bp",0.140562112195306,5.68671287465525,0.369022490103486,0.718119628053319,0.973459985341005,-5.70389828781299
"Cnih1",0.182571559726443,5.22022095308847,0.368890506340808,0.718215640503583,0.973459985341005,-5.49198635045407
"Arhgef1",0.0894901423188089,7.57229976609627,0.368257909927514,0.718675896086224,0.973459985341005,-6.18717059415092
"Gatad1",0.144383181761701,5.82409147287923,0.368190827668063,0.718724709561156,0.973459985341005,-5.74742395050647
"Epn1",0.137256863911994,5.83178816755236,0.367864169753534,0.718962425770643,0.973459985341005,-5.75853816893135
"Taf12",0.176477203757874,5.43701716244314,0.366986265809926,0.719601446859849,0.973459985341005,-5.58662117858299
"Ccndbp1",-0.152066157448412,5.85696832972087,-0.366180357513442,0.720188256110313,0.973459985341005,-5.76670444117481
"Fbxl12",-0.125488892489722,6.03981602560238,-0.365973936625741,0.720338587915912,0.973459985341005,-5.84395410453033
"Irf2bp2",-0.0924443005471664,7.27252472320832,-0.36581339181487,0.720455517556393,0.973459985341005,-6.13648533227935
"Zmat2",-0.100487408172994,6.35881922753218,-0.365777292081203,0.720481811092936,0.973459985341005,-5.93952475276866
"Dync1h1",-0.118945659954372,5.97426663232285,-0.365732728879478,0.720514269576498,0.973459985341005,-5.81948398219232
"Pdap1",0.112847912809017,6.41065856928961,0.365400545150707,0.720756239899621,0.973459985341005,-5.94235923898687
"Dcps",-0.138701190699129,5.62211451390519,-0.364972121254131,0.721068360050773,0.973459985341005,-5.67624832022314
"Psmc2",0.137502459678878,6.08181691755763,0.363315187948976,0.722275977183634,0.974142089094358,-5.8514995836067
"Slc25a36",0.127258391159718,5.80620084814353,0.363040366109125,0.722476349752816,0.974142089094358,-5.75375976129827
"Cmc1",0.0993109186083939,6.52774489039986,0.361783017712853,0.723393354132146,0.974142089094358,-5.9817337123132
"Hmha1",0.0930000129154634,8.05488137428371,0.361757924559747,0.723411659506852,0.974142089094358,-6.2622168783117
"Arhgap9",0.0908419673768083,6.63045861401686,0.360524368234763,0.724311753270436,0.974142089094358,-6.00495644774089
"Arpc1b",-0.0609512998011458,9.11234476602742,-0.36020076293979,0.724547950373444,0.974142089094358,-6.39100195992589
"Capg",0.152433229082029,6.7897560265213,0.360066565819141,0.724645908475016,0.974142089094358,-6.04256374343245
"Copb1",0.116963071658652,5.91443028775976,0.359671127032883,0.724934591072383,0.974142089094358,-5.79404661446725
"Ccnd3",-0.103197852694992,7.83456222239792,-0.359571600031983,0.725007255777986,0.974142089094358,-6.2322287772875
"Pan3",0.117489291452351,6.12679744826768,0.359267336630877,0.725229415822269,0.974142089094358,-5.86984592683787
"Fosb",0.0948870624435637,7.58440207805948,0.358666169970938,0.725668438021404,0.974142089094358,-6.19281020583985
"Eif4a1",-0.0661416743913131,8.87505182248862,-0.357541057576029,0.726490360600827,0.974142089094358,-6.36457821235709
"Nop56",0.0984913980746901,6.73643390453145,0.356843904828425,0.726999825172962,0.974142089094358,-6.03145170511969
"Tap2",0.0888191476493307,6.7188483498535,0.3568221417401,0.727015731359032,0.974142089094358,-6.02718738748764
"Ppp1cb",-0.129805795113134,6.31175407519054,-0.356420331643743,0.727309429632725,0.974142089094358,-5.93272166103551
"Arhgap17",-0.149633194378955,5.83038696612017,-0.356339720123391,0.727368357065489,0.974142089094358,-5.76632026939201
"Zfp652",-0.104918442985379,6.25497616062096,-0.356028903951988,0.727595582181749,0.974142089094358,-5.91479954933274
"Cops4",0.137259895340915,5.52912730591039,0.35497261778607,0.728367990689333,0.97438350207386,-5.64437446377193
"Dennd4a",0.114141812683518,6.33174355279231,0.354439327117857,0.728758076614514,0.97438350207386,-5.92812323984881
"F2r",-0.12252808244274,6.31664481081745,-0.353246454548309,0.729630911452349,0.97438350207386,-5.93313086964425
"Sptssa",-0.0921002533617905,7.2746310693779,-0.353104576689441,0.729734750820897,0.97438350207386,-6.14149207562111
"Smim4",0.14587354495106,5.78284385309342,0.352914064557325,0.72987419399327,0.97438350207386,-5.74975931899603
"Casp1",0.14122053870378,5.84513822767647,0.352448099293985,0.730215294095137,0.97438350207386,-5.76498448956434
"Rnf187",0.107998554555893,7.13606584111942,0.352392300224278,0.730256144645173,0.97438350207386,-6.11453231352477
"Atp5o",0.0806375030969071,7.70613173229732,0.351388080965927,0.730991480954768,0.97489164530825,-6.21548260449212
"Eif4b",0.0841284290609981,7.19429416125914,0.348451408863348,0.733143436926377,0.975039959115752,-6.12776017880261
"Ifngr1",-0.0925275598999215,9.48370027332017,-0.347160702434661,0.734089995376032,0.975039959115752,-6.43983450906117
"Akirin2",0.124684250007764,5.92676390951698,0.34680855810016,0.734348324294367,0.975039959115752,-5.80102215436444
"Actr10",-0.100065776046256,6.2484854785033,-0.346741344494836,0.734397635230034,0.975039959115752,-5.914043845121
"Dpm1",0.126554563906971,6.16723056870814,0.346293331212186,0.734726349344301,0.975039959115752,-5.89004712589768
"Kif21b",0.108571331163629,6.04104752214061,0.345804185655556,0.73508530502007,0.975039959115752,-5.84754998840506
"Ppie",-0.129289936533425,5.71062814025351,-0.345762353970792,0.735116005888695,0.975039959115752,-5.72081543827381
"Krit1",-0.0871415787057709,6.73341197193514,-0.345310627047229,0.735447564903667,0.975039959115752,-6.03567638842898
"Gpcpd1",-0.18169371159096,5.43288801189601,-0.345066208564964,0.735626986477708,0.975039959115752,-5.56741832495604
"Txnl1",-0.104686154981255,6.6348938284189,-0.344294316364377,0.736193719550449,0.975039959115752,-6.01433227470455
"Clic1",-0.0590931295942838,8.8894645492164,-0.343614720010838,0.736692821017976,0.975039959115752,-6.37132023944597
"Il18r1",-0.0991565550324401,7.40199114113829,-0.343249590166465,0.736961026972993,0.975039959115752,-6.16679000956899
"Sltm",0.105285132867968,6.50908208546636,0.342642566077667,0.737406995675882,0.975039959115752,-5.98255221739711
"Smad7",-0.0967251917262207,7.70272121004176,-0.342596034492707,0.737441185610119,0.975039959115752,-6.21779415428454
"Ndufa3",-0.103254739474716,7.85123378846837,-0.342438596198156,0.737556870596963,0.975039959115752,-6.24087761576252
"1700020I14Rik",-0.119437959578252,5.98760247065427,-0.341075041599189,0.738559083112147,0.975039959115752,-5.8300357086407
"Ttc3",0.110031448122616,5.93624317287871,0.340507820456376,0.73897613736843,0.975039959115752,-5.80977344551363
"Rab10",-0.0909220726858314,6.98410536593603,-0.34044036081182,0.73902574338422,0.975039959115752,-6.09145264848793
"Uba1",-0.106774478512716,6.29413725294296,-0.340307230792271,0.739123643258299,0.975039959115752,-5.93276532915853
"Sec61a1",0.144216082135364,5.82387567822846,0.340025010994045,0.739331195006538,0.975039959115752,-5.76756083974067
"Imp3",0.0862845731817215,6.99034892686155,0.339766715440837,0.739521170893357,0.975039959115752,-6.09288818836985
"Lef1",-0.113790559753396,6.0492892083012,-0.338611114952417,0.740371330775394,0.975039959115752,-5.85682208281788
"Med21",-0.126993919493249,5.88140735406877,-0.338086607440389,0.740757321307912,0.975039959115752,-5.79284984903514
"Lmnb1",0.169505378308862,5.30406720875379,0.33674822555553,0.741742581608989,0.975039959115752,-5.54682968358985
"Lfng",0.120540426706377,6.16773242742135,0.336145650684823,0.742186326833824,0.975039959115752,-5.88970100614582
"Atp5f1",-0.0671207212022097,8.27883785715118,-0.335905507878352,0.742363198392086,0.975039959115752,-6.30216498737599
"Cox5b",0.0746243076647166,7.94046834408892,0.33566398720633,0.742541100160819,0.975039959115752,-6.25575330832555
"Rsl1d1",-0.104507484256865,6.61389696904523,-0.335531031679594,0.742639040480842,0.975039959115752,-6.01310739154182
"Ing1",-0.137018050932809,6.0026258894863,-0.335458103987186,0.742692763897396,0.975039959115752,-5.83772795000683
"Prpsap1",0.108462845054064,5.9598803936183,0.334378651480041,0.743488124906175,0.975039959115752,-5.82336338149413
"Vars",-0.115651078678629,5.8524760422242,-0.33373101267643,0.743965464731292,0.975039959115752,-5.78333235233622
"Dctn6",0.140067752943736,5.50660108557607,0.333597291324485,0.744064037306409,0.975039959115752,-5.63074200818598
"Cd47",-0.0587031619174477,8.84349969849617,-0.333592049026719,0.744067901757249,0.975039959115752,-6.36956450830271
"Rbm5",0.11302144508307,6.82672321554205,0.333254836021515,0.744316499348635,0.975039959115752,-6.06045346512918
"Sirpa",0.445568974373956,4.11687200329669,0.333230852952325,0.744334181100853,0.975039959115752,-5.08227005983647
"Siva1",0.160604700382208,5.34907894150061,0.332529213554316,0.744851538396914,0.975039959115752,-5.56041914603364
"Vps37b",-0.071479252988432,9.13962975485886,-0.332308243535551,0.745014498461167,0.975039959115752,-6.4043074155821
"Pfdn5",-0.0561827079512375,9.56993985871883,-0.331853259122047,0.745350078767885,0.975039959115752,-6.45572264351383
"Ostc",0.0959441205185038,6.77710597459522,0.331581893998368,0.745550253807476,0.975039959115752,-6.04995562854441
"Cdc40",-0.125117167444384,5.83470843836624,-0.331464868813588,0.745636584478737,0.975039959115752,-5.7689695250886
"Itgb1",0.0679296644480967,7.843055513188,0.331460715163235,0.7456396487347,0.975039959115752,-6.24349199378631
"Ube2d2a",-0.0763577960649101,7.02044053932789,-0.330914832968708,0.746042399449032,0.975102946047927,-6.10251255910615
"Cab39",-0.100522659344594,6.27624758186568,-0.327856662110012,0.748300146269313,0.977457909064865,-5.92863850873785
"Lpxn",0.101119716463867,6.39156384327973,0.327511610681091,0.748555038723856,0.977457909064865,-5.95966852617346
"Commd4",0.123175184523281,5.76854921027107,0.325146726485295,0.75030282621694,0.977637514714844,-5.75289201579951
"Chd1",-0.140162714052025,6.18322007511822,-0.325067562992643,0.750361357572154,0.977637514714844,-5.90690940503083
"Tiprl",-0.118543271958106,6.3167182088109,-0.324724983608631,0.750614670102737,0.977637514714844,-5.93957341063323
"Ttc19",-0.127959274504169,5.84197697690301,-0.324376078815616,0.750872690779384,0.977637514714844,-5.78130911650783
"Inpp4b",0.110359196048345,6.92387087055751,0.323694591532293,0.751376751546155,0.977637514714844,-6.0837412080136
"Galnt1",-0.150267899755486,5.92244329675812,-0.323636691733355,0.751419582504459,0.977637514714844,-5.81430909931423
"Lsm3",-0.101499279258566,6.14207097096666,-0.32299490574827,0.751894396491841,0.977637514714844,-5.88948764306933
"Pnrc2",0.147077421555878,5.65846125473721,0.322612987587997,0.752177001834881,0.977637514714844,-5.70979306747012
"Lck",-0.0756593004194264,8.6880408850435,-0.322345466150623,0.752374980000585,0.977637514714844,-6.35556150226677
"Dguok",0.079614153477298,6.90564860856004,0.321724699414518,0.752834446232411,0.977637514714844,-6.08151096319692
"Rnf10",-0.15016208563522,5.63939126963106,-0.321537913317351,0.752972716898996,0.977637514714844,-5.68940217923665
"Myh9",-0.0759830599925827,7.8220493430133,-0.321470121041044,0.753022903147526,0.977637514714844,-6.2437655210727
"Erdr1",0.0935281579726377,7.24553551604548,0.321076741191572,0.753314143156638,0.977637514714844,-6.14525521848789
"Nr4a1",0.101291001768992,8.25949468098043,0.319629449058018,0.754385988691538,0.978566730614023,-6.30217773493864
"Luc7l",-0.152683902056011,5.48669475167217,-0.318566806002358,0.755173305934107,0.978841559851265,-5.63722393423767
"Gimap9",0.0715547753717283,7.67059485272004,0.318382697455202,0.755309741819776,0.978841559851265,-6.22114444892717
"Cnot4",-0.156482724006775,5.57030191186139,-0.316236238017852,0.756901031753293,0.980241614441491,-5.65849064164715
"Rsrc2",0.0663758555948115,7.50448791396535,0.315963948546099,0.757102977844992,0.980241614441491,-6.19403555255111
"Akt1",-0.141839086124992,5.60297973146619,-0.314967830856104,0.75784191629145,0.980491952623343,-5.68536536909689
"Fam162a",0.110718576540019,5.75300309642453,0.314742082588328,0.758009415009901,0.980491952623343,-5.75038939222802
"Ikzf2",0.345204449640938,5.15643629949731,0.313992153965066,0.758565931806179,0.980750499514335,-5.47494569714656
"PISD",0.101753460340313,7.51230736331821,0.31335753334548,0.759036988858676,0.980803056013202,-6.19615753536026
"Gps2",0.117685339790419,5.71944383852317,0.312722684186485,0.759508315812645,0.980803056013202,-5.73632829358792
"Pstpip1",0.104296718439184,6.33534024195605,0.311987169011056,0.760054504746085,0.980803056013202,-5.94152090979705
"Dnajb11",-0.116156760600143,5.88491442332908,-0.309922684922362,0.761588293109727,0.980803056013202,-5.80394102098733
"Ppp1r11",-0.0754035320064856,7.15001584948859,-0.309920573372106,0.761589862404136,0.980803056013202,-6.13406043969174
"Dpcd",-0.106959521807136,5.96261367992122,-0.309885520062366,0.761615914022727,0.980803056013202,-5.82999836734321
"Pdha1",0.119966315473653,6.03527925781551,0.309805445605535,0.761675426491939,0.980803056013202,-5.84003201823267
"Strn3",-0.11405092034945,5.71011736114804,-0.30959139615278,0.761834518826805,0.980803056013202,-5.72943001265935
"Cox17",-0.0779445036357893,8.10234480055343,-0.308542927251733,0.762613956532934,0.980803056013202,-6.28832949895102
"Ppp4r2",-0.10465544503315,6.16723102162697,-0.308430077090985,0.762697866077998,0.980803056013202,-5.9045878082319
"Prkcz",0.11306593263892,5.74287257689993,0.308208396070201,0.762862705721074,0.980803056013202,-5.74191737084219
"Fam102a",-0.112964622656446,6.14290768054861,-0.307944476849014,0.76305896895193,0.980803056013202,-5.89546866872906
"Samm50",0.112321888333943,6.03934639816113,0.307696885618819,0.763243105406637,0.980803056013202,-5.84734494908437
"Ssr4",0.0643675407604054,7.90829018362933,0.305529485310409,0.764855665651792,0.981198909630677,-6.26142003230485
"Calr",0.0594061175746284,8.31741329970472,0.304415878712211,0.765684641343056,0.981198909630677,-6.31626666523456
"Prelid1",-0.0688432445490559,7.29185558487228,-0.304291732869894,0.765777074934037,0.981198909630677,-6.16103896696328
"Picalm",0.0888109450169792,6.90611278441541,0.304226096582343,0.765825946367195,0.981198909630677,-6.08665966349639
"Shisa5",0.0725214028229976,9.79720496134197,0.303773139784761,0.766163237165794,0.981198909630677,-6.49181887001963
"Atg3",-0.118377615801042,5.91958757229447,-0.303394061586354,0.766445553013414,0.981198909630677,-5.81944071907085
"Sars",0.0864150058473044,7.07444216788484,0.30309306050163,0.766669746226821,0.981198909630677,-6.12065886583727
"Mrto4",0.131945701157938,5.48161208479255,0.302795575394899,0.766891342158659,0.981198909630677,-5.62935450064266
"Crbn",-0.0824601424672889,6.83748844944787,-0.302559695267577,0.767067063877056,0.981198909630677,-6.07286455753139
"Pfdn6",-0.100979672878449,6.10538108262971,-0.302489784215288,0.767119147529438,0.981198909630677,-5.88429005214684
"Hnrnpul2",0.0968588627543045,6.09412866417086,0.301374336222452,0.767950314261817,0.981805376206414,-5.87138072705613
"Mcm6",0.115356884264459,5.59545620968868,0.300356675664337,0.768708876443663,0.982318499172896,-5.68732666405248
"Anp32e",0.0842644281925315,6.27861744177493,0.299578523995255,0.76928907666455,0.982432213273727,-5.93334889726303
"H2-T22",-0.0682927640396265,7.68749374744127,-0.299201597131427,0.76957017041396,0.982432213273727,-6.22952067594891
"Bag6",0.137696935867432,5.26321177787483,0.298513428475069,0.770083460681726,0.982432213273727,-5.53568198000387
"Cox7a2l",-0.0510019540837823,9.14622114691865,-0.298321206378569,0.770226855206602,0.982432213273727,-6.41618632784269
"Las1l",-0.148799369655945,5.39501801526951,-0.297408606886636,0.770907759435812,0.982844848608476,-5.571577168375
"Atp5b",-0.0544157670793797,8.88688344086253,-0.295699014963979,0.772183843794179,0.982876117455523,-6.38698131078777
"Mbd2",-0.0700820005527227,8.05306345807159,-0.295208767046359,0.772549905332878,0.982876117455523,-6.28580433667513
"Smim10l1",0.166174589527167,5.41506705422247,0.294824167628084,0.772837120262478,0.982876117455523,-5.6091826987547
"Atp6v0b",0.0655537092120559,7.11857191449909,0.294736858953004,0.772902326349638,0.982876117455523,-6.13147734623822
"Cct4",0.0599749833609239,7.76631490626041,0.293513648421474,0.773816064246727,0.982876117455523,-6.24417623151365
"Usp9x",0.109740779764686,5.93689258556525,0.293015292382021,0.774188436849993,0.982876117455523,-5.82420498322626
"Pnkd",0.0990058123648463,5.89147393319586,0.29246413947322,0.77460032717533,0.982876117455523,-5.80581021408684
"Nub1",0.103299154396617,5.90903896956946,0.292166855223714,0.77482252463788,0.982876117455523,-5.81760683614036
"Gpx4",-0.0535935830685836,8.56224376187758,-0.291658035118072,0.775202877075202,0.982876117455523,-6.35054346910802
"Dnaja1",0.0612749420499634,9.09833011126243,0.291347223608562,0.775435244168552,0.982876117455523,-6.41300706190667
"Phc3",0.112906163042633,5.87638545648091,0.289575846874645,0.776759980023548,0.982876117455523,-5.80600868166048
"Gnl3",0.121274517713389,5.80257349754205,0.28875142044683,0.777376781252501,0.982876117455523,-5.77756892585761
"Ccdc50",0.138004949843132,5.41078025590784,0.288041215973929,0.777908252512618,0.982876117455523,-5.60678040957143
"Ppp2r5a",-0.0889356665587421,6.60644837776566,-0.287947820328649,0.777978152463778,0.982876117455523,-6.02569711559216
"Nedd9",0.0928109879436723,6.04874551293448,0.287871467602947,0.778035298505959,0.982876117455523,-5.86436024628876
"Foxp1",-0.0800917825649279,7.55647617541324,-0.287834730209133,0.778062795012936,0.982876117455523,-6.21115179101806
"Sh2d1a",-0.125052018016961,6.27109749791712,-0.287602963441302,0.778236270579857,0.982876117455523,-5.9351059456868
"Copb2",-0.101891854273727,5.72755459321613,-0.287484380313722,0.77832503388941,0.982876117455523,-5.74636665124843
"Sdf2",-0.115801632279221,5.98298647443732,-0.286750651653722,0.77887432555667,0.982876117455523,-5.8480361023685
"Hcfc1r1",-0.0980267306223287,5.89668836405882,-0.286702041660472,0.778910720856316,0.982876117455523,-5.81436444490813
"Chd6",0.113311437432436,5.60910227926379,0.286501382870675,0.779060963959199,0.982876117455523,-5.7003282598847
"Glrx5",0.0873033910183325,6.13332971898719,0.286350941032694,0.779173613228995,0.982876117455523,-5.8929055853368
"Hmgn1",0.0814481485998127,6.28227841562459,0.286279332252717,0.779227234957991,0.982876117455523,-5.93920908638512
"Hdgfrp3",-0.0883713823333061,5.97959913864935,-0.285250338481165,0.779997890811512,0.982876117455523,-5.84716510509545
"Cnn2",0.0725050297826004,7.94777378036269,0.284773769576606,0.7803548950568,0.982876117455523,-6.27346260682985
"H2-M3",0.0894825920484942,6.13108927401271,0.284048906900009,0.780897999014718,0.982876117455523,-5.88763100934397
"Nono",0.0804102764631233,7.06432047429754,0.283675410319427,0.781177888415244,0.982876117455523,-6.12398733139055
"5031425E22Rik",-0.0918997208443248,5.97083496531515,-0.283403189247149,0.781381904388387,0.982876117455523,-5.84456149672182
"Tmem234",-0.0673670993999453,7.32616041137778,-0.283312320765172,0.781450009489577,0.982876117455523,-6.17336637587691
"Stx5a",-0.108177882580253,5.74534508376042,-0.282612928219919,0.781974260658755,0.982876117455523,-5.75526013413586
"Polr2i",-0.131769612202033,5.49712337994831,-0.282562613351528,0.78201197999734,0.982876117455523,-5.63538204489947
"Bccip",0.086351155022971,5.99649512518674,0.281895339329113,0.782512266832762,0.983055611598948,-5.84968432708118
"Wdr26",-0.0870518141276553,6.00560817636,-0.280693667105207,0.78341347133616,0.983378922536526,-5.8586734694478
"Mlf2",0.0813592498641405,6.34021611936158,0.280531138554936,0.783535386063913,0.983378922536526,-5.95593302479778
"Rbms1",-0.0999117006967174,6.83980837309655,-0.280121884162146,0.783842399345479,0.983378922536526,-6.07945935745201
"Metrnl",0.097256532814337,6.36849023138157,0.278827746710857,0.784813479558594,0.983979338057203,-5.96859333139112
"Sin3b",0.0775090093176401,6.89559588828041,0.277829882854352,0.785562501802317,0.983979338057203,-6.09285658899405
"Syf2",0.0640518086868982,7.39798887043404,0.277253496047371,0.785995253976041,0.983979338057203,-6.18738292864684
"Cflar",-0.0908989261701588,6.4775150941821,-0.276392985999008,0.786641464203536,0.983979338057203,-5.99954948644058
"Tsc22d3",0.0846311790743276,8.39286764001265,0.276174844121313,0.786805306619826,0.983979338057203,-6.33377215249878
"Usp7",0.117916958362763,5.90249042692277,0.275582831895039,0.787250009566774,0.983979338057203,-5.81101765442507
"Cir1",0.111819108331455,5.90119128916523,0.275552947284391,0.787272460109058,0.983979338057203,-5.81382031305598
"BC005624",-0.0969479339971895,6.26649599633933,-0.275293545417914,0.787467341725106,0.983979338057203,-5.93912160020296
"Smg1",-0.102865888686075,6.05677461194713,-0.27519513180892,0.787541281114147,0.983979338057203,-5.87811736322051
"B4galnt1",-0.0762625468517351,7.82624842566446,-0.273897226888257,0.788516613981635,0.984750539713668,-6.25903789237767
"Manf",-0.0652128620353875,7.3016733202494,-0.273269443451564,0.788988506029739,0.984892597177387,-6.17199856880815
"Smap2",-0.0760096572137274,7.05716674345767,-0.272730791907942,0.789393468608587,0.984951015732129,-6.12777083684116
"Atf4",-0.0748556073601397,7.35568688262341,-0.271946922635558,0.78998290172601,0.985063816683177,-6.18171246443202
"Ccnt1",0.0694514650789498,6.75501757841559,0.270832751078426,0.790820938406303,0.985063816683177,-6.06364238090319
"Tagap",0.0752755916434734,7.36658440791088,0.270419366729718,0.791131939093074,0.985063816683177,-6.18386552928723
"Eif3f",0.0552140332221395,9.52570429026271,0.269791199131579,0.791604598580612,0.985063816683177,-6.47027193809742
"Ahcyl2",0.122694028618703,5.74452584072594,0.269492977882598,0.791829022747761,0.985063816683177,-5.75929496279168
"Uqcrfs1",0.0829948948534499,6.55743361146474,0.269360204846377,0.791928946322178,0.985063816683177,-6.01808428387751
"Clint1",0.0786987680744882,6.84053659554441,0.267841318418873,0.793072316191806,0.985063816683177,-6.08366616610078
"Peak1",0.0889765008928016,5.9166613836708,0.267258400503836,0.79351125099449,0.985063816683177,-5.82798187854476
"Caprin1",-0.0718709245077326,6.50606463031102,-0.26715023307833,0.793592708690239,0.985063816683177,-6.0088371218976
"Arhgap5",0.176096520902986,5.07207645256131,0.266955897349885,0.793739063529731,0.985063816683177,-5.44737893242675
"Pnn",-0.0793701354257814,7.15430683573763,-0.266569291608559,0.794030241706854,0.985063816683177,-6.14734488598344
"Ftl1",-0.0836892907703653,10.4149969165066,-0.266561022261897,0.794036470246509,0.985063816683177,-6.57162130051658
"Cnbp",-0.0550453556921022,8.71312720940939,-0.266421977323553,0.794141202237015,0.985063816683177,-6.37557458799742
"Zfand6",-0.0715197716324312,7.05069361069565,-0.265523843163116,0.794817798581947,0.985063816683177,-6.12848591175056
"Hsp90aa1",0.0586753621991834,8.8658251203425,0.264879786903946,0.795303095555214,0.985063816683177,-6.39342012371274
"mt-Atp8",-0.105400355335847,7.02358016127944,-0.264853212067622,0.795323121626426,0.985063816683177,-6.1231158154885
"Mrps34",0.129414911977941,5.36090669505963,0.264160774603572,0.795844976816128,0.985063816683177,-5.5939628534763
"Sh3bp1",-0.0741264276191993,6.23263467579249,-0.264029065194258,0.795944251146084,0.985063816683177,-5.93542377435347
"Acadl",-0.0779457608108779,6.47048913188707,-0.263570697544931,0.796289768904255,0.985063816683177,-6.00127234397479
"Rnaset2b",0.0556679565685513,7.98995972672839,0.262341599022051,0.797216484665059,0.985766786343935,-6.28551878832084
"D030056L22Rik",-0.105073688462481,5.69986359811839,-0.261694612238933,0.797704428596424,0.98583778055388,-5.74414750223826
"Esd",0.0680379977634355,6.81889431463991,0.26131485804921,0.797990872550159,0.98583778055388,-6.08032550353645
"Tomm22",-0.0758021308484473,7.0947807756264,-0.260719788121325,0.798439787819651,0.985847103340545,-6.13788761350615
"Psmg4",0.0813682386572114,6.21880542797575,0.260354494936437,0.798715398633722,0.985847103340545,-5.93077006913049
"Ubxn1",-0.0614230624165736,7.28910095791564,-0.258682771763379,0.799977058590753,0.986961377803756,-6.17358135618503
"Chmp1a",-0.0947147217996141,6.22707383683685,-0.256936110403957,0.801295899890064,0.987026800427745,-5.93874842725425
"Nudt4",-0.119235248024656,5.33276461877864,-0.256681176863848,0.801488444239417,0.987026800427745,-5.57120492896702
"Clta",0.051402131953968,8.72141223407161,0.256522657952973,0.801608176062479,0.987026800427745,-6.37895415704035
"Rinl",0.0620418622940259,7.76892976800433,0.256394954565341,0.801704636234214,0.987026800427745,-6.25511696025176
"Chd8",0.0944186668523648,5.88574753074368,0.256236034138646,0.801824680783848,0.987026800427745,-5.81828710039183
"Kif1b",0.165402428669262,5.19069591927148,0.253287075796294,0.804053198759725,0.989327202053353,-5.50874538428718
"Tspo",0.0471125673651773,8.54829237476236,0.252477431460953,0.804665357560852,0.989379613006721,-6.35940488460499
"Prkch",-0.0758211044477718,6.47690068281005,-0.252279086546971,0.804815343380376,0.989379613006721,-6.00425096303436
"Bbx",-0.0783756752441547,5.9481807944716,-0.250807162675404,0.805928644008599,0.990305527713873,-5.84404332880067
"Morf4l1",-0.0485169977116278,8.3597987349518,-0.249886939865232,0.8066248855542,0.990718372163488,-6.3378763603
"Sarnp",0.0661012066193717,6.80333351505887,0.249087281664451,0.807230047278868,0.990913752292641,-6.08013318822379
"Grk6",-0.0880720030533124,6.06767502448407,-0.24872451210338,0.807504625050112,0.990913752292641,-5.88997644288835
"Smc1a",-0.0753322142221091,6.33495649046771,-0.247295307106353,0.808586638684505,0.990999552980708,-5.96728900561864
"Rab11b",0.080848786702655,6.56794582324507,0.246985010888803,0.808821610102907,0.990999552980708,-6.02595135430368
"Nup210",0.0970116195084479,5.51949281493999,0.246450587625177,0.809226346718864,0.990999552980708,-5.67055369282184
"Arih1",-0.0820112615639465,5.95879494471859,-0.24636268670017,0.809292922509813,0.990999552980708,-5.849642968029
"Dnajc3",-0.0699000023142374,6.97446126508733,-0.246252523048752,0.80937636217988,0.990999552980708,-6.11810919889928
"Smchd1",-0.10721365963815,7.04304962433881,-0.244868568167108,0.810424797761363,0.991841652800956,-6.13220322998008
"Uqcrq",-0.05994647687439,7.58686116020981,-0.242165467311826,0.812473669648866,0.992261871490904,-6.22904493275099
"Klf13",0.0536725713285569,7.5950067038719,0.241298574451222,0.8131310548083,0.992261871490904,-6.23082067058616
"Fam96a",0.0858217527792993,6.27122871994085,0.24085943871744,0.813464118057785,0.992261871490904,-5.94566461119233
"Eif3a",0.0664327909993075,7.39539180909656,0.240565620578929,0.813686986039336,0.992261871490904,-6.19658665423739
"Ube2j1",0.0973484715648922,5.69337562060708,0.240457564953673,0.813768953029594,0.992261871490904,-5.73809385103516
"Arhgdib",-0.0424370626515419,9.5708845801759,-0.240348085940465,0.813852002079726,0.992261871490904,-6.48326045536378
"Ndufa11",-0.0636732920867268,6.72491396472489,-0.23988046305446,0.814206759800151,0.992261871490904,-6.06520923684229
"Pomp",-0.0549450340765904,7.58264291604735,-0.239766957257996,0.814292876352466,0.992261871490904,-6.22882133908359
"Sept1",0.051674200238049,8.02914008775367,0.239568665673725,0.814443325694794,0.992261871490904,-6.29671307742872
"Isy1",-0.0775260767487495,6.22593402863128,-0.239146012374315,0.81476403010003,0.992261871490904,-5.93677211893462
"Plcxd2",-0.0941586914766775,7.11451604670384,-0.239092827927406,0.814804388304604,0.992261871490904,-6.14749868814168
"Gabarapl2",-0.0522371070689111,7.81311471482821,-0.238705892884459,0.815098024617437,0.992261871490904,-6.2664448948252
"Lman2",0.0740211202128831,6.47741003030625,0.237008616882158,0.816386392496394,0.992804700663235,-6.00560935620941
"Lztfl1",-0.113039988278117,5.50389579757624,-0.236253275636918,0.816959935846862,0.992804700663235,-5.66748604693002
"Ldb1",0.09174158753895,5.91081053880794,0.235681959199268,0.817393819038311,0.992804700663235,-5.83290622034056
"Nsa2",0.0444913539819422,8.8064228977627,0.235341566216289,0.817652358472911,0.992804700663235,-6.39431199087532
"Gm11808",-0.0734129052913377,9.05393781296051,-0.233652525459065,0.818935567541502,0.992804700663235,-6.42343273477557
"U2af1",-0.0705003644629167,6.52036944813971,-0.232482014666353,0.819825154769955,0.992804700663235,-6.01913183516024
"Kdm6b",0.0706176227234539,7.1386271961529,0.232367438321013,0.819912246680021,0.992804700663235,-6.15290814421938
"Traf3ip3",0.0846620186242839,6.55794027096728,0.232240019663129,0.820009103226956,0.992804700663235,-6.02630007398569
"Snrpc",-0.0847453291255246,6.050268262148,-0.232212588902928,0.820029954961232,0.992804700663235,-5.88567035527859
"Sod2",-0.0677188942847769,6.5565691508693,-0.231916938355524,0.820254705377433,0.992804700663235,-6.02878912098407
"Sar1b",-0.082872852669331,6.01716351321139,-0.231472220160028,0.820592806588659,0.992804700663235,-5.87536417314515
"Hectd1",-0.0645741253368117,6.61898710776172,-0.23121888125957,0.820785426589022,0.992804700663235,-6.04369512229733
"Limd2",0.0546668805765967,8.65095480007046,0.231133120824861,0.820850635170169,0.992804700663235,-6.37703369670553
"Mycbp2",-0.0619941766805674,7.35526304376308,-0.230483462523868,0.821344652695181,0.992804700663235,-6.19235317825669
"Cggbp1",-0.0556514662765319,6.78665007366643,-0.229671120864177,0.821962490689632,0.992804700663235,-6.08136218312587
"Tmem33",0.0978680396527593,5.82542664026857,0.229410892921483,0.8221604369393,0.992804700663235,-5.80178658008786
"Set",-0.0489624136823874,8.56311612522419,-0.229391429407836,0.822175242660079,0.992804700663235,-6.36763045483347
"Dazap1",-0.072952311851089,5.9803243827876,-0.228878719810737,0.822565281802074,0.992804700663235,-5.86102748540566
"Fgfr1op2",0.0594718865473921,6.66618757741909,0.228235590863624,0.823054605733217,0.992804700663235,-6.05366659228346
"Il2rg",0.0537807081422297,8.17100780441781,0.228203842837529,0.823078763181761,0.992804700663235,-6.31893118890954
"Srsf10",-0.0882325539717679,6.35198980247888,-0.228142616150462,0.823125351822609,0.992804700663235,-5.98074232640778
"Ptger4",0.0546659666805363,7.43622128960769,0.227468210863459,0.82363856681302,0.992805549077064,-6.20707932588965
"Lilrb4a",-0.0878748648673544,5.7042805108448,-0.227192905282064,0.823848095634131,0.992805549077064,-5.75285711390944
"Srsf9",0.0624663909290409,6.49671879316139,0.225959643935551,0.82478687526503,0.993501492325376,-6.01375937955797
"Ndufa7",-0.044216678950483,8.0132205691978,-0.224170847026234,0.826149036868886,0.994221810880709,-6.29933675131895
"Fam63b",-0.0763023656366927,5.8319714804109,-0.223599534674064,0.826584212706765,0.994221810880709,-5.80544570022467
"Cops5",0.0746844413105993,5.82145665205624,0.223252357392293,0.826848691195638,0.994221810880709,-5.79777244165037
"Eif3g",0.0555142648882864,6.82754587455942,0.222493236103488,0.827427063881097,0.994221810880709,-6.09222575191011
"Rcsd1",-0.0706532218946759,6.16592483926858,-0.222479524429011,0.827437511738374,0.994221810880709,-5.925237367603
"Ctdnep1",0.0916571940220053,5.68322096971018,0.22210404780744,0.827723626203611,0.994221810880709,-5.74488982216806
"Cacybp",0.064622560291309,6.80371154708934,0.221852111280505,0.827915617060663,0.994221810880709,-6.08663237479497
"Bod1l",0.0552088695582443,6.94797749053279,0.221270580987543,0.828358822255763,0.994319843388629,-6.1184724521485
"Mthfs",-0.075195824325973,5.802131089378,-0.219876799725098,0.829421322177655,0.995160835946139,-5.79396818489202
"C1qbp",-0.0551568427392226,6.64375927739339,-0.21805032381676,0.830814200642038,0.995674685877008,-6.05209897898105
"Ndufb9",-0.0532925924177637,7.48091887194992,-0.217664182901413,0.831108749837915,0.995674685877008,-6.21693666003758
"Mier1",0.053606376653036,7.25105752245791,0.217425638880471,0.831290725064492,0.995674685877008,-6.17598591621608
"Tmed5",0.0538268271201819,7.01995260361675,0.216980792131557,0.831630107054557,0.995674685877008,-6.13385426198128
"Cd226",0.0741473175273223,6.53207459845326,0.216941729508635,0.831659910348905,0.995674685877008,-6.02572506215135
"Hsph1",-0.0792791830680787,6.09718665031378,-0.216033192351249,0.832353166033973,0.996071021145964,-5.90448371404226
"Rbm27",-0.0868450497170649,5.5453800568961,-0.214716211063789,0.833358342701703,0.996840122848928,-5.68076929640465
"March2",0.0813989859955369,5.81869362349766,0.213019525031208,0.834653776123043,0.99736114627667,-5.8025918356816
"Gm2a",-0.0944695592320947,5.89198319101753,-0.212550604589503,0.835011889521182,0.99736114627667,-5.83099602760384
"Bbip1",-0.0813942236156422,5.60839564212461,-0.211869688510468,0.835531971703152,0.99736114627667,-5.7166525244033
"Ep300",-0.0650745577227422,6.11859457388121,-0.21121576276817,0.836031514593825,0.99736114627667,-5.91400436584411
"Cdc26",-0.0647003421324953,6.43360797686479,-0.210838585899483,0.836319678920422,0.99736114627667,-6.00541329662417
"H2afj",0.0370887440755059,8.8360428022229,0.210101580930984,0.83688282406122,0.99736114627667,-6.40362229382644
"Kpnb1",-0.0911979692998674,5.52925993094049,-0.21002620352797,0.836940425183836,0.99736114627667,-5.67498420900485
"Ssh2",0.0472483784518713,7.35171463036306,0.209196336999468,0.837574648667528,0.99736114627667,-6.1964541257828
"Anapc13",0.0676676356829202,6.13531371811631,0.209024877037587,0.837705701286253,0.99736114627667,-5.90734890329182
"Oxct1",-0.0609972793785828,6.12892797057602,-0.208901642865257,0.83779989642764,0.99736114627667,-5.91796829078666
"Phf11b",-0.0715526631765215,5.77787347545909,-0.208504353127364,0.838103586118581,0.99736114627667,-5.78274051575769
"Tspan14",-0.100485135651219,5.35463870765835,-0.207765055181311,0.838668779997867,0.99736114627667,-5.58909803344219
"Nop10",-0.0430620590324547,8.11143350742625,-0.207653228337649,0.838754279838794,0.99736114627667,-6.31624043868561
"Sumo3",-0.0705292103752209,5.91084142750149,-0.207236982612127,0.839072549024317,0.99736114627667,-5.84018249651991
"Ndfip2",0.0763484539849921,6.03750399650545,0.207025753504064,0.83923406999426,0.99736114627667,-5.87213032943978
"Abcb1b",0.0591780167770167,6.38277144865786,0.206272578152656,0.839810063757285,0.997614546579928,-5.99087701507942
"Npepps",-0.0767168540538573,5.63153328599173,-0.204909353846394,0.840852839069648,0.998094297321479,-5.71589102027316
"Arhgef6",-0.0910451603639235,5.78132177002616,-0.204378984906648,0.841258620472923,0.998094297321479,-5.78878594836511
"Tcf12",-0.0797728987066669,6.2273114348537,-0.204184602607574,0.841407352790665,0.998094297321479,-5.95040646970485
"Cdk2ap1",0.0603851250325567,6.34909222786365,0.203790185371012,0.841709162046815,0.998094297321479,-5.97856907759879
"Rsu1",0.0773158688934294,5.82925276980265,0.203372710380232,0.842028643558484,0.998094297321479,-5.80230361195176
"Larp7",-0.0946865536208408,5.52912730591039,-0.202680505171669,0.842558432337836,0.998291981442934,-5.67855659410318
"Yipf3",0.0799397895951687,5.71645875878963,0.201328852284852,0.843593168460376,0.998940507343227,-5.7644032689064
"Max",-0.0654097323866885,5.86902676000438,-0.201016548914001,0.843832290384843,0.998940507343227,-5.8245438890936
"Frmd8",0.0898818010305957,5.70565696189951,0.199215733669561,0.845211437983082,0.998955722097196,-5.75438464626165
"Lsm14a",0.085630685468023,6.25346359519134,0.198801756235959,0.845528556381459,0.998955722097196,-5.95688667798687
"Frg1",-0.0568139781375778,6.57147107921745,-0.198035488606769,0.846115612968875,0.998955722097196,-6.04040782446469
"Tmem243",0.0642632586593628,6.30936003750705,0.197386491193334,0.846612900834188,0.998955722097196,-5.97275467970284
"Slc38a1",0.0667585316339851,5.88563866837508,0.197336549154378,0.846651171268293,0.998955722097196,-5.83156747484632
"Bbc3",0.0723136447668029,5.70499810327669,0.196941834255473,0.846953654359049,0.998955722097196,-5.76052394743989
"Oat",0.0905789975789661,5.55332951390131,0.196336700111467,0.847417437729155,0.998955722097196,-5.69131863212663
"Ranbp1",0.0503895487958014,6.90463072485753,0.196307627422601,0.847439720941457,0.998955722097196,-6.11449129579066
"N4bp2l2",0.0542963650632621,6.74418405079848,0.195231399510272,0.848264708485197,0.998955722097196,-6.07858834730597
"Clns1a",-0.0664643779086673,5.99938746782815,-0.193431203157026,0.84964507336629,0.998955722097196,-5.86846593703096
"Spg21",-0.0957412463945493,5.99811581631679,-0.193384547573687,0.8496808550904,0.998955722097196,-5.87493091930875
"Skap1",0.0354480473763895,8.44958864323025,0.193232741666779,0.849797282507935,0.998955722097196,-6.36124592018491
"Trp53",-0.0580331680261711,6.63195465348119,-0.192779159913773,0.850145178523162,0.998955722097196,-6.05455541478016
"Setd3",0.0598849427485026,5.9274406631203,0.192695902976384,0.850209039929399,0.998955722097196,-5.84816729044011
"Numa1",-0.0570692651380333,6.10287186271404,-0.192679388183227,0.850221707568214,0.998955722097196,-5.91124075835151
"Gadd45b",0.0734175181355047,8.76488243904896,0.192084942095467,0.850677705057923,0.998955722097196,-6.39909641055095
"Rfc2",-0.0919518519269146,5.61402411477218,-0.192068122723521,0.850690607953487,0.998955722097196,-5.71780274809202
"Tomm6",0.068275888044046,5.80296932655098,0.191418566319235,0.851188946078333,0.998955722097196,-5.80069352141925
"Son",-0.0352780455176091,8.67434679465174,-0.190709708865365,0.851732855815334,0.998955722097196,-6.3889995036627
"Lta4h",0.0717893827257619,5.80502571964553,0.189964235557605,0.852304946329958,0.998955722097196,-5.7959627992314
"Grb2",0.0717092951415211,6.87960399891343,0.189721391604088,0.852491328257844,0.998955722097196,-6.11068524682318
"Ptprcap",-0.0377721574269561,8.82153771749852,-0.188432075761267,0.853481028198783,0.998955722097196,-6.4065743610817
"Tfam",0.0744401641823038,5.48494613625002,0.187344556740796,0.85431602662427,0.998955722097196,-5.66781174909375
"Atraid",0.0669366300796646,5.80897013322631,0.186875465440365,0.854676252009545,0.998955722097196,-5.8036489303778
"Pdcd2",-0.0697749681442914,5.67331821471232,-0.186679084145023,0.85482706755079,0.998955722097196,-5.74608077838954
"Ssu72",-0.0501597703531987,6.53832665834937,-0.186314307130879,0.855107222232868,0.998955722097196,-6.03482407496421
"Ehd1",-0.0808336449676569,5.75188468196181,-0.18624599185322,0.855159691754294,0.998955722097196,-5.77362034712298
"AI662270",-0.0557889298699295,6.25700712082649,-0.185272766725398,0.855907254731393,0.998955722097196,-5.96072675449241
"Arf5",-0.0443837258781205,8.45583659016935,-0.18495901694162,0.856148286134525,0.998955722097196,-6.36431812081475
"Fubp1",0.0447161254912842,7.33676192114861,0.183316984794391,0.857409986091845,0.998955722097196,-6.1990379173908
"Hsd11b1",-0.0580364282699337,5.87304270594062,-0.181865264322925,0.858525795113722,0.998955722097196,-5.82985419543525
"Tardbp",0.0537523173383711,6.13098897611004,0.18174180199505,0.858620704324987,0.998955722097196,-5.92166590812509
"Ndufs7",0.0401190374436184,7.15307873227109,0.181397010634294,0.858885767952296,0.998955722097196,-6.16593561588416
"Snx3",0.0460203355835802,7.28584307850292,0.181362766666313,0.858912094499479,0.998955722097196,-6.19027453874939
"Dhrs7",-0.0588773512311064,6.09787113930881,-0.181193028272612,0.859042590903245,0.998955722097196,-5.91333965401175
"Ndufc1",0.0623170190935072,6.59663474626273,0.180181853431501,0.859820080499682,0.998955722097196,-6.04684421655635
"Utrn",0.0879216690445156,5.61405008962081,0.176790891763107,0.862428488840931,0.998955722097196,-5.71168079133372
"Chmp4b",-0.0476916777591721,7.39982810284524,-0.176550648674902,0.862613353699924,0.998955722097196,-6.2113486004197
"Ddx3y",-0.0440401515781131,6.84110260096138,-0.176247465476447,0.862846662430173,0.998955722097196,-6.10460456916577
"Ndufv2",0.04738623594435,6.55566793850765,0.175959802703584,0.863068040112546,0.998955722097196,-6.03962170525374
"Ufm1",0.0810361530612519,5.48494613625002,0.175639277389551,0.863314722131002,0.998955722097196,-5.67094486225251
"Srrm2",-0.0330990649753501,8.68601295107498,-0.174396035370713,0.86427168449213,0.998955722097196,-6.39350568844142
"Exosc3",-0.072934067807433,5.73237847762586,-0.174281911781306,0.864359540201383,0.998955722097196,-5.77565708065025
"Ttc14",0.0413282042463655,7.22982122259242,0.174194226040707,0.864427044550435,0.998955722097196,-6.18125770300265
"Ndufs2",-0.0525833430306144,6.40960913142452,-0.17399638951818,0.864579351899628,0.998955722097196,-6.00540622984961
"Epb41",0.0665068241545294,5.82869911998977,0.173888894723236,0.864662110708711,0.998955722097196,-5.81392736067092
"Skp1a",0.0539856592424071,6.0698078746954,0.173483535182609,0.864974206568404,0.998955722097196,-5.89975845221834
"Jmjd1c",0.0526366291396829,6.04896001146451,0.173376412723257,0.865056686618178,0.998955722097196,-5.88952757890528
"Saraf",0.0322064020974654,8.85058266082971,0.172718929857813,0.865562958421444,0.998955722097196,-6.41280592396887
"Mrpl12",0.0534847342929336,6.05125278948104,0.172520057508883,0.865716105343036,0.998955722097196,-5.89402691298715
"Rasgrp1",0.0608698399911412,6.25381706317477,0.170599349382153,0.867195487400163,0.998955722097196,-5.95515274598561
"Ift20",0.0480053417542971,6.30437340512815,0.169780898130333,0.867826039743723,0.998955722097196,-5.97592224652362
"Tmem208",-0.0589555315082685,6.17738123291096,-0.169198713819824,0.868274624365514,0.998955722097196,-5.93200761869363
"Mef2a",0.0715237444946633,6.19033643072129,0.168162503656833,0.869073162426573,0.998955722097196,-5.93656713307416
"Tbx21",0.0647337050615413,6.1516923955227,0.167220353821382,0.869799344388211,0.998955722097196,-5.92052818829171
"Tbc1d10c",-0.0556605757456805,6.72683593126114,-0.167012520026171,0.869959553282356,0.998955722097196,-6.08049130406792
"Capzb",0.0377031679027937,7.83333112209672,0.166752940549324,0.870159658787272,0.998955722097196,-6.2845154249914
"Tmx1",0.0684538321551837,5.55746756893533,0.165667819493804,0.870996261282934,0.998955722097196,-5.7034676293037
"Mrpl57",-0.0544808425912771,6.37949077405266,-0.165337496374312,0.871250964707209,0.998955722097196,-5.99806954487462
"Stat1",0.0797282707209417,7.52834241723546,0.165089102278544,0.871442504684442,0.998955722097196,-6.23545234590124
"Sbds",-0.0519953371052045,6.58420759771043,-0.164972669001826,0.871532290835103,0.998955722097196,-6.04929469134844
"Ythdc1",-0.0431642283200893,7.01747928556276,-0.164510721194448,0.871888534715233,0.998955722097196,-6.14380391811058
"Tm6sf1",0.0555721887654269,6.03843214164718,0.164126553040359,0.872184818836951,0.998955722097196,-5.89577500477371
"Sidt2",0.0768114830428192,5.90296575054395,0.163236009963796,0.872871714480133,0.998955722097196,-5.83634896237828
"Adcy7",-0.0848439343341167,5.72653140109996,-0.163222239515188,0.872882336777553,0.998955722097196,-5.75178087479001
"Ncoa2",-0.0631978248500157,5.70565999354847,-0.161393099614605,0.874293532626949,0.998955722097196,-5.76710143125209
"Mid1ip1",0.0694895463182502,5.52053344052305,0.161025214512271,0.87457741317579,0.998955722097196,-5.68354007278654
"Cdk4",0.0484555547706619,6.76573356945662,0.160921602409614,0.874657369287356,0.998955722097196,-6.08991399468096
"Tmem160",0.0371425071591915,6.98308082918555,0.160759219133496,0.874782681233292,0.998955722097196,-6.13757037253236
"Plekhj1",0.0438980761845319,6.65407948360362,0.159550719149539,0.875715396723101,0.998955722097196,-6.06412814859381
"Nkg7",0.0306605487846224,10.4461481628952,0.159290136319422,0.875916538922252,0.998955722097196,-6.59847297956265
"Fam129a",0.0715899638404494,5.73340543807898,0.158919537292373,0.876202617377326,0.998955722097196,-5.77400848312078
"Ndfip1",0.0450847244801866,6.63941855311518,0.157702953474008,0.877141868510177,0.998955722097196,-6.06078305841214
"Elf2",-0.0672322658530104,5.53262880108874,-0.157623511555446,0.877203207592282,0.998955722097196,-5.68608784263206
"Ubxn6",-0.0555847216920649,5.783582178433,-0.157172423428894,0.877551519613478,0.998955722097196,-5.79852428286319
"Upf3b",-0.075276269262066,5.88378687531454,-0.157159216827665,0.877561717617861,0.998955722097196,-5.83249316127486
"Atp5g3",0.0385729968404753,7.46141426394118,0.155754735886401,0.878646373245102,0.998955722097196,-6.22564372723159
"Trmt112",-0.0330592344173301,7.53503292098726,-0.155570835752744,0.878788414993979,0.998955722097196,-6.23804289913074
"Rcn2",-0.0822932032119899,5.36309759106912,-0.155482166643087,0.878856903267959,0.998955722097196,-5.60826167735887
"Ap2s1",-0.0453259374658851,6.36932098812241,-0.155384219669782,0.878932558971114,0.998955722097196,-5.99850174535137
"Xrn1",-0.07821532929484,5.59969064899586,-0.154973699306288,0.879249664490337,0.998955722097196,-5.70434650823861
"Hnrnpa0",-0.0318822072428262,8.69001885326097,-0.154521450353926,0.879599028286436,0.998955722097196,-6.39730727771589
"Selk",-0.0329724298860974,8.19813934723067,-0.154139573322508,0.879894049999834,0.998955722097196,-6.33779010109456
"Lgals3",-0.0797544643965457,7.32146882013998,-0.153974199089875,0.880021816794664,0.998955722097196,-6.20169053572849
"Cyfip2",-0.0463311918307269,6.27156903901867,-0.153246941840338,0.880583731356767,0.998955722097196,-5.97234707940332
"Rassf5",0.0357124973461384,7.05595287264526,0.151827670080739,0.881680523985724,0.998955722097196,-6.15287846624469
"Wbp1",-0.0626803981606636,5.63501338508771,-0.151603970266769,0.881853419216537,0.998955722097196,-5.73418693232539
"Mapre1",0.0456361342813555,6.99576160356219,0.151570004392791,0.881879671634784,0.998955722097196,-6.14094171553101
"Larp1",-0.0422316248573499,6.51270809327436,-0.151053970984727,0.8822785346749,0.998955722097196,-6.03358681702566
"Klrc1",0.0417119716874761,7.50790784814936,0.150257940595224,0.882893884242086,0.998955722097196,-6.23451445827195
"Napa",0.0535998612895323,5.97922774277197,0.150221494288652,0.882922059963775,0.998955722097196,-5.87308676288753
"Eapp",-0.0505813167723772,6.06257449857726,-0.150058977383496,0.883047699709649,0.998955722097196,-5.90487817993059
"Cdipt",0.0628122169712179,5.72439968529591,0.149803989960534,0.883244833875719,0.998955722097196,-5.77058490616984
"Vim",-0.0279705712995299,9.73314566585436,-0.148989019564338,0.883874952586191,0.998955722097196,-6.52125242977093
"Dnajb1",-0.0526978056152337,7.08534097900171,-0.148435717469804,0.884302801578722,0.998955722097196,-6.15963214934266
"Cfdp1",0.0403495799829953,6.44217811347096,0.147581395794158,0.884963492607961,0.998955722097196,-6.01597688548557
"Rp9",0.0360902984097799,6.97217096307274,0.146827980097559,0.885546222235871,0.998955722097196,-6.13714436030313
"Auh",-0.0517020125108047,5.71137141293298,-0.146543391282914,0.885766355620215,0.998955722097196,-5.77164787197798
"Dock2",-0.0360297900220958,7.38426561174767,-0.146284626626236,0.885966522236424,0.998955722097196,-6.21373189449278
"Tm9sf3",0.0529132729559283,6.83080613656064,0.145766265663836,0.88636752329936,0.998955722097196,-6.10706280173066
"Hspd1",0.0466191249426692,7.1474122965562,0.144174668092423,0.887598977298573,0.998955722097196,-6.17032592487442
"Mfap1b",0.0488038501174104,5.74331075319155,0.143018949666956,0.888493372806306,0.998955722097196,-5.78457784683348
"Rilpl2",0.0502159773341147,6.01896990114066,0.142960607848807,0.888538527012056,0.998955722097196,-5.88826547355288
"Cetn2",0.0462996455820174,6.18876961505329,0.142199001450715,0.889128016654584,0.998955722097196,-5.93615754398605
"Uqcrc1",-0.0430688777539165,6.34691069550436,-0.14074681459422,0.890252211371547,0.998955722097196,-5.99498721581756
"Ubtf",0.0483530970505028,6.009696549644,0.140131727934103,0.89072844874418,0.998955722097196,-5.87495864819629
"Rheb",-0.0386773770066566,7.22726076548293,-0.140051984833603,0.890790193924777,0.998955722097196,-6.18713174928829
"Emg1",-0.0318259472903879,7.77922062497461,-0.139424924860895,0.891275753060418,0.998955722097196,-6.28077123741762
"Fundc2",-0.0403172401601965,6.50091143950564,-0.139352538670364,0.891331807703503,0.998955722097196,-6.03394602437765
"B4galt1",-0.0465924872687765,6.51209711477088,-0.139217868241464,0.891436095827513,0.998955722097196,-6.03617479891735
"Cyc1",-0.0419384304889044,6.52349911251324,-0.139174309830884,0.891469827698913,0.998955722097196,-6.03753329422264
"Dnajc2",-0.0456145549584447,6.2651675444879,-0.138911280263869,0.89167352390868,0.998955722097196,-5.96940189432381
"Pnisr",-0.0325506932427328,7.50562051209751,-0.137833816622581,0.892508020243619,0.998955722097196,-6.23592413368874
"Ppp1r12a",-0.0423877046830322,6.57945359613839,-0.137411964363526,0.892834781502263,0.998955722097196,-6.05202528752277
"Satb1",0.0519656554812846,7.43835765918855,0.137410171352036,0.892836170389133,0.998955722097196,-6.22438728455576
"Sqstm1",-0.041651840516256,6.56589939494111,-0.137369313355194,0.892867819552898,0.998955722097196,-6.04908499991621
"Icos",0.0399841292147311,8.24108824857939,0.136716061012788,0.893373863687218,0.998955722097196,-6.34578234840337
"Zmat5",-0.0457472106532984,5.74759755150617,-0.136108571160453,0.893844501409979,0.998955722097196,-5.78752471393228
"Thoc2",0.0417762846860967,6.22845556631201,0.135668965415739,0.894185101208445,0.998955722097196,-5.95956799315029
"Rab21",0.0551052621298486,5.75021510691292,0.134556957304734,0.895046765507225,0.998955722097196,-5.78312686942263
"Sh3kbp1",-0.0321927584769071,6.75943183892135,-0.134144521512511,0.895366385925044,0.998955722097196,-6.09298556811977
"Mrpl41",0.0496269411626504,5.6751519637219,0.133849085492058,0.89559534813682,0.998955722097196,-5.75722931750929
"Srsf7",0.0376968632802648,6.81105064922061,0.133395861634179,0.895946614481553,0.998955722097196,-6.10445712906107
"Psma3",-0.0268788913141209,8.1089218740172,-0.133160246405064,0.896129234601616,0.998955722097196,-6.32930447175951
"Whsc1l1",-0.0331231245178796,7.53973305644937,-0.13315145584492,0.896136048088537,0.998955722097196,-6.24226180162191
"Add1",-0.0494481743413234,5.70055549794318,-0.133081730631095,0.896190091801012,0.998955722097196,-5.76885550947643
"Derl1",0.0432349940856139,6.00858457281526,0.132884660707231,0.89634284276673,0.998955722097196,-5.88488037711774
"Gpi1",-0.0325968156653719,8.07652291508284,-0.131819383407717,0.897168624762628,0.998955722097196,-6.32498371716385
"Eif1ax",-0.0477925728139716,6.19267943755254,-0.1315739718622,0.897358880688822,0.998955722097196,-5.94735097656169
"Cetn3",-0.0495778214598795,6.16522622274059,-0.131385109202457,0.897505301450386,0.998955722097196,-5.93660712661471
"Wac",-0.0410550300844204,6.53266308516022,-0.131316866880501,0.897558209073714,0.998955722097196,-6.04122445558355
"Tln1",-0.0287901280100579,7.30484324519077,-0.130832476771119,0.897933766771845,0.998955722097196,-6.20204898036025
"Polr2c",0.0409042345208811,6.30380692011462,0.130465014953207,0.898218684634789,0.998955722097196,-5.98410573751728
"Ebpl",0.0546747398383968,5.7833708874058,0.130446404063623,0.898233115300785,0.998955722097196,-5.79863848636934
"Ola1",0.036245435641469,6.29238323829544,0.129563837341634,0.898917490411752,0.998955722097196,-5.97942543509517
"Nfyb",0.0570008995737857,5.7918921250276,0.128844298919576,0.899475509669492,0.998955722097196,-5.79975979313258
"Ndufs5",-0.0306477590677822,6.82691346532973,-0.127833811079532,0.900259261111008,0.998955722097196,-6.10902998229059
"Gmfg",0.024295082488068,8.30321895449529,0.127392043715061,0.900601937631675,0.998955722097196,-6.35453431859499
"Kmt2d",-0.0445958538538992,5.67901617998213,-0.127113263515677,0.900818196591237,0.998955722097196,-5.75847239754085
"Ctla4",-0.0365809479780762,7.0042141339496,-0.127103594849218,0.900825697041579,0.998955722097196,-6.14705761851487
"Map2k2",0.0372870577229319,6.83306357359925,0.126815885811399,0.901048891339385,0.998955722097196,-6.11056283751289
"Suclg1",0.0363961382961311,6.72829681375448,0.126536390161319,0.901265722381871,0.998955722097196,-6.08691915789776
"Gpbp1l1",0.0374251590506588,6.04985637475227,0.126481880377604,0.901308011706425,0.998955722097196,-5.90014525863635
"Tmem50a",0.0247450940029235,8.21095442746426,0.126448652918069,0.901333790110191,0.998955722097196,-6.34275839744383
"Smek2",-0.0426451644761774,6.07191284405885,-0.126282699245029,0.901462541414801,0.998955722097196,-5.905662339703
"Mrps15",-0.0365729995267456,6.25295515520745,-0.125880166773479,0.901774848947971,0.998955722097196,-5.96556088306227
"Cldnd1",-0.0506777642220103,6.15588045970071,-0.123746098785594,0.903430863282132,0.998955722097196,-5.9367921393544
"Chmp2a",0.0335233466894934,6.88134755311779,0.123742924960766,0.903433326489481,0.998955722097196,-6.12140947280748
"Romo1",0.0296701083264148,7.19521168597525,0.123347726876852,0.903740048088922,0.998955722097196,-6.18273020367782
"Rbm33",-0.0569202544707939,5.81142820996175,-0.122832284250953,0.904140118203331,0.998955722097196,-5.80880310577504
"Arpc1a",0.0418551344781672,6.00837154301888,0.122734812959799,0.904215775377811,0.998955722097196,-5.88657699469314
"Tmem128",0.03606961512792,6.35982382095065,0.122723865102913,0.904224273160522,0.998955722097196,-5.99766141862515
"Etfb",-0.0481271515902209,5.88453568858099,-0.12270245284503,0.90424089350053,0.998955722097196,-5.84191485861105
"Pdhb",0.0476214359674508,5.68713159339142,0.12187382627673,0.904884115104045,0.998955722097196,-5.76282238162715
"Ahnak",0.0383830984635661,7.96002439281386,0.121737490203323,0.904989952731231,0.998955722097196,-6.30934140052577
"Hnrnpd",0.0417738082136442,6.94064166891959,0.120703148031577,0.905792973504134,0.998955722097196,-6.13419841683838
"Anapc16",0.0414459194612148,6.11917386441071,0.120458594339447,0.905982850756246,0.998955722097196,-5.92993119207752
"Mif4gd",-0.0439075091510816,5.6876863544201,-0.120425457353769,0.9060085795567,0.998955722097196,-5.76070819553635
"Idnk",-0.0392167956903969,6.64306651171013,-0.120184912131432,0.906195351214973,0.998955722097196,-6.06923066583205
"Tmem147",0.0346616242763344,6.11720295851125,0.119259529428641,0.90691391994492,0.998955722097196,-5.92327984291129
"Bud31",-0.0509023562219526,5.71206760457662,-0.119164635119049,0.906987611143308,0.998955722097196,-5.77469184980718
"4930453N24Rik",0.0346645789215398,6.26286404588991,0.119033995799606,0.907089061981754,0.998955722097196,-5.9726800533657
"Ankhd1",-0.050945317170954,5.41331194297377,-0.117376525537955,0.908376353848858,0.998955722097196,-5.63782963052134
"Tax1bp1",-0.0300301805025887,7.30801993197214,-0.11682286187625,0.908806422877439,0.998955722097196,-6.20456683319759
"Cd82",0.0334666617258221,7.42886251437991,0.116331668499768,0.909187991972657,0.998955722097196,-6.22556615651798
"Mrpl23",-0.030424878618217,7.14138381079051,-0.115950026631954,0.909484475418782,0.998955722097196,-6.17452299966162
"Aes",-0.020164905254944,9.0257083840219,-0.115421184236097,0.909895336848813,0.998955722097196,-6.44184842084017
"Atp6v1d",-0.0428808302501063,5.74692123110935,-0.115351503828306,0.909949474070719,0.998955722097196,-5.78357539581532
"Ndufa12",-0.0315037448783532,6.943280886658,-0.115244352115944,0.910032725014677,0.998955722097196,-6.13597341610207
"Ap2m1",-0.0372165409178138,6.20607322385718,-0.115026439376445,0.910202034553659,0.998955722097196,-5.95641700099322
"Prpf38b",-0.0331178014869658,6.74043066155539,-0.114173178519855,0.910865028227545,0.998955722097196,-6.09119367670765
"Ubald2",-0.0271097681071027,7.98290819366666,-0.113728248743934,0.911210771492074,0.998955722097196,-6.31442007433091
"Ppp1r14b",-0.0278087721396936,7.51764990121641,-0.112645816198049,0.912051979963298,0.998955722097196,-6.24103876655914
"Vbp1",-0.039938117097042,6.47971095623872,-0.112288932097385,0.912329355391652,0.998955722097196,-6.03157489201248
"Sdhaf4",-0.0410567106477716,5.74119963779494,-0.112125640452173,0.912456271987574,0.998955722097196,-5.78500720237797
"Pik3ip1",0.0472197738362068,5.73133662691961,0.11101050783939,0.913323062980019,0.998955722097196,-5.78263035514026
"Ssbp1",-0.0404490635875094,5.99508388015124,-0.110967205665473,0.913356724036109,0.998955722097196,-5.87838022997646
"Rbm8a",0.0309917855378874,6.74810954726872,0.108825684704603,0.915021656800895,0.998955722097196,-6.09338447758728
"Tapbp",0.0314685328866709,7.37467240699683,0.108617253713643,0.915183724629861,0.998955722097196,-6.21704053779033
"Supt20",-0.0392728366352537,6.01157141992622,-0.108529248800127,0.915252155013254,0.998955722097196,-5.88703558930715
"Il10ra",0.0353061538949389,6.16281740132441,0.10707431878869,0.916383573178663,0.998955722097196,-5.93036123102532
"Tuba4a",-0.0302184421590176,7.0116237619497,-0.106416945481398,0.916894838255975,0.998955722097196,-6.15045412809083
"Hpcal1",-0.0453854945849172,5.7581610363049,-0.105395122661015,0.917689626434648,0.998955722097196,-5.78450072361888
"Ccnl1",-0.0251879367748147,7.50476430161684,-0.105283159208844,0.917776718803901,0.998955722097196,-6.23982254702165
"Cdk11b",0.0332568683698618,6.46081818872501,0.105179699988255,0.91785719701807,0.998955722097196,-6.02790596129975
"Tial1",0.0405603016069508,6.00925792138747,0.104827321738728,0.91813130988696,0.998955722097196,-5.87269621968712
"Pts",0.0473352524860528,5.40326560765309,0.104674965476133,0.918249830263433,0.998955722097196,-5.63697006449283
"Tmem251",-0.0431269253821793,5.52353521262522,-0.103286412980334,0.919330100934528,0.998955722097196,-5.68192947710857
"Isg15",-0.0462350372825165,5.93310395445866,-0.102961098366388,0.919583214483197,0.998955722097196,-5.8641446945994
"Ier3ip1",-0.0266022988805149,6.90301886060801,-0.102956144314096,0.919587069092508,0.998955722097196,-6.12880416940089
"Ptbp1",0.0290014109254746,6.58578332994662,0.102790602385022,0.919715873847032,0.998955722097196,-6.05506562459043
"Bcap31",-0.0248101775814973,7.06076323519287,-0.102748665884391,0.919748504146532,0.998955722097196,-6.16078788763942
"Tmem9b",-0.0348358080920145,6.31387391790619,-0.102293003278247,0.920103059626331,0.998955722097196,-5.98896918441776
"Cdc42",0.0184990789238007,8.91111439726368,0.102251616468286,0.920135263986219,0.998955722097196,-6.43003632750547
"Rsbn1l",0.0226898903428128,7.28463539200163,0.101808222731911,0.920480291595655,0.998955722097196,-6.20190627409285
"Phf3",-0.0280187073754876,6.89823688408951,-0.100102340913121,0.921807882279956,0.998955722097196,-6.12802519464346
"Unc50",0.0364102453544045,5.82376183171897,0.0999174653714537,0.92195177512562,0.998955722097196,-5.82204131544962
"Il2rb",-0.0336524290981963,7.1840825333292,-0.0994770994866072,0.922294533446308,0.998955722097196,-6.18410639673975
"Tor1aip1",0.0389789439831427,6.35713055520884,0.0991275685302349,0.92256660201178,0.998955722097196,-5.99981048725062
"Rbm17",-0.0327473481606069,6.01467310934851,-0.0984632413176144,0.923083730237791,0.998955722097196,-5.89631208396685
"Ccdc12",-0.02297833092949,7.36509913032519,-0.0982044392810212,0.923285197820898,0.998955722097196,-6.21656512499783
"Pld3",0.0363347761008313,6.39111193330425,0.0977233850645858,0.923659694949338,0.998955722097196,-6.00832009799894
"Hdgf",0.0312682363219501,6.60769851608295,0.0971329015841506,0.924119407858245,0.998955722097196,-6.06205576749376
"Ube2g1",0.0362089426913952,5.65179361597188,0.0970101184796409,0.924215002551955,0.998955722097196,-5.75270852206537
"Hsp90b1",-0.0225387062211359,8.13492562921884,-0.0966772416143297,0.924474175172291,0.998955722097196,-6.3368257652118
"Ly6a",-0.0298370887405277,9.025857302402,-0.0964239116737262,0.924671419846565,0.998955722097196,-6.4439035931778
"Cd8b1",0.0286324114256232,9.42957887904917,0.096047255926394,0.924964696548722,0.998955722097196,-6.49224020801395
"Tox4",0.0442255376217474,5.79636580385005,0.0957565698745372,0.925191042199431,0.998955722097196,-5.80853127468408
"Yipf4",0.0340243768069677,6.1898228394506,0.0952365144042309,0.925596005597379,0.998955722097196,-5.9536760128886
"Cipc",0.0417037701868608,5.35689117540409,0.095006861711374,0.925774841355863,0.998955722097196,-5.62091182820971
"Golga4",-0.0336418771678123,5.65632251592692,-0.0949018442764863,0.925856622214244,0.998955722097196,-5.75416224912178
"Eef1d",0.0173945197058234,9.10313451048944,0.0948079921996223,0.92592970894911,0.998955722097196,-6.45319645832526
"Tmem55b",0.0496630897111735,5.28064929965259,0.0947920732447412,0.925942105808041,0.998955722097196,-5.58292975406546
"Morf4l2",-0.0318188116121271,5.90752145633761,-0.093817802090796,0.926700856028934,0.998955722097196,-5.85569310809781
"Gapvd1",0.0511666311841592,5.4740974365378,0.0934172908316239,0.927012790911629,0.998955722097196,-5.65817524205214
"Klrd1",0.0248689522848557,7.74546337880593,0.0933129799727649,0.927094034627095,0.998955722097196,-6.2811778422889
"Ddx46",0.0373733481954936,5.6739616188479,0.0926254195667586,0.927629570245545,0.998955722097196,-5.76278492819051
"Lamtor1",0.0276687969096589,6.39524086626277,0.0921981366972604,0.927962396178274,0.998955722097196,-6.0108543173952
"Psip1",-0.0320983251538014,6.41221758330685,-0.0919344040364074,0.928167834047842,0.998955722097196,-6.01598649935066
"Nop58",-0.0249578123348391,6.22773670415191,-0.0913713137530128,0.928606478235604,0.998955722097196,-5.96428485250503
"Tspan3",0.0385927759196861,5.72103398915324,0.0912609425880309,0.928692459611149,0.998955722097196,-5.78086568740022
"Zfp36l2",-0.0215164667411904,9.89913594565039,-0.0911894027491746,0.928748191094602,0.998955722097196,-6.54775792199581
"Dnajc7",0.0227114766884926,6.73342195057281,0.0908723522361286,0.928995186791195,0.998955722097196,-6.09191705539475
"Anxa5",-0.0292865769265889,6.40139983634025,-0.0906534015923025,0.929165763036059,0.998955722097196,-6.01484167908207
"Trappc6b",0.0255806659808258,6.50718489790151,0.0894954675142978,0.93006792653638,0.998955722097196,-6.03992554639608
"March5",0.0297032611103588,5.88241584586535,0.0877051333162399,0.931463000056292,0.998955722097196,-5.84650231885377
"Phf14",0.0377348288851182,5.59074013355688,0.0877006863935081,0.931466465506313,0.998955722097196,-5.72855838359261
"Klf9",-0.0364278563960481,5.60480678186634,-0.0876742303986499,0.93148708247388,0.998955722097196,-5.7344344414483
"Mdfic",0.0258456336276754,6.38954956246572,0.0865746922810967,0.932343990039391,0.998955722097196,-6.00885170107652
"Lamtor2",0.020819864741058,7.284433408606,0.0863476033436972,0.932520979180043,0.998955722097196,-6.20304708667149
"Gemin7",0.0402594673562543,5.66882179654952,0.0854683545395061,0.93320628547004,0.998955722097196,-5.75745238114898
"Srpk2",-0.0237477496297509,6.75207868145538,-0.0854507598676696,0.933219999721003,0.998955722097196,-6.0967569807175
"Mrps16",0.0241043264865691,6.97156596490919,0.0850039184371494,0.933568299839776,0.998955722097196,-6.14457206013935
"Eif3m",-0.0166856896050278,8.33676410645046,-0.084922426265742,0.93363182219604,0.998955722097196,-6.36379784872746
"Nsmce4a",-0.025208647969867,6.57212984448836,-0.0831689957030252,0.934998718259237,0.998955722097196,-6.05613303489323
"Nipbl",0.0236020241246331,6.30114685069926,0.082961474147726,0.935160507083809,0.998955722097196,-5.98414716024478
"Arpc2",-0.0149059251261744,9.32713182679914,-0.0823450808034488,0.935641079909542,0.998955722097196,-6.4809337939693
"Zdhhc18",-0.0218845510064006,6.52245049575378,-0.0815505359435559,0.936260587810951,0.998955722097196,-6.04420136358718
"Zcchc6",0.0430652391648508,5.15979260652435,0.0814860551269061,0.936310865509841,0.998955722097196,-5.52165517456142
"Osgep",0.0328963183462603,5.73983312188101,0.0814211758771544,0.936361454166643,0.998955722097196,-5.78709885362422
"Ppp1r9b",-0.0275640042477334,5.81359888670954,-0.0797688901910322,0.937649896434728,0.998955722097196,-5.81981158401587
"Isca1",-0.0259243878077201,5.81212771234736,-0.0795012147597252,0.937858645417533,0.998955722097196,-5.81926162296835
"Eif3l",0.0277575587182229,5.69745921894249,0.0790464448361623,0.938213312609753,0.998955722097196,-5.77345173589731
"Dusp2",-0.0228832824418029,9.44049472910444,-0.0790133733021736,0.938239105063396,0.998955722097196,-6.49484865499377
"Senp6",0.0238760085870693,6.53974375933219,0.0789685572402819,0.938274057177526,0.998955722097196,-6.04569980871574
"Dnajc1",-0.0232533904992144,6.1806696896359,-0.0785888759588975,0.938570176519688,0.998955722097196,-5.9529882321146
"Commd3",0.0305287922571581,6.11522570373296,0.077840799259004,0.939153640994417,0.998955722097196,-5.92813109899718
"Nisch",-0.0209143899155053,6.74661683514391,-0.077708600869988,0.939256753306412,0.998955722097196,-6.09615402711915
"Hspa4",0.0296799025621832,5.82006864709581,0.0769203130780163,0.939871626909707,0.998955722097196,-5.81382553132479
"Lbr",0.0239873110880848,6.45587619429251,0.0766250976149301,0.940101908748475,0.998955722097196,-6.02722546685915
"Dek",-0.0232732596424242,7.14539686444231,-0.076613314850301,0.940111099971389,0.998955722097196,-6.17818951999454
"Fkbp4",0.0198589069041948,7.04556087531028,0.076543889189149,0.94016525609567,0.998955722097196,-6.16024504911808
"Ddx18",-0.0252414447497225,6.25609242166411,-0.0750659012226069,0.941318247286877,0.998955722097196,-5.97301641814007
"Prpf38a",0.0404962618491909,5.26193278989393,0.0748922930257694,0.941453689639534,0.998955722097196,-5.57551066972186
"Gpr65",0.0265250482306459,7.0495637786224,0.0743228921306365,0.941897927330531,0.998955722097196,-6.16093981390137
"E2f4",-0.0328997319827921,5.66038748135922,-0.0743053583057652,0.94191160726927,0.998955722097196,-5.75011116391663
"Nfkbid",-0.0216557158347892,7.85656502015581,-0.0735425062838874,0.942506805059496,0.998955722097196,-6.29980442216084
"Fxyd5",0.0140369321213042,9.63884110554249,0.0732246289047707,0.942754832232649,0.998955722097196,-6.51898939746415
"Wdr83os",-0.0195893397239253,6.82523249276258,-0.0727405976265564,0.943132514672961,0.998955722097196,-6.1143330992313
"Uhrf2",0.0249344426432255,6.97553254638356,0.0723641334007393,0.943426274044489,0.998955722097196,-6.14637693826629
"Mrps26",0.0280870170550311,6.02151143720645,0.0718036002717946,0.94386368046404,0.998955722097196,-5.90069567797222
"Lamb3",0.0220485605578075,6.1118810897945,0.0704970221122778,0.944883329041492,0.998955722097196,-5.93125700152601
"Lsm12",-0.0226458674717236,6.34543830972245,-0.0704673132173236,0.944906514932702,0.998955722097196,-5.99953714806334
"Sla",-0.0218574456517038,6.7043534541391,-0.0700586401945622,0.945225463370994,0.998955722097196,-6.08744103104931
"Gt(ROSA)26Sor",-0.0262418820342452,5.61806324269721,-0.0699715909090188,0.945293402168932,0.998955722097196,-5.7328732941321
"Nap1l1",-0.0217037741752098,6.97625823267855,-0.0697443784208546,0.945470735342462,0.998955722097196,-6.14657641103562
"Rbm7",0.0242610602194229,5.90142314461946,0.0688366940538032,0.946179188438355,0.998955722097196,-5.85526072651204
"Cnot3",-0.0210795863410717,6.069356494088,-0.0686882341244106,0.946295066859155,0.998955722097196,-5.91702195182812
"Smap1",-0.0184642508640188,6.77993965320138,-0.0685374326887334,0.946412774214925,0.998955722097196,-6.10439994304667
"Sec11a",-0.0158545996924237,7.17391971506913,-0.0683378232052283,0.9465685804796,0.998955722097196,-6.18446674111583
"Zyx",0.0188142305932524,7.1151169597251,0.0673450384602379,0.947343537881845,0.998955722097196,-6.1744497159447
"Utp3",0.0431544290407439,5.24821129969344,0.0668888363417582,0.947699663260834,0.998955722097196,-5.52913769102181
"S1pr4",-0.023133607046754,6.0769024334203,-0.0664590706589532,0.948035162258689,0.998955722097196,-5.91970719345039
"0610012G03Rik",-0.0209369046154416,6.16139739005731,-0.0664465979525975,0.948044899301561,0.998955722097196,-5.9475794217335
"Dda1",-0.0258126392873693,5.79795031814078,-0.066148947504325,0.948277268061095,0.998955722097196,-5.81456366392491
"Bsg",-0.0177628536686964,7.3017703484647,-0.0660088177559662,0.948386665793852,0.998955722097196,-6.20809017305437
"Fam104a",0.0193494564873641,6.37902889896579,0.0657749448627715,0.948569250182155,0.998955722097196,-6.01029169316785
"Bub3",0.0198334322768141,6.39427503130257,0.0642736217456978,0.949741403594882,0.998955722097196,-6.00996162865866
"Eif2s3y",-0.0215685257508635,6.21205494896851,-0.0632019676221147,0.950578168973018,0.998955722097196,-5.96312106591787
"Pfkp",0.0159697479350265,6.9431004400661,0.0629410769999168,0.950781885995921,0.998955722097196,-6.14067196943184
"Nktr",0.0157405870190752,7.29510343860889,0.0621600745148165,0.951391755011151,0.998955722097196,-6.20708433537245
"H2-Ke6",0.0201345509018001,5.93658117107531,0.0621105208935407,0.951430451510411,0.998955722097196,-5.86895080265853
"Dmxl1",0.0271665034638361,5.41134869393495,0.0619268922509082,0.951573848518654,0.998955722097196,-5.63954963801995
"Trip12",0.0209155319861076,5.83245798100557,0.0612576654361581,0.952096467676417,0.998955722097196,-5.82721322799514
"Sh3glb1",-0.0135812547901653,7.63808014117151,-0.0605575297108986,0.952643249229,0.998955722097196,-6.26625533596083
"Sdf4",-0.0132521438982458,7.45293143494856,-0.0590466388075811,0.953823287004972,0.998955722097196,-6.23483294802037
"Itgb1bp1",-0.0209859035745883,5.69081762655151,-0.0586686629741755,0.954118511983792,0.998955722097196,-5.77114324305064
"Txndc9",0.0218242452870245,5.91159696362503,0.0582794047399693,0.954422556662209,0.998955722097196,-5.85979388418095
"Klrk1",0.0122844547979998,7.61153510695534,0.0581425636264333,0.954529443291661,0.998955722097196,-6.26203898413647
"2810474O19Rik",-0.015301244454927,7.578304682307,-0.056298238185513,0.95597013490768,0.998955722097196,-6.25636196033974
"Psma4",0.0135601485194471,6.91845125424717,0.0556180523996866,0.956501501820548,0.998955722097196,-6.1359577070809
"Psmd12",-0.0224263713717506,5.82908045420585,-0.0555736005431483,0.95653622874535,0.998955722097196,-5.82763193445748
"Rtn4",-0.0152515384721084,6.99023275176701,-0.0555729676644732,0.95653672316699,0.998955722097196,-6.15077418378297
"Plec",-0.0188853551281157,5.8631863820879,-0.0554624805101679,0.956623038955263,0.998955722097196,-5.84121807219158
"Rbm39",0.00951523802891735,9.177848885262,0.0553454284047232,0.956714484096629,0.998955722097196,-6.46514565956275
"Lsm1",-0.0217141993050389,5.6710061856154,-0.0551079890204254,0.956899981891233,0.998955722097196,-5.75704823516229
"Rab8a",-0.0144607956499236,7.13226292044763,-0.0548903041121836,0.957070048943283,0.998955722097196,-6.17843753672949
"Cd27",-0.0142952689238487,7.61942643869635,-0.0536147650011935,0.958066611803249,0.998955722097196,-6.26366985706035
"Ndufb8",-0.0125984062713541,7.14624221528178,-0.0535694220675215,0.958102039036052,0.998955722097196,-6.18074969921774
"Ddx21",0.0187716320085703,7.06499258112303,0.0533211907556816,0.958295988173948,0.998955722097196,-6.16518607822591
"Il4ra",0.0172776680432504,6.15396107873671,0.0530407215203582,0.958515128910323,0.998955722097196,-5.94260764363497
"Dok2",0.0172254568184102,6.09489071829161,0.0530031526328056,0.958544483105322,0.998955722097196,-5.92011594844253
"Golgb1",-0.0254095162902627,5.61094603361938,-0.0529712663178127,0.958569397310283,0.998955722097196,-5.73937721943362
"Ppm1g",-0.0139472249798333,6.98836897588716,-0.0528145007009776,0.958691885961677,0.998955722097196,-6.15076922405387
"Otulin",-0.022410239442908,5.90801258106754,-0.0526788238554209,0.958797897805919,0.998955722097196,-5.8587374105081
"M6pr",-0.0166184607499762,6.41854891334255,-0.0519585662905976,0.959360688609418,0.998955722097196,-6.02271130164133
"Malat1",0.00540106825392212,14.2221560470168,0.051360591801875,0.959827947807823,0.998955722097196,-7.05643032495019
"Stub1",-0.017046132530298,6.619697695174,-0.0510627872528023,0.960060659024902,0.998955722097196,-6.06848759051583
"Gbp4",0.0198958041557883,6.26751055131915,0.0508725301139876,0.960209332258428,0.998955722097196,-5.98250693280902
"Cmas",-0.0239390057187471,5.47002192925037,-0.0507352147324389,0.960316636012086,0.998955722097196,-5.65351199557947
"Tmed9",0.0144297773062503,7.31951051464867,0.0490528345172744,0.961631380210904,0.998955722097196,-6.21209438726277
"Wipf1",-0.0121823486882955,6.78474243249181,-0.049007516303706,0.961666797061889,0.998955722097196,-6.10667307375304
"Sptan1",-0.0229861338689644,5.45243096703287,-0.0486331411824125,0.961959379965169,0.998955722097196,-5.66877813891018
"Them6",-0.0236641783421027,5.25384751147285,-0.0475770649488243,0.962784759006424,0.998955722097196,-5.57052008448886
"Fam177a",-0.020888739866122,5.66107174241713,-0.0472198235949428,0.963063972052012,0.998955722097196,-5.76064626500197
"Tbcb",-0.0150846105221286,6.26246156426689,-0.0459579719368519,0.964050251669843,0.998955722097196,-5.97998100995448
"Cd37",0.0116235697692549,7.30463789990841,0.0457650745538232,0.964201028239185,0.998955722097196,-6.20974870337288
"Dynll2",-0.0138842958342665,6.0201992965779,-0.0454521996037834,0.964445587282456,0.998955722097196,-5.89965997721604
"Zmiz1",0.019957874408802,5.91147134079988,0.0452307992218243,0.964618647396548,0.998955722097196,-5.85391354301267
"Galnt7",0.0157161677020574,5.81432313175554,0.0450639501750696,0.964749068076685,0.998955722097196,-5.82223682832847
"Twf2",0.0123114305104194,6.50401259955985,0.0450501735652597,0.964759836868869,0.998955722097196,-6.04172214289419
"Sdccag3",0.0237636954736398,5.16168591688511,0.0444858235736258,0.965200979704664,0.998955722097196,-5.52596748189052
"Sumo2",0.00754835881245264,8.97993137356972,0.0442724059571671,0.965367807761306,0.998955722097196,-6.44251242368349
"Isyna1",0.0197519871590483,5.54459842541224,0.0439012053250207,0.965657978477912,0.998955722097196,-5.68960295046807
"Sf3b5",-0.0116485164826643,7.17178338784111,-0.0438733926584194,0.96567972008359,0.998955722097196,-6.1856954189097
"Rhoh",0.00879016403096864,7.97552185743179,0.0429457939757184,0.966404855054455,0.998955722097196,-6.31893935652243
"Pcf11",0.012856956331107,6.10135925901598,0.0429352780593546,0.966413075878357,0.998955722097196,-5.92269537387869
"Sirt2",-0.0134671279897985,6.14988236323828,-0.0421922794498849,0.966993925553351,0.998955722097196,-5.93692524397169
"Mkln1",0.0112740667209546,6.46722241275703,0.0420817792679311,0.967080312318563,0.998955722097196,-6.03317340643208
"Ccng2",-0.0193738847762731,5.57012093590141,-0.0404407940578295,0.968363251074386,0.998955722097196,-5.70782319232704
"Ash1l",0.0131336429670315,6.20620281723833,0.0395756312205174,0.969039681265587,0.998955722097196,-5.95845401606836
"Ogdh",0.0116611659300143,6.28274542596642,0.0394505613304903,0.969137469616661,0.998955722097196,-5.9828985145561
"Kat6a",-0.0119834337569791,5.93547428553164,-0.0375353411121402,0.970634986144216,0.998955722097196,-5.87037691903604
"Rabggtb",0.0123109903185429,5.99415536937352,0.0372961589511885,0.970822011675665,0.998955722097196,-5.89257638758512
"Ilk",-0.0132473455746225,5.89153955773028,-0.0362985559797397,0.971602094234147,0.998955722097196,-5.8529049591835
"Rtcb",-0.0114560650522932,6.1696348326143,-0.0361596715561574,0.971710698305038,0.998955722097196,-5.94740328845942
"Akr1a1",0.00812752750085656,7.22930663279184,0.0355824640319886,0.972162066114295,0.998955722097196,-6.19648081059182
"Rnaset2a",-0.00683281913383264,8.10490441986491,-0.0350721658531044,0.972561120123955,0.998955722097196,-6.33712538964895
"Gapdh",0.00605527801573201,9.80548019212432,0.0348531808414062,0.972732369127676,0.998955722097196,-6.54077277366148
"Glud1",-0.012700164696868,6.18950993201981,-0.0346541074082139,0.972888048251814,0.998955722097196,-5.95976577766325
"Aip",-0.0120399776934809,6.1736197636345,-0.0342871919256133,0.973174986005352,0.998955722097196,-5.94655515542859
"Zcchc11",-0.00746271721327899,7.47303948254907,-0.0338722758240325,0.973499466215949,0.998955722097196,-6.2395937570989
"Spcs1",-0.00854490202927227,6.86678165866464,-0.0336581352602828,0.973666934227781,0.998955722097196,-6.12575584236528
"Cd84",-0.0125435792649151,6.3462086327917,-0.0333907183871334,0.973876068649726,0.998955722097196,-6.00249202316103
"Banf1",0.0086848914020669,6.72198253294563,0.0333862309240397,0.973879578105179,0.998955722097196,-6.09314003817019
"Nufip2",-0.0101567163119576,6.71121692035212,-0.0333304028497545,0.973923238932712,0.998955722097196,-6.09078571984889
"Ube2l3",0.00950142267723457,6.91442373915656,0.0333150724951083,0.973935228184259,0.998955722097196,-6.13605944524448
"Srp9",0.00779121006705516,7.78778171049685,0.0323891367721718,0.974659377262063,0.998955722097196,-6.29167423614416
"Lsm2",-0.0136637731843356,5.71083943128071,-0.0323438146046898,0.974694823099579,0.998955722097196,-5.78077231266203
"Erp44",-0.0139190453074035,6.05441404025451,-0.0318056671345829,0.975115705017642,0.998955722097196,-5.91367200637559
"Cd9",0.00886982888368992,6.72289678945959,0.0315680544350791,0.975301542967534,0.998955722097196,-6.09339945571118
"P4hb",0.0127530884828686,5.80620084814353,0.0315423286830183,0.975321663283059,0.998955722097196,-5.81948300721551
"Uchl3",0.0108386754991704,6.30370164167816,0.0309646941820717,0.975773440431698,0.998955722097196,-5.99125711063123
"Zc3hav1",0.00691511643570168,7.44531829295973,0.0302680122159236,0.97631833807131,0.998955722097196,-6.23496548014789
"Swt1",0.0107847329200933,5.84060932772144,0.030232432534447,0.976346166432939,0.998955722097196,-5.83218306065558
"Tob2",-0.0089150442638647,7.48858324202425,-0.0287577448660531,0.977499609458112,0.998955722097196,-6.24244669173629
"Twistnb",0.0090363606970441,6.31409390801621,0.0287516112684427,0.977504407030269,0.998955722097196,-5.9916207328204
"Coro1b",0.0101447609221391,5.84060932772144,0.0284069554676776,0.977773991070528,0.998955722097196,-5.83223588915996
"Gtpbp4",0.00930192426315356,6.06066489881059,0.0282958042923232,0.977860932281188,0.998955722097196,-5.91167043544139
"Snf8",-0.00879438211362038,6.29108576417834,-0.0275469490650097,0.978446686117945,0.998955722097196,-5.98846839742688
"Sept4",0.0298769720147315,4.54673536131789,0.0271207088729006,0.978780096623751,0.998955722097196,-5.24407289182126
"Mark2",0.00759013703386096,6.23899580963337,0.0267400108367768,0.979077886989074,0.998955722097196,-5.96782428966322
"Supt16",-0.00875842903538034,5.77836369013753,-0.0257673326703387,0.979838751942785,0.998955722097196,-5.80851496660599
"Slc25a51",-0.0140249775311601,5.12081126316197,-0.0254313945586875,0.98010154001329,0.998955722097196,-5.50782268168697
"Zcrb1",0.00735054921921994,6.37613601347988,0.0253156906495144,0.98019205012431,0.998955722097196,-6.01126468381238
"Ctnnb1",-0.00770762320415626,6.60363339500779,-0.024886719001926,0.980527618378114,0.998955722097196,-6.06694596122996
"Canx",-0.0078098349279722,6.52285894148877,-0.0243235632762396,0.980968159599129,0.998955722097196,-6.04786076563076
"Alkbh1",-0.00808852773378541,5.96902902003431,-0.0242328471945557,0.981039124904649,0.998955722097196,-5.88320420592231
"Hsbp1",0.0068445655285075,6.2618305625878,0.0234304620781399,0.981666821355726,0.998955722097196,-5.97668098818393
"Hp1bp3",0.00788000258725016,6.86870565928188,0.0232635337754301,0.981797409018735,0.998955722097196,-6.12567443041421
"Apoe",0.0117293169528445,7.03644322662859,0.0230678663173985,0.981950479958521,0.998955722097196,-6.16008341503964
"Irs2",-0.00782001583184795,5.73311435937386,-0.0229648101824324,0.982031101224039,0.998955722097196,-5.79057844206383
"Sbno1",-0.00656135997209328,6.50902843396447,-0.0221087076456236,0.982700841849114,0.998955722097196,-6.04517190054374
"Snrpb2",0.00718329178701313,6.34919977899891,0.0220699313474452,0.982731177400477,0.998955722097196,-6.00589673131689
"Suds3",0.0113651492447799,5.69745921894249,0.0219054527367639,0.982859852947537,0.998955722097196,-5.77625612260955
"Pbxip1",0.00621646601013445,6.21587041781092,0.0217954251336404,0.982945930449534,0.998955722097196,-5.96436915036274
"Ptpn7",-0.0103329578592995,5.35522579581446,-0.0217366516327049,0.982991910603955,0.998955722097196,-5.61526221609904
"Rc3h1",-0.0122578133078318,5.15761040959768,-0.0206724679926735,0.983824462026663,0.998955722097196,-5.52637264768921
"Ssb",0.00492721134644929,7.36282808080871,0.0199296706771895,0.984405592436824,0.998955722097196,-6.22090546464539
"Aco2",-0.0059124713359093,6.05596388061379,-0.0191992399456451,0.984977056844967,0.998955722097196,-5.91207577679296
"Lcp2",0.00525243299107112,7.17137436034233,0.0181116932022269,0.98582793270052,0.998955722097196,-6.18593849738507
"Emc3",-0.00673341162409324,5.65491637640214,-0.0178893497291695,0.986001892257908,0.998955722097196,-5.75548199386553
"Psmd2",0.00528138328079987,6.09062512252378,0.0178396362197484,0.986040787768224,0.998955722097196,-5.92533325779357
"Lsm7",-0.0082083499072322,5.53101504218918,-0.0173242532824311,0.986444022030802,0.998955722097196,-5.70156853786718
"Slco3a1",0.0049157582148306,6.69303266432397,0.0167256047398164,0.986912407948895,0.998955722097196,-6.08698539519612
"Prdx6",-0.0033336406933528,8.92615037307138,-0.0163472217377948,0.987208459513002,0.998955722097196,-6.43714158552883
"Alkbh5",-0.00486471731572312,6.11622539713554,-0.0162774160935459,0.987263076533752,0.998955722097196,-5.93353364832636
"Rnh1",0.00573064058677925,5.92449041366437,0.016264445572394,0.987273224878424,0.998955722097196,-5.86548813670173
"Rraga",-0.00555585878677693,5.62495050215775,-0.0151455778666482,0.988148653481292,0.998955722097196,-5.74333254045187
"Srgn",-0.00299286225325214,10.4991394499338,-0.0148179056603662,0.988405035058856,0.998955722097196,-6.61763602899044
"Akap9",0.00446631111230619,6.16053549562888,0.014815543505327,0.988406883292034,0.998955722097196,-5.94291034087998
"Tle4",0.00473072826501145,6.376856376823,0.0143993197147876,0.9887325525023,0.998955722097196,-6.0107533404008
"Cept1",0.0058938284838386,5.70314848512947,0.0140675525073906,0.988992141202505,0.998955722097196,-5.77859650787692
"Pcnp",-0.00410792492513543,6.82543190104066,-0.0131690966579404,0.989695137541274,0.998955722097196,-6.11691667178133
"Mef2d",-0.0057943654706349,6.13490273410876,-0.0130587440198211,0.98978148353936,0.998955722097196,-5.9377545597898
"Csnk1a1",-0.00290512428601723,7.50669861851831,-0.0125371428769932,0.990189614873992,0.998955722097196,-6.24580575105623
"Sertad1",-0.00375656086782442,6.45887161526459,-0.0121662244930165,0.990479844935204,0.998955722097196,-6.0322686760264
"Gnas",-0.00210651159558958,9.20482935750293,-0.010844749878382,0.991513861634646,0.998955722097196,-6.46995301439752
"Psmb8",-0.00186695208805896,9.67442019738105,-0.0105431379706698,0.991749866773872,0.998955722097196,-6.525953186987
"Srsf6",0.00345591257527839,6.44380876650445,0.0104158904278462,0.991849435613402,0.998955722097196,-6.02842904593706
"Usp48",-0.00378539822964153,5.80458208635828,-0.0101042756684195,0.992093268973713,0.998955722097196,-5.81788864775706
"Emc2",0.00397451577060758,5.86776971196059,0.00980629297477235,0.992326436243872,0.998955722097196,-5.84412047444577
"Bin2",0.00240226136246247,7.01279754326521,0.00973891354109872,0.99237915980642,0.998955722097196,-6.15663924993568
"Chchd3",0.00368079799497726,5.7633307219756,0.0093691580885211,0.99266848947174,0.998955722097196,-5.80251999550894
"Edem1",-0.003433463228154,6.11473362565634,-0.00899753200774173,0.992959283971967,0.998955722097196,-5.93711657719349
"Smim11",-0.00298363066144677,6.17312203109013,-0.00878196335177048,0.993127965241479,0.998955722097196,-5.94837996565489
"Ptpn22",-0.00186788542464952,8.92057478267794,-0.00828128322897593,0.993519745955317,0.998955722097196,-6.4366037700867
"Plp2",0.00309040819816614,5.8350495615637,0.00794047999229662,0.993786424487006,0.998955722097196,-5.82510720085741
"Itgb7",-0.00199841282373657,8.18723536785543,-0.00738960665378929,0.994217484503011,0.998955722097196,-6.34843444574654
"Hadhb",-0.00192235893299947,6.48248333725127,-0.00692998417299337,0.994577141906331,0.998955722097196,-6.03799944360145
"Aqr",0.00248550416588847,5.54264806671392,0.00639714653916715,0.994994092154809,0.998955722097196,-5.7089501063372
"Tspan13",0.00251246833297721,6.39656378718093,0.0061572648993361,0.995181802206601,0.998955722097196,-6.00911404470757
"Papola",0.00178972214896077,6.76989124001179,0.00597978500722457,0.995320682389581,0.998955722097196,-6.10456342128711
"Ppp3cb",0.00228286477951492,5.50189838962133,0.00559460421876699,0.995622091600604,0.998955722097196,-5.69304488608495
"Ccz1",0.00217128206349643,5.66931063571788,0.00555227167782117,0.995655217433801,0.998955722097196,-5.7531833008855
"Cpsf6",-0.0015757198781816,6.0937253612023,-0.0049620542679659,0.9961170720454,0.998955722097196,-5.9273467959684
"Mdh1",0.000943260475933446,7.31507883681468,0.00402757045654814,0.996848323563168,0.998955722097196,-6.21253333342177
"Dctn2",-0.00133345647282586,5.83127371679447,-0.00369078945294958,0.997111861925387,0.998955722097196,-5.83002967234067
"St8sia4",0.00114950136866753,6.91091939046744,0.00359290315858419,0.997188460118898,0.998955722097196,-6.13578063803934
"Psmd8",-0.000880133225054908,7.00669683589875,-0.00349422904036146,0.997265674831413,0.998955722097196,-6.15582094731119
"Lman1",-0.00164989819492136,5.45523507080643,-0.00343431119129367,0.997312561907379,0.998955722097196,-5.65449033219955
"Hnrnpl",0.00092466349873573,6.87702946578819,0.0031623616778697,0.997525368698076,0.998955722097196,-6.12854142681663
"Emc7",0.00113806144793496,6.35802019186332,0.00309679246336064,0.997576678156708,0.998955722097196,-6.00477631179012
"Zc3h13",-0.000837897094262002,6.04955785667188,-0.00239608617882219,0.998124998023325,0.998955722097196,-5.91139097194688
"Lsp1",-0.000557321550675537,8.553549391876,-0.00226291374224066,0.998229208844762,0.998955722097196,-6.39384822276862
"March7",8.56911591447327e-05,6.78859393986492,0.000284449494833426,0.999777410381942,0.999784764053679,-6.10879112051899
"Prkcq",0.00010780533008939,6.24627986657502,0.000275052164054858,0.999784764053679,0.999784764053679,-5.97763437402915
