"","logFC","AveExpr","t","P.Value","adj.P.Val","B"
"Ttr",-5.70032037509371,6.83761660342563,-8.60345877157791,1.05262032248749e-05,0.0403399332017761,2.12198286943907
"Nrgn",-3.08699354842783,8.6668361900506,-8.37375364563972,1.31657745436606e-05,0.0403399332017761,2.94459214467146
"Snap25",-1.93947508314471,9.31897144011237,-6.65986662943165,8.26559528293323e-05,0.133118330788707,1.62820983886545
"Igfbp5",-2.3742744219379,6.18819035002363,-6.61714198655494,8.68918608281377e-05,0.133118330788707,1.25233305143038
"Sncb",-2.25119423755157,7.80994213763301,-6.03422104137779,0.000175791643271766,0.186017414772181,1.05647749511767
"Chn1",-1.88421336596574,7.96754872497147,-5.98829102457563,0.000186173118802451,0.186017414772181,1.02394739620022
"Scn1b",-1.72207040643068,7.0120433042986,-5.73668251424135,0.000256208071967156,0.186017414772181,0.683891557378087
"Slc12a5",-1.99522300518255,6.78604234437258,-5.70488440479874,0.000266921131379446,0.186017414772181,0.616507776278103
"Cck",-3.55065244374397,7.26020028896863,-5.64451468908359,0.000288618004160832,0.186017414772181,0.401554476232365
"Pfkp",-1.83200299755999,6.0169591437896,-5.60574497731263,0.00030355322253946,0.186017414772181,0.343942805640504
"Got1",-1.45172826075175,7.27132926968055,-5.49809075978748,0.00034958381400386,0.194749964746878,0.47754330423234
"Wasf1",-1.458592128468,6.99322539360435,-5.29511377834231,0.0004582217997338,0.212264901384875,0.224917595020535
"Rprml",-2.4462941392788,5.42068505240852,-5.14969118579078,0.000558256948835817,0.212264901384875,-0.31181579646282
"Egr1",1.92233365588718,9.75852312720258,5.14819806545473,0.000559398710416292,0.212264901384875,0.0742580697324327
"Sparcl1",-1.37620308199454,7.42949154342422,-5.13868814099977,0.000566730024232006,0.212264901384875,0.0805009163737767
"Nsf",-2.08092165922817,8.10466628599602,-5.13008174030157,0.000573453996801217,0.212264901384875,0.0773483996220694
"Pou3f1",-2.35090036004562,5.62516198419634,-5.11077166896195,0.000588854980995901,0.212264901384875,-0.291020938364002
"Btg2",1.83560529422023,8.71391739647873,4.9035603434494,0.000785207067427493,0.26148110488879,-0.200657873895108
"Camk2n1",-2.24539690349037,8.25098548557477,-4.84971652626072,0.000847032859480554,0.26148110488879,-0.260016932609179
"Hpcal4",-2.85286598605218,6.14816275584985,-4.83159995129618,0.000868993232218613,0.26148110488879,-0.444207062047946
"Pde4b",-2.19211844851577,5.27160421149767,-4.80992860402208,0.000896067755004013,0.26148110488879,-0.692767511822503
"Smim13",-1.3283899201309,6.27169561863901,-4.70574542398413,0.00103946556848695,0.289538409258548,-0.519618783403784
"Epha5",-1.53830660337691,6.94954075965022,-4.61007829974533,0.00119292154401215,0.300456267065626,-0.587715654496773
"Chchd10",-1.22171875595075,7.53918861094439,-4.60981858095018,0.00119336972864126,0.300456267065626,-0.559497078395004
"Anks1b",-1.74187923979483,7.6557762622836,-4.56590688928561,0.00127179743837969,0.300456267065626,-0.615624863443683
"Nell2",-1.27174490160663,7.73719221071507,-4.55766103296017,0.00128712975166275,0.300456267065626,-0.623773811817146
"Atp1a3",-1.2810395647763,8.39851428923177,-4.52182028468079,0.00135610364484469,0.300456267065626,-0.668541402176924
"Ier5",1.52408613359541,8.32214422175588,4.47824242783024,0.00144532655823967,0.300456267065626,-0.72913979734204
"Thy1",-1.81864340941295,6.82842361329639,-4.46895174392241,0.00146514699568604,0.300456267065626,-0.767521743607426
"Gas7",-1.7028946520793,6.22633802945831,-4.43718700007735,0.00153513310913044,0.300456267065626,-0.852018949306822
"Dnm1",-1.695966461795,8.40663001270897,-4.43548048095714,0.00153899257699378,0.300456267065626,-0.781663660364568
"Arpp21",-1.99254311744699,7.10479109406708,-4.42238228046002,0.00156896223010771,0.300456267065626,-0.813948496158288
"Vsnl1",-2.31008114864403,7.83341079183996,-4.38234609833547,0.00166448897655774,0.308443904952922,-0.853317537036253
"Nefl",-1.8884357084886,6.19110338215358,-4.36359622007047,0.00171134020372052,0.308443904952922,-0.958574795744664
"Gda",-2.36559790253763,5.83177553059372,-4.24194197798876,0.00205155907552,0.356383013403707,-1.18694435629759
"Gabra1",-1.67855197802011,6.82402574974784,-4.22457855423235,0.00210570646539448,0.356383013403707,-1.07688811377712
"Ncdn",-1.86760182141725,8.27413258940493,-4.19600997323706,0.00219812776300206,0.356383013403707,-1.09864754422387
"Cadm2",-1.19777854550088,7.01037374005383,-4.19244881917148,0.00220994688468356,0.356383013403707,-1.10971415427914
"Pclo",-1.16462851222457,6.99125209134438,-4.17371721817566,0.00227323610737811,0.35718950938495,-1.13458066501986
"Snap91",-1.34758866372556,6.41298447256873,-4.13001033962297,0.00242851211152677,0.363091669550537,-1.21307826688178
"Dlgap1",-1.62300986900118,7.98016397493329,-4.1297958452574,0.00242930131389883,0.363091669550537,-1.18795686375908
"Psd3",-1.27367433442091,7.45745300322364,-4.09822155137979,0.00254849453938868,0.367556301750971,-1.23138810895726
"Rgs7bp",-1.2072647479982,5.94949682255199,-4.04094647305829,0.00278080991677944,0.367556301750971,-1.3568753598858
"Junb",2.20046056024826,9.27473372042208,4.03933390310772,0.00278766675004291,0.367556301750971,-1.31236651884914
"Snph",-2.37807461635595,5.61051362845999,-4.03645792252771,0.0027999402172113,0.367556301750971,-1.42501366496113
"Kit",-2.05191813338356,5.28872309120509,-4.02143608918539,0.00286498337903813,0.367556301750971,-1.51046154496044
"Stxbp1",-1.07235713722116,8.06976451261781,-4.01166035428517,0.00290816891039939,0.367556301750971,-1.3493821810303
"Atf4",1.13273601116463,7.49396413246325,4.0057103362526,0.00293479060549457,0.367556301750971,-1.35777864124338
"Spon1",-1.83254678995549,5.65475127465389,-4.00477233569904,0.00293901089846566,0.367556301750971,-1.4380275972365
"Cntn1",-1.69198940070606,7.1182725516723,-3.97333897423189,0.00308421463923483,0.37800134618462,-1.40335253152562
"Tiam1",-1.83304309480004,5.86361688419777,-3.92763078410243,0.00330904157024674,0.392169779471184,-1.51475447612426
"Fbxw7",-0.955142029294361,7.20818850216736,-3.91310429556809,0.00338406853263757,0.392169779471184,-1.48441142649039
"Galnt16",-1.75426432021803,5.81201342386274,-3.91126336911766,0.00339370408395597,0.392169779471184,-1.53916357495317
"Itpr1",-1.38231197169895,6.47450067850019,-3.89594560076535,0.00347501040402407,0.392169779471184,-1.51646580513981
"Syt1",-1.49670783539374,8.76036946032426,-3.88043514147851,0.00355943723340799,0.392169779471184,-1.53025442833543
"Nup54",1.37288343239468,5.61298061125065,3.87603199038319,0.00358379694033719,0.392169779471184,-1.66141806339169
"Snhg12",1.41027508020889,6.67491608998099,3.82502560727124,0.00387914926935042,0.416170318871225,-1.6146410305441
"Syn1",-1.25574944437531,7.02079479398033,-3.81519758792628,0.00393894884049136,0.416170318871225,-1.61919344574837
"Napb",-1.67105727223157,7.13776359597957,-3.79425734369729,0.00406962365350113,0.418413998620509,-1.64814866960845
"Kcnc4",-1.8522159114416,5.13805057526442,-3.77902684782681,0.00416753019693531,0.418413998620509,-1.82558565325627
"Kcna2",-1.48630371134851,5.58550351011507,-3.73465667610022,0.00446714178133752,0.418413998620509,-1.77917700587323
"Rasgrf1",-1.30206411624397,6.97184908057663,-3.73348197444154,0.00447537523682149,0.418413998620509,-1.73205447399354
"Ptk2b",-1.55450250980169,6.77546396916794,-3.71624164111184,0.00459806439857109,0.418413998620509,-1.75646355180551
"Sh3gl2",-1.5418684412078,6.65083602167101,-3.71621362264097,0.00459826664152306,0.418413998620509,-1.75618939391304
"Smg7",-1.30617498881643,5.71414970347617,-3.71473147975153,0.00460897838228857,0.418413998620509,-1.79413602169761
"Ier2",2.40381834920684,8.52332938618605,3.71245909681144,0.00462545228588331,0.418413998620509,-1.76257785686862
"Tuba4a",-1.14872528660837,6.70049967022484,-3.70005882667046,0.00471644586291688,0.418413998620509,-1.7780294539958
"3110035E14Rik",-1.81786246055473,5.45023106038241,-3.69626573741736,0.00474465370224072,0.418413998620509,-1.86252490559796
"Ralyl",-1.37481938885665,5.48803729875471,-3.69510401625447,0.00475332840226927,0.418413998620509,-1.840967011264
"Tspyl4",-0.993308330885077,7.47261980833722,-3.6916081179209,0.00477953327405934,0.418413998620509,-1.7951696587092
"Kcnj3",-1.80245551180219,5.42895510408348,-3.67587646820073,0.00489934691099142,0.422861941838809,-1.88682002671105
"Caln1",-2.04959865941066,5.30329865862183,-3.64601675367345,0.00513551292397552,0.437089211085028,-1.95019683294264
"Prkca",-1.32712176673438,5.95552867493497,-3.62865100673682,0.00527832616938984,0.442435665671624,-1.88654313444239
"Pde4a",-1.10073546768386,6.02237453556661,-3.58889967548946,0.00562113098943397,0.442435665671624,-1.9378300983129
"Ubald1",-0.993386348954359,6.22644826314725,-3.58711400891437,0.00563706702706459,0.442435665671624,-1.93573769303857
"Chd3os",-1.03172969716722,7.14461289697942,-3.58452833106401,0.0056602265906954,0.442435665671624,-1.94357734218513
"Thrsp",1.82075165040736,6.33350758015705,3.5808649713199,0.00569320948969125,0.442435665671624,-1.95014335732929
"Adprhl2",1.35596852083364,5.43836251296937,3.57312916048829,0.0057635212591166,0.442435665671624,-2.04710285032924
"Ptgds",2.07391247642119,7.30977491250909,3.57212188072982,0.0057727432090865,0.442435665671624,-1.95487057905669
"Unc119",1.52982399663286,5.81358489669079,3.55990922551801,0.00588579039038957,0.442435665671624,-2.0052018501617
"Prkacb",-1.14031993211012,7.94817778436922,-3.55599557743039,0.00592250546169795,0.442435665671624,-1.9925942556287
"Osbpl1a",-1.45371674570166,6.1624282736265,-3.55455641271402,0.00593606686605738,0.442435665671624,-1.98101773873323
"1110008P14Rik",-1.52588946739697,6.24144467897902,-3.54136605575766,0.00606188452648478,0.442435665671624,-1.99925810462637
"Ppp3ca",-1.50792799580419,9.75240352732671,-3.53881323268928,0.00608655532504561,0.442435665671624,-2.00655296547034
"Rps20",1.35006141042518,10.0415068376276,3.5253327454416,0.00621858449237756,0.442435665671624,-2.02442712492014
"Cplx1",-1.4635727786335,6.05574606694856,-3.52037237160296,0.00626791728562068,0.442435665671624,-2.03023029104531
"Faim2",-1.31937226393316,7.16337979691732,-3.5026551414554,0.00644748650205802,0.442435665671624,-2.05997417744125
"Mt1",2.19987972323082,7.52905984321316,3.49915155711907,0.00648362829651115,0.442435665671624,-2.0594043780741
"Sort1",-1.02016548795761,6.51586767308213,-3.48423535386454,0.00663988269022673,0.442435665671624,-2.0767580721272
"Ctxn1",-0.923352392426622,7.9678001974801,-3.47935410840062,0.00669186572597338,0.442435665671624,-2.10380748725388
"Atf1",1.27451076853417,5.59341639464831,3.47509210963335,0.0067376014001591,0.442435665671624,-2.14592992307815
"Gpr158",-1.18494936792973,5.91520761260302,-3.45597393394687,0.00694680805037198,0.442435665671624,-2.11986506985563
"Jun",1.60056236080845,9.92831987989426,3.44609215872272,0.00705758783799699,0.442435665671624,-2.13820504940409
"Fam114a2",1.26093622966604,6.39591645675635,3.43637550042266,0.00716831354985705,0.442435665671624,-2.14356260352294
"Cx3cr1",2.3208282610135,7.01725297534663,3.43148368587963,0.0072247417759952,0.442435665671624,-2.14888066939979
"Mt2",2.82566179417196,5.32625433121326,3.43062503984841,0.00723469412180727,0.442435665671624,-2.50719473816001
"Slc17a7",-1.7808653887894,7.55616492953371,-3.42752833079664,0.00727070611370326,0.442435665671624,-2.17196987585319
"Rhob",1.38573123674126,8.73992960834044,3.42334016475839,0.00731970816225448,0.442435665671624,-2.18028239949559
"Camk2b",-1.56628022790952,7.90956261668035,-3.42019564213417,0.00735672553209049,0.442435665671624,-2.18719606331262
"Tmem65",-1.06919962886723,5.99145376986183,-3.41826119797886,0.007379594679095,0.442435665671624,-2.16825485792207
"Nsg2",-1.07613014125942,8.97446427759823,-3.41185171160028,0.00745589870351939,0.442435665671624,-2.19674493422402
"Pdxk",-1.37418215461422,5.34598999532992,-3.40720473795735,0.00751173378379014,0.442435665671624,-2.21813344705218
"Prkce",-1.55465343656662,7.16822878441816,-3.40524880166248,0.0075353651089828,0.442435665671624,-2.19658890302652
"Prkar1b",-1.53641255344369,7.01720301562256,-3.4044807923905,0.00754466523303272,0.442435665671624,-2.19730144201909
"Slitrk4",-1.74960459299152,5.03533358692593,-3.40149801657006,0.00758089831845961,0.442435665671624,-2.3017274055609
"Sult4a1",-1.52721980284911,6.41533773770982,-3.38960835909429,0.0077271369938958,0.44671599526975,-2.20672398524373
"Cadm1",-1.47080866005155,7.56864128706548,-3.38174251071269,0.00782549533344996,0.448174162648424,-2.2404596168444
"Nptxr",-1.37076359423841,7.56605764843762,-3.36578888545366,0.00802900786116945,0.455018162343104,-2.26420319498968
"Eno2",-1.43677301389108,7.23773614083499,-3.36082074402987,0.008093501908518,0.455018162343104,-2.2650779132578
"Dock10",2.04534726624556,5.28196184939501,3.35459768174269,0.00817504739701616,0.4554244586265,-2.4046518242349
"Kcnab1",-1.61516707573507,5.78345157872551,-3.34642302484932,0.00828346582847931,0.456099559257077,-2.26921247756958
"Zfp326",0.880292102313142,6.68802602628999,3.34250016576122,0.00833602327623901,0.456099559257077,-2.27733571557031
"Gnai1",-1.38132550638514,5.88461403045644,-3.32713767752338,0.00854520387189914,0.457791681200499,-2.29356211484547
"Fgf13",-1.55499273033499,5.66178647514515,-3.3261698973906,0.00855856267521263,0.457791681200499,-2.29987380321932
"Ywhag",-0.847693755524904,8.3043850591115,-3.31572760873566,0.00870409030367847,0.457791681200499,-2.34364577860618
"Glrb",-1.06209921350053,6.63188550795388,-3.307598549231,0.00881915689672359,0.457791681200499,-2.32744379613716
"Nap1l5",-1.52546572896155,8.02771534282961,-3.27947691873982,0.00922954015990104,0.457791681200499,-2.39530366218816
"Ppp1r15a",1.44984479363088,5.8685893695417,3.27638108258077,0.00927591272037702,0.457791681200499,-2.37691604726417
"Spred1",-1.24389774307285,6.33759505030693,-3.27250168653787,0.0093343633996819,0.457791681200499,-2.37002060900816
"Cmip",-0.955248811621479,7.71577568277464,-3.25946574271631,0.0095335872800005,0.457791681200499,-2.42350002543005
"Atp2b2",-0.972001759493552,7.25868617227228,-3.24942510516029,0.00969003515573919,0.457791681200499,-2.42902563240572
"Tle4",1.83674508438716,5.35654972130432,3.24819188290875,0.00970943308953669,0.457791681200499,-2.45831174271206
"Ube2ql1",-1.30203195574832,5.79534547445583,-3.23882031688387,0.00985816292183983,0.457791681200499,-2.41519862475375
"Hipk3",-1.03267431817867,5.60671734049275,-3.23499290349062,0.00991958174298176,0.457791681200499,-2.42293787397985
"Tmem106b",-0.931776254456359,6.86554365872277,-3.23113905760906,0.00998182499495256,0.457791681200499,-2.44593506080803
"Setd7",-1.01486121621614,6.00088053509379,-3.23001055987933,0.0100001277046822,0.457791681200499,-2.42623681527857
"Cebpa",1.55237169897375,5.48892670506123,3.22663473516337,0.01005508663689,0.457791681200499,-2.49380385696363
"Cst3",2.53652288323915,11.3935455820268,3.21798576770178,0.0101973237433427,0.457791681200499,-2.45167513443362
"Tmem35",-0.893871475463367,6.12745927913143,-3.21654501234461,0.0102212192648962,0.457791681200499,-2.44681219351785
"Tshz2",-1.6241465017584,7.02833620893605,-3.21198469087648,0.0102972365637683,0.457791681200499,-2.47606776112565
"Atp6v1a",-1.00112813367366,8.17055754530143,-3.20987518524841,0.0103325980666477,0.457791681200499,-2.49984640847178
"Amph",-1.29305808042555,5.86580267770843,-3.20839982825775,0.0103574039811373,0.457791681200499,-2.45557806714375
"Fry",-1.09622202832226,6.86177695797131,-3.20726725061763,0.010376488349598,0.457791681200499,-2.47953534734346
"Srek1",1.07332548860033,6.34386846783567,3.20361766717192,0.0104382329482598,0.457791681200499,-2.4646217952399
"Cyfip2",-0.965835838311176,7.68862809065577,-3.19871092707486,0.0105218456153854,0.457791681200499,-2.51295878238193
"Rsu1",1.20500118586489,5.76428982565243,3.19785118803971,0.0105365670174396,0.457791681200499,-2.47595683207381
"Spred2",-1.26895097085984,5.39578377884978,-3.18948026021024,0.0106810208318059,0.457791681200499,-2.49361441253705
"Nat14",-1.27515870981266,5.91501787648206,-3.18787903133909,0.0107088849678547,0.457791681200499,-2.48389821669262
"Ppp3r1",-1.28414503565947,8.18914251156334,-3.1830229063239,0.0107938500447783,0.457791681200499,-2.5388641868948
"Aldoa",-1.19529107472122,9.3463207378891,-3.18056991047347,0.0108370332556971,0.457791681200499,-2.52964927257127
"Phgdh",1.17758024484318,6.10507657038491,3.17303924254142,0.0109707233765995,0.457791681200499,-2.50458278009756
"Rabgap1l",-1.01384945945386,6.34516017856475,-3.16305955577998,0.0111505188170058,0.457791681200499,-2.52619349216225
"Rps12",1.21293155267695,10.3397306022611,3.16092247477194,0.0111894146078213,0.457791681200499,-2.54370777517474
"Reps2",-1.25957985010676,5.5759666461745,-3.15817180189634,0.0112396842403887,0.457791681200499,-2.52636344188732
"Cx3cl1",-1.70362339619057,6.94220908908829,-3.15765080467346,0.0112492318934856,0.457791681200499,-2.54794274264315
"Ndrg4",-1.17057509863217,8.43600437049486,-3.15347161649272,0.0113261220266932,0.457791681200499,-2.58185093074888
"Gstm5",1.06747286022578,7.2143207009975,3.14863883203001,0.0114157137432777,0.457791681200499,-2.56756047951495
"Tmem59l",-0.882125901467128,7.13558443879017,-3.14449698618529,0.0114930782957731,0.457791681200499,-2.58062189828558
"Gucy1b3",-1.04975003085959,6.38910175845363,-3.13195818156175,0.0117306006375151,0.457791681200499,-2.57213890611309
"Arf3",-1.36380043728293,7.77234402292211,-3.1316793140877,0.0117359403815198,0.457791681200499,-2.61228469524076
"Nap1l2",-1.29105453287209,5.51239226521291,-3.1301810479111,0.011764672052051,0.457791681200499,-2.56695585735061
"Pam",-1.2651542564085,5.86163489278308,-3.12942955021016,0.011779110528093,0.457791681200499,-2.5634836826621
"Elmod1",-1.50142725721869,6.82775809790588,-3.12562227611244,0.0118525406080737,0.457791681200499,-2.59124735453398
"Frrs1l",-1.00443590459643,7.38577408262726,-3.12420212712818,0.0118800513866153,0.457791681200499,-2.61675458086386
"Snap47",-0.890078165873593,7.58542907580362,-3.11937068003432,0.0119741387469582,0.457791681200499,-2.6286463311016
"Emc3",1.18657684625985,5.98929439626851,3.11267363420653,0.0121058280399351,0.457791681200499,-2.58775374620391
"Prnp",-0.98835736582054,9.01948139848597,-3.11117478862809,0.0121355047978165,0.457791681200499,-2.6376431865102
"Arhgap32",-0.94033419270343,6.14723985164985,-3.11078600426283,0.0121432148612255,0.457791681200499,-2.59524728335681
"Kifc2",-1.52637097032379,5.4608220475956,-3.10998202478151,0.0121591747538124,0.457791681200499,-2.59581082966066
"Nmnat2",-1.20932528973629,5.59274604694586,-3.10711927654555,0.0122161791454545,0.457791681200499,-2.59480207784088
"Vgf",-2.78974835126998,4.54325498193969,-3.10600138727169,0.0122385137404801,0.457791681200499,-2.82287281406674
"Abr",-1.25090197465889,6.97997273509548,-3.10266004713898,0.0123055222379279,0.457791681200499,-2.63278699680484
"Slc6a17",-1.23443679139723,6.18967803090169,-3.09289411170445,0.0125035458047209,0.457791681200499,-2.6212758230731
"Gpd2",-1.14229604776951,6.07627892563464,-3.09269639511254,0.0125075886039813,0.457791681200499,-2.61847965409713
"Hexb",3.02513011952835,8.62379882228233,3.09169875425095,0.0125280083415692,0.457791681200499,-2.64920171872985
"Setd8",0.969473605225569,6.25748703834608,3.09121673313086,0.0125378866519608,0.457791681200499,-2.61889846378814
"Hlf",-1.79126100248469,6.84371676421797,-3.08634712783346,0.0126381326928321,0.457791681200499,-2.64858196942789
"Abhd2",-1.49744874672558,5.50040765054434,-3.08345928280049,0.012697971295087,0.457791681200499,-2.63246505981036
"Ahcyl1",0.761702768281129,6.91778175746455,3.07897931931981,0.0127913773806031,0.457791681200499,-2.66580562375421
"Bsn",-1.17772783549988,6.52506381094063,-3.07844070063506,0.0128026549406064,0.457791681200499,-2.65042667432648
"Pcdh19",-1.61066463013068,5.61248637975446,-3.06857854211171,0.0130109657174964,0.457791681200499,-2.65132810342321
"Adgrg1",1.68740416890507,5.8669148672071,3.06555080821769,0.0130756150067462,0.457791681200499,-2.6532850088282
"Csmd1",-1.96253343121306,5.18265952884952,-3.06406753023666,0.0131074069364827,0.457791681200499,-2.6880731058629
"Aak1",-0.828870393201818,7.2924924127965,-3.05746804500574,0.0132498235224212,0.457791681200499,-2.71343848972392
"Phyhip",-2.88355743663421,5.32992000598418,-3.05562796064775,0.0132898152958026,0.457791681200499,-2.80613335541301
"Kcnab2",-1.56551882935158,5.55537156336946,-3.05502065919652,0.0133030413886106,0.457791681200499,-2.6665624676618
"Gnl3l",-0.844273257231339,6.90958688785999,-3.05341403445752,0.0133380964683905,0.457791681200499,-2.70710564958082
"Pacsin1",-1.44493711582822,6.58265008570355,-3.04501212459089,0.0135229705255022,0.457791681200499,-2.69960197738534
"Gm10419",-1.29742972213016,5.61252332137306,-3.04185551752364,0.0135931063400199,0.457791681200499,-2.68253634723321
"Syt4",-1.12332713876181,7.94854462615518,-3.04043724167122,0.0136247401632121,0.457791681200499,-2.75079735945741
"Rnf208",-0.991389518399935,6.00476615951075,-3.03485542361804,0.0137499754148851,0.457791681200499,-2.69791108594446
"Nptx1",-1.12009756599954,7.1718275130889,-3.02910938746902,0.013880130025482,0.457791681200499,-2.74916903533013
"Kcnd2",-1.13451265661508,6.39044726731599,-3.02228971487999,0.0140362462411316,0.457791681200499,-2.72841723471833
"Dmrta2",2.67896108781901,5.43746579985015,3.0173279285207,0.014150963130319,0.457791681200499,-2.72935898922304
"Vcan",-1.28357621123054,6.16963110014284,-3.0115609603202,0.0142855053052134,0.457791681200499,-2.73542128607595
"Mmp17",-1.32614206768524,5.37481105614353,-3.00988461231759,0.014324859756637,0.457791681200499,-2.72894589231406
"Gabra5",-1.43571795147497,5.37743937002291,-3.00890489339062,0.0143479113954868,0.457791681200499,-2.73136249258981
"Zwint",-0.877982024146003,8.66477878933205,-3.00769015859401,0.0143765455140415,0.457791681200499,-2.79725799121433
"Ociad2",-1.79186122769935,5.05383880565738,-3.00464065731616,0.0144486878195647,0.457791681200499,-2.75856776011434
"Rab3gap1",-0.998053448209969,5.81615073927283,-3.00195245387955,0.0145125906603948,0.457791681200499,-2.73861090839162
"Idh3a",-0.838575062006466,6.59994785780231,-3.00188405858969,0.0145142202989707,0.457791681200499,-2.7692102956381
"Adcy1",-1.06058465003527,6.81064976585204,-2.99874601890355,0.0145891917415406,0.457791681200499,-2.77770963799257
"Nxph4",1.34621266711113,5.5287260852038,2.99540782519975,0.0146693809320847,0.457791681200499,-2.75349256456471
"Camsap2",-1.09861420228191,6.01239433115523,-2.99526775562515,0.0146727555039685,0.457791681200499,-2.75406874835236
"Nceh1",-1.09861420228191,6.01239433115523,-2.99526775562515,0.0146727555039685,0.457791681200499,-2.75406874835236
"Ddit3",1.12168979406955,6.3822054546358,2.99483524767142,0.0146831805559981,0.457791681200499,-2.75601740893203
"Pls3",-1.24415730107716,6.33336896588134,-2.99343983265527,0.0147168670359821,0.457791681200499,-2.76821402326104
"Fam65b",-1.4571146639714,5.82300810792993,-2.98640523539609,0.0148878979559766,0.460772922597095,-2.76008386171631
"Nlk",-1.13670323202517,6.30598871645409,-2.98320853108016,0.0149662905007943,0.46087149843652,-2.78269083551662
"Rbfox1",-1.04711338351044,6.77801694196404,-2.97977703369523,0.015050911507329,0.461159928584561,-2.80415774577008
"Sez6l",-1.35485229101288,6.12005873490057,-2.9709943263447,0.0152697327895643,0.462125769321959,-2.78917460914981
"Cul1",0.793467515124643,6.87458839505544,2.96699261812483,0.0153705129180324,0.462125769321959,-2.82804348462906
"Slc30a3",-2.21885953695591,4.74811612731682,-2.96424002009758,0.015440230096753,0.462125769321959,-2.96238246838167
"Scn2a1",-1.15329779428048,7.7122576799385,-2.96069527539217,0.0155304875652584,0.462125769321959,-2.86638146920328
"Rpl10a",1.11594910063093,9.54366069133739,2.96016664657756,0.0155439938744689,0.462125769321959,-2.85351744572777
"Atp2b4",-2.25975464110109,5.23918396256114,-2.95333440547154,0.0157196408971826,0.462125769321959,-2.84643712806845
"Kcnq3",-1.00679434761279,5.92284732543754,-2.95105942465171,0.0157785768826424,0.462125769321959,-2.8122167746986
"Nlgn1",-1.11440735320847,6.17466065357211,-2.94849608910327,0.015845253868302,0.462125769321959,-2.8239042227968
"Rpl12",0.935410856358327,9.71884936538671,2.94519713337876,0.0159314899190957,0.462125769321959,-2.87196180355793
"Gabbr2",-1.34360314262574,6.02105554646275,-2.94360553193573,0.0159732664984721,0.462125769321959,-2.82233472285245
"Zfp771",0.839446788856942,6.19247561182625,2.94114441034905,0.0160380869866861,0.462125769321959,-2.82923054591876
"Tmem132b",-1.26975057254384,5.15141230004508,-2.94006635190329,0.0160665652927109,0.462125769321959,-2.83204520184045
"Phactr3",-1.12535897914562,5.81526722578193,-2.93558935197957,0.0161853851737778,0.462125769321959,-2.83029940160856
"Mpped1",-2.48322031789211,5.23197549337785,-2.93509236924834,0.0161986303951487,0.462125769321959,-2.87569893750373
"Cdk14",-1.02875069712336,7.06836810993122,-2.93338377748509,0.0162442511015378,0.462125769321959,-2.88982052760598
"Cadps",-0.758121508278689,6.73881134270656,-2.93171153402735,0.0162890284225756,0.462125769321959,-2.87892935602704
"Cdk5r2",-1.24146286047013,5.64574556491627,-2.92033028137663,0.0165971505508941,0.46869741279207,-2.8481368258904
"Fgf12",-1.49562293756201,5.36644472387848,-2.91241247689265,0.0168150130296627,0.469624727787852,-2.85826163187217
"Camta1",-0.938470456068108,8.43181711740448,-2.91033786448341,0.0168725783142673,0.469624727787852,-2.94516090042684
"Ntrk3",-1.53282421990212,6.44507599245826,-2.90911481617542,0.0169066090485138,0.469624727787852,-2.87963821150886
"Brinp1",-1.36987173538231,6.24213936829859,-2.90650089679422,0.0169795751644879,0.469624727787852,-2.88350351107234
"Dusp1",1.43207336345012,8.25118808479159,2.90530135010917,0.0170131673578497,0.469624727787852,-2.94307545370892
"B3galnt1",-0.959892378147587,5.49466386040994,-2.90097936343997,0.0171347639913763,0.470860240982754,-2.87241396658236
"Fos",2.04073464238209,9.92303561411809,2.89479459193058,0.0173103131754809,0.473560710443513,-2.94084487953903
"Slbp",1.18451345182401,7.21905118014389,2.88386698280544,0.0176249803723611,0.478581203859731,-2.95452411310473
"Gm15800",-0.96979995588733,6.32578888695441,-2.88300581459821,0.0176500248159757,0.478581203859731,-2.92664221643176
"Dnajc6",-1.14085842240209,5.79881825750855,-2.87576871861136,0.0178619321911638,0.479878582663127,-2.91411022542474
"Pabpc1",0.929954444493071,8.07228181019583,2.87487243263563,0.0178883559171325,0.479878582663127,-2.99058205405921
"Vps72",1.00915405278518,6.19953110719014,2.87336795562966,0.0179327995153159,0.479878582663127,-2.92040659487847
"Nfkbia",2.61214555712669,7.5360604626173,2.86670788856852,0.0181308991991793,0.48307021866335,-2.96416154196116
"Ctsd",1.9920554815636,9.01598267825098,2.86081847749785,0.0183079327711336,0.483978162967653,-3.00339850620655
"Grin2a",-1.38845421254,7.60022485809113,-2.85764270487425,0.018404124842361,0.483978162967653,-3.01515047019796
"Ppm1k",-1.26930632058494,5.67046969322258,-2.85329963278454,0.0185365072581008,0.483978162967653,-2.93687611591638
"Rps6",0.884619408874283,9.6685184320657,2.85116822056617,0.0186018296032789,0.483978162967653,-3.01242246834087
"Calu",1.06177550247776,5.72079020063939,2.8492720553067,0.0186601391355876,0.483978162967653,-2.94235511425113
"Cnksr2",-1.09209931923633,6.07280908409184,-2.84828739858517,0.0186904919426571,0.483978162967653,-2.9608220206274
"Trmt10c",1.17636786148229,5.23675362805174,2.8460859792181,0.0187585342546376,0.483978162967653,-2.95458206400054
"Ptn",-1.11562514700966,7.09692613435686,-2.84485144298694,0.0187968020212633,0.483978162967653,-3.01828970381883
"Herpud1",0.879112458957513,7.06747364845844,2.83932021029291,0.0189692349252252,0.485012851835225,-3.01986382104675
"Clstn1",-0.967180011384625,8.55417170117779,-2.83848915072394,0.0189952814034683,0.485012851835225,-3.05154211412509
"Hnrnpf",0.836733133616129,8.31420261512437,2.83210031189017,0.0191967342865242,0.486965952969766,-3.05777082691431
"Lgmn",2.08583053120443,7.92538050865628,2.82895331436043,0.019296762662527,0.486965952969766,-3.04450399639075
"Ech1",0.851438999001554,5.9529580390197,2.82734463155058,0.0193480996833586,0.486965952969766,-2.97812508482141
"Zfr",-0.834665570953816,7.65360777410949,-2.82604621720582,0.0193896365085873,0.486965952969766,-3.06756539095876
"Tpst2",1.58361517309847,5.52288002219692,2.82146749302889,0.0195368365284061,0.488660139779887,-2.98587916114684
"Unc5a",-1.14422826044704,6.10438813125854,-2.81573216842397,0.019722823030909,0.489449217153684,-3.00884981137292
"Dzank1",-1.52972063338319,5.39825661785129,-2.8155694433305,0.0197281260830548,0.489449217153684,-2.98566845070267
"Banp",-0.883742769170455,5.79943770253556,-2.80526753720851,0.0200668202945022,0.494173985463295,-3.01214499026422
"Coro1c",0.850774604372219,6.28376188857303,2.80487474619081,0.0200798502578917,0.494173985463295,-3.02862102496404
"Rtn3",-0.738085343394636,9.15421051196707,-2.79657698551611,0.0203571261366969,0.498993875862714,-3.10482800151183
"Adgrl3",-1.01689811023983,6.37488835907988,-2.78586964564349,0.0207206705790071,0.500174872154578,-3.06704129187176
"Copg2",1.10104509171408,5.43230636632491,2.78198439002591,0.0208542084452404,0.500174872154578,-3.03148266211129
"Cpeb2",-1.29339431618278,5.57694611621423,-2.77790180740506,0.0209954689894601,0.500174872154578,-3.04122785851942
"Dkk3",-1.17055106979971,7.12467051882832,-2.77751434065253,0.0210089259455048,0.500174872154578,-3.12145630016574
"Kalrn",-1.25402605903201,7.14042916253465,-2.7774497087919,0.0210111715001214,0.500174872154578,-3.1162931388353
"Lrrc4c",-1.47740978745685,5.42720784136125,-2.77666109580583,0.021038590494819,0.500174872154578,-3.03742364660278
"Crip2",0.949887913603976,7.18505705143319,2.77661414225412,0.021040224149233,0.500174872154578,-3.11708315539354
"Nfic",1.12091685423637,6.67663546295003,2.77560599550304,0.0210753316267293,0.500174872154578,-3.08887369131718
"Sod2",-0.69987146998304,6.83118309900996,-2.77375635731129,0.0211398975013113,0.500174872154578,-3.11679567491399
"Dctpp1",0.932702021974201,6.71072089046875,2.76946923442124,0.0212903213208458,0.50179649636209,-3.10010695268737
"Rpl9",0.857052301533849,10.6791071846606,2.76366659889915,0.0214956495902652,0.502360914026395,-3.11595326554291
"Mrpl17",0.923344155153845,6.05663165535265,2.76340159492238,0.0215050746063198,0.502360914026395,-3.06838587573548
"Cbfa2t3",-1.26924260395189,5.2425379077182,-2.76185391436133,0.0215602024133391,0.502360914026395,-3.05669283553231
"Mapk10",-0.929630261814591,6.69942008906464,-2.75942699830056,0.0216469366275546,0.502471316869905,-3.124410277255
"Cirbp",0.721228719958981,7.67403696975865,2.75453744366516,0.0218227563864562,0.504640947683788,-3.16713974221134
"Lmtk2",-1.48960758869748,4.85030113400305,-2.75005150966389,0.0219853342621257,0.504890461350367,-3.09416225725926
"Nckap1",-1.09696667683342,7.36835259547277,-2.74836639490693,0.0220467219992135,0.504890461350367,-3.17290011103906
"Madd",-1.09813639055454,6.25319395143663,-2.74476839610989,0.0221783762695826,0.504890461350367,-3.11654766922567
"Erdr1",0.854549403166125,8.09686812864038,2.73752407835936,0.0224458713479339,0.504890461350367,-3.19688480702006
"Lrrn2",-0.999099163710225,6.49883147718886,-2.73577583771525,0.0225109122077834,0.504890461350367,-3.14954404133506
"Prdx1",0.932280210007378,8.08573682827491,2.73117260686908,0.0226830821884524,0.504890461350367,-3.20532943752116
"Cspg5",-1.73393756471208,6.97278058672477,-2.72967819120969,0.022739262136683,0.504890461350367,-3.1724279938036
"Cdip1",-0.981920402157399,6.38726756187762,-2.72905396282084,0.0227627705495179,0.504890461350367,-3.15233065504406
"Map1a",-1.10044751150409,6.76312782439165,-2.72810922740906,0.0227983959853472,0.504890461350367,-3.17266109092199
"Itgb1",0.79844332013812,6.14271887121969,2.72744503338769,0.0228234761053777,0.504890461350367,-3.13071144784441
"Cacnb4",-1.28468630767583,6.59283480364253,-2.72700616876742,0.0228400630366141,0.504890461350367,-3.16761921031934
"Lrrc40",-1.36639698096922,4.90550211874894,-2.72570628383154,0.0228892638496226,0.504890461350367,-3.11318901652082
"Sv2b",-3.41478721765846,5.4164332896722,-2.72306967011809,0.0229893893010007,0.504890461350367,-3.10741072715147
"Oxr1",-0.734591522529823,6.64336446356357,-2.72092824810805,0.0230710355250949,0.504890461350367,-3.18242443835195
"Tmem179",-1.17581856003364,5.60384853244392,-2.71900198764821,0.0231447285813921,0.504890461350367,-3.12264956060265
"Rpl18",1.13728554622824,9.77171415128435,2.7188175198564,0.0231517982440361,0.504890461350367,-3.20573834574117
"Rpl14",0.805377582963933,9.8119256885846,2.71155098032076,0.0234320283898792,0.508709702301845,-3.21535612252593
"Tmem41b",1.0126530279764,5.62939329850265,2.70998266253342,0.023492957857608,0.508709702301845,-3.12565708131331
"Crtac1",-1.40851862728454,6.01413173518593,-2.70190884040135,0.0238091686474201,0.513741498138698,-3.16701138871472
"Afg3l1",1.50193473054305,5.4835274735827,2.69254533004595,0.0241812749619083,0.517224755517415,-3.14732616509245
"Xylt1",-1.97566658763184,5.25370600193474,-2.69058629294991,0.0242598664772519,0.517224755517415,-3.14997104869438
"Adora1",-1.45370478661363,5.54953570885167,-2.68754664074197,0.024382319859353,0.517224755517415,-3.16217577116229
"Acvr1b",-1.13920081866581,5.54067701968483,-2.68740400196802,0.0243880813985931,0.517224755517415,-3.16231387502996
"Pou2f2",1.64860325734118,5.88510946892305,2.68729174834486,0.0243926165705831,0.517224755517415,-3.15451037423435
"Ak5",-2.08760773923981,5.54065278360539,-2.68010957664702,0.0246845593209242,0.517595144041181,-3.16392720801618
"Cacna1e",-1.02072731683336,6.34798997129459,-2.67757767227612,0.0247883145504785,0.517595144041181,-3.2224679107816
"Rbms3",1.22622070251074,5.52286178046663,2.67723284127917,0.0248024793958911,0.517595144041181,-3.16901452365201
"Rpsa",0.96028852608482,10.5939373699595,2.67419078616967,0.0249277938362868,0.517595144041181,-3.24885040933159
"Mettl1",2.15958726452168,4.33394801098744,2.67122278306025,0.0250506727374478,0.517595144041181,-3.34302647266353
"Shisa7",-0.890696574215187,6.03125747121371,-2.6711277070399,0.025054619072287,0.517595144041181,-3.21373996358405
"Psmb2",0.70951514793011,7.72696072948912,2.67086366494306,0.0250655819934654,0.517595144041181,-3.29305992713156
"Rps4x",1.24780977048679,10.2728171032915,2.67001413659515,0.0251008868689503,0.517595144041181,-3.26365240235683
"Aprt",0.771702745943437,6.47576808072791,2.66834833880119,0.0251702599419504,0.517595144041181,-3.24035162321921
"Sympk",-0.880241463920285,5.68434201631755,-2.66513871332464,0.0253044716597669,0.517641330245155,-3.20112285672315
"Csf1r",2.20011991771368,7.40301745662683,2.66244390972815,0.0254177124206957,0.517641330245155,-3.26524796848543
"Wdfy3",-0.805006925967992,6.69562481020927,-2.66025200813961,0.0255101965630737,0.517641330245155,-3.27373356883375
"Mcl1",1.33424630463798,7.88492315905281,2.65781011167341,0.0256136279551336,0.517641330245155,-3.30770980903146
"Utp14a",0.952580230469389,5.59772694607029,2.65687404636665,0.0256533887220266,0.517641330245155,-3.19684075659799
"Ctss",2.79464848887021,7.98377576489437,2.65626399684865,0.0256793349207779,0.517641330245155,-3.28087738837863
"Fbxo31",-1.12570539913219,5.30328007470467,-2.64641992679744,0.0261016868174316,0.520908393686293,-3.2090171613573
"Trim37",-0.921497598805543,6.52388508181007,-2.6422445311586,0.0262829333269391,0.520908393686293,-3.28598161839932
"Fbxw11",-0.958884942221039,5.66070051493897,-2.63736956292334,0.0264961494662937,0.520908393686293,-3.23798925574187
"Adgrb2",-1.38371543367024,6.79028304396411,-2.63554261709413,0.0265765017730435,0.520908393686293,-3.29677466636278
"Rpl8",0.835501927247896,10.0960150075112,2.6355133467618,0.0265777911260832,0.520908393686293,-3.3190623871147
"Pde3b",1.46736439677522,5.11848870714745,2.63481171621776,0.0266087166578301,0.520908393686293,-3.24768719465017
"Tpgs2",-0.812781204652662,5.5788128622286,-2.63367597647247,0.0266588529676301,0.520908393686293,-3.23894762264814
"Ddn",-1.23873986104265,6.203279004298,-2.6302380836953,0.0268111954785717,0.520908393686293,-3.27775893013213
"Lonrf2",-1.08668471123758,5.89630858371934,-2.63002272075077,0.0268207678773459,0.520908393686293,-3.25983542764606
"B9d2",1.22790059240468,4.96234160505479,2.62761830702416,0.0269278721810459,0.520908393686293,-3.2613417975127
"Tiparp",0.955824928264757,6.11111743653674,2.62755235258319,0.0269308161621789,0.520908393686293,-3.26566048218651
"Lap3",1.17613359243784,5.6822967933446,2.62659498402164,0.026973586266026,0.520908393686293,-3.23518803729137
"Cib2",1.05983030345197,5.9496443883289,2.62549958588602,0.0270226065221549,0.520908393686293,-3.25888903605901
"Klc2",-0.872039353113854,5.60497151634415,-2.62230173570281,0.0271662264582873,0.520908393686293,-3.25586780938717
"Rnh1",1.19862314318598,6.06179145804305,2.62176595968004,0.027190363802098,0.520908393686293,-3.26364727736906
"Hjurp",-0.727843773891512,7.40035136335552,-2.62032433737182,0.0272554176138449,0.520908393686293,-3.36766438662193
"Fbrsl1",0.960701791972778,6.21379401597082,2.61852332834752,0.0273369085952308,0.520908393686293,-3.27828627446407
"Luzp1",-0.94642717086773,5.64528021488289,-2.61776064023038,0.027371491965892,0.520908393686293,-3.26391656107785
"Taok1",-0.655223961407838,7.5619410504342,-2.61463288841512,0.0275137770536178,0.521282230762906,-3.3815576991143
"Arhgap44",-1.28380659491665,5.47525513988597,-2.61359256973962,0.0275612667701014,0.521282230762906,-3.25527346969868
"Hpca",-1.97508908865945,6.28444955372663,-2.6083630685882,0.0278012387498859,0.522101231163701,-3.30943068435445
"Golga7b",-1.15800043638178,5.43899307246236,-2.60723211668558,0.0278534112082635,0.522101231163701,-3.26730818142177
"Tcf7l2",2.85503270544844,4.26093013747782,2.60601741524732,0.0279095566036217,0.522101231163701,-3.43799006939026
"Git1",-1.08028799610751,5.59384348032628,-2.60401887114494,0.0280021796849451,0.522101231163701,-3.28043718477273
"2510009E07Rik",0.99668372517089,5.62093754009274,2.60094705526367,0.0281451455483283,0.522101231163701,-3.27456055728107
"Zcchc18",-0.680288049572505,8.07374837403467,-2.60024459972397,0.0281779413818474,0.522101231163701,-3.41133943110914
"Fxyd7",-1.04515270725602,6.2414542350228,-2.59767311330547,0.0282983247903013,0.522101231163701,-3.33151997999407
"Ppib",0.783858355561171,8.3392201310286,2.59542058245961,0.0284042001490155,0.522101231163701,-3.41205855694543
"Ufd1l",0.875200337512409,5.92922455801133,2.59360143451346,0.0284899951651518,0.522101231163701,-3.302342740529
"Bbc3",1.3947456483414,5.39409824474655,2.59299384399376,0.0285187083200732,0.522101231163701,-3.27795178748827
"Adcyap1r1",-0.874289748444165,5.53229058200646,-2.59250647328414,0.0285417611683812,0.522101231163701,-3.29215262698727
"Alg5",0.984621293925405,5.38502172898204,2.58601686977513,0.0288505087183773,0.523847398450498,-3.2851190563437
"Rps3",1.07213499285592,10.2190070833023,2.58559006266601,0.0288709313059059,0.523847398450498,-3.38908748703822
"Adgrb3",-0.846595310712152,6.75145244820563,-2.58013595917049,0.0291331874208377,0.523847398450498,-3.39531984151076
"Ywhaz",-0.6722965732797,9.17913696321808,-2.57527485069649,0.0293689407493634,0.523847398450498,-3.43471475881767
"Gltscr2",0.664944134487183,6.67196133588719,2.57396657753663,0.0294327148791932,0.523847398450498,-3.39305399009837
"Ccnl1",0.927641744286108,7.01174123261803,2.57383451501017,0.0294391602060114,0.523847398450498,-3.40698607951677
"Camk2a",-1.51795538513654,7.59485896252792,-2.56589449785319,0.0298292815873806,0.523847398450498,-3.44786964222998
"Syndig1l",1.49940531105903,5.28800569559329,2.56581207616792,0.0298333582811226,0.523847398450498,-3.31004340461208
"Tob1",0.903269129199619,6.72073102561872,2.56493632694297,0.0298767085375867,0.523847398450498,-3.39933923679644
"Vps37b",0.76767185595986,6.92355282583666,2.5642985577991,0.0299083182664001,0.523847398450498,-3.42194609503928
"Srsf9",0.830952570643448,7.10509675065349,2.56303275628273,0.0299711543082729,0.523847398450498,-3.43063051005428
"Rpl3",0.724810184663059,10.3065778782232,2.561167533755,0.0300639872286934,0.523847398450498,-3.42191338008258
"Lsm4",0.840918650511935,7.1767789953637,2.56027983219847,0.0301082695069113,0.523847398450498,-3.43848972242412
"Epb41l4aos",0.865319315663572,5.97323404055306,2.55905556366036,0.0301694482394317,0.523847398450498,-3.35120345933345
"Tenm2",-1.79320350619428,6.08084757875162,-2.5582105431462,0.0302117478483668,0.523847398450498,-3.36649479383766
"Rpl30",0.911527947984267,10.3024524816419,2.55672963440444,0.0302860215722278,0.523847398450498,-3.42871875276154
"Rps2",0.950434862829954,10.1710806876515,2.55581346827895,0.0303320625306035,0.523847398450498,-3.43411111805315
"Mrpl52",0.684834341500038,7.54839158360802,2.55424613107997,0.0304109897831322,0.523847398450498,-3.46307568442262
"Rps5",1.16323327588323,10.3886079717937,2.55374865177847,0.0304360845384117,0.523847398450498,-3.43091167118527
"Rplp0",1.3984078005415,10.1613832123089,2.55015093604687,0.0306181845056847,0.523847398450498,-3.44333514250956
"Rps16",1.00510442302015,10.2622778600848,2.54992810090075,0.03062949916537,0.523847398450498,-3.44001848280212
"Tnr",-1.70239572366555,5.55825672578288,-2.54917539036666,0.0306677496544766,0.523847398450498,-3.34260715146794
"Foxj2",-1.04071927066378,5.13038620771872,-2.54615648562973,0.0308216417726229,0.523847398450498,-3.33661941394898
"Abhd8",-0.927230413227596,6.55153673679372,-2.54547508639217,0.0308564835196997,0.523847398450498,-3.43083371387513
"Scn1a",-1.61281844257481,5.02607167594894,-2.54465223296981,0.0308986106713974,0.523847398450498,-3.33818746553928
"Rpl36a",0.898256559997915,9.21195122015485,2.54236607698888,0.0310159556265071,0.523847398450498,-3.48406362583394
"Rps3a1",0.797026640671464,10.5630617042642,2.53878850190524,0.0312004815267642,0.523847398450498,-3.44734975175614
"Mapk1",-1.0288855991674,7.88453897184406,-2.53878445472643,0.0312006908940113,0.523847398450498,-3.5012930812953
"Ildr2",-1.12444774957155,6.01021943409103,-2.53625613931819,0.031331759521278,0.523847398450498,-3.40374506876367
"Cacna2d1",-0.702092943100869,8.07290764687963,-2.53472781626362,0.0314112548122352,0.523847398450498,-3.5093966361123
"6330403A02Rik",-1.99025824881616,5.71890246436059,-2.53249727339736,0.0315276375563843,0.523847398450498,-3.37461319019056
"Cd164",1.22708692074809,6.51346365563191,2.53071129008052,0.0316211349363185,0.523847398450498,-3.41766121368726
"Syne1",-1.05161759686546,6.65662293393776,-2.53060618879129,0.0316266456746285,0.523847398450498,-3.45052303654453
"Oaz1",0.859220719779114,9.40312802025412,2.52921395274066,0.0316997348358072,0.523847398450498,-3.49805937051041
"Bmpr1a",1.10502683763044,5.37488424728832,2.52840935000906,0.0317420514796646,0.523847398450498,-3.35799573658985
"Rpl10",0.937990789390675,10.1933665346431,2.52632859653462,0.0318517466706247,0.523847398450498,-3.47669073047157
"Apoe",-1.52026659689009,9.32658316800248,-2.52596025526443,0.0318712046315174,0.523847398450498,-3.4966449691904
"Magee1",-0.929821981887001,6.76354526257569,-2.52568751471687,0.0318856200427604,0.523847398450498,-3.47530754650942
"Prkar1a",-0.629658547033784,8.2511020684093,-2.52249452162457,0.0320548671210453,0.523892806081853,-3.52833967708284
"Hspa1a",1.10138685901345,6.32866348176704,2.5207941639597,0.0321453614308709,0.523892806081853,-3.4261359026464
"Ptpn5",-1.01593733807479,5.34176038991759,-2.5179264235912,0.0322985625935492,0.523892806081853,-3.38030142286756
"Wasf2",1.17080165726777,5.59409313015786,2.51682921666231,0.0323573703403214,0.523892806081853,-3.37563020990829
"Tacc2",1.00455698561179,6.17986998112972,2.51506388786485,0.0324522121229806,0.523892806081853,-3.43495113823458
"1700020I14Rik",-0.673867416100782,7.68720494043259,-2.51457933470478,0.03247829306741,0.523892806081853,-3.53431627306813
"Stx1a",-1.13597681643648,5.56824070689254,-2.51442089749701,0.0324868254424125,0.523892806081853,-3.40109309852054
"Dock3",-1.02076030531667,5.98261839540356,-2.51035819642012,0.032706380762977,0.525901066565738,-3.43803655889641
"Rbm3",0.779689720675714,8.4584183112885,2.50894686492328,0.0327829972957102,0.525901066565738,-3.54251785865553
"Mgst3",-0.8426304068098,6.15070794230458,-2.50262184135488,0.0331285655835379,0.530057049336607,-3.46312153922184
"Ubc",1.13095637564629,9.89801776343776,2.49653642806146,0.0334644686088381,0.531870375885035,-3.5304021936008
"Ksr1",-1.87517584923073,5.42415535175007,-2.49518040437279,0.0335397795466935,0.531870375885035,-3.41289986487757
"Arhgef9",-0.746857533184363,6.53800155803548,-2.49369717880271,0.033622348350083,0.531870375885035,-3.50620119155139
"Mal2",-1.44652448485226,5.83484708853733,-2.49338181713967,0.03363993011206,0.531870375885035,-3.44768815409723
"Manf",0.91350370822511,7.56126055161625,2.49273775326513,0.0336758658360629,0.531870375885035,-3.55058899034977
"Rsbn1",-0.697076428282387,6.25968214355619,-2.48340031751514,0.0342011649410361,0.533408501700547,-3.49937258477894
"Tex261",1.18910012054329,5.92715990091268,2.4829345303603,0.0342275814057021,0.533408501700547,-3.44114754548608
"Zmat4",-1.12315260865358,5.02965268768075,-2.48255486566787,0.0342491285754873,0.533408501700547,-3.41619110423772
"Mboat7",-0.982241555584467,5.49960190421005,-2.48054432103916,0.0343634585308975,0.533408501700547,-3.44311866638949
"Mtor",-1.02050569097666,5.06287082238465,-2.47962251779501,0.0344160039158353,0.533408501700547,-3.42106183270063
"Tmem80",1.17054058892527,5.87767969905189,2.47938403743675,0.0344296109798824,0.533408501700547,-3.45300795117084
"Slc8a2",-0.952360662378004,5.83344912428855,-2.47928545278341,0.0344352375252682,0.533408501700547,-3.46789454014621
"Zfos1",0.913557266236669,7.15278290976065,2.47868355822775,0.0344696094440954,0.533408501700547,-3.55665136244448
"Hnrnph2",-0.662196524105861,6.93917026497768,-2.47661656031511,0.0345879079383427,0.533890931602428,-3.56082125166732
"Arl2bp",-0.652139585129212,6.73317287739017,-2.47400536946988,0.0347379291786868,0.534496073028074,-3.5519896076777
"Rpl6",0.804750877636091,10.1091920362307,2.47290130554759,0.0348015556687666,0.534496073028074,-3.55760515706209
"Tomm70a",-0.885874781636845,6.15361168397583,-2.46870549599167,0.035044416241735,0.535593334279622,-3.50970920086291
"Ppil1",1.04558706496049,5.35921332160691,2.46864721622745,0.0350478014109217,0.535593334279622,-3.43361908076068
"Rplp1",0.98048519946847,10.898120684833,2.46481817855891,0.0352709240369546,0.537662245021039,-3.54631381616437
"Eef2",0.628264726681733,9.3413749615424,2.46052545254998,0.035522745169621,0.540157276425402,-3.60244963051593
"Wbp2",-0.82991999099611,7.66671294666403,-2.45668211711079,0.0357497191632518,0.540599700499248,-3.61986638260368
"Zmym3",-0.897290147081349,5.60775368207573,-2.45516191233975,0.0358398942271799,0.540599700499248,-3.48517419629534
"Mycn",1.93809014874013,4.90034581928217,2.45496879511939,0.0358513656577194,0.540599700499248,-3.50298498489036
"Gpr107",0.961331396794147,5.22260547845399,2.45358401571293,0.035933730361174,0.540599700499248,-3.45267909327814
"Slc39a10",-0.894688521941134,6.58926367634488,-2.45259064333123,0.0359929304509943,0.540599700499248,-3.56343595633778
"Taf10",0.747406814072876,6.63211638644696,2.44936019655445,0.0361861194518339,0.541976508185831,-3.57028238895038
"Srsf3",0.711934311980867,8.99165950917311,2.44667245545395,0.036347637505785,0.541976508185831,-3.63220875582949
"Ank2",-0.650581934246775,8.45740951115549,-2.44342417792938,0.0365437958243757,0.541976508185831,-3.64518182964172
"Spock1",-1.40324771560582,5.65978819226,-2.44298434410338,0.0365704373157351,0.541976508185831,-3.50629786167962
"Fam234b",-1.04938711855797,5.708657753014,-2.44297775741608,0.0365708364291414,0.541976508185831,-3.51023647176595
"Mgat3",-1.18391346296611,5.10126788681849,-2.43806751371031,0.0368695731061843,0.541976508185831,-3.47217770016311
"Flywch1",-0.859286404476887,5.99220622500775,-2.43700749723349,0.0369343809666146,0.541976508185831,-3.54222358726135
"Pi4ka",-0.785370928265906,6.42726326811816,-2.43611798183972,0.036988851814665,0.541976508185831,-3.58090798245352
"Cdkl5",-1.42433293345766,5.74187740284164,-2.4358740589776,0.0370038027216087,0.541976508185831,-3.5177648421433
"C1qb",2.59976378643458,8.93970742207449,2.43569321781728,0.0370148909933307,0.541976508185831,-3.62387534816385
"Pop7",0.880230914702483,5.40777192696223,2.43193843978657,0.0372458609465439,0.541976508185831,-3.487566386623
"Ext1",-0.904654449513324,5.4327635740262,-2.43085625496177,0.0373126949168722,0.541976508185831,-3.50522191020652
"Resp18",-1.14695478851499,5.72201644868003,-2.43072796359399,0.0373206258609226,0.541976508185831,-3.51602264822808
"Prr12",-0.762917927928235,5.80858537350905,-2.42957099262336,0.0373922250825012,0.541976508185831,-3.53691006689475
"Tppp",-1.26334112473849,6.68312731460805,-2.42926414132734,0.0374112374286238,0.541976508185831,-3.60799304028401
"Nadk2",1.31280936610421,4.85012275923709,2.42455349392369,0.0377043120694815,0.543574401276182,-3.50575224240731
"Ddx18",0.765352718081384,5.92180392278915,2.4240416177696,0.0377362953546538,0.543574401276182,-3.53765916857779
"Gabrb1",-1.12899617240695,6.64612579654006,-2.4196123462558,0.0380141720983136,0.543574401276182,-3.61577612273382
"Snw1",0.901032320038283,6.74305472358106,2.41723151786474,0.0381643733496666,0.543574401276182,-3.62145185761181
"Dchs1",2.17164553057232,3.80833528801763,2.4147010185116,0.038324661339949,0.543574401276182,-3.63150450666579
"Eif3f",0.795552664206018,7.97694638928004,2.40910029833203,0.0386817984491548,0.543574401276182,-3.68443222829738
"Pja2",-0.707278228840654,7.91148646493481,-2.40820454916944,0.0387392217900184,0.543574401276182,-3.69642891739922
"Snca",-1.17343179286108,7.24946290579472,-2.40742536972394,0.0387892408562645,0.543574401276182,-3.67362677327328
"Rpl21",0.917164384671615,10.5925552940233,2.40688145102633,0.0388241953393297,0.543574401276182,-3.63863778163509
"Syp",-0.899866184692907,8.09699418187309,-2.40679759740365,0.0388295868949672,0.543574401276182,-3.70016722560704
"Diras2",-0.984658130481209,5.74276458798496,-2.4064759613351,0.0388502740748956,0.543574401276182,-3.56314958226349
"Tusc3",-0.781644824187258,7.17962147790958,-2.40540037274482,0.0389195336654649,0.543574401276182,-3.67797298633863
"Kif22",-0.903374945848177,5.7115869940754,-2.4046449016394,0.0389682531868752,0.543574401276182,-3.56311407022862
"Imp4",0.968513126750584,5.24058302562118,2.40453500095599,0.0389753455895,0.543574401276182,-3.51457924200815
"Gnb2l1",0.954687206793514,9.49525246769448,2.40432558821428,0.0389888635037381,0.543574401276182,-3.6794492036154
"Gabrb3",-1.00356878376303,7.3544949218931,-2.40253063871026,0.0391049206706686,0.543574401276182,-3.68768258089774
"Phf24",-1.19176274397056,5.73481870889944,-2.40232934479193,0.0391179571488422,0.543574401276182,-3.56846484069454
"Hmg20b",1.21880978857473,4.97380462714686,2.40168386423965,0.0391597896638924,0.543574401276182,-3.52479430714278
"Rpl29",0.878158642077862,9.42935317956501,2.40032966534258,0.0392476968753521,0.543574401276182,-3.68776468383883
"Rps27a",0.941436526678035,10.7337280464332,2.39641731576992,0.0395027631223962,0.543574401276182,-3.64971993288364
"Gabra4",-1.14566407345729,5.96377603093214,-2.39552528126502,0.0395611485218462,0.543574401276182,-3.59328102431725
"Cep70",-0.899975628985019,5.56161455150646,-2.39543969436799,0.0395667548347883,0.543574401276182,-3.56021658903976
"Eef1a2",-1.14063777212443,7.74816873192549,-2.39213667449077,0.0397837180300942,0.543574401276182,-3.71650136521034
"Dpp6",-1.09970898303995,5.96824506241974,-2.38857131187819,0.0400192333254088,0.543574401276182,-3.60405342652375
"Paics",0.673612479133683,6.70369267296727,2.38575782926234,0.0402060541131774,0.543574401276182,-3.66675694003545
"Synj1",-0.998650217549534,7.10091914074547,-2.38478499062667,0.0402708527727731,0.543574401276182,-3.70077045372436
"Atp1b1",-0.873729606774583,9.5460036891947,-2.38440548836928,0.040296158551715,0.543574401276182,-3.7043720155229
"Carnmt1",0.866540776812206,5.55578736024784,2.38433634743317,0.0403007706641514,0.543574401276182,-3.55774528056247
"Ntm",-1.27983808328537,7.01617447038992,-2.38331229748662,0.0403691419803592,0.543574401276182,-3.69620855121759
"Tsfm",0.937795825511457,5.50293663763999,2.3815278895161,0.0404885529050298,0.543574401276182,-3.56410378895223
"Pianp",-1.36261861804037,6.44532457389425,-2.37832593068354,0.0407037001540946,0.543574401276182,-3.65787529234212
"Bscl2",-0.761043685505536,6.12983582372664,-2.37640141954052,0.0408335553338005,0.543574401276182,-3.64074648920459
"Ank",-1.2932169247288,5.3120297471109,-2.37330927934658,0.0410430524050048,0.543574401276182,-3.56378575690988
"Pcna",1.17789066829483,7.39856480222905,2.37039548528569,0.0412414368448969,0.543574401276182,-3.71883747841751
"Atp6v1b2",-0.730872154811758,7.72584669482769,-2.36766482089456,0.0414282116358677,0.543574401276182,-3.75344186869661
"Rpl18a",0.882178171082869,10.4512908673524,2.36755958289864,0.0414354264875443,0.543574401276182,-3.70004428694438
"Clstn3",-0.977210784328266,6.52734885216077,-2.36683313736682,0.0414852635800314,0.543574401276182,-3.68607094697767
"Tub",-1.34433155388518,5.50286892693562,-2.36471921453718,0.0416306238037673,0.543574401276182,-3.59405272872241
"Bfar",0.744307394640504,5.98672102074403,2.36122236482211,0.0418721820186201,0.543574401276182,-3.62964221166422
"Rps14",0.986763053778432,10.383178015295,2.35950603456486,0.0419912491598889,0.543574401276182,-3.71408728390252
"Kbtbd7",-1.08615977366662,5.25256265361556,-2.35938431829301,0.041999705657704,0.543574401276182,-3.58253345161338
"Dcaf7",-0.678252195125111,6.38809775241004,-2.3576045134918,0.0421235533142753,0.543574401276182,-3.68997903691378
"Usp5",-0.826190489213122,6.0277422526002,-2.35728625907909,0.0421457369443477,0.543574401276182,-3.65699787923447
"Phyhipl",-0.917108175372481,6.23312584254972,-2.35516780599454,0.0422936954499041,0.543574401276182,-3.67656128446628
"Rps11",0.852462540555186,10.3433584581987,2.35507139686953,0.0423004410888691,0.543574401276182,-3.7216539186377
"Cluap1",0.885201796411665,5.53763455351343,2.35347869479878,0.0424120342292708,0.543574401276182,-3.60076524421373
"Slc35b2",1.18088485888736,5.2684251496743,2.35092465544075,0.0425915895587861,0.543574401276182,-3.57780104615437
"Rps13",0.891869472747856,10.0530648374726,2.35036432109495,0.0426310825183407,0.543574401276182,-3.73872848511883
"Kcnma1",-0.703062652300131,6.30454191866042,-2.34713827189896,0.0428591605292376,0.543574401276182,-3.69841983575389
"5430416N02Rik",0.730194482894629,6.0325548495762,2.34660854939169,0.0428967260008428,0.543574401276182,-3.65332177990192
"Atp6v1g2",-1.22107757446946,7.18777005150794,-2.34622227152242,0.0429241394824468,0.543574401276182,-3.76274193809628
"Nop14",1.02494812454227,5.15743322120259,2.34588648065493,0.042947984003587,0.543574401276182,-3.58640100425299
"Eef1a1",0.875292897380986,11.7076949430226,2.344152629099,0.0430713125562737,0.543574401276182,-3.70216496612834
"Atp6v1e1",-0.733364505343669,8.01374874592663,-2.34177220432842,0.0432411998711073,0.543574401276182,-3.79582264033063
"Nat8l",-1.04290058296438,6.12279487339299,-2.34081277504346,0.0433098592475482,0.543574401276182,-3.68997009740258
"Scn2b",-0.892369841092787,6.25556918831035,-2.33943765713069,0.0434084535865154,0.543574401276182,-3.7052104056596
"Gnb2",0.552660067165604,8.82111915443146,2.3384105630625,0.0434822391064375,0.543574401276182,-3.79587908082899
"C1qc",2.19029709824071,8.57745000007192,2.33768147743313,0.0435346908563339,0.543574401276182,-3.77744818625828
"Emc1",-0.888473348795002,5.89201316482822,-2.33605852079821,0.0436516729672905,0.543574401276182,-3.67493422386953
"Rab3c",-1.53954758677221,6.75335104324502,-2.33521227582889,0.0437127926135009,0.543574401276182,-3.74126976249968
"Hcn1",-1.24491253813569,5.6242937683813,-2.33490320151601,0.0437351363452172,0.543574401276182,-3.65086641757324
"Tubg1",0.958763379710446,5.52670316324217,2.33478215700686,0.0437438900079401,0.543574401276182,-3.61059286587366
"Add2",-0.934003343120595,6.35512986396795,-2.33312671209881,0.043863781126139,0.543574401276182,-3.7194027952532
"Eif1ad",0.879205822817514,5.6016992517785,2.33215166115326,0.0439345477476818,0.543574401276182,-3.62178755226642
"Rpl5",0.822674436517729,9.66862616207731,2.33146617391348,0.043984365812747,0.543574401276182,-3.78062133726049
"Epc1",0.720847115682915,6.64514902449321,2.33112245638853,0.0440093665337137,0.543574401276182,-3.74292337099271
"Bcl2l1",-0.731143701950964,5.60614185711201,-2.33097414945782,0.0440201581381199,0.543574401276182,-3.65508086707716
"Rnd2",1.31009936807027,5.99220622500775,2.33018834609746,0.0440773808277684,0.543574401276182,-3.66776105895469
"Fbxl16",-0.736117977910245,6.15509657666962,-2.33003884190741,0.0440882760957889,0.543574401276182,-3.70841327514989
"Hcfc1r1",0.606426862324913,7.08379964067727,2.32978914218595,0.0441064791197391,0.543574401276182,-3.77920385918575
"Cotl1",1.38394127397197,6.99621745511577,2.32827648092158,0.0442169097063903,0.543574401276182,-3.7400237886911
"Lhx1",1.94917366973159,5.95723522323921,2.32686584806115,0.0443201367434869,0.543574401276182,-3.66836132840102
"Stx1b",-0.783390592892341,6.01422253423754,-2.32597720551406,0.044385287270466,0.543574401276182,-3.70112554643713
"Anapc2",0.731721589508754,5.77748119277748,2.32494834536633,0.0444608354140826,0.543574401276182,-3.65645339034934
"Pld3",-0.825276178821308,6.35123748629599,-2.32450005945974,0.0444937921107865,0.543574401276182,-3.73199668419532
"Nop58",0.802365543541179,6.76271019940829,2.32368826214305,0.0445535342511572,0.543574401276182,-3.7564661950443
"Tenm3",-1.78675281645616,4.73395530496718,-2.32327125060829,0.0445842537909544,0.543574401276182,-3.61926464009891
"Zfp871",-0.705442346018804,6.55856780223556,-2.32195829500654,0.0446811098923921,0.543574401276182,-3.75607767896599
"Lrrtm3",-1.5534887955354,5.22668098574141,-2.3218685108732,0.0446877407733073,0.543574401276182,-3.63399380151392
"Pdzd11",0.938787245423337,5.55875515273832,2.32147593532145,0.0447167452487658,0.543574401276182,-3.64639091208182
"Ing1",-0.609914654139207,6.71361879152669,-2.31852686052978,0.0449352225833715,0.543574401276182,-3.77709469311585
"Dynll1",-0.579431046057169,9.63824957228385,-2.31679039991909,0.0450643556002725,0.543574401276182,-3.80175415468604
"Klf2",1.56471215925956,6.76267068593695,2.3159780116248,0.0451248944819278,0.543574401276182,-3.7274808085405
"Lsm2",0.707939595301905,6.58382396480987,2.31474869460472,0.04521665466784,0.543574401276182,-3.75522104947887
"Ormdl3",0.742190608830474,6.13207299983825,2.31438187823458,0.0452440705074028,0.543574401276182,-3.71439983265823
"Pcmtd1",-0.772190518699249,7.24791841704319,-2.31433696449974,0.0452474284796304,0.543574401276182,-3.81372283844832
"Rps21",0.905366856847613,10.6901795039212,2.31374399477544,0.0452917847731606,0.543574401276182,-3.77025501841855
"Gsto1",0.907156204938207,5.36351432279726,2.31326782961591,0.0453274345711699,0.543574401276182,-3.63737760964941
"Hpgds",1.79925239538962,4.98013260218003,2.31037066384134,0.0455449357854618,0.544381624806355,-3.62766714306693
"Rps9",1.01857800417425,10.3399198562831,2.31000557015332,0.0455724173507931,0.544381624806355,-3.78726604720911
"Eef1b2",0.837944781784888,8.95342041543971,2.30629298985822,0.0458527990745532,0.546665277682611,-3.83910886394985
"Agap3",-0.806995389049392,6.56204045545359,-2.30363581236347,0.0460545134158714,0.546943258009636,-3.781521725206
"Gria3",-1.25738472551972,6.61634882799955,-2.30176653058258,0.0461969376833703,0.546943258009636,-3.77789535020058
"Mfn2",-0.914885999145675,5.61745763266257,-2.3000584132599,0.0463274602855032,0.546943258009636,-3.6977024486672
"Bri3",0.532632961595345,8.35687793697029,2.3000170699363,0.0463306239381636,0.546943258009636,-3.85329433987571
"Nptn",-0.875379298060087,8.33407602276642,-2.2999294117903,0.0463373323709737,0.546943258009636,-3.85821778096195
"Ssr4",1.17263401100179,7.08102198483934,2.29592384808454,0.0466448945990167,0.546943258009636,-3.80441663540708
"Rpl39",0.81905706961234,10.5487202544321,2.29581090618592,0.0466535956583836,0.546943258009636,-3.80040532057122
"Socs3",1.1036294669746,6.74040020797849,2.29447314290015,0.0467567782659585,0.546943258009636,-3.77684778402905
"Psme1",0.639230969933712,6.64321390542399,2.29288289914478,0.0468797259567319,0.546943258009636,-3.79688337818293
"Eef1d",0.888462172815651,7.31627888109783,2.29173045616044,0.0469690236364294,0.546943258009636,-3.8363804086886
"Cit",-0.800509204417346,7.24094950353425,-2.29100639350098,0.0470252132925996,0.546943258009636,-3.84886990297503
"Sh3kbp1",0.940607643457286,5.51015455973322,2.29084905142753,0.0470374322691429,0.546943258009636,-3.67205288989425
"Mid1ip1",0.863311650776124,6.71251414686688,2.28863484630869,0.0472097148626128,0.546943258009636,-3.80496231578652
"Zic1",1.31174836510039,6.07054167348004,2.28832937798202,0.0472335311916588,0.546943258009636,-3.74323780461191
"Calm3",-0.61153140719613,8.76255254291917,-2.28755218397272,0.0472941794674978,0.546943258009636,-3.87059559961643
"C1qa",2.47789205788386,8.92662573932967,2.28701999466101,0.0473357528271282,0.546943258009636,-3.84402271377749
"Ddr1",0.827257612153304,5.85440449499974,2.28603483525913,0.0474128056395252,0.546943258009636,-3.72258574351725
"Mobp",1.60964369094676,6.37135934568059,2.28514291485801,0.0474826718768156,0.546943258009636,-3.74520542483427
"Nt5dc3",-1.19144939734581,5.39298467796192,-2.27875215187035,0.0479862337768398,0.550539227142697,-3.7019475120642
"Wsb1",0.812547584010992,7.19123562669074,2.27670110438627,0.0481489522979955,0.550539227142697,-3.85752936496121
"Tspan13",-0.711167151668559,7.33958775924263,-2.276098724968,0.0481968442078027,0.550539227142697,-3.87461713247607
"Itpka",-1.32402845215232,5.72735361868643,-2.2758894015707,0.0482134972866574,0.550539227142697,-3.72893320049523
"Slc35f1",-0.975963489929516,5.70492261195849,-2.27550549410246,0.048244054336754,0.550539227142697,-3.7402779067913
"Rpl17",0.81402788225293,10.4209676289247,2.27286818120563,0.0484544837795245,0.551202175766689,-3.83776785148701
"Csmd3",-0.945360513832179,5.55856105426678,-2.27139031131605,0.0485727944482436,0.551202175766689,-3.73139860977506
"Slitrk3",-1.50203139171395,4.94748760079262,-2.27115374704162,0.0485917587940387,0.551202175766689,-3.6716133952465
"Abca1",0.975419321325214,5.23455144507085,2.26953581565722,0.0487216557707888,0.551202175766689,-3.68294212128231
"Cend1",-0.678816201881725,5.99495684732452,-2.26727122469099,0.0489040410008433,0.551202175766689,-3.78118347563722
"Sar1b",0.602814607822428,6.67560517633985,2.26605387453423,0.0490023595378322,0.551202175766689,-3.84000055777044
"Gdpd5",1.46320781142568,4.68275405068927,2.26597386897921,0.0490088279029443,0.551202175766689,-3.69426450880613
"Dut",0.717072856081462,7.54445688682357,2.26513817473942,0.0490764428379775,0.551202175766689,-3.88843686705151
"Kcnq2",-0.87630025517712,6.70989439150795,-2.26444226336841,0.0491328177272683,0.551202175766689,-3.84925481796899
"Pan3",-0.749723408105307,6.11239574492952,-2.26359387496183,0.0492016302454926,0.551202175766689,-3.79652841164292
"Nlgn3",-0.929001800572646,6.34321341388046,-2.26208468724309,0.0493242729674281,0.551567782380291,-3.8138430256997
"Arf4",0.90411198905465,7.68347275634678,2.26001679873478,0.0494928033999986,0.55213131900096,-3.89574631308704
"Exoc5",0.845167862777977,6.25573284679334,2.25925700368424,0.0495548670774361,0.55213131900096,-3.79995512135331
"Ncoa2",-0.663500293889418,5.98687596581887,-2.25649336456153,0.0497812564363797,0.552625443167901,-3.79508712530987
"C1qtnf4",-0.946985222580605,7.59797374271963,-2.25636774573924,0.0497915707468822,0.552625443167901,-3.9128588571003
"Ncald",-0.863993248431666,6.6349192510004,-2.25500962171106,0.0499032170069766,0.552625443167901,-3.85636120215768
"Adgrb1",-0.733489168566657,6.97149806801496,-2.25363030343141,0.0500168558971844,0.552625443167901,-3.88810266571823
"Rab3a",-0.644653725525183,8.27630112604272,-2.25322716038095,0.0500501176498343,0.552625443167901,-3.92744237915045
"Ctsf",0.866849892600869,5.93110417646673,2.25175197704886,0.0501720135303076,0.552734933606004,-3.76796941676952
"Clic1",1.21662223426543,7.28799485688294,2.25072293118287,0.0502572162604503,0.552734933606004,-3.88343509614082
"Fau",0.845581056272719,10.4610624035948,2.24983764892053,0.0503306287454554,0.552734933606004,-3.86949464392378
"Nme2",0.93953987761472,5.36494344542026,2.24549798244178,0.0506920152357758,0.553089295669712,-3.71810307937744
"Otub1",-0.903777332802202,6.84484312420418,-2.24448833850588,0.0507764560644106,0.553089295669712,-3.88881297497971
"Rps24",0.889463624230728,10.9206354443708,2.24437075073596,0.0507862993528775,0.553089295669712,-3.86281983305892
"Mbp",1.66970884725067,8.40040401173459,2.24407881656573,0.0508107452552731,0.553089295669712,-3.92401831923516
"Pcdh9",-0.818927369799169,6.93078242273041,-2.24170321838321,0.0510100998572167,0.553089295669712,-3.90382718683558
"Gng3",-0.670674412612327,7.58743191724184,-2.24130187845578,0.0510438546433353,0.553089295669712,-3.93506317822489
"Rps15a",0.96470766956847,10.2702906097862,2.23872810529737,0.0512608410403108,0.553089295669712,-3.89242370993846
"Lin7b",-1.46266940794059,4.60586552543047,-2.23869894223935,0.051263304831231,0.553089295669712,-3.71488593009466
"Nkiras1",-0.890749557702845,5.58327604163361,-2.23593028198826,0.0514977371518949,0.553089295669712,-3.77773166385046
"Kcnc1",-0.838286586752288,5.94200458900366,-2.23538501457089,0.0515440299775468,0.553089295669712,-3.81996211543968
"2010300C02Rik",-0.940609449811517,5.67613148564507,-2.23361768823047,0.0516943538701779,0.553089295669712,-3.79082082510568
"Slc6a6",0.715974683735428,7.07314159623821,2.23112737007337,0.0519068992380906,0.553089295669712,-3.92096014156023
"Senp2",-0.984704344376017,5.21118734879894,-2.23023688573939,0.0519831075007693,0.553089295669712,-3.75201145094732
"Anapc16",0.567919472503458,6.56989962731,2.22705926691098,0.0522559402795564,0.553089295669712,-3.8871186785749
"Cttnbp2nl",0.870859720971464,5.57100999197531,2.2257391676139,0.0523696948662362,0.553089295669712,-3.7685125546273
"Lima1",1.16988848013505,5.84529315663884,2.22487881507823,0.0524439623419226,0.553089295669712,-3.7783172781206
"B3gat1",-0.976692194825246,5.94185015277846,-2.22461777517409,0.0524665161501715,0.553089295669712,-3.8304394839838
"Hspa4l",-0.745582956195311,6.36684660591304,-2.2223920108439,0.0526592060201369,0.553089295669712,-3.87799805541346
"Chd7",0.713820392547254,6.83201480409285,2.22131712119731,0.0527525085229424,0.553089295669712,-3.91197069154172
"Chchd5",1.63501122576838,4.27494878704633,2.22113570939814,0.0527682712913475,0.553089295669712,-3.77258750304973
"Jagn1",0.837875855014355,5.37454249784292,2.22090370166644,0.0527884369967474,0.553089295669712,-3.75894987387667
"Caly",-1.10592603085853,7.58915591553787,-2.22058425919685,0.0528162146583104,0.553089295669712,-3.96360205341949
"Zdhhc17",-0.609224866562344,6.10163918299354,-2.22014656473821,0.0528542982387597,0.553089295669712,-3.85837082080587
"Plin2",-1.31741797706515,4.75246052369864,-2.21945973073441,0.052914113243914,0.553089295669712,-3.73661351834197
"Abi3",2.06507712292492,4.04976971362185,2.21834617306694,0.0530112308640134,0.553089295669712,-3.79537787289386
"Myo5a",-0.737960762885625,6.60040210703821,-2.21818917680278,0.0530249370609921,0.553089295669712,-3.90737307746607
"Selplg",3.14093207642458,6.14265915912597,2.21809373714533,0.0530332708866533,0.553089295669712,-3.73287963324824
"Hivep2",-0.99633333988441,6.127978618924,-2.21625409610424,0.0531941584397799,0.553089295669712,-3.86579085148923
"Megf9",-0.736954230083549,6.12029786758277,-2.21376429937281,0.0534126628887661,0.553089295669712,-3.86597774156158
"Pak1",-0.775951898565948,6.75997069784102,-2.21354053832666,0.0534323428787442,0.553089295669712,-3.93206934649591
"Mcf2l",0.812335230900639,6.73742988444441,2.21332926636839,0.0534509309193341,0.553089295669712,-3.91965216711155
"Fam117b",-0.835354298524328,5.77988972304637,-2.21281464890964,0.0534962341147461,0.553089295669712,-3.83382912140672
"Smc1a",0.620063780317872,7.65163178932654,2.2109659161852,0.0536592916096672,0.553089295669712,-3.972434213858
"Lrrtm1",-1.19168035448211,5.31688754356734,-2.2100536030258,0.0537399353817849,0.553089295669712,-3.77844287665959
"Fgfr1op2",-0.691316745004806,6.39595112261052,-2.20684201485671,0.0540247624156496,0.553089295669712,-3.90329018914099
"Igsf3",0.868469111907176,5.96293214454844,2.20670471394277,0.0540369719359815,0.553089295669712,-3.84482695131486
"Fbl",0.839331941040817,6.38953834354585,2.20617209453488,0.0540843606627482,0.553089295669712,-3.87673208764558
"Scg5",-0.627546527794844,7.80199108191105,-2.20583016874162,0.0541148041142246,0.553089295669712,-3.99263525669066
"Srprb",1.49224099582463,5.07040382834086,2.20578810095313,0.0541185507818428,0.553089295669712,-3.74717536852532
"Gnl3",0.835011948572821,5.51586757490822,2.20534563357014,0.0541579733724407,0.553089295669712,-3.78838812237414
"Rpl7",0.932504878800473,9.9827295712318,2.20371414782211,0.0543035756085527,0.553089295669712,-3.95382288280026
"Atp6v1d",-0.596508191631432,7.44014722701178,-2.2005007508784,0.0545914697225828,0.553089295669712,-3.98925433397843
"Dusp3",-1.0617485598806,4.99588764047463,-2.1996640175736,0.054666677336622,0.553089295669712,-3.77432394957505
"Gm26532",1.82633588392963,4.87291110463075,2.19842204041984,0.0547784949581368,0.553089295669712,-3.76382126090481
"Ep400",-0.729158863754678,6.41457227483277,-2.1983935499384,0.0547810626180212,0.553089295669712,-3.92091699916047
"Tmem151a",-0.985246787211037,6.23876187981105,-2.19809450208253,0.0548080208946465,0.553089295669712,-3.9010558326387
"Prkcz",-0.791211756941678,5.90135070786531,-2.19736503676944,0.0548738341204296,0.553089295669712,-3.86813642950855
"Znhit3",-0.735273744012813,5.75000075634884,-2.19670580023473,0.0549333772814867,0.553089295669712,-3.85273281508335
"Kctd12",1.37697106387327,7.55574338608006,2.19655538085243,0.0549469721638654,0.553089295669712,-3.97705461504464
"Dock9",-1.05867508085609,5.42260462982942,-2.19576314641022,0.0550186281697159,0.553089295669712,-3.81369147213948
"Dzip3",-0.556059230061772,6.89908521897091,-2.19408725640992,0.0551705083376533,0.553089295669712,-3.97104392088527
"Ttll7",-0.964632546377702,5.98806914598407,-2.19311643183861,0.0552586770795795,0.553089295669712,-3.87232495138864
"Pard3",1.15084304855834,5.17353091870978,2.19248427368162,0.0553161622408639,0.553089295669712,-3.78807193758414
"Ptrh2",0.864707491799289,5.05188392356037,2.19218257857726,0.0553436172899184,0.553089295669712,-3.77279916668357
"Edil3",-0.812863273990837,7.44438857962579,-2.19115630951473,0.0554371095997394,0.553089295669712,-4.00219575050596
"Rpl19",0.818419382472483,10.4302162712097,2.19067633654515,0.0554808873901571,0.553089295669712,-3.95529454474217
"Jund",0.80363586020378,10.0778783280278,2.1897874830094,0.055562047385518,0.553089295669712,-3.96986972561053
"Zmym5",0.745299933157394,5.8866547442276,2.18898780228258,0.0556351636465509,0.553089295669712,-3.85091163326349
"Uri1",0.739321991522219,5.62108945470446,2.18798686581338,0.0557268127467339,0.553089295669712,-3.82447725401986
"Kbtbd11",-1.29760235508729,4.97254944250124,-2.18672874110404,0.0558422187982533,0.553089295669712,-3.77514682538655
"Arl4c",0.972698677513914,7.12951423667097,2.1853281676725,0.0559709643836508,0.553089295669712,-3.97564557833113
"Ogfr",0.777661508861218,5.7075543198672,2.18488386314216,0.0560118665674731,0.553089295669712,-3.84144894783905
"Apbb1",-0.675079678169953,6.81367512932127,-2.18448044989982,0.0560490294730567,0.553089295669712,-3.97642036556682
"Fto",-0.600343869855367,6.76375368784969,-2.18254824776302,0.0562273582715843,0.553956995961847,-3.97622718751598
"Atp8a1",-0.581243644955263,7.15683955931464,-2.18112397024047,0.0563591615507338,0.554216217136929,-4.00522512344045
"Cask",-0.640559036177272,5.97296798738663,-2.18031077355465,0.0564345495256926,0.554216217136929,-3.8996363443573
"Lpin2",-0.811869286274229,6.08847746226868,-2.17544966410351,0.0568872464442958,0.555995890878297,-3.9183535632358
"M6pr",0.750854718889365,6.11460845699631,2.17537274067026,0.0568944382660566,0.555995890878297,-3.90309234159967
"Zmiz1",0.537422886598924,7.78074325573968,2.17475408761785,0.0569523102176018,0.555995890878297,-4.028639969546
"Wscd1",1.47366381631517,5.54939897661581,2.17214516946536,0.0571969901716855,0.555995890878297,-3.83557476486626
"Srebf2",-0.695456620648703,5.81110542387298,-2.16997265609142,0.0574015188127664,0.555995890878297,-3.89598996376821
"Syn2",-1.02457025400871,8.12249691600167,-2.16919613163856,0.0574747955922114,0.555995890878297,-4.04951671591913
"Clu",-0.911700868036987,5.79770470074681,-2.16802980781359,0.0575850261746007,0.555995890878297,-3.89667682514114
"Rps18",0.850696184134292,10.1080504150917,2.16782172840293,0.057604713517792,0.555995890878297,-4.0001859736075
"Ranbp9",-0.775620340016219,6.22322677061573,-2.16737371190424,0.0576471245457146,0.555995890878297,-3.94479262877543
"Npc2",1.20597069968644,7.39122002790264,2.1669976945884,0.0576827431950958,0.555995890878297,-4.00965331242216
"Ndufb2",-0.514821169117682,7.71547805763931,-2.16634690797697,0.0577444400602008,0.555995890878297,-4.04770790398375
"Rpl11",0.825578457269029,10.4170492885206,2.166297621061,0.0577491152371279,0.555995890878297,-3.99051700682017
"Cebpg",0.609951963260036,6.99132241694516,2.16438869662019,0.0579304712513202,0.555995890878297,-4.0127605749066
"Ywhab",-0.626983722464031,8.6392773810965,-2.16427362159312,0.0579414214866664,0.555995890878297,-4.05295000018694
"Camkk1",-1.11470667030437,5.32373685536564,-2.16320790343907,0.0580429277157353,0.555995890878297,-3.83954823014977
"Pop5",-0.908863059766188,6.75951927747778,-2.16271847789462,0.058089601617672,0.555995890878297,-4.00115301104842
"Fnbp4",0.75087050995586,5.77063276478466,2.15994484085187,0.0583547960172862,0.555995890878297,-3.88669972067611
"Ppp2r1a",-0.519445196608393,7.69682880016547,-2.15969758848454,0.0583784932651288,0.555995890878297,-4.05678709983003
"Fam212b",-0.968560734241715,5.07157581551341,-2.15924232141634,0.0584221515053033,0.555995890878297,-3.83036612004333
"Gaa",-0.761850020989838,7.6700331029139,-2.15908914214012,0.0584368478739687,0.555995890878297,-4.05734565743827
"Pja1",-0.518488689476856,7.03511588854189,-2.15691000649028,0.0586463071220895,0.555995890878297,-4.03373468602357
"Rpl23",0.753542835833065,10.6270159366513,2.15628312097426,0.0587066980505021,0.555995890878297,-3.99716898636619
"Wars",-0.998156823087427,5.1133736345745,-2.15533080514148,0.0587985544456467,0.555995890878297,-3.83644366735914
"Syngr3",-0.872856926249241,6.40826552319869,-2.15526691444043,0.0588047220515454,0.555995890878297,-3.97962541540968
"Cd2ap",0.866765430045561,5.52739809956257,2.15444593916103,0.0588840295659293,0.555995890878297,-3.86951499810659
"Apex1",0.852893295192714,6.52724127465281,2.15273702186078,0.0590494457770553,0.556267311486569,-3.968561664318
"E4f1",-0.860106814180186,5.31461920668395,-2.15227417920036,0.0590943243762657,0.556267311486569,-3.86462359647177
"Tgfb1",2.49026718514209,4.50330276000649,2.14881506144572,0.0594307770916082,0.558576383462231,-3.85238218570773
"Glul",1.0810760934332,7.59796702485084,2.14477076814647,0.0598264966865921,0.560681870132324,-4.05833271676282
"Fkbp1a",-0.649130703696016,8.52777877023834,-2.14465578596422,0.0598377844429733,0.560681870132324,-4.08340329178177
"Dync1h1",-0.522009196250838,7.62650193190412,-2.14346427460544,0.0599548759261495,0.560921343015945,-4.07838076456198
"Rpl15",0.918103179663852,9.84515541502935,2.14139297459151,0.0601589528132843,0.561714567019231,-4.04884419500238
"Fam177a",0.732433680518215,5.66250690286824,2.14065418719673,0.0602319048770816,0.561714567019231,-3.892466263864
"Pik3r2",-0.70626336022169,5.80573379975945,-2.13930619234271,0.0603652338959633,0.561714567019231,-3.93713318818054
"Atf3",1.549915146256,8.0810736838927,2.13889142803271,0.0604063152195942,0.561714567019231,-4.07194215101056
"Brd1",0.647725217532167,6.57573028751142,2.13111315429226,0.0611817536650198,0.568063312817032,-4.0229335758582
"Mkl2",-1.05899212639646,6.13026299837827,-2.12914635024652,0.0613793473365161,0.568210030311,-3.98472454947345
"Eif5a",0.653140963254831,8.46597723234607,2.12655402133008,0.0616407250740148,0.568210030311,-4.10596163786381
"Tpp1",-0.884952796045899,5.74103557209657,-2.12637988715647,0.0616583210133081,0.568210030311,-3.94655529133005
"Slc25a39",0.758887863045089,6.11428386199387,2.12524171360025,0.0617734507913619,0.568210030311,-3.96894575092914
"Vasp",1.02909841242307,4.95998888188862,2.12387117726425,0.0619123600440037,0.568210030311,-3.8426695858735
"Rnaseh2a",1.09637774409468,4.9310246292381,2.1235414218515,0.0619458270001884,0.568210030311,-3.83994003051928
"Gltscr1l",-1.65357049170607,4.72527638244167,-2.12342728361545,0.0619574149823054,0.568210030311,-3.84093613056027
"Ccdc90b",0.841211770153039,5.47347395803403,2.12287309910643,0.062013708769603,0.568210030311,-3.89960038306574
"Rps8",0.701785766697709,11.0896460576367,2.1226911500473,0.0620322018205514,0.568210030311,-4.03002598934992
"Pcsk1n",-0.603152726930266,9.06736196520224,-2.1217809697752,0.0621247911730369,0.568210030311,-4.10483256240209
"Npm1",0.917947113486157,8.98408048376927,2.11706360839223,0.0626068106902696,0.569278376810651,-4.11306927932514
"Tmbim4",0.893116715909832,5.63414512618689,2.1163324286315,0.062681844582267,0.569278376810651,-3.90741298898431
"Zfp212",1.08853562171663,4.82485263079464,2.11627319738214,0.0626879267053789,0.569278376810651,-3.85138796846968
"Cbarp",-0.947474745544278,6.73195383454408,-2.11328294344854,0.0629957193329123,0.569278376810651,-4.06853905116665
"Ppm1d",0.754187118214769,5.30829916012732,2.11189602688238,0.0631389712299012,0.569278376810651,-3.89770995157706
"Serf2",0.696153746700634,8.7884630532495,2.11185598765088,0.0631431114615933,0.569278376810651,-4.12592238325019
"Tssc4",0.70526095622863,6.26602470488658,2.11165825242159,0.0631635619852418,0.569278376810651,-4.01029655064355
"Fads1",0.683086477363737,5.65065338566394,2.11080041443627,0.0632523567432887,0.569278376810651,-3.93068813173636
"Ctsl",1.21318551518551,7.7248835555512,2.11010167255878,0.0633247723300908,0.569278376810651,-4.1090112323902
"Srgap3",-0.907536239066643,6.82465011676157,-2.1099223559059,0.0633433690629644,0.569278376810651,-4.07228631791349
"App",-0.60854064981548,9.49103842053962,-2.10913120105876,0.0634254816889471,0.569278376810651,-4.10743522482017
"Rrbp1",0.954240740292318,6.66961894951795,2.10909332699375,0.063429415144722,0.569278376810651,-4.04981502781224
"Srsf2",0.711511204962891,8.48555402009144,2.10816170515777,0.0635262438348588,0.569278376810651,-4.13200306088693
"Snapin",0.676942038667927,5.85832893029631,2.10800861766202,0.0635421686910061,0.569278376810651,-3.962401313051
"Gabarap",0.638004181337522,8.58924947485551,2.10235501192511,0.0641329821920218,0.572123296499981,-4.14104960938839
"Tkt",0.558200433475292,7.15797419486015,2.10166182580555,0.0642057844895749,0.572123296499981,-4.11140100277545
"Pnrc1",0.904892549727057,7.79453973426111,2.10154350908714,0.0642182187197662,0.572123296499981,-4.12833256225173
"Gpat4",-0.790415924918035,5.21409311435494,-2.10041388653799,0.0643370506133965,0.572123296499981,-3.92047463059283
"Cmtm6",1.77569342749699,4.7436686081384,2.09987931938566,0.0643933587323706,0.572123296499981,-3.8747132237976
"Mcm6",0.871834426339929,6.50226540669973,2.09891196724349,0.0644953744144512,0.572123296499981,-4.03874983060832
"Ergic3",0.766476756019727,7.02757776632303,2.09874261272336,0.0645132503070311,0.572123296499981,-4.10204064140509
"Rps23",0.804481351772356,10.5658568278324,2.0961056013525,0.0647922107093054,0.573661268305477,-4.08446978195938
"Ftl1",1.44555397613277,10.4436197284737,2.09533546045696,0.0648738999568694,0.573661268305477,-4.09121677854264
"Synrg",0.594817675989645,6.33347469721365,2.09134383414804,0.0652988833772647,0.574135158916776,-4.04965214377057
"Mical2",-0.823363494720902,6.87216271961713,-2.09004510209926,0.0654377339583746,0.574135158916776,-4.11318618604931
"Sec61b",0.808577375478946,7.14959967844127,2.08926209435084,0.065521584298708,0.574135158916776,-4.12055549725034
"Cpne6",-1.32284396644795,5.94657267754867,-2.08894459797336,0.065555613610452,0.574135158916776,-4.01174333570989
"Rogdi",-0.814615638823592,6.2589207541473,-2.0875160340509,0.0657089375841623,0.574135158916776,-4.05795989298138
"Rpl22",1.0502061454203,9.11125960475321,2.08670234429932,0.0657964227293121,0.574135158916776,-4.15299650846015
"Erc2",-0.889948844084508,5.63508089635726,-2.08642151568338,0.065826642435831,0.574135158916776,-3.98631770674757
"P2ry12",2.43162571491304,6.13940684676775,2.08578258721135,0.0658954466310623,0.574135158916776,-3.92720007286299
"Emx2",1.24162158027164,6.36971149225944,2.08565045182856,0.0659096844945451,0.574135158916776,-4.05306225693333
"Stam",-0.728840358709983,5.98109847314498,-2.08308240159798,0.0661869848693186,0.574135158916776,-4.03222758809272
"Usp37",-0.867661484684373,5.75897648204833,-2.08213303062091,0.0662897822557208,0.574135158916776,-4.00897109928802
"Dhx40",-0.67477784003368,5.45384742305515,-2.08180763884745,0.0663250507769808,0.574135158916776,-3.97344160306055
"Rab6b",-0.885367416115627,7.9206932913297,-2.08148050469919,0.0663605263160181,0.574135158916776,-4.17443189804168
"Cs",-0.873171048506766,5.8750302806164,-2.08098734215457,0.0664140409829145,0.574135158916776,-4.02364665270803
"Gm42418",-1.32242598424908,11.5418514677049,-2.07987160558418,0.0665352661569137,0.574135158916776,-4.0794333632197
"Nxf1",0.576228388307645,7.28974410434001,2.07902849483513,0.0666270113439426,0.574135158916776,-4.14980788060862
"Efr3a",-0.841998422770572,6.90522521838935,-2.07771132827237,0.066770585228458,0.574135158916776,-4.13646690107823
"Ttc28",0.946546680115005,6.8381788293641,2.0756397182917,0.0669969960563581,0.574135158916776,-4.11783158739449
"Rab11fip3",-1.02331207645179,5.09542081029258,-2.07476478271748,0.0670928408571492,0.574135158916776,-3.93673153595549
"Mpnd",0.890145161444586,5.89220002178594,2.07443017853908,0.0671295298376253,0.574135158916776,-3.98730724327869
"Zdhhc21",-0.69072007063028,5.97536081609862,-2.07406552065586,0.0671695360979605,0.574135158916776,-4.04594212274538
"Rbmxl1",0.545162599321741,7.03978311383148,2.07374322160459,0.0672049142576672,0.574135158916776,-4.14482029933009
"G3bp1",0.592816175294245,7.55533521027641,2.06898800175204,0.0677289679816498,0.574135158916776,-4.1737933437346
"Asxl3",0.794650631107911,5.27181550252487,2.06790440025321,0.0678489345468092,0.574135158916776,-3.95179661731467
"Mapk8ip2",-0.711059540378465,6.97266206068353,-2.06659865390074,0.0679937656994881,0.574135158916776,-4.15690633596225
"Rab3gap2",-0.872127906195715,5.54235346493643,-2.06610396989704,0.0680487125890627,0.574135158916776,-4.00386332403887
"Mbd3",0.648889379259812,7.36637820451408,2.06547566534463,0.0681185627191558,0.574135158916776,-4.1704460725428
"Tpr",0.703811748355228,7.55622394998713,2.06362126525811,0.0683251218673044,0.574135158916776,-4.17910604323755
"Rab7",-0.582509612374232,7.15014777951085,-2.06307729436312,0.0683858278586572,0.574135158916776,-4.17416935349478
"Desi2",0.72097798001968,5.57700647142613,2.06302526490754,0.0683916369428323,0.574135158916776,-3.99392060399557
"Mras",-0.670766757910772,6.15073229149066,-2.06223937943025,0.0684794385289916,0.574135158916776,-4.08156608544215
"Rpl41",0.754389242578977,10.8979635384064,2.06206982833267,0.0684983954704736,0.574135158916776,-4.1207433275804
"Ap2m1",-0.467171158768359,8.06742792262138,-2.06082803823685,0.0686373892411077,0.574135158916776,-4.20508937879755
"Adrm1",0.630966921365131,6.19623430391296,2.06039968028834,0.0686853980774779,0.574135158916776,-4.0716558984774
"Hpgd",2.16364253280037,4.90915921089572,2.05931345880213,0.068807282197025,0.574135158916776,-3.91454651312105
"Samd8",-0.655743039279924,5.69609671890101,-2.05839522197452,0.0689104784739701,0.574135158916776,-4.03338572980366
"Ctsz",1.55693455722674,6.96195703918935,2.05745843130187,0.0690159127048883,0.574135158916776,-4.09723295923207
"Scaf11",0.685460188151924,6.76799954765666,2.05703955645797,0.0690631063463438,0.574135158916776,-4.14342258161382
"Amer2",0.917246421918115,6.36450566406549,2.05701411301616,0.0690659739945149,0.574135158916776,-4.09314174258102
"Pdha1",-0.640544639009863,6.49293136674287,-2.05471820172081,0.0693252086779828,0.574135158916776,-4.12695841206775
"Atp2b1",-1.0529684176998,9.08300123920392,-2.05466483453108,0.0693312455118602,0.574135158916776,-4.19589346259283
"Faah",-1.00880102324984,4.87915434937165,-2.05315323452018,0.0695024451160523,0.574135158916776,-3.94208140409382
"Rassf1",0.655808893763808,6.2138021369226,2.05294153763263,0.0695264536017635,0.574135158916776,-4.08677022956764
"Gng5",0.948326387108453,7.2889641388993,2.05223162790791,0.0696070222347469,0.574135158916776,-4.17615095402509
"Pkn2",0.59781125236457,6.69060576657634,2.05142426328065,0.0696987597786182,0.574135158916776,-4.1481470070014
"C77370",-1.01172989322289,5.60423139643942,-2.05037848661515,0.0698177591501556,0.574135158916776,-4.03294784507133
"Suco",0.755899822035026,5.31652044552125,2.04792136544418,0.0700981216120074,0.574135158916776,-3.98181123693294
"Rhoa",0.635124703322709,7.85997460265052,2.0478425232665,0.0701071354769491,0.574135158916776,-4.21072740251512
"Fam220a",0.598016495678029,6.47676593838949,2.04708311458709,0.0701940139208834,0.574135158916776,-4.12927212124751
"Rgs10",1.44328127041743,6.70659886135026,2.04677204620679,0.0702296307291662,0.574135158916776,-4.10887331792627
"Fam163b",-1.31342221496813,4.87807611223795,-2.04442825252991,0.0704985475810636,0.574135158916776,-3.93958191865786
"Tmem70",0.678702255895777,5.93924581985322,2.04374971356552,0.07057658389464,0.574135158916776,-4.06473620520081
"Lyn",2.06299326273345,4.37718128517522,2.04357053337804,0.0705972045439891,0.574135158916776,-3.94887730049452
"Acot7",-0.774539193613218,6.75955413528786,-2.0432156478893,0.0706380629493054,0.574135158916776,-4.16836571676495
"Ghitm",-0.539374065861265,7.27582224196526,-2.04274906801808,0.0706918152771126,0.574135158916776,-4.20924780121792
"Rps19",0.634238947911763,10.5091442224661,2.04218248530716,0.0707571410177359,0.574135158916776,-4.16195500415692
"Arap2",0.839289506260936,5.39429658778016,2.04188872825188,0.0707910332781531,0.574135158916776,-3.99494459633115
"Rpa2",1.07894669200916,5.49248554860698,2.04172542327245,0.0708098813250495,0.574135158916776,-3.96962725388994
"Rps10",0.755761292707973,10.418368345038,2.04067906515382,0.0709307619550101,0.574135158916776,-4.16777631275032
"Zfp131",0.813214386695671,6.12237722599579,2.04062286814887,0.0709372596991043,0.574135158916776,-4.08264016699861
"Mpp2",-0.933505402078217,5.58277444067258,-2.03975936159441,0.0710371736890425,0.574135158916776,-4.03976188970537
"Clns1a",-0.610744761896928,6.6743283451785,-2.03825253442831,0.0712118468168348,0.574135158916776,-4.17303625474173
"Rpl13a",0.691799348109829,10.5487812496951,2.03787194003269,0.0712560306499447,0.574135158916776,-4.16661356880519
"Msn",2.13793274689495,5.07523187363475,2.0367479486075,0.071386669663929,0.574135158916776,-3.93526719151136
"Arnt2",-0.795461423477321,5.85580561017218,-2.03638251522091,0.0714291924516895,0.574135158916776,-4.0823500798186
"Kcnip4",-1.2295880082369,5.24862992760644,-2.03531430975725,0.0715536304635232,0.574135158916776,-4.00331067160853
"D430019H16Rik",-0.824343294993134,5.67918316592336,-2.03455861728779,0.0716417880964427,0.574135158916776,-4.06302181190537
"Rpl4",0.623555637328286,9.26726227276861,2.03448437015346,0.0716504552208745,0.574135158916776,-4.2249506009885
"Sox4",1.87923831270718,10.038165741831,2.03258667730937,0.0718723197375801,0.574135158916776,-4.19555549751267
"Ptbp1",0.780960818488546,6.31460955927442,2.03210985584367,0.0719281693224079,0.574135158916776,-4.11315807756621
"Tra2b",0.57578541377585,8.27121747020788,2.02998268394689,0.0721778279558512,0.574135158916776,-4.2428490358647
"Mtss1",0.81375831040938,6.94667063578475,2.02972311037778,0.0722083497743472,0.574135158916776,-4.19067939013238
"Tpt1",1.11752654473553,11.5504651689268,2.02949136491345,0.0722356098524739,0.574135158916776,-4.14837217909821
"Sep15",0.489565137066466,8.1692748405165,2.02928100464344,0.0722603629107104,0.574135158916776,-4.24314417275126
"Tyro3",-1.25288685225084,5.21065030173519,-2.02855245102622,0.0723461543028777,0.574135158916776,-4.00931211277613
"Cct8",0.460802441662173,7.87672266200494,2.02817545878154,0.0723905854842313,0.574135158916776,-4.24128648474379
"Hnrnpd",0.625232205646287,8.19466982685885,2.02700779254889,0.0725283684937469,0.574135158916776,-4.24492536294897
"Nebl",-0.751857862982082,5.79383002084701,-2.02688871163663,0.0725424339354634,0.574135158916776,-4.08736602152914
"Rab6a",-0.664525563706566,7.94207423098484,-2.02520667437106,0.0727413889110582,0.574135158916776,-4.25504761622536
"A330069E16Rik",1.69193471808103,4.10977097450799,2.02504229014369,0.0727608605393874,0.574135158916776,-3.96077863161332
"Actg1",0.715784509008776,10.9089292918843,2.02419224482103,0.072861629432995,0.574135158916776,-4.17305952288245
"Sdhaf1",0.791311158259357,5.31385344433774,2.0228114414759,0.0730256011056049,0.574135158916776,-4.0085311874486
"Nol7",0.604002939218174,7.25527299056666,2.02255534691225,0.0730560512506745,0.574135158916776,-4.22751026943933
"Celf5",-0.793263099292877,7.27374725937235,-2.02140935402454,0.0731924604921533,0.574135158916776,-4.23724127889619
"Txnrd1",0.76081987404874,6.72080890429292,2.02089004811578,0.0732543542130386,0.574135158916776,-4.18214877831557
"Tro",-0.768864103882719,6.27783756418823,-2.02062206873214,0.0732863129881545,0.574135158916776,-4.15174527541771
"Cd81",1.08800571943723,9.22705738415873,2.02035474687832,0.0733182065969894,0.574135158916776,-4.24412655400999
"Gins2",1.96492416992469,3.90646598996322,2.01857664234865,0.0735306856204939,0.574135158916776,-3.97867799327085
"Ncl",0.56802861874912,8.44692672350754,2.01728472431971,0.0736854347592764,0.574135158916776,-4.26270343360276
"Ensa",-0.805836735606461,7.4057030016519,-2.01710711663517,0.0737067333112807,0.574135158916776,-4.25025770746453
"Pip4k2b",-0.84322558746869,5.40775473440657,-2.01574470895625,0.0738703073058598,0.574135158916776,-4.049122750234
"Htr2c",-1.54772742658711,5.06834429392086,-2.01433101886588,0.074040404197924,0.574135158916776,-4.0127307353666
"Zfhx3",1.33282173523169,5.97597766185394,2.01416654848148,0.0740602176982292,0.574135158916776,-4.07346673531455
"Trim27",0.843014982302419,5.79980693555563,2.0140630803121,0.0740726849427449,0.574135158916776,-4.06464867329348
"Ufl1",0.871630899303017,5.26997176275564,2.01386625733336,0.0740964063591609,0.574135158916776,-4.01271581311721
"Uqcc3",0.639908171230818,5.92873236282301,2.01331708902207,0.0741626312802716,0.574135158916776,-4.10567842631591
"Camk1d",-1.14795146053081,5.33224921946468,-2.01312409880411,0.0741859176137124,0.574135158916776,-4.04580865498193
"Ppm1e",-0.844702177653673,6.03721889750443,-2.01307348698018,0.0741920256246539,0.574135158916776,-4.13375335771154
"Gadd45b",1.17788871353118,5.6322166358587,2.01201081274894,0.0743203835684279,0.574135158916776,-4.0293886535934
"Ice1",-0.641111201662168,6.06026563606395,-2.01156902520182,0.074373808304602,0.574135158916776,-4.14142763218548
"Ckmt1",-1.25885489503016,5.54856581856295,-2.01143330718522,0.0743902278361489,0.574135158916776,-4.07272874563321
"Zscan26",-0.737733456257783,6.0964233413542,-2.00782496243224,0.074828043713973,0.575514065107405,-4.15095156760419
"Dctn2",0.54847381586066,7.36081738268678,2.00747911223064,0.0748701358495204,0.575514065107405,-4.25485286508701
"Tubb2a",-0.517323408502665,9.03785484256204,-2.00710195696601,0.0749160637104561,0.575514065107405,-4.26962381985091
"Slc1a3",0.97780255692816,6.83266132138926,2.00637796999438,0.0750043019927596,0.575514065107405,-4.2154305355174
"Mapre3",-0.871110715831581,6.4687538573947,-2.00609785067348,0.0750384689981751,0.575514065107405,-4.19055388016452
"Uqcc1",0.930422944057419,5.2998595176545,2.00502485135222,0.0751694831462665,0.575760136211965,-4.04044245811541
"Appbp2",-0.557307951034314,6.97157950705764,-2.00368691594695,0.0753331513134719,0.575760136211965,-4.24699948460376
"Rtn4r",-0.695277603644859,6.21771627373211,-2.00278978606622,0.0754430861604436,0.575760136211965,-4.17134016542661
"Rpl28",0.778584335214255,10.2417470880122,2.00250528480686,0.0754779809996138,0.575760136211965,-4.22819856174267
"Scamp1",-0.621163385865076,6.50791410567403,-1.99925996443557,0.075877116707624,0.575760136211965,-4.21062166140601
"Ifngr1",1.71139525379354,5.42209777555167,1.99890454254218,0.0759209511807247,0.575760136211965,-3.99652709066234
"Sel1l3",-0.824740011319499,5.20301163681724,-1.99814976556528,0.0760141183614663,0.575760136211965,-4.04438770819473
"Chrm1",-1.42625621446127,5.44972621316911,-1.998042356228,0.0760273854528659,0.575760136211965,-4.06657654341676
"Gabrg2",-0.612049997008605,6.89890392948843,-1.99776656192251,0.0760614613734149,0.575760136211965,-4.24901238553845
"Tspyl1",-0.547587347190177,7.13672848125628,-1.99736827831653,0.0761106971697419,0.575760136211965,-4.26591260057016
"Akirin1",0.628155915995093,6.322825985778,1.99705011637972,0.0761500501102382,0.575760136211965,-4.17826293818822
"Negr1",-0.575816528450192,7.26909673091271,-1.99593652272293,0.0762879411964975,0.575760136211965,-4.27458786565295
"Hadha",0.666476828725806,5.93939313683253,1.99492265537214,0.0764136901358516,0.575760136211965,-4.12463347698625
"Tmem56",-1.03964612951823,4.8663370198796,-1.99467998619223,0.0764438173706285,0.575760136211965,-4.00508118178898
"Atp6v0e",0.858033736879201,7.0181049136375,1.99271227998679,0.0766885243572936,0.575760136211965,-4.24399227888057
"Ube2j1",-0.654995123827427,5.88678101812605,-1.99265811955864,0.0766952703522623,0.575760136211965,-4.14395703892348
"Srrt",-0.561587089425845,6.34590028011839,-1.99213407491362,0.076760572291053,0.575760136211965,-4.20232453613439
"Tsc22d4",0.843162307427118,6.79966153904442,1.9905939101105,0.0769528004619236,0.575760136211965,-4.23495128260149
"Timm13",0.511414776619362,7.69340951139962,1.99043586607476,0.0769725518233037,0.575760136211965,-4.29040662939871
"Actr1b",-0.670462089269375,6.33566742769965,-1.98924731958298,0.0771212434134845,0.575760136211965,-4.20070898672204
"Rpl13",0.650790138314437,10.9734845533365,1.98910940349292,0.0771385148939803,0.575760136211965,-4.21943914083515
"Prkcd",1.70477355802325,4.49438197222696,1.98851395603205,0.0772131260534804,0.575760136211965,-3.99109852464372
"Arxes2",-0.818308766579684,5.56002829502136,-1.98836714318276,0.0772315326315658,0.575760136211965,-4.10875846096984
"Rps15",0.656951143658721,10.0321128613242,1.98503685201668,0.0776501875622278,0.577276984951856,-4.2613526966227
"1810058I24Rik",0.841064697065888,5.85949983816811,1.9845644763558,0.0777097447642501,0.577276984951856,-4.10115519089849
"Dapk3",0.623316893754903,5.80156319845804,1.98407013352685,0.077772118047246,0.577276984951856,-4.11743309980519
"Pim3",0.579595258652869,6.43690384537274,1.98375557804472,0.0778118315649076,0.577276984951856,-4.21212767170078
"Emc8",0.669301092837587,5.98767496692287,1.98301018785451,0.0779060160827651,0.577276984951856,-4.14423123838874
"Ift27",0.737557395534822,5.85057540562752,1.98142554690189,0.0781066047760037,0.578064340661052,-4.11653324956805
"Marcksl1",0.847353266342779,9.01590304122466,1.98038542329088,0.0782385332473765,0.578221345464375,-4.30793273429875
"Pmepa1",0.609841418922045,7.2720811248797,1.97977125318691,0.0783165334098289,0.578221345464375,-4.28811598580095
"Nt5dc2",0.609180410883736,5.99207712559472,1.97655505661862,0.0787261999691904,0.578384527263147,-4.15644004921904
"Ngrn",0.789771155100448,5.46172743058681,1.97648756586365,0.0787348184232228,0.578384527263147,-4.08165491883593
"Eif3a",0.617972607180558,8.0023449839728,1.97587286740463,0.0788133555827137,0.578384527263147,-4.31445309235471
"Smg1",-0.686547430997396,6.21159429806867,-1.97584990260592,0.0788162911278943,0.578384527263147,-4.20583063304675
"Usp2",0.944421586665731,6.27994676849871,1.97531283864164,0.0788849725487857,0.578384527263147,-4.18980512437128
"Dynlt3",-0.624861254686973,5.83138806044932,-1.97515679319843,0.078904938771539,0.578384527263147,-4.16099152915464
"Slc3a2",0.482779259741286,7.16793939955598,1.97369109175251,0.0790927113580494,0.57899103765589,-4.29519865973966
"Lix1l",-0.749487521867202,5.65551012080207,-1.97303698439766,0.0791766464679562,0.57899103765589,-4.141503274466
"Hspa13",0.775845260648103,5.59506958771825,1.97173058405976,0.0793445367816116,0.579475993720377,-4.09099672225469
"Cebpz",0.747752822463372,6.62865472159671,1.971050364392,0.0794320879120621,0.579475993720377,-4.24261551295917
"Klhl2",-0.586874040584468,6.51259460210437,-1.96944079131845,0.07963962115037,0.579644341330498,-4.25151500236788
"Rps7",0.757730796881187,10.4413745623203,1.96928892013829,0.0796592294560629,0.579644341330498,-4.26621916536476
"Ppp1r9b",-0.845589092930715,6.36359650628569,-1.96867196315944,0.0797389327254585,0.579644341330498,-4.23456855323445
"Rpl26",0.67424849653701,10.4981392181781,1.96715250174403,0.0799355509500602,0.580385137703754,-4.26674950974105
"Ppp1r14a",1.50697818234493,4.69992043037898,1.96412927169519,0.0803281240902233,0.58129452887415,-4.03157274354818
"Rnf14",-0.721420839713173,6.84937282296111,-1.9639762031147,0.0803480488921079,0.58129452887415,-4.29239388043143
"Mtmr6",-0.589376528876604,5.96903536444092,-1.96264516362165,0.0805215066031651,0.58129452887415,-4.19583094387558
"Gpd1",1.19274350990395,5.01834573666698,1.96232639749898,0.0805631000155976,0.58129452887415,-4.03724321399391
"Cox7a2l",0.607557045873943,8.28836660537793,1.96205093298584,0.0805990597147406,0.58129452887415,-4.33855548510064
"1110059E24Rik",0.749994710720796,5.62394064261941,1.96181437505807,0.0806299526016691,0.58129452887415,-4.12805391468107
"Sulf2",-1.44763962446447,5.28179927992827,-1.95986905057198,0.0808844246248911,0.582029549999191,-4.10717156742658
"Zfp462",-0.943353264315346,6.24910020493755,-1.9593707817618,0.080949726464327,0.582029549999191,-4.2266821205674
"Wdr7",-0.889346668632897,5.91775013404293,-1.95885907245866,0.081016841734548,0.582029549999191,-4.19420187404657
"Ptma",0.858339770433295,11.593928219813,1.9572898618754,0.0812229864296431,0.582827237518563,-4.24600768490672
"Tonsl",0.647084576028947,7.03677211217808,1.95590998992892,0.0814046681818771,0.583447727039232,-4.30778988353351
"Zc3h7a",-0.733885861208452,5.92105585252192,-1.9523153206524,0.0818797702970917,0.583551275598532,-4.20190105889654
"Gzf1",1.28569669340759,4.52951612410489,1.95198122212584,0.0819240606002576,0.583551275598532,-4.02260707276114
"Cited2",0.937279683975724,7.79980418928898,1.9502525413638,0.0821535881226602,0.583551275598532,-4.34180546584948
"Isca1",-0.534851412097283,6.40733692513814,-1.94983472957497,0.0822091547451211,0.583551275598532,-4.26733016348281
"Naa15",0.512846622701704,6.80611758611127,1.94956903869751,0.0822445086260445,0.583551275598532,-4.30277870142653
"Camk2d",-0.946770516139507,5.61630763741263,-1.94952294688381,0.082250643248712,0.583551275598532,-4.16747874889267
"Mir124-2hg",-1.25237917621634,5.74867384428196,-1.94926468182825,0.0822850252256468,0.583551275598532,-4.18492302494697
"Kifap3",-0.582781304950413,7.37018747331553,-1.94879510411897,0.0823475733832614,0.583551275598532,-4.34536011508484
"Dnajb1",1.07822966626294,6.61781936694269,1.94821428087409,0.0824250017386893,0.583551275598532,-4.24933740313885
"Mrpl30",0.559561080133062,7.13379161178694,1.94762049107157,0.0825042297942429,0.583551275598532,-4.32787302904153
"Rab11fip4",-0.677679923418276,6.11474156482966,-1.94657630730035,0.0826437275736109,0.583551275598532,-4.23503733025221
"Clk1",0.667356068621139,7.88818945550565,1.9463012027808,0.0826805172684949,0.583551275598532,-4.35424672354912
"Cct3",0.476438185543725,7.88329518742799,1.94517130471383,0.0828317808261511,0.583551275598532,-4.35810986260428
"Mfng",0.96367765995078,5.53661999853361,1.9440756633565,0.0829787080661709,0.583551275598532,-4.10608143588112
"Mapk8",-0.587765715621991,6.88767333215729,-1.94365430001784,0.0830352791037949,0.583551275598532,-4.32363855894015
"Stx4a",0.804663717908433,5.56165670876155,1.94364803767601,0.0830361201426997,0.583551275598532,-4.12629626965679
"Myg1",0.639018388801851,5.64558975789739,1.9436342248459,0.0830379752483551,0.583551275598532,-4.15458283935316
"Morc3",0.640520290835968,5.60331713992546,1.94209485244405,0.0832449632598805,0.583845261239847,-4.15143840993762
"Fiz1",1.24693980134894,4.88535857289746,1.94190623511997,0.0832703587342732,0.583845261239847,-4.04031758662682
"Gspt1",0.744800943932652,6.23827515945145,1.94017758418519,0.0835034458022523,0.584744836645357,-4.22416340578294
"Smim19",-0.674841387246315,5.87816553865459,-1.93924381929072,0.0836296086037131,0.584744836645357,-4.21427423168312
"Rpl32",0.814379860041313,10.4371641424098,1.93883482559791,0.0836849252183384,0.584744836645357,-4.30846158065548
"Golim4",0.987319223706086,5.02375685399217,1.93786014261539,0.0838168909350595,0.584841438354019,-4.08419894661227
"Nlgn2",-0.819876563864679,6.04388345154962,-1.93666590224666,0.0839788511780981,0.584841438354019,-4.23505800967085
"Cacna1d",0.844966618972405,5.18171674443727,1.9366201420511,0.0839850629490106,0.584841438354019,-4.10897023496007
"Acads",1.396555415267,4.36167703111948,1.93492492607848,0.0842154879335209,0.585780374638611,-4.04052662227038
"Smap2",-0.599911728205341,6.66730285836969,-1.93215259114083,0.0845936084255189,0.587741663550011,-4.3211333701814
"Cpeb4",-1.01372666184655,6.13299548012133,-1.93145301478346,0.0846892769116612,0.587741663550011,-4.22125469952885
"Dcps",0.746542137211568,5.37765716799372,1.93029860613082,0.0848473678733778,0.588070864935618,-4.12741841422487
"Cflar",0.810942777192684,5.46664691760983,1.92922475078543,0.0849946773287759,0.588070864935618,-4.13321190210878
"Vangl2",0.731549697716831,5.83125141813913,1.92900679066458,0.0850246061248299,0.588070864935618,-4.19988505016661
"Sel1l",-0.79271639868418,6.53581195856514,-1.9276001457132,0.0852179962048696,0.588743946723158,-4.30376525591292
"Nrf1",1.02759653137495,4.9493129828604,1.92559866719488,0.0854938810304306,0.588881590169655,-4.06609663245825
"Pvrl1",-0.884342223247846,5.77329095368615,-1.92551945870983,0.0855048164724698,0.588881590169655,-4.21814297837094
"Lrrc4",-0.979714502120959,4.90725722999764,-1.92536452654365,0.0855262100605406,0.588881590169655,-4.09971124303747
"Gprasp1",-0.702467284819803,7.99973314311717,-1.92369919874652,0.085756483325747,0.58980441057259,-4.39884343112036
"Usp32",-0.698922690130176,5.73773679392534,-1.92173107204962,0.0860293795250934,0.591017979517682,-4.21833345017963
"Rps26",0.894326289759209,10.0451702884305,1.92101521761634,0.0861288411600267,0.591038677075748,-4.34980287940385
"Impdh2",0.671598051479568,6.30807500411638,1.92008755440613,0.0862578929311108,0.59126215646739,-4.27344889215425
"Sgsm2",1.23592333267767,5.33749134354896,1.91744455016391,0.0866265737412536,0.592243999266429,-4.14047007381373
"Gpx1",1.27612467505337,6.68917465005627,1.91513214477346,0.0869503550573274,0.592243999266429,-4.28889103330911
"Armc1",-0.509890371863339,6.59454796049958,-1.91471437983547,0.0870089715911429,0.592243999266429,-4.33572908325262
"Plgrkt",0.511060327489056,6.58849851878661,1.91469167651529,0.0870121581560698,0.592243999266429,-4.32793635703804
"Slc9a6",-0.63723465406491,5.86511999132128,-1.91387546771071,0.0871267915983712,0.592243999266429,-4.24593148560256
"Exoc4",0.685675391922646,5.93633153828495,1.91230415243416,0.0873478772794151,0.592243999266429,-4.2424860556134
"Pfkm",-0.742718119388613,5.62983974395512,-1.91110829404103,0.0875164895071246,0.592243999266429,-4.21922961370334
"Jph3",-0.810831476111438,5.48944083708546,-1.91103117601255,0.0875273734099884,0.592243999266429,-4.19476851455886
"G6pc3",-1.07567920057148,4.85440271189371,-1.9109529822654,0.0875384104327871,0.592243999266429,-4.11631791842752
"Ptpn4",-0.647422181769871,5.81553029930213,-1.91076838691492,0.0875644712037757,0.592243999266429,-4.24435530346795
"Psmd13",0.58126417867422,6.69177149533774,1.91050382608864,0.0876018340565592,0.592243999266429,-4.34376618640237
"Tmx2",-0.569022413398756,6.80299229908889,-1.9087707092843,0.0878469663497135,0.592243999266429,-4.36429885004185
"Prkaca",-0.551157299370038,6.59659378244653,-1.90830030772636,0.087913611275058,0.592243999266429,-4.34462333214907
"Scrt2",1.27186621388151,5.31798246914531,1.90805211021073,0.0879487942365629,0.592243999266429,-4.13676543885481
"Faf2",0.612457814316269,5.78482372279047,1.9079260574603,0.087966667774258,0.592243999266429,-4.2164167067796
"Nrcam",-0.601566406029429,6.15737547121267,-1.90771460413648,0.0879966582835358,0.592243999266429,-4.29342337104201
"Slitrk5",-0.69876611885312,5.91207024235815,-1.90675369198461,0.08813306602802,0.592243999266429,-4.26225689970022
"Cap1",0.832714215064918,5.20596429692897,1.9066995915419,0.0881407518490508,0.592243999266429,-4.12918649332698
"Maged1",-0.549969005844583,8.79645040926629,-1.90538895770039,0.0883271407688352,0.592846351184471,-4.41830155056715
"Slc1a2",0.639629499199659,7.81459047505489,1.90301026410894,0.0886663685050448,0.593823769816095,-4.41435359826316
"Macrod2",-0.688116093235273,6.46971283113315,-1.90272159193541,0.0887076195518279,0.593823769816095,-4.33893446558296
"Ppp1cb",-0.434915548201802,7.97809581537559,-1.90226018110264,0.0887735922922527,0.593823769816095,-4.42781699849405
"Plekhf2",1.53673981317561,4.79375420307372,1.90027026868824,0.0890586395434915,0.593823769816095,-4.0845958126853
"Grin2b",-0.962442059661935,7.98786558945052,-1.90016277841438,0.0890740615683464,0.593823769816095,-4.43141689447891
"Rps28",0.827989111007391,9.90261367166472,1.89973619640106,0.0891352896019998,0.593823769816095,-4.385567905711
"Shd",1.13150351503139,5.04836884334977,1.89962617092376,0.0891510881577689,0.593823769816095,-4.11343889067778
"Myo1b",1.50830512375343,4.24107582923429,1.89882489402052,0.0892662228630327,0.593891132407735,-4.07798096770177
"Yy1",0.55869371134296,6.38926514436346,1.89728632604785,0.0894876899406938,0.593891132407735,-4.32227311520407
"Dars",0.677360683599348,5.97355338167151,1.89682163103192,0.089554681250458,0.593891132407735,-4.24933768947406
"Gls",-0.580691801685198,7.82688597616756,-1.89638774353802,0.0896172738094931,0.593891132407735,-4.4342860320254
"Sdcbp",-0.503784262690904,7.60687042854846,-1.89560897683642,0.0897297216675588,0.593891132407735,-4.42883130997759
"Fuca1",0.683636666330038,5.72487546730717,1.89551924029967,0.0897426874362863,0.593891132407735,-4.21705867035821
"Zkscan3",0.603256948462789,6.46810714495076,1.8929211274368,0.0901188448192967,0.595737088514185,-4.33185401325132
"Csnk1e",0.680817620696706,8.16755874573567,1.8915342502813,0.0903202437221544,0.596414908116619,-4.43385019313576
"Tom1l2",-0.720012007607884,5.82530519416081,-1.89087564317616,0.0904160329047551,0.596414908116619,-4.27212968591557
"Gatad2a",0.814037571874557,5.2947584599673,1.88973629197244,0.0905819676651361,0.596866986937585,-4.1782207700054
"Ppp1r1a",0.853757917274881,5.62739804469371,1.88831155223537,0.090789868408914,0.597118276997895,-4.22139557682587
"Tmem5",0.874195245632154,5.24082913533916,1.88703545165121,0.0909764594069401,0.597118276997895,-4.15714262001785
"Rpl37",0.599265518299564,10.6755315289768,1.88626922382128,0.0910886697575354,0.597118276997895,-4.37051356078791
"Nomo1",-0.796152204686125,5.52390439476146,-1.88583657236437,0.0911520867938029,0.597118276997895,-4.23553242839469
"Klf4",0.881686601761995,6.0166641593349,1.88549002259381,0.091202913111178,0.597118276997895,-4.27018376157006
"Gm38393",-0.818054468753197,4.96955431870205,-1.88473752407819,0.091313368953036,0.597118276997895,-4.16085438545751
"Klf3",1.26131172793081,5.52390678119386,1.88452900659024,0.0913439984776142,0.597118276997895,-4.20063105342751
"Osgep",0.647227777853379,5.93799063520761,1.88391923608883,0.0914336240964905,0.597118276997895,-4.27358471408145
"Kif21b",0.844095528199238,5.79651978692027,1.88254368395153,0.0916361091229425,0.597118276997895,-4.24709932633094
"Calb2",2.35249775940681,5.26867438439315,1.88226120330944,0.091677743038163,0.597118276997895,-4.17990921231677
"Dab2ip",-0.724213974281442,5.22640751494312,-1.88173912093634,0.0917547377573709,0.597118276997895,-4.19702012116908
"Enc1",-1.04488921406971,7.49020673611358,-1.8815042478199,0.0917893957134493,0.597118276997895,-4.44180214513617
"Tprkb",0.765305522016051,5.8621191361117,1.88029829168341,0.0919675403239951,0.59736042685434,-4.26295206213993
"Tmem55a",-1.01223268607669,4.76745838346012,-1.87980126989786,0.0920410549465168,0.59736042685434,-4.13181661463732
"Inpp4a",-0.921173476672867,5.91503283442107,-1.87927429149419,0.0921190606033536,0.59736042685434,-4.29572935248838
"Dazap1",0.739414986521488,6.63836227139233,1.8773859366534,0.0923990921427516,0.597442804081201,-4.36836914218915
"Pold2",1.0440446238889,5.1668397273334,1.87725655025952,0.0924183085222693,0.597442804081201,-4.13748526940561
"Rnf141",-0.914018336052131,4.9904820972314,-1.87721657888181,0.0924242458010735,0.597442804081201,-4.17251410063773
"4931406P16Rik",0.668372280725406,5.31927414151534,1.87485478409056,0.092775697591003,0.598348823312675,-4.19766708123652
"Mfsd4",-1.06489387535246,4.99675008463269,-1.87432997650392,0.0928539624461528,0.598348823312675,-4.16074270815911
"Akr1a1",0.521420640611652,8.30087029411298,1.8740134911375,0.0929011899682799,0.598348823312675,-4.4626003983138
"Tab2",0.781212288376914,6.14830944322106,1.8732758868381,0.0930113462615857,0.598348823312675,-4.32536279158163
"Hexim1",0.714426211045086,5.39605705329032,1.87232158245333,0.0931540467305546,0.598348823312675,-4.20834951576088
"4921524J17Rik",0.567927490769587,6.12511083081221,1.8720999652857,0.093187215232206,0.598348823312675,-4.32030588378038
"Rer1",0.650009514445674,6.98435977356662,1.87097092803911,0.093356365137588,0.598348823312675,-4.42034203945609
"Tob2",1.31198309462339,5.56146811473367,1.87054299035929,0.0934205529020495,0.598348823312675,-4.17350158756015
"Mysm1",0.545817851201604,6.32873252567426,1.87039218350861,0.0934431827529749,0.598348823312675,-4.35671217449389
"Syt11",-0.589953776329474,9.14857868885154,-1.86904493686309,0.0936455763209521,0.598903276716212,-4.45873906574128
"Gpr27",-0.615907030361123,5.70441624011699,-1.86837314505444,0.0937466511594768,0.598903276716212,-4.28333876656107
"BC003965",0.639234990865464,5.82458901057502,1.86786635807212,0.0938229676317826,0.598903276716212,-4.26964705040646
"D17Wsu92e",-0.749666660360523,5.56832702128919,-1.86695056000525,0.0939610240493134,0.599160411419555,-4.26575476738052
"Arcn1",-0.636460001678568,6.20554094212407,-1.86512676514708,0.094236527047052,0.599201971857003,-4.35657052702914
"Ier3",1.64973205029006,6.11766096646076,1.86481197166704,0.0942841562316545,0.599201971857003,-4.23983590935484
"Cmtm4",-0.601881293384266,6.08156148856557,-1.86441805613397,0.0943437885271826,0.599201971857003,-4.34166186023807
"Laptm4a",0.49152018384592,8.370216518769,1.86431981827615,0.0943586656073773,0.599201971857003,-4.47697714480449
"St8sia3",-1.09371861773803,5.06341409147066,-1.86238375642308,0.0946523095859586,0.600054184720352,-4.17275371413164
"Trem2",1.5085253136263,6.9688305025259,1.86158307906819,0.0947739984627555,0.600054184720352,-4.38208700193108
"Fem1b",-0.579416564716891,6.30096156414402,-1.86094678529718,0.0948708081943371,0.600054184720352,-4.37327226465365
"Taldo1",0.58276395134528,7.51358009696145,1.86054680670699,0.094931710753163,0.600054184720352,-4.46484211232693
"Nsun2",0.7828533435205,5.49710938992956,1.85962077895151,0.0950728522014849,0.600054184720352,-4.23012572994283
"Bag6",-0.675038874895376,6.97102578378311,-1.85957137738276,0.0950803872982151,0.600054184720352,-4.44578488520088
"Them4",0.652837585458004,5.52017665897446,1.85885565491499,0.0951896172702462,0.600125488304597,-4.24302620256422
"Akap9",0.555359802618158,7.59181866066276,1.85742432120125,0.0954084120262654,0.600886689513828,-4.47180550767387
"Bag5",0.646084725957061,5.91367596268073,1.85582096668627,0.0956540598637541,0.601097949977342,-4.30134048685508
"Svip",-0.642955710347195,5.50782318960398,-1.85517393732384,0.0957533575767256,0.601097949977342,-4.27432819981075
"Terf1",0.709316450854474,5.51686126951448,1.85475429878327,0.0958178097375192,0.601097949977342,-4.25813816987942
"Mrps12",-0.55605065562519,6.04002047696905,-1.85464686211706,0.0958343174164268,0.601097949977342,-4.34902119404907
"Zfp821",0.749502100821388,5.65987238690216,1.85379294249714,0.0959656169146188,0.601306033182806,-4.28037561686671
"Nt5c3b",0.813993090221633,5.07251106187694,1.84985661421779,0.0965730448471482,0.604493992669381,-4.18779428518204
"Tmem119",2.78212135512446,5.46116470761998,1.84836342513158,0.0968044011503452,0.604654189991064,-4.13149755923032
"Elovl6",-0.678267381245026,5.43200356020188,-1.84821047276841,0.0968281289291407,0.604654189991064,-4.26923091860533
"Naca",0.676033703194958,9.53910772794678,1.84778185627775,0.0968946498973931,0.604654189991064,-4.47329787882096
"Brd2",0.523952379927532,7.6795749023217,1.84508772157772,0.0973137547534926,0.605944310853958,-4.49201298320931
"Rbpj",0.726364517462828,5.71125058699166,1.84463696920668,0.0973840395543344,0.605944310853958,-4.2926050746537
"Creg2",-1.29985387994413,5.26696289249742,-1.84454726231381,0.0973980329946392,0.605944310853958,-4.21517956958969
"Gnai2",1.01498650783649,8.379342789721,1.84302619703911,0.0976355906238482,0.606806185946189,-4.50051367078224
"Exosc9",0.78474939082728,5.06323403872786,1.83975595020118,0.0981481629216024,0.609058130961421,-4.19796344181515
"Mettl16",0.622998547141535,5.77400945021026,1.83944704785233,0.0981967091040934,0.609058130961421,-4.31100782594653
"Gmeb1",0.680514328023811,5.17184473246247,1.83694318613292,0.0985910350738291,0.609587599176733,-4.22520117093542
"Cep97",0.790978804605333,5.07951754944614,1.83648032124719,0.0986640916887159,0.609587599176733,-4.19907468733874
"Vps37a",-0.762600597996713,5.47625703370072,-1.83594916692962,0.0987479889452991,0.609587599176733,-4.29195697673737
"Krtcap2",0.455014349757682,7.19800821237851,1.8344138494896,0.0989908702101826,0.609587599176733,-4.48869273763764
"Tpi1",-0.582946760282176,7.78747139377035,-1.8343784188628,0.0989964817593691,0.609587599176733,-4.51861811532245
"Zmat3",-0.61680702547141,5.44870698366841,-1.8339590795333,0.0990629197751759,0.609587599176733,-4.29215579082826
"Car11",-0.953711096849473,5.68401771102477,-1.83359840499775,0.0991200964431263,0.609587599176733,-4.32411135696242
"2210016L21Rik",-0.597263517106498,6.86301591893039,-1.83281519845539,0.0992443616772461,0.609587599176733,-4.47138054177059
"Ndufaf3",0.595148849279571,5.90791727580504,1.83129580544683,0.0994858455143244,0.609587599176733,-4.3309979351183
"Stard3",0.76447638438447,5.1453288547969,1.83058215059524,0.0995994584968917,0.609587599176733,-4.21103790648055
"Tjp1",0.725828174011195,5.2716262953674,1.83013757814569,0.0996702949163532,0.609587599176733,-4.24985092412624
"Cnn3",0.735399665881881,6.7826040460222,1.8295272012741,0.099767626329895,0.609587599176733,-4.45069330824204
"Thap2",0.711630154793001,5.15598636405305,1.82918522243622,0.0998221973276109,0.609587599176733,-4.23815399708928
"2900011O08Rik",-0.745099331664315,6.70489176345956,-1.82918151514299,0.0998227890680911,0.609587599176733,-4.46130405425205
"Ring1",0.820958231889644,5.4367450824174,1.82902910161034,0.0998471194153858,0.609587599176733,-4.25953504937552
"Fbxo34",0.732683295120831,5.06233988278503,1.8274260287545,0.100103358392211,0.609587599176733,-4.22731769125928
"Rpl27a",0.663495056516701,10.6803034380745,1.82740264312,0.100107100930725,0.609587599176733,-4.4498125634686
"Casc3",-0.579129378373367,6.02252602015441,-1.82737200849643,0.100112003763866,0.609587599176733,-4.38202425256106
"Fam8a1",-0.622018131392903,6.10658211214166,-1.8264293593965,0.100262976638664,0.609587599176733,-4.3951267125085
"Dnajc15",0.651027344301729,6.06964276964034,1.82548070647621,0.100415124833986,0.609587599176733,-4.36504503331753
"Rpl35a",0.659269952478891,10.5433976994335,1.8247732747897,0.100528724873507,0.609587599176733,-4.45879576772195
"Plppr4",-0.955730588180424,6.93714376500992,-1.82437639301369,0.10059250883563,0.609587599176733,-4.4774806932458
"Bcl7c",0.553807198805667,6.31289193970259,1.82418262898676,0.100623662853882,0.609587599176733,-4.41148734696558
"Tcp11l2",0.661130270404943,5.66255881326799,1.82389769015802,0.100669492553338,0.609587599176733,-4.30002904767328
"Rgs2",0.76174841036024,6.14808638649391,1.82015885183859,0.101272649623822,0.612188333651802,-4.37445885763479
"Plxnc1",-0.87861100421804,4.95385811758907,-1.81804318681321,0.10161543915409,0.612188333651802,-4.23866091757529
"Tmsb4x",0.918586417689317,12.4686825870018,1.81798678515409,0.101624592337887,0.612188333651802,-4.41367324478786
"Golm1",1.19880972433954,5.59933781914864,1.8175259236137,0.101699412286107,0.612188333651802,-4.24230502454024
"Hk1",-0.910159694195357,6.25454193811476,-1.81629677922174,0.101899211697826,0.612188333651802,-4.42060789890797
"1810043H04Rik",0.605255576206566,5.79145147561158,1.81613686603955,0.101925232628185,0.612188333651802,-4.33307938285397
"Slc7a1",0.835082322810071,4.78182261741831,1.81589624103698,0.101964398542825,0.612188333651802,-4.19218789339027
"Npm3",1.08091138278314,4.96922434111663,1.81561135043076,0.102010787525407,0.612188333651802,-4.23052592258968
"Rasgef1a",-0.949577713088805,6.73557181686257,-1.81336774030146,0.102376801941041,0.612188333651802,-4.48257418011199
"Rpl37a",0.669822192271797,10.5867214504248,1.81292243160348,0.102449592839477,0.612188333651802,-4.47292825862333
"Rplp2",0.518034556464304,10.068424032291,1.81288766415407,0.102455278005833,0.612188333651802,-4.49544569863227
"Arhgef17",-0.763977362935544,5.22235624373514,-1.81240718076903,0.10253387654681,0.612188333651802,-4.28363071582716
"Trappc1",0.605181901032902,6.29609094812621,1.81038046193252,0.102866027993434,0.612188333651802,-4.4272074019723
"Csrnp3",-1.20042248500547,5.45926307710968,-1.80779964420259,0.103290433804376,0.612188333651802,-4.32143147996199
"Sesn3",-0.712759089150777,6.17058436503218,-1.80777504903251,0.1032944861904,0.612188333651802,-4.42297976880384
"Cdk17",-0.620811385125642,6.65256488213052,-1.80752066926556,0.103336407338956,0.612188333651802,-4.48751999212007
"Tufm",1.01877963670615,4.76673795573703,1.80686431745692,0.103444645368279,0.612188333651802,-4.18448872093144
"Rit2",-0.849715788535382,6.51931577166046,-1.80542486981538,0.103682390839671,0.612188333651802,-4.4692157641731
"Slc25a23",-0.703488211956107,6.52541488232446,-1.80478838911755,0.103787676235739,0.612188333651802,-4.4751572845707
"Rfc2",0.640462253245375,6.63893052344146,1.80472465311645,0.103798224779074,0.612188333651802,-4.47427164235675
"P4htm",-0.898355534081953,4.91072948056716,-1.80448906317342,0.10383722441176,0.612188333651802,-4.23869917469873
"Rgl2",0.794251946403919,5.04919230022814,1.80313613639347,0.104061451457342,0.612188333651802,-4.23898122539879
"Lzts3",-1.26300409557094,4.78074845595234,-1.80255164432693,0.104158460896,0.612188333651802,-4.20194686610548
"Pfn1",0.942746706199971,8.00310666876013,1.80204915234904,0.104241927596117,0.612188333651802,-4.55152948830833
"Slc2a3",-0.966368283394706,5.86285802191716,-1.80193637226444,0.104260669508282,0.612188333651802,-4.393113789103
"Gusb",1.02260895501457,5.52672958939626,1.80090651527782,0.104431956724037,0.612188333651802,-4.28042064499494
"Vegfa",-1.36568086378445,5.64209458319211,-1.80021521053416,0.104547081693038,0.612188333651802,-4.31492668738133
"Cdk5r1",-0.472451368794046,8.43449836904396,-1.79993689211353,0.104593464051789,0.612188333651802,-4.5700923711301
"Oser1",1.01900699040624,5.70679915635283,1.79954296702533,0.104659145096135,0.612188333651802,-4.31648404182931
"Sod1",-0.653428540673093,7.14807545018653,-1.79839799874432,0.104850268209107,0.612188333651802,-4.53905813412299
"Mirg",-1.02447161697403,5.65459686007357,-1.79790375585875,0.104932869246623,0.612188333651802,-4.36840149782356
"Rnf187",-0.462236693333705,8.05212158031517,-1.79625050804033,0.105209608774307,0.612188333651802,-4.57442288908446
"Matk",-0.833949139904071,6.22681693745051,-1.79537897163376,0.105355768400699,0.612188333651802,-4.4502397470025
"Far1",-0.542333699824593,6.7169051824002,-1.7951839552275,0.105388499045665,0.612188333651802,-4.51131007239834
"Tbl1x",0.475666929882557,6.50585996119622,1.7950460963008,0.105411642324863,0.612188333651802,-4.47765743419245
"Bicd1",-0.525245044199538,7.13574923623061,-1.7945883056852,0.105488528385732,0.612188333651802,-4.54514427355197
"Sall1",1.59767121262176,4.74951037228656,1.79444626822368,0.105512394167301,0.612188333651802,-4.17986327499775
"Eml4",0.853055227266859,5.11392602902404,1.7933192380253,0.105701940158767,0.612188333651802,-4.26752658685649
"Psd",-0.657145887964689,6.81422582473717,-1.79279139676893,0.105790821787002,0.612188333651802,-4.52384184483542
"Cmc1",1.26838342037946,4.7873663597736,1.79097891147791,0.10609654758674,0.612188333651802,-4.19301373085208
"Fosb",1.31136808938212,7.35481807936432,1.79062933954035,0.106155606525781,0.612188333651802,-4.53995817895974
"Lbh",-0.690080117513287,5.65962129780639,-1.78906762931854,0.106419823554144,0.612188333651802,-4.3780701583574
"Exoc1",0.596749594068258,5.7867702962509,1.78779693211611,0.106635254389842,0.612188333651802,-4.38221662570017
"Sparc",2.78941190012529,6.56296838627908,1.78736245811701,0.106709006505337,0.612188333651802,-4.27878774359364
"Tmem178b",-0.915998886247878,5.69750318731279,-1.78719662486846,0.106737169193856,0.612188333651802,-4.38695762886973
"Nova1",-0.836225642636609,4.87566172771604,-1.78718143236441,0.106739749609725,0.612188333651802,-4.2596416583828
"Olfm1",-0.806123419309831,9.37713732719977,-1.78715970514857,0.106743440033319,0.612188333651802,-4.55954803162867
"Slc39a7",0.611899857691503,5.91645230401075,1.78696860853173,0.106775903368637,0.612188333651802,-4.39706095263097
"Sun2",1.36199920429773,4.94517538002988,1.78681550435693,0.106801919166044,0.612188333651802,-4.19932238743796
"Sept6",-1.08889677340102,5.76001789010615,-1.78669445610506,0.106822492099287,0.612188333651802,-4.39786218635885
"Acd",0.659390389856778,5.31067203307012,1.78651710127888,0.106852641316223,0.612188333651802,-4.30261447731972
"Rgs7",-0.791346102681654,5.13607966936495,-1.7855052390328,0.10702480213836,0.612188333651802,-4.30020060528057
"Tmem170b",-0.82218175188009,5.23638572257921,-1.78518086813414,0.107080045685667,0.612188333651802,-4.31933088520906
"Ccdc112",-0.857042887116689,5.25224826900766,-1.78485357486794,0.10713581365679,0.612188333651802,-4.32045302889506
"Cdc25a",0.772603476222121,5.04336505251771,1.78484490589254,0.107137291140904,0.612188333651802,-4.26318868181232
"Crtc1",-1.08478827556429,5.09719416837513,-1.78455576411688,0.107186581387118,0.612188333651802,-4.27281032903111
"Neurod1",2.45710985038712,5.4889851942273,1.78444539732066,0.107205401236151,0.612188333651802,-4.34343462698592
"Sfswap",-0.531180529841209,6.13003975077903,-1.7844031180105,0.107212611552637,0.612188333651802,-4.45289619295532
"B230118H07Rik",0.724785024854097,5.53195365426825,1.78186520325778,0.10764624952863,0.612188333651802,-4.34267581183722
"Plpp3",0.678453678923826,6.11157457164091,1.7815171406515,0.107705847070882,0.612188333651802,-4.4422355497751
"Rnf34",0.632832085735959,5.70129027979766,1.78149094750441,0.107710333264954,0.612188333651802,-4.36460541999227
"Creg1",0.946358427735576,5.70468501394164,1.78132220150358,0.10773923913552,0.612188333651802,-4.34419343951628
"Abcf1",0.582870306689547,6.47155275726645,1.7809522485011,0.107802636465482,0.612188333651802,-4.49311254432156
"Pdlim7",-0.680527477355683,6.3415734014785,-1.78001097445359,0.107964094158879,0.612188333651802,-4.48656157663065
"Mff",-0.536823507832791,7.46006140524144,-1.77905016519759,0.108129133083971,0.612188333651802,-4.58261262891689
"Kcnb1",-0.778185886951778,6.27091809436091,-1.77890506014649,0.108154078129324,0.612188333651802,-4.47317178119111
"Irs2",-0.593571746859381,5.57644514713849,-1.77850049980345,0.108223654265214,0.612188333651802,-4.3809997192984
"Srsf7",0.533317274305582,8.00051054679356,1.77751494526721,0.108393322589422,0.612188333651802,-4.58920547670536
"Dennd2a",-0.806152417782723,5.30770147749139,-1.77719457618006,0.108448528663029,0.612188333651802,-4.34013848077609
"Trf",1.41770928682185,7.61659779883925,1.77681030903119,0.108514779907396,0.612188333651802,-4.56562865605706
"Plrg1",0.664335478905333,5.26627957238255,1.77627501918116,0.108607131155212,0.612188333651802,-4.30931395915641
"Cap2",-0.820278669878184,5.44718467710332,-1.7758477621234,0.108680896033727,0.612188333651802,-4.35511334828892
"Dixdc1",-0.591442567480394,6.05627691419355,-1.77440842611863,0.10892973428629,0.612188333651802,-4.45609829472819
"Fam49a",-0.870702226966595,5.39001772455054,-1.7743759308832,0.108935358259516,0.612188333651802,-4.34309520744577
"Arid4a",0.563494817720133,6.64091991056086,1.77262107991792,0.109239469799807,0.612188333651802,-4.52282159378194
"Nrxn1",-0.786278422239874,8.78944217616957,-1.77246212501002,0.109267054966856,0.612188333651802,-4.59899752794553
"Topors",0.621219121266656,6.29381013223247,1.77191181761009,0.109362605416554,0.612188333651802,-4.46844765971286
"Parp1",0.701617162690565,6.56981067173472,1.77129710945232,0.109469428974253,0.612188333651802,-4.50124131581651
"Crym",-1.4418383193297,6.08205841878192,-1.7708712611073,0.109543489031731,0.612188333651802,-4.45694993556153
"Tdp2",0.843735911313704,5.19291915567079,1.7708074337508,0.109554593344717,0.612188333651802,-4.29697780531192
"Ccnl2",0.437996041367363,7.1196396810865,1.7707320757776,0.10956770502399,0.612188333651802,-4.57123859591361
"Gcn1l1",0.601116384256451,5.91791542634023,1.77035534286563,0.109633275217944,0.612188333651802,-4.41480039068651
"Eif4a1",0.814670614121672,9.14661259532942,1.77029007871517,0.109644638091263,0.612188333651802,-4.59454881883048
"Mrps36",-0.536852670696075,6.49102881186808,-1.76957161444052,0.109769798769562,0.612188333651802,-4.51961494997385
"Scamp2",1.02719544280541,6.05636450828551,1.76938415398728,0.109802477143851,0.612188333651802,-4.41866797650852
"Rmnd5a",-0.729131670974833,6.2923605472936,-1.76862299746738,0.109935255219489,0.612188333651802,-4.49486991352008
"Commd9",1.00429386202686,5.48119117045929,1.7686019207015,0.109938934009709,0.612188333651802,-4.35196550715935
"Tgfbr1",0.893619842746139,6.10899739210349,1.76834170363051,0.109984362285574,0.612188333651802,-4.4190962264593
"Brd4",-0.519314948621886,6.80385672010943,-1.7683088234839,0.109990103679934,0.612188333651802,-4.55587304293144
"Snx1",-0.551517520154336,6.01283426106882,-1.76717503026823,0.110188251058833,0.612196871041049,-4.45860760892334
"Iqsec2",-0.995561216545245,5.36983918556835,-1.76618512089844,0.110361521597711,0.612196871041049,-4.36003471577962
"Aup1",-0.845016268482055,5.74341166377295,-1.76602094123326,0.110390283344825,0.612196871041049,-4.42149245615747
"Pkib",1.11008993461652,5.68092225336961,1.76601545892115,0.110391243880607,0.612196871041049,-4.38657827683409
"Tmem130",-0.638162754739613,5.93679981302628,-1.76517111889902,0.110539269579497,0.61246351173884,-4.45048389288417
"Ppp2r5d",-0.763467271759058,5.1588832560863,-1.76333290173871,0.110862169918601,0.613697721103149,-4.33062596239935
"Xrcc5",1.26072105297274,4.37492324334752,1.7626428674247,0.110983605189277,0.613815462635282,-4.20675436881062
"Cacnb3",-0.622767168431465,5.60817773610475,-1.75850862949322,0.111713736137356,0.616182348194228,-4.41058056310312
"Ivns1abp",0.685497636216294,6.93313957322398,1.75829542581243,0.111751508825604,0.616182348194228,-4.56603698687761
"Man1b1",-0.896729237443691,5.53258556646116,-1.75725418458096,0.111936151538711,0.616182348194228,-4.40154097146289
"Pdpk1",-0.622729425906728,6.33820358544526,-1.75683981483013,0.112009709568563,0.616182348194228,-4.515835850229
"Mag",1.66423002247587,5.18366312237129,1.75638373620628,0.112090723096915,0.616182348194228,-4.33369539998822
"Fxr1",0.478654370356315,6.95588773514106,1.75631961093331,0.11210211803186,0.616182348194228,-4.57661834381438
"Fibp",0.632135528957602,5.71696568483971,1.75552929446557,0.112242643271094,0.616182348194228,-4.39757454378904
"Trim9",-0.685137266001699,6.0681542979276,-1.75476889796173,0.112378001462738,0.616182348194228,-4.48330649654515
"Phb2",0.51438407272615,7.15278173174485,1.75432976296467,0.112456240284877,0.616182348194228,-4.59204610783959
"Gstm1",1.2848755998732,5.40490985361976,1.7536571075935,0.112576181617163,0.616182348194228,-4.28247853383992
"Dhx32",0.712433725683057,5.22668098574141,1.75346998515561,0.112609568377165,0.616182348194228,-4.33551139529753
"Dnajb2",0.864340623704985,5.57094131673786,1.75342170698463,0.11261818374307,0.616182348194228,-4.39257454920517
"Pcdh17",-0.59345808015088,6.21883335984122,-1.75191367889015,0.11288760073113,0.616478509831903,-4.50528785935908
"Tmem181a",-0.891390736836217,5.20792965729197,-1.75100221836356,0.113050725117508,0.616478509831903,-4.35590847815527
"Nudt10",-0.936190769358771,4.97870539164728,-1.75087695827981,0.113073159888258,0.616478509831903,-4.31378577898896
"Smyd2",-0.658314430156053,5.93560013693368,-1.75086828418476,0.113074713617993,0.616478509831903,-4.46917890756039
"Vat1",0.886612275538298,5.69012678365275,1.74613535691535,0.113925422650922,0.618865501183196,-4.40741319254118
"Zbtb21",-0.757730190314292,5.11546984924553,-1.74610759022124,0.113930430819437,0.618865501183196,-4.34574392021127
"Wdr12",0.828835432640738,5.25947203476734,1.74581797187419,0.113982680191843,0.618865501183196,-4.31823615722767
"Epb41l2",0.878453413170448,5.96824506241974,1.74529889127253,0.114076381406957,0.618865501183196,-4.43850147491218
"0610010K14Rik",0.583585557289047,6.10479581473531,1.74516196929216,0.114101109507055,0.618865501183196,-4.47302311729453
"Strn4",-0.675732056343425,6.74556659054252,-1.74395458600937,0.114319376087418,0.618865501183196,-4.57550793979222
"Epb41l3",-0.600995126570842,6.01785009547344,-1.74254393011023,0.114574875319644,0.618865501183196,-4.49171286277802
"Fabp3",-0.961507145561673,5.30298227808476,-1.74172787839547,0.114722918629268,0.618865501183196,-4.37569946933037
"Rnmt",0.65514078643542,5.82246877451709,1.74171608256226,0.114725059847214,0.618865501183196,-4.43902000220643
"Crim1",-1.22352282763318,5.49154318828287,-1.74129890186942,0.114800811441713,0.618865501183196,-4.40662260635431
"Zfp36",1.48365164552303,7.64278868309373,1.74121900053335,0.114815325150606,0.618865501183196,-4.61092588179282
"Arrb1",-0.71536399656563,5.82799270405016,-1.74106442937628,0.11484340706949,0.618865501183196,-4.46582241251804
"Arid2",0.535835692372475,6.38326309980676,1.74100410116881,0.114854368986831,0.618865501183196,-4.5307153697717
"Stra13",0.603470869314497,6.35724042687004,1.74044804652822,0.114955451952926,0.618865501183196,-4.52124986540875
"E130308A19Rik",-0.726729981253222,5.39320328184026,-1.74005262654179,0.11502738346078,0.618865501183196,-4.40014061320311
"Brd8",-0.408356586041188,7.33657165095361,-1.73837219029178,0.115333535489047,0.619968338137614,-4.6320317731337
"Otulin",0.846263399471476,5.10886945750473,1.73766584123351,0.115462445502761,0.620117323436389,-4.29731451034617
"Tmem106c",0.66671007872686,5.38357862177595,1.73429104994412,0.116080177649261,0.622376142554892,-4.36323235105133
"Rap1gds1",-0.906633600785699,6.18991771180045,-1.73425849897429,0.116086150610353,0.622376142554892,-4.52662923434849
"Hn1",0.819365332939926,9.16611589274451,1.73309176224645,0.116300427896462,0.622580056591576,-4.64325956056134
"Arhgef2",0.536552739531585,6.61019853881289,1.7329104189424,0.116333765085548,0.622580056591576,-4.57364206166937
"Adar",-0.739412918500364,5.53067817580682,-1.73112485128535,0.116662482472257,0.622580056591576,-4.43292473900382
"Rbm15b",-0.532890705356527,5.63006961889947,-1.73068650529591,0.116743310646277,0.622580056591576,-4.44742995938381
"Aig1",-0.606326902348338,6.07186464338415,-1.73038230191508,0.116799433953659,0.622580056591576,-4.51514745216781
"Lman2",-0.641797808302321,5.84305656090563,-1.73033391580265,0.116808363117859,0.622580056591576,-4.48018568106454
"Fosl2",-0.916889113745019,5.59288408085502,-1.73018766198754,0.116835356573158,0.622580056591576,-4.44307063505576
"Prosc",-0.652586675393804,5.67008140218385,-1.72900441564046,0.117053953700503,0.622687144683639,-4.45554291322389
"Mpzl1",0.791739981013736,4.9388162466225,1.7289788553025,0.117058679940527,0.622687144683639,-4.31538720301184
"Psma2",0.470867640909377,7.65971631287841,1.72827853119197,0.117188241569256,0.622835684593581,-4.64965840022489
"Cetn3",0.498283951426436,7.62651146754469,1.72739920267853,0.117351105472218,0.623160809647966,-4.64929362855247
"Dcun1d1",-0.447066652008881,6.32734596906161,-1.72612366391631,0.11758772156419,0.623403512025363,-4.55588323818256
"Rps29",0.716125783284504,11.3480154188658,1.7255906004292,0.117686735763807,0.623403512025363,-4.56130336670043
"Yif1b",0.576801444832312,6.07117256704889,1.725508452278,0.11770200120975,0.623403512025363,-4.49830472545181
"Cd63",0.863172419030497,7.48112602242214,1.72491263931244,0.117812774360537,0.623451365527954,-4.63855710849015
"Ncaph",-1.00973989897359,5.15070566290591,-1.72406778559211,0.117970012652904,0.62374481237014,-4.3781925789298
"Ass1",0.832377094544999,5.16221611916955,1.72266061559503,0.118232331879442,0.624592870480364,-4.34080641634187
"Mtmr4",-0.600740128828942,5.38961442158198,-1.7216916159085,0.118413279378308,0.624827362693809,-4.42266883668367
"Irak1",0.814058587787262,5.60691983898509,1.72133120700739,0.118480645471639,0.624827362693809,-4.41183632684845
"Phf20l1",0.559712207871539,5.86288208213533,1.72035302577317,0.118663659732668,0.624827601746187,-4.48036286204748
"Etnk1",-0.524145764716925,7.95919496405385,-1.72010278884786,0.118710519710796,0.624827601746187,-4.67607500417932
"Prpf4",0.689341247090767,5.18384689834103,1.71969681710221,0.118786578987322,0.624827601746187,-4.37884926487565
"P4hb",0.795108490974044,6.41387829977052,1.71898744621141,0.118919587463233,0.624990764986871,-4.54755421355653
"Epb41l1",-0.635838375407579,6.01797189122799,-1.71783808338264,0.119135384535174,0.625588377404924,-4.52326555793719
"Tmem30a",-0.475110825901794,7.66726614480721,-1.71635150517436,0.11941502619087,0.626037358943745,-4.67410747858839
"Dmtn",-1.00460878896941,6.27183918399488,-1.71629744039606,0.119425207670568,0.626037358943745,-4.55422315342902
"Cuta",0.516662508030049,6.5928080620088,1.71452750970991,0.119758959646764,0.626342970003704,-4.59279835848329
"Kif5b",0.535064686319526,8.07906771407969,1.71398138817565,0.119862112594429,0.626342970003704,-4.67597827580602
"Lmtk3",-0.824075702697576,6.1820463553509,-1.71393187659185,0.119871468493356,0.626342970003704,-4.54933424418726
"Usp9x",-0.49461802400611,7.4783116703714,-1.71336332281043,0.119978952447696,0.626342970003704,-4.67109527042594
"Tmem183a",0.535186937508774,6.08027794900444,1.71250282495431,0.120141795382415,0.626342970003704,-4.51592779684368
"Matr3",-0.426649031274113,9.00065253608578,-1.71214222153746,0.120210096978501,0.626342970003704,-4.67664254097071
"Bag1",0.609453851116762,7.16890930140113,1.71206716831504,0.120224317207538,0.626342970003704,-4.64568750130912
"Eif3m",0.59380957211685,7.17884661253177,1.71002227061308,0.120612352986824,0.626342970003704,-4.65022900599116
"Tenm4",-0.497449961804363,6.76964066940327,-1.70964331624895,0.120684388150564,0.626342970003704,-4.62941900371172
"Rexo1",0.600351552250464,5.42718945097966,1.70938257980253,0.12073397417182,0.626342970003704,-4.42164291433085
"Vsir",2.61291408488987,4.97849410062008,1.70927357809704,0.120754709281485,0.626342970003704,-4.25679902759678
"Tollip",-0.727432741370098,6.04897032796201,-1.70903508683641,0.120800088193858,0.626342970003704,-4.53924724263745
"Camta2",-0.668512587333138,6.13339690010945,-1.70842711276703,0.120915840891197,0.626342970003704,-4.55018878589226
"Faim",0.578040598030245,5.98242184030648,1.70833687326137,0.12093303029685,0.626342970003704,-4.51141152576495
"Tesk1",-0.544781066964473,5.71889778983971,-1.70727551575506,0.12113537207149,0.626342970003704,-4.49049927989092
"Ube2d3",0.425412071306665,8.24553845382837,1.70697540817637,0.12119264190623,0.626342970003704,-4.68895510745163
"Atp6v0a1",-0.595209668207964,6.98049356538785,-1.70650150686527,0.121283127311989,0.626342970003704,-4.65181324878379
"Ankrd44",0.954411754495238,5.64890972906127,1.70629127873528,0.121323287433812,0.626342970003704,-4.4439395738009
"Cyth4",1.27634657502366,5.17215352853249,1.70463466152009,0.121640177862983,0.626878012409023,-4.3269053860079
"Polr1d",0.614417740818631,7.12174996773272,1.70429496389427,0.121705251082147,0.626878012409023,-4.65372279349554
"Adam23",-0.536940258482243,5.69980671224672,-1.70384474954728,0.121791544075688,0.626878012409023,-4.49359781313484
"Maml3",0.602315234223038,6.03037279740887,1.7034885233914,0.121859861825575,0.626878012409023,-4.52832918908417
"Mtif2",0.644133975321933,5.64300425800216,1.70153759069501,0.122234635976897,0.626878012409023,-4.45878944456082
"H3f3b",0.932753398177659,11.6535012833784,1.70141763688294,0.122257713376574,0.626878012409023,-4.58411374242905
"Ppp1r18",1.34950440652271,4.95477237410302,1.7009213967241,0.122353225123114,0.626878012409023,-4.29355657252101
"Erh",0.78102462008031,8.80205635825021,1.70086653733812,0.122363788130076,0.626878012409023,-4.69386218963703
"Aftph",-0.539613568115479,5.91954858301144,-1.70055866939975,0.122423082591204,0.626878012409023,-4.53081601930645
"Hspa14",0.760868598912109,6.04061409819408,1.70020085055433,0.122492030374143,0.626878012409023,-4.49728879560802
"Irf8",1.35744288588857,5.12080749936589,1.69988875706316,0.122552196290145,0.626878012409023,-4.30447309660816
"Fbxw2",0.569052938727604,6.53006251436316,1.69897111812723,0.122729256417448,0.627065576172345,-4.60154319967074
"Ppp2r5b",-0.740123941888647,5.46036643401934,-1.69758372038698,0.122997400268219,0.627065576172345,-4.46260528002268
"Glrx5",-0.491506775439436,6.70135791481783,-1.69747105361827,0.123019198922824,0.627065576172345,-4.63980794177041
"Dact1",0.786058146319311,5.03434825926146,1.69720144968753,0.123071375919357,0.627065576172345,-4.3698157897228
"Rpl34",0.737400717663321,10.1423217287039,1.69619382145465,0.123266562866491,0.627065576172345,-4.64690149383333
"Calm2",-0.489931870843371,10.7139858700282,-1.69583649056893,0.123335848908633,0.627065576172345,-4.62125368510633
"Sptan1",-0.511259144000224,7.84380237370835,-1.69582727739246,0.123337635802005,0.627065576172345,-4.70644915057757
"Fam174a",-0.628639035519247,5.95250943968532,-1.69546721786798,0.123407487738879,0.627065576172345,-4.54193749597846
"Nt5c2",-0.582417176526509,5.4589471482423,-1.69493575325604,0.123510658318605,0.627068392404446,-4.46589529607376
"Drap1",0.411837492778186,7.71066581573833,1.69394400599059,0.123703391439701,0.627068392404446,-4.69756025611569
"Dnajc5",-0.521545289165922,7.10678674537025,-1.6938841771197,0.123715027156817,0.627068392404446,-4.67825237233669
"2410089E03Rik",-0.506062345965102,6.15327279018348,-1.6933221594733,0.123824378890661,0.627103961852866,-4.57402471457403
"A830039N20Rik",-0.709987794718846,5.18382134582522,-1.69254124895603,0.123976466742567,0.627355729313334,-4.42195734762357
"Slc33a1",-0.745036526465996,5.00419758706923,-1.69174666968301,0.124131391278659,0.627621423890776,-4.39418597849737
"Etv1",-0.72757429442774,7.3203472115835,-1.6897253231646,0.124526301916883,0.629099075141515,-4.6949882037049
"Trim32",-0.647906671388769,6.83122036639588,-1.68871798927363,0.124723531514894,0.629226080065543,-4.66345785890214
"Ptprz1",-1.00638808474591,7.25722185599687,-1.68854820209665,0.12475680275451,0.629226080065543,-4.686356823882
"Mef2d",-0.643115045080177,6.61308875422695,-1.68699011056958,0.125062501382533,0.630197183359738,-4.64367231239717
"Slc4a10",-0.7326776255052,5.69967817206257,-1.68647106919738,0.125164488899776,0.630197183359738,-4.51428926005978
"Trpc4ap",-0.481834516091959,6.45812371849312,-1.68599621361489,0.125257860530705,0.630197183359738,-4.62377191211558
"Syt7",0.516499271024227,6.7771388211391,1.68461922847061,0.125528977750174,0.630567609690081,-4.65722532818042
"Cox7b",-0.404423756648736,8.12114663292719,-1.68444399386435,0.125563518281006,0.630567609690081,-4.72454705167495
"Zfp365",-0.688812534466348,5.78308404453528,-1.68395838083909,0.125659282738821,0.630567609690081,-4.53117825858687
"Ncoa7",-0.464832338517456,6.41143654727599,-1.68353370790625,0.125743084047206,0.630567609690081,-4.62262602350577
"Ucp2",1.44653405235141,5.41943020855994,1.68251599032832,0.125944118541642,0.631059328228275,-4.36619678483845
"Lynx1",-0.981443889369055,5.29186822771661,-1.68106192639196,0.126231853562879,0.631984312608923,-4.4536623868243
"Upf2",-0.581586585234646,5.88830406861982,-1.68038807714722,0.126365399603531,0.632136464302399,-4.55038867986122
"Dnajc10",-0.588334181148724,5.56700568274107,-1.67895603303255,0.126649634090956,0.632744418952148,-4.50315239109039
"Fgd4",0.529170043923167,6.108120479485,1.67873558629892,0.12669344028301,0.632744418952148,-4.57319326166285
"Pex3",0.641334790588038,5.28784615363844,1.67631176196761,0.127176000348576,0.634158699840129,-4.43766784291897
"Siglech",2.43044617698776,5.06969706595656,1.67627370498138,0.127183590421592,0.634158699840129,-4.29198091568941
"Cdc27",-0.761119162368839,5.10241527366916,-1.67349316744673,0.127739254091547,0.63641150331138,-4.43013149790008
"Camkv",-0.914742431106093,7.05210822301741,-1.66988387619766,0.128463822663821,0.638618741681583,-4.7022578968541
"Ndufa5",-0.474723906220199,7.98420448122239,-1.66977672163425,0.128485390926095,0.638618741681583,-4.7427017784063
"Dirc2",0.650971304384407,5.51460880176874,1.66972935347596,0.128494926320723,0.638618741681583,-4.46990903442092
"Ets2",-0.838895280516404,5.58259457343553,-1.6669030465551,0.129065035915344,0.640932366360801,-4.51746957035792
"Cul3",-0.620486030011579,7.01245643293033,-1.66610909078727,0.129225601152242,0.641210108389426,-4.70489716670429
"Tubb2b",1.25334559114302,10.0397869534824,1.66476730075025,0.129497369025675,0.641622846682449,-4.69362484045585
"Stx6",-0.585412358011298,6.60844720356414,-1.66346631519171,0.129761366819884,0.641622846682449,-4.66975637352464
"Vars",0.760495568090907,4.81781888104714,1.66336093208009,0.129782772644904,0.641622846682449,-4.3712177104064
"Mtfp1",-0.958606578501563,5.02294891551867,-1.6631484899178,0.129825934444862,0.641622846682449,-4.42128575865033
"Rbm10",0.552327672196033,5.6459979118972,1.66311716772734,0.12983229926342,0.641622846682449,-4.50590168622332
"Psenen",0.432725819396874,7.1282331285553,1.66214692612219,0.130029597056345,0.642080073135602,-4.71420999132823
"Trio",-0.511256151813358,6.85021839448087,-1.65994563626079,0.130478234931916,0.642826599874902,-4.70286518707546
"Gnao1",-0.46844856009195,7.86676240251084,-1.65960815614042,0.130547139479539,0.642826599874902,-4.75424610024775
"Fermt2",0.610745772137208,5.85678661524696,1.65859145512418,0.130754922230678,0.642826599874902,-4.54125596326077
"Ctnnd2",-0.598962623889817,6.43404811786454,-1.6578563051669,0.130905350983324,0.642826599874902,-4.65174943478253
"Tle3",-0.509488034756983,5.74712616074223,-1.65744508608745,0.130989564264977,0.642826599874902,-4.55537271076436
"Prpf8",-0.463467090512246,6.70519653142796,-1.65709031523861,0.131062256950185,0.642826599874902,-4.69277289308638
"Hnrnpab",0.79227396318121,8.53755234224298,1.65660403941438,0.131161954378135,0.642826599874902,-4.7538638626203
"Myt1",0.730002557115962,5.3331782382447,1.65636320625414,0.131211355976089,0.642826599874902,-4.44140727483326
"Uqcc2",-0.40140633615686,7.69625122724829,-1.65445322946868,0.131603742146744,0.642826599874902,-4.75600660732912
"Alyref",0.787082638918937,6.90963594133944,1.65421607356572,0.13165253754566,0.642826599874902,-4.6876030886714
"Hibadh",0.760345447497478,5.22917138960429,1.65366338130751,0.131766318832906,0.642826599874902,-4.41971414126896
"Znrf2",0.956865399069287,5.66776550210067,1.65317210160963,0.131867531944726,0.642826599874902,-4.53051042513068
"Camk1",0.674691030007466,6.68921790467754,1.65298429162809,0.131906243005871,0.642826599874902,-4.67205484906613
"Fbxl6",0.711198086292336,5.06577229658414,1.65283536811627,0.131936946162579,0.642826599874902,-4.41474920123234
"Frmd4b",1.06393397370793,6.13487144631971,1.65218487918573,0.132071131488192,0.642826599874902,-4.56356572640541
"Bet1l",0.533847913588534,5.6730996322758,1.65216977053036,0.132074249625006,0.642826599874902,-4.52613555656069
"Oard1",0.520638029711571,5.81975158984076,1.65092949382735,0.132330446103181,0.642826599874902,-4.55078849716019
"C2cd2l",-0.80349588160576,5.71206318172317,-1.65015301532594,0.132491067200834,0.642826599874902,-4.56103672181031
"Lmo3",-1.03332630517358,6.03590858476042,-1.64947769054372,0.13263090707649,0.642826599874902,-4.61262022635172
"Spsb3",0.627600251479114,5.19149593034627,1.64940550564636,0.132645862332552,0.642826599874902,-4.44438788583734
"Mcm2",0.683671444664302,5.56170341560672,1.64888843625664,0.132753033259411,0.642826599874902,-4.48833026299526
"Grpel1",0.510218307010571,6.43097296582924,1.64829444036547,0.13287624501906,0.642826599874902,-4.6540318640333
"Rps27",0.649592123940504,10.4531449100861,1.64815272083761,0.132905656973221,0.642826599874902,-4.69448405145843
"Tpgs1",-0.778377844077494,5.56340301086747,-1.64814247865266,0.13290778282688,0.642826599874902,-4.52897296894858
"Vrk1",0.99645681756076,5.15674103166813,1.64765076394031,0.133009878603025,0.642826599874902,-4.38814155826967
"Ik",0.48187294759639,6.87307930928946,1.64740705468108,0.133060506738022,0.642826599874902,-4.71155634674796
"Commd7",0.714938753823123,5.91894167008281,1.64698657694398,0.133147897674141,0.642826599874902,-4.55736280551219
"Cacybp",0.426500795160945,7.66369625761814,1.64681802274856,0.13318294407198,0.642826599874902,-4.75775355631846
"Rnase4",1.56834950008758,5.03076005228604,1.64662602242503,0.133222875626815,0.642826599874902,-4.33792214806096
"Tmem47",0.463801059562596,6.46186761457635,1.64521803078538,0.133516035414774,0.643734276177603,-4.67242022098661
"Mphosph10",0.642939091162337,5.37615625674248,1.64421808757205,0.133724588603745,0.644232923713638,-4.492210487418
"Hap1",-0.967906733667448,6.13136923402006,-1.6416433568506,0.134262941840845,0.646041580853941,-4.62645332001432
"Mtch2",0.424890337917195,7.17697458906284,1.64095994697106,0.134406164928425,0.646041580853941,-4.74639663098615
"Rab4a",-0.633830689919688,5.3501472936153,-1.64048416807731,0.13450595591767,0.646041580853941,-4.51230202479373
"Gabbr1",-0.472982122752444,8.15088298105142,-1.64040907137915,0.1345217129846,0.646041580853941,-4.78270153398934
"Rpl23a",1.13093274747457,8.99947911252777,1.63795119241767,0.135038354446522,0.646981573018323,-4.7682817846138
"Chd9",0.515170524176445,6.27580433298168,1.63772539975544,0.135085905285184,0.646981573018323,-4.65043557074517
"Acap3",-0.775252807586106,5.33737473386022,-1.63669342804781,0.135303425811785,0.646981573018323,-4.51221005346681
"Iqgap2",-1.12684591861757,4.74250650313727,-1.63659393612685,0.135324413551844,0.646981573018323,-4.38699741756685
"Nit1",0.567077688240817,5.59857367918302,1.6365374421531,0.135336332216516,0.646981573018323,-4.52588799455287
"Arhgap35",-0.638873728774814,6.17759674433164,-1.63646835006606,0.135350910021131,0.646981573018323,-4.64576660313669
"Acp2",0.635543713872382,5.53219390019461,1.63508150421126,0.135643821530393,0.647650550223518,-4.52383941536567
"Fbxo2",-0.752663646704563,5.42869532750951,-1.63480524932974,0.13570223669827,0.647650550223518,-4.53281214342122
"Cox6c",-0.444568515341943,9.64553279479201,-1.63344317886997,0.13599058345205,0.648521630656934,-4.75139501649921
"Jph4",-0.824606027259357,7.04972135596324,-1.62995838152248,0.136730820880091,0.649745199360069,-4.75465142265333
"Ndufa1",-0.438625714185512,7.32538566272831,-1.62931363472737,0.13686817461474,0.649745199360069,-4.77428545624897
"Dact3",-0.774539963212311,5.13869300338966,-1.6292944331014,0.136872267140935,0.649745199360069,-4.48380057853895
"Sec11a",0.676808268618001,6.46763215739857,1.62900753346495,0.136933428435844,0.649745199360069,-4.67450840690672
"Immt",0.466739050455407,6.92460453496368,1.62880992928941,0.136975568026676,0.649745199360069,-4.74145703350154
"Sept7",-0.442221662850485,8.3994147572768,-1.62876803658878,0.136984503251264,0.649745199360069,-4.79767924260294
"Kmt2d",-0.547148775448659,6.01687288964858,-1.62866299856491,0.137006908944816,0.649745199360069,-4.63521352161411
"Atn1-1",-0.490289159427888,6.28894399078285,-1.62824835540707,0.137095388833644,0.649745199360069,-4.67591132999853
"Rbck1",0.641597186414621,5.54023027963132,1.62676637651216,0.13741204607675,0.650742672610761,-4.52096790958485
"Slc25a5",0.593921041432762,7.95763233159484,1.62603737446178,0.137568054787952,0.650810193397824,-4.78766218518014
"Eif2s2",0.441792511696699,8.08031494687572,1.62510195560736,0.137768470836471,0.650810193397824,-4.79311794287573
"Bag4",-0.537473373802976,6.02497844720976,-1.62499413581613,0.137791588401505,0.650810193397824,-4.64140779776473
"Fignl1",0.806442129001253,4.84648060995636,1.62409568977693,0.13798435934508,0.650810193397824,-4.40369573115437
"Tmem163",0.785679666620033,6.08925451158628,1.62406029785957,0.137991958014093,0.650810193397824,-4.6285292283096
"R3hdm2",-0.403853486098797,6.92129732617118,-1.62309894313028,0.138198505582098,0.650810193397824,-4.75683218563801
"Rab22a",0.609176180846715,5.62176882587658,1.62238710679317,0.138351623143973,0.650810193397824,-4.55489919161277
"Foxp1",-0.988067830962136,7.13573650693534,-1.62227166106826,0.13837647014806,0.650810193397824,-4.77086382201144
"Srcin1",-0.577540246134647,7.40045138038058,-1.62193056325861,0.138449906957097,0.650810193397824,-4.78688497012249
"Smad1",0.534688751734683,6.30366141256234,1.62162206833114,0.138516354696034,0.650810193397824,-4.67219818246864
"Mef2c",-0.744804379264225,7.84697617892605,-1.62043847937104,0.138771557979178,0.650810193397824,-4.80518873442641
"Lamp2",0.467180783889154,6.72230424670719,1.62034940460656,0.138790781211095,0.650810193397824,-4.73257812414367
"Snx18",0.884630614006005,5.17653657251482,1.62027454233896,0.138806939094477,0.650810193397824,-4.44072965401908
"Snrpb",0.57913550826378,7.89451642767003,1.61862814701988,0.139162716323483,0.651663315438127,-4.79636734044935
"Dap3",-0.772745362771342,6.15044871854046,-1.61844853243962,0.139201579619535,0.651663315438127,-4.66617364633251
"Emc2",0.531823624114647,5.64464128844809,1.6173412464195,0.139441379127407,0.652287611673856,-4.56344808573766
"Hnrnpul2",-0.573416025228903,7.37201783336115,-1.61634486907101,0.139657476901487,0.652532580290559,-4.79307924740085
"Spcs2",0.63814398043094,7.69338114707105,1.61611804038486,0.139706714318083,0.652532580290559,-4.79387001234813
"Mapkap1",0.68950898632322,5.18222617084282,1.61357385602348,0.140260046424773,0.654481782185473,-4.49133751255937
"Fcrls",1.73944610969454,6.42899163173705,1.61321780388289,0.140337640631807,0.654481782185473,-4.61748078669816
"Pgrmc1",-0.462878567076838,8.25447398509461,-1.61238671581095,0.140518909097012,0.654642015027042,-4.8193366161613
"Ube2j2",0.517914773634332,5.9941531816132,1.61202027547447,0.140598900079868,0.654642015027042,-4.6316677940086
"Zfp644",-0.437083906699942,7.01141511930209,-1.61058062090503,0.140913560983185,0.654642015027042,-4.77938394813062
"Sipa1l1",-0.687557910356812,6.40422006284813,-1.6101348560464,0.14101111850622,0.654642015027042,-4.71143007696593
"Rpp14",1.04447802961355,4.81242040385561,1.60991545702897,0.14105915716079,0.654642015027042,-4.3950403445785
"Birc6",-0.453478214938458,7.11893748701309,-1.60943612936656,0.141164159749914,0.654642015027042,-4.78825125758317
"Galnt11",-0.68822626579673,5.59772177688009,-1.60925893210505,0.14120299472932,0.654642015027042,-4.59051876201818
"Rpl36",0.514137589425757,9.99108256564654,1.60915114320385,0.141226622693497,0.654642015027042,-4.7661136725798
"Grm5",-0.743827622575801,7.19334398778404,-1.60670331767237,0.141764156222536,0.655684076335614,-4.79420365006596
"Ska2",-0.6561201628039,5.42926737578124,-1.60641183640588,0.141828286545868,0.655684076335614,-4.56823806650339
"Trp53",0.976969365752131,5.95384143284051,1.60445823109408,0.142258781328185,0.655684076335614,-4.54557426418695
"Fyco1",0.768244886157995,5.62815827435119,1.60432297502033,0.142288629552196,0.655684076335614,-4.58575684543003
"Cdc42se1",0.765204798037598,5.5836496466233,1.60428701684563,0.142296565723732,0.655684076335614,-4.53105383964838
"Capn2",0.775602746265544,4.88964569370863,1.60376527316554,0.142411762140979,0.655684076335614,-4.43171166945269
"Ephx4",-1.0364857009665,5.05559391690608,-1.60334606256979,0.142504380704883,0.655684076335614,-4.46256271678785
"2300009A05Rik",0.658907297785689,5.65833325305967,1.60158509440109,0.142894031226164,0.655684076335614,-4.55578820885817
"Etfb",0.48572331130059,6.15050422709349,1.6015214572807,0.142908130105412,0.655684076335614,-4.67289684994627
"Ccdc186",0.641010151979236,5.90975017468424,1.60077970573144,0.143072557978407,0.655684076335614,-4.63808995131885
"Ndufa12",-0.361173598598874,7.77907314262194,-1.60046906473126,0.143141469695566,0.655684076335614,-4.82785042620954
"Cdk6",1.11084982292077,6.101761657981,1.60013888823627,0.143214747702409,0.655684076335614,-4.60882154329585
"Nsmce1",0.651095184070853,6.22207819253007,1.60007773426426,0.143228323649388,0.655684076335614,-4.66080416163703
"Ppa2",-0.561547701305436,5.50985957527852,-1.59980536496955,0.143288802586314,0.655684076335614,-4.59009456707255
"Cfl1",0.64107875642969,9.88760249886159,1.59976665571361,0.143297399738025,0.655684076335614,-4.78353477300995
"Ublcp1",-0.553274507983368,5.4399502970203,-1.59957622553323,0.143339700151415,0.655684076335614,-4.57589561737391
"Pelp1",-0.717770298655089,4.79985676854859,-1.59949878931265,0.143356904320976,0.655684076335614,-4.46554977122816
"Zdhhc3",-0.5498328134494,5.71571864584005,-1.59917794486168,0.143428206718695,0.655684076335614,-4.62336334014817
"Mtfr1l",0.470427900790442,6.18701917578333,1.59829613238838,0.143624338630048,0.655684076335614,-4.67891032913755
"Lifr",-0.654026322797696,5.33536043517136,-1.59778299978147,0.143738579597619,0.655684076335614,-4.55894273888535
"Atp9a",-0.5549681160356,7.32850048756421,-1.59755334775672,0.143789734383029,0.655684076335614,-4.81464631089113
"Ndufs5",-0.43550972617795,8.24302207953802,-1.59734292237165,0.143836620758427,0.655684076335614,-4.83868780437297
"Plod3",1.48547453940548,4.84084482445765,1.59653261470728,0.144017299008215,0.655684076335614,-4.39099196749471
"Prdx4",0.663742419618185,6.43355400285797,1.59643219393115,0.144039704459406,0.655684076335614,-4.70973646324281
"Hmgxb4",0.602357354258147,5.21253283614366,1.596043851775,0.144126379050926,0.655684076335614,-4.52308989823409
"Dbp",0.587544490003984,5.87972272870359,1.59459086925181,0.14445108625429,0.656046119741635,-4.63613479800237
"Ccnd2",1.46024310855897,9.67504697981295,1.59426288763779,0.144524472869145,0.656046119741635,-4.80047061786396
"Acly",0.574175250653444,6.51975884970603,1.5942510085354,0.144527131470497,0.656046119741635,-4.73150125497622
"Mob1a",1.28923375889173,4.45483586248989,1.59319535233584,0.144763567271134,0.656164368477932,-4.36563274860287
"Snrnp70",0.424390501678226,7.63932321042937,1.59288906230788,0.144832231910811,0.656164368477932,-4.82711799240599
"Mau2",0.643038689501646,5.44942068685928,1.59270097990436,0.14487441099064,0.656164368477932,-4.56486496333276
"Psmb4",0.48777239693528,7.94057364345213,1.59175887302268,0.145085851847718,0.656482243875794,-4.83306372642623
"Ids",-0.492728619916862,6.81514720168967,-1.5912822507726,0.145192927186309,0.656482243875794,-4.78728315119775
"Svbp",0.781627395160254,6.30155189851022,1.59071537373348,0.145320370656255,0.656482243875794,-4.67644129301053
"Psmd12",0.428709338773623,6.9845060760846,1.59028135818129,0.145418012219966,0.656482243875794,-4.79637213589977
"Flcn",0.986143754465947,4.93045428878145,1.5899843146953,0.145484872636159,0.656482243875794,-4.49363094947377
"Got2",-0.595342336919763,6.66508516616605,-1.58932461758763,0.145633459697826,0.656482243875794,-4.77099159680197
"Vldlr",-0.644707465620094,6.31685971995977,-1.58858128288004,0.145801047401023,0.656482243875794,-4.72813097651615
"Tenm1",-1.13087801646532,5.55095865556361,-1.5884903185057,0.145821567504392,0.656482243875794,-4.61023878446018
"Gabarapl1",-0.539530782245539,8.00061264944341,-1.58777330914503,0.145983403673674,0.656482243875794,-4.84923081821485
"Rtca",0.625754944057687,5.27493208860724,1.58718069872537,0.146117282871393,0.656482243875794,-4.53808074870556
"Eif4g3",-0.502798057144218,6.87383144789895,-1.58715537644785,0.146123005980187,0.656482243875794,-4.79716595252128
"St8sia4",0.714430945121112,5.20073138957428,1.58620792053029,0.146337285242093,0.656963284954979,-4.51891543359799
"Cep44",-0.733696836048512,4.78503188344128,-1.58466604389957,0.146686600414885,0.658049405082296,-4.48229695920752
"Vimp",0.502823016794685,6.62847728641566,1.58385733119305,0.14687011339215,0.658065755017005,-4.76612713010406
"Rpl24",0.46357213760946,10.1831490214355,1.58322521636698,0.147013695496416,0.658065755017005,-4.78937347778169
"Sugt1",0.517155204946204,6.15206620011906,1.58300392661091,0.147063990096415,0.658065755017005,-4.69227035622324
"Hdlbp",0.785397367789402,6.05198757133552,1.58275848519126,0.147119791836373,0.658065755017005,-4.65716074641189
"Gem",1.17280546525097,4.78772350677351,1.58157487720602,0.147389153566645,0.658789739647267,-4.41513147953869
"Sarnp",0.388333791682828,7.5896626591935,1.58032406636228,0.147674287330931,0.659583114259434,-4.84143192816289
"Abt1",1.00899932376393,4.64603354201444,1.57938667590684,0.147888296565242,0.660057888821413,-4.41126389016594
"Kcmf1",0.459523068176648,6.34485168667432,1.57860266123866,0.148067502031156,0.660065081577729,-4.73784559232379
"Polr2i",0.515735729236954,6.62816070510273,1.57843725622989,0.14810533406811,0.660065081577729,-4.76961147426928
"Exosc5",1.06807596261161,4.92320445467352,1.57495372127516,0.148904105772919,0.662782692227905,-4.4258418596729
"Slc38a2",0.517982220471875,7.15167918278625,1.57483487755776,0.148931424151081,0.662782692227905,-4.82644159960315
"Rrm1",0.679733174981092,6.12691189798063,1.57404382994551,0.14911337459208,0.663110855950846,-4.6714934612617
"Vipas39",0.679605678109035,4.95619259392138,1.57305521816653,0.149341045604794,0.663641716799259,-4.48948862117813
"Tbc1d14",0.585775543836644,5.42985158653569,1.57224660921323,0.149527493303008,0.663936542055682,-4.58803617692369
"Sars",0.422198509653061,7.43744830889445,1.5718280717669,0.149624080381674,0.663936542055682,-4.84739213570816
"Arpc4",0.562496746599251,7.32190129178023,1.57098362856151,0.149819124123634,0.664320978747923,-4.83860114507418
"Marc2",0.609299874529749,5.52040832276288,1.57043115301399,0.149946853660996,0.664406593806642,-4.59172716990388
"Lcmt1",-0.477682595574836,6.13615393123517,-1.56899766280269,0.150278721601996,0.665144418954925,-4.72731809522195
"Eif1b",-0.395852869022881,8.60083298167691,-1.5685188817797,0.150389709983328,0.665144418954925,-4.87248295812483
"Nme7",-0.584096619261579,5.54789199435556,-1.56830637487034,0.150438995540393,0.665144418954925,-4.63407404925116
"Picalm",0.546311003371009,6.8287091941714,1.56650144422965,0.150858183050553,0.666476924605749,-4.80682018932863
"Rpap3",0.615509233301565,5.16686079834138,1.56580586708014,0.15102000513917,0.666476924605749,-4.53130243668834
"Spry2",-0.522820372140071,5.96224904984617,-1.56514956934206,0.151172830665145,0.666476924605749,-4.70473773455235
"Svop",-0.684707043040764,5.42267109287975,-1.56489465669583,0.151232226720618,0.666476924605749,-4.61615909953171
"Ammecr1l",0.574713978590149,5.4587748326455,1.5639653316231,0.151448940407538,0.666476924605749,-4.60158778819772
"Lamp1",0.560521003925492,7.97039791981481,1.56383319706209,0.151479775902882,0.666476924605749,-4.86828103144191
"Ubxn2a",0.684993366997521,5.23962353043942,1.56373930676352,0.151501689943833,0.666476924605749,-4.54741855055914
"Lhx2",1.00930247419712,7.41010494645046,1.56203605517119,0.151899719387673,0.667748551225009,-4.84887305871387
"Kif2a",0.576486867046969,6.7987858695693,1.56065487696951,0.15222316641327,0.668311580028862,-4.80802241027676
"Farsa",0.592331763244123,5.52351584186546,1.56049873715827,0.152259770024537,0.668311580028862,-4.59530334924208
"Mynn",0.566778043517409,5.21407665636515,1.56006687627347,0.152361051233198,0.668311580028862,-4.55448962961992
"Cbx6",-0.601687345701237,7.37211947332881,-1.55906373652153,0.152596541400132,0.668311580028862,-4.86529075316141
"Ybx1",0.72784134653985,9.37992314339748,1.55763583792995,0.1529323027342,0.668311580028862,-4.86220287579436
"Mis12",0.612887031483795,5.08127266069483,1.55717132600168,0.153041671147487,0.668311580028862,-4.53418508496813
"Gm2a",-0.594862096159938,5.6883070694541,-1.5558616491309,0.153350406049577,0.668311580028862,-4.66851000889872
"Slc25a14",-0.94739423372079,5.1785469895008,-1.55530116913762,0.153482698918216,0.668311580028862,-4.55827594149392
"Smim8",0.573886588497514,5.21936705679584,1.55500488335817,0.153552673645695,0.668311580028862,-4.56345288414367
"Lamtor4",0.485711869228888,6.7100001437541,1.55492385069907,0.153571816310151,0.668311580028862,-4.81015148996023
"Atad3a",0.547178026702188,5.3609326424081,1.5547436036351,0.153614404381337,0.668311580028862,-4.58482884717837
"Laptm5",1.42059464304319,6.61770942023875,1.55425557226105,0.15372976714763,0.668311580028862,-4.71677791835845
"Ubxn1",0.469639807065217,7.47858587266191,1.55377923607053,0.153842439506162,0.668311580028862,-4.87010392720572
"Glo1",0.566932915514853,6.17228112735917,1.55347233166457,0.153915073358757,0.668311580028862,-4.72435765162587
"Sorl1",-0.683196714511685,6.51387910896939,-1.55330273013282,0.153955225336899,0.668311580028862,-4.80040810117019
"Tpm3",0.474916911204343,7.77841401204817,1.55318862843607,0.153982243346549,0.668311580028862,-4.87947324278698
"Mrpl12",0.480392603999801,6.63794025223676,1.5523283577147,0.154186081335768,0.668311580028862,-4.80264648827577
"Sumo2",0.510088386489103,9.71626749107046,1.55189198523619,0.154289569682711,0.668311580028862,-4.85275922978125
"Ptpre",-0.783821618806088,6.09072028289904,-1.55151610476121,0.154378761382965,0.668311580028862,-4.74172728059476
"Gle1",-0.546046030052735,6.12776761760647,-1.55117813951843,0.154458995322347,0.668311580028862,-4.74766966860466
"Ntrk2",-0.41918165873123,7.60959439241006,-1.55087041283516,0.15453208270794,0.668311580028862,-4.88623738875505
"Poldip3",0.46899864322142,6.07131996602195,1.55082956667926,0.154541786280656,0.668311580028862,-4.72105093448309
"Smek1",0.535226635243406,6.11219959944203,1.5508056442823,0.154547469629878,0.668311580028862,-4.73218609534991
"Atp5d",0.486216818369494,8.00081918473837,1.55030243933949,0.154667061211976,0.668311580028862,-4.88656825865946
"Ylpm1",-0.413467148830389,6.76499108197568,-1.54993573250881,0.15475426437026,0.668311580028862,-4.83468274946274
"Snrpn",-0.518673475714336,8.72005104145172,-1.5481915092925,0.155169639062958,0.669319503847883,-4.8947889805192
"Runx1t1",-1.25486761134221,6.59900462313401,-1.54777920654157,0.155267970424618,0.669319503847883,-4.81605186568817
"Fam204a",0.518410088010022,6.09542014356258,1.5471761596711,0.155411892413771,0.669319503847883,-4.72781064810232
"Dmwd",0.528941732682851,5.75986900821456,1.54704543494534,0.155443106510426,0.669319503847883,-4.67449702650048
"Rpl7a",0.648146848723803,9.45334811923729,1.54617649610499,0.155650730619649,0.669319503847883,-4.87319789723795
"Taok3",-0.518073142776265,6.43724255212447,-1.54563891345873,0.155779303539241,0.669319503847883,-4.79799520505194
"Ddx42",0.493576254066113,6.40216661935975,1.54472454369347,0.155998208271469,0.669319503847883,-4.78993553968879
"Atp6v1c1",-0.517226423324717,6.89326074796049,-1.5446772417137,0.15600954001339,0.669319503847883,-4.85323876954368
"Ywhah",-0.540048321338814,9.17447517093833,-1.54418346405362,0.156127873760136,0.669319503847883,-4.88580604991808
"Ccs",0.653425918934927,4.97090233588824,1.54316419216838,0.156372393573503,0.669319503847883,-4.52272499399095
"Snrnp48",0.559833117700092,5.53268252177437,1.5431449811639,0.156377005481709,0.669319503847883,-4.62307721703422
"Nrbf2",0.599130868091773,5.26735141448905,1.54279082373679,0.156462048204147,0.669319503847883,-4.57713219074919
"Mdh1",-0.402396813066109,8.66681653502577,-1.54249419167004,0.156533309052494,0.669319503847883,-4.90398821200009
"Adgrl2",-1.14371659678782,4.75450170041719,-1.54237541860591,0.156561850332764,0.669319503847883,-4.52311735780887
"Gtf3c6",0.960413653459682,4.97658407948982,1.54210850552614,0.156626006611923,0.669319503847883,-4.48594288166225
"Plcb4",0.617004628726093,5.76954789895568,1.53995313125238,0.157144934215653,0.670414794028348,-4.66792594014828
"Sra1",0.560873641361187,6.10366672455504,1.5397872351275,0.157184938338391,0.670414794028348,-4.73081876202564
"Hipk1",-0.535016660210476,6.00201725466056,-1.5396811732849,0.157210518769376,0.670414794028348,-4.74155148189074
"Slc12a2",0.604659743530003,5.18684478436315,1.53853199432793,0.157487918739231,0.67106596797183,-4.57561385802215
"Stx5a",0.446844384330659,6.51512913691267,1.53801806489924,0.157612116088086,0.67106596797183,-4.80777011403181
"Pde1a",-1.12493843458603,6.19122595619443,-1.53759750676734,0.157713813569235,0.67106596797183,-4.77335169353561
"Pgm2l1",-0.915213369064184,7.11011794712293,-1.53723611538559,0.157801249975099,0.67106596797183,-4.8766316421862
"Dpp9",-0.660113351637368,5.33605176395611,-1.536205958332,0.158050725418226,0.671393379142819,-4.63108149152223
"Tmem38a",-0.676821095818398,5.42493698323392,-1.5360135338727,0.158097363920217,0.671393379142819,-4.65024747908047
"Pgls",0.421990679371006,6.65330224115729,1.53514212054116,0.158308723387038,0.671825385675741,-4.83121682816098
"Nelfa",0.573334360030897,5.23184599334861,1.53464393208669,0.158429670146471,0.671873369313199,-4.58636569269697
"Fam102b",0.814460910874635,5.62307696017149,1.53360067430777,0.158683209724276,0.672483201376463,-4.65145953578432
"Nhp2l1",0.460979028315447,7.95450591179963,1.5325293589852,0.158943941156816,0.672601612899782,-4.90871255233242
"Atf7",0.505437758622938,5.58771940538884,1.53195164011857,0.159084700569339,0.672601612899782,-4.65375660037484
"Ank3",-0.477747089463679,8.34508165238171,-1.53191972275995,0.159092480344272,0.672601612899782,-4.92169402849721
"Fcf1",0.620273993879969,5.58290894358752,1.53168302291091,0.159150185819955,0.672601612899782,-4.63346404666659
"Anp32b",0.561514806721113,7.91366823945013,1.53023921927708,0.15950257378819,0.67362630749416,-4.90894132119252
"Ifrd1",0.595163202286986,6.636317653906,1.52969178180132,0.159636366476409,0.673727034275094,-4.82392127014932
"Xiap",-0.472242712708143,6.55433637860582,-1.52842649078033,0.159945980505448,0.673830643943779,-4.83604793493935
"Cplx2",-0.843566574408307,7.46688649162313,-1.52804283216561,0.16003996564397,0.673830643943779,-4.90802967257323
"Timm50",0.525890501657815,5.90616131442597,1.5273501990111,0.160209763962322,0.673830643943779,-4.71573489083344
"Prpsap1",0.517423421011687,6.13460637174511,1.52679564357565,0.160345827266045,0.673830643943779,-4.76285374474168
"Bcl11b",-0.802343468067071,7.20865241893952,-1.5267526954987,0.160356369072642,0.673830643943779,-4.89692964648395
"Tmx3",-0.503989926695047,6.13212662942447,-1.52647728689092,0.160423983942741,0.673830643943779,-4.77746082406121
"Rprd1a",-0.459855681104492,6.23845401953566,-1.52645021583052,0.160430631448103,0.673830643943779,-4.79412703054683
"Tnpo2",-0.529768833093304,5.43066119354689,-1.52535938487608,0.160698695614008,0.67449425117989,-4.66293226358484
"Ankrd46",-0.72515359777728,6.4796853400206,-1.52457288617866,0.160892217334376,0.674844290092443,-4.82856493340136
"Rab28",-0.525569530926802,6.27975601261665,-1.52367179018036,0.161114188920736,0.674870039812263,-4.80227477526576
"Micu3",-0.510060486240694,6.90918025459405,-1.52339052389917,0.161183529971128,0.674870039812263,-4.8804617613386
"Ndufs1",-0.409170922349509,6.52464362638194,-1.52257658623701,0.161384339691303,0.674870039812263,-4.8402476270254
"C2cd5",-0.441147888372198,6.40459200157002,-1.52246589858012,0.161411664905219,0.674870039812263,-4.82327539395284
"Nf1",-0.501064923652701,6.24741223950707,-1.52221219524291,0.161474311470833,0.674870039812263,-4.80044799304498
"Dedd",0.668814814372876,4.94245406822761,1.52186883925684,0.161559129961585,0.674870039812263,-4.55546119416149
"Prmt1",0.894758347366035,7.34154576170218,1.52088136272799,0.161803283112924,0.675429508798366,-4.89048061610472
"Dnajc21",-0.501759994416069,5.84414518381092,-1.51993003677649,0.162038805566697,0.675882278945332,-4.73668249686894
"Id2",0.944524171050337,7.42285084857607,1.51864155503035,0.162358280293692,0.675882278945332,-4.9027457847444
"Map2k2",0.377898750013365,6.94884923054406,1.51786337999428,0.162551494850282,0.675882278945332,-4.88542059946015
"C1ql2",2.84390767156626,4.18695263047,1.51774256866761,0.162581509480281,0.675882278945332,-4.45169733702583
"Cdk2ap2",0.570764842695487,5.64302849408161,1.51756002050108,0.162626871406587,0.675882278945332,-4.67552310560058
"Hnrnpa3",0.504794541102546,9.03658965121719,1.51748411022158,0.162645737854752,0.675882278945332,-4.92760379115972
"Dctn4",-0.578457820336154,6.10916533180618,-1.51698440161532,0.162769981625034,0.675882278945332,-4.78629059265055
"Nop56",0.429991370204015,6.89545463372744,1.51664011789214,0.162855630351944,0.675882278945332,-4.880000564767
"Pole3",0.549768640637166,5.7200917387762,1.5164441732916,0.162904393929872,0.675882278945332,-4.68763231902486
"Cox14",-0.424554954862684,7.0802734897,-1.51599959311947,0.163015081660363,0.675883910970708,-4.9032171411521
"Nfrkb",0.613281471264722,5.2040710151137,1.51528425362321,0.163193319705398,0.676165424715807,-4.61708992524397
"B2m",1.04734183990369,7.45365434779469,1.5127977132085,0.163814215476979,0.676343157195676,-4.90422062836639
"Tmem131",0.545922520200176,5.74668565819985,1.51229732266881,0.163939415290836,0.676343157195676,-4.7126385543109
"Pogz",-0.532503840042482,6.15793162680267,-1.51223283180577,0.163955557298278,0.676343157195676,-4.79948953834696
"Zcchc17",-0.48132511631075,6.41441531513172,-1.51093824242963,0.164279887788148,0.676343157195676,-4.83790877143757
"Klhl23",-0.635220034323049,5.23250475861953,-1.5106692782606,0.164347341518849,0.676343157195676,-4.64201187121929
"Sptbn1",-0.458388629066984,8.24499812721339,-1.50944455142959,0.164654799771604,0.676343157195676,-4.94972571108748
"Pcsk2",-0.504821591472824,7.29068903990581,-1.50943671165462,0.164656769514871,0.676343157195676,-4.92409227164117
"Cdk5rap3",0.61676794985586,5.60088850113979,1.50941692126974,0.164661741940744,0.676343157195676,-4.672327808119
"Ap1s1",-0.539036907260253,6.7017540541508,-1.50935170550649,0.16467812863777,0.676343157195676,-4.87700648194299
"Wdr35",-0.759695957713031,5.15851067609289,-1.50913134046934,0.16473351013994,0.676343157195676,-4.62000977578833
"Uchl1",-0.369414695149816,8.90495030177762,-1.50882927968348,0.164809449786662,0.676343157195676,-4.94082030417656
"Cacna1b",-0.511069790955646,6.14270107730468,-1.50833159301505,0.164934637922324,0.676343157195676,-4.80154341690222
"Plxnb2",0.643558165409451,6.3053749248687,1.50784606993968,0.165056846970166,0.676343157195676,-4.79346798333888
"Aspscr1",0.608419881513221,5.53767136587979,1.50768712475551,0.165096871708321,0.676343157195676,-4.67438474275499
"Ppp4r1",0.888115504999291,4.45863181831611,1.50745076563838,0.165156406189228,0.676343157195676,-4.462083697434
"Cd14",-1.96089993491327,5.71482228255229,-1.50728626758128,0.165197851335585,0.676343157195676,-4.7214525120465
"Ctnnbip1",0.624095073544831,6.21192600570704,1.50679344478567,0.165322072338036,0.676343157195676,-4.77714550987905
"Igsf8",0.491510353488853,7.95101555961252,1.50622294177717,0.165465975931931,0.676343157195676,-4.94132077315846
"D430041D05Rik",-0.789903724694622,6.31119175465075,-1.50569351752523,0.165599616272047,0.676343157195676,-4.82339145087058
"Sgip1",-0.440479663111809,7.33082134618331,-1.50519160313647,0.165726399967193,0.676343157195676,-4.93119123027937
"Bet1",0.609310943857789,5.35796746817989,1.50518882304799,0.165727102455607,0.676343157195676,-4.64287826206676
"Amotl2",0.848698139474398,4.8629533978306,1.50514460296122,0.165738276587874,0.676343157195676,-4.51942531386974
"Rpl22l1",0.402629803926542,8.99498793974197,1.5049119390926,0.165797080157498,0.676343157195676,-4.94482743082695
"Nxt1",-0.618075450146643,5.78551602348959,-1.50389238795032,0.166054978120317,0.676343157195676,-4.74450268319499
"Mmd2",1.03589629969266,6.01188489615441,1.50384344746144,0.166067366594129,0.676343157195676,-4.77669461589181
"Fam159b",0.589908784289346,5.49330033810509,1.50369156687296,0.166105817816497,0.676343157195676,-4.64724531792459
"Ecd",0.553208396025258,5.40402767503623,1.50298224080425,0.16628549962995,0.676505507112625,-4.66057900334949
"Capns1",0.599566880969322,6.93603746311385,1.50266277001192,0.166366481595745,0.676505507112625,-4.89830535130322
"Tmem33",-0.559666878163483,6.40390813106847,-1.50184209823997,0.166574670659713,0.676902905704721,-4.84842507753265
"Opcml",-0.540727792330534,7.70391776116841,-1.50109397457061,0.166764654853663,0.677000250620071,-4.95206613874432
"Tspan7",-0.599603830667114,8.41079774652127,-1.50087783360464,0.166819578726551,0.677000250620071,-4.96003267276138
"Zrsr2",0.436015337875068,6.19430536173899,1.50042345721671,0.166935092692621,0.67702068035763,-4.80775011425066
"Pdcd4",-0.469143925936497,7.04787808089088,-1.49946488536992,0.167179016146762,0.6772488068313,-4.92150415761583
"Ube3a",-0.397749355276989,8.42594069963316,-1.49933388007225,0.167212376751919,0.6772488068313,-4.96146447950825
"Atp6ap2",-0.469599356938592,7.77257288912894,-1.49868489933451,0.167377726365103,0.677470744494949,-4.95667682672457
"Cept1",0.660231660519804,5.28648814815602,1.49746185867055,0.167689726872711,0.677882899482549,-4.63501739437672
"Eef1g",0.424150002393041,8.54715820780021,1.49741850586124,0.167700795629168,0.677882899482549,-4.9597639990296
"Hspa5",0.774259542187702,8.61783747375088,1.49632623883942,0.16797988265655,0.677912542354771,-4.95885813354205
"Foxp2",-2.49042274533815,4.66327124498721,-1.49616605812264,0.168020844927934,0.677912542354771,-4.54032984606219
"Ppp1ca",0.441778145117745,7.63283795094876,1.4960911446997,0.168040005195316,0.677912542354771,-4.94696025744762
"Grin1",-0.610135358449408,7.11896495957725,-1.49473914339816,0.168386129824104,0.678600732381038,-4.93167458444284
"Dnajb9",0.814579170002106,6.2788406071246,1.49455988612281,0.168432068203583,0.678600732381038,-4.81053162394219
"Cdk4",0.984512878432243,7.88714998143483,1.49336618920904,0.168738257876223,0.679068871712922,-4.9447799245847
"Cttn",-0.53658648534759,6.1706037238732,-1.4931393203763,0.168796506074842,0.679068871712922,-4.82402427674892
"Ogdh",0.526464833291289,6.52541743611053,1.49281149802938,0.168880705040877,0.679068871712922,-4.86723482128922
"Vamp8",1.03999843394995,5.19769602462468,1.49142103413679,0.169238245466846,0.679496521745048,-4.57055752058277
"Map3k2",-0.53923668256942,5.43110631858388,-1.49108586713935,0.169324528576506,0.679496521745048,-4.7033636303107
"Smarce1",0.769370814543,7.096404778616,1.49008825587707,0.16958157483773,0.679496521745048,-4.91328462077914
"Snrnp27",-0.394291567273474,6.99012022692211,-1.48997351245984,0.169611161724907,0.679496521745048,-4.9289105798175
"Sh3glb1",0.432838401184209,7.1874350813185,1.48995684577212,0.16961545964937,0.679496521745048,-4.934121425487
"Ssb",0.383637261425258,7.90283266948036,1.48981375687736,0.169652362641959,0.679496521745048,-4.96203184702
"Gpr34",1.24405991404163,5.73831002528568,1.48934220162631,0.169774027706693,0.679539674583029,-4.62736781735873
"Klhl9",-0.476048287048291,6.87064938034896,-1.48866369007014,0.169949223184995,0.6795458112842,-4.91878291612566
"Cand1",-0.468623674426584,6.25245293587522,-1.488172887324,0.17007604981059,0.6795458112842,-4.84198212243135
"Marcks",0.456549073830527,10.1513967859386,1.48800497848082,0.170119457561466,0.6795458112842,-4.90879124941601
"Cxcl12",0.829692200965499,6.23258735439977,1.4872795002837,0.170307119457401,0.6795458112842,-4.83009622294458
"Map9",-0.618173960398368,6.0477410076576,-1.48719101519821,0.170330020582985,0.6795458112842,-4.80886934461347
"Prc1",-0.84999542237851,6.97276246544616,-1.48662959262847,0.170475387057958,0.679646462639012,-4.92402192445202
"Mfap1a",0.682988623840498,5.35270736454035,1.48623714595132,0.170577065851632,0.679646462639012,-4.63563440970221
"Pard6g",0.554919429288643,5.33714566877127,1.48513789016131,0.170862153889682,0.680340012369053,-4.65286437740791
"Lars2",-0.82811544688603,7.2903136313678,-1.48264569394909,0.171510039696379,0.68216603445015,-4.95122672194693
"Sssca1",0.42151066750893,6.21065707499456,1.48231335150143,0.171596599460041,0.68216603445015,-4.82828152399578
"Tfrc",0.886168696820612,4.63984277417761,1.48182531186546,0.171723780310139,0.68216603445015,-4.50335626294294
"Mak16",1.09367054763635,4.62233593034782,1.4816632796484,0.171766023361061,0.68216603445015,-4.49259266425121
"Dhdds",-0.639491873559888,5.19460062527473,-1.48075932697149,0.172001857491585,0.68266022196142,-4.6682069569302
"Pcgf3",-0.634570267039766,5.41896741864127,-1.480198965633,0.172148193357092,0.68272633474242,-4.70653135859969
"Arhgap11a",-0.943834884502772,4.53880367752336,-1.47882160798435,0.172508346464366,0.68272633474242,-4.53215647605507
"Meg3",-0.625164837888926,12.2726658983194,-1.47861382850618,0.172562733974913,0.68272633474242,-4.84449268197544
"Psma7",0.428573149955868,8.17375719964328,1.47837104460353,0.172626303071799,0.68272633474242,-4.97986654098296
"Man2a2",-0.631250079469897,6.25488796907553,-1.47836773051562,0.172627170954381,0.68272633474242,-4.8536362493683
"Rabep1",-0.504494010477395,6.46024475965587,-1.47813937595264,0.172686980882955,0.68272633474242,-4.88430744756954
"Epha4",-0.931046222038636,7.69987086620817,-1.47687842488257,0.173017571246534,0.683592312442787,-4.97959498274216
"Pex5",0.574746590644142,5.14714416372794,1.47641696798128,0.173138691920556,0.68363009284096,-4.64462300298949
"Rraga",-0.362760356581203,6.80553638350775,-1.47530644827903,0.173430478441246,0.683985282233701,-4.93096916546856
"Cryzl1",-0.447396906616093,6.20280961490132,-1.47522505466445,0.173451881297515,0.683985282233701,-4.85014158811378
"Arl6ip5",-0.534977739916951,6.7673228231139,-1.47430477257467,0.173694034451554,0.684231737021912,-4.92790341982985
"Zc3h13",0.405159204240159,6.95842996455703,1.47413897109786,0.17373769301666,0.684231737021912,-4.9393783503835
"Cltb",0.427224295002122,6.65667057869443,1.4728929495037,0.174066099734049,0.684685242674425,-4.90967795264188
"Usp40",-0.688717065552046,5.41319454828609,-1.47206722916214,0.174284028246446,0.684685242674425,-4.71204445041373
"Abhd11",0.598870880821012,5.15419141603394,1.47201023690201,0.174299078721619,0.684685242674425,-4.65232685262958
"Tmem132a",0.609136286754975,6.50809684136315,1.47200762672001,0.17429976804375,0.684685242674425,-4.89015092519624
"Pura",-0.438999254615295,9.04362231346119,-1.47123629442995,0.174503573112802,0.685046698292922,-4.98251159847338
"Wnk1",0.380686313190671,7.42797048421068,1.47058109003822,0.174676857489386,0.685287953069757,-4.97256417725567
"Rpf1",0.584769163903552,5.10239543483304,1.46996297309751,0.174840470693409,0.685490981707748,-4.63667066833208
"Il10ra",1.22824006264417,4.74122384350395,1.46862569625698,0.175194899922229,0.685883987645803,-4.50343522442846
"Clpx",-0.563930004801422,5.38221716761349,-1.46841734069813,0.175250178405782,0.685883987645803,-4.71684638054068
"Ezh2",0.435154685958289,7.28806955234314,1.46767255705489,0.175447900041453,0.685883987645803,-4.96786405780261
"B230219D22Rik",-0.482197110280009,7.22085644898327,-1.46762998655455,0.175459207325481,0.685883987645803,-4.97085765192532
"AI593442",-0.566119320218346,6.30101029938015,-1.46733762966631,0.175536878306309,0.685883987645803,-4.87392497218856
"Eif2a",0.453852848886061,6.28441343638003,1.46705396842413,0.175612267724586,0.685883987645803,-4.85330817580324
"Fastk",-0.554930816831371,5.40068824283775,-1.46662423345183,0.175726533279687,0.685893118431797,-4.72502162132257
"Tfe3",0.558530221378166,5.48497761523286,1.46450443923879,0.176291129663786,0.687514681964781,-4.70492114824849
"Secisbp2",0.687474837190337,5.03389161412712,1.46422241519096,0.176366364237702,0.687514681964781,-4.60149695013651
"Gtf2b",0.58550294759216,6.27567812417927,1.46297385609703,0.176699773829816,0.688262017334292,-4.84755699601392
"Unc93b1",1.15743553410515,5.77918924501713,1.46266361275863,0.176782704844023,0.688262017334292,-4.70368245390693
"Zfyve9",-0.473503619908955,5.84519928230886,-1.46154716166927,0.177081423194266,0.68856923988422,-4.80653254823799
"Rab12",0.443417488409681,6.38575126202778,1.46152878035165,0.177086344983278,0.68856923988422,-4.88353599080211
"Pcgf2",0.581469197671804,5.38732696070552,1.46069269425921,0.17731034157202,0.68900302673008,-4.68733917102752
"Aplp1",-0.512916345593402,8.96601368773712,-1.45997056668986,0.177504005725158,0.689290541515879,-4.99840499992074
"Rabggtb",0.456693507518998,5.96285239117332,1.45929125103929,0.177686356225519,0.689290541515879,-4.81382632955733
"Arfrp1",0.721140185880016,5.35298671301612,1.45905305625064,0.177750334041925,0.689290541515879,-4.67915879096605
"Hdhd2",0.498728098503785,5.5952340536436,1.45874070533061,0.177834260139785,0.689290541515879,-4.74692955478628
"Haus4",0.971531655530834,4.64484319714044,1.45715869576784,0.178259862235805,0.690503436018338,-4.53024546650872
"Src",-0.487955170122662,5.38116423725403,-1.4565128377063,0.178433869311121,0.690740840896115,-4.73091445719289
"Ybx3",0.494900983898054,6.15910733354731,1.45484408200974,0.178884148896646,0.691948437850533,-4.84714936998409
"Pbx1",0.57336505485273,9.19385688991678,1.45452022093435,0.178971650455792,0.691948437850533,-4.99884712744857
"Arl8b",-0.547586237897026,6.98751743225788,-1.45393715545188,0.179129278189833,0.692121195931462,-4.97133927189277
"St7",0.506480792107887,5.68575777448135,1.45304304320088,0.179371229451353,0.69261934094385,-4.77114415379257
"Rpl36al",0.396453993115098,8.42933578187412,1.45214310609997,0.179615043410336,0.693124046611171,-5.01542226101148
"Hsd17b4",0.59622141985295,5.69450744688757,1.45089557082825,0.179953505587011,0.693459046036248,-4.75809301894473
"Itfg2",0.508890867491174,5.80066742228574,1.45085028313081,0.179965802756138,0.693459046036248,-4.77833130925183
"Clip1",-0.447331525804266,6.39422350818022,-1.44967045416116,0.18028642398208,0.693459046036248,-4.90974942298594
"Dnajc7",0.366019274688504,7.20193355272449,1.44945022829768,0.18034632571788,0.693459046036248,-4.98713244886753
"Unc13a",-0.431740898870982,6.19613769810331,-1.44878523713226,0.180527309011773,0.693459046036248,-4.88054719986432
"Med31",0.585687048650004,5.97753121147829,1.44877334920286,0.180530545850868,0.693459046036248,-4.80676941410645
"Hax1",-0.505682313152441,5.52886104896064,-1.4484965465157,0.180605927771921,0.693459046036248,-4.76251310061417
"Pcmt1",-0.370531384865125,7.34087559948533,-1.44849204597095,0.180607153634767,0.693459046036248,-5.00143482020022
"Prkab2",-0.61248030592466,5.15663078834055,-1.44369761142967,0.181917170795057,0.698051610915537,-4.7008643252157
"Lhx5",1.18311319330825,4.80046551684648,1.44298792026585,0.182111782645344,0.698361078880266,-4.63312490491073
"Mtcl1",-0.609514447540845,5.44007381087875,-1.44229897888509,0.182300876951924,0.698510565615354,-4.76018816853392
"Ndufa4",-0.348383824731814,9.46600727331177,-1.4419404849247,0.18239934032889,0.698510565615354,-4.99946703913057
"Mapre1",0.375022366037926,7.72235244822599,1.44151677541999,0.182515775080719,0.698510565615354,-5.01719536342914
"Chd5",-0.758011734689603,6.42305187889739,-1.44088879317178,0.182688462055663,0.698510565615354,-4.92187045923397
"Hmg20a",-0.64509289099886,5.16485207373448,-1.44077162334716,0.182720697891876,0.698510565615354,-4.70398523304197
"Ube2q2",-0.535058339610871,5.27530788573615,-1.44000669187139,0.182931267352185,0.698879555071192,-4.72902790582682
"Ly6h",-0.481121737544871,8.94325526759923,-1.43929099300156,0.183128474280071,0.69892919787337,-5.02434015420567
"Ndrg3",-0.486389186204855,7.39344656200869,-1.43913177343658,0.183172371374777,0.69892919787337,-5.01511295509874
"Tsga10",0.672901151765598,5.04213920651069,1.43718114750886,0.18371090162444,0.700070161964233,-4.66658004232358
"Ash2l",-0.55418616342551,5.67846809982833,-1.4371325978845,0.183724322691353,0.700070161964233,-4.80668371906955
"Stmn3",-0.42773061810925,9.12911256979349,-1.43654272761266,0.183887454293779,0.700070161964233,-5.02102203646166
"Nova2",-0.43555671109241,6.38440305982943,-1.43614380896539,0.183997848253144,0.700070161964233,-4.92223503664113
"Gpm6a",-0.498965359959384,9.73354126627313,-1.43598216629426,0.184042596430219,0.700070161964233,-4.99234093782344
"Bub3",-0.385337807248551,7.45015608345463,-1.43507389144394,0.184294212766513,0.700401401915311,-5.02263502003097
"Ehd3",-0.7601388346295,5.12057733333966,-1.43484284152789,0.18435826718169,0.700401401915311,-4.68939076621685
"Fem1c",0.541035948142733,5.48371255674844,1.43411240969364,0.184560892822035,0.700561627848217,-4.7489180126191
"Arl6ip4",0.518331539899252,6.00941303057598,1.43352809095966,0.184723124476478,0.700561627848217,-4.84512174857532
"Sf1",-0.372781287298437,6.80571295060633,-1.43345507386724,0.184743405777206,0.700561627848217,-4.98073778804617
"D3Ertd254e",0.698920183231956,4.98625902718172,1.43226665180147,0.185073773711033,0.701380386704521,-4.67377344143036
"Psat1",0.621322635130697,5.93736457940097,1.4312551908857,0.185355350388417,0.70201334189136,-4.82999298321706
"Utp3",0.639037009605031,6.04344177910172,1.43079943711425,0.185482346796667,0.702060420735007,-4.82342869459354
"Rell1",-0.586140131312599,5.21980137468043,-1.42935192387457,0.185886196791045,0.702504760550325,-4.7301253743719
"Lancl1",-0.607398755904654,6.19381827807492,-1.4292999916986,0.185900699742432,0.702504760550325,-4.89781475902448
"Smek2",0.421402430460848,6.13652391653073,1.42893275767693,0.186003284026445,0.702504760550325,-4.87550911216344
"Mkks",-0.422495054561853,5.83944663535878,-1.42873590305131,0.186058294120949,0.702504760550325,-4.84507278592035
"Cnr1",0.897625341504851,5.76301985803717,1.42756404937006,0.186386053798562,0.702668036561908,-4.82307200472163
"Zfp157",0.407836133761063,6.32340051153305,1.4257719807438,0.186888247032936,0.702668036561908,-4.91640628489743
"Ssbp2",-0.537776053450354,7.1014760458186,-1.42525139589893,0.187034349678864,0.702668036561908,-5.01506348448892
"Arl2",0.493982585864029,6.00141613141377,1.42516230199045,0.187059363841721,0.702668036561908,-4.84572414330644
"Smad2",0.580146539117285,5.3166233513412,1.42512704202084,0.187069264289865,0.702668036561908,-4.70568650990987
"Thrap3",-0.344734348437013,7.31495584491258,-1.4244018809455,0.187272978423936,0.702668036561908,-5.02909548340656
"Camk2n2",-0.441707826990232,6.87093728261953,-1.42372752889031,0.187462590790064,0.702668036561908,-4.99834826775833
"Ubr4",-0.705965018624916,5.84510198208815,-1.42310408606116,0.18763803587466,0.702668036561908,-4.85214308476073
"Elmo1",0.623741258311851,6.10181029836685,1.42286906193851,0.187704211510438,0.702668036561908,-4.856631325851
"Ten1",0.587148064359262,5.68693335708929,1.42286164622683,0.187706299876386,0.702668036561908,-4.78927715554134
"Cdkn1a",1.47051995388497,6.00332093776085,1.42234293069126,0.187852426978269,0.702668036561908,-4.79540496832382
"Eif4g2",0.391417566496986,8.99389674802769,1.42223051080007,0.187884109655871,0.702668036561908,-5.04560075023159
"Phf10",-0.940517306818626,5.29336323941323,-1.42153541549775,0.18808010681348,0.702668036561908,-4.75366648426748
"Mrps24",0.473682383130792,6.86075671790951,1.42134382840816,0.188134159902891,0.702668036561908,-4.98885322092761
"Lair1",1.50154650740179,5.35784633281306,1.42103060210745,0.18822256029069,0.702668036561908,-4.62043572213469
"Plxna4",-0.458406574919269,7.14914983324016,-1.42062525700277,0.188337012059414,0.702668036561908,-5.02393395115889
"Pa2g4",0.498145754600637,6.8677418625222,1.41983234602693,0.188561068877612,0.702668036561908,-4.98945767830673
"Snrpa1",0.440776023035812,6.46966064449294,1.41959021398673,0.18862953508554,0.702668036561908,-4.94151936431648
"1110004F10Rik",0.393443433898756,7.82788697917093,1.41955995510245,0.188638092711624,0.702668036561908,-5.04563927719786
"Dpysl2",-0.334965917753079,9.05203390065395,-1.41914662339682,0.188755022052407,0.702668036561908,-5.04557292595774
"Zmat2",-0.338860896729696,7.56068108779169,-1.41861375145132,0.188905860797606,0.702668036561908,-5.04649546850455
"Eif4a2",-0.38242510935338,9.06823793404912,-1.41681202539326,0.18941663992529,0.702668036561908,-5.04778098137211
"Hars",-0.507387281940954,5.97857280621684,-1.41612942649297,0.189610463126912,0.702668036561908,-4.88403950693884
"Ube2e3",0.410111815481536,7.75806638082487,1.41600473459477,0.189645887685007,0.702668036561908,-5.04831768638097
"Eif3b",0.472307760818026,5.75718021913541,1.41594684591751,0.18966233560354,0.702668036561908,-4.8124284907981
"Sat1",1.0125745767067,6.60348591556899,1.4158839072133,0.189680219779874,0.702668036561908,-4.92344509958703
"Lrrc7",-0.708895346951888,6.74336230171508,-1.41576819826631,0.189713102527423,0.702668036561908,-4.99509696673649
"Ran",0.438064997491879,8.99952489371436,1.41507662065865,0.189909740802816,0.702668036561908,-5.0538200809005
"Ccny",-0.492222125047581,5.62569652596332,-1.41478280537283,0.189993335220641,0.702668036561908,-4.82207297297718
"Prdm2",0.545568978675051,5.49828419715775,1.41441980662649,0.190096656980402,0.702668036561908,-4.77239290591321
"Calm1",-0.402372551656915,10.7669526453885,-1.41418136721132,0.190164551227176,0.702668036561908,-4.96743588943105
"Lrrcc1",-0.465960490914086,5.57732344285367,-1.41401784082162,0.190211126479469,0.702668036561908,-4.81170361771047
"Lamtor3",-0.42206069424569,6.27965302013273,-1.41396960762591,0.190224866033471,0.702668036561908,-4.93428483457076
"Stx8",0.488085124167799,5.6261719783757,1.41378506753257,0.190277441415887,0.702668036561908,-4.78276347536496
"Toe1",0.672764308430626,4.88146398693775,1.41365858072043,0.190313484665418,0.702668036561908,-4.66252956439979
"Spock2",-0.471281020366475,7.82624303777615,-1.41348563366574,0.190362776570231,0.702668036561908,-5.06162286547869
"Sox11",1.26040003830379,10.1545222176825,1.41345834228806,0.190370555930511,0.702668036561908,-4.99945576672133
"Mafb",1.43387729352766,6.5247787241074,1.41257019412721,0.190623870299193,0.702668036561908,-4.8437449582199
"Fndc4",-0.648136970557033,5.55619715868275,-1.41199689255571,0.190787539155734,0.702668036561908,-4.81580858951464
"Asap1",-0.473099026951116,6.88040915948237,-1.41156613454352,0.190910593475656,0.702668036561908,-5.01413119967274
"Exoc7",0.495070586701201,5.66832629093515,1.41136176693157,0.190968998878284,0.702668036561908,-4.8037443953521
"Pnmal1",-0.645447670274937,6.16940734947713,-1.41102624215367,0.191064920470002,0.702668036561908,-4.91846961949965
"Dnajc14",0.633793321202488,4.90034483421423,1.41093014647336,0.191092400437098,0.702668036561908,-4.66155866636216
"Pdcl3",0.52424447009342,6.48282428722765,1.41073993457304,0.19114680433236,0.702668036561908,-4.94377343831019
"Tyrobp",1.26934649112261,7.32673297156633,1.40955295048812,0.191486603119152,0.703088482170051,-5.00513102048699
"1110012L19Rik",-0.579832151442639,5.22193195091701,-1.40953883991642,0.191490645682411,0.703088482170051,-4.75218400950037
"Enho",0.469839281441005,6.16563866437142,1.4089118911149,0.191670335400697,0.703326835530222,-4.90157679182335
"Khdrbs2",-0.700370462231541,5.44047425663828,-1.40807640547598,0.191910018954255,0.703535259370337,-4.7969330982182
"Rcc2",0.579891858366494,6.71142507635285,1.40791362132816,0.191956748313839,0.703535259370337,-4.98181377375023
"Trappc4",0.442520347235592,7.0003019517599,1.40676489227977,0.192286784166634,0.704133368203642,-5.02037123174224
"Ncapg",0.733405173733711,4.9894075546197,1.4060349030876,0.192496766958506,0.704133368203642,-4.68764377443052
"Agpat4",-0.451827631155726,5.95502159859366,-1.4057937082338,0.192566190373627,0.704133368203642,-4.89174045273342
"Arhgef40",1.21966252375796,5.21608442323902,1.40574727780084,0.192579556969534,0.704133368203642,-4.68810102687387
"Impad1",-0.350919317425799,7.06661224337107,-1.4048565702203,0.192836131980417,0.704334387315695,-5.03709407108369
"Erlec1",0.617631004590429,5.02410894532546,1.40475846594625,0.19286440958155,0.704334387315695,-4.69244007150496
"Tmem259",-0.44395426704886,6.46824317064386,-1.4040709391034,0.19306268236527,0.704638545285513,-4.97317355975102
"Yif1a",0.911799657239344,5.03701505652986,1.40288328831179,0.193405595648028,0.705183075738918,-4.62927663929026
"Elof1",0.397880072205212,6.63557472504448,1.40275721261502,0.193442028446005,0.705183075738918,-4.98703957910072
"Ctsa",0.88511207515637,6.20113816974591,1.40200571832016,0.193659314086216,0.705555455838483,-4.90478497605397
"Fbxl14",0.753315548048348,5.43979447257711,1.40148832957157,0.193809032523264,0.70568137332297,-4.73148307163675
"Cfap20",0.485746128632924,6.52325514468919,1.39931139886135,0.194440065630703,0.706366523782011,-4.97919077303137
"Hectd1",-0.364746921078018,6.84111273385285,-1.3991230786668,0.194494737209064,0.706366523782011,-5.02535783472752
"Ptpn12",0.64149806902848,4.94169495418437,1.39889151204485,0.194561981794591,0.706366523782011,-4.69234218468921
"Bzw2",0.703013531481942,6.5959576902648,1.39886437010031,0.19456986484277,0.706366523782011,-4.965571821802
"Mgat5",-0.503790164963868,5.80287612126785,-1.39825243799568,0.194747665747742,0.706366523782011,-4.87303278586677
"Pdcd2",0.552889939615736,5.0359628687989,1.39769970483234,0.19490838565046,0.706366523782011,-4.70410833686219
"Swt1",0.411120375364683,5.96907053856858,1.39766287732076,0.194919098134475,0.706366523782011,-4.88603379429851
"Clk4",0.429710149429674,6.32166439682004,1.39766200310783,0.194919352433972,0.706366523782011,-4.94564086320929
"Alas1",0.617283410913723,5.46740430336977,1.39691031041746,0.195138117270488,0.706623475863074,-4.75554556891136
"Rnaset2b",1.5194080777617,5.10535437729413,1.39662612401907,0.195220878693894,0.706623475863074,-4.58019229857167
"Ddx21",0.534277533025506,5.64220309383412,1.39481147899895,0.195750052906291,0.708120616416618,-4.80609223870865
"Nin",-0.641867346032128,4.98226081183748,-1.3926473429753,0.196382748193717,0.709990254236636,-4.72119275565364
"Yod1",-0.569695468429436,5.32328909141225,-1.3918380907981,0.196619785925536,0.710016255142508,-4.78853471660501
"A830018L16Rik",-1.29405710669253,4.58975097355683,-1.39183166675989,0.196621668566716,0.710016255142508,-4.59533862297638
"Casp8ap2",0.464722492758304,5.86243431818194,1.38875051062919,0.197526416951808,0.710292278896829,-4.8802426661031
"Cd2bp2",-0.57728763840875,5.24335809998206,-1.38853648655411,0.19758939480198,0.710292278896829,-4.77697254272256
"Spg21",0.506687778317745,5.81150439176862,1.38848374902073,0.197604915768271,0.710292278896829,-4.85188049015294
"Faap20",0.930432538515058,4.94067952242387,1.38775682773581,0.197818959163752,0.710292278896829,-4.6555619932788
"Baiap2",-0.658903820346029,7.11500618533342,-1.38766155761155,0.197847026317607,0.710292278896829,-5.05909232983431
"Neurod6",-0.802709677664732,6.54333706987534,-1.38765643190144,0.197848536479213,0.710292278896829,-4.99752322063936
"Zmynd11",-0.346672345877073,7.161531399367,-1.38652907496368,0.198180923244999,0.710292278896829,-5.06504784444539
"Psmd10",0.555318058552436,5.27741248712411,1.38564325156088,0.198442431500482,0.710292278896829,-4.74421072003514
"Sfr1",0.448042313476037,7.86392001434517,1.38533829097795,0.19853252857404,0.710292278896829,-5.08573949964128
"Cuedc1",0.48841996008977,5.32355898860198,1.3846773129434,0.198727926794483,0.710292278896829,-4.77300749415707
"Klhdc3",-0.493795123156215,6.01234085046696,-1.38433262617702,0.198829888167453,0.710292278896829,-4.92553709526505
"Dnajc2",0.574184106529011,5.69069356013653,1.38398295251626,0.198933370341076,0.710292278896829,-4.84352526888133
"Birc2",0.382791543541092,6.35037592343349,1.38379205025444,0.19898988522038,0.710292278896829,-4.97103633223177
"Aqr",0.615445193937448,5.18736284112409,1.383308344394,0.199133143303953,0.710292278896829,-4.7358525825011
"Nras",0.492638230583769,6.21861447660876,1.38325832756712,0.19914796169656,0.710292278896829,-4.93453571886474
"Alcam",-0.928698528201121,5.88228836528442,-1.38321026136247,0.199162203068762,0.710292278896829,-4.84930753228724
"Mafg",0.433882978394515,6.6898348272259,1.38306510259457,0.199205216942556,0.710292278896829,-5.01482643575443
"Azin2",0.772968308337962,4.60117368537812,1.38235401007465,0.199416044541851,0.710292278896829,-4.64513544657376
"Srsf5",0.354990756073069,8.49583125976895,1.38221006002536,0.199458746603405,0.710292278896829,-5.09941067426819
"Nmd3",0.519102169696068,5.29869948784771,1.38140263810678,0.199698408916223,0.710292278896829,-4.77145662065607
"Tex2",-0.655401171322612,5.23675362805174,-1.38138818373672,0.199702701559609,0.710292278896829,-4.7847131436276
"Prkcg",-1.42393975765874,6.10764902411413,-1.38113371503642,0.199778286295118,0.710292278896829,-4.94040485201974
"Rpl38",0.488825709447414,10.6192141355841,1.38104628504448,0.199804261222591,0.710292278896829,-5.01297659639688
"Cenpb",0.524710308185664,6.62576516226787,1.38103399852253,0.199807911705609,0.710292278896829,-5.00866987343737
"Pum2",-0.41272298916062,7.74439562407193,-1.38086184908284,0.199859065492123,0.710292278896829,-5.09731732246017
"Taf6l",1.27842266669906,4.74934762385505,1.38060454171901,0.199935544574689,0.710292278896829,-4.57600063794866
"Gcc2",-0.504640520111649,6.07779007937506,-1.38058512264464,0.199941317490007,0.710292278896829,-4.93905627735871
"Snhg11",-0.481975831190371,11.0106598309922,-1.38018925343634,0.200059032744691,0.710292278896829,-4.99740444121742
"Map2k1",-0.75944446202192,6.958808024482,-1.38016337683279,0.20006672944221,0.710292278896829,-5.05461185509048
"Trpc1",-0.535558432540172,5.76750479613486,-1.37960378250179,0.2002332361163,0.710292278896829,-4.88878984964022
"Snx17",0.37303541635271,6.52783811485952,1.37940875077079,0.200291295354719,0.710292278896829,-5.0035939983747
"Nucks1",-0.372343950973734,8.51213831483717,-1.37901132007765,0.200409651421884,0.710300950788494,-5.10596886254206
"Fam104a",0.443190505773926,6.88665732583936,1.376399431614,0.201188964115144,0.712026944185296,-5.04512917839449
"Rap1gap",-0.767550691521333,5.43719182247091,-1.37591794942539,0.201332906141829,0.712026944185296,-4.82923411269391
"Psmc2",0.392284206202902,6.99652753848111,1.37570156373966,0.201397624526999,0.712026944185296,-5.05873376266388
"Ip6k1",-0.545586122458481,6.75919397589096,-1.37550350858831,0.201456876000069,0.712026944185296,-5.04123854037249
"Herc1",-0.438960198359396,7.55412900270001,-1.37543425416353,0.201477598109873,0.712026944185296,-5.09782422220128
"Wdfy1",0.696403112227951,5.24544391576466,1.37447867692741,0.201763708582938,0.712464372118239,-4.78533970703939
"Tmem184c",0.434038368554793,5.70391350307355,1.37370373297372,0.201995989444848,0.712464372118239,-4.85700886050764
"Aurkb",-0.461089508230819,6.1487105596265,-1.37357750757659,0.202033845664431,0.712464372118239,-4.95896062158841
"Rpl27",0.44506786891986,9.22838311123528,1.37346215170274,0.202068447291013,0.712464372118239,-5.09411359027661
"Prkcb",-0.87528276529557,7.14137643712451,-1.37308139531786,0.202182693066844,0.712464372118239,-5.07753828079391
"Pgbd5",-0.898420626288137,5.83911555653315,-1.37249030926273,0.202360157096336,0.712679909589856,-4.90642385738664
"Ift74",0.591578470160218,5.54642818974909,1.37169744844057,0.202598408914088,0.713109161301283,-4.84433654336946
"B4galt6",-0.73303092790939,6.73511340259839,-1.37126286828246,0.202729099933988,0.713159543280988,-5.03897242980566
"Akap6",-0.455793037792779,6.59882511652016,-1.36977362505666,0.203177503323066,0.714326873415803,-5.03033848313137
"Smim10l1",-0.460578871276747,6.95099651373368,-1.36861460726864,0.203527061033748,0.71458509377618,-5.06978369744472
"Tex264",0.563703172865736,5.71934667888376,1.3685674199681,0.203541303467438,0.71458509377618,-4.86674146250693
"Tipin",0.4256735367591,6.33259802015384,1.36801572390038,0.2037078834957,0.71458509377618,-4.97707079652288
"Irf2bpl",0.547263932500728,7.70706032351729,1.36798425473015,0.203717388842524,0.71458509377618,-5.10073743944402
"Zer1",-0.582834802107944,6.47635174687712,-1.36735138976891,0.203908627446653,0.714585305684743,-5.01374523248732
"Scamp3",0.538963978354018,5.68667923026096,1.36721232951334,0.203950669001732,0.714585305684743,-4.85651438869388
"Kcna4",-0.709924023789742,4.79881831620371,-1.36379601654814,0.204985825567018,0.715534468724403,-4.70710818690266
"Cxcr4",0.899063870470704,5.91730560065911,1.36360603958177,0.205043520097255,0.715534468724403,-4.92068473379772
"Mta2",0.508930208847779,5.62625586915824,1.3633287380552,0.205127759171636,0.715534468724403,-4.84674554942166
"Ndrg2",0.853405682736051,6.55608850142165,1.36297160921963,0.205236291597109,0.715534468724403,-4.97874254973
"Tomm34",-0.593833571592151,5.97560607856893,-1.36286991983762,0.205267204193564,0.715534468724403,-4.94356671676192
"Naa10",0.545157618532011,5.78336359599648,1.36211190700698,0.205497757396862,0.715534468724403,-4.88208350880015
"Aimp1",0.533657964756664,7.068079109835,1.36184640294924,0.205578563680976,0.715534468724403,-5.07656274208624
"Ccni",0.565215045353218,7.4667641552766,1.36173017388803,0.205613946536731,0.715534468724403,-5.09770935228498
"Rngtt",0.590435917725136,5.31436422344321,1.36098243030721,0.205841700848587,0.715534468724403,-4.7895605388564
"Flrt3",0.519135106236222,6.73602771554876,1.36063792568633,0.205946705111242,0.715534468724403,-5.05187052477278
"Mdm2",0.401357382999606,6.33830593089372,1.36057056376395,0.205967242190896,0.715534468724403,-4.99585459076173
"Tarbp2",0.530468946154129,5.35641997630597,1.35963180720125,0.206253628065183,0.715534468724403,-4.79659471940883
"Borcs8",-0.598335923786671,5.24040204966119,-1.35945685779512,0.206307037096662,0.715534468724403,-4.80740426879769
"Maz",0.425892393185907,7.01554559386067,1.35872768979929,0.206529765842984,0.715534468724403,-5.07829696283386
"Pfdn5",0.353252477426867,8.92904742587986,1.35839756039774,0.206630672898691,0.715534468724403,-5.12291204980595
"Btg1",0.72899112635098,9.40898688260382,1.3581350109206,0.206710953378915,0.715534468724403,-5.10249085290073
"Rapgef2",-0.584929387461874,6.2691138365792,-1.35785071325243,0.206797913686862,0.715534468724403,-4.99631813814294
"Tgs1",0.40198931362214,6.1711536757641,1.35743683129023,0.206924566381798,0.715534468724403,-4.96290861560004
"Bmyc",-0.335754584455755,7.14455475013326,-1.35713871973319,0.207015832722711,0.715534468724403,-5.09831194768005
"Gria2",-0.559860057503902,10.0444147777608,-1.35649522159075,0.207212954905039,0.715534468724403,-5.06850783076186
"Flot1",0.575944210541091,5.97106401221512,1.35628119149224,0.207278553792059,0.715534468724403,-4.93934598068799
"Kctd10",0.591265505958056,4.87612483230829,1.3559811195844,0.207370553591023,0.715534468724403,-4.71062929332795
"Pycr2",0.530399080618764,5.50540827086219,1.35593461758789,0.207384813851235,0.715534468724403,-4.84260944685822
"Chtf8",-0.562984547538362,5.50571858821602,-1.35543382023302,0.207538440587097,0.715534468724403,-4.86403500445067
"Reep3",0.42719822717919,5.97091113323616,1.35488365101412,0.207707323993524,0.715534468724403,-4.92720166535733
"Ctps",0.533022426703939,5.59186028215272,1.3544048167575,0.207854404721422,0.715534468724403,-4.83622141793512
"Dad1",0.389798343682042,7.71582229297199,1.35372235600512,0.20806418468445,0.715534468724403,-5.12049641318283
"Mrpl9",0.569682212785985,5.46886232546941,1.35319714186266,0.208225751070184,0.715534468724403,-4.82835922357393
"Slf1",0.45802788619133,6.26234062946561,1.35296339490458,0.208297690471157,0.715534468724403,-4.99346441060603
"Pnp",1.13737097923452,5.5900905596928,1.35228398492486,0.208506909357684,0.715534468724403,-4.78856228340857
"Itgam",1.98000139300477,4.64134170196208,1.35225652970566,0.208515367712352,0.715534468724403,-4.56664032744612
"Ina",-0.463083683751868,7.37863760659314,-1.35147352294542,0.208756717331836,0.715534468724403,-5.11799798259
"Ptpn1",0.528741409311473,6.2025229153014,1.35136250714923,0.208790955351606,0.715534468724403,-4.96412192962465
"Pde2a",-0.613918494441669,6.58886250214165,-1.3510179756897,0.208897241440265,0.715534468724403,-5.05118015448193
"Mgea5",-0.357269810090023,7.12660886227283,-1.35078382687235,0.208969501214093,0.715534468724403,-5.10431867101577
"Map7d2",-0.605038411725293,6.16502776884986,-1.35065380413854,0.209009636168006,0.715534468724403,-4.98706076617832
"Scd2",-0.437171479203226,8.1818338607986,-1.35020767057374,0.20914739667885,0.715534468724403,-5.14101429524307
"Ptprg",-0.570996169924197,6.21404441466021,-1.34912861589163,0.209480913037492,0.715534468724403,-4.99520541709399
"2810004N23Rik",0.865479134704299,4.82408686844843,1.34878116635825,0.20958839913842,0.715534468724403,-4.65727820389892
"Bcr",-0.40333227305425,5.82601790064328,-1.34865345881486,0.209627918140605,0.715534468724403,-4.9322592044526
"Morf4l2",-0.332208578406872,8.19884351726631,-1.34784200377376,0.209879169554863,0.715534468724403,-5.14337884761848
"Cnpy2",0.390479403970302,7.02949945083681,1.34751894088411,0.209979270602478,0.715534468724403,-5.09617858291895
"Plekhm3",-0.526999961505682,5.31744201488634,-1.34731514090222,0.210042438796965,0.715534468724403,-4.83896911116087
"Dlg4",-0.530559399549374,6.25151726153028,-1.34669606725456,0.210234420393509,0.715534468724403,-5.00607760823763
"Telo2",0.479942798871094,5.6583198106046,1.3464065728554,0.210324246703675,0.715534468724403,-4.86944292903659
"Bad",0.585046138419462,5.29203674189589,1.34622049123576,0.21038200251323,0.715534468724403,-4.77905813233054
"Anxa3",1.22587540024931,5.1138822602604,1.34575380841351,0.210526909987284,0.715534468724403,-4.64937179024022
"0610009B22Rik",0.521419637976475,5.79949424954055,1.34514599047175,0.210715767124351,0.715534468724403,-4.88576012936927
"Ptprn",-0.428233221298172,7.42226848027495,-1.34501817664554,0.210755498796042,0.715534468724403,-5.12735885753704
"Prpf38b",0.455093626785664,6.83818415599404,1.34480500393807,0.210821778855618,0.715534468724403,-5.07747701452173
"Tmed5",0.502718337168171,6.65723588240495,1.34425776246082,0.210992008845699,0.715534468724403,-5.05234832482759
"Fut9",-0.797736147545716,7.47258167350989,-1.34416731004102,0.211020156991172,0.715534468724403,-5.13031410455049
"Usf1",0.506939071211532,5.81058860653595,1.34357091978798,0.211205828788637,0.715534468724403,-4.91181762748491
"Myo6",0.523138370069364,5.22850636780919,1.3431818919781,0.211327017610869,0.715534468724403,-4.80961378725513
"Adcy3",-0.927754802579815,4.35248438809311,-1.34306974671396,0.211361963683408,0.715534468724403,-4.61678612348433
"Uhrf2",0.398874868376849,7.21483505488572,1.34298197459805,0.2113893181379,0.715534468724403,-5.11158529659879
"Slc22a17",-0.492052220006163,8.45764515565011,-1.34285814685798,0.211427914524508,0.715534468724403,-5.14891807041805
"Copb2",0.424564440141509,6.55291705295159,1.34278121448141,0.211451896896032,0.715534468724403,-5.04935517924478
"Mtpn",-0.351910440490458,7.37218190276237,-1.34277496874191,0.21145384400085,0.715534468724403,-5.12784830013567
"Auh",-0.470566743377423,5.8205476064751,-1.34249406368016,0.211541431607236,0.715534468724403,-4.94001064455815
"1110051M20Rik",0.463593469968183,5.72880977374658,1.34115112656623,0.211960589525105,0.715534468724403,-4.89518599469238
"Ache",0.632176317263867,5.02450919372995,1.3408088836683,0.212067522507458,0.715534468724403,-4.77905144508858
"Evi2a",1.15800832718859,4.81921684529593,1.34061373957455,0.212128515196908,0.715534468724403,-4.63630229249365
"Mecp2",-0.412791797770551,6.99662455986623,-1.34045604948069,0.212177812375892,0.715534468724403,-5.10619031617473
"Usp46",-0.457216271547778,5.96739316011681,-1.33946489751554,0.212487888343325,0.715534468724403,-4.96404812099323
"Hspa2",-0.97096143820511,5.17176713692376,-1.33924527954554,0.21255664623177,0.715534468724403,-4.80638713086484
"Ly6e",0.92643383336933,7.66790174583607,1.33868513565893,0.212732100801804,0.715534468724403,-5.12750091886437
"Acvr1",0.730483605677429,4.83710747003163,1.33847095981456,0.212799219647624,0.715534468724403,-4.70121790214885
"Eif5",0.414037080512163,8.05975211658743,1.33845033477598,0.212805684105389,0.715534468724403,-5.14475868612215
"Brwd3",0.602190092092421,4.80187165637126,1.33825512860863,0.212866875322108,0.715534468724403,-4.71150303424585
"Itm2b",0.414597553148736,10.0830252034437,1.33791410254119,0.212973812265897,0.715534468724403,-5.08923544572267
"Tmem9b",-0.488041029689009,6.12052775658637,-1.33785869681909,0.212991190343163,0.715534468724403,-4.99378762234597
"Tsn",0.351613443784269,8.26671089109382,1.33784108145398,0.21299671567602,0.715534468724403,-5.1493410099708
"Chchd4",0.534269279019041,5.49576881211863,1.33782629063674,0.213001355138924,0.715534468724403,-4.86487673863628
"Phrf1",0.50427221088899,5.26980758879496,1.33718510532883,0.213202558851312,0.715534468724403,-4.79741963053474
"Ythdc2",-0.726742395996657,5.48711629589394,-1.33659269559179,0.213388599213029,0.715534468724403,-4.88510690252844
"Mcm7",0.671709543548281,6.84832942275324,1.33616703180554,0.213522359154233,0.715534468724403,-5.07210595483672
"Scfd1",0.93119217307204,4.58560519545032,1.33604309349826,0.213561318622164,0.715534468724403,-4.61819139548588
"Sucla2",-0.401103042514127,6.40958939288388,-1.33581711506177,0.21363236938311,0.715534468724403,-5.04261997989935
"Arid1a",0.410160641647787,7.45342224224041,1.33579498826955,0.213639327424882,0.715534468724403,-5.13143452110687
"F11r",1.1456592306528,4.83147168453292,1.33515829096888,0.213839626553582,0.715534468724403,-4.63029821901858
"Rpl35",0.606323654990443,9.93620984402282,1.33511703936184,0.213852609387707,0.715534468724403,-5.1005380299891
"Ubr2",-0.425721130791355,6.48822888423858,-1.33489064995437,0.213923871192115,0.715534468724403,-5.05395290958494
"Fam69b",-0.431636720689357,6.20588896282152,-1.33433023627432,0.214100361678513,0.715534468724403,-5.01246690701601
"Chd2",-0.506505192844018,6.60793431015261,-1.33418355642464,0.21414657565936,0.715534468724403,-5.06512760216332
"Kdm7a",-0.403534096873233,6.13316649182269,-1.33313260171726,0.214477942676872,0.716065835890821,-5.00264850193751
"Cisd2",0.39498323148938,6.70233815423727,1.33280854014408,0.214580206672395,0.716065835890821,-5.07960573686019
"Fam105a",0.791868414886438,5.71915522669267,1.33256794199595,0.214656158702911,0.716065835890821,-4.87470644201324
"Cpeb1",-0.664154222697862,5.87373983076182,-1.33145047821566,0.215009216494968,0.716425611017615,-4.96117210408604
"Thoc7",0.570300105728364,7.57014966203044,1.33086278423873,0.215195091910377,0.716425611017615,-5.13821836457473
"Soga1",0.521083137815243,5.08378688598676,1.33084855279793,0.215199594696714,0.716425611017615,-4.76976277490941
"Grina",-0.389666527774721,7.98249391925444,-1.33028968915359,0.215376480233678,0.716425611017615,-5.1616831746083
"Hnrnpa1",0.657177220649696,9.26734668293766,1.32986446910258,0.215511148283614,0.716425611017615,-5.14200399122163
"Mrpl42",0.456530723830546,6.74434061542413,1.3295253477744,0.215618599474404,0.716425611017615,-5.08058606829968
"Lhfpl4",-0.530864819645081,6.01663054903606,-1.32934612841927,0.215675403646534,0.716425611017615,-4.98718351704575
"Syncrip",0.414006048142169,7.37777146252998,1.3291172657209,0.21574796074618,0.716425611017615,-5.13768896984304
"Rnf44",0.543135367782578,5.94296661200922,1.32851586872025,0.215938721514509,0.716425611017615,-4.93524134697057
"Ckb",0.358249756982357,9.87970465420229,1.32843471607458,0.215964473676244,0.716425611017615,-5.11092072773236
"Pip5k1a",-0.543174766790566,6.3764403954839,-1.328165189437,0.216050021077114,0.716425611017615,-5.04519849303985
"C1qbp",0.418135791170476,6.81723143407314,1.32772842471245,0.216188710140084,0.716497791097045,-5.09671740420597
"Cdc42",0.390686720606495,8.71260808586946,1.32688894891362,0.216455485205939,0.71699416937405,-5.16327377166624
"Dennd5b",-0.366189354528161,6.95388950664502,-1.32607761261897,0.216713580847673,0.717129907654706,-5.11968579255783
"Kdm5b",0.787006479358633,6.58660209373481,1.32597283080491,0.216746932032836,0.717129907654706,-5.01947276367199
"Phactr4",0.629826001505766,4.89758962942504,1.32565682880399,0.216847538982404,0.717129907654706,-4.74888949104998
"Slc25a12",-0.516060948722027,6.17210499592142,-1.32483223922603,0.217110252045025,0.717259894711299,-5.01845781196385
"Rnf130",0.960898112258507,5.46506967312479,1.32479871820508,0.217120937449324,0.717259894711299,-4.76657173587749
"Pomgnt1",0.541301231928748,5.24642122862434,1.32340983532237,0.217564056436721,0.718336496683311,-4.82222306531007
"Rnf6",-0.503363840838883,5.84399307298916,-1.32271127768007,0.217787216160193,0.71844303027748,-4.96270532862799
"Hexa",0.696820969145056,6.51375966235837,1.32257491320007,0.217830801281912,0.71844303027748,-5.0469045542729
"Dnal4",-0.461562751807108,5.83648746024238,-1.32142377335341,0.218199023153444,0.718778592125803,-4.96239412943217
"Faf1",-0.447918595909748,5.74676645362762,-1.32132122646499,0.218231850764003,0.718778592125803,-4.94682975536171
"Nmral1",0.903945844121499,4.9146790899927,1.32115702023416,0.218284425578675,0.718778592125803,-4.68164919075252
"Tceal1",0.414213557760738,6.30469514080753,1.32040079806574,0.218526686644841,0.718887730319,-5.03503593027901
"Cntfr",-0.535292172426785,5.72469515401429,-1.32032121901048,0.218552193470022,0.718887730319,-4.94258598547028
"Letm1",0.453448651082979,5.59018506659133,1.31907176628875,0.218952998016665,0.719646270920812,-4.89805932489248
"Rp9",0.56229503535326,6.74416422916955,1.31887033329426,0.219017672204196,0.719646270920812,-5.08434269857708
"Cant1",-0.511872627672766,5.06356553143701,-1.31663707115363,0.219735780962888,0.721618899110707,-4.81707218007231
"Map2k4",-0.420798586357543,6.25557738535627,-1.31540916373581,0.220131456793282,0.722531101890321,-5.04193240255069
"Tyms",0.576855150090206,5.92189865283533,1.31413558271163,0.220542480959775,0.72318570762881,-4.92758430713159
"Cpsf7",-0.419792781408728,5.98695864808219,-1.31343012503708,0.220770430652214,0.72318570762881,-4.99913803495707
"Gprc5b",0.554379932272054,5.14173999453863,1.31276410952509,0.22098581673737,0.72318570762881,-4.81507916692806
"Pcnx",-0.488022938834314,5.9582862297884,-1.31271508486522,0.221001678018344,0.72318570762881,-4.99628537321006
"Map6",-0.657184804692942,5.29524816352682,-1.31156640142034,0.221373592302988,0.72318570762881,-4.86913053279536
"Nono",0.398708809596353,7.79548543013221,1.31110122143371,0.221524354662071,0.72318570762881,-5.17131505629132
"Pdgfa",0.740704054582376,6.00144276874496,1.31059648216175,0.22168803518078,0.72318570762881,-4.99129403017072
"Nans",0.589875616890802,4.90101767977873,1.310410076376,0.221748509791393,0.72318570762881,-4.73892325552817
"Ddx50",0.394254641563042,5.93730717252984,1.30969400190613,0.221980950313387,0.72318570762881,-4.97838549384962
"Unc80",-0.51623040845806,7.20641540092276,-1.30968604823994,0.221983533248334,0.72318570762881,-5.15631284170717
"Lias",0.527371365066776,5.16984199637204,1.30955321524747,0.222026674176536,0.72318570762881,-4.82030955079475
"Hmgn1",0.732003328893109,8.84944380794705,1.30943617378646,0.222064692212259,0.72318570762881,-5.17769425222412
"Golga2",-0.702874441740631,4.94028933307494,-1.30939334616556,0.222078605071053,0.72318570762881,-4.7989139016051
"Pycard",1.21964420324957,5.25680266700469,1.309383859071,0.222081687120201,0.72318570762881,-4.73471676130345
"Fam181b",0.88148135114228,4.60953040502972,1.30932412492171,0.222101093628822,0.72318570762881,-4.65465441428585
"Sart3",0.46957835433058,5.51073182165129,1.30862735021635,0.222327567515821,0.723538679626635,-4.88185175548678
"Tbpl1",0.481535847404313,6.48963728310824,1.30705347172034,0.222839838928668,0.724820877364586,-5.07084741165846
"Lrrn3",-0.544276284195961,5.04555594852719,-1.30659011180325,0.222990842831421,0.724927259878486,-4.82372907062463
"Lyar",0.477054059309554,5.47455573528132,1.30541241115073,0.223375027548314,0.725791181768858,-4.89849770644084
"Cox19",0.475201313370347,5.90851824537055,1.3050118100698,0.223505836021893,0.725831353016512,-4.95991113028914
"Dtnbp1",-0.441491821274508,5.89021408975009,-1.30417113745782,0.223780549373575,0.725880610415469,-4.99203894809448
"Igfbpl1",1.88993240528975,7.90127526928331,1.30415014669668,0.223787412301444,0.725880610415469,-5.11778596998928
"Selm",-0.424533640346269,7.12082836006951,-1.30386131899538,0.223881862353047,0.725880610415469,-5.15703226762862
"Pin1",0.374253646696815,6.80200856137229,1.30332063495214,0.224058761896609,0.725880610415469,-5.12215133074213
"1700025G04Rik",-0.540384516677309,5.72569327839568,-1.30315410751101,0.224113269403732,0.725880610415469,-4.96285127070008
"Btbd1",0.386669929704336,6.60138934273512,1.30236215136519,0.224372642855499,0.725936020150749,-5.10018822619757
"1700021F05Rik",0.70978464876967,4.83969296992685,1.3022372470323,0.224413573130832,0.725936020150749,-4.70741018852554
"Atl1",-0.446146082425084,6.47941334405952,-1.30195363910462,0.224506532610417,0.725936020150749,-5.09251749215711
"Ppp1r14b",1.15465875768426,8.73562705453318,1.30145496440044,0.224670063476392,0.725936020150749,-5.17953003296474
"Zranb1",0.560475049450893,7.05117396076283,1.30070209713434,0.22491714030825,0.725936020150749,-5.14568315861767
"Nus1",-0.574140907451492,5.77659291976919,-1.3006501300508,0.224934203288072,0.725936020150749,-4.97771765633652
"Cep63",-0.517940779428866,5.33031144811909,-1.3005727513015,0.224959611988621,0.725936020150749,-4.8895663142497
"Saraf",0.371348789603351,7.61514644609341,1.29860998510733,0.225604922751497,0.727140977721755,-5.1811331204872
"Ptpn18",0.895414711307542,5.24599414294637,1.29794766656414,0.225823025428263,0.727140977721755,-4.81044303466731
"Ntmt1",0.5749279093378,5.43636945387237,1.29771302572389,0.225900335242649,0.727140977721755,-4.84655266820662
"Snrpg",0.7224624071306,8.29028854489378,1.29758246390518,0.225943362501112,0.727140977721755,-5.19066776801989
"Zcrb1",0.472831855038521,7.37146665099296,1.29681316042325,0.226197028832717,0.727140977721755,-5.17023515894962
"Itgb5",1.67294934559474,5.65350141710849,1.29678122555374,0.226207564009105,0.727140977721755,-4.78196457219177
"Prkx",0.485518591709851,5.161613276029,1.2956980773812,0.226565132206247,0.727140977721755,-4.83947786730011
"Araf",-0.469126341120977,7.23935060190403,-1.29564133310326,0.226583877569403,0.727140977721755,-5.17368689623706
"Echs1",0.407977010535015,6.40492891033962,1.29516047218024,0.226742780937326,0.727140977721755,-5.07870245488405
"Psmb3",0.31223658256516,7.57230593900783,1.29498409949229,0.226801087616577,0.727140977721755,-5.18466050116916
"Spcs1",0.564534678430519,7.01951446911045,1.29478806223206,0.22686590982407,0.727140977721755,-5.14429762751832
"Gadd45g",1.5185086196694,6.06267251013651,1.29473447407418,0.226883632114524,0.727140977721755,-4.96267847286123
"Ndufaf7",-0.42706504682146,5.63065078863168,-1.29392782167253,0.227150541771639,0.727140977721755,-4.95425864857077
"5031425E22Rik",0.484340244579239,5.52443496956715,1.29387449901958,0.227168194681259,0.727140977721755,-4.91045763686485
"Nr2c2",0.383019433649038,6.40070569436499,1.29368686227996,0.227230322476061,0.727140977721755,-5.08142104683419
"Chic2",0.65441787606507,6.77398584889193,1.29330363409037,0.227357255889805,0.727140977721755,-5.11190650524464
"B630005N14Rik",-0.507851026595419,5.63705892948896,-1.29322680069632,0.227382711866232,0.727140977721755,-4.96011242541781
"Mfsd6",0.459861744116776,6.15336923761987,1.2920874763324,0.227760464538481,0.727140977721755,-5.02531651783293
"Prdx6",0.5942741532719,6.95220665253444,1.29184708493916,0.227840235057792,0.727140977721755,-5.13948070542147
"Atp6v0e2",-0.380029431947351,7.11000582707707,-1.29149314135843,0.227957728608592,0.727140977721755,-5.17056957471578
"Cops5",0.570603278689537,6.77049931636519,1.2911479678361,0.22807235945578,0.727140977721755,-5.11790647930006
"Fbxo44",0.46922305486713,5.3877573161437,1.29073148402051,0.228210736044884,0.727140977721755,-4.87173160678557
"Tmem176a",-1.45944600875368,4.5146771208979,-1.2905990585013,0.228254749008998,0.727140977721755,-4.73631190607713
"Glyr1",-0.397276398262494,6.42024873686758,-1.29052879959933,0.228278103135147,0.727140977721755,-5.09564340826516
"Map3k7",0.457552712155449,5.44328622162541,1.29021675705858,0.228381850399472,0.727140977721755,-4.88274963348399
"Tmcc2",-0.525946662106292,5.51525905533851,-1.28974811578236,0.228537736987962,0.727140977721755,-4.94063210277555
"Arl1",-0.357079436931351,7.12682621338984,-1.2895560200855,0.228601660352903,0.727140977721755,-5.17392428175316
"Glrx3",0.583675965096274,7.08585104977276,1.28939437918958,0.228655460846903,0.727140977721755,-5.15542311774563
"Snrpd3",0.40307505552136,7.22293724927071,1.28865947928305,0.228900197456521,0.727541706438568,-5.17288570616384
"Sh3gl1",0.558785991477196,5.12505428019746,1.28746776938543,0.229297524085272,0.727547813388567,-4.81641493837986
"Wdr70",0.845942870640671,4.61556237061189,1.28714948463382,0.22940374000735,0.727547813388567,-4.67652950434217
"Plaa",-0.475429397841319,5.34667883855408,-1.28692530945291,0.229478574839109,0.727547813388567,-4.90525479307761
"Prkag2",-0.621689640377538,5.22597434860224,-1.28668462127223,0.229558944677266,0.727547813388567,-4.88228560588792
"Cstb",-0.39583858096045,6.101411430977,-1.28654834538748,0.229604459862837,0.727547813388567,-5.04741462793397
"Tmem176b",0.478425554120577,7.42439171945025,1.28618892449068,0.229724539888174,0.727547813388567,-5.18541587898497
"Gdi2",0.419346445911077,7.6859736970673,1.28614402311622,0.229739544792034,0.727547813388567,-5.1962967290197
"Tet1",0.51566401232525,4.95071912238517,1.28543545092351,0.229976439551286,0.727547813388567,-4.80757939641636
"Nol6",-0.552654564019168,5.41313571110446,-1.28484213490148,0.230174957155346,0.727547813388567,-4.92523009934853
"Klhl12",-0.705525404089136,4.81802650042193,-1.28423310156098,0.230378881649952,0.727547813388567,-4.78441303493605
"Zfp811",1.00256352590191,4.7909402661,1.28410275173447,0.230422546569973,0.727547813388567,-4.69899760087015
"Neat1",0.854129317282669,6.44583988152654,1.28394004954073,0.230477058612779,0.727547813388567,-5.05218259303582
"Scn8a",-0.530306830137572,6.87006501793143,-1.28379745740278,0.230524841751024,0.727547813388567,-5.15861700015944
"Kpna3",-0.529944357948384,6.16862329406584,-1.28337321187472,0.230667056604075,0.727547813388567,-5.06369553934379
"Btf3",0.502343515331818,9.20932145603644,1.28296092405325,0.230805332805228,0.727547813388567,-5.19840468009605
"Actl6a",0.365097150309849,6.53006020440426,1.28189233398351,0.231164044955484,0.727547813388567,-5.1104498916838
"Pkia",-0.437893389353057,6.86379791803349,-1.28185273253179,0.231177347548348,0.727547813388567,-5.16004331487645
"Rbfox2",-0.425077461974127,7.65852241934921,-1.28169235900443,0.231231225396546,0.727547813388567,-5.20906736743398
"Bre",0.464083024835962,5.57791379904513,1.28122333270304,0.231388855646559,0.727547813388567,-4.93782734848512
"Cdc37",0.377099950503766,6.98049475276163,1.28121429076544,0.2313918953347,0.727547813388567,-5.16581964812096
"Dgcr8",-0.535738527076316,5.38353747011172,-1.28120402255733,0.231395347306514,0.727547813388567,-4.91957692728392
"Ago2",0.4465825992663,6.59798081711123,1.27938153735651,0.232008708511804,0.729102238851453,-5.12745520475617
"Crebrf",-0.331624855260237,6.67548836587491,-1.27876134174123,0.232217743924553,0.729236206487936,-5.14456851099918
"Ppp1r7",-0.43188638108277,6.15613798472744,-1.2785490271037,0.232289339925661,0.729236206487936,-5.06643944303014
"A230050P20Rik",-0.681967582530996,5.08875806434076,-1.27792506419506,0.232499856455737,0.729269547990627,-4.8576804905864
"Raph1",-0.428461193798021,6.88104711515346,-1.27650716476128,0.232978824339717,0.729269547990627,-5.16849949385811
"Rpl7l1",0.375183549511672,6.17139179474567,1.27603119787649,0.233139789636158,0.729269547990627,-5.05531200392384
"Psmg2",0.447025284538406,5.3688657058035,1.27532878855185,0.233377502884762,0.729269547990627,-4.89096110167591
"Pnkd",-0.482280027809889,6.36351706819337,-1.27532128524015,0.23338004328044,0.729269547990627,-5.10366752862156
"Spryd3",-0.459627600043295,5.58214184531609,-1.27472937122865,0.233580519749076,0.729269547990627,-4.96058082218547
"Fam73a",-0.494964620351047,5.89896762547454,-1.27452947489597,0.233648255221891,0.729269547990627,-5.02735208019926
"Tubb3",0.619724951628423,9.1885064479259,1.27420693174362,0.233757584236178,0.729269547990627,-5.20871346335294
"Serbp1",0.325390256600929,8.86798891919306,1.27400886410638,0.233824742103354,0.729269547990627,-5.22081640773764
"Nup153",0.48820703206181,5.16719320268089,1.27377399987834,0.233904397120944,0.729269547990627,-4.8621406271413
"Mettl23",0.353377153183307,6.44044059238648,1.27372010271771,0.233922679699031,0.729269547990627,-5.11228266113375
"Rbm24",-0.825535163620372,4.31729900055696,-1.27371215639511,0.233925375289213,0.729269547990627,-4.70945839787107
"Bach1",0.574413393779587,5.27184954400723,1.2726757899031,0.234277157017762,0.729269547990627,-4.85864985569881
"Ndufs7",-0.31279164547507,7.68911240880636,-1.27254306458013,0.234322240593299,0.729269547990627,-5.21941307567867
"Txndc16",-0.374414828893153,6.1330874665611,-1.27229674782479,0.234405927453272,0.729269547990627,-5.06944067161278
"Ddx52",0.589462542814744,4.80071162656447,1.27219534114077,0.234440387866875,0.729269547990627,-4.78225329145867
"Epha7",-0.633354280944855,5.92501419420131,-1.2716975690926,0.23460960350161,0.729269547990627,-5.02948120939624
"Prdx2",0.595565240691967,9.60238469042446,1.27133972052285,0.234731315135745,0.729269547990627,-5.19083997549093
"Spata7",0.491374765767941,5.19718827905186,1.27121165867283,0.234774884286907,0.729269547990627,-4.86607027095338
"Eci2",0.589776576834568,6.06895694544178,1.27083766021347,0.234902164194373,0.729269547990627,-5.01643802765158
"Iffo1",0.575949265265847,5.17179638153259,1.2703020254764,0.235084551893956,0.729269547990627,-4.86006361873106
"Cic",0.508802290184308,6.0417381107363,1.27002643264234,0.235178438974924,0.729269547990627,-5.01717058667864
"2210013O21Rik",-0.40056936691417,6.05870751511676,-1.26953465251356,0.235346052301584,0.729269547990627,-5.06049193440899
"Ryr2",-0.519435711583527,6.0745682973544,-1.2695216895479,0.235350471802567,0.729269547990627,-5.06309325732089
"Clint1",0.477582860728863,5.5236118774827,1.26937768643764,0.235399571810781,0.729269547990627,-4.92764090848368
"Odc1",0.743356105530369,7.41885709054712,1.26882034003075,0.235589687214137,0.729269547990627,-5.1964736689691
"Nop10",0.402205731218246,7.30129995727739,1.26859362411185,0.235667058173875,0.729269547990627,-5.19974608952412
"Lsamp",-0.48073509933459,8.23902875327305,-1.2682161054001,0.235795939956951,0.729269547990627,-5.23459532262997
"Chchd1",0.514734611088243,6.98359530583676,1.26814902665317,0.235818846183859,0.729269547990627,-5.17279143109927
"Ptprj",-0.530597075804554,5.49880465011741,-1.26744369521326,0.23605981597891,0.729269547990627,-4.95897343958899
"Gart",0.517252810476368,5.53177857644853,1.26742201928664,0.236067224575254,0.729269547990627,-4.93811438725121
"H3f3a",0.752335993555818,10.970263557777,1.26730227150476,0.236108156529603,0.729269547990627,-5.12599761201064
"Pbrm1",0.347822778301334,8.02514331059168,1.26663215755724,0.236337321825309,0.729450833465957,-5.22619799609176
"Sbds",-0.473506829253566,6.28180705013856,-1.26643459019298,0.236404920898073,0.729450833465957,-5.10027519612489
"Etfa",0.591523768668409,5.3906541958562,1.26552539423794,0.236716214645963,0.730043766155238,-4.87565999438338
"Irf2bp2",0.361944539604042,7.3111472744038,1.2648593397802,0.236944475523334,0.730380153927058,-5.20730531287697
"Rbm27",-0.568513674188099,5.36523288171579,-1.26430171076795,0.237135718095752,0.730602152081835,-4.93505838934863
"Thumpd1",0.524196635881367,5.41663200441249,1.26308847585183,0.237552245305059,0.731443686345939,-4.92920471120498
"Agfg1",-0.367217516221541,6.04562048725118,-1.26261290852312,0.23771568149219,0.731443686345939,-5.0654200358008
"St13",0.508532339059391,7.87856063281202,1.2621548501903,0.237873188149134,0.731443686345939,-5.22603632093015
"Plxna3",-0.486840529779943,5.33639499757119,-1.26189470907647,0.237962677873715,0.731443686345939,-4.93233757651901
"Chrd",-0.522542408416478,5.30181907427239,-1.26176977900053,0.238005664258127,0.731443686345939,-4.92403463873275
"BC005561",0.352869990345717,6.93549127157224,1.26112330627718,0.238228207236872,0.731548661221855,-5.18623399931332
"Dnttip2",0.519188669237667,5.61734867983447,1.26091378574897,0.238300369790695,0.731548661221855,-4.94309301415082
"Btf3l4",0.45508950837948,7.25680175905688,1.26063053107091,0.238397956341391,0.731548661221855,-5.20576985898824
"Gpr84",-1.41553254599075,4.98414854811627,-1.25976226280925,0.238697296394544,0.731605452091172,-4.80979301391246
"Gorasp2",-0.449393381325406,5.32566711760318,-1.25965278711167,0.238735060707276,0.731605452091172,-4.93202482750603
"Borcs5",-0.816149593031236,4.76371764709135,-1.25951886596056,0.238781264326986,0.731605452091172,-4.78301944758109
"Gpank1",0.540982249710603,4.93519419005402,1.25917790639179,0.238898930747653,0.731605452091172,-4.82404559347946
"Ddx5",0.327151226897926,10.3666769164189,1.25879161217669,0.239032300069285,0.731605452091172,-5.16253035192681
"Babam1",0.39529267106133,5.79286400066428,1.25850067581106,0.239132787294161,0.731605452091172,-4.99441779501634
"Bsdc1",0.460855967613278,5.48456504818518,1.25754996458437,0.239461398549018,0.731697217660272,-4.94231200610007
"Zfp318",-0.399158460668074,5.71124845803012,-1.25736315680762,0.239526011963786,0.731697217660272,-5.01008986068989
"Ttc7b",-0.622825025114641,5.25933435407062,-1.2571861830398,0.239587237221632,0.731697217660272,-4.91842564176685
"Ambra1",0.539049326667957,4.87903059786429,1.2570325704735,0.239640390966737,0.731697217660272,-4.80176655269126
"Sacs",-0.494560741292827,5.81410719597514,-1.25637392257396,0.239868409546494,0.73202869208213,-5.03085061857139
"Rcn2",0.411088225656386,7.39923793572262,1.25543780018488,0.240192794969012,0.732368915529461,-5.22008007539088
"Cdc26",0.401242560197181,6.60459944688646,1.25490687282272,0.240376932545266,0.732368915529461,-5.14929021432558
"9330159F19Rik",-0.344956348579072,6.78973909157325,-1.25482690570083,0.240404677012749,0.732368915529461,-5.18370110715477
"Plekha6",-0.57980540111832,5.16619265154541,-1.25467340772309,0.24045794028154,0.732368915529461,-4.89956275134975
"Ypel3",-0.352475825228217,8.45790581800953,-1.25365319918856,0.240812195989046,0.73293317838447,-5.24948469453792
"Arhgef25",-0.486917357866216,6.35584252667333,-1.2534511330022,0.240882412086541,0.73293317838447,-5.12340135123175
"Ppp1cc",0.371436723611936,7.61660876628123,1.25080932680062,0.241801965450513,0.734604267629979,-5.2341495436841
"Lpar6",1.04410170134013,4.54966682484029,1.25044665336109,0.241928428961511,0.734604267629979,-4.68416911125591
"Plekhb2",-0.495235244272892,6.71914997717365,-1.2504004626066,0.241944539489048,0.734604267629979,-5.17948138725644
"Ubxn4",0.458977977565036,6.79017434294122,1.25020198992128,0.242013773327633,0.734604267629979,-5.17373955078325
"Apba2",-0.468295756546811,7.04915788339493,-1.24995401207597,0.24210029908756,0.734604267629979,-5.21126779658481
"Syngr1",-0.652398367920741,7.0156053935158,-1.24967690459526,0.24219701899659,0.734604267629979,-5.20990063804189
"Cdh4",0.562054595006706,6.03600606045204,1.24944188904914,0.242279072278303,0.734604267629979,-5.06595618462614
"Eif3j1",0.442449026987546,6.52839690082255,1.24910099989263,0.242398130850489,0.734604267629979,-5.14717690151121
"Ndufc2",0.40704322207783,8.58875326525874,1.24857992899053,0.242580212404614,0.734604267629979,-5.25138705078619
"Ptbp3",0.432722665852958,6.40980434590279,1.24760887982864,0.242919832916316,0.734604267629979,-5.12318495112238
"PISD",0.472795001442054,8.7995424583222,1.24759426915626,0.242924945920673,0.734604267629979,-5.25032823666118
"Syt5",-0.618443413776258,5.95617683506721,-1.24738217131118,0.242999179510482,0.734604267629979,-5.06619877776851
"Fam195b",0.483534693634936,6.23681142138779,1.24706474343623,0.243110313089198,0.734604267629979,-5.08637820119927
"Zc3h7b",-0.398340036455215,5.84819823180695,-1.24694998457376,0.243150501189861,0.734604267629979,-5.04764594316426
"Ebpl",0.447430528647521,5.60700625560415,1.24672366144522,0.243229774644456,0.734604267629979,-4.98330210239576
"Mrpl23",0.437552494451835,6.74826048723965,1.24580857075201,0.243550516826933,0.7352106241948,-5.17463477448545
"Lemd2",-0.474963812032193,5.5711690687544,-1.24437994744157,0.244051947842613,0.736278109558209,-4.99399958305531
"Cenpk",0.898105980128853,4.74579670728843,1.24406433644156,0.244162837988797,0.736278109558209,-4.71702805953964
"N4bp1",0.436582739679207,6.10114919777445,1.24377484248029,0.24426458823953,0.736278109558209,-5.08285236561913
"Tnfaip1",0.421221296127971,5.68472690827865,1.24307296797259,0.244511424859943,0.736659789351884,-4.98403709372221
"Sptssa",0.603901825413069,6.82894770143009,1.24158483585563,0.245035450803572,0.737681339234191,-5.18001333597044
"Syf2",0.470971916491613,6.56437597856712,1.24133256939013,0.245124374291936,0.737681339234191,-5.16003485084875
"Mars",0.524234447049611,5.3645086366698,1.24089331741514,0.245279272973816,0.737681339234191,-4.90492013480942
"Maged2",0.474034982534922,6.04621121887194,1.24074381535457,0.245332011971162,0.737681339234191,-5.05573280638443
"Mpv17",-0.4563022565867,5.95366482182936,-1.23990261543015,0.245628930595371,0.738211911078193,-5.07204131236274
"Clta",0.452423650664718,8.7276591015874,1.23933232122837,0.245830394958272,0.738244121261498,-5.26084423667971
"Fam168b",-0.378315499844775,6.75894558280398,-1.23869264897629,0.246056529128612,0.738244121261498,-5.19641731818757
"Aida",0.418977901524669,5.81804879262496,1.23818359170227,0.246236610573611,0.738244121261498,-5.01489069478504
"Ttc3",-0.334205718876528,9.9787731098902,-1.23798598089196,0.246306545417141,0.738244121261498,-5.20475245726316
"Gatad2b",0.308950063705725,7.42260427356511,1.23765202017471,0.246424771721916,0.738244121261498,-5.24241329629242
"Efnb2",-0.838375261065846,5.99835486816565,-1.23757360240753,0.246452539335268,0.738244121261498,-5.08395894348965
"Wac",-0.404310569017248,7.06651333733391,-1.23736054494653,0.246527995597014,0.738244121261498,-5.22681041784438
"Ctcf",0.352221761999046,7.37123343250684,1.23714764992094,0.246603413221652,0.738244121261498,-5.23919914754805
"Chd8",-0.337906686480414,6.62017482244777,-1.23678429814879,0.246732173463539,0.738268925285432,-5.18440058286902
"Serpine2",-0.686541208882184,6.15040473661726,-1.23641716544303,0.246862329434189,0.738297879342464,-5.1111155730236
"Midn",0.576702823198894,6.69715810509672,1.23441397015985,0.247573492702226,0.740063591843533,-5.17104003734914
"Apc2",0.45634080563618,6.36305741665526,1.23319556070108,0.248006864668686,0.740997594680501,-5.13703271691757
"Cct4",0.407786035771801,7.45859186387129,1.2317251755122,0.248530686717487,0.74200361503296,-5.24808223798724
"Ulk2",-0.435460421881297,5.71959964513096,-1.23157078315424,0.248585741132942,0.74200361503296,-5.03791562128638
"Tcf19",-0.636094526917117,5.28441683533502,-1.23007679458326,0.249118993996081,0.742957543451624,-4.9330580124569
"Gatad1",-0.359488858218303,6.32399883015837,-1.22999614935209,0.249147805449264,0.742957543451624,-5.14633875297764
"St3gal5",0.707103060060249,7.01655956681957,1.22891671702665,0.249533707340461,0.743178112750568,-5.2161971011222
"Timm22",0.431922339924858,5.64814775195296,1.22863694343061,0.249633807255589,0.743178112750568,-4.99036113668683
"Fam173a",-0.417274202886093,6.81510737009029,-1.22827206056756,0.249764407585987,0.743178112750568,-5.21550321070456
"Sdhaf4",0.477440183206938,5.75732673853729,1.22726755891573,0.250124230957134,0.743178112750568,-5.02853979545905
"Map2",-0.338539840567134,8.60652402157292,-1.22696839581639,0.250231476139716,0.743178112750568,-5.27687986003489
"Hbp1",0.460416130000385,5.58972420427522,1.22692638456325,0.250246539505595,0.743178112750568,-4.98519921714355
"Dctn6",0.360480029485987,6.11755775219441,1.22664215223268,0.250348472008409,0.743178112750568,-5.10092972849938
"Ppp1r8",0.526997451209288,4.92609721964775,1.22645353899129,0.250416131918278,0.743178112750568,-4.85442033079682
"Dmxl2",-0.502856539810442,6.75779730540033,-1.22557252093111,0.250732370974889,0.743178112750568,-5.20866903419274
"Pcnt",-0.819613758722648,5.35782349741083,-1.22509048894481,0.25090553287179,0.743178112750568,-4.97133339223795
"Coq10b",0.492179345365143,5.72234845098592,1.22442024952404,0.251146467185467,0.743178112750568,-4.99654452350536
"Dync2li1",0.545072169142033,4.81421231922849,1.22427799718979,0.251197627601609,0.743178112750568,-4.84044498568744
"Yrdc",0.392572616473471,5.98620703766008,1.22419125504352,0.251228828196627,0.743178112750568,-5.07516378700018
"Rps25",0.404419666863223,9.73836030094306,1.22366865014776,0.251416872693862,0.743178112750568,-5.23500106595376
"Pias4",0.455999905184467,5.49511464579991,1.22364338820123,0.251425965392494,0.743178112750568,-4.96012497533542
"Acsl3",-0.395279749299194,6.03917278471174,-1.22294667257644,0.251676844480338,0.743178112750568,-5.10584749866493
"Vcp",-0.342652767435971,8.1864077508873,-1.22282734455474,0.251719833550607,0.743178112750568,-5.28371445264594
"Wdr20",0.453517949298936,5.34613971462086,1.22225952648474,0.251924477468791,0.743178112750568,-4.94663585316933
"Ralgapa1",-0.465761652337298,6.06202592743825,-1.22213583807071,0.251969073245921,0.743178112750568,-5.10859499179101
"Cds2",-0.420651210733128,7.04976321797167,-1.22205109532459,0.251999630900368,0.743178112750568,-5.24214941081665
"Atp6v1h",-0.353266492214473,6.37992980097831,-1.22159316602699,0.25216480931098,0.743178112750568,-5.16322823316597
"Galnt1",0.450316033115329,6.196015008214,1.22110844687803,0.252339747084085,0.743178112750568,-5.1188264701193
"Rnf2",-0.373075504059555,5.84137420616493,-1.22062066996879,0.252515888183221,0.743178112750568,-5.07274161500272
"Wasl",-0.382365935946521,6.67780722934907,-1.22055623356506,0.252539164295192,0.743178112750568,-5.20893738952301
"Kbtbd2",0.413251482024014,5.61424038786463,1.22043560304895,0.252582743884908,0.743178112750568,-4.9974911165668
"Tnfrsf21",0.401628126854505,6.49490334310073,1.22043489547353,0.252582999525243,0.743178112750568,-5.17594412387254
"Marf1",-0.373110114845017,6.65737023248327,-1.21998462936891,0.252745719153205,0.743178112750568,-5.20691875818313
"Mrpl46",0.476992922493777,5.22704420208462,1.21967336697394,0.25285825474226,0.743178112750568,-4.91894088180221
"Ccng1",-0.628668313732892,5.07375801244007,-1.21953989175525,0.252906524631568,0.743178112750568,-4.91544627458821
"Rbm8a",0.322100781230817,7.50640909895707,1.21934480448826,0.252977089353954,0.743178112750568,-5.26636254914583
"Coro1b",0.569259996047256,5.68635218735708,1.21904551236564,0.253085377008788,0.743178112750568,-4.99255561769615
"Pld4",1.63573680290599,4.97378212792597,1.21872395178266,0.253201763709501,0.743178112750568,-4.7149788441186
"Yipf5",0.409325386337166,6.07722012172231,1.21826296705157,0.253368690021179,0.743178112750568,-5.1055572131557
"Rock2",-0.395732338724674,7.41213358327587,-1.21809195002536,0.25343063944095,0.743178112750568,-5.26874325266299
"Hgs",-0.432329510298315,5.69646678311177,-1.21799317475904,0.253466425530138,0.743178112750568,-5.04359036151669
"Pfkl",0.426945469965132,6.18059960136712,1.2171720233545,0.253764086280438,0.743695036215459,-5.12540922365116
"Ddx17",-0.331476496963814,7.51416646209884,-1.21676875337504,0.25391037246171,0.743768050882103,-5.27481780856811
"Fabp5",0.702819515521195,9.04995789512311,1.21607877546999,0.254160820984092,0.744145967984002,-5.27680860994917
"Fam168a",-0.332191827830016,7.17455341068091,-1.21332578225671,0.255162103765855,0.74561027560697,-5.26087885771345
"Exosc4",0.387489148720883,5.83297071336023,1.21316436381721,0.255220912104343,0.74561027560697,-5.05218619090973
"Smarca1",0.509904566625295,5.41413106036962,1.21306148005198,0.255258400699873,0.74561027560697,-4.97229648387602
"Tmem2",-0.46919512797582,5.51181445737554,-1.21252884831397,0.255452551586115,0.74561027560697,-5.01502408503448
"Camsap1",0.347401294538398,6.56866710381578,1.21248559017021,0.255468324981348,0.74561027560697,-5.19365070621193
"Ganab",-0.378990213833139,6.11205240630985,-1.21236463389656,0.255512433963825,0.74561027560697,-5.12941585517351
"Islr2",0.375967386649626,7.02825242328088,1.21210726269218,0.255606309799709,0.74561027560697,-5.24316154146455
"Gbas",-0.548526695023455,5.57858420158125,-1.2119264963156,0.255672260859045,0.74561027560697,-5.02929934462373
"Tsen15",-0.355727638694094,5.83604397120689,-1.21142931469714,0.255853724563454,0.74561027560697,-5.07956506779375
"Ube2g1",-0.368003499342903,6.16717931346938,-1.21136370801967,0.255877677807026,0.74561027560697,-5.14039395958417
"G3bp2",-0.342813978359849,8.10098323093544,-1.2107264240514,0.25611044730891,0.745913774539242,-5.29620197068388
"Naa35",0.417848855730898,6.48476856197666,1.21017678506765,0.256311342279253,0.745913774539242,-5.1799925302419
"Fis1",0.28833561040036,7.81594865141506,1.21007926683821,0.256346998887017,0.745913774539242,-5.2851645086199
"Ranbp1",0.437508181959073,8.04853865720049,1.20935911504385,0.256610440132915,0.746244104306054,-5.28762338591749
"S100a16",-0.555923855218481,5.84124657074373,-1.20884330369987,0.256799265851313,0.746244104306054,-5.08345167101776
"Rev3l",-0.385692316431155,6.01712535638393,-1.20833422128044,0.256985738771693,0.746244104306054,-5.11696613388386
"Gar1",0.400072293851399,5.57830015797374,1.20817438277198,0.257044309018584,0.746244104306054,-5.01471402619941
"Icam5",-0.430689967148148,6.13580946985042,-1.20810590904382,0.257069403425274,0.746244104306054,-5.1381292652349
"Ipo7",-0.379131574748372,6.01177002866003,-1.20773835903121,0.257204137939578,0.746281703264079,-5.11711842168605
"Hmgb2",1.17085640234829,9.48710753439226,1.20735695292422,0.257344012278583,0.746334172855257,-5.26484529554902
"Dclk1",-0.294230823587402,8.18996939969642,-1.20638080216173,0.25770228021792,0.74659659014116,-5.30133379440214
"Psmd9",0.451633173838051,5.83490704710005,1.2061940547516,0.257770866506894,0.74659659014116,-5.05802783355484
"Rapgef4",-0.671342566924571,5.67913948951436,-1.20608750730257,0.257810004569349,0.74659659014116,-5.0586533530853
"Dgcr6",0.359465440606497,6.32977487574235,1.2057831485645,0.257921831156794,0.74659659014116,-5.16762531387581
"Chic1",-0.608572820632561,5.52254714813744,-1.20481136377138,0.258279144557673,0.747074455900794,-5.02958729229861
"Hras",-0.319090713617464,7.00514206214703,-1.20467113089997,0.258330739564912,0.747074455900794,-5.25772455707557
"Zcchc3",-0.57090200739957,4.99285354124503,-1.20382960812865,0.258640531186128,0.74761753542858,-4.90985439379911
"Polr2b",0.473341920365929,5.77619482502017,1.20345261102937,0.25877941349981,0.747666311139479,-5.04172459004054
"Yme1l1",-0.374533198687626,6.64643505762558,-1.20266494060313,0.259069779013292,0.748100390367302,-5.22064309550865
"Msantd4",0.473912450136988,5.28048538725317,1.2015078430099,0.259496807751419,0.748100390367302,-4.93982917754331
"Fam45a",-0.455128892251364,5.4874688607276,-1.20110100948079,0.259647085592947,0.748100390367302,-5.02258628249955
"Mrpl50",0.487587922698718,5.39813548476385,1.20092025138496,0.259713877349456,0.748100390367302,-4.98364129141819
"Riok3",0.451301713156657,5.59796646001871,1.2008403421609,0.259743408963167,0.748100390367302,-5.01793706908887
"Katnb1",-0.498284748894623,5.03466005938895,-1.2005585342131,0.259847576864072,0.748100390367302,-4.92595176936705
"Cecr2",1.15648660409563,4.20788693913921,1.20019184134245,0.259983172342197,0.748100390367302,-4.72416573400288
"Ttc13",-0.580949465754906,4.95683130276757,-1.19974395582629,0.260148868822164,0.748100390367302,-4.90658766539739
"Psmg1",0.619279535311353,4.64006271398118,1.19963040694403,0.260190890111224,0.748100390367302,-4.81914269265395
"Chd4",0.340146710091267,8.03561577272841,1.1994752479617,0.26024831901736,0.748100390367302,-5.30019995542375
"Emg1",0.528521392739102,6.77327795327126,1.19940985797167,0.26027252484711,0.748100390367302,-5.21983185002793
"Fam96b",0.437127802886175,6.50929674213718,1.1990279868325,0.260413920882658,0.748155887092793,-5.18914485472054
"Nmt2",-0.374503025707018,6.43628289357611,-1.19849637739127,0.260610864156333,0.74837084140113,-5.19711175919952
"Pard6a",0.473998813918358,5.3215840732878,1.19776077619908,0.260883577994387,0.748462783592536,-4.9628972923027
"Klf10",-0.606060077061733,4.98926468098676,-1.19775112317714,0.260887158249618,0.748462783592536,-4.91458142419108
"Cald1",0.506136598071048,6.73692702311075,1.19588071118803,0.2615816337373,0.749629921482858,-5.23097444788869
"Nip7",0.44074688018822,5.3009751878887,1.19582758315373,0.26160138172405,0.749629921482858,-4.95407156248405
"Ldhb",0.541379682330506,8.30913209681924,1.1956673020711,0.26166096639227,0.749629921482858,-5.30598727021866
"Lztr1",-0.431497514465073,5.27981918684197,-1.19525946949065,0.261812628024521,0.749713918006665,-4.9860623703597
"Srsf11",0.335041211027794,8.14639241578345,1.19482731754881,0.261973410799268,0.749823942726724,-5.30702742814588
"Fmn2",-0.412201622118412,5.90313188971725,-1.1938306644866,0.262344520972153,0.750473487852002,-5.11057645413114
"Pdia3",0.430440062577844,7.40008890912876,1.19333750950465,0.262528307253169,0.750473487852002,-5.28622963908213
"Mapk9",-0.505342728133864,5.817364812928,-1.19323171497328,0.262567747708011,0.750473487852002,-5.09660729833449
"Epha3",-0.621149870906585,4.62773961431018,-1.19283802376004,0.262714558736913,0.750543037734173,-4.8481774807029
"Smap1",-0.319221865824222,6.76835174207733,-1.19211600847304,0.262983976891242,0.750637145146364,-5.24898713088165
"Tecpr1",-0.536828742888861,5.89093615988276,-1.19127515493846,0.263298020079524,0.750637145146364,-5.11276006193606
"Dennd1a",0.610601443269398,5.61622699561155,1.19077296411366,0.263485723224271,0.750637145146364,-5.05396495960446
"Atic",0.45455477269001,5.15136860783154,1.19020263352349,0.263699025688172,0.750637145146364,-4.93283175303192
"Gns",0.479323969587254,6.07335342565316,1.19000149048322,0.263774285963764,0.750637145146364,-5.12470366326273
"Gria4",-0.778233207851202,4.76438059201698,-1.18922329370617,0.26406562144243,0.750637145146364,-4.85415563321277
"Tuba1a",0.740924490761464,11.379569566737,1.18892145267914,0.264178692193297,0.750637145146364,-5.19405230213168
"Nifk",0.485407745911415,5.45271456266285,1.18884651106733,0.264206771639019,0.750637145146364,-4.99450521586606
"Nfil3",0.921098205154943,4.66717615498877,1.18877722064201,0.264232735813296,0.750637145146364,-4.75323936258864
"Hsbp1",0.296941071594401,8.16606056340817,1.18843854931824,0.264359670679885,0.750637145146364,-5.31457318358336
"Nfs1",-0.496489882689107,5.62114883111994,-1.18824403763833,0.264432596354231,0.750637145146364,-5.06437324597228
"Psme4",0.457117659701376,5.4225188134741,1.18805440442502,0.264503708609609,0.750637145146364,-4.99744519164704
"Sept4",0.988566865723417,5.56467004681842,1.1880516574189,0.264504738847187,0.750637145146364,-5.04283217569783
"Suclg1",-0.359494747010881,7.09112703629761,-1.18785572618308,0.264578229263766,0.750637145146364,-5.28218204935423
"Fam32a",0.50364693578992,6.26005560914821,1.18766424892959,0.264650064956937,0.750637145146364,-5.16905146166285
"Zc3h14",0.384452881057664,6.36442781062876,1.18751148631742,0.264707387510002,0.750637145146364,-5.19074373328489
"Sec31a",0.488626823639063,5.70731548282399,1.18566780406845,0.265399998509564,0.751027771232831,-5.04590827400951
"Ndufs4",-0.285893975346053,7.3212551643391,-1.18566330578907,0.265401690147843,0.751027771232831,-5.299069677938
"Pea15a",-0.529084600759822,7.76420715538449,-1.18538936572268,0.265504725339501,0.751027771232831,-5.31802932214646
"Ei24",0.417320053396985,6.26257305745963,1.18534868924182,0.265520027448738,0.751027771232831,-5.17615539323031
"Ptgs1",1.36663673012295,4.99632579181456,1.18530739103626,0.265535564171012,0.751027771232831,-4.7640431674771
"Mat2a",0.306377613015482,8.14403267493233,1.18475978723505,0.265741646363849,0.751027771232831,-5.3178135225048
"Dcp2",-0.445582974326182,5.25138675634627,-1.18452429631792,0.265830309276229,0.751027771232831,-4.98306252011577
"Lmbrd1",-0.39152493459404,6.33446831385195,-1.18389337630612,0.266067969513428,0.751027771232831,-5.19409889115684
"Psmd4",0.304234407230778,7.35897327670012,1.18366749334658,0.266153098535205,0.751027771232831,-5.29769726459833
"Pcif1",-0.328303851747844,6.39583842501553,-1.18360682356892,0.266175967023174,0.751027771232831,-5.20720913050687
"Cenpw",0.845609043230873,4.65737758783863,1.18343659703558,0.266240139589308,0.751027771232831,-4.76503634371607
"Cfap36",-0.402554333480359,6.42021639292774,-1.1827411438533,0.266502443105841,0.751027771232831,-5.21026833956845
"Gpr19",0.624248193956597,4.49204258204973,1.18224171627093,0.266690939957514,0.751027771232831,-4.776475354288
"Eif6",0.476613335386561,6.41136668087248,1.18204277335059,0.266766055990588,0.751027771232831,-5.18230887336349
"Mpc2",-0.304302483493027,7.60796325463307,-1.18180371171462,0.266856342375339,0.751027771232831,-5.3152595445241
"Ccdc85b",-0.540783599136338,5.73633911938622,-1.18165698605739,0.266911768401919,0.751027771232831,-5.08946695436822
"Fam64a",-0.778476241851701,4.9050504648505,-1.18139822771612,0.26700953763335,0.751027771232831,-4.90901616533714
"Bhlhe22",0.762158568361765,6.33154083949344,1.18125485570039,0.267063721694473,0.751027771232831,-5.19201048182306
"Emc4",-0.336847233008129,6.3270555337711,-1.18096387647204,0.267173717573037,0.751027771232831,-5.19767781333865
"Ash1l",-0.313202516822079,7.6571251017858,-1.18032432297989,0.267415609319057,0.751231087314714,-5.31849182309898
"Slco2b1",1.34568346649144,5.13789195543448,1.1798387634329,0.267599374983374,0.751231087314714,-4.82896192451423
"Msra",-0.493042882857269,5.14698422792399,-1.17959499172281,0.267691671462387,0.751231087314714,-4.97108715615483
"Mex3b",0.812704712169933,5.91224357029752,1.17916818286869,0.267853330756656,0.751231087314714,-5.00800737763557
"Lyrm4",0.449306902724489,5.21788050384775,1.17823873103473,0.268205643723577,0.751231087314714,-4.96982721800166
"Pacs2",0.513773488995228,5.52010109255233,1.17786823265315,0.268346186490697,0.751231087314714,-5.01042214758075
"Tacc1",-0.465374894826212,6.15395966500487,-1.17786126391457,0.268348830538985,0.751231087314714,-5.17290026436309
"Igbp1",0.501799646230398,5.43153674908322,1.17769865552252,0.268410532640074,0.751231087314714,-4.98377750941956
"Atxn10",-0.342616033554027,8.07252878322582,-1.17755928655261,0.268463425554473,0.751231087314714,-5.33142383077232
"Myo9a",-0.3233668009084,6.69541684229386,-1.17753683952468,0.268471945368672,0.751231087314714,-5.25598409364639
"Brix1",0.449689312987436,5.49461188380478,1.17716097536027,0.26861463760051,0.751287311371941,-5.01063551408266
"Sephs1",-0.610339195314637,4.93521486832943,-1.17604957246369,0.269036924153593,0.751383835052616,-4.92744682011211
"Zfand1",0.681588073344927,4.81999659889494,1.17566787907867,0.269182074447967,0.751383835052616,-4.89354509221497
"Ngdn",-0.626464995813444,5.40518478298523,-1.17511073156181,0.269394059151576,0.751383835052616,-5.01091544387796
"Slc25a22",-0.655477732830903,5.71319072973772,-1.17510775268819,0.269395192919608,0.751383835052616,-5.09524763891616
"Psme2",0.512947232305474,5.79863371952682,1.17504131936701,0.26942047863055,0.751383835052616,-5.06898410131041
"Cwc27",0.521375945216815,5.12949451895183,1.17454592346831,0.269609095187138,0.751383835052616,-4.94193426258287
"Rnf146",0.42444926848015,6.55292412564732,1.17411873900002,0.269771825980355,0.751383835052616,-5.22577426074642
"Ddx24",-0.392576953386834,7.58188677795797,-1.17410079901239,0.269778661725569,0.751383835052616,-5.32265757305413
"Ccdc124",0.360689175430905,6.66111590354464,1.17397708829356,0.269825803495335,0.751383835052616,-5.24844263431032
"Peak1",-0.556260832124916,5.19425113513546,-1.1738472243289,0.269875297152547,0.751383835052616,-4.98388045859472
"Rsl1d1",0.405746802953525,6.7754139191397,1.1725132153592,0.270384135020448,0.751896598858594,-5.26119335089586
"Ccm2",0.450564389421682,5.5488675620557,1.17194111940486,0.270602587882911,0.751896598858594,-5.03742077219556
"Elovl4",-0.522744370380796,5.44303240353046,-1.17140727134441,0.270806563408048,0.751896598858594,-5.04199649895346
"Dpm1",-0.383165454769091,6.50509979860773,-1.17011484265855,0.271300891358826,0.751896598858594,-5.23449782325043
"Tspan33",0.529791492086572,4.74992836313234,1.16996197987857,0.271359406035659,0.751896598858594,-4.88798436289778
"Trps1",0.432737374731499,5.5279415855361,1.169891913789,0.271386230162977,0.751896598858594,-5.04273044491237
"Lmnb2",0.778560840831866,4.68664257346574,1.16982489646869,0.271411889084172,0.751896598858594,-4.8058181373438
"Nhlh2",0.661092860504459,6.77580793919875,1.16943145353031,0.271562565743774,0.751896598858594,-5.26358869020598
"Eif2s1",0.429031248459368,6.12756821473364,1.16942621414059,0.271564572722018,0.751896598858594,-5.15249123989379
"Bcat1",-0.419677576994252,5.22010690099026,-1.16900658304223,0.271725353367324,0.751896598858594,-4.99482411926271
"Dnajc19",0.380890275451073,6.58109250585223,1.1683033974483,0.271994947982959,0.751896598858594,-5.24140940158454
"Gadd45gip1",0.373743546401203,6.11622930034298,1.16792459564566,0.272140265620707,0.751896598858594,-5.16206236191899
"Nfix",0.506676539833469,9.67327827024011,1.16769802901554,0.272227211797435,0.751896598858594,-5.2984596208266
"Timm21",0.533436322379955,4.92166845311559,1.167313764779,0.272374726080792,0.751896598858594,-4.90724082249318
"Hsp90ab1",0.316556976964959,11.0086943000756,1.16703670933633,0.272481123889549,0.751896598858594,-5.23006008343663
"Zfp106",0.32059644404632,6.19095364447799,1.16651674373841,0.272680896376434,0.751896598858594,-5.18052966035691
"Sae1",0.486463631074761,6.50124656732045,1.16633716311155,0.272749919040019,0.751896598858594,-5.21429497628912
"Dstn",0.291166394047705,8.4827198074295,1.16625165771532,0.272782788351561,0.751896598858594,-5.34068032281088
"Shisa4",0.391545189960428,6.76754774275439,1.16615287545189,0.272820765393948,0.751896598858594,-5.26841183508666
"Homer1",-0.502108573497087,5.62325931018538,-1.16585368183876,0.272935816774228,0.751896598858594,-5.08195803323597
"Kmt2b",0.390126644598835,5.63658655130994,1.16571687716739,0.272988436317671,0.751896598858594,-5.06226760819826
"Mrps16",0.390356790913056,6.21184396323533,1.16459875015424,0.273418808450633,0.751896598858594,-5.177669182972
"Wdr43",0.434107220466688,6.07554963746558,1.16397226081026,0.273660183876441,0.751896598858594,-5.15803911050827
"Copg1",-0.474170119430365,6.34534397695682,-1.1635973948103,0.273804694584856,0.751896598858594,-5.21589671021481
"Nav2",-0.558432151107396,7.05668460308216,-1.16328911387358,0.273923582438078,0.751896598858594,-5.30348636302056
"Lta4h",0.478885479575103,5.52187734030551,1.16289779512058,0.274074553007961,0.751896598858594,-5.0467707863085
"Zc3h15",-0.312410931247077,7.42412180725845,-1.1622081162814,0.274340792456202,0.751896598858594,-5.32874964269419
"Atg101",0.475148349783739,5.48823975643552,1.16219680079287,0.274345162339797,0.751896598858594,-5.0141455347148
"Tada1",-0.368830183232049,5.90138887022264,-1.16206906683412,0.274394495264003,0.751896598858594,-5.14147778544037
"Qdpr",0.413028315644148,6.65055439220306,1.16172287697457,0.274528234997457,0.751896598858594,-5.25543389984922
"Ppm1l",-0.452041119110784,6.22822303794778,-1.16171998555153,0.274529352228259,0.751896598858594,-5.20134612244228
"Armcx2",-0.410473822053356,5.79674598324802,-1.16090786937803,0.274843293348047,0.751896598858594,-5.12270265862126
"C1ql3",-0.72961550744278,6.27357793583917,-1.16073755371361,0.274909168884985,0.751896598858594,-5.20460161112203
"Nktr",0.264364039680317,8.05879280415483,1.16062885025845,0.274951220331565,0.751896598858594,-5.34277691352604
"Hagh",-0.380460091324856,6.21130047913013,-1.16058957191726,0.274966416244665,0.751896598858594,-5.19986435900955
"Slc1a1",-0.680440559925625,4.8120879995161,-1.16049814516076,0.275001789809967,0.751896598858594,-4.90102047346733
"Ssbp1",0.479898071915317,6.46943983704611,1.16036368962248,0.275053818066377,0.751896598858594,-5.22278961803946
"Cnep1r1",0.394203857513091,5.69464374357009,1.16025726363056,0.275095005714,0.751896598858594,-5.0841367194766
"Maf",0.734591752803335,5.70759613417167,1.16009960336748,0.275156030446547,0.751896598858594,-5.04877268558373
"Rab1b",-0.480238440711795,5.72092853845343,-1.15972466998096,0.275301197320878,0.751896598858594,-5.1126926894694
"Mob1b",0.425905222414304,5.47529210789518,1.15951621576825,0.2753819331315,0.751896598858594,-5.03918187337199
"Icam1",1.84695836304426,4.7169774091544,1.15889498804838,0.275622651062775,0.751896598858594,-4.72696276007553
"Cnbp",0.269851168738995,8.35750199590104,1.1587430473832,0.275681551687633,0.751896598858594,-5.34821025561868
"Nudt3",-0.360336228141567,7.3727599863561,-1.15855551091902,0.275754265053783,0.751896598858594,-5.3299132047049
"Tcf25",-0.29523966128752,8.52957192255317,-1.15842602527139,0.275804479344467,0.751896598858594,-5.35109688570531
"Ppp2r2c",-0.521232006569831,7.04425681923891,-1.15832249245718,0.27584463441904,0.751896598858594,-5.30905123499836
"Lingo1",-0.439849222298272,6.68379422445433,-1.15809304129811,0.275933643377206,0.751896598858594,-5.27011049831394
"Sdc3",-0.883676431053495,6.23641108242493,-1.15797382783309,0.275979897838104,0.751896598858594,-5.20045767270635
"Atp5j",0.354036334909059,8.79984199148398,1.15773728230711,0.276071695076997,0.751896598858594,-5.34792670215808
"Map3k1",0.438768849155191,5.20022196316872,1.1573286416308,0.276230335348654,0.751944122987308,-4.98210614120467
"Cxx1a",-0.429304025445295,7.5823227104901,-1.15706027951809,0.27633455694638,0.751944122987308,-5.3405028199441
"Oxa1l",0.537765688970677,4.97897403924945,1.1563473934186,0.276611566846715,0.752363817859152,-4.94898333848375
"Serinc1",-0.354849275017792,9.12797542609698,-1.15495242812656,0.277154255677667,0.753505447556675,-5.33842793663241
"Slc24a2",-0.388901559756366,7.29013073359674,-1.15449956397127,0.277330617366285,0.753650564621106,-5.33002993852719
"Idh2",0.512166692188765,6.19884221156077,1.15367317868572,0.277652671926572,0.753925157557274,-5.15820353347829
"Ube2a",0.426183774237689,5.92150499382718,1.15306829897964,0.27788859108673,0.753925157557274,-5.11971954826483
"Znhit1",0.342941230047797,6.1356308823622,1.1529874353655,0.27792014212796,0.753925157557274,-5.18294330326474
"Pdrg1",0.390254015753058,5.98531098128809,1.15242222247257,0.278140754216858,0.753925157557274,-5.1531042282526
"Txndc9",0.358821734729361,6.91101835139244,1.15224967962435,0.278208128335641,0.753925157557274,-5.29624572351961
"Nnat",0.791043590678768,9.12801543143708,1.15220272715326,0.27822646447089,0.753925157557274,-5.34049846877171
"Vta1",0.453159737977878,6.2360871763418,1.15195089752731,0.278324826754305,0.753925157557274,-5.19381581746125
"Slc29a1",0.755263296447482,5.71913538785656,1.1517177941044,0.278415899404718,0.753925157557274,-5.07903005508906
"Vamp2",-0.389215137956725,8.23034641939794,-1.1506323312475,0.278840297882333,0.754720033251012,-5.36084724016739
"Lpcat2",1.12422890249239,5.31629230934607,1.14981678861267,0.279159500118931,0.754720033251012,-4.87768806121329
"Efhd2",0.504528423642155,6.93008928506623,1.14938196488431,0.279329808163123,0.754720033251012,-5.29693466039547
"Fam63b",-0.406183195395165,6.71257870496365,-1.14914819092447,0.27942140486876,0.754720033251012,-5.28785049203919
"Sptbn2",-0.408166037260618,6.06642601031385,-1.14876510780267,0.279571555092431,0.754720033251012,-5.18592034293593
"Med1",-0.296997581680708,6.60223192820512,-1.14847671313711,0.279684634262616,0.754720033251012,-5.27462136668267
"Ocrl",-0.418753045159845,6.19560983187483,-1.14831261757515,0.27974899213205,0.754720033251012,-5.20927251837016
"Snx27",-0.339839885357021,6.67353632650433,-1.14830426413231,0.279752268646061,0.754720033251012,-5.28340944135181
"Prickle2",-0.613945242809104,5.12709233191515,-1.14791468419988,0.279905109453838,0.754720033251012,-4.99591577888854
"Vapa",-0.361277203875418,8.0023831217898,-1.14782314834388,0.27994103061024,0.754720033251012,-5.36170682891689
"Tra2a",0.260236070808491,8.33946451374398,1.14639944779016,0.280500200718293,0.755661567204799,-5.36085122241446
"Abca2",-0.466144121894151,6.10568168796993,-1.14630611071798,0.280536890566403,0.755661567204799,-5.19626979502887
"AY036118",-1.04998992381109,8.12626331137909,-1.14589148471508,0.280699921848158,0.75576850662808,-5.36273020344993
"Klhdc2",0.337107357881144,7.39364790936511,1.14511030102279,0.281007288164327,0.755950791135278,-5.33867216000244
"Mettl9",0.384191429698515,7.29081762085703,1.14470634770556,0.281166333259972,0.755950791135278,-5.33189176241426
"Nap1l3",-0.477087335348783,5.50309624176527,-1.14456536116902,0.28122185949329,0.755950791135278,-5.08366911141512
"Exoc3",0.307767197490036,6.28763855912759,1.14446582890017,0.281261064586885,0.755950791135278,-5.22228591751116
"Rbbp7",-0.317977925528128,7.28480480013685,-1.143686635747,0.281568133361754,0.756444331977567,-5.34097331772482
"Luc7l3",0.304135088078513,8.27133586544654,1.14256727975277,0.282009720534343,0.757298671093101,-5.36367237268552
"Isca2",0.354849104836951,6.08941726001779,1.14179986771002,0.282312782465809,0.757780434056276,-5.17821143894322
"Pdia6",0.378771627552084,7.75885486338628,1.14108582271691,0.282595000700359,0.758205851266112,-5.35521894912845
"Tmco1",0.426170929305692,7.05253841292848,1.14024054009945,0.282929377942389,0.758492292243128,-5.32038681501843
"Sh3bgrl",0.381129187897026,7.5850537772271,1.13997916332622,0.283032836871545,0.758492292243128,-5.35085679781957
"Slc25a16",-0.381572393757246,5.46510760101191,-1.13987749853748,0.283073086220632,0.758492292243128,-5.08054297345603
"Trim13",0.721819622971789,4.35255938243779,1.13904995402429,0.283400881804422,0.758640215570944,-4.77574508066362
"Chpf",-0.438767143001841,5.23172312713568,-1.1389243797466,0.283450648811672,0.758640215570944,-5.02926121110961
"Pnmal2",-0.620427645870844,7.43853958958524,-1.13865606259799,0.28355701018303,0.758640215570944,-5.35315312093106
"Fbxo25",0.520003961033565,5.41227884102837,1.13838653778983,0.283663882070556,0.758640215570944,-5.06557681469142
"Atp5b",-0.279256189467774,9.41150405029849,-1.13795889322678,0.283833516958427,0.758640215570944,-5.34287075921528
"Kcnh7",0.630771570022555,6.82812231052677,1.13728656146446,0.284100374836731,0.758640215570944,-5.30522169566458
"Kctd2",0.376720159870921,5.90875235083057,1.13717882810298,0.284143154158363,0.758640215570944,-5.15088532050882
"Rai1",-0.459815443133801,5.86222331686441,-1.13693966101053,0.284238142078633,0.758640215570944,-5.16220081559772
"Bptf",0.351811857793813,7.92357141926047,1.13692873301066,0.284242482857521,0.758640215570944,-5.36370486864106
"Jade1",-0.385674077160754,6.00355613462357,-1.13602938002708,0.284599900195288,0.759174569278945,-5.18696543035202
"Gpbp1l1",-0.386667976982607,5.31997012834371,-1.1353555918719,0.284867907212629,0.759174569278945,-5.05245924864986
"Ttyh1",-0.622840841491628,5.95918769074258,-1.13514485870365,0.284951769707114,0.759174569278945,-5.18158150364224
"Man2b1",1.1415727269951,5.62093754009274,1.1349388149246,0.285033784897859,0.759174569278945,-4.99253410356387
"Smc3",0.304862122402383,7.61435871833172,1.13480140112602,0.285088492472726,0.759174569278945,-5.35840982478871
"Fundc1",-0.604870472548204,5.41945481261488,-1.13430266301648,0.285287121233892,0.759174569278945,-5.05859030852473
"Rwdd1",0.339461124866445,7.13603505690747,1.13424549920818,0.285309894427123,0.759174569278945,-5.33509983913247
"Cacng4",-0.793880146819548,5.69842166520879,-1.13378698057232,0.285492613259543,0.7593310477667,-5.13184179845707
"Kctd20",-0.433786968313591,5.61302154462224,-1.13298313460387,0.285813167476101,0.759490452054319,-5.11796984722399
"Rictor",-0.48315203516068,5.64978625351291,-1.13295779102051,0.285823278501236,0.759490452054319,-5.1253494907183
"Olfml3",1.60044134878317,5.6731351776897,1.13269543736525,0.28592796318737,0.759490452054319,-4.90664436211403
"Gmcl1",0.484451080523221,5.5009140448386,1.13206285790674,0.28618050035239,0.759490452054319,-5.07570992275023
"Larp7",0.533798660598451,5.91752723350885,1.13178187562637,0.28629273002985,0.759490452054319,-5.11178068649798
"Socs2",-0.428088670043591,5.93316571410021,-1.13177325864907,0.286296172363818,0.759490452054319,-5.17578005875461
"Trim26",0.389585301176054,5.52338996385684,1.13090082561594,0.286644863468678,0.760086422906126,-5.06321870852894
"Dnajb5",0.429547000588023,5.42882169601542,1.13044727126013,0.286826270912597,0.760238489685293,-5.05664380776885
"Ptpra",-0.291060241734294,7.14581311506425,-1.1296243717075,0.287155636041277,0.760782420086877,-5.34655361048181
"Xpo6",-0.391045845415916,6.07034508893249,-1.12898893213583,0.287410174478585,0.761127722214679,-5.20719601728644
"Ankrd11",0.330545734318426,7.54471071761963,1.12865562913704,0.287543756997425,0.761152545520614,-5.36278574715829
"Pcp4",0.875566611079181,8.82592764791407,1.12780720934241,0.287884011002898,0.761724188007667,-5.37224145629791
"Zfp608",0.349310305937781,6.26244113875919,1.12746807805148,0.288020106460954,0.761755378676188,-5.23256890082542
"Tmem167",-0.293531266158941,6.75269943013925,-1.12675607374071,0.28830600311666,0.761909420450388,-5.31485388983627
"Specc1l",0.523299049345664,5.3484465601922,1.12618482844921,0.288535541331628,0.761909420450388,-5.05517551389377
"Ppp1r9a",-0.363176198622031,7.10314184704822,-1.12582405353693,0.288680582335732,0.761909420450388,-5.34732766191879
"Iqgap1",-0.434067528507418,6.08518771084974,-1.12502350487673,0.289002629037975,0.761909420450388,-5.21420931995268
"Akt1s1",0.466193082699799,5.66415955088861,1.12474258383612,0.289115705682906,0.761909420450388,-5.1198657741739
"Ddx39b",0.333037519376206,7.81849872331367,1.12467160573718,0.289144281376816,0.761909420450388,-5.37373134918974
"Pgs1",0.438421660855902,5.70252735668995,1.12448533402701,0.289219284709596,0.761909420450388,-5.12381654430277
"Fam131a",-0.566879122647758,6.64232449476993,-1.12378376458999,0.289501913000253,0.761909420450388,-5.29359798514531
"Vapb",-0.370806020044092,6.23305883711367,-1.12351784656132,0.289609095267708,0.761909420450388,-5.2407356355693
"Mcm4",0.942158669046145,4.79182766953594,1.12305680369221,0.289794999544867,0.761909420450388,-4.82032620078561
"Abi2",-0.313067261319417,7.3686081634566,-1.12289671524543,0.289859573259422,0.761909420450388,-5.36667816786288
"Itfg1",-0.468644067739488,6.72849839337878,-1.12194202155377,0.290244896195337,0.761909420450388,-5.31569418201321
"Cyc1",0.288781774863109,7.39751817675775,1.12180729921721,0.290299303761858,0.761909420450388,-5.36497753610347
"Slc25a51",-0.343220805444526,6.87347655711801,-1.12170923785686,0.290338910850157,0.761909420450388,-5.33195202783484
"Minos1",-0.279719775989601,7.77829758047959,-1.12170149110017,0.290342039954582,0.761909420450388,-5.3829645260828
"Rnf19b",-0.442284060685277,5.57826280613378,-1.12123342259677,0.290531153480997,0.761909420450388,-5.11998172903897
"1500011B03Rik",-0.322482401563061,6.63032941735753,-1.12113525406395,0.29057082875752,0.761909420450388,-5.30501770399084
"Mex3d",0.64216511511448,5.83531456294723,1.12104443887984,0.290607535936568,0.761909420450388,-5.11272845820548
"Extl2",-0.726544506846174,5.01505186086341,-1.12080446397764,0.29070455049612,0.761909420450388,-4.97150193502629
"Aggf1",0.346459955591182,5.91327207259671,1.12075746620442,0.290723553248615,0.761909420450388,-5.16582302540062
"Ssh2",0.483572320459046,6.4277728857929,1.12035216549581,0.290887470239895,0.761909420450388,-5.25267945639522
"Tcf20",-0.353516878586174,5.95813458534807,-1.12022704656302,0.290938087140144,0.761909420450388,-5.19254608303947
"Scmh1",-0.425137697733908,6.25990029345778,-1.11972914264905,0.291139582900705,0.761909420450388,-5.2462495219886
"Uba3",-0.346273927055629,6.03154690750925,-1.11920022403741,0.291353750042693,0.761909420450388,-5.20976029326506
"Ahdc1",-0.356718544568348,5.86168870561237,-1.11916346951231,0.291368637104027,0.761909420450388,-5.17808536624786
"Zfp865",0.504171246985196,4.91827704508316,1.11828225407827,0.291725743758008,0.761909420450388,-4.94352788764184
"Aip",-0.35028805983513,6.09390699128301,-1.11792850548844,0.291869194665672,0.761909420450388,-5.2208332431593
"Mrps28",0.562134591457371,5.19538785470223,1.11791435208354,0.291874935257899,0.761909420450388,-5.02152208173725
"Atp5g1",-0.299952498809446,8.32020550811694,-1.11783385008228,0.291907588392162,0.761909420450388,-5.39438895495127
"Dnlz",0.384271153998773,5.70587675211237,1.11759064007207,0.292006256396712,0.761909420450388,-5.13337023248555
"Adrbk2",0.484025683024959,5.93705216000721,1.11740287366193,0.292082449367345,0.761909420450388,-5.14911682877603
"Kras",-0.300538875259048,6.96944587436169,-1.11699938430502,0.292246232487287,0.761909420450388,-5.3457133639204
"Rgs4",-0.408108818128629,6.26984083281156,-1.1169515752247,0.292265643774052,0.761909420450388,-5.25337418244219
"Fbxl3",-0.366009373467237,6.27542559823359,-1.11685303988921,0.292305653961955,0.761909420450388,-5.25451487205646
"Naa50",0.373194324488452,6.63921757858548,1.11597295881978,0.292663200827222,0.762517047053238,-5.30212387394601
"5330417C22Rik",0.555851300309797,6.36384218495986,1.11521391236331,0.292971851024221,0.762550966413934,-5.26558813947979
"Dnttip1",0.387157103822122,5.89481407190985,1.11505736376854,0.29303553995473,0.762550966413934,-5.15884221379723
"Limk2",0.452540784783491,5.2016016822588,1.11453350655815,0.293248740650493,0.762550966413934,-4.99352165599979
"Churc1",-0.378682463687391,6.15874766568494,-1.11443883102829,0.293287284907327,0.762550966413934,-5.23723932324829
"Lrrc8b",-0.431880023071749,5.29096384569873,-1.11441151796777,0.293298405325986,0.762550966413934,-5.06661725144638
"Praf2",0.373007599710339,5.77839930769846,1.11386213008471,0.293522156935679,0.762805749832399,-5.14083839486752
"Ldb1",0.449824594791452,5.66333261336027,1.11355976485066,0.293645359636852,0.762805749832399,-5.10831607711263
"March2",0.449775018155244,6.05170305673669,1.11316418055219,0.29380660688647,0.762901223305207,-5.19150008498633
"Snrpe",0.590363665560434,8.46606810296639,1.11284566450265,0.293936490170274,0.762915210403828,-5.39307924748497
"Tex30",0.695231006501515,5.01887340823125,1.11178076383661,0.294371058117191,0.763330797831944,-4.91489343463247
"Wdr47",-0.285372912731259,6.83976409109252,-1.11166109898375,0.294419922763885,0.763330797831944,-5.33930673399518
"Rcbtb2",0.468388232094919,5.78748407227103,1.11153774316496,0.294470301252402,0.763330797831944,-5.12002965865362
"Vdac2",0.296049029270959,8.1514919526413,1.11056498878929,0.294867810524595,0.76403803082229,-5.39528326612843
"Zfp280d",0.358801275866915,6.7409882677379,1.10982946783953,0.295168654901412,0.764494301452179,-5.32622202207689
"Cdkn2c",0.536928846631938,6.60122520733687,1.10929786255693,0.295386242807193,0.764734641285373,-5.29684149164364
"Pdxdc1",-0.436839169276478,5.26452860628665,-1.10898672106671,0.295513652339846,0.764741411122708,-5.06366076142093
"A330017A19Rik",-0.386104088707434,5.50662981308102,-1.10808762062626,0.295882067265338,0.765371594850987,-5.10785535483007
"2610001J05Rik",0.481378464598419,6.15621353007522,1.10739472599761,0.296166232485818,0.76578340619118,-5.23575124905599
"Ndufs3",-0.273481885753215,7.46189173907624,-1.10649575289886,0.296535231253031,0.76641412784419,-5.38747566050626
"Rbm18",-0.326925992567019,6.3421219615502,-1.10528860311421,0.297031291627399,0.767372578032336,-5.2772787884103
"Tmem121",0.739281216895811,5.32133884798367,1.10434063000139,0.297421301578639,0.76789873933219,-5.08237541960227
"Pank2",-0.522734121706592,5.53601361681485,-1.1041608302936,0.297495318912524,0.76789873933219,-5.11446784442727
"Uggt1",0.465541898477429,5.03979273986872,1.10388017096235,0.297610885429822,0.76789873933219,-5.00158852883591
"Clcn3",-0.281331323862058,7.1875403737127,-1.10348401671054,0.297774068724795,0.767996419674051,-5.37577371471017
"Crlf3",0.407168143097136,5.63481417464501,1.10279902079466,0.298056396113281,0.768054171888122,-5.10435004367963
"Wiz",0.523212438389784,5.45571552733857,1.10277425327235,0.298066608189669,0.768054171888122,-5.0499118844251
"Vamp3",0.444741440561255,5.88393817626983,1.10251755224778,0.298172466534243,0.768054171888122,-5.15530367255296
"Blmh",0.371752004060642,6.10743163626085,1.10192025930784,0.298418891724026,0.76824158029529,-5.22722746846748
"Uxs1",0.381667693948843,5.55860543344738,1.10173355376773,0.298495953440451,0.76824158029529,-5.11204985459214
"Samd14",-0.348350078425308,5.97842578149092,-1.10010728559299,0.299167843779515,0.769647584668711,-5.21749085673315
"Abhd17c",0.453178270967902,5.5549881093799,1.09980225775711,0.299293996858276,0.769649019197448,-5.10605233041457
"Ube2k",-0.313326424745553,7.26076152790582,-1.09828239357403,0.299923198940836,0.77094352479423,-5.38551820183903
"Snhg9",0.827889465076726,4.89758962942504,1.097187399033,0.300377149595017,0.771559670670246,-4.93315284592845
"Chd3",-0.309722335297355,8.09633421630842,-1.09682523946772,0.300527407410615,0.771559670670246,-5.41476151531345
"Mbd5",-0.379445023528066,5.79623655684247,-1.09679339479874,0.300540622371063,0.771559670670246,-5.18581132050303
"Morf4l1",-0.296789662080917,9.18964653419287,-1.09622390559647,0.300777026491183,0.771575218668229,-5.3961194293356
"Mfap2",0.863831197625414,5.68240959382333,1.09586164240392,0.300927483099907,0.771575218668229,-5.09318264950257
"Rad21",-0.35567780943943,7.52676057504079,-1.09556032448362,0.301052672306102,0.771575218668229,-5.4012834536656
"Psmd7",0.285734842204749,7.18432963668314,1.0954192227742,0.301111310074072,0.771575218668229,-5.37882721238659
"Cby1",0.359061220312128,6.04695331823705,1.09526303472633,0.301176227652481,0.771575218668229,-5.22016408724854
"Impact",-0.376231478476732,7.1932887960751,-1.09463663308049,0.301436693000567,0.77191978884558,-5.38497730965481
"Sccpdh",0.502135323076454,5.75084919555063,1.09354810085075,0.301889734734197,0.772266843916602,-5.16801044503849
"Pcf11",0.399872474240259,6.25729917354443,1.09305738094183,0.302094143064091,0.772266843916602,-5.25625340592943
"Kcna1",-0.495172422646998,5.33880532466058,-1.09292729423988,0.3021483484473,0.772266843916602,-5.08872915169514
"Set",0.436369183995497,8.84361924574496,1.09256243450255,0.302300420960666,0.772266843916602,-5.41281984337527
"Sobp",-0.381748677361443,6.84414190774716,-1.09229673143784,0.302411202696535,0.772266843916602,-5.35880402118137
"Minpp1",-0.404948187810041,5.83754156306613,-1.09199208154662,0.302538261687596,0.772266843916602,-5.19965727868029
"Becn1",0.313333917594407,6.21447857583623,1.09196927714096,0.302547774290071,0.772266843916602,-5.25623616674538
"Cdk2ap1",0.492190966411105,8.33560477231773,1.09189106788795,0.302580400170327,0.772266843916602,-5.41317363300857
"Upf3a",0.505222464274506,4.66811266707229,1.09148933414296,0.302748031080436,0.772372995196049,-4.93793540743409
"Reep2",-0.532550364475156,5.0882486379352,-1.09078318137016,0.303042861443278,0.772803435257765,-5.03256376738962
"Trim3",-0.428075048115337,5.14455692506354,-1.09040843748181,0.303199413747494,0.772881034710749,-5.05212326178704
"Zc3h18",-0.507189856636047,5.37403652588148,-1.0898859983288,0.303417771791857,0.772918900449227,-5.10550351128079
"Zfp398",0.382049100196381,5.50726309087975,1.08976938862564,0.303466526514497,0.772918900449227,-5.10305370091155
"Trank1",-0.357556287259567,5.53141904301621,-1.08880493009308,0.30387000161952,0.773547220161876,-5.14268709937272
"Noc2l",-0.396216619401782,5.48402001689324,-1.08857636088974,0.30396568311844,0.773547220161876,-5.12616494769364
"Dek",0.352724581703394,8.33614278395841,1.08680940077042,0.304706140760543,0.774389292240447,-5.42063199977634
"Gna12",0.642624342084175,5.40423203612807,1.08636197519413,0.304893859603862,0.774389292240447,-5.02661785089276
"Gemin7",0.449125618713625,5.79505918280304,1.08623520029683,0.304947064726097,0.774389292240447,-5.14796905546395
"Satb1",-0.415256528861859,6.35059775980982,-1.0860971267032,0.305005019897746,0.774389292240447,-5.29741499077087
"Rbm25",0.261172596143493,8.46720316718509,1.085858058512,0.305105386858429,0.774389292240447,-5.422943271253
"Fam155a",-0.477659333625144,6.11981111707747,-1.08577880836022,0.305138663757248,0.774389292240447,-5.25806542162229
"Nup43",0.897751734168376,4.64188776390793,1.08567761474657,0.30518115874032,0.774389292240447,-4.82243046281247
"Epn2",-0.646266136620197,6.51071752011849,-1.08489752280912,0.305508902566809,0.774900064126408,-5.30862979261277
"Ncoa1",-0.404692770918541,6.85925588048221,-1.0844953954928,0.305677956816172,0.775008075866572,-5.36743987953226
"Plcb1",-0.484111455525717,7.04068503742229,-1.08240296113644,0.306558786051152,0.776919868040306,-5.38519472212477
"Mrpl2",0.384020079600627,5.58323885636368,1.08185224975472,0.306790939459059,0.777186803226586,-5.14066917604295
"Atp5g2",0.311317842577369,8.87556026891735,1.08099446286541,0.307152812192879,0.777579726474527,-5.42435855955554
"Bnip3l",0.334932206590867,7.69097305283163,1.08047427585584,0.307372423242864,0.777579726474527,-5.41510266212065
"Map4k4",0.37861109107066,8.10507186104976,1.08037918027965,0.30741258355152,0.777579726474527,-5.42290047638848
"Prrc2c",0.319008384094707,7.8843285225482,1.08028206101717,0.307453602684037,0.777579726474527,-5.42033812196927
"Pcbp1",0.265576544253509,8.2837415375428,1.07930304277636,0.307867335747966,0.777650964009735,-5.42854343586301
"Dazap2",0.390282280189227,6.45907842104431,1.07926561243749,0.307883162349907,0.777650964009735,-5.30893544174506
"B230334C09Rik",-0.476468231782142,6.77537156889751,-1.07905564059166,0.307971956028026,0.777650964009735,-5.36463916680977
"Ift81",-0.64701210339704,5.02030564311633,-1.07900553521502,0.307993147703186,0.777650964009735,-5.01324706808707
"Nisch",0.283124221830084,8.08842995535056,1.07871446418395,0.308116276210123,0.777650964009735,-5.42650216762517
"Khsrp",-0.406853448503835,5.52904617007342,-1.07814075200217,0.308359078661724,0.777943365186928,-5.1476195685622
"Schip1-1",-0.497501175130364,5.60280788210379,-1.07744584855227,0.308653368873125,0.778365368088275,-5.16490080506414
"Pmpcb",-0.390409056470931,6.08227465006761,-1.07707291876792,0.308811393362378,0.778443528804875,-5.25883239030981
"Ski",-0.385577345841813,6.47481749178142,-1.07560741975474,0.30943298638963,0.779667535122362,-5.32847966387094
"Capzb",0.273341754820512,7.30724154619755,1.07532844834163,0.309551421826486,0.779667535122362,-5.40593666438952
"Insig1",-0.424661609492202,5.99004763033706,-1.07442395905345,0.309935657379501,0.77989173852383,-5.24457813904744
"Setdb1",0.416559219045334,5.33214737204199,1.07412130369013,0.310064310393862,0.77989173852383,-5.07510244319187
"Sdha",-0.285258114705199,7.52025532865411,-1.07389764931351,0.310159408076395,0.77989173852383,-5.42251612631342
"Zfp652",-0.378063417516689,5.55424258018125,-1.07388936805241,0.310162929694832,0.77989173852383,-5.15404861724595
"Zfp799",-0.440698049740095,5.21579045309652,-1.0736217013922,0.310276771951876,0.77989173852383,-5.08373566953716
"Cbfb",0.538185458431152,5.7006301691251,1.07283418788479,0.310611899082878,0.780413988347633,-5.13909462607802
"H2-K1",0.796632309063668,6.63042209740111,1.07135890260285,0.311240459471681,0.781116920690693,-5.31156953375836
"Ppid",0.468871965764099,5.98275019513237,1.07132434601129,0.311255194406645,0.781116920690693,-5.20802816585498
"Ddx55",0.445365045145673,5.77738905727943,1.07128007311642,0.311274073160358,0.781116920690693,-5.17626916185748
"Wdr75",0.487981314954807,4.76886114104214,1.070803726485,0.311477251719587,0.781210414027391,-4.9648199845427
"Ntpcr",-0.694174119051217,4.86482467575942,-1.07015469048027,0.311754252847306,0.781210414027391,-4.97353458372073
"Dapk1",-0.333704729160301,6.54385812660919,-1.07010417529095,0.311775820110235,0.781210414027391,-5.3430387404303
"Smu1",-0.305664454624154,5.95477951533789,-1.06981688725896,0.311898498474332,0.781210414027391,-5.24272930518497
"Brap",0.775504192228298,4.72500093408508,1.06966589460598,0.311962990594816,0.781210414027391,-4.8730850732553
"Jak2",-0.497663045265309,4.721174804551,-1.06940084694718,0.312076222836007,0.781210414027391,-4.9773740115191
"Dnajb6",0.289345977697215,8.1703178800008,1.06873504837714,0.312360801371427,0.781492980874103,-5.43703857973894
"Uba52",0.465154021278745,9.01289569358396,1.06815181974741,0.312610251659092,0.781492980874103,-5.43260073749533
"Gm37494",0.467964555832597,5.18123584593,1.06798341048792,0.312682309811162,0.781492980874103,-5.07046723574796
"Arhgdia",0.335730387430047,7.53382719355779,1.06794390535194,0.312699214932001,0.781492980874103,-5.42284344905788
"Sap18",0.314312761868544,7.04622555609785,1.06747768156161,0.312898775545622,0.781502175475331,-5.39559548444396
"Mast3",-0.480971054121783,5.9846824819208,-1.06705164607424,0.313081219811491,0.781502175475331,-5.25210129945385
"Celf2",-0.300368346121423,9.53593421589745,-1.06704169278768,0.313085483157953,0.781502175475331,-5.40678007573289
"Ykt6",0.558288752688264,5.53119826290405,1.06673550829661,0.313216654685481,0.781511262179408,-5.12454025182529
"Ube2t",-0.503516417774457,5.41501220728138,-1.0656440915116,0.313684569079845,0.781994109387479,-5.13572741984857
"Bud31",0.325764066653788,6.26869978297305,1.0654467235521,0.313769242439598,0.781994109387479,-5.29042548151179
"St6galnac5",-0.638504097549111,6.27895095336921,-1.06539134944291,0.313793001792397,0.781994109387479,-5.3012913618483
"Peg3",-0.256267575128864,7.91207101413882,-1.06500407605606,0.313959207744244,0.7820902540881,-5.44276723044893
"Abhd18",0.396568418343291,5.25615758489227,1.0640708553413,0.314359995722249,0.782770440384374,-5.0711520924348
"Tmem108",-0.826108233657004,4.81818597909323,-1.06366490344708,0.31453446155628,0.782796169272701,-4.93421632086211
"Cdc37l1",0.413198888523725,5.48315537265091,1.06311264957468,0.314771922994563,0.782796169272701,-5.1299132845661
"Aimp2",0.46588358021004,5.00033894489096,1.06304200237629,0.314802310235437,0.782796169272701,-5.01370868144204
"Agtpbp1",-0.362435499427323,6.42242929179814,-1.06285840247221,0.314881291980615,0.782796169272701,-5.33065666932163
"Usp29",0.32445528375031,6.20969617151663,1.06214973981547,0.315186290098225,0.783236652766393,-5.28862593620835
"Unc119b",-0.648810256596453,4.44448366871836,-1.06165966757682,0.315397342733103,0.783443419646719,-4.90921158028938
"Ndufaf4",0.342008457323206,5.64005880187947,1.06031239875154,0.315978111500357,0.784568017534112,-5.16522602506824
"Nos1ap",-0.454486189428675,5.81121068782277,-1.05887338371921,0.316599335369721,0.785257835785794,-5.21974255424597
"Gstp1",-0.395782928749488,6.98621560382879,-1.05844093157083,0.316786208214829,0.785257835785794,-5.40498222429283
"Gtf2h2",0.550218018873285,5.0389224471842,1.05832497176093,0.316836331579836,0.785257835785794,-5.00124140930233
"Mbip",0.425526289965099,4.9101939588013,1.0582314283504,0.316876769937808,0.785257835785794,-5.01948462241136
"Ddx46",0.333852870368517,6.43495365602168,1.05728106122614,0.317287833316163,0.785257835785794,-5.33388116405626
"Traf7",0.458121121511751,5.2912111465826,1.05711160666139,0.317361170605219,0.785257835785794,-5.05969102016622
"Erp29",0.466936384734788,7.58556981925705,1.05692964172971,0.317439936648498,0.785257835785794,-5.43259561687529
"Hsd17b12",0.348262067544694,6.45458560722582,1.05671513323176,0.317532808861932,0.785257835785794,-5.33280561102047
"Lrpap1",0.433239056857739,7.18297845461359,1.05638937115963,0.317673888515489,0.785257835785794,-5.41701191211183
"Snx15",0.371059014154511,5.38363477033243,1.05638175931144,0.31767718559639,0.785257835785794,-5.11297532441098
"Tmed10",0.342278616626892,7.27620913274817,1.05623608519335,0.317740289561676,0.785257835785794,-5.42074056476988
"Plxdc2",0.635972270514909,6.05651054976397,1.05580083645601,0.317928890355246,0.785257835785794,-5.23130548048213
"Ryk",0.350160164020773,6.45401587368747,1.05567846288324,0.317981932376617,0.785257835785794,-5.33694148994732
"Hmgn3",0.289637950241885,6.78353329294026,1.05530057565799,0.318145767888088,0.785257835785794,-5.38494194371721
"Dusp26",0.448210581609764,5.89042538077729,1.05522609082482,0.318178068906026,0.785257835785794,-5.22160348042413
"Jak1",0.288025848613584,6.74273645598694,1.05474596311287,0.318386340870177,0.785455514030774,-5.37798277337257
"Rimklb",-0.404053193533848,5.5008688061708,-1.0540015452107,0.318709464149704,0.785858389919306,-5.16933570282831
"Fam126b",-0.307726899262826,6.78764421323669,-1.05377895948019,0.318806128808648,0.785858389919306,-5.39072239938856
"Trnt1",-0.343738730684914,6.07688178704662,-1.05221241805341,0.319487081940443,0.787005120828804,-5.28126769473765
"Trmt1l",0.44658238576601,5.72835133453071,1.05195984211797,0.319596977140763,0.787005120828804,-5.18415120649994
"Rps27l",0.405767345713671,7.63892097795614,1.05155320514693,0.319773964660321,0.787005120828804,-5.44059062385156
"Hdac1",0.515658477735226,5.86524154695636,1.05152775511591,0.319785044200999,0.787005120828804,-5.17491976051284
"Fam171b",-0.333764096974464,8.22712741441694,-1.05106813095584,0.319985189737112,0.787037093747419,-5.46086551158318
"Fxyd6",0.323204948304866,8.19187471693073,1.05090809253732,0.320054901700158,0.787037093747419,-5.4540854974197
"Tead1",0.494253931659567,6.52586126486188,1.04970903292554,0.320577575580173,0.78796667177622,-5.35629311382219
"Gprin1",-0.450110025821832,5.21603990540397,-1.04899626776887,0.320888581031644,0.78796667177622,-5.10404828958035
"Rab24",0.363343505841654,6.64632253693054,1.04883947353144,0.320957026989162,0.78796667177622,-5.36595182749495
"Uqcr10",-0.320184071490389,8.28183716348429,-1.04880301923237,0.320972942113849,0.78796667177622,-5.46303790416833
"Ebp",-0.465116059038449,5.81587876521363,-1.04847303922238,0.321117031358858,0.78796667177622,-5.22376590438197
"Ndel1",-0.367383023606343,6.32700326966641,-1.04787819500096,0.321376901094439,0.78796667177622,-5.33010016390498
"Hmgcl",0.390275139447337,5.58268900378396,1.04783259125732,0.321396830636136,0.78796667177622,-5.15989298761936
"Grik5",-0.354491824377022,6.06451000002059,-1.04710804415064,0.321713595494816,0.78796667177622,-5.2852389902836
"Rab34",0.399449095456555,5.56485499159631,1.04699282154686,0.321763991630085,0.78796667177622,-5.16235644266366
"Rapgef1",0.392784354411509,5.0674300374069,1.04664890014331,0.32191445201291,0.78796667177622,-5.05866827376082
"Ralbp1",0.268115740614448,7.1173019346011,1.04664336337754,0.321916874702666,0.78796667177622,-5.42253614336878
"St8sia2",-0.765487511171698,4.64492186313753,-1.04650839187706,0.321975937684017,0.78796667177622,-4.95862676032637
"Tmed3",0.548858360070053,6.02896065191468,1.04568049034307,0.322338404909063,0.788357132837613,-5.24129443911379
"Sphkap",-0.442105257934026,6.39104634445079,-1.04555571280499,0.322393061287955,0.788357132837613,-5.3373263926947
"Tspan2",0.917937325842377,4.53907409543273,1.04526271409477,0.32252143146604,0.788357132837613,-4.95823149112433
"Slc36a4",-0.472886762859926,5.23983141949488,-1.04420415385678,0.322985538330399,0.789022453108633,-5.1169461241176
"Mapre2",-0.332831323403443,7.046844457818,-1.04362738804091,0.323238625140332,0.789022453108633,-5.4244160421997
"Adipor1",-0.348726628809428,5.84353297702017,-1.04312180765258,0.323460599791839,0.789022453108633,-5.24117224537765
"Mat2b",-0.364201743234336,7.01952486240505,-1.04295542042942,0.323533677354438,0.789022453108633,-5.42282249847213
"Upf3b",-0.33783393560632,6.65625601105125,-1.04191770492009,0.323989727634075,0.789022453108633,-5.38667671944062
"Ttyh3",-0.284606805150436,6.70070632132224,-1.04187874774848,0.324006857874234,0.789022453108633,-5.39259482531471
"Erbb2ip",0.455295039642754,5.86668136666868,1.04153470142391,0.324158171794692,0.789022453108633,-5.23375564500555
"Bmpr2",-0.315261295356765,6.73875494759575,-1.04121164365252,0.324300303769354,0.789022453108633,-5.39653386943531
"Surf1",-0.370658124173419,5.91580653891731,-1.0408465076124,0.324461005526496,0.789022453108633,-5.26176596214998
"5031439G07Rik",0.46795365471082,5.70533049663094,1.04073210572581,0.324511367950159,0.789022453108633,-5.18778578767842
"H2afz",0.597618411211778,10.4417092312671,1.04066405915648,0.324541326485,0.789022453108633,-5.38206752181552
"Tmed2",0.354645012575938,7.76961833857486,1.0406031297371,0.324568153372374,0.789022453108633,-5.45560369887228
"Ppp5c",-0.476973107112533,6.1085865047589,-1.0405980804819,0.324570376607303,0.789022453108633,-5.29944876512791
"Atcay",-0.372011814498418,5.85722206654436,-1.0405394005242,0.32459621479877,0.789022453108633,-5.25314208893174
"Dld",0.366865986108111,5.99913426815701,1.03931805268314,0.325134358838393,0.789890207644878,-5.25444085315475
"Dmap1",-0.381535989360705,5.16059281094009,-1.03914424162943,0.325210997697132,0.789890207644878,-5.10248112003921
"Prpf31",-0.393192816694065,5.4608220475956,-1.03783135068406,0.32579033713991,0.79022768636967,-5.17140323172259
"Paqr9",-0.475979776352513,5.21754890693468,-1.03777589567922,0.325814825027435,0.79022768636967,-5.1162249015044
"Slc25a17",0.329990353839632,6.28162404842728,1.03726161367633,0.326041988930425,0.79022768636967,-5.3237303425052
"Atp1b2",-0.514918358602858,6.29095340042797,-1.03702093828735,0.326148339171216,0.79022768636967,-5.33287819242287
"Acap2",-0.405599292323207,5.79480363499033,-1.03673191924646,0.326276086449525,0.79022768636967,-5.24427743977916
"Trim33",0.278326258290085,6.34173828654362,1.03648238033508,0.326386413965169,0.79022768636967,-5.33592864796116
"Inpp5f",0.366703961360345,6.25908692801262,1.03623234442526,0.326496989634359,0.79022768636967,-5.32103638590181
"Mex3a",0.745264733092593,6.49606005714648,1.03607404836323,0.326567009056982,0.79022768636967,-5.31370656902519
"Tnfrsf19",-0.621347007831602,5.03153729895868,-1.03602900237707,0.326586936424749,0.79022768636967,-5.07134093491529
"Serf1",0.865923383223108,7.0885845398965,1.03551165741389,0.326815864824372,0.79022768636967,-5.39306216630882
"Sec11c",0.533544555662021,6.78833690426467,1.03491034518453,0.327082102340932,0.79022768636967,-5.39160369542714
"Amz2",0.460953610954166,5.73829937185893,1.03485013452174,0.327108770330418,0.79022768636967,-5.20083107755284
"Ptpn6",1.05879857204244,4.28145513684545,1.03475091840504,0.327152717880599,0.79022768636967,-4.80343894828635
"Fyttd1",-0.337265348042284,6.67056566457508,-1.03453532408135,0.327248230337492,0.79022768636967,-5.39315677042823
"Zfp622",0.373440036366847,5.68900289312225,1.03434797205377,0.327331248094431,0.79022768636967,-5.19368406074609
"Mpdu1",0.425588766484997,5.86280232785839,1.0338980997514,0.327530656747151,0.79022768636967,-5.21464048748299
"Ndufb7",-0.253870354033697,7.62901666194214,-1.03387216656823,0.327542154598395,0.79022768636967,-5.46492366144095
"Gtf3a",0.340836990013086,5.60442075570893,1.03255792356173,0.328125244239814,0.790801664730176,-5.17567035270735
"Cltc",-0.276703983878137,7.82030843256564,-1.03248000656006,0.328159838343881,0.790801664730176,-5.47207662051112
"Snx5",0.556652496900011,6.252602504325,1.03246341486591,0.328167205190737,0.790801664730176,-5.30408640324142
"2700094K13Rik",0.587105817977557,7.83946604761749,1.03130360639772,0.328682480326562,0.791732012358951,-5.4614871409842
"Lrrc58",0.344607655652504,7.10858327722433,1.03044209743527,0.329065624829617,0.792343476996421,-5.43689991567583
"Rsrp1",0.270322318885608,9.15947168014797,1.02956786928457,0.32945477178391,0.792939446552536,-5.46410715278714
"Whsc1l1",-0.35766371553787,6.94518626315427,-1.02900598674314,0.329705067604858,0.792939446552536,-5.42936910734217
"Bnip2",0.479099596460541,6.02423987862927,1.02898505070202,0.329714396540952,0.792939446552536,-5.23973591691436
"Smarca2",-0.378382149446034,7.37024094302245,-1.02872403577133,0.329830719527156,0.792939446552536,-5.45911004998616
"Camk2g",-0.439923649084659,6.39690710427458,-1.0280998607113,0.330109013120503,0.792969592444844,-5.35576960726409
"0610011F06Rik",0.449354132997298,5.78192430611329,1.02785464777107,0.33021839193406,0.792969592444844,-5.23885345040495
"Rhot1",-0.392885775421171,5.81965227359773,-1.02705786115033,0.330573993059227,0.792969592444844,-5.25859388073706
"Opa3",0.478327912015234,5.08436221406985,1.02690027794053,0.330644355803532,0.792969592444844,-5.04946126783448
"Usmg5",-0.363267485636569,8.4821711752389,-1.02642310439486,0.330857488446547,0.792969592444844,-5.4837600066154
"Crk",-0.286607863836083,6.61685327502733,-1.02624060334537,0.330939031177293,0.792969592444844,-5.39642937932284
"Mtdh",0.245049452977911,7.6497326147339,1.0260537829764,0.331022519548061,0.792969592444844,-5.46855938309553
"Pabpn1",0.239712301548742,7.82740348819911,1.02554451205251,0.331250189087628,0.792969592444844,-5.47317816518765
"Gps1",0.29168153593387,6.93301683698326,1.02498422154063,0.331500803648054,0.792969592444844,-5.42826500394812
"Wrb",0.378444221784913,5.91394802299968,1.02468250322394,0.331635819770327,0.792969592444844,-5.25992519359649
"Rp2",0.53184752076109,5.06311693210264,1.02462022938581,0.331663691902207,0.792969592444844,-5.0321160428464
"Eif3i",0.316434409613089,6.99305416286593,1.02416451599966,0.331867711093733,0.792969592444844,-5.43201848897024
"Rprd1b",0.361368207222336,5.77882701359357,1.02407999408455,0.331905561290914,0.792969592444844,-5.22954553073402
"N6amt2",-0.464445946731239,5.6938892116931,-1.02379802720789,0.332031853924596,0.792969592444844,-5.23433966018372
"Dcx",1.08687249838307,7.67808736959025,1.02355675306867,0.332139949142392,0.792969592444844,-5.44277489260577
"Rufy3",-0.267477198858186,8.1728577308338,-1.0233785514492,0.33221980378211,0.792969592444844,-5.48672509619874
"Rad23a",0.334868055749498,5.90565686739819,1.02333727602343,0.332238301945852,0.792969592444844,-5.25126054352521
"Arf2",0.373715801892754,5.83002691481138,1.02320042734037,0.332299638175917,0.792969592444844,-5.23178245468815
"Derl1",0.313032461763135,6.15370097899997,1.02319542855246,0.33230187881827,0.792969592444844,-5.31468118677901
"Ppip5k2",0.462430115511424,5.00345774287481,1.02235933081677,0.332676809407616,0.79355526977418,-5.04216079399449
"Arpc1b",0.741531772864145,6.07226776913196,1.02177518690641,0.332938945972129,0.793871541212922,-5.23045800621735
"Pnck",-0.706953500311061,6.08625786362124,-1.02060755321752,0.333463392648366,0.794069130986111,-5.31152497654369
"Gm3764",0.362492259933741,7.61356318001249,1.0205046508986,0.333509641437989,0.794069130986111,-5.47070873742289
"Scrt1",-0.513256802472217,5.06362098558244,-1.02048780361749,0.333517213801636,0.794069130986111,-5.08128207267236
"Slit1",-0.502137958798877,5.16582555349932,-1.01973815883482,0.333854288618289,0.794069130986111,-5.12112592405774
"Mier3",0.396221585464465,5.22260547845399,1.01950122742477,0.333960877291227,0.794069130986111,-5.10813167021647
"Gpi1",-0.394692109515854,7.91599140425405,-1.01908025070418,0.334150325970533,0.794069130986111,-5.48822454407475
"Zbtb10",-0.671129290953519,4.44427237769116,-1.01883000616518,0.334262979834376,0.794069130986111,-4.94896157872131
"Mrpl15",0.383953284704065,6.25909218335893,1.01851058289149,0.33440681782323,0.794069130986111,-5.32135201982978
"Mcmbp",0.323648099439554,6.48705472311159,1.01846587897696,0.334426951952066,0.794069130986111,-5.3723611011059
"Gsk3b",0.287557332496327,8.69165880689888,1.01842123946165,0.334447057987648,0.794069130986111,-5.48847517538162
"Eif3k",0.292875194791748,7.82872184691883,1.01837045741332,0.334469931782232,0.794069130986111,-5.4790196202107
"Cramp1l",-0.554873672231967,5.55269695962514,-1.01813328284526,0.334576778101524,0.794069130986111,-5.20388868875954
"Cuedc2",0.274858468728804,7.71002962264595,1.01688716598559,0.335138571879306,0.794930366031186,-5.47814495662347
"Ddah2",0.843358519157193,7.36716090695906,1.01675300909407,0.33519909690349,0.794930366031186,-5.44545172927923
"Ssr2",0.271048257185492,6.86860172337997,1.01539460596646,0.335812405476978,0.795578320882158,-5.43054642838258
"Ttbk2",-0.351835669978393,6.05644600078636,-1.01530339466693,0.335853616911938,0.795578320882158,-5.31343795910949
"Ddx54",0.744099761978388,4.23302565921367,1.01528528236474,0.33586180093377,0.795578320882158,-4.85555384836679
"Suz12",0.272539739929744,6.73134542941845,1.01369338146426,0.336581685628846,0.796975490546201,-5.41697851465434
"Cux1",0.353277298954962,6.6572432690377,1.01201717637496,0.337340947338884,0.798464783813319,-5.40483638385592
"Flna",0.478861800525313,5.5895795608924,1.01155818198187,0.33754907985941,0.798648942617168,-5.15863222857273
"Map1lc3b",0.378804818627625,8.1218421574311,1.01043800193946,0.338057434090635,0.799356308055408,-5.49056678301222
"Dnajb11",0.445485013869811,6.24622952874456,1.00970977078005,0.338388224290208,0.799356308055408,-5.32613713202601
"Fjx1",0.404928917382331,6.65236849257077,1.00968829309502,0.338397983955674,0.799356308055408,-5.40316458146182
"Osbp",0.40587700827543,5.1217978242787,1.00850440787227,0.338936279495442,0.799356308055408,-5.09513314738162
"Clptm1l",-0.294567144127412,6.45044091739916,-1.00838326514464,0.338991397552609,0.799356308055408,-5.38755100033431
"Ppdpf",0.680011141576644,7.04720523034026,1.00809963076977,0.339120473077985,0.799356308055408,-5.43397148647737
"Papd5",-0.452800972305953,5.28360416547476,-1.0076100122419,0.33934337400571,0.799356308055408,-5.16098971729324
"Plppr3",0.408890640317782,6.0161158445983,1.00739409934846,0.339441704168255,0.799356308055408,-5.27397309947912
"Qk",0.2841060374875,7.93062221355223,1.00705365277131,0.339596792340531,0.799356308055408,-5.49234097711412
"Git2",0.367927399793145,6.16546605768421,1.00669511471212,0.339760179382535,0.799356308055408,-5.31254910651261
"Mmd",-0.45580851572454,7.13598638937618,-1.00657160752254,0.339816475679409,0.799356308055408,-5.46597360451834
"Ncor2",-0.308236160757919,6.47872278462161,-1.00654391179417,0.339829100737556,0.799356308055408,-5.39216511145466
"Borcs7",0.414784255382404,5.4017718364648,1.00641122508744,0.339889590658908,0.799356308055408,-5.14243566230275
"Smim11",0.298903356520071,5.93344305864166,1.00629862424211,0.339940930059463,0.799356308055408,-5.28179602703083
"Tcf3",0.35243015532456,6.29013025714732,1.00626764854646,0.339955054184265,0.799356308055408,-5.34591553316798
"Wipi2",0.330944638201683,6.05576290608409,1.00609571431686,0.34003345978864,0.799356308055408,-5.31026119031802
"Fam53c",-0.435318351837194,5.25647026266518,-1.0060252796004,0.34006558340412,0.799356308055408,-5.15201688561434
"Myadm",-0.406676578640705,5.47600106339606,-1.00535567608887,0.340371087352568,0.79976764696953,-5.19580800121818
"Vps4b",0.33626174482254,6.1816876502957,1.00504988537923,0.340510671507313,0.799788959370187,-5.32967106203381
"Camkk2",-0.593033970776849,5.75831720877511,-1.0034426400894,0.341245034853277,0.80077856177465,-5.26769853831573
"Mbnl2",-0.350248436010029,7.78201225287514,-1.0032956855713,0.341312238656051,0.80077856177465,-5.49947632732258
"Dcaf11",0.424946868240206,5.45737348645397,1.00316479485378,0.341372104656882,0.80077856177465,-5.18043485178132
"Tprgl",0.324509594954058,6.70161683104907,1.00298424403029,0.341454696788049,0.80077856177465,-5.42100863990111
"Sowahc",-0.558276197069433,5.2059587513925,-1.00268470419004,0.341591752863219,0.800793520101686,-5.11350074290431
"Acox1",0.42551934153279,6.02864698282976,1.00206126621038,0.341877142235017,0.801105305632547,-5.30630756787949
"Emc7",0.381528091315235,6.81477771911505,1.00132436009258,0.342214703479979,0.801105305632547,-5.43735661993239
"H13",0.296031112134831,6.28162225160676,1.00131758836268,0.34221780662253,0.801105305632547,-5.35272699928374
"Rnf112",0.475403928838572,5.7634607027259,1.00125243360138,0.342247664841059,0.801105305632547,-5.26340042194586
"1700123O20Rik",-0.335621183849971,5.59284898262871,-1.00075113896333,0.342477456314782,0.801277089173564,-5.22805653261932
"Ppig",0.273857132955189,7.40131264198381,1.00052192063239,0.342582567499141,0.801277089173564,-5.48258976273178
"Vps36",0.584976287317545,5.05137449715481,0.999863665470988,0.342884553377628,0.801296440534045,-5.04804021199101
"Dynlt1a",-0.448141534571137,5.41936536917656,-0.999612067816249,0.34300003064958,0.801296440534045,-5.18313908578254
"Hypk",0.305854298043452,7.25373001551234,0.999258665659631,0.343162282796831,0.801296440534045,-5.47406556402434
"Sv2a",-0.415367853819098,7.43634767593191,-0.998723753596498,0.34340797785598,0.801296440534045,-5.49089211146761
"Rsrc2",0.373369510766858,7.74353066862055,0.998451797791067,0.343532942570915,0.801296440534045,-5.49482455185584
"Eny2",0.30602378759076,6.68445491376455,0.998100057821515,0.343694618756162,0.801296440534045,-5.42078108907711
"Mcm3",0.674631722691594,5.49415679198825,0.997772388638424,0.343845281973407,0.801296440534045,-5.12314368200698
"Lrrc4b",-0.424454136828353,7.02478351530082,-0.997722993566068,0.343867998242283,0.801296440534045,-5.46564578369488
"Rusc1",-0.444040391772304,5.58404425050904,-0.997646664064901,0.343903103571425,0.801296440534045,-5.23395532484367
"Ubn2",-0.251816208922951,7.3273257380516,-0.997200185384301,0.344108500835636,0.801296440534045,-5.48683485094918
"Scai",-0.361412919076337,6.13692855580333,-0.996721665275773,0.34432873998862,0.801296440534045,-5.34456823658957
"Add3",-0.411868844740437,5.85244458855039,-0.996658674812419,0.344357739215836,0.801296440534045,-5.29205387657546
"Ubr1",-0.440382215387414,5.16180922641734,-0.996138256755589,0.344597396322845,0.801296440534045,-5.13899679745377
"Trmt112",0.422624462304171,6.91713131228056,0.996136459873469,0.344598224018354,0.801296440534045,-5.4488293076671
"Foxj3",-0.403513742563746,5.90568104517243,-0.995697927999676,0.344800268729733,0.801296440534045,-5.29763896176969
"Rnpep",0.393793896022702,6.05309346489767,0.995680875424877,0.344808127143275,0.801296440534045,-5.30189719730938
"Commd4",0.330888968486309,5.83796987635024,0.995668655123197,0.344813758761142,0.801296440534045,-5.26375825849076
"Clmn",-0.48285590017159,4.80454860860095,-0.994303827139626,0.345443159245462,0.802454768709701,-5.05810550544676
"Kmt2c",-0.274255278936724,6.84885511986733,-0.993558410958915,0.345787274680737,0.802826438901764,-5.45373469758786
"Idh1",0.370263541322928,6.19031695733649,0.993389739287084,0.345865176028175,0.802826438901764,-5.33370328620505
"Prpf39",-0.341794969845642,5.37793416640525,-0.992758879972587,0.346156655528011,0.803030838550471,-5.19422831385559
"Cadm3",-0.410082576040266,6.402021092978,-0.992365144353147,0.346338668105621,0.803030838550471,-5.38880678265103
"Mbd6",0.45567755082158,5.21196898028279,0.992197841086378,0.346416029127748,0.803030838550471,-5.10841855970696
"Tmod2",-0.304017092926086,7.28251632849654,-0.992065127820085,0.346477404883721,0.803030838550471,-5.48917062757879
"Sub1",-0.278274047718123,8.81473973504484,-0.991542672509814,0.346719102858551,0.803287206925217,-5.51032319636772
"2610037D02Rik",0.309559718663818,5.98540040603137,0.991133261519911,0.346908592003608,0.803422468555597,-5.2965945540852
"Xpo1",-0.272238522006477,6.88438941515296,-0.99042874046652,0.347234848343408,0.803645182221141,-5.46005689438907
"Tlk1",-0.409142770187412,5.60577475906592,-0.990342592630863,0.347274758160775,0.803645182221141,-5.24121792577311
"Rnf19a",-0.428600689061563,5.45525030114885,-0.99007621114207,0.347398186635738,0.803645182221141,-5.20481553002361
"Fcer1g",1.25683304648984,6.62315209599775,0.98867811445821,0.348046532869792,0.80403420224617,-5.27874547836966
"Cox6a1",0.249812607879827,8.2130801726783,0.9884571230754,0.348149096544218,0.80403420224617,-5.51494034888441
"Tmem59",0.237980301075772,8.17419853349334,0.988284124964573,0.348229401870282,0.80403420224617,-5.51473615634998
"Mettl10",0.416216596999336,5.12952376356066,0.988033936262863,0.348345563235085,0.80403420224617,-5.11045958230644
"Grn",0.769564500622191,7.04148667832666,0.987754284340701,0.348475438295467,0.80403420224617,-5.44833415299622
"Ctc1",0.501040342746304,5.45526776338519,0.98723974700088,0.348714492063555,0.80403420224617,-5.15581859833584
"Alox5ap",1.43300856531982,5.08528043303022,0.986911484649269,0.348867066194603,0.80403420224617,-4.92076707057749
"Glmn",-0.395634156063308,5.0371673359355,-0.986370434075094,0.349118651028211,0.80403420224617,-5.11870877484649
"Rfc1",0.288082119625226,6.44704251354651,0.986199414058992,0.349198202179636,0.80403420224617,-5.39983738913535
"Carkd",0.369462034419929,5.74738581850385,0.986019593136563,0.349281861644603,0.80403420224617,-5.26623141298446
"Fscn1",0.347847311846998,7.46868168647793,0.986014469462994,0.349284245588455,0.80403420224617,-5.49651614700101
"Cndp2",0.797227730068816,4.74127500659904,0.98480597793358,0.349846870134706,0.80403420224617,-4.91987741311287
"Zfp37",0.589967685778159,4.39777638607403,0.984608609804145,0.349938820546411,0.80403420224617,-4.92318315726361
"Chgb",-0.355307259227576,7.69426459033585,-0.98302112409682,0.350679054717066,0.80403420224617,-5.51524659280741
"Rnf145",-0.321030020577223,5.78094674473758,-0.982819379088808,0.35077321015257,0.80403420224617,-5.28551239751003
"Klf6",0.499828184254431,7.56680877305041,0.982705412263206,0.350826407338035,0.80403420224617,-5.50115337703041
"Ptov1",0.261714199288063,8.53295442426635,0.982609074899618,0.350871380144412,0.80403420224617,-5.52207366629684
"Pik3ca",-0.295896119485338,6.53884502158897,-0.98246690549056,0.350937756354618,0.80403420224617,-5.42481112385667
"Coq7",0.297527100483511,6.43368763213461,0.982433101191763,0.350953540311908,0.80403420224617,-5.40569061404967
"Mllt4",-0.330088636460883,6.62276418196866,-0.982264076410776,0.351032469523366,0.80403420224617,-5.43599554963944
"Arfgap1",-0.349764992389002,5.65739490066389,-0.981864426451588,0.351219145685752,0.80403420224617,-5.26349058202604
"Pts",0.350376735013508,5.42155163514467,0.981703571960564,0.351294301435898,0.80403420224617,-5.18245291005857
"Tubgcp2",0.364498933512687,5.69803735637874,0.981703122924252,0.351294511254986,0.80403420224617,-5.25149298959758
"Crnkl1",-0.386599340914714,5.22314460238721,-0.981552832859774,0.351364741801863,0.80403420224617,-5.16813615447319
"Hiat1",0.473131612249193,5.86078047731348,0.981170145928227,0.351543618353147,0.80403420224617,-5.29549241676646
"Amd1",-0.388447159807272,6.81623786390345,-0.981017139847439,0.351615155732982,0.80403420224617,-5.45947136670731
"Ano3",-0.486789534313529,5.6626218901764,-0.98076628995533,0.351732462915628,0.80403420224617,-5.26711396077295
"Kansl1",0.308477906438905,6.92669699904925,0.980682145254355,0.35177181874514,0.80403420224617,-5.46772668027018
"Fchsd2",0.292228286524208,6.31678689731074,0.980457448746325,0.351876928890352,0.80403420224617,-5.38324930662287
"Tor1aip1",0.41177801726917,5.72396220988548,0.980382156150233,0.35191215500126,0.80403420224617,-5.26300116853612
"Tmem11",0.398917267645198,5.15261073519855,0.980219084983178,0.351988457813176,0.80403420224617,-5.11170430230052
"Slc25a11",0.307268802403167,6.60983450712125,0.979983256600629,0.352098826193131,0.80403420224617,-5.43167938862665
"Ppm1g",0.303620584584935,6.88023779191134,0.97997061896296,0.352104741367847,0.80403420224617,-5.46291044712955
"Nhp2",0.337414833136197,6.22164397381884,0.979929534358101,0.352123971942763,0.80403420224617,-5.36534710363497
"Kidins220",-0.301986807351153,7.03151575997651,-0.979374806693925,0.352383700822679,0.80403420224617,-5.48303928471494
"Zfp397",-0.312472911593718,6.01169274177006,-0.979267604210153,0.352433910405627,0.80403420224617,-5.33714009161623
"Fth1",0.546765255665961,11.4580093355742,0.978929858135389,0.352592132478556,0.80403420224617,-5.39466533713937
"Bpgm",0.596487489870154,5.74451713331317,0.978855704435901,0.35262687789359,0.80403420224617,-5.25761990251877
"Plk2",-0.348028292268727,6.47086504903429,-0.978634307773714,0.352730630455055,0.80403420224617,-5.41746713761201
"Bdp1",-0.45106444779788,5.65453880389454,-0.978455126000278,0.352814616488243,0.80403420224617,-5.25144779464396
"Chga",-0.270222843350737,6.04355744032961,-0.977960178532396,0.353046684973538,0.804263972311465,-5.34286576641847
"Hsd17b11",0.373764274306173,5.48085057576061,0.977055265895758,0.353471267619482,0.804931968774503,-5.19352667168074
"Fam96a",0.404375130463521,5.85842099066561,0.976750397979076,0.353614395801946,0.804958773207403,-5.26330808077225
"Akap8",0.282776900440342,6.04374017500998,0.97644590748134,0.353757389535334,0.804985251790763,-5.33117252250993
"Astn1",-0.278542722915,6.84722960146485,-0.975918547113093,0.3540051476734,0.805250016682478,-5.46967012613008
"Slain2",0.423666194114099,5.23232486151959,0.975377543463112,0.354259448691259,0.8052959073777,-5.15818404674599
"Emc6",0.272597856329934,6.64743016489659,0.975095048851015,0.354392290057165,0.8052959073777,-5.44187238217847
"Sec24c",-0.438314589897954,5.57002814526867,-0.97503706797562,0.354419559758103,0.8052959073777,-5.24579939036812
"Mtpap",0.480403798289235,5.02550690957424,0.974387392269544,0.354725222688573,0.805691684446098,-5.11651508910971
"Ptch1",-0.637620200540534,4.50887259772209,-0.974080732622415,0.354869569150479,0.805720903947438,-5.00702259449957
"0610037L13Rik",-0.351162409722425,5.66694375967987,-0.973589460567468,0.355100904069709,0.805887525400474,-5.27179494845504
"Gnl2",0.355303072448413,5.52117437481875,0.973366408741492,0.355205973581377,0.805887525400474,-5.21153943657909
"Ift20",0.314905857674394,6.96552801311708,0.972832601677175,0.355457518782936,0.806159761325622,-5.47780536687334
"Tceal6",-0.334168298363584,5.70160722249851,-0.972512511956687,0.355608417236747,0.806203618507875,-5.27825762360801
"Nfkb1",0.527864679513341,5.17842988287558,0.971754755804698,0.355965831059942,0.806507000631018,-5.12829911429316
"Tsc22d3",0.342013527054171,6.1780901733317,0.971670780359762,0.356005456381675,0.806507000631018,-5.35314009192267
"Uso1",-0.463266477564348,5.5893331642884,-0.970779286728542,0.356426324133563,0.807162052583323,-5.26234981098025
"Tuba1b",0.273114384041332,9.88654937267941,0.970415078121473,0.356598369841259,0.807253347021512,-5.47757234514909
"Fyn",-0.287495639425568,7.08553499183349,-0.970002822671493,0.35679318583061,0.80735241687892,-5.49598170319756
"Rexo4",-0.325413608587738,5.46627569031634,-0.96976495308385,0.356905629459039,0.80735241687892,-5.23405949853247
"Gtf2a2",0.286748030913075,7.19720767482602,0.969352453172773,0.357100684664384,0.807489233170846,-5.49933627919891
"Tm9sf4",-0.305137034280123,6.19638324072914,-0.969041475118408,0.357247786001839,0.807489233170846,-5.3796880669948
"Hmgn2",0.937837752479587,9.87796052259196,0.968801306458028,0.357361423035139,0.807489233170846,-5.48086014290528
"Bccip",0.325855358997309,5.66558498402105,0.968203636460841,0.357644329138835,0.807512553034568,-5.25434441096176
"Mmadhc",0.400423251696062,5.77098027153462,0.968164801897727,0.357662717115585,0.807512553034568,-5.278066678867
"Zcchc9",0.313650060046232,5.95385919564069,0.967584418130117,0.357937608892869,0.807512553034568,-5.31392014179209
"Pde7a",-0.304947804349572,5.69352270104299,-0.967318864840948,0.358063436820013,0.807512553034568,-5.27681502090249
"Mical3",-0.341036618821031,5.83064503642037,-0.967245434144699,0.358098236452741,0.807512553034568,-5.31313225711073
"Pmm1",-0.31025341882139,6.7373988055064,-0.966600263575535,0.358404096980404,0.807512553034568,-5.46649490424249
"Phf5a",0.292585208807854,6.96842181387031,0.966439274234994,0.358480448261102,0.807512553034568,-5.48243511661335
"Zbtb44",-0.364796997526024,5.70694369506462,-0.966335328349516,0.358529752296793,0.807512553034568,-5.29007338247888
"Pou2f1",0.325268682983113,6.2792025261999,0.966276387405808,0.358557711619951,0.807512553034568,-5.38245552999787
"Pde6d",0.335475174228939,5.92977371559521,0.96581384020629,0.358777181916687,0.807666550090773,-5.32127994204988
"Smc6",0.227026475696621,7.1966296397217,0.965360779445688,0.358992246769164,0.807666550090773,-5.50466349319476
"Bzw1",0.240405059628217,7.57517649579836,0.965299193204635,0.359021488650011,0.807666550090773,-5.52218143771151
"Tvp23b",0.355023340875741,5.51284532357824,0.964687882708932,0.35931184106108,0.807778201317513,-5.22503432348968
"Pdgfb",0.599985731574534,5.02294891551867,0.964639655588647,0.359334754698358,0.807778201317513,-5.08110483611252
"Ttc39c",-0.538108394277613,4.86582994353829,-0.964284893061186,0.359503342221454,0.807860829165042,-5.09334581372669
"Phf2",0.418211717862563,5.07067993128727,0.96377153870068,0.359747397368795,0.808112921948671,-5.12988183401805
"Gatsl2",-0.382289051219684,6.04457508754597,-0.962679584012065,0.360266930930688,0.808983419839962,-5.35636708383232
"Med8",0.31212662911631,5.96098747473192,0.962132831191403,0.360527273444406,0.808992630400555,-5.32100379852373
"Mtx1",0.371620050729805,5.49154318828287,0.96211647399479,0.360535064233668,0.808992630400555,-5.20495846511524
"Dpcd",0.322151558328441,5.59239200617839,0.961318807666922,0.360915135578497,0.80948863001827,-5.24775175985274
"Golga1",0.463056056378446,4.91516582937648,0.961091376661875,0.3610235555154,0.80948863001827,-5.09523347275418
"Tubgcp5",0.383085770857509,5.3495788555882,0.960530587898475,0.361290994373099,0.80948863001827,-5.18504013344513
"Txndc12",0.369549688681405,5.62500055119096,0.960337086353276,0.361383308503289,0.80948863001827,-5.22741627541239
"Commd8",0.365828163844986,6.31367517011871,0.960070474957016,0.361510529600628,0.80948863001827,-5.39034364000943
"Tbc1d20",-0.602594482677109,4.73853589182415,-0.959497988894302,0.36178381826419,0.80948863001827,-5.04463660585786
"Nelfe",0.399454906420414,5.54143920842247,0.959375959576064,0.361842091177794,0.80948863001827,-5.20804033887199
"Atg4b",0.676982479451129,4.76096385000048,0.959273787297778,0.361890887006647,0.80948863001827,-4.97816711248752
"Rcan1",-0.491003356919388,5.27450500292927,-0.959124448983259,0.361962217244045,0.80948863001827,-5.18452910659566
"Ankrd12",-0.23699842704448,8.24208780475495,-0.95844793529758,0.362285477528809,0.80948863001827,-5.54708308243089
"Immp1l",0.375023844910309,6.28930101463507,0.958030626673647,0.362484986584969,0.80948863001827,-5.38137395499285
"Fbxo28",0.334749962341797,5.71867012542789,0.957518678217659,0.362729851392184,0.80948863001827,-5.26771586779976
"Las1l",-0.309319852562817,5.90164710234816,-0.956710774187191,0.36311651791186,0.80948863001827,-5.33474084391604
"Nrsn1",0.477097519072903,6.36737326156874,0.956513692438836,0.363210887868295,0.80948863001827,-5.41379823571323
"Edf1",0.237744395949337,7.64239381092451,0.95644972192375,0.363241523149708,0.80948863001827,-5.53222235533928
"Wipf3",-0.488455922887533,5.98389738338446,-0.956324926476613,0.363301292743152,0.80948863001827,-5.35258532193031
"Dnm3",-0.291969612610127,7.35551230747624,-0.956074337489413,0.363421331682587,0.80948863001827,-5.52589853402323
"Pin4",-0.266099042630804,6.1182020534673,-0.955546928153412,0.363674069866919,0.80948863001827,-5.37677646580731
"R3hdm4",-0.294776830223645,7.07062552417924,-0.955512165372969,0.363690732944383,0.80948863001827,-5.50779437759627
"Ophn1",0.41646568345729,5.31070821736672,0.955126269151837,0.363875744671566,0.80948863001827,-5.15250645254436
"Dtd1",-0.43490329347787,6.19420548011296,-0.954798918080432,0.364032741800495,0.80948863001827,-5.39173644503941
"Pgp",0.336094966417785,6.68359254555593,0.954384028511773,0.364231793407653,0.80948863001827,-5.45811022753325
"Rps6kb2",0.478190796392267,4.82395336462575,0.954295822622258,0.364274122206367,0.80948863001827,-5.027623703364
"Tmem55b",0.312063096986014,6.37656110516816,0.953648672547475,0.364584790600793,0.80948863001827,-5.41075638309889
"A230046K03Rik",0.348217322301238,5.41359186695133,0.95351874474734,0.364647186568831,0.80948863001827,-5.21204378710577
"Rnf13",0.290789564103592,6.74998800591659,0.953453498677643,0.364678523002697,0.80948863001827,-5.47150317441188
"Atxn1",-0.341132743715958,5.77477130680688,-0.953441145609391,0.364684456165526,0.80948863001827,-5.31142081397944
"Alg2",-0.38270633684861,6.60997377447376,-0.952981701236931,0.364905176786847,0.80948863001827,-5.46142874742617
"Med16",-0.472587818802489,5.06222374659666,-0.951983144710054,0.365385227416536,0.80948863001827,-5.14830228691158
"Pak3",-0.265694774817136,7.20842484562585,-0.951968335439225,0.365392350360527,0.80948863001827,-5.52086771210518
"Setd3",0.365270199319954,6.71246909698343,0.951687131953067,0.365527622484236,0.80948863001827,-5.4618803406559
"Srp72",0.27993348770256,6.41619770468554,0.951651392723127,0.365544817354754,0.80948863001827,-5.42674526697185
"Fam162a",0.271029889302596,6.4261310304355,0.951634765799302,0.365552817107211,0.80948863001827,-5.42870762950213
"Dpy19l4",0.383294968000733,5.27834198496575,0.951321722227866,0.365703456371649,0.80948863001827,-5.16388502053428
"Mtx2",0.387749623145841,5.82066340537496,0.951314879863782,0.365706749481979,0.80948863001827,-5.30306835431367
"Eif3e",0.259015810742562,7.75219988973217,0.950751787536416,0.365977830143326,0.80948863001827,-5.54001766998664
"Kctd13",-0.389997813492841,6.61714830939768,-0.950610713449685,0.366045768172404,0.80948863001827,-5.46215105967205
"Mpp6",0.371409758850474,6.01607713739064,0.950539430873267,0.366080099716546,0.80948863001827,-5.34800002240023
"Actn4",-0.303084275452223,6.08087174556033,-0.950254629259797,0.366217291022253,0.80948863001827,-5.37349807292675
"Txnip",0.633203980708986,6.930706769876,0.950099932008884,0.366291825686584,0.80948863001827,-5.47881758720694
"Patz1",-0.375266954043057,5.25621477142214,-0.949323734047979,0.366665972522117,0.80948863001827,-5.20113419271835
"Nrxn2",-0.320420023765164,7.84517748602523,-0.949201403093135,0.366724964506148,0.80948863001827,-5.55053774148427
"Kxd1",0.482058233290413,5.22449878881475,0.949138031321635,0.366755527165152,0.80948863001827,-5.11075336519019
"Sgk1",-0.671493280534151,6.22924379501431,-0.949073563052672,0.366786620542941,0.80948863001827,-5.40109725437983
"Mast4",-0.351804330467381,5.68472690827865,-0.949071527320475,0.366787602418343,0.80948863001827,-5.29812407206479
"Cetn2",0.270106100027945,6.52623489597688,0.94897832128279,0.366832559654167,0.80948863001827,-5.44915712733242
"Mog",0.863743296649132,4.38025936632802,0.947780802480123,0.36741053115432,0.810226630544409,-4.99812279668694
"Csnk1g3",-0.243115135353503,6.60158212748981,-0.947320625047841,0.367632807909269,0.810226630544409,-5.46627025605306
"Csk",0.420515744101315,5.71054700441654,0.947289108955237,0.367648034521186,0.810226630544409,-5.25038292784768
"Rab40c",0.416456572966487,5.0689738576284,0.947190115847809,0.367695864808094,0.810226630544409,-5.11141780733003
"Sike1",0.394636981437336,5.47475987000325,0.946766539342838,0.367900574525181,0.810386312253885,-5.23786052995792
"Pitpnm2",-0.474623764397294,6.23477756843678,-0.945518339442034,0.368504297767137,0.810464401024678,-5.40577722137019
"Ilf2",0.326420844454583,7.57373686784094,0.945136400133899,0.368689176251339,0.810464401024678,-5.53809375245735
"Sgta",-0.267438506574577,6.80611534230368,-0.945040605412873,0.368735556457964,0.810464401024678,-5.49325700660163
"Eapp",-0.337234907421942,5.79529594836431,-0.945028322636544,0.36874150362394,0.810464401024678,-5.31812626520479
"Dnaja1",0.301756415498451,9.03363545899982,0.944951818512256,0.368778547530186,0.810464401024678,-5.54741376196939
"Atp5a1",-0.213299512918746,8.92370652725866,-0.944568521552083,0.368964183719041,0.810464401024678,-5.5505905313149
"Dkc1",0.343895779924251,5.78621287184227,0.94403910827819,0.36922069784735,0.810464401024678,-5.30822772768801
"Ikbkb",0.376306282443025,5.52339341830095,0.943836605744294,0.36931884971994,0.810464401024678,-5.25646818452703
"Agl",0.453229329799146,5.16781291738858,0.943096069063628,0.36967794528728,0.810464401024678,-5.17462034911471
"Tpd52l2",0.300147668596073,6.21268299344454,0.942790938318498,0.369825980810507,0.810464401024678,-5.39090421676533
"Plk1",-0.478336253981011,4.76843186322496,-0.942686998034351,0.369876417728904,0.810464401024678,-5.0904170456723
"Gmnn",-0.516767094368315,5.75575921471954,-0.94236390242743,0.370033231453745,0.810464401024678,-5.30540450328107
"Bhlhe41",-0.354827034426033,5.83254094797516,-0.941922394958186,0.370247594175878,0.810464401024678,-5.33055945224895
"Adam11",-0.60464527863747,5.35699398841504,-0.941781230591699,0.370316151965346,0.810464401024678,-5.23419164276435
"Ppp1r12b",-0.36397869345387,5.39528718077445,-0.941587614094499,0.370410198611077,0.810464401024678,-5.22781308199211
"Psma5",0.346690695152806,7.31568767796876,0.941491602270226,0.370456841512428,0.810464401024678,-5.52888721091588
"Eri3",-0.334385731044326,6.52358933627616,-0.94117951430532,0.370608484462036,0.810464401024678,-5.45762114951819
"Cpne3",-0.305388240073783,5.88350764010514,-0.940553841621928,0.370912633328699,0.810464401024678,-5.34617806922786
"Ramp1",0.426060129209799,7.92726908015706,0.940377697587153,0.370998292248836,0.810464401024678,-5.5518655743603
"Rasa1",-0.424093932727677,6.45021387160001,-0.940139293597166,0.371114251070423,0.810464401024678,-5.44414678794164
"Micu1",0.389344941389348,5.44716821911353,0.94005506285086,0.371155226880371,0.810464401024678,-5.24479916121569
"Plppr2",-0.317281684824318,5.98493800896753,-0.940041627669765,0.371161763008981,0.810464401024678,-5.36596776775794
"Ascl1",0.642854777282131,5.94920302606862,0.939889988741437,0.37123554015548,0.810464401024678,-5.34652458127469
"Pkm",-0.278868976772159,8.78572866631528,-0.939685515009288,0.371335039951349,0.810464401024678,-5.55820670788157
"Fam21",0.289399141190758,6.01166989444342,0.9396833381384,0.371336099351411,0.810464401024678,-5.35910731527556
"Cyba",1.10718040562089,5.69992987051675,0.939604065443707,0.371374679842901,0.810464401024678,-5.11131829544848
"Anapc10",-0.40251995057908,5.21820464055664,-0.939288315175743,0.371528378258318,0.810511179055527,-5.19816033895858
"Dcaf12",0.343092796696778,5.7016404612563,0.93840294266004,0.371959598866947,0.811163139450764,-5.27085585009728
"Srrm4",0.428453989336063,6.12977967517016,0.937895550187485,0.372206887796663,0.811349632860172,-5.37123316563863
"Stmn1",0.412276573242776,11.5903627482584,0.936919518727802,0.372682913228417,0.811349632860172,-5.42710815210841
"Sf3b1",0.34351022168864,8.39044043931226,0.936428899429875,0.372922362211067,0.811349632860172,-5.56246137319323
"Micu2",0.406624951795832,5.14402140329768,0.936413697641002,0.3729297832923,0.811349632860172,-5.13646685682914
"Psmd5",0.476409637360648,5.43402341539217,0.935861423487122,0.373199460343944,0.811349632860172,-5.18764736324129
"Tfam",0.315568108177791,5.71974680489317,0.935747431358472,0.373255140598503,0.811349632860172,-5.29953520219238
"Chordc1",-0.336343345995318,5.82378152371595,-0.935689285370994,0.373283544729554,0.811349632860172,-5.33101775011197
"Mrpl32",0.392022828777117,5.93345456618569,0.93539259311402,0.373428502316701,0.811349632860172,-5.32989834446527
"Aifm1",0.809475467460537,4.30918993942647,0.93524292305615,0.373501643411289,0.811349632860172,-4.94968337343883
"Sin3b",-0.240970889340246,6.80711000358391,-0.935117765206766,0.373562813784095,0.811349632860172,-5.50198967225108
"Lrfn4",-0.397287198155274,5.02102268889667,-0.934777775371213,0.373729018977812,0.811349632860172,-5.15571430514855
"Mrpl43",0.463656806772797,6.39573982716488,0.934744328147047,0.373745372657705,0.811349632860172,-5.41265547933427
"Dgkg",-0.516125921760447,5.28250615345384,-0.93426551911303,0.373979538213719,0.811349632860172,-5.22090562578486
"Arl6",0.447555275259113,5.16056337299031,0.93384335704217,0.374186088107816,0.811349632860172,-5.19003336614852
"Scyl1",0.387410589860616,5.08690844619354,0.933520160729251,0.374344273081396,0.811349632860172,-5.14234841809673
"Prpf40a",0.231575129646902,7.38428131664188,0.933444261689429,0.374381428062618,0.811349632860172,-5.54321000382425
"Gstm7",0.664586357243532,4.3090517403144,0.933436168308591,0.374385390185889,0.811349632860172,-4.93351462498207
"Coro1a",0.607836158993712,6.69585314889021,0.933348474482192,0.374428322736385,0.811349632860172,-5.47042375418858
"Rab11fip2",0.34378474369965,6.51947317520323,0.93196843062912,0.375104423990223,0.812244124166393,-5.45741870305612
"Vezt",-0.289090729154814,6.53707767526486,-0.931683415608099,0.375244166338946,0.812244124166393,-5.46905441822404
"Hint1",0.26017854363783,9.28059001081129,0.931490914116517,0.375338570744338,0.812244124166393,-5.54833479401413
"Zranb2",0.22369222148514,7.82986249693404,0.931424172486549,0.375371305424156,0.812244124166393,-5.56006139028061
"Ube2m",0.306222896094722,7.35169727818935,0.930397374760116,0.375875177415825,0.812308202421612,-5.54150000180705
"Clip4",-0.522798902800148,5.10607243019591,-0.930344981350221,0.375900901088062,0.812308202421612,-5.17162529236414
"Daam1",0.445421148084566,6.33426915700203,0.93029957155253,0.37592319703344,0.812308202421612,-5.43554592995029
"Fam19a1",-0.399325162170765,5.73003280413464,-0.930089916046419,0.37602614903841,0.812308202421612,-5.32496481172321
"Sertad2",0.56923535380497,5.25649714069487,0.930013450565259,0.376063702720319,0.812308202421612,-5.11465179428597
"Rusc2",-0.334829040185605,5.76148560136719,-0.929416489372722,0.376356974990237,0.81265523000006,-5.32522306774387
"Phkg2",0.430213238929157,5.34564418300314,0.927352267125116,0.377372347760551,0.814560671742394,-5.18624599320424
"Bod1",0.301159821497081,6.85720441888761,0.927008351854576,0.377541708354798,0.814639291830353,-5.50840989623311
"Ahsa2",0.278635952003109,6.37977323793043,0.926558363933062,0.377763386971075,0.814646062493644,-5.4397112775762
"Cox5a",0.318995575982492,8.23599116915175,0.926462300952439,0.377810722847085,0.814646062493644,-5.56996515359544
"Agrn",-0.351558497103473,5.69979002646482,-0.925820370631627,0.378127149303175,0.814670526171344,-5.31729189370988
"Polr2l",-0.358649425121712,6.12493482283982,-0.925602279688349,0.378234696202385,0.814670526171344,-5.40199333785104
"Xpa",0.380693090107617,5.40746442447274,0.925474896481445,0.378297522702403,0.814670526171344,-5.22509152195772
"Usp11",-0.284358037591798,6.5411602954511,-0.925360728526867,0.378353837709472,0.814670526171344,-5.47562213654164
"Map4k5",0.520773147608816,4.86207834449298,0.924656610010174,0.378701287805989,0.815045896401282,-5.03607407128614
"Slc7a8",-0.633138972293958,5.21791600498077,-0.924088246525698,0.378981916464812,0.815045896401282,-5.21413637504366
"Slc25a3",0.216004611188412,8.71254652547507,0.924006479696178,0.379022301026475,0.815045896401282,-5.57457831414871
"Smchd1",0.286511648948842,6.71522770306474,0.923076955381814,0.379481609847143,0.815045896401282,-5.49516530985969
"Elavl3",0.257550531171311,8.80269437220997,0.922470616157548,0.379781437780645,0.815045896401282,-5.57450808331741
"Ube2q1",-0.315309247722448,6.54755994969143,-0.92169569925603,0.380164873286745,0.815045896401282,-5.48019707647543
"AI837181",0.327425789497582,5.74423691132524,0.921576296990416,0.380223979270893,0.815045896401282,-5.3014924701905
"Psmd11",0.237927378022056,7.22078823829327,0.921458335454957,0.380282378553732,0.815045896401282,-5.54407303699243
"Dtymk",0.359472950159028,6.54134238970975,0.921433560661861,0.380294644643031,0.815045896401282,-5.46645178980391
"Sde2",0.342686314370328,5.66760836682458,0.920779586282928,0.380618532484188,0.815045896401282,-5.27804540328053
"Commd1",0.247496924091063,6.76563773827041,0.920741996999141,0.380637154999696,0.815045896401282,-5.50447699484476
"Pptc7",-0.385262633932995,5.29197935545803,-0.920636712568635,0.380689318586131,0.815045896401282,-5.23422771201936
"Gmps",-0.285917155957903,6.92155104716215,-0.920535650083201,0.380739395221531,0.815045896401282,-5.52602985783315
"Serp2",-0.397924289265556,6.67401992681374,-0.920447433243056,0.380783110683601,0.815045896401282,-5.49291014545477
"Rabgap1",0.364297434939211,6.51432810038547,0.920248541559028,0.380881683792685,0.815045896401282,-5.46877004103308
"Gtpbp4",0.260385548046898,6.44526927597565,0.919872962195162,0.381067875394944,0.815045896401282,-5.46025998457933
"Polr2k",0.265416839886324,7.22810429682842,0.919809189323076,0.38109949696651,0.815045896401282,-5.54525540644256
"Uqcrc1",0.229296263848307,7.21780209069628,0.919754388651749,0.381126671205959,0.815045896401282,-5.5466767569517
"Yae1d1",0.33437279935632,5.5952340536436,0.919302705484218,0.381350702207312,0.815045896401282,-5.27383545568694
"Sept11",-0.260890539971904,6.64633195906893,-0.919216530323875,0.381393455084165,0.815045896401282,-5.49689838102137
"Zfp30",0.537028773045266,5.07102105448473,0.919103236928279,0.381449666984177,0.815045896401282,-5.18143586303212
"Ccdc115",0.365408365262536,5.51664997848729,0.918680235643418,0.381659596756651,0.815045896401282,-5.24660179514381
"Swi5",0.261867261896291,8.03476551257648,0.918467759041815,0.381765077261968,0.815045896401282,-5.57461773853587
"Tnrc6c",-0.245184629881091,7.793237791264,-0.917456388502071,0.382267442088762,0.815045896401282,-5.57622009798633
"Fam92a",-0.295933994648171,6.54252119674315,-0.917451952484327,0.382269646577078,0.815045896401282,-5.48063576801739
"Atp1b3",0.367210746079038,6.75926986054728,0.917412627039347,0.38228918983787,0.815045896401282,-5.50529685467591
"Esco2",-0.422215420690484,5.16969178014463,-0.917286561930554,0.382351844263155,0.815045896401282,-5.20745197652364
"Cnot2",0.281751470228427,6.05513103755373,0.917262612803054,0.382363747823998,0.815045896401282,-5.37929654554803
"Lsm14a",0.370374298118072,6.02903745604937,0.917026469659919,0.3824811335145,0.815045896401282,-5.37408902781866
"Atg12",0.28475644863711,5.91795366616316,0.916912267417537,0.382537912198143,0.815045896401282,-5.3553585740419
"Mdk",1.0900457164785,6.71109406045134,0.916684280515991,0.382651280017377,0.815045896401282,-5.45177467153211
"Phf6",-0.309413177397752,6.23979868521515,-0.916003917501203,0.382989737605661,0.815367508185892,-5.4328389389061
"Pex19",-0.352194274896129,5.36065108056182,-0.915586954130265,0.383197268727873,0.815367508185892,-5.25381830760451
"Ezr",0.781701047386396,5.99650981268466,0.915578575276514,0.383201439878487,0.815367508185892,-5.27809375103722
"Dlg1",-0.584929117264903,5.96423366806373,-0.914872380651612,0.383553113665533,0.815832516675595,-5.38394936908272
"Agpat5",0.328477023764741,6.13337134759364,0.914550999158353,0.383713233053334,0.815889900121732,-5.40237975573314
"2810417H13Rik",0.457574267334256,7.66294062894331,0.912794682338076,0.384589114053771,0.816202685568972,-5.56691573694743
"Cnrip1",-0.244671008210212,6.92680671794457,-0.912740141544771,0.384616336598615,0.816202685568972,-5.53325736576338
"Srf",-0.370752328013416,5.41893759802047,-0.912252493832152,0.384859793840032,0.816202685568972,-5.26646468629905
"Zbtb7a",-0.394638637346037,6.49814317074188,-0.912065366653388,0.384953245987012,0.816202685568972,-5.48039925177266
"Cwf19l2",0.362177794216947,5.25292437045089,0.911918674190409,0.385026516196596,0.816202685568972,-5.21214437469097
"Shank1",-0.362096062330271,6.42753982055223,-0.911895156728073,0.38503826366704,0.816202685568972,-5.4694805223039
"Dcakd",0.362768068181257,5.79391929334275,0.911794300254208,0.385088646516318,0.816202685568972,-5.31974247162174
"Nt5c",0.309721801608478,5.58422134812858,0.911632605946564,0.385169430735106,0.816202685568972,-5.28305926423084
"Dmd",-0.311106875086982,5.94173001547648,-0.911584851635123,0.385193291620005,0.816202685568972,-5.38238379288539
"Pspc1",0.307535657530803,5.80524620088846,0.911421655589699,0.385274842010895,0.816202685568972,-5.33277136604562
"Dpysl4",-0.31936840722713,5.39766005371725,-0.911320389066933,0.385325451917597,0.816202685568972,-5.26659334091906
"Atg3",0.338146316295737,5.72530388421842,0.910314865642197,0.385828239451629,0.816347003579566,-5.31322586681412
"Gtf2h5",0.288272891517724,7.54505049842005,0.910206922356916,0.38588224169972,0.816347003579566,-5.56851759498204
"Zfp36l1",0.483025983424429,6.79337521017587,0.910028432736628,0.385971548956976,0.816347003579566,-5.50602911934565
"Scoc",0.413394732352087,7.6458131698406,0.909928013309187,0.386021800289854,0.816347003579566,-5.56995004499851
"Itpa",0.298538771772229,6.11438895981026,0.909617346559198,0.386177291996715,0.816347003579566,-5.40750431521748
"Pycrl",0.625021039475555,4.74375553056988,0.909153006051496,0.386409782240085,0.816347003579566,-5.00575545764746
"Wdhd1",0.678038400721067,4.48282663537557,0.909152083025597,0.386410244488568,0.816347003579566,-4.94704545750133
"Nbeal1",0.412837868328218,5.74078928517007,0.909054110771262,0.386459310930862,0.816347003579566,-5.30816982998724
"Ergic2",0.25836830238261,6.46924965198277,0.908409252705774,0.386782379532867,0.816747905505654,-5.47415288206615
"Taf15",0.340455304060868,6.57507908401085,0.907911074989732,0.387032094352534,0.816906841935819,-5.4861996110972
"Ptprd",-0.322612784527421,7.36404156144615,-0.907674990343712,0.387150473460553,0.816906841935819,-5.56893641609863
"Lyrm2",0.399481422733403,5.05769029637257,0.907205590053917,0.38738591991442,0.816906841935819,-5.16387041747204
"Map2k7",-0.421829739120554,4.93657097278742,-0.906934102099393,0.387522142116526,0.816906841935819,-5.15709484096951
"Appl1",-0.250732728833896,6.85334240277971,-0.906838363825584,0.38757018803781,0.816906841935819,-5.53113114651767
"Cspp1",0.254708668472112,7.14095097862834,0.906664424770858,0.387657489613146,0.816906841935819,-5.5513149613337
"Tle1",-0.415359730801566,5.97222240077693,-0.906207834876834,0.387886722856419,0.817108916350683,-5.39297571742015
"Tbce",0.414062139165602,5.21683442126905,0.905153336084374,0.388416508267446,0.817669668216965,-5.18451113737596
"Nfx1",-0.357830729766536,5.77531377556146,-0.905062631572165,0.388462102718653,0.817669668216965,-5.34285996762601
"Kctd4",0.934832377567174,5.05619312082582,0.904471086660932,0.388759548152275,0.817669668216965,-5.18374252702553
"Celsr3",0.419974889167261,5.48836889566778,0.904458438340221,0.388765909853726,0.817669668216965,-5.27029384048569
"Hipk2",0.554635947870493,5.69657869714092,0.904250235186861,0.38887064004034,0.817669668216965,-5.24684515224155
"Chfr",0.441831794140662,5.32355898860198,0.902934483649148,0.389532952694872,0.817669668216965,-5.20725925020639
"Sec63",0.244946566598269,6.48203742570843,0.902279638532619,0.389862882312654,0.817669668216965,-5.47960774396364
"Insig2",-0.301944007324363,5.75181890621,-0.902227351386546,0.389889234628131,0.817669668216965,-5.35198203348417
"Kdm5c",0.362041543062582,5.14154889643719,0.902026849415847,0.389990297801315,0.817669668216965,-5.17714359233045
"Cops2",0.337704055373757,5.8262759573235,0.901999545798192,0.390004061651264,0.817669668216965,-5.32780246216665
"March5",0.361131592007688,6.30151622961169,0.901896722267486,0.390055898454222,0.817669668216965,-5.43913941663092
"Hspa1b",0.729407938968439,4.19585882559805,0.901895348666512,0.390056590965853,0.817669668216965,-4.92065692740343
"Calcoco1",0.282573188606329,5.79971988364812,0.901865671859812,0.390071552972536,0.817669668216965,-5.34475320071918
"Stx7",0.274763986362216,6.99758736347621,0.901703267609742,0.390153438732103,0.817669668216965,-5.54258127438094
"Tmem123",0.843572205635226,4.45389162733388,0.901701378528252,0.390154391296737,0.817669668216965,-4.92228319255835
"Dock7",0.25155162192395,6.20312114718056,0.900964427371664,0.390526123170874,0.81798008545947,-5.42813580753003
"Wbp11",-0.232552691017258,6.53337023570522,-0.900878519796205,0.390569472920106,0.81798008545947,-5.4964618779375
"Pcdh10",-0.403531458315333,6.25282087854129,-0.900508724291226,0.390756114142002,0.818091379385784,-5.44832841664713
"Akap11",-0.320893149422958,7.40710812824541,-0.899989958396656,0.391018049651255,0.818147045358362,-5.57756568014479
"Dag1",-0.394890660634962,5.72215169317114,-0.89992724789847,0.391049721908395,0.818147045358362,-5.34669554201184
"Rbx1",0.249463216406888,8.53936123479412,0.898122876408161,0.391961809067796,0.819106007023992,-5.59739884117359
"Kcnc3",-0.3971878593744,5.83660440461235,-0.898090427041884,0.391978225617622,0.819106007023992,-5.37333443523935
"Comt",0.254755468402758,6.85076301121831,0.89792323082354,0.392062820054522,0.819106007023992,-5.53137627493069
"Nolc1",0.268218274175099,5.94372699197919,0.897915020866021,0.392066974290154,0.819106007023992,-5.37604454956142
"Mllt11",-0.309824748515293,8.00482382053323,-0.897551003441589,0.39225119835543,0.819106007023992,-5.59866074952478
"Asf1a",0.491672046728789,6.08746237792077,0.897428222960096,0.392313349659162,0.819106007023992,-5.41205328688462
"Tdp1",0.569530288877835,4.75475197872407,0.897170681105602,0.392443739657709,0.819106007023992,-5.06280657226615
"Sall2",-0.401015772958706,5.58485498184238,-0.896874049566758,0.392593958305708,0.819140543580994,-5.31895711708248
"Pum3",0.342519677653494,5.41858045102056,0.895422477088447,0.393329643923512,0.820260046819316,-5.25042217928173
"Snx14",-0.4328743088772,5.30877213015804,-0.895287273157313,0.393398217624342,0.820260046819316,-5.25360239002582
"Rasgrp1",-0.587841096583809,6.75254036749888,-0.894214918791866,0.393942401849279,0.820790150112619,-5.52490676094041
"Mrps23",0.387013072119585,5.71060251296956,0.893988167315217,0.394057538899359,0.820790150112619,-5.32029396869148
"Lsm5",0.44171524782987,6.32299817186611,0.893939871528462,0.394082065010143,0.820790150112619,-5.432365896004
"Tmcc1",0.280032145161894,7.30907481019241,0.893730860225136,0.394188219938224,0.820790150112619,-5.5744720893391
"Nipbl",0.30721962623424,6.64033960905531,0.893334562978446,0.394389551224685,0.820834664054888,-5.51162105100904
"Ctage5",0.392967664556023,5.95872139334866,0.89316150197537,0.394477494393219,0.820834664054888,-5.37365188900657
"Rgs17",-0.461620565941044,5.6507691845638,-0.89253233303097,0.394797331526252,0.821027708146382,-5.33091659350832
"Knop1",0.438400723449113,5.69908246720072,0.892451911048126,0.394838227138934,0.821027708146382,-5.31923465116893
"AI480526",-0.276402884164619,6.21811791042002,-0.891854791150884,0.395141963957135,0.821380581794207,-5.44881685196751
"Kcnip3",-0.451451140119047,4.88417409181509,-0.891312683685635,0.395417860602311,0.821673086000019,-5.1563050053426
"Eif3l",0.499375023285547,6.05184287244307,0.890876182901895,0.39564010936752,0.821673086000019,-5.34171033273746
"Tmem135",-0.369796199320561,5.41325232079321,-0.890788167071156,0.39568493420138,0.821673086000019,-5.28781062260672
"Puf60",0.249099227618587,6.94313769308881,0.89031917488192,0.395923843723937,0.821890689139664,-5.55029457806857
"Mki67",-0.427308638715254,7.38093089659198,-0.88979772952963,0.39618959300253,0.82198432138266,-5.58501996731719
"Mrps9",0.284356390499541,5.65207353994944,0.889112145666147,0.396539185367768,0.82198432138266,-5.31658214424769
"Dmtf1",0.283645303899674,6.21956246039504,0.888932060010024,0.396631050588982,0.82198432138266,-5.44140721743988
"Utp15",0.38208388740362,4.8549929740554,0.888676388732125,0.396761499308174,0.82198432138266,-5.12361315755069
"Kpna4",-0.300220065457366,6.03090668491177,-0.888548640846007,0.396826690233487,0.82198432138266,-5.41859821750037
"Aldh2",-0.309048481697517,5.99669972314095,-0.888533376239976,0.396834480408192,0.82198432138266,-5.40906963000121
"Arxes1",-0.435738250880445,5.07142353610776,-0.888271988213872,0.39696789452441,0.82198432138266,-5.20486755768082
"Ube2d2a",0.252430210114174,7.68652120683305,0.887634542527629,0.39729338350519,0.82198432138266,-5.59318017874397
"Prmt2",0.252642780598913,6.72601901401933,0.887495185654702,0.397364566198079,0.82198432138266,-5.52528523865684
"Top1",0.240075379660563,8.68911631388542,0.886509566124302,0.397868271680218,0.82198432138266,-5.60695997879433
"Atp5c1",0.227643583919025,8.25887833332858,0.886105176846991,0.398075066831376,0.82198432138266,-5.60624719422558
"Atad2",-0.356439209525223,6.05230997636269,-0.886037588836963,0.398109637131684,0.82198432138266,-5.41805038749341
"Rab5c",0.312022266943896,6.44458775239973,0.88578134102016,0.398240723432391,0.82198432138266,-5.48409777225875
"Rps27rt",0.32538158293905,6.21460910951579,0.885551627511379,0.398358261664402,0.82198432138266,-5.43394920597316
"Bok",-0.28219345988354,6.26865886236485,-0.885100142734091,0.398589345484657,0.82198432138266,-5.46336866657977
"Prkrir",0.326250556836208,5.90511750805636,0.884987415692842,0.398647057379175,0.82198432138266,-5.37854481460799
"Tmem160",0.284927787527878,5.97854288811614,0.884703803531989,0.398792281877287,0.82198432138266,-5.39021730458482
"Gfpt1",0.35365835739617,5.81439541797367,0.88464013164768,0.398824890383748,0.82198432138266,-5.35245990585655
"Eif2s3y",0.379546882516004,6.4250089459955,0.884454829711022,0.398919800395747,0.82198432138266,-5.46600852676848
"Cd24a",0.888245986419447,7.46986086537677,0.884383461649889,0.398956358724821,0.82198432138266,-5.56241787045738
"Rab39b",0.493747187498345,5.54533320726673,0.884138305489161,0.399081958064908,0.82198432138266,-5.29915842201918
"Ap1s2",0.407706803131626,6.51734890076283,0.884123421479092,0.399089584393579,0.82198432138266,-5.48624733993508
"Iqcb1",-0.342407910578132,5.505835880347,-0.883882843319304,0.399212867018821,0.82198432138266,-5.30982456407389
"Ctnnb1",0.20009344094154,8.4042901194558,0.883243014133512,0.39954087346499,0.82198432138266,-5.60976362563344
"Taf1d",0.337443120803212,6.67512167176297,0.882874058563167,0.399730103534216,0.82198432138266,-5.51884168439461
"Endod1",-0.402059538284771,5.36429544321306,-0.882847176592113,0.399743893232146,0.82198432138266,-5.28087861344165
"Scarb2",0.313987404087364,6.40707038610799,0.882747467461471,0.399795044143586,0.82198432138266,-5.48519963021934
"Adarb1",-0.48503425213414,5.33987331132395,-0.882528270213661,0.399907508789742,0.82198432138266,-5.26941834637533
"Numa1",0.311051880376344,6.50031459261306,0.882451211673311,0.399947050890084,0.82198432138266,-5.49853306164625
"Pop4",-0.424762322849084,5.49908029582902,-0.882157725115499,0.400097676820204,0.82198432138266,-5.30902758677662
"Tubb5",0.394467687769155,10.9025982790956,0.88201127494386,0.400172854264502,0.82198432138266,-5.50015208610461
"Hadhb",0.297464432249532,6.36122626249555,0.881768800917977,0.400297345574537,0.82198432138266,-5.47423971844576
"Wapl",0.350706698126595,6.23839920543872,0.881577796026595,0.400395430699615,0.82198432138266,-5.45613357865509
"Cenpq",-0.345098520711277,5.32297109301943,-0.881183023182566,0.400598208571569,0.822125191603007,-5.25812733107754
"Lrig2",-0.411221881712496,4.89239537720901,-0.880391938967951,0.401004771680067,0.822684044477889,-5.16752519911883
"Actb",0.354096640277967,12.020451219986,0.879270390939418,0.401581666935924,0.822732064255157,-5.46226477700533
"Dennd1b",0.39881986052724,5.13110827785139,0.878978234531004,0.401732040194435,0.822732064255157,-5.21037127948606
"Ewsr1",0.203143299566812,7.85261603227211,0.87876099451737,0.401843879498555,0.822732064255157,-5.60582422227781
"Cers2",0.431932778808136,5.5774176781363,0.878469086429003,0.401994193740754,0.822732064255157,-5.29490556623256
"Zswim8",-0.443124168517045,5.82030018903175,-0.878045896693063,0.402212179764633,0.822732064255157,-5.38336441804301
"Tpm1",-0.405474007704543,6.62187976285871,-0.877871989010325,0.40230178404457,0.822732064255157,-5.5218886676698
"Trappc6b",-0.282448863270374,7.12207354753545,-0.877387757378649,0.402551353522297,0.822732064255157,-5.5792963336257
"Cdk16",-0.284624161980382,5.84509227895208,-0.877225496743491,0.402635005748786,0.822732064255157,-5.39026795215444
"Lzts1",0.354760569007477,5.17441393693934,0.877171198227055,0.402663001653136,0.822732064255157,-5.22989479441877
"Fndc3a",0.392569033254282,6.33802665916833,0.876940829880013,0.402781793002099,0.822732064255157,-5.47775317078447
"Ptp4a1",0.246190632137851,7.24283801200971,0.87679198831849,0.40285855744587,0.822732064255157,-5.58400122953153
"Ppp2r3c",0.367976470051256,5.83852197459913,0.876772322031304,0.402868701021995,0.822732064255157,-5.35125654303839
"Ube2i",0.315835502409669,7.6159567844823,0.876565663545349,0.402975303191732,0.822732064255157,-5.59973201810787
"Klc1",-0.247268566955838,8.01143726772951,-0.876548265079321,0.402984278872522,0.822732064255157,-5.61653005434933
"Ctbp1",0.236920021267208,7.59877278732646,0.876199259439828,0.403164356697583,0.822732064255157,-5.60045039143618
"Ccdc39",-0.705257458539183,4.24229541871712,-0.876113577080807,0.403208575180764,0.822732064255157,-4.97605287705228
"Ndufab1",-0.226313037556805,7.86467702255089,-0.875810070092935,0.40336523473285,0.822732064255157,-5.61390463694723
"Dcaf17",0.377082568295134,5.84905672426363,0.875432550342266,0.403560156526268,0.822732064255157,-5.38292389025783
"Mob4",0.296470472882298,7.06481333277273,0.875395912021781,0.403579077211325,0.822732064255157,-5.56964199625131
"0610012G03Rik",-0.21185825224725,6.95878545746261,-0.874987858393766,0.403789845390614,0.822887985551607,-5.56786091474881
"Armcx4",-0.287899056994917,5.77680182436398,-0.874616708788125,0.403981618773295,0.823005106330701,-5.37690207489045
"9530068E07Rik",-0.239785106782084,6.22698117431816,-0.872039399317255,0.405315074900731,0.825022432938013,-5.46671347231074
"Timp2",-0.385776580901932,7.56023468829925,-0.87193064209634,0.40537141160331,0.825022432938013,-5.60791146388212
"Atp1a1",-0.44181200540515,7.95068225281398,-0.871758077808003,0.405460811864983,0.825022432938013,-5.62030403067661
"Cyth3",-0.363651451101481,5.37814600716208,-0.871359172410838,0.405667525227484,0.825022432938013,-5.29519218061011
"Zfp24",0.282207450239184,6.04341147343463,0.871024713997066,0.405840898790934,0.825022432938013,-5.41637921096672
"Brd9",0.262424678173615,6.57711537365989,0.870922845084512,0.405893714966086,0.825022432938013,-5.52244113804393
"Supt6",-0.302544591034947,6.26810446430296,-0.870823000532496,0.405945486224372,0.825022432938013,-5.47552489948453
"Ehmt1",-0.333689199825047,6.28164471089816,-0.870623586787599,0.40604889976192,0.825022432938013,-5.47722149371948
"Crybb1",1.33791836012071,4.72621114974357,0.870282304597281,0.406225927216918,0.825108545570194,-4.94162264612721
"Cstf3",-0.346604022604493,6.43050833248347,-0.869603837618323,0.40657801673424,0.825488885295222,-5.50262501029149
"Hist1h2ap",-0.547792666606796,9.13876832904749,-0.869250720014874,0.406761350863106,0.825488885295222,-5.6048270650959
"Rfc5",0.364034696259974,4.9101939588013,0.869142973154849,0.406817303131784,0.825488885295222,-5.14396402649169
"Bsg",0.240614198989217,8.70032022363106,0.868757856311318,0.407017335779543,0.825507666902234,-5.62186470319246
"4933434E20Rik",0.256410140279936,6.65049108351766,0.868606479870924,0.407095980642714,0.825507666902234,-5.53187192924425
"Vps53",-0.245410993262529,5.99509725121279,-0.866548384549665,0.408166277741522,0.827352124814785,-5.42549983028969
"Imp3",0.229249084870068,6.97349484442392,0.865825387685305,0.408542731676168,0.827352124814785,-5.57235425489433
"Mrpl54",0.302919494244771,5.69535922412544,0.865145635886496,0.408896888935972,0.827352124814785,-5.33652973711121
"Zfand5",0.225428566948121,8.22838586006784,0.865054036042396,0.408944629671325,0.827352124814785,-5.62344438401302
"Nfe2l2",0.670504084033162,5.80950682928866,0.865006534930374,0.408969388205885,0.827352124814785,-5.29824843929165
"Nsmce4a",0.378522097294737,6.53262653251982,0.86482048878367,0.409066369240373,0.827352124814785,-5.50743024906604
"Dyrk1a",-0.332762915675285,6.10086227618028,-0.864806251344521,0.409073791507461,0.827352124814785,-5.44957392222889
"Gm26735",0.891290264249061,6.75480163416491,0.864647772736572,0.409156415960651,0.827352124814785,-5.45436320797392
"Dscaml1",0.352076176350166,4.98806938643336,0.864339518185009,0.409317160894805,0.827352124814785,-5.19093264677743
"St3gal6",-0.715794680579444,4.53290278816816,-0.864150665789389,0.409415663103022,0.827352124814785,-5.05385765633578
"Tpp2",0.455479181697738,5.96719277294864,0.864006827940081,0.409490697546221,0.827352124814785,-5.35197530602864
"Ywhaq",0.340718569111212,8.97554673549713,0.863092461209464,0.409967909643121,0.827837189592455,-5.61983819345924
"Psmb5",0.236392488061866,7.70883185760091,0.863029166059914,0.410000957965584,0.827837189592455,-5.61459823191392
"Dock11",0.305129318582223,5.37181009146781,0.861258370772017,0.410926294499056,0.82943225714434,-5.27862427370007
"Atox1",0.321551108480942,7.32844163024347,0.860962869382627,0.411080851072471,0.829471009342148,-5.59866048348961
"Tmem167b",-0.499503794243751,4.84101685034478,-0.860274295505181,0.411441153537173,0.829769654719539,-5.15196078044345
"Lrrc47",0.387075374787094,4.86497695516507,0.860162503308168,0.41149967047857,0.829769654719539,-5.17093129384651
"U2af1",0.342556599568946,7.35022750675993,0.859249538343446,0.411977772523708,0.830162909057415,-5.60216376563812
"Thyn1",0.315319888794142,5.9095009399654,0.858940636498008,0.412139625614902,0.830162909057415,-5.39650147897055
"Msantd3",0.39339644171268,4.92053745349001,0.858524007764197,0.412357993413644,0.830162909057415,-5.18476870250126
"Zfp950",0.3967466891238,6.16759305802299,0.857981185056205,0.412642623606643,0.830162909057415,-5.45687382804767
"Rnf216",0.338385309652078,5.18624169049836,0.857685586443757,0.412797678581415,0.830162909057415,-5.2328281651469
"Slc4a4",-0.515616291526826,5.09384009374205,-0.856992505226806,0.41316138959094,0.830162909057415,-5.21002624012245
"Eln",0.55308538410936,6.04864301637987,0.856889283643911,0.41321557657687,0.830162909057415,-5.42992680365041
"Gpsm1",0.456547217478778,5.20301163681724,0.856792808115952,0.413266226616969,0.830162909057415,-5.18554320339106
"Ost4",0.326551159661822,6.8585508496259,0.855652181636857,0.413865385944325,0.830162909057415,-5.56568826118414
"Pdcd6ip",0.323872199468678,5.97789302215568,0.855104079261548,0.414153512190502,0.830162909057415,-5.42158180337171
"Zfp637",0.344104289013279,6.3992301251712,0.854933171456327,0.414243383311896,0.830162909057415,-5.49592799714132
"Tmbim6",0.315317777938518,7.91739757933675,0.854931300274921,0.414244367339091,0.830162909057415,-5.62552098591496
"Hmgcr",-0.37841560881077,6.1349775990386,-0.854606401825431,0.414415251238232,0.830162909057415,-5.46499489937858
"Gm11808",0.353921975311294,6.9885478931541,0.854342366739303,0.414554159284149,0.830162909057415,-5.57768827751396
"Atp2a2",-0.376912237649895,8.41477502265155,-0.853950675734143,0.414760286009965,0.830162909057415,-5.63755341254543
"Nsa2",0.22966302594886,7.30910289370677,0.853678387348299,0.414903619046339,0.830162909057415,-5.60641493916243
"Mapk8ip3",-0.315492088838309,6.72503110452765,-0.853540403427207,0.414976267068492,0.830162909057415,-5.56153410001811
"Kars",0.309149922889848,5.44375362641546,0.853515372111688,0.414989446905105,0.830162909057415,-5.29893720466399
"Fam213b",-0.406854508364229,5.63993547519665,-0.853463414313721,0.415016805371382,0.830162909057415,-5.36592515579307
"Psmc4",0.257113711430118,7.16675788754693,0.853353702617071,0.415074578344857,0.830162909057415,-5.59762291788247
"Gfra1",-0.39264209878307,5.92833773292357,-0.853287386252447,0.415109502508117,0.830162909057415,-5.42686654304053
"Dzip1",-0.513128425298801,4.56920457810682,-0.853130865916328,0.415191938807386,0.830162909057415,-5.09942516721139
"Sbno1",-0.2449884119536,7.32221821534807,-0.853104990551517,0.415205567961798,0.830162909057415,-5.61237174950677
"Ubl5",-0.193701119400804,8.50901109185351,-0.852987191693636,0.415267619257307,0.830162909057415,-5.6369961926278
"Fibcd1",-1.71096018477577,4.92866891849683,-0.852963676838971,0.415280006623153,0.830162909057415,-5.13288089956344
"Cops4",0.277320322940106,6.48797485730303,0.852842213811092,0.415343996069943,0.830162909057415,-5.52094875482578
"Atp5f1",0.277562332327093,8.71062186901254,0.852826271341736,0.41535239542592,0.830162909057415,-5.6346810802846
"Txn1",0.274686104408933,7.75669810148247,0.85256103691068,0.41549215249745,0.830171473917304,-5.62399085024266
"Ascc3",-0.392534894821091,5.01628616956685,-0.851825433678223,0.415879925767756,0.830461696422413,-5.21877186551023
"Rae1",0.321769183618262,5.73157330573159,0.851593751417179,0.416002108800979,0.830461696422413,-5.35817630571936
"Cul5",-0.278232940002981,6.60440624940906,-0.85151439784738,0.416043963449218,0.830461696422413,-5.54655346379045
"Rrm2b",0.305609658413224,5.6853544715128,0.850579484313256,0.41653729779966,0.830939267983097,-5.36546296159521
"Fbxo21",-0.267439239375856,6.29670155453252,-0.850547066756323,0.416554411103798,0.830939267983097,-5.49660779595928
"Tcaf1",-0.226883288492341,7.89126073714932,-0.850199278357643,0.416738039924763,0.831035050002911,-5.63582878456696
"Serinc3",0.448621568215078,7.81408330998124,0.848978177242283,0.417383211212616,0.831593238764488,-5.62599332128604
"Ikzf5",0.369500508317517,5.62738995372012,0.848950430474574,0.417397879268992,0.831593238764488,-5.32167596087052
"Vps4a",0.2674941576215,5.92314494405872,0.848830854784767,0.417461095847639,0.831593238764488,-5.41050369893697
"Romo1",0.260539252993098,7.64003933449383,0.847542436294916,0.418142667904457,0.831593238764488,-5.62558073870838
"Chm",-0.376185537999097,5.3906208365091,-0.847382871465625,0.418227130830192,0.831593238764488,-5.31542384089393
"Sppl3",-0.35330190272432,6.31110035840557,-0.847136487240985,0.418357573194154,0.831593238764488,-5.50134816656292
"Gga2",0.348279238206774,5.58360207270689,0.847044443074826,0.418406311009345,0.831593238764488,-5.31470987767288
"Strn3",-0.225216972082186,7.12553735289532,-0.846707333977052,0.418584845215174,0.831593238764488,-5.6048309372633
"Slc35b1",0.389066389763014,5.53142739542602,0.846324751003075,0.418787526053062,0.831593238764488,-5.33581259078716
"B3galt1",0.29454298536314,5.58317153382615,0.846280968290632,0.418810725109214,0.831593238764488,-5.33476288735707
"Hdac5",-0.276486691762529,5.83118370743476,-0.845561367021852,0.419192145439506,0.831593238764488,-5.405917883369
"Tbc1d10b",0.36720589814766,5.80923597691028,0.845403027751366,0.419276104274706,0.831593238764488,-5.37283606189357
"Spata2",-0.274720177969319,5.5201657968276,-0.845330581690048,0.419314522396436,0.831593238764488,-5.3410188441691
"Apod",0.665952609350523,6.37930434524258,0.845125637924902,0.419423217113987,0.831593238764488,-5.4966776422656
"Fam58b",0.308468728817274,5.38921469698432,0.845002991351142,0.41948827365917,0.831593238764488,-5.27950073278344
"Pdap1",0.305375466469481,7.7689587217084,0.844665139127017,0.419667519580386,0.831593238764488,-5.62997840730251
"Trp53bp1",-0.300685767566603,6.49358341745394,-0.843976436059678,0.420033070781968,0.831593238764488,-5.53656725747331
"Rbm34",0.359940278914811,5.09563210131978,0.843908315995864,0.420069239572414,0.831593238764488,-5.20637165405235
"Iscu",0.252197302081377,6.93490222258831,0.843782658686585,0.420135963750587,0.831593238764488,-5.58532319414525
"U2surp",-0.219429987867466,7.64061254988037,-0.843767268800823,0.420144136298342,0.831593238764488,-5.6334415760211
"Ppp1r10",0.265432178210916,6.38893855437841,0.843706901224922,0.420176194568942,0.831593238764488,-5.51164870176688
"Cers6",-0.602980305518313,4.873275409817,-0.843540023238018,0.420264824057939,0.831593238764488,-5.16291118183493
"B4gat1",-0.253646052370229,5.93708668988177,-0.843532680413434,0.420268724152948,0.831593238764488,-5.4334324601941
"Hes6",0.4411211476422,6.57829656203574,0.843495326839068,0.420288564653474,0.831593238764488,-5.53174574885061
"Top2a",-0.488756001621059,8.2435183857978,-0.843164360151288,0.420464387034981,0.831593238764488,-5.64731392137215
"Mocs2",0.41558564174949,5.80318853763365,0.842915832323159,0.420596447885218,0.831593238764488,-5.3601357193383
"Rab11b",-0.218619265149556,7.72612975739483,-0.842707407792218,0.420707220899784,0.831593238764488,-5.63638536073273
"Dtx3",-0.274333628491628,7.05377932019822,-0.842318013227727,0.420914229128513,0.831593238764488,-5.60291208761173
"Ralgapa2",-0.308470428926382,5.57713733667295,-0.842244409323955,0.420953365967272,0.831593238764488,-5.36043170722309
"Rcbtb1",0.388982441856213,5.21906498493013,0.841629781447978,0.421280274821312,0.831917553213183,-5.21417003832227
"Actr1a",0.29738732829833,6.25313385434367,0.841425347669465,0.421389047841664,0.831917553213183,-5.49003226143473
"Stard7",-0.251697562639315,6.60267265716359,-0.841157088468944,0.421531809657522,0.831931378287052,-5.55548123484024
"Rnf7",-0.223610362367191,7.6101059879434,-0.840815588858989,0.421713596439801,0.832022188983612,-5.63451317885766
"Tet2",-0.283055832459198,5.66381341478256,-0.839909253760477,0.422196316567008,0.83270647824996,-5.38109368621905
"Hspa12a",-0.390563786043049,5.74798755288776,-0.83934548370018,0.422496775223022,0.833030964789794,-5.40225442769172
"Blvra",-0.314886478155185,5.14048141777612,-0.839058627098707,0.422649710341443,0.83306446605737,-5.25518421388555
"Sumo3",0.205029226698004,7.52878639638382,0.838020691171811,0.423203393663815,0.833368260661671,-5.63070800661654
"Rab23",-0.335510683283627,5.24830896490313,-0.837298484046535,0.423588945345599,0.833368260661671,-5.28822561878178
"Ddost",0.348851051219456,6.7282962059347,0.83726069195459,0.423609127342483,0.833368260661671,-5.56610186380755
"Tmem68",-0.302601479616457,5.4383610622256,-0.836993429556254,0.423751871450973,0.833368260661671,-5.33343568753978
"Wbp5",0.206691675771,8.31669777812599,0.836837386074308,0.423835229055144,0.833368260661671,-5.64765324320262
"Ube2s",0.401532570860606,8.8869433701683,0.836830495560046,0.423838910190023,0.833368260661671,-5.64350012434478
"Chmp2a",0.318103522366667,7.32121180042096,0.836680004603517,0.423919312765124,0.833368260661671,-5.61908737646334
"Gpc1",-0.331821900087259,6.39496908027488,-0.836537898815258,0.423995244983943,0.833368260661671,-5.52129182511167
"Cd200",0.258198410762029,6.69980974130477,0.836477015165326,0.424027780147371,0.833368260661671,-5.56880010248619
"Ciao1",-0.350099627567921,5.29524816352682,-0.836105977881093,0.424226092919767,0.833490701318477,-5.29599995328387
"Smarcc1",0.356149323801178,6.871481850926,0.835594281159052,0.424499689642009,0.833560738667762,-5.58075694657762
"Ndufa11",-0.196458575834637,7.76270291496991,-0.83508956722784,0.424769670878636,0.833560738667762,-5.64368327588459
"Rps17",0.305892957535321,9.33332006615968,0.834704814485869,0.42497556134274,0.833560738667762,-5.62690429022008
"Adh5",0.388560382899216,6.8378310693248,0.834664731535202,0.424997014615665,0.833560738667762,-5.57606307156261
"Map2k6",-0.379707082509811,4.98196635118961,-0.834350867214218,0.425165027245981,0.833560738667762,-5.209092358001
"Slc50a1",-0.254324996647455,5.96320299692682,-0.834205293956544,0.425242968497611,0.833560738667762,-5.44512077082315
"Copb1",0.235528223468955,6.75295207461333,0.833214479806214,0.425773718602497,0.833560738667762,-5.57511492145875
"Gpcpd1",0.247362311499369,6.34402635545492,0.833158393537142,0.425803775887181,0.833560738667762,-5.5138869161086
"Ppih",0.306023572568963,5.59384348032628,0.833039772987605,0.4258673507903,0.833560738667762,-5.34017155572346
"Ndufb11",0.216637038153489,7.9881246241897,0.832211638195355,0.426311371593346,0.833560738667762,-5.6467410801939
"Sltm",-0.269952549593059,7.06959266438827,-0.831914842134109,0.4264705814833,0.833560738667762,-5.61241884441323
"Eif1ax",-0.213112193231542,7.21033374894516,-0.831767386878469,0.42654969576951,0.833560738667762,-5.62266022975064
"Rtcb",0.210930194108488,6.6126063615726,0.831599221199324,0.426639934047865,0.833560738667762,-5.55866556751993
"Srsf6",0.219763040425553,7.60328132950108,0.831026819831909,0.426947184106264,0.833560738667762,-5.63867906349638
"Acbd3",0.30866628443087,5.58357362728234,0.830829377412047,0.427053200993595,0.833560738667762,-5.34846549686078
"Bola2",0.225887363623534,6.9590929882277,0.830448105911258,0.427257975831833,0.833560738667762,-5.6000887552019
"Psmc3ip",0.320929241873249,5.30329386528859,0.829946058848608,0.427527719306836,0.833560738667762,-5.2589778058856
"Ccdc6",-0.323739365828099,5.34309860114938,-0.829653174136224,0.427685136074424,0.833560738667762,-5.30033711624873
"Ugcg",-0.280118815297308,6.34347752865467,-0.829603652176577,0.427711756545693,0.833560738667762,-5.52207258158582
"Cacnb2",0.447460797581344,4.93657097278742,0.829462301129348,0.427787745840429,0.833560738667762,-5.19513038055133
"Tecr",-0.22299064067768,8.58887591592918,-0.82936825203489,0.427838311041224,0.833560738667762,-5.65544531220422
"Grpel2",0.316537498616468,5.15050938080898,0.82917983991906,0.427939622464146,0.833560738667762,-5.24542958556141
"Slc25a28",0.425553520454193,5.64000122619245,0.829142411235093,0.427959750254157,0.833560738667762,-5.35696483687094
"E130114P18Rik",0.504317585711565,4.7278298880209,0.829111313882892,0.427976473773431,0.833560738667762,-5.13579608568853
"Lsm14b",0.305307153131545,5.69736840925134,0.829097386203632,0.427983963938374,0.833560738667762,-5.37808813426971
"Sf3b5",-0.226868403692956,6.95620967943164,-0.829059233820864,0.428004482360635,0.833560738667762,-5.60511797372409
"Sp8",-1.05675570144495,4.91624094571067,-0.828929858366815,0.428074065704309,0.833560738667762,-5.15716748463243
"Haus3",0.353564587261825,5.25202713352483,0.828781213005263,0.42815402268609,0.833560738667762,-5.27430622464814
"Nr1d2",-0.293529618466632,5.89031655707197,-0.828534173191906,0.428286928946776,0.833560738667762,-5.43804843745327
"Pcmtd2",-0.268617273886471,6.220573910286,-0.828430918256598,0.428342487934854,0.833560738667762,-5.50102431935868
"Slirp",-0.248101601886964,6.73826750232364,-0.828010922896678,0.428568527831532,0.833735853508454,-5.58354724413743
"Mesdc2",0.295385105066684,5.95958579184081,0.827465932234722,0.428861960641424,0.833889277974887,-5.4367056662286
"Dcaf8",0.267917046164799,6.64057851077298,0.82735900115901,0.428919550289955,0.833889277974887,-5.56719849922125
"Pqbp1",-0.264221811374814,6.2241512503654,-0.826659422050295,0.429296450873501,0.834071597340849,-5.50247621576043
"Hnrnpa2b1",0.215109457587198,9.6484187437811,0.826586333805218,0.429335840391737,0.834071597340849,-5.61431601953553
"Meaf6",-0.262185415497192,6.39299015726507,-0.825921456230274,0.429694276283714,0.834071597340849,-5.53346632551572
"Ndufv3",0.238726670616733,7.4376364386321,0.825845902642971,0.429735020125137,0.834071597340849,-5.63562540956331
"Exosc10",0.335536440278004,4.88417409181509,0.82550828676846,0.429917118558195,0.834071597340849,-5.17763792737085
"Cir1",0.330297432257764,6.60673131268063,0.825293749958555,0.430032859585355,0.834071597340849,-5.56256983072673
"Cmpk1",0.262654613981326,6.96941337758347,0.825249935860849,0.430056499569352,0.834071597340849,-5.60254666808417
"Ccnb1",-0.543098092083418,5.40149817874699,-0.824851883979784,0.430271309676189,0.834071597340849,-5.33503162761504
"Rasl10a",-1.10921445694236,4.40714952599875,-0.824700772713556,0.430352876475263,0.834071597340849,-4.97831942834777
"Ubl4a",-0.339771681974852,5.66775686099232,-0.82461431991328,0.430399546664095,0.834071597340849,-5.38177935404162
"Med13",-0.272634533370152,6.58114926782878,-0.824276752344438,0.430581810112684,0.834071597340849,-5.56466932471015
"Gabra2",-0.528690309491082,6.45816832355732,-0.824156728143825,0.430646627608754,0.834071597340849,-5.52352730634764
"Leng8",-0.265870319020449,6.99939941489834,-0.823344987985957,0.431085171008917,0.834323991723203,-5.6134260634509
"Zdhhc2",-0.485874591931229,5.50716442433306,-0.823061278168109,0.431238516908023,0.834323991723203,-5.36266295026983
"Sypl",0.3372974386598,6.03127131001507,0.822625233347418,0.431474272366927,0.834323991723203,-5.45707939363671
"Pnrc2",-0.2846468696489,6.17086076853593,-0.821905656247272,0.431863515637425,0.834323991723203,-5.49655088224817
"Ap1ar",0.311088519577466,6.13848593173953,0.821726514606492,0.431960456305362,0.834323991723203,-5.48102234582006
"Txlng",-0.278283476703728,5.44264551417761,-0.821566772504334,0.432046911542957,0.834323991723203,-5.33910571894221
"Mrpl41",-0.240436401348288,6.84165703187944,-0.821131318726812,0.432282646309378,0.834323991723203,-5.60034541765674
"Zcchc6",0.277859539658296,5.83532948554126,0.820971210948882,0.432369343235791,0.834323991723203,-5.41100969037092
"Chuk",0.309480928442562,5.8669148672071,0.820840521393585,0.432440119184583,0.834323991723203,-5.41766657589038
"Osbpl8",-0.319702874922284,5.48085057576061,-0.820641796396862,0.432547755288295,0.834323991723203,-5.35747422765991
"Rnaset2a",0.572562218228678,5.69976772496704,0.820614671706267,0.432562448334332,0.834323991723203,-5.31696831524837
"4833420G17Rik",0.261026139585226,6.18640374221151,0.820581041967513,0.432580665538399,0.834323991723203,-5.48674334166842
"Ap2b1",-0.276627768859293,6.99326938966284,-0.820510881077456,0.432618673311421,0.834323991723203,-5.61512906114703
"Cd9",0.225785343082493,8.03371436651028,0.820392079211296,0.432683036177601,0.834323991723203,-5.65666275950415
"Hist1h2bc",0.45600314235857,7.23846550482934,0.820046011811859,0.432870560820678,0.834423025073645,-5.62531180815668
"Csrp1",0.320582173728358,6.6141585487359,0.819685457087599,0.43306599424483,0.834537236708277,-5.56381559442996
"Nadk",-0.32538912354101,5.30481536442723,-0.819001438635391,0.433436920471994,0.834989452578554,-5.31502588613755
"Fen1",0.449261893740775,5.72469515401429,0.818395547071925,0.433765659806377,0.835160964463543,-5.36204610023412
"Phf3",0.214563493507738,7.31030019008912,0.818329304339565,0.433801611425683,0.835160964463543,-5.63589305539554
"Hbs1l",-0.323553794937413,5.34141713154545,-0.817718171034147,0.434133384043414,0.835160964463543,-5.30857344694211
"Rnf41",-0.302006978308639,5.80066742228574,-0.817643683792966,0.434173833464991,0.835160964463543,-5.42706100753882
"Kif1b",-0.20307151604593,8.74685024996504,-0.817423593567135,0.434293365753543,0.835160964463543,-5.66243488143318
"Cnih4",0.251472901916687,6.34660549801576,0.817072467631304,0.434484110320736,0.835160964463543,-5.52088709990005
"Rnf214",-0.260440474947399,5.63976177495157,-0.816573143045604,0.434755459288175,0.835160964463543,-5.3888598070654
"Acaa1a",0.241344022325855,6.45686919089819,0.816414010675969,0.434841960950486,0.835160964463543,-5.54641630916326
"Casd1",-0.280380073425403,5.97777832455718,-0.816122359860089,0.43500052755501,0.835160964463543,-5.46482029567935
"Efnb1",-0.456192078349937,5.78895170698196,-0.816082718026774,0.435022083296174,0.835160964463543,-5.40980478903153
"Canx",-0.271003590032682,7.99159158509354,-0.816028306724295,0.435051671294196,0.835160964463543,-5.6652632602428
"Eif2b1",0.443262478901461,4.65055764863624,0.815617511610012,0.435275098955104,0.835160964463543,-5.08256810534567
"Nol11",0.307698978731739,5.55515162356589,0.815576020676716,0.435297669793824,0.835160964463543,-5.3461356687061
"Jarid2",-0.296804854321198,6.20324085989473,-0.814660390581784,0.435795968494408,0.835791857700089,-5.50829648213647
"Rab18",0.270494906142134,6.82727543309727,0.814367951178526,0.435955199120576,0.835791857700089,-5.59656137857042
"Braf",-0.286313702037504,6.71931598332359,-0.814160346588361,0.436068261756629,0.835791857700089,-5.59238165866115
"Pigk",-0.278141452201157,5.62225738499599,-0.813894739146132,0.436212941892147,0.835791857700089,-5.37956181928635
"Bap1",0.285286260564837,5.65534601967065,0.813719444115757,0.436308445297419,0.835791857700089,-5.37707007512713
"Cacna1a",0.222492527223051,6.49264399885569,0.813150702652999,0.436618401328149,0.836058697074511,-5.55656905635448
"Sez6",-0.531923178781773,6.96799736191766,-0.812903254242187,0.436753303499398,0.836058697074511,-5.61887066667128
"Rab2a",0.222842581777747,8.14343050954536,0.812658612435736,0.436886703180132,0.836058697074511,-5.66479876101562
"Znrf1",0.255298895407039,6.40341329396121,0.812462842145938,0.436993473683038,0.836058697074511,-5.53388718091721
"Dgcr2",0.233650230950323,5.94995286817365,0.811738288091684,0.437388788617343,0.836201181084342,-5.44612945038718
"Use1",0.254294397720979,6.91296873557883,0.810885209907692,0.437854534407269,0.836201181084342,-5.61083504703185
"Actr3",0.258774368160883,7.80297795995774,0.810559050062667,0.438032692463313,0.836201181084342,-5.65887426097818
"Luzp2",-0.590002503193963,5.21455945430241,-0.810529584300572,0.43804878992587,0.836201181084342,-5.2637304686761
"Tspan5",0.293641500581917,6.06964874811038,0.810363282303902,0.438139649952532,0.836201181084342,-5.46053559283146
"4930453N24Rik",0.389595331009262,5.22990883568154,0.810349514370305,0.438147172708054,0.836201181084342,-5.27599077993408
"Msrb1",0.321964903252579,5.15222159620476,0.810327396906418,0.43815925780243,0.836201181084342,-5.2460999338719
"Rtf1",0.186135557373474,7.60120162858607,0.810326781493925,0.438159594070141,0.836201181084342,-5.65499146081645
"Myl6",-0.246251569814152,8.30971581043935,-0.809954204760471,0.43836320567698,0.836329303981485,-5.67267211453776
"Ccnd3",-0.392609399123488,5.60726222590881,-0.809066029319682,0.438848846277414,0.836995247428568,-5.37831520819116
"Rpl31",0.193271870269909,8.82811915190361,0.807875254764923,0.439500510315538,0.837930486849042,-5.66893698293451
"Bcl2",-0.353168823279385,5.03709706511642,-0.806586946146236,0.440206282120452,0.837930486849042,-5.2534759471847
"Ubr7",0.361733419116947,4.85903537174063,0.806385917480451,0.440316479826318,0.837930486849042,-5.19952066456647
"Prim1",0.368517178867051,5.39439081748669,0.806384118970308,0.440317465797521,0.837930486849042,-5.26974157083883
"Pex2",0.305373350375441,5.83599603605508,0.80604528414949,0.440503246725146,0.837930486849042,-5.4117463387646
"Btbd2",-0.324965491116328,5.48162240129006,-0.805508766949359,0.440797523089493,0.837930486849042,-5.36686625879172
"Khdrbs3",-0.34041202950347,7.76107593765078,-0.805269154550149,0.44092899156199,0.837930486849042,-5.66848851166302
"Pkp4",-0.334295488664586,6.44619651215597,-0.804966586459866,0.441095039556443,0.837930486849042,-5.5589453325582
"Mrps5",0.255354561608516,6.11335003606982,0.804913580756218,0.441124133158122,0.837930486849042,-5.4914702238907
"Mlf2",-0.223283911967704,7.84600681535271,-0.803812712513185,0.441728664801452,0.837930486849042,-5.67151453912831
"Chpt1",0.266024530581311,5.68481077614608,0.803137232828178,0.442099872690888,0.837930486849042,-5.39045519695973
"Sdhb",0.309872728012529,6.78090103640094,0.803108336998004,0.442115756964781,0.837930486849042,-5.59884996208678
"Bax",0.338618541532302,7.05419699509568,0.802932716740774,0.44221230506829,0.837930486849042,-5.62847362163905
"Sap30",0.316204494380858,6.11729264833792,0.802869116541666,0.442247273070913,0.837930486849042,-5.47544413717352
"Ebna1bp2",0.315212091796814,6.40261386856234,0.802834392437807,0.442266365498704,0.837930486849042,-5.54632043874402
"Wash1",0.336970341558319,5.13271127827832,0.802625677993422,0.442381135023194,0.837930486849042,-5.23853844326409
"Fnbp1l",-0.228383045255634,7.41630636903191,-0.802577128964253,0.442407834397432,0.837930486849042,-5.65755634998955
"Rapgefl1",-0.393066766644899,5.19102584531004,-0.802313987807216,0.442552566739208,0.837930486849042,-5.29691868820858
"Tmem237",0.24920152958864,5.85070571207533,0.80230491532125,0.442557557333384,0.837930486849042,-5.43563084529969
"Mtss1l",-0.474152757361787,5.83596100047678,-0.801942629328729,0.442756874415127,0.837930486849042,-5.44850562399446
"Appl2",0.418281769380171,4.82964663460617,0.801809815553707,0.442829958941911,0.837930486849042,-5.1775345954779
"Arhgap17",0.351764915333095,5.68669781417812,0.801587821166836,0.44295213562258,0.837930486849042,-5.38717546826241
"Bex1",-0.244868580422717,7.69542811145315,-0.801289382462418,0.443116419650521,0.837930486849042,-5.66858969987558
"Hnrnpdl",0.351028956429373,8.06974338325036,0.801259761734675,0.443132727439313,0.837930486849042,-5.6706557040127
"Fam19a5",-0.390537895145686,5.80777922094197,-0.801176891812815,0.443178353877326,0.837930486849042,-5.43885183001257
"Rpp21",-0.299589275421696,5.5995592485687,-0.801122772577747,0.44320815248576,0.837930486849042,-5.39822508911189
"Tdrkh",0.415689289086781,5.34261770264211,0.800893694683107,0.443334299962659,0.837930486849042,-5.27096801479538
"Pet100",-0.318839270864275,6.59527283653596,-0.800882347861691,0.44334054899742,0.837930486849042,-5.5861425438582
"AW549877",0.37305550093007,5.27760212091806,0.800704959544569,0.443438249713917,0.837930486849042,-5.29037421630147
"Vprbp",0.335224647823236,5.37984155705959,0.800699338095726,0.443441346091946,0.837930486849042,-5.33674603480755
"Sox12",0.255403593104049,5.96150834681039,0.799326107740234,0.444198174582073,0.838785511775274,-5.4601606286292
"Cry2",0.307884854966361,5.53349356645093,0.799170104696487,0.444284207053088,0.838785511775274,-5.37138009472297
"Smarcc2",0.242331069812211,7.05140643348144,0.798849731237741,0.444460921293711,0.838785511775274,-5.63346131673502
"Ipo9",-0.307601587866778,5.91048278667204,-0.7986814440625,0.444553765310365,0.838785511775274,-5.45702930384866
"Rabac1",-0.20220253723593,8.10326244322573,-0.798637118908308,0.444578221645902,0.838785511775274,-5.68010533209417
"Mtmr3",-0.354565932963504,5.79143134296983,-0.797277856802456,0.44532862815717,0.839168791185243,-5.44257594990625
"Ipo13",0.603616104570382,4.99517393728376,0.797142635911502,0.445403325571845,0.839168791185243,-5.24936324140253
"Sf3b2",0.230713138331349,8.01088081191654,0.797013879396336,0.445474459759319,0.839168791185243,-5.67439296311037
"Ccz1",0.360937044174548,5.74190847322448,0.796946085476241,0.445511916948513,0.839168791185243,-5.36725755184134
"Agk",0.346269806207961,5.5120897874547,0.796273299945189,0.445883755111446,0.839168791185243,-5.35751923594489
"Yars",-0.298105047628177,5.55178270311118,-0.796205017866126,0.445921505112805,0.839168791185243,-5.39198003958517
"Farsb",0.291775127392139,5.810223875069,0.79619725675033,0.44592579600926,0.839168791185243,-5.41986741884982
"Katnbl1",0.441341533852659,5.34486922162082,0.796076797436524,0.445992398005611,0.839168791185243,-5.334742170654
"Btbd3",-0.54335600480744,6.19736116608745,-0.795716270589681,0.44619177300628,0.839168791185243,-5.51871533104188
"Wbscr17",0.434839203690027,5.53376427406997,0.795407594846694,0.446362520968369,0.839168791185243,-5.38514651170419
"Acp1",-0.192570360090968,7.32022024102116,-0.794524230049578,0.446851405889039,0.839168791185243,-5.65872085454362
"Gas6",-0.341325894608212,6.35698346432385,-0.794162950754586,0.447051453068612,0.839168791185243,-5.55173980523475
"Zfp639",0.294083878717265,5.76646074768976,0.79383390389122,0.447233704364463,0.839168791185243,-5.42270139798328
"Angel2",0.250418150692061,6.21302637512121,0.793395808343393,0.447476431822231,0.839168791185243,-5.51718617323695
"Nos1",-0.766766258783263,4.39744161515537,-0.793036379174454,0.447675639447015,0.839168791185243,-5.01172348108217
"Tmem208",0.301828543202926,6.31953471116846,0.792826278064939,0.447792111775913,0.839168791185243,-5.53125691049669
"Dph5",0.456612310461584,4.47868085726907,0.792717649918595,0.447852339121821,0.839168791185243,-5.05530940003964
"Abhd17a",-0.206323738710612,6.83145967664505,-0.792617271759425,0.447907997163042,0.839168791185243,-5.62119040482325
"AI854517",0.366657197044772,5.55440449983231,0.792441791679483,0.44800530902549,0.839168791185243,-5.35269152692076
"Strbp",-0.205902093765525,7.40822923901809,-0.792333231011681,0.448065517994524,0.839168791185243,-5.66480770597103
"Tmem191c",-0.26904526904931,5.94278666486199,-0.791413013226902,0.448576097002006,0.839168791185243,-5.47413765685531
"Csnk1d",-0.284534088730598,6.47016554664869,-0.791322583153453,0.448626292588457,0.839168791185243,-5.57364564827273
"Srpk2",-0.192382955576147,7.53688392501626,-0.790798969011015,0.448917011658437,0.839168791185243,-5.67122927958039
"Ufm1",-0.24995785560228,6.09480175106306,-0.790777315999186,0.448929036453273,0.839168791185243,-5.50652713956244
"Asb3",0.401884015450753,4.96077318077835,0.790644412746983,0.449002847696266,0.839168791185243,-5.22001939816941
"Znrd1",0.319906930166436,6.21493235313031,0.79063336489367,0.449008983768534,0.839168791185243,-5.50311935703307
"Mcts1",0.284106509076073,6.54979509877263,0.790614775667048,0.44901930850964,0.839168791185243,-5.57763587993975
"Zfp672",-0.365490300063965,4.69013886677376,-0.790492136414639,0.449087428175864,0.839168791185243,-5.18271997640787
"Hira",0.420142967653288,5.22267526602783,0.790319989246117,0.44918305845608,0.839168791185243,-5.29090333535594
"Ntan1",0.327323840818995,6.62727653252258,0.790266343050384,0.449212862466228,0.839168791185243,-5.58702324171896
"Pmpca",-0.27313330134472,5.51525905533851,-0.789807919767968,0.449467600417603,0.839168791185243,-5.38511415563953
"Ncs1",-0.279916464921641,5.90180117059786,-0.78967985285034,0.449538782121754,0.839168791185243,-5.46297354565953
"6330403K07Rik",-0.209010910161467,8.76315712943499,-0.78933927651742,0.449728116430026,0.839168791185243,-5.68359092972414
"Agpat3",0.275553156333468,6.41817072122494,0.789124939059063,0.449847298709517,0.839168791185243,-5.55963547518755
"Map1b",-0.264472481163332,9.80220388337042,-0.789089517259877,0.449866997005909,0.839168791185243,-5.63299050881222
"Ptk2",-0.281840293104928,5.59116429487806,-0.789051825915565,0.449887958039142,0.839168791185243,-5.40299997567001
"4833439L19Rik",-0.360812559428734,5.85392943090074,-0.788359390397761,0.450273152705866,0.839168791185243,-5.44730820641028
"Ttc9c",-0.339386075229928,5.47404495617584,-0.78831972691454,0.450295223702873,0.839168791185243,-5.38143905878175
"Mrpl51",0.262679034443751,6.84937282296111,0.788317502033437,0.450296461773312,0.839168791185243,-5.61964960020352
"Wdr18",0.308343459330845,5.62616839684407,0.788226801879059,0.450346935235014,0.839168791185243,-5.39173556699549
"Bin1",0.4180005848893,7.9942113231112,0.788138796101474,0.450395912892994,0.839168791185243,-5.67884390990601
"Sept8",-0.308342294125851,6.60986982595008,-0.787270716050006,0.450879212552471,0.839338911486352,-5.59827063945721
"Ttll1",-0.324976510753197,5.52507091820641,-0.787118472434444,0.450964008872826,0.839338911486352,-5.39159088975435
"Gltp",-0.435057991381412,5.56397978564559,-0.7870453320797,0.451004750183157,0.839338911486352,-5.37197809715991
"Tcf12",-0.232951976439072,6.8744862358997,-0.786990866550629,0.451035090653485,0.839338911486352,-5.62995490473166
"Clasrp",0.324508112589507,5.25109062144131,0.78645106747042,0.451335863197986,0.839430942068365,-5.30759215845879
"Psmc5",-0.2231563967356,7.40587247827252,-0.786410431280379,0.451358510789044,0.839430942068365,-5.66949907916662
"Trmt1",0.271208033951485,5.57131878804534,0.786000802406187,0.451586849453252,0.839556759306473,-5.36738956732615
"Usp1",0.291350153891278,6.02688817538395,0.785775587245269,0.451712423267304,0.839556759306473,-5.48680716174632
"Mgat1",0.330211956240932,5.75893325183038,0.785202768351361,0.452031915455015,0.839556759306473,-5.40604949567995
"Pgap1",0.438213408702442,5.58796161057022,0.785176105872959,0.45204679020383,0.839556759306473,-5.40278343376695
"Ccnt2",-0.266584616819764,6.66116885614678,-0.785060697612489,0.452111179130444,0.839556759306473,-5.60734385557796
"Necap1",-0.245161954980632,6.58035922215728,-0.784434623061889,0.452460586171675,0.839847118326442,-5.5963543810147
"Ccl27a",0.349384437577485,6.39517446982984,0.784289430511876,0.45254164241415,0.839847118326442,-5.54715740597578
"Pcdh1",-0.425918536378213,5.54694500708612,-0.783959616218467,0.45272580256593,0.83993451956525,-5.38990528628904
"Coq9",0.323825759793189,4.89801671510301,0.783320951798338,0.453082557694368,0.840115377901818,-5.22990230713051
"Caprin1",-0.208186185806492,7.73916295480191,-0.783181221856167,0.453160634961813,0.840115377901818,-5.68380934551315
"Cdc73",-0.224764912182218,6.35776582332968,-0.783029712855197,0.453245304080049,0.840115377901818,-5.56023741422878
"Degs1",0.360056900288342,6.04419960361992,0.782803636709309,0.453371663629457,0.840115377901818,-5.48698446864979
"Aff4",-0.247681022542396,7.33657410184943,-0.782530382726068,0.453524423065813,0.840144396779716,-5.66879986312823
"Ppia",0.246656837869814,11.1389555595099,0.78197939168115,0.453832551412231,0.840461128756166,-5.56852323430208
"Shcbp1",0.305370349883207,5.3712416534407,0.78126022201945,0.454234937223907,0.840952173809095,-5.31342930007034
"Zcchc14",-0.195485446549437,6.64746743228251,-0.780340113009141,0.454750094320075,0.8411361693839,-5.60927005524722
"Psmd1",0.248905908979633,6.76821453488098,0.780175358349478,0.454842378932761,0.8411361693839,-5.61514125529817
"AI846148",0.37638202361944,4.76438059201698,0.780011981396369,0.454933904026478,0.8411361693839,-5.1636142713974
"Srm",0.479176936096143,5.53763455351343,0.779884512363932,0.455005321635174,0.8411361693839,-5.32292490202829
"Idh3b",-0.216315677013838,6.73525687012329,-0.779398773605661,0.455277536192457,0.8411361693839,-5.62085240316133
"Rnf38",-0.324471780081875,5.73945252468204,-0.779375470035405,0.455290598522602,0.8411361693839,-5.44379700593029
"Tubb4a",-0.233757233114481,6.8738154240965,-0.779367351731619,0.45529514912637,0.8411361693839,-5.63564448090182
"Cacng2",-0.412341051324824,5.59165258431679,-0.778399190035586,0.455838053562694,0.841471774613045,-5.39499285400547
"Uqcrb",-0.250073003199033,8.17773832021052,-0.77815639822449,0.455974267788738,0.841471774613045,-5.69695791101319
"Gdi1",-0.262563990590342,7.66420652509019,-0.778023642023218,0.456048759723864,0.841471774613045,-5.68603581506561
"Mad2l1",-0.317661184671687,5.46704108702656,-0.778019806391317,0.456050912086111,0.841471774613045,-5.38220427364064
"Gm27032",-0.561306944421572,5.80353072520291,-0.777559567779713,0.456309223165683,0.841471774613045,-5.44332289544959
"Ints10",0.279262030589411,5.46256748499012,0.777169001804396,0.456528505591436,0.841471774613045,-5.36379006706614
"Hdac11",-0.32268280056523,6.00916339222398,-0.776961287290307,0.456645154667908,0.841471774613045,-5.49516071389953
"Rufy2",0.26421432392451,5.90331908104125,0.776240293318042,0.457050205077038,0.841471774613045,-5.46870156380779
"Dpysl3",0.400596307348714,7.60917129072142,0.776233963129076,0.457053762386928,0.841471774613045,-5.67678302392819
"Tram1",-0.302704900936836,5.68477682506801,-0.776146392086614,0.457102975633058,0.841471774613045,-5.42025260043048
"Jam3",-0.232783175441087,5.97696563747103,-0.775964493484242,0.457205210281289,0.841471774613045,-5.49366880129022
"Ano8",0.353671916159428,5.06352655600661,0.775924527596678,0.457227674799378,0.841471774613045,-5.22373477047909
"Helz",-0.252663992981794,6.47831347113212,-0.775863616101656,0.457261914076606,0.841471774613045,-5.58495572602334
"Cyb5a",0.233507889972775,7.16131042545177,0.775255214516592,0.457603998247013,0.841785636798818,-5.65792822474419
"Diaph1",-0.289336814996879,5.43208615862628,-0.774667556935603,0.457934578199401,0.841785636798818,-5.36562426211438
"BC003331",-0.279806143285839,5.69061000371884,-0.77458244696611,0.457982468812918,0.841785636798818,-5.42980998632737
"Ppm1a",0.205524310499329,6.46376359084807,0.774459438647558,0.458051690292529,0.841785636798818,-5.58271622219072
"Smdt1",0.190142430226043,8.20334783524737,0.774301918752736,0.458140342776302,0.841785636798818,-5.69557916037111
"Hsp90aa1",-0.224629350573209,10.4689714738369,-0.774095252959969,0.458256671729905,0.841785636798818,-5.60582776113676
"Arl8a",-0.252449964038384,7.76969809283212,-0.773506933788144,0.458587933479559,0.84214170103768,-5.69195013517134
"Rb1",-0.295588320391608,5.49416810032543,-0.773107847669775,0.458812734125334,0.842302107465561,-5.39445618680693
"Lnp",-0.24551935105328,6.58339754230659,-0.772608050208509,0.459094366163452,0.842566719332027,-5.60564968038752
"Timm8b",-0.211812548632,7.49314372721791,-0.772173724830444,0.45933919714407,0.84276365272421,-5.68390827742161
"Hnrnpa0",0.313194205139047,9.05392065054087,0.770859049676367,0.460080805918202,0.843279805782974,-5.68961559470807
"Psma6",0.209540945469335,7.25016198220203,0.770666224074433,0.460189644772673,0.843279805782974,-5.66900904660751
"Nudt2",-0.395856610420898,5.19650801592907,-0.770657584830845,0.460194521518231,0.843279805782974,-5.31702675751874
"Glg1",0.222673319233434,6.84423237356124,0.770614471330659,0.460218859058279,0.843279805782974,-5.63375239815916
"H2-D1",0.424700006046302,7.23624025268677,0.770224402863283,0.460439090701113,0.843279805782974,-5.66210866444905
"Mrpl55",-0.248867176246101,5.80930071801605,-0.770104479783876,0.460506812811825,0.843279805782974,-5.46136702332482
"Orc2",0.406556674911784,4.70681903557847,0.769962415001319,0.460587047057058,0.843279805782974,-5.12973372852609
"Rrp1",-0.202396033387521,7.60171690285408,-0.769724547912316,0.46072140825088,0.843279805782974,-5.68942639105589
"Ogt",-0.181579118485736,8.66845699291415,-0.768672182972002,0.461316152727079,0.843819052497559,-5.70145754999856
"Smim4",0.334143361527067,5.03021745405544,0.768372837630801,0.461485419467823,0.843819052497559,-5.23532921495336
"Nufip2",0.254082550164913,6.53760945260461,0.76822944053331,0.461566518644984,0.843819052497559,-5.59648204786946
"Snrpa",-0.266730826988499,6.89802651843833,-0.768228910310525,0.46156681853326,0.843819052497559,-5.64622640162729
"Mfhas1",0.355140873016071,5.21754890693468,0.767745283688276,0.461840405514013,0.844067403814455,-5.28261940237485
"Hist1h1c",0.609274831495572,6.7056021512668,0.767347635472329,0.462065433916703,0.844132009954622,-5.56449401974421
"Prrt1",-0.443656423757909,6.51155623523409,-0.767196013338533,0.462151255450026,0.844132009954622,-5.58903567828383
"Rnf103",0.299132547531447,5.37143128213624,0.766619070669134,0.462477913053868,0.844139491785535,-5.328713895496
"Baz2b",-0.317335117623928,6.43671322539659,-0.766490545636619,0.462550702803575,0.844139491785535,-5.58327264344852
"Add1",-0.211475731418044,7.01045541204498,-0.76635979191688,0.46262476243143,0.844139491785535,-5.65809222334825
"Mrpl18",0.230737927131115,7.08061354406501,0.766215751721054,0.462706356544976,0.844139491785535,-5.65972644634581
"Aurka",-0.484228839633724,5.18771788921288,-0.765765552716696,0.462961440227156,0.844353483842862,-5.27884005843451
"Wdr89",0.248822793584174,6.14754401907004,0.765133172710724,0.46331990284502,0.844447083130341,-5.52470075589347
"2610002M06Rik",-0.359497379580707,5.0292439742906,-0.76513303854551,0.463319978915337,0.844447083130341,-5.26870475979062
"Gas2l3",-0.485213181461825,4.66160203194223,-0.76494577172883,0.463426165236184,0.844447083130341,-5.17972191432638
"Enpp5",-0.278859098942863,6.43266241045068,-0.764313871161578,0.463784590236584,0.844686916215382,-5.58377952264639
"Tm2d2",0.325713296627745,6.59015353245108,0.764227730101464,0.463833464925712,0.844686916215382,-5.60198152861581
"Kif1a",-0.229046199724754,8.06279124597554,-0.763346197917012,0.464333821168299,0.844776003042306,-5.70683816961898
"Mapk1ip1",-0.347187358201223,5.22947065938993,-0.763089442560258,0.464479621130789,0.844776003042306,-5.33551074202064
"Bcl10",0.264666418881777,5.73697303564373,0.762674481658747,0.464715321964279,0.844776003042306,-5.42801810797025
"Eif4enif1",-0.317602250180301,5.3414539439118,-0.762633806213813,0.464738430101616,0.844776003042306,-5.36652527621621
"Vamp4",-0.215355168154205,6.17498432665636,-0.762284889615022,0.464936683902604,0.844776003042306,-5.54091010143044
"Myl12a",0.392487417717102,5.55589732284347,0.762005034229041,0.465095736985221,0.844776003042306,-5.32612042045825
"Idnk",0.370426219857141,5.04875749147768,0.761898472009639,0.46515630988378,0.844776003042306,-5.21817041228419
"Nap1l4",0.243114521884981,7.1648885697074,0.761845045395999,0.465186680971727,0.844776003042306,-5.66880327421132
"Mast2",-0.29133280311745,5.50794400934819,-0.761804668122735,0.465209634839256,0.844776003042306,-5.3966005494035
"Srcap",-0.370769845065826,5.07354672141287,-0.761622445232552,0.465313234948249,0.844776003042306,-5.29556272679366
"Napg",-0.256674549547175,6.49084426341151,-0.761283880872756,0.465505760481621,0.844776003042306,-5.59875873837307
"Ppie",0.466423698111382,4.7706922716318,0.76116496905631,0.465573392287622,0.844776003042306,-5.22052747903966
"Baz2a",-0.28770032395349,5.84140606903602,-0.760985047794069,0.465675735718472,0.844776003042306,-5.47856442974178
"Zfp414",-0.27221178279154,5.23231677124012,-0.760153463300555,0.466148950337341,0.844776003042306,-5.33140944508884
"Parp6",0.261057611943201,5.73449753327247,0.760077911282877,0.466191958814107,0.844776003042306,-5.44233347599871
"Cdk19",0.273281555480225,5.88807408654029,0.759999050815436,0.46623685339535,0.844776003042306,-5.45729368058493
"Bambi",0.557055017781525,4.64763654244137,0.759851141961957,0.46632106419373,0.844776003042306,-5.107263574388
"Mir124a-1hg",-0.234800759244309,7.10029532826303,-0.75917689404662,0.466705067273839,0.844776003042306,-5.67024778867916
"Srpk1",0.216548355781329,6.55931082323473,0.759140431038271,0.466725839825392,0.844776003042306,-5.604286128472
"Mbtps1",0.29061518367539,5.63632352600717,0.759121325201716,0.466736724437658,0.844776003042306,-5.4194299850872
"Ddx6",-0.172972749855888,7.71814571742759,-0.759050033028636,0.4667773411066,0.844776003042306,-5.70094054675895
"Tef",-0.227260460421272,7.26973950751945,-0.758275796857534,0.467218587599902,0.845305903255027,-5.68308695292961
"Utrn",0.366651178534669,6.11189446085605,0.757707492568813,0.467542643107351,0.845305903255027,-5.52284870631876
"Fam222b",0.332324124872763,4.85943321280977,0.75646676197919,0.468250632061259,0.845305903255027,-5.22064492850102
"Pgam1",-0.278475630361202,8.33418457726443,-0.756356358817917,0.468313664225831,0.845305903255027,-5.71352847616526
"Timm17b",-0.236228221042869,5.96689110029634,-0.756248929245978,0.46837500396113,0.845305903255027,-5.50115858797273
"Lsm6",0.221273302500061,7.02836078253169,0.756237578422136,0.468381485315912,0.845305903255027,-5.66218130204531
"Qser1",0.354613761489108,5.82091623208702,0.756221824138683,0.468390481155692,0.845305903255027,-5.46226901847147
"Eno1",-0.329775379084519,7.76833297293845,-0.756209862185162,0.468397311615145,0.845305903255027,-5.70577002515902
"Sorbs2",-0.282053900578335,6.58347157237325,-0.756180347395547,0.468414165289855,0.845305903255027,-5.61430057583936
"Tmem87b",-0.272495241974316,5.59848998575552,-0.756118381151737,0.46844955082475,0.845305903255027,-5.42960666523708
"Atf5",0.534344451540424,5.21252493019797,0.755156054720328,0.468999304938408,0.845363536749725,-5.25528530306043
"Gm13889",-0.557275754227149,7.11931088980073,-0.755030660783068,0.469070970226982,0.845363536749725,-5.67509979209431
"Sec14l1",-0.22314893610398,6.22802245343737,-0.754628078213548,0.469301102558597,0.845363536749725,-5.55680472756486
"Tmem14c",0.216572574380405,6.61536376232841,0.753879748592883,0.469729071714506,0.845363536749725,-5.61642945179569
"Lrwd1",0.349251705618575,4.71366015629624,0.753536119271041,0.469925677553199,0.845363536749725,-5.1955749425956
"Srp9",0.203981385971557,7.62696481815685,0.753485101560224,0.46995487161991,0.845363536749725,-5.69811456437951
"Lrfn5",-0.363190649654179,6.25679113812783,-0.753334365573164,0.470041134716523,0.845363536749725,-5.56352131098721
"Zfp91",0.252927592541842,7.10774571551416,0.753092446668743,0.470179601297756,0.845363536749725,-5.67031636730608
"Ppp6r1",0.287524454501218,5.37878606870818,0.753087863754222,0.470182224664543,0.845363536749725,-5.35819816297977
"Pgrmc2",-0.290780108987793,5.53945960344019,-0.75292840254429,0.470273509854752,0.845363536749725,-5.41800406879323
"Eif4ebp2",0.29559541911688,5.0984217749683,0.752841067842334,0.470323510343382,0.845363536749725,-5.30372253966607
"Fbxo3",-0.241632381987282,6.23818201817919,-0.75253188607269,0.470500549352279,0.845363536749725,-5.5602023604379
"Rnf111",-0.336321455155656,5.18042230243145,-0.751967667605271,0.470823734519933,0.845363536749725,-5.32947071600059
"Gm10076",0.371433005866565,6.47912371609817,0.751948490691688,0.470834721601357,0.845363536749725,-5.57800968652049
"Mrpl44",0.296221203375087,5.21932047617317,0.751947369461334,0.470835363996043,0.845363536749725,-5.31734910528833
"Ypel1",0.289594003102962,5.43348429145895,0.751917909189017,0.470852243087462,0.845363536749725,-5.357831917098
"Hirip3",-0.358864253663504,5.77373871763953,-0.751555670005341,0.471059817837086,0.845363536749725,-5.45788014998733
"Cope",0.239437691134619,6.60859756020562,0.751145806180665,0.471294754226707,0.845363536749725,-5.61782484799304
"Cenpm",0.448786371184987,5.02977382076819,0.751041233399352,0.471354708068177,0.845363536749725,-5.21384139276159
"Eif3c",0.196772106308321,7.77423542180317,0.750901580293004,0.471434781890487,0.845363536749725,-5.70490545144777
"Rnf138",0.276190762290581,5.33609725650427,0.750823161100664,0.471479749465533,0.845363536749725,-5.3482266808066
"Samm50",0.263025542321345,5.79988038038029,0.750737414637552,0.471528921850917,0.845363536749725,-5.45858474111473
"Ranbp2",-0.24110796130213,5.83997694641302,-0.750297130953142,0.471781460132314,0.845363536749725,-5.48480885375086
"Parl",0.282984160430481,5.55261003719365,0.750278212645161,0.47179231326437,0.845363536749725,-5.41501762610991
"Tbc1d15",0.292994626423027,5.19728857695453,0.749294000165323,0.472357162232587,0.845997998744114,-5.30868722105129
"Nrp1",0.487811130651604,6.75251672760605,0.748966436734236,0.472545250598494,0.845997998744114,-5.63685209687107
"Eif4b",0.270642904260898,6.89505665936606,0.748939767689412,0.472560566204488,0.845997998744114,-5.65646153267884
"Il6st",-0.259498579190844,5.45128942899957,-0.748386151663934,0.472878571218039,0.846320059703313,-5.39044888713167
"Fnip1",-0.245745849931179,6.11536518200635,-0.747832857179695,0.473196529123386,0.846641848311856,-5.53976127743306
"Srrm1",0.187139014830211,7.73037643278694,0.747372522290629,0.473461171386926,0.846659734703758,-5.70621785820749
"Cdk12",0.336267586872696,5.83783291106819,0.747068343966852,0.473636092910646,0.846659734703758,-5.47340179172238
"Nrep",-0.278174120547451,7.75646878702277,-0.746904595599538,0.473730275648214,0.846659734703758,-5.71227017073093
"Sh3bp1",-0.245674057117089,7.31464877224435,-0.746854353016404,0.473759175962661,0.846659734703758,-5.69414684738743
"Rnf167",0.362832410360618,5.8684741754205,0.746344134347473,0.474052725866709,0.846822330130592,-5.46244935043342
"Rchy1",0.223298538266677,6.46444595947462,0.746153600175404,0.4741623780288,0.846822330130592,-5.60118580019073
"Bri3bp",-0.277986868101771,6.10448235296199,-0.745975784593784,0.474264725360345,0.846822330130592,-5.54053626724848
"Gm2000",0.730299462391995,3.89601094125239,0.74486420498045,0.474904851484869,0.846891981513222,-4.97557908237001
"Ube2e1",0.176336651582871,7.41604718616757,0.744460455408883,0.47513749629532,0.846891981513222,-5.69816817051004
"Tmf1",0.27961781819653,5.4724064546159,0.743816633701667,0.475508624503392,0.846891981513222,-5.38828350775782
"Arhgap21",0.277080975050082,6.20395905154917,0.743491733608496,0.475695982320558,0.846891981513222,-5.53939945730392
"Rnpc3",-0.298912736064977,5.53888040694046,-0.743269878393623,0.475823945180245,0.846891981513222,-5.42735189024744
"Prkag1",0.266091305206792,5.3559536664275,0.74305584025396,0.475947420180817,0.846891981513222,-5.36268471607275
"Srp14",0.174772960865748,8.02867687771471,0.742715885027962,0.476143576846527,0.846891981513222,-5.7166358454854
"Dcun1d5",0.199357385309326,6.73306472693899,0.742572676247656,0.476226224875082,0.846891981513222,-5.64109242619692
"Coq2",-0.278081631389855,5.69229147332277,-0.742493923361152,0.47627167831619,0.846891981513222,-5.44481551932402
"Asb13",-0.347195580493209,4.93435083216911,-0.742130949490493,0.476481210206755,0.846891981513222,-5.27373802041145
"2700097O09Rik",0.27922240379168,5.29924476899394,0.741909920776339,0.476608831138014,0.846891981513222,-5.35121141802454
"Brk1",-0.205756891010253,7.57628779218908,-0.741879311781459,0.476626506352319,0.846891981513222,-5.70929134419123
"Maf1",0.238078170053544,6.45096612662967,0.741659708841532,0.476753328741162,0.846891981513222,-5.59962525561624
"Hmgb1",0.259793551750528,10.0946386559603,0.741333610586161,0.47694169286173,0.846891981513222,-5.65160936302275
"Polr2a",0.243064556252408,6.33793559071474,0.7413208760373,0.476949049685212,0.846891981513222,-5.57570116405225
"Orc6",0.240681958076427,6.47647320412533,0.741177449714449,0.477031912929219,0.846891981513222,-5.60719140451267
"Nudc",0.203662311013142,7.74758403988144,0.740939936733776,0.477169154143688,0.846891981513222,-5.71088146628344
"Kif3b",0.336938927889836,5.38374973714926,0.740752570864123,0.477277436875047,0.846891981513222,-5.37395612659317
"Lsm12",0.349382410452263,6.17254119552542,0.740513070657977,0.477415872046364,0.846891981513222,-5.52380956350452
"Chmp5",-0.248327566483371,7.1152493467011,-0.74016998093136,0.477614228471162,0.846891981513222,-5.68564716762437
"Nup85",-0.28919920159158,5.04647020504115,-0.739857266805008,0.477795069238647,0.846891981513222,-5.30445115438149
"Fam172a",0.251012004772287,5.65967572772404,0.739627447807297,0.477928000146255,0.846891981513222,-5.43505542548645
"Celf1",-0.176810608495207,7.84086111799906,-0.739466551927061,0.478021078915138,0.846891981513222,-5.71895469982904
"H2afy",0.207529498285615,8.29478322419373,0.73921882603006,0.478164411776615,0.846891981513222,-5.72208064163957
"Btrc",-0.364058035235721,5.78697092658642,-0.739095620432369,0.478235708095926,0.846891981513222,-5.48380180319257
"Tax1bp3",0.31655703454755,5.40790834928624,0.739051327822297,0.478261340897438,0.846891981513222,-5.33797915748809
"Ak2",0.290410874065268,6.02884140303319,0.739030916382245,0.478273153601218,0.846891981513222,-5.50277429659512
"Alkbh1",0.322658387468371,5.34552893565878,0.738775442453702,0.47842101968844,0.846891981513222,-5.33641031012996
"Cdca2",-0.474010150599418,4.90246322618611,-0.738676976187675,0.478478018905067,0.846891981513222,-5.23986612695582
"Tln1",0.355610377400072,6.30323532792805,0.738521923052153,0.478567783386492,0.846891981513222,-5.55232291414979
"Zfp763",0.511925368742673,4.36357919752332,0.738398000604749,0.478639533199949,0.846891981513222,-5.06132811658105
"Stk19",-0.235480838259004,5.96075965877381,-0.738248423048929,0.478726146207866,0.846891981513222,-5.51686003078066
"Vezf1",-0.278423307088538,6.86773225543874,-0.737979257830049,0.478882031765561,0.846923258487549,-5.66542088839837
"Lgi1",0.361493476177298,6.1877710160068,0.737406782074059,0.47921368572505,0.847206284259042,-5.5579634816317
"Plcg1",-0.25337802477507,5.70767085064074,-0.73722579414228,0.479318568460525,0.847206284259042,-5.4611672688834
"Kmt2a",-0.204896361429513,7.99658328896779,-0.735538482867214,0.480297072238506,0.848691020379921,-5.7261277621138
"Lmna",0.281916336183472,5.53751794382469,0.735284440252427,0.480444506588203,0.848706045604753,-5.39110708420186
"Plekha1",-0.251836565144255,6.19529293808133,-0.735046592656786,0.480582568252039,0.848706045604753,-5.56405578365586
"Spag9",-0.201457031829362,7.7649061907003,-0.734336233347707,0.480995055816881,0.849050750067899,-5.7211136138079
"Tdg",0.244205853934154,6.10688795784556,0.734233268450055,0.481054863615494,0.849050750067899,-5.5352735469338
"Rce1",0.28536642898456,5.06150317320308,0.733213110357804,0.481647684597909,0.849852292316725,-5.30569665026516
"Wrap73",-0.242920986677407,5.54701900177534,-0.73224811224401,0.482208879346417,0.850466256740683,-5.42762335209874
"Lig1",0.383551957897726,6.58714507097664,0.732096374546938,0.482297160231783,0.850466256740683,-5.62128188864586
"Cdkn1c",0.287002937959056,5.65849124664167,0.731865918926436,0.482431258800205,0.850466256740683,-5.43994560406344
"Mrpl24",0.199665664221307,6.61042877276341,0.731660551059138,0.482550779159164,0.850466256740683,-5.63350696159121
"Ociad1",-0.219316071999522,7.27828789964544,-0.731104568549447,0.482874445271798,0.850792007080384,-5.70307005534688
"Trip12",-0.211636499858976,6.7222717525942,-0.730763316254627,0.483073174127284,0.850897502458176,-5.65451465892664
"Ube4a",-0.264919611892883,5.62532942791723,-0.730340939387307,0.483319217932042,0.85108625502516,-5.44521584284102
"Acin1",0.174881229206209,7.64245878698078,0.729679367896674,0.483704757718522,0.851117411663455,-5.71653167966515
"Irf2",-0.393652577944419,5.63011536863532,-0.729677010682035,0.48370613176624,0.851117411663455,-5.443528593256
"Sdf4",0.284756884936645,7.0285527377964,0.72933540745615,0.483905282428023,0.851117411663455,-5.68095383757325
"Myef2",-0.288879761000741,7.67363349151553,-0.729243274053933,0.48395900402244,0.851117411663455,-5.7225248948911
"Id4",-0.285755062404949,5.90156787657,-0.729119191077733,0.484031360908476,0.851117411663455,-5.49845306662074
"Sesn1",-0.308626957654465,5.84471655764386,-0.727267773215591,0.485111798565913,0.85210290361811,-5.50359384412817
"Zfp260",-0.304069993677191,6.37525569103316,-0.727189603478735,0.485157449908763,0.85210290361811,-5.60241482120213
"Bex2",-0.220236243139916,9.23893071434259,-0.726919102031554,0.485315444497955,0.85210290361811,-5.71248865991241
"Nr3c1",-0.485501845352198,6.00893077966853,-0.726890706276269,0.485332031790799,0.85210290361811,-5.53295396108117
"Hs2st1",-0.202055664102175,6.6202178761669,-0.726816448817449,0.485375410752904,0.85210290361811,-5.64429455821054
"Ncam1",-0.187550401623729,9.11392645135886,-0.72672965596862,0.48542611562187,0.85210290361811,-5.71825956976723
"Cdc20",0.487187299418381,5.44811908808586,0.726165696610608,0.485755665513823,0.852437204544304,-5.35018041498043
"Nusap1",-0.413587935100402,6.46636511531426,-0.725598859812404,0.486087039456886,0.85273954215895,-5.62090377113381
"Cbll1",-0.332893820523807,4.86533410216497,-0.725394985341062,0.486206259840629,0.85273954215895,-5.26782460004126
"Eef2k",0.518665228861799,4.81430814013441,0.725109309911555,0.486373346360832,0.852788516881024,-5.13919741841996
"Gdpd1",0.310764508612631,6.48347150737208,0.724785987208759,0.48656249589629,0.852876136971528,-5.61646720268828
"Ier5l",-0.330152340227666,5.58136512336603,-0.724138093397284,0.48694166521665,0.853296689862062,-5.44788870192893
"Chd6",-0.215443988909791,6.96507177408439,-0.722749031726679,0.48775521986025,0.853659097204274,-5.68551998013008
"Mfap3",0.273078560438536,5.47303796955141,0.722725151017111,0.487769213966192,0.853659097204274,-5.38063555975994
"Dbn1",-0.178298038215106,7.93325602295074,-0.722215895715542,0.488067698095829,0.853659097204274,-5.73389151721396
"Oscp1",-0.314370392946352,5.14732033476787,-0.722199229053445,0.488077468687397,0.853659097204274,-5.34178097215946
"Atad1",-0.250336612147477,6.42338637687531,-0.721603107764777,0.488427017360195,0.853659097204274,-5.61647746031415
"Med7",0.276858227992967,5.39401473880863,0.721397496738435,0.488547618455152,0.853659097204274,-5.35909701369745
"Ccnd1",-0.767810596034452,6.12998220666463,-0.721383697356891,0.488555713151042,0.853659097204274,-5.55780014784836
"Fam63a",0.34148799474002,4.66608258096739,0.720668780372678,0.488975197990295,0.853659097204274,-5.18523664096024
"Bhlhb9",0.283449728264489,5.65973790749514,0.720378075766044,0.489145836766476,0.853659097204274,-5.45154028689793
"Nfyc",0.270056012262108,5.19321674131952,0.719844206395282,0.489459306895849,0.853659097204274,-5.33492417213616
"Stam2",0.265197520834413,5.30715837125848,0.719667370250509,0.489563167010445,0.853659097204274,-5.36981234795862
"March6",-0.20476916761932,6.97864778966077,-0.719647082914153,0.489575083137368,0.853659097204274,-5.68901398925397
"Tsnax",-0.321758828104208,6.440491537578,-0.719567747941787,0.489621683693928,0.853659097204274,-5.61200302456715
"Ube2r2",0.234288866478377,7.4300143143912,0.719360291612733,0.489743554629623,0.853659097204274,-5.71416012527043
"Fdft1",-0.229961592964286,6.03934458285294,-0.719317486682653,0.489768702909223,0.853659097204274,-5.54623488782042
"Arid1b",-0.240035118427367,6.3460251498623,-0.719243403058483,0.489812229622054,0.853659097204274,-5.60393551078977
"Atr",-0.294218401030367,5.11287703649918,-0.719226607594833,0.48982209788118,0.853659097204274,-5.33270207688533
"Ufc1",-0.219138257113489,6.87215569619612,-0.718951519753214,0.489983744931399,0.853659097204274,-5.6793478168449
"Deb1",-0.206738342827371,6.34676994430975,-0.71889373096721,0.490017707029267,0.853659097204274,-5.60431750258337
"Tagln3",0.231036831911662,7.9839866179678,0.71827327310148,0.490382439426668,0.853659097204274,-5.73225939729775
"Pag1",0.328214637815008,5.40454732766445,0.718239261466592,0.490402437894747,0.853659097204274,-5.37002536713363
"Eps15",-0.264239400180117,5.9273549757031,-0.718027429007573,0.490527004599162,0.853659097204274,-5.51318914959704
"Stk16",0.230651719231596,5.72627921836018,0.717595301048209,0.490781176317404,0.853659097204274,-5.46166252204486
"Ncapd3",-0.298282823865567,5.58912884185985,-0.717499183800935,0.490837722410767,0.853659097204274,-5.45548189473206
"Nbea",-0.20417355050044,7.76436557736403,-0.717415860519486,0.490886745084801,0.853659097204274,-5.73321579783722
"Fam213a",0.306033607146421,6.07587429924806,0.717318003552607,0.490944322480072,0.853659097204274,-5.54604301840728
"Cdca4",-0.249023660061365,5.31090084639643,-0.717247517433399,0.490985797957395,0.853659097204274,-5.37708373580999
"Zpr1",0.271279760712355,5.43555349535089,0.717140102314677,0.491049007448607,0.853659097204274,-5.38685436203061
"Ckap2",0.495867899586427,4.6530081665549,0.716135073007638,0.491640674556636,0.854445278979882,-5.22040518992822
"Kat6b",0.320937580492707,6.92639347080899,0.7152666383621,0.492152287790189,0.855091925029282,-5.67897220003429
"Fbxo9",-0.231146553970202,6.16854977450998,-0.714605919685759,0.492541754777129,0.855526041177507,-5.57402973863324
"Pi4k2a",0.331341023648745,5.19072182417236,0.714305637697882,0.492718822739451,0.855591086921892,-5.3373403922516
"Dnajc1",-0.281996840094356,5.57033973419854,-0.714016800755533,0.492889179519332,0.85564444535254,-5.44982792838742
"Utp11l",-0.297040728508899,5.96963779350708,-0.71320687127185,0.493367074862924,0.856231502339281,-5.52856491394152
"Rab5a",-0.207794300376623,6.53606915844571,-0.712769381347432,0.493625334546746,0.85643716027816,-5.64152664412334
"Uqcrq",-0.176139082683075,8.33846458790349,-0.712287383264818,0.493909966318991,0.856456426311786,-5.74471073394405
"Rad23b",0.22468082330233,6.47431676445868,0.712277233249989,0.493915961257482,0.856456426311786,-5.62651223973567
"Usp24",0.312390845071877,5.25504276242276,0.711239612779252,0.494529054862377,0.857276958471469,-5.37608086341633
"Hist3h2a",0.450195443856747,7.46908651015129,0.709484562897486,0.495567134851318,0.858417458507494,-5.71872689972847
"Gtpbp6",0.35992348649119,4.80037685564582,0.709227662140485,0.495719201055976,0.858417458507494,-5.24415368815154
"Smpd3",0.23688023191885,5.73950818237266,0.70843666831178,0.496187593644612,0.858417458507494,-5.4736706511105
"Mybbp1a",0.263123932050907,5.34726420807135,0.707840382299053,0.496540871081104,0.858417458507494,-5.36434254932855
"Smim15",0.34024634945091,5.68459707610839,0.707322153667604,0.496848029754899,0.858417458507494,-5.4505135516673
"Ide",0.345896473646071,5.35578679839306,0.707056870892454,0.497005311011449,0.858417458507494,-5.33490012762866
"Ahsa1",-0.288203446705043,6.9866834420886,-0.707009152648383,0.497033605568831,0.858417458507494,-5.6981739502772
"Taf11",-0.232930640526328,5.51977641056997,-0.706904738527119,0.497095521476686,0.858417458507494,-5.43667697629459
"Ubn1",0.183971770678532,6.49633789489297,0.706823696009079,0.497143581709115,0.858417458507494,-5.63501456343236
"Cnot4",-0.211422212573032,6.28831380912879,-0.706566273315704,0.497296258980531,0.858417458507494,-5.60163361796435
"Srsf4",0.361613867413735,5.79206126462431,0.706528106433698,0.497318898225238,0.858417458507494,-5.46856849288025
"Nabp2",0.268853405265666,6.21612124566457,0.70633381796973,0.497434153222482,0.858417458507494,-5.57874766086955
"Stmn2",0.269677174139921,9.2294418545616,0.706323961398816,0.497440000739955,0.858417458507494,-5.72839431854773
"Smad7",0.295020120732619,5.74309161158347,0.705890516922591,0.497697188701014,0.858417458507494,-5.46014709497049
"Nfe2l1",-0.243437718016845,6.51723251516761,-0.705539158791563,0.497905730770681,0.858417458507494,-5.64166651467008
"Malsu1",0.221511193952256,5.6164695249069,0.705496931274991,0.497930797786439,0.858417458507494,-5.44662203966673
"Ndfip2",-0.189114488449871,6.94031189057597,-0.704736840887537,0.498382135435896,0.858417458507494,-5.69575652769374
"Nr1d1",0.35457151186795,5.60544771616204,0.704686287462737,0.498412162814311,0.858417458507494,-5.4620325532505
"Evi5",0.24780474418427,5.99317102459079,0.704595177989651,0.498466282238741,0.858417458507494,-5.53797350129814
"Sez6l2",-0.247973215186304,7.40181144822461,-0.704555053305408,0.498490117635279,0.858417458507494,-5.72891472022111
"Dnajc30",-0.262168764277213,5.48579459038933,-0.704489837891677,0.498528859271479,0.858417458507494,-5.43971128200321
"Ccnk",0.277695917671331,5.13130513875355,0.704402272459235,0.498580881024713,0.858417458507494,-5.33843794731035
"Gtf2ird1",0.266284926406733,5.49396416295854,0.704301580672686,0.498640705186529,0.858417458507494,-5.41524562898378
"Ccl25",0.310879345019024,4.83223079857616,0.704099918420163,0.498760532501204,0.858417458507494,-5.26663710691838
"Rala",0.205890715474738,6.89312696865159,0.7040977815769,0.498761802305113,0.858417458507494,-5.68799531493849
"Otud7b",-0.348485612531727,5.03824891964722,-0.703282257073163,0.499246568657617,0.858417458507494,-5.31651657732364
"Sf3b4",0.251384506882966,6.17048825807916,0.70275029449101,0.499562937019374,0.858417458507494,-5.56601584989691
"Nyap1",0.288490328653795,5.18594453113034,0.702717729531617,0.499582308068918,0.858417458507494,-5.36235110771994
"Magi1",0.349084258681267,5.66510098457274,0.702533480866949,0.49969191594586,0.858417458507494,-5.47336745338954
"Fam134c",-0.331349732590326,4.99415101536214,-0.702403057269131,0.499769512797399,0.858417458507494,-5.28847392544559
"Nkap",0.307908974314907,5.24554942081608,0.70214118368819,0.499925339744692,0.858417458507494,-5.32749561338281
"Hdgfrp3",-0.179303023487983,7.88422520182628,-0.702046307612941,0.49998180285805,0.858417458507494,-5.74666915263337
"H1f0",0.371778399917877,8.05248109069728,0.701735787330267,0.500166628875444,0.858417458507494,-5.74205751070881
"Dusp6",0.383496649128898,5.56407069270659,0.701505734184197,0.500303587059131,0.858417458507494,-5.4083038481701
"Dctn1",-0.275310142823774,6.90735002114171,-0.701371390057068,0.50038357728249,0.858417458507494,-5.69512255759469
"Rbbp6",-0.166847822128222,7.46602069263263,-0.701361907430841,0.500389223659953,0.858417458507494,-5.73367612809267
"Ube2v2",-0.184387279274076,6.90968111504815,-0.701201339383785,0.500484839017139,0.858417458507494,-5.69529710974119
"Arrdc3",0.336199396826422,6.39596953284538,0.701159007399045,0.50051004883278,0.858417458507494,-5.62055734465408
"Zfyve27",0.274272353251255,5.14553040482838,0.700671678892569,0.500800322543417,0.858435820126711,-5.34547204209982
"Cryab",0.521310820364151,6.29331585710687,0.70067067077081,0.500800923132016,0.858435820126711,-5.60253925291201
"Cd53",1.01025845389156,5.33877033152987,0.700361991195217,0.500984840004146,0.858510933877351,-5.18624296706932
"Smn1",0.280179596602647,5.60444826154858,0.699116413875743,0.501727402577043,0.85933261041882,-5.44400280562311
"Arpc2",0.225962982854695,8.21435288109558,0.699087259924702,0.501744791135532,0.85933261041882,-5.75005215028891
"Larp4",-0.226903360666781,5.73746552876829,-0.698650487633168,0.502005343897873,0.859538627383673,-5.49153962358942
"Stx12",0.217420925949072,6.87073273522207,0.698138567266672,0.502310832153722,0.859821446770394,-5.68817143836633
"Zdbf2",0.268144637639605,5.79361141696867,0.697703892340835,0.502570314479384,0.860025380376896,-5.50091994261091
"Scrn1",-0.400788707354232,4.92149380440965,-0.696906636932676,0.5030464571991,0.860599857542179,-5.29349546741157
"Stim2",-0.317834339408767,5.38039847490783,-0.696034224105138,0.503567805266163,0.86125132868296,-5.42106667524113
"Sf3a1",0.239745655253611,6.1794380439693,0.694324995474254,0.504590195452947,0.861974130205164,-5.57996570451515
"Katna1",0.28774742934421,5.22099171955443,0.694179236228255,0.504677441829626,0.861974130205164,-5.35495157296863
"Zfp512",0.211245987615799,6.10464462674812,0.694123704374871,0.504710683697465,0.861974130205164,-5.56329458500646
"Dpm2",0.223291985695245,6.13096544085191,0.694100506933346,0.504724570294691,0.861974130205164,-5.56785581279694
"Gkap1",0.271768949326478,6.54402434850347,0.693996961844067,0.504786557974314,0.861974130205164,-5.64941665362194
"Kif1bp",-0.210393372627847,6.62617370421022,-0.693917064811505,0.504834391858083,0.861974130205164,-5.66787449278612
"Sptbn4",-0.312099174545436,5.49080291218507,-0.693128605192655,0.505306587799584,0.862495599637355,-5.44415831120831
"Gpm6b",-0.215071592569785,8.69801013982014,-0.692870211105715,0.505461395085824,0.862495599637355,-5.75542034255749
"Pde4dip",-0.187507756997968,6.93593763886579,-0.692600376939869,0.505623087444874,0.862495599637355,-5.70346352599117
"Snrpc",0.245818847637924,6.99339734391381,0.692233618330171,0.505842910757526,0.862495599637355,-5.70267256686191
"Plch2",-0.32383171528431,4.98293670595359,-0.692232576256097,0.505843535427,0.862495599637355,-5.31831846954389
"Fam3c",0.352042535612687,5.69239127582435,0.691774913082806,0.506117926703379,0.86271723812824,-5.48059407825758
"Rps6ka3",-0.382616931017405,4.90465021644601,-0.691546193544414,0.506255089476037,0.86271723812824,-5.29870502065872
"Cdc42bpa",-0.252436670037596,6.86418103988202,-0.690871032315367,0.506660116027428,0.863110794520541,-5.6976176366705
"Tmem209",-0.447241696560843,4.33692095383194,-0.690550344673364,0.506852565042268,0.863110794520541,-5.15078940809837
"Pdhb",-0.193258828205515,6.12748806614527,-0.690457025964641,0.506908575306695,0.863110794520541,-5.58155852161704
"Zfp148",-0.210427820024953,7.26608717098684,-0.689487562412777,0.507490676209253,0.863861906613974,-5.73149581146089
"Mrps18a",-0.19708269189394,6.27699276576543,-0.688704881461012,0.507960925437858,0.864422258006996,-5.61164781647047
"Cd68",0.609004650251093,5.53480570707948,0.688132744322911,0.508304845159199,0.864767376772785,-5.34340362207987
"Atp6v0d1",-0.1907976739427,7.21572629523551,-0.687634774087038,0.508604298329031,0.86495211479941,-5.72952621615022
"Slc4a3",0.264395529149133,5.74099718446217,0.687482768443167,0.508695728090253,0.86495211479941,-5.49435281737199
"Get4",-0.237201409688254,5.48952926189972,-0.686614623957228,0.509218100723406,0.865252208208121,-5.44893465851112
"Lpgat1",0.32112219668102,6.45298418977201,0.686371180988809,0.509364642162115,0.865252208208121,-5.63276007969687
"Sav1",-0.347111174626458,4.57232733853709,-0.686170325034266,0.509485567625736,0.865252208208121,-5.21455726673906
"Zfp609",-0.273777197822454,5.10764967468095,-0.685989242399719,0.509594603615438,0.865252208208121,-5.34749365101135
"Stau1",-0.235635548383319,5.71214217939894,-0.685325502444643,0.509994386061732,0.865252208208121,-5.49073703988723
"5330434G04Rik",-0.200519751375427,6.95997548564326,-0.685217224753687,0.510059621854685,0.865252208208121,-5.7108763978026
"Mrpl3",-0.267148039898878,5.53141368875476,-0.685085145325759,0.510139204772778,0.865252208208121,-5.46156799541452
"Zcchc7",-0.173977912570048,7.26880739897028,-0.684864606868174,0.510272104576707,0.865252208208121,-5.73465757026885
"Cggbp1",0.256006961891825,7.03135714746268,0.684851352879673,0.510280092304806,0.865252208208121,-5.7134376254489
"Orc4",-0.208613810260957,6.07692673367926,-0.684508230275544,0.510486907244396,0.865252208208121,-5.57384746400157
"Nutf2",0.268563182116068,5.41970404733373,0.684491976417117,0.510496705424188,0.865252208208121,-5.40528748221535
"Slc25a4",-0.167817347662175,9.38590616395636,-0.684376074151336,0.510566577167194,0.865252208208121,-5.73417306810373
"Stmn4",-0.240492665155202,8.07021039960743,-0.683952784228374,0.510821807387772,0.865445406600018,-5.76348649474047
"Msi2",-0.215535495787952,8.26788088088428,-0.683574842660947,0.511049759888496,0.865592296461223,-5.76489400095912
"Zfp354c",0.332503920692139,5.23323247849784,0.682804505055849,0.511514575375484,0.865967527113931,-5.36209862575001
"Hmgcs1",-0.26781893653861,6.98949162725229,-0.682739311794315,0.511553924306859,0.865967527113931,-5.71531410635941
"Lamtor5",0.334600980499359,6.9411912883946,0.682225690956291,0.51186399690864,0.866253127052235,-5.70124017182648
"Wdr48",0.265403221751776,5.34212512138453,0.681672780869471,0.512197916565698,0.866262057408179,-5.37754008200427
"Tnpo3",0.209196557881184,6.72913674693493,0.681342583712851,0.512397396289074,0.866262057408179,-5.68540359248611
"Ccnc",0.261707410263571,5.33877033152987,0.681341316128044,0.512398162157584,0.866262057408179,-5.38169840660908
"Herc2",-0.203019953379715,6.58192583546121,-0.681242977115935,0.512457580232931,0.866262057408179,-5.66975620134473
"Setd2",-0.194400723015898,6.67817209807424,-0.680845111831208,0.512698019968271,0.866262057408179,-5.68336961323073
"Dopey2",-0.287524179364864,5.36365673436686,-0.680656842877338,0.512811819471501,0.866262057408179,-5.42607923667779
"Ndufaf2",0.232635718063242,5.68889321856409,0.680579121280728,0.512858802917244,0.866262057408179,-5.47069419458493
"Rap1b",0.379043653006058,6.36514032650718,0.680155821865429,0.513114737490116,0.866455528062671,-5.60141434422106
"Uimc1",0.230593553326857,5.54826409528735,0.679425183014858,0.513556678102783,0.86669292429082,-5.43928865334953
"Ahi1",-0.270516865176922,8.14395739822326,-0.679362793992029,0.513594426009294,0.86669292429082,-5.7674627774567
"Lonp2",0.261285393288755,5.50724159359106,0.679091619782605,0.513758517102923,0.86669292429082,-5.44785664063385
"Rpain",0.257310714004106,5.45574496528835,0.67898829295167,0.51382104992633,0.86669292429082,-5.41114535686586
"Gm26699",0.277983493149936,5.74239748993887,0.678642314120405,0.514030468106672,0.866807569773716,-5.49115763890961
"Rrm2",0.263045008178389,6.92522331224593,0.677966136611286,0.514439902740614,0.867239389115542,-5.70360893945379
"Raly",0.297783995931742,7.17547706317292,0.677568856829927,0.514680553473371,0.867239389115542,-5.72501435420728
"Wdr26",-0.185218705312638,7.23253940990575,-0.677518426902747,0.514711106105291,0.867239389115542,-5.73701204446083
"Ifi30",1.18798000612508,5.01615484065749,0.676952284821095,0.515054175111364,0.86753318939244,-5.10292670267168
"Xab2",0.311028181907263,4.67572561331952,0.676763482933504,0.515168615567736,0.86753318939244,-5.24146785987407
"Dlst",-0.247919482515035,5.11428317602395,-0.676260681309565,0.515473459274538,0.867719206598699,-5.35823337176484
"Timm10b",0.187213456905733,6.57964792074951,0.676114222127579,0.515562276636074,0.867719206598699,-5.6656964362724
"Snx6",0.26049578415192,6.59564857371453,0.675387173582505,0.516003318768988,0.868160449855513,-5.66158399788575
"Keap1",-0.221728086891989,5.80366254608494,-0.675038606715229,0.516214847521952,0.868160449855513,-5.51940228752911
"Ssrp1",0.209905089050835,7.32248973186196,0.674872090356295,0.516315916986724,0.868160449855513,-5.74004229183026
"Med30",-0.195621492330025,6.20110517431314,-0.674748187778938,0.516391129197674,0.868160449855513,-5.60443006370097
"2310035C23Rik",0.222881369398443,6.13781395292715,0.672745240819892,0.517607893296528,0.869755408696101,-5.58778493338093
"Wdr82",-0.236919664146349,6.28534743491972,-0.672390479260617,0.517823587084937,0.869755408696101,-5.62326986952471
"Ppip5k1",-0.327798692230355,5.76999629713386,-0.672337322494262,0.517855910897263,0.869755408696101,-5.52269786838016
"A830010M20Rik",-0.289886269272082,5.79766023976198,-0.671320385242277,0.518474529811908,0.869755408696101,-5.52855405335351
"Fam136a",0.285221881076285,5.30350994964903,0.671255149631012,0.518514228901599,0.869755408696101,-5.3856104078573
"Usp7",-0.224258192708816,6.98934867545721,-0.671247298184088,0.51851900701849,0.869755408696101,-5.72293198591217
"Lsm3",0.268831015435151,7.0852823266812,0.671225280481646,0.518532406366596,0.869755408696101,-5.72343277130969
"Raf1",0.23794050732709,6.28245075502985,0.671001319748147,0.518668714395866,0.869755408696101,-5.61373708641968
"Hells",0.232298278727813,5.58039071417721,0.670823285522676,0.518777085864814,0.869755408696101,-5.4429701752504
"Scp2",0.202173138322411,7.3164212168447,0.670512414281655,0.518966349540586,0.869755408696101,-5.7423530542832
"Cks1b",0.35686190578722,5.98454148948655,0.670493507091679,0.518977861903326,0.869755408696101,-5.51387276525646
"Sirt2",0.25190446153379,6.5700010997497,0.670264224930151,0.519117481356603,0.869755408696101,-5.6683400962343
"Ppfia1",0.275862275086543,5.03195357116563,0.67004023420813,0.519253900533238,0.869755408696101,-5.32930794972329
"Spag7",0.219384494956927,6.74676387565848,0.669454807379032,0.519610550736411,0.869755408696101,-5.69302359339806
"Mprip",-0.187909409705385,6.80646620737696,-0.669269043009379,0.519723751875232,0.869755408696101,-5.70634824982524
"Lrrc8d",0.275981441540451,5.34037650596238,0.669240354523945,0.519741235398111,0.869755408696101,-5.41905802601186
"Zbtb20",0.359842144023487,10.6222419256958,0.669221606706959,0.519752661006058,0.869755408696101,-5.67190239358544
"Inpp1",0.281845164604829,5.10940478592965,0.668894970899752,0.519951749176126,0.869851028924734,-5.33998557335529
"Ttc5",0.239226331976979,5.58082142799931,0.668571813756838,0.520148762317987,0.869943126496895,-5.45285684111571
"Rorb",0.518838381460016,4.34760599799881,0.668299432612419,0.52031485476476,0.869983473396575,-5.10298649045807
"Rnf115",0.254068143621082,5.93877071892574,0.668007202350861,0.520493086343376,0.869988254196418,-5.52465656741994
"Tmod3",0.424569278708569,4.97367831393381,0.667829225328196,0.520601652764077,0.869988254196418,-5.25384849310497
"Apoo",0.284608091206459,5.12306789186734,0.667034084079602,0.52108685750322,0.870561685599709,-5.33943151904893
"Ptpn11",0.241064102071461,5.90126378543382,0.666471300002406,0.521430439620366,0.870667420622924,-5.53369300308323
"Rc3h1",0.227412810631331,5.79851273119872,0.666464966439529,0.521434307063664,0.870667420622924,-5.50664720220621
"Dido1",-0.24266722402244,5.67023763548344,-0.666123995028882,0.521642538828536,0.870777847437011,-5.49518857794789
"Nagk",0.212414283554454,5.81953585736041,0.664971831188473,0.52234653709085,0.871538501109303,-5.51229494024239
"Tex10",0.4804678010252,4.6838108917406,0.664912744524502,0.522382655772596,0.871538501109303,-5.15406097075814
"Nipa2",0.224453407581493,5.69908246720073,0.664109811680591,0.522873623844671,0.87186889090646,-5.49632162555588
"Ubxn2b",-0.2657630956718,5.22038533783567,-0.663906219782325,0.522998157891612,0.87186889090646,-5.39407619322826
"Snrpf",0.305231535626769,8.13168854247551,0.663866715848738,0.523022323905939,0.87186889090646,-5.77102091787913
"Cebpzos",0.255907075055535,5.95139285127462,0.662906796237416,0.523609748203768,0.87186889090646,-5.5354977471861
"0610009O20Rik",0.255291205646821,5.04498531836088,0.662814312346976,0.523666364762428,0.87186889090646,-5.34404508407856
"4932438A13Rik",-0.204401102753662,6.42316607068345,-0.662717794491608,0.52372545473955,0.87186889090646,-5.65482634243181
"mt-Cytb",0.191300214241124,13.1996072371606,0.662681876297101,0.52374744552906,0.87186889090646,-5.58842111774426
"Thoc3",0.23332638675024,5.61800713901152,0.662405973840799,0.523916384312108,0.87186889090646,-5.4666234768041
"Bzrap1",-0.276819521789504,5.71048443857618,-0.662011178201663,0.524158179811546,0.87186889090646,-5.51593452682829
"Dnmt3a",-0.240952661538384,6.23193220072948,-0.661912044509268,0.524218905478041,0.87186889090646,-5.62000223292511
"Usp31",0.22183826796888,5.56856910454496,0.661619305021506,0.524398251567707,0.87186889090646,-5.46755513342559
"Asna1",-0.233853027748484,5.87589603541556,-0.661243648727606,0.524628450277932,0.87186889090646,-5.54357091018893
"Mis18bp1",-0.34223433509588,6.04654265411372,-0.66106252377334,0.524739463604229,0.87186889090646,-5.58401470020802
"Zfp68",0.228807747408155,6.26537435200562,0.660748042941569,0.524932245519929,0.87186889090646,-5.61966446492282
"Mepce",-0.222901582401795,5.37625269680132,-0.660583043797697,0.525033409664925,0.87186889090646,-5.43761928142457
"Tram1l1",0.249116170155942,5.2692026739524,0.660177322995473,0.525282214510835,0.87186889090646,-5.39920799688121
"Gps2",0.289847269110557,6.18664586627394,0.660108573726024,0.525324381408238,0.87186889090646,-5.59062391925832
"Sdccag3",0.282381160332956,5.58181851603364,0.660016808030491,0.525380668430323,0.87186889090646,-5.48125612676151
"Tnf",0.789327136353068,6.44284063718998,0.659770564929147,0.525531726265077,0.87186889090646,-5.58295191894174
"Cyfip1",0.330374253373267,6.92092384285172,0.6597615793928,0.525537238933811,0.87186889090646,-5.71501172881356
"Maea",-0.205716519206423,5.82982255555233,-0.659578783192055,0.525649392770654,0.87186889090646,-5.53441652930163
"Dst",-0.219142820384021,7.66381371613106,-0.659478768557652,0.525710762385668,0.87186889090646,-5.76906532838282
"Ppm1b",-0.256573085859883,6.1254764158662,-0.657797151851699,0.526743254522626,0.873047067817675,-5.59858869021372
"Pcyox1",-0.261804145383612,5.8604870525489,-0.657234316061886,0.527089099146357,0.873047067817675,-5.54485178153612
"Adrbk1",-0.268739668826132,6.20892805910617,-0.657147636492273,0.527142373015353,0.873047067817675,-5.61943551769822
"Uqcrh",0.210093083213722,8.91341609640543,0.656966657539508,0.527253614301969,0.873047067817675,-5.7747880884377
"Fam76b",-0.245154492748483,5.55504824314462,-0.656612933611457,0.527471076181086,0.873047067817675,-5.48621012084457
"Dusp11",0.196612708608312,6.59483478631408,0.656467675061622,0.527560393513884,0.873047067817675,-5.68154347235809
"Rbmx",0.246029859784396,7.0711413078059,0.656396347268496,0.527604255220328,0.873047067817675,-5.73397195934863
"Trpm7",0.204373676812149,6.09605823771759,0.656286756700989,0.527671650149243,0.873047067817675,-5.58454214748389
"Smc2",0.346711018103632,7.07026038568736,0.656235156787798,0.52770338433366,0.873047067817675,-5.72987373338548
"1110059G10Rik",0.253819869132261,5.52737492669215,0.655891485143007,0.527914773006705,0.873161060454815,-5.44648500043801
"Ppa1",0.194933793600371,6.85686552541666,0.65553151606581,0.528136240166725,0.873211209012398,-5.71682865108001
"Sgpp1",0.309494812291663,5.26472581702027,0.655379011758587,0.528230083519739,0.873211209012398,-5.40489464394939
"Klhl7",-0.248955548952706,6.66362186036084,-0.654801308313009,0.528585662766706,0.873479622217807,-5.69793707218021
"Jakmip1",-0.300286960884452,5.38050970385556,-0.654515786698725,0.528761455313671,0.873479622217807,-5.4428176341307
"Lrrn1",-0.417855517818022,5.53063068436415,-0.654420594993554,0.52882007154505,0.873479622217807,-5.45841015986355
"Fam120a",-0.256685561720664,6.28455681755311,-0.654050410036126,0.529048057238932,0.87362072076534,-5.63592135878394
"mt-Nd4",0.199808714798199,12.5103014534117,0.653567588808482,0.529345500072812,0.87382238154983,-5.61224331623405
"Efna2",0.321249132014255,4.79488559019459,0.652977331720417,0.529709264050214,0.87382238154983,-5.27852373390973
"Mphosph6",-0.244717174553812,5.18305350492529,-0.652690953710408,0.529885806785474,0.87382238154983,-5.39489327412223
"Arf5",-0.16251451290165,8.32372715567716,-0.652437788431593,0.530041904069307,0.87382238154983,-5.78492637651767
"Srpr",0.266649257881523,5.75834471461476,0.652328454458867,0.530109325932412,0.87382238154983,-5.50988334237624
"Calr",0.301409542484048,8.5955730488762,0.652194338451418,0.530192036837783,0.87382238154983,-5.78270246101647
"Pip5k1c",-0.278885493179058,5.84045584463441,-0.652108374263516,0.53024505598626,0.87382238154983,-5.54801660276483
"Atat1",0.205536261165679,6.79474141136642,0.651936730327514,0.53035092827417,0.87382238154983,-5.7095672338285
"Sh3bgrl3",0.262312408154693,7.80627445094085,0.651770400878916,0.530453534491738,0.87382238154983,-5.77237593698944
"Tceal5",-0.280482779492693,5.93704503833042,-0.65083700781797,0.531029549725922,0.873977334713072,-5.57173596706362
"Tmem178",0.31462500675594,5.53408996400037,0.650651061531293,0.5311443451584,0.873977334713072,-5.47476598793014
"Tspan3",0.161486005605184,8.5099529472362,0.650500962440539,0.53123702077363,0.873977334713072,-5.78423455946112
"Dis3l2",-0.293248622265465,4.9991815162782,-0.650469408875682,0.531256504097209,0.873977334713072,-5.34407007973543
"Xrn1",0.279024448504375,5.34495217897443,0.649978351033798,0.531559771323765,0.873977334713072,-5.42674033555574
"Pcbp2",-0.146829511534332,8.56239929546812,-0.649913911509333,0.531599575465854,0.873977334713072,-5.78558673317512
"Rexo2",-0.227574104827161,6.27625547887781,-0.649787669249676,0.531677560132785,0.873977334713072,-5.63712556572632
"Zfp386",0.272203468837435,5.39735130413082,0.649769861304255,0.531688561326751,0.873977334713072,-5.43271490814261
"Ipo5",-0.290824263777216,5.95874144247512,-0.649177053713851,0.53205485638237,0.874344907458075,-5.57418715167195
"Epn1",0.24418755751914,7.15111719167312,0.647397989757165,0.533155034750786,0.874920102506363,-5.74697851446746
"Jtb",0.231158338419415,6.23585726021473,0.647164090156047,0.533299778975431,0.874920102506363,-5.6129350083594
"1500011K16Rik",-0.23135177819599,6.3342982561841,-0.647094212253741,0.533343026065252,0.874920102506363,-5.64842496174315
"Ccdc28b",0.248056851202554,5.46329273351062,0.647071160221921,0.533357293309129,0.874920102506363,-5.43349752360813
"Tmem243",0.286526647773631,5.89112111405742,0.64706445148077,0.533361445490769,0.874920102506363,-5.52799223133168
"Mib1",-0.228460950570186,6.33258931474795,-0.646957085172824,0.533427899367503,0.874920102506363,-5.64922472376819
"Denr",0.240677789692714,6.87331057985719,0.6467500607292,0.533556050000975,0.874920102506363,-5.72301279420248
"Pak7",0.294319140189641,5.9239326104896,0.646710837195043,0.533580331893113,0.874920102506363,-5.53789230464998
"Mllt10",0.235809997717528,5.81064707646867,0.646533956412032,0.533689840595428,0.874920102506363,-5.54180570449738
"Dlgap4",-0.213399190012991,7.4886008020437,-0.64586967373491,0.534101223371585,0.875360336138292,-5.77170804205526
"Ruvbl1",0.237423313986644,5.63421539700598,0.645172116437904,0.534533414257883,0.87583442849527,-5.4877913998075
"Sec23b",-0.253831862880692,5.27834198496575,-0.64437224756705,0.535029249045992,0.876182350295827,-5.4202614826965
"Tsc1",-0.270673853244491,5.47958146632452,-0.644368269250355,0.535031715862759,0.876182350295827,-5.47522640672059
"Gipc1",-0.236606043842522,5.84504242073697,-0.643828063786472,0.535366740894836,0.876480850324294,-5.55053693305427
"Carm1",0.268261661660638,4.81296646580147,0.643415821130341,0.535622489024733,0.876480850324294,-5.29033255131992
"Tmem205",-0.233849987122713,5.71992568987773,-0.643353471323475,0.535661176020146,0.876480850324294,-5.5229447755339
"Sf3b6",0.248102034579277,7.56444241545689,0.643041101685954,0.535855020853554,0.876480850324294,-5.77153016954518
"Pou6f1",-0.324430560829586,5.22743838114582,-0.64292168684296,0.535929136123553,0.876480850324294,-5.41280076315717
"Psmd14",0.253008037209449,6.87411300974523,0.642515477707277,0.536181296537761,0.876495079007356,-5.72490848472116
"Tnrc18",-0.172035972221483,6.71198250669248,-0.64244686033758,0.536223898694285,0.876495079007356,-5.71267445530914
"Kpna1",-0.233693185698406,5.76125572642283,-0.642085416618428,0.536448339513018,0.876568640248496,-5.52964178342254
"Adam15",-0.509069254351846,5.58455502961451,-0.64191369826151,0.536554988507198,0.876568640248496,-5.48457678157095
"Dxo",0.395128927795112,4.88607127937993,0.641681825672577,0.536699017239576,0.87657024990515,-5.24803503078724
"Trrap",-0.199004461413309,6.3396239257753,-0.641257900077251,0.536962399375727,0.876766742172784,-5.65409719041491
"Creb3",0.236485705533872,5.34085606854442,0.640767332823027,0.537267280369451,0.876897070563392,-5.40545742900752
"Cpe",0.207254748057813,9.32473889646829,0.640615880551262,0.537361426483326,0.876897070563392,-5.76715216899304
"Mrpl27",0.190474542642184,6.04438291647845,0.640438813915811,0.537471507349233,0.876897070563392,-5.58431987124692
"Ift46",0.250297135351933,5.51366804522124,0.639823451602746,0.537854176035778,0.87728783357659,-5.47368597354588
"Cdkn2d",-0.265424943016334,6.7976774116211,-0.638683618108724,0.538563414368337,0.877986225449255,-5.72498929984808
"Tomm7",-0.23953379507386,8.12482248638799,-0.638571204647585,0.538633391080525,0.877986225449255,-5.79380966995773
"Dnm1l",-0.19795247055192,6.78948365708318,-0.638444653363393,0.538712174884007,0.877986225449255,-5.72437192344723
"Phf20",0.237855613530778,6.71243138708117,0.638008809933491,0.538983558512017,0.878194960532209,-5.70462594819813
"Malat1",0.203574558497448,15.3071840274324,0.637259608804578,0.539450245645128,0.878721718584089,-5.56945713622908
"Hnrnph3",0.201987171251392,7.48256554338425,0.636352126498319,0.540015845049618,0.879187581226899,-5.77284386189187
"Bub1b",-0.498008575138802,4.50712398229994,-0.636340359233963,0.540023181419394,0.879187581226899,-5.22022761342006
"Map4k3",-0.230084766119304,5.57811493977599,-0.635606627857109,0.54048074572727,0.879698807388237,-5.50364383814115
"1110065P20Rik",0.347283924324369,5.81376630928569,0.635371165680095,0.540627631009953,0.879704228048059,-5.51937763727162
"Paip2b",0.241551838007158,5.44005861259651,0.634426390501827,0.541217232365602,0.880308963543068,-5.45278524202238
"Tsr2",0.36889696229747,5.08406233434335,0.634117743756868,0.54140992945033,0.880308963543068,-5.37961927830945
"Ostc",0.199202585509203,6.74061404354909,0.633777481752119,0.541622411281921,0.880308963543068,-5.7159936289389
"Esyt2",-0.300910926981776,4.88080522166683,-0.633267033540653,0.541941259781453,0.880308963543068,-5.31783099147671
"Psmg4",0.231891701567625,6.37525703643481,0.633182280348242,0.541994210970145,0.880308963543068,-5.6533958127114
"Ppp3cb",-0.228528254728753,7.61549738896089,-0.63278681418832,0.542241325967142,0.880308963543068,-5.78460195704354
"2310033P09Rik",0.253739674482041,5.26203002882292,0.632651128075853,0.542326127307347,0.880308963543068,-5.40655918793206
"Eif1",0.184915877431691,10.4372431010843,0.632648790016622,0.542327588619411,0.880308963543068,-5.70457771221602
"Tmem9",-0.21702817417869,5.89147862863734,-0.632200966162823,0.54260752566031,0.880308963543068,-5.56360677560533
"Fbxl5",0.199468664988303,6.33528526817464,0.632085535885247,0.542679695384226,0.880308963543068,-5.65422317059614
"Psma4",-0.15242872012939,7.60059101281219,-0.632084814370584,0.542680146509754,0.880308963543068,-5.78428006827915
"Phf14",0.169040594110276,6.84662655679959,0.631977904934344,0.542746993825907,0.880308963543068,-5.73102886980253
"Pak2",0.164288767530997,6.95777238490273,0.631786363411986,0.542866771088325,0.880308963543068,-5.74163053946683
"Tbca",0.240551750677703,7.90075603431677,0.63084608399647,0.543454982295314,0.880944683246346,-5.78823217559434
"Nup37",0.293648963301859,4.6263416500614,0.630545245897784,0.543643256102823,0.880944683246346,-5.25481624979639
"Anapc7",0.273135228208119,5.28221036813973,0.630166224714202,0.543880513338575,0.880944683246346,-5.39290068410172
"Vps52",-0.228144037307903,5.25420985425833,-0.630112265017099,0.543914295579607,0.880944683246346,-5.41707213211353
"Nasp",0.231863684449638,7.4786210591788,0.630011168778803,0.543977591612953,0.880944683246346,-5.77589224696206
"Klhdc10",-0.238827525477919,5.85898942869272,-0.629165349728718,0.544507324066519,0.881428161518659,-5.56635158538641
"Osbpl9",-0.243294370290238,5.82677421170344,-0.628956509194724,0.544638166042426,0.881428161518659,-5.54874550360022
"Mvb12b",0.205425489934164,6.25516632164359,0.628845623971384,0.544707644854955,0.881428161518659,-5.63757274122006
"Mgrn1",-0.235313670553445,5.72312820458494,-0.628510387802366,0.544917729505249,0.881535334321057,-5.53770712744322
"2010107E04Rik",0.245955199606815,8.0370032203166,0.627947020516951,0.545270884553619,0.881873840207066,-5.79336324759583
"Zmat5",0.240309600354631,5.80268448415385,0.626933644850858,0.545906468269417,0.882475187978114,-5.53248160587975
"Mrpl21",0.180515476317281,6.36658014621949,0.626544095965223,0.546150905500639,0.882475187978114,-5.66549557055675
"Adam10",0.23664070625984,6.27490990012344,0.626462917024481,0.546201852295604,0.882475187978114,-5.63415923157196
"Ap1g1",-0.20019596356264,5.70211637922339,-0.626287815048989,0.546311753283911,0.882475187978114,-5.53537139280642
"Nrbp2",-0.276408353712037,5.520375188209,-0.626206588321546,0.546362738771045,0.882475187978114,-5.49618487651233
"Gclc",-0.273726759269244,5.20251593877275,-0.625490062455459,0.546812616809756,0.882840607162143,-5.4156004538603
"Brd7",0.213862098044827,6.09923176707028,0.625387367584038,0.546877112400048,0.882840607162143,-5.60167143047122
"Hmgb3",0.523941352056347,7.45693944946772,0.625080449729396,0.547069892660977,0.8828923045458,-5.76945315102539
"Tbl1xr1",-0.248008210109384,6.10088697907356,-0.624877665117556,0.547197286662035,0.8828923045458,-5.61867210928549
"Chmp4b",0.202121228047019,6.96531069736192,0.624103188808204,0.547683988623734,0.882960617678915,-5.74478463143
"Thoc2",0.163573475057898,7.18006001046897,0.624018281310036,0.547737362027886,0.882960617678915,-5.76581929965319
"AK010878",0.251960923599433,5.49588354392254,0.62397535513666,0.547764346843596,0.882960617678915,-5.45496736423783
"Os9",0.18151715472237,6.47239902025593,0.62354353289517,0.548035847378209,0.882960617678915,-5.68465233392694
"Ttc19",-0.196228166276597,6.76599398739211,-0.623307280267477,0.548184419917876,0.882960617678915,-5.73077515123854
"Mrgbp",0.279571927440314,5.19615852578981,0.62311885217196,0.548302933655958,0.882960617678915,-5.3903561730462
"Arhgap39",-0.290095250503454,6.04347543174304,-0.623039421051687,0.548352897089721,0.882960617678915,-5.60989749626663
"Ehmt2",0.210628957804898,6.36960792634186,0.622976756813026,0.548392315745096,0.882960617678915,-5.66932745541374
"Crmp1",0.220662117259101,7.51934573555556,0.622578175268966,0.548643079972368,0.883132333614571,-5.78289435887953
"Rcor3",0.241297328525648,5.50441274715711,0.621290099118361,0.549453914795716,0.884205249440165,-5.47686898803674
"Snx2",0.245440126876741,6.16938166800815,0.620924039089152,0.549684473052664,0.884344040658105,-5.62855318560549
"Clptm1",-0.221216919296636,6.46342692116575,-0.620361993275547,0.55003857899633,0.884549690059025,-5.68931213158732
"Mier1",0.197952009910224,6.57223542090324,0.620122342602279,0.550189606164622,0.884549690059025,-5.70490871503362
"Ctnnd1",0.195589329880162,5.78421159254983,0.619978076815875,0.550280533567118,0.884549690059025,-5.5391289392374
"Nfyb",0.200262083413435,6.46128678354069,0.619804920402064,0.550389681493972,0.884549690059025,-5.67962251919146
"Shfm1",0.225443312319687,8.51258815754614,0.618728025921336,0.551068774121809,0.885408874624659,-5.80412726408383
"Pigx",0.222872353664769,5.73267314265086,0.6177504103084,0.551685678389706,0.885963804171282,-5.51258351274393
"Ift43",0.281188756524837,5.19906975880647,0.617722480322613,0.55170330886384,0.885963804171282,-5.3915209112168
"Usp33",-0.193400741210514,6.20968672023058,-0.616972411282802,0.552176902173778,0.886277258246585,-5.64519168315901
"Car2",0.506234674751263,6.29264570523678,0.616955224677781,0.552187756525043,0.886277258246585,-5.6471795968292
"Ift122",0.262028540758643,5.12702518609693,0.616680485619237,0.552361287021068,0.886323636256902,-5.37894208239452
"Clcn4",-0.193310350835309,6.8084178425475,-0.616226734164092,0.552647953737839,0.886551481807717,-5.74019286170048
"Lypla2",-0.26806202733846,5.64233073046519,-0.615226872607499,0.553279937814984,0.887156677841206,-5.51411190695942
"Casc5",0.381213821698962,5.76250844545326,0.615171806350904,0.553314755664016,0.887156677841206,-5.51985814274447
"E130102H24Rik",0.255393932255865,5.54250240175261,0.614212764537566,0.553921349656703,0.887896947605618,-5.47490563779892
"Yaf2",-0.250423512865848,6.40501684849348,-0.613976201104888,0.554071034572598,0.887904628624707,-5.68294184597654
"Ttc9b",-0.223716907773697,6.93761908195868,-0.613620439569056,0.554296185378971,0.888033208889498,-5.75460935769509
"Gapvd1",0.176887619752723,6.72271059902277,0.613258033110075,0.554525595382841,0.888168543780986,-5.72796987625694
"Wbp4",-0.180404861921639,6.78628475203044,-0.612808212920107,0.554810415430724,0.888392533514366,-5.73971615201655
"Kdm2b",0.267565293772664,6.08413898841773,0.612121366451593,0.55524547863981,0.888679832672169,-5.61324414174241
"Aatk",-0.299630028926551,5.99414788629839,-0.612067075711458,0.555279875865166,0.888679832672169,-5.60314728846929
"Abce1",-0.20258281277531,5.50666265478815,-0.611333125054055,0.555745007704997,0.889121990581216,-5.49749748478449
"Snx16",-0.269990340437503,5.73595290521696,-0.610542765158881,0.556246136837948,0.889121990581216,-5.55332149477175
"Derl2",-0.267668161679853,5.66491733416155,-0.609945678836095,0.556624891392406,0.889121990581216,-5.52935012114773
"Vps50",-0.20192854821684,6.04898289863821,-0.609889029392354,0.556660833924197,0.889121990581216,-5.61667367429484
"Fdps",-0.221570624683937,6.6636028180318,-0.609870161192168,0.556672805577939,0.889121990581216,-5.72667966602696
"Kdelr1",0.181817543730549,6.59876640240843,0.609806316118429,0.556713315623844,0.889121990581216,-5.71090217303467
"Lix1",0.280624506912742,4.77810165593676,0.609804773718854,0.556714294305538,0.889121990581216,-5.30298529004065
"Tceal8",0.206993950462268,6.73487339611602,0.609595408622209,0.556847149519513,0.889121990581216,-5.72694905756774
"Cox16",0.299727548995448,4.64006271398118,0.609572042689103,0.556861977782426,0.889121990581216,-5.26134725309266
"Zmym4",0.228468845009318,6.29921374678735,0.608893831531012,0.557292475643456,0.889233203620973,-5.66546229137599
"Armc10",-0.271973556133495,4.96388821813612,-0.608809041867858,0.557346309625634,0.889233203620973,-5.3517018432123
"Pkig",0.230966323659072,7.04465877044699,0.608776517241473,0.557366960689974,0.889233203620973,-5.76157901975222
"Sox1",0.417110365240315,6.44396216868752,0.608273644145706,0.557686308489452,0.889511113592754,-5.63469195517134
"Scamp5",-0.270572405390969,6.35949747246213,-0.607303772795173,0.558302515898769,0.889644089009554,-5.6784449840576
"Trp53inp2",0.253209463638682,5.59743606326359,0.606861184214721,0.558583842993211,0.889644089009554,-5.49991265508008
"Hnrnpr",0.180798975319757,8.06285656295997,0.606712456265824,0.558678398540152,0.889644089009554,-5.80775620035572
"Arl5b",-0.320006357653532,4.92921974369161,-0.606495187207429,0.558816546252745,0.889644089009554,-5.3498039183398
"Stxbp6",0.736725546197519,4.96095928695906,0.606369516392331,0.558896461268923,0.889644089009554,-5.35792746594382
"Sp3os",0.291095090255662,4.72747353497534,0.606229997983178,0.558985189678104,0.889644089009554,-5.29487383206397
"Ktn1",-0.15049683744208,7.40737792404347,-0.606026344315579,0.559114720036906,0.889644089009554,-5.79279672544423
"Cnot8",0.212136117465209,5.56787683426696,0.605767558851178,0.559279340599165,0.889644089009554,-5.48466574422129
"D1Ertd622e",-0.260353927824206,5.15291242805304,-0.605275583973168,0.559592375234057,0.889644089009554,-5.39678799924485
"Klf7",0.192625761968464,7.92091080928471,0.605158172855262,0.559667096477213,0.889644089009554,-5.80584079485813
"Pnisr",0.139009649360154,8.59026767279246,0.605020003812995,0.55975503545593,0.889644089009554,-5.81280085650358
"Ap3s1",0.198673182319911,6.78289210410262,0.604619895346618,0.560009732436135,0.889644089009554,-5.7370814061073
"Mrps25",-0.230395037639104,5.7636828829046,-0.604425261281094,0.56013365436586,0.889644089009554,-5.56413353147749
"Gprasp2",-0.204075305685311,6.94859273505448,-0.604010951016854,0.560397494106406,0.889644089009554,-5.76122930867577
"Stox2",0.163869589867061,7.03074250585588,0.603948096045533,0.560437527360432,0.889644089009554,-5.76600483433197
"Psmd3",0.196438754761273,6.57337237857617,0.603894233277603,0.56047183463738,0.889644089009554,-5.71201857499312
"Magt1",0.334339611389753,5.0089565729398,0.603820750663378,0.56051864047106,0.889644089009554,-5.31676126672518
"Atpif1",0.18924471786448,9.46233541080103,0.60329155438522,0.560855785227206,0.889644089009554,-5.78214280071675
"Rpp25l",0.286294048177214,5.63800033039191,0.603221776001915,0.560900248786193,0.889644089009554,-5.46493024295522
"Ppfia4",-0.344626271779637,5.04110464411086,-0.603040094783542,0.561016027434335,0.889644089009554,-5.35751325909424
"Fam134a",0.210407200826685,6.80138973731877,0.602975345257324,0.561057293156436,0.889644089009554,-5.74236330884203
"Eif3h",0.208136649928078,8.23087746615408,0.602893986457373,0.561109146622175,0.889644089009554,-5.81220546377511
"Kcnn2",0.384488532820908,5.47380617842685,0.602776010751273,0.561184342436766,0.889644089009554,-5.45531583788123
"Hook3",-0.159569110983856,6.86836866424044,-0.602211410062242,0.561544288761879,0.889644089009554,-5.75483365366434
"Zfp1",-0.411056964324457,4.57715403511204,-0.602121305249962,0.561601744797013,0.889644089009554,-5.26444959860238
"Traf4",0.247427161615394,5.56206206342646,0.601991966682656,0.561684224352649,0.889644089009554,-5.47911635304828
"Hnrnpl",0.15431938156626,7.23027526163386,0.601983764680724,0.561689455022514,0.889644089009554,-5.78246788067612
"Lmnb1",0.505122423962647,6.90412974625799,0.601506425139854,0.561993916626375,0.88989631035825,-5.73416170591784
"Slu7",-0.237048639883978,5.96714753428084,-0.600971556365629,0.562335182902302,0.890187528591379,-5.59997449311491
"Grb2",-0.163585390856797,6.81602617635526,-0.600733026847994,0.562487411388438,0.890187528591379,-5.75012695216012
"Pole4",0.17953223247393,6.36338658248696,0.600369156966626,0.562719676363658,0.890187528591379,-5.67605955694153
"Susd4",-0.264821493191004,5.29766862164501,-0.600297592654828,0.562765363577897,0.890187528591379,-5.45661982685913
"Etv3",0.323174803973094,5.22314100021985,0.600080207382414,0.562904156868733,0.890187528591379,-5.37620245543842
"Lman1",0.272493477512678,5.4894905609221,0.599436375545825,0.563315335460453,0.890607940067507,-5.49391925213905
"Gatm",0.353080391823661,6.26353160051849,0.599205593670763,0.563462763884694,0.890611250215476,-5.65713263537871
"Rab14",0.184287262260741,8.44689310137617,0.598784244892159,0.563731986653037,0.890807017588914,-5.81624218748684
"Tax1bp1",-0.150608249307437,7.51088314912662,-0.598004456773469,0.564230427086199,0.89111061930973,-5.80184727064849
"Zfp740",0.218281712335375,5.6521234567388,0.597741721300471,0.56439842343849,0.89111061930973,-5.52336086230275
"Bmi1",-0.178562772711834,6.38080283201438,-0.597319659931473,0.564668353705087,0.89111061930973,-5.68770687304391
"Celf4",-0.151801544712527,8.89723228159861,-0.59731292578039,0.564672661134795,0.89111061930973,-5.81158044801902
"Gnaq",-0.153949038878536,7.64793701356534,-0.597310817157969,0.564674009897,0.89111061930973,-5.8067863070655
"Spen",0.216579593356534,6.31441776578877,0.597119154009987,0.564796613152577,0.89111061930973,-5.66707726840204
"Sdhd",0.208070200781549,6.09503620638097,0.59664335806127,0.565101035458055,0.891158044450665,-5.61594188561363
"Kat7",-0.206575102980329,5.48819813012593,-0.596617598174857,0.565117519702233,0.891158044450665,-5.49952191317304
"Aamp",0.193150322866093,7.24400553081989,0.596028511495557,0.565494561317028,0.891407186788727,-5.78742568138697
"Asap2",-0.352990396848236,4.65323180973213,-0.595916234427265,0.565566439659688,0.891407186788727,-5.25977774624145
"Gt(ROSA)26Sor",-0.220401813318301,5.97745825679907,-0.595311395934766,0.565953737819759,0.891684583804784,-5.6090859808378
"Cript",0.252585552135594,6.67783487324881,0.595186926722794,0.566033458061457,0.891684583804784,-5.72627322035912
"Prox1",0.428393237559556,6.77209824542321,0.594424079968901,0.566522185074938,0.892018392027058,-5.74560876472451
"Cdc7",0.260105468096528,5.69469812139568,0.594401764559226,0.566536485275671,0.892018392027058,-5.54156721016167
"Trmt6",-0.266441003600969,5.02047640865818,-0.593879726648293,0.566871076311044,0.89216657258073,-5.38489295136564
"Cse1l",-0.220215430750438,5.74995283226286,-0.593702163944223,0.566984907256246,0.89216657258073,-5.5661408174152
"Rnf11",0.151805677724342,7.14914362354144,0.593573555360877,0.567067362957236,0.89216657258073,-5.78126240879638
"Phxr4",-0.268108216500465,5.31442657765423,-0.593073912749817,0.567387766007652,0.892441537498689,-5.46488675894634
"Rbbp5",-0.245982539120809,5.04735855121857,-0.592560184720365,0.567717307250912,0.892476581766674,-5.39075004443148
"Htt",-0.216048660275074,6.29907619444436,-0.592457039896095,0.567783484502219,0.892476581766674,-5.67602372172192
"Sms",-0.161681171138567,7.05216768887914,-0.592248138135119,0.567917528153514,0.892476581766674,-5.77717151542457
"Magohb",0.233042697386887,5.71051751664035,0.592029245778035,0.568058001359147,0.892476581766674,-5.51149866047003
"Sppl2a",0.185119439437673,6.0243338775255,0.591904224783178,0.568138241754536,0.892476581766674,-5.6129945091107
"Csnk1g2",0.205210670017998,6.09534035511615,0.591598471638418,0.568334505535789,0.892556086602592,-5.62434695584678
"Rbm28",0.208270847784595,6.36987099986206,0.590585763931114,0.568984836090838,0.893348469270985,-5.68941132223715
"Rps19bp1",0.296661917254354,5.43513334144107,0.58950273797948,0.569680782739645,0.89400293112103,-5.48525328480886
"Hsf2",-0.284259469040099,5.39029751628425,-0.589483036101658,0.569693447458815,0.89400293112103,-5.48720528012908
"Zfp638",-0.1453038035947,7.50475850348333,-0.589246627921828,0.569845427114607,0.894012487802947,-5.80682083837733
"Ccnb2",0.389376854663027,4.88778525866955,0.588183852241524,0.570528932702151,0.894564470511562,-5.27309721955072
"Krba1",0.244205545438207,4.98024921186878,0.588105587022713,0.57057928566556,0.894564470511562,-5.35039468640804
"Ndufs6",-0.145243615239402,7.42246492597689,-0.587635130123041,0.570882012503527,0.894564470511562,-5.80438478613991
"Kansl3",-0.200125152367521,5.75846511981181,-0.587531581551388,0.570948655338725,0.894564470511562,-5.56184866402045
"Spin1",-0.168800092189397,7.08629062513683,-0.587479499691642,0.570982176345272,0.894564470511562,-5.78324438526609
"D930015E06Rik",0.229037678828794,6.04280580769,0.587070327952197,0.571245566208012,0.894564470511562,-5.6099020575668
"Gmfb",0.168650128706024,6.58346360959897,0.586761260077488,0.57144456256648,0.894564470511562,-5.72141505405163
"Bcl2l2",0.258862289731335,4.81663134540071,0.586689402861998,0.57149083405968,0.894564470511562,-5.33170266514159
"Cnnm3",0.234387623602137,5.5876590024058,0.58660467568278,0.571545395671844,0.894564470511562,-5.52010010897011
"Ppp2r5e",0.260558687294363,5.76103601646833,0.586368975394024,0.571697194413621,0.894564470511562,-5.54541614481515
"Rrn3",-0.212245633236694,5.72131758478322,-0.586204647412634,0.571803040305775,0.894564470511562,-5.56197143494603
"Dmxl1",0.178687595958832,6.10345347444767,0.585639474975181,0.572167158745736,0.894834792679247,-5.63091230373329
"Scnm1",0.255082014369621,5.39303819882655,0.58548317820401,0.572267877367815,0.894834792679247,-5.48219732147261
"Hnrnpm",-0.148267370571711,7.59271417196516,-0.584633425943753,0.572815635387765,0.895369468200526,-5.81226939658074
"Ube2o",0.23277677663897,5.96036916209384,0.584177890946945,0.573109397179554,0.895369468200526,-5.60644844230534
"Siva1",0.247129285584906,5.94715842004473,0.583872238358869,0.573306550844465,0.895369468200526,-5.57118315092976
"Wdr83os",0.162636405277654,6.78386014128586,0.583843984036614,0.573324777497633,0.895369468200526,-5.75119582301767
"Ndufa2",0.143382974945966,8.35900598411098,0.583642382836276,0.573454838260117,0.895369468200526,-5.82514969673206
"Cops7a",-0.213978603358486,5.97218515335289,-0.583593336916351,0.573486482161727,0.895369468200526,-5.61210958848383
"Fdx1",0.204844622806119,5.84819823180695,0.583157843463519,0.573767500328381,0.895429015037664,-5.56178301498832
"Rnf220",-0.221899256061839,6.14974964136308,-0.582978355403096,0.573883343806991,0.895429015037664,-5.65396858247814
"Arfgef3",0.275887866905502,5.30355569938488,0.582854971120098,0.573962984834847,0.895429015037664,-5.43795848343562
"Gpr162",-0.286848452546726,5.39904974127781,-0.582457373976222,0.574219664079373,0.895601451127106,-5.49055585852477
"Bod1l",0.180047840631811,7.32120247884281,0.582126686709674,0.574433196316062,0.895706520871458,-5.79808305072489
"Txn2",-0.143275288071226,6.96720753393721,-0.581749951681694,0.574676516189885,0.895857972834295,-5.77578822580734
"Rdx",0.268644184614436,7.72465974257631,0.581453486047631,0.574868032986225,0.895882689366054,-5.8129709865043
"Trappc2l",0.153530695199615,6.5451679340015,0.581272818852432,0.574984761304943,0.895882689366054,-5.72085446759272
"Kcnc2",-0.27838904704793,5.00341283058451,-0.58065855246746,0.575381734279636,0.895897619795705,-5.38621809491853
"Pcbp4",0.211027244031869,6.91394777993698,0.580469149610441,0.575504167450917,0.895897619795705,-5.76665877557073
"Nudt16l1",0.265261589554468,5.78738171684605,0.580272606741717,0.575631231264256,0.895897619795705,-5.54633810304138
"Rap2b",-0.170660053715758,6.19207558414242,-0.580045150698766,0.575778299609303,0.895897619795705,-5.66243742281514
"Zfp57",0.394375257770022,5.43161659605534,0.579817992806475,0.575925195887243,0.895897619795705,-5.37794463244525
"Taf1",-0.178618971406774,6.42430598050874,-0.579726150172357,0.575984593672014,0.895897619795705,-5.7063582427807
"Casp2",-0.298252309515927,4.8590061271318,-0.579674922986427,0.57601772552139,0.895897619795705,-5.33987313612963
"Gm16586",0.152669253788315,6.63722871455981,0.579264246379679,0.576283373988128,0.896083358487502,-5.73654480240163
"Ppp1r35",0.25824510799575,5.59347817029969,0.578570685145628,0.576732161425209,0.896118206610564,-5.51799217581755
"Sft2d1",0.320553422617225,6.19127550039535,0.57840838596415,0.576837209294922,0.896118206610564,-5.62337518682695
"Synj2bp",0.179747796353759,6.37464586829485,0.578041270147155,0.577074863297578,0.896118206610564,-5.69620932955762
"Tnfaip3",-0.482170160280533,5.29782276033152,-0.577485982095105,0.577434433919518,0.896118206610564,-5.41941002810584
"Rsrc1",0.185814174758636,6.31854033438086,0.577362378029212,0.577514489151116,0.896118206610564,-5.681106973322
"Clstn2",-0.251190546831074,6.8508324944893,-0.576745624545671,0.577914036123676,0.896118206610564,-5.76742719092965
"Rspry1",0.245903690717519,5.58508946633562,0.576737838859914,0.577919080840672,0.896118206610564,-5.49091260295245
"Pds5b",-0.179873379142863,6.7226183538936,-0.576597413875918,0.578010073042955,0.896118206610564,-5.75368587090839
"Actl6b",-0.173530005467718,6.51716633826471,-0.576526947389516,0.578055736696994,0.896118206610564,-5.72431957866501
"Cct2",0.178179967214449,8.05303149889997,0.576384328307464,0.578148162710144,0.896118206610564,-5.82551599307067
"Rcan2",-0.182302320826572,5.86187764208672,-0.576372244411356,0.578155994198074,0.896118206610564,-5.5959336685843
"Slc6a1",0.156764659003715,6.90676329784912,0.575971547226646,0.578415716267141,0.896118206610564,-5.77024568800722
"Gtf2f1",-0.232511928154163,5.59636517526671,-0.57590696196899,0.578457584847225,0.896118206610564,-5.52104407615967
"Dalrd3",0.199491704360559,5.79016021863724,0.575548213414156,0.578690180520599,0.896118206610564,-5.56843960299838
"Ddx1",-0.172901649265921,6.37960764640307,-0.575447809155859,0.578755287120041,0.896118206610564,-5.70054424602089
"Ctdspl2",0.208047153486184,5.82860513930768,0.575414240568258,0.57877705538737,0.896118206610564,-5.57200909826144
"Rab35",-0.213835548148464,6.0007330367115,-0.575391576101868,0.578791752898925,0.896118206610564,-5.62563885549399
"Dpy19l1",-0.267213254901436,6.53981716651878,-0.574730637017033,0.579220450556631,0.896404002312445,-5.7287800033457
"Slc24a3",-0.237304359476263,6.13318935323603,-0.574604956065562,0.579301989337887,0.896404002312445,-5.65280770787916
"Pip4k2a",0.276334546819536,5.45826405354003,0.574054627972892,0.579659103178422,0.896404002312445,-5.47072214788124
"Eif4e2",0.279764554148353,5.94940026069966,0.573950810605142,0.579726484930106,0.896404002312445,-5.56541851562656
"Arpc3",0.198515500213263,7.74394663215629,0.573608606490361,0.579948619931364,0.896404002312445,-5.81956026831033
"Snrnp200",-0.184483181390683,6.41331233533764,-0.573426656811777,0.580066747955197,0.896404002312445,-5.70790608171157
"Gsr",0.259422560687373,5.19819937036733,0.573335837609383,0.580125715857981,0.896404002312445,-5.41651251203165
"Dstyk",-0.200826628287776,5.61684129989763,-0.573303697215114,0.580146585047512,0.896404002312445,-5.54768367074186
"Eif2b5",-0.248313488841735,5.15423539795714,-0.57280387028616,0.580471182343315,0.896436657227889,-5.42642589062168
"Spop",0.141727110834381,7.0711162412161,0.572588044001945,0.580611374872368,0.896436657227889,-5.78817346774417
"Spcs3",-0.246353363388579,5.63495499849537,-0.572464537987904,0.580691608015278,0.896436657227889,-5.5277361560915
"Gsk3a",-0.208340914884765,6.56212413202288,-0.572108199189235,0.580923130220782,0.896436657227889,-5.73362085787221
"Mrps26",0.19301610059156,6.28451993352267,0.571944611947432,0.581029433856123,0.896436657227889,-5.68053640326264
"S100pbp",-0.267808159809551,5.44039940365295,-0.571919995539341,0.58104543121886,0.896436657227889,-5.50050770123351
"Nedd4",-0.168013932492458,8.81328222142751,-0.570903733191953,0.581706075762946,0.897230010640658,-5.82963624754234
"Tmeff2",-0.298479637026067,5.4827499493046,-0.570642026255821,0.58187627081385,0.897266680308825,-5.52040418849479
"Trappc3",0.187425018264462,6.50179996621147,0.569907443982939,0.582354134775109,0.897546430420461,-5.72283540818125
"Disp2",-0.248464194909798,6.50779767649807,-0.569512785875724,0.582610958132591,0.897546430420461,-5.72664791564811
"Hnrnpc",-0.177518991732017,8.21647874873874,-0.569437271692621,0.582660105955996,0.897546430420461,-5.83567098197254
"2900055J20Rik",-0.292824357346897,5.22690450346467,-0.569125184075109,0.58286324977468,0.897546430420461,-5.45187595604855
"1110032A03Rik",-0.189267263509564,5.57276521974713,-0.568923247893543,0.582994714500957,0.897546430420461,-5.52984494779349
"Alms1",-0.270017585439078,4.77563232308186,-0.56867158407821,0.583158575607829,0.897546430420461,-5.32515352592548
"Trak1",0.251322903494026,5.40907369489596,0.568261694100963,0.583425513288036,0.897546430420461,-5.48778514799324
"Pom121",-0.159016431772667,6.11265567162203,-0.568241239850443,0.583438835705372,0.897546430420461,-5.65283944688128
"Man1a2",0.204497723610777,6.6801430039737,0.568083423663529,0.583541631314666,0.897546430420461,-5.7474665681646
"Ctr9",0.254957794532357,5.83306907713442,0.567842555700405,0.5836985427977,0.897546430420461,-5.59017433788652
"Fam110b",0.28624473052738,6.108958995493,0.567662356504353,0.583815947135387,0.897546430420461,-5.62330795210758
"Large",-0.252001037862951,5.49339939658384,-0.567388538228511,0.583994371295563,0.897546430420461,-5.52108890039685
"Ythdc1",0.149971470301357,7.3101277804347,0.566608569153157,0.584502773746441,0.897546430420461,-5.80751299729456
"Notch1",0.276113218994237,5.78835697339894,0.566411180587166,0.584631474499141,0.897546430420461,-5.56269958728801
"Luc7l2",-0.130306634497697,8.73893837433963,-0.566155547601163,0.584798174526246,0.897546430420461,-5.83432484698261
"Glud1",0.213894012663931,6.18114118631622,0.566138368875382,0.584809377818259,0.897546430420461,-5.65160294349784
"Hsd17b10",0.274833950527687,6.02706879006728,0.565752664197109,0.585060950025639,0.897546430420461,-5.59239510391925
"Fzr1",0.245408317897564,5.9985680323405,0.565587837528565,0.585168474590814,0.897546430420461,-5.62239018007437
"Rnf113a2",0.26970503782981,5.07446097792683,0.565564788086146,0.585183511734807,0.897546430420461,-5.38160998729007
"Tubb4b",0.161487165671512,8.48258947517771,0.565375305731336,0.585307135414656,0.897546430420461,-5.83567939270628
"Pam16",0.182208997466774,6.75649559279613,0.565325109725716,0.585339887094355,0.897546430420461,-5.75903309633404
"Dnajc18",-0.236856792711077,5.30548712787722,-0.564913723531088,0.585608344151241,0.897546430420461,-5.45738865414153
"Srsf10",0.149560891446926,7.53566582180456,0.564735730232664,0.585724517425253,0.897546430420461,-5.81935550741756
"Miat",0.227627261230072,7.44511470887025,0.564699486652797,0.585748174542071,0.897546430420461,-5.81537226032699
"Ndufa8",-0.14379417414585,7.55604671262856,-0.564624863249691,0.585796884790272,0.897546430420461,-5.8225949764331
"Rheb",-0.166728475335931,7.99060560671061,-0.564519267070618,0.585865816201345,0.897546430420461,-5.83543617568551
"Otud5",-0.243031787481144,5.58206120700028,-0.563994223449421,0.586208621211253,0.897847145909162,-5.54633287775947
"Jkamp",0.186699601701022,7.00019904412594,0.56365100957622,0.586432766984315,0.897966016011964,-5.7860768049475
"Idh3g",-0.158609170390447,7.10621363630159,-0.562621344934292,0.587105498086583,0.898771544410337,-5.7987737544615
"Asphd2",-0.174660855158591,6.3115733635851,-0.562151808897147,0.587412408040875,0.899016792326295,-5.69544090947737
"Dnm2",-0.251229884874078,5.33518147127159,-0.561709330572575,0.587701711321702,0.899093779465694,-5.46707665661949
"Anapc5",0.143913911851848,7.81653120481099,0.561594092961149,0.587777069176286,0.899093779465694,-5.82948260590433
"Sipa1l3",-0.199538515134376,5.59374979477328,-0.560891623330596,0.588236551358279,0.899093779465694,-5.54827115000966
"Rbms1",-0.219194995950669,6.41898843004536,-0.56078739844351,0.588304740920013,0.899093779465694,-5.71543929993709
"Tmsb10",0.404656308548137,10.8174450636453,0.560425901873237,0.588541284642955,0.899093779465694,-5.72735851171041
"Sh3bp5",-0.194455658520172,5.83344912428855,-0.560050635883899,0.588786892672134,0.899093779465694,-5.60269954942379
"Ireb2",0.226485974041185,5.26269485727707,0.559028274353307,0.589456299282636,0.899093779465694,-5.46443162162431
"Anapc1",0.180943645665346,6.21523538313983,0.558940678457341,0.589513673104181,0.899093779465694,-5.67597198893301
"Mplkip",0.227860412485409,5.50423636606673,0.558608337503635,0.589731378161592,0.899093779465694,-5.49047958119672
"Lsm1",-0.194330510236062,6.13828634512867,-0.55806761351887,0.59008568033937,0.899093779465694,-5.66578134871295
"Chchd3",0.272242656644358,5.93152899843851,0.558007130931178,0.590125317878889,0.899093779465694,-5.59166788143136
"Smarcad1",0.18792875609622,6.11159687520732,0.557801563004893,0.590260048478345,0.899093779465694,-5.64258043021367
"2410002F23Rik",0.197887413936047,5.95892624888692,0.557776878731929,0.59027622783075,0.899093779465694,-5.6183669241707
"Cdv3",-0.206969509088272,7.0593456097584,-0.557325549802152,0.590572094316586,0.899093779465694,-5.7979527840179
"Ergic1",-0.243602810157359,5.49911516482627,-0.557271050835147,0.59060782625095,0.899093779465694,-5.52633973575377
"Phf21a",-0.158914736609946,6.37708662226798,-0.556927957709084,0.590832800006528,0.899093779465694,-5.71046865669344
"Ncf1",0.500504852572314,4.55402556230637,0.556488869180399,0.591120787326024,0.899093779465694,-5.14775927473845
"Fam103a1",-0.161301651943967,7.44143249886497,-0.556229166097694,0.591291155686563,0.899093779465694,-5.82316894917509
"Zswim6",-0.284130562394656,6.19241588420897,-0.556118834373669,0.59136354262013,0.899093779465694,-5.66655523451017
"Ppp4r2",0.198102680669295,6.71120293033337,0.555443513779021,0.591806713779543,0.899093779465694,-5.75906611117549
"Frmd4a",0.139169411104092,6.68529353917134,0.55539589483735,0.591837969879424,0.899093779465694,-5.75756748185678
"Arrb2",0.26238468007864,5.84851858871221,0.555245585992585,0.591936635348529,0.899093779465694,-5.57015393577154
"Dpy19l3",-0.26510835456646,4.55621645831586,-0.55516513710501,0.591989447095507,0.899093779465694,-5.28322597209821
"Polr2j",-0.172440029096874,7.01382394339563,-0.554050593184188,0.592721364562305,0.899093779465694,-5.79536728715495
"Prim2",0.227756879065692,5.56611752158743,0.553957882094878,0.592782269499147,0.899093779465694,-5.52029134672425
"Sfmbt1",-0.278435541007276,4.6862263012588,-0.553730045376805,0.592931957121391,0.899093779465694,-5.31706053021945
"Cnih1",-0.198702074704605,6.21047278025374,-0.553514595924567,0.593073525007603,0.899093779465694,-5.6781070871826
"Kdsr",0.243368786426727,5.80209485618685,0.553513232174537,0.593074421160444,0.899093779465694,-5.59274860988416
"Mark2",0.199244358297127,6.32879562682974,0.553426755878928,0.593131248289536,0.899093779465694,-5.69996366729183
"Ythdf2",0.237385532960921,6.64444494040371,0.553359935643649,0.593175160611576,0.899093779465694,-5.7455416260589
"Ap2a2",-0.177940304618164,7.34503506789337,-0.553108994402799,0.593340087475823,0.899093779465694,-5.82039258642467
"Ino80d",-0.190061024129758,6.38887448713227,-0.553097831185669,0.59334742488114,0.899093779465694,-5.71482224747
"Ntng1",-0.370742419652919,4.79985287860354,-0.553037395551787,0.593387149107234,0.899093779465694,-5.31657735842413
"Lims1",0.263822511827645,5.75591502173842,0.553020965229826,0.593397948972581,0.899093779465694,-5.53641891383664
"Igsf9",0.22618556965684,6.24431099445925,0.552951662753683,0.593443503554379,0.899093779465694,-5.67467999049792
"Zyg11b",-0.186989629564117,6.62700458333476,-0.552911059555891,0.593470194115799,0.899093779465694,-5.75446586944178
"Cbx5",-0.160180163459204,7.74719753750946,-0.552878044817023,0.593491896868397,0.899093779465694,-5.8356900719123
"L1cam",-0.222759228273719,6.36717221702745,-0.552815524739481,0.593532996579217,0.899093779465694,-5.71087460725233
"Commd3",0.227429453988234,6.93025275039837,0.552792658789511,0.593548028673956,0.899093779465694,-5.78323549115234
"Tardbp",-0.137461482985912,7.388134167816,-0.552776036608769,0.593558956237513,0.899093779465694,-5.8226815802728
"Tia1",0.171251003198839,8.29293074129463,0.552767394666534,0.593564637566694,0.899093779465694,-5.84208935587247
"9930021J03Rik",0.150290048576868,6.68353367408954,0.552675720387533,0.593624907264719,0.899093779465694,-5.75908394880478
"Scn3a",0.190515318548315,6.34683885875804,0.551583755262742,0.594343053035126,0.899317933822495,-5.7062307740781
"Emsy",0.138401579775038,6.85669346966514,0.551379610154378,0.594477363382178,0.899317933822495,-5.7803383274107
"Esd",0.249394935055706,7.14744624177361,0.551282068736011,0.594541543176601,0.899317933822495,-5.80212522355518
"Stx16",-0.144130453924456,6.48824676913888,-0.551212518745555,0.594587307578836,0.899317933822495,-5.73337463536241
"Atp5j2",-0.165896428936604,8.73324591867909,-0.55116642966877,0.594617635565545,0.899317933822495,-5.84222093109709
"Hist3h2ba",0.323276651951668,7.8148911860471,0.551112022809868,0.594653437964874,0.899317933822495,-5.83195353490819
"Snhg6",0.267999180504171,6.28128547959353,0.550849892291745,0.594825948931958,0.899356875167786,-5.68849122164808
"Chst1",-0.218811562569354,6.97331620844334,-0.54964698166973,0.595617940297592,0.899855329824436,-5.79507581952314
"Spr",-0.181519083380664,5.46803080156504,-0.549593363888073,0.595653255116597,0.899855329824436,-5.51114514801849
"Efr3b",-0.254679124101811,5.34381931858213,-0.54875337631564,0.596206650352884,0.899855329824436,-5.4804916006239
"Arx",0.606035526322229,6.67062747540448,0.548694193434625,0.596245651170557,0.899855329824436,-5.64830931937221
"Cfdp1",-0.140685550011974,7.50059422477488,-0.548648318527848,0.596275883126107,0.899855329824436,-5.82958892469971
"Mlec",0.216635342423362,5.96328757112391,0.548432623705524,0.596418038804624,0.899855329824436,-5.60867437491683
"Med21",0.230161574232672,6.29224529994924,0.548068640361261,0.596657966344052,0.899855329824436,-5.68228009104987
"Neil3",-0.278522236547914,5.17589819580965,-0.547994355930565,0.596706938856754,0.899855329824436,-5.44791053903844
"Fbxo33",-0.17931402250846,5.84167355058872,-0.547959404613449,0.596729981488993,0.899855329824436,-5.60627604820216
"Hdac4",-0.213396158847905,5.79147757097189,-0.547706751400268,0.596896564266739,0.899855329824436,-5.5983065073345
"Klf9",-0.158922349388266,7.0535409440264,-0.547323492467962,0.597149307038435,0.899855329824436,-5.80312728922415
"Ostf1",0.254091408970077,5.51012999151276,0.547137877475582,0.597271732599017,0.899855329824436,-5.50191300823197
"Amer1",0.260259500452122,5.56451538196557,0.547033495569086,0.597340585344962,0.899855329824436,-5.4941562701483
"Pphln1",-0.209437438101728,5.22611807864758,-0.547031227017574,0.597342081781444,0.899855329824436,-5.45627992847977
"Ckap4",0.232543075955152,5.89310643937315,0.547006685587996,0.597358270516613,0.899855329824436,-5.57848908273173
"Mtf2",0.161169267344023,6.91195882367621,0.545635065238166,0.598263429565444,0.900749591606384,-5.78742663954538
"1110008F13Rik",0.228439032419566,6.59235938850132,0.545511315267343,0.598345130392323,0.900749591606384,-5.7419353695346
"Tmem256",0.160330910896311,7.45766390809016,0.545425354886166,0.598401885683242,0.900749591606384,-5.82618071662114
"Ranbp3",-0.186221591307365,5.57797468833916,-0.545216381386364,0.598539872229308,0.900749591606384,-5.5423312446664
"Smarcb1",0.140319819652689,7.08850679045262,0.544937918051762,0.598723769597275,0.900805121554652,-5.80427760867544
"Zfp36l2",0.237051627802422,6.91933403971766,0.54406050201247,0.599303411661843,0.901455892651883,-5.78837151772538
"Tnpo1",-0.166202746944373,6.4316275485817,-0.543830875515198,0.599455157515872,0.901462872455771,-5.72698702293637
"Chchd7",0.190790284783983,5.57172694204516,0.543533594111596,0.59965164251544,0.901537111220465,-5.54043264100784
"Chmp1a",-0.178820316841212,5.88358895534889,-0.543304150587758,0.599803314103174,0.901543956052061,-5.61370707493412
"Zfp451",-0.16277908785949,6.75091435755779,-0.542663638787807,0.600226826156227,0.901927819789436,-5.77606383061997
"Ndufs2",-0.130090942160104,7.47249647939132,-0.54229154071147,0.600472933317751,0.901927819789436,-5.83192650934724
"St6gal1",-0.231981211731742,5.06287082238465,-0.542032971899069,0.600643983186822,0.901927819789436,-5.41679279593528
"Ctnna2",-0.263893499055511,5.71964634140195,-0.541914148381998,0.600722596613537,0.901927819789436,-5.58478229215608
"Thra",-0.193420385858273,9.06553220828687,-0.541805310373712,0.60079460841718,0.901927819789436,-5.83683374720257
"Thap3",0.185913079669484,5.68203272483172,0.541100742831081,0.601260890261236,0.902093542714382,-5.56972026956057
"Lrp8",0.336102774413622,6.30024858556432,0.54102020886025,0.601314199701484,0.902093542714382,-5.69679470060154
"Pih1d1",0.17522575693909,5.56225517847485,0.540971225187681,0.601346625650824,0.902093542714382,-5.53607394547786
"Sfxn1",-0.188356625935731,5.93035674780527,-0.540723161266424,0.601510851851264,0.902119065135718,-5.62443096324155
"Ctnna1",0.280279953019506,5.63495136287274,0.539819749478095,0.602109139172821,0.902795401235882,-5.50319391893399
"Flot2",0.226887627470658,5.36823732122383,0.539364340883195,0.602410853861315,0.902894844001299,-5.46424679841542
"Wipf2",-0.251852210894308,5.66947762165912,-0.538973573147264,0.602669806550091,0.902894844001299,-5.56761704162914
"Ppp1r12a",-0.17563477383045,5.85763858708655,-0.538901026143444,0.602717888213684,0.902894844001299,-5.61491505473264
"Fam49b",-0.253990933222527,6.88090165260693,-0.53860038053376,0.602917167332342,0.902894844001299,-5.7914692059763
"Pomp",0.145329128979635,7.89506156470162,0.538179148330323,0.603196434072346,0.902894844001299,-5.84385141574032
"Rundc3a",0.196432089893369,7.15375281162989,0.538119608445372,0.603235913062284,0.902894844001299,-5.81262721055042
"Mphosph9",-0.185641997907357,5.6068622848351,-0.538115382436681,0.603238715244905,0.902894844001299,-5.56384240964985
"Ccdc25",0.170253365804395,5.89439663777536,0.537939640437977,0.603355252345428,0.902894844001299,-5.61205068495704
"Gigyf1",-0.208369928766983,6.27850467334262,-0.537719097246123,0.603501514528284,0.902894844001299,-5.70203423233107
"Nup50",-0.231197812042374,5.30521249026093,-0.536781993958626,0.6041232005087,0.903253106097692,-5.4706044370217
"Ufsp2",-0.228831417177004,5.43226453339224,-0.536343534898819,0.604414195184604,0.903253106097692,-5.50264639311358
"Cdc16",-0.210730978977104,5.8878430520056,-0.536235977665792,0.604485589557467,0.903253106097692,-5.62723343998195
"Nt5c3",-0.165440452551221,6.41620965636721,-0.536122356520838,0.604561013843322,0.903253106097692,-5.72886988962001
"Brd3",0.172061487871521,7.12544016878398,0.53521736967132,0.605161940858131,0.903253106097692,-5.81204949222828
"Polr2m",0.180328587563616,7.27644803400556,0.535157146501423,0.60520194120159,0.903253106097692,-5.82087339653701
"Arl6ip6",0.160694414612301,5.98330473232223,0.535027081008399,0.605288335677044,0.903253106097692,-5.63013359952741
"Eif2b4",0.255794883398996,4.87467380034649,0.534850688421162,0.605405512707146,0.903253106097692,-5.3372305307712
"Rmnd1",0.255794883398996,4.87467380034649,0.534850688421162,0.605405512707146,0.903253106097692,-5.3372305307712
"Mn1",-0.327019141456411,5.36382764311709,-0.534618896251556,0.605559509572767,0.903253106097692,-5.46145892665659
"Nsrp1",0.193307369721177,5.83531456294723,0.534254553564734,0.605801611126106,0.903253106097692,-5.60110541657031
"BC005624",0.150564328529183,6.75744301988375,0.534240382164671,0.605811028883501,0.903253106097692,-5.77650802518912
"Agps",0.210837604066965,5.17471152258807,0.534172174608764,0.605856358025891,0.903253106097692,-5.44028696039575
"Lyz2",-0.490494288310047,5.52035338667,-0.534158620530581,0.605865365959947,0.903253106097692,-5.51496300632923
"Zbtb12",0.283903362812979,4.84601776417347,0.533982884173309,0.605982165312625,0.903253106097692,-5.33061165542301
"Trim35",-0.155665626206881,6.82071951980019,-0.533806596789112,0.60609934273396,0.903253106097692,-5.78838484146878
"Faap100",0.424127354319276,4.50655921592525,0.533510130072647,0.606296429545035,0.903256621652788,-5.18538343732707
"Slc30a9",0.192674946335475,6.50549069552744,0.53325893490552,0.606463446715129,0.903256621652788,-5.74408369469181
"Lpcat1",-0.189617611025863,5.78694855050517,-0.532764186429628,0.606792470408148,0.903256621652788,-5.59965396572981
"Cbr1",0.156849299777948,6.58794164237093,0.532540951684928,0.606940959253414,0.903256621652788,-5.75720077310802
"Atp6v1f",-0.128294449845665,7.99289322482824,-0.532231972647542,0.607146513870205,0.903256621652788,-5.85337754710063
"Ivd",0.236628916023095,5.53276453036093,0.531581840957013,0.607579145968521,0.903256621652788,-5.54259626491729
"N4bp2l2",-0.268785491974105,6.57150617863083,-0.531505513423704,0.607629948908098,0.903256621652788,-5.75082668920887
"Lamtor1",0.159707624214048,6.72263668972285,0.531339864150299,0.607740211242897,0.903256621652788,-5.77406832597948
"Slc7a14",-0.301117302559012,5.77160804564833,-0.5310634970566,0.607924194722061,0.903256621652788,-5.60606191485563
"Pcbp3",-0.225594091909411,5.68544139394428,-0.531044020622816,0.607937161695846,0.903256621652788,-5.57701460943329
"Sdhc",0.164679317903466,6.01774448922642,0.531028070297097,0.607947781173223,0.903256621652788,-5.63945191301342
"Ap2a1",-0.194969094909724,6.51092064443171,-0.530840941422903,0.608072375875481,0.903256621652788,-5.74826342745453
"Coq5",0.183122713517399,5.70534969763646,0.530324351841837,0.608416402176831,0.903256621652788,-5.58246769663229
"Zbtb4",0.196540653413988,6.16313630231657,0.530324024811715,0.608416619996858,0.903256621652788,-5.67643184514621
"Gosr2",0.213086811382553,5.16983313249377,0.530243680729073,0.608470134800826,0.903256621652788,-5.43559735319341
"Dclk2",-0.296602344771567,5.9392273193395,-0.529782169210416,0.608777581391783,0.903256621652788,-5.63271318185994
"Sec61g",0.190239478266113,8.60572886501045,0.529743499717515,0.60880334564296,0.903256621652788,-5.85562898291509
"Uba2",0.175063640232185,6.99154036277779,0.52971114499879,0.608824902997519,0.903256621652788,-5.80328085436608
"Ncstn",0.23725818223204,5.50498955212602,0.529421531552649,0.60901788481388,0.903256621652788,-5.53728677938149
"Cers5",0.22506589841064,5.30252810294238,0.529373839362963,0.609049667211051,0.903256621652788,-5.44744802542955
"Srrm3",-0.163578218640951,6.11560365387034,-0.528970004672014,0.609318819969944,0.903384871989434,-5.67416140568177
"Akirin2",0.158946466318934,6.99610139072135,0.528801744274496,0.609430982507232,0.903384871989434,-5.8051661987367
"Atp6v1g1",0.167432952613147,8.41405707691794,0.527907675071392,0.610027149915623,0.903750574091418,-5.85613464667799
"Specc1",0.241361065260558,5.44139995478844,0.527882417813395,0.610043995913231,0.903750574091418,-5.505126885822
"C330027C09Rik",-0.304090790220153,4.78772350677351,-0.527768281989146,0.610120124839458,0.903750574091418,-5.35576678553093
"Vps9d1",0.221634115688641,5.07460991474301,0.527038372440861,0.610607093272471,0.904147660978069,-5.3966896505584
"Ralgapb",-0.17655340163683,5.34950858476911,-0.526924197576899,0.610683284723927,0.904147660978069,-5.50360102839968
"Ubqln1",-0.169731773099001,5.97315471639333,-0.526092142351465,0.611238682773108,0.904751364259325,-5.64587093751059
"Larp1",0.154115631100944,6.52910550146405,0.525162128391712,0.61185977812007,0.905451997179374,-5.75265999094515
"Skp1a",-0.154879459744527,7.27515888092027,-0.524324480078421,0.612419468040371,0.905726179066725,-5.83159747242432
"Rpn1",-0.172521352466265,6.73773765661457,-0.523937206528416,0.612678321367727,0.905726179066725,-5.78378254943428
"Snx13",0.314266545132419,4.78454446208502,0.523563874168012,0.612927909940389,0.905726179066725,-5.35767251338126
"Sbk1",0.238172450166564,6.09812023232356,0.523480944385056,0.612983359159733,0.905726179066725,-5.65725198220135
"Hist1h1b",-0.340807919154165,5.42785338773001,-0.523480061222839,0.612983949681139,0.905726179066725,-5.52480509375043
"Mrpl36",0.16264284523775,5.7691971105241,0.523319723972203,0.613091163143428,0.905726179066725,-5.59368265428302
"Ndufs8",0.156502763821155,6.39663134666791,0.523183336032918,0.613182369929841,0.905726179066725,-5.73026441878052
"Sec61a1",-0.242641402888428,5.95135042615329,-0.522446592648824,0.613675173874993,0.905726179066725,-5.64008892698345
"Wsb2",0.157816966500007,6.55142877456463,0.522378510314055,0.61372072411868,0.905726179066725,-5.75640139682288
"Ipo8",0.209296088366547,5.22926005080496,0.522152998190508,0.613871614657278,0.905726179066725,-5.45589713673993
"Slc35a4",-0.241969572302648,5.24609332623325,-0.521732564035957,0.614152978926416,0.905726179066725,-5.47559201775588
"Tmem218",-0.230228126119426,4.91707542914314,-0.521617240427876,0.614230167770598,0.905726179066725,-5.38541289070746
"Arfgap2",0.180345585004844,6.08807478535342,0.520850396427824,0.614743561881248,0.905726179066725,-5.66287444721168
"Msl2",0.148057780827424,6.0373099537439,0.520365182010281,0.615068521994326,0.905726179066725,-5.65118237703283
"Ugdh",-0.216119017010225,5.82616157346049,-0.520341491746983,0.615084390213291,0.905726179066725,-5.62029772828363
"Txndc15",-0.169455912698801,6.70869741318186,-0.519943931566113,0.615350715509841,0.905726179066725,-5.78280650367629
"Zfp512b",-0.201887414229814,4.98631208304545,-0.519687150883161,0.615522764232099,0.905726179066725,-5.4095553788296
"Cpne7",-0.309261049744928,6.38033015577866,-0.519655148396643,0.615544208337056,0.905726179066725,-5.73091533148417
"BC029722",0.206960817751868,5.34214807520087,0.519525848701617,0.615630852897232,0.905726179066725,-5.49238027193021
"Pank3",-0.225642392198312,5.68290620073175,-0.519265961718183,0.615805023802007,0.905726179066725,-5.59275030370366
"Setbp1",0.20859857258154,6.33581953852141,0.519234042855985,0.615826416911832,0.905726179066725,-5.72190688177613
"Rab26os",0.237020614537147,4.99667926716205,0.519130944076696,0.615895519837681,0.905726179066725,-5.39547633893171
"Arhgap12",0.214510095975546,5.62382551173373,0.518971002255588,0.616002730229255,0.905726179066725,-5.57364649127874
"Dync1li1",0.143687747996204,6.24646087110335,0.51885555058024,0.616080124446049,0.905726179066725,-5.70141032787412
"Adss",-0.188599220809364,6.10942560077325,-0.518766086438476,0.616140101086515,0.905726179066725,-5.67770811425355
"Mapkapk2",0.234778625109326,5.61755087602948,0.518534778375711,0.616295183596177,0.905726179066725,-5.52207651022639
"Fam216a",0.187088341542712,6.07748598127815,0.518522391232573,0.616303489229653,0.905726179066725,-5.66751368274747
"Csnk1g1",-0.19931243291603,5.97365155573642,-0.518290991950259,0.616458654018064,0.905726179066725,-5.65434455200611
"Samd1",-0.233161326496703,5.60403372811081,-0.51824333454383,0.616490613181281,0.905726179066725,-5.55177556982069
"Nemf",0.271474403046113,5.93076577135413,0.518196977408764,0.616521701195308,0.905726179066725,-5.59537457723741
"Phb",0.149232103633249,6.49968608008852,0.518040124156278,0.616626896061745,0.905726179066725,-5.74794240118213
"Enoph1",-0.258377296661667,5.27382362686583,-0.517575084411921,0.616938832727627,0.905873150491334,-5.49226419105245
"Taf13",-0.289303051537514,5.11180284371893,-0.517450214389143,0.617022606095109,0.905873150491334,-5.40022024466621
"Ddx3x",0.118449115785803,7.63659696924781,0.517026718970537,0.617306766038383,0.906073260427117,-5.84895324534227
"Lrp6",-0.1828978066585,5.80959692892322,-0.516646497453219,0.617561946861556,0.906230749609103,-5.61855978244051
"Armcx1",-0.146267986896498,6.07278095557276,-0.515892749028696,0.618067975128351,0.906574812315184,-5.66941417863665
"Cnot3",0.16980824288538,6.76553421155975,0.515856535957794,0.618092292077813,0.906574812315184,-5.78686787533673
"Caap1",0.245846127492393,4.64006271398118,0.515594684306203,0.61826813910092,0.906615734963014,-5.28856633708237
"Nicn1",-0.158534844130802,6.18559699268099,-0.514020502656627,0.619325822896743,0.907949436055322,-5.6926751674739
"2310061I04Rik",0.217394008761174,5.35365436287562,0.513469753799071,0.619696085911614,0.908060714920016,-5.49882752742079
"Cldnd1",0.131941532524725,7.05388294020866,0.513466769803864,0.619698092329554,0.908060714920016,-5.81882380753329
"Kcnb2",-0.165972228040792,6.99141490592438,-0.51306685659971,0.61996702119706,0.908092798584726,-5.81618648132503
"2810403A07Rik",0.155937770845178,6.08628177404249,0.512905755462093,0.620075373376931,0.908092798584726,-5.67158482148119
"Timm44",0.178374394850849,5.66274405823666,0.512773175933786,0.620164549947304,0.908092798584726,-5.56861698251814
"Enpp2",-0.301661872234576,5.7795060398885,-0.512473956495613,0.620365837032008,0.908116776644025,-5.61238567812744
"Aplp2",-0.173520579424916,8.02761774890329,-0.5123082726566,0.62047730806275,0.908116776644025,-5.86472097930558
"Sf3b3",0.203492905124294,5.92509952463239,0.511349882176918,0.621122307105617,0.908638247741052,-5.64267653640606
"Vcpip1",-0.149665657366782,6.05353383697223,-0.511290821395621,0.621162066302397,0.908638247741052,-5.67164496789189
"Rlim",0.187202068109179,5.84207545142021,0.511117969122071,0.621278436363415,0.908638247741052,-5.60445282859419
"Polr3k",0.264023734200717,6.15635342393721,0.509822747929952,0.622150776037417,0.909540313707613,-5.65902779603569
"mt-Co3",0.150724560532356,14.0550470188923,0.509761461280175,0.622192068384843,0.909540313707613,-5.65616213324993
"Azi2",-0.16937692347259,5.56392251837218,-0.508868619873674,0.622793784743644,0.910202793443608,-5.56216934094475
"Ppif",0.227485150436413,5.01003579007238,0.508073972017723,0.623329573088762,0.910495343660118,-5.39073196632749
"Ndufa10",-0.13562859938535,7.3975008861055,-0.507709026373295,0.623575714513132,0.910495343660118,-5.84697046036585
"Azin1",0.194857241955453,6.48923498937296,0.507607617271498,0.623644119680316,0.910495343660118,-5.75360359953168
"Tcp1",0.147748048612695,7.67603461502849,0.507415435352016,0.623773765761095,0.910495343660118,-5.85419435283736
"Ier3ip1",0.145331221131941,7.12843855065373,0.507086653169282,0.623995594102876,0.910495343660118,-5.82809479206952
"Stag1",0.165101178193699,6.95216226590984,0.50667273091788,0.62427492290364,0.910495343660118,-5.81302791945513
"Psmd8",0.135734149572855,6.88084531652987,0.50646032981959,0.624418282913611,0.910495343660118,-5.80592550568845
"Ola1",0.137688374786875,6.79377874438995,0.506397548434304,0.624460660361519,0.910495343660118,-5.79666864081296
"Polr3d",0.246708954208712,4.7017700485262,0.506321383769525,0.624512073476405,0.910495343660118,-5.33017717422504
"Myt1l",0.127421009761006,7.62723011142666,0.506286583576083,0.624535565217035,0.910495343660118,-5.85424702524737
"Supt16",0.189079233343386,7.20144572538672,0.50614916567369,0.624628333020094,0.910495343660118,-5.83478397346428
"Iars",0.184499705908033,5.42658415533119,0.505571674286423,0.625018260808909,0.910685848545591,-5.50814299835846
"Scaf4",0.244184387808378,4.823318659573,0.505314478937622,0.625191961135585,0.910685848545591,-5.34854464359005
"Psmb6",0.185168692692747,7.83873014115096,0.505238174865653,0.625243498797549,0.910685848545591,-5.85930801751483
"Fam171a1",-0.218684716866909,4.84647173643361,-0.505075370893782,0.625353467800236,0.910685848545591,-5.38277952643763
"Josd2",0.21459695733019,5.49763865517123,0.504473101436025,0.625760366789975,0.911061897764069,-5.54475167920473
"Paf1",0.185008762044812,5.60968553741197,0.503995429377959,0.62608318143279,0.911315376679367,-5.54861284887823
"Ythdf1",-0.179741400313719,5.96677661730117,-0.503501925082704,0.626416783687502,0.911584433729996,-5.65803658116115
"Bcas2",0.132111783393926,7.63032702097805,0.502359867560033,0.62718914205284,0.912491705246867,-5.85592226180146
"Bms1",0.233605759062862,5.26057131205707,0.501225060874262,0.627957070460703,0.913125486037166,-5.48628583742436
"B3gat3",0.167115448692164,6.4636761558846,0.501212001889062,0.627965910275632,0.913125486037166,-5.75092614077026
"Tk1",0.318120827437748,5.32638918773585,0.501055595137806,0.62807178910683,0.913125486037166,-5.44728504821339
"Cdipt",-0.182217706860078,6.10225295564377,-0.499929062477184,0.628834654592819,0.913458593874904,-5.68869177970031
"Cdc123",0.152726530126031,6.52877863869302,0.499709802650614,0.628983186922863,0.913458593874904,-5.76327060558507
"Rock1",0.120225020816275,6.90355650285944,0.499621054746965,0.629043312063172,0.913458593874904,-5.81173199211745
"Fam135a",0.218275077393165,5.1079813709052,0.499422955563393,0.629177531146606,0.913458593874904,-5.44001056632121
"Ddx3y",0.15148912943498,6.41819380012634,0.499242302987867,0.62929994204088,0.913458593874904,-5.74393757104582
"Rhebl1",0.363686822659076,4.29682287592603,0.499227349475965,0.629310075133265,0.913458593874904,-5.16209089812351
"Trp53inp1",0.229852948199142,5.00319263901832,0.499113373210144,0.629387312651234,0.913458593874904,-5.41106137416701
"Ubald2",0.215222765240712,7.09274425888458,0.498647155009224,0.629703300921807,0.913458593874904,-5.82664258441439
"Tmem245",0.2167829235858,5.88530344430145,0.498423791496604,0.629854717898609,0.913458593874904,-5.6244678526815
"Ino80b",0.207641270517684,5.39674882885225,0.498382783426227,0.629882519035827,0.913458593874904,-5.50476277701605
"Prpsap2",0.210193937541381,5.49396696594162,0.49829710897863,0.629940603413078,0.913458593874904,-5.50194122762292
"Bloc1s1",-0.178224126478916,6.18717057991521,-0.496917966672157,0.630875983355516,0.914598539390253,-5.69909115983947
"Otud4",0.189513632229501,5.79515431749421,0.496663842841194,0.631048414115766,0.91463213852919,-5.6117352473799
"Prpf38a",0.209406014476819,5.77503028419658,0.496395738324564,0.631230356667492,0.914679504766704,-5.60196201955399
"Elf2",0.237350989184286,5.74064237869018,0.495938970317684,0.631540391272771,0.914912415536535,-5.57731234533276
"Dnaja2",-0.142214505837965,7.44085451190581,-0.495660579008521,0.631729388595204,0.914969910969372,-5.85505958430779
"Hspa4",-0.197145833503701,7.00034305291654,-0.494900250537408,0.63224571210689,0.91522012155437,-5.82579045767588
"mt-Co1",0.143312137364813,13.2335959685029,0.494627852267936,0.632430743262582,0.91522012155437,-5.68187578928287
"Ssu72",-0.164927355944982,6.8391820751076,-0.494105176260326,0.632785855205137,0.91522012155437,-5.81100499370912
"Chst2",-0.206831892349248,6.29349197251224,-0.493787720091237,0.633001586839312,0.91522012155437,-5.72744411079115
"Ate1",0.163132121923107,6.07680833093667,0.493491008195332,0.633203254441959,0.91522012155437,-5.67891363230066
"BC004004",-0.186987187097274,5.54360673424661,-0.493488959313867,0.633204647125972,0.91522012155437,-5.56317954324561
"Ppp2r3a",0.165031957510068,5.72226644239935,0.493439412694845,0.633238325859483,0.91522012155437,-5.59412217125667
"Gnai3",0.202527264872215,6.21722388707094,0.493319831862487,0.633319613191289,0.91522012155437,-5.70545502120447
"Mapk6",-0.161505920150274,5.73353974077181,-0.493286157779461,0.633342504720463,0.91522012155437,-5.60958188588309
"Kat6a",0.153585756768558,6.40635767962552,0.493207983753431,0.633395648745445,0.91522012155437,-5.74736942147109
"Reln",-0.217581550666233,9.37080108465159,-0.492583173013721,0.63382048515633,0.915547255037018,-5.84765827966632
"Wdr13",-0.164142687775456,6.08953148071592,-0.491503089530041,0.634555214640069,0.915547255037018,-5.6848084056309
"Cox4i1",0.12378105241067,9.9025237949722,0.491328284374499,0.634674165920951,0.915547255037018,-5.81492151281271
"Hnrnpk",0.137972178003259,9.33025058482406,0.491301024468121,0.634692716716291,0.915547255037018,-5.85141480826228
"Dync1i1",-0.180165339100399,6.8004778631825,-0.491283861127905,0.634704396777121,0.915547255037018,-5.80813360781552
"Cystm1",-0.185115169033727,6.56295509969139,-0.490988717040252,0.634905265983155,0.915547255037018,-5.77682102908174
"Neo1",0.287136717371906,5.86779307550744,0.490988103352468,0.63490568367964,0.915547255037018,-5.63865540690706
"Sec13",0.175512018662772,6.14254675297792,0.490979142173702,0.634911782973899,0.915547255037018,-5.69550490688423
"Ptprf",-0.226467196192882,5.85744197508725,-0.490687485034493,0.635110310929942,0.915547255037018,-5.64087183719702
"Dhfr",0.240934747557704,5.45415151419132,0.490673599098931,0.635119763706209,0.915547255037018,-5.49726890153458
"Sirpa",-0.237623605320915,7.32475709779439,-0.490459541709307,0.635265490929733,0.915547255037018,-5.85194333158971
"Ankrd13c",-0.171468115535739,5.62609048532958,-0.490195178590037,0.635445488388187,0.915576153612829,-5.59175536604144
"Smarca5",0.123249095951309,7.66276594456419,0.489859704951332,0.635673939289949,0.915576153612829,-5.86306404935543
"Ap2s1",0.133965919568013,7.38335043714016,0.489593262465782,0.635855410245381,0.915576153612829,-5.85198335128219
"1810037I17Rik",0.185604087273566,7.51785101971534,0.489552497315959,0.6358831771828,0.915576153612829,-5.85734369483971
"Gbf1",-0.186106319053858,5.5788128622286,-0.488732541056298,0.636441812551675,0.915920629079525,-5.57075913171372
"Nsmce2",0.221752345546698,5.56792228713611,0.48872603952813,0.636446243003339,0.915920629079525,-5.51829938708044
"Nop16",0.206884614178729,4.88549797223301,0.488218198009924,0.636792357441032,0.915920629079525,-5.38453735419569
"Dph3",0.173516039888928,6.27077769047264,0.488186287931352,0.636814108541366,0.915920629079525,-5.72250904403852
"Fubp1",0.165203527189129,8.4288630082785,0.488104667830597,0.636869745513684,0.915920629079525,-5.87663189027971
"Nr4a1",0.343155850497368,6.35993553243603,0.486718207449491,0.63781520260431,0.917065124720604,-5.71559226736351
"Mbnl1",0.141729821809393,7.02658025240792,0.485809134392509,0.638435493498488,0.917741661777793,-5.83032428737166
"Ilk",0.198384583970991,6.1829373590741,0.485031562955195,0.638966291442604,0.918289266876238,-5.68899898341302
"Ing2",0.191926644901908,5.5092452687032,0.484060222491057,0.639629667028867,0.918604763241197,-5.53955512905805
"Selk",-0.136069058366737,8.60668995617805,-0.484024588735828,0.639654009467058,0.918604763241197,-5.87967354861365
"Ndufb4",-0.134619491828954,7.82281161059561,-0.483198933499903,0.640218165231761,0.918604763241197,-5.87419572022771
"Coq10a",-0.230174844339467,4.88831986992159,-0.483133466648698,0.640262908002103,0.918604763241197,-5.39415575671856
"Fbxl12",0.209122718483195,5.10409069502089,0.483089900918736,0.640292683482647,0.918604763241197,-5.45010329262503
"Cops3",0.191472541725407,6.15335165183505,0.482527173077853,0.640677346931976,0.918604763241197,-5.70079275131121
"Capn10",0.217074310782909,5.01725964933169,0.48250486420683,0.640692598918291,0.918604763241197,-5.42840029143281
"Dynlt1f",0.296961158300982,5.46175244090236,0.482427915126976,0.640745208335195,0.918604763241197,-5.44577415578814
"Akt2",0.162664733311631,5.66300274424156,0.482126289468073,0.640951447533429,0.918604763241197,-5.58619386057169
"Hccs",0.217879015056249,5.30246095712416,0.48211914674548,0.640956331825967,0.918604763241197,-5.47364336203212
"Pla2g12a",0.16297089205808,5.46022921091761,0.482052522001155,0.641001891623856,0.918604763241197,-5.53046507039078
"Shtn1",-0.310164796815081,6.50380988626097,-0.481962458481029,0.641063482003842,0.918604763241197,-5.76845325735763
"Arglu1",-0.163531968241612,8.39723335652063,-0.481851620661725,0.641139282957802,0.918604763241197,-5.88208501754105
"Ifnar1",0.191500754920166,5.67187613704339,0.481474928456735,0.641396931967121,0.918604763241197,-5.56483867063853
"Ubb",0.136155422892672,11.7068939399996,0.48137023823285,0.641468546703771,0.918604763241197,-5.73214498142456
"Elavl2",-0.276533536275229,7.54809865517137,-0.481133520864719,0.641630490746851,0.918604763241197,-5.86798299325839
"Setd5",-0.161502630067158,6.57132463456364,-0.480968310787793,0.641743526750496,0.918604763241197,-5.78213410376142
"Slc5a3",-0.189320550918137,5.34141713154545,-0.480590979596861,0.64200173150201,0.918604763241197,-5.52833827369911
"Gng2",0.200935779917323,7.29694640803058,0.480137062033376,0.642312410797063,0.918604763241197,-5.84952168200393
"Scaf8",0.2205405111967,5.00858947489372,0.480134810015737,0.642313952350406,0.918604763241197,-5.43433724116447
"Gpx4",0.118150342515002,8.53386789292838,0.480105842936374,0.642333781084943,0.918604763241197,-5.88123640316288
"Zmiz2",-0.159616146881662,6.31889209080583,-0.479621234155257,0.642665552872405,0.918864794214209,-5.73911540582915
"Arl6ip1",-0.13345430352132,8.9545837998724,-0.478728676849137,0.643276831702251,0.919331479209746,-5.8738699825085
"Szrd1",0.184384050251512,5.03068708149669,0.478706532510579,0.643292001118047,0.919331479209746,-5.4362280849894
"Capn7",-0.156707327805383,5.73302792793384,-0.478466438991798,0.643456482239403,0.919352138764995,-5.61557530567826
"Xndc1",0.329360824821668,4.51436832482787,0.478190478845534,0.643645559794202,0.919407923174562,-5.22600926703473
"Lztfl1",0.186098911246992,6.19168317466466,0.477812506071779,0.643904576376169,0.919517926428895,-5.7121732099033
"Pnn",-0.108118522712578,7.76680933405316,-0.477344210897835,0.644225559131854,0.919517926428895,-5.87512621060073
"Stat3",0.16165415403107,5.6393101337941,0.477305933525701,0.644251798957606,0.919517926428895,-5.57516103877256
"Rfc4",-0.317195288265558,5.16390044610421,-0.477180800085656,0.644337583795683,0.919517926428895,-5.43617906922555
"Smim14",-0.143857570248372,6.84777752568933,-0.476983536243605,0.644472828657327,0.919517926428895,-5.82027292026878
"Hnrnph1",-0.123377756475235,8.66200812320587,-0.476560950083469,0.644762601709591,0.919717230744035,-5.88275294317762
"Copa",-0.132954161706341,7.15001837180166,-0.476300176434142,0.644941449236153,0.919758250155724,-5.84710520490154
"Mageh1",-0.141508653638703,6.29851200392135,-0.475949584903389,0.645181934824484,0.919887132760455,-5.73625591559748
"Arpc5l",-0.126287559905965,6.97091312426934,-0.475672021657216,0.645372358011843,0.919944594067592,-5.83280383025661
"Rasal2",0.180676158126313,6.02858244453932,0.475018395071862,0.645820888134428,0.92030194336375,-5.68306218304648
"Nsd1",-0.128495046805908,6.98052348151159,-0.474553348101985,0.646140103351971,0.92030194336375,-5.83434490955002
"Gad1",-0.385049147688239,5.49272268846318,-0.474531844565664,0.646154865546336,0.92030194336375,-5.49946294530488
"Kdm5a",0.160121563875817,6.51410140187567,0.474431477228788,0.646223769956628,0.92030194336375,-5.7745117948531
"Crlf2",0.234616849734541,5.30278308618312,0.474088610374171,0.646459182458522,0.920423296957673,-5.46289564538045
"Lman2l",-0.135048909440534,6.22682476884209,-0.472559306527342,0.64750970697977,0.921392829433241,-5.7245876267071
"Golga7",0.216206287263232,5.83765191920283,0.472518290918651,0.647537893153491,0.921392829433241,-5.6163097918526
"Arl4d",-0.332039690120662,5.56300681111446,-0.472204287469118,0.647753697803241,0.921392829433241,-5.51181235971703
"Ndufb10",-0.114706662769369,7.98327083347717,-0.471595740879326,0.64817203123206,0.921392829433241,-5.88358856745873
"Hist1h1e",-0.310708250947091,5.51212376384504,-0.471544383351851,0.648207341906375,0.921392829433241,-5.57171153402657
"Vdac3",-0.110106423412607,8.01630568163339,-0.471235962323632,0.648419415087324,0.921392829433241,-5.88442305995355
"Plekha3",0.180780854455455,5.0834548576215,0.471049116715446,0.648547908102937,0.921392829433241,-5.45366236064326
"Ythdf3",0.153885440664345,6.01545518415166,0.470539243582237,0.648898608192077,0.921392829433241,-5.67933971353335
"Rab10",0.142362071882296,7.33898149378357,0.470461281296527,0.648952240111898,0.921392829433241,-5.85840218271596
"Nudt19",0.144695830450146,5.7691971105241,0.470251458129963,0.649096592521637,0.921392829433241,-5.61192489954781
"Ngfrap1",0.117313777649333,8.54041551511404,0.469980626912241,0.649282939541046,0.921392829433241,-5.88600659345026
"Cpt1c",0.153334515076632,5.94917230210366,0.469966554030464,0.649292623172383,0.921392829433241,-5.66330691218989
"Thop1",0.199800771110735,5.18179875302383,0.469950087331346,0.649303954091299,0.921392829433241,-5.48417479637121
"Chtop",0.148727715477871,6.91026009879102,0.469941894422811,0.6493095917582,0.921392829433241,-5.82663846351325
"Cxxc5",0.178519401764739,6.83982517460256,0.468929574763175,0.650006365276687,0.921392829433241,-5.82032834470702
"Hdac7",0.188936548180515,5.18884364838337,0.468692459335682,0.650169622189917,0.921392829433241,-5.46825115238963
"Atxn2l",-0.134047015681541,6.94071461711718,-0.468338154022909,0.650413602396715,0.921392829433241,-5.83326967568764
"Akap13",-0.297533094402788,5.70987347687956,-0.467894720524088,0.650719019433943,0.921392829433241,-5.60160665392647
"Usp21",0.214377565137507,4.83895708817885,0.467868149346868,0.650737322644458,0.921392829433241,-5.38522324885451
"Zfand2b",0.177830125568279,5.28659990589997,0.467612114996369,0.650913701206175,0.921392829433241,-5.50600940609573
"Lpin1",0.16477221685896,5.91305254546868,0.467359186570249,0.651087962590535,0.921392829433241,-5.65460277315261
"Neurod2",-0.247916122894745,6.39210021480551,-0.467168776219703,0.651219165295772,0.921392829433241,-5.7578134835757
"Pcyt2",-0.153014426721028,5.71989736496486,-0.467163216311559,0.651222996553628,0.921392829433241,-5.61905380373736
"Sepw1",0.134698026783794,9.52723207798629,0.466975580739199,0.651352300017979,0.921392829433241,-5.8511256091318
"Slc39a6",0.212096968680957,5.909866200586,0.466768228146738,0.651495205149327,0.921392829433241,-5.65685135178756
"Mif",-0.118638438751655,8.50249383626238,-0.466452482973436,0.651712842024836,0.921392829433241,-5.88876936209152
"Atrn",-0.200797741138694,6.24925882412164,-0.466307692903074,0.651812654553842,0.921392829433241,-5.73253061630686
"Ttc4",-0.137223574173334,6.19816463774072,-0.465716633340986,0.652220183246837,0.921392829433241,-5.72123791280151
"Mcfd2",0.145435134451786,5.80446189690032,0.465402113466337,0.652437090579024,0.921392829433241,-5.62181997197987
"D430042O09Rik",-0.170696558612477,5.83671549242428,-0.46527348946076,0.652525805501203,0.921392829433241,-5.64063677594515
"Tmem19",-0.278661095218177,4.55642407769064,-0.465185051642475,0.652586806425734,0.921392829433241,-5.32028408798884
"Aurkaip1",-0.123937693993169,6.77550389268727,-0.465169893334274,0.652597262302689,0.921392829433241,-5.8179096845978
"Mrps35",-0.207441411324479,4.98031279332574,-0.464824366430965,0.652835621024436,0.921392829433241,-5.43536096398451
"Stip1",-0.16638792970132,6.94539036394422,-0.464752618246951,0.652885121083465,0.921392829433241,-5.8354764715346
"Asxl2",-0.170041534562572,6.1501883328674,-0.464443363280985,0.653098500795011,0.921392829433241,-5.71397759987747
"Fcgr3",0.495827565662637,6.00500216009257,0.464359287486628,0.653156517143549,0.921392829433241,-5.60137578792242
"Rangap1",0.148299478508089,6.96208919297116,0.464256274371751,0.653227604499962,0.921392829433241,-5.83503449707255
"Ctnnbl1",0.251544513025942,5.19003037364981,0.464159704605569,0.653294248770259,0.921392829433241,-5.45746097979776
"Ctbp2",0.158313109723562,5.54755138880487,0.464158839392242,0.653294845881814,0.921392829433241,-5.56694388914077
"Ogfrl1",-0.186755781539394,6.89821286461746,-0.463996110599128,0.653407154875459,0.921392829433241,-5.83082716595297
"Atp2c1",-0.118690575111556,6.87025959546459,-0.46393984926498,0.653445986365828,0.921392829433241,-5.82857026365801
"Pitpnb",0.169833016985587,5.87407034363733,0.463657764934669,0.653640697106744,0.921392829433241,-5.64992953570645
"Smarcd1",-0.147692042354795,7.3109647255193,-0.46353417090051,0.653726017471154,0.921392829433241,-5.86405115724701
"Prelid1",0.209816869089341,6.52898767341874,0.463367267712915,0.653841243739249,0.921392829433241,-5.77384506668345
"Aff3",0.17906491827371,5.16584201148911,0.463273133517658,0.653906236162722,0.921392829433241,-5.45946702249323
"Ddt",0.151983678897868,6.22988920565041,0.462618898591535,0.65435801986753,0.921511365410427,-5.72114710748353
"Gm16286",-0.110357041258826,7.0863353886449,-0.462549313635428,0.654406080667234,0.921511365410427,-5.84854682799204
"Kptn",0.226417517734806,4.56895846838883,0.462498044963605,0.654441491884168,0.921511365410427,-5.31978703533426
"Ube2z",0.243258879843287,5.69509649832767,0.461799063313662,0.654924368472426,0.921979446358609,-5.61018008176015
"Gabarapl2",0.142632731140038,8.19229339090845,0.461544459463605,0.655100298093727,0.922015302415793,-5.88816686990756
"Fkbp3",0.155391248368323,7.96224393867487,0.461253637367215,0.655301281694986,0.922086395918914,-5.88466910644942
"Cdk11b",0.145426822471505,6.226507325096,0.460597792368999,0.655754635367457,0.9225124897915,-5.72062341037012
"P4ha1",-0.230529639071944,5.39493003377454,-0.460117758622109,0.656086553367615,0.922524957386565,-5.5350479551525
"Tcea1",0.123345459015271,6.42401954586746,0.459590850306109,0.656450974117531,0.922524957386565,-5.76539614512609
"Clock",-0.118640089027428,6.5595266178855,-0.459484138769998,0.656524789683876,0.922524957386565,-5.79120429149629
"Hp1bp3",-0.116673356225398,7.75125983094077,-0.459338623310156,0.656625453407302,0.922524957386565,-5.88300698508196
"Armcx3",0.127821190372771,6.41727488135321,0.459138394100996,0.656763978565609,0.922524957386565,-5.76575335734744
"Snrpb2",0.183826627935675,6.56437827832944,0.45905634205703,0.656820748857529,0.922524957386565,-5.7848516484026
"Insr",-0.193623054479597,5.67531506796026,-0.458703973957956,0.657064572169249,0.922524957386565,-5.616855938227
"Gtf2i",0.105597676148825,7.29201814761376,0.458315481319774,0.657333441585742,0.922524957386565,-5.86334493193513
"Prkar2a",-0.198424737794095,6.10962014979712,-0.458073768924548,0.657500752977174,0.922524957386565,-5.70805693986913
"Pfdn6",-0.163731230001711,6.89214533530436,-0.457878243920722,0.657636108514847,0.922524957386565,-5.83320068757206
"Cadm4",0.1392169664268,6.38123031043664,0.457429970628226,0.657946482957653,0.922524957386565,-5.7596109592027
"Capza1",-0.162105432700428,5.78524463366585,-0.45737904430822,0.657981747572003,0.922524957386565,-5.62779314727142
"Nfu1",0.227826455281132,5.77303847943459,0.457295826038014,0.658039375097035,0.922524957386565,-5.59722073774096
"Oat",-0.172556964679931,6.40848658752973,-0.457261185116502,0.658063364166695,0.922524957386565,-5.76599518947698
"Nup107",0.236890560626617,4.55629145266054,0.457235728488361,0.658080993314352,0.922524957386565,-5.27674396250735
"Txnl1",0.115745004859494,7.69848805411037,0.456938109400615,0.658287116088466,0.922524957386565,-5.87992958965112
"Ptprs",-0.160773861791027,8.4936500264712,-0.45646838719031,0.658612494555478,0.922524957386565,-5.89370545985616
"Zfhx2",-0.135421322546007,5.93374207594331,-0.456312773309436,0.658720305598307,0.922524957386565,-5.66635066368303
"Rtn4",0.12565422788756,8.99820525079144,0.456306300647168,0.658724790111134,0.922524957386565,-5.88366365654602
"Atp5k",-0.126841025112052,8.45672816384172,-0.45607649900949,0.658884014949324,0.922524957386565,-5.89383312998877
"Mzt2",0.285889998089358,5.02418393967014,0.4558422651851,0.659046329375687,0.922524957386565,-5.38536207694291
"Api5",0.150987775615468,5.92021110803331,0.455800266634221,0.659075434634201,0.922524957386565,-5.66153744557209
"Ndufv1",0.131258556526282,6.9482603829048,0.455519368534405,0.659270114301257,0.922586723096164,-5.83683659593979
"Ubap2",0.180896045678332,5.53650700549888,0.455220619631202,0.659477195307215,0.922665811151282,-5.54784029825453
"Rbm22",-0.122474084611995,6.28908677206115,-0.454746949867777,0.659805587158214,0.922704152253917,-5.74447316075003
"Kdm6b",0.171301350454193,6.97881757947331,0.454677523771484,0.659853726218803,0.922704152253917,-5.837964743206
"Lrrc59",0.203858913468311,5.81137823533152,0.454529578040888,0.659956315164641,0.922704152253917,-5.61022707823762
"Pdcl",0.216837752685779,5.56924035657181,0.45384507294458,0.660431063947925,0.923071658061667,-5.54121338751686
"Ubqln2",-0.101191312788743,7.89120968815201,-0.453716242433089,0.660520434171085,0.923071658061667,-5.88968142124844
"Ist1",-0.20490694387525,5.8111233815104,-0.452091698150575,0.661647872453255,0.924381779467878,-5.64663306065679
"Phf8",-0.191032605815453,5.32258550883714,-0.451930769743916,0.661759606156263,0.924381779467878,-5.53034548755285
"Cyld",-0.164084779709877,5.75462222507984,-0.450429035266771,0.662802695270817,0.925293103011134,-5.63121885297268
"Bnip3",-0.15297948503471,5.79357076304857,-0.450255058637422,0.662923587139856,0.925293103011134,-5.63915287479351
"Vkorc1l1",-0.141598613694835,5.59250313391981,-0.450196316294389,0.662964407997437,0.925293103011134,-5.59383429885837
"Zfp532",-0.145490583540146,5.52597891819617,-0.449853909054321,0.66320237477158,0.925293103011134,-5.58240143025875
"Crebzf",0.127278099263982,6.26166206106141,0.449832024772639,0.663217585299434,0.925293103011134,-5.73925491225189
"Zfp292",0.116401074831221,7.44839529533335,0.449611246443986,0.663371044925839,0.925293103011134,-5.87528437295403
"Gnas",-0.110429445258651,10.159326750368,-0.44947036572993,0.663468977583375,0.925293103011134,-5.81863311128328
"Nudt9",0.196016010338518,5.7137559382985,0.448913217906603,0.663856342522469,0.925622677355561,-5.61049390673046
"Sec61a2",-0.201529830969434,5.63311478379103,-0.448183516070492,0.664363837051454,0.926119561749615,-5.61460824548976
"Ubxn7",0.170095310816687,5.19854049356479,0.447600175829123,0.664769669249038,0.926240583078785,-5.49549900213539
"Tmx4",-0.146849477475482,7.93625492504366,-0.447599587473792,0.664770078628311,0.926240583078785,-5.89427064035394
"Tbc1d24",-0.242930559756753,5.58855132163755,-0.447406982446379,0.664904100026693,0.926240583078785,-5.59878234724941
"2700029M09Rik",-0.111675371153505,6.91615623183443,-0.447010199260038,0.665180235308016,0.926402204007861,-5.84032578898255
"Gcsh",0.178980593308968,5.89334455445505,0.44680584889511,0.665322470600293,0.926402204007861,-5.65890866594045
"Nudt21",0.174101343883373,6.87990947782101,0.446571000562328,0.665485950989876,0.926419333863234,-5.83432155293
"Aph1b",0.199746917434422,4.97849410062008,0.445802603246027,0.666020970397256,0.926649406121454,-5.44311180594875
"Mrps10",0.177362713318385,5.49844793926164,0.445738224285828,0.666065805190224,0.926649406121454,-5.57865131711233
"Elmo2",-0.172339824223485,5.55099627829409,-0.445682134367625,0.666104868466874,0.926649406121454,-5.59026763297939
"Map1lc3a",0.108378609971498,8.35108031889706,0.444799526215103,0.666719691763005,0.927294205883726,-5.8973830908126
"Brwd1",-0.194172916037199,6.63295488634734,-0.443532078695107,0.667603051613608,0.928028534985592,-5.80601395847028
"Ifi27",0.145440837238089,6.25665602190691,0.443460846714069,0.667652713445081,0.928028534985592,-5.73428986858254
"Usp3",0.170812541528425,5.73544327508958,0.44339016601223,0.667701992616103,0.928028534985592,-5.60184318524925
"C330007P06Rik",-0.204254636508527,5.42128097715742,-0.442932212981204,0.668021321866655,0.928252503690812,-5.53296347059058
"Capza2",-0.132590559325823,8.3378565224987,-0.442428671650772,0.668372520852708,0.928252503690812,-5.90042320147422
"Slc12a6",-0.196432822054469,6.30329583880533,-0.44230025694435,0.668462098325946,0.928252503690812,-5.75336736153951
"Dnajb4",0.140222637098435,6.93302742088556,0.442290300898132,0.668469043535828,0.928252503690812,-5.84088445227839
"Psma3",0.134373838392721,8.29814945107831,0.441782801968771,0.668823112225847,0.928362468135015,-5.89829536353717
"Mboat2",0.201286810797403,5.07742289203932,0.441375113304096,0.669107608337356,0.928362468135015,-5.44302435033298
"Hspa8",0.164496088021274,10.9768956141232,0.440904662751211,0.669435970446748,0.928362468135015,-5.7791633442079
"Raver1",0.21787367443376,5.14502097842283,0.440868587138447,0.669461153328698,0.928362468135015,-5.46487637688874
"Hook1",-0.155132780878669,5.66100797508378,-0.440754933357957,0.669540493139209,0.928362468135015,-5.61980977691462
"1810022K09Rik",0.147275008469915,6.55437668667457,0.440736594324469,0.669553295717216,0.928362468135015,-5.7969990035509
"Nrn1",-0.180889833789316,7.6935352820449,-0.440437121871914,0.669762374940715,0.928362468135015,-5.89122132603259
"2610507B11Rik",0.159493914297966,6.39936772949099,0.440066004973458,0.670021514878373,0.928362468135015,-5.77024940484989
"Limch1",-0.178736744556885,5.16371787741696,-0.439956197036148,0.670098199319072,0.928362468135015,-5.49671078818825
"Sox5",0.224256984161938,5.46826067650939,0.43979297046489,0.670212196128374,0.928362468135015,-5.56367760530578
"Avl9",-0.174736673687633,6.13788508323344,-0.439616655376207,0.670335343889657,0.928362468135015,-5.71862238628062
"Ppp1r2",-0.141946158096581,7.1028718622849,-0.439251116512097,0.670590688531823,0.928362468135015,-5.85992121285584
"6430548M08Rik",-0.159815510775835,5.47221957410807,-0.439094819884423,0.670699882046939,0.928362468135015,-5.57801332843817
"Poldip2",-0.141771663882979,5.88950703725976,-0.439063058371457,0.670722072587973,0.928362468135015,-5.66481291562591
"Med22",0.138738005513339,6.56211889080609,0.43892195413823,0.670820660721581,0.928362468135015,-5.79694886845254
"Pantr1",0.245531646316053,7.5828963989377,0.438040791046948,0.671436470573961,0.9290048976467,-5.88321152841987
"Pfdn2",0.117777245221611,7.9687447654738,0.437664345970382,0.671699631794551,0.929011369165434,-5.89581801864081
"Mrps34",-0.154898288295838,5.75244382525956,-0.437294975323409,0.671957893264196,0.929011369165434,-5.64478981575362
"Wscd2",0.233067035482254,4.88417409181509,0.437144322726093,0.672063241554465,0.929011369165434,-5.42170702950755
"Qrich1",-0.129356494946615,6.31376484402584,-0.437134843719914,0.67206987028222,0.929011369165434,-5.75731749719471
"Jmjd6",0.254690857156802,5.05316139641753,0.436949979110769,0.672199153211412,0.929011369165434,-5.38591574051582
"Rab9",-0.143925386972942,6.33192677350718,-0.436456394067507,0.67254439176468,0.929278925080938,-5.76078639482794
"Eml5",-0.159801366536077,5.97620888712488,-0.436050051395486,0.67282866918107,0.929372800719306,-5.69297804720287
"Zfp322a",-0.117257797931506,6.26393923552718,-0.435814693625343,0.672993350548446,0.929372800719306,-5.74820628440283
"Ncan",-0.12490406881651,6.62205119889578,-0.435384969489601,0.673294078653864,0.929372800719306,-5.81171722111166
"Cdkn1b",-0.168360759515756,7.17643745732595,-0.435289520846917,0.673360883499844,0.929372800719306,-5.86783953459726
"Clpp",0.132160401429677,6.52379066477992,0.435275592323865,0.673370632374954,0.929372800719306,-5.79402601955291
"Vti1b",-0.164681208948955,6.29157412247651,-0.434834209303364,0.673679599156765,0.929547932651087,-5.75427879920411
"Gap43",0.147780819995847,7.8606518366418,0.434516732864926,0.673901871537067,0.929547932651087,-5.89417378863465
"R3hdm1",-0.134395907008978,7.99479674589552,-0.434444298829429,0.6739525888983,0.929547932651087,-5.90174420041328
"Pdcd5",0.109737837048227,7.47101616488977,0.433785284271687,0.674414101853858,0.929702045813893,-5.88323514866485
"Cxxc1",-0.146468055534893,5.69434615792137,-0.433699609829026,0.674474110855842,0.929702045813893,-5.61904752281331
"Fam178a",-0.149581380747272,6.0604856941242,-0.433362850008074,0.674710011210594,0.929702045813893,-5.71072356138296
"Tsg101",0.131859429233246,7.12570602850074,0.433063612868648,0.674919658298805,0.929702045813893,-5.86157909607569
"Cdk8",-0.188483157036161,5.80132081718096,-0.432503436205537,0.675312200299645,0.929702045813893,-5.64221475790892
"Prkra",-0.197066331742375,5.49279074627366,-0.432392683790232,0.675389821937499,0.929702045813893,-5.57702231858637
"Manbal",0.16942802788378,5.96055927160565,0.432203235125945,0.675522607777153,0.929702045813893,-5.68532620444653
"Kifc1",-0.194295604545036,5.03609934927213,-0.432055688350818,0.675626032484348,0.929702045813893,-5.44911465904622
"Robo2",-0.150320070702126,7.58879992602148,-0.431919076217446,0.675721798808047,0.929702045813893,-5.8911872248583
"Abcf2",0.153367695803975,5.36455892143466,0.431822719289646,0.67578934956608,0.929702045813893,-5.52168025327438
"Ddx27",-0.15191328167375,5.39614179948798,-0.431438012832175,0.676059077395351,0.929702045813893,-5.54867201381748
"Gars",0.114089805492917,6.44701270046087,0.431404197039434,0.67608278886461,0.929702045813893,-5.78265982062516
"Dnmt1",0.127875367794855,6.52920304722086,0.431276078282624,0.676172628522427,0.929702045813893,-5.79408011489439
"Tiam2",-0.355775159045729,6.92905200778695,-0.431253703306186,0.676188318895647,0.929702045813893,-5.84775158606072
"Ndrg1",0.227052082006187,5.20188011910422,0.43073878448065,0.676549449343562,0.929914208892099,-5.5112936964447
"Fam210b",-0.328211111511525,5.30143189422282,-0.430466855439066,0.676740197746231,0.929914208892099,-5.48339851662801
"Cdc23",-0.166072224378405,5.67806005348752,-0.430384639600777,0.676797873965203,0.929914208892099,-5.62126693678801
"Gnb1",0.121767044090973,8.79178394401995,0.429628444929544,0.677328465119625,0.930304866222872,-5.90241890976693
"Fam109a",0.248619377220496,4.29345400577778,0.429499642368613,0.6774188593373,0.930304866222872,-5.2151085656166
"Gpbp1",0.127471140164425,7.2673910740362,0.429330413075704,0.677537633477917,0.930304866222872,-5.87415544107126
"Hint2",0.13297639424476,5.64115263140509,0.42897896966538,0.677784325159086,0.930314886513548,-5.6031135908766
"Snx10",-0.193595107744898,6.36189443577107,-0.428711268156903,0.677972262292839,0.930314886513548,-5.77035144206438
"Cacna2d2",0.182544227840471,7.48584043175765,0.428671230158272,0.67800037257988,0.930314886513548,-5.88667873265309
"Arpc5",0.128041736406974,7.39992895956355,0.427868731848616,0.678563909316272,0.930879703669154,-5.88185916198426
"Pofut2",-0.201976738206221,5.09845490952218,-0.427424837122231,0.678875714968846,0.931099011040531,-5.4809556597302
"D030056L22Rik",0.146762937440697,6.222596720676,0.426652072632634,0.679418682502563,0.931298801612936,-5.73438873353241
"Ppp2r5c",0.13953429947064,5.86622697052656,0.426430078482777,0.679574698255001,0.931298801612936,-5.65213339051301
"D10Wsu102e",0.185151034232773,4.97062230536542,0.426269841307717,0.679687321665475,0.931298801612936,-5.44825192934755
"Tmem198",0.179752686413891,5.38609546416729,0.426264687384621,0.679690944262046,0.931298801612936,-5.55253504709919
"Fam208b",0.199164742723009,5.17808039273632,0.426136202821801,0.679781256464534,0.931298801612936,-5.48939676266983
"Rhobtb3",0.208625178649631,5.84662648508286,0.42522046480754,0.680425087194144,0.931619686744268,-5.63921090671574
"Ric3",-0.152476265482456,5.80423606328231,-0.425199169879518,0.680440062329384,0.931619686744268,-5.656814098106
"Pink1",-0.185546972510271,6.66519300641369,-0.425154380695661,0.680471559704201,0.931619686744268,-5.82081569177823
"Gna11",-0.108337201098524,7.09472509181857,-0.424847600068033,0.680687316468085,0.931706918766233,-5.86573377630587
"Senp6",0.131644951410836,6.98661587423326,0.423530417816234,0.681614029166756,0.931707686819872,-5.85615076844836
"Hsph1",-0.157641504877828,7.00139943297469,-0.423529074204109,0.681614974761673,0.931707686819872,-5.85929814194047
"Ube2w",-0.131691314699939,6.27404085479118,-0.423225459968186,0.681828664581608,0.931707686819872,-5.7559224741786
"Mrps33",0.116590836301124,7.85171522087279,0.423167449090695,0.681869497204607,0.931707686819872,-5.89955336770533
"Anapc13",0.150500095591773,6.74435080152578,0.422568501792804,0.682291147168015,0.931707686819872,-5.8286107352931
"Edrf1",0.265922345019309,4.60923439557873,0.422486726783729,0.682348724561877,0.931707686819872,-5.26447495533369
"Snapc3",-0.130047828689578,6.00347901814648,-0.422414495053758,0.682399584377613,0.931707686819872,-5.70203472520123
"Pou3f2",0.207022551678853,6.84393414644142,0.422239109795565,0.682523083692468,0.931707686819872,-5.83436317105177
"Usp34",-0.103335817525685,7.3232529771395,-0.421968534400555,0.682713631617079,0.931707686819872,-5.88304841169806
"Rbm26",0.114362282739222,6.71977595823543,0.421927177170186,0.682742758798107,0.931707686819872,-5.82844464507251
"Fuom",0.194868665497995,5.04738099845395,0.421908688899991,0.682755779945352,0.931707686819872,-5.43724565267957
"Son",-0.106859423739864,9.10560184373672,-0.421829327096073,0.68281167511125,0.931707686819872,-5.89408739203263
"Irf2bp1",0.142333248371086,6.13942603264955,0.421761728002277,0.682859287309283,0.931707686819872,-5.72687277700514
"Cbl",-0.190591765793319,6.0911680903421,-0.421420616838594,0.683099565297463,0.931707686819872,-5.71378090060559
"Sepp1",0.425987165440463,6.89625191277177,0.42081012148873,0.68352969070359,0.931707686819872,-5.83528495414935
"Ect2",-0.170695525673416,5.07261020932935,-0.420637886758921,0.68365106068169,0.931707686819872,-5.47342269698739
"Krit1",-0.104857872471244,7.48747859378996,-0.420338426395555,0.68386210649717,0.931707686819872,-5.89207182653049
"Tbcb",0.143808657224167,7.06489391225521,0.419985412166378,0.684110931706449,0.931707686819872,-5.86354219375291
"Pdia4",-0.187733064575885,5.45905047835712,-0.419720980730394,0.684297344836368,0.931707686819872,-5.56103852407804
"Xpnpep1",-0.1740567401653,5.2163291241109,-0.419715345945852,0.684301317369299,0.931707686819872,-5.51755119941534
"Zfp664",-0.160876880112834,6.01369316240532,-0.419396823178085,0.684525893088004,0.931707686819872,-5.70745369952502
"Sec22b",-0.180090241935974,5.74274013221058,-0.419134435141323,0.684710915310059,0.931707686819872,-5.62870726330073
"Mbtd1",0.128165123320105,6.82105144507808,0.41895326512145,0.684838679782904,0.931707686819872,-5.83997190942599
"Zbtb37",-0.238778634247368,5.01418156817889,-0.418670064052224,0.685038419583756,0.931707686819872,-5.45708165832071
"Dlg3",-0.218196710340019,5.89079494613907,-0.418589712004997,0.685095096032132,0.931707686819872,-5.67886426688285
"Trim28",-0.111034503357231,7.32594648167042,-0.418228522853089,0.685349886998752,0.931707686819872,-5.88478749111616
"Snx32",-0.15593963741159,5.8139067342235,-0.417988619492472,0.685519143378449,0.931707686819872,-5.65618267735721
"Msmo1",-0.173128730138272,6.22149035192025,-0.417983077350388,0.685523053683236,0.931707686819872,-5.74817318828145
"Fnta",0.184468951483159,5.52893326314883,0.417833606537429,0.685628517784013,0.931707686819872,-5.56898757069837
"Ankle2",0.182947963081672,4.7599485285386,0.41745404053433,0.685896365391505,0.931707686819872,-5.37788776305396
"Terf2",0.164880792417396,5.49119407044932,0.416841246623611,0.686328891920191,0.931707686819872,-5.58062868468529
"Itsn1",-0.1462437572963,5.96131295460142,-0.416670467148778,0.686449454121599,0.931707686819872,-5.69765720842694
"Il1a",-0.465276091454234,6.0380839687934,-0.416471378512451,0.686590013029778,0.931707686819872,-5.65515946308701
"Safb2",-0.12974654543441,6.210437135191,-0.415975081374334,0.686940459813394,0.931707686819872,-5.74715625703668
"Skiv2l2",0.157360256578222,5.39454662450558,0.415912781913984,0.686984456453022,0.931707686819872,-5.53146028918434
"Mapk1ip1l",0.207509241755112,5.81088982754957,0.41560795338155,0.687199747964372,0.931707686819872,-5.6370374323888
"Zeb2",0.136965944289631,8.94839177667308,0.415514865741418,0.687265498968706,0.931707686819872,-5.90375357577333
"Fbxo22",0.163412395227593,5.77097535098066,0.415339881437309,0.687389103895246,0.931707686819872,-5.64334401561328
"Zbtb18",-0.21339104391217,7.91093633124871,-0.415317112071372,0.68740518837548,0.931707686819872,-5.90845999343168
"Nxt2",0.19775421264275,5.10342630103574,0.415157225774921,0.687518138121583,0.931707686819872,-5.44371936932038
"Gripap1",-0.134795960051241,6.01469216859139,-0.414769082377047,0.687792371281284,0.931707686819872,-5.70686122755521
"Dhx30",-0.104149103307485,6.78778580317979,-0.414763767910052,0.68779612642056,0.931707686819872,-5.84102633488953
"Fam188a",-0.12509826897253,5.83635361647382,-0.41475582877663,0.687801736134746,0.931707686819872,-5.66145187262979
"Cnp",0.262459309524812,6.80242380220766,0.41443105852832,0.688031232847526,0.931707686819872,-5.84053549357499
"Cluh",0.259579017581129,4.69638924626823,0.414263125727669,0.688149914618107,0.931707686819872,-5.37170796006567
"Atp5h",-0.101575213246854,9.0797856001428,-0.414161759048321,0.688221557008537,0.931707686819872,-5.89835591877426
"Ssbp4",-0.157130486863212,6.50987140523561,-0.413445867014576,0.688727617371539,0.931707686819872,-5.80297381419793
"Ppil3",0.184259301787521,4.73502109949134,0.413360012455216,0.688788318466483,0.931707686819872,-5.38737109684402
"Ccar1",-0.167671978885542,7.10778937774374,-0.413348826391075,0.688796227436815,0.931707686819872,-5.87178861232379
"Adipor2",0.149657049843853,5.65730090176766,0.413298061747955,0.688832120459192,0.931707686819872,-5.61200126629468
"Ilf3",-0.145382302759819,6.75818708627302,-0.413272159890419,0.688850434622846,0.931707686819872,-5.83849428693005
"Zcchc12",0.151074572065792,5.71230593102681,0.413151523262179,0.688935734750454,0.931707686819872,-5.63333241728154
"Nav1",0.136801526890537,7.72029576843592,0.413111799590243,0.688963823702379,0.931707686819872,-5.89969004805888
"Rbbp9",-0.175101282858566,4.98434117714599,-0.413007114714738,0.689037849685944,0.931707686819872,-5.45755627121665
"Rnf4",-0.153736706558043,6.03217388362793,-0.412914981325507,0.689103002998773,0.931707686819872,-5.7070536404635
"Fam192a",-0.152465552636018,5.88137392704782,-0.412774745702297,0.689202177603538,0.931707686819872,-5.67383637785163
"Tnrc6b",-0.114993778469575,7.52827689669177,-0.412184234114651,0.689619855808323,0.932044087752397,-5.89734130645142
"Tbr1",0.17051437067553,6.79645139323699,0.411834762822524,0.689867094524256,0.932044087752397,-5.83984550566355
"Yes1",0.217211915110793,5.20134743262955,0.41145586085159,0.690135198177917,0.932044087752397,-5.45884772919788
"Naa20",-0.11558363667679,6.54846383818441,-0.411437130529414,0.690148452569445,0.932044087752397,-5.80977175005973
"Ube4b",-0.165008952242242,6.08148197950834,-0.411348038190746,0.690211499709591,0.932044087752397,-5.71906230865653
"Hivep3",-0.210714098304984,6.11183523760517,-0.410196241681008,0.691026807025027,0.932939474212241,-5.72568665688342
"Anapc15",-0.186826756105479,4.95982894562233,-0.409728829381164,0.691357787822878,0.933180732109823,-5.44391001426289
"Tspo",0.403376171341015,5.26230718515948,0.40949410950491,0.691524022087403,0.933199561187317,-5.37209362187472
"Adgrl1",-0.124953598757346,7.43053103711368,-0.408814784124274,0.692005234666011,0.933643346110374,-5.89418958689713
"Rps6kb1",-0.13351774965906,6.50912117134034,-0.408042451438981,0.692552507427002,0.934176043476264,-5.80460185195207
"Ncaph2",0.13919176538788,6.17232280742017,0.407392752715194,0.693013027567525,0.934241421314466,-5.73010785270858
"Ccdc12",-0.103282333136633,6.7250450932381,-0.407392523529141,0.693013190042858,0.934241421314466,-5.83729780877674
"Ccdc50",0.150328580342396,6.79860878355437,0.407328837793775,0.693058338984263,0.934241421314466,-5.83946506431159
"Ncapd2",0.189980029904745,5.5737088535438,0.406931786729767,0.693339850476985,0.934415351599509,-5.55575314691829
"Supt4a",0.111376393833117,7.23753284573911,0.406635544258026,0.693549920363065,0.934422637705682,-5.881623348913
"Pfdn1",-0.151659793733483,6.80016598203101,-0.406340876097995,0.69375890121939,0.934422637705682,-5.84509233186487
"Cox8a",-0.110781169305814,9.75118679481013,-0.406272745723473,0.69380722366812,0.934422637705682,-5.86274359662863
"Mknk2",0.199333194164773,5.21158566336846,0.405887153275534,0.694080738104808,0.934422637705682,-5.48441605454802
"Incenp",0.221409592665706,5.6898965755647,0.40537185762246,0.694446328410813,0.934422637705682,-5.5714563512715
"Eid1",-0.114427646001073,8.42440421101026,-0.405363896950725,0.694451976975253,0.934422637705682,-5.91604141226742
"Pdcd6",0.116546991201093,6.65493820288751,0.405086583844659,0.694648759309399,0.934422637705682,-5.82691493224227
"Stau2",-0.123562386714833,5.90639498711053,-0.404779661724078,0.694866580370251,0.934422637705682,-5.68200972063796
"Lrba",0.227767087669226,5.30505376987052,0.404592391456672,0.694999499601465,0.934422637705682,-5.50319154749802
"Atp11b",-0.137278390695162,6.04703532682361,-0.404136149875936,0.69532337310116,0.934422637705682,-5.71098034720886
"Tm2d3",-0.117429564343966,6.24757596207915,-0.403856471997281,0.695521940988792,0.934422637705682,-5.75743444104798
"Tmem165",-0.139833055745581,5.97534457129644,-0.403829865842836,0.695540832307163,0.934422637705682,-5.69290249740876
"Hmgn5",0.247570640825027,5.8357837998435,0.403304958804397,0.69591358021139,0.934422637705682,-5.67242078470746
"Ppp1r15b",0.153367926890007,5.25621477142214,0.403031298207763,0.696107946648178,0.934422637705682,-5.52716759822616
"Brsk1",0.156442949460465,5.40893451055508,0.402936187104891,0.696175504429731,0.934422637705682,-5.56609954313522
"Socs7",0.130009219486184,6.12435299851778,0.402812012721256,0.696263710215631,0.934422637705682,-5.72793424184132
"Ints1",0.150827700507168,5.24809767387593,0.402081248884333,0.696782896877189,0.934422637705682,-5.52456092572705
"Rabl6",-0.147712573841544,6.08135019753837,-0.401490695827584,0.69720258925776,0.934422637705682,-5.72011085354784
"Ankra2",-0.133119691920313,6.31635212944884,-0.401479936672665,0.697210236545984,0.934422637705682,-5.77244279086956
"Tor1a",0.147047286075132,5.90351269713489,0.401462866119379,0.697222369862825,0.934422637705682,-5.67773528777397
"Fxr2",-0.129740830834024,6.10703766018507,-0.401454422421501,0.697228371462864,0.934422637705682,-5.73001301925437
"Rbfox3",-0.237248286296948,6.57150341635933,-0.401433491272132,0.697243248972172,0.934422637705682,-5.81273403818602
"Asah1",0.250020005608779,6.02694951416759,0.401352559676501,0.697300775071833,0.934422637705682,-5.68558088716827
"Prrc2a",0.106641386575706,7.21860673284473,0.401170987988221,0.697429843457818,0.934422637705682,-5.88329629573534
"Atp13a2",0.190681322959259,6.28449665411929,0.401068949386544,0.697502381054559,0.934422637705682,-5.76134832339397
"Tspan31",0.148994100876542,6.0824682282681,0.40098844666943,0.697559611420482,0.934422637705682,-5.70738616226009
"Med14",-0.134113135950204,5.57179301533453,-0.400552309673299,0.697869701524885,0.934422637705682,-5.60575793221721
"Rb1cc1",0.101235677098223,7.33862134592518,0.400368489353625,0.698000414065268,0.934422637705682,-5.89109431551392
"Anp32a",-0.0983462049154182,8.3285205439857,-0.400361788834489,0.698005178926294,0.934422637705682,-5.91823535839863
"Ptms",-0.108644770751143,9.47898689302632,-0.400239784729012,0.698091940699831,0.934422637705682,-5.88278947722289
"Ermp1",-0.178536231825245,5.08615610645575,-0.400121258465464,0.698176233667765,0.934422637705682,-5.48881309066535
"Tapbp",-0.196280470389228,5.25483176110523,-0.40001823577924,0.698249504410477,0.934422637705682,-5.51168745927076
"Glmp",0.236836494218339,4.9789669360339,0.399838654148654,0.698377232488907,0.934422637705682,-5.39413601356693
"Surf4",-0.165532582471533,5.62605367296323,-0.399203554978669,0.698829029187482,0.93482302791113,-5.61746548675714
"Mal",0.31166196293879,5.9228674580793,0.398396892364016,0.699403052588711,0.9350166669774,-5.69103040541434
"H2afv",0.241696006736988,8.9310652061028,0.39830297247223,0.699469899322872,0.9350166669774,-5.91156798284094
"Ddx41",0.188181063624324,4.87275596216004,0.39790426895149,0.699753703706164,0.9350166669774,-5.42504116220342
"Atp5e",0.124597426588091,8.88475100559486,0.397836416285553,0.69980200734894,0.9350166669774,-5.91327906680286
"Thumpd3",-0.182234779273349,4.95713096528577,-0.397719279317911,0.699885399343142,0.9350166669774,-5.42891394707275
"Mgat2",0.176476897377188,6.10502430108112,0.397527858561239,0.700021684465584,0.9350166669774,-5.71793732117634
"Cmas",-0.148211237220168,6.43965552254869,-0.397184900814994,0.700265887074498,0.9350166669774,-5.79687803676727
"Nde1",0.176336819797083,5.12527007484823,0.396978164357267,0.700413111010829,0.9350166669774,-5.4681929876303
"Vma21",-0.157353710463052,5.89439663777536,-0.396451467493175,0.700788248935576,0.9350166669774,-5.68238472714572
"Thsd7b",-0.259548684549766,5.18192858519409,-0.396377491364774,0.700840945003995,0.9350166669774,-5.50983468502615
"Gigyf2",-0.11956076012881,6.50112454674072,-0.39614607028835,0.701005806095124,0.9350166669774,-5.80896793027973
"Sema5a",0.351721069794733,4.98054324112548,0.396031061681398,0.701087742722822,0.9350166669774,-5.44524327063334
"Mon2",0.140362649264071,5.37470499487695,0.395950109300157,0.701145418803148,0.9350166669774,-5.54493034793905
"Zfp704",0.258853600453869,7.5722733462256,0.395841338938018,0.701222917511186,0.9350166669774,-5.89878590002678
"Kcnk2",0.138161981075613,6.96300751450524,0.395785786084521,0.70126250023305,0.9350166669774,-5.8653785921979
"Rpp30",0.133958510859219,5.45799320116165,0.393894636725735,0.702610553961488,0.935570046316076,-5.56252946940953
"Cers4",-0.145469982956012,6.60831876771873,-0.393583693758659,0.702832306031969,0.935570046316076,-5.82626615098456
"Mrto4",-0.163153158068155,5.74633936794965,-0.393579198538493,0.702835512059947,0.935570046316076,-5.66217902747211
"Ric1",0.234602955140421,4.73091216794038,0.393445355908729,0.702930972556449,0.935570046316076,-5.39755501069006
"Dynlrb1",-0.0985278679236445,8.1642437947243,-0.393417388595565,0.702950920358259,0.935570046316076,-5.92068481732098
"Celf6",0.198327213992074,4.8786783647093,0.393082709533662,0.703189650143301,0.935570046316076,-5.43244991696771
"Rem2",0.293580511936519,4.40714952599875,0.392000080853287,0.703962133975358,0.935570046316076,-5.22779907142644
"Ap1m1",0.139808828919491,5.40634807107496,0.391905863219072,0.704029377638997,0.935570046316076,-5.55389709201147
"Taf2",-0.157792021677025,5.3104074577124,-0.391752722982397,0.704138680476297,0.935570046316076,-5.5569641160431
"Slmo2",0.130276760386946,5.78225671045281,0.391519732970724,0.704304989278349,0.935570046316076,-5.65361656083639
"Atg16l1",0.156292839364117,5.40208384050741,0.391197454498371,0.70453505965063,0.935570046316076,-5.55960834603984
"Mrps7",0.123478105351276,6.209967506854,0.390983880237818,0.704687544939067,0.935570046316076,-5.75037731242805
"Fam98a",0.22182305098021,4.47201811131724,0.390960902115187,0.704703951421523,0.935570046316076,-5.26475378707092
"Fkbp9",0.1886432756405,5.39630173575427,0.39088913456259,0.704755194810231,0.935570046316076,-5.5806463660475
"Sec23a",0.154264637563389,6.09908837614762,0.390742356202434,0.704860002213781,0.935570046316076,-5.7255842414338
"Pnpt1",-0.258667592885434,4.33397916936166,-0.390708636641906,0.704884080664355,0.935570046316076,-5.28778986885874
"Gin1",-0.177399512274627,5.11501645657792,-0.390575547424864,0.70497912033694,0.935570046316076,-5.50128300689466
"Pik3ip1",0.161450328522662,5.97182550500007,0.39046156275617,0.705060521639033,0.935570046316076,-5.70962853795234
"Stard3nl",0.123415338558851,6.30864163125778,0.390358063425899,0.705134438336923,0.935570046316076,-5.77267671235713
"Pmp22",0.267812972398788,5.97341949473647,0.390244189960797,0.705215767751302,0.935570046316076,-5.67197891959581
"Plek",-0.29826044092306,6.12059738793339,-0.390058440774095,0.705348439885116,0.935570046316076,-5.7215657268605
"Cep170",-0.127529824259371,7.23117232291183,-0.390054924459403,0.705350951528704,0.935570046316076,-5.8907611348189
"Rif1",-0.111175786778457,6.76814627999228,-0.390031878676105,0.705367412831491,0.935570046316076,-5.84906894441347
"Zfp706",0.0968102583829156,7.75277699461862,0.390031547691411,0.705367649250721,0.935570046316076,-5.91109416765477
"Jakmip2",0.154520168674903,5.38798572597644,0.389854218576007,0.705494318542198,0.935570046316076,-5.53444097864858
"Dctn5",-0.145862601941807,5.55248746893256,-0.389382732002279,0.705831156095404,0.935731467953113,-5.59702817554863
"Pithd1",0.13130596459857,5.56772992778707,0.388356554395377,0.706564506842186,0.935731467953113,-5.6052854524167
"Plekho1",0.234405172028725,6.03237387361622,0.387978188267291,0.706834984064779,0.935731467953113,-5.65998686779832
"Ptges3",-0.0919379526162714,7.81726555365069,-0.387745053058973,0.707001663686691,0.935731467953113,-5.91588562157552
"Kif5a",-0.134061891325051,7.31984425335597,-0.387546444965509,0.707143671170038,0.935731467953113,-5.89706978564339
"Rnaseh2c",0.184553884061344,6.45683168929178,0.38749958779054,0.707177176424636,0.935731467953113,-5.79336201049761
"Cbx1",0.156946834337638,7.6505672820548,0.387455337075899,0.707208818537204,0.935731467953113,-5.90757167902827
"Med13l",0.150372733709473,6.45820127400867,0.38715165339961,0.707425987897231,0.935731467953113,-5.80015255940741
"Tmem57",0.141735977734476,6.83934161290794,0.387029244264334,0.707513532627503,0.935731467953113,-5.85741451884718
"Rab5b",-0.139751637017521,5.98356390251595,-0.386868174276819,0.707628733770607,0.935731467953113,-5.70808183395673
"Grsf1",0.154237251212456,5.62304282424859,0.386784064077294,0.707688894527778,0.935731467953113,-5.6294383641524
"Tcerg1",0.157329294182361,6.30407998527641,0.386780698817267,0.707691301611918,0.935731467953113,-5.77503969716733
"Hnrnpll",-0.14368510435247,6.03062741501362,-0.386651707116459,0.707783568641101,0.935731467953113,-5.72115097403034
"Ugp2",0.189670170361285,5.30485086556025,0.386567960163316,0.707843475047307,0.935731467953113,-5.50618722325947
"Zfp266",-0.149262983952484,5.5961656643845,-0.386479844600591,0.707906508719098,0.935731467953113,-5.61934919355483
"Casp3",0.184533953438599,4.84177989638125,0.385006578868968,0.708960759287942,0.935898601443778,-5.40897731501727
"Trim41",-0.155488735554463,5.06985453103978,-0.384456691838047,0.709354418923049,0.935898601443778,-5.49240415145769
"Nfxl1",0.251392163822984,4.95106159828255,0.384422710359028,0.709378748966477,0.935898601443778,-5.35921157643166
"Paxbp1",-0.153442940418245,6.02058944663474,-0.383964830142334,0.709706615632101,0.935898601443778,-5.71908652526203
"Tulp4",0.0971033749180099,7.45934206292046,0.383740263449833,0.709867440356475,0.935898601443778,-5.90399529936942
"Mia3",-0.148980077093398,6.61996575951976,-0.383735954374117,0.709870526473636,0.935898601443778,-5.83269448803194
"Gm561",0.168986910907248,6.31774850097037,0.383461548400098,0.710067064766208,0.935898601443778,-5.77639617853932
"Wdr61",0.116158742584467,6.16496331061221,0.383118757734474,0.710312614049915,0.935898601443778,-5.74086185437196
"Slc6a8",0.153107404835562,5.10430198604809,0.383108275262762,0.710320123453714,0.935898601443778,-5.48319298572532
"Tpst1",-0.181799405475268,5.34564436850889,-0.383033735472844,0.710373523008986,0.935898601443778,-5.56098766524336
"Srp19",-0.120344517472208,6.70004429689764,-0.382173885679914,0.710989630951963,0.935898601443778,-5.84416934277081
"Txnl4a",0.160752929743759,6.02898891345367,0.382163578914264,0.710997017396932,0.935898601443778,-5.70921689660271
"Vdac1",-0.0921507405127586,8.028305237521,-0.382079124495799,0.71105754368229,0.935898601443778,-5.9234002076366
"Prr36",0.141139527742964,5.22323499911608,0.381637371070768,0.711374171592393,0.935898601443778,-5.52105867700522
"Srsf1",-0.114455256619672,7.80470822388725,-0.38141214902476,0.711535622500698,0.935898601443778,-5.91849818209437
"Inafm2",-0.203069816489845,5.04110464411086,-0.380996864317894,0.711833359912948,0.935898601443778,-5.48489947444062
"Bace1",-0.165026595505141,5.4630025549586,-0.380932311375145,0.711879645614323,0.935898601443778,-5.60188146235955
"H2afy2",0.170649914618985,6.37046445826707,0.380546581190671,0.712156247453754,0.935898601443778,-5.77694877321782
"Dpysl5",0.210612876377923,6.17215548022241,0.379747736543037,0.712729228894813,0.935898601443778,-5.71790026134171
"Mrpl39",0.178011871249574,4.92694692981147,0.379389014945978,0.712986588251427,0.935898601443778,-5.42115624586922
"Arhgap23",0.190932493365291,5.23078280001848,0.379164120330316,0.713147954972946,0.935898601443778,-5.53438228333042
"Rsl24d1",0.110429822907368,5.94896972181892,0.379160709029007,0.71315040277062,0.935898601443778,-5.69513005587641
"Eid2",0.133529167101791,6.30271667539271,0.37865762998592,0.713511427671781,0.935898601443778,-5.77708304545954
"Dynll2",-0.119088498889267,8.19038788494392,-0.378440841675327,0.713667024740686,0.935898601443778,-5.92683244720964
"Xpot",-0.239511714358315,5.19172881079679,-0.37820295586983,0.713837780303293,0.935898601443778,-5.52162345943846
"Fkbp4",0.109282091132273,7.57078365807072,0.378055132799492,0.713943896854635,0.935898601443778,-5.90973592877407
"Nob1",-0.14790622385994,5.00384044006932,-0.377941861414697,0.71402521444767,0.935898601443778,-5.47460510093061
"2310036O22Rik",0.104793939435669,7.73110929388701,0.377698157489123,0.714200182518906,0.935898601443778,-5.91497104187792
"Snrnp40",0.130220335989586,6.17584281125653,0.377682066818496,0.714211735489999,0.935898601443778,-5.74329828132185
"Cd47",0.11398182242371,8.49647696768337,0.377508620208989,0.714336273614649,0.935898601443778,-5.92597032494218
"Bola1",0.290577894624078,4.78041647789353,0.37741685006285,0.71440217001073,0.935898601443778,-5.35320715771893
"Arf6",-0.141415855662949,6.58982271146832,-0.377096015918595,0.714632567491184,0.935898601443778,-5.82904105994897
"Stk4",-0.185209072044502,4.64322943824088,-0.376763342468408,0.714871499150996,0.935898601443778,-5.37452911377346
"Smg6",0.117627904047229,5.98637523849613,0.376540567765149,0.71503151796325,0.935898601443778,-5.70784260342113
"Supt5",-0.111188397580807,6.31653457988961,-0.376526929975838,0.715041314447638,0.935898601443778,-5.78286624671069
"Cntn2",-0.182431259284225,5.48260603684076,-0.376179672149403,0.715290779962652,0.935898601443778,-5.60840087989314
"Ggt7",-0.180443147304553,5.47489417785239,-0.375892513683246,0.715497097753155,0.935898601443778,-5.59687134808084
"Paip1",-0.111736856835568,6.48307967127372,-0.375888101192188,0.715500268232142,0.935898601443778,-5.81376866312377
"Psmd2",0.116474827516449,7.36040312330299,0.374897791559317,0.716211974203324,0.935898601443778,-5.902439501338
"Colgalt1",0.142356930709509,6.11935983128483,0.374429562774577,0.716548576756389,0.935898601443778,-5.72597425194657
"Mrpl22",0.134980434149624,5.31862678567839,0.374424427664643,0.716552268666175,0.935898601443778,-5.54115243127012
"Anapc11",0.0970165903378479,7.27494259598999,0.374201162923443,0.716712793322708,0.935898601443778,-5.89740496010703
"9030624J02Rik",0.127440728628373,5.44193528321335,0.374062682482924,0.716812366448084,0.935898601443778,-5.57447630058683
"mt-Nd1",0.10713847632035,12.3693602869014,0.374022105394634,0.716841544108397,0.935898601443778,-5.75715918118562
"Tmed4",0.145662455958633,6.43666123692716,0.37397289064246,0.716876933479835,0.935898601443778,-5.80605367749148
"Arsb",-0.179277667333933,5.81156961161073,-0.37368013482564,0.717087463191129,0.935898601443778,-5.67643174458769
"Vps26a",-0.123659243686434,5.67057464984159,-0.37331390960395,0.717350862417246,0.935898601443778,-5.64659038902204
"Bbip1",-0.110496870112464,6.67582191945148,-0.372758586824267,0.717750340807818,0.935898601443778,-5.84469038683203
"Cnot6l",0.125453546355472,6.43762951014539,0.372675879056169,0.717809845405116,0.935898601443778,-5.80649094640893
"Tmx1",0.106882729196885,6.15464260440948,0.372650672121562,0.717827981082876,0.935898601443778,-5.74287078970402
"Tmpo",0.166008375674671,7.98212153348503,0.372623893127951,0.717847248016493,0.935898601443778,-5.92192262225875
"Sp4",-0.130869225018374,5.65155560938089,-0.372563424283898,0.717890754874931,0.935898601443778,-5.63700603009907
"Htatsf1",0.125026987894921,6.54542833791418,0.372251823439067,0.718114966201122,0.935898601443778,-5.82189808709974
"Arnt",-0.177449292088278,5.16666226308127,-0.371753417778609,0.718473651334158,0.935898601443778,-5.50321997793094
"Htra2",0.167227673847288,5.21524275551524,0.371699815726335,0.718512231181899,0.935898601443778,-5.48093832551328
"Slc38a10",-0.161479375574595,5.44299992356642,-0.371608238460007,0.718578145469557,0.935898601443778,-5.5727758600031
"Nptx2",-0.265877377715146,4.297491022722,-0.371449667001453,0.7186922857542,0.935898601443778,-5.28145256721375
"Foxo3",0.119302528681269,6.00018306901606,0.371418954619504,0.718714393481846,0.935898601443778,-5.71371069972525
"Yeats2",-0.226424398720022,4.93199810900295,-0.371127444941843,0.718924244923817,0.935898601443778,-5.45053384598089
"Ift57",-0.129542147699204,5.80061232970098,-0.371016009701219,0.719004471268533,0.935898601443778,-5.67047483075216
"Txndc17",0.127286196617256,6.87632709377064,0.370617377404446,0.719291491030811,0.935898601443778,-5.86486763703855
"Creld1",0.173936516578027,5.36200448512411,0.370443951902972,0.719416373813728,0.935898601443778,-5.56060106706057
"Cyp51",0.189525790012644,5.69049796546359,0.37043523750246,0.719422649238525,0.935898601443778,-5.63060059207085
"Ndufb3",-0.103658876707086,7.74498229740129,-0.370311881455512,0.719511482919565,0.935898601443778,-5.92043080421171
"Tox4",0.180647578309751,6.01383226092593,0.370145694519215,0.719631167864591,0.935898601443778,-5.69134844507394
"Higd2a",0.100980035179819,7.45313393124648,0.370013310243013,0.719726514475279,0.935898601443778,-5.90867003128225
"Tsc22d1",-0.103280722574852,8.53624976723131,-0.370001267659785,0.719735188111158,0.935898601443778,-5.92970932332244
"Fbxw5",-0.153996557432377,5.13081381720352,-0.369901201523198,0.719807262090303,0.935898601443778,-5.5143015458516
"Rab2b",0.148733564775759,5.46650472362883,0.369758683006809,0.719909917996506,0.935898601443778,-5.60218994254944
"Polb",-0.120371274102129,6.03599992658748,-0.369749732156649,0.719916365479723,0.935898601443778,-5.72677896586063
"Ppp2r4",0.148956225169371,6.79304486262331,0.369614299647747,0.7200139231718,0.935898601443778,-5.85580322961176
"Actr2",-0.133111157833137,7.44121992851418,-0.369453051294878,0.720130084050489,0.935898601443778,-5.91001084411589
"Ptbp2",0.0886743821337532,7.35269966574571,0.369338814663655,0.720212382969321,0.935898601443778,-5.90444758962101
"Fam122a",-0.21826436978764,4.86467115723934,-0.369273415307632,0.720259500004105,0.935898601443778,-5.42607443857514
"Srrm2",0.0881197328918491,8.793871341588,0.369230406441078,0.720290486464681,0.935898601443778,-5.92705467598135
"Cpsf3",-0.149629072950055,5.3929962226855,-0.369078995712795,0.720399577144401,0.935898601443778,-5.58543183781678
"Znhit6",0.176080780966229,4.93917765419803,0.368601461118471,0.720743682063902,0.935898601443778,-5.43130189198659
"Ctsh",0.323063217701449,5.82044623667027,0.368548501149915,0.720781848372674,0.935898601443778,-5.60911151123691
"Tomm20",0.0925601375414505,8.357215983044,0.368383686221675,0.720900629658541,0.935898601443778,-5.92930188984716
"Gm6483",-0.145853526188568,6.16734812144651,-0.36808034199084,0.721119268903926,0.935898601443778,-5.7543409727731
"Sar1a",0.113057162882593,6.29519789789055,0.367948279373963,0.721214463062633,0.935898601443778,-5.77565327172932
"Ankhd1",-0.125577296707161,5.89419887731212,-0.367928078478559,0.721229024837494,0.935898601443778,-5.70021618085948
"Ppp2ca",-0.0901359884618618,8.25154840993511,-0.36781543718016,0.721310224258609,0.935898601443778,-5.93078992558448
"Eprs",0.138721678082483,7.13917423344936,0.367803684096049,0.721318696883587,0.935898601443778,-5.89131422821981
"Prdx5",0.126727431272203,7.55058568097997,0.36770442726051,0.721390251267905,0.935898601443778,-5.91243085403852
"Pde12",-0.238171855669413,4.33701326859126,-0.36753610026212,0.721511604945407,0.935898601443778,-5.29522266919108
"Cpd",0.214629291249198,5.40002009604179,0.367516950749945,0.721525411115666,0.935898601443778,-5.5896736699035
"Sowaha",-0.172253664263222,5.27150323082711,-0.367453112910887,0.721571436870742,0.935898601443778,-5.55500613043247
"Ddx26b",0.176254599060389,5.47644347156012,0.367273572712184,0.721700887944865,0.935898601443778,-5.57606002859785
"Cdca7",-0.342191443462371,6.74733057190443,-0.367166356441597,0.721778196870642,0.935898601443778,-5.85170208065746
"Tfdp2",0.154975934499928,5.96820341988965,0.366509734864214,0.722251730243296,0.936314491840685,-5.70396603013322
"Rbm15",0.185514941842452,5.29303619650935,0.365759258160271,0.722793101250007,0.936588568465684,-5.52412763655706
"Ak6",0.157653386131912,5.48471195466507,0.365439450833149,0.7230238498616,0.936588568465684,-5.56054309954108
"Ube2c",-0.315710167718713,7.06336381339097,-0.365389052361889,0.723060216248527,0.936588568465684,-5.88792452743672
"2700060E02Rik",0.171215310239248,7.63623512695851,0.365369261661335,0.723074496966572,0.936588568465684,-5.9152523255532
"Smim7",0.122130473236881,6.81055935360167,0.363849807775612,0.724171252064163,0.937623999662687,-5.85855022976342
"Rfx7",-0.115273640796174,6.24409519980848,-0.363799579764789,0.72420751841072,0.937623999662687,-5.77319690864455
"Ccnh",-0.128377567853883,6.45988979013809,-0.363625936305434,0.724332900522709,0.937623999662687,-5.81295722950973
"A430106G13Rik",0.271742108926287,4.52215695046187,0.363258545942509,0.724598209280821,0.937726437622864,-5.27125975149601
"Gdap1",0.107067829953627,7.09228653577743,0.363068753504399,0.724735281917817,0.937726437622864,-5.88892319727071
"Prr7",-0.120628272360085,6.22763193708975,-0.362880704502348,0.724871105584123,0.937726437622864,-5.77084210751296
"Tm9sf2",-0.114062202728955,6.61973330600722,-0.362418337384719,0.725205106265327,0.93796050890543,-5.8407024041328
"Htra1",0.311057498851603,4.61176641478567,0.362098211594384,0.725436391752811,0.938061660405407,-5.37210615501935
"Ywhae",-0.0902199952863859,9.70350449355822,-0.36123822866854,0.726057859951204,0.938507191711335,-5.8835297677078
"Kansl1l",0.140066552069206,5.40606170815056,0.361042513409965,0.726199323428054,0.938507191711335,-5.55632283838637
"Tmem242",0.234496372283749,4.73462345176315,0.36098570202325,0.726240388886284,0.938507191711335,-5.33403796397945
"Ppp2cb",-0.102093076417838,7.1163657832122,-0.360481458660284,0.726604915737096,0.93878029172189,-5.89384323471304
"Shprh",-0.112256997563021,5.9632098869828,-0.360061352960525,0.72690867322962,0.938806464002488,-5.71524103002608
"Cenpv",0.128284265505006,6.92840294427141,0.360029686436288,0.726931571751274,0.938806464002488,-5.87504811865504
"Scand1",-0.0934915079674224,7.44033391742689,-0.359142946390258,0.727572902102732,0.939436734952706,-5.91405393668242
"Tm9sf3",0.100366569167765,7.21212618708118,0.358730211620619,0.727871486668006,0.939624282768389,-5.89916292710055
"Cpsf2",0.130686469833301,5.59360250082903,0.358193308425454,0.728259970674224,0.93992778017937,-5.61415079202193
"Reps1",0.125254120553384,5.68916416250338,0.357953587016756,0.72843345092071,0.939945449172416,-5.65186524923109
"Vbp1",-0.105986507439453,7.41343353849423,-0.357750501572815,0.728580431391804,0.939945449172416,-5.91340898033087
"Tceb1",0.0954276673284045,7.76327964011225,0.356785299147454,0.72927914370689,0.940648830274852,-5.92357989401566
"Eml2",-0.157607332597639,5.44995522862626,-0.356287709581439,0.729639452794662,0.940879601214013,-5.59746298963823
"Zfp560",-0.1160159961428,5.57268643722691,-0.356043206625467,0.729816525186334,0.940879601214013,-5.62468648648481
"Spi1",0.344510406018587,4.91834012199157,0.355902171598477,0.729918672351733,0.940879601214013,-5.30934353160846
"Scaper",0.136801341558583,5.93996653728598,0.354072961289163,0.731244018181652,0.942066722345727,-5.71284660494673
"Rsbn1l",0.140276827135705,6.43360122588115,0.353631857641671,0.731563758457106,0.942066722345727,-5.80675777117252
"Bcl2a1b",-0.432358923251685,5.15375515977782,-0.353628478670088,0.731566207963492,0.942066722345727,-5.34651748362178
"Yeats4",-0.11199675006797,6.65859495339963,-0.353585604766642,0.731597288674572,0.942066722345727,-5.84891735080927
"Slc25a46",0.112601281099652,6.09003921890953,0.353107570965383,0.731943866082133,0.942066722345727,-5.73803915692418
"Itch",-0.102978674682135,6.39227907056372,-0.353053794885366,0.731982858071752,0.942066722345727,-5.80528184577451
"Olig1",-0.614092918428676,5.79282127844863,-0.353035220401251,0.731996326257015,0.942066722345727,-5.66339656793204
"Twsg1",0.133089825258007,6.2600475451963,0.352934343000216,0.73206947320665,0.942066722345727,-5.78013559944475
"Actr10",-0.0955953554642318,7.10553453028885,-0.352587192306604,0.732321216503964,0.942160902567853,-5.89568321209065
"Cct7",-0.0985519521805269,8.05943520711227,-0.352241588776698,0.732571871321972,0.942160902567853,-5.93547674223583
"Pkd1",-0.145114756997225,5.13607966936495,-0.352197430520979,0.732603900250624,0.942160902567853,-5.52167439792002
"Paip2",-0.0890518957329254,8.4195226333516,-0.351925342330417,0.732801263661299,0.942195378620255,-5.93682857471602
"Sbf1",-0.161063538299978,5.55382865366179,-0.351736558503015,0.732938213100972,0.942195378620255,-5.63302133809823
"Vps41",-0.125121925257065,6.31189539319893,-0.351327120068159,0.733235266171897,0.942379553502807,-5.79072718395109
"Ndnf",0.143759704635634,9.30997683727307,0.350427241508011,0.733888304317441,0.943021079651348,-5.91276522175774
"mt-Co2",0.101240983339259,13.4975794696342,0.350208943961193,0.734046755917918,0.943026943451783,-5.73569414792459
"Cep295",-0.120937646185081,5.66461923898482,-0.349753930350157,0.734377070815402,0.943253550609262,-5.64331584279699
"Gm21092",-0.105634673262141,7.37200903805531,-0.34907326945391,0.734871300592299,0.94344534007396,-5.91500944472646
"Anp32e",-0.118432847070877,7.4488123956125,-0.348835159601048,0.735044223165984,0.94344534007396,-5.91861505825277
"Slc2a13",0.11995760459668,5.78700396893545,0.348815890114197,0.735058217937301,0.94344534007396,-5.67736821741451
"Ing4",0.20092429673168,6.22176813193841,0.348700235819866,0.735142215870294,0.94344534007396,-5.75614336003372
"Pex5l",0.244413511308772,5.93855077912218,0.347853624352548,0.735757209534113,0.943839511158038,-5.70671585755083
"Chrac1",0.135818832954448,5.37646901525893,0.347828194898195,0.735775685010938,0.943839511158038,-5.54664345182052
"Abca5",-0.168848079960934,5.41151307868216,-0.347570591746671,0.73596285368754,0.943839511158038,-5.59639039276663
"Tusc2",-0.116807917310509,5.90848788481259,-0.347429409635379,0.736065441224586,0.943839511158038,-5.70724527579736
"Epc2",-0.0953346118859794,6.38889448841525,-0.347016363741215,0.736365605482101,0.943916970606393,-5.80718558865197
"Slc15a4",0.139311715424799,5.33536043517136,0.346856572840183,0.736481739633939,0.943916970606393,-5.54730097394399
"Mcm5",0.169411227567389,5.7335763297698,0.346507506245142,0.736735461632912,0.943916970606393,-5.63709009523533
"Cenpf",0.270283326233003,7.28031647399332,0.345778815605528,0.737265224758813,0.943916970606393,-5.90475953849688
"Atp5o",-0.110519994597783,8.29174361830933,-0.345753127690583,0.737283902717458,0.943916970606393,-5.93917822508797
"Bcl7b",-0.14376926012974,5.48079506720759,-0.345632553958922,0.737371575597267,0.943916970606393,-5.61859193269644
"Fem1a",-0.127061334511362,5.26585128648109,-0.345549840956593,0.737431721084997,0.943916970606393,-5.55947338547434
"Atp5g3",-0.0872685743761906,8.25900311109582,-0.345525341223219,0.737449536642911,0.943916970606393,-5.93900223006544
"Nfat5",-0.091583653174361,6.93374860979947,-0.345439237900349,0.737512150010347,0.943916970606393,-5.88317518026158
"D8Ertd738e",-0.107022232792764,7.58622453299366,-0.344682450709544,0.738062564763546,0.944320675864488,-5.92464618784021
"Smc5",-0.115849712809623,5.86442889892293,-0.344568730981783,0.738145287224676,0.944320675864488,-5.69947053676878
"Igf1r",0.112191356114723,7.27452101241761,0.344369974935207,0.738289875663636,0.944320675864488,-5.90742384767817
"Ubp1",0.139165073374631,5.71270711435752,0.343839927109184,0.738675520836836,0.944435425445693,-5.66054862521568
"Nvl",-0.0977348299842389,6.09979323649874,-0.343823016888418,0.738687825417952,0.944435425445693,-5.74892437501629
"Nelfcd",-0.13015560337443,5.21980137468043,-0.343450792335927,0.738958691332672,0.944486829316763,-5.54253280007812
"Dda1",0.103303593482177,6.54671701761983,0.343344174313506,0.739036283709836,0.944486829316763,-5.83349299565189
"Herpud2",0.124770477152222,5.40305732027225,0.342777802854393,0.739448518542098,0.944708484465167,-5.56683093490792
"2610008E11Rik",-0.14977086159126,4.91956709872603,-0.342682287444285,0.739518048299512,0.944708484465167,-5.4645610240532
"Ube2l3",0.0912495370661899,7.19292552702255,0.341661252649891,0.740261458763807,0.945292222894842,-5.90418154485714
"Hdgfrp2",0.144689050776491,5.48507034534333,0.341630966044335,0.740283514633216,0.945292222894842,-5.57636556414528
"Heatr6",-0.151020710635408,5.61569159435736,-0.340794099367715,0.740893051833024,0.945681352952949,-5.6228746505127
"Cebpb",0.155797612482233,6.76396302764891,0.340788823040092,0.740896895484189,0.945681352952949,-5.85620179233058
"Sp1",-0.127402677109441,5.43500979998417,-0.340489541096848,0.741114926054369,0.94576265449004,-5.58733714451091
"Cks2",0.305420394625788,7.02509134298157,0.339826119645537,0.741598323416261,0.946139447001596,-5.87834618246169
"Cox5b",-0.0916368123106813,8.68561528918224,-0.339660555721584,0.741718979013654,0.946139447001596,-5.93943010605706
"Rtn2",-0.145387963084929,5.67633525730604,-0.338958231926166,0.742230883796764,0.946376896411915,-5.65397083886
"Trappc13",0.101334462942294,6.01586836029842,0.338775608241623,0.742364015120084,0.946376896411915,-5.72760948250412
"Npc1",0.107750608084841,6.10586591195468,0.338769551865387,0.742368430328341,0.946376896411915,-5.74943161324575
"Mgat5b",0.168257586195891,4.72544294086814,0.338461969580796,0.742592676437918,0.946415941814317,-5.40549640329247
"Arl13b",0.207092721298511,4.51691179472864,0.338112542294313,0.742847461099268,0.946415941814317,-5.35746815561254
"Spopl",0.145671710240873,5.02036341562345,0.338092079535711,0.74286238252723,0.946415941814317,-5.45698787416987
"Pafah1b3",0.140386134024837,7.26025688093246,0.337684750551935,0.743159430021033,0.94659758619183,-5.90819075466964
"Phf12",0.130915496621518,5.97818818347407,0.337202037352818,0.743511509898949,0.9468492378763,-5.71759915584417
"Papola",0.103226333607265,7.44636769489477,0.336816632587367,0.743792660306259,0.946878156181553,-5.91956460776157
"Crbn",0.189764619407713,5.17335665974387,0.33674728761285,0.74384325128231,0.946878156181553,-5.48523415969528
"Uhrf1",-0.115462172027253,5.63371804050892,-0.336440454381335,0.744067118536429,0.946966417942105,-5.63475605262521
"Nars",0.0904120251473406,7.18277668133422,0.336096945635393,0.744317774476174,0.947088729649085,-5.90503233909537
"Serpini1",-0.187742161164206,5.95992056275946,-0.335371148258639,0.744847487950689,0.947565996712025,-5.71392150774857
"Shoc2",0.144952085689863,5.6556681487296,0.334996164198055,0.745121220377673,0.947717484116725,-5.64035606688799
"Mrpl28",0.103963706460283,6.88128028075999,0.33477910289945,0.745279688899654,0.947722335251521,-5.87901896879439
"Gpn1",0.125786785237579,5.14330400768588,0.334084258811372,0.745787053943344,0.948170760698094,-5.51361844386107
"Josd1",0.113713401130189,5.47060951797267,0.333514896532023,0.746202890167857,0.948182133780622,-5.5888304454975
"Mycbp2",0.101659053435771,8.01759272478439,0.333208376066033,0.746426794550637,0.948182133780622,-5.9384669593268
"Mxi1",-0.0975467838221696,6.65303082153193,-0.333124559892187,0.746488024216359,0.948182133780622,-5.85430609737902
"Dach1",0.195930255397091,5.79855254561722,0.333072849435314,0.746525800842598,0.948182133780622,-5.69001061346598
"Ubl3",-0.0935840873328741,7.20771532282305,-0.332945525478376,0.746618819293488,0.948182133780622,-5.90943875782866
"Fdx1l",0.122609623051144,5.48291987540716,0.332706861813793,0.746793190293417,0.948182133780622,-5.59722076963705
"Zhx1",-0.122953983673934,6.06427527018313,-0.332490478743409,0.746951295889067,0.948182133780622,-5.74408895645907
"Acaca",0.106061190915991,5.79474055808192,0.332377522394046,0.747033835165281,0.948182133780622,-5.68090446119721
"Ddhd2",-0.132786542055544,5.5498717848436,-0.331699442133142,0.74752939216039,0.948304876868301,-5.63027159150041
"Daglb",0.18678738336958,5.35680894243101,0.33161632709062,0.747590142992264,0.948304876868301,-5.51964672463806
"Bcl2l13",-0.134540981311633,5.13801208492121,-0.331450780613837,0.74771115045426,0.948304876868301,-5.5241470555488
"Ubl7",-0.1165724589596,5.58771940538884,-0.331398266763616,0.747749537373961,0.948304876868301,-5.63551545463807
"Ndufb9",-0.0936883600301741,8.40601558154147,-0.330887917791265,0.748122633720609,0.948581729658575,-5.94419115471851
"Cacfd1",0.152708676107989,5.62696792947718,0.330508232734315,0.748400251526757,0.948686092522865,-5.6315681515507
"Gm26917",0.106772675530041,6.3896771039637,0.330282334818016,0.748565441489436,0.948686092522865,-5.81153335694787
"Stx3",0.17059080054467,5.21107488426299,0.330140211802062,0.748669377193305,0.948686092522865,-5.53481817849367
"2810428I15Rik",-0.119009804108151,6.74886718932799,-0.329696392184039,0.748993980429094,0.948818966904067,-5.86856454100012
"Ap1b1",0.177172504849626,5.81887505536847,0.329573455558473,0.74908390370135,0.948818966904067,-5.68582215127303
"BC031181",0.0842155977581747,7.44474424846376,0.329262615931947,0.749311288378452,0.948910844220532,-5.92293208954405
"Chmp7",-0.0952352626191409,6.0888639830002,-0.328935616827821,0.749550521518463,0.949017685096103,-5.75197047201625
"Acot13",-0.104904715247821,6.04240397416327,-0.328648758676417,0.74976041067947,0.94908733663371,-5.74465159616067
"Sh3glb2",0.106197289645161,6.31143053239975,0.328230945371249,0.75006615624812,0.949278274574242,-5.79716488231377
"Hsdl1",-0.115143325053648,5.39257571860611,-0.327894644111846,0.750312286667928,0.949393700743561,-5.58367329937303
"H1fx",-0.171635004923631,7.97288373307453,-0.327241108539179,0.750790677915887,0.949802905505482,-5.94286302517468
"Trnau1ap",0.109099669808427,5.69801261371835,0.32605110913636,0.751662051119615,0.950708988495563,-5.65209312697189
"Cnot1",-0.109446389371548,6.10112808335166,-0.325604008006093,0.75198953530157,0.950926923716059,-5.75240396293098
"Sun1",-0.112421973829239,5.99304682619425,-0.325194239325826,0.752289720803255,0.950967041806063,-5.73212524562935
"Tmem234",-0.0855897580920581,7.2753773200432,-0.325137038093336,0.752331628373987,0.950967041806063,-5.91693899194311
"Lamtor2",0.101711402096472,7.03913619245095,0.32488688459366,0.752514909379618,0.951002549943967,-5.89788267025141
"Cntnap2",-0.134733349311209,6.65990611169191,-0.324588821599845,0.75273331374632,0.951082421987103,-5.85859241262351
"Nipsnap3b",0.155617481290965,5.45914639764732,0.323773173777644,0.753331094491383,0.951641506296268,-5.55178443511102
"Stoml2",0.0909781855579241,6.31686009223173,0.323486756564419,0.753541048087451,0.95171054053584,-5.79746649871542
"Nalcn",0.182201524703793,5.42305254639591,0.323073815216698,0.75384378571855,0.951896706961318,-5.59736743767632
"Cars",-0.161398022764471,5.35206657882469,-0.322751439539981,0.754080158163955,0.951999013026105,-5.57118196869132
"Mef2a",-0.10388293639802,7.55499793529237,-0.321576532152348,0.754941852294317,0.952868177459181,-5.93142804464834
"Atxn2",0.088713450758069,6.47016554664869,0.321388742304143,0.755079613208516,0.952868177459181,-5.82957651917519
"Bbx",0.132716288285362,6.47189429910976,0.320934115725736,0.755413160837731,0.95309265566494,-5.82641653571125
"Eif4h",-0.0811032463878019,7.86141656776158,-0.320492953602942,0.755736880953229,0.95309265566494,-5.94125713632367
"Mum1",0.118082908917313,5.67466211449478,0.320456959843144,0.755763295009564,0.95309265566494,-5.64889531719969
"Ccdc127",-0.0952981679229903,6.15681371779219,-0.319836081466445,0.756218979764026,0.95309265566494,-5.77162611443087
"Sept9",-0.218750898919636,4.71810039505062,-0.319561722470831,0.756420373218985,0.95309265566494,-5.39993469364239
"Xbp1",0.152316352798259,6.76894378281267,0.319509749573129,0.756458526150227,0.95309265566494,-5.86599197473408
"Rbmx2",0.220915124997862,4.68856350448469,0.319459511820636,0.756495405984,0.95309265566494,-5.31604639063373
"Ss18l1",-0.134538638652115,4.96342082218737,-0.319351926369287,0.75657438728819,0.95309265566494,-5.47790510605234
"Pdzd2",0.199961319488745,6.37350935186487,0.319146501113198,0.756725203624248,0.95309265566494,-5.8132622205646
"Ap4s1",-0.107035965580601,5.9134497391314,-0.319027188492637,0.756812803927154,0.95309265566494,-5.71503224434205
"Prpf6",0.11831261890719,5.48008466096295,0.318493780072935,0.75720448144407,0.953389986087787,-5.6206845806438
"Lsm8",0.109883567116245,7.2628573376566,0.317950378572773,0.757603571821982,0.95369652590902,-5.91587686826654
"Polr2d",0.0954123695064919,5.83627323586105,0.317372288881359,0.758028221247302,0.953970301820845,-5.69185238016651
"Mphosph8",0.0859406524633691,6.78976289416022,0.317111851595347,0.758219559524188,0.953970301820845,-5.87644405372124
"Cdc5l",0.109819217539082,6.89680921786187,0.316808423071088,0.758442504491923,0.953970301820845,-5.88568359347646
"Plekha5",0.107214503348579,5.61303664498859,0.316792110667544,0.758454490742469,0.953970301820845,-5.64743038295693
"Nub1",-0.0908249391178718,6.08082972670815,-0.316345744637387,0.758782504013185,0.953970301820845,-5.75181739497112
"Kcnq1ot1",-0.0911374352567143,9.26267358300676,-0.316254703314046,0.758849412211373,0.953970301820845,-5.9264277839108
"Dnajc13",-0.123151614202273,5.6989268702323,-0.316096094154744,0.758965982489897,0.953970301820845,-5.66365222785532
"Mpdz",-0.136791298416762,5.50490754353946,-0.315354564970251,0.759511056568623,0.953970301820845,-5.62654671982926
"Zfp827",0.206521393989483,4.32559055676997,0.315227413807874,0.759604535316843,0.953970301820845,-5.30701576273891
"Tmem199",0.131508416714915,5.43905031414088,0.315165232022884,0.759650251498637,0.953970301820845,-5.60904090615737
"Slc24a5",-0.135832839048598,7.65743879691313,-0.31486246571017,0.759872859976687,0.953970301820845,-5.93757845866207
"Kif3c",-0.0906560174764034,6.41748263895088,-0.314725497192038,0.759973573521473,0.953970301820845,-5.82287584241269
"Fzd2",0.242997917638344,4.59682744551997,0.314493049734724,0.760144504039388,0.953970301820845,-5.31569006016305
"Dph6",0.121893781690301,5.09836212126249,0.314491074997681,0.76014595622337,0.953970301820845,-5.50399636226165
"Nudcd2",-0.119576718854937,5.67689228462042,-0.314477191702058,0.760156165762269,0.953970301820845,-5.65583830888931
"Tmeff1",0.0951248885257318,6.79821674765774,0.314108033987267,0.760427655976879,0.95403260344514,-5.87923510495388
"Psap",-0.136055854910776,9.47516026177724,-0.313986316842498,0.760517178170612,0.95403260344514,-5.91449994643002
"Dlx2",-0.40764305254878,6.5063838492422,-0.313703585619011,0.760725139684262,0.954098169460737,-5.8118589094989
"Stt3b",0.123030156992508,6.19216443255001,0.313004494339382,0.761239439538842,0.954487268249875,-5.77869978967545
"Rpa3",0.151734388712288,5.75800191723873,0.312858451789205,0.761346894126206,0.954487268249875,-5.64116234753171
"Adgra1",-0.154618400777845,5.4761495575638,-0.312218672243503,0.761817691929012,0.954882146889137,-5.61663316238793
"Acbd6",-0.117102785566779,6.39286400344608,-0.311603491153647,0.762270485630642,0.955254301829156,-5.8197833748305
"Pigp",0.145204457292943,5.98505091589211,0.311097812037588,0.762642753553636,0.95552541275336,-5.7382604859038
"Pigyl",-0.10237661364278,6.05644315405732,-0.310608365497451,0.763003132658049,0.955781520222511,-5.75136574475578
"Hnrnpu",-0.071352689544817,8.17188589554699,-0.310108626103808,0.76337115239454,0.955784139549911,-5.95049959161206
"Kif5c",-0.0968873843728792,7.80967206317572,-0.31009224572612,0.763383216345979,0.955784139549911,-5.94358643076698
"Ndufb5",-0.0939658099462452,7.65930030412881,-0.309892783765896,0.76353012307615,0.955784139549911,-5.93902496750675
"Ssx2ip",0.115595164809835,5.76548618225218,0.309758400942529,0.763629103661287,0.955784139549911,-5.68386545083544
"Ttc8",-0.138934866952469,5.16150081149305,-0.308566095651025,0.764507502018164,0.956483017624379,-5.5232583182127
"Kdelr2",-0.131252341574516,5.96276158180726,-0.308392565742724,0.764635375028301,0.956483017624379,-5.72856081539751
"Slc22a15",0.139388959734918,5.46537845339029,0.308364946230116,0.764655728352126,0.956483017624379,-5.61568174338027
"Nrd1",-0.103617487390967,6.44798566778419,-0.3080861947004,0.764861156094068,0.956505574701208,-5.83101277964042
"Neu1",0.12310388299329,5.13093617541416,0.307646192933007,0.765185457626116,0.956505574701208,-5.52390830079785
"Lrrfip2",0.108090869381213,5.5134484355368,0.307443172409975,0.76533510932926,0.956505574701208,-5.61956124736078
"Il1rap",0.203294078183808,5.04107172784962,0.307318727029044,0.765426846320271,0.956505574701208,-5.50918756810015
"Cops8",-0.104085026037043,6.86910790823679,-0.307281621372367,0.765454200119896,0.956505574701208,-5.88970554140241
"Dennd5a",0.133952301954842,6.81075007737929,0.306493259934235,0.766035450564512,0.956841704850428,-5.8818817457255
"Kpnb1",0.0823684866006266,6.72193073852338,0.306451999651284,0.766065875576503,0.956841704850428,-5.87185958264549
"Sugp2",0.127561828525613,5.76434759815955,0.306281480256882,0.766191619729284,0.956841704850428,-5.6867919525421
"Men1",-0.116848882403764,5.40684691887737,-0.305888638387387,0.766481336002154,0.957008481463162,-5.6024651463744
"Pou3f4",0.256734871140309,4.86488244826654,0.305652545265505,0.766655470293443,0.957030906897172,-5.31093415260568
"Hspe1",0.0996358601105964,8.10043040359274,0.304607604111271,0.767426348948821,0.957798099054659,-5.94978987840376
"Leo1",-0.146612874299786,4.83089248803319,-0.304043688011775,0.767842475588692,0.957977753323967,-5.45233097869009
"Mydgf",-0.101565237821037,6.04173187857691,-0.303988843087858,0.767882951097801,0.957977753323967,-5.75019752564751
"Mrps14",0.0815043765876618,6.91496815091452,0.303658375981805,0.768126851223158,0.958086982352027,-5.89321120837754
"Ttc1",-0.100381966156429,5.86876448535432,-0.303277848032788,0.768407731855703,0.958209424916269,-5.7091814109644
"Fundc2",0.104239860419693,6.29811158820226,0.303101721885581,0.768537748606962,0.958209424916269,-5.80018565815629
"Polr2f",-0.0822531174750924,7.34829751815292,-0.30237466013926,0.769074547947579,0.958635954356469,-5.9284022905086
"Psmd6",0.0977226746613022,6.91309907663321,0.301959762659153,0.769380930335824,0.958635954356469,-5.89325645657847
"Ppp1r21",0.10733673829247,5.61862923367485,0.301602040458803,0.769645125278689,0.958635954356469,-5.63200974799196
"Diablo",0.106173713988238,7.52751531267449,0.301543412652222,0.769688427701026,0.958635954356469,-5.93588737675708
"Sdf2l1",-0.248327318239427,5.35893702261244,-0.301516287038375,0.769708462928763,0.958635954356469,-5.54206343120547
"Mdm4",-0.0759856776712733,6.58393272597216,-0.300711264155908,0.770303142042817,0.958635954356469,-5.85556150238387
"Armc8",0.117538535750343,6.15297339136451,0.300707950276141,0.770305590368539,0.958635954356469,-5.77571083064456
"Mrpl11",0.0935834658144518,6.35826722428427,0.300678283642109,0.770327508477711,0.958635954356469,-5.81402075554953
"Ercc5",-0.116092304355754,5.15787174965809,-0.300518907096539,0.770445261691094,0.958635954356469,-5.5392951569268
"Zfp9",0.140168994987345,4.96252056895455,0.300397134962137,0.770535235564225,0.958635954356469,-5.48668041436813
"Sdf2",0.106095380912886,6.50517753544254,0.300126370026902,0.7707353088116,0.958635954356469,-5.84101666686271
"Scaf1",-0.11300826645592,5.64281162897245,-0.300096916543099,0.770757073615261,0.958635954356469,-5.66154378260813
"Nacc1",-0.161518579634799,5.20517399490779,-0.299545370138205,0.771164680656608,0.958948287959354,-5.54618002203625
"Tomm40",0.106503991190329,6.46284685026203,0.298859747481551,0.771671476571263,0.95906538455346,-5.82904782482531
"Tbc1d31",0.128173423762195,5.06384117714863,0.298697743391502,0.771791242791845,0.95906538455346,-5.51528019285474
"Phc3",-0.106835871674918,5.9787676886069,-0.29851922568166,0.771923224552897,0.95906538455346,-5.7424600917632
"Basp1",-0.0800645039817329,10.5606160389582,-0.29838575424102,0.772021907739164,0.95906538455346,-5.85293880940207
"Usp25",-0.121425484989881,5.17033842965191,-0.298263942899308,0.77211197370305,0.95906538455346,-5.5411533427891
"Mcee",0.103122107623236,5.58934013288705,0.298147762178001,0.772197879795491,0.95906538455346,-5.64422092448031
"Rbbp4",-0.0712951266248557,7.77031662428868,-0.297913882167302,0.772370824743238,0.959085798181674,-5.94562404003893
"Asrgl1",-0.187121058385045,5.14825104927161,-0.296703089498355,0.773266368999632,0.959581632265396,-5.53364620982347
"Zzz3",-0.110039906447172,5.63991238626545,-0.296021270867319,0.773770821281608,0.959581632265396,-5.66901582221936
"Trove2",0.081240174557467,6.62799898601931,0.295981404906069,0.773800320087618,0.959581632265396,-5.86207656018928
"Rybp",0.100278219344071,5.69507040296736,0.295859254423308,0.773890707679858,0.959581632265396,-5.67316637024845
"Map7d1",-0.111584940043683,7.02206232782682,-0.295654534857912,0.774042201890518,0.959581632265396,-5.90717945186579
"Spc24",-0.148561587754917,6.19798941516166,-0.295624919973563,0.774064117989277,0.959581632265396,-5.78527630900223
"Rap1a",0.1022465462972,6.98350010665087,0.295613903343287,0.774072270752816,0.959581632265396,-5.90079960607045
"Casc4",0.140425768660018,6.214897523722,0.294942623243328,0.774569100854839,0.959581632265396,-5.79122214471028
"Npepps",0.0809910577221798,7.41452614216749,0.294890526425767,0.774607663447895,0.959581632265396,-5.93221815119635
"Pik3c2a",0.120425143931442,5.19862199485309,0.294539309856429,0.774867654487744,0.959581632265396,-5.52239871482157
"Sox9",0.139189467014693,6.62670237926285,0.29450269343189,0.774894761806768,0.959581632265396,-5.85744462913416
"Rnf165",-0.0987169315202676,7.09699127005533,-0.294315631476498,0.775033249699501,0.959581632265396,-5.91456731419392
"Dohh",0.121858872020989,5.81970639247585,0.29415744245762,0.775150368576665,0.959581632265396,-5.6815925076225
"Dnajb14",-0.080547109854819,6.62011162142229,-0.293946430602837,0.775306605370404,0.959581632265396,-5.86362551492519
"Fam133b",0.0895611336008771,6.99581115567461,0.293847768573612,0.775379660079418,0.959581632265396,-5.90333831249033
"Ncln",0.124825360365196,5.59188636501073,0.293538868688293,0.775608401318988,0.959581632265396,-5.62865761875372
"Cdkal1",0.120928813269891,4.91055110580121,0.293321582271185,0.775769316173782,0.959581632265396,-5.47289187572301
"Sqstm1",0.0983300102073938,7.19780362516389,0.29302669392819,0.775987718362433,0.959581632265396,-5.92105862309954
"Mxd4",-0.0833515978575578,6.56556401901718,-0.292794690832278,0.776159560624956,0.959581632265396,-5.85510566300352
"Ift80",-0.14048543512526,4.71366015629624,-0.292540995488753,0.776347484781799,0.959581632265396,-5.41829942210219
"Efs",0.107412853030508,5.69263569370204,0.292060268329207,0.776703624161038,0.959581632265396,-5.6719395337826
"2810474O19Rik",0.0914927405199521,6.55443849477436,0.291868393934783,0.776845786717053,0.959581632265396,-5.84976057538257
"Ralgps1",0.0970746026635377,6.44391456771255,0.291663410449035,0.77699767165178,0.959581632265396,-5.83392661744219
"Ccdc174",0.118125715405677,6.04376324345369,0.291636246501607,0.777017799847987,0.959581632265396,-5.74324550169462
"Ppme1",-0.0947765661010026,6.2062413715601,-0.291213684961532,0.777330935998768,0.959581632265396,-5.79054208803026
"Ccng2",0.128327198755363,6.74953552957538,0.291188212144451,0.777349813797444,0.959581632265396,-5.87349668053
"Zcchc8",0.0878628694628742,5.83786248033255,0.291005566984546,0.777485175868961,0.959581632265396,-5.70223393718536
"Mrpl49",0.114997112807786,5.22004748439842,0.290871022399831,0.777584894673256,0.959581632265396,-5.52614577610359
"Zfand6",0.0804046016578939,7.11936102029882,0.290491211201804,0.777866417929946,0.959581632265396,-5.9150351750638
"Bcl11a",0.0737964081633028,8.66887436965695,0.290404246931771,0.7779308822965,0.959581632265396,-5.95576213518386
"Vstm2a",-0.197337620852185,5.59857367918302,-0.289898928435425,0.778305497210996,0.959581632265396,-5.65485722860541
"Mrpl45",0.138395925393269,5.20715747709417,0.289684392622576,0.778464560317426,0.959581632265396,-5.51813302640573
"Ndufv2",0.0682528932627516,7.60609197107019,0.289543883563603,0.77856874371562,0.959581632265396,-5.94211601534466
"Setd1b",-0.0747430658292206,6.48208442317996,-0.289311478902002,0.778741075260162,0.959581632265396,-5.84263669453892
"Ldha",-0.139661124978497,7.25796468473359,-0.28928901652363,0.778757732125552,0.959581632265396,-5.9274333266756
"Magi2",0.0812210808211908,6.43529287933303,0.289229352515103,0.778801976252763,0.959581632265396,-5.83367846353692
"Aebp2",0.0999637791669819,6.36937649459563,0.289081723724769,0.778911454683843,0.959581632265396,-5.82089948843115
"Hcfc1",-0.0873866986329589,6.26189854804037,-0.288717129544785,0.779181852106115,0.959581632265396,-5.79928354374804
"Tbck",-0.10185232504509,5.50724201987177,-0.288663735389785,0.77922145394291,0.959581632265396,-5.63480087399459
"Odf2",0.090526191712288,6.2367889620964,0.288318399369842,0.779477601924144,0.959581632265396,-5.7908799195535
"Fasn",-0.0975495323232776,6.06671269210354,-0.288121747624554,0.77962347802447,0.959581632265396,-5.76056558314706
"Lemd3",-0.109503291257231,5.11231227012448,-0.287823709354155,0.779844579871286,0.959581632265396,-5.52193107417881
"Dlx1",-0.370700077528035,6.33874958749425,-0.287572685806185,0.780030819672654,0.959581632265396,-5.76707427113967
"Dync2h1",0.122421401074204,5.20012112615264,0.287264865705385,0.780259218225051,0.959581632265396,-5.55944962326481
"Bcor",-0.136051440745751,5.1141228899262,-0.287045447567289,0.780422037205516,0.959581632265396,-5.50750740231049
"Cox7a2",0.0892640767604502,8.99192880700866,0.286963260409855,0.780483026993238,0.959581632265396,-5.94822323218745
"Bloc1s2",0.103163598013395,5.73493531858818,0.286878090612822,0.780546231817915,0.959581632265396,-5.68106639432321
"Ip6k2",0.112521512884444,6.49902151121224,0.28684675862227,0.780569483832101,0.959581632265396,-5.8455126096595
"Abhd17b",-0.0945414732627907,6.423636859418,-0.286610555012381,0.780744782019904,0.959581632265396,-5.83305099084869
"Haghl",-0.0981986916362887,6.09455318627623,-0.286210756437668,0.781041521694674,0.959581632265396,-5.77038081633879
"Ankrd13b",-0.134173511310157,4.94557562843438,-0.285897166689401,0.781274301310676,0.959581632265396,-5.48797445954928
"Nol12",0.109413595705796,5.33479752807753,0.285873089534211,0.781292174880535,0.959581632265396,-5.57131132064743
"Rnd3",0.190671562427312,5.96689518729992,0.285665114213917,0.781446570066604,0.959581632265396,-5.67481205639235
"Pim1",0.162359496682583,6.09753952781386,0.285412425298385,0.781634172963123,0.959581632265396,-5.74229581463704
"Pwwp2a",-0.0984337927768907,5.76526330541727,-0.285382356729508,0.78165649764943,0.959581632265396,-5.68714543984394
"Gtf2e2",0.108633247732448,5.7883250435289,0.285051824083549,0.781901918530769,0.959581632265396,-5.67527976502002
"Rac1",-0.104627923194207,8.12103980971146,-0.285019596500278,0.781925848909393,0.959581632265396,-5.9579033802826
"Map3k4",0.111617947874479,5.58195185743249,0.284822798246549,0.782071985389541,0.959581632265396,-5.63464293405125
"Usp14",-0.0677404372693975,7.07912440720205,-0.284767923925217,0.782112735019546,0.959581632265396,-5.91523993033096
"Pou3f3",-0.151582692728644,7.13388433967048,-0.284499584541883,0.782312013718978,0.959581632265396,-5.92049093876078
"Uchl5",-0.094799657482386,5.8964865623903,-0.284074512972126,0.782627721715703,0.959581632265396,-5.72317451201544
"Smco4",0.170718500766746,4.47016849317002,0.283998499466535,0.782684182676314,0.959581632265396,-5.35891259102419
"Pigt",-0.101589402145238,6.20664155533902,-0.28373242046533,0.782881830155194,0.959581632265396,-5.78913166943588
"Taf6",-0.11777032318998,5.8807408877459,-0.283715293160888,0.782894553136044,0.959581632265396,-5.72370667832954
"Cab39",0.0754555371703994,6.98678390515174,0.282840102624782,0.7835447768694,0.959581632265396,-5.9059047808207
"Atp1a2",0.244616928169401,5.93719001999659,0.282800881419334,0.783573920450471,0.959581632265396,-5.73895465155813
"Slc25a27",-0.0934383289808206,5.55857310631995,-0.282574639305193,0.783742038111343,0.959581632265396,-5.64042709926969
"Mfap1b",-0.108371076990762,6.05767487844233,-0.282399469051475,0.78387221303026,0.959581632265396,-5.75192305260894
"Ralgps2",0.119579600953928,6.78758049849763,0.282095548698344,0.784098083274943,0.959581632265396,-5.88775958686323
"Stt3a",-0.101578198034725,6.12546539013374,-0.282073842097019,0.784114216195463,0.959581632265396,-5.76678123658693
"Dlx5",-0.33148136442637,5.72794583021113,-0.281520268712026,0.784525683248216,0.959581632265396,-5.58236066313636
"Ccl4",0.426832763428999,8.05782431141525,0.281432153350993,0.784591185257445,0.959581632265396,-5.95028970329757
"Mpped2",0.215403611873546,7.48841145330294,0.281367300593537,0.784639395766493,0.959581632265396,-5.93577407427384
"Cdc40",0.0876461651733228,5.7673614914581,0.281193422250106,0.784768658933613,0.959581632265396,-5.68883872116187
"Hspa9",0.100357414559591,7.06210333128113,0.281076062590949,0.784855909385107,0.959581632265396,-5.91437762254177
"Aldoc",-0.190473647723603,6.56212481694618,-0.280813688105027,0.785050981823032,0.959581632265396,-5.85295461152158
"mt-Nd2",0.0845225750961549,12.2685623433969,0.280707058427638,0.785130264287184,0.959581632265396,-5.79073222513128
"Lasp1",-0.0918361916876521,5.84587019096358,-0.280662225558406,0.78516359969142,0.959581632265396,-5.71230262543033
"Creb1",-0.0983370981096446,6.21786506291733,-0.280550107060517,0.785246967229109,0.959581632265396,-5.79141561713476
"Ccna2",-0.141482056717467,6.06984390986362,-0.280482411011675,0.78529730512581,0.959581632265396,-5.75570871010982
"Usp19",0.0826883080888617,6.487039573327,0.280157666815956,0.785538795265657,0.959618462497062,-5.84511211520872
"Slc37a3",0.253219321604339,4.28432192697105,0.2800207241237,0.785640637458838,0.959618462497062,-5.22878910823361
"Tsc22d2",0.0961660812463345,6.77552603887611,0.27958469376675,0.785964935172446,0.959823260808439,-5.88425687939501
"Ypel5",0.0873886417679447,6.06430212326114,0.279253989076523,0.78621092586969,0.959842781720414,-5.75853527195711
"Macf1",0.0777459787322969,7.5565977591986,0.279142065184576,0.786294184764439,0.959842781720414,-5.94299124395673
"Lcorl",-0.0990429234595675,5.79599450178841,-0.278078086945023,0.787085808561938,0.959956554352342,-5.70392210541475
"Fam76a",-0.114077368714383,6.34652170149383,-0.277808417040356,0.787286489987802,0.959956554352342,-5.82100387710016
"Lsg1",0.108531790678416,5.28312586816152,0.277742369574179,0.787335643338082,0.959956554352342,-5.56824752948304
"Ctdsp2",-0.0904961725407129,6.09768730261074,-0.277605752537679,0.787437318590315,0.959956554352342,-5.77178246881079
"9530059O14Rik",-0.159773145099951,5.21539049271743,-0.276999894698466,0.787888270574264,0.959956554352342,-5.56204788302039
"Max",0.122754351087086,5.9718406310778,0.276969045783421,0.787911234259888,0.959956554352342,-5.73338256469754
"Terf2ip",0.098397492218059,5.51392454071082,0.276837578861899,0.788009099602691,0.959956554352342,-5.62879036115536
"Meis2",-0.246836195383964,8.49025356997466,-0.276801583971963,0.788035895255734,0.959956554352342,-5.96186356884257
"Atraid",0.0676435180161578,6.86779928417064,0.276726979927827,0.788091433631386,0.959956554352342,-5.89737252770823
"Ttc14",-0.0724833701502135,7.89443849648813,-0.276576334712568,0.788203584082191,0.959956554352342,-5.95606656219677
"Ccnt1",-0.0958998422240541,6.48538224533496,-0.275685928106468,0.788866567594077,0.959956554352342,-5.84691533477751
"Dgkz",-0.142754095157591,6.12244259924132,-0.275061624109154,0.789331521807915,0.959956554352342,-5.77946496245382
"Bphl",-0.118958397087908,5.41246494674674,-0.274372488630168,0.789844861592066,0.959956554352342,-5.61177737357304
"Gnptg",0.111702631407469,5.70841609603894,0.274141128074455,0.790017226940513,0.959956554352342,-5.67441587661506
"Med4",-0.10259489137124,5.61814051278392,-0.274045484175482,0.790088485874434,0.959956554352342,-5.65549354460466
"Mrpl13",0.084073972135974,6.58354024735564,0.273998334547571,0.790123615187833,0.959956554352342,-5.86182968076116
"Cnot11",-0.0987329876229548,5.25472423553116,-0.273806437084529,0.790266595506281,0.959956554352342,-5.57712523565154
"Rab1a",-0.0885200169120063,6.92236429234086,-0.27377380139452,0.790290912758921,0.959956554352342,-5.90331180532531
"Skil",0.0714707516487079,6.85166708941378,0.273731693991642,0.790322287853853,0.959956554352342,-5.89594588115909
"Msi1",0.0894121804529181,6.05401281954792,0.273365454071177,0.790595197540522,0.959956554352342,-5.74878292928124
"Rnaseh2b",-0.151705738575737,5.51303265819601,-0.273242288810835,0.790686982907873,0.959956554352342,-5.59454343774656
"Smad4",0.147826441044653,6.13185280827205,0.273112887055028,0.790783419502785,0.959956554352342,-5.77854618041782
"Cyhr1",-0.0820963179088676,6.78168186755336,-0.272872631960431,0.790962479430759,0.959956554352342,-5.89069310434473
"Nrxn3",-0.242556979461388,7.88901751277029,-0.272817178986266,0.791003809859839,0.959956554352342,-5.95834409675515
"Afap1",0.146664597197727,4.91406411302301,0.272711082567024,0.791082887976799,0.959956554352342,-5.47160776493557
"Trim46",-0.114322786983193,5.1864800528962,-0.272599199411118,0.791166281917015,0.959956554352342,-5.55631944285404
"Mcrs1",0.110214391104526,6.02881037456156,0.272520399007554,0.791225018765277,0.959956554352342,-5.73838425098752
"Nrm",0.205490991895294,4.4767099513696,0.272519334882894,0.791225811960157,0.959956554352342,-5.25119764677377
"Arl3",0.0832804357950589,7.10499418484936,0.272342004393777,0.791357997032234,0.959956554352342,-5.9194611279825
"Dcaf13",0.109673620216964,5.05649864713564,0.271933152702431,0.791662788570851,0.959956554352342,-5.49146801124976
"Napa",-0.0803346729529985,6.71556493972556,-0.271888454529507,0.791696112510641,0.959956554352342,-5.88288190230125
"Surf2",-0.0844045640033235,5.70264971337488,-0.271868458597426,0.791711020271684,0.959956554352342,-5.67728789460539
"Cr1l",0.143083093716847,5.37113656393083,0.271715021561621,0.79182541663717,0.959956554352342,-5.55363311190554
"Topbp1",-0.106361708219229,5.43302006951578,-0.271688046477508,0.791845528696482,0.959956554352342,-5.60822009399058
"Abcd3",-0.0991685098968311,5.33862139471369,-0.271655001159321,0.791870166816431,0.959956554352342,-5.5991409702216
"Ndn",-0.082081511809014,8.05388437107248,-0.270314665980939,0.792869706384955,0.960903039098684,-5.96114945618841
"Dnajc3",-0.111130354010305,6.054379917594,-0.270030308695737,0.793081813843838,0.960903039098684,-5.75788765871367
"Eea1",0.0930318123969468,5.71693805635812,0.26972187240991,0.793311902533591,0.960903039098684,-5.68497477076308
"Med28",0.0743100536536503,6.98801067585475,0.269691265518785,0.793334735948608,0.960903039098684,-5.90933165032259
"Msh2",0.0951630719105154,5.56842776184029,0.26920144952885,0.793700177654318,0.960903039098684,-5.63795574796357
"Dhx57",0.104172649982607,5.16990307117183,0.269150343211239,0.793738310088921,0.960903039098684,-5.54475977781906
"Cdc42bpb",-0.0951880030061157,5.72941543949121,-0.268872951297402,0.793945293171524,0.960903039098684,-5.69003761481754
"Wdr6",-0.0925685324021439,6.37394548292172,-0.268847062932055,0.793964611305009,0.960903039098684,-5.82872467804958
"Anln",-0.182943368500923,5.20234514847384,-0.268716324196039,0.794062171996693,0.960903039098684,-5.56508843569284
"Bloc1s4",-0.134835491348172,4.88956555476473,-0.268436234961428,0.794271194654567,0.960966215368843,-5.44496914903915
"Mrpl48",-0.102085173760838,6.14070400149079,-0.267883422990592,0.794683793270758,0.961139101607919,-5.78189606346146
"Hif1a",-0.0822190726388305,6.54362831707267,-0.267824495316152,0.794727778695713,0.961139101607919,-5.85884708155318
"Mrps21",-0.0848188072984241,6.96989943913958,-0.267077545943046,0.795285390761678,0.961555763999453,-5.90987969987647
"Ankmy2",-0.117446881570847,5.29718197461586,-0.26694262623501,0.795386123974091,0.961555763999453,-5.58968976631392
"Ahcyl2",0.11933750049156,6.15873292837057,0.266633851138162,0.79561667541509,0.961644770600329,-5.78644796622137
"S100a1",0.142866750719297,5.41085118784719,0.266165944914633,0.795966084224055,0.961737239264589,-5.60318906009058
"Pot1a",0.11565499725192,4.88831986992159,0.266023990387816,0.796072098185175,0.961737239264589,-5.46025073248122
"Sap30l",0.0874043976817419,6.06018215498889,0.265900932060926,0.796164003718874,0.961737239264589,-5.75343838795385
"Mrpl34",0.115985410429991,6.7096210803559,0.265608752478227,0.796382229917375,0.9618112544213,-5.8787083624139
"Trafd1",0.0820689167877506,6.37535650055891,0.265248013629094,0.796651688089077,0.961854902553888,-5.82593523091916
"Zfp579",0.114315702378579,5.16282378139716,0.264951022115936,0.796873550720149,0.961854902553888,-5.52144594385441
"Triap1",0.108755823134346,5.16927044298854,0.264930004042707,0.796889252654388,0.961854902553888,-5.54410207843068
"Impa1",0.0987645467909742,5.73613945358376,0.264642463743075,0.797104074525471,0.9619247279819,-5.6793830798114
"Setx",0.0896203229428575,6.07582945564846,0.264359632330541,0.797315395922847,0.961977215855791,-5.76491908800129
"Sipa1",-0.241086114038288,4.56731126774606,-0.264164060726152,0.797461530115441,0.961977215855791,-5.29822505656408
"Arfip2",0.0917173530443627,5.62216092731577,0.263953600192071,0.797618798829581,0.961977563319755,-5.66277316843211
"Cycs",-0.0822067087168959,7.91402394077535,-0.263187873200531,0.798191076941243,0.962318443144778,-5.9594715939583
"Tma7",-0.0747827470643607,8.22358872485488,-0.26312333709155,0.798239314820262,0.962318443144778,-5.96478698305093
"Cdk13",-0.0924640299090723,5.75426593756713,-0.262816779696594,0.798468465179999,0.962318443144778,-5.70147328771644
"1110037F02Rik",-0.110205706219566,5.47530135802503,-0.262735021125796,0.798529582798825,0.962318443144778,-5.63263327720696
"Snf8",0.0774540767803067,6.31404155599151,0.262319586247778,0.798840158364356,0.962503438941559,-5.81700578109278
"Rnf10",0.0801638443738051,6.71514502955273,0.26210828714738,0.798998138057192,0.962504539023879,-5.88065199527979
"Mut",0.121494295932378,4.89394695633748,0.261828898999653,0.799207039923515,0.96256696946763,-5.47966308247145
"Strap",0.0695152840060695,6.89797603878501,0.26157256384583,0.799398719580707,0.962608636979873,-5.90438298311693
"Spg7",0.1034303127371,5.54470748606701,0.260986136404036,0.799837285405167,0.962640874476267,-5.62394885238468
"Eif3g",0.0756616031652792,6.84117953852863,0.260859830206552,0.79993175447311,0.962640874476267,-5.89822886339284
"Sema6c",0.172697500568958,4.76383689665027,0.260664524044889,0.800077837903335,0.962640874476267,-5.37825413860005
"Sp9",0.370673593142352,6.91405901675208,0.260360057269056,0.800305586675037,0.962640874476267,-5.85819028357735
"Ubash3b",-0.196754582504734,5.02550690957424,-0.26029149598137,0.800356874976115,0.962640874476267,-5.4301676094199
"Racgap1",-0.145788816313271,6.38544660931526,-0.260228006303102,0.800404370281735,0.962640874476267,-5.83290433523489
"Baz1b",-0.0828532252234977,7.0803804867753,-0.259850626021175,0.800686698421477,0.962640874476267,-5.92291248372808
"Cdca3",0.152008682423873,6.00727630635098,0.259806814733068,0.800719476775865,0.962640874476267,-5.73255515051353
"Eri1",0.107443250886252,5.59757613777866,0.259646676043015,0.800839291462142,0.962640874476267,-5.64525961774561
"Ppp2r2d",-0.0914386293750063,6.30580209952032,-0.258923628490478,0.801380338967794,0.962879268311919,-5.81811589429805
"5730455P16Rik",0.0917094333654639,5.66902987351027,0.25891055457513,0.80139012304322,0.962879268311919,-5.67703782544298
"Pafah1b2",-0.068361889386857,7.00849282062346,-0.258666346638897,0.801572886687709,0.962879268311919,-5.9168216172853
"Yipf3",0.0965741429036717,5.86307488702632,0.258541765758625,0.801666127109564,0.962879268311919,-5.69927280653469
"Abhd12",0.121126487154027,7.38606824163702,0.258036772449946,0.802044114520179,0.96297383864248,-5.93971408135289
"Tmem109",0.156183701805964,5.68234646764351,0.258016686194256,0.802059150200917,0.96297383864248,-5.64834904130026
"Pias2",0.0901932148696483,5.76720136960961,0.257301826303044,0.802594318419665,0.96342761670435,-5.70032332665254
"4930402H24Rik",0.0735736838014165,6.81398374810444,0.257083393821724,0.802757865963378,0.963435213988167,-5.89472464001029
"Zcchc11",-0.0667546041260705,7.03014377057635,-0.25679433680067,0.802974307946947,0.96350627748167,-5.91932078499307
"Golga4",0.106945590348337,6.19513626255398,0.256155624257468,0.803452629928072,0.963658328604388,-5.79424924249492
"Zfp60",0.16957640922377,4.86408817415447,0.255985476177585,0.80358006574086,0.963658328604388,-5.40321607497274
"Mark3",0.0755713965775612,6.33599742941003,0.255897774993045,0.803645753686012,0.963658328604388,-5.82281720247553
"Fam160b1",0.118397633156759,4.99500282191045,0.255785238903138,0.803730045283457,0.963658328604388,-5.50398796507049
"Drosha",0.105443647127589,5.48705285151938,0.255519168712222,0.803929347360379,0.963708732516511,-5.63837390298039
"Mxd3",-0.15217600206916,4.74319262347605,-0.255034680613003,0.804292295470977,0.963939803000788,-5.42695500252523
"Rapgef6",-0.0963871580959461,5.74149056128807,-0.254841925877087,0.804436708966389,0.963939803000788,-5.69250459499427
"Zfp553",-0.112480102365167,5.62933700691168,-0.254251497351482,0.804879111630005,0.964032207896193,-5.65277339389302
"Polg",0.104568545547598,5.76703392588872,0.253942530900526,0.805110646497289,0.964032207896193,-5.68594736765287
"Fbxo45",0.105947113216535,5.41408270943974,0.253923642720149,0.805124801667826,0.964032207896193,-5.61333867585402
"Vmp1",-0.0753735162889807,6.63406159445793,-0.253877553923894,0.805159341823718,0.964032207896193,-5.87671985074864
"Pid1",0.133689864534972,5.57268643722691,0.253689333961642,0.805300403430257,0.964032207896193,-5.63700217258376
"D10Jhu81e",0.107403927052856,5.40335178092012,0.253277071671122,0.805609399643322,0.9641083553447,-5.58727683290376
"Prpf19",-0.0705299710240846,6.98954107701088,-0.252787385359301,0.805976472361932,0.9641083553447,-5.91597825934023
"Zzef1",0.0884077546353805,5.81090576954778,0.252757767499649,0.805998675748085,0.9641083553447,-5.70867133104907
"Rnf5",0.0848160919994513,6.63578940530975,0.252380146545033,0.806281779888251,0.9641083553447,-5.87207922627979
"Ajap1",0.10717671979607,5.55105845806519,0.251570872600384,0.80688859621524,0.9641083553447,-5.64245226124717
"Map3k12",-0.0953011590167385,5.65207353994944,-0.251382911787598,0.807029553989398,0.9641083553447,-5.68449486344458
"Atl2",0.104429632393994,5.45975869960067,0.251293332274228,0.807096735087504,0.9641083553447,-5.63741231573333
"Gm14964",-0.17933905395216,5.14246012130219,-0.250879138449889,0.807407385739211,0.9641083553447,-5.47957008825824
"Rfxap",-0.118531804397891,5.48856104121903,-0.250749771011087,0.807504420254759,0.9641083553447,-5.6466621092024
"Por",-0.0855966417724051,5.57268643722691,-0.2505940924177,0.807621194547901,0.9641083553447,-5.65578696217568
"Dhps",0.0850771770290854,5.63966993686403,0.250143452135133,0.8079592474496,0.9641083553447,-5.66370351139735
"Pex13",0.117321874312423,5.60021308166904,0.249993354832097,0.808071853956147,0.9641083553447,-5.62121356456434
"Exosc3",0.13971372025584,5.22806486969661,0.249610930322545,0.808358778785501,0.9641083553447,-5.51100348685138
"Timm10",0.0993496801468864,5.29007998191403,0.249605247714482,0.808363042550781,0.9641083553447,-5.57138291794348
"Tcf4",0.107482183685629,10.9429861192536,0.249471690663899,0.808463254777655,0.9641083553447,-5.84735927564397
"Wdr83",-0.111655307095737,5.09183614549356,-0.24941084981863,0.808508906874293,0.9641083553447,-5.52803977861636
"Nr2f2",-0.132095327426908,7.59077695954954,-0.249224005653839,0.808649110677551,0.9641083553447,-5.95518005375873
"Coro2b",0.11445039801857,5.96169803513283,0.249216530284859,0.808654720181663,0.9641083553447,-5.75224134596414
"Car10",0.147866069619541,6.01693633589596,0.249069381585699,0.808765142656135,0.9641083553447,-5.75334104146464
"Man2c1",0.118480249023064,4.93674934755338,0.248944561430259,0.808858812967253,0.9641083553447,-5.46225334754157
"Nrbp1",0.0710698938108979,6.07389712101988,0.248896283788251,0.808895043406322,0.9641083553447,-5.76895648346773
"Cnot7",-0.0734670495094206,6.60848918860476,-0.248717279499591,0.8090293831471,0.9641083553447,-5.87401137828893
"Csrp2",-0.149347100607379,5.24901742938759,-0.248200837108253,0.809417001462611,0.9641083553447,-5.52404440756611
"Spc25",-0.184455567358003,5.73277058343551,-0.247800812654834,0.809717279342788,0.9641083553447,-5.69903912171424
"Ankrd17",-0.0716170441516117,7.09898863307752,-0.247513521834925,0.809932954080324,0.9641083553447,-5.9272069925283
"Nfkbiz",-0.235828439478586,6.50936524181035,-0.247266243702025,0.810118604049015,0.9641083553447,-5.84045050283657
"Fsd1l",-0.131507814715914,5.74985167706137,-0.247264914176261,0.810119602256055,0.9641083553447,-5.70223459703675
"Otud6b",-0.123699950533557,5.21627750342082,-0.247222533117618,0.810151422115392,0.9641083553447,-5.57381353952282
"Pds5a",-0.0741456626474133,6.44151859229408,-0.247193143524047,0.810173488149113,0.9641083553447,-5.84676630145567
"Cep57",0.113892296303782,5.76424853790886,0.246926569017872,0.810373643312614,0.9641083553447,-5.70004460138589
"Mt3",-0.151437895310912,7.97093238598837,-0.246730902695347,0.810520566912925,0.9641083553447,-5.96607932068121
"Cfap97",0.105568424891319,5.54606848263447,0.246451650460961,0.810730267743929,0.9641083553447,-5.64993029078744
"Myo18a",0.0879273131549348,6.03576932127656,0.246173850843099,0.810938893520446,0.9641083553447,-5.76516603943824
"2700081O15Rik",0.0956725842666219,6.07423579768811,0.24598428376111,0.811081266233783,0.9641083553447,-5.77265684122539
"Pdcd7",0.107140712230802,5.51181445737554,0.245677302181544,0.811311837590938,0.9641083553447,-5.60688061559301
"Abat",-0.0928033715048217,5.55835511952997,-0.245503683258379,0.81144224982563,0.9641083553447,-5.65310665468656
"Slc23a2",-0.103324214062933,5.53666107374859,-0.245434258812867,0.81149439906383,0.9641083553447,-5.6526999972638
"Cops6",-0.0850319381437476,6.47726182537204,-0.245418470458685,0.811506258865073,0.9641083553447,-5.85367721568508
"Dpf2",-0.0768525709414241,6.12603805887358,-0.245227959065488,0.811649370059897,0.9641083553447,-5.77970317354642
"Dync1li2",0.0675653963721387,6.4927573757999,0.245217604761151,0.811657148371949,0.9641083553447,-5.85563159401158
"Irak1bp1",0.0977527514667174,5.8896754187357,0.244779490426657,0.811986286490662,0.964283819301777,-5.72424881435056
"Ube2h",0.0713931185672814,6.51001217505146,0.244602077609535,0.812119580844724,0.964283819301777,-5.8574844593336
"mt-Atp8",-0.117090846155444,7.45151536546163,-0.243868914618787,0.812670490673284,0.964751020311098,-5.95101917959258
"Dbf4",-0.124739339387494,5.41067375266614,-0.243630384503858,0.812849749236426,0.964776924912032,-5.60819594306578
"Zfp281",0.0998914200198145,5.52762127816315,0.24323444026796,0.813147331935253,0.964943232009921,-5.60947893287276
"Nab1",-0.101146337470097,5.58538880626062,-0.242919343475183,0.813384174089357,0.965037409258389,-5.64699486041091
"Zfp760",0.1319939691722,4.81149090601397,0.242674666694622,0.813568098893036,0.96506877855527,-5.45779994010792
"Psmc6",0.08337075743604,7.18741044290639,0.241743199669968,0.814268397444578,0.96571254877886,-5.93355240613466
"Ssr1",0.0665460746724724,7.21781104682155,0.241358324667316,0.814557806165196,0.965868853750062,-5.93669105156107
"Ifnar2",-0.0943614055192775,5.9195064364575,-0.241145813560219,0.814717617668264,0.965871456968682,-5.72839183614012
"Emc10",0.057290204921332,7.62566931151689,0.240715374026052,0.815041342212609,0.966012547816478,-5.9558706190211
"Hdgf",0.120993926830298,8.26203060565688,0.240461982251314,0.815231930132715,0.966012547816478,-5.96857400625564
"Ruvbl2",0.102201855430186,5.79428318203068,0.240182512428327,0.815442147418465,0.966012547816478,-5.68563602834292
"Dhx15",0.0664251925285672,7.02157495810845,0.240149227977739,0.815467185028499,0.966012547816478,-5.92080907106121
"Sharpin",-0.14413473440203,4.98365877608626,-0.239769999760826,0.815752467972121,0.96616372704545,-5.51038158055765
"Wdr45b",-0.0855474122737707,6.12717403567245,-0.239173786396866,0.816201040629069,0.966192164267243,-5.78083222305516
"Nsg1",-0.0635436090094618,8.31064023957171,-0.23902734901156,0.816311226414346,0.966192164267243,-5.9711807141253
"Egln1",-0.0676754232261815,6.39043470683361,-0.238834873515313,0.816456059715756,0.966192164267243,-5.83942643497334
"Myh10",-0.0722290823672355,6.80553707764575,-0.238442934247715,0.816751007500574,0.966192164267243,-5.90108624160399
"Prkcsh",-0.0817345089971006,6.12936126002952,-0.238420678640824,0.816767756522108,0.966192164267243,-5.78097491628734
"Cog8",0.110374334638639,4.97312873303075,0.23781284334366,0.817225236217688,0.966192164267243,-5.48131225905439
"Dlx6os1",0.33359787693929,6.74576702789666,0.237721535139872,0.817293964503075,0.966192164267243,-5.81556534872236
"Celf3",0.0642087654223057,6.88394304835214,0.237331729684104,0.817587392110516,0.966192164267243,-5.908273498783
"Mapk3",-0.101035968969896,7.08464525293665,-0.236891694067572,0.817918666606131,0.966192164267243,-5.92857194380133
"Scap",0.0849016645782326,5.50772919070775,0.236884521648699,0.817924066574002,0.966192164267243,-5.64103260885982
"Unk",0.132005067083547,4.75309923254483,0.236667667184246,0.818087336648504,0.966192164267243,-5.42165562944781
"Acadl",-0.165535823340232,5.01627145034624,-0.23586105139288,0.818694719946424,0.966192164267243,-5.4821942232752
"Prr14l",-0.122242520563448,4.72096718517622,-0.235793675204405,0.818745460118178,0.966192164267243,-5.41445180372352
"Rpgr",0.140848988817797,4.5616079212655,0.235767062295126,0.818765502214731,0.966192164267243,-5.39277444216361
"Rtn4rl1",0.135101566632014,4.94183315329643,0.235600235251769,0.818891142281562,0.966192164267243,-5.48305637580267
"Zkscan1",0.140335332215323,5.3127681889736,0.235421736634263,0.819025578419434,0.966192164267243,-5.60248490708716
"Apoa1bp",0.0685922292656446,6.15454790818156,0.235248211825569,0.819156274502741,0.966192164267243,-5.78951547554334
"Fam60a",0.119337535810267,5.72846513499189,0.235053261989254,0.819303114582654,0.966192164267243,-5.67953104600496
"Ggh",0.116658323023088,5.64891414355289,0.235002903914936,0.819341046487301,0.966192164267243,-5.66836131526513
"Celsr2",-0.0893313644053193,7.25828897074789,-0.234855621013423,0.819451989250428,0.966192164267243,-5.94215502440857
"Akt3",0.0798412371078098,5.61363020691673,0.234729013724843,0.819547361218703,0.966192164267243,-5.66925018022465
"Tox3",-0.12238680375386,6.5497830673656,-0.234542053740814,0.819688201962135,0.966192164267243,-5.86493664027862
"Pmm2",0.174722064652384,4.02460174893857,0.234278373769622,0.819886848991638,0.966192164267243,-5.21093972393355
"Ppp6r3",-0.105028614156257,5.50562826097221,-0.234029949987668,0.820074014926698,0.966192164267243,-5.65077921759008
"Daxx",0.107269282795324,4.65570114258703,0.233998581558309,0.820097649190839,0.966192164267243,-5.41763120316807
"Elp3",0.091452950603044,5.43947071701396,0.233785662538409,0.820258076183925,0.966192164267243,-5.62886055543335
"Zfp655",0.10440388023033,4.82374574525097,0.233439607293759,0.820518835409838,0.966192164267243,-5.45402703513113
"Izumo4",0.100790028237879,5.10132169964778,0.233432990888626,0.820523821223529,0.966192164267243,-5.54352110174559
"Mapk14",-0.0892290815285881,5.49412843267384,-0.233200485940642,0.820699031472797,0.966192164267243,-5.63999704662577
"Cxx1b",-0.0866925620800345,6.45217343530589,-0.232833881375969,0.820975317295503,0.966192164267243,-5.85078006615729
"Psip1",-0.0558272470992947,8.44907317800807,-0.232480416030116,0.821241725559043,0.966192164267243,-5.97244989712683
"Slain1",0.111515778870554,6.19963631032929,0.232454829678088,0.821261011033038,0.966192164267243,-5.79041356926562
"Strip1",-0.0910954920877412,6.11322497732219,-0.232056034246426,0.8215616156971,0.966192164267243,-5.78795454348193
"Magoh",-0.0711715585439788,6.85988291018894,-0.232024370470329,0.821585484583705,0.966192164267243,-5.90884591681957
"Mrpl33",-0.0686770737690121,6.87001619838096,-0.231862621885107,0.821707417421876,0.966192164267243,-5.9093905654643
"Gpr183",-0.181417068809245,4.92074845480754,-0.231527072389305,0.821960384711682,0.966192164267243,-5.44150005223562
"Exd2",-0.0996063098619739,4.99392123819874,-0.231520527979332,0.821965318690007,0.966192164267243,-5.51367027161089
"Kif3a",0.0845182942009218,7.03905336530113,0.231482450414296,0.821994026388756,0.966192164267243,-5.92453972095293
"Peli1",-0.0628057606818102,7.27538919573279,-0.231447131076777,0.822020654835002,0.966192164267243,-5.9435893064509
"Cwc15",0.0678767493241137,7.21690767641687,0.23136415337149,0.822083215484564,0.966192164267243,-5.93885070521535
"Psme3",-0.0871180895418242,5.64417399973359,-0.231039919929352,0.822327682445533,0.9662941587778,-5.66755631722337
"Ap3b2",-0.0635568604218845,6.52999293529215,-0.23032414690375,0.822867435568655,0.966642147315941,-5.866136938021
"Gm1673",-0.120951975455632,8.23817311192331,-0.229942921625374,0.823154951570991,0.966642147315941,-5.97376004366907
"Seh1l",0.0883722538383205,5.28422811205489,0.229841596007419,0.82323137493617,0.966642147315941,-5.59210839193336
"D5Ertd579e",-0.0653065675019379,6.48696686576317,-0.229682720515614,0.823351208400699,0.966642147315941,-5.85922583671818
"Metap2",0.0903433571511382,7.58846532151353,0.229363921965491,0.82359168000235,0.966642147315941,-5.9570883654303
"Slk",0.102797481945029,5.76853961403894,0.229217016034731,0.823702498525334,0.966642147315941,-5.68990557636405
"Trim8",-0.0830307157028967,6.64364732370217,-0.229121732261497,0.823774378060876,0.966642147315941,-5.88392556202237
"Tmem63b",-0.0797969770363818,6.81952517393009,-0.22897408888698,0.823885759698297,0.966642147315941,-5.90610779192013
"Ints3",0.087988399165562,5.34149165238975,0.2285865416738,0.824178143677453,0.966713394897328,-5.60682975036781
"Bex4",0.0661980671748669,6.81240542389779,0.228475409634595,0.824261992222346,0.966713394897328,-5.90346507602379
"Inpp5k",0.103125065664951,5.00880076592092,0.228062382649027,0.824573639490611,0.966775501679713,-5.48746518807947
"Pde10a",-0.080686104011064,5.39454183117234,-0.22798706377802,0.824630474425564,0.966775501679713,-5.62424395695124
"Cul4a",0.0828414390817849,5.76288356561597,0.226775235085653,0.825545056991755,0.967454214887802,-5.70268745611741
"Bcl7a",0.063904401502761,6.90931979756252,0.226469756845363,0.825775649096863,0.967454214887802,-5.91469011979958
"Cd99l2",0.0714167373383015,5.8277695986187,0.226446372576473,0.825793301579142,0.967454214887802,-5.71981360789798
"Lcor",-0.109260372423465,5.04739970288279,-0.226178874627655,0.825995239650935,0.967454214887802,-5.52725609018903
"March1",-0.0712129189643374,6.13203665172823,-0.226174200516854,0.825998768324572,0.967454214887802,-5.78722129298459
"Nbr1",-0.0631923408938602,6.57003118302887,-0.22548068963425,0.826522373017901,0.967882496054595,-5.87202168892337
"Gsn",0.158423847514649,4.89204588706975,0.225116434624149,0.826797423811694,0.968019605104711,-5.4871929004415
"Cdc42ep4",0.0979573495282906,4.81121135455277,0.224714838439321,0.827100699931166,0.968189701848746,-5.46435198762003
"Ccp110",-0.0912762214499029,5.45411252691164,-0.223327857762879,0.828148347286444,0.968655564111996,-5.62184802165785
"Ly86",0.214889741640947,6.28993769344897,0.223309917973719,0.828161900344766,0.968655564111996,-5.77218201348567
"Dbi",0.106343777945579,8.44891694514998,0.223159540167727,0.828275509338502,0.968655564111996,-5.97353121128648
"Asxl1",0.0816091903171188,5.38374973714925,0.223123552207356,0.828302698521679,0.968655564111996,-5.59728108383712
"Nmt1",0.0666652279217892,7.05554543255014,0.222886407091839,0.828481869512848,0.968655564111996,-5.92786527874444
"Med19",-0.099623304894687,6.0272620604226,-0.222673477034517,0.828642754122012,0.968655564111996,-5.76041642197636
"Dhx9",0.082420600136567,6.86885517443959,0.222557003914208,0.828730761848452,0.968655564111996,-5.90988228291014
"Enah",-0.0610965790808871,7.73116764768883,-0.222059622594526,0.829106614181469,0.968655564111996,-5.96494281730702
"Ppt1",-0.0766894876649137,6.53986706886443,-0.222033908191871,0.829126046832376,0.968655564111996,-5.86759028914713
"Nipsnap1",-0.0818373925680199,5.76324071261588,-0.221943951693691,0.829194028888845,0.968655564111996,-5.71073237899749
"Pgk1",-0.0736884793294582,5.65008749947821,-0.221886497150527,0.829237449303448,0.968655564111996,-5.68009961909768
"Atp5l",0.0520968654538705,8.76974633668413,0.221650558440253,0.829415762864382,0.968679206181233,-5.97245933575964
"Sept3",-0.083970371889193,7.35085901543916,-0.221422071412779,0.829588454524839,0.968696274643333,-5.95092595298124
"Apopt1",0.0786418520417109,5.71812083287674,0.221073925285778,0.82985160366126,0.968818942129206,-5.68360022168549
"Bcl9",-0.105959357335525,5.71225147395948,-0.220740676841436,0.830103513180249,0.968830283344334,-5.66870425199315
"Carhsp1",0.10216936294042,6.35903511472343,0.220467373635942,0.830310124081921,0.968830283344334,-5.82568765151984
"Sqle",0.12958627226304,5.57224828588698,0.220433655845925,0.830335614902814,0.968830283344334,-5.6650663876194
"Gna13",0.111871909915005,5.6012937857459,0.219385576716558,0.831128072078867,0.969570307576489,-5.61707188972727
"A730017C20Rik",0.107037376515075,5.86047605414217,0.218758300055236,0.831602454863577,0.9699390642185,-5.73603732183262
"Rrp7a",-0.0834056571564522,5.38215358615652,-0.217854475890932,0.832286105003614,0.970199631711253,-5.61394636278134
"Pum1",0.077121070756198,7.329229439187,0.217525688030634,0.832534836103144,0.970199631711253,-5.95018179072749
"Sertad4",0.150838301802594,4.25904552619988,0.217442107505522,0.83259806868268,0.970199631711253,-5.29726373367848
"Ube2d1",-0.0688720952376378,6.55154608077392,-0.217362341344106,0.832658416699404,0.970199631711253,-5.8720195555308
"Rnf20",-0.0791717006814837,6.1771050836114,-0.217288119915776,0.832714570820204,0.970199631711253,-5.79630843721457
"Lrp1b",-0.151582279247831,5.6230421414807,-0.217175636202209,0.832799675155545,0.970199631711253,-5.6872199404881
"Mapt",-0.0624616539588986,7.75701142831613,-0.216613327842657,0.833225147805411,0.970199631711253,-5.96662228530407
"Lrif1",-0.0736550734329517,5.65993767834346,-0.216251278001487,0.833499124380871,0.970199631711253,-5.67783849850593
"Whsc1",0.0576319000007603,7.61311942051129,0.216164208819796,0.833565016398,0.970199631711253,-5.96132511839193
"Ndufa13",-0.0544866039968653,8.59792258078778,-0.215966411245517,0.83371471027797,0.970199631711253,-5.97585226910453
"Nme1",0.0574063741264225,8.03797819801683,0.215952759526599,0.833725042205726,0.970199631711253,-5.97303187908034
"Per1",-0.140640668097543,5.62121597693816,-0.215951853506483,0.833725727903305,0.970199631711253,-5.67137829455123
"Mrps17",-0.0762037464901714,6.63953643767435,-0.215419879216258,0.834128364230744,0.970483883805961,-5.88595034990792
"Abracl",-0.218801362758161,6.81257880145326,-0.214498756632621,0.834825656200282,0.970895969661085,-5.90030355150953
"Unc79",-0.0922625313052894,5.33753883499164,-0.214327181185448,0.834955556026572,0.970895969661085,-5.61567276438474
"Gon4l",-0.0883704362551281,6.04422774909282,-0.214121526053057,0.835111264535459,0.970895969661085,-5.77660059310957
"Rfc3",0.115766484387671,5.94312411640703,0.21391354159346,0.835268744348943,0.970895969661085,-5.72194474601081
"Papss1",0.0599624828049976,6.98856301311597,0.213905635087188,0.835274731079184,0.970895969661085,-5.92456618366232
"Aco2",0.0497102512808093,7.47927060066956,0.213295012144198,0.835737122583986,0.971012697219771,-5.95758843182804
"Ckap5",-0.106642211308467,6.84027487185629,-0.213294498375625,0.835737511660946,0.971012697219771,-5.91076371461528
"Urm1",0.0914587907242738,5.15607915231274,0.212925471439066,0.836016987915159,0.971012697219771,-5.53272774807724
"Phlpp1",0.0885125513056828,5.44770221115088,0.212624493647435,0.836244946246842,0.971012697219771,-5.62735018399422
"Pik3r1",0.0728784332196909,7.20858599928748,0.21254681110603,0.836303785037036,0.971012697219771,-5.94166962548346
"D930016D06Rik",-0.0846570641808672,4.93120560519809,-0.212517635343701,0.836325883799927,0.971012697219771,-5.49172802528949
"Mien1",-0.0628853531165002,7.13837231796796,-0.211463747758527,0.837124237020095,0.971582534223788,-5.93832523209058
"Sumo1",0.0659327180454043,7.85754654445162,0.211451156845023,0.837133776224151,0.971582534223788,-5.96904983623092
"Drg2",0.089342219180911,5.16251825508733,0.211232338366619,0.837299563276187,0.971590934246634,-5.56581057769753
"Dlgap3",-0.104613798349343,5.26166181616105,-0.210694868694002,0.837706811150428,0.971879465870849,-5.58593894890305
"Glt8d1",0.0714981577283543,5.42092383015752,0.209725872738266,0.838441160655257,0.972239753180894,-5.62492424723115
"Alkbh5",-0.0691067152868707,6.53331974006079,-0.209597026444962,0.838538818693982,0.972239753180894,-5.87056574152192
"1190007I07Rik",0.100884953591284,4.66497090209048,0.209578963446507,0.838552509634737,0.972239753180894,-5.40558307733273
"Rufy1",0.0915570109981465,5.44225185709137,0.209175369450374,0.838858430641486,0.972239753180894,-5.61623868205215
"mt-Atp6",0.0617650214801079,14.0647133614518,0.209117076140527,0.838902618858147,0.972239753180894,-5.76260556427964
"Gclm",-0.0803783626623155,6.20533514853043,-0.209029123503111,0.838969290930249,0.972239753180894,-5.81078322457395
"Wtap",-0.0765791301797258,6.04030740919103,-0.207776477492536,0.839918999709187,0.972745716579689,-5.77087349150174
"BC029214",0.111527303054507,5.30169620805946,0.207606132171673,0.840048170183396,0.972745716579689,-5.60375684157131
"Sox2",0.0856851955230439,7.56199565166888,0.207432753227465,0.840179646187065,0.972745716579689,-5.9609684470243
"Sgol2a",-0.107291309749774,5.30950895149094,-0.207393298247703,0.840209566252904,0.972745716579689,-5.59338492710202
"Kif23",0.13728652981836,4.59995020595023,0.20718206730658,0.840369754521056,0.972745716579689,-5.38976076281056
"Nudcd3",0.0624713388528934,6.97818615532263,0.207054509187912,0.840466492741863,0.972745716579689,-5.92542022791657
"Numbl",-0.100115226806675,5.61622699561154,-0.206874797040483,0.840602788602122,0.972745716579689,-5.68775689794599
"Ap3d1",0.0644281381482244,6.02214623398274,0.206625474774261,0.840791886873581,0.972745716579689,-5.76265412753266
"Bola3",0.0757674706698905,5.76973769876481,0.206437714787789,0.840934300379436,0.972745716579689,-5.70839881027379
"Arhgef7",-0.0636723118909802,6.1292804485003,-0.20590745832043,0.841336525879089,0.972745716579689,-5.79496068761985
"Mtch1",0.0499735841573038,8.38332750070278,0.205879005812798,0.841358109870475,0.972745716579689,-5.97778197430441
"Cldn11",0.19539790720005,5.48402396416417,0.205803815208316,0.841415149920634,0.972745716579689,-5.65658749872
"Samd4b",-0.055236095668601,6.33159386902962,-0.205732183011057,0.84146949144728,0.972745716579689,-5.83478908409371
"Pebp1",-0.0532162154305777,9.21179304650273,-0.205286847119973,0.841807351407786,0.972862862084091,-5.95893300514225
"l7Rn6",-0.0698676532863485,6.35167830326065,-0.204876519483181,0.842118682064011,0.972862862084091,-5.83903849750924
"Homer2",0.0856897963824178,6.19519591801614,0.204797144538692,0.842178910086523,0.972862862084091,-5.80821508934009
"Rbm39",0.046771927478008,9.19160224917447,0.204650566445807,0.842290133270273,0.972862862084091,-5.96033674063997
"Jmjd1c",-0.0503398749914987,7.298847348596,-0.204552414774722,0.842364612633516,0.972862862084091,-5.95156446285237
"Dip2b",0.0655325758350477,6.16139501895204,0.204065619139156,0.842734026832446,0.972921451705844,-5.79232145682345
"Emd",0.059179403776766,6.51741067595279,0.203679133900588,0.843027347406364,0.972921451705844,-5.86645272567273
"Nuak1",-0.109263346406002,5.78601039601206,-0.203601333885605,0.843086396327319,0.972921451705844,-5.71402777182924
"Suv420h1",-0.0727558231038276,6.03416228800268,-0.203347727070864,0.843278886857174,0.972921451705844,-5.7774373709444
"Dtl",-0.102903905050645,5.29039619386722,-0.203157812125515,0.843423041689206,0.972921451705844,-5.58267758785573
"Gtf3c1",-0.0577150530710439,6.2219577942412,-0.202749372197618,0.843733088572674,0.972921451705844,-5.81433757891223
"Tpd52",-0.0709787288528849,5.35879480226235,-0.202412434604286,0.843988879340727,0.972921451705844,-5.61070614100351
"Hdac3",-0.0608404658332388,6.29234184772879,-0.202019690032088,0.844287061034262,0.972921451705844,-5.82853435291009
"Srp54b",-0.0549632373004113,7.29774728429545,-0.201932977767578,0.844352898716782,0.972921451705844,-5.95202557997445
"Tacc3",-0.0949781017153272,5.53367878687489,-0.201822045895441,0.844437127380984,0.972921451705844,-5.62060930828293
"Ccser2",0.0724352456157549,6.15545716940102,0.20181149558312,0.844445138160216,0.972921451705844,-5.80095757446269
"Gapdh",0.0647093363550711,10.2668176492727,0.20165551292416,0.844563576910977,0.972921451705844,-5.89445798485465
"Ehd1",0.113103237349982,6.03234369770886,0.201226807367732,0.844889117281042,0.972921451705844,-5.77750830361675
"Rfwd2",0.0943416883626832,6.16783526730363,0.200922313365197,0.845120355622966,0.972921451705844,-5.79541682464847
"Zfp467",-0.0740831615848522,5.45588380644046,-0.200523558193437,0.845423201236924,0.972921451705844,-5.62701526700806
"Nudt5",0.0824987671400459,5.34126132452656,0.200483604625089,0.845453546550314,0.972921451705844,-5.61957299977133
"Eef1e1",-0.0710369610303965,5.90897830832476,-0.200172105521668,0.845690143822322,0.972921451705844,-5.73906463961044
"mt-Nd6",-0.0696590937462148,5.85574997639741,-0.199904570747475,0.845893361250311,0.972921451705844,-5.72842756001037
"Prps1",0.0782394698769001,5.78786868469661,0.199894776076945,0.845900801437025,0.972921451705844,-5.7064375301995
"Akap8l",0.0842264004019395,6.52861680376065,0.198964846718917,0.846607263607386,0.972921451705844,-5.87197608416403
"Fubp3",0.0911038297667416,5.33940641077628,0.19891450422483,0.846645512643153,0.972921451705844,-5.61537511930612
"Gm16105",-0.0970900986685216,5.04423297862309,-0.198795932995424,0.846735601927732,0.972921451705844,-5.53466895791176
"Purg",0.120697160390172,4.9768731639215,0.198768472535241,0.846756466456703,0.972921451705844,-5.5161438378773
"Clip3",0.0522283835036543,7.51969185825729,0.19866228313295,0.846837150623041,0.972921451705844,-5.96263346943537
"Foxg1",0.0632470925183914,8.02215285564883,0.198588432636373,0.846893264352277,0.972921451705844,-5.97671785046268
"Sys1",-0.0719484945414168,6.51112111769805,-0.1985835627178,0.846896964688262,0.972921451705844,-5.87007171951578
"Csf2ra",0.0813194272457139,5.73473312239318,0.198037317616683,0.847312046038491,0.972921451705844,-5.69104011994839
"Kctd3",-0.0872550359171572,5.55506603705963,-0.197721015747452,0.847552420530523,0.972921451705844,-5.65802830413479
"Ndufa3",-0.0597597530811149,7.63561464198051,-0.197504652315731,0.84771685608559,0.972921451705844,-5.96738259232772
"Ndufa6",0.0526059294435753,7.76321238041813,0.197156639319653,0.847981361179459,0.972921451705844,-5.96961218307534
"Mzt1",-0.0722051113606608,6.61661502072323,-0.197048857561388,0.848063284092893,0.972921451705844,-5.88722571307299
"Arhgef12",0.064666570528601,6.42210584731044,0.196937102103021,0.848148229369978,0.972921451705844,-5.85451730255297
"Atf6b",-0.0748909346839417,5.55597306136697,-0.196885520611201,0.848187437136408,0.972921451705844,-5.672640093805
"Fabp7",0.0994751152842548,5.94077888025486,0.196804062515378,0.848249355395256,0.972921451705844,-5.7610012575747
"Zeb1",-0.0666827125592771,7.08857169421598,-0.196769875333482,0.848275342221336,0.972921451705844,-5.9382624497911
"Top2b",0.0863091918937682,7.15978057374601,0.196585058243778,0.84841583124378,0.972921451705844,-5.94164049441119
"Ubtf",0.0527845113623561,6.8145501625324,0.196454045351372,0.848515424327802,0.972921451705844,-5.91102040626511
"Fbxl20",0.069716828558054,5.60732851442821,0.195554351868484,0.849199427620278,0.972921451705844,-5.67325918655602
"Med29",0.0867812071392834,5.56258068531439,0.195534842205327,0.849214261560983,0.972921451705844,-5.62170176226208
"Bicd2",-0.0882359942305278,5.68535273274362,-0.195419637697346,0.849301857213862,0.972921451705844,-5.69352098181444
"Wbscr22",0.0929972233244187,5.2569613873951,0.195367957707296,0.849341152759162,0.972921451705844,-5.57953966119409
"Vgll4",0.0794470227995256,6.77752499669584,0.195150340208099,0.849506625827936,0.972921451705844,-5.90353905868882
"Khdrbs1",0.0533604026500191,7.72159402659799,0.195135147811559,0.849518178187226,0.972921451705844,-5.96936992364685
"Podxl2",0.0580700771106771,7.96868207337775,0.195086480916856,0.849555184943748,0.972921451705844,-5.97552398068484
"Commd6",0.0708541595941943,5.68311450207901,0.19488254852938,0.849710261232668,0.972921451705844,-5.68125507092439
"Gins4",-0.0842379774133341,5.50790850821518,-0.194871576758728,0.849718604688263,0.972921451705844,-5.64695838272375
"BC030336",-0.0747052394313641,6.25178342717188,-0.193859112886218,0.850488614925704,0.973362894955634,-5.82284019875115
"Med20",0.0795694139854472,5.03337870482891,0.193851530625061,0.85049438210144,0.973362894955634,-5.53207221658402
"0610007P14Rik",0.0514670510041583,6.42881753863871,0.193738096354934,0.850580662938548,0.973362894955634,-5.85530082952502
"Sec24b",0.0746761588176253,5.07451540784448,0.193488805271644,0.850770287092303,0.973398117868116,-5.54164143764014
"Pak1ip1",0.0699342800453922,6.75851876103852,0.1931337789291,0.851040356575927,0.973525350960851,-5.90326080447918
"Secisbp2l",-0.0766016656442811,6.2469994758439,-0.192669730836848,0.851393390013806,0.973747423293132,-5.82198878612001
"Auts2",-0.0560095554872186,8.63570492497603,-0.192148949931156,0.851789625516448,0.973797567101745,-5.98059957659168
"Ndufb8",0.0492334048989877,8.04897362835149,0.191882594483982,0.851992298653801,0.973797567101745,-5.97836686790435
"Dpy30",-0.0855988411128989,6.52213367752739,-0.191696584057621,0.852133843058985,0.973797567101745,-5.87247267037132
"Cnpy3",0.0783889702765716,5.64868687588618,0.191589222967027,0.852215541885413,0.973797567101745,-5.68641234035666
"Egln2",0.0614938088876986,6.20305394827754,0.191355875160824,0.852393119521996,0.973797567101745,-5.80316778437286
"Slc38a1",0.0596434060958899,7.02685136405299,0.191161038592549,0.852541396820637,0.973797567101745,-5.93315529902446
"Psmc1",0.0632671705182794,6.50389791259478,0.190861932180212,0.852769038903337,0.973797567101745,-5.86545486740288
"Cox17",-0.05317326691888,7.22020849383789,-0.190797286551284,0.852818240890447,0.973797567101745,-5.94863478282147
"Ankrd35",-0.105618821547265,5.40707014120763,-0.190427898459954,0.853099396149492,0.973797567101745,-5.62130771319847
"Dhrs1",0.0788163482205201,5.5946602844029,0.190342026174765,0.853164759926015,0.973797567101745,-5.64946881848739
"Oaz2",0.0525501252392216,6.50841103477638,0.190315123377413,0.85318523788663,0.973797567101745,-5.86995306561091
"Soga3",-0.0538382685684997,7.89468887723856,-0.189453235539989,0.853841353708536,0.974364956336296,-5.97694799666665
"Gan",0.0789361714880134,5.15726949718674,0.188408688442736,0.854636678194282,0.974802139214639,-5.54154305994214
"Cdh2",0.0476682899769709,7.44537655470464,0.188188463380209,0.854804380983515,0.974802139214639,-5.96144020207544
"Lsm7",0.0765985216650926,6.54924430572027,0.188169910411132,0.854818509538383,0.974802139214639,-5.87194702073729
"Tmem222",-0.0561021431220437,6.17632884663007,-0.18811443828872,0.854860753286467,0.974802139214639,-5.80869619035331
"Fkbp2",0.0630142326455128,7.47052195798659,0.187742322076241,0.855144143943926,0.974878883238069,-5.96166869779669
"Qars",-0.0763339540838212,5.15748765841665,-0.187476934047908,0.855346267517421,0.974878883238069,-5.56052080907258
"Ccdc34",-0.0913183296656152,7.06897550444913,-0.187399410767007,0.855405312527921,0.974878883238069,-5.93829264573646
"Tmem60",0.079283230442842,5.74502919891147,0.187120950008729,0.855617407831184,0.97493928508544,-5.68137102030566
"Ampd2",0.0840823237273739,5.18526027007242,0.186403362580893,0.856164029101935,0.975380771581457,-5.56840735035386
"Cul2",-0.0632424304091787,5.7636542418071,-0.185143483186994,0.85712393571105,0.975542927714709,-5.71627165912977
"Rragc",-0.0583807216770728,5.63216585334563,-0.185096160620615,0.857159995772201,0.975542927714709,-5.68256309346529
"Rprd2",-0.0581091889718596,6.01905426610759,-0.185056534013316,0.857190191737681,0.975542927714709,-5.77572978746532
"Larp4b",-0.0565395722185942,6.55221432380679,-0.184848602102473,0.857348642435561,0.975542927714709,-5.87899236831039
"Clip2",0.0823914619108401,5.49306095401277,0.18474245627534,0.857429531509228,0.975542927714709,-5.63734437293066
"Pias1",-0.0584454441182402,5.99633706640826,-0.184219834739203,0.857827823958675,0.975542927714709,-5.76952040496694
"Tbc1d17",0.0659248694693755,5.81634774628462,0.183946427868435,0.858036205563154,0.975542927714709,-5.71177299362889
"Uqcrc2",0.0642446505740344,7.33153957252062,0.183455291918699,0.858410562073679,0.975542927714709,-5.95578457974364
"Wdr33",0.0651103489271027,5.62182235865692,0.183204583540553,0.858601672844963,0.975542927714709,-5.67286565168617
"Neurl4",0.0690275420202378,5.14727902025053,0.182913422395475,0.858823632244993,0.975542927714709,-5.56013982347576
"Gtpbp2",-0.0713664985758444,5.77083138021161,-0.182371266492005,0.859236965980298,0.975542927714709,-5.71102732566948
"Ube2n",-0.0431591729208873,7.65866733633602,-0.182139465870816,0.859413702023139,0.975542927714709,-5.97070084394169
"Stxbp5",-0.090375002216646,5.88221246232516,-0.181945533557753,0.859561571762346,0.975542927714709,-5.73719364664997
"Phlda3",-0.086984096713818,5.63174713460946,-0.181740515483796,0.859717900451759,0.975542927714709,-5.68579395608515
"Tnks2",-0.0518271226594213,6.5182905969049,-0.181487304272104,0.859910985853629,0.975542927714709,-5.87467225835506
"Hmmr",-0.123960605934612,5.41092188332029,-0.181075332867025,0.860225154272694,0.975542927714709,-5.5924748322092
"Mthfsl",-0.0651829383157536,5.37485473255253,-0.180993555785554,0.860287520362625,0.975542927714709,-5.61209749001513
"Fez1",-0.0540052235324014,8.15339315933892,-0.180932739698223,0.860333901519355,0.975542927714709,-5.98298196567747
"Atf2",-0.0593705580224498,6.63467762141778,-0.180717144796924,0.860498328687396,0.975542927714709,-5.89211891768766
"Rnf126",-0.0582438722657016,5.78269998592986,-0.180661520515484,0.860540752653181,0.975542927714709,-5.72559744974293
"Commd2",-0.075050000975225,5.77348810636843,-0.180621330543101,0.860571405351407,0.975542927714709,-5.70197551660273
"Arid4b",-0.0498550572496518,7.24251541034707,-0.180596098990008,0.860590649460923,0.975542927714709,-5.95283219066294
"Rbm6",0.0547337902637233,6.76519017731121,0.180408059059917,0.860734070594948,0.975542927714709,-5.90769162461123
"Dot1l",-0.0547991298368477,5.91317735828581,-0.180180653275476,0.860907523889634,0.975542927714709,-5.75095266678521
"Cfl2",0.0894098673336969,7.60655383028187,0.179190160110374,0.861663111952746,0.975542927714709,-5.96855244433276
"Csnk2a1",-0.0607282688049745,6.96701577349579,-0.179112570033336,0.861722307054435,0.975542927714709,-5.93067843406781
"Etf1",0.0571289619283417,6.00914207069573,0.178982075141552,0.861821866401144,0.975542927714709,-5.77202738287831
"Gdap1l1",-0.0800454269394023,5.20973604522124,-0.178865933519038,0.861910477271828,0.975542927714709,-5.57726404202591
"Mrps30",0.0757145100314218,5.49055549384597,0.178715553598826,0.862025213455088,0.975542927714709,-5.63926744583607
"Cxxc4",0.0785489808010645,6.71703833991349,0.178542665360694,0.862157127140588,0.975542927714709,-5.90226202030626
"Psma1",0.0561520356130489,7.48868224577527,0.17825376874615,0.86237756522589,0.975542927714709,-5.96435420551024
"Mmp16",-0.076606659624048,5.68217630515455,-0.178037382936172,0.862542683280091,0.975542927714709,-5.69677897486021
"Scg3",-0.0571504982103596,7.12404271384117,-0.178018115609599,0.862557385987358,0.975542927714709,-5.94473414642054
"Phc2",-0.0634555214398779,6.31618344892703,-0.177865226430891,0.862674056189147,0.975542927714709,-5.83769893478438
"Frg1",-0.0713141440707482,6.36828665651329,-0.177850740072723,0.862685110955366,0.975542927714709,-5.84610423189937
"Smarca4",-0.0541012696078723,7.13666799842904,-0.17779959668036,0.862724139528614,0.975542927714709,-5.94579805723487
"Grik2",0.120635172997671,5.05130678645043,0.17779277050485,0.862729348753019,0.975542927714709,-5.53222061267822
"Ssbp3",-0.0516318514556508,7.66918965465066,-0.177717034344823,0.862787145369997,0.975542927714709,-5.97213875126585
"Sin3a",0.0730896755726368,5.4193951747136,0.177519460569497,0.862937924100928,0.975542927714709,-5.63710832679032
"Spast",0.0567024594989803,5.89430064575859,0.177459161286129,0.862983942755714,0.975542927714709,-5.73619602403971
"Foxo6",0.068993177299454,5.99802495538949,0.177458129763328,0.86298472998857,0.975542927714709,-5.76888305039556
"Aars",0.0588482092555674,6.65632396941157,0.177332791396482,0.863080386334981,0.975542927714709,-5.89424306700913
"Nom1",0.0737469563095359,5.41689994356017,0.177239322031717,0.86315172226977,0.975542927714709,-5.61695186535732
"Hsp90b1",0.0732336138071362,8.73655779133131,0.176893026716889,0.863416026655206,0.975570269880299,-5.98232900722245
"Banf1",0.053084422272677,7.64834262626759,0.176790460682297,0.863494311982823,0.975570269880299,-5.97053859493471
"Zfp207",-0.0495972504181491,7.53646964905127,-0.17604648518513,0.864062211236561,0.975931291050871,-5.96775352157949
"Cox20",-0.0683193497411343,6.79582810470601,-0.175954576612656,0.864132373570827,0.975931291050871,-5.91292558006918
"Phc1",0.0937089515360415,4.98806938643336,0.175158152363967,0.864740410461444,0.975969572102045,-5.48261771497096
"Gpr85",0.0724902738252613,5.66277200672474,0.175124920688662,0.864765783507169,0.975969572102045,-5.68527524035333
"D15Ertd621e",0.0823884490344314,5.70101324625305,0.17461538641705,0.865154843476643,0.975969572102045,-5.69438343036123
"Cyth2",-0.0580065209758251,6.98398891422813,-0.174538070244172,0.865213882355218,0.975969572102045,-5.93239503299621
"Rbm42",-0.0498452200788902,6.46079240672396,-0.174483362960671,0.865255657544825,0.975969572102045,-5.86554107561599
"Ago4",-0.0837412019484265,4.8590061271318,-0.174220124891619,0.865456675698272,0.975969572102045,-5.48047044243077
"Fcho2",0.0648978231732846,5.29850585503379,0.17421075917021,0.865463827891137,0.975969572102045,-5.60865055622964
"Stag2",-0.0529730397116652,6.4979413240332,-0.17415631441803,0.865505405228542,0.975969572102045,-5.87204239725453
"Serp1",0.0522204002297116,6.29992326142801,0.173964133355178,0.865652169904785,0.975969572102045,-5.82977428517533
"Abhd10",0.0806563412107419,4.84918624715356,0.173697991860054,0.865855425573866,0.975969572102045,-5.46497816311052
"Akt1",0.0507964972479937,6.88739821194078,0.173548883275396,0.865969306248395,0.975969572102045,-5.92162406277743
"U2af2",0.0472882692105547,6.97002626619545,0.173297851221973,0.866161037637355,0.975969572102045,-5.93123054299415
"Spire1",0.0862035567209165,5.34147631175088,0.173198789461581,0.866236700826212,0.975969572102045,-5.62472471687786
"Ict1",-0.0568455642089625,6.22961503082154,-0.172912386774212,0.866455462732605,0.976036594784082,-5.81794560896614
"Akr1b3",-0.0616926335620708,5.66728566535209,-0.172078634779617,0.867092372510991,0.976405245096143,-5.67717060320425
"Narf",-0.0682988533533073,5.35778234706711,-0.171826916322927,0.867284682106621,0.976405245096143,-5.59449054209924
"Pcm1",-0.0411089924804016,7.72730630773821,-0.171647973307792,0.867421397810147,0.976405245096143,-5.97488869035831
"Ddb1",0.0614949010192762,6.94151030269842,0.171585497596434,0.867469131477807,0.976405245096143,-5.92912603660954
"Eif4e",-0.0556882009581302,6.95176665657003,-0.171441177403709,0.867579399404128,0.976405245096143,-5.93038586912421
"Usp8",0.068216895855628,5.43751707653073,0.170645392200583,0.868187473619484,0.976427905651442,-5.62698167865966
"2410015M20Rik",0.0464654434191059,7.06852389501947,0.170424523227973,0.868356259887573,0.976427905651442,-5.93962367811019
"Smc4",0.110578103695726,7.16220573302634,0.170296480900723,0.868454112005227,0.976427905651442,-5.9463031447388
"Arhgap20",0.0827002099642516,5.61823078179649,0.170250320798387,0.868489388916419,0.976427905651442,-5.68690829275249
"Slx1b",0.0765674702190405,5.1558491568567,0.170160580315009,0.868557972116323,0.976427905651442,-5.54976105067405
"Tbc1d1",0.090591231063948,5.3780864458109,0.17014516466589,0.868569753476961,0.976427905651442,-5.62597248858106
"Glod4",-0.0670813978438163,5.92836212260815,-0.169785558310525,0.868844591168401,0.976427905651442,-5.74713266547318
"Exosc8",0.0659955111869147,6.00519371983409,0.169662635347127,0.868938542214809,0.976427905651442,-5.75343610233625
"Stk25",0.0525140514664163,6.7886387870278,0.1695058738337,0.869058359488251,0.976427905651442,-5.91240446118919
"Leprot",-0.0963479552422085,5.5517620406403,-0.169237964249372,0.869263138528802,0.976427905651442,-5.65058586115748
"Hdac2",0.0455104291146822,7.67461195650588,0.16912137121104,0.869352260645279,0.976427905651442,-5.97260510460911
"Map7",0.101938090248058,5.10293545854734,0.168626350536539,0.869730669256132,0.976521290363632,-5.5564607218786
"Arpp19",0.0495582354863524,7.72011343799496,0.168570588379374,0.869773297706342,0.976521290363632,-5.97387008970673
"Siah1a",0.0593300060800252,6.09118632694448,0.167992051755583,0.870215597223141,0.976521290363632,-5.78964213427854
"Srgn",0.204930911028358,6.05322791620715,0.167883734449009,0.870298412636412,0.976521290363632,-5.69037745861729
"Cep170b",0.0901824752285902,5.56491629772912,0.166796491934585,0.871129770134601,0.976521290363632,-5.67733551295912
"Leprotl1",-0.0492339898969799,5.86459884915045,-0.166788615186329,0.871135793681324,0.976521290363632,-5.73793803672329
"Pitpna",-0.0517830657711561,7.19664338964105,-0.166684889125493,0.871215116414315,0.976521290363632,-5.95112169314888
"Lrp1",0.0602919499571069,7.30272749242592,0.16668070344049,0.871218317377233,0.976521290363632,-5.95811377281525
"Usf2",0.049119656210832,6.81353832027049,0.166402498273688,0.871431077671053,0.976521290363632,-5.91470207115879
"Hcn2",0.0780260123434276,4.8565367942769,0.166161557876862,0.87161534814087,0.976521290363632,-5.48386799341166
"Letmd1",-0.0651418234779329,4.92329311587419,-0.165536481896419,0.872093442300055,0.976521290363632,-5.50502982648199
"Mink1",0.0733620916070602,5.80728489982629,0.165345752948202,0.872239333695038,0.976521290363632,-5.73376634365496
"Uba1",0.0567754495999058,6.72970814906483,0.165252059083056,0.872311003381785,0.976521290363632,-5.90578674824276
"Abhd16a",-0.0597995106003874,6.05756677449546,-0.165202275520955,0.872349085053895,0.976521290363632,-5.78428035160061
"Drg1",-0.0461140831682957,6.39344058610589,-0.165193911200801,0.872355483330254,0.976521290363632,-5.85428622135408
"Nit2",0.133674137404694,4.02130787313499,0.165144619134958,0.872393189433499,0.976521290363632,-5.21655893838422
"Zfp219",-0.0694230063929372,5.19081455428284,-0.164820752488448,0.872640940559842,0.976521290363632,-5.56474632273482
"C530008M17Rik",0.0818373143352207,5.92237197813282,0.164767762661402,0.87268147804751,0.976521290363632,-5.74200340914323
"Nuf2",-0.0960167151108671,4.81232761559592,-0.164390287592506,0.872970259709069,0.976521290363632,-5.47737759399239
"Ube3c",-0.0618252971246525,6.13358570413312,-0.163863463835461,0.873373331452972,0.976521290363632,-5.80485972258875
"Hcfc2",-0.0736675479332613,5.16582555349932,-0.163813791747152,0.873411337448686,0.976521290363632,-5.57613659622542
"Twf2",0.0779690741376898,5.37339460575854,0.163758676195491,0.873453508844362,0.976521290363632,-5.58102654802254
"Arfgef1",-0.0520188495436624,6.16558422554339,-0.163654493184811,0.873533225116142,0.976521290363632,-5.81114059752276
"Chmp2b",-0.0740222890214422,4.99675008463269,-0.163558531116985,0.873606652411978,0.976521290363632,-5.52787648413375
"Rere",-0.0524912062332659,6.81914750828291,-0.163483917531259,0.873663745369924,0.976521290363632,-5.91812367403519
"Cacna1c",-0.05758839441438,5.52398194169347,-0.163428473362343,0.873706170737485,0.976521290363632,-5.66537187944123
"Tspan6",0.0699418108334903,5.42530280077115,0.163349962898565,0.873766246948244,0.976521290363632,-5.62457614787054
"Tmed7",-0.0444259193234172,7.02933528659846,-0.16317867862536,0.873897316637428,0.976521290363632,-5.93881437856844
"Sirt7",0.0661084277947835,5.34950858476911,0.162788198323672,0.874196134049991,0.976677102909452,-5.60752285004481
"Gse1",0.0429368801811712,7.0498492502321,0.161937065627942,0.874847541181003,0.977226710236454,-5.94031185962752
"Smim12",-0.0631946518461971,5.60636178101018,-0.161632711232579,0.875080500330378,0.977274524250221,-5.66240140763716
"Adprh",0.0455956979655056,6.61550286084902,0.161464445573059,0.875209299785446,0.977274524250221,-5.89087942227828
"Trim24",0.0760149351962746,5.40662665604981,0.161058045260438,0.875520396071435,0.977443794338815,-5.59022009242544
"Clk3",0.0921558282760783,5.70700149769541,0.160712041014419,0.875785277378103,0.977561417080695,-5.67761929953276
"Amfr",0.0432766137248334,6.54368413031178,0.160082858726054,0.876266985496101,0.977800961273546,-5.88088185866321
"Acat1",0.0452187369248826,7.07199321010883,0.159960617755615,0.87636058060808,0.977800961273546,-5.94214485724353
"Pikfyve",-0.0632775252383958,5.53032515805432,-0.159806519413624,0.876478570541055,0.977800961273546,-5.66382073640828
"Crtc3",0.0540539563252006,5.95462946513937,0.159372356528126,0.876811017400583,0.977967973494927,-5.7586944721314
"Rnf152",-0.125908204797115,4.99621513871851,-0.159194181700708,0.876947456650559,0.977967973494927,-5.5154075317642
"Chkb",-0.0515500713855549,5.54549869190745,-0.158326859298889,0.877611678922057,0.977969363172139,-5.66897669591062
"Sept2",-0.0426003242244657,6.62510802195597,-0.15823174682172,0.877684525138201,0.977969363172139,-5.89533485916018
"Ptp4a2",0.0408191086806795,7.46822132220177,0.15810298381572,0.877783146072978,0.977969363172139,-5.96735057305461
"Mrps6",0.0647052913161247,5.64532465404089,0.157874792869053,0.877957925359383,0.977969363172139,-5.67429227750258
"Ece2",0.102705641149274,5.27114981535555,0.157515780889317,0.878232919056154,0.977969363172139,-5.59806946612315
"Tceal3",0.06828963766991,5.89730988465178,0.157182396143349,0.878488298363658,0.977969363172139,-5.75453532967902
"H2afx",-0.0885674309763751,7.78302564037965,-0.157150215919824,0.878512949834598,0.977969363172139,-5.97898306467845
"Nedd4l",-0.0394195509268352,6.68604749948941,-0.156835198644258,0.878754274239028,0.977969363172139,-5.90402935244513
"Polr2g",-0.0434263884100021,7.11972960476924,-0.156758804858299,0.87881279900002,0.977969363172139,-5.94681691603193
"Uhmk1",0.0964055994379843,5.41480695448573,0.15658364316503,0.878946992108822,0.977969363172139,-5.60166581040572
"Atp6ap1",0.0557519084378672,7.11815759402001,0.156549216371207,0.878973367295269,0.977969363172139,-5.94613737476137
"Nav3",-0.0937640451471269,6.12587528325604,-0.155955193190348,0.879428487317643,0.977969363172139,-5.79031204586059
"Ints8",0.0672650758679113,5.00481730177691,0.155634296860814,0.879674366393079,0.977969363172139,-5.5282655559525
"S100b",0.135773650387845,4.80326962062004,0.155479617274745,0.879792890747242,0.977969363172139,-5.41755079658823
"Med10",-0.0524466337471336,6.08401081721348,-0.155410899534534,0.879845547224993,0.977969363172139,-5.79116428178255
"Slc20a1",0.0953286456979923,5.68935238326151,0.155273155666871,0.879951098360774,0.977969363172139,-5.67243290953185
"Sema3e",-0.125721572758107,4.49967647986341,-0.155189684414975,0.880015062389779,0.977969363172139,-5.38582989678939
"RP23-54G8.4",0.0805355011201155,4.49718607600052,0.155133539895518,0.880058086456192,0.977969363172139,-5.35390670779322
"Rgma",0.0835217901490538,5.19940841967017,0.155066148476429,0.880109729673259,0.977969363172139,-5.56279927627744
"Apbb2",0.0736981117771432,4.99439736146653,0.154849069837622,0.88027608486637,0.977969363172139,-5.50606488000714
"Cisd1",-0.0419116892723441,7.38876720444361,-0.154306028666448,0.880692263967181,0.977969363172139,-5.96577925827034
"AI314180",0.0662957974238104,6.46967214365332,0.15404668088705,0.880891038062739,0.977969363172139,-5.87079636549229
"Tm7sf3",0.0674798634630072,5.25650453162634,0.153998369803948,0.880928066502214,0.977969363172139,-5.60188962073598
"Rbm4b",0.0483741801622751,7.44329421208456,0.15397265973623,0.880947772325897,0.977969363172139,-5.9664766711891
"Nfasc",0.0694805925520675,6.72464137407811,0.153602685206381,0.881231353773206,0.977969363172139,-5.90983004578923
"Coprs",-0.0558168575029818,5.3366714786638,-0.153601757690927,0.881232064726107,0.977969363172139,-5.61254528627766
"Fktn",-0.057247866085687,5.99455643726471,-0.153451513113394,0.88134723066586,0.977969363172139,-5.77449984049773
"Lin7c",0.0563536826659416,6.80201881932404,0.153360192838372,0.881417231200999,0.977969363172139,-5.91849028917061
"Klhl24",-0.0674113103530623,5.94493749151174,-0.151883022170239,0.882549689978279,0.979048606116382,-5.75118829344203
"Chp1",-0.0443163753567959,6.03861653003819,-0.151671280590555,0.882712042721764,0.979051474714746,-5.7806160354278
"Opa1",-0.0495244071983379,6.07931711186781,-0.151106222645724,0.883145328799007,0.979158863633795,-5.79590538513587
"Mkln1",0.0464101563290673,7.54775985895223,0.151098069854517,0.88315158065391,0.979158863633795,-5.97200029313255
"Ncor1",0.0351158550841369,8.14422580661813,0.150554457949187,0.883568461098053,0.979158863633795,-5.98726277563917
"Ndufc1",0.0396443806842748,8.03714603688145,0.150429419957358,0.883664354504436,0.979158863633795,-5.98586352280203
"Aktip",-0.0490976385821412,6.22534164728425,-0.149336535780429,0.884502587573718,0.979158863633795,-5.82318488051609
"Eif1a",0.0568618208026586,5.7321912183519,0.149313177052269,0.884520505178977,0.979158863633795,-5.71521968365958
"Nup214",-0.0693542430158554,4.74587537328553,-0.1493079832248,0.884524489178837,0.979158863633795,-5.46023391209608
"Gnpat",0.0665825105526049,5.27879195803145,0.149098821688061,0.884684932373503,0.979158863633795,-5.59194612699899
"Hmbox1",0.0444856479856229,5.99022255731562,0.148762287251283,0.884943092115669,0.979158863633795,-5.76725307123612
"Ssr3",0.0452089371787866,6.96352665517306,0.14868739024688,0.885000548482458,0.979158863633795,-5.93454176309729
"Plcl1",0.0542512177861248,5.32207472973167,0.148620083261494,0.885052182857958,0.979158863633795,-5.61169538201717
"Csnk1a1",-0.0430714848353464,8.60105190757673,-0.148533331845435,0.885118734819366,0.979158863633795,-5.98856718903395
"Plp1",-0.146636587762146,8.6389410452734,-0.148498025740605,0.88514582041852,0.979158863633795,-5.98828535819616
"Nampt",-0.0559824986758822,5.75885633270833,-0.148426833639748,0.88520043696643,0.979158863633795,-5.71465439103439
"Trp73",-0.070235853776143,6.69196019087275,-0.148420063790239,0.885205630634991,0.979158863633795,-5.90645235860813
"mt-Nd3",-0.0715641026153496,10.9543218459325,-0.148061199061842,0.885480951428171,0.979172797234699,-5.86733439804529
"Cbx4",-0.0574277348321547,6.13925287717435,-0.147550793150402,0.885872562378249,0.979172797234699,-5.79889766012016
"Pbx3",-0.177415129178703,7.01638770712692,-0.147539995731537,0.885880847093147,0.979172797234699,-5.93471281382997
"Plekhj1",0.038867799115254,6.57518479013622,0.147130618038911,0.886194967871413,0.979172797234699,-5.88711824180135
"Rtfdc1",-0.0458498183585531,6.0454817656064,-0.147121900873453,0.886201656892496,0.979172797234699,-5.78218889208759
"Vim",0.151742416378018,5.57428587712374,0.146342843793309,0.886799496021756,0.979172797234699,-5.67487629832811
"Chl1",0.0509745553736604,7.06245992019787,0.14633112246256,0.886808491408007,0.979172797234699,-5.94458548793114
"Tnik",0.056449490689922,7.08196854889272,0.146274712105003,0.886851783058301,0.979172797234699,-5.94610038192147
"Wdr37",-0.0581022107312355,5.63735439220987,-0.145944977288794,0.887104843143735,0.979172797234699,-5.68567365186754
"Cct5",0.0531303155584945,7.66792394254967,0.145860199391092,0.887169909430427,0.979172797234699,-5.97609634332919
"Cnih2",0.0683715363871957,6.56705146603537,0.145636451328416,0.887341638361386,0.979172797234699,-5.88859860703178
"Fam193b",-0.0557688107199237,5.01003579007238,-0.145578016268351,0.887386488888337,0.979172797234699,-5.53113419945059
"Smndc1",0.0530846671408736,5.84196298688426,0.145514566719586,0.887435188652036,0.979172797234699,-5.72552911739815
"Nfia",-0.0795822757025969,9.11525436925385,-0.144752369137444,0.888020240948428,0.979172797234699,-5.9747028718894
"Zfx",-0.0600839796357035,5.06088857920732,-0.144632092222984,0.888112570371315,0.979172797234699,-5.54833898700263
"AU040320",0.0809020233493643,4.68634291094754,0.144346328055628,0.888331941621819,0.979172797234699,-5.42504206333541
"Taz",0.0430465992403919,6.35369621754176,0.144337915819479,0.888338399555784,0.979172797234699,-5.84965289068875
"Aif1",0.131091087139946,5.31660910672192,0.143937186164728,0.888646043092601,0.979172797234699,-5.48918753051312
"Pten",-0.037820354713504,7.57206628657106,-0.14386528551367,0.888701243907093,0.979172797234699,-5.97422982654956
"Il1rapl1",0.068750077776698,5.15479366850529,0.142940632034382,0.889411191080062,0.979172797234699,-5.57573644775456
"Nr2f1",-0.0939808788453438,7.46427870168338,-0.142751353019788,0.889556531963853,0.979172797234699,-5.97190408653397
"Ppp1r12c",-0.0671903323664413,5.76545777853979,-0.142659843080228,0.889626800875559,0.979172797234699,-5.70895031162275
"Ssna1",0.0367651248602097,6.83575155186969,0.142652819120701,0.88963219449544,0.979172797234699,-5.92255244123675
"S100a10",0.126961688568965,6.26249647833606,0.142616549745217,0.88966004543791,0.979172797234699,-5.73840524117211
"Tmem161b",0.0594265868890772,5.05904142481521,0.142485317667196,0.889760818756399,0.979172797234699,-5.54901785050374
"Polr2e",0.0376562437322565,7.04066415180372,0.142429214110305,0.889803901401749,0.979172797234699,-5.94182154111736
"Slc17a5",0.0856014416282403,4.56279459448709,0.142301006569948,0.889902355055484,0.979172797234699,-5.41176139334353
"Asns",-0.100988201720493,4.95778348099774,-0.142291277367563,0.889909826425111,0.979172797234699,-5.48997309049005
"Dph7",0.0845194535043694,4.39777638607403,0.142158452907634,0.890011827773707,0.979172797234699,-5.30388855449205
"Rint1",0.0845194535043694,4.39777638607403,0.142158452907634,0.890011827773707,0.979172797234699,-5.30388855449205
"Ubap2l",0.0374618371090828,7.25523982344646,0.141318224187293,0.890657123136478,0.979706848066835,-5.95884554875546
"B3galt2",0.0882465772796437,5.69346294552783,0.14040397775139,0.891359360341906,0.979873475958604,-5.71697438791773
"Hpcal1",-0.0922669085834165,5.67702178464966,-0.140373869369583,0.89138248843813,0.979873475958604,-5.71217530855779
"Dnajc11",0.0559167679692221,4.93356296891813,0.140327190782398,0.891418345339977,0.979873475958604,-5.50623682219581
"Rad17",0.0619037445473886,5.16460038993453,0.139938995104288,0.891716554102474,0.979873475958604,-5.55494071253461
"Zfp746",-0.061726669615272,4.93291748622883,-0.139378869799511,0.892146869373419,0.979873475958604,-5.50370611636911
"Gpatch11",0.0571478379725036,4.92935598705086,0.139233220549341,0.892258770244842,0.979873475958604,-5.49582014201324
"Ubfd1",-0.0681540803373871,5.72538200852668,-0.138913329385351,0.892504548253825,0.979873475958604,-5.72181528070617
"Usp22",-0.034286605483706,7.95220310460514,-0.138851790570738,0.892551830994115,0.979873475958604,-5.98660932957332
"Chchd6",0.0516581969744513,5.7055603715753,0.138621865751713,0.892728495409992,0.979873475958604,-5.70851543598095
"Gm5914",0.0679048845512774,4.75221441398065,0.13836677548077,0.892924503172664,0.979873475958604,-5.45636561253171
"Tomm22",-0.036397966665534,7.26837325827232,-0.138206048053536,0.89304800778932,0.979873475958604,-5.96077408627347
"Ints2",0.0552470046684377,5.44517673914257,0.138155050069707,0.893087195801668,0.979873475958604,-5.64678291093082
"Fopnl",0.0422359314716828,6.41714302841832,0.137957284551086,0.893239166218222,0.979873475958604,-5.86055042481634
"Elp2",-0.0568401876243019,5.61688576088246,-0.137836117268995,0.893332277952971,0.979873475958604,-5.69740554438099
"Ecsit",0.0640157187660955,4.96688918281184,0.137808842824676,0.893353237402797,0.979873475958604,-5.52289904715991
"Taf7",0.0559899653366698,5.37942499514298,0.137790905182759,0.893367021896332,0.979873475958604,-5.604703980735
"Cyb5r4",0.0623975805697034,5.45349071219938,0.137502015880216,0.893589029103121,0.979941583812442,-5.60236928031093
"Ubr5",-0.0508278005634999,6.70024268002744,-0.137066696235295,0.893923584306694,0.979942583767927,-5.90908855370109
"Slc25a36",-0.0534226937453548,6.31688052728091,-0.136765162137755,0.894155334561305,0.979942583767927,-5.84504804365477
"mt-Nd5",0.0350688541720398,9.4278116104089,0.136593367791345,0.894287375381235,0.979942583767927,-5.95932529823529
"Ccdc59",0.0548608570286354,6.17650241230175,0.136499479408593,0.894359539268948,0.979942583767927,-5.81812956984195
"Pttg1",-0.0468885611417775,5.80559962520933,-0.135981828721196,0.894757430977614,0.979942583767927,-5.73672568630518
"Kiz",-0.053110268428985,5.33514914414416,-0.135759925689419,0.894928006026465,0.979942583767927,-5.61885685070054
"Timm17a",-0.0361419849282296,6.48203243779988,-0.135706182287597,0.894969318996113,0.979942583767927,-5.87571298201761
"Ciapin1",0.044336933834317,5.82647662605471,0.135576771070488,0.895068799769375,0.979942583767927,-5.73060827895057
"Mrpl57",0.0591707110041228,5.97309558785914,0.135464584408671,0.895155041273945,0.979942583767927,-5.76641857203637
"Rfk",0.055117537740862,6.01527937528887,0.135420326755833,0.895189063957712,0.979942583767927,-5.77702515691937
"Ube2b",0.0348772192358305,8.2198977350469,0.135020461997958,0.895496466712107,0.980030294671896,-5.99001550640926
"Ppp2r2b",0.0575812439515908,6.42378820329382,0.134667390077114,0.895767911951371,0.980030294671896,-5.86514487431312
"Phpt1",-0.0459829668318119,5.9940530072554,-0.134587662298105,0.895829209446133,0.980030294671896,-5.76745451666491
"Extl3",-0.072071258514273,5.39601229945874,-0.134484018681816,0.895908895357696,0.980030294671896,-5.61881592487761
"Zc3h4",-0.04930550094995,5.42506960826402,-0.134213677857448,0.896116751421122,0.980082715100595,-5.64274959081639
"Nup62",-0.0485757483847613,5.47617316583329,-0.133927329838515,0.896336923982339,0.980094821123144,-5.65698052018442
"C1d",0.0476354283175145,6.92961788888177,0.133783270425488,0.896447694581466,0.980094821123144,-5.9336268032333
"Twistnb",-0.0617955862281878,5.56794252653963,-0.133486299111918,0.89667605011095,0.980169610253282,-5.65929600272608
"Agpat1",0.0619527767357094,4.89007498117028,0.13305493433236,0.897007765074299,0.980357336253844,-5.48522868701084
"Taok2",-0.0654727398348862,5.10594031316811,-0.132749263675735,0.897242835338608,0.980439389257309,-5.533269892534
"Twf1",0.0379833860063211,6.188617011617,0.131626914074538,0.898106047499627,0.981207676783332,-5.81448513058575
"BC005537",-0.0443656723722414,7.51688384668969,-0.130310688778711,0.899118551392028,0.981356454336978,-5.97392415310858
"Timm9",0.0447351371562963,5.7524701322492,0.130116149659718,0.899268216597112,0.981356454336978,-5.72125752341016
"Usp48",0.0552282108838028,5.92462256932799,0.129998530891285,0.899358706534579,0.981356454336978,-5.76470317043754
"Sf3a3",0.047954299700519,6.00374908366553,0.129704678624272,0.899584788308093,0.981356454336978,-5.77095170788608
"Tiprl",0.0395579832419321,6.41425007623716,0.129689354980633,0.899596578155679,0.981356454336978,-5.86212001340054
"Epdr1",0.0537490305806417,5.49089387943234,0.129657151846974,0.899621354986903,0.981356454336978,-5.65189735689806
"Trmt2a",-0.0463707195671258,5.36676110441554,-0.129645911942511,0.899630002905663,0.981356454336978,-5.61964845170135
"Wdr74",0.0550977383259998,5.40621857104572,0.12904584561376,0.900091710748284,0.981356454336978,-5.62549410245784
"Fbxo5",-0.0655202486809054,5.98691849167676,-0.128884852896377,0.900215589792778,0.981356454336978,-5.77140930182501
"Aph1a",0.0386041068276187,6.14501201692302,0.128734517329579,0.900331271048982,0.981356454336978,-5.80439225046475
"Snn",-0.0361230218106373,6.67224384412866,-0.12848638724249,0.900522209328961,0.981356454336978,-5.90572955936867
"Insm1",0.141528622421433,6.0511740524267,0.128365768691409,0.900615028796416,0.981356454336978,-5.73369850613449
"Pafah1b1",-0.0327933612074577,8.3987759118688,-0.127892411516578,0.900979306199384,0.981356454336978,-5.99196420440205
"Vps29",-0.0486713468039486,6.7215459330189,-0.127639276484899,0.901174119164143,0.981356454336978,-5.90991119484422
"Ddx56",-0.0971114113297708,4.5087762315427,-0.127436141147446,0.901330457353618,0.981356454336978,-5.3436528258443
"Frat2",-0.0631959706219337,5.654794416389,-0.127107678035668,0.901583260498804,0.981356454336978,-5.65331251283869
"Lrp3",0.04455719138916,5.6184681745577,0.12682417631622,0.901801468292797,0.981356454336978,-5.67891474547631
"Dfna5",0.0431490268328712,5.57008050801953,0.126718914479964,0.901882489247316,0.981356454336978,-5.6795843034408
"Atrx",-0.0332309125281186,8.39594329451296,-0.126574445173546,0.901993690480662,0.981356454336978,-5.99201250874202
"Slc44a1",0.0415083867813391,6.083564737397,0.126260181768021,0.902235593769945,0.981356454336978,-5.79357971343635
"Esf1",-0.0469195137477768,6.29868556247534,-0.126235470555759,0.902254615600286,0.981356454336978,-5.84106028380861
"Phactr1",-0.0360804127677354,6.4039237034366,-0.1261648058482,0.902309011192724,0.981356454336978,-5.8615475622399
"Fam193a",-0.0472878413076876,6.13281881895893,-0.126112325192862,0.902349409589278,0.981356454336978,-5.80593610510235
"Abcc5",-0.0382089871357982,6.71014744198196,-0.126097857597907,0.902360546461804,0.981356454336978,-5.91182495546117
"Ube2e2",-0.0480970129895233,6.77370959170243,-0.125939940999062,0.902482109042128,0.981356454336978,-5.91974524948645
"Usp47",0.0381035946065794,6.06714164495758,0.125894288423875,0.902517252425532,0.981356454336978,-5.78800557264378
"Foxn3",0.0491470716339731,6.31714345517683,0.125247903684224,0.903014863784793,0.981356454336978,-5.84033137811024
"Pex11b",-0.0499156750619774,5.1988976405647,-0.125218239535273,0.903037701437419,0.981356454336978,-5.57711200317609
"Wdr11",-0.0577913689076771,4.61532183497587,-0.124813175577532,0.903349558969961,0.981356454336978,-5.42492542637855
"Arf1",-0.033871781060138,8.4932507242511,-0.12480826043575,0.903353343230205,0.981356454336978,-5.99231642899421
"Gnl1",0.047800063364408,5.72671706484321,0.123750849127783,0.904167523671788,0.981356454336978,-5.6943563122774
"Tanc2",0.0342437526656824,6.47190733010371,0.123655769859138,0.904240738139013,0.981356454336978,-5.87369806029036
"Ankrd40",0.0503173983104175,5.61656947150892,0.123563506297833,0.904311785320653,0.981356454336978,-5.66293114795087
"Rab8b",0.0363360528598438,6.10113771929073,0.123556156368259,0.904317445142702,0.981356454336978,-5.79784406819393
"Cdk1",0.0742381062711603,6.90473469314436,0.123279310207424,0.904530634998504,0.981356454336978,-5.92894029582524
"Ermn",-0.104251486819003,4.37967094224669,-0.122888500200952,0.90483159825524,0.981356454336978,-5.36086749980195
"Fkbp8",0.0358771961641937,7.51577909010755,0.122677595810389,0.904994022628877,0.981356454336978,-5.97420228770851
"Jmy",0.0687381678826314,5.13185188267188,0.122353313806577,0.905243771882946,0.981356454336978,-5.56987970338972
"Crebbp",-0.0320463687143625,7.41500648887205,-0.122340647503697,0.905253527194316,0.981356454336978,-5.97103234054661
"Tmem251",0.0499142119905297,4.82964663460617,0.122030036411831,0.90549275834183,0.981356454336978,-5.4767984158825
"Rab8a",0.0456177084373042,5.50735405812702,0.121766536472327,0.905695712577962,0.981356454336978,-5.63643444391385
"Golgb1",-0.0418860394560516,6.74499824438149,-0.121766202372227,0.905695969914783,0.981356454336978,-5.91698740717394
"Ppp1r37",0.0386067955285581,6.02803182729865,0.121757001684426,0.905703056644993,0.981356454336978,-5.77602327554036
"Hdac8",-0.0513807171164003,4.89640295620346,-0.121636885414372,0.905795575707921,0.981356454336978,-5.50445503244748
"Mrfap1",0.0305342218872865,8.72717531229808,0.121610988367592,0.905815522997757,0.981356454336978,-5.99106795923966
"Tmem258",-0.0461341092588532,7.31982165260717,-0.121540999234953,0.905869432716994,0.981356454336978,-5.96547760787187
"Pfn2",-0.0626526857118784,9.25772584928162,-0.121477706422939,0.905918184975831,0.981356454336978,-5.96992071970075
"Ubxn6",-0.0352301019295017,6.68114528812205,-0.121463549289059,0.905929089782031,0.981356454336978,-5.90834246925326
"Palm",0.0430128593082572,6.13015371462887,0.12083274482405,0.906415000149284,0.981457638428504,-5.80596156600981
"Slc43a2",-0.0624535537178157,4.89977182635171,-0.120708504874233,0.906510707353223,0.981457638428504,-5.50039632674287
"Emp2",-0.126412054972298,4.37435847697282,-0.1201806120796,0.90691738283645,0.981457638428504,-5.25275279528067
"Pdcd11",-0.0548447279082767,5.11334666394042,-0.120103707544247,0.906976630564137,0.981457638428504,-5.52656641487168
"Acadsb",-0.0472273925620826,6.03205768661472,-0.120094547805978,0.906983687323284,0.981457638428504,-5.79087349155712
"Psmg3",0.0521153308922536,5.26580000980051,0.119868636685893,0.907157734354445,0.981457638428504,-5.58738397486776
"Arpc1a",0.0272560259893718,7.97964955198628,0.119267272476207,0.90762106432583,0.981457638428504,-5.98877766277733
"Suds3",0.0426749994465766,6.35877613028103,0.119231309751175,0.907648773507831,0.981457638428504,-5.85369978639865
"Pcdh20",-0.079184692974813,4.87927309092826,-0.119181204005657,0.907687380067941,0.981457638428504,-5.48879591809993
"Birc5",-0.0623264412617938,6.53645187690287,-0.119096715964879,0.907752478821422,0.981457638428504,-5.88323531229594
"Iws1",0.0405830009775691,5.86525680699492,0.119055480018514,0.907784251731847,0.981457638428504,-5.7515811779483
"Mga",0.0405245742640412,6.84046527691912,0.118606485130289,0.908130220136796,0.981552341222421,-5.92737153572995
"Tgif1",-0.09609141786775,4.79523815502826,-0.118275113550562,0.908385568190351,0.981552341222421,-5.40444815086494
"Zfp330",-0.0472984632872732,5.4081836793654,-0.118199595778933,0.908443762166784,0.981552341222421,-5.61980441254956
"Crls1",0.0495493845609052,5.52771554330867,0.118110337136503,0.90851254559621,0.981552341222421,-5.67537302583589
"Sbf2",0.04297020527458,6.14072189471698,0.117669109852174,0.908852570676064,0.981746616094292,-5.81145749156233
"Ankrd10",0.0319873764492358,6.4343848839009,0.117030644463093,0.909344628868016,0.982105020391823,-5.86927730610572
"Usp16",-0.0457983797019656,5.40716232136551,-0.116347232245022,0.909871372168877,0.982135801237886,-5.62238857101714
"Vegfb",-0.0400745608269932,5.99003639576842,-0.116035463347443,0.91011168498163,0.982135801237886,-5.7684465712216
"Mpc1",-0.0287747079332954,7.87954912766373,-0.115904213054698,0.910212856153712,0.982135801237886,-5.98740051069216
"Lbr",0.05562799381493,5.58056797347729,0.115841047105447,0.910261546733334,0.982135801237886,-5.64942991438592
"Phf23",-0.0544314384288021,5.9232369633783,-0.115734002739468,0.910344061270865,0.982135801237886,-5.76101958630461
"Gad2",-0.108518889886276,5.9402989416255,-0.11572623970011,0.910350045409387,0.982135801237886,-5.67971426656655
"Fbxo11",-0.0379850994886477,6.61657447713696,-0.115538170063472,0.910495020697198,0.982135801237886,-5.90033685604784
"Ncbp3",-0.0441353523811182,5.55541905481213,-0.115055421338802,0.910867168141895,0.982239335090305,-5.68381783549226
"Caml",-0.0437119633531213,6.1085255907078,-0.114959238667201,0.910941317393023,0.982239335090305,-5.80657366214753
"1110001J03Rik",0.0346490687033981,6.71033262325588,0.114729722678335,0.911118259776947,0.982239335090305,-5.91006005776187
"Bcap31",0.0400068723809638,6.6520779482649,0.114581995606547,0.911232150781394,0.982239335090305,-5.90302796545693
"Kdm1a",0.0591261888431869,6.97075884855074,0.113979151170989,0.911696939131104,0.982276187667543,-5.94142749457083
"Zfand3",-0.0453246622399165,5.60688338939121,-0.113705533938541,0.911907907554122,0.982276187667543,-5.67860227528217
"Tmem158",-0.0657166549091617,6.50624501410361,-0.113696160286813,0.911915135095125,0.982276187667543,-5.88289510742897
"Cdk9",0.0337443738505242,6.20106399526627,0.113682942693862,0.9119253265161,0.982276187667543,-5.82093030256963
"Ilkap",0.0349427824141329,6.61279735289615,0.113463673196965,0.91209439666567,0.982276187667543,-5.89758635381545
"Cep83",-0.0710846669435084,4.49142286734205,-0.113290278410624,0.912228097913836,0.982276187667543,-5.33867734252261
"Atp6v0b",0.0311365072266659,8.77510318896884,0.112866363986747,0.912554982071708,0.98238854493223,-5.99119482787263
"Tor2a",-0.042395145055234,5.2560162421876,-0.112739170270822,0.912653065649345,0.98238854493223,-5.60499920181292
"Tnrc6a",0.0282303788305278,7.10367472093528,0.112518942217697,0.912822894978695,0.982398788273524,-5.95209287963222
"Gm17750",0.0901510637193931,6.53054013695319,0.112296464656437,0.912994463750871,0.982410899712966,-5.86835947667257
"Arhgap5",0.0328739335965781,7.10632717440368,0.111744215914149,0.9134203637649,0.982696627308868,-5.95255562730603
"Slc48a1",-0.0412202518984826,5.76342384223135,-0.111195979870183,0.913843197921689,0.982752343637854,-5.73026148054772
"Pnpla8",-0.0472763926667752,6.41659458041977,-0.110851010559448,0.914109274610062,0.982752343637854,-5.8613416593509
"Tm2d1",0.0373187814561363,6.2438513940885,0.110392594303737,0.914462870960923,0.982752343637854,-5.83349615132089
"Grcc10",0.0387477986494452,7.09892990185513,0.110331150705082,0.914510266582109,0.982752343637854,-5.95048827275115
"Krr1",-0.0512576706437516,5.24122539478394,-0.110293171551301,0.914539562661025,0.982752343637854,-5.60082950018908
"2310011J03Rik",0.0459187040113434,4.96367242348535,0.110227593335887,0.914590148219859,0.982752343637854,-5.5247680042326
"Fip1l1",0.0288744104042527,7.06910935805284,0.110150619433023,0.914649524671785,0.982752343637854,-5.94949603539391
"Myeov2",0.0289040193823335,7.68396332221981,0.109768807398581,0.914944056670314,0.982752343637854,-5.98170581406995
"Rwdd4a",0.0492634391056227,4.84473511132112,0.108955326365915,0.915571626129426,0.982752343637854,-5.47723740792463
"Nsmf",0.0386719510602859,6.41888441346307,0.108952267480207,0.915573986059083,0.982752343637854,-5.86734524105218
"Atxn7l3b",0.0268369184524877,8.39255119021468,0.108934577903089,0.915587633581046,0.982752343637854,-5.99374003555601
"Cttnbp2",-0.0576516737038868,7.64775349277273,-0.108765820480021,0.915717831522015,0.982752343637854,-5.98279258541549
"Tpx2",0.0737261939884117,6.43902861668627,0.108764497486818,0.915718852234185,0.982752343637854,-5.86860349294259
"Lage3",0.0320327622145836,6.05535421615431,0.10859151828182,0.9158523100865,0.982752343637854,-5.79085207921025
"Cnot6",0.0325654084546677,6.87005732599834,0.108558591163236,0.915877714509756,0.982752343637854,-5.9305097056148
"Csde1",0.0325263708030931,8.0284473083465,0.108242421016299,0.916121655945266,0.982842000635957,-5.9914851846402
"Pfdn4",-0.0422954456152251,6.66543300825205,-0.10799774623444,0.916310441395578,0.982872463656941,-5.90827138399238
"Gria1",-0.0587382659364195,7.67332176005138,-0.107654653417636,0.916575173243048,0.982875928067746,-5.98335245796827
"Tial1",0.0324350664505724,7.26865329037887,0.107577828504627,0.916634453150648,0.982875928067746,-5.96444139048326
"Nsfl1c",-0.034246561298166,6.86416003774038,-0.107197327823161,0.91692806440296,0.982955834090989,-5.92966538360392
"Cntrob",0.0475634812010385,4.92791172939451,0.107065512710015,0.917029781902445,0.982955834090989,-5.50671531165962
"Zfp2",0.037808646887993,5.32039773782851,0.106726993826058,0.917291013355787,0.98306389119347,-5.6113512821147
"Hat1",0.0678963440654399,5.91944375010546,0.106141510549722,0.917742849271271,0.983376146237865,-5.71244038353104
"Metap1d",-0.0523329837452878,5.45934806400585,-0.105047842963353,0.918586950189847,0.983527378952108,-5.64878888719272
"Tmed9",-0.0296283944293524,7.6731700904544,-0.105034752576814,0.918597054101681,0.983527378952108,-5.98254343450583
"Elavl1",0.0271800768157216,6.81151292837682,0.104810832076644,0.918769891178853,0.983527378952108,-5.92471656562746
"Mrps11",0.0378975133335349,5.92242676457714,0.104598771639692,0.918933577992825,0.983527378952108,-5.76861867711433
"Btbd9",-0.0414974028747931,6.02891429579858,-0.104233796145943,0.919215307445532,0.983527378952108,-5.78301528734143
"Klf13",0.0359799623255515,7.74850543643318,0.103979665453242,0.919411481327637,0.983527378952108,-5.98367692867653
"Gramd1b",-0.0379345477759952,5.99431070400063,-0.103657798003416,0.919659952220597,0.983527378952108,-5.78337423802588
"Amigo1",0.0487782823537486,4.77040496126364,0.103576326899001,0.919722846641739,0.983527378952108,-5.46371638603045
"Arhgef1",-0.0407620535258296,5.70974581733339,-0.103328897956513,0.919913861524076,0.983527378952108,-5.71627452211115
"Phax",-0.0315566738063595,6.71373562026776,-0.103203839406043,0.920010408650824,0.983527378952108,-5.91440622828739
"Phldb1",0.0550998527885938,5.0245250628676,0.102907572563813,0.920239136717786,0.983527378952108,-5.54384574216889
"Trip11",-0.0396504302684981,5.92593991793093,-0.102904128141799,0.92024179597404,0.983527378952108,-5.7700457959205
"Fam171a2",0.0290435205340648,6.67950554639506,0.102892723788647,0.920250600680018,0.983527378952108,-5.90799758369287
"Ddrgk1",-0.0368716985976976,6.583003520875,-0.102881908928619,0.920258950279682,0.983527378952108,-5.89512264614975
"Prdx3",0.0381898653670056,5.73658071020411,0.102777157010454,0.920339824404125,0.983527378952108,-5.72179944464005
"Snrk",0.0543329739827735,5.41889422425923,0.102608312779571,0.920470183275792,0.983527378952108,-5.61084497186589
"Tmem128",0.0366526950155516,6.18564861337107,0.102424059011726,0.920612442178409,0.983527378952108,-5.82025597979403
"Exosc7",0.0315992997103189,5.70965358252416,0.101945811864233,0.920981701751455,0.983750369240529,-5.70567496714099
"Ctdnep1",0.036125065278324,6.14379595337829,0.100460731834522,0.922128474056339,0.984803640470068,-5.80937881947025
"Zfp422",-0.0350661095433666,6.22904180233439,-0.0997817268789537,0.922652861991564,0.985038468451219,-5.82736731333263
"Snapc1",-0.0413135877892067,5.09563953468261,-0.0997597375078999,0.922669844796018,0.985038468451219,-5.55471755575631
"Stk38",-0.0295191447543718,6.37477804648157,-0.0991345364659916,0.923152716532927,0.985214607604541,-5.85999716933833
"Sp3",-0.0344786008773522,6.71995015633198,-0.098484212836597,0.923655026768137,0.985214607604541,-5.91308641531948
"Rbm33",0.0342489962747956,6.01202713379797,0.0984242556010823,0.923701339558267,0.985214607604541,-5.78351495623992
"Eif2s3x",0.0347196823213881,6.08570421210802,0.0984047523270828,0.923716404544825,0.985214607604541,-5.79829860466746
"Mrpl38",0.0335673575463359,6.11763541394496,0.0981278411657685,0.923930303515404,0.985214607604541,-5.80680579633926
"Ctsc",-0.101329504160024,5.19515382950153,-0.0980740756287932,0.923971835246066,0.985214607604541,-5.51173976099544
"Nup133",0.0407744142660445,5.2924901345635,0.0980638894261027,0.923979703708275,0.985214607604541,-5.61485108572982
"Zc2hc1a",0.044306538698815,6.17311443772837,0.097880958540053,0.92412101248546,0.985214607604541,-5.80672239481531
"Snrpd1",0.0259891005125143,8.16101771873749,0.0973581704433894,0.924524866477846,0.985331966990001,-5.99419033001302
"Dvl1",0.0337164361131402,5.3495788555882,0.0970848114514283,0.924736045467233,0.985331966990001,-5.62612290210396
"Adam22",-0.0303719693629273,5.93305800573426,-0.0969160999450947,0.924866383862341,0.985331966990001,-5.76650318451958
"Chmp3",-0.0270215028717905,6.38178448468669,-0.0969059032119143,0.924874261443617,0.985331966990001,-5.86204219189492
"Pacsin2",-0.0494119003517555,5.43370008610972,-0.0965669495974677,0.925136128118149,0.985439630298629,-5.64187626712977
"Hspd1",0.025421661208588,7.71578590370274,0.0958955762926734,0.92565484151509,0.985820797498171,-5.98431638072949
"G2e3",0.0455206582973914,6.11008071926648,0.0950457340181884,0.926311495798496,0.986206878540634,-5.79417434132595
"Cpsf6",-0.0295627547786822,7.77191734322536,-0.0950098438873955,0.926339228603115,0.986206878540634,-5.98724292040621
"Zfp428",0.036528141011488,6.1493795067539,0.0947774463141243,0.926518807981848,0.986226724911024,-5.81081816444154
"Dexi",0.0411735582886773,5.34095252845653,0.0942427080376812,0.926932030150181,0.986374149405587,-5.62316674949716
"Cdc42se2",-0.0265351748580781,7.00550146751918,-0.0938356777114043,0.92724658070816,0.986374149405587,-5.9461059186641
"Itm2c",0.033758881977337,8.80031273616663,0.0935401263360819,0.927474989352238,0.986374149405587,-5.99282994414354
"Ndufb6",-0.0282086936580738,7.10067803360285,-0.0932805120000814,0.927675630826659,0.986374149405587,-5.95399309583913
"N4bp2",0.0377542427509634,5.33214737204199,0.093234431212596,0.927711244665923,0.986374149405587,-5.62137765291128
"1500009L16Rik",-0.0470542501735668,5.80332526986951,-0.0931538200983658,0.927773545902415,0.986374149405587,-5.73969490192991
"Zfp358",-0.0352463404341592,5.35455072616338,-0.0927704510351782,0.92806984422147,0.986374149405587,-5.60400489214201
"Prpf18",-0.0411496614535173,5.5263545467412,-0.0927240328039707,0.928105720741524,0.986374149405587,-5.68360572272718
"Tgoln1",0.0313873863027913,6.7537603120667,0.0925134625647945,0.928268472031882,0.986374149405587,-5.91920775281295
"Pddc1",0.0404544587731152,5.08369591873949,0.0922921451761277,0.928439533657556,0.986374149405587,-5.53037976386314
"Sacm1l",-0.0303286657411537,5.56855726186954,-0.0921454599391056,0.928552912399579,0.986374149405587,-5.67923409757985
"Sik3",-0.0361177281397024,5.70125411570523,-0.0920472036402389,0.928628859475327,0.986374149405587,-5.71641346024398
"Pdcd10",-0.0251225495606781,6.62036584040334,-0.0915722094593365,0.928996016309146,0.986374149405587,-5.90260354532067
"Tbrg1",-0.0437869773841966,5.99546378965798,-0.0914147930247353,0.92911769858969,0.986374149405587,-5.76474722994321
"Lmo4",0.0313305708749013,8.27155985171078,0.0909525528630712,0.929475019598969,0.986374149405587,-5.99578887914988
"Fat3",-0.043245925299506,6.34726690118199,-0.0909510810076245,0.929476157399663,0.986374149405587,-5.85474114551798
"Rtn1",-0.0232393464000964,10.6961529943946,-0.0908629661825666,0.929544273845126,0.986374149405587,-5.88701697712866
"Fmr1",-0.0341763899421676,6.33145631534363,-0.0906501414847886,0.929708798728506,0.986374149405587,-5.8531173735097
"Prkd3",-0.035831962491199,5.24483561719749,-0.0905033536750534,0.929822275611432,0.986374149405587,-5.59052138252825
"Glrx2",0.0246018691423832,6.96898057403099,0.090433155774938,0.929876543915809,0.986374149405587,-5.94274340611582
"Sfpq",-0.0236180728945264,8.78496063107981,-0.0899930315070546,0.930216802060696,0.986384095927894,-5.99336085150201
"Uqcrfs1",-0.0239132809991842,7.42328867864723,-0.0899341989413472,0.930262286392194,0.986384095927894,-5.97526609458968
"Dip2c",-0.0288414075058424,5.91016935441652,-0.0897964138903793,0.930368811106923,0.986384095927894,-5.76370918752273
"Snapc5",0.0452799283847304,5.33735457336607,0.0894051874638832,0.930671284984834,0.986534100395617,-5.61226999022931
"Eftud2",-0.0393033154807891,5.82202517687904,-0.0888984396880155,0.931063090767306,0.986778730581469,-5.74909804643473
"Mbd2",0.0296162888398807,5.86870492400314,0.0884267493620747,0.931427808500296,0.986832876547098,-5.74926388591812
"Msl1",0.0288308427311328,6.92386998914091,0.0882645453550207,0.93155323086507,0.986832876547098,-5.93764959972039
"Cdk5",-0.0334704836174854,5.97332414300365,-0.0875808010954498,0.932081949990745,0.986832876547098,-5.77834298510146
"Fus",-0.0203047356392753,8.79855885020172,-0.0870580780352138,0.932486179871691,0.986832876547098,-5.99332470604269
"Csnk2b",0.0221517398683055,7.12033297417533,0.0867109732442982,0.932754612674316,0.986832876547098,-5.95519094140619
"Gabpb1",-0.0345764038831194,5.3213881000125,-0.0865785531652833,0.932857021840085,0.986832876547098,-5.59081876348135
"Ago1",0.0360523637871119,6.10050573810962,0.0864347001322619,0.932968274335473,0.986832876547098,-5.80890508455973
"Amn1",0.0354074842717474,6.37163578906894,0.0863608442660523,0.933025393291445,0.986832876547098,-5.86098207575794
"Mrps15",-0.0310268988444434,6.32116836134383,-0.086078739069538,0.93324357268889,0.986832876547098,-5.85071763433307
"Erc1",-0.0633572447905805,4.95344378806642,-0.0859956832848052,0.933307808927557,0.986832876547098,-5.52524449382614
"Sos1",0.0277967513259096,6.0681715845026,0.0858474797918451,0.933422432367613,0.986832876547098,-5.79725381021122
"Wbp1",-0.0393841588743251,5.48056364353863,-0.0857792525285294,0.933475201192158,0.986832876547098,-5.64448932570628
"Dck",0.0329598481402847,6.25054219501896,0.0855975495344354,0.933615736906659,0.986832876547098,-5.82751715730937
"Zfp329",0.0287680802269279,6.10688129453647,0.0853147537774235,0.933834466260506,0.986832876547098,-5.80662545487858
"Hmox2",0.027477145151838,5.998109358547,0.0851322915559104,0.933975595398548,0.986832876547098,-5.77359131801621
"Ranbp6",0.0325081917253585,5.19812943168927,0.0850873107606596,0.934010387088108,0.986832876547098,-5.58881015026633
"Snx3",-0.0196705624550221,7.85060289060017,-0.0850303926678696,0.934054412235091,0.986832876547098,-5.98954775034012
"Fam50a",-0.0332006338063701,5.47193102356929,-0.0849637579306462,0.934105953336054,0.986832876547098,-5.63504031002906
"Tlk2",-0.0408543403999846,5.16556253002641,-0.0847764702546206,0.934250819642954,0.986832876547098,-5.55336740131196
"Rnf181",0.036883242593933,5.65068034953271,0.0845041199171397,0.93446148614016,0.986832876547098,-5.68763858450108
"Hprt",0.0396555549180506,6.86430752465295,0.0844088962293027,0.934535144158218,0.986832876547098,-5.93127072310091
"Hnrnpul1",0.0261340754976896,6.66500101568689,0.0838802189927262,0.934944101761909,0.986832876547098,-5.90634149234787
"Fam98b",0.032785537717907,5.97301780926738,0.0838531454232145,0.934965045028889,0.986832876547098,-5.7775926992448
"Tubgcp4",0.0426375098932806,4.92153800462549,0.0836456507047157,0.935125558203412,0.986832876547098,-5.48071204736282
"Eif2b2",-0.0312990455154916,5.24383899848932,-0.0830238294748318,0.93560660335179,0.986832876547098,-5.5812123381416
"Desi1",0.0381207886140749,5.57001227613102,0.0827716794583461,0.935801676176063,0.986832876547098,-5.67407516041534
"Mapk8ip1",0.023025058457609,6.72120929638484,0.0827337155762702,0.935831046867251,0.986832876547098,-5.9175634960079
"Rnps1",0.0265382745333768,6.71502969203254,0.0827270651441982,0.935836191972949,0.986832876547098,-5.91429836607963
"Cep120",-0.0377366399939178,4.95247423363387,-0.0826047542703026,0.935930818319588,0.986832876547098,-5.51577155091002
"March8",0.044819889490389,5.55115901708113,0.0825860611436612,0.935945280432724,0.986832876547098,-5.67399856079462
"Mta1",-0.0272638801563454,6.20932492661933,-0.0820765983653326,0.936339440602354,0.987078632721697,-5.82947323729552
"Dgkd",0.0270468004188881,5.48949112185032,0.0814564994275986,0.93681922216229,0.987402237069696,-5.65161939049676
"Stk11",0.0261465425911892,6.33088544342431,0.080734432319503,0.937377932119647,0.987402237069696,-5.85340059862613
"Nat9",0.0352293370155874,5.14455692506354,0.0806670730439495,0.937430054186324,0.987402237069696,-5.54366739280406
"Slc17a6",-0.0290115477663297,6.90117717536751,-0.0802550819407043,0.93774885641202,0.987402237069696,-5.93775965540765
"Ep300",0.022492011265005,6.55114829886056,0.0796966728049004,0.938180976785046,0.987402237069696,-5.8919860382404
"Ercc1",0.0358604803795509,5.2212135835485,0.0793279666769425,0.938466308711818,0.987402237069696,-5.55067892268425
"Ept1",-0.0313981757500969,5.39001772455054,-0.0789223302043775,0.938780230734019,0.987402237069696,-5.64982819755082
"H2afj",-0.0258948536778198,6.90628262342779,-0.0788876989124773,0.938807032403646,0.987402237069696,-5.93741313585776
"Arih1",-0.0224164052459584,6.24807363171401,-0.0787297891936628,0.938929242100915,0.987402237069696,-5.83441292404599
"Ifngr2",-0.0289452257831493,5.37130066506226,-0.0787235169992943,0.938934096320603,0.987402237069696,-5.63336032745736
"Dopey1",0.0293994813074663,6.13006072901414,0.0786230318488619,0.939011864839314,0.987402237069696,-5.81090537778937
"Fnbp1",-0.0402237286534657,5.82357433479609,-0.0783928559711083,0.939190007525853,0.987402237069696,-5.74167509536343
"Ckap2l",0.0274636957907858,5.668809833627,0.0782218145792699,0.939322385880447,0.987402237069696,-5.69331978295425
"Cd274",-0.0347384243135182,5.80441035079372,-0.078157108839003,0.93937246572872,0.987402237069696,-5.74424967891196
"1110038F14Rik",0.0302683753605975,5.2716262953674,0.0779934425980257,0.939499138593807,0.987402237069696,-5.61167593816928
"Dnpep",0.0363149269202399,5.47472685065462,0.0777978979037852,0.939650486793801,0.987402237069696,-5.64020425744075
"Ncbp2",-0.0292131098133519,6.08995535795218,-0.0774880904023749,0.939890277642468,0.987402237069696,-5.80129427774957
"Nedd8",0.0196580533894805,8.27854429009793,0.0774755744914765,0.93989996508532,0.987402237069696,-5.99664188432822
"Tango2",0.0407280748751005,5.51022279162173,0.0774622896633121,0.939910247689373,0.987402237069696,-5.63716560126536
"Pcnp",-0.0197804757057791,7.33685886372966,-0.0772588901945809,0.94006768259202,0.987402237069696,-5.97191397630653
"3110039M20Rik-1",-0.050641292664162,4.57061257691246,-0.077120248497539,0.940174995368023,0.987402237069696,-5.41918123906916
"Eif4g1",-0.0238573380420068,7.1037411876041,-0.0770992331733831,0.940191261961761,0.987402237069696,-5.95581896372525
"Synpr",-0.0600612885407184,6.19415242424923,-0.0766945732504986,0.940504488537352,0.987422797421349,-5.8198856352586
"Dctn3",0.0210799200633131,7.74442971099303,0.0766576038740616,0.940533105180877,0.987422797421349,-5.98663368465915
"Epm2aip1",0.0188792262793822,6.71526823415338,0.0763633619715576,0.940760870286009,0.987492739484868,-5.9157032862273
"Pmvk",0.034756061914577,5.56007860170405,0.0758813874173681,0.941133966657192,0.987703012382054,-5.64374693816648
"Btbd10",-0.0269997118456231,5.65749319865636,-0.0755154904729583,0.941417217480658,0.987703012382054,-5.70875483010845
"Tmem50a",0.023834411461494,7.51499683105599,0.0753048180432774,0.941580308701124,0.987703012382054,-5.97913837786577
"Phip",-0.0222144415666094,7.98759900071413,-0.0752717518292485,0.941605907039158,0.987703012382054,-5.99421875581524
"Guk1",-0.0196551143248663,6.5716597339514,-0.0750626520666843,0.941767784065624,0.987703744780788,-5.89615048759047
"Safb",0.0208168884229118,7.06091341273824,0.0746828316997335,0.942061833638535,0.987843072644925,-5.9517650537267
"Fam160a2",0.0281029522829464,5.25270085272763,0.0732697577987845,0.943155888850918,0.988821092708028,-5.60666566652484
"Ggnbp2",0.0185648515377236,7.10736172962464,0.0728917243621327,0.943448597998828,0.988958776691211,-5.95575327977506
"Cyb5b",-0.0242481448919924,5.72330110411036,-0.0722728188708533,0.943927832281598,0.989291902894071,-5.71073398794909
"Ccdc107",-0.0317894062558143,5.49027034608125,-0.0716943295788146,0.944375792747954,0.989592143973916,-5.64279107622642
"Arhgef4",-0.0334093613876552,5.05152677656046,-0.0712064742052158,0.944753585703005,0.989745235187941,-5.55410648891831
"Brsk2",0.0255309492200649,5.59543216151453,0.0710885435639592,0.944844912834441,0.989745235187941,-5.69684151254469
"Polr2c",0.0260376369008322,6.81220984544529,0.0708536281639799,0.945026837118923,0.989766613889038,-5.92837382804337
"Tmem29",0.0295568289292225,5.36739106593137,0.070311549444032,0.945446649043728,0.990037092505121,-5.60056669434967
"Purb",-0.01956883750336,8.51298522763604,-0.0698602619591701,0.945796161381464,0.990105382294857,-5.9977890928882
"Nek1",-0.0285149705578631,5.19854049356479,-0.0698101089361426,0.9458350045617,0.990105382294857,-5.59601484165732
"Dbnl",0.0212126228740386,5.87208779181126,0.0690749546273855,0.946404393881237,0.990212333182998,-5.75205822378658
"Limd2",-0.0273956593138354,6.41560776040535,-0.0689608800605393,0.946492749422521,0.990212333182998,-5.86561783949352
"Eif4a3",0.0216200293415359,6.67905427231685,0.0687438672222011,0.946660837101574,0.990212333182998,-5.91196927691892
"Hist1h2ae",-0.0659397210986313,5.56936957832511,-0.0686451042695614,0.946737335042175,0.990212333182998,-5.69441866785159
"Tmem147",0.0175764337790201,6.83606113927281,0.0685273201979305,0.946828566752638,0.990212333182998,-5.93151069547647
"Clic4",-0.0281573536708618,6.37337065557097,-0.0682559642430201,0.947038753350744,0.990212333182998,-5.85976791224512
"Sh2b1",0.0279561107347632,5.081243416086,0.0680992732147924,0.947160124880996,0.990212333182998,-5.55511528642578
"Mrps18c",-0.028396998090679,6.25615535076741,-0.0676272191130419,0.947525782609745,0.990212333182998,-5.83797458826847
"Gde1",0.0248270876272292,7.10740248030434,0.0675851840472278,0.947558344011658,0.990212333182998,-5.9556713902508
"mt-Nd4l",0.0204056933748979,8.62139304015913,0.0674860105025368,0.947635166698907,0.990212333182998,-5.99749147652159
"Elavl4",0.0228114888650567,8.3993797335809,0.0672352060354546,0.94782944961064,0.990212333182998,-5.99765761023192
"Arl5a",-0.0284770274091141,5.93259917225796,-0.0670972441561741,0.947936321805715,0.990212333182998,-5.76924854135116
"Ccl3",0.0857454901906329,7.32859345054249,0.0668904192558408,0.948096540805161,0.990212333182998,-5.96180505821011
"Scg2",-0.0354321710658697,5.98304019512295,-0.0666804557179093,0.948259193693804,0.990212333182998,-5.78546544767378
"Tomm5",-0.0227719186245186,6.32324470451417,-0.066528482562881,0.948376924626839,0.990212333182998,-5.85067796341015
"Sestd1",-0.027691069959947,5.43975308628669,-0.0663404600762495,0.948522584168439,0.990212333182998,-5.64985471608808
"Ppil2",0.0229952388805787,6.19020244765232,0.0660489663694003,0.948748406027821,0.99024103516672,-5.81880339480594
"Trabd",0.0287504012295037,5.18885967218582,0.0658878014873059,0.948873263462627,0.99024103516672,-5.58454510210453
"Rad51ap1",0.0268071429380352,5.29753912161577,0.0651614118925783,0.949436029184102,0.990659626569075,-5.58714931578476
"Park7",0.0179025124112827,8.25662040409142,0.0640925341760766,0.950264188972592,0.991201748733161,-5.99770213120311
"Asph",0.0210606636516145,6.13285775632296,0.0640000644473612,0.950335836910905,0.991201748733161,-5.81341883616141
"Nelfb",0.0258003316227237,5.58512304334675,0.0638091918632018,0.950483731412545,0.991201748733161,-5.68095915869436
"Wdr1",0.0189698307118823,6.6676918026021,0.063404867733125,0.950797021939184,0.991201748733161,-5.90965832910823
"Rsf1",-0.0185571006552324,7.29369764148322,-0.0633979557178193,0.950802377791329,0.991201748733161,-5.97083555763113
"Sri",-0.019562379498718,6.16495010709931,-0.0632382991207753,0.950926090209245,0.991201748733161,-5.81762961553468
"Prrc2b",0.0187363963131419,7.87177589840275,0.0626523671550695,0.951380120613637,0.99150635699326,-5.99200374466076
"Mrpl14",0.0183717889888244,6.5273366298676,0.0615733788101952,0.952216261631348,0.991732629685583,-5.88944053216851
"Mthfd2l",-0.0206713200004314,6.30936587902615,-0.0614092288447333,0.952343471873056,0.991732629685583,-5.84671815976618
"Srek1ip1",-0.0211152646887853,5.64461627813254,-0.0613211722173343,0.952411713136309,0.991732629685583,-5.68918452760839
"Ube2f",-0.020560794711894,5.58780327325627,-0.0611934140906509,0.952510722604624,0.991732629685583,-5.68550641065992
"Dvl2",-0.0282740670331002,4.94638958704566,-0.060961536292933,0.952690424497605,0.991732629685583,-5.52313807758036
"Ap3b1",-0.0194538447825845,5.86190722581823,-0.0608906162697366,0.952745387038154,0.991732629685583,-5.75158584447714
"Polr1c",0.0195253941451488,5.98270790906086,0.060804760950637,0.952811924684336,0.991732629685583,-5.77812589196497
"Chka",-0.0152395497901307,6.92875928377434,-0.0607015335298258,0.952891926173093,0.991732629685583,-5.94084522295224
"Ptcd2",-0.0253593107039691,5.26786823182607,-0.0602080275235015,0.953274402122662,0.991831624149151,-5.59453267496237
"Ppfia2",-0.0319946435306139,5.96849240900745,-0.0601611310178009,0.953310748407066,0.991831624149151,-5.78442787887531
"Sgce",-0.018322293094134,6.27293583942896,-0.0593044714510259,0.953974706739507,0.992286799084114,-5.8387580349701
"Slmap",-0.0247073147074549,5.24480379807236,-0.0590123195907609,0.954201149090965,0.992286799084114,-5.60491928280815
"Abi1",0.0181560241635396,6.33546452058601,0.0589699037676678,0.954234025294171,0.992286799084114,-5.85391579914258
"Fam208a",-0.0174698504785424,6.51978429869609,-0.0586938889299657,0.954447964657037,0.992340876725199,-5.88962975168217
"Sclt1",0.0257373536936607,5.75021766450346,0.0581481533971146,0.954870976072556,0.992576767244601,-5.72969421357974
"Rab11a",-0.0182880709534004,6.59975455108743,-0.0579832545879121,0.954998795638735,0.992576767244601,-5.90050366403206
"Kmt2e",-0.018964879039624,8.14920992155154,-0.0577235527574829,0.955200103507378,0.992582736238864,-5.99821615359033
"Ndufa9",0.0182214186967174,6.36220639056336,0.057557928838568,0.955328488631987,0.992582736238864,-5.859159272634
"Rc3h2",0.0229431236731014,6.83913807845925,0.0570644183001676,0.955711046547419,0.992787467777437,-5.93276346668396
"Tmub2",0.0180986596187055,5.55854773891521,0.0567451564027316,0.955958537326289,0.992787467777437,-5.68008197781533
"Ptdss2",0.020187705933944,5.56924035657181,0.0560132724129249,0.956525910105385,0.992787467777437,-5.6772163164385
"Ddx39",0.0289857401855481,5.32243539228881,0.0555560141643422,0.956880399992329,0.992787467777437,-5.59207572644547
"Tsen34",0.0137693415121618,7.1266623580546,0.0553176606562975,0.957065187734994,0.992787467777437,-5.95897754674579
"Fryl",0.0204787045785149,5.59799742030247,0.0551456638709353,0.95719853294079,0.992787467777437,-5.68201391757363
"Mrpl4",-0.0301819138375972,5.44334769506685,-0.0550756846441999,0.957252786649077,0.992787467777437,-5.58747829908108
"Nenf",0.0161018293557485,7.26909352359416,0.0549296769668011,0.95736598467211,0.992787467777437,-5.96890728625846
"Vps35",-0.0150124866028139,6.97603891535045,-0.0548328842337279,0.957441027486349,0.992787467777437,-5.94564425564324
"Dner",0.0281267107254431,6.02082451192806,0.0547003220711676,0.95754380283654,0.992787467777437,-5.78862548803387
"Map4",-0.0173615891396503,7.35813284817992,-0.0546965232519324,0.957546748070568,0.992787467777437,-5.97523002243399
"Gtf3c2",-0.0166687126666671,5.89729582456504,-0.0546938348761194,0.95754883237545,0.992787467777437,-5.75500390446946
"Nudt4",-0.0360358496480963,7.04994390293837,-0.054587021632799,0.957631645240279,0.992787467777437,-5.9493626571892
"Lockd",-0.040861685914527,6.54245075645619,-0.0543192629212632,0.957839242315695,0.992834722075538,-5.89322671483067
"Mkrn1",0.0213514419095694,7.01777994974706,0.0529628047618443,0.958890974370396,0.993548028568535,-5.9501539947374
"Dynlt1c",0.0395831975722737,6.44700722418614,0.0528242003238226,0.958998446299172,0.993548028568535,-5.8631745767967
"Zfp511",-0.0210493221662276,5.18498137563201,-0.0526755624138155,0.959113699009616,0.993548028568535,-5.56977392737361
"Blcap",-0.0179668488552128,5.94833040721728,-0.0525952975462498,0.959175936196386,0.993548028568535,-5.76670254761086
"Huwe1",-0.0120764187800818,7.49083066315233,-0.0512185628367003,0.960243497957534,0.994485745391883,-5.98088868785434
"Aes",0.0134347431522658,8.65198831800554,0.0508506855959705,0.960528775319759,0.994521903488867,-5.99826336743812
"Trim2",0.0162191812744049,8.49141623744274,0.0505174919643013,0.960787161726296,0.994521903488867,-5.99880195485435
"Evl",0.0146894765065963,7.18922335815586,0.0503715170397305,0.960900364498226,0.994521903488867,-5.96268038401808
"Rpgrip1",-0.0251330220387501,5.23096592963394,-0.0500088272110317,0.961181632504423,0.994521903488867,-5.59523078719727
"Zfp426",0.0246487204054997,4.69603975612896,0.0497535063225407,0.961379638685389,0.994521903488867,-5.42975296815593
"Cdca8",0.0397066537964351,5.74037935521726,0.0494055604766212,0.961649481758425,0.994521903488867,-5.68866475791356
"Oxct1",-0.0114857949643872,7.48570946881796,-0.0490926340238254,0.961892170569373,0.994521903488867,-5.98086366166912
"Ltn1",0.0243528080102213,5.01311837484876,0.0490406087131203,0.961932518984281,0.994521903488867,-5.52902020248466
"Fam111a",-0.0329011094475524,5.17220600543656,-0.0489431243276871,0.962008123653455,0.994521903488867,-5.53013239445181
"Tmem126a",0.017649216978866,5.87382106792489,0.0486856695918939,0.962207796320917,0.994521903488867,-5.74330867592026
"Senp7",0.0160250118929869,6.54044954728825,0.0486052922911753,0.962270134643898,0.994521903488867,-5.89345436409179
"Stambp",0.0216635575887384,5.13138225523063,0.048458753821951,0.962383786360744,0.994521903488867,-5.55123646270216
"Cox6b1",-0.0171572129644006,8.68235124545436,-0.048252483323492,0.96254376631951,0.994521903488867,-5.99810433687064
"Arhgap33",0.0181825260637745,5.99811943300612,0.048220898633648,0.962568263034201,0.994521903488867,-5.78467011000318
"C130071C03Rik",0.0223824304124872,7.37272126249053,0.0479931771787751,0.962744882343496,0.994521903488867,-5.97400111044249
"Yipf4",-0.0157387827995454,6.79633595778912,-0.0475441763090917,0.963093130813981,0.994521903488867,-5.92773509227645
"Psmb7",0.0127786153510164,7.3149210674588,0.0475125904996959,0.963117629317702,0.994521903488867,-5.97226549542493
"Gpr22",-0.023493224473943,5.62242950323775,-0.0473916133818714,0.963211461653291,0.994521903488867,-5.69766210279645
"Per3",0.0173614480723654,5.73437528842621,0.0471975940308738,0.963361948288171,0.994521903488867,-5.72996658440686
"Pogk",0.0252273790004662,5.3092069389085,0.0468643404773469,0.963620432281695,0.994621190672431,-5.5973007205432
"Slc25a1",0.0235506468402904,5.24577293853934,0.0456238546799084,0.964582638800651,0.99536597001256,-5.59137204094372
"Mtus1",-0.0184570602078679,5.88377858404443,-0.0452127727822152,0.96490151572554,0.99536597001256,-5.73876551328863
"Acyp1",0.0162912367766979,5.60127965940404,0.0449225583000291,0.965126639549963,0.99536597001256,-5.68442040733587
"Efnb3",-0.0196281981968109,6.1745644629993,-0.0448567445393089,0.965177692746623,0.99536597001256,-5.8264314882573
"Ppp1r11",-0.010953586559814,7.14733076368305,-0.0447626488991893,0.96525068511564,0.99536597001256,-5.96085640379763
"Mycl",0.018245895438789,5.60659645716924,0.0446777120493107,0.965316573071907,0.99536597001256,-5.66891644678074
"Reep1",0.0163392278086073,5.75731736396929,0.0442802795568229,0.965624876554905,0.995516359947587,-5.71624085475621
"Calb1",0.0456781461501926,5.005603726594,0.0440476351558446,0.965805350448385,0.9955349348272,-5.52959848010205
"Rnf157",-0.0170451575600096,5.81167359095885,-0.0435386836197144,0.966200176732545,0.995774416921802,-5.74692147902082
"Pttg1ip",-0.0243497481121401,5.7900263419483,-0.0426887470488336,0.966859548493578,0.996286415531973,-5.73672654470348
"Cbx3",-0.013771965850706,8.83689384877006,-0.0421231800424973,0.96729832409138,0.99657097007935,-5.99531577696977
"Ctsb",0.0161718129081576,8.60446699759387,0.0416415171560174,0.96767201472026,0.996788385645613,-5.99907918698341
"Kpna2",0.0290588201838876,5.53345676007176,0.0413559395564648,0.96789357956984,0.996837741559314,-5.62640086839366
"Rap2a",0.0144061145736535,6.1446689622727,0.0410463780124382,0.968133755593007,0.996837741559314,-5.81204975990313
"Sart1",-0.0160982986228783,5.63548960974741,-0.0407988201459822,0.968325827957287,0.996837741559314,-5.68683367998857
"Clasp2",0.0157549475781747,6.47349330758031,0.0404753383474436,0.968576810551125,0.996837741559314,-5.88290753057654
"Cox7c",0.0133699767128952,9.53980684004918,0.0404576139484557,0.96859056263789,0.996837741559314,-5.96072627515134
"Rev1",-0.0186501748902807,5.1454532883513,-0.0403217921844265,0.968695945004197,0.996837741559314,-5.58212187701387
"Dnajc8",-0.0103346486793527,7.50439657555109,-0.040016555576022,0.968932776507969,0.996914045406453,-5.98143023910765
"Cog6",-0.0202215859696875,4.69617795524103,-0.0397090523686087,0.969171369895795,0.996992136095591,-5.45417882622536
"Cd83",-0.0197080339837724,7.18907771722259,-0.0391955172795712,0.969569831711522,0.99709633683846,-5.96278948682375
"Selt",0.0135297779429404,6.88682186496101,0.0388019913852748,0.969875182091715,0.99709633683846,-5.93799517718716
"Npdc1",0.0135826312185451,7.37331258452746,0.0387879380766244,0.969886086636827,0.99709633683846,-5.97666146737798
"Cstf2t",0.0121811314914578,5.79474275022113,0.0385242846811075,0.970090667461214,0.99709633683846,-5.73380299285702
"Nup35",0.0138583365249519,5.16056337299031,0.0383715230094542,0.970209203339487,0.99709633683846,-5.57647686827001
"Usp4",0.0137831559367857,5.74830393342483,0.0383203231361295,0.970248932207529,0.99709633683846,-5.7260644947426
"Rnf8",0.0187602095306499,4.77797878972383,0.0379421730832389,0.970542362818864,0.997123184715322,-5.4696350265365
"Cxadr",-0.014547619414878,5.5697489144689,-0.0371231953392707,0.971177875529766,0.997123184715322,-5.6941722876783
"Gpatch8",-0.0102817250737914,7.26137332360411,-0.0371142569698102,0.971184811670456,0.997123184715322,-5.96969731079856
"Ncbp1",-0.0131805008698927,5.51314290922697,-0.0368588218294122,0.971383029442821,0.997123184715322,-5.65611603835229
"Ccdc47",-0.0104892454407561,6.58471435745601,-0.0368400651889689,0.971397584685086,0.997123184715322,-5.90164679610202
"Bclaf1",0.00885059390931334,7.59319505111565,0.0368275525211317,0.971407294581086,0.997123184715322,-5.98501028487131
"Gramd1a",0.0104193020408634,6.31858303476969,0.0362023390054974,0.971892469834065,0.997123184715322,-5.85132719700893
"0610010F05Rik",-0.0156937934263773,5.6673960626636,-0.0361943923678277,0.971898636625242,0.997123184715322,-5.71540753748453
"Dync1i2",-0.0118763233715983,8.24595548288303,-0.0361175188340814,0.971958292526934,0.997123184715322,-5.99971441595764
"Mrpl16",-0.01604686895606,5.13418635900419,-0.035894346733301,0.972131481036643,0.997123184715322,-5.57565741466464
"Tpm4",-0.0148556804280818,6.3970831047641,-0.0356368870875628,0.972331279659913,0.997123184715322,-5.86286032485777
"Ebf3",-0.023837792043519,5.52872801035319,-0.035602077828425,0.972358293144909,0.997123184715322,-5.68693048567128
"Zbtb38",0.0145485509756617,6.3133767372223,0.0353995543884952,0.972515460795606,0.997123184715322,-5.85256646642489
"Atf7ip",-0.00991186339406333,6.89736088441342,-0.0351445447039276,0.972713361999432,0.997123184715322,-5.94000638037658
"Plk4",0.016404465132655,5.23941982180881,0.0350364829426348,0.97279722432061,0.997123184715322,-5.58363521947259
"Agfg2",0.0174788318916552,5.23218076426727,0.0349317392243756,0.972878511979913,0.997123184715322,-5.60665933336453
"Trp53i11",0.0159274109739768,6.35846074141983,0.0344414317179353,0.973259025557152,0.997264848501408,-5.85051618678173
"Dicer1",0.0123334615066771,5.82316060878478,0.0342211130452404,0.973430010877917,0.997264848501408,-5.74484554208379
"Ppp6c",-0.0100970975059758,6.00516601182025,-0.0340097237285497,0.973594067630827,0.997264848501408,-5.78200060259353
"Tbk1",-0.0111273341090671,5.61312530618926,-0.0336603455329931,0.973865218785182,0.997264848501408,-5.69762778810582
"Entpd6",-0.0139854284159731,5.0733309267621,-0.0334980001766262,0.973991215634138,0.997264848501408,-5.56007842964646
"Ralgds",-0.0130664095215479,5.90664125305534,-0.0334075045895851,0.974061449933536,0.997264848501408,-5.76528145974737
"Rnf149",0.00997056472103036,5.97255551247359,0.0326825583617252,0.974624094542482,0.997264848501408,-5.7725101609508
"Myl12b",-0.0108097867913337,7.88204851254823,-0.0326583758473043,0.974642863310105,0.997264848501408,-5.99289295198188
"Erp44",-0.0149098631122434,5.47225858825811,-0.0322945563689845,0.974925236387981,0.997264848501408,-5.62487448258269
"Susd6",-0.0161743806023831,5.04880584240756,-0.031890932741916,0.975238507164699,0.997264848501408,-5.55511028930305
"March7",-0.0095001058754162,6.95119846866264,-0.0318582184149193,0.975263898448247,0.997264848501408,-5.94510232602467
"Mdp1",-0.0116485455607008,5.47078399663352,-0.0318399084389396,0.975278109781733,0.997264848501408,-5.64965755837929
"Tshz1",0.018365224071588,6.70849793998804,0.0317686070063191,0.975333450653798,0.997264848501408,-5.91189098618995
"Brcc3",0.00990759356734441,5.70406889474127,0.0317404432764333,0.975355310075771,0.997264848501408,-5.71603488584262
"Ezh1",0.0136263186079255,5.41172887333293,0.0316083736281711,0.975457816892532,0.997264848501408,-5.64993897507722
"Edem1",0.0279143557169138,5.176667757385,0.0308060561961796,0.976080551514769,0.997462226483686,-5.53679697191612
"Chd1",0.00921369061064961,6.26222764306746,0.0305999822904444,0.976240502643982,0.997462226483686,-5.83861065593036
"Psmc3",-0.00756704842349422,7.13616196023779,-0.0304781916923488,0.976335035001332,0.997462226483686,-5.96074924057776
"Supt20",-0.00946465114810599,6.18051743806345,-0.0304514610107986,0.976355783078156,0.997462226483686,-5.82410043832243
"Xpr1",-0.00946061464926671,6.80810702306078,-0.0303110936144367,0.976464735097198,0.997462226483686,-5.93116199314252
"1110004E09Rik",-0.0137648977975872,5.28098878498133,-0.0299952823508823,0.976709867078248,0.997546344242584,-5.61972803378672
"Ppp4c",0.00961265203200977,6.24158373505204,0.0291416799151295,0.977372444140311,0.998012318718324,-5.8346725696473
"Clasp1",0.00963192984346058,6.86259958472949,0.0289843691531947,0.977494552762862,0.998012318718324,-5.93603520717144
"Ift22",0.0113462840745163,5.90215084818206,0.0287780660038228,0.977654691459873,0.998012318718324,-5.76815939726641
"Kif11",-0.0150098961493426,5.74356358908896,-0.0284066505495693,0.977942997935156,0.998036585856981,-5.72193679293605
"Apip",0.0153819531417197,4.75919812263579,0.0283278148757721,0.978004193549473,0.998036585856981,-5.46929583684569
"Efcab14",0.00913391872661968,5.8684741754205,0.027295239234101,0.978805736655393,0.998079056840659,-5.74712389906006
"Nfib",0.0142208219590032,10.436869532511,0.0269940802843297,0.979039517875526,0.998079056840659,-5.90516994886525
"Rnpepl1",-0.013647545334501,4.9778205730831,-0.0269592031663733,0.979066592137535,0.998079056840659,-5.52539649810514
"Stub1",-0.00706342846551657,7.77846358760509,-0.026782206128583,0.979203991085576,0.998079056840659,-5.99063637734542
"Nrip1",0.0103706296275779,6.34886762925993,0.0267539833387016,0.979225899889937,0.998079056840659,-5.85635138213667
"Rpn2",0.0114208512155977,7.12889346293784,0.0266842181328552,0.979280057344673,0.998079056840659,-5.95902006744056
"Luc7l",0.00684439457431675,6.90012531945044,0.0264826035934087,0.97943656765533,0.998079056840659,-5.94005902232477
"Kin",0.00963753066076712,5.5851618642521,0.0263458430302803,0.979542733334946,0.998079056840659,-5.66746326650048
"Srgap2",0.0149453284692192,6.68210744452811,0.0261758147080534,0.979674724990946,0.998079056840659,-5.90762024702169
"Cenpc1",-0.00836826092059946,6.04069514620141,-0.0258634869480803,0.979917184280318,0.998079056840659,-5.79223321116418
"Ccdc32",0.00901583204550181,6.03199824507119,0.0258324128581132,0.979941307140831,0.998079056840659,-5.79554540918373
"Kdm2a",-0.00619041914319381,6.84171702056679,-0.0257196898198533,0.980028814376704,0.998079056840659,-5.93427404379259
"Mea1",-0.0125401580163469,5.27390122240454,-0.0253657786401215,0.980303558518608,0.998079056840659,-5.55375864330065
"Mdh2",-0.00684582492081898,7.93174910529637,-0.0253368466421324,0.980326018786542,0.998079056840659,-5.99502535723971
"Snhg20",-0.00779277629894188,6.06452626446415,-0.025071272643209,0.980532188017004,0.99812313092495,-5.801056922171
"Dpm3",0.00883950669555661,6.57813200776437,0.0248472346867516,0.980706113354755,0.998134373465859,-5.89829693275451
"Tfg",0.00697862633414778,6.30592968589737,0.0244896431692172,0.980983721326464,0.998227441063291,-5.84792554583117
"Kansl2",0.00906478431570949,5.87824542047684,0.0243097888015401,0.981123348159955,0.998227441063291,-5.76120277448801
"Mad2l2",0.00945767143011658,5.52178867910484,0.0238573998311076,0.981474555507705,0.998324381646004,-5.6542921558176
"Ndnl2",0.00788799044622177,6.1416852170787,0.0236139687661376,0.981663542359929,0.998324381646004,-5.81507841923094
"Zc3h6",0.0109826476385531,5.49106492025153,0.0235575235930695,0.981707363544194,0.998324381646004,-5.67291041497518
"Dhx36",-0.00829251717363922,7.42684374643211,-0.0227475812029695,0.98233616898426,0.998777718176073,-5.98007384012962
"Rbm7",0.00735424451687886,5.96931089523985,0.0225634453599035,0.982479126169284,0.998777718176073,-5.77298800742702
"Trim44",0.00618010219516584,6.8636079787825,0.021866512627703,0.983020208390033,0.999162023057575,-5.93633440583134
"Fh1",-0.00858077590702544,5.33450168721043,-0.0216024486214728,0.983225223891804,0.999204671974954,-5.62419281188459
"Ndufa7",-0.00597625438467909,8.19407068968908,-0.0213634029211933,0.983410816658432,0.999227571627072,-5.99949400302894
"Rftn2",-0.0167555990316219,4.50853012182472,-0.0208754712438056,0.983789645335169,0.999356662383052,-5.34156864387257
"Exoc6b",-0.00720335790411369,5.90335349400302,-0.0201877641671024,0.984323586265773,0.999356662383052,-5.75551445094271
"Hacd3",-0.00680892123734694,5.83932376914584,-0.0201358916986255,0.984363860775962,0.999356662383052,-5.75230503045508
"Nae1",0.0058715737147654,6.56216803745239,0.0200526369996283,0.984428500986366,0.999356662383052,-5.89769586952727
"Ndfip1",0.00903641185092456,4.84622511871332,0.0198961647502569,0.984549988736079,0.999356662383052,-5.48300927672621
"Coa3",0.00505439900443552,7.11352158473777,0.0197217506731359,0.984685407323827,0.999356662383052,-5.9591405535086
"Eif3d",-0.00699394756034795,6.67844784957239,-0.0190128062107671,0.985235851290247,0.999356662383052,-5.91581850387031
"Polr2h",-0.00658468232503864,5.87251706962844,-0.0189783876988974,0.985262574980669,0.999356662383052,-5.75670049562364
"Llph",0.00643829874774606,6.49214885933143,0.0185217625344899,0.98561711593624,0.999356662383052,-5.88597901945945
"Uqcr11",0.00458890364388614,8.35158013579686,0.0183611524733963,0.985741820424003,0.999356662383052,-6.00004623566164
"Srp68",-0.00634440427022033,5.46670242616286,-0.0182291345255791,0.985844325083383,0.999356662383052,-5.64787954928994
"Zfp580",0.00642872835574988,5.56616717588742,0.0177252651557765,0.986235554370884,0.999356662383052,-5.69003305196416
"Cenpe",-0.0102912983964059,5.58090466805678,-0.0176391854180671,0.986302391359136,0.999356662383052,-5.68007817919279
"Atp13a3",-0.00556006373801494,6.16682121161882,-0.0174495503016381,0.986449634769497,0.999356662383052,-5.81896023114591
"Cep350",-0.00700408521869508,5.28363757867248,-0.0174084091917163,0.986481579121379,0.999356662383052,-5.62253886751362
"Ikbkap",0.00753549760833905,5.32367908285851,0.0170405811589972,0.986767183330947,0.999356662383052,-5.62114902953526
"Tceb2",0.00431663690391777,9.04296697895511,0.0168691149701636,0.98690032086083,0.999356662383052,-5.9885135084526
"Rfx3",0.00635728244081217,6.05518447457945,0.0160976817821739,0.987499317108675,0.999356662383052,-5.80345438442728
"Ccdc88a",-0.0060273329685884,8.84590732656391,-0.0159803515305715,0.987590421492511,0.999356662383052,-5.99552387155579
"Lrp11",-0.00592052476909009,6.23899828648036,-0.0158976876659543,0.987654608295975,0.999356662383052,-5.8392298280373
"Kif20b",0.00716016930836612,5.5381453326189,0.0155261866794459,0.987943072375841,0.999356662383052,-5.65713875656207
"Fndc3b",-0.00607083128816329,6.16711735400927,-0.015517403425968,0.98794989244249,0.999356662383052,-5.82343568688243
"Orc3",0.00623079230770507,5.105413664925,0.0154722613022449,0.987984944651317,0.999356662383052,-5.554051555769
"Scn3b",0.00407819222385737,6.63825586075253,0.0154579045628118,0.987996092458379,0.999356662383052,-5.90758426548949
"Pkd2",-0.00565613594443281,5.21879476036171,-0.0152627657344453,0.988147615295987,0.999356662383052,-5.60045176722103
"Tsr3",0.00544336599071274,5.48978807703418,0.0152612508449204,0.988148791590551,0.999356662383052,-5.65535752564635
"Psmb1",0.00331319162528242,8.13607249706061,0.0144198410771812,0.988802141320555,0.999356662383052,-5.99915714562804
"Agap1",0.00495674232399418,6.3435296423156,0.0143402527536148,0.988863941648012,0.999356662383052,-5.85951600315975
"Trim59",0.00822466255988094,5.8518798221757,0.0143269969612523,0.988874234777424,0.999356662383052,-5.73228687072059
"Mrpl35",-0.00649573710233661,5.55344814891267,-0.0140023434089039,0.989126329094962,0.999356662383052,-5.67824105555846
"2410004B18Rik",-0.004784711268424,5.99200532117087,-0.0137257558704837,0.989341101032389,0.999356662383052,-5.77854929957898
"Rhbdd2",0.00608605020799581,5.01780542156788,0.0136960273483694,0.989364185468132,0.999356662383052,-5.54689393328627
"Msantd2",0.00448366908590394,5.54231728063983,0.0134465415273973,0.989557913616512,0.999356662383052,-5.66551762822412
"Uba5",0.0046267800347951,5.89227073380466,0.0131785039947093,0.989766048150453,0.999356662383052,-5.75935132552037
"Aspm",0.00827395007712439,4.87480441499151,0.0130674946845382,0.989852248523292,0.999356662383052,-5.4793555316674
"Nup88",0.00432487419964817,5.69947075823946,0.0128691607506557,0.990006258103537,0.999356662383052,-5.71858937819466
"Txlna",0.00418817963972824,5.98767496692287,0.0123259819866639,0.990428047609063,0.999356662383052,-5.77633916263778
"Zmynd8",0.00340432729080942,6.87824712297058,0.0120275610059794,0.990659778992269,0.999356662383052,-5.93746078949978
"Tet3",0.00333123284467782,6.23878648362722,0.0119018606681093,0.990757388737537,0.999356662383052,-5.83514590741711
"Pdzd8",0.00495980568406506,5.69783580634725,0.0113369541389092,0.99119605605888,0.999356662383052,-5.72098023915605
"Mrpl20",-0.00378321246461909,6.99009196538312,-0.0110511402069388,0.991418000577322,0.999356662383052,-5.94887878111846
"Yipf1",-0.00403851266496821,5.3330414680618,-0.0108561673791193,0.991569404247022,0.999356662383052,-5.63204280539487
"Rbm17",-0.00438387485064832,6.0084486729895,-0.010433141084686,0.991897901148611,0.999356662383052,-5.78906194032607
"Ulk1",-0.0036086422748984,5.63341117827387,-0.010072159976398,0.992178218745374,0.999356662383052,-5.69378015441654
"Nol4",-0.00374035944101646,6.77673791035372,-0.00989228340614455,0.992317901182688,0.999356662383052,-5.92525640851342
"Snrpd2",0.00280008789751171,7.97372681914622,0.00942556028044117,0.992680334447487,0.999356662383052,-5.99637312042309
"Elp5",0.00319368655861823,6.00904004774484,0.00926686167211714,0.99280357206209,0.999356662383052,-5.77596433622812
"Cpox",0.00330750550480844,5.78140748877627,0.00903197567124025,0.99298597346503,0.999356662383052,-5.73520892740429
"Ccndbp1",0.00310288888830196,5.67568513217102,0.00879993008706062,0.993166169555383,0.999356662383052,-5.69578113702244
"Cenpa",0.00851503411978898,5.73180118237853,0.00875596841366326,0.993200308246015,0.999356662383052,-5.70630376335769
"Zdhhc20",0.00373178572720838,6.36900481438331,0.00847264909268255,0.993420321842462,0.999356662383052,-5.86308368557443
"Zmym2",0.00270198636879665,5.91129033742169,0.00846372788945902,0.99342724967471,0.999356662383052,-5.76423457602584
"Syne2",0.00366935536966094,6.23122553018933,0.00844844714678471,0.993439116059909,0.999356662383052,-5.82855010545094
"Chchd2",0.00240187609062483,10.0269824430735,0.00832795601825895,0.993532684486506,0.999356662383052,-5.9298933532628
"Unc50",0.00274830328367149,6.38079716612049,0.00810163678142913,0.993708434924821,0.999356662383052,-5.86664056954518
"Apc",0.00267228053153969,7.36688578648024,0.008084425330858,0.99372180066147,0.999356662383052,-5.97710595282718
"Cstf2",0.00273774630349952,5.86993517585278,0.00755413926647307,0.99413360098441,0.999356662383052,-5.75833235212923
"Dguok",-0.00237649014446153,5.89644933467278,-0.00750092395826152,0.994174926105394,0.999356662383052,-5.76155395221027
"Cd1d1",0.00480259068516489,5.18014729494896,0.00737051767687857,0.994276195075467,0.999356662383052,-5.51574179123246
"Pbk",0.00372967494560821,6.81883540612719,0.00716692214684039,0.994434300478492,0.999356662383052,-5.93142276452229
"Eif5b",-0.00173636317889066,7.62968676935667,-0.00703835561651718,0.994534141030003,0.999356662383052,-5.98656312346938
"Vamp7",0.00234871017261858,5.88462557007348,0.00703058770392432,0.994540173339425,0.999356662383052,-5.76504039440243
"Naa38",-0.00217402603134513,6.40247640476211,-0.0069460478874716,0.994605824247302,0.999356662383052,-5.86937022715654
"Sec62",-0.00200031441577462,8.34690463195389,-0.00687041904763198,0.994664555212995,0.999356662383052,-6.00011014031135
"Tmem261",0.00237320240733966,5.56146811473367,0.00630460301135887,0.99510395110375,0.999356662383052,-5.6806380493731
"Lrch2",0.0019555300931993,5.8158872812259,0.00624592290627782,0.995149520428686,0.999356662383052,-5.74216948536593
"Slc4a7",-0.00210154609337467,5.62599803918846,-0.00615957125962324,0.995216578730854,0.999356662383052,-5.69287912614864
"Mllt3",0.00189035351883367,6.65580150878752,0.00607467575650284,0.995282506270742,0.999356662383052,-5.91216806314185
"Dusp8",-0.00143018997623439,7.25573565797046,-0.0059376850097632,0.995388889639888,0.999356662383052,-5.96994856956118
"Zfp62",-0.00256905647855127,5.66539235499133,-0.00590965271948221,0.995410658782588,0.999356662383052,-5.71702459313543
"Plxna2",0.00219314840482955,6.79976231757769,0.00585048769912124,0.995456604801459,0.999356662383052,-5.92990183072503
"Nucb1",0.00257736965067833,5.6998533114733,0.00583593775761739,0.995467903911018,0.999356662383052,-5.70105816635777
"Dusp4",0.00455413119225894,4.32121490371911,0.0053904342477509,0.995813870956395,0.999356662383052,-5.3368136011774
"Dnajc9",0.00167064223187715,6.85937777199137,0.00538003892909063,0.995821943715942,0.999356662383052,-5.93508163061641
"Xrn2",0.00136638761623766,6.8362055067641,0.00535099432664621,0.995844499072529,0.999356662383052,-5.93361139530951
"Reep5",0.00138355756488668,7.70697905020322,0.004708157014298,0.996343712398695,0.999356662383052,-5.98885412845938
"Trappc10",-0.00190399553383344,5.69225307671228,-0.00461239957946702,0.996418075666547,0.999356662383052,-5.72048700509094
"Rhno1",0.00203037978092221,5.1909866725246,0.00455060135953049,0.996466066921172,0.999356662383052,-5.54693382050303
"Xpo7",0.00139704772562365,5.95914351344185,0.00443864984210956,0.996553006255823,0.999356662383052,-5.77660269501815
"Ubr3",0.00141143620668507,6.46123968264032,0.00428763497715327,0.996670281489355,0.999356662383052,-5.87782929861727
"Brox",-0.00159510916957987,5.47289777616592,-0.00368401782703225,0.997139039745288,0.999356662383052,-5.64735528916781
"Nap1l1",-0.000899286087790811,8.23166380781565,-0.00345790877359984,0.997314632289675,0.999356662383052,-5.99978000394758
"Ago3",-0.00106744783159771,5.99216799876593,-0.00342605630375796,0.997339368402433,0.999356662383052,-5.78493393275898
"Higd1a",-0.00101323477211355,6.84002616505879,-0.00313265510753746,0.997567219161798,0.999356662383052,-5.93374387315576
"Cep290",-0.000996109723709074,5.12314688954312,-0.0027661851372036,0.997851814306664,0.999356662383052,-5.56807339179898
"Tspyl2",-0.000784394954959384,5.61945698398659,-0.00251621208463542,0.998045939858666,0.999356662383052,-5.69401201186164
"Gpaa1",0.00100072392712904,5.70154442563905,0.00250572516507271,0.998054083855752,0.999356662383052,-5.71384428205316
"Prpf4b",0.000700325261977822,7.20445451469123,0.00233346276295086,0.998187860494445,0.999356662383052,-5.96688267527859
"Rbm5",0.00061447450383762,7.79490858337329,0.00229139432226855,0.998220530282566,0.999356662383052,-5.99158935241352
"Ppil4",0.000761686173839614,6.15924810329801,0.00211912298464671,0.998354313933944,0.999356662383052,-5.82374203644007
"Kif21a",0.000771137038062735,7.29513774015752,0.00208839097800805,0.998378180011267,0.999356662383052,-5.97301296862
"Sash1",-0.000735548899933046,4.98006991582799,-0.00151853409304341,0.998820723750122,0.999481640430033,-5.53473793829154
"Pdik1l",-0.000750622862075452,4.7226326309777,-0.00142037383808438,0.99889695382531,0.999481640430033,-5.45016274650189
"Copz1",0.000401425954176944,5.80295914430099,0.0012190695210162,0.999053284376427,0.999481640430033,-5.73336252384406
"Uchl3",-0.000436915623517928,6.22855343731788,-0.00108752689079964,0.999155438850258,0.999481640430033,-5.83780937854981
"Ppp2r2a",-0.000261660702891892,6.8721381397658,-0.00081908398399882,0.999363908531806,0.999527016726442,-5.93589440998832
"Sema4b",0.00029224847962746,4.9432794684751,0.00051942180468722,0.999596622801457,0.999596622801457,-5.48401597730834
